from,to,early,morning,am_peak,inter_peak,pm_peak,evening,late,night
940GZZLUBBN,940GZZLUALD,0.0,3.22,55.164,143.617,202.204,46.664,13.378,0.0
940GZZLUBBN,940GZZLUADE,0.0,0.196,13.798,53.626,43.873,17.205,5.464,0.0
940GZZLUBBN,940GZZLUAGL,0.0,0.0,0.666,5.828,5.045,0.80799997,0.694,0.0
940GZZLUBBN,940GZZLUBST,0.0,5.234,66.857,184.958,269.745,70.011,22.183,0.0
940GZZLUBBN,940GZZLUBNK,0.0,1.16,26.505,64.38,88.958,24.728,7.443,0.0
940GZZLUBBN,940GZZLUBSC,0.0,0.518,1.426,2.878,4.082,4.595,2.065,0.0
940GZZLUBBN,940GZZLUBWT,0.0,0.378,0.624,8.357,0.0,9.094,2.168,0.0
940GZZLUBBN,940GZZLUBLG,0.0,0.0,4.13,17.394,27.412,13.933,5.799,0.0
940GZZLUBBN,940GZZLUBKF,0.0,0.005,1.278,5.94,6.174,2.224,0.679,0.0
940GZZLUBBN,940GZZLUBND,0.0,0.09,4.584,19.336,11.011,1.095,0.378,0.0
940GZZLUBBN,940GZZLUBOR,0.0,0.136,3.034,8.696,6.712,2.114,0.886,0.0
940GZZLUBBN,940GZZLUCAR,0.0,0.084,3.323,9.749,11.241,8.728,2.308,0.0
940GZZLUBBN,940GZZLUCTN,0.0,0.0,4.928,16.738,19.655,6.553,2.517,0.0
940GZZLUBBN,940GZZLUCST,0.0,0.0,1.844,9.773,15.426,3.583,2.3669999,0.0
940GZZLUBBN,940GZZLUCHL,0.0,0.0,0.486,1.517,0.493,0.120000005,0.414,0.0
940GZZLUBBN,940GZZLUEMB,0.0,0.0050000004,2.6430001,23.378,22.856,5.508,4.346,0.0
940GZZLUBBN,940GZZLUCGN,0.0,0.148,2.583,26.389,23.889,4.907,1.615,0.0
940GZZLUBBN,940GZZLUECT,0.0,0.322,4.163,11.518,11.841,10.142,7.98,0.0
940GZZLUBBN,940GZZLUERC,0.0,0.874,19.144,45.863,72.514,23.605,9.353,0.0
940GZZLUBBN,940GZZLUEAC,0.0,0.056,2.429,13.628,14.886,8.146,5.527,0.0
940GZZLUBBN,940GZZLUEUS,0.0,0.19500001,1.329,9.886,17.705,4.114,0.758,0.0
940GZZLUBBN,940GZZLUESQ,0.0,7.8859997,107.371,304.113,418.042,80.536,23.483,0.0
940GZZLUBBN,940GZZLUFCN,0.0,2.759,64.108,150.136,268.865,85.847,30.497,0.0
940GZZLUBBN,940GZZLUFYR,0.0,0.751,14.326,32.598,83.538,39.435,11.886,0.0
940GZZLUBBN,940GZZLUFPK,0.0,0.482,5.834,21.455,62.764,36.744,16.539,0.0
940GZZLUBBN,940GZZLUFBY,0.0,0.582,1.487,5.541,15.014,4.199,2.419,0.0
940GZZLUBBN,940GZZLUGTR,0.0,0.271,1.427,11.061,12.764,7.55,5.597,0.0
940GZZLUBBN,940GZZLUGPS,0.0,1.725,78.299,117.664,84.25,24.622,6.911,0.0
940GZZLUBBN,940GZZLUGPK,0.0,1.401,18.276,42.798,23.986,5.692,0.937,0.0
940GZZLUBBN,940GZZLUHSD,0.0,0.033,0.87,3.473,5.409,3.8070002,0.923,0.0
940GZZLUBBN,940GZZLUHAI,0.0,0.0,2.715,8.021,10.563,8.223,3.513,0.0
940GZZLUBBN,940GZZLUHSK,0.0,0.747,13.949,28.661,19.311,9.9800005,3.582,0.0
940GZZLUBBN,940GZZLUHBN,0.0,0.0,3.292,16.523,6.4570003,2.009,0.511,0.0
940GZZLUBBN,940GZZLUHPK,0.0,0.0,0.26500002,1.581,0.616,0.312,0.33,0.0
940GZZLUBBN,940GZZLUHWY,0.0,0.0,3.133,6.501,19.667,9.814,3.912,0.0
940GZZLUBBN,940GZZLUHPC,0.0,0.0,1.524,5.528,3.365,0.407,0.2,0.0
940GZZLUBBN,940GZZLUKNG,0.0,0.0,0.425,2.265,3.99,3.91,2.277,0.0
940GZZLUBBN,940GZZLUKSH,0.0,0.015000001,0.052,1.164,2.246,1.43,0.505,0.0
940GZZLUBBN,940GZZLUKBN,0.0,0.0,4.817,11.285,30.81,19.464,9.877,0.0
940GZZLUBBN,940GZZLUKSX,0.0,7.994,69.133,396.596,569.03503,122.524,53.796,0.0
940GZZLUBBN,940GZZLUKNB,0.0,0.08,2.9490001,16.19,11.897,1.952,0.56,0.0
940GZZLUBBN,940GZZLULBN,0.0,0.0,0.35,1.913,1.596,0.388,0.377,0.0
940GZZLUBBN,940GZZLULGT,0.0,0.0,0.382,0.939,1.147,0.389,0.265,0.0
940GZZLUBBN,940GZZLULSQ,0.0,0.385,5.211,26.078,31.039999,7.052,2.36,0.0
940GZZLUBBN,940GZZLULVT,0.0,12.566,90.807,461.785,984.039,257.153,57.978,0.0
940GZZLUBBN,940GZZLULNB,0.0,1.71,8.338,53.179,61.881,24.346,15.977,0.0
940GZZLUBBN,940GZZLUMSH,0.0,0.002,0.86,4.382,1.165,0.983,0.409,0.0
940GZZLUBBN,940GZZLUMBA,0.0,0.0,0.90500003,4.468,2.986,0.602,0.443,0.0
940GZZLUBBN,940GZZLUMYB,0.0,0.88,3.392,12.681,19.992,5.645,1.916,0.0
940GZZLUBBN,940GZZLUMED,0.0,0.223,10.266,51.738,81.406,28.098999,10.244,0.0
940GZZLUBBN,940GZZLUMGT,0.0,2.348,14.495,52.147,103.215,20.09,5.71,0.0
940GZZLUBBN,940GZZLUNHG,0.0,0.143,2.371,9.186,7.347,4.694,3.044,0.0
940GZZLUBBN,940GZZLUODS,0.0,0.0,1.125,8.078,4.4900002,1.836,0.589,0.0
940GZZLUBBN,940GZZLUOVL,0.0,0.068,1.13,4.402,11.271,5.997,3.51,0.0
940GZZLUBBN,940GZZLUOXC,0.0,1.627,13.712,61.821,43.535,6.834,1.185,0.0
940GZZLUBBN,940GZZLUPAC,0.0,10.051,63.561,279.5,495.077,106.978,41.735,0.0
940GZZLUBBN,940GZZLUPCC,0.0,0.73,9.731,44.282,31.584,8.315001,2.687,0.0
940GZZLUBBN,940GZZLUQWY,0.0,0.0,0.134,0.99,0.766,0.342,0.853,0.0
940GZZLUBBN,940GZZLURYO,0.0,0.143,3.264,16.262,41.916,24.583,7.287,0.0
940GZZLUBBN,940GZZLURSQ,0.0,0.0,2.246,11.636,11.211,4.547,3.164,0.0
940GZZLUBBN,940GZZLUSJP,0.0,0.0,13.1779995,22.714,5.673,1.823,1.372,0.0
940GZZLUBBN,940GZZLUSJW,0.0,0.124,3.882,12.962,22.457,9.212,5.351,0.0
940GZZLUBBN,940GZZLUSPU,0.0,0.0,0.525,1.324,1.397,0.009,0.0,0.0
940GZZLUBBN,940GZZLUSBC,0.0,0.0,0.534,4.432,4.342,1.388,0.922,0.0
940GZZLUBBN,940GZZLUSSQ,0.0,0.718,4.753,23.026001,21.964,4.738,4.56,0.0
940GZZLUBBN,940GZZLUSKS,0.0,0.248,14.793,37.565,27.118,9.226,4.6,0.0
940GZZLUBBN,940GZZLUSKW,0.0,0.087,0.512,3.897,16.38,5.9,1.583,0.0
940GZZLUBBN,940GZZLUCHX,0.0,0.0,0.859,5.102,3.77,1.142,0.053999998,0.0
940GZZLUBBN,940GZZLUSWC,0.0,0.059,3.224,8.371,18.15,8.457,3.272,0.0
940GZZLUBBN,940GZZLUTMP,0.0,0.0,2.279,7.422,3.681,0.828,0.244,0.0
940GZZLUBBN,940GZZLUTCR,0.0,0.0,0.927,12.63,11.108,1.79,1.5320001,0.0
940GZZLUBBN,940GZZLUTWH,0.0,0.736,16.21,64.299,99.45,17.184,4.98,0.0
940GZZLUBBN,940GZZLUVIC,0.0,4.755,33.29,84.69,132.557,53.561,31.149,0.0
940GZZLUBBN,940GZZLUWRR,0.0,0.0,0.199,2.576,2.411,0.414,0.105000004,0.0
940GZZLUBBN,940GZZLUWKA,0.0,0.201,0.875,6.3259997,15.623,8.759,3.165,0.0
940GZZLUBBN,940GZZLUWLO,0.0,0.036000002,5.424,30.606,56.208,18.717001,10.662,0.0
940GZZLUBBN,940GZZLUWBN,0.0,0.022,1.07,2.783,5.172,4.173,1.248,0.0
940GZZLUBBN,940GZZLUWHP,0.0,0.0,2.264,13.18,27.314,16.903,7.697,0.0
940GZZLUBBN,940GZZLUWKN,0.0,0.667,0.111,3.345,0.0,3.593,1.001,0.0
940GZZLUBBN,940GZZLUWSM,0.0,0.296,7.838,24.893,7.952,1.672,1.07,0.0
940GZZLUBBN,940GZZLUWPL,0.0,0.781,66.5,136.552,102.891,53.061,20.525,0.0
940GZZLUBBN,940GZZLUWIG,0.0,0.1,1.0550001,14.95,38.759,20.667,10.024,0.0
940GZZLUBBN,940GZZLUERB,0.0,0.0,1.112,0.941,1.786,0.596,0.176,0.0
940GZZLUBBN,940GZZLUPCO,0.0,0.488,4.3389997,12.069,18.652,11.343,2.989,0.0
940GZZLUBBN,940GZZLUVXL,0.0,1.406,6.66,26.34,68.161,23.724,9.882,0.0
940GZZLUBBN,940GZZLUBXN,0.0,0.131,2.555,13.339,48.729,21.993,7.285,0.0
940GZZLUBBN,940GZZLUSWK,0.0,0.0,0.165,2.382,2.335,0.53000003,0.238,0.0
940GZZLUBBN,940GZZLUBMY,0.0,0.0,1.399,3.906,6.038,5.23,2.185,0.0
940GZZLUBBN,940GZZLUCWR,0.0,0.0,0.665,3.79,12.147,4.266,2.308,0.0
940GZZLUALD,940GZZLUBBN,0.0,12.592,221.97,130.086,72.541,20.683,4.454,0.0
940GZZLUALD,940GZZLUADE,0.0,0.0,0.65500003,0.569,1.242,0.43,0.0,0.0
940GZZLUALD,940GZZLUAGL,0.0,0.092,17.159,19.182,33.838,12.412,2.256,0.0
940GZZLUALD,940GZZLUBST,0.0,12.491,167.155,116.84,225.649,39.398,10.673,0.0
940GZZLUALD,940GZZLUBNK,0.0,0.415,5.981,29.227,28.971,8.009,1.244,0.0
940GZZLUALD,940GZZLUBSC,0.0,0.0,0.468,0.493,0.764,0.696,0.0,0.0
940GZZLUALD,940GZZLUBWT,0.0,0.002,1.313,3.121,6.89,2.591,1.339,0.0
940GZZLUALD,940GZZLUBLG,0.0,0.0,0.611,5.741,7.335,3.099,1.157,0.0
940GZZLUALD,940GZZLUBKF,0.0,2.162,11.281,38.987,68.228,6.192,1.538,0.0
940GZZLUALD,940GZZLUBND,0.0,0.664,13.169,31.528,28.91,4.732,0.117,0.0
940GZZLUALD,940GZZLUBOR,0.0,0.16,1.088,4.377,2.543,0.657,0.007,0.0
940GZZLUALD,940GZZLUCAR,0.0,1.4779999,10.316,5.652,27.341,7.472,2.3730001,0.0
940GZZLUALD,940GZZLUCTN,0.0,0.0,8.431,25.307,27.286,8.566,2.29,0.0
940GZZLUALD,940GZZLUCST,0.0,0.304,4.741,24.528,66.655,9.302,1.2770001,0.0
940GZZLUALD,940GZZLUCHL,0.0,1.609,5.668,19.175,12.833,1.65,0.252,0.0
940GZZLUALD,940GZZLUEMB,0.0,1.511,14.669,50.117,62.045,12.774,1.747,0.0
940GZZLUALD,940GZZLUCGN,0.0,0.0,2.659,12.035,10.413,2.835,0.136,0.0
940GZZLUALD,940GZZLUECT,0.0,0.144,2.417,2.431,5.05,2.155,1.171,0.0
940GZZLUALD,940GZZLUERC,0.0,3.039,24.989,20.985,28.948,7.404,5.72,0.0
940GZZLUALD,940GZZLUEAC,0.0,0.0,1.376,8.86,13.076,2.448,0.51600003,0.0
940GZZLUALD,940GZZLUEUS,0.0,0.54,4.06,20.407999,43.671,5.294,0.669,0.0
940GZZLUALD,940GZZLUESQ,0.0,39.977,353.046,295.1,510.052,72.438,14.361,0.0
940GZZLUALD,940GZZLUFCN,0.0,26.259,677.834,302.537,446.885,87.991,21.125,0.0
940GZZLUALD,940GZZLUFYR,0.0,1.725,30.532,35.92,119.844,32.675,8.654,0.0
940GZZLUALD,940GZZLUFPK,0.0,0.293,8.693,19.873,66.194,29.342,7.686,0.0
940GZZLUALD,940GZZLUFBY,0.0,0.0,0.85,1.543,1.913,0.809,0.32,0.0
940GZZLUALD,940GZZLUGTR,0.0,0.0,0.986,7.22,14.235,5.17,1.231,0.0
940GZZLUALD,940GZZLUGDG,0.0,0.0,0.483,1.378,2.3730001,0.13700001,0.004,0.0
940GZZLUALD,940GZZLUGPS,0.0,12.902,228.341,85.258,81.677,19.944,2.652,0.0
940GZZLUALD,940GZZLUGPK,0.0,1.0879999,3.875,18.782,11.518,2.975,1.508,0.0
940GZZLUALD,940GZZLUHSD,0.0,0.0,0.69200003,1.882,4.821,1.619,0.223,0.0
940GZZLUALD,940GZZLUHAI,0.0,0.102,1.666,1.962,1.91,3.975,1.191,0.0
940GZZLUALD,940GZZLUHSK,0.0,3.815,18.329,26.654,27.445,9.329,2.006,0.0
940GZZLUALD,940GZZLUHBN,0.0,1.052,19.061,30.612,28.806,5.452,1.737,0.0
940GZZLUALD,940GZZLUHPK,0.0,0.0,3.979,2.065,1.92,0.233,0.316,0.0
940GZZLUALD,940GZZLUHWY,0.0,3.296,8.345,17.116,33.829,11.86,3.015,0.0
940GZZLUALD,940GZZLUHPC,0.0,0.0,1.216,3.53,0.834,0.633,0.158,0.0
940GZZLUALD,940GZZLUKNG,0.0,0.0,0.296,1.322,3.346,1.576,0.91899997,0.0
940GZZLUALD,940GZZLUKSH,0.0,0.07,1.5,3.8,11.423,4.8,0.642,0.0
940GZZLUALD,940GZZLUKBN,0.0,0.28300002,1.751,12.824,52.392,16.617,8.066,0.0
940GZZLUALD,940GZZLUKSX,0.0,56.61,351.993,371.664,809.25,117.308,29.522,0.0
940GZZLUALD,940GZZLUKNB,0.0,0.186,1.6159999,6.962,5.591,1.142,0.004,0.0
940GZZLUALD,940GZZLULBN,0.0,0.0,0.43,2.188,2.4689999,0.522,0.46,0.0
940GZZLUALD,940GZZLULGT,0.0,0.0,0.567,3.075,6.138,1.617,0.224,0.0
940GZZLUALD,940GZZLULSQ,0.0,0.0,1.177,12.505,14.044,3.649,0.321,0.0
940GZZLUALD,940GZZLULVT,0.0,12.05,67.071,143.01,326.915,80.136,28.75,0.0
940GZZLUALD,940GZZLULNB,0.0,0.8,2.266,16.007,16.729,5.167,4.415,0.0
940GZZLUALD,940GZZLUMSH,0.0,0.124,5.953,14.208,4.335,1.066,0.628,0.0
940GZZLUALD,940GZZLUMBA,0.0,0.43,5.332,15.37,11.333,3.2749999,1.167,0.0
940GZZLUALD,940GZZLUMYB,0.0,0.48299998,3.267,10.826,27.369,4.3,1.137,0.0
940GZZLUALD,940GZZLUMED,0.0,0.0,0.303,1.294,1.328,1.24,0.283,0.0
940GZZLUALD,940GZZLUMGT,0.0,8.617,112.113,125.427,269.937,64.056,17.279,0.0
940GZZLUALD,940GZZLUMTC,0.0,0.0,0.972,2.139,2.292,0.369,0.126,0.0
940GZZLUALD,940GZZLUNHG,0.0,1.217,7.695,12.5,16.992,5.412,0.913,0.0
940GZZLUALD,940GZZLUODS,0.0,0.0,8.801,12.955,9.926,2.744,1.067,0.0
940GZZLUALD,940GZZLUOVL,0.0,0.0,1.468,3.606,5.06,3.713,1.237,0.0
940GZZLUALD,940GZZLUOXC,0.0,1.087,15.331,68.106,61.918,9.656,0.559,0.0
940GZZLUALD,940GZZLUPAC,0.0,18.018,73.585,146.263,263.861,42.797,13.561,0.0
940GZZLUALD,940GZZLUPCC,0.0,0.0,4.766,24.37,28.0,5.966,0.944,0.0
940GZZLUALD,940GZZLUQWY,0.0,0.0,0.93,5.333,6.7,2.055,0.033,0.0
940GZZLUALD,940GZZLURYO,0.0,1.275,3.11,6.974,18.31,7.813,2.31,0.0
940GZZLUALD,940GZZLURSQ,0.0,0.289,7.42,8.486,14.951,3.162,0.566,0.0
940GZZLUALD,940GZZLUSJP,0.0,1.372,15.505,26.538,18.026001,4.664,0.763,0.0
940GZZLUALD,940GZZLUSJW,0.0,0.098000005,1.644,6.998,24.414,7.707,1.25,0.0
940GZZLUALD,940GZZLUSPU,0.0,0.0,4.127,8.732,3.609,0.004,0.114,0.0
940GZZLUALD,940GZZLUSBC,0.0,0.399,2.092,9.725,18.523,5.226,0.565,0.0
940GZZLUALD,940GZZLUSSQ,0.0,0.245,6.857,19.872,33.178,4.973,1.619,0.0
940GZZLUALD,940GZZLUSKS,0.0,0.83100003,10.505,29.68,29.379,6.617,1.488,0.0
940GZZLUALD,940GZZLUSKW,0.0,0.13599999,0.85,6.046,9.606,4.27,0.49600002,0.0
940GZZLUALD,940GZZLUCHX,0.0,0.0,0.708,3.247,1.482,1.022,0.0,0.0
940GZZLUALD,940GZZLUSWC,0.0,0.491,2.073,4.9700003,16.662,7.1480002,1.145,0.0
940GZZLUALD,940GZZLUTMP,0.0,0.26,8.565,20.93,18.48,1.799,0.268,0.0
940GZZLUALD,940GZZLUTCR,0.0,0.643,14.334,46.333,49.419,17.523,0.987,0.0
940GZZLUALD,940GZZLUTWH,0.0,0.248,4.5020003,14.011,8.1380005,4.375,0.741,0.0
940GZZLUALD,940GZZLUVIC,0.0,2.804,5.165,30.565,53.02,15.352,2.628,0.0
940GZZLUALD,940GZZLUWRR,0.0,0.18200001,0.635,1.476,1.312,0.01,0.058000002,0.0
940GZZLUALD,940GZZLUWKA,0.0,0.0,2.757,3.448,13.1710005,4.3650002,1.221,0.0
940GZZLUALD,940GZZLUWLO,0.0,0.226,3.889,26.083,58.332,20.772,6.801,0.0
940GZZLUALD,940GZZLUWBN,0.0,0.0,0.351,1.27,0.469,0.797,0.133,0.0
940GZZLUALD,940GZZLUWHP,0.0,0.0,9.187,11.024,62.174,18.831,6.962,0.0
940GZZLUALD,940GZZLUWKN,0.0,0.077,0.614,1.323,0.923,0.862,0.23,0.0
940GZZLUALD,940GZZLUWSM,0.0,0.138,14.951,35.72,20.486,3.769,0.712,0.0
940GZZLUALD,940GZZLUWPL,0.0,0.423,2.3240001,8.125,10.595,4.166,1.345,0.0
940GZZLUALD,940GZZLUWIG,0.0,0.36900002,5.943,12.234,68.025,22.121,6.0,0.0
940GZZLUALD,940GZZLUERB,0.0,0.0,1.488,1.032,5.211,0.529,0.39000002,0.0
940GZZLUALD,940GZZLUPCO,0.0,0.0,0.756,2.977,3.188,2.107,0.694,0.0
940GZZLUALD,940GZZLUVXL,0.0,0.439,3.766,8.981,12.6,4.363,0.838,0.0
940GZZLUALD,940GZZLUBXN,0.0,0.396,2.664,9.108,24.897,11.19,4.065,0.0
940GZZLUALD,940GZZLUSWK,0.0,0.0,0.668,1.91,2.126,0.154,0.0,0.0
940GZZLUALD,940GZZLUBMY,0.0,0.0,0.0,0.401,0.3,1.269,0.214,0.0
940GZZLUALD,940GZZLUCWR,0.0,0.254,0.0,1.466,0.549,0.345,0.189,0.0
940GZZLUADE,940GZZLUBBN,0.0,2.3,45.996,72.188,32.174,9.984,3.372,0.0
940GZZLUADE,940GZZLUALD,0.0,0.0,0.995,3.524,3.443,1.717,0.656,0.0
940GZZLUADE,940GZZLUAGL,0.0,0.062,20.399,31.353,29.273,13.04,1.896,0.0
940GZZLUADE,940GZZLUBST,0.0,8.328,45.255,98.421,61.597,20.681,7.064,0.0
940GZZLUADE,940GZZLUBNK,0.0,5.72,95.416,195.296,308.508,71.474,20.077,0.0
940GZZLUADE,940GZZLUBSC,0.0,0.503,7.114,7.2730002,15.366,8.772,3.143,0.0
940GZZLUADE,940GZZLUBWT,0.0,0.278,0.0,5.709,0.0,4.3980002,1.196,0.0
940GZZLUADE,940GZZLUBLG,0.0,0.111,0.09,6.18,5.942,2.941,0.984,0.0
940GZZLUADE,940GZZLUBKF,0.0,10.658,165.092,187.684,318.337,92.167,16.421,0.0
940GZZLUADE,940GZZLUBND,0.0,7.38,39.309002,78.731,40.596,8.967,3.197,0.0
940GZZLUADE,940GZZLUBOR,0.0,0.149,7.91,16.882,8.06,5.402,2.087,0.0
940GZZLUADE,940GZZLUCAR,0.0,0.234,3.064,5.457,12.712,4.437,1.9810001,0.0
940GZZLUADE,940GZZLUCTN,0.0,0.475,16.572,54.441,35.225,13.763,4.751,0.0
940GZZLUADE,940GZZLUCST,0.0,5.896,85.396,105.474,364.203,83.325,13.7699995,0.0
940GZZLUADE,940GZZLUCHL,0.0,0.608,9.651,25.044,12.368,1.76,0.206,0.0
940GZZLUADE,940GZZLUEMB,0.0,4.656,131.288,237.427,288.13998,76.832,11.807,0.0
940GZZLUADE,940GZZLUCGN,0.0,0.0,3.49,21.186,9.111,3.373,0.213,0.0
940GZZLUADE,940GZZLUECT,0.0,2.067,21.581,44.532,67.696,50.676,16.44,0.0
940GZZLUADE,940GZZLUERC,0.0,3.133,19.067,32.141,29.483,14.619,7.219,0.0
940GZZLUADE,940GZZLUEAC,0.0,0.176,18.568,40.26,27.102,14.012,3.793,0.0
940GZZLUADE,940GZZLUEUS,0.0,1.365,13.905,27.214,42.216,15.462,1.291,0.0
940GZZLUADE,940GZZLUESQ,0.0,7.606,105.81,192.338,130.715,33.704,8.747,0.0
940GZZLUADE,940GZZLUFCN,0.0,11.3949995,140.50099,136.881,138.625,48.924,14.963,0.0
940GZZLUADE,940GZZLUFYR,0.0,0.176,1.137,2.109,2.839,1.621,1.164,0.0
940GZZLUADE,940GZZLUFPK,0.0,0.382,2.274,15.2890005,25.973,14.9939995,8.429,0.0
940GZZLUADE,940GZZLUFBY,0.0,1.088,9.13,20.859,51.068,22.301,4.813,0.0
940GZZLUADE,940GZZLUGTR,0.0,0.989,20.828001,40.298,55.819,24.333,6.15,0.0
940GZZLUADE,940GZZLUGDG,0.0,0.518,13.65,11.1,9.549,1.949,0.532,0.0
940GZZLUADE,940GZZLUGPS,0.0,2.968,30.098999,54.318,29.833,9.792,3.283,0.0
940GZZLUADE,940GZZLUGPK,0.0,5.231,46.348,55.785,35.374,9.419,1.193,0.0
940GZZLUADE,940GZZLUHSD,0.0,1.448,32.745,30.292,66.351,21.15,4.985,0.0
940GZZLUADE,940GZZLUHAI,0.0,0.139,0.23900001,1.798,0.321,1.449,0.222,0.0
940GZZLUADE,940GZZLUHSK,0.0,2.099,10.083,15.443,8.378,6.153,0.976,0.0
940GZZLUADE,940GZZLUHBN,0.0,1.556,50.778,62.159,31.633,6.31,1.579,0.0
940GZZLUADE,940GZZLUHPK,0.0,0.062000003,1.267,2.532,2.246,1.424,0.513,0.0
940GZZLUADE,940GZZLUHWY,0.0,0.0,3.6759999,15.61,10.274,6.743,2.014,0.0
940GZZLUADE,940GZZLUHPC,0.0,1.029,2.3240001,8.71,5.107,1.298,0.336,0.0
940GZZLUADE,940GZZLUKNG,0.0,0.0,2.781,5.952,13.706,8.6710005,3.932,0.0
940GZZLUADE,940GZZLUKOY,0.0,0.0,0.0,0.0,0.0,0.146,0.0,0.0
940GZZLUADE,940GZZLUKSH,0.0,0.111,2.354,5.035,8.321,5.909,1.8690001,0.0
940GZZLUADE,940GZZLUKBN,0.0,0.0,1.799,7.682,7.452,6.643,2.047,0.0
940GZZLUADE,940GZZLUKSX,0.0,24.6,111.194,262.61,238.609,74.183,26.243,0.0
940GZZLUADE,940GZZLUKNB,0.0,0.34,12.814,33.785,22.966,4.343,0.856,0.0
940GZZLUADE,940GZZLULBN,0.0,0.099,4.3980002,8.464,9.5789995,3.387,1.582,0.0
940GZZLUADE,940GZZLULGT,0.0,0.0,2.326,4.242,4.483,1.983,0.327,0.0
940GZZLUADE,940GZZLULSQ,0.0,0.615,17.266,80.576,69.626,29.179,5.363,0.0
940GZZLUADE,940GZZLULVT,0.0,11.232,47.524,151.949,197.44499,76.405,22.73,0.0
940GZZLUADE,940GZZLULNB,0.0,0.685,25.098,67.899,65.918,27.314001,8.679,0.0
940GZZLUADE,940GZZLUMSH,0.0,4.232,80.347,56.854,28.155,7.03,1.381,0.0
940GZZLUADE,940GZZLUMBA,0.0,1.039,7.033,19.79,19.568,4.443,1.577,0.0
940GZZLUADE,940GZZLUMYB,0.0,2.486,7.75,14.253,15.518,5.375,1.607,0.0
940GZZLUADE,940GZZLUMED,0.0,0.551,22.994,90.056,152.714,66.655,25.165,0.0
940GZZLUADE,940GZZLUMGT,0.0,5.512,65.770996,68.526,81.973,24.003,11.24,0.0
940GZZLUADE,940GZZLUMTC,0.0,0.0,2.049,3.238,1.796,0.983,0.525,0.0
940GZZLUADE,940GZZLUNHG,0.0,1.798,0.0,22.788,0.0,8.984,0.816,0.0
940GZZLUADE,940GZZLUODS,0.0,0.056,7.683,18.526,15.161,7.977,1.95,0.0
940GZZLUADE,940GZZLUOVL,0.0,0.144,7.287,9.065,19.95,12.345,2.805,0.0
940GZZLUADE,940GZZLUOXC,0.0,3.912,50.422,152.792,108.697,23.623,4.003,0.0
940GZZLUADE,940GZZLUPAC,0.0,12.692,67.546,119.564,167.941,51.218,12.168,0.0
940GZZLUADE,940GZZLUPCC,0.0,3.191,61.007,93.659,94.548,29.321,4.645,0.0
940GZZLUADE,940GZZLUQWY,0.0,0.0,3.004,8.275,6.884,3.756,1.27,0.0
940GZZLUADE,940GZZLURGP,0.0,0.0,0.574,2.893,2.107,0.421,0.0,0.0
940GZZLUADE,940GZZLURYO,0.0,1.256,3.491,7.02,15.466,5.979,3.125,0.0
940GZZLUADE,940GZZLURSQ,0.0,0.078999996,5.204,11.272,9.221,4.354,1.261,0.0
940GZZLUADE,940GZZLUSJP,0.0,4.103,117.392,121.924,59.664,16.917,4.433,0.0
940GZZLUADE,940GZZLUSJW,0.0,0.798,2.44,6.701,7.3190002,5.632,1.207,0.0
940GZZLUADE,940GZZLUSPU,0.0,0.094000004,4.411,11.49,3.528,0.745,0.22,0.0
940GZZLUADE,940GZZLUSBC,0.0,0.375,2.544,8.94,13.397,5.239,1.186,0.0
940GZZLUADE,940GZZLUSSQ,0.0,4.073,58.836,93.333,110.717,46.639,9.893,0.0
940GZZLUADE,940GZZLUSKS,0.0,4.507,79.558,165.23601,95.752,38.854,9.503,0.0
940GZZLUADE,940GZZLUSKW,0.0,0.096,4.572,8.483,31.181,13.969,5.57,0.0
940GZZLUADE,940GZZLUCHX,0.0,0.286,1.948,8.3810005,6.524,1.994,0.547,0.0
940GZZLUADE,940GZZLUSWC,0.0,0.878,1.53,3.271,5.307,4.945,0.858,0.0
940GZZLUADE,940GZZLUTMP,0.0,1.21,195.816,326.813,104.289,21.309,5.6540003,0.0
940GZZLUADE,940GZZLUTCR,0.0,4.196,45.092,113.803,76.412,25.798,4.439,0.0
940GZZLUADE,940GZZLUTWH,0.0,1.11,25.453,85.655,75.306,23.523,4.677,0.0
940GZZLUADE,940GZZLUVIC,0.0,4.626,31.987999,72.143,150.374,63.888,14.842,0.0
940GZZLUADE,940GZZLUWRR,0.0,0.421,3.731,3.852,1.438,0.561,0.227,0.0
940GZZLUADE,940GZZLUWKA,0.0,0.0,1.006,2.556,6.262,2.991,0.724,0.0
940GZZLUADE,940GZZLUWLO,0.0,9.903,49.227,108.143,302.88,72.827,18.376,0.0
940GZZLUADE,940GZZLUWBN,0.0,0.283,11.328,10.173,18.942,7.9830003,2.434,0.0
940GZZLUADE,940GZZLUWHP,0.0,0.0,4.333,3.774,5.672,4.0099998,0.977,0.0
940GZZLUADE,940GZZLUWKN,0.0,1.278,16.261,24.456,48.736,23.482,9.27,0.0
940GZZLUADE,940GZZLUWSM,0.0,2.461,100.576996,138.162,58.467,22.327,4.18,0.0
940GZZLUADE,940GZZLUWPL,0.0,4.2269998,81.955,228.683,459.081,209.33301,55.913,0.0
940GZZLUADE,940GZZLUWIG,0.0,0.0,0.682,5.344,6.77,3.528,1.615,0.0
940GZZLUADE,940GZZLUERB,0.0,0.0,1.55,2.421,3.56,1.39,0.572,0.0
940GZZLUADE,940GZZLUPCO,0.0,0.153,4.685,12.211,16.485,5.046,2.5310001,0.0
940GZZLUADE,940GZZLUVXL,0.0,3.36,19.674,26.818,57.284,24.491,7.33,0.0
940GZZLUADE,940GZZLUBXN,0.0,0.341,5.1349998,27.94,90.598,45.763,12.856,0.0
940GZZLUADE,940GZZLUSWK,0.0,0.378,1.822,6.863,10.292,3.742,1.058,0.0
940GZZLUADE,940GZZLUBMY,0.0,0.07,0.24900001,2.475,5.5,2.084,0.61800003,0.0
940GZZLUADE,940GZZLUCWR,0.0,0.0,0.0,0.0,0.0,0.0,0.111,0.0
940GZZLUAGL,940GZZLUBBN,0.0,0.0,1.877,5.37,3.215,0.705,0.521,0.0
940GZZLUAGL,940GZZLUALD,0.0,0.331,29.961,32.542,30.328,8.23,5.366,0.0
940GZZLUAGL,940GZZLUADE,0.0,0.147,11.603,20.611,17.762,8.302,6.068,0.0
940GZZLUAGL,940GZZLUBST,0.0,2.65,69.588,65.426,54.068,15.352,6.343,0.0
940GZZLUAGL,940GZZLUBNK,0.0,54.63,591.193,495.144,704.903,211.658,96.29,0.0
940GZZLUAGL,940GZZLUBSC,0.0,0.26500002,19.882,13.433,16.375,10.898,7.928,0.0
940GZZLUAGL,940GZZLUBWT,0.0,0.11,1.678,1.949,1.964,2.22,1.556,0.0
940GZZLUAGL,940GZZLUBLG,0.0,0.367,3.309,23.518,34.662,26.058,16.049,0.0
940GZZLUAGL,940GZZLUBKF,0.0,0.226,9.319,6.705,4.157,0.72900003,0.828,0.0
940GZZLUAGL,940GZZLUBND,0.0,1.18,13.162,37.36,26.355,5.049,1.082,0.0
940GZZLUAGL,940GZZLUBOR,0.0,2.891,67.234,76.197,53.48,28.353,26.659,0.0
940GZZLUAGL,940GZZLUCAR,0.0,0.0,4.354,14.03,8.186,9.769,3.819,0.0
940GZZLUAGL,940GZZLUCTN,0.0,2.592,74.819,172.134,113.709,66.078,23.532999,0.0
940GZZLUAGL,940GZZLUCST,0.0,0.92800003,1.089,1.102,4.953,1.355,0.143,0.0
940GZZLUAGL,940GZZLUCHL,0.0,0.0,2.348,9.712,2.59,1.391,0.201,0.0
940GZZLUAGL,940GZZLUEMB,0.0,0.48000002,12.311,12.801,13.31,3.637,1.0370001,0.0
940GZZLUAGL,940GZZLUCGN,0.0,0.427,23.105,78.144,69.031,15.784,1.947,0.0
940GZZLUAGL,940GZZLUECT,0.0,1.397,18.417,25.273,30.472,19.628,12.563,0.0
940GZZLUAGL,940GZZLUERC,0.0,0.308,24.771,19.732,13.468,8.815,5.5620003,0.0
940GZZLUAGL,940GZZLUEAC,0.0,6.186,94.716,165.084,179.641,93.39,66.587,0.0
940GZZLUAGL,940GZZLUEUS,0.0,14.173,133.376,256.824,290.087,114.125,44.664,0.0
940GZZLUAGL,940GZZLUESQ,0.0,0.15,2.375,4.254,4.145,1.492,0.734,0.0
940GZZLUAGL,940GZZLUFCN,0.0,1.515,14.476,28.815,25.342001,12.727,5.015,0.0
940GZZLUAGL,940GZZLUFYR,0.0,0.35500002,3.961,9.142,12.15,8.826,4.931,0.0
940GZZLUAGL,940GZZLUFPK,0.0,0.269,4.396,29.801,30.683,25.909,16.756,0.0
940GZZLUAGL,940GZZLUFBY,0.0,0.202,11.841001,9.639,12.728,10.023,4.672,0.0
940GZZLUAGL,940GZZLUGTR,0.0,2.2,11.909,20.881,21.001,11.015,6.024,0.0
940GZZLUAGL,940GZZLUGDG,0.0,0.063,24.742,26.755001,13.209,4.655,1.824,0.0
940GZZLUAGL,940GZZLUGPS,0.0,0.164,32.274,18.162,10.227,2.719,1.24,0.0
940GZZLUAGL,940GZZLUGPK,0.0,3.691,71.042,88.115,41.243,9.804,2.527,0.0
940GZZLUAGL,940GZZLUHSD,0.0,2.038,50.919,29.437,39.246,17.605,11.988,0.0
940GZZLUAGL,940GZZLUHAI,0.0,0.041,1.404,4.263,5.572,4.757,2.153,0.0
940GZZLUAGL,940GZZLUHSK,0.0,0.216,20.695,19.712,7.497,4.483,1.712,0.0
940GZZLUAGL,940GZZLUHBN,0.0,0.241,19.499,39.362,24.693,3.979,0.795,0.0
940GZZLUAGL,940GZZLUHPK,0.0,0.718,3.719,7.222,4.086,3.052,1.468,0.0
940GZZLUAGL,940GZZLUHWY,0.0,0.0,0.90900004,7.903,5.498,3.856,1.632,0.0
940GZZLUAGL,940GZZLUHPC,0.0,0.588,8.337,12.062,6.331,2.207,0.223,0.0
940GZZLUAGL,940GZZLUKNG,0.0,0.919,14.431,24.302,38.465,24.994,20.822,0.0
940GZZLUAGL,940GZZLUKSH,0.0,0.862,36.117,59.028,56.094,41.256,21.488,0.0
940GZZLUAGL,940GZZLUKBN,0.0,0.091000006,1.918,5.246,7.527,7.972,6.358,0.0
940GZZLUAGL,940GZZLUKSX,0.0,11.7890005,95.904,300.885,287.087,112.059,64.773,0.0
940GZZLUAGL,940GZZLUKNB,0.0,1.785,23.622,42.937,20.134,6.004,1.459,0.0
940GZZLUAGL,940GZZLULBN,0.0,0.606,6.575,7.482,10.216,4.982,2.704,0.0
940GZZLUAGL,940GZZLULGT,0.0,0.198,1.587,5.156,5.62,2.92,2.396,0.0
940GZZLUAGL,940GZZLULSQ,0.0,0.163,22.045,74.808,66.579,21.299,5.84,0.0
940GZZLUAGL,940GZZLULVT,0.0,2.264,19.473,104.552,155.318,72.086,18.064,0.0
940GZZLUAGL,940GZZLULNB,0.0,34.289,436.313,553.536,1010.581,454.792,256.758,0.0
940GZZLUAGL,940GZZLUMSH,0.0,0.0,1.026,0.685,0.3,0.004,0.0,0.0
940GZZLUAGL,940GZZLUMBA,0.0,0.718,11.323,17.101,12.006,2.772,0.998,0.0
940GZZLUAGL,940GZZLUMYB,0.0,0.41,2.499,10.106,12.003,6.279,3.8930001,0.0
940GZZLUAGL,940GZZLUMED,0.0,0.146,5.429,31.459,33.8,23.323,17.161,0.0
940GZZLUAGL,940GZZLUMGT,0.0,13.368,192.933,199.271,164.603,47.007,24.752,0.0
940GZZLUAGL,940GZZLUMTC,0.0,0.0,11.536,8.233,2.399,3.289,2.535,0.0
940GZZLUAGL,940GZZLUNHG,0.0,0.055000003,10.194,17.391,12.127,7.779,3.162,0.0
940GZZLUAGL,940GZZLUODS,0.0,0.702,61.629,203.901,165.052,81.223,43.063,0.0
940GZZLUAGL,940GZZLUOVL,0.0,3.627,41.068,46.184,65.231,46.394,30.71,0.0
940GZZLUAGL,940GZZLUOXC,0.0,6.712,131.197,256.039,157.121,33.105,5.197,0.0
940GZZLUAGL,940GZZLUPAC,0.0,5.297,70.784,90.778,119.028,45.575,23.414,0.0
940GZZLUAGL,940GZZLUPCC,0.0,1.452,39.77,68.161,56.794,15.554,2.55,0.0
940GZZLUAGL,940GZZLUQWY,0.0,0.97900003,2.208,8.469,10.049,5.058,3.011,0.0
940GZZLUAGL,940GZZLURYO,0.0,0.439,7.088,8.181,6.882,6.005,3.446,0.0
940GZZLUAGL,940GZZLURSQ,0.0,0.187,9.84,32.802002,18.274,6.323,3.344,0.0
940GZZLUAGL,940GZZLUSJP,0.0,0.32,14.821,8.144,5.334,1.86,1.278,0.0
940GZZLUAGL,940GZZLUSJW,0.0,0.832,5.94,11.32,5.584,2.872,2.136,0.0
940GZZLUAGL,940GZZLUSPU,0.0,0.166,4.552,9.766,4.499,0.538,0.617,0.0
940GZZLUAGL,940GZZLUSBC,0.0,0.108,6.631,23.066,24.203,11.288,7.8190002,0.0
940GZZLUAGL,940GZZLUSSQ,0.0,1.165,16.941,25.778,14.27,6.256,1.087,0.0
940GZZLUAGL,940GZZLUSKS,0.0,3.335,45.642,82.375,43.523,18.986,6.484,0.0
940GZZLUAGL,940GZZLUSKW,0.0,0.61,13.809,29.294,50.725,34.287,22.115,0.0
940GZZLUAGL,940GZZLUCHX,0.0,0.066,16.672,31.679,26.67,5.759,0.811,0.0
940GZZLUAGL,940GZZLUSWC,0.0,0.671,1.016,3.966,4.092,1.977,1.886,0.0
940GZZLUAGL,940GZZLUTMP,0.0,0.0,4.008,5.782,3.447,1.151,0.486,0.0
940GZZLUAGL,940GZZLUTCR,0.0,0.155,19.885,59.268,41.799,10.688,1.73,0.0
940GZZLUAGL,940GZZLUTWH,0.0,0.869,22.363,32.746,64.835,12.607,8.225,0.0
940GZZLUAGL,940GZZLUVIC,0.0,16.497,189.69499,238.482,319.017,126.797,66.562004,0.0
940GZZLUAGL,940GZZLUWRR,0.0,0.463,16.445,31.171,17.289,4.039,2.576,0.0
940GZZLUAGL,940GZZLUWKA,0.0,0.034,0.757,3.509,4.642,3.396,2.459,0.0
940GZZLUAGL,940GZZLUWLO,0.0,18.695,80.607,162.371,342.702,114.467,65.252,0.0
940GZZLUAGL,940GZZLUWBN,0.0,1.1,3.377,2.956,2.877,2.923,0.744,0.0
940GZZLUAGL,940GZZLUWHP,0.0,0.681,0.929,5.362,6.238,5.817,2.905,0.0
940GZZLUAGL,940GZZLUWKN,0.0,0.0,2.204,3.929,3.6430001,5.953,2.516,0.0
940GZZLUAGL,940GZZLUWSM,0.0,0.775,25.866,37.196,14.137,2.945,1.094,0.0
940GZZLUAGL,940GZZLUWPL,0.0,0.066,4.268,14.662,12.225,6.35,3.871,0.0
940GZZLUAGL,940GZZLUWIG,0.0,0.0,0.933,8.757,16.028,11.84,6.879,0.0
940GZZLUAGL,940GZZLUERB,0.0,0.0,0.57600003,1.997,1.974,0.609,0.262,0.0
940GZZLUAGL,940GZZLUPCO,0.0,0.696,25.888,32.956,27.987,16.888,8.368,0.0
940GZZLUAGL,940GZZLUVXL,0.0,6.894,57.487,79.899,130.499,70.124,30.063,0.0
940GZZLUAGL,940GZZLUBXN,0.0,1.256,16.286,55.376,106.791,75.666,46.092,0.0
940GZZLUAGL,940GZZLUSWK,0.0,1.4,30.599,36.73,26.87,9.264,2.982,0.0
940GZZLUAGL,940GZZLUBMY,0.0,0.736,19.358,21.305,35.805,19.844,16.18,0.0
940GZZLUAGL,940GZZLUCWR,0.0,1.072,11.125,58.411,119.538,89.564,45.276,0.0
940GZZLUBST,940GZZLUBBN,0.0,13.405,293.294,204.385,109.465004,38.099,12.475,0.0
940GZZLUBST,940GZZLUALD,0.02,9.961,220.06999,122.453,148.715,27.745,11.425,0.0
940GZZLUBST,940GZZLUADE,0.0,2.362,49.477,80.145,50.321,26.404,14.245,0.0
940GZZLUBST,940GZZLUAGL,0.0,1.495,26.381,49.422,64.436,26.597,4.284,0.0
940GZZLUBST,940GZZLUBNK,0.0,5.894,88.138,118.314,76.175,25.083,5.591,0.0
940GZZLUBST,940GZZLUBSC,0.0,0.207,5.011,9.481,7.869,10.568,2.525,0.0
940GZZLUBST,940GZZLUBWT,0.0,2.424,0.0,20.469,38.596,12.666,5.252,0.0
940GZZLUBST,940GZZLUBLG,0.0,0.0,4.383,25.642,38.574,15.652,5.817,0.018
940GZZLUBST,940GZZLUBKF,0.0,0.661,29.983,19.960001,15.672,3.299,0.35,0.0
940GZZLUBST,940GZZLUBND,0.0,0.859,39.045,211.176,106.898,24.809,5.4240003,0.006
940GZZLUBST,940GZZLUBOR,0.0,0.095,2.698,8.115,4.298,2.339,1.456,0.0
940GZZLUBST,940GZZLUCAR,0.0,1.119,11.547,19.775,23.562,11.964,5.161,0.0
940GZZLUBST,940GZZLUCTN,0.0,0.0,6.481,66.827,19.078,5.994,0.987,0.0
940GZZLUBST,940GZZLUCST,0.0,1.873,23.608,13.843,9.194,0.917,0.0,0.0
940GZZLUBST,940GZZLUCHL,0.0,1.446,29.435,36.503,15.617,6.394,0.794,0.0
940GZZLUBST,940GZZLUEMB,0.0,0.322,33.303,74.696,45.374,7.908,1.141,0.0
940GZZLUBST,940GZZLUCGN,0.0,0.199,10.636,93.051,54.901,10.855,1.139,0.0
940GZZLUBST,940GZZLUECT,0.0,0.207,8.907001,49.895,46.826,30.768,11.118,0.0
940GZZLUBST,940GZZLUERC,0.0,0.341,6.355,44.108,30.409,9.389,3.7280002,0.0
940GZZLUBST,940GZZLUEAC,0.0,1.582,39.625,111.693,137.838,74.09,26.446001,0.0
940GZZLUBST,940GZZLUEUS,0.0,0.18,1.261,7.191,4.177,2.26,0.231,0.0
940GZZLUBST,940GZZLUESQ,0.0,9.358,152.874,311.935,248.046,56.349,17.371,0.0
940GZZLUBST,940GZZLUFCN,0.0,29.636,708.643,440.724,380.053,134.076,30.425,0.0
940GZZLUBST,940GZZLUFYR,0.0,0.777,59.059,132.985,167.699,86.068,25.456,0.014
940GZZLUBST,940GZZLUFPK,0.0,2.428,12.956,66.999,121.532,56.398,24.417,0.0
940GZZLUBST,940GZZLUFBY,0.0,0.114,10.232,25.229,24.559,13.417,3.467,0.0
940GZZLUBST,940GZZLUGTR,0.0,3.389,3.946,52.904,22.583,21.029001,4.85,0.0
940GZZLUBST,940GZZLUGDG,0.0,0.0,0.44,6.163,1.1110001,0.739,0.132,0.0
940GZZLUBST,940GZZLUGPS,0.0,0.876,31.18,56.723,23.663,11.973,4.821,0.0
940GZZLUBST,940GZZLUGPK,0.0,6.728,135.312,306.201,109.218,29.805,8.809,0.009
940GZZLUBST,940GZZLUHSD,0.0,0.127,2.384,3.922,6.454,3.6369998,0.688,0.0
940GZZLUBST,940GZZLUHAI,0.0,0.141,21.917,65.093,163.722,78.514,16.687,0.0
940GZZLUBST,940GZZLUHSK,0.0,5.47,12.848,82.697,47.748,27.368,4.866,0.0
940GZZLUBST,940GZZLUHBN,0.0,2.107,64.508,104.226,42.769,12.908,1.431,0.0
940GZZLUBST,940GZZLUHPK,0.0,0.108,6.808,8.779,7.384,3.669,1.38,0.0
940GZZLUBST,940GZZLUHWY,0.0,0.127,7.211,27.976,33.258,15.07,5.931,0.0
940GZZLUBST,940GZZLUHPC,0.0,0.0,3.328,14.377,5.299,1.418,0.004,0.0
940GZZLUBST,940GZZLUKNG,0.0,0.0,0.521,5.441,11.945,8.088,4.5230002,0.0
940GZZLUBST,940GZZLUKOY,0.0,0.0,0.0,0.0,0.0,0.017,0.0,0.0
940GZZLUBST,940GZZLUKSH,0.0,0.0,2.63,5.285,10.661,6.381,1.483,0.0
940GZZLUBST,940GZZLUKBN,0.0,2.236,9.921,71.977,117.255,69.016,28.945,0.037
940GZZLUBST,940GZZLUKSX,0.0,30.641,289.251,653.863,774.69,182.052,50.519,0.0
940GZZLUBST,940GZZLUKNB,0.0,0.73,9.991,95.585,50.657,8.925,1.424,0.002
940GZZLUBST,940GZZLULBN,0.0,1.108,11.196,28.939,26.808,14.718,6.978,0.0
940GZZLUBST,940GZZLULGT,0.0,0.0,0.552,9.772,6.715,2.19,1.177,0.0
940GZZLUBST,940GZZLULSQ,0.0,0.0,4.525,39.165,26.774,7.962,2.4259999,0.0
940GZZLUBST,940GZZLULVT,0.095,48.582,580.582,564.853,956.066,271.497,75.425,0.0
940GZZLUBST,940GZZLULNB,0.0,20.987,353.485,511.366,661.461,262.976,83.345,0.044
940GZZLUBST,940GZZLUMSH,0.0,2.443,31.717,12.968,6.603,0.709,0.689,0.0
940GZZLUBST,940GZZLUMBA,0.0,0.0,4.784,21.025,7.805,3.311,0.791,0.0
940GZZLUBST,940GZZLUMYB,0.0,0.451,3.218,22.867,15.76,9.125,1.444,0.0
940GZZLUBST,940GZZLUMED,0.0,0.799,6.005,34.567,39.045,25.219,12.632,0.468
940GZZLUBST,940GZZLUMGT,0.0,30.94,578.705,261.801,149.391,40.87,7.694,0.0
940GZZLUBST,940GZZLUMTC,0.0,0.0,0.531,1.5170001,0.75200003,0.253,0.207,0.0
940GZZLUBST,940GZZLUNHG,0.0,1.222,7.871,42.266,57.785,15.712,2.986,0.0
940GZZLUBST,940GZZLUODS,0.0,0.86300004,65.006,102.903,80.332,33.502,10.755,0.0
940GZZLUBST,940GZZLUOVL,0.0,0.0,2.608,9.465,16.431,8.06,2.889,0.002
940GZZLUBST,940GZZLUOXC,0.0,3.035,92.261,441.15,237.561,50.74,9.907001,0.0
940GZZLUBST,940GZZLUPAC,0.0,16.09,99.873,386.88,432.838,194.373,56.059,0.0
940GZZLUBST,940GZZLUPCC,0.0,2.7089999,89.217,404.315,261.277,122.991,21.153,0.0
940GZZLUBST,940GZZLUQWY,0.0,0.0,3.901,19.32,14.007,6.752,2.14,0.001
940GZZLUBST,940GZZLURGP,0.0,0.077,2.2220001,10.322,4.278,0.814,0.091,0.0
940GZZLUBST,940GZZLURYO,0.0,0.266,16.458,28.589,29.999,18.878,6.56,0.0
940GZZLUBST,940GZZLURSQ,0.0,0.087000005,7.294,31.189001,14.855,6.589,1.335,0.0
940GZZLUBST,940GZZLUSJP,0.0,0.896,29.185,38.69,17.651,5.454,1.438,0.0
940GZZLUBST,940GZZLUSJW,0.0,0.50699997,42.516,137.204,65.747,39.203,14.985,0.012
940GZZLUBST,940GZZLUSPU,0.0,1.929,51.622,50.872,18.807,2.635,0.849,0.0
940GZZLUBST,940GZZLUSBC,0.0,0.021,3.073,26.463,30.185,12.366,3.049,0.003
940GZZLUBST,940GZZLUSSQ,0.0,0.93299997,17.56,69.376,37.77,16.215,4.142,0.0
940GZZLUBST,940GZZLUSKS,0.0,1.241,40.558,159.074,49.690998,29.492,4.918,0.0
940GZZLUBST,940GZZLUSKW,0.0,0.307,4.017,19.014,39.774,23.497,6.013,0.006
940GZZLUBST,940GZZLUCHX,0.0,1.518,73.49,209.429,258.932,56.855,12.511,0.0
940GZZLUBST,940GZZLUSWC,0.0,1.9300001,33.329,113.769,127.941,74.958,25.808,0.039
940GZZLUBST,940GZZLUTMP,0.0,0.0,17.494,36.039,13.643,3.2,0.815,0.0
940GZZLUBST,940GZZLUTCR,0.0,1.299,27.148,127.406,56.342,13.484,1.507,0.0
940GZZLUBST,940GZZLUTWH,0.0,6.213,44.396,109.499,72.951004,15.492,2.415,0.0
940GZZLUBST,940GZZLUVIC,0.0,10.142,129.662,373.051,521.903,184.021,51.755,0.0
940GZZLUBST,940GZZLUWRR,0.0,0.0,2.316,3.976,2.867,0.834,0.007,0.0
940GZZLUBST,940GZZLUWKA,0.0,0.105000004,7.169,56.366,57.874,33.759,11.773,0.0
940GZZLUBST,940GZZLUWLO,0.0,16.422,163.28,444.932,805.329,308.613,80.443,0.012
940GZZLUBST,940GZZLUWBN,0.0,0.067999996,9.126,13.158,11.944,5.775,3.513,0.0
940GZZLUBST,940GZZLUWHP,0.0,4.994,36.633,131.045,226.61101,114.629,32.459,0.035
940GZZLUBST,940GZZLUWKN,0.0,1.864,0.0,28.411,0.0,0.0,0.0,0.0
940GZZLUBST,940GZZLUWSM,0.0,7.436,180.0,344.025,95.032,18.684,4.571,0.006
940GZZLUBST,940GZZLUWPL,0.0,3.757,29.68,45.866,37.509,27.05,11.883,0.0
940GZZLUBST,940GZZLUWIG,0.0,0.149,9.307,85.183,158.116,105.441,49.513,0.257
940GZZLUBST,940GZZLUERB,0.0,0.095,5.453,34.849,22.159,9.332,2.487,0.0
940GZZLUBST,940GZZLUPCO,0.0,0.423,13.062,38.239,36.41,18.926,6.814,0.0
940GZZLUBST,940GZZLUVXL,0.0,5.086,39.4,85.156,133.7,55.143,17.492,0.001
940GZZLUBST,940GZZLUBXN,0.0,1.601,29.094,66.841,126.679,81.591,33.864,0.107
940GZZLUBST,940GZZLUSWK,0.0,9.108,169.744,139.57,142.079,37.89,11.1,0.014
940GZZLUBST,940GZZLUBMY,0.0,4.0690002,21.803,36.683,67.363,36.644,17.73,0.047
940GZZLUBST,940GZZLUCWR,0.0,5.466,61.228,172.036,332.095,188.668,66.963,0.045
940GZZLUBNK,940GZZLUBBN,0.0,4.487,82.365,65.139,35.764,13.811,2.9190001,0.0
940GZZLUBNK,940GZZLUALD,0.0,0.856,31.186,30.984,21.059,9.529,3.322,0.0
940GZZLUBNK,940GZZLUADE,0.0,3.826,250.637,160.322,112.722,46.705,17.67,0.0
940GZZLUBNK,940GZZLUAGL,0.0,19.674,518.964,500.0,535.86,337.292,76.633,0.0
940GZZLUBNK,940GZZLUBST,0.0,3.567,40.237,127.492,107.825,39.283,12.401,0.0
940GZZLUBNK,940GZZLUBSC,0.0,2.641,26.702,18.448,55.794,24.119,7.499,0.0
940GZZLUBNK,940GZZLUBWT,0.0,0.016,3.25,12.193,24.863,11.941,5.268,0.0
940GZZLUBNK,940GZZLUBLG,0.0,23.101,161.935,174.561,230.84799,162.483,83.381996,0.0
940GZZLUBNK,940GZZLUBKF,0.0,24.342001,473.265,369.505,693.614,144.331,33.724,0.0
940GZZLUBNK,940GZZLUBND,0.0,28.84,496.504,1021.378,680.723,154.402,24.979,0.001
940GZZLUBNK,940GZZLUBOR,0.0,3.715,89.889,99.896,59.985,37.438,21.441,0.0
940GZZLUBNK,940GZZLUCAR,0.0,2.604,27.776001,25.228,66.34,35.406,14.264,0.0
940GZZLUBNK,940GZZLUCTN,0.0,13.596,199.248,352.173,333.339,150.838,33.854,0.0
940GZZLUBNK,940GZZLUCST,0.0,4.579,70.835,53.033,64.668,25.86,7.613,0.0
940GZZLUBNK,940GZZLUCHL,0.0,65.963,1122.396,945.79297,422.042,95.143,24.181,0.0
940GZZLUBNK,940GZZLUEMB,0.0,13.276,314.517,497.885,529.859,96.752,17.782,0.0
940GZZLUBNK,940GZZLUCGN,0.0,2.866,24.41,145.91,133.53,34.643,3.42,0.0
940GZZLUBNK,940GZZLUECT,0.0,6.9769998,67.129,101.05,203.709,100.007996,33.813,0.0
940GZZLUBNK,940GZZLUERC,0.0,0.646,4.737,19.653,18.025,6.4110003,3.444,0.0
940GZZLUBNK,940GZZLUEAC,0.0,8.508,172.12,234.802,202.755,132.531,65.754,0.0
940GZZLUBNK,940GZZLUEUS,0.0,73.01,508.613,961.155,1617.419,417.939,89.223,0.0
940GZZLUBNK,940GZZLUESQ,0.0,1.573,31.362,39.326,30.966,5.042,3.403,0.0
940GZZLUBNK,940GZZLUFCN,0.0,4.312,144.026,123.961,82.049,33.196,8.046,0.0
940GZZLUBNK,940GZZLUFYR,0.0,1.159,5.513,18.916,46.622,26.96,7.817,0.002
940GZZLUBNK,940GZZLUFPK,0.0,10.449,43.757,73.53,121.088,99.752,41.733,0.004
940GZZLUBNK,940GZZLUFBY,0.0,3.563,40.637,58.129,160.735,61.054,15.387,0.0
940GZZLUBNK,940GZZLUGTR,0.0,7.083,74.4,95.434,151.092,70.443,24.286,0.0
940GZZLUBNK,940GZZLUGDG,0.0,5.309,38.925,50.273,41.109,12.439,0.927,0.0
940GZZLUBNK,940GZZLUGPS,0.0,1.195,42.119,37.986,20.187,6.358,2.709,0.0
940GZZLUBNK,940GZZLUGPK,0.0,11.901,97.924,357.181,188.253,42.193,12.253,0.0
940GZZLUBNK,940GZZLUHSD,0.0,10.658,148.353,104.428,217.72299,82.69,27.431,0.0
940GZZLUBNK,940GZZLUHAI,0.0,0.509,2.254,10.972,2.343,11.63,2.843,0.0
940GZZLUBNK,940GZZLUHSK,0.0,9.083,93.788,99.407,114.375,46.288,14.392,0.0
940GZZLUBNK,940GZZLUHBN,0.0,62.725,1007.925,1125.642,764.459,187.35,42.713,0.003
940GZZLUBNK,940GZZLUHPK,0.0,2.461,56.111,47.671,108.003,50.775,15.159,0.008
940GZZLUBNK,940GZZLUHWY,0.0,2.97,30.068,51.006,67.163,39.191,13.706,0.001
940GZZLUBNK,940GZZLUHPC,0.0,1.314,17.216,42.715,20.148,4.587,1.248,0.0
940GZZLUBNK,940GZZLUKNG,0.0,1.901,45.837,52.36,117.127,90.545,42.393,0.0
940GZZLUBNK,940GZZLUKOY,0.0,0.0,0.0,0.0,0.0,0.37,0.0,0.0
940GZZLUBNK,940GZZLUKSH,0.0,5.514,36.522,69.303,147.924,79.974,28.234,0.0
940GZZLUBNK,940GZZLUKBN,0.0,0.289,7.004,19.391,54.4,38.164,20.141,0.005
940GZZLUBNK,940GZZLUKSX,0.0,90.55,675.014,1274.341,1574.439,464.307,136.357,0.0
940GZZLUBNK,940GZZLUKNB,0.0,2.77,53.705,145.001,98.672,23.648,3.884,0.001
940GZZLUBNK,940GZZLULBN,0.0,0.541,6.597,17.981,19.322,6.602,2.8830001,0.0
940GZZLUBNK,940GZZLULGT,0.0,9.568,85.415,187.544,415.538,141.133,39.351,0.0
940GZZLUBNK,940GZZLULSQ,0.0,7.058,44.555,197.885,218.656,65.586,12.11,0.0
940GZZLUBNK,940GZZLULVT,0.0,76.464,1138.307,940.493,915.728,380.692,139.61101,0.0
940GZZLUBNK,940GZZLULNB,0.0,23.495,362.036,537.38,489.819,271.442,104.182,0.0
940GZZLUBNK,940GZZLUMSH,0.0,3.286,129.599,78.807,27.293,8.615,2.603,0.0
940GZZLUBNK,940GZZLUMBA,0.0,21.832,257.864,339.877,291.73502,92.476,29.528,0.0
940GZZLUBNK,940GZZLUMYB,0.0,5.028,44.932,149.04,333.683,82.586,28.746,0.0
940GZZLUBNK,940GZZLUMED,0.0,3.303,49.503,118.067,244.607,139.101,62.637,0.0
940GZZLUBNK,940GZZLUMGT,0.0,50.595,732.737,385.4,582.904,149.554,45.823,0.0
940GZZLUBNK,940GZZLUMTC,0.0,2.49,33.383,18.238,18.718,8.778,2.759,0.0
940GZZLUBNK,940GZZLUNHG,0.0,9.623,148.706,189.278,324.571,181.47,52.752,0.006
940GZZLUBNK,940GZZLUODS,0.0,26.864,729.862,631.312,421.107,305.862,79.386,0.0
940GZZLUBNK,940GZZLUOVL,0.0,7.315,120.865,117.808,225.753,159.177,51.284,0.0
940GZZLUBNK,940GZZLUOXC,0.0,71.187,852.326,1709.715,1224.775,258.562,39.063,0.003
940GZZLUBNK,940GZZLUPAC,0.0,13.698,147.9,379.968,454.836,136.001,36.369,0.0
940GZZLUBNK,940GZZLUPCC,0.0,8.404,96.771,383.097,314.151,72.652,12.645,0.0
940GZZLUBNK,940GZZLUQWY,0.0,6.295,62.647,111.117,216.639,101.451,38.791,0.002
940GZZLUBNK,940GZZLURGP,0.0,0.644,10.693,33.151,19.902,4.525,0.828,0.0
940GZZLUBNK,940GZZLURYO,0.0,0.201,1.305,3.2450001,7.116,6.264,1.562,0.0
940GZZLUBNK,940GZZLURSQ,0.0,4.626,55.095,95.615,80.106,28.623,7.007,0.001
940GZZLUBNK,940GZZLUSJP,0.0,19.014,330.026,320.027,181.833,49.309002,14.167,0.0
940GZZLUBNK,940GZZLUSJW,0.0,1.7870001,8.0720005,34.996,84.695,50.476,11.983,0.001
940GZZLUBNK,940GZZLUSPU,0.0,34.182,402.682,319.049,115.045,36.495,10.92,0.001
940GZZLUBNK,940GZZLUSBC,0.0,21.803,197.113,232.966,603.163,250.115,71.872,0.046
940GZZLUBNK,940GZZLUSSQ,0.0,14.288,166.371,224.889,385.515,120.625,30.304,0.0
940GZZLUBNK,940GZZLUSKS,0.0,16.123,203.272,326.992,302.366,103.307,27.127,0.0
940GZZLUBNK,940GZZLUSKW,0.0,10.285,57.841,83.031,308.181,177.077,69.801,0.0
940GZZLUBNK,940GZZLUCHX,0.0,0.695,19.816,65.226,64.375,13.878,1.127,0.0
940GZZLUBNK,940GZZLUSWC,0.0,0.219,7.674,21.66,58.908,35.986,10.58,0.004
940GZZLUBNK,940GZZLUTMP,0.0,10.6050005,279.356,283.304,183.592,37.741,5.2269998,0.0
940GZZLUBNK,940GZZLUTCR,0.0,70.276,903.008,1453.935,1318.189,361.851,71.405,0.005
940GZZLUBNK,940GZZLUTWH,0.0,2.799,86.617,146.865,104.946,30.315,9.713,0.0
940GZZLUBNK,940GZZLUVIC,0.0,17.247,171.659,240.619,327.972,107.536,47.019,0.0
940GZZLUBNK,940GZZLUWRR,0.0,8.43,65.038,63.502,39.341,13.14,3.928,0.001
940GZZLUBNK,940GZZLUWKA,0.0,1.008,6.112,19.97,66.917,38.001,9.999,0.0
940GZZLUBNK,940GZZLUWLO,0.0,138.606,1561.802,2973.543,14598.259,4843.94,915.075,0.0
940GZZLUBNK,940GZZLUWBN,0.0,5.751,43.399,38.519,68.344,30.694,5.677,0.0
940GZZLUBNK,940GZZLUWHP,0.0,0.183,5.431,17.922,73.348,46.602,18.138,0.006
940GZZLUBNK,940GZZLUWKN,0.0,1.7639999,24.192,29.828,94.548996,48.804,22.23,0.0
940GZZLUBNK,940GZZLUWSM,0.0,17.5,183.854,316.334,132.994,30.502,8.295,0.0
940GZZLUBNK,940GZZLUWPL,0.0,5.309,106.015,151.503,244.673,146.367,44.768,0.0
940GZZLUBNK,940GZZLUWIG,0.0,0.853,7.885,22.242,74.011,36.825,18.093,0.009
940GZZLUBNK,940GZZLUERB,0.0,0.921,27.131,28.247,28.479,10.327,4.354,0.0
940GZZLUBNK,940GZZLUPCO,0.0,1.331,20.481,49.222,65.81,38.711,12.259,0.0
940GZZLUBNK,940GZZLUVXL,0.0,13.345,88.519,65.785,111.583,53.808,14.8,0.0
940GZZLUBNK,940GZZLUBXN,0.0,7.533,108.419,154.649,441.649,295.147,124.004,0.0
940GZZLUBNK,940GZZLUSWK,0.0,2.4160001,22.761,49.987,34.072,9.918,3.151,0.0
940GZZLUBNK,940GZZLUBMY,0.0,0.302,8.27,25.323,41.336,21.397,9.879,0.007
940GZZLUBNK,940GZZLUCWR,0.0,0.553,9.886,48.323,101.828,70.7,25.293,0.008
940GZZLUBSC,940GZZLUBBN,0.0,2.461,10.412,4.711,2.194,1.151,0.025,0.0
940GZZLUBSC,940GZZLUALD,0.0,0.112,1.58,0.455,1.602,0.0,0.0,0.0
940GZZLUBSC,940GZZLUADE,0.0,0.435,31.252,9.956,12.268,1.666,1.265,0.0
940GZZLUBSC,940GZZLUAGL,0.0,1.523,22.509,18.738,24.939,3.873,1.511,0.0
940GZZLUBSC,940GZZLUBST,0.0,2.668,18.133,19.24,8.527,3.4259999,0.301,0.0
940GZZLUBSC,940GZZLUBNK,0.0,13.046,106.624,29.085,38.482,4.03,0.318,0.0
940GZZLUBSC,940GZZLUBWT,0.0,0.707,2.007,6.089,6.82,3.0870001,1.012,0.0
940GZZLUBSC,940GZZLUBLG,0.0,0.0,5.576,3.818,11.634,2.083,0.708,0.0
940GZZLUBSC,940GZZLUBKF,0.0,5.041,83.128,22.542,29.953,3.447,1.334,0.0
940GZZLUBSC,940GZZLUBND,0.0,3.92,47.242,34.66,17.785,2.69,0.412,0.0
940GZZLUBSC,940GZZLUBOR,0.0,0.0,2.189,1.145,1.868,0.206,0.003,0.0
940GZZLUBSC,940GZZLUCAR,0.0,0.678,6.997,5.759,12.428,4.189,0.87600005,0.0
940GZZLUBSC,940GZZLUCTN,0.0,0.177,14.081,16.409,9.172,3.111,0.694,0.0
940GZZLUBSC,940GZZLUCST,0.0,5.476,45.262,11.123,25.456,5.16,0.751,0.0
940GZZLUBSC,940GZZLUCHL,0.0,3.3009999,36.476,10.402,2.525,0.472,0.236,0.0
940GZZLUBSC,940GZZLUEMB,0.0,2.841,34.438,23.448,48.42,6.189,0.941,0.0
940GZZLUBSC,940GZZLUCGN,0.0,3.556,61.107,67.015,64.57,12.803,0.895,0.0
940GZZLUBSC,940GZZLUECT,0.0,1.548,33.04,54.888,33.735,16.538,5.288,0.017
940GZZLUBSC,940GZZLUERC,0.0,0.64,9.775,12.642,5.962,1.567,0.651,0.0
940GZZLUBSC,940GZZLUEAC,0.0,0.468,11.62,16.77,21.407,5.828,1.324,0.0
940GZZLUBSC,940GZZLUEUS,0.0,6.1679997,23.411,23.92,23.819,4.508,0.966,0.0
940GZZLUBSC,940GZZLUESQ,0.0,0.159,2.043,0.73,0.634,0.462,0.014,0.0
940GZZLUBSC,940GZZLUFCN,0.0,2.095,17.849,11.927,2.095,1.099,0.525,0.0
940GZZLUBSC,940GZZLUFYR,0.0,1.557,2.121,3.13,3.142,1.219,0.562,0.003
940GZZLUBSC,940GZZLUFPK,0.0,1.769,10.106,13.687,42.938,11.587,3.68,0.0
940GZZLUBSC,940GZZLUFBY,0.0,0.045,9.897,10.62,4.233,2.264,0.638,0.0
940GZZLUBSC,940GZZLUGTR,0.0,2.865,77.677,85.95,31.005,13.435,2.867,0.0
940GZZLUBSC,940GZZLUGDG,0.0,1.201,24.264,12.403,6.017,0.638,0.276,0.0
940GZZLUBSC,940GZZLUGPS,0.0,0.802,1.484,0.0,0.53,0.231,0.010000001,0.0
940GZZLUBSC,940GZZLUGPK,0.0,12.973001,247.044,105.268,51.613,11.151,1.296,0.0
940GZZLUBSC,940GZZLUHSD,0.0,8.873,143.699,263.556,98.307,31.924,7.08,0.0
940GZZLUBSC,940GZZLUHAI,0.0,1.411,14.815,16.606,21.39,8.285,2.083,0.0
940GZZLUBSC,940GZZLUHSK,0.0,0.416,5.84,18.948,10.657,3.1030002,0.27,0.001
940GZZLUBSC,940GZZLUHBN,0.0,6.263,189.425,78.005,34.716,4.675,2.358,0.0
940GZZLUBSC,940GZZLUHPK,0.0,0.0,0.389,1.089,0.687,0.121,0.0,0.0
940GZZLUBSC,940GZZLUHWY,0.0,1.421,8.757,12.15,14.335,4.805,1.9,0.0
940GZZLUBSC,940GZZLUHPC,0.0,4.494,56.467,24.101,10.799,2.685,1.278,0.003
940GZZLUBSC,940GZZLUKNG,0.0,1.044,1.999,1.581,6.244,1.324,1.011,0.0
940GZZLUBSC,940GZZLUKSH,0.0,0.289,5.6870003,3.5080001,3.679,1.146,0.744,0.0
940GZZLUBSC,940GZZLUKBN,0.0,0.18100001,0.21700001,4.465,4.162,2.059,0.457,0.0
940GZZLUBSC,940GZZLUKSX,0.0,20.141,135.342,123.467,125.559,19.261,3.858,0.021
940GZZLUBSC,940GZZLUKNB,0.0,4.553,69.524,85.909,39.104,7.46,0.81200004,0.005
940GZZLUBSC,940GZZLULBN,0.0,0.752,5.228,5.469,5.29,0.678,0.106,0.0
940GZZLUBSC,940GZZLULSQ,0.0,5.094,82.342,85.383,78.168,20.058,3.369,0.001
940GZZLUBSC,940GZZLULVT,0.0,11.568,100.819,31.161,32.45,6.62,2.088,0.0
940GZZLUBSC,940GZZLULNB,0.0,2.981,64.088,44.139,59.02,11.807,2.146,0.0
940GZZLUBSC,940GZZLUMSH,0.0,8.925,78.649,16.739,8.38,1.198,0.042,0.0
940GZZLUBSC,940GZZLUMBA,0.0,0.016,1.3560001,2.053,1.355,0.945,0.009,0.0
940GZZLUBSC,940GZZLUMYB,0.0,0.24700001,5.129,5.658,7.042,1.729,1.044,0.0
940GZZLUBSC,940GZZLUMED,0.0,0.36200002,3.556,4.915,6.512,2.667,0.582,0.0
940GZZLUBSC,940GZZLUMGT,0.0,2.136,14.518,5.3320003,2.119,0.582,0.0,0.0
940GZZLUBSC,940GZZLUMTC,0.0,0.0,9.9,1.666,2.363,1.057,0.28800002,0.0
940GZZLUBSC,940GZZLUNHG,0.0,0.557,6.884,8.37,8.398,3.917,0.45,0.0
940GZZLUBSC,940GZZLUODS,0.0,1.769,57.315,24.301,21.356,5.461,1.965,0.0
940GZZLUBSC,940GZZLUOVL,0.0,0.0,2.192,1.7310001,3.9160001,0.723,0.0,0.0
940GZZLUBSC,940GZZLUOXC,0.0,5.568,71.767,45.235,29.667,4.801,0.39000002,0.001
940GZZLUBSC,940GZZLUPAC,0.0,2.094,26.381,29.763,20.346,6.557,1.261,0.0
940GZZLUBSC,940GZZLUPCC,0.0,16.306,173.113,143.594,112.366,25.429,3.429,0.0
940GZZLUBSC,940GZZLURGP,0.0,0.757,21.598999,8.281,3.23,1.129,0.082,0.0
940GZZLUBSC,940GZZLURYO,0.0,0.125,3.202,2.086,2.586,1.042,0.008,0.0
940GZZLUBSC,940GZZLURSQ,0.0,2.513,66.105,54.785,33.256,4.268,1.489,0.002
940GZZLUBSC,940GZZLUSJP,0.0,1.892,48.078,18.808,11.977,3.577,1.012,0.0
940GZZLUBSC,940GZZLUSJW,0.0,0.322,6.278,5.28,5.074,0.621,0.626,0.0
940GZZLUBSC,940GZZLUSPU,0.0,1.205,36.877,5.38,3.24,0.277,0.003,0.0
940GZZLUBSC,940GZZLUSSQ,0.0,2.756,33.782,41.924,23.823,7.387,1.799,0.0
940GZZLUBSC,940GZZLUSKS,0.0,3.082,176.891,168.004,77.849,22.264,2.881,0.0
940GZZLUBSC,940GZZLUSKW,0.0,0.087000005,4.8849998,3.793,15.103,4.057,0.825,0.0
940GZZLUBSC,940GZZLUCHX,0.0,0.431,2.665,3.9060001,6.502,0.975,0.017,0.0
940GZZLUBSC,940GZZLUSWC,0.0,0.514,3.401,6.413,5.636,2.538,0.772,0.0
940GZZLUBSC,940GZZLUTMP,0.0,2.372,42.514,17.239,5.659,1.376,0.389,0.0
940GZZLUBSC,940GZZLUTCR,0.0,1.429,23.316,17.27,9.911,1.199,0.634,0.0
940GZZLUBSC,940GZZLUTWH,0.0,4.285,37.697998,17.848,21.735,4.896,0.372,0.0
940GZZLUBSC,940GZZLUVIC,0.0,6.739,43.444,44.988,92.038,28.235,5.482,0.0
940GZZLUBSC,940GZZLUWRR,0.0,2.912,40.601,17.74,8.6380005,1.607,0.227,0.0
940GZZLUBSC,940GZZLUWKA,0.0,0.0,0.533,2.52,0.607,0.404,0.277,0.0
940GZZLUBSC,940GZZLUWLO,0.0,2.504,23.473999,18.42,42.431,6.159,1.496,0.0
940GZZLUBSC,940GZZLUWBN,0.0,0.218,5.278,4.391,7.843,2.804,0.255,0.0
940GZZLUBSC,940GZZLUWHP,0.0,0.015,3.177,3.534,4.746,1.756,0.121,0.0
940GZZLUBSC,940GZZLUWKN,0.0,0.19,1.536,6.887,4.431,1.397,0.212,0.0
940GZZLUBSC,940GZZLUWSM,0.0,4.768,32.604,21.482,11.385,1.84,0.76,0.0
940GZZLUBSC,940GZZLUWPL,0.0,2.708,19.12,17.049,23.841,8.738,1.63,0.0
940GZZLUBSC,940GZZLUWIG,0.0,0.113,0.338,2.929,5.82,3.497,0.776,0.018
940GZZLUBSC,940GZZLUPCO,0.0,0.232,12.522,8.577,6.125,2.522,0.481,0.0
940GZZLUBSC,940GZZLUVXL,0.0,2.116,27.206,14.14,27.267,8.646,3.961,0.0
940GZZLUBSC,940GZZLUBXN,0.0,0.266,8.904,16.703,43.392,17.025,6.23,0.022
940GZZLUBSC,940GZZLUSWK,0.0,2.589,35.105,13.129,12.558,1.97,0.234,0.0
940GZZLUBSC,940GZZLUBMY,0.0,1.573,9.938,4.575,12.13,1.477,0.23900001,0.003
940GZZLUBSC,940GZZLUCWR,0.0,1.9580001,8.386,16.86,28.208,12.402,3.025,0.0
940GZZLUBWT,940GZZLUBBN,0.0,0.758,5.1569996,6.709,4.7869997,1.842,0.555,0.0
940GZZLUBWT,940GZZLUALD,0.0,0.605,6.835,6.304,1.716,1.231,0.559,0.0
940GZZLUBWT,940GZZLUADE,0.0,6.775,0.0,0.0,0.0,5.4370003,1.229,0.0
940GZZLUBWT,940GZZLUAGL,0.0,0.007,1.81,2.024,1.388,0.594,1.326,0.0
940GZZLUBWT,940GZZLUBST,0.0,2.001,47.746002,20.64,34.948,0.0,4.006,0.0
940GZZLUBWT,940GZZLUBNK,0.0,0.296,27.105,24.304,4.9,3.642,0.0,0.0
940GZZLUBWT,940GZZLUBSC,0.0,0.15100001,6.834,7.241,4.648,2.203,1.32,0.0
940GZZLUBWT,940GZZLUBLG,0.0,0.0,0.0,0.36499998,1.344,0.0,0.21,0.0
940GZZLUBWT,940GZZLUBKF,0.0,5.65,39.961998,25.968,10.827,4.212,0.787,0.0
940GZZLUBWT,940GZZLUBND,0.0,0.0,1.88,14.07,4.601,1.677,0.0,0.0
940GZZLUBWT,940GZZLUCTN,0.0,0.0,6.94,11.081,2.5970001,0.544,0.28,0.0
940GZZLUBWT,940GZZLUCST,0.0,3.454,11.161,3.368,2.875,2.2020001,0.0,0.0
940GZZLUBWT,940GZZLUCHL,0.0,0.0,0.517,1.6850001,0.414,0.12799999,0.0,0.0
940GZZLUBWT,940GZZLUEMB,0.0,3.9659998,41.254,46.249,33.228,7.271,11.968,0.0
940GZZLUBWT,940GZZLUCGN,0.0,0.0,5.606,14.437,7.516,1.222,0.19500001,0.0
940GZZLUBWT,940GZZLUECT,0.0,2.611,31.293999,66.855,47.875,35.673,15.056,0.0
940GZZLUBWT,940GZZLUERC,0.0,1.402,49.139,79.272,40.435,23.224,12.952001,0.0
940GZZLUBWT,940GZZLUEAC,0.0,0.0,1.244,4.543,4.324,1.765,1.156,0.0
940GZZLUBWT,940GZZLUEUS,0.0,0.0,0.985,2.41,1.603,0.709,0.0,0.0
940GZZLUBWT,940GZZLUESQ,0.0,42.886,0.0,0.0,34.536,0.0,4.8190002,0.0
940GZZLUBWT,940GZZLUFCN,0.0,6.079,0.0,13.262,6.3339996,0.819,0.709,0.0
940GZZLUBWT,940GZZLUFYR,0.0,0.067,1.432,3.174,1.4169999,0.772,0.206,0.0
940GZZLUBWT,940GZZLUFPK,0.0,0.0,1.32,1.34,2.098,2.216,0.464,0.0
940GZZLUBWT,940GZZLUFBY,0.0,0.759,43.694,53.303,27.185,16.266,6.313,0.0
940GZZLUBWT,940GZZLUGTR,0.0,2.042,27.941,58.021,30.847,31.041,8.266,0.0
940GZZLUBWT,940GZZLUGPS,0.0,12.878,0.0,0.0,8.251,0.0,1.7179999,0.0
940GZZLUBWT,940GZZLUGPK,0.0,0.505,6.049,10.723,3.189,0.583,0.0,0.0
940GZZLUBWT,940GZZLUHSD,0.0,0.995,18.730999,18.401,13.475,8.535,2.114,0.0
940GZZLUBWT,940GZZLUHAI,0.0,0.169,0.15,0.817,0.433,0.209,0.218,0.0
940GZZLUBWT,940GZZLUHSK,0.0,6.894,45.551,140.17,60.817,35.879,8.195,0.0
940GZZLUBWT,940GZZLUHBN,0.0,0.0,2.597,4.461,2.683,0.893,0.0,0.0
940GZZLUBWT,940GZZLUHWY,0.0,0.0,1.062,0.911,1.068,0.324,0.0,0.0
940GZZLUBWT,940GZZLUHPC,0.0,0.127,4.956,6.775,2.527,1.105,0.0,0.0
940GZZLUBWT,940GZZLUKBN,0.0,0.0,0.098,1.167,1.038,0.739,0.134,0.0
940GZZLUBWT,940GZZLUKSX,0.0,76.979996,0.0,0.0,87.725006,13.345,8.552,0.0
940GZZLUBWT,940GZZLUKNB,0.0,2.332,18.946,53.581,25.336,5.601,0.454,0.0
940GZZLUBWT,940GZZLULBN,0.0,0.0,0.907,3.1299999,0.355,0.49,0.68299997,0.0
940GZZLUBWT,940GZZLULGT,0.0,0.0,0.38,1.286,0.705,0.21599999,0.191,0.0
940GZZLUBWT,940GZZLULSQ,0.0,0.099,2.688,9.489,8.369,2.635,0.208,0.0
940GZZLUBWT,940GZZLULVT,0.0,3.601,8.923,23.527,10.529,2.412,0.791,0.0
940GZZLUBWT,940GZZLULNB,0.0,0.143,9.154,19.383,6.13,4.489,0.83,0.0
940GZZLUBWT,940GZZLUMSH,0.0,0.115,18.841,3.506,1.564,0.319,0.0,0.0
940GZZLUBWT,940GZZLUMBA,0.0,0.0,6.864,10.621,5.432,1.538,0.113,0.0
940GZZLUBWT,940GZZLUMYB,0.0,0.511,13.675,15.797,4.436,2.949,0.21700001,0.0
940GZZLUBWT,940GZZLUMED,0.0,0.0,0.184,1.215,0.378,0.872,0.018000001,0.0
940GZZLUBWT,940GZZLUMGT,0.0,0.915,5.55,4.875,1.887,0.536,0.001,0.0
940GZZLUBWT,940GZZLUNHG,0.0,0.108,20.959,54.313,16.411,10.752,1.922,0.0
940GZZLUBWT,940GZZLUODS,0.0,0.121,0.687,1.31,1.018,0.874,0.214,0.0
940GZZLUBWT,940GZZLUOVL,0.0,0.0,0.734,0.857,0.88,0.281,0.0,0.0
940GZZLUBWT,940GZZLUOXC,0.0,0.301,8.105,31.744,13.698,4.555,1.0600001,0.0
940GZZLUBWT,940GZZLUPAC,0.0,16.655,87.085,154.527,91.416,65.669,16.116,0.0
940GZZLUBWT,940GZZLUPCC,0.0,0.0,10.944,35.902,30.508,18.646,2.7549999,0.0
940GZZLUBWT,940GZZLUQWY,0.0,0.0,1.186,0.581,0.694,0.51,0.0,0.0
940GZZLUBWT,940GZZLURGP,0.0,0.16000001,2.596,1.651,0.693,0.21700001,0.126,0.0
940GZZLUBWT,940GZZLURSQ,0.0,0.0,2.335,2.44,0.634,0.635,0.248,0.0
940GZZLUBWT,940GZZLUSJP,0.0,2.705,138.827,112.506,15.559,3.632,1.733,0.0
940GZZLUBWT,940GZZLUSJW,0.0,0.0,0.562,1.816,0.594,0.422,0.0,0.0
940GZZLUBWT,940GZZLUSPU,0.0,0.522,7.713,5.302,1.433,0.212,0.0,0.0
940GZZLUBWT,940GZZLUSBC,0.0,0.469,0.915,7.326,4.378,1.515,1.175,0.0
940GZZLUBWT,940GZZLUSSQ,0.0,3.267,57.355,84.88,38.732998,19.055,4.779,0.0
940GZZLUBWT,940GZZLUSKS,0.0,1.994,92.989,147.56,54.257,24.958,5.531,0.0
940GZZLUBWT,940GZZLUSKW,0.0,0.0,0.83100003,1.926,2.777,1.191,1.179,0.0
940GZZLUBWT,940GZZLUCHX,0.0,0.097,3.449,9.976,5.734,2.631,0.194,0.0
940GZZLUBWT,940GZZLUSWC,0.0,0.0,0.524,0.89,0.401,0.855,0.346,0.0
940GZZLUBWT,940GZZLUTMP,0.0,0.85400003,18.886,21.274,8.791,2.5540001,0.0,0.0
940GZZLUBWT,940GZZLUTCR,0.0,0.149,4.247,12.6,6.795,2.441,0.679,0.0
940GZZLUBWT,940GZZLUTWH,0.0,2.432,87.525,105.379,26.752,8.505,1.179,0.0
940GZZLUBWT,940GZZLUVIC,0.0,9.6970005,47.801,64.616,54.681,21.307,5.277,0.0
940GZZLUBWT,940GZZLUWRR,0.0,0.0,0.30900002,0.571,0.19600001,0.119,0.053,0.0
940GZZLUBWT,940GZZLUWKA,0.0,0.0,1.269,7.313,2.077,2.045,1.25,0.0
940GZZLUBWT,940GZZLUWLO,0.0,2.775,6.553,9.91,8.753,2.533,1.501,0.0
940GZZLUBWT,940GZZLUWBN,0.0,2.486,29.64,28.975,28.21,16.858,6.0230002,0.0
940GZZLUBWT,940GZZLUWHP,0.0,0.0,0.0,1.092,0.605,0.324,0.0,0.0
940GZZLUBWT,940GZZLUWKN,0.0,0.047000002,2.374,8.108,6.164,8.48,3.511,0.0
940GZZLUBWT,940GZZLUWSM,0.0,3.105,112.269,166.54199,33.577,9.723001,1.541,0.0
940GZZLUBWT,940GZZLUWPL,0.0,1.411,1.755,0.0,0.0,2.448,0.41300002,0.0
940GZZLUBWT,940GZZLUWIG,0.0,0.0,0.0,0.407,1.138,0.557,0.117,0.0
940GZZLUBWT,940GZZLUPCO,0.0,0.0,4.12,6.252,2.728,0.987,0.786,0.0
940GZZLUBWT,940GZZLUVXL,0.0,0.326,13.949,6.925,8.769,6.157,1.358,0.0
940GZZLUBWT,940GZZLUBXN,0.0,0.117,3.272,9.717,8.982,6.898,3.653,0.0
940GZZLUBWT,940GZZLUSWK,0.0,0.27,2.78,3.325,1.535,1.072,0.291,0.0
940GZZLUBWT,940GZZLUBMY,0.0,0.0,0.0,1.798,0.641,0.32,0.120000005,0.0
940GZZLUBWT,940GZZLUCWR,0.0,4.9960003,16.666,28.534,21.768,11.076,3.264,0.0
940GZZLUBLG,940GZZLUBBN,0.0,2.56,34.516,27.179,9.034,3.325,1.765,0.0
940GZZLUBLG,940GZZLUALD,0.0,0.1,7.18,7.342,3.91,0.93,0.341,0.0
940GZZLUBLG,940GZZLUADE,0.0,0.0,5.15,6.391,4.7400002,2.112,0.913,0.0
940GZZLUBLG,940GZZLUAGL,0.0,1.031,30.503,38.458,18.218,10.985,3.223,0.0
940GZZLUBLG,940GZZLUBST,0.0,5.285,35.195,38.959,13.444,4.1150002,5.893,0.0
940GZZLUBLG,940GZZLUBNK,0.0,48.49,335.045,281.723,205.262,69.854004,28.717,0.0
940GZZLUBLG,940GZZLUBSC,0.0,0.206,10.702,4.12,3.64,2.302,1.517,0.0
940GZZLUBLG,940GZZLUBKF,0.0,0.932,12.467,4.915,2.698,0.947,0.866,0.0
940GZZLUBLG,940GZZLUBND,0.0,25.532,213.169,190.62,74.236,16.905,4.643,0.0
940GZZLUBLG,940GZZLUBOR,0.0,0.755,34.765,27.065,9.46,5.677,3.345,0.0
940GZZLUBLG,940GZZLUCAR,0.0,0.969,5.991,8.362,7.7139997,5.077,1.632,0.0
940GZZLUBLG,940GZZLUCTN,0.0,1.007,20.763,43.689,20.449,12.726,2.848,0.0
940GZZLUBLG,940GZZLUCST,0.0,0.022,3.306,1.194,0.94,0.609,0.262,0.0
940GZZLUBLG,940GZZLUCHL,0.0,17.659,280.71,160.259,67.179,13.435,3.782,0.0
940GZZLUBLG,940GZZLUEMB,0.0,0.27,17.664,11.967,5.327,1.766,0.535,0.0
940GZZLUBLG,940GZZLUCGN,0.0,1.11,16.899,43.408,21.18,7.779,0.115,0.0
940GZZLUBLG,940GZZLUECT,0.0,1.37,14.859,11.985,6.626,3.988,3.899,0.0
940GZZLUBLG,940GZZLUERC,0.0,0.676,10.264,4.662,2.762,1.804,1.158,0.0
940GZZLUBLG,940GZZLUEAC,0.0,2.006,44.527,68.285,35.72,24.447,14.597,0.0
940GZZLUBLG,940GZZLUEUS,0.0,7.092,26.438,45.051,29.052,14.072,4.66,0.0
940GZZLUBLG,940GZZLUESQ,0.0,3.8830001,57.73,61.258,17.573,8.771,0.722,0.0
940GZZLUBLG,940GZZLUFCN,0.0,6.046,80.624,47.37,20.421,10.851,3.873,0.0
940GZZLUBLG,940GZZLUFYR,0.0,0.394,6.088,7.309,4.096,3.48,1.507,0.0
940GZZLUBLG,940GZZLUFPK,0.0,0.555,9.249,13.712,11.615,10.497,7.364,0.0
940GZZLUBLG,940GZZLUFBY,0.0,1.144,11.903,6.392,4.679,4.165,1.439,0.0
940GZZLUBLG,940GZZLUGTR,0.0,1.957,5.32,13.501,10.108,3.097,2.441,0.0
940GZZLUBLG,940GZZLUGDG,0.0,1.949,11.414,10.466,4.242,0.688,0.31,0.0
940GZZLUBLG,940GZZLUGPS,0.0,3.862,27.77,12.863,5.594,1.525,1.176,0.0
940GZZLUBLG,940GZZLUGPK,0.0,10.652,55.53,58.068,18.017,7.917,1.07,0.0
940GZZLUBLG,940GZZLUHSD,0.0,5.78,39.126,17.475,15.609,6.626,2.159,0.0
940GZZLUBLG,940GZZLUHAI,0.0,0.031000001,2.894,2.253,1.373,0.812,0.931,0.0
940GZZLUBLG,940GZZLUHSK,0.0,5.368,37.387,22.309,7.861,3.759,0.65500003,0.0
940GZZLUBLG,940GZZLUHBN,0.0,14.171,343.64,366.667,146.709,34.266,5.853,0.0
940GZZLUBLG,940GZZLUHPK,0.0,0.585,24.025,14.588,6.761,3.536,2.171,0.0
940GZZLUBLG,940GZZLUHWY,0.0,1.7820001,9.2699995,14.216,6.631,4.656,2.308,0.0
940GZZLUBLG,940GZZLUHPC,0.0,2.817,11.303,10.995,3.477,1.139,1.001,0.0
940GZZLUBLG,940GZZLUKNG,0.0,0.847,8.057,9.879,10.502,9.917,4.92,0.0
940GZZLUBLG,940GZZLUKSH,0.0,0.1,8.989,6.919,5.973,4.322,1.57,0.0
940GZZLUBLG,940GZZLUKBN,0.0,0.43600002,1.94,7.024,8.027,6.022,5.068,0.0
940GZZLUBLG,940GZZLUKSX,0.0,19.624,112.279,145.376,88.352,29.942,12.848001,0.0
940GZZLUBLG,940GZZLUKNB,0.0,6.846,48.479,43.921,12.826,3.654,1.267,0.0
940GZZLUBLG,940GZZLULBN,0.0,0.0,3.711,5.051,3.103,0.521,0.408,0.0
940GZZLUBLG,940GZZLULGT,0.0,7.836,63.46,36.551,21.456,8.061,4.983,0.0
940GZZLUBLG,940GZZLULSQ,0.0,3.985,24.496,51.954,27.894,16.335,3.586,0.0
940GZZLUBLG,940GZZLULVT,0.0,32.472,230.245,336.371,332.611,96.458,39.745,0.0
940GZZLUBLG,940GZZLULNB,0.0,9.615,129.075,146.809,141.1,54.15,30.541,0.0
940GZZLUBLG,940GZZLUMSH,0.0,0.0,2.375,0.254,0.0,0.0,0.0,0.0
940GZZLUBLG,940GZZLUMBA,0.0,14.485,78.656,72.021,37.265,15.533,6.344,0.0
940GZZLUBLG,940GZZLUMYB,0.0,4.007,22.711,20.366,27.688,10.495,9.165,0.0
940GZZLUBLG,940GZZLUMED,0.0,4.574,76.47,170.731,77.581,61.098,30.736,0.0
940GZZLUBLG,940GZZLUMGT,0.0,1.278,14.602,10.313,5.552,3.126,0.932,0.0
940GZZLUBLG,940GZZLUMTC,0.0,0.893,14.693,5.38,2.5740001,2.402,1.128,0.0
940GZZLUBLG,940GZZLUNHG,0.0,8.551,75.387,55.452,31.979,17.375,10.7,0.0
940GZZLUBLG,940GZZLUODS,0.0,0.137,8.917,17.827,6.329,5.327,2.68,0.0
940GZZLUBLG,940GZZLUOVL,0.0,1.79,20.777,14.382,13.885,10.93,9.159,0.0
940GZZLUBLG,940GZZLUOXC,0.0,37.231,382.057,441.179,180.748,48.969,13.403,0.0
940GZZLUBLG,940GZZLUPAC,0.0,9.617,40.635,41.208,26.442,10.264,3.564,0.0
940GZZLUBLG,940GZZLUPCC,0.0,5.631,48.521,64.103,42.623,15.219,6.465,0.0
940GZZLUBLG,940GZZLUQWY,0.0,1.841,35.446,22.488,18.903,8.652,6.012,0.0
940GZZLUBLG,940GZZLURGP,0.0,0.955,7.39,3.3,1.127,0.237,0.216,0.0
940GZZLUBLG,940GZZLURYO,0.0,0.253,3.203,2.276,1.036,1.077,0.601,0.0
940GZZLUBLG,940GZZLURSQ,0.0,0.153,18.704,25.244,11.227,4.58,2.667,0.0
940GZZLUBLG,940GZZLUSJP,0.0,1.914,32.35,14.047,3.456,0.379,0.212,0.0
940GZZLUBLG,940GZZLUSJW,0.0,0.765,14.693,11.349,4.842,4.958,3.305,0.0
940GZZLUBLG,940GZZLUSPU,0.0,23.414,211.229,178.591,62.372,18.509,3.858,0.0
940GZZLUBLG,940GZZLUSBC,0.0,13.174,110.289,88.849,60.685,28.083,18.045,0.0
940GZZLUBLG,940GZZLUSSQ,0.0,1.741,14.102,15.785,6.56,1.827,1.482,0.0
940GZZLUBLG,940GZZLUSKS,0.0,2.733,49.089,58.629,21.727,8.44,2.478,0.0
940GZZLUBLG,940GZZLUSKW,0.0,1.816,15.065,9.692,14.184,9.601,6.89,0.0
940GZZLUBLG,940GZZLUCHX,0.0,4.133,20.838,25.976,20.594,7.164,1.819,0.0
940GZZLUBLG,940GZZLUSWC,0.0,1.201,8.732,8.231,8.834,5.222,1.906,0.0
940GZZLUBLG,940GZZLUTMP,0.0,0.125,6.723,4.962,1.5320001,0.922,0.136,0.0
940GZZLUBLG,940GZZLUTCR,0.0,23.612999,399.486,451.843,238.927,81.008,19.72,0.0
940GZZLUBLG,940GZZLUTWH,0.0,0.117,11.233,22.632,6.231,3.275,0.35,0.0
940GZZLUBLG,940GZZLUVIC,0.0,26.805,126.483,135.396,111.141,43.882,26.717001,0.0
940GZZLUBLG,940GZZLUWRR,0.0,0.841,13.772,10.481,4.076,2.069,1.007,0.0
940GZZLUBLG,940GZZLUWKA,0.0,0.291,5.36,4.075,5.1610003,2.362,1.9610001,0.0
940GZZLUBLG,940GZZLUWLO,0.0,46.87,306.608,170.622,198.533,92.853,33.432,0.0
940GZZLUBLG,940GZZLUWBN,0.0,1.904,5.199,5.415,2.643,2.588,1.706,0.0
940GZZLUBLG,940GZZLUWHP,0.0,5.761,7.164,3.1100001,5.1,4.399,3.522,0.0
940GZZLUBLG,940GZZLUWKN,0.0,0.227,2.181,1.674,2.024,1.742,1.13,0.0
940GZZLUBLG,940GZZLUWSM,0.0,1.28,35.931,25.461,7.519,0.833,0.118,0.0
940GZZLUBLG,940GZZLUWPL,0.0,1.036,14.504,24.631,17.926,12.844,5.013,0.0
940GZZLUBLG,940GZZLUWIG,0.0,0.312,1.373,6.17,11.688,5.29,8.641,0.0
940GZZLUBLG,940GZZLUERB,0.0,1.138,16.016,10.994,5.988,2.401,1.37,0.0
940GZZLUBLG,940GZZLUPCO,0.0,2.124,21.561,21.802,10.67,4.975,4.354,0.0
940GZZLUBLG,940GZZLUVXL,0.0,11.288,44.08,24.843,23.889,12.641,6.3,0.0
940GZZLUBLG,940GZZLUBXN,0.0,1.356,22.107,28.393,49.666,35.686,20.044,0.0
940GZZLUBLG,940GZZLUSWK,0.0,0.862,5.361,5.998,5.071,1.74,0.15,0.0
940GZZLUBLG,940GZZLUBMY,0.0,1.692,16.536,5.105,5.886,4.871,2.908,0.0
940GZZLUBLG,940GZZLUCWR,0.0,0.045,0.875,3.601,2.979,2.042,1.4810001,0.0
940GZZLUBKF,940GZZLUBBN,0.0,0.214,6.0690002,5.754,4.501,0.122999996,0.308,0.0
940GZZLUBKF,940GZZLUALD,0.0,2.439,82.843,41.055,24.603,8.399,2.96,0.0
940GZZLUBKF,940GZZLUADE,0.0,13.09,319.51498,175.49,151.883,63.898,18.619,0.0
940GZZLUBKF,940GZZLUAGL,0.0,0.0,2.831,10.159,13.075,3.999,0.728,0.0
940GZZLUBKF,940GZZLUBST,0.0,0.15,7.054,27.721,32.485,6.997,4.543,0.0
940GZZLUBKF,940GZZLUBNK,0.0,42.744,841.295,407.76,475.397,115.991,23.617,0.0
940GZZLUBKF,940GZZLUBSC,0.0,2.734,22.953001,16.841,49.939,22.702,5.845,0.0
940GZZLUBKF,940GZZLUBWT,0.0,0.811,5.539,15.232,38.978,11.591,4.185,0.0
940GZZLUBKF,940GZZLUBLG,0.0,0.0,1.311,5.022,7.545,4.061,2.071,0.0
940GZZLUBKF,940GZZLUBND,0.0,2.017,24.134,37.453,37.515,6.4240003,0.754,0.0
940GZZLUBKF,940GZZLUBOR,0.0,0.0,2.46,2.514,2.58,0.735,0.192,0.0
940GZZLUBKF,940GZZLUCAR,0.0,0.0,0.0,0.747,0.31,0.324,0.324,0.0
940GZZLUBKF,940GZZLUCTN,0.0,0.191,6.211,17.06,22.596,6.785,1.086,0.0
940GZZLUBKF,940GZZLUCST,0.0,27.873,422.56,158.678,205.013,41.365,9.4,0.0
940GZZLUBKF,940GZZLUCHL,0.0,0.0,1.076,1.562,0.178,0.557,0.042999998,0.0
940GZZLUBKF,940GZZLUEMB,0.0,34.503,479.71,339.014,328.309,67.402,16.047,0.0
940GZZLUBKF,940GZZLUCGN,0.0,0.214,2.431,8.019,6.041,1.171,0.012,0.0
940GZZLUBKF,940GZZLUECT,0.0,5.27,69.889,79.713,174.01399,91.006,21.985,0.0
940GZZLUBKF,940GZZLUERC,0.0,0.0,0.982,5.077,5.271,2.068,1.086,0.0
940GZZLUBKF,940GZZLUEAC,0.0,0.0,0.969,2.902,3.846,1.347,0.402,0.0
940GZZLUBKF,940GZZLUEUS,0.0,1.715,17.045,68.333,104.659996,17.77,4.107,0.0
940GZZLUBKF,940GZZLUESQ,0.0,0.472,4.657,12.338,9.111,2.498,0.32,0.0
940GZZLUBKF,940GZZLUFCN,0.0,0.0,4.696,3.3600001,2.743,0.515,0.342,0.0
940GZZLUBKF,940GZZLUFYR,0.0,0.0,2.213,5.809,16.251,7.147,2.842,0.0
940GZZLUBKF,940GZZLUFPK,0.0,0.0,0.999,2.355,5.841,2.697,3.344,0.0
940GZZLUBKF,940GZZLUFBY,0.0,2.345,60.104,60.178,142.71,63.443,10.149,0.0
940GZZLUBKF,940GZZLUGTR,0.0,6.008,71.3,85.871,155.802,70.404,18.475,0.0
940GZZLUBKF,940GZZLUGDG,0.0,0.766,26.263,32.619,19.797,3.618,1.181,0.0
940GZZLUBKF,940GZZLUGPS,0.0,0.0,2.235,3.852,2.283,0.601,0.423,0.0
940GZZLUBKF,940GZZLUGPK,0.0,2.18,34.679,86.42,47.251,9.773,0.748,0.0
940GZZLUBKF,940GZZLUHSD,0.0,14.787,136.741,101.075,182.32,68.174,17.248,0.0
940GZZLUBKF,940GZZLUHAI,0.0,0.0,1.341,2.894,2.433,2.107,0.731,0.0
940GZZLUBKF,940GZZLUHSK,0.0,13.549,99.214,82.538,99.242,31.289,8.068,0.0
940GZZLUBKF,940GZZLUHBN,0.0,0.0,2.469,4.356,3.226,0.061,0.0,0.0
940GZZLUBKF,940GZZLUHPK,0.0,0.0,0.635,1.496,1.008,0.18900001,0.113000005,0.0
940GZZLUBKF,940GZZLUHWY,0.0,0.0,0.306,0.781,1.02,0.362,0.278,0.0
940GZZLUBKF,940GZZLUHPC,0.0,0.0,1.757,5.221,2.601,0.674,0.005,0.0
940GZZLUBKF,940GZZLUKNG,0.0,0.0,1.254,4.248,17.367,9.612,3.086,0.0
940GZZLUBKF,940GZZLUKOY,0.0,0.0,0.0,0.0,0.0,0.19399999,0.0,0.0
940GZZLUBKF,940GZZLUKSH,0.0,0.056,1.013,2.588,3.014,1.163,0.584,0.0
940GZZLUBKF,940GZZLUKBN,0.0,0.0,0.354,2.404,10.627,9.241,2.259,0.0
940GZZLUBKF,940GZZLUKSX,0.0,0.371,10.188,52.38,43.801,8.14,3.385,0.0
940GZZLUBKF,940GZZLUKNB,0.0,0.622,6.355,23.975,12.228,2.109,0.104,0.0
940GZZLUBKF,940GZZLULBN,0.0,6.391,10.792,6.601,6.089,3.252,0.702,0.0
940GZZLUBKF,940GZZLULGT,0.0,0.0,0.0,1.496,2.098,0.48900002,0.375,0.0
940GZZLUBKF,940GZZLULSQ,0.0,0.463,16.9,68.824,71.015,11.368,2.381,0.0
940GZZLUBKF,940GZZLULVT,0.0,11.798,110.87,166.834,303.501,63.82,20.001,0.0
940GZZLUBKF,940GZZLULNB,0.0,0.212,8.942,15.429,14.649,3.881,1.156,0.0
940GZZLUBKF,940GZZLUMSH,0.0,14.15,219.867,80.187,33.685,8.222,0.996,0.0
940GZZLUBKF,940GZZLUMBA,0.0,0.27400002,1.425,4.094,1.711,0.394,0.313,0.0
940GZZLUBKF,940GZZLUMYB,0.0,0.307,10.1380005,34.183,106.777,22.726,5.014,0.0
940GZZLUBKF,940GZZLUMED,0.0,3.237,22.26,42.335,105.857,39.386,13.969,0.0
940GZZLUBKF,940GZZLUMGT,0.0,0.267,23.402,27.532,13.927,2.474,1.07,0.0
940GZZLUBKF,940GZZLUMTC,0.0,0.146,3.931,3.889,6.193,2.198,1.388,0.0
940GZZLUBKF,940GZZLUNHG,0.0,2.793,17.148,26.718,38.617,13.74,3.431,0.0
940GZZLUBKF,940GZZLUODS,0.0,0.103,11.25,22.582,20.397,6.447,1.686,0.0
940GZZLUBKF,940GZZLUOVL,0.0,0.253,1.527,4.315,21.846,13.689,2.907,0.0
940GZZLUBKF,940GZZLUOXC,0.0,6.295,34.097,77.842,64.135,8.04,0.466,0.0
940GZZLUBKF,940GZZLUPAC,0.0,4.373,37.905,136.523,207.325,39.659,14.96,0.0
940GZZLUBKF,940GZZLUPCC,0.0,1.6719999,29.397,92.473,84.917,16.184,2.421,0.0
940GZZLUBKF,940GZZLUQWY,0.0,0.0,0.0,2.5870001,1.453,0.572,0.361,0.0
940GZZLUBKF,940GZZLURGP,0.0,0.165,5.235,12.085,10.448,1.749,0.388,0.0
940GZZLUBKF,940GZZLURSQ,0.0,0.0,0.753,4.788,3.145,2.019,0.939,0.0
940GZZLUBKF,940GZZLUSJP,0.0,26.344,714.159,417.73,173.479,51.134,11.644,0.0
940GZZLUBKF,940GZZLUSJW,0.0,0.0,10.752,9.675,29.756,12.962,3.747,0.0
940GZZLUBKF,940GZZLUSPU,0.0,0.0,0.009,0.0,0.0,0.0,0.0,0.0
940GZZLUBKF,940GZZLUSBC,0.0,0.0,0.31,6.69,8.665,2.492,0.698,0.0
940GZZLUBKF,940GZZLUSSQ,0.0,15.571,190.378,234.258,328.635,146.693,22.69,0.0
940GZZLUBKF,940GZZLUSKS,0.0,22.587,230.519,288.029,257.341,99.729004,15.133,0.0
940GZZLUBKF,940GZZLUSKW,0.0,0.0,1.321,7.094,49.263,21.771,8.979,0.0
940GZZLUBKF,940GZZLUCHX,0.0,0.227,5.205,12.401,10.461,3.505,0.816,0.0
940GZZLUBKF,940GZZLUSWC,0.0,0.0,1.395,7.024,23.902,10.045,2.862,0.0
940GZZLUBKF,940GZZLUTMP,0.0,13.767,219.251,150.234,70.812,13.022,2.009,0.0
940GZZLUBKF,940GZZLUTCR,0.0,3.337,52.093,60.133,37.242,9.409,2.549,0.0
940GZZLUBKF,940GZZLUTWH,0.0,19.548,443.964,342.38,733.093,138.839,34.764,0.0
940GZZLUBKF,940GZZLUVIC,0.0,8.031,69.653,94.561,236.912,87.602,20.709,0.0
940GZZLUBKF,940GZZLUWRR,0.0,0.178,7.2070003,16.927,10.703,1.347,1.948,0.0
940GZZLUBKF,940GZZLUWKA,0.0,0.073,0.449,3.411,20.876,9.504,1.676,0.0
940GZZLUBKF,940GZZLUWLO,0.0,4.617,22.344,83.932,267.338,93.679,22.319,0.0
940GZZLUBKF,940GZZLUWBN,0.0,23.125,110.968,37.706,69.878,28.406,5.519,0.0
940GZZLUBKF,940GZZLUWHP,0.0,0.0,0.0,2.663,3.755,3.169,0.895,0.0
940GZZLUBKF,940GZZLUWKN,0.0,1.541,39.13,35.924,89.463,44.414,12.903,0.0
940GZZLUBKF,940GZZLUWSM,0.0,38.988,515.038,297.788,112.866,27.623001,5.826,0.0
940GZZLUBKF,940GZZLUWPL,0.0,9.824,147.072,119.411,286.368,121.340004,32.56,0.0
940GZZLUBKF,940GZZLUWIG,0.0,0.0,0.526,5.185,16.627,6.817,4.8190002,0.0
940GZZLUBKF,940GZZLUERB,0.0,0.014,0.958,5.033,9.706,2.717,1.127,0.0
940GZZLUBKF,940GZZLUPCO,0.0,0.22600001,7.322,18.791,29.116,19.175,3.914,0.0
940GZZLUBKF,940GZZLUVXL,0.0,0.748,28.309,30.576,78.57,34.44,9.316,0.0
940GZZLUBKF,940GZZLUBXN,0.0,0.0,10.6970005,19.468,100.435,50.217,10.611,0.0
940GZZLUBKF,940GZZLUSWK,0.0,0.32,1.814,3.173,1.8560001,0.911,0.016,0.0
940GZZLUBKF,940GZZLUBMY,0.0,0.288,1.59,2.13,5.198,2.994,0.853,0.0
940GZZLUBKF,940GZZLUCWR,0.0,0.466,7.375,25.065,19.742,16.917,5.243,0.0
940GZZLUBND,940GZZLUBBN,0.0,0.0,1.225,15.29,11.918,5.056,1.703,0.0
940GZZLUBND,940GZZLUALD,0.0,0.0,6.719,32.282,41.144,19.251,8.534,0.0
940GZZLUBND,940GZZLUADE,0.0,0.368,4.772,33.884,44.676,35.733,10.216,0.0
940GZZLUBND,940GZZLUAGL,0.0,0.0,2.107,32.997,36.78,19.389,5.974,0.0
940GZZLUBND,940GZZLUBST,0.0,0.531,10.181,150.176,117.321,52.285,13.476,0.0
940GZZLUBND,940GZZLUBNK,0.0,10.261,166.764,859.217,694.689,213.812,80.972,0.0
940GZZLUBND,940GZZLUBSC,0.0,0.051,1.396,17.059,30.703,21.506,9.085,0.002
940GZZLUBND,940GZZLUBWT,0.0,0.0,0.0,5.268,5.965,6.764,0.799,0.0
940GZZLUBND,940GZZLUBLG,0.0,1.505,8.307,94.768,211.723,123.092,68.062004,0.0
940GZZLUBND,940GZZLUBKF,0.0,0.083000004,6.419,29.722,26.827,7.977,2.539,0.0
940GZZLUBND,940GZZLUBOR,0.0,0.0,0.653,7.696,7.348,9.348,3.581,0.0
940GZZLUBND,940GZZLUCAR,0.0,0.053,1.004,12.6119995,20.641,15.863,7.343,0.0
940GZZLUBND,940GZZLUCTN,0.0,0.0,3.842,49.748,40.113,16.61,5.571,0.0
940GZZLUBND,940GZZLUCST,0.0,0.0,0.442,4.604,3.231,0.814,0.013,0.0
940GZZLUBND,940GZZLUCHL,0.0,3.8830001,79.063,453.695,181.994,42.686,12.017,0.0
940GZZLUBND,940GZZLUEMB,0.0,0.073,1.638,32.053,23.825,6.484,0.944,0.0
940GZZLUBND,940GZZLUCGN,0.0,0.071,3.004,93.538,70.237,21.322,0.766,0.0
940GZZLUBND,940GZZLUECT,0.0,0.252,4.39,67.296,83.399,64.494,19.429,0.003
940GZZLUBND,940GZZLUERC,0.0,0.0,0.27,5.211,4.029,2.609,1.5,0.0
940GZZLUBND,940GZZLUEAC,0.0,0.307,2.702,37.838,55.583,34.234,14.913,0.0
940GZZLUBND,940GZZLUEUS,0.0,0.761,5.043,79.48,105.506,53.189,12.009,0.0
940GZZLUBND,940GZZLUESQ,0.0,0.0,0.8,9.443,7.994,2.437,0.408,0.0
940GZZLUBND,940GZZLUFCN,0.0,0.025,3.405,23.372,16.381,7.5,1.835,0.0
940GZZLUBND,940GZZLUFYR,0.0,0.62,16.0,146.919,203.977,135.02,35.742,0.0
940GZZLUBND,940GZZLUFPK,0.0,0.104,2.357,38.429,103.994,45.372,23.931,0.0
940GZZLUBND,940GZZLUFBY,0.0,0.039,2.87,34.046,54.936,27.51,7.983,0.0
940GZZLUBND,940GZZLUGTR,0.0,0.235,4.094,62.406,66.542,43.688,12.578,0.003
940GZZLUBND,940GZZLUGDG,0.0,0.0,0.808,17.184,8.065,3.605,1.085,0.0
940GZZLUBND,940GZZLUGPS,0.0,0.075,2.281,5.225,4.443,1.982,0.451,0.0
940GZZLUBND,940GZZLUGPK,0.0,1.922,23.341,231.544,117.301,39.495,10.405,0.001
940GZZLUBND,940GZZLUHSD,0.0,0.598,11.529,56.775,66.306,40.862,14.281,0.005
940GZZLUBND,940GZZLUHAI,0.0,0.223,5.606,41.195,118.792,61.805,26.272,0.0
940GZZLUBND,940GZZLUHSK,0.0,0.08,8.96,86.786,70.504,36.690998,8.755,0.0
940GZZLUBND,940GZZLUHBN,0.0,1.594,62.252,361.369,221.691,75.888,15.058,0.0
940GZZLUBND,940GZZLUHPK,0.0,0.0,11.54,86.536,101.8,42.706,10.868,0.002
940GZZLUBND,940GZZLUHWY,0.0,0.094,0.807,17.568,29.531,20.02,8.752,0.0
940GZZLUBND,940GZZLUHPC,0.0,0.0,1.808,11.344,3.372,1.568,0.698,0.0
940GZZLUBND,940GZZLUKNG,0.0,0.21,2.306,18.348,34.988,24.846,10.777,0.0
940GZZLUBND,940GZZLUKOY,0.0,0.0,0.0,0.0,0.0,0.178,0.0,0.0
940GZZLUBND,940GZZLUKSH,0.0,0.0,0.762,14.42,18.431,10.347,3.746,0.0
940GZZLUBND,940GZZLUKBN,0.0,1.569,9.432,90.936,208.38,173.61,74.603,0.0
940GZZLUBND,940GZZLUKSX,0.0,2.089,10.426,165.809,224.539,83.934,19.12,0.0
940GZZLUBND,940GZZLUKNB,0.0,0.0,8.443,159.977,85.697,23.338,3.259,0.001
940GZZLUBND,940GZZLULBN,0.0,0.076000005,0.368,7.201,7.182,5.533,1.475,0.0
940GZZLUBND,940GZZLULGT,0.0,1.222,7.554,104.754,150.04,91.144,22.704,0.0
940GZZLUBND,940GZZLULSQ,0.0,0.094000004,1.95,78.917,64.608,38.103,5.293,0.0
940GZZLUBND,940GZZLULVT,0.0,8.034,136.195,799.199,1187.276,412.833,127.551,0.0
940GZZLUBND,940GZZLULNB,0.0,13.012,145.684,1092.371,1932.313,976.028,288.155,0.011
940GZZLUBND,940GZZLUMSH,0.0,0.0,1.262,5.056,3.569,0.526,0.01,0.0
940GZZLUBND,940GZZLUMBA,0.0,0.085,4.492,35.125,21.445,12.363,2.63,0.0
940GZZLUBND,940GZZLUMYB,0.0,0.143,5.383,52.037,86.786,36.625,8.623,0.0
940GZZLUBND,940GZZLUMED,0.0,1.405,10.71,76.611,142.117,91.307,53.041,0.0
940GZZLUBND,940GZZLUMGT,0.0,0.0,2.846,18.734,10.476,3.013,0.56,0.0
940GZZLUBND,940GZZLUMTC,0.0,0.0,1.622,13.68,14.689,6.381,3.342,0.0
940GZZLUBND,940GZZLUNHG,0.0,1.276,22.716,231.964,276.976,140.014,37.644,0.006
940GZZLUBND,940GZZLUODS,0.0,0.0,12.374,80.306,72.224,43.216,12.676,0.0
940GZZLUBND,940GZZLUOVL,0.0,0.273,0.734,8.703,17.859,13.361,6.659,0.0
940GZZLUBND,940GZZLUOXC,0.0,0.327,5.04,75.53,52.078,23.004,4.689,0.0
940GZZLUBND,940GZZLUPAC,0.0,0.589,9.376,138.262,211.88899,91.18,21.083,0.0
940GZZLUBND,940GZZLUPCC,0.0,0.0,2.547,69.544,54.689,32.809,4.074,0.0
940GZZLUBND,940GZZLUQWY,0.0,0.547,10.057,150.672,178.592,132.015,39.662,0.003
940GZZLUBND,940GZZLURGP,0.0,0.0,0.932,5.048,1.984,0.646,0.2,0.0
940GZZLUBND,940GZZLURYO,0.0,0.08,0.446,3.256,3.913,2.703,1.115,0.0
940GZZLUBND,940GZZLURSQ,0.0,0.0,1.082,51.583,35.269,27.925,9.092,0.0
940GZZLUBND,940GZZLUSJP,0.0,0.0,6.734,52.827,18.921,7.784,3.072,0.0
940GZZLUBND,940GZZLUSJW,0.0,0.255,21.731,160.826,165.837,106.186,25.239,0.0
940GZZLUBND,940GZZLUSPU,0.0,3.993,121.627,541.57,197.93,46.223,15.882,0.0
940GZZLUBND,940GZZLUSBC,0.0,1.622,30.684,307.409,478.692,235.612,72.761,0.028
940GZZLUBND,940GZZLUSSQ,0.0,0.829,6.11,86.106,52.031,20.163,5.454,0.0
940GZZLUBND,940GZZLUSKS,0.0,0.456,10.144,133.429,85.875,39.148,8.029,0.0
940GZZLUBND,940GZZLUSKW,0.0,0.124,1.579,15.1,44.897,21.929,9.005,0.001
940GZZLUBND,940GZZLUCHX,0.0,0.0,2.936,51.716,68.173,17.748,3.746,0.0
940GZZLUBND,940GZZLUSWC,0.0,0.826,10.312,188.333,222.301,156.329,47.91,0.0
940GZZLUBND,940GZZLUTMP,0.0,0.0,3.725,24.089,9.588,3.089,1.288,0.0
940GZZLUBND,940GZZLUTCR,0.0,1.209,23.563,348.75,254.359,118.981,22.055,0.0
940GZZLUBND,940GZZLUTWH,0.0,0.253,7.9370003,63.695,100.872,26.201,7.701,0.0
940GZZLUBND,940GZZLUVIC,0.0,3.4520001,34.486,375.174,739.286,281.441,103.458,0.0
940GZZLUBND,940GZZLUWRR,0.0,0.094,2.838,30.23,17.667,6.13,1.687,0.0
940GZZLUBND,940GZZLUWKA,0.0,0.0,2.033,16.894,21.899,16.937,4.653,0.0
940GZZLUBND,940GZZLUWLO,0.0,9.941,79.287,773.191,2089.731,916.226,242.744,0.006
940GZZLUBND,940GZZLUWBN,0.0,0.007,0.93299997,12.701,24.796,12.856,3.681,0.0
940GZZLUBND,940GZZLUWHP,0.002,2.181,16.596,206.51,467.643,256.66,74.785,0.07
940GZZLUBND,940GZZLUWKN,0.0,0.122,0.556,10.395,16.753,13.432,5.062,0.0
940GZZLUBND,940GZZLUWSM,0.0,1.252,48.787,279.167,135.403,52.391,18.480999,0.001
940GZZLUBND,940GZZLUWPL,0.0,0.041,1.247,9.04,9.645,4.908,1.626,0.0
940GZZLUBND,940GZZLUWIG,0.0,0.712,6.926,109.283,245.726,186.70999,91.266,0.0
940GZZLUBND,940GZZLUERB,0.0,0.0,1.212,14.732,13.63,10.155,1.796,0.0
940GZZLUBND,940GZZLUPCO,0.0,1.048,3.907,28.964,27.158,20.514,7.671,0.0
940GZZLUBND,940GZZLUVXL,0.0,0.85,11.6310005,65.473,159.038,78.681,30.332,0.0
940GZZLUBND,940GZZLUBXN,0.0,0.551,11.2,61.501,164.177,111.345,61.281,0.015
940GZZLUBND,940GZZLUSWK,0.0,2.54,58.47,331.923,480.58398,151.736,48.517,0.004
940GZZLUBND,940GZZLUBMY,0.0,1.906,9.84,111.477,223.078,138.608,61.572,0.019
940GZZLUBND,940GZZLUCWR,0.0,7.492,38.216,412.944,940.432,650.369,218.273,0.025
940GZZLUBOR,940GZZLUBBN,0.0,0.272,6.167,8.617,3.771,2.048,0.236,0.0
940GZZLUBOR,940GZZLUALD,0.0,0.076000005,3.464,4.923,4.866,0.764,0.029,0.0
940GZZLUBOR,940GZZLUADE,0.0,0.0,6.071,12.658,7.923,2.524,1.489,0.0
940GZZLUBOR,940GZZLUAGL,0.0,2.585,54.889,83.454,90.545,40.064,14.867,0.0
940GZZLUBOR,940GZZLUBST,0.0,0.243,7.222,12.351,4.869,1.716,0.391,0.0
940GZZLUBOR,940GZZLUBNK,0.0,7.928,74.803,119.264,154.949,36.123,13.403,0.0
940GZZLUBOR,940GZZLUBSC,0.0,0.21000001,1.796,1.88,1.7820001,0.141,0.124000005,0.0
940GZZLUBOR,940GZZLUBLG,0.0,0.092,4.516,18.21,28.609,12.603,6.297,0.0
940GZZLUBOR,940GZZLUBKF,0.0,0.0,1.342,3.086,2.907,0.017,0.201,0.0
940GZZLUBOR,940GZZLUBND,0.0,0.562,3.929,20.947,11.031,2.235,0.577,0.0
940GZZLUBOR,940GZZLUCAR,0.0,0.212,3.832,7.568,5.457,4.196,1.891,0.0
940GZZLUBOR,940GZZLUCTN,0.0,0.896,28.428999,49.871,44.093,15.816,5.021,0.0
940GZZLUBOR,940GZZLUCHL,0.0,1.762,23.126,29.967,11.952,2.046,0.893,0.0
940GZZLUBOR,940GZZLUEMB,0.0,0.645,10.566,15.326,12.624,2.578,1.561,0.0
940GZZLUBOR,940GZZLUCGN,0.0,0.093,1.347,6.394,4.817,1.811,0.0,0.0
940GZZLUBOR,940GZZLUECT,0.0,0.409,1.4350001,2.513,3.016,2.252,0.792,0.0
940GZZLUBOR,940GZZLUERC,0.0,0.0,0.153,1.351,0.155,0.244,0.21700001,0.0
940GZZLUBOR,940GZZLUEAC,0.0,0.158,4.193,20.501,15.043,5.602,2.543,0.0
940GZZLUBOR,940GZZLUEUS,0.0,10.012,68.747,155.573,169.95801,34.961998,9.9279995,0.0
940GZZLUBOR,940GZZLUESQ,0.0,0.228,1.246,4.317,1.493,0.029,0.0,0.0
940GZZLUBOR,940GZZLUFCN,0.0,0.411,11.206,13.913,5.909,1.51,0.143,0.0
940GZZLUBOR,940GZZLUFYR,0.0,0.125,1.188,1.54,0.809,0.802,0.316,0.0
940GZZLUBOR,940GZZLUFPK,0.0,0.823,3.943,10.315,19.399,11.626,5.15,0.0
940GZZLUBOR,940GZZLUFBY,0.0,0.24000001,2.589,1.836,2.4620001,1.903,0.139,0.0
940GZZLUBOR,940GZZLUGTR,0.0,0.229,1.34,3.028,3.023,0.983,0.386,0.0
940GZZLUBOR,940GZZLUGDG,0.0,1.638,21.181,20.185,9.398,1.964,0.24700001,0.0
940GZZLUBOR,940GZZLUGPS,0.0,0.0,2.356,4.704,2.513,0.34600002,0.252,0.0
940GZZLUBOR,940GZZLUGPK,0.0,0.269,10.009,13.259,5.205,1.502,0.42,0.0
940GZZLUBOR,940GZZLUHSD,0.0,0.60400003,6.176,3.127,5.957,1.475,0.916,0.0
940GZZLUBOR,940GZZLUHAI,0.0,0.016,0.612,1.738,0.329,1.078,0.683,0.0
940GZZLUBOR,940GZZLUHSK,0.0,0.175,1.099,2.814,2.732,0.517,0.15,0.0
940GZZLUBOR,940GZZLUHBN,0.0,0.261,23.009,48.183,19.994,5.399,0.372,0.0
940GZZLUBOR,940GZZLUHPK,0.0,0.049000002,2.677,1.786,0.916,0.115,0.305,0.0
940GZZLUBOR,940GZZLUHWY,0.0,0.081,5.777,15.225,11.93,4.85,1.604,0.0
940GZZLUBOR,940GZZLUHPC,0.0,0.0,1.132,0.744,0.697,0.215,0.0,0.0
940GZZLUBOR,940GZZLUKNG,0.0,0.071,5.468,12.107,15.588,12.315,7.341,0.0
940GZZLUBOR,940GZZLUKSH,0.0,0.686,5.159,11.895,14.863,6.411,1.814,0.0
940GZZLUBOR,940GZZLUKBN,0.0,0.302,1.387,1.115,1.763,1.077,0.196,0.0
940GZZLUBOR,940GZZLUKSX,0.0,16.801,90.465996,190.14,187.284,44.501,15.559999,0.0
940GZZLUBOR,940GZZLUKNB,0.0,0.317,5.572,5.494,2.23,0.841,0.268,0.0
940GZZLUBOR,940GZZLULBN,0.0,0.18100001,1.602,5.076,1.703,0.874,0.15100001,0.0
940GZZLUBOR,940GZZLULGT,0.0,0.146,0.719,2.67,3.887,0.772,0.696,0.0
940GZZLUBOR,940GZZLULSQ,0.0,0.645,15.345,36.179,35.785,10.927,1.729,0.0
940GZZLUBOR,940GZZLULVT,0.0,2.193,19.198,37.338,74.901,16.301,5.275,0.0
940GZZLUBOR,940GZZLULNB,0.0,2.459,7.204,50.951,54.29,22.183,10.267,0.0
940GZZLUBOR,940GZZLUMBA,0.0,0.771,3.392,7.3250003,4.635,1.468,0.382,0.0
940GZZLUBOR,940GZZLUMYB,0.0,0.201,9.242,8.981,20.899,4.32,0.025,0.0
940GZZLUBOR,940GZZLUMED,0.0,0.221,5.697,16.589,18.263,8.936,5.478,0.0
940GZZLUBOR,940GZZLUMGT,0.0,8.536,139.342,116.062,201.909,36.693,10.909,0.0
940GZZLUBOR,940GZZLUMTC,0.0,0.0,7.327,1.845,2.001,1.167,0.259,0.0
940GZZLUBOR,940GZZLUNHG,0.0,0.0,5.324,6.469,6.199,2.927,0.906,0.0
940GZZLUBOR,940GZZLUODS,0.0,2.7910001,87.564,116.589,110.78,54.844,21.789,0.0
940GZZLUBOR,940GZZLUOVL,0.0,0.764,14.356,27.816,38.957,23.611,11.501,0.0
940GZZLUBOR,940GZZLUOXC,0.0,2.548,33.022,57.412,40.11,6.572,1.133,0.0
940GZZLUBOR,940GZZLUPAC,0.0,3.144,20.316,29.686,41.139,9.354,2.359,0.0
940GZZLUBOR,940GZZLUPCC,0.0,0.522,19.689,36.024,29.42,10.215,3.143,0.0
940GZZLUBOR,940GZZLUQWY,0.0,0.107,1.165,4.578,3.515,2.251,0.493,0.0
940GZZLUBOR,940GZZLURGP,0.0,0.074,7.209,3.056,2.445,0.267,0.0,0.0
940GZZLUBOR,940GZZLURYO,0.0,0.0,0.76600003,1.087,1.758,0.818,0.128,0.0
940GZZLUBOR,940GZZLURSQ,0.0,0.161,3.833,11.684,7.272,2.9720001,0.138,0.0
940GZZLUBOR,940GZZLUSJP,0.0,1.189,7.172,5.979,1.315,0.282,0.371,0.0
940GZZLUBOR,940GZZLUSJW,0.0,0.0,0.819,2.22,0.637,0.412,0.433,0.0
940GZZLUBOR,940GZZLUSPU,0.0,0.338,3.646,8.229,3.296,1.224,0.128,0.0
940GZZLUBOR,940GZZLUSBC,0.0,0.336,2.382,11.415,15.069,4.538,1.586,0.0
940GZZLUBOR,940GZZLUSSQ,0.0,0.0,2.91,5.548,4.95,0.90500003,0.39200002,0.0
940GZZLUBOR,940GZZLUSKS,0.0,0.226,10.24,14.55,5.347,1.043,0.938,0.0
940GZZLUBOR,940GZZLUSKW,0.0,0.57,10.32,20.527,52.291,30.322,13.841,0.0
940GZZLUBOR,940GZZLUCHX,0.0,0.292,15.565,22.576,27.394001,5.072,0.016,0.0
940GZZLUBOR,940GZZLUSWC,0.0,0.0,0.856,0.72,1.237,0.281,0.516,0.0
940GZZLUBOR,940GZZLUTMP,0.0,0.0,18.29,33.776,8.505,3.138,8.907,0.0
940GZZLUBOR,940GZZLUTCR,0.0,0.67,33.968,54.204,34.197,9.353,2.814,0.0
940GZZLUBOR,940GZZLUTWH,0.0,0.786,4.222,9.341,10.63,1.733,0.414,0.0
940GZZLUBOR,940GZZLUVIC,0.0,3.517,46.034,45.848,51.572998,11.544,5.177,0.0
940GZZLUBOR,940GZZLUWRR,0.0,0.703,12.573,8.965,4.528,1.301,0.855,0.0
940GZZLUBOR,940GZZLUWKA,0.0,0.083000004,0.627,2.047,4.827,1.191,0.21100001,0.0
940GZZLUBOR,940GZZLUWLO,0.0,1.487,22.205,37.108,51.507,19.864,9.509,0.0
940GZZLUBOR,940GZZLUWBN,0.0,0.124,0.829,1.519,0.646,0.245,0.0,0.0
940GZZLUBOR,940GZZLUWHP,0.0,0.0,0.409,1.005,1.644,1.902,1.221,0.0
940GZZLUBOR,940GZZLUWKN,0.0,0.0,0.948,1.263,1.631,1.187,0.719,0.0
940GZZLUBOR,940GZZLUWSM,0.0,0.0,2.209,9.661,4.439,0.703,0.0,0.0
940GZZLUBOR,940GZZLUWPL,0.0,0.0,11.641,6.593,7.806,4.477,1.047,0.0
940GZZLUBOR,940GZZLUWIG,0.0,0.083000004,0.255,1.016,0.97,1.822,0.797,0.0
940GZZLUBOR,940GZZLUERB,0.0,0.074,3.808,5.157,3.917,2.225,0.684,0.0
940GZZLUBOR,940GZZLUPCO,0.0,0.304,7.98,8.638,8.624,2.069,1.617,0.0
940GZZLUBOR,940GZZLUVXL,0.0,0.856,6.765,12.873,15.965,7.237,3.393,0.0
940GZZLUBOR,940GZZLUBXN,0.0,0.674,17.355,38.863,95.21,56.61,19.515,0.0
940GZZLUBOR,940GZZLUSWK,0.0,0.0,0.474,3.428,1.534,1.2360001,0.291,0.0
940GZZLUBOR,940GZZLUBMY,0.0,0.0,0.735,5.574,3.176,1.916,0.624,0.0
940GZZLUBOR,940GZZLUCWR,0.0,0.012,1.5,7.57,6.457,7.494,3.49,0.0
940GZZLUCAR,940GZZLUBBN,0.0,1.221,22.534,11.68,7.052,2.318,0.464,0.0
940GZZLUCAR,940GZZLUALD,0.0,1.913,38.721,11.55,11.267,4.888,1.166,0.0
940GZZLUCAR,940GZZLUADE,0.0,0.116,10.203,5.516,3.668,1.588,0.75,0.0
940GZZLUCAR,940GZZLUAGL,0.0,0.71500003,7.0,23.934,10.725,3.684,0.771,0.0
940GZZLUCAR,940GZZLUBST,0.0,1.005,34.344,31.889,15.093,2.595,0.715,0.0
940GZZLUCAR,940GZZLUBNK,0.0,9.757,96.124,42.439,44.826,14.898,3.492,0.0
940GZZLUCAR,940GZZLUBSC,0.0,0.293,19.54,6.638,5.939,2.36,1.07,0.0
940GZZLUCAR,940GZZLUBLG,0.0,0.096,3.335,8.399,8.803,5.859,2.784,0.001
940GZZLUCAR,940GZZLUBKF,0.0,0.0,0.877,0.642,0.23,0.159,0.0,0.0
940GZZLUCAR,940GZZLUBND,0.0,0.67800003,20.637,24.641,9.334,4.1,1.026,0.0
940GZZLUCAR,940GZZLUBOR,0.0,0.14,8.698,8.905,5.54,1.6850001,1.113,0.0
940GZZLUCAR,940GZZLUCTN,0.0,0.147,2.862,11.924,3.885,1.268,0.26500002,0.0
940GZZLUCAR,940GZZLUCST,0.0,0.0,1.489,0.33200002,0.0,0.0,0.0,0.0
940GZZLUCAR,940GZZLUCHL,0.0,1.145,15.891,7.447,3.403,0.298,0.093,0.0
940GZZLUCAR,940GZZLUEMB,0.0,0.301,5.2330003,5.032,3.098,0.589,0.0,0.0
940GZZLUCAR,940GZZLUCGN,0.0,3.625,73.826,94.728,51.343,17.692,2.067,0.0
940GZZLUCAR,940GZZLUECT,0.0,1.695,24.705,11.537,10.827,2.47,1.9070001,0.005
940GZZLUCAR,940GZZLUERC,0.0,1.242,16.133,9.389,2.9620001,2.845,0.984,0.0
940GZZLUCAR,940GZZLUEAC,0.0,0.889,11.968,18.575,17.165,8.0,2.05,0.0
940GZZLUCAR,940GZZLUEUS,0.0,5.361,18.973,33.961,25.941,5.067,2.151,0.001
940GZZLUCAR,940GZZLUESQ,0.0,0.472,53.691,72.824,10.951,4.246,0.036,0.0
940GZZLUCAR,940GZZLUFCN,0.0,4.534,84.513,28.078,29.061,7.121,1.773,0.0
940GZZLUCAR,940GZZLUFYR,0.0,0.0,0.727,2.836,3.176,0.883,0.429,0.0
940GZZLUCAR,940GZZLUFPK,0.0,2.316,26.912,48.062,53.754,23.339,8.453,0.0
940GZZLUCAR,940GZZLUFBY,0.0,0.084,9.44,3.4950001,4.368,2.748,0.96,0.0
940GZZLUCAR,940GZZLUGTR,0.0,1.324,23.258,11.9470005,9.616,3.813,1.696,0.003
940GZZLUCAR,940GZZLUGDG,0.0,0.092,2.0870001,3.809,2.548,0.696,0.1,0.0
940GZZLUCAR,940GZZLUGPS,0.0,0.339,23.179,6.838,3.506,1.395,0.234,0.0
940GZZLUCAR,940GZZLUGPK,0.0,7.187,64.824,41.026,16.091,2.969,0.917,0.001
940GZZLUCAR,940GZZLUHSD,0.0,4.5360003,69.7,18.335,19.314,8.272,2.517,0.0
940GZZLUCAR,940GZZLUHAI,0.0,0.297,2.157,9.6380005,5.198,3.584,0.741,0.0
940GZZLUCAR,940GZZLUHSK,0.0,0.301,8.161,5.437,2.38,0.242,0.323,0.0
940GZZLUCAR,940GZZLUHBN,0.0,9.406,275.366,209.135,54.346,14.775,2.704,0.0
940GZZLUCAR,940GZZLUHPK,0.0,0.13,5.573,2.568,1.182,0.829,0.016,0.0
940GZZLUCAR,940GZZLUHWY,0.0,1.365,5.835,20.414,9.211,6.953,2.882,0.0
940GZZLUCAR,940GZZLUHPC,0.0,4.452,15.4869995,10.625,3.517,1.501,0.279,0.0
940GZZLUCAR,940GZZLUKNG,0.0,0.0,2.18,2.9950001,5.02,2.063,0.818,0.0
940GZZLUCAR,940GZZLUKSH,0.0,0.0,0.202,1.753,1.175,0.498,0.21,0.0
940GZZLUCAR,940GZZLUKBN,0.0,0.0,0.252,2.117,1.071,0.74700004,0.18900001,0.0
940GZZLUCAR,940GZZLUKSX,0.0,15.852,116.483,150.398,119.195,34.782,11.352,0.005
940GZZLUCAR,940GZZLUKNB,0.0,5.742,44.395,33.667,12.597,3.635,1.173,0.0
940GZZLUCAR,940GZZLULBN,0.0,0.387,5.368,4.328,3.321,1.29,0.461,0.0
940GZZLUCAR,940GZZLULGT,0.0,0.0,3.054,1.974,2.626,0.865,0.177,0.0
940GZZLUCAR,940GZZLULSQ,0.0,10.699,63.002,94.075,68.22,23.1,8.479,0.002
940GZZLUCAR,940GZZLULVT,0.0,5.753,72.915,44.72,41.854,12.096,2.763,0.002
940GZZLUCAR,940GZZLULNB,0.0,4.713,54.943,49.386,54.45,16.259,5.059,0.0
940GZZLUCAR,940GZZLUMBA,0.0,0.452,11.557,12.372,5.348,2.295,0.665,0.0
940GZZLUCAR,940GZZLUMYB,0.0,1.144,5.611,5.578,4.662,1.336,0.446,0.0
940GZZLUCAR,940GZZLUMED,0.0,0.393,9.523,13.511,6.3980002,5.254,1.579,0.005
940GZZLUCAR,940GZZLUMGT,0.0,4.865,54.245,15.193,8.482,1.2820001,0.301,0.0
940GZZLUCAR,940GZZLUMTC,0.0,0.0,0.612,1.215,1.2,0.106000006,0.091000006,0.0
940GZZLUCAR,940GZZLUNHG,0.0,0.938,13.596,7.433,2.646,2.304,0.461,0.0
940GZZLUCAR,940GZZLUODS,0.0,1.763,48.887,35.135,18.673,11.311,2.972,0.0
940GZZLUCAR,940GZZLUOVL,0.0,0.0,5.538,4.406,4.2530003,3.34,2.04,0.001
940GZZLUCAR,940GZZLUOXC,0.0,4.702,48.702,71.533,33.935,9.248,2.138,0.0
940GZZLUCAR,940GZZLUPAC,0.0,4.157,33.315,23.597,15.64,8.157,3.774,0.0
940GZZLUCAR,940GZZLUPCC,0.0,8.666,74.4,81.708,59.581,18.559,4.029,0.0
940GZZLUCAR,940GZZLUQWY,0.0,0.458,6.548,4.619,2.019,1.332,0.867,0.0
940GZZLUCAR,940GZZLURGP,0.0,0.667,0.591,1.108,0.793,0.011,0.0,0.0
940GZZLUCAR,940GZZLURYO,0.0,0.403,4.367,2.643,2.057,0.467,0.45,0.0
940GZZLUCAR,940GZZLURSQ,0.0,3.489,183.762,243.825,67.522,12.675,3.173,0.004
940GZZLUCAR,940GZZLUSJP,0.0,0.0,7.514,5.392,0.955,0.120000005,0.327,0.0
940GZZLUCAR,940GZZLUSJW,0.0,0.0,4.029,2.049,1.103,0.454,0.359,0.001
940GZZLUCAR,940GZZLUSPU,0.0,4.439,34.341,11.182,4.458,0.643,0.159,0.0
940GZZLUCAR,940GZZLUSBC,0.0,0.748,7.82,12.196,6.776,1.765,0.773,0.0
940GZZLUCAR,940GZZLUSSQ,0.0,0.741,6.914,7.4700003,2.066,0.636,0.235,0.0
940GZZLUCAR,940GZZLUSKS,0.0,8.553,91.586,55.916,23.48,9.141,2.438,0.001
940GZZLUCAR,940GZZLUSKW,0.0,1.2409999,1.332,2.422,7.31,4.855,1.837,0.0
940GZZLUCAR,940GZZLUCHX,0.0,1.223,2.459,7.018,7.114,2.365,1.59,0.001
940GZZLUCAR,940GZZLUSWC,0.0,0.107,2.973,1.642,1.191,0.806,0.249,0.0
940GZZLUCAR,940GZZLUTCR,0.0,2.509,17.616,24.338,11.982,4.359,0.491,0.0
940GZZLUCAR,940GZZLUTWH,0.0,0.194,5.68,6.665,4.472,0.599,0.083000004,0.0
940GZZLUCAR,940GZZLUVIC,0.0,11.83,96.376,81.159,89.975,22.016,11.594,0.0
940GZZLUCAR,940GZZLUWRR,0.0,1.42,17.307,23.855999,6.928,1.921,0.755,0.001
940GZZLUCAR,940GZZLUWKA,0.0,0.0,2.226,1.752,0.989,1.155,0.429,0.0
940GZZLUCAR,940GZZLUWLO,0.0,8.988,50.933,35.79,50.498,11.055,8.521,0.0
940GZZLUCAR,940GZZLUWBN,0.0,0.487,2.719,0.662,0.714,0.396,0.397,0.0
940GZZLUCAR,940GZZLUWHP,0.0,0.0,0.123,0.559,1.056,0.372,0.013,0.0
940GZZLUCAR,940GZZLUWKN,0.0,0.18,0.397,1.565,1.526,0.663,1.4250001,0.0
940GZZLUCAR,940GZZLUWSM,0.0,0.902,15.599,8.051,3.7,1.832,0.304,0.0
940GZZLUCAR,940GZZLUWPL,0.0,0.693,4.835,3.381,2.49,1.015,0.558,0.0
940GZZLUCAR,940GZZLUWIG,0.0,0.219,0.16,1.964,2.147,0.71,0.851,0.0
940GZZLUCAR,940GZZLUERB,0.0,0.052,1.27,1.641,0.693,0.53400004,0.145,0.0
940GZZLUCAR,940GZZLUPCO,0.0,2.418,13.703,10.845,6.8450003,1.625,0.574,0.0
940GZZLUCAR,940GZZLUVXL,0.0,7.996,39.91,16.405,20.123,11.001,5.521,0.0
940GZZLUCAR,940GZZLUBXN,0.0,1.137,12.33,16.298,29.387001,15.255,4.177,0.0
940GZZLUCAR,940GZZLUSWK,0.0,1.085,8.845,8.772,5.855,0.977,0.527,0.0
940GZZLUCAR,940GZZLUBMY,0.0,0.476,6.728,4.861,7.146,1.625,1.056,0.0
940GZZLUCAR,940GZZLUCWR,0.0,0.405,2.122,5.434,6.23,4.397,2.183,0.0
940GZZLUCTN,940GZZLUBBN,0.0,0.51,10.852,13.422,8.242,6.099,1.37,0.0
940GZZLUCTN,940GZZLUALD,0.0,0.385,26.058,28.145,24.015,8.151,5.268,0.0
940GZZLUCTN,940GZZLUADE,0.0,0.138,10.297,25.576,20.43,12.791,6.1809998,0.0
940GZZLUCTN,940GZZLUAGL,0.0,2.084,52.929,146.99,124.395,59.515,31.093,0.0
940GZZLUCTN,940GZZLUBST,0.0,0.20300001,5.996,40.031,20.545,4.6019998,3.46,0.005
940GZZLUCTN,940GZZLUBNK,0.0,28.664,287.954,283.882,349.026,101.81,61.106,0.001
940GZZLUCTN,940GZZLUBSC,0.0,0.059,4.722,7.494,8.735,5.431,4.062,0.0
940GZZLUCTN,940GZZLUBWT,0.0,0.115,0.31,6.5950003,9.547,2.026,2.157,0.0
940GZZLUCTN,940GZZLUBLG,0.0,0.348,3.901,19.872,37.431,15.893,15.746,0.0
940GZZLUCTN,940GZZLUBKF,0.0,0.564,12.108,11.212,15.233,1.109,1.4350001,0.0
940GZZLUCTN,940GZZLUBND,0.0,1.11,13.507,57.436,36.15,6.505,1.103,0.0
940GZZLUCTN,940GZZLUBOR,0.0,0.879,24.876,44.577,32.041,14.776,14.011,0.0
940GZZLUCTN,940GZZLUCAR,0.0,0.089,1.043,4.863,4.843,2.911,2.146,0.0
940GZZLUCTN,940GZZLUCST,0.0,0.120000005,3.914,1.864,2.974,0.594,0.199,0.0
940GZZLUCTN,940GZZLUCHL,0.0,0.365,29.0,31.121,14.332,3.085,1.672,0.0
940GZZLUCTN,940GZZLUEMB,0.0,1.986,27.045,80.093,49.621,11.396,3.664,0.0
940GZZLUCTN,940GZZLUCGN,0.0,0.0,1.465,72.346,30.158,7.029,0.552,0.0
940GZZLUCTN,940GZZLUECT,0.0,0.154,6.542,41.723,41.096,14.162,14.834,0.0
940GZZLUCTN,940GZZLUERC,0.0,0.0,2.672,8.634,7.612,1.905,2.75,0.0
940GZZLUCTN,940GZZLUEAC,0.0,1.608,24.547,74.233,83.446,46.812,43.181,0.0
940GZZLUCTN,940GZZLUEUS,0.0,5.888,46.081,216.781,218.949,79.065,67.908,0.035
940GZZLUCTN,940GZZLUFCN,0.0,1.589,46.547,52.861,42.942,17.397,6.93,0.0
940GZZLUCTN,940GZZLUFYR,0.0,0.0,0.391,3.252,2.114,1.057,0.525,0.0
940GZZLUCTN,940GZZLUFPK,0.0,0.0,1.568,18.732,29.406,18.524,14.344,0.0
940GZZLUCTN,940GZZLUFBY,0.0,0.0,5.005,11.307,11.188,5.31,5.657,0.0
940GZZLUCTN,940GZZLUGTR,0.0,0.529,22.108,41.028,29.24,8.408,4.907,0.0
940GZZLUCTN,940GZZLUGDG,0.0,1.362,56.733,120.5,53.711,16.641,4.312,0.0
940GZZLUCTN,940GZZLUGPS,0.0,0.0,0.458,3.376,1.753,1.377,0.136,0.0
940GZZLUCTN,940GZZLUGPK,0.0,10.538,47.855,103.57,46.934,10.586,2.28,0.0
940GZZLUCTN,940GZZLUHSD,0.0,0.992,26.761,24.691,36.998,10.514,11.154,0.0
940GZZLUCTN,940GZZLUHAI,0.0,0.533,7.271,26.736,30.255001,15.824,13.833,0.0
940GZZLUCTN,940GZZLUHSK,0.0,0.1,3.825,16.943,10.612,2.57,1.523,0.0
940GZZLUCTN,940GZZLUHBN,0.0,0.403,23.284,59.263,24.207,5.893,1.622,0.0
940GZZLUCTN,940GZZLUHPK,0.0,0.0,7.5690002,6.71,4.144,1.276,1.203,0.0
940GZZLUCTN,940GZZLUHWY,0.0,0.0,1.002,8.419,11.786,4.767,2.45,0.0
940GZZLUCTN,940GZZLUHPC,0.0,0.44300002,7.547,28.201,12.613,2.234,0.33200002,0.0
940GZZLUCTN,940GZZLUKNG,0.0,0.639,8.08,18.971,32.26,15.535,16.886,0.0
940GZZLUCTN,940GZZLUKOY,0.0,0.0,0.0,0.0,0.0,0.105,0.0,0.0
940GZZLUCTN,940GZZLUKSH,0.001,7.341,106.453,133.182,165.222,67.483,26.063,0.019
940GZZLUCTN,940GZZLUKBN,0.0,0.0,0.344,1.873,2.715,1.215,0.53000003,0.0
940GZZLUCTN,940GZZLUKSX,0.0,9.578,59.546,451.59,409.897,112.86,105.414,0.006
940GZZLUCTN,940GZZLUKNB,0.0,0.274,14.6710005,85.25,63.456,5.6480002,1.077,0.0
940GZZLUCTN,940GZZLULBN,0.0,0.0,2.61,11.478,9.801,3.72,2.575,0.0
940GZZLUCTN,940GZZLULGT,0.0,0.125,2.509,23.938,12.005,3.232,2.558,0.0
940GZZLUCTN,940GZZLULSQ,0.0,4.769,61.368,455.843,317.317,93.821,25.09,0.0
940GZZLUCTN,940GZZLULVT,0.0,3.608,33.947998,84.134,87.036,25.937,30.886,0.0
940GZZLUCTN,940GZZLULNB,0.0,19.295,141.661,394.673,507.252,180.808,158.007,0.0
940GZZLUCTN,940GZZLUMSH,0.0,0.0,4.597,1.897,0.262,0.0,0.0,0.0
940GZZLUCTN,940GZZLUMBA,0.0,1.024,9.972,43.628,28.041,5.297,2.127,0.0
940GZZLUCTN,940GZZLUMYB,0.0,0.15100001,0.688,13.418,18.042,3.223,6.541,0.0
940GZZLUCTN,940GZZLUMED,0.0,0.186,4.674,16.597,24.579,14.231,12.252,0.0
940GZZLUCTN,940GZZLUMGT,0.0,15.285,216.018,127.051,93.088,25.872,18.467001,0.0
940GZZLUCTN,940GZZLUMTC,0.0,0.009000001,2.792,7.96,3.443,1.325,1.381,0.0
940GZZLUCTN,940GZZLUNHG,0.0,0.07,10.93,55.22,26.359,8.868,4.038,0.0
940GZZLUCTN,940GZZLUODS,0.0,3.591,141.01,211.581,190.557,80.148,51.27,0.0
940GZZLUCTN,940GZZLUOVL,0.0,0.515,14.569,18.194,33.546,15.63,19.007,0.0
940GZZLUCTN,940GZZLUOXC,0.0,1.333,41.483,301.18,201.825,33.662,7.055,0.0
940GZZLUCTN,940GZZLUPAC,0.0,1.15,11.937,72.059,88.11,30.845,24.049,0.0
940GZZLUCTN,940GZZLUPCC,0.0,0.573,9.241,84.284996,65.696,15.74,4.26,0.0
940GZZLUCTN,940GZZLUQWY,0.0,0.266,9.374,36.819,31.833,13.431,6.399,0.0
940GZZLUCTN,940GZZLURGP,0.0,0.0,0.281,2.9,0.35700002,0.371,0.469,0.0
940GZZLUCTN,940GZZLURYO,0.0,0.0,1.497,2.217,3.223,1.997,1.318,0.0
940GZZLUCTN,940GZZLURSQ,0.0,0.0,3.447,36.006,21.343,6.827,2.519,0.0
940GZZLUCTN,940GZZLUSJP,0.0,0.8,29.719,23.849,10.661,2.263,0.432,0.0
940GZZLUCTN,940GZZLUSJW,0.0,0.0,0.336,5.716,1.398,0.699,0.179,0.0
940GZZLUCTN,940GZZLUSPU,0.0,2.721,17.942,34.522,11.242,1.441,1.769,0.0
940GZZLUCTN,940GZZLUSBC,0.0,1.796,9.102,42.383,45.489,17.781,8.453,0.0
940GZZLUCTN,940GZZLUSSQ,0.0,1.908,13.963,26.714,21.031,7.6480002,2.379,0.0
940GZZLUCTN,940GZZLUSKS,0.0,3.3700001,44.696,131.924,46.402,11.548,8.223,0.0
940GZZLUCTN,940GZZLUSKW,0.0,0.774,5.442,13.191,41.467,18.345,17.568,0.0
940GZZLUCTN,940GZZLUCHX,0.0,6.018,72.278,168.076,191.925,47.384,35.605,0.0
940GZZLUCTN,940GZZLUSWC,0.0,0.0,0.207,1.434,0.901,0.85,0.449,0.0
940GZZLUCTN,940GZZLUTMP,0.0,0.403,8.343,10.329,4.316,3.336,1.045,0.0
940GZZLUCTN,940GZZLUTCR,0.0,2.712,87.646,420.855,283.512,64.769,25.389,0.0
940GZZLUCTN,940GZZLUTWH,0.0,1.018,16.695,52.58,49.479,11.478,9.393,0.0
940GZZLUCTN,940GZZLUVIC,0.0,15.868,126.262,320.28,502.718,153.588,124.925,0.0
940GZZLUCTN,940GZZLUWRR,0.0,0.81,28.505,71.429,34.88,10.759,8.259,0.0
940GZZLUCTN,940GZZLUWKA,0.0,0.0,0.616,3.128,3.025,2.038,0.542,0.0
940GZZLUCTN,940GZZLUWLO,0.0,26.139,126.175,242.904,467.062,144.546,146.194,0.0
940GZZLUCTN,940GZZLUWBN,0.0,0.0,0.873,3.711,4.167,1.464,1.294,0.0
940GZZLUCTN,940GZZLUWHP,0.0,0.0,0.619,1.745,2.07,0.549,0.120000005,0.0
940GZZLUCTN,940GZZLUWKN,0.0,0.072000004,0.673,4.146,6.673,4.219,2.8,0.0
940GZZLUCTN,940GZZLUWSM,0.0,0.717,17.421,54.617,18.518,3.717,0.522,0.0
940GZZLUCTN,940GZZLUWPL,0.0,0.351,6.1019998,12.511,15.73,5.143,5.541,0.0
940GZZLUCTN,940GZZLUWIG,0.0,0.0,0.0,3.572,4.154,2.32,1.694,0.0
940GZZLUCTN,940GZZLUERB,0.0,0.0,0.442,2.932,2.476,1.119,0.095,0.0
940GZZLUCTN,940GZZLUPCO,0.0,0.0,15.688,33.477,25.851,10.023,7.937,0.0
940GZZLUCTN,940GZZLUVXL,0.0,2.27,48.407,40.794,105.036,45.181,30.291,0.0
940GZZLUCTN,940GZZLUBXN,0.0,0.88,17.073,48.683,144.355,75.544,64.436,0.0
940GZZLUCTN,940GZZLUSWK,0.0,0.0,6.89,27.38,14.398,4.272,0.867,0.0
940GZZLUCTN,940GZZLUBMY,0.0,1.429,5.693,9.788,21.232,10.519,8.09,0.0
940GZZLUCTN,940GZZLUCWR,0.0,1.151,5.1150002,28.449,59.74,42.174,33.8,0.0
940GZZLUCST,940GZZLUBBN,0.0,0.402,21.839,13.139,3.81,2.331,0.42700002,0.0
940GZZLUCST,940GZZLUALD,0.0,9.517,106.399,23.228,10.41,4.121,1.155,0.0
940GZZLUCST,940GZZLUADE,0.0,19.813,383.923,132.333,73.407,29.1,7.729,0.0
940GZZLUCST,940GZZLUAGL,0.0,0.0,2.154,3.374,4.095,2.6,0.612,0.0
940GZZLUCST,940GZZLUBST,0.0,0.0,8.745,12.762,23.066,7.491,1.169,0.0
940GZZLUCST,940GZZLUBNK,0.0,4.94,53.52,66.935,66.738,15.552,3.991,0.0
940GZZLUCST,940GZZLUBSC,0.0,0.267,22.72,10.875,32.453,12.419,3.285,0.0
940GZZLUCST,940GZZLUBWT,0.0,1.291,3.206,4.734,9.421,2.695,1.304,0.0
940GZZLUCST,940GZZLUBLG,0.0,0.499,0.036,1.775,1.313,0.962,0.304,0.0
940GZZLUCST,940GZZLUBKF,0.0,24.427,216.379,150.095,356.138,86.19,20.835,0.0
940GZZLUCST,940GZZLUBND,0.0,0.0,7.943,8.458,9.597,1.073,0.311,0.0
940GZZLUCST,940GZZLUCAR,0.0,0.282,1.075,0.594,1.527,0.74300003,0.165,0.0
940GZZLUCST,940GZZLUCTN,0.0,0.356,1.971,2.953,2.832,1.059,0.445,0.0
940GZZLUCST,940GZZLUCHL,0.0,0.261,1.306,2.073,0.605,0.028,0.242,0.0
940GZZLUCST,940GZZLUEMB,0.0,7.386,134.584,257.1,269.213,45.454,6.83,0.0
940GZZLUCST,940GZZLUCGN,0.0,0.0,1.63,1.225,1.324,0.008,0.0,0.0
940GZZLUCST,940GZZLUECT,0.0,5.244,62.181,45.076,117.911,65.53,15.342,0.0
940GZZLUCST,940GZZLUERC,0.0,0.194,4.979,4.401,4.145,0.915,0.55,0.0
940GZZLUCST,940GZZLUEAC,0.0,0.0,0.546,2.184,1.458,0.962,1.073,0.0
940GZZLUCST,940GZZLUEUS,0.0,0.011,1.976,5.512,17.239,3.118,0.704,0.0
940GZZLUCST,940GZZLUESQ,0.0,0.002,10.76,9.688,9.73,2.237,0.036000002,0.0
940GZZLUCST,940GZZLUFCN,0.0,0.0,15.466,18.432,10.686,3.61,0.969,0.0
940GZZLUCST,940GZZLUFYR,0.0,0.949,0.341,2.325,12.963,6.226,1.201,0.0
940GZZLUCST,940GZZLUFPK,0.0,0.0,0.0,2.785,1.438,0.997,0.30900002,0.0
940GZZLUCST,940GZZLUFBY,0.0,5.71,38.648,25.66,104.704,47.461,9.404,0.0
940GZZLUCST,940GZZLUGTR,0.0,6.742,81.385,47.56,113.534,49.569,11.244,0.0
940GZZLUCST,940GZZLUGDG,0.0,3.645,21.487,10.742,10.459,1.874,0.099,0.0
940GZZLUCST,940GZZLUGPS,0.0,0.271,11.946,11.567,5.746,2.055,0.492,0.0
940GZZLUCST,940GZZLUGPK,0.0,0.235,24.355,45.679,30.494,4.993,1.37,0.0
940GZZLUCST,940GZZLUHSD,0.0,5.304,120.054,51.03,120.083,39.949,10.199,0.0
940GZZLUCST,940GZZLUHAI,0.0,0.0,0.41,0.32,0.329,0.238,0.065,0.0
940GZZLUCST,940GZZLUHSK,0.0,7.6879997,80.615,44.149,52.676,16.504,3.86,0.0
940GZZLUCST,940GZZLUHBN,0.0,0.0,2.224,3.66,1.9120001,0.23,0.308,0.0
940GZZLUCST,940GZZLUHPK,0.0,0.0,0.0,0.0,0.011,0.0,0.0,0.0
940GZZLUCST,940GZZLUHWY,0.0,0.0,0.22,0.81200004,0.73,0.27,0.002,0.0
940GZZLUCST,940GZZLUHPC,0.0,1.094,0.381,1.477,0.761,0.115,0.009000001,0.0
940GZZLUCST,940GZZLUKNG,0.0,0.0,0.251,0.123,3.193,1.73,0.122,0.0
940GZZLUCST,940GZZLUKOY,0.0,0.0,0.0,0.0,0.0,0.133,0.0,0.0
940GZZLUCST,940GZZLUKSH,0.0,0.0,0.72,0.984,1.654,0.358,0.161,0.0
940GZZLUCST,940GZZLUKBN,0.0,0.0,0.309,1.021,10.846,4.809,0.781,0.0
940GZZLUCST,940GZZLUKSX,0.0,2.27,11.496,33.894,28.291,7.803,2.8040001,0.0
940GZZLUCST,940GZZLUKNB,0.0,1.177,3.454,9.882,5.608,0.77,0.1,0.0
940GZZLUCST,940GZZLULBN,0.0,0.0,0.968,1.85,2.696,2.088,0.352,0.0
940GZZLUCST,940GZZLULGT,0.0,0.0,0.0,0.268,1.476,0.325,0.283,0.0
940GZZLUCST,940GZZLULSQ,0.0,0.199,3.7220001,22.216,27.833,6.393,0.88,0.0
940GZZLUCST,940GZZLULVT,0.0,6.038,74.906,68.225,58.353,22.454,2.323,0.0
940GZZLUCST,940GZZLULNB,0.0,0.091,2.459,5.597,8.669,2.364,1.244,0.0
940GZZLUCST,940GZZLUMSH,0.0,2.3930001,17.104,6.065,2.588,0.814,0.363,0.0
940GZZLUCST,940GZZLUMBA,0.0,0.359,1.659,2.014,1.326,0.189,0.0,0.0
940GZZLUCST,940GZZLUMYB,0.0,1.169,3.109,16.402,58.405,13.644,2.609,0.0
940GZZLUCST,940GZZLUMED,0.0,4.817,21.174,16.698,49.292,14.106,4.199,0.0
940GZZLUCST,940GZZLUMGT,0.0,0.006,8.901,9.344,4.567,2.557,0.67,0.0
940GZZLUCST,940GZZLUMTC,0.0,0.0050000004,3.59,1.03,1.779,0.796,0.162,0.0
940GZZLUCST,940GZZLUNHG,0.0,3.974,18.826,10.097,13.92,4.553,1.279,0.0
940GZZLUCST,940GZZLUODS,0.0,0.412,2.499,3.442,2.332,2.044,0.874,0.0
940GZZLUCST,940GZZLUOVL,0.0,0.0,1.138,0.359,2.119,1.979,0.242,0.0
940GZZLUCST,940GZZLUOXC,0.0,0.214,18.668,19.432,19.249,1.612,0.437,0.0
940GZZLUCST,940GZZLUPAC,0.0,4.721,53.054,79.765,111.548,24.07,6.301,0.0
940GZZLUCST,940GZZLUPCC,0.0,1.149,18.687,40.997,48.041,7.847,1.901,0.0
940GZZLUCST,940GZZLUQWY,0.0,0.0,0.694,0.615,1.273,0.352,0.103,0.0
940GZZLUCST,940GZZLURGP,0.0,0.019,6.677,10.571,4.148,1.003,0.238,0.0
940GZZLUCST,940GZZLURYO,0.0,0.0,0.674,1.454,3.0119998,1.26,0.235,0.0
940GZZLUCST,940GZZLURSQ,0.0,0.0,0.848,1.007,0.99,0.193,0.334,0.0
940GZZLUCST,940GZZLUSJP,0.0,24.218,397.699,215.819,113.487,32.477,6.976,0.0
940GZZLUCST,940GZZLUSJW,0.0,0.0,1.659,4.06,16.434,9.258,1.28,0.0
940GZZLUCST,940GZZLUSPU,0.0,0.0,0.0,0.038,0.027,0.03,0.0,0.0
940GZZLUCST,940GZZLUSBC,0.0,0.455,5.468,1.255,2.6790001,0.842,0.095,0.0
940GZZLUCST,940GZZLUSSQ,0.0,19.815,187.057,149.425,239.95,105.132,19.144,0.0
940GZZLUCST,940GZZLUSKS,0.0,18.305,175.461,159.65201,188.536,74.926,14.928,0.0
940GZZLUCST,940GZZLUSKW,0.0,1.168,1.126,1.006,4.018,1.496,0.365,0.0
940GZZLUCST,940GZZLUCHX,0.0,0.005,1.519,5.248,4.514,0.367,0.0050000004,0.0
940GZZLUCST,940GZZLUSWC,0.0,0.0,0.497,3.121,11.301,5.285,0.313,0.0
940GZZLUCST,940GZZLUTMP,0.0,17.369,204.366,150.368,78.515,15.0060005,2.327,0.0
940GZZLUCST,940GZZLUTCR,0.0,4.389,19.822,11.459,10.553,2.4,0.118,0.0
940GZZLUCST,940GZZLUTWH,0.0,21.851,317.238,164.295,147.839,39.43,9.315,0.0
940GZZLUCST,940GZZLUVIC,0.0,7.579,74.351,83.503,171.871,49.868,13.311,0.0
940GZZLUCST,940GZZLUWRR,0.0,2.183,25.305,6.942,5.166,1.144,0.17300001,0.0
940GZZLUCST,940GZZLUWKA,0.0,0.0,1.5,1.178,10.474,5.463,1.214,0.0
940GZZLUCST,940GZZLUWLO,0.0,1.404,4.637,14.908,30.789999,12.467,4.801,0.0
940GZZLUCST,940GZZLUWBN,0.0,14.153,84.596,19.683,36.5,15.258,4.577,0.0
940GZZLUCST,940GZZLUWHP,0.0,0.618,0.295,1.949,17.219,6.62,1.272,0.0
940GZZLUCST,940GZZLUWKN,0.0,3.629,24.976,19.31,58.296,32.117,10.076,0.0
940GZZLUCST,940GZZLUWSM,0.0,16.977,115.276,126.718,54.439,13.023,3.95,0.0
940GZZLUCST,940GZZLUWPL,0.0,11.866,113.23,91.32,145.439,72.412,16.519,0.0
940GZZLUCST,940GZZLUWIG,0.0,0.0,0.287,2.772,8.106,3.247,1.036,0.0
940GZZLUCST,940GZZLUERB,0.0,0.044,4.004,3.443,6.362,1.195,0.308,0.0
940GZZLUCST,940GZZLUPCO,0.0,0.526,10.542,8.752,18.247,11.255,1.7409999,0.0
940GZZLUCST,940GZZLUVXL,0.0,1.007,13.048,7.968,29.052,11.675,2.11,0.0
940GZZLUCST,940GZZLUBXN,0.0,0.0,1.969,6.019,17.93,11.485,3.384,0.0
940GZZLUCST,940GZZLUCWR,0.0,0.0,0.064,1.957,4.564,1.536,0.497,0.0
940GZZLUCHL,940GZZLUBBN,0.0,0.0,0.378,2.101,0.722,0.009,0.0,0.0
940GZZLUCHL,940GZZLUALD,0.0,0.0,5.059,19.354,14.762,5.605,1.436,0.0
940GZZLUCHL,940GZZLUADE,0.0,0.0,2.655,12.837,11.58,6.5429997,2.209,0.0
940GZZLUCHL,940GZZLUAGL,0.0,0.0,1.383,9.29,7.897,3.522,0.687,0.0
940GZZLUCHL,940GZZLUBST,0.0,0.0,4.486,31.018,49.748,12.597,2.688,0.0
940GZZLUCHL,940GZZLUBNK,0.0,8.802,174.001,859.029,1128.351,351.982,112.055,0.0
940GZZLUCHL,940GZZLUBSC,0.0,0.0,3.665,7.801,17.915,10.032,3.15,0.0
940GZZLUCHL,940GZZLUBWT,0.0,0.0,0.111,1.0139999,0.464,0.341,0.12,0.0
940GZZLUCHL,940GZZLUBLG,0.0,0.957,13.385,86.049,220.849,116.094,35.586,0.0
940GZZLUCHL,940GZZLUBKF,0.0,0.0,0.0,1.6110001,2.205,0.296,0.0,0.0
940GZZLUCHL,940GZZLUBND,0.0,1.295,68.531,466.338,338.484,79.581,9.873,0.0
940GZZLUCHL,940GZZLUBOR,0.0,0.062,2.484,19.78,13.971,8.759,2.565,0.0
940GZZLUCHL,940GZZLUCAR,0.0,0.0,0.688,5.657,9.111,5.523,1.824,0.0
940GZZLUCHL,940GZZLUCTN,0.0,0.0,3.874,30.086,34.57,16.35,1.959,0.0
940GZZLUCHL,940GZZLUCST,0.0,0.0,0.256,1.508,1.182,0.006,0.0,0.0
940GZZLUCHL,940GZZLUEMB,0.0,0.0,0.736,11.712,9.592,1.548,0.891,0.0
940GZZLUCHL,940GZZLUCGN,0.0,0.137,2.4160001,36.5,23.771,6.668,0.928,0.0
940GZZLUCHL,940GZZLUECT,0.0,0.841,1.646,15.033,27.202,15.904,4.969,0.0
940GZZLUCHL,940GZZLUEAC,0.0,0.0,3.2810001,19.883,15.78,9.6050005,4.625,0.0
940GZZLUCHL,940GZZLUEUS,0.0,0.27899998,5.297,114.588,144.047,37.892,2.644,0.0
940GZZLUCHL,940GZZLUFCN,0.0,0.0,1.203,2.98,2.8930001,1.81,0.304,0.0
940GZZLUCHL,940GZZLUFYR,0.0,0.0,0.499,11.275,25.209,14.303,3.448,0.0
940GZZLUCHL,940GZZLUFPK,0.0,0.0,2.603,16.992,33.327,19.565,4.954,0.0
940GZZLUCHL,940GZZLUFBY,0.0,0.044,3.914,10.429,25.03,9.901,4.228,0.0
940GZZLUCHL,940GZZLUGTR,0.0,0.0,1.669,12.049,15.112,8.974,3.096,0.0
940GZZLUCHL,940GZZLUGDG,0.0,0.194,1.639,19.517,12.352,3.5080001,0.744,0.0
940GZZLUCHL,940GZZLUGPS,0.0,0.0,0.507,1.322,0.018,0.20300001,0.0,0.0
940GZZLUCHL,940GZZLUGPK,0.0,0.17300001,13.304,101.317,52.75,12.925,1.77,0.0
940GZZLUCHL,940GZZLUHSD,0.0,0.431,4.893,19.974,27.846,14.6119995,3.402,0.0
940GZZLUCHL,940GZZLUHAI,0.0,0.0,1.446,14.247,19.144001,15.537,3.244,0.0
940GZZLUCHL,940GZZLUHSK,0.0,0.083000004,7.592,33.332,30.107,13.403,3.171,0.0
940GZZLUCHL,940GZZLUHBN,0.0,0.0,8.917,69.427,37.09,12.77,2.633,0.0
940GZZLUCHL,940GZZLUHPK,0.0,0.15799999,12.157,35.961,70.366,35.537,7.518,0.0
940GZZLUCHL,940GZZLUHWY,0.0,0.273,0.754,8.389,10.292,8.853,3.177,0.0
940GZZLUCHL,940GZZLUHPC,0.0,0.0,2.038,12.119,4.719,1.299,0.442,0.0
940GZZLUCHL,940GZZLUKNG,0.0,0.0,1.514,7.833,21.175,8.052,3.469,0.0
940GZZLUCHL,940GZZLUKOY,0.0,0.0,0.0,0.0,0.0,0.167,0.0,0.0
940GZZLUCHL,940GZZLUKSH,0.0,0.0,0.91899997,7.022,11.758,9.185,0.99,0.0
940GZZLUCHL,940GZZLUKBN,0.0,0.0,1.69,11.81,38.589,23.329,9.155,0.0
940GZZLUCHL,940GZZLUKSX,0.0,0.27,2.162,55.064,49.355,17.005,4.434,0.001
940GZZLUCHL,940GZZLUKNB,0.0,0.0,6.399,37.461,25.497,6.774,0.558,0.0
940GZZLUCHL,940GZZLULBN,0.0,0.0,0.54,5.108,3.072,0.639,0.548,0.0
940GZZLUCHL,940GZZLULGT,0.0,1.869,10.556,87.136,222.367,73.659,18.754,0.0
940GZZLUCHL,940GZZLULSQ,0.0,0.09,3.172,38.578,29.904,15.298,1.727,0.0
940GZZLUCHL,940GZZLULVT,0.0,5.43,107.598,656.812,1167.911,341.161,77.43,0.0
940GZZLUCHL,940GZZLULNB,0.0,0.95100003,22.021,129.757,148.766,72.376,16.992,0.0
940GZZLUCHL,940GZZLUMBA,0.0,1.057,40.491,150.419,138.447,44.582,10.831,0.0
940GZZLUCHL,940GZZLUMYB,0.0,0.198,4.805,59.965,182.013,41.015,10.414,0.0
940GZZLUCHL,940GZZLUMED,0.0,2.179,16.960001,79.826,165.965,92.159,29.078,0.0
940GZZLUCHL,940GZZLUMGT,0.0,0.0,2.07,14.019,4.195,1.008,0.048,0.0
940GZZLUCHL,940GZZLUMTC,0.0,0.0,1.497,12.834,10.545,5.901,1.256,0.0
940GZZLUCHL,940GZZLUNHG,0.0,1.622,21.914,99.999,179.569,110.475,22.626,0.0
940GZZLUCHL,940GZZLUODS,0.0,0.05,3.738,34.376,18.971,8.335,2.276,0.0
940GZZLUCHL,940GZZLUOVL,0.0,0.193,2.675,16.82,24.881,18.887,3.985,0.0
940GZZLUCHL,940GZZLUOXC,0.0,3.793,88.22,721.292,559.077,121.976,17.314,0.0
940GZZLUCHL,940GZZLUPAC,0.0,0.568,5.895,105.205,125.105,40.39,6.401,0.0
940GZZLUCHL,940GZZLUPCC,0.0,0.089,8.997,84.861,53.644,19.147,1.406,0.0
940GZZLUCHL,940GZZLUQWY,0.0,0.561,10.211,56.565998,120.983,59.773,15.29,0.0
940GZZLUCHL,940GZZLURGP,0.0,0.0,2.163,11.984,6.554,2.672,0.629,0.0
940GZZLUCHL,940GZZLURYO,0.0,0.0,0.0,0.323,1.019,0.267,0.0,0.0
940GZZLUCHL,940GZZLURSQ,0.0,0.0,1.121,13.212,7.871,4.168,1.054,0.0
940GZZLUCHL,940GZZLUSJP,0.0,0.0,2.383,9.45,2.2020001,0.74,1.915,0.0
940GZZLUCHL,940GZZLUSJW,0.0,0.0,1.988,23.977,48.188,24.985,5.518,0.0
940GZZLUCHL,940GZZLUSPU,0.0,0.437,18.271,137.919,48.211,7.298,2.11,0.0
940GZZLUCHL,940GZZLUSBC,0.0,0.869,24.134,140.44,417.489,168.787,32.598,0.0
940GZZLUCHL,940GZZLUSSQ,0.0,0.0,2.997,12.349,8.779,2.684,0.307,0.0
940GZZLUCHL,940GZZLUSKS,0.0,0.0,9.634,40.006,39.068,15.537,2.836,0.0
940GZZLUCHL,940GZZLUSKW,0.0,0.0,1.701,19.233,64.579,38.561,12.5,0.0
940GZZLUCHL,940GZZLUCHX,0.0,0.017,3.879,30.102,31.295,9.474,2.068,0.0
940GZZLUCHL,940GZZLUSWC,0.0,0.0,7.14,16.427,43.582,24.543,4.575,0.0
940GZZLUCHL,940GZZLUTCR,0.0,1.637,55.435,454.308,392.737,119.826004,13.453,0.0
940GZZLUCHL,940GZZLUTWH,0.0,0.0,2.059,20.997,13.232,4.14,1.6520001,0.0
940GZZLUCHL,940GZZLUVIC,0.0,3.892,32.739,286.399,376.965,133.543,34.194,0.0
940GZZLUCHL,940GZZLUWRR,0.0,0.045,3.362,27.682,16.728,4.198,1.367,0.0
940GZZLUCHL,940GZZLUWKA,0.0,0.0,0.927,11.793,36.279,27.824,3.138,0.0
940GZZLUCHL,940GZZLUWLO,0.0,0.272,7.573,119.865,221.902,87.173,18.351,0.0
940GZZLUCHL,940GZZLUWBN,0.0,0.0,1.863,7.774,6.349,4.33,0.875,0.0
940GZZLUCHL,940GZZLUWHP,0.0,0.432,4.046,7.38,26.581,20.627,7.348,0.0
940GZZLUCHL,940GZZLUWKN,0.0,0.0,0.213,5.065,4.764,2.764,1.643,0.0
940GZZLUCHL,940GZZLUWSM,0.0,0.0,5.925,24.205,14.598,1.756,0.591,0.0
940GZZLUCHL,940GZZLUWPL,0.0,0.0,1.443,15.931,12.812,7.291,3.642,0.0
940GZZLUCHL,940GZZLUWIG,0.0,0.911,0.919,11.598,54.118,27.766,5.998,0.0
940GZZLUCHL,940GZZLUERB,0.0,0.037,1.836,12.0,13.861,7.282,1.622,0.0
940GZZLUCHL,940GZZLUPCO,0.0,0.0,3.695,26.057,36.47,22.417,8.19,0.0
940GZZLUCHL,940GZZLUVXL,0.0,1.21,9.898,62.427002,135.156,62.889,19.897,0.0
940GZZLUCHL,940GZZLUBXN,0.0,0.26700002,9.808,62.133,188.516,103.258,28.425,0.0
940GZZLUCHL,940GZZLUSWK,0.0,0.0,1.054,8.774,6.471,1.521,0.412,0.0
940GZZLUCHL,940GZZLUBMY,0.0,0.0,1.855,11.595,19.997,8.953,3.3,0.0
940GZZLUCHL,940GZZLUCWR,0.0,0.24,1.381,22.392,48.864,34.311,11.376,0.0
940GZZLUEMB,940GZZLUBBN,0.0,0.0,6.374,23.975,18.302,4.282,2.37,0.0
940GZZLUEMB,940GZZLUALD,0.0,1.706,18.222,48.81,45.694,20.269,16.752,0.0
940GZZLUEMB,940GZZLUADE,0.0,3.176,71.131,177.701,204.521,118.979,84.926,0.0
940GZZLUEMB,940GZZLUAGL,0.0,0.0,5.839,15.294,21.099,9.166,5.437,0.0
940GZZLUEMB,940GZZLUBST,0.0,0.0,21.06,62.603,52.861,17.69,9.432,0.0
940GZZLUEMB,940GZZLUBNK,0.0,4.975,166.566,422.35,486.524,132.455,74.785,0.0
940GZZLUEMB,940GZZLUBSC,0.0,0.31599998,35.711,18.543,23.266,18.501,18.757,0.0
940GZZLUEMB,940GZZLUBWT,0.0,0.315,9.419,28.921,42.865,39.612,32.411,0.0
940GZZLUEMB,940GZZLUBLG,0.0,0.0,1.041,8.197,18.431,11.263,5.463,0.0
940GZZLUEMB,940GZZLUBKF,0.0,12.756,94.204,412.695,484.18,157.853,81.479,0.0
940GZZLUEMB,940GZZLUBND,0.0,0.0,7.019,32.934,14.057,4.066,1.329,0.0
940GZZLUEMB,940GZZLUBOR,0.0,0.34,6.915,9.799,11.961,6.061,4.1349998,0.0
940GZZLUEMB,940GZZLUCAR,0.0,0.008,0.579,2.077,4.332,4.553,3.861,0.0
940GZZLUEMB,940GZZLUCTN,0.0,0.614,18.657999,69.259,47.399,22.714,16.31,0.0
940GZZLUEMB,940GZZLUCST,0.0,5.956,87.36,210.13899,187.123,34.565,26.776,0.0
940GZZLUEMB,940GZZLUCHL,0.0,0.001,2.491,11.2039995,6.33,1.405,0.363,0.0
940GZZLUEMB,940GZZLUCGN,0.0,0.224,0.269,8.441,9.399,1.087,0.005,0.0
940GZZLUEMB,940GZZLUECT,0.0,11.227,86.828,107.982,113.789,91.279,69.187996,0.0
940GZZLUEMB,940GZZLUERC,0.0,0.0,0.0,2.704,2.224,2.521,3.918,0.0
940GZZLUEMB,940GZZLUEAC,0.0,0.648,11.257,48.155,74.044,44.887,32.051,0.0
940GZZLUEMB,940GZZLUEUS,0.0,3.862,34.977,162.249,248.069,70.028,36.496002,0.004
940GZZLUEMB,940GZZLUESQ,0.0,0.0,0.358,1.345,0.714,1.458,0.187,0.0
940GZZLUEMB,940GZZLUFCN,0.0,0.0,5.305,16.98,8.615,3.142,1.565,0.0
940GZZLUEMB,940GZZLUFYR,0.0,0.0,1.121,3.434,9.835,5.95,3.894,0.0
940GZZLUEMB,940GZZLUFPK,0.0,0.0,3.352,18.229,41.643,24.426,21.855,0.0
940GZZLUEMB,940GZZLUFBY,0.0,4.515,51.165,59.196,89.455,55.894,32.089,0.0
940GZZLUEMB,940GZZLUGTR,0.0,12.466,105.567,81.869,99.638,70.904,52.083,0.0
940GZZLUEMB,940GZZLUGDG,0.0,1.103,20.64,40.811,31.999,9.939,5.307,0.0
940GZZLUEMB,940GZZLUGPS,0.0,0.0,0.833,1.6060001,0.465,0.126,0.344,0.0
940GZZLUEMB,940GZZLUGPK,0.0,0.246,6.17,21.044,10.761,4.199,3.386,0.0
940GZZLUEMB,940GZZLUHSD,0.0,13.964,158.929,91.879,136.517,79.561,47.918,0.0
940GZZLUEMB,940GZZLUHAI,0.0,0.754,4.276,18.28,49.033,33.731,21.383,0.0
940GZZLUEMB,940GZZLUHSK,0.0,24.238,118.625,124.069,92.359,43.536,32.14,0.0
940GZZLUEMB,940GZZLUHBN,0.0,0.019,3.5410001,13.037,7.203,3.382,2.7910001,0.0
940GZZLUEMB,940GZZLUHPK,0.0,0.0,2.365,2.115,3.179,2.61,3.185,0.0
940GZZLUEMB,940GZZLUHWY,0.0,0.0050000004,1.867,3.083,5.267,4.26,4.5820003,0.0
940GZZLUEMB,940GZZLUHPC,0.0,0.112,3.3240001,7.246,5.697,0.68,0.115,0.0
940GZZLUEMB,940GZZLUKNG,0.0,0.565,4.165,26.012,51.109,38.297,24.178,0.001
940GZZLUEMB,940GZZLUKOY,0.0,0.0,0.0,0.0,0.0,0.207,0.0,0.0
940GZZLUEMB,940GZZLUKSH,0.0,0.342,4.42,13.883,32.697998,20.129,13.226,0.004
940GZZLUEMB,940GZZLUKBN,0.0,0.238,1.033,3.192,10.776,9.437,6.661,0.0
940GZZLUEMB,940GZZLUKSX,0.0,3.145,21.554,115.046,155.157,47.299,32.671,0.001
940GZZLUEMB,940GZZLUKNB,0.0,0.819,5.943,34.347,19.615,2.836,1.249,0.0
940GZZLUEMB,940GZZLULBN,0.0,0.449,7.968,29.459,18.601,10.445,9.965,0.0
940GZZLUEMB,940GZZLULGT,0.0,0.0,0.582,2.198,5.197,3.345,1.633,0.0
940GZZLUEMB,940GZZLULSQ,0.0,1.417,6.776,65.851,45.274,23.139,6.785,0.0
940GZZLUEMB,940GZZLULVT,0.0,6.097,64.103,262.56,518.127,154.599,94.136,0.0
940GZZLUEMB,940GZZLULNB,0.0,1.207,9.573,70.094,53.41,22.287,11.898,0.0
940GZZLUEMB,940GZZLUMSH,0.0,2.787,127.973,284.316,112.742,25.093,12.067,0.0
940GZZLUEMB,940GZZLUMBA,0.0,0.224,6.043,14.405,11.077,4.862,2.8730001,0.0
940GZZLUEMB,940GZZLUMYB,0.0,1.476,30.168,62.501,148.446,57.098,31.941,0.0
940GZZLUEMB,940GZZLUMED,0.0,0.23,8.375,42.32,92.651,67.381,52.921,0.0
940GZZLUEMB,940GZZLUMGT,0.0,0.202,19.913,46.033,31.89,8.083,8.2890005,0.0
940GZZLUEMB,940GZZLUMTC,0.0,0.13,13.716,7.649,9.408,5.549,4.803,0.0
940GZZLUEMB,940GZZLUNHG,0.0,6.541,21.101,50.052,47.854,33.405,20.959,0.0
940GZZLUEMB,940GZZLUODS,0.0,0.143,11.322,31.002,28.661,12.372,7.483,0.0
940GZZLUEMB,940GZZLUOVL,0.074,0.92300004,10.879,0.0,55.273,23.148,27.232,0.528
940GZZLUEMB,940GZZLUOXC,0.0,5.0,59.516,191.625,135.388,28.469,6.164,0.0
940GZZLUEMB,940GZZLUPAC,0.0,13.761,80.69,215.078,335.289,123.059,69.407,0.0
940GZZLUEMB,940GZZLUPCC,0.0,0.315,23.503,94.665,79.603,27.052,7.476,0.0
940GZZLUEMB,940GZZLUQWY,0.0,0.0,2.875,4.1,6.738,7.304,3.145,0.0
940GZZLUEMB,940GZZLURGP,0.0,0.381,12.921,30.654,20.184,4.819,5.666,0.0
940GZZLUEMB,940GZZLURYO,0.0,0.0,0.527,0.675,1.2870001,1.641,1.873,0.0
940GZZLUEMB,940GZZLURSQ,0.0,0.082,1.467,10.601,9.213,4.437,4.882,0.0
940GZZLUEMB,940GZZLUSJP,0.0,22.577,411.183,255.249,74.348,30.121,21.973,0.0
940GZZLUEMB,940GZZLUSJW,0.0,0.0,9.922,6.374,8.15,4.27,3.027,0.0
940GZZLUEMB,940GZZLUSPU,0.0,0.547,2.838,6.604,2.178,0.013,0.59000003,0.0
940GZZLUEMB,940GZZLUSBC,0.0,0.008,2.569,14.93,23.642,11.108,8.86,0.0
940GZZLUEMB,940GZZLUSSQ,0.0,17.808,233.812,331.495,211.787,107.705,58.055,0.0
940GZZLUEMB,940GZZLUSKS,0.0,33.515,380.866,341.554,191.365,93.452,38.255,0.0
940GZZLUEMB,940GZZLUSKW,0.0,0.0,3.329,16.665,46.901,32.964,21.044,0.009000001
940GZZLUEMB,940GZZLUCHX,0.0,0.0,1.1340001,9.226,9.136,2.51,0.74,0.0
940GZZLUEMB,940GZZLUSWC,0.0,0.0,1.564,3.96,8.548,6.461,4.232,0.0
940GZZLUEMB,940GZZLUTMP,0.0,5.816,70.551,54.116,22.32,9.531,4.342,0.0
940GZZLUEMB,940GZZLUTCR,0.0,1.24,44.839,100.437996,69.28,20.379,8.418,0.0
940GZZLUEMB,940GZZLUTWH,0.0,12.625,133.892,536.879,916.851,262.474,167.45,0.0
940GZZLUEMB,940GZZLUVIC,0.0,11.587,59.256,132.657,313.017,181.227,105.543,0.0
940GZZLUEMB,940GZZLUWRR,0.0,2.366,42.094,33.662,18.817,9.597,9.099,0.0
940GZZLUEMB,940GZZLUWKA,0.0,0.29700002,10.651,8.523,20.342,11.511,8.623,0.0
940GZZLUEMB,940GZZLUWLO,0.0,3.516,52.457,193.824,467.28,225.483,135.298,0.001
940GZZLUEMB,940GZZLUWBN,0.0,14.693,161.61,44.803,39.354,24.442,22.497,0.0
940GZZLUEMB,940GZZLUWHP,0.0,0.0,0.629,3.507,21.078,10.627,5.013,0.0
940GZZLUEMB,940GZZLUWKN,0.0,2.1200001,38.533,39.854,49.763,57.024,36.387,0.0
940GZZLUEMB,940GZZLUWSM,0.0,3.093,59.637,80.481,23.316,7.879,3.565,0.0
940GZZLUEMB,940GZZLUWPL,0.0,5.106,44.019,122.743004,221.242,148.252,103.875,0.0
940GZZLUEMB,940GZZLUWIG,0.0,0.0,0.0,7.134,15.025,8.861,5.486,0.001
940GZZLUEMB,940GZZLUERB,0.0,0.3,10.1449995,19.854,22.918,12.683,15.34,0.0
940GZZLUEMB,940GZZLUPCO,0.0,0.002,5.931,31.36,14.623,11.915,8.336,0.0
940GZZLUEMB,940GZZLUVXL,0.0,1.1439999,11.246,23.202,20.748,17.615,9.857,0.0
940GZZLUEMB,940GZZLUBXN,0.0,1.894,4.758,33.285,92.647,72.305,52.913,0.0
940GZZLUEMB,940GZZLUSWK,0.0,0.0,0.995,13.97,7.782,4.402,3.766,0.0
940GZZLUEMB,940GZZLUBMY,0.0,0.50699997,2.474,6.293,15.451,12.57,11.196,0.0
940GZZLUEMB,940GZZLUCWR,0.0,3.237,25.395,64.872,123.924,80.664,58.957,0.001
940GZZLUCGN,940GZZLUBBN,0.0,0.0,0.46,13.399,13.043,5.923,4.735,0.0
940GZZLUCGN,940GZZLUALD,0.0,0.0,0.924,8.739,9.733,7.279,3.677,0.0
940GZZLUCGN,940GZZLUADE,0.0,0.0,0.551,14.081,11.177,8.276,4.039,0.0
940GZZLUCGN,940GZZLUAGL,0.0,0.196,3.317,46.598,48.22,33.653,16.78,0.0
940GZZLUCGN,940GZZLUBST,0.0,0.097,7.589,47.691,32.034,16.229,15.322,0.0
940GZZLUCGN,940GZZLUBNK,0.0,0.191,7.337,103.35,69.331,44.682,19.602,0.0
940GZZLUCGN,940GZZLUBSC,0.0,0.219,7.562,30.09,52.382,45.241,42.89,0.01
940GZZLUCGN,940GZZLUBWT,0.0,0.0,0.088,8.241,9.67,7.509,9.522,0.0
940GZZLUCGN,940GZZLUBLG,0.0,0.0,1.155,14.018,18.941,23.424,15.6970005,0.0
940GZZLUCGN,940GZZLUBKF,0.0,0.0,0.51,5.612,5.711,1.969,1.225,0.0
940GZZLUCGN,940GZZLUBND,0.0,0.091,3.242,92.892,44.522,18.644001,5.529,0.0
940GZZLUCGN,940GZZLUBOR,0.0,0.0,0.38500002,4.262,2.26,2.678,1.585,0.0
940GZZLUCGN,940GZZLUCAR,0.0,0.331,3.788,44.835,70.527,62.914,41.224,0.0
940GZZLUCGN,940GZZLUCTN,0.0,0.0,0.7,38.876,15.823,7.4110003,4.298,0.0
940GZZLUCGN,940GZZLUCST,0.0,0.0,0.0,0.045,0.011,0.037,0.022,0.0
940GZZLUCGN,940GZZLUCHL,0.0,0.0,1.678,26.412,9.744,5.394,0.898,0.0
940GZZLUCGN,940GZZLUEMB,0.0,0.077,0.201,11.531,6.438,2.453,1.608,0.0
940GZZLUCGN,940GZZLUECT,0.0,0.285,8.839,87.734,115.512,114.454,127.896,0.01
940GZZLUCGN,940GZZLUERC,0.0,0.0,0.0,2.503,3.481,1.744,2.648,0.0
940GZZLUCGN,940GZZLUEAC,0.0,0.0,1.475,11.58,20.913,12.273,6.995,0.0
940GZZLUCGN,940GZZLUEUS,0.0,0.0,2.387,35.154,49.36,27.25,11.006,0.003
940GZZLUCGN,940GZZLUESQ,0.0,0.0,0.126,2.96,1.919,1.061,1.187,0.0
940GZZLUCGN,940GZZLUFCN,0.0,0.234,1.329,19.248,14.536,9.165,5.119,0.0
940GZZLUCGN,940GZZLUFYR,0.0,0.0,0.531,11.772,14.345,11.414,9.599,0.001
940GZZLUCGN,940GZZLUFPK,0.0,0.864,6.269,111.052,248.672,178.813,125.225,0.0
940GZZLUCGN,940GZZLUFBY,0.0,0.0,1.336,18.593,26.484,25.022,17.348,0.0
940GZZLUCGN,940GZZLUGTR,0.0,0.353,6.529,78.472,81.846,71.006,94.674,0.002
940GZZLUCGN,940GZZLUGDG,0.0,0.0,1.058,9.608,4.306,1.799,2.06,0.0
940GZZLUCGN,940GZZLUGPS,0.0,0.087,0.006,3.977,1.939,1.103,2.383,0.0
940GZZLUCGN,940GZZLUGPK,0.0,1.5730001,23.568,191.685,95.963,35.498,23.862,0.001
940GZZLUCGN,940GZZLUHSD,0.0,0.139,23.157,91.894,139.998,109.462,85.488,0.019
940GZZLUCGN,940GZZLUHAI,0.0,0.058,3.381,50.8,106.128,89.432,48.028,0.0
940GZZLUCGN,940GZZLUHSK,0.0,0.27199998,2.255,28.713,16.605,17.681,11.956,0.0
940GZZLUCGN,940GZZLUHBN,0.0,0.0,3.493,64.484,30.98,16.804,10.621,0.0
940GZZLUCGN,940GZZLUHPK,0.0,0.0,0.387,3.931,5.248,3.996,3.586,0.0
940GZZLUCGN,940GZZLUHWY,0.0,0.0,3.73,57.634,82.849,65.712,44.349,0.0
940GZZLUCGN,940GZZLUHPC,0.0,0.45,5.327,63.668,38.925,13.111,11.458,0.001
940GZZLUCGN,940GZZLUKNG,0.0,0.17199999,0.001,2.628,3.738,2.361,1.374,0.0
940GZZLUCGN,940GZZLUKSH,0.0,0.0,0.664,5.158,7.455,5.806,3.971,0.0
940GZZLUCGN,940GZZLUKBN,0.0,1.4120001,1.216,10.545,18.72,18.647,17.762,0.001
940GZZLUCGN,940GZZLUKSX,0.002,7.909,52.037,653.642,786.908,403.609,275.189,0.026
940GZZLUCGN,940GZZLUKNB,0.0,0.809,16.337,215.03,140.499,48.005,22.818,0.0
940GZZLUCGN,940GZZLULBN,0.0,0.17199999,0.34600002,7.88,8.091,7.617,4.63,0.0
940GZZLUCGN,940GZZLULGT,0.0,0.0,0.0,15.083,16.111,17.63,16.878,0.0
940GZZLUCGN,940GZZLULSQ,0.0,0.0,2.22,50.81,32.509,17.585,4.685,0.0
940GZZLUCGN,940GZZLULVT,0.0,0.552,11.846,132.39,148.902,97.534,46.755,0.0
940GZZLUCGN,940GZZLULNB,0.0,0.025,3.784,86.112,69.861,42.476,20.461,0.0
940GZZLUCGN,940GZZLUMSH,0.0,0.0,0.314,0.786,0.322,0.6,0.048,0.0
940GZZLUCGN,940GZZLUMBA,0.0,0.764,0.625,31.131,18.246,10.436,11.261,0.0
940GZZLUCGN,940GZZLUMYB,0.0,0.086,7.124,35.538002,62.635002,39.817,30.884,0.0
940GZZLUCGN,940GZZLUMED,0.0,0.377,1.786,13.733,18.88,20.548,16.11,0.0
940GZZLUCGN,940GZZLUMGT,0.0,0.0,4.27,19.095,8.721,4.015,2.844,0.0
940GZZLUCGN,940GZZLUMTC,0.0,0.0,0.0,1.968,3.055,1.319,1.472,0.0
940GZZLUCGN,940GZZLUNHG,0.0,0.0,2.028,23.063,15.132,12.933,10.042,0.0
940GZZLUCGN,940GZZLUODS,0.0,0.0,7.686,74.805,65.371,44.052002,24.981,0.0
940GZZLUCGN,940GZZLUOVL,0.0,0.0,0.432,2.968,3.1399999,1.928,1.791,0.0
940GZZLUCGN,940GZZLUOXC,0.0,0.0,5.728,150.039,86.03,24.397,5.134,0.0
940GZZLUCGN,940GZZLUPAC,0.0,1.015,9.5460005,96.122,129.221,92.132,71.839,0.0
940GZZLUCGN,940GZZLUPCC,0.0,0.299,8.81,230.529,156.363,59.243,19.83,0.001
940GZZLUCGN,940GZZLUQWY,0.0,0.049000002,0.42,23.702,23.651001,26.538,28.863,0.0
940GZZLUCGN,940GZZLURGP,0.0,0.0,1.181,7.652,5.491,3.127,2.636,0.0
940GZZLUCGN,940GZZLURYO,0.0,0.0,1.031,1.513,2.516,3.23,2.534,0.0
940GZZLUCGN,940GZZLURSQ,0.0,0.0,7.3780003,144.6,99.772,82.686,77.614,0.0
940GZZLUCGN,940GZZLUSJP,0.0,0.0,0.40600002,8.95,5.427,2.807,1.605,0.0
940GZZLUCGN,940GZZLUSJW,0.0,0.0,1.744,16.565,12.302,11.777,10.408,0.0
940GZZLUCGN,940GZZLUSPU,0.0,0.101,3.854,53.122,17.417,5.371,3.622,0.0
940GZZLUCGN,940GZZLUSBC,0.0,0.245,1.458,25.475,24.357,21.467001,9.714,0.0
940GZZLUCGN,940GZZLUSSQ,0.0,0.0,3.196,31.214,13.163,6.243,6.221,0.0
940GZZLUCGN,940GZZLUSKS,0.0,0.128,21.602,211.355,134.006,74.526,68.69,0.006
940GZZLUCGN,940GZZLUSKW,0.0,0.289,0.628,6.133,11.163,11.272,8.106,0.001
940GZZLUCGN,940GZZLUCHX,0.0,0.161,0.827,11.542,9.123,5.051,2.3830001,0.0
940GZZLUCGN,940GZZLUSWC,0.0,0.0,0.617,11.875,16.712,14.842,15.015,0.0
940GZZLUCGN,940GZZLUTMP,0.0,0.0,0.131,1.871,0.282,0.228,0.0,0.0
940GZZLUCGN,940GZZLUTCR,0.0,0.092,0.978,28.885,20.789,8.511,8.099,0.0
940GZZLUCGN,940GZZLUTWH,0.0,0.0,1.2870001,27.313,20.896,11.102,5.9769998,0.0
940GZZLUCGN,940GZZLUVIC,0.0,3.993,24.69,311.768,431.831,209.937,166.898,0.0
940GZZLUCGN,940GZZLUWRR,0.0,0.0,0.482,8.077,4.184,3.61,3.65,0.0
940GZZLUCGN,940GZZLUWKA,0.0,0.0,0.968,8.097,7.779,10.873,7.246,0.0
940GZZLUCGN,940GZZLUWLO,0.0,0.427,4.102,68.381,88.112,81.163,56.197,0.0
940GZZLUCGN,940GZZLUWBN,0.0,0.0,0.461,8.117,11.295,13.452,13.771,0.0
940GZZLUCGN,940GZZLUWHP,0.0,0.0,1.195,12.148,17.349,19.913,17.423,0.0
940GZZLUCGN,940GZZLUWKN,0.0,0.0,2.034,4.2860003,8.075,8.427,6.523,0.0
940GZZLUCGN,940GZZLUWSM,0.0,0.083000004,4.545,34.635,12.012,4.041,2.869,0.0
940GZZLUCGN,940GZZLUWPL,0.0,0.0,0.285,4.117,2.1200001,3.276,2.103,0.0
940GZZLUCGN,940GZZLUWIG,0.0,0.0,0.58,9.738,21.54,22.869,17.553,0.004
940GZZLUCGN,940GZZLUERB,0.0,0.411,3.037,16.427,13.8880005,11.968,8.946,0.0
940GZZLUCGN,940GZZLUPCO,0.0,0.329,3.671,28.937,20.911,21.788,22.238,0.0
940GZZLUCGN,940GZZLUVXL,0.0,0.307,3.891,39.736,59.741,45.391,27.527,0.0
940GZZLUCGN,940GZZLUBXN,0.0,0.489,4.4,42.819,79.187,86.05,49.613,0.008
940GZZLUCGN,940GZZLUSWK,0.0,0.0,0.533,25.235,22.878,15.779,7.449,0.0
940GZZLUCGN,940GZZLUBMY,0.0,0.0,0.192,6.101,9.156,9.439,6.662,0.0
940GZZLUCGN,940GZZLUCWR,0.0,0.0,1.297,29.816,37.833,44.826,25.618,0.001
940GZZLUECT,940GZZLUBBN,0.0,5.093,13.44,17.227,5.558,3.881,1.336,0.0
940GZZLUECT,940GZZLUALD,0.0,1.026,3.573,2.723,1.2540001,0.703,0.0,0.0
940GZZLUECT,940GZZLUADE,0.0,3.452,86.846,59.483,30.611,13.345,5.841,0.0
940GZZLUECT,940GZZLUAGL,0.0,1.391,31.683,40.147,23.229,8.962,2.336,0.0
940GZZLUECT,940GZZLUBST,0.0,4.923,63.542,95.015,23.762001,9.739,3.007,0.0
940GZZLUECT,940GZZLUBNK,0.0,31.904,305.366,136.593,93.213,26.112,10.646,0.0
940GZZLUECT,940GZZLUBSC,0.0,0.792,38.658,47.979,26.87,18.914,12.826,0.0
940GZZLUECT,940GZZLUBWT,0.0,7.836,29.494,66.12,42.84,32.02,8.989,0.0
940GZZLUECT,940GZZLUBLG,0.0,1.6570001,9.406,13.27,12.817,5.329,3.1430001,0.0
940GZZLUECT,940GZZLUBKF,0.0,36.249,283.412,107.522,64.266,15.884,5.498,0.0
940GZZLUECT,940GZZLUBND,0.0,1.308,71.949,96.805,41.578,8.655,0.568,0.0
940GZZLUECT,940GZZLUBOR,0.0,0.0,1.949,4.79,0.946,1.446,0.94,0.0
940GZZLUECT,940GZZLUCAR,0.0,2.432,9.6310005,10.968,12.906,8.487,5.601,0.0
940GZZLUECT,940GZZLUCTN,0.0,0.288,38.469,74.189,16.282,9.881,2.741,0.0
940GZZLUECT,940GZZLUCST,0.0,27.678,170.778,50.277,55.565998,20.716,4.264,0.0
940GZZLUECT,940GZZLUCHL,0.0,0.646,44.975,25.335,9.324,2.281,0.359,0.0
940GZZLUECT,940GZZLUEMB,0.0,8.679,125.398,127.03,134.121,36.342,14.773,0.0
940GZZLUECT,940GZZLUCGN,0.0,4.9110003,89.426,174.768,128.701,41.4,2.082,0.0
940GZZLUECT,940GZZLUERC,0.0,6.949,106.685,91.065,52.488,20.549,7.671,0.0
940GZZLUECT,940GZZLUEAC,0.0,0.234,17.93,33.182,30.367,19.406,7.31,0.0
940GZZLUECT,940GZZLUEUS,0.0,12.782,70.309,69.059,50.572,14.129,5.693,0.0
940GZZLUECT,940GZZLUESQ,0.0,0.603,9.912,8.435,2.244,0.559,1.179,0.0
940GZZLUECT,940GZZLUFCN,0.0,8.448,25.067999,27.078,4.663,2.835,0.294,0.0
940GZZLUECT,940GZZLUFYR,0.0,0.251,5.724,6.047,8.278,3.81,3.345,0.0
940GZZLUECT,940GZZLUFPK,0.0,2.756,13.491,31.546,42.543,19.018,10.408,0.0
940GZZLUECT,940GZZLUFBY,0.0,1.635,63.136,132.061,60.731,44.633,12.624,0.0
940GZZLUECT,940GZZLUGTR,0.0,0.996,54.657,89.943,39.504,20.407999,7.098,0.0
940GZZLUECT,940GZZLUGDG,0.0,1.974,33.183,17.175,8.264,4.337,0.857,0.0
940GZZLUECT,940GZZLUGPS,0.0,1.344,13.855,7.966,4.349,1.206,1.367,0.0
940GZZLUECT,940GZZLUGPK,0.0,28.326,396.744,269.545,91.556,24.468,4.057,0.0
940GZZLUECT,940GZZLUHSD,0.0,10.092,305.566,315.741,175.254,85.493004,31.447,0.0
940GZZLUECT,940GZZLUHAI,0.0,0.66,18.453,25.732,30.333,18.387,7.844,0.0
940GZZLUECT,940GZZLUHSK,0.0,7.164,73.162,214.897,78.959,30.495,6.166,2.0
940GZZLUECT,940GZZLUHBN,0.0,6.669,221.368,144.049,40.417,12.875999,4.064,0.0
940GZZLUECT,940GZZLUHPK,0.0,0.0,2.182,5.265,3.179,1.026,0.0,0.0
940GZZLUECT,940GZZLUHWY,0.0,2.526,12.636,21.16,16.823,6.617,3.951,0.0
940GZZLUECT,940GZZLUHPC,0.0,2.099,83.15,90.044,23.728,10.465,1.29,0.0
940GZZLUECT,940GZZLUKNG,0.0,0.401,4.1,6.257,8.539,4.683,3.164,0.0
940GZZLUECT,940GZZLUKOY,0.0,0.0,0.0,0.0,0.0,2.709,0.0,0.0
940GZZLUECT,940GZZLUKSH,0.0,0.874,4.982,6.508,3.918,2.565,1.577,0.0
940GZZLUECT,940GZZLUKBN,0.0,0.837,2.295,5.762,7.027,3.293,1.878,0.0
940GZZLUECT,940GZZLUKSX,0.0,49.669,233.531,299.144,207.237,48.404,21.278,0.001
940GZZLUECT,940GZZLUKNB,0.0,4.338,101.139,178.299,71.205,25.692,1.607,0.0
940GZZLUECT,940GZZLULBN,0.0,0.088,6.939,10.847,5.262,1.936,0.836,0.0
940GZZLUECT,940GZZLULGT,0.0,0.295,1.465,3.514,1.868,0.719,0.479,0.0
940GZZLUECT,940GZZLULSQ,0.0,8.335,117.215004,211.988,156.334,68.464,11.27,0.0
940GZZLUECT,940GZZLULVT,0.0,19.841,157.575,109.586,83.075,23.525,6.114,0.0
940GZZLUECT,940GZZLULNB,0.0,12.634,118.926,108.335,82.996,28.827,11.251,0.0
940GZZLUECT,940GZZLUMSH,0.0,32.246998,360.206,75.772,19.074,5.111,2.039,0.0
940GZZLUECT,940GZZLUMBA,0.0,0.68,29.372,33.449,12.925,3.674,0.93700004,0.001
940GZZLUECT,940GZZLUMYB,0.0,0.624,18.117,18.501,13.766,2.969,1.774,0.0
940GZZLUECT,940GZZLUMED,0.0,2.041,9.067,16.289,12.749,7.605,8.165,0.0
940GZZLUECT,940GZZLUMGT,0.0,5.796,29.258,18.06,7.187,1.596,1.015,0.0
940GZZLUECT,940GZZLUMTC,0.0,0.141,10.451,5.736,3.261,2.481,0.677,0.0
940GZZLUECT,940GZZLUNHG,0.0,2.931,74.062,144.811,53.41,25.773,8.372,0.0
940GZZLUECT,940GZZLUODS,0.0,2.178,73.57,36.125,25.542,9.933,2.945,0.0
940GZZLUECT,940GZZLUOVL,0.0,0.0,4.959,4.184,7.489,1.895,1.421,0.0
940GZZLUECT,940GZZLUOXC,0.0,7.521,148.644,156.451,76.285,20.681,3.111,0.0
940GZZLUECT,940GZZLUPAC,0.0,12.367,176.459,164.5,107.827,41.666,11.467999,0.0
940GZZLUECT,940GZZLUPCC,0.0,18.776,287.878,368.708,273.01,120.289,21.842,0.0
940GZZLUECT,940GZZLUQWY,0.0,0.0,1.424,3.03,1.406,0.373,0.374,0.0
940GZZLUECT,940GZZLURGP,0.0,1.417,17.009,18.506,5.472,1.579,0.009000001,0.0
940GZZLUECT,940GZZLURYO,0.0,1.253,1.341,2.285,1.62,0.917,0.0,0.0
940GZZLUECT,940GZZLURSQ,0.0,6.506,110.236,136.022,46.735,10.062,4.095,0.0
940GZZLUECT,940GZZLUSJP,0.0,5.168,204.358,124.327,32.763,6.357,1.8000001,0.0
940GZZLUECT,940GZZLUSJW,0.0,0.499,22.169,19.165,8.908,4.907,2.479,0.0
940GZZLUECT,940GZZLUSPU,0.0,2.788,26.756,21.903,3.992,0.481,0.114,0.0
940GZZLUECT,940GZZLUSBC,0.0,1.1420001,8.467999,30.784,16.257,5.2,0.896,0.0
940GZZLUECT,940GZZLUSSQ,0.0,7.235,130.841,197.239,80.915,30.345,6.617,0.0
940GZZLUECT,940GZZLUSKS,0.0,3.246,134.219,275.665,101.797,34.608,6.434,0.0
940GZZLUECT,940GZZLUSKW,0.0,4.183,4.127,15.476,24.211,8.059,4.907,0.0
940GZZLUECT,940GZZLUCHX,0.0,0.396,5.385,7.3190002,5.212,1.687,0.183,0.0
940GZZLUECT,940GZZLUSWC,0.0,0.0,7.162,9.405,9.432,5.225,2.034,0.0
940GZZLUECT,940GZZLUTMP,0.0,5.438,115.857,90.73,20.575,5.854,1.064,0.0
940GZZLUECT,940GZZLUTCR,0.0,2.448,32.758,48.205,22.972,7.005,1.386,0.0
940GZZLUECT,940GZZLUTWH,0.0,8.865,171.293,177.867,102.89,26.574,4.704,0.0
940GZZLUECT,940GZZLUVIC,0.0,14.986,149.027,153.132,165.122,53.725,16.961,0.0
940GZZLUECT,940GZZLUWRR,0.0,2.307,65.814,46.158,14.967,6.622,2.209,0.0
940GZZLUECT,940GZZLUWKA,0.0,0.079,5.47,9.016,6.929,2.1990001,1.984,0.0
940GZZLUECT,940GZZLUWLO,0.0,10.342,38.592,50.2,59.829,19.009,4.643,0.0
940GZZLUECT,940GZZLUWBN,0.0,5.251,58.318,108.969,84.492,37.791,10.453,0.0
940GZZLUECT,940GZZLUWHP,0.0,2.687,4.541,5.505,6.675,3.441,1.523,0.0
940GZZLUECT,940GZZLUWKN,0.0,0.808,19.131,50.044,34.905,22.06,15.427,0.0
940GZZLUECT,940GZZLUWSM,0.0,5.424,168.926,245.554,54.404,14.111,4.318,0.0
940GZZLUECT,940GZZLUWPL,0.0,5.938,59.436,57.756,52.805,24.387,10.8550005,0.0
940GZZLUECT,940GZZLUWIG,0.0,0.0,1.576,7.453,11.937,6.643,6.1280003,0.0
940GZZLUECT,940GZZLUERB,0.0,0.0,0.409,1.283,0.594,0.306,0.102000006,0.0
940GZZLUECT,940GZZLUPCO,0.0,0.301,21.878,25.285,11.708,7.047,1.997,0.0
940GZZLUECT,940GZZLUVXL,0.0,7.478,50.203,35.601,47.089,20.934,9.377,0.0
940GZZLUECT,940GZZLUBXN,0.0,0.701,14.414,45.725,54.678,40.161,12.963,0.0
940GZZLUECT,940GZZLUSWK,0.0,1.48,49.672,27.176,9.091,4.379,1.257,0.0
940GZZLUECT,940GZZLUBMY,0.0,0.334,11.546,9.282,15.944,6.962,4.719,0.0
940GZZLUECT,940GZZLUCWR,0.0,2.558,15.166,43.969,39.528,25.383,13.119,0.0
940GZZLUERC,940GZZLUBBN,0.0,4.805,61.975998,50.395,28.702,13.487,4.045,0.0
940GZZLUERC,940GZZLUALD,0.0,2.732,37.278,29.217,29.472,7.82,3.983,0.0
940GZZLUERC,940GZZLUADE,0.0,1.473,25.81,37.261,22.929,11.444,5.8519998,0.0
940GZZLUERC,940GZZLUAGL,0.0,0.063,4.538,19.091,27.044,8.79,3.082,0.0
940GZZLUERC,940GZZLUBST,0.0,0.6,14.416,52.707,23.292,8.801,3.054,0.0
940GZZLUERC,940GZZLUBNK,0.0,1.777,16.717001,19.243,15.1710005,2.915,0.463,0.0
940GZZLUERC,940GZZLUBSC,0.0,0.132,7.849,6.551,7.008,3.106,1.052,0.0
940GZZLUERC,940GZZLUBWT,0.0,5.695,23.459,65.641,56.986,36.355,13.478,0.0
940GZZLUERC,940GZZLUBLG,0.0,1.031,2.248,5.734,7.696,2.728,0.97,0.0
940GZZLUERC,940GZZLUBKF,0.0,0.219,4.58,6.667,4.95,1.081,0.029,0.0
940GZZLUERC,940GZZLUBND,0.0,0.0,1.366,7.176,3.892,1.3,0.126,0.0
940GZZLUERC,940GZZLUBOR,0.0,0.0,0.265,1.278,0.171,0.376,0.201,0.0
940GZZLUERC,940GZZLUCAR,0.0,0.257,1.453,6.442,12.164,3.984,1.212,0.0
940GZZLUERC,940GZZLUCTN,0.0,0.0,1.8709999,15.884,8.077,2.51,1.123,0.0
940GZZLUERC,940GZZLUCST,0.0,0.35,4.57,4.565,4.197,1.219,0.37600002,0.0
940GZZLUERC,940GZZLUCHL,0.0,0.0,0.25800002,1.782,0.636,0.209,0.0,0.0
940GZZLUERC,940GZZLUEMB,0.0,0.042999998,3.068,8.732,3.529,1.081,0.477,0.0
940GZZLUERC,940GZZLUCGN,0.0,0.078,1.791,8.073,5.505,1.4,0.199,0.0
940GZZLUERC,940GZZLUECT,0.0,3.003,38.195,77.995,85.517,43.628,14.762,0.0
940GZZLUERC,940GZZLUEAC,0.0,0.0,0.164,1.514,2.676,0.804,0.437,0.0
940GZZLUERC,940GZZLUEUS,0.0,0.0,0.244,1.876,1.152,0.444,0.011,0.0
940GZZLUERC,940GZZLUESQ,0.0,3.51,98.323,209.428,171.934,34.519,7.599,0.0
940GZZLUERC,940GZZLUFCN,0.0,9.556,151.493,116.341,84.251,22.04,6.483,0.0
940GZZLUERC,940GZZLUFYR,0.0,0.21800001,3.999,9.377,6.764,3.766,0.89,0.0
940GZZLUERC,940GZZLUFPK,0.0,0.0,4.755,20.866,41.159,17.718,9.241,0.0
940GZZLUERC,940GZZLUFBY,0.0,2.683,44.335,55.760998,91.747,31.721,8.103,0.0
940GZZLUERC,940GZZLUGTR,0.0,1.626,31.153,55.802002,40.218,21.967001,8.78,0.0
940GZZLUERC,940GZZLUGPS,0.0,1.0370001,24.197,45.308,26.072,9.825,3.808,0.0
940GZZLUERC,940GZZLUGPK,0.0,0.0,3.894,5.627,2.161,0.408,0.257,0.0
940GZZLUERC,940GZZLUHSD,0.0,0.033,1.64,3.161,5.716,2.4,0.666,0.0
940GZZLUERC,940GZZLUHAI,0.0,0.237,7.589,17.767,54.664,25.361,4.647,0.0
940GZZLUERC,940GZZLUHSK,0.0,6.155,71.586,133.056,110.184,40.177002,7.0,0.0
940GZZLUERC,940GZZLUHBN,0.0,0.0,1.057,5.834,2.258,1.061,0.029,0.0
940GZZLUERC,940GZZLUHPK,0.0,0.0,4.669,3.095,3.094,0.667,0.202,0.0
940GZZLUERC,940GZZLUHWY,0.0,0.3,3.638,9.439,16.174,6.4179997,3.525,0.0
940GZZLUERC,940GZZLUHPC,0.0,0.0,0.231,1.23,0.153,0.006,0.0,0.0
940GZZLUERC,940GZZLUKOY,0.0,0.0,0.0,0.0,0.0,0.003,0.0,0.0
940GZZLUERC,940GZZLUKSH,0.0,0.0,0.148,2.583,4.486,1.773,0.572,0.0
940GZZLUERC,940GZZLUKBN,0.0,0.0,0.0,1.477,2.444,0.983,0.439,0.0
940GZZLUERC,940GZZLUKSX,0.0,17.863,100.597,249.509,371.488,74.212,23.203001,0.0
940GZZLUERC,940GZZLUKNB,0.0,0.0,0.72900003,4.7139997,4.312,1.722,0.204,0.0
940GZZLUERC,940GZZLULBN,0.0,0.0,0.31,1.18,0.679,0.394,0.135,0.0
940GZZLUERC,940GZZLULSQ,0.0,0.0,0.12100001,3.415,4.07,1.021,0.006,0.0
940GZZLUERC,940GZZLULVT,0.0,16.862,146.65,175.373,315.36,84.413,21.764,0.0
940GZZLUERC,940GZZLULNB,0.0,0.174,10.083,30.076,20.053,4.74,2.473,0.0
940GZZLUERC,940GZZLUMSH,0.0,1.946,4.589,3.661,1.113,0.802,0.271,0.0
940GZZLUERC,940GZZLUMBA,0.0,0.0,0.682,1.445,0.86800003,0.751,0.0,0.0
940GZZLUERC,940GZZLUMYB,0.0,0.0,0.674,1.6,0.896,0.745,0.02,0.0
940GZZLUERC,940GZZLUMED,0.0,0.535,5.704,15.351,17.308,6.362,4.69,0.0
940GZZLUERC,940GZZLUMGT,0.0,12.4,131.569,62.276,45.098,11.2960005,2.893,0.0
940GZZLUERC,940GZZLUNHG,0.0,0.802,36.386,54.119,36.008,17.193,2.849,0.0
940GZZLUERC,940GZZLUODS,0.0,0.107,13.824,22.92,22.838,9.91,4.482,0.0
940GZZLUERC,940GZZLUOXC,0.0,0.188,4.104,13.504,8.838,2.557,0.387,0.0
940GZZLUERC,940GZZLUPAC,0.0,1.8100001,14.4470005,41.785,47.129,19.893,7.0490003,0.0
940GZZLUERC,940GZZLUPCC,0.0,0.0,2.71,10.788,10.387,5.766,1.108,0.0
940GZZLUERC,940GZZLUQWY,0.0,0.0,0.226,1.042,0.413,0.185,0.374,0.0
940GZZLUERC,940GZZLURGP,0.0,0.0,0.503,0.999,0.173,0.116000004,0.0,0.0
940GZZLUERC,940GZZLURYO,0.0,0.203,6.058,17.927,14.301,8.47,2.429,0.0
940GZZLUERC,940GZZLURSQ,0.0,0.218,2.227,4.042,2.784,1.45,0.915,0.0
940GZZLUERC,940GZZLUSJP,0.0,0.356,15.332,24.032,4.746,1.854,0.16600001,0.0
940GZZLUERC,940GZZLUSJW,0.0,0.095,0.724,4.699,3.163,1.675,0.288,0.0
940GZZLUERC,940GZZLUSPU,0.0,0.0,2.26,2.878,0.661,0.009000001,0.111,0.0
940GZZLUERC,940GZZLUSBC,0.0,1.502,2.603,11.443,15.819,5.112,0.629,0.0
940GZZLUERC,940GZZLUSSQ,0.0,0.492,28.066,53.387,31.739,8.886,1.5649999,0.0
940GZZLUERC,940GZZLUSKS,0.0,2.2,46.465,88.255,54.062,17.302,2.063,0.0
940GZZLUERC,940GZZLUSKW,0.0,0.227,0.0,0.844,0.561,0.199,0.35,0.0
940GZZLUERC,940GZZLUCHX,0.0,0.0,1.417,3.578,4.849,1.149,0.01,0.0
940GZZLUERC,940GZZLUSWC,0.0,0.0,0.507,6.293,3.094,4.081,0.765,0.0
940GZZLUERC,940GZZLUTMP,0.0,0.918,3.5310001,4.713,2.562,0.244,0.0,0.0
940GZZLUERC,940GZZLUTCR,0.0,0.0,1.38,3.524,2.072,0.941,0.016,0.0
940GZZLUERC,940GZZLUTWH,0.0,1.386,28.759,54.279,43.171,6.105,0.933,0.0
940GZZLUERC,940GZZLUVIC,0.0,0.981,5.078,19.245,25.421999,11.228,1.906,0.0
940GZZLUERC,940GZZLUWRR,0.0,0.0,0.102,0.484,0.21800001,0.106,0.108,0.0
940GZZLUERC,940GZZLUWLO,0.0,0.208,2.738,8.263,10.148,2.396,1.088,0.0
940GZZLUERC,940GZZLUWBN,0.0,5.761,46.471,34.084,48.542,19.554,7.203,0.0
940GZZLUERC,940GZZLUWHP,0.0,0.146,1.021,2.998,7.038,1.317,0.298,0.0
940GZZLUERC,940GZZLUWKN,0.0,0.452,4.67,13.849,18.075,9.405,3.77,0.0
940GZZLUERC,940GZZLUWSM,0.0,0.168,16.373,25.958,7.528,1.609,0.139,0.0
940GZZLUERC,940GZZLUWPL,0.0,2.21,19.203,33.654,35.341,13.6,5.978,0.0
940GZZLUERC,940GZZLUWIG,0.0,0.0,0.32,3.175,5.184,1.29,0.902,0.0
940GZZLUERC,940GZZLUPCO,0.0,0.111,1.595,2.084,1.317,0.749,0.202,0.0
940GZZLUERC,940GZZLUVXL,0.0,0.0,0.52,2.258,2.723,1.118,0.183,0.0
940GZZLUERC,940GZZLUBXN,0.0,0.161,0.239,2.586,5.451,1.002,1.02,0.0
940GZZLUERC,940GZZLUSWK,0.0,0.0,1.856,3.583,3.637,1.507,0.528,0.0
940GZZLUERC,940GZZLUBMY,0.0,0.0,2.123,1.273,3.489,0.576,0.717,0.0
940GZZLUERC,940GZZLUCWR,0.0,0.309,2.248,7.415,7.921,5.789,1.918,0.0
940GZZLUEAC,940GZZLUBBN,0.0,2.354,16.659,12.761,6.206,1.131,0.45000002,0.0
940GZZLUEAC,940GZZLUALD,0.0,0.119,9.489,10.791,6.316,0.355,0.462,0.0
940GZZLUEAC,940GZZLUADE,0.0,0.626,22.197,35.862,20.806,10.025,2.751,0.0
940GZZLUEAC,940GZZLUAGL,0.0,10.254,199.137,202.394,140.01,64.935,23.376,0.0
940GZZLUEAC,940GZZLUBST,0.0,22.103,189.247,162.84,81.233,22.081,6.686,0.0
940GZZLUEAC,940GZZLUBNK,0.0,37.962,329.781,300.143,299.5,83.07,27.559,0.0
940GZZLUEAC,940GZZLUBSC,0.0,2.054,36.035,15.231,8.614,4.766,2.411,0.0
940GZZLUEAC,940GZZLUBWT,0.0,0.24,1.138,2.696,2.55,1.6060001,0.012,0.0
940GZZLUEAC,940GZZLUBLG,0.0,1.628,26.076,50.572998,49.499,26.897,11.026,0.0
940GZZLUEAC,940GZZLUBKF,0.0,0.29,3.223,4.96,2.812,0.819,0.044,0.0
940GZZLUEAC,940GZZLUBND,0.0,7.758,48.408,55.842,33.727,5.964,2.095,0.0
940GZZLUEAC,940GZZLUBOR,0.0,0.678,9.158,24.022,14.224,6.397,1.876,0.0
940GZZLUEAC,940GZZLUCAR,0.0,3.843,23.898,12.493,13.993,7.172,4.776,0.0
940GZZLUEAC,940GZZLUCTN,0.0,8.024,80.402,108.294,63.921,29.594,7.496,0.0
940GZZLUEAC,940GZZLUCST,0.0,0.0,2.113,2.118,2.507,0.298,0.071,0.0
940GZZLUEAC,940GZZLUCHL,0.0,1.0370001,17.622,28.562,13.629,2.344,0.69,0.0
940GZZLUEAC,940GZZLUEMB,0.0,3.945,95.505,66.303,44.632,11.995,4.169,0.0
940GZZLUEAC,940GZZLUCGN,0.0,0.066,10.458,24.941,16.777,2.99,0.113000005,0.0
940GZZLUEAC,940GZZLUECT,0.0,3.595,42.690998,30.379,20.079,14.687,8.644,0.0
940GZZLUEAC,940GZZLUEUS,0.0,26.329,103.34,162.144,136.272,46.867,10.902,0.0
940GZZLUEAC,940GZZLUESQ,0.0,0.103,1.532,1.8,1.786,0.46,0.0,0.0
940GZZLUEAC,940GZZLUFCN,0.0,0.0,13.8619995,9.687,4.763,1.3280001,0.57,0.0
940GZZLUEAC,940GZZLUFYR,0.0,1.399,20.184,11.738,12.675,5.383,1.377,0.0
940GZZLUEAC,940GZZLUFPK,0.0,6.334,42.481,55.209,54.683,28.148,16.12,0.0
940GZZLUEAC,940GZZLUFBY,0.0,2.352,34.826,27.045,13.354,7.051,2.75,0.0
940GZZLUEAC,940GZZLUGTR,0.0,3.112,36.878,28.463,20.003,7.749,2.938,0.0
940GZZLUEAC,940GZZLUGDG,0.0,4.501,67.8,50.754,20.0,4.862,0.805,0.0
940GZZLUEAC,940GZZLUGPS,0.0,0.085,1.403,1.752,2.553,0.99300003,0.0,0.0
940GZZLUEAC,940GZZLUGPK,0.0,8.534,70.946,50.896,23.925,4.656,1.403,0.0
940GZZLUEAC,940GZZLUHSD,0.0,15.306,141.989,53.854,46.739,15.147,5.148,0.0
940GZZLUEAC,940GZZLUHAI,0.0,0.14,18.535,8.641,3.535,4.404,3.408,0.0
940GZZLUEAC,940GZZLUHSK,0.0,8.954,53.332,33.885,17.198,5.622,0.865,0.0
940GZZLUEAC,940GZZLUHBN,0.0,0.347,21.228,31.657,18.886,3.71,0.403,0.0
940GZZLUEAC,940GZZLUHPK,0.0,1.187,21.946,8.801,6.113,1.909,1.202,0.0
940GZZLUEAC,940GZZLUHWY,0.0,3.275,28.158,31.836,14.958,9.148,5.412,0.0
940GZZLUEAC,940GZZLUHPC,0.0,2.526,31.911,20.467001,8.167,2.654,0.234,0.0
940GZZLUEAC,940GZZLUKNG,0.0,0.368,1.623,8.886,8.234,4.535,2.052,0.0
940GZZLUEAC,940GZZLUKOY,0.0,0.0,0.0,0.0,0.0,0.038,0.0,0.0
940GZZLUEAC,940GZZLUKSH,0.0,3.252,25.631,19.043,19.362,11.175,3.948,0.0
940GZZLUEAC,940GZZLUKBN,0.0,1.426,10.303,11.835,14.8550005,6.657,3.92,0.0
940GZZLUEAC,940GZZLUKSX,0.0,42.991,218.564,322.412,244.866,64.929,23.166,0.0
940GZZLUEAC,940GZZLUKNB,0.0,7.417,90.0,78.672,34.625,6.594,1.455,0.0
940GZZLUEAC,940GZZLULBN,0.0,0.894,9.988,20.279,9.722,5.254,1.676,0.0
940GZZLUEAC,940GZZLULGT,0.0,0.593,3.493,4.68,5.657,0.986,0.716,0.0
940GZZLUEAC,940GZZLULSQ,0.0,2.559,24.171,54.286,35.37,9.77,2.777,0.0
940GZZLUEAC,940GZZLULVT,0.0,8.18,51.747,98.887,133.708,37.599,14.906,0.0
940GZZLUEAC,940GZZLULNB,0.0,35.468,381.507,424.481,538.214,152.899,46.837,0.0
940GZZLUEAC,940GZZLUMSH,0.0,0.105000004,2.294,2.402,1.177,0.299,0.0,0.0
940GZZLUEAC,940GZZLUMBA,0.0,2.475,48.383,35.581,21.335001,4.848,2.203,0.0
940GZZLUEAC,940GZZLUMYB,0.0,20.271,144.08,108.018,146.703,43.539,17.914,0.0
940GZZLUEAC,940GZZLUMED,0.0,0.34,15.931,46.991,32.961,15.052,7.656,0.0
940GZZLUEAC,940GZZLUMGT,0.0,42.924,490.77798,242.997,315.958,67.79,23.213,0.0
940GZZLUEAC,940GZZLUMTC,0.0,1.818,25.565,5.96,5.039,1.406,1.276,0.0
940GZZLUEAC,940GZZLUNHG,0.0,3.5180001,50.403,25.801,19.676,7.249,2.227,0.0
940GZZLUEAC,940GZZLUODS,0.0,17.112,417.962,336.965,229.059,117.647,39.751,0.0
940GZZLUEAC,940GZZLUOVL,0.0,3.54,28.716,32.121,28.49,18.813,8.929,0.0
940GZZLUEAC,940GZZLUOXC,0.0,67.531,804.10803,730.81,412.137,80.421,16.224,0.0
940GZZLUEAC,940GZZLUPAC,0.0,64.91,394.466,264.462,325.72,100.344,24.95,0.0
940GZZLUEAC,940GZZLUPCC,0.0,40.288,530.468,549.699,373.272,121.492,30.567,0.0
940GZZLUEAC,940GZZLUQWY,0.0,2.094,17.56,22.33,12.992,6.036,2.208,0.0
940GZZLUEAC,940GZZLURGP,0.0,10.729,200.056,98.502,48.451,11.016,1.307,0.0
940GZZLUEAC,940GZZLURYO,0.0,0.116,5.098,4.547,3.442,2.254,0.30200002,0.0
940GZZLUEAC,940GZZLURSQ,0.0,0.385,17.315,15.6,9.204,1.73,0.61800003,0.0
940GZZLUEAC,940GZZLUSJP,0.0,1.816,45.574,47.767,16.175,2.6299999,0.163,0.0
940GZZLUEAC,940GZZLUSJW,0.0,2.68,18.447,10.095,7.914,6.187,1.417,0.0
940GZZLUEAC,940GZZLUSPU,0.0,0.654,10.519,14.1710005,6.162,0.779,0.755,0.0
940GZZLUEAC,940GZZLUSBC,0.0,6.727,55.459,76.741,52.153,16.828,8.301,0.0
940GZZLUEAC,940GZZLUSSQ,0.0,2.791,61.202,53.972,25.649,6.65,1.337,0.0
940GZZLUEAC,940GZZLUSKS,0.0,11.512,147.018,123.458,50.72,15.2960005,3.1,0.0
940GZZLUEAC,940GZZLUSKW,0.0,4.5429997,30.605999,49.649,65.575,39.143,17.165,0.0
940GZZLUEAC,940GZZLUCHX,0.0,8.285,142.265,185.206,194.728,51.375,8.983,0.0
940GZZLUEAC,940GZZLUSWC,0.0,0.931,22.161,14.428,19.661,5.701,1.811,0.0
940GZZLUEAC,940GZZLUTMP,0.0,0.619,8.063,8.873,4.085,2.493,0.656,0.0
940GZZLUEAC,940GZZLUTCR,0.0,6.398,94.485,95.046,63.461,13.779,3.573,0.0
940GZZLUEAC,940GZZLUTWH,0.0,1.23,12.078,24.517,32.986,6.191,1.113,0.0
940GZZLUEAC,940GZZLUVIC,0.0,10.425,71.456,95.359,87.354004,24.209,11.816,0.0
940GZZLUEAC,940GZZLUWRR,0.0,5.399,81.275,39.479,23.794,7.879,1.441,0.0
940GZZLUEAC,940GZZLUWKA,0.0,1.259,39.555,23.764,25.887,9.787,4.243,0.0
940GZZLUEAC,940GZZLUWLO,0.0,18.984,193.443,193.472,254.787,102.687996,42.428,0.0
940GZZLUEAC,940GZZLUWBN,0.0,1.482,15.241,9.526,7.082,3.331,1.286,0.0
940GZZLUEAC,940GZZLUWHP,0.0,3.943,11.589,7.551,10.723001,4.799,2.5,0.0
940GZZLUEAC,940GZZLUWKN,0.0,1.006,18.986,13.621,8.254,5.108,4.222,0.0
940GZZLUEAC,940GZZLUWSM,0.0,1.894,13.738,17.237,7.125,1.325,0.042,0.0
940GZZLUEAC,940GZZLUWPL,0.0,1.932,19.717,23.057,17.747,11.316,4.337,0.0
940GZZLUEAC,940GZZLUWIG,0.0,0.264,5.465,9.103,15.133,8.797,5.426,0.0
940GZZLUEAC,940GZZLUERB,0.0,7.0559998,165.199,100.179,53.71,14.204,8.423,0.0
940GZZLUEAC,940GZZLUPCO,0.0,1.047,14.893,18.973,12.797,5.492,1.336,0.0
940GZZLUEAC,940GZZLUVXL,0.0,12.396,29.223,30.704,35.619,15.727,5.992,0.0
940GZZLUEAC,940GZZLUBXN,0.0,1.387,32.27,79.429,85.024,60.263,19.06,0.0
940GZZLUEAC,940GZZLUSWK,0.0,0.226,1.877,5.046,2.747,2.148,0.235,0.0
940GZZLUEAC,940GZZLUBMY,0.0,0.683,4.517,11.525,9.052,6.038,3.341,0.0
940GZZLUEAC,940GZZLUCWR,0.0,0.822,14.05,40.029,41.602,22.861,7.719,0.0
940GZZLUEUS,940GZZLUBBN,0.0,1.855,35.389,23.92,7.361,2.642,0.941,0.0
940GZZLUEUS,940GZZLUALD,0.0,2.233,80.027,52.865,26.481,9.101,2.462,0.0
940GZZLUEUS,940GZZLUADE,0.0,1.467,18.438,32.658,16.538,9.586,3.192,0.0
940GZZLUEUS,940GZZLUAGL,0.0,8.365,228.524,278.49,197.917,83.872,17.637,0.0
940GZZLUEUS,940GZZLUBST,0.0,0.321,7.784,30.257,11.352,4.752,1.039,0.0
940GZZLUEUS,940GZZLUBNK,0.0,113.078,1956.609,1110.473,768.925,295.39,55.515,0.0
940GZZLUEUS,940GZZLUBSC,0.0,0.201,18.72,22.901001,16.948,12.191,3.636,0.0
940GZZLUEUS,940GZZLUBWT,0.0,0.0,0.208,8.414,3.529,1.798,0.492,0.0
940GZZLUEUS,940GZZLUBLG,0.0,1.756,20.571,35.332,28.191,26.311,10.682,0.0
940GZZLUEUS,940GZZLUBKF,0.0,3.8040001,116.698,69.418,29.184,7.2730002,1.383,0.0
940GZZLUEUS,940GZZLUBND,0.0,7.18,70.824,95.703,37.892,11.822,2.124,0.0
940GZZLUEUS,940GZZLUBOR,0.0,6.469,152.614,148.752,71.739,37.54,13.37,0.0
940GZZLUEUS,940GZZLUCAR,0.0,1.54,14.38,19.012,17.971,12.617,3.974,0.0
940GZZLUEUS,940GZZLUCTN,0.0,10.682,134.243,227.478,114.949,67.644,10.429,0.0
940GZZLUEUS,940GZZLUCST,0.0,0.82,17.153,8.098,3.386,0.524,0.0,0.0
940GZZLUEUS,940GZZLUCHL,0.0,4.073,165.687,129.772,24.518,4.125,0.842,0.0
940GZZLUEUS,940GZZLUEMB,0.0,14.655,235.946,174.94,72.58,16.383,1.255,0.001
940GZZLUEUS,940GZZLUCGN,0.0,0.481,13.272,72.917,22.888,7.0169997,0.831,0.0
940GZZLUEUS,940GZZLUECT,0.0,1.462,47.777,98.326,53.666,34.508,11.145,0.0
940GZZLUEUS,940GZZLUERC,0.0,0.182,2.397,7.006,3.882,1.486,0.638,0.0
940GZZLUEUS,940GZZLUEAC,0.0,3.902,95.956,124.118,107.52,64.387,23.986,0.0
940GZZLUEUS,940GZZLUESQ,0.0,0.086,9.774,1.43,1.554,0.719,0.041,0.0
940GZZLUEUS,940GZZLUFCN,0.0,5.522,105.885,86.232,42.683,23.988,4.678,0.0
940GZZLUEUS,940GZZLUFYR,0.0,0.0,1.169,3.187,2.565,2.66,0.894,0.0
940GZZLUEUS,940GZZLUFPK,0.0,18.984,127.677,250.434,416.452,262.853,68.447,0.006
940GZZLUEUS,940GZZLUFBY,0.0,1.034,24.377,39.199,25.414,19.218,3.52,0.0
940GZZLUEUS,940GZZLUGTR,0.0,4.188,55.647,85.494,50.05,28.039,7.758,0.0
940GZZLUEUS,940GZZLUGDG,0.0,4.835,88.693,110.745,34.078,14.705,2.402,0.001
940GZZLUEUS,940GZZLUGPS,0.0,0.141,1.2590001,1.982,1.033,0.243,0.01,0.0
940GZZLUEUS,940GZZLUGPK,0.0,36.15,463.462,518.181,162.73,37.911,6.015,0.001
940GZZLUEUS,940GZZLUHSD,0.0,1.8019999,73.214,52.909,42.297,26.906,5.949,0.0
940GZZLUEUS,940GZZLUHAI,0.0,22.897,366.881,445.917,675.411,449.289,100.045,0.0
940GZZLUEUS,940GZZLUHSK,0.0,2.043,35.709,59.578,23.69,9.228,2.375,0.0
940GZZLUEUS,940GZZLUHBN,0.0,2.145,78.32,101.085,26.77,6.834,1.789,0.0
940GZZLUEUS,940GZZLUHPK,0.0,1.405,12.066,18.157,9.504,7.446,1.394,0.0
940GZZLUEUS,940GZZLUHWY,0.0,0.282,18.391,36.707,35.045002,25.659,7.622,0.001
940GZZLUEUS,940GZZLUHPC,0.0,0.782,26.578,24.906,6.888,2.17,0.237,0.0
940GZZLUEUS,940GZZLUKNG,0.0,2.977,26.046,34.102,42.581,30.667,9.699,0.001
940GZZLUEUS,940GZZLUKOY,0.0,0.0,0.0,0.0,0.0,0.053000003,0.0,0.0
940GZZLUEUS,940GZZLUKSH,0.0,8.666,83.084,106.64,89.137,67.328,20.629,0.001
940GZZLUEUS,940GZZLUKBN,0.0,0.175,0.88199997,4.88,5.559,6.066,2.1,0.0
940GZZLUEUS,940GZZLUKSX,0.001,34.189,169.16,311.201,220.013,101.905,28.258,0.007
940GZZLUEUS,940GZZLUKNB,0.0,3.764,78.918,114.718,35.067,10.404,1.624,0.0
940GZZLUEUS,940GZZLULBN,0.0,8.283,28.961,34.383,18.159,9.099,1.765,0.0
940GZZLUEUS,940GZZLULGT,0.0,3.243,9.743,41.015,28.375,10.746,3.707,0.0
940GZZLUEUS,940GZZLULSQ,0.0,22.619,285.769,613.805,323.322,109.239,16.324,0.003
940GZZLUEUS,940GZZLULVT,0.0,6.758,109.055,132.57,108.734,45.062,10.526,0.0
940GZZLUEUS,940GZZLULNB,0.0,56.374,770.591,895.598,964.851,477.723,113.745,0.0
940GZZLUEUS,940GZZLUMSH,0.0,2.393,38.297,13.211,1.97,0.607,0.121,0.0
940GZZLUEUS,940GZZLUMBA,0.0,2.984,70.159,71.241,33.865,9.18,2.297,0.0
940GZZLUEUS,940GZZLUMYB,0.0,0.717,12.462,38.156,33.234,41.414,5.349,0.0
940GZZLUEUS,940GZZLUMED,0.0,1.573,15.068,30.791,24.408,20.606,6.917,0.0
940GZZLUEUS,940GZZLUMGT,0.0,63.513,1139.726,489.307,155.877,46.495,6.459,0.0
940GZZLUEUS,940GZZLUMTC,0.0,0.985,37.521,34.522,20.003,12.289,4.553,0.0
940GZZLUEUS,940GZZLUNHG,0.0,1.1159999,20.982,34.99,25.302,14.884,3.696,0.0
940GZZLUEUS,940GZZLUODS,0.0,19.62,872.858,647.157,393.381,188.811,45.513,0.0
940GZZLUEUS,940GZZLUOVL,0.0,2.443,51.764,35.06,37.766,25.231,8.968,0.002
940GZZLUEUS,940GZZLUOXC,0.0,48.475,615.507,907.548,414.604,96.282,17.827,0.002
940GZZLUEUS,940GZZLUPAC,0.0,3.099,50.583,127.458,100.433,61.603,12.132,0.0
940GZZLUEUS,940GZZLUPCC,0.0,2.501,58.372,105.926,42.999,12.448,1.091,0.0
940GZZLUEUS,940GZZLUQWY,0.0,2.287,18.156,56.857,29.769,22.823,5.018,0.0
940GZZLUEUS,940GZZLURGP,0.0,0.0,1.961,6.009,1.4120001,0.435,0.1,0.0
940GZZLUEUS,940GZZLURYO,0.0,0.0,0.357,0.569,0.66899997,0.756,0.147,0.0
940GZZLUEUS,940GZZLURSQ,0.0,0.011,6.724,18.032,6.2200003,2.167,0.525,0.0
940GZZLUEUS,940GZZLUSJP,0.0,10.392,244.559,152.035,29.95,5.625,2.542,0.0
940GZZLUEUS,940GZZLUSJW,0.0,0.123,6.792,11.102,5.618,3.618,1.108,0.0
940GZZLUEUS,940GZZLUSPU,0.0,9.583,190.216,111.898,22.005,5.584,0.704,0.0
940GZZLUEUS,940GZZLUSBC,0.0,1.594,29.589,65.492,56.404,27.411,7.654,0.0
940GZZLUEUS,940GZZLUSSQ,0.0,1.72,56.403,117.966,53.364,27.337,5.5490003,0.0
940GZZLUEUS,940GZZLUSKS,0.0,6.485,128.02701,248.413,79.208,31.436,4.214,0.0
940GZZLUEUS,940GZZLUSKW,0.0,7.571,28.516,41.295,95.878,62.826,19.315,0.012
940GZZLUEUS,940GZZLUCHX,0.0,22.641,349.619,411.847,388.3,149.084,28.719,0.001
940GZZLUEUS,940GZZLUSWC,0.0,0.088,2.74,5.656,4.513,2.944,2.076,0.0
940GZZLUEUS,940GZZLUTMP,0.0,0.304,37.829,31.371,13.669,2.699,0.381,0.0
940GZZLUEUS,940GZZLUTCR,0.0,11.752,254.917,374.28,177.527,56.357,13.77,0.008
940GZZLUEUS,940GZZLUTWH,0.0,2.227,92.168,95.577,62.61,19.844,5.613,0.0
940GZZLUEUS,940GZZLUVIC,0.0,148.856,1753.244,1865.731,2335.006,948.26,212.252,0.126
940GZZLUEUS,940GZZLUWRR,0.0,4.021,26.565,45.562,20.594,8.014,2.989,0.002
940GZZLUEUS,940GZZLUWKA,0.0,0.0,2.233,6.793,6.9110003,4.755,1.885,0.0
940GZZLUEUS,940GZZLUWLO,0.0,79.423996,652.593,673.634,1010.613,415.834,64.684,0.002
940GZZLUEUS,940GZZLUWBN,0.0,3.714,54.474,20.583,9.449,6.685,1.374,0.0
940GZZLUEUS,940GZZLUWHP,0.0,0.0,4.978,5.559,5.469,4.956,1.867,0.0
940GZZLUEUS,940GZZLUWKN,0.0,0.472,18.547,29.015,16.967,15.533999,3.917,0.0
940GZZLUEUS,940GZZLUWSM,0.0,8.819,217.708,160.968,35.466,4.439,0.377,0.0
940GZZLUEUS,940GZZLUWPL,0.0,0.813,13.747,17.061,6.025,4.318,1.406,0.0
940GZZLUEUS,940GZZLUWIG,0.0,0.215,0.328,5.722,6.265,7.448,2.613,0.0
940GZZLUEUS,940GZZLUERB,0.0,0.082,7.613,8.247,3.968,3.139,1.064,0.0
940GZZLUEUS,940GZZLUPCO,0.0,13.11,265.284,178.724,110.334,58.81,15.639,0.0
940GZZLUEUS,940GZZLUVXL,0.0,82.391,690.177,520.827,661.691,382.806,100.263,0.002
940GZZLUEUS,940GZZLUBXN,0.0,10.462,83.009,196.138,439.08,278.943,77.932,0.111
940GZZLUEUS,940GZZLUSWK,0.0,8.675,94.429,102.554,43.998,14.161,3.846,0.0
940GZZLUEUS,940GZZLUBMY,0.0,4.103,16.182,25.784,38.344,23.717,9.7109995,0.001
940GZZLUEUS,940GZZLUCWR,0.0,6.309,30.944,82.891,87.078,94.386,23.623,0.0
940GZZLUESQ,940GZZLUBBN,0.035,25.173,387.15,277.074,170.574,61.233,12.336,0.0
940GZZLUESQ,940GZZLUALD,0.032,15.128,507.172,306.725,380.54,95.386,19.924,0.0
940GZZLUESQ,940GZZLUADE,0.0,4.082,85.778,125.209,99.093,58.94,17.74,0.0
940GZZLUESQ,940GZZLUAGL,0.0,0.0,1.027,8.896,8.953,3.237,0.297,0.0
940GZZLUESQ,940GZZLUBST,0.0,10.561,159.952,234.399,219.371,84.588,17.221,0.0
940GZZLUESQ,940GZZLUBNK,0.0,0.754,27.032,42.55,42.056,10.862,1.229,0.0
940GZZLUESQ,940GZZLUBSC,0.0,0.002,0.043,2.1,0.0,1.972,0.158,0.0
940GZZLUESQ,940GZZLUBWT,0.0,0.708,0.028,13.181,25.643,24.992,5.717,0.0
940GZZLUESQ,940GZZLUBLG,0.0,0.37600002,15.619,28.9,53.095,27.935,4.698,0.0
940GZZLUESQ,940GZZLUBKF,0.0,0.599,6.045,10.67,4.587,2.81,0.010000001,0.0
940GZZLUESQ,940GZZLUBND,0.0,0.0,4.302,14.312,7.81,2.371,0.208,0.0
940GZZLUESQ,940GZZLUBOR,0.0,0.0,1.975,5.261,1.66,1.586,0.235,0.0
940GZZLUESQ,940GZZLUCAR,0.0,0.121,1.439,30.933,41.457,23.755,5.805,0.0
940GZZLUESQ,940GZZLUCTN,0.0,0.0,0.597,4.475,1.551,1.283,0.0,0.0
940GZZLUESQ,940GZZLUCST,0.0,0.052,7.827,9.838,6.56,1.433,0.102,0.0
940GZZLUESQ,940GZZLUCHL,0.0,0.0,0.919,0.968,0.925,0.004,0.0,0.0
940GZZLUESQ,940GZZLUEMB,0.0,0.0,1.372,2.569,1.345,0.77500004,0.0,0.0
940GZZLUESQ,940GZZLUCGN,0.0,0.0,0.851,7.848,4.8,1.048,0.124,0.0
940GZZLUESQ,940GZZLUECT,0.0,0.305,1.781,7.469,6.778,4.853,1.132,0.0
940GZZLUESQ,940GZZLUERC,0.0,3.552,129.711,135.12401,107.251,45.631,14.67,0.0
940GZZLUESQ,940GZZLUEAC,0.0,0.165,1.816,2.646,2.115,2.374,0.552,0.0
940GZZLUESQ,940GZZLUEUS,0.0,0.0,0.505,0.513,1.255,0.463,0.156,0.0
940GZZLUESQ,940GZZLUFCN,0.027,26.006,1081.859,632.285,365.163,111.767,18.942,0.0
940GZZLUESQ,940GZZLUFYR,0.0,1.903,21.438,107.943,140.609,85.964,17.235,0.0
940GZZLUESQ,940GZZLUFPK,0.0,0.0,1.244,8.77,23.111,6.539,1.161,0.0
940GZZLUESQ,940GZZLUFBY,0.0,0.32,3.85,5.775,13.903,5.69,0.381,0.0
940GZZLUESQ,940GZZLUGTR,0.0,1.74,0.68,13.054,3.92,5.442,0.99,0.0
940GZZLUESQ,940GZZLUGPS,0.0,0.116,22.698,36.078,25.56,5.061,2.038,0.0
940GZZLUESQ,940GZZLUGPK,0.0,0.0,3.12,6.995,2.929,0.783,0.002,0.0
940GZZLUESQ,940GZZLUHSD,0.0,0.663,0.025,2.559,0.0,3.202,0.106,0.0
940GZZLUESQ,940GZZLUHAI,0.0,0.0,4.754,7.501,29.084,7.709,1.039,0.0
940GZZLUESQ,940GZZLUHSK,0.0,13.082,17.255,76.4,26.978,27.868,3.303,0.0
940GZZLUESQ,940GZZLUHBN,0.0,0.0,1.592,6.553,3.046,0.62700003,0.134,0.0
940GZZLUESQ,940GZZLUHWY,0.0,0.393,2.139,53.981,68.11,44.866,9.967,0.0
940GZZLUESQ,940GZZLUHPC,0.0,0.0,0.219,1.102,0.35500002,0.002,0.13,0.0
940GZZLUESQ,940GZZLUKSH,0.0,0.0,0.115,0.544,0.65,0.271,0.064,0.0
940GZZLUESQ,940GZZLUKBN,0.0,0.0,9.2699995,35.238,61.779,49.0,10.88,0.0
940GZZLUESQ,940GZZLUKSX,0.0,5.425,34.347,175.736,253.547,62.144,13.891,0.0
940GZZLUESQ,940GZZLUKNB,0.0,0.0,1.122,3.478,1.872,0.405,0.003,0.0
940GZZLUESQ,940GZZLULBN,0.0,0.0,0.591,0.885,0.404,0.2,0.0,0.0
940GZZLUESQ,940GZZLULSQ,0.0,0.0,0.99300003,8.675,4.406,2.328,0.339,0.0
940GZZLUESQ,940GZZLULVT,0.156,66.137,745.08,743.584,1442.2,440.642,80.181,0.0
940GZZLUESQ,940GZZLULNB,0.0,0.0,9.92,21.719,17.476,7.148,1.763,0.0
940GZZLUESQ,940GZZLUMSH,0.0,0.636,5.022,6.677,1.974,0.653,0.82,0.0
940GZZLUESQ,940GZZLUMBA,0.0,0.0,0.469,0.666,0.877,0.253,0.117,0.0
940GZZLUESQ,940GZZLUMYB,0.0,0.174,5.015,18.963,30.317,19.733,3.371,0.0
940GZZLUESQ,940GZZLUMED,0.0,0.968,17.378,51.04,82.338,42.402,12.497,0.0
940GZZLUESQ,940GZZLUMGT,0.103,8.653,359.812,168.083,114.553,21.815,4.499,0.0
940GZZLUESQ,940GZZLUNHG,0.0,0.684,1.282,15.807,15.042,10.919,1.046,0.0
940GZZLUESQ,940GZZLUODS,0.0,0.108,5.875,14.502,9.199,3.662,0.864,0.0
940GZZLUESQ,940GZZLUOXC,0.0,0.0,4.183,13.4210005,10.336,3.002,0.83,0.0
940GZZLUESQ,940GZZLUPAC,0.0,27.161999,340.886,599.177,759.164,299.981,66.678,0.0
940GZZLUESQ,940GZZLUPCC,0.0,0.0,1.149,9.73,5.168,1.2870001,0.297,0.0
940GZZLUESQ,940GZZLUQWY,0.0,0.0,0.0,0.82,1.328,0.37600002,0.102000006,0.0
940GZZLUESQ,940GZZLURYO,0.0,0.371,11.459,31.916,50.272,31.992,8.067,0.0
940GZZLUESQ,940GZZLURSQ,0.0,0.0,0.842,6.287,2.256,0.509,0.008,0.0
940GZZLUESQ,940GZZLUSJP,0.0,0.23200001,4.874,4.791,1.322,0.478,0.49400002,0.0
940GZZLUESQ,940GZZLUSJW,0.0,0.024,14.432,35.022,37.1,23.471,3.106,0.0
940GZZLUESQ,940GZZLUSPU,0.0,0.0,1.2,3.761,1.155,0.111,0.0,0.0
940GZZLUESQ,940GZZLUSBC,0.0,0.029000001,0.67,0.91800004,4.584,1.237,0.113000005,0.0
940GZZLUESQ,940GZZLUSSQ,0.0,0.818,1.3709999,7.589,2.053,0.939,0.017,0.0
940GZZLUESQ,940GZZLUSKS,0.0,1.464,1.129,22.732,7.429,3.695,0.645,0.0
940GZZLUESQ,940GZZLUSKW,0.0,0.0,0.373,0.518,0.526,0.423,0.087,0.0
940GZZLUESQ,940GZZLUCHX,0.0,0.0,1.392,2.468,1.615,0.608,0.371,0.0
940GZZLUESQ,940GZZLUSWC,0.0,0.0,6.861,23.258,27.414,23.614,4.216,0.0
940GZZLUESQ,940GZZLUTMP,0.0,0.006,1.434,3.303,1.038,0.682,0.001,0.0
940GZZLUESQ,940GZZLUTCR,0.0,0.0,0.34800002,2.55,1.177,1.051,0.0,0.0
940GZZLUESQ,940GZZLUTWH,0.0,2.412,78.469,129.229,140.592,32.887,6.415,0.0
940GZZLUESQ,940GZZLUVIC,0.0,0.249,7.551,14.146,19.62,9.608,0.765,0.0
940GZZLUESQ,940GZZLUWRR,0.0,0.0,0.083000004,0.126,0.163,0.052,0.055,0.0
940GZZLUESQ,940GZZLUWKA,0.0,0.07,0.95600003,7.954,11.099,10.935,2.749,0.0
940GZZLUESQ,940GZZLUWLO,0.0,0.0,4.76,7.334,5.984,2.732,1.042,0.0
940GZZLUESQ,940GZZLUWBN,0.0,0.579,4.427,3.727,5.922,1.996,0.44,0.0
940GZZLUESQ,940GZZLUWHP,0.0,0.515,16.196,53.535,113.559,63.677,13.559,0.0
940GZZLUESQ,940GZZLUWKN,0.0,0.423,0.0,2.9,0.0,0.0,0.0,0.0
940GZZLUESQ,940GZZLUWSM,0.0,0.368,7.929,12.561,2.69,0.465,0.113000005,0.0
940GZZLUESQ,940GZZLUWPL,0.0,6.623,58.356,86.482,98.044,54.028,10.811,0.0
940GZZLUESQ,940GZZLUWIG,0.0,0.0,7.5299997,40.16,88.221,68.528,12.357,0.0
940GZZLUESQ,940GZZLUERB,0.0,0.0,1.451,1.408,1.693,0.36,0.1,0.0
940GZZLUESQ,940GZZLUPCO,0.0,0.0,0.662,0.892,0.953,0.518,0.005,0.0
940GZZLUESQ,940GZZLUVXL,0.0,0.281,1.44,2.778,2.545,1.313,0.544,0.0
940GZZLUESQ,940GZZLUBXN,0.0,0.088,0.229,2.811,2.815,1.395,0.494,0.0
940GZZLUESQ,940GZZLUSWK,0.0,0.0,1.841,3.111,3.795,0.74300003,0.283,0.0
940GZZLUESQ,940GZZLUBMY,0.0,0.0,0.515,1.494,4.858,1.733,0.196,0.0
940GZZLUESQ,940GZZLUCWR,0.0,0.107999995,2.821,4.519,7.988,7.431,1.08,0.0
940GZZLUFCN,940GZZLUBBN,0.0,12.987,170.193,132.258,98.323,24.865,7.963,0.0
940GZZLUFCN,940GZZLUALD,0.0,16.092001,340.684,298.726,579.246,117.499,31.791,0.0
940GZZLUFCN,940GZZLUADE,0.0,4.579,88.05,107.9,122.848,53.833,14.385,0.0
940GZZLUFCN,940GZZLUAGL,0.0,1.284,10.085,19.42,27.799,8.28,1.628,0.0
940GZZLUFCN,940GZZLUBST,0.0,30.863,243.403,417.092,607.751,148.816,39.218,0.0
940GZZLUFCN,940GZZLUBNK,0.0,6.9570003,55.078,124.638,140.398,37.377,11.577,0.0
940GZZLUFCN,940GZZLUBSC,0.0,0.031000001,1.345,6.951,10.991,8.305,3.99,0.0
940GZZLUFCN,940GZZLUBWT,0.0,1.997,2.869,17.503,1.383,14.235001,4.483,0.0
940GZZLUFCN,940GZZLUBLG,0.0,1.747,11.959,26.459,60.314,26.091,13.069,0.0
940GZZLUFCN,940GZZLUBKF,0.0,0.352,1.789,6.285,5.595,3.6039999,0.429,0.0
940GZZLUFCN,940GZZLUBND,0.0,0.141,6.771,28.404,23.788,3.889,0.007,0.0
940GZZLUFCN,940GZZLUBOR,0.0,0.0,2.417,11.225,10.452,4.231,1.469,0.0
940GZZLUFCN,940GZZLUCAR,0.0,1.784,20.311,19.036,45.521,24.548,6.843,0.0
940GZZLUFCN,940GZZLUCTN,0.0,2.535,18.116,52.291,71.748,30.298,4.818,0.0
940GZZLUFCN,940GZZLUCST,0.0,0.624,7.662,14.006,12.884,4.211,2.912,0.0
940GZZLUFCN,940GZZLUCHL,0.0,0.019,1.4120001,2.129,1.51,0.269,0.03,0.0
940GZZLUFCN,940GZZLUEMB,0.0,0.005,3.027,21.045,20.277,3.97,2.121,0.0
940GZZLUFCN,940GZZLUCGN,0.0,0.243,5.927,42.181,39.078,6.463,0.618,0.0
940GZZLUFCN,940GZZLUECT,0.0,0.087000005,2.829,15.255,21.816,17.86,5.365,0.0
940GZZLUFCN,940GZZLUERC,0.0,9.712,54.416,92.766,155.01399,47.305,17.64,0.0
940GZZLUFCN,940GZZLUEAC,0.0,0.015000001,0.656,6.37,7.766,4.184,2.371,0.0
940GZZLUFCN,940GZZLUEUS,0.0,5.625,23.763,53.549,91.042,17.701,3.7350001,0.0
940GZZLUFCN,940GZZLUESQ,0.0,21.431,248.832,636.802,1072.664,209.11,40.245,0.0
940GZZLUFCN,940GZZLUFYR,0.0,2.53,27.199,65.533,174.144,87.849,18.929,0.0
940GZZLUFCN,940GZZLUFPK,0.0,6.233,27.003,79.813,467.753,153.71,56.18,0.0
940GZZLUFCN,940GZZLUFBY,0.0,0.102,4.973,10.255,27.542,9.791,3.394,0.0
940GZZLUFCN,940GZZLUGTR,0.0,0.184,2.986,12.284,19.07,8.322,2.71,0.0
940GZZLUFCN,940GZZLUGDG,0.0,0.0,0.09,2.991,1.375,0.384,0.414,0.0
940GZZLUFCN,940GZZLUGPS,0.0,15.717,274.186,298.934,218.854,57.635,15.958,0.0
940GZZLUFCN,940GZZLUGPK,0.0,1.758,14.09,70.311,40.037,7.9639997,1.131,0.0
940GZZLUFCN,940GZZLUHSD,0.0,0.19,2.966,5.531,9.398,5.814,1.373,0.0
940GZZLUFCN,940GZZLUHAI,0.0,2.398,24.041,43.605,129.79199,73.412,19.121,0.0
940GZZLUFCN,940GZZLUHSK,0.0,3.816,19.473,44.356,33.161,13.534,3.437,0.0
940GZZLUFCN,940GZZLUHBN,0.0,1.334,14.702,17.894,13.474,2.085,1.62,0.0
940GZZLUFCN,940GZZLUHPK,0.0,0.003,0.485,0.924,0.98800004,0.529,0.128,0.0
940GZZLUFCN,940GZZLUHWY,0.0,2.277,18.835001,31.033,76.661,37.963,9.749,0.0
940GZZLUFCN,940GZZLUHPC,0.0,0.163,1.321,4.448,5.167,1.279,0.266,0.0
940GZZLUFCN,940GZZLUKNG,0.0,0.063,0.065000005,3.82,11.115,6.0099998,3.534,0.0
940GZZLUFCN,940GZZLUKOY,0.0,0.0,0.0,0.0,0.0,0.002,0.0,0.0
940GZZLUFCN,940GZZLUKSH,0.0,0.015000001,0.434,0.115,0.186,0.009,0.0,0.0
940GZZLUFCN,940GZZLUKBN,0.0,0.338,2.4,17.789,58.73,27.576,10.2960005,0.0
940GZZLUFCN,940GZZLUKSX,0.0,54.929,260.083,735.066,988.491,237.288,68.411,0.0
940GZZLUFCN,940GZZLUKNB,0.0,0.317,9.588,25.491,19.251,2.58,0.487,0.0
940GZZLUFCN,940GZZLULBN,0.0,0.0,0.222,1.205,1.138,0.62700003,0.0,0.0
940GZZLUFCN,940GZZLULGT,0.0,0.0,0.113000005,0.735,1.511,0.357,0.017,0.0
940GZZLUFCN,940GZZLULSQ,0.0,0.151,4.354,34.589,42.562,10.306,2.152,0.0
940GZZLUFCN,940GZZLULVT,0.0,128.474,991.076,1142.764,3530.119,747.648,193.942,0.0
940GZZLUFCN,940GZZLULNB,0.0,5.743,8.967,53.927,56.813,18.51,11.56,0.0
940GZZLUFCN,940GZZLUMSH,0.0,0.012,1.37,5.928,1.395,0.298,0.174,0.0
940GZZLUFCN,940GZZLUMBA,0.0,0.212,0.477,4.775,4.238,0.515,0.01,0.0
940GZZLUFCN,940GZZLUMYB,0.0,2.461,18.976,25.353,54.407,14.849,3.003,0.0
940GZZLUFCN,940GZZLUMED,0.0,2.429,17.352,46.447,130.989,50.39,22.419,0.0
940GZZLUFCN,940GZZLUMGT,0.0,56.426,592.878,398.254,369.779,69.943,15.348,0.0
940GZZLUFCN,940GZZLUMTC,0.0,0.025999999,0.17,1.755,1.836,0.938,0.399,0.0
940GZZLUFCN,940GZZLUNHG,0.0,2.247,9.283,21.62,4.13,12.74,2.638,0.0
940GZZLUFCN,940GZZLUODS,0.0,2.295,30.806,35.813,31.284,9.191,2.084,0.0
940GZZLUFCN,940GZZLUOVL,0.0,0.0,1.403,12.869,25.824,12.6380005,5.238,0.0
940GZZLUFCN,940GZZLUOXC,0.0,5.911,23.546,109.382,92.352,14.051,3.363,0.0
940GZZLUFCN,940GZZLUPAC,0.0,67.343,310.397,679.789,1214.034,268.014,60.268,0.0
940GZZLUFCN,940GZZLUPCC,0.0,1.391,8.851,50.114,47.108,6.968,1.436,0.0
940GZZLUFCN,940GZZLUQWY,0.0,0.0,0.39200002,0.92300004,0.51,0.921,0.448,0.0
940GZZLUFCN,940GZZLURGP,0.0,0.046,3.887,0.598,0.465,0.342,0.01,0.0
940GZZLUFCN,940GZZLURYO,0.0,1.901,16.88,33.411,98.962,49.043,11.182,0.0
940GZZLUFCN,940GZZLURSQ,0.0,1.786,23.764,23.586,23.626,6.08,1.901,0.0
940GZZLUFCN,940GZZLUSJP,0.0,0.66,12.655,38.278,16.079,2.274,1.059,0.0
940GZZLUFCN,940GZZLUSJW,0.0,0.816,8.001,24.444,54.548,24.6,4.121,0.0
940GZZLUFCN,940GZZLUSPU,0.0,0.009,0.556,2.382,0.342,0.21000001,0.0,0.0
940GZZLUFCN,940GZZLUSBC,0.0,0.014,1.104,3.2120001,7.187,2.5,0.757,0.0
940GZZLUFCN,940GZZLUSSQ,0.0,0.049000002,6.405,22.5,28.628,6.4,1.951,0.0
940GZZLUFCN,940GZZLUSKS,0.0,0.432,10.777,50.573,45.198,10.252,2.448,0.0
940GZZLUFCN,940GZZLUSKW,0.0,0.18800001,2.193,8.594,51.728,18.967,8.997,0.0
940GZZLUFCN,940GZZLUCHX,0.0,0.0,1.074,5.117,4.918,0.233,0.387,0.0
940GZZLUFCN,940GZZLUSWC,0.0,0.181,5.694,17.127,38.067,17.533,6.884,0.0
940GZZLUFCN,940GZZLUTMP,0.0,0.006,0.787,4.477,3.888,1.123,0.634,0.0
940GZZLUFCN,940GZZLUTCR,0.0,0.0,1.165,13.526,10.276,2.235,0.689,0.0
940GZZLUFCN,940GZZLUTWH,0.0,4.974,46.505,120.851,253.036,42.154,15.004,0.0
940GZZLUFCN,940GZZLUVIC,0.0,1.22,28.222,186.066,273.005,83.079,21.155,0.0
940GZZLUFCN,940GZZLUWRR,0.0,4.784,28.458,23.685,17.307,2.974,0.391,0.0
940GZZLUFCN,940GZZLUWKA,0.0,0.261,3.912,5.849,26.273,19.567,4.734,0.0
940GZZLUFCN,940GZZLUWLO,0.0,0.0,1.186,34.262,53.278,20.209,7.761,0.0
940GZZLUFCN,940GZZLUWBN,0.0,0.483,3.954,8.082,13.096,6.442,2.439,0.0
940GZZLUFCN,940GZZLUWHP,0.0,1.556,5.25,11.65,30.318,15.076,5.414,0.0
940GZZLUFCN,940GZZLUWKN,0.0,0.941,0.0,8.716001,0.0,1.368,10.942,0.0
940GZZLUFCN,940GZZLUWSM,0.0,0.049,10.801,38.696,16.139,1.613,0.557,0.0
940GZZLUFCN,940GZZLUWPL,0.0,6.536,62.824,103.715,188.603,100.828,39.19,0.0
940GZZLUFCN,940GZZLUWIG,0.0,0.285,1.863,23.428,103.519,47.345,14.473,0.0
940GZZLUFCN,940GZZLUERB,0.0,0.57,13.778,3.727,6.029,1.34,0.584,0.0
940GZZLUFCN,940GZZLUPCO,0.0,0.296,2.943,12.882,28.404,12.521,6.9639997,0.0
940GZZLUFCN,940GZZLUVXL,0.0,1.3199999,7.947,49.724,140.963,58.28,17.744,0.0
940GZZLUFCN,940GZZLUBXN,0.0,0.241,4.489,36.19,139.351,60.987,24.598999,0.0
940GZZLUFCN,940GZZLUSWK,0.0,0.0,0.687,3.262,2.413,0.702,0.158,0.0
940GZZLUFCN,940GZZLUBMY,0.0,0.205,1.186,6.121,14.61,5.722,1.15,0.0
940GZZLUFCN,940GZZLUCWR,0.0,0.072000004,0.408,7.089,23.817,10.734,3.586,0.0
940GZZLUFYR,940GZZLUBBN,0.0,6.624,111.182,38.494,25.326,5.697,1.171,0.0
940GZZLUFYR,940GZZLUALD,0.0,3.515,125.317,40.873,31.886,5.981,3.6299999,0.0
940GZZLUFYR,940GZZLUADE,0.0,0.126,2.317,3.234,2.028,0.78000003,0.193,0.0
940GZZLUFYR,940GZZLUAGL,0.0,0.234,8.938,12.393,12.073,1.989,1.121,0.0
940GZZLUFYR,940GZZLUBST,0.0,9.968,189.093,148.442,94.355,26.248,4.972,0.0
940GZZLUFYR,940GZZLUBNK,0.0,6.454,60.982998,20.052,9.547,1.689,0.43,0.0
940GZZLUFYR,940GZZLUBSC,0.0,0.0,3.123,2.63,2.688,1.132,1.146,0.0
940GZZLUFYR,940GZZLUBWT,0.0,0.0,0.888,1.79,1.291,0.324,0.0,0.0
940GZZLUFYR,940GZZLUBLG,0.0,0.332,3.928,5.925,5.255,3.296,1.021,0.0
940GZZLUFYR,940GZZLUBKF,0.0,0.838,26.81,4.965,3.89,1.6570001,0.015999999,0.0
940GZZLUFYR,940GZZLUBND,0.0,15.697,192.053,202.184,87.133,20.189,2.086,0.0
940GZZLUFYR,940GZZLUBOR,0.0,0.231,0.722,1.524,0.82600003,0.349,0.661,0.0
940GZZLUFYR,940GZZLUCAR,0.0,0.0,3.191,2.405,1.586,0.915,0.746,0.0
940GZZLUFYR,940GZZLUCTN,0.0,0.054,1.768,4.652,2.488,0.645,0.109000005,0.0
940GZZLUFYR,940GZZLUCST,0.0,0.754,13.261,2.799,1.1110001,0.151,0.0,0.0
940GZZLUFYR,940GZZLUCHL,0.0,2.297,36.507,16.735,5.43,0.861,0.21700001,0.0
940GZZLUFYR,940GZZLUEMB,0.0,0.499,12.965,5.382,2.562,0.916,0.009,0.0
940GZZLUFYR,940GZZLUCGN,0.0,0.48400003,6.649,19.104,15.003,3.137,0.203,0.0
940GZZLUFYR,940GZZLUECT,0.0,1.136,7.108,8.891,4.204,1.794,1.224,0.0
940GZZLUFYR,940GZZLUERC,0.0,0.978,10.999,7.854,6.496,2.131,1.395,0.0
940GZZLUFYR,940GZZLUEAC,0.0,0.442,12.841,13.736,7.395,4.201,1.03,0.0
940GZZLUFYR,940GZZLUEUS,0.0,0.424,0.967,1.437,1.425,0.953,0.016,0.0
940GZZLUFYR,940GZZLUESQ,0.0,9.364,139.495,154.347,67.136,16.311,3.214,0.0
940GZZLUFYR,940GZZLUFCN,0.0,27.531,255.572,91.898,37.365,9.849,2.664,0.0
940GZZLUFYR,940GZZLUFPK,0.0,0.238,4.514,11.645,12.256,4.894,1.579,0.0
940GZZLUFYR,940GZZLUFBY,0.0,0.0,2.593,2.256,2.612,0.826,0.221,0.0
940GZZLUFYR,940GZZLUGTR,0.0,0.857,6.174,10.365,5.083,2.339,0.597,0.0
940GZZLUFYR,940GZZLUGDG,0.0,0.0,0.148,1.046,0.642,0.324,0.0,0.0
940GZZLUFYR,940GZZLUGPS,0.0,3.4390001,157.836,68.996,29.171,9.406,2.357,0.0
940GZZLUFYR,940GZZLUGPK,0.0,15.859,146.937,108.251,42.494,8.953,2.7910001,0.0
940GZZLUFYR,940GZZLUHSD,0.0,1.536,12.412,5.403,4.462,1.709,0.179,0.0
940GZZLUFYR,940GZZLUHAI,0.0,0.26,3.379,4.617,11.118,2.14,0.862,0.0
940GZZLUFYR,940GZZLUHSK,0.0,1.012,14.053,14.6119995,5.156,1.485,0.004,0.0
940GZZLUFYR,940GZZLUHBN,0.0,3.002,66.619,46.856,19.9,2.087,0.42700002,0.0
940GZZLUFYR,940GZZLUHPK,0.0,0.0,6.206,3.332,4.456,1.366,0.131,0.0
940GZZLUFYR,940GZZLUHWY,0.0,0.17,2.394,5.409,4.383,2.355,0.198,0.0
940GZZLUFYR,940GZZLUHPC,0.0,0.31,6.32,4.337,1.456,0.286,0.205,0.0
940GZZLUFYR,940GZZLUKNG,0.0,0.754,2.427,1.822,3.66,1.582,0.744,0.0
940GZZLUFYR,940GZZLUKSH,0.0,0.0,0.147,0.853,0.725,0.152,0.0,0.0
940GZZLUFYR,940GZZLUKBN,0.0,1.836,26.815,131.694,139.956,77.448,23.058,0.0
940GZZLUFYR,940GZZLUKSX,0.0,13.833,126.899,149.836,96.486,27.691,6.777,0.0
940GZZLUFYR,940GZZLUKNB,0.0,2.676,22.276,23.895,7.239,1.367,0.287,0.0
940GZZLUFYR,940GZZLULBN,0.0,0.0,3.076,2.804,1.635,1.141,0.02,0.0
940GZZLUFYR,940GZZLULGT,0.0,1.192,2.68,5.287,2.716,0.873,0.56,0.0
940GZZLUFYR,940GZZLULSQ,0.0,0.5,7.477,10.982,9.5720005,4.322,0.973,0.0
940GZZLUFYR,940GZZLULVT,0.0,32.832,266.38,99.472,96.34,26.445,3.424,0.0
940GZZLUFYR,940GZZLULNB,0.0,14.316,140.822,86.953,81.457,31.614,8.643,0.0
940GZZLUFYR,940GZZLUMSH,0.0,1.986,22.566,3.352,1.334,0.002,0.0,0.0
940GZZLUFYR,940GZZLUMBA,0.0,0.689,7.43,8.154,5.021,1.71,0.436,0.0
940GZZLUFYR,940GZZLUMYB,0.0,0.593,16.397,5.947,8.109,2.418,0.184,0.0
940GZZLUFYR,940GZZLUMED,0.0,0.0,3.663,8.681,6.938,2.113,0.795,0.0
940GZZLUFYR,940GZZLUMGT,0.0,18.603,229.529,44.368,18.636,3.814,0.935,0.0
940GZZLUFYR,940GZZLUNHG,0.0,0.607,10.826,13.674,9.339,3.713,0.45700002,0.0
940GZZLUFYR,940GZZLUODS,0.0,0.568,18.539,14.594,8.902,2.524,1.447,0.0
940GZZLUFYR,940GZZLUOVL,0.0,0.176,3.307,2.969,1.5370001,1.217,1.032,0.0
940GZZLUFYR,940GZZLUOXC,0.0,2.31,40.522,60.272,26.826,7.644,1.899,0.0
940GZZLUFYR,940GZZLUPAC,0.0,9.597,71.021,50.837,43.862,13.437,2.396,0.0
940GZZLUFYR,940GZZLUPCC,0.0,2.072,36.95,49.431,33.486,13.809,3.425,0.0
940GZZLUFYR,940GZZLUQWY,0.0,0.229,5.588,6.515,5.216,1.3330001,0.508,0.0
940GZZLUFYR,940GZZLURGP,0.0,0.058000002,6.75,5.339,1.879,0.34,0.346,0.0
940GZZLUFYR,940GZZLURYO,0.0,0.0,1.674,3.339,4.531,2.533,0.346,0.0
940GZZLUFYR,940GZZLURSQ,0.0,0.761,6.96,8.845,7.239,1.602,0.289,0.0
940GZZLUFYR,940GZZLUSJP,0.0,1.825,24.315,10.951,1.328,0.773,0.805,0.0
940GZZLUFYR,940GZZLUSJW,0.0,0.744,31.404,83.059,46.267,21.496,5.953,0.0
940GZZLUFYR,940GZZLUSPU,0.0,6.796,39.955,8.719,4.586,1.494,0.204,0.0
940GZZLUFYR,940GZZLUSBC,0.0,0.554,3.966,10.878,8.073,1.953,0.484,0.0
940GZZLUFYR,940GZZLUSSQ,0.0,1.155,17.706,20.088,8.016,2.261,0.204,0.0
940GZZLUFYR,940GZZLUSKS,0.0,2.172,45.723,46.237,16.132,5.661,0.47300002,0.0
940GZZLUFYR,940GZZLUSKW,0.0,0.419,2.444,3.931,6.389,2.977,2.261,0.0
940GZZLUFYR,940GZZLUCHX,0.0,1.181,31.562,25.779,23.253,4.112,0.74,0.0
940GZZLUFYR,940GZZLUSWC,0.0,0.189,9.89,31.455,19.605,10.797,2.726,0.0
940GZZLUFYR,940GZZLUTMP,0.0,0.361,25.509,20.193,4.12,0.879,0.004,0.0
940GZZLUFYR,940GZZLUTCR,0.0,1.99,38.332,39.478,26.059,6.719,1.338,0.0
940GZZLUFYR,940GZZLUTWH,0.0,0.068,10.88,5.081,2.686,1.534,0.329,0.0
940GZZLUFYR,940GZZLUVIC,0.0,11.684,115.111,76.912,71.109,24.956,6.156,0.0
940GZZLUFYR,940GZZLUWRR,0.0,0.0,0.982,1.136,0.68,1.02,0.477,0.0
940GZZLUFYR,940GZZLUWKA,0.0,0.0,0.936,2.135,2.531,0.608,0.32500002,0.0
940GZZLUFYR,940GZZLUWLO,0.0,12.778,83.157,68.34,104.502,38.785,9.441,0.0
940GZZLUFYR,940GZZLUWBN,0.0,0.138,2.51,0.738,0.16,0.183,0.262,0.0
940GZZLUFYR,940GZZLUWHP,0.0,5.113,52.887,136.991,137.642,67.927,16.216,0.0050000004
940GZZLUFYR,940GZZLUWKN,0.0,0.0,0.748,2.043,0.85,0.21200001,0.297,0.0
940GZZLUFYR,940GZZLUWSM,0.0,3.293,104.376,40.238,18.389,7.011,1.999,0.0
940GZZLUFYR,940GZZLUWPL,0.0,0.372,3.461,0.997,1.104,0.38300002,0.004,0.0
940GZZLUFYR,940GZZLUWIG,0.0,1.084,14.42,109.142,142.576,78.345,26.308,0.0
940GZZLUFYR,940GZZLUERB,0.0,0.861,12.622,7.449,3.88,1.989,0.73399997,0.0
940GZZLUFYR,940GZZLUPCO,0.0,0.414,6.83,11.889,5.639,3.561,1.09,0.0
940GZZLUFYR,940GZZLUVXL,0.0,2.8470001,22.738,11.022,18.069,9.095,4.39,0.0
940GZZLUFYR,940GZZLUBXN,0.0,0.249,7.688,14.771,18.828,14.267,5.461,0.0
940GZZLUFYR,940GZZLUSWK,0.0,3.792,69.619,37.393,24.675,6.173,1.649,0.0
940GZZLUFYR,940GZZLUBMY,0.0,1.983,9.587,11.616,8.268,5.219,2.754,0.0
940GZZLUFYR,940GZZLUCWR,0.0,1.908,31.051,38.748,52.91,24.005,9.354,0.0
940GZZLUFPK,940GZZLUBBN,0.0,12.298,105.061,41.502,34.73,11.701,1.749,0.0
940GZZLUFPK,940GZZLUALD,0.0,12.239,156.298,51.032,27.33,12.194,2.414,0.0
940GZZLUFPK,940GZZLUADE,0.0,2.509,39.115,22.142,7.581,5.713,3.0,0.0
940GZZLUFPK,940GZZLUAGL,0.0,1.9120001,34.36,58.686,46.006,18.277,1.966,0.0
940GZZLUFPK,940GZZLUBST,0.0,18.618,181.277,117.913,58.558,18.949,7.071,0.0
940GZZLUFPK,940GZZLUBNK,0.0,41.438,262.87302,144.932,112.226,49.368,12.692,0.0
940GZZLUFPK,940GZZLUBSC,0.0,2.969,73.33,21.696,14.935,7.797,5.952,0.0
940GZZLUFPK,940GZZLUBWT,0.0,0.0,0.748,1.77,0.698,0.517,0.012,0.0
940GZZLUFPK,940GZZLUBLG,0.0,3.367,10.41,20.359,17.273,13.836,5.949,0.0
940GZZLUFPK,940GZZLUBKF,0.0,0.0,4.471,4.462,7.838,0.023,0.0,0.0
940GZZLUFPK,940GZZLUBND,0.0,17.244,112.422,91.655,46.674,12.066999,1.006,0.0
940GZZLUFPK,940GZZLUBOR,0.0,1.7260001,32.109,18.513,13.09,9.691,4.422,0.0
940GZZLUFPK,940GZZLUCAR,0.0,9.628,72.734,60.728,46.964,30.448,8.778,0.0
940GZZLUFPK,940GZZLUCTN,0.0,0.452,19.743,42.577,27.882,15.268,2.969,0.006
940GZZLUFPK,940GZZLUCST,0.0,0.393,4.715,1.2490001,2.368,0.0,0.0,0.0
940GZZLUFPK,940GZZLUCHL,0.0,1.385,49.75,29.186,15.486,4.933,0.024,0.0
940GZZLUFPK,940GZZLUEMB,0.0,5.25,54.351,37.596,36.35,6.09,2.059,0.0
940GZZLUFPK,940GZZLUCGN,0.0,21.458,279.908,335.885,229.394,67.517,4.863,0.0
940GZZLUFPK,940GZZLUECT,0.0,14.254,69.619,45.728,33.331,17.128,6.594,0.0
940GZZLUFPK,940GZZLUERC,0.0,7.117,79.488,30.844,15.488,8.782,1.906,0.0
940GZZLUFPK,940GZZLUEAC,0.0,3.2580001,80.815,84.709,65.431,35.37,20.619,0.0
940GZZLUFPK,940GZZLUEUS,0.0,78.421,446.012,438.4,322.918,136.15,62.631,0.057
940GZZLUFPK,940GZZLUESQ,0.0,0.244,12.707,7.942,2.353,0.276,0.0,0.0
940GZZLUFPK,940GZZLUFCN,0.0,53.771,1800.908,335.956,162.339,60.419,16.627,0.0
940GZZLUFPK,940GZZLUFYR,0.0,2.427,17.531,16.076,6.316,5.17,2.545,0.0
940GZZLUFPK,940GZZLUFBY,0.0,3.936,54.819,23.486,14.1,5.76,2.423,0.0
940GZZLUFPK,940GZZLUGTR,0.0,11.05,95.138,44.766,25.785,9.294,4.414,0.0
940GZZLUFPK,940GZZLUGDG,0.0,0.467,22.507,33.015,13.535,4.767,0.043,0.0
940GZZLUFPK,940GZZLUGPS,0.0,2.129,52.496998,21.472,10.206,1.3840001,0.71,0.0
940GZZLUFPK,940GZZLUGPK,0.0,138.398,590.205,334.305,156.196,40.109,13.988,0.002
940GZZLUFPK,940GZZLUHSD,0.0,23.517,240.711,70.149,89.107,25.937,15.5529995,0.0
940GZZLUFPK,940GZZLUHAI,0.0,159.438,3659.337,1653.445,1453.227,784.667,218.238,0.168
940GZZLUFPK,940GZZLUHSK,0.0,17.803,93.364,43.399,13.373,5.493,0.236,0.0
940GZZLUFPK,940GZZLUHBN,0.0,32.208,843.896,449.351,195.924,42.343,8.364,0.0
940GZZLUFPK,940GZZLUHPK,0.0,1.901,46.687,17.291,13.499,4.639,3.883,0.011
940GZZLUFPK,940GZZLUHWY,0.0,6.985,43.402,82.247,58.577,31.451,11.51,0.0
940GZZLUFPK,940GZZLUHPC,0.0,13.501,53.424,34.009,14.327,4.348,0.25800002,0.0
940GZZLUFPK,940GZZLUKNG,0.0,0.844,12.252,7.666,10.175,6.528,3.647,0.0
940GZZLUFPK,940GZZLUKOY,0.0,0.0,0.0,0.0,0.0,0.024,0.0,0.0
940GZZLUFPK,940GZZLUKSH,0.0,1.56,16.937,13.398,11.248,8.844,4.371,0.0
940GZZLUFPK,940GZZLUKBN,0.0,1.01,3.781,7.4769998,10.832,4.782,4.142,0.0
940GZZLUFPK,940GZZLUKSX,0.0,119.591,2403.667,936.168,604.242,221.6,85.015,0.101
940GZZLUFPK,940GZZLUKNB,0.0,20.657,131.216,114.857,36.243,11.867,3.646,0.0
940GZZLUFPK,940GZZLULBN,0.0,5.508,50.813,28.873,17.419,6.13,5.374,0.0
940GZZLUFPK,940GZZLULGT,0.0,1.966,26.919,15.405,12.163,4.084,3.892,0.0
940GZZLUFPK,940GZZLULSQ,0.0,27.447,258.743,294.51,262.126,87.154,23.914,0.004
940GZZLUFPK,940GZZLULVT,0.0,35.291,126.389,121.18,93.03,34.892,13.891,0.0
940GZZLUFPK,940GZZLULNB,0.0,24.431,147.136,136.761,145.095,57.018,27.586,0.003
940GZZLUFPK,940GZZLUMSH,0.0,1.153,4.925,1.195,0.29,0.283,0.0,0.0
940GZZLUFPK,940GZZLUMBA,0.0,17.573,105.226,68.324,35.359,11.64,3.041,0.0
940GZZLUFPK,940GZZLUMYB,0.0,6.763,70.393,48.166,71.718,17.888,9.485,0.0
940GZZLUFPK,940GZZLUMED,0.0,2.858,22.358,28.929,25.212,12.009,5.776,0.0
940GZZLUFPK,940GZZLUMGT,0.0,16.421,70.977,48.648,17.32,4.077,1.6060001,0.0
940GZZLUFPK,940GZZLUMTC,0.0,0.289,21.771,8.932,2.734,1.638,1.011,0.002
940GZZLUFPK,940GZZLUNHG,0.0,7.123,89.468,50.745,29.877,12.389,4.813,0.002
940GZZLUFPK,940GZZLUODS,0.0,0.667,19.385,45.66,4.902,8.419,3.301,0.0
940GZZLUFPK,940GZZLUOVL,0.0,1.929,30.564,13.196,16.018,7.793,5.402,0.0
940GZZLUFPK,940GZZLUOXC,0.0,177.789,1442.727,1250.372,572.587,165.862,28.416,0.02
940GZZLUFPK,940GZZLUPAC,0.0,49.556,246.859,148.665,109.074,50.109,23.362,0.0
940GZZLUFPK,940GZZLUPCC,0.0,42.266,279.134,216.125,180.224,56.711,8.885,0.0
940GZZLUFPK,940GZZLUQWY,0.0,4.662,31.297,26.897,19.555,8.367,2.329,0.0
940GZZLUFPK,940GZZLURGP,0.0,1.243,9.84,7.34,2.066,0.438,0.146,0.0
940GZZLUFPK,940GZZLURYO,0.0,0.0,24.014,9.504,7.643,5.306,2.695,0.0
940GZZLUFPK,940GZZLURSQ,0.0,18.138,303.19,291.149,126.145996,29.471,6.58,0.0
940GZZLUFPK,940GZZLUSJP,0.0,11.4279995,112.452,47.746,13.133,1.803,0.761,0.0
940GZZLUFPK,940GZZLUSJW,0.0,3.671,30.476,21.104,9.756,4.284,1.089,0.0
940GZZLUFPK,940GZZLUSPU,0.0,14.133,73.909,37.574,15.791,2.358,0.538,0.0
940GZZLUFPK,940GZZLUSBC,0.0,18.723999,99.692,76.423,64.123,28.664999,6.425,0.0
940GZZLUFPK,940GZZLUSSQ,0.0,12.802,132.474,77.029,46.919,12.783,2.909,0.0
940GZZLUFPK,940GZZLUSKS,0.0,34.623,276.566,207.069,96.141,29.129,8.567,0.0
940GZZLUFPK,940GZZLUSKW,0.0,16.589,48.603,29.175,55.689,36.995,29.963,0.074
940GZZLUFPK,940GZZLUCHX,0.0,6.779,87.923,51.77,58.281,26.792,7.51,0.0
940GZZLUFPK,940GZZLUSWC,0.0,2.141,21.716,17.453001,17.274,7.452,3.806,0.013
940GZZLUFPK,940GZZLUTMP,0.0,0.78000003,6.149,3.651,2.95,1.672,0.271,0.0
940GZZLUFPK,940GZZLUTCR,0.0,6.746,65.892,91.503,59.431,23.566,6.729,0.015
940GZZLUFPK,940GZZLUTWH,0.0,2.446,33.197,23.959,14.479,5.494,1.199,0.0
940GZZLUFPK,940GZZLUVIC,0.0,319.526,1852.537,1015.883,1089.569,386.791,232.298,0.005
940GZZLUFPK,940GZZLUWRR,0.0,53.783,836.508,499.441,173.842,61.896,13.588,0.043
940GZZLUFPK,940GZZLUWKA,0.0,1.752,12.737,9.097,7.488,4.781,2.241,0.0
940GZZLUFPK,940GZZLUWLO,0.0,66.381996,241.538,148.301,240.051,67.847,30.88,0.029
940GZZLUFPK,940GZZLUWBN,0.0,10.422,29.677,13.268,5.37,3.856,0.871,0.0
940GZZLUFPK,940GZZLUWHP,0.0,2.713,8.646,5.811,5.77,4.218,2.9160001,0.009
940GZZLUFPK,940GZZLUWKN,0.0,1.236,14.67,5.821,5.493,2.798,2.615,0.0
940GZZLUFPK,940GZZLUWSM,0.0,16.822,184.538,75.88,31.229,12.974,0.593,0.0
940GZZLUFPK,940GZZLUWPL,0.0,2.156,0.211,1.377,0.0,0.0,0.183,0.0
940GZZLUFPK,940GZZLUWIG,0.0,1.159,6.1080003,10.279,20.558,12.576,4.017,0.0
940GZZLUFPK,940GZZLUERB,0.0,1.612,39.379,22.164999,11.767,3.878,2.121,0.0
940GZZLUFPK,940GZZLUPCO,0.0,32.724,371.273,137.665,58.285,23.279,17.134,0.0
940GZZLUFPK,940GZZLUVXL,0.0,136.946,870.531,286.334,345.833,184.42,133.132,0.009
940GZZLUFPK,940GZZLUBXN,0.0,26.99,188.222,204.159,279.995,189.287,124.208,0.644
940GZZLUFPK,940GZZLUSWK,0.0,11.899,112.336,58.078,37.242,6.145,4.284,0.0
940GZZLUFPK,940GZZLUBMY,0.0,6.078,27.984,15.428,18.62,14.746,6.734,0.013
940GZZLUFPK,940GZZLUCWR,0.0,1.512,8.649,19.623,17.907,21.764,13.899,0.022
940GZZLUFBY,940GZZLUBBN,0.0,0.162,7.472,8.346,6.447,1.005,0.29,0.0
940GZZLUFBY,940GZZLUALD,0.0,0.074,1.673,1.156,0.746,0.968,0.245,0.0
940GZZLUFBY,940GZZLUADE,0.0,3.38,51.724,25.373,16.198,4.022,1.484,0.0
940GZZLUFBY,940GZZLUAGL,0.0,0.949,9.859,14.819,14.243,2.789,0.756,0.0
940GZZLUFBY,940GZZLUBST,0.0,0.253,23.268,32.26,13.824,3.239,1.074,0.0
940GZZLUFBY,940GZZLUBNK,0.0,17.025,146.607,68.958,58.085,13.485,4.376,0.0
940GZZLUFBY,940GZZLUBSC,0.0,0.0,2.4160001,7.067,5.386,3.077,1.534,0.0
940GZZLUFBY,940GZZLUBWT,0.0,1.702,16.098999,49.096,35.983,12.956,7.617,0.0
940GZZLUFBY,940GZZLUBLG,0.0,0.0,2.352,11.68,10.43,3.133,2.027,0.0
940GZZLUFBY,940GZZLUBKF,0.0,12.694,141.953,64.474,55.329,13.686,2.688,0.0
940GZZLUFBY,940GZZLUBND,0.0,1.169,38.575,47.76,22.013,3.04,0.211,0.0
940GZZLUFBY,940GZZLUBOR,0.0,0.106,2.879,1.992,1.144,0.457,0.187,0.0
940GZZLUFBY,940GZZLUCAR,0.0,0.291,5.746,3.778,5.604,1.835,1.066,0.0
940GZZLUFBY,940GZZLUCTN,0.0,0.096,10.528,21.861,12.3949995,3.244,1.304,0.0
940GZZLUFBY,940GZZLUCST,0.0,10.542,86.456,24.9,33.489,9.6310005,3.88,0.0
940GZZLUFBY,940GZZLUCHL,0.0,0.652,20.737,11.854,5.856,1.547,0.459,0.0
940GZZLUFBY,940GZZLUEMB,0.0,4.484,73.359,85.139,92.389,15.927,8.508,0.0
940GZZLUFBY,940GZZLUCGN,0.0,0.833,19.218,45.709,31.274,6.317,0.854,0.0
940GZZLUFBY,940GZZLUECT,0.0,2.586,27.736,126.015,86.528,46.469,28.217,1.0
940GZZLUFBY,940GZZLUERC,0.0,4.178,70.548,60.885,37.192,12.999,5.057,0.0
940GZZLUFBY,940GZZLUEAC,0.0,0.251,15.259,24.747,23.159,7.699,2.225,0.0
940GZZLUFBY,940GZZLUEUS,0.0,4.392,23.73,33.219,25.862,7.978,1.758,0.0
940GZZLUFBY,940GZZLUESQ,0.0,0.416,6.737,8.162,2.945,0.485,0.3,0.0
940GZZLUFBY,940GZZLUFCN,0.0,0.78499997,15.532,9.337,3.704,0.649,0.33,0.0
940GZZLUFBY,940GZZLUFYR,0.0,0.0,0.712,3.5410001,1.807,0.85,0.205,0.0
940GZZLUFBY,940GZZLUFPK,0.0,0.409,7.03,17.349,34.658,11.099,4.446,0.0
940GZZLUFBY,940GZZLUGTR,0.0,1.165,29.952,57.644,33.248,13.304,3.824,0.0
940GZZLUFBY,940GZZLUGDG,0.0,0.232,11.822,5.948,2.979,0.475,0.005,0.0
940GZZLUFBY,940GZZLUGPS,0.0,0.909,12.969,8.57,6.058,1.8740001,0.288,0.0
940GZZLUFBY,940GZZLUGPK,0.0,3.6339998,101.068,62.463,30.362999,6.341,1.3659999,0.0
940GZZLUFBY,940GZZLUHSD,0.0,0.688,23.759,90.594,58.744,13.946,4.927,0.0
940GZZLUFBY,940GZZLUHAI,0.0,1.462,9.647,22.952,32.194,14.6710005,5.549,0.0
940GZZLUFBY,940GZZLUHSK,0.0,1.429,42.994,119.198,61.479,15.791,6.521,0.0
940GZZLUFBY,940GZZLUHBN,0.0,2.864,59.857,37.839,14.14,2.598,1.663,0.0
940GZZLUFBY,940GZZLUHPK,0.0,0.0,3.534,3.88,1.7360001,0.708,0.028,0.0
940GZZLUFBY,940GZZLUHWY,0.0,0.6,2.788,13.161,6.998,3.016,1.044,0.0
940GZZLUFBY,940GZZLUHPC,0.0,0.44300002,23.539,15.306,5.974,1.62,0.102,0.0
940GZZLUFBY,940GZZLUKNG,0.0,0.066,0.924,5.854,6.268,5.365,2.195,0.0
940GZZLUFBY,940GZZLUKSH,0.0,0.0,3.121,2.728,3.0640001,1.201,0.733,0.0
940GZZLUFBY,940GZZLUKBN,0.0,0.0,0.46,2.179,2.235,1.598,0.946,0.0
940GZZLUFBY,940GZZLUKSX,0.0,7.153,68.159,84.99,76.656,18.76,6.247,0.0
940GZZLUFBY,940GZZLUKNB,0.0,1.253,18.352,38.469,16.245,2.095,0.113,0.0
940GZZLUFBY,940GZZLULBN,0.0,0.217,2.618,6.5820003,3.861,2.043,0.162,0.0
940GZZLUFBY,940GZZLULGT,0.0,0.0,0.819,3.471,1.636,0.739,0.120000005,0.0
940GZZLUFBY,940GZZLULSQ,0.0,1.914,23.435,49.204,41.674,13.715,2.404,0.0
940GZZLUFBY,940GZZLULVT,0.0,7.025,56.828,38.477,37.48,7.887,2.356,0.0
940GZZLUFBY,940GZZLULNB,0.0,3.29,57.792,41.973,47.184002,9.465,4.94,0.0
940GZZLUFBY,940GZZLUMSH,0.0,14.345,188.976,38.806,19.017,2.346,0.87700003,0.0
940GZZLUFBY,940GZZLUMBA,0.0,0.459,15.577,17.074,8.526,0.857,0.019,0.0
940GZZLUFBY,940GZZLUMYB,0.0,1.4729999,3.555,8.944,17.91,2.098,0.60400003,0.0
940GZZLUFBY,940GZZLUMED,0.0,0.24700001,2.923,9.404,10.885,3.065,3.047,0.0
940GZZLUFBY,940GZZLUMGT,0.0,0.891,20.325,11.047,5.142,1.047,0.27199998,0.0
940GZZLUFBY,940GZZLUMTC,0.0,0.0,3.424,3.07,4.829,1.2590001,0.74300003,0.0
940GZZLUFBY,940GZZLUNHG,0.0,0.341,32.635,84.428,47.224,17.697,5.058,0.0
940GZZLUFBY,940GZZLUODS,0.0,2.0870001,46.518,18.652,14.634,5.213,2.293,0.0
940GZZLUFBY,940GZZLUOVL,0.0,0.045,2.974,2.746,2.908,2.695,0.913,0.0
940GZZLUFBY,940GZZLUOXC,0.0,8.8359995,92.325,99.86,46.711,8.468,0.487,0.0
940GZZLUFBY,940GZZLUPAC,0.0,10.892,100.058,98.574,112.663,35.528,12.671,0.0
940GZZLUFBY,940GZZLUPCC,0.0,4.307,71.882996,93.254,67.745,18.862,2.7220001,0.0
940GZZLUFBY,940GZZLUQWY,0.0,0.0,0.549,1.432,0.584,0.202,0.101,0.0
940GZZLUFBY,940GZZLURGP,0.0,0.254,6.24,5.051,1.8659999,0.217,0.008,0.0
940GZZLUFBY,940GZZLURYO,0.0,0.0,0.178,0.896,0.584,0.652,0.21000001,0.0
940GZZLUFBY,940GZZLURSQ,0.0,2.052,19.577,23.128,15.928,3.375,2.332,0.0
940GZZLUFBY,940GZZLUSJP,0.0,1.669,65.451004,51.688,17.154,3.735,1.425,0.0
940GZZLUFBY,940GZZLUSJW,0.0,0.96,7.217,8.003,5.602,2.334,0.877,0.0
940GZZLUFBY,940GZZLUSPU,0.0,0.208,6.332,6.542,2.1560001,0.0,0.0,0.0
940GZZLUFBY,940GZZLUSBC,0.0,0.0,1.031,12.866,10.122,2.831,0.866,0.0
940GZZLUFBY,940GZZLUSSQ,0.0,1.55,39.574,82.019,42.152,11.335,4.588,0.0
940GZZLUFBY,940GZZLUSKS,0.0,0.78,42.91,97.255,38.563,15.916,3.714,0.0
940GZZLUFBY,940GZZLUSKW,0.0,0.0,2.221,6.723,14.246,6.433,3.105,0.0
940GZZLUFBY,940GZZLUCHX,0.0,0.0,2.137,3.444,3.379,0.176,0.48,0.0
940GZZLUFBY,940GZZLUSWC,0.0,0.296,2.101,4.796,4.386,2.151,1.068,0.0
940GZZLUFBY,940GZZLUTMP,0.0,7.215,70.124,37.124,13.765,2.57,0.958,0.0
940GZZLUFBY,940GZZLUTCR,0.0,0.888,20.938,30.984,19.582,1.195,0.711,0.0
940GZZLUFBY,940GZZLUTWH,0.0,4.637,51.21,59.958,47.911,10.097,2.427,0.0
940GZZLUFBY,940GZZLUVIC,0.0,1.295,34.237,63.795002,105.62,30.897,9.495,0.0
940GZZLUFBY,940GZZLUWRR,0.0,1.732,37.462,18.058,10.382,2.833,1.644,0.0
940GZZLUFBY,940GZZLUWKA,0.0,0.122,1.835,9.034,5.354,2.133,1.2,0.0
940GZZLUFBY,940GZZLUWLO,0.0,2.425,14.0130005,20.017,31.778,6.382,1.591,0.0
940GZZLUFBY,940GZZLUWBN,0.0,4.695,77.832,236.686,243.561,82.408,23.948,0.0
940GZZLUFBY,940GZZLUWHP,0.0,0.43,0.238,2.866,3.241,1.675,0.573,0.0
940GZZLUFBY,940GZZLUWKN,0.0,0.0,0.778,6.349,4.019,2.834,1.612,0.0
940GZZLUFBY,940GZZLUWSM,0.0,0.955,41.545,65.153,25.26,4.367,1.485,0.0
940GZZLUFBY,940GZZLUWPL,0.0,1.588,26.169,26.728,42.186,9.298,2.606,0.0
940GZZLUFBY,940GZZLUWIG,0.0,0.0,0.34600002,2.775,8.586,3.276,0.538,0.0
940GZZLUFBY,940GZZLUERB,0.0,0.042000003,0.16,1.101,0.751,0.0,0.0,0.0
940GZZLUFBY,940GZZLUPCO,0.0,0.0,8.925,18.156,9.547,3.853,1.307,0.0
940GZZLUFBY,940GZZLUVXL,0.0,1.234,25.656,23.594,27.716,11.846,3.096,0.0
940GZZLUFBY,940GZZLUBXN,0.0,0.516,6.69,29.876999,46.682,23.105,6.415,0.0
940GZZLUFBY,940GZZLUSWK,0.0,0.73800004,21.467001,11.176,9.253,2.475,0.989,0.0
940GZZLUFBY,940GZZLUBMY,0.0,0.186,5.087,6.59,10.781,3.616,2.618,0.0
940GZZLUFBY,940GZZLUCWR,0.0,1.654,5.024,27.817,28.37,19.998,6.071,0.0
940GZZLUGTR,940GZZLUBBN,0.0,0.142,14.191,12.703,11.381,1.867,1.376,0.0
940GZZLUGTR,940GZZLUALD,0.0,1.01,19.6,10.357,7.275,1.694,1.423,0.0
940GZZLUGTR,940GZZLUADE,0.0,2.468,46.811,61.503,30.556,13.282,7.612,0.0
940GZZLUGTR,940GZZLUAGL,0.0,0.445,21.064,24.327,21.428,9.0460005,3.59,0.0
940GZZLUGTR,940GZZLUBST,0.0,1.9269999,34.97,46.459,34.631,8.228,1.4480001,0.0
940GZZLUGTR,940GZZLUBNK,0.0,11.9,175.52,123.325,89.682,24.157,10.301,0.0
940GZZLUGTR,940GZZLUBSC,0.0,0.221,24.341,43.712,61.313,35.858,14.561,0.0
940GZZLUGTR,940GZZLUBWT,0.0,1.02,11.874001,57.032,49.97,50.897,14.055,0.0
940GZZLUGTR,940GZZLUBLG,0.0,1.246,7.75,7.395,7.105,5.007,4.04,0.0
940GZZLUGTR,940GZZLUBKF,0.0,24.542,205.373,110.409,86.952,26.822,10.936,0.0
940GZZLUGTR,940GZZLUBND,0.0,1.637,43.079,88.239,44.63,12.186,0.565,0.0
940GZZLUGTR,940GZZLUBOR,0.0,0.0,3.227,1.006,1.118,0.542,0.46400002,0.0
940GZZLUGTR,940GZZLUCAR,0.0,0.17,6.702,10.713,18.221,7.315,5.665,0.0
940GZZLUGTR,940GZZLUCTN,0.0,0.103,19.473999,57.757,29.389,12.354,4.466,0.0
940GZZLUGTR,940GZZLUCST,0.0,15.158,155.606,53.888,61.308,15.667,3.9980001,0.0
940GZZLUGTR,940GZZLUCHL,0.0,0.318,16.42,15.949,5.474,1.663,0.516,0.0
940GZZLUGTR,940GZZLUEMB,0.0,4.001,80.626,121.539,156.735,38.677,16.028,0.0
940GZZLUGTR,940GZZLUCGN,0.0,0.523,44.803,138.916,123.219,36.308,4.308,0.0
940GZZLUGTR,940GZZLUECT,0.0,0.44,19.958,85.94,62.508,44.525,21.812,0.0
940GZZLUGTR,940GZZLUERC,0.0,1.921,40.939,73.729,46.73,20.941,10.382,0.0
940GZZLUGTR,940GZZLUEAC,0.0,0.377,12.24,23.362,31.732,13.727,7.6940002,0.0
940GZZLUGTR,940GZZLUEUS,0.0,5.8199997,43.199,67.504,65.681,15.76,4.963,0.0
940GZZLUGTR,940GZZLUESQ,0.0,0.558,2.134,11.32,0.074,3.8439999,1.102,0.0
940GZZLUGTR,940GZZLUFCN,0.0,1.054,22.961,15.269,7.887,1.737,0.578,0.0
940GZZLUGTR,940GZZLUFYR,0.0,0.276,2.385,9.699,8.872,4.492,3.2,0.0
940GZZLUGTR,940GZZLUFPK,0.0,0.117,7.781,27.065,58.895,27.398,9.628,0.0
940GZZLUGTR,940GZZLUFBY,0.0,0.0,31.197,53.809002,48.153,28.225,13.327,0.0
940GZZLUGTR,940GZZLUGDG,0.0,0.545,16.014,16.654,7.83,1.697,1.176,0.0
940GZZLUGTR,940GZZLUGPS,0.0,0.837,7.8380003,4.946,0.0,4.543,1.414,0.0
940GZZLUGTR,940GZZLUGPK,0.0,9.706,200.945,225.4,86.014,25.803,3.603,0.0
940GZZLUGTR,940GZZLUHSD,0.0,1.793,153.953,158.169,168.719,85.137,33.553,0.0
940GZZLUGTR,940GZZLUHAI,0.0,0.308,16.112,29.678,36.543,21.886,8.782,0.0
940GZZLUGTR,940GZZLUHSK,0.0,1.479,34.541,115.522,63.271,18.773,5.916,0.0
940GZZLUGTR,940GZZLUHBN,0.0,2.734,102.141,101.134,46.175,17.007,5.998,0.0
940GZZLUGTR,940GZZLUHPK,0.0,0.0,4.797,5.03,3.158,1.2490001,0.205,0.0
940GZZLUGTR,940GZZLUHWY,0.0,0.212,4.956,10.174,24.174,10.139,6.004,0.0
940GZZLUGTR,940GZZLUHPC,0.0,2.596,32.436,56.74,16.948,8.549,1.101,0.0
940GZZLUGTR,940GZZLUKNG,0.0,0.323,3.07,5.255,10.224,4.572,3.414,0.0
940GZZLUGTR,940GZZLUKOY,0.0,0.0,0.0,0.0,0.0,0.32299998,0.0,0.0
940GZZLUGTR,940GZZLUKSH,0.0,0.091,4.748,7.827,10.262,4.504,0.951,0.0
940GZZLUGTR,940GZZLUKBN,0.0,0.0,0.73800004,8.614,13.684,7.4240003,5.515,0.0
940GZZLUGTR,940GZZLUKSX,0.0,24.191,135.648,213.633,175.23,54.665,27.69,0.0
940GZZLUGTR,940GZZLUKNB,0.0,1.556,36.843998,140.524,67.159,25.526001,3.61,0.0
940GZZLUGTR,940GZZLULBN,0.0,0.0,4.193,10.881,7.383,4.383,1.32,0.0
940GZZLUGTR,940GZZLULGT,0.0,0.0,0.812,2.315,1.261,1.76,0.436,0.0
940GZZLUGTR,940GZZLULSQ,0.0,1.287,52.512,152.646,131.701,52.542,9.874001,0.0
940GZZLUGTR,940GZZLULVT,0.0,13.808,126.875,118.288,111.941,32.064,12.42,0.0
940GZZLUGTR,940GZZLULNB,0.0,3.7089999,69.278,103.295,83.843,34.325,11.095,0.0
940GZZLUGTR,940GZZLUMSH,0.0,23.01,248.491,67.067,26.577,5.414,2.298,0.0
940GZZLUGTR,940GZZLUMBA,0.0,0.333,10.776,23.791,11.489,4.425,0.709,0.0
940GZZLUGTR,940GZZLUMYB,0.0,1.189,14.709,20.887001,16.834,6.404,0.657,0.0
940GZZLUGTR,940GZZLUMED,0.0,0.0,4.996,20.128,22.341,6.561,9.011,0.0
940GZZLUGTR,940GZZLUMGT,0.0,2.7450001,37.898,21.016,11.917,4.54,0.818,0.0
940GZZLUGTR,940GZZLUMTC,0.0,0.0,6.797,3.019,4.171,2.736,0.576,0.0
940GZZLUGTR,940GZZLUNHG,0.0,1.05,41.001,99.222,46.584,19.201,6.829,0.0
940GZZLUGTR,940GZZLUODS,0.0,0.505,31.817,26.894,20.956,9.177,4.167,0.0
940GZZLUGTR,940GZZLUOVL,0.0,0.0,2.233,4.769,4.785,3.281,1.638,0.0
940GZZLUGTR,940GZZLUOXC,0.0,5.265,74.124,142.497,73.692,22.73,3.354,0.0
940GZZLUGTR,940GZZLUPAC,0.0,7.8389997,111.324,139.53,139.357,69.279,20.315,0.0
940GZZLUGTR,940GZZLUPCC,0.0,8.0789995,161.51,291.414,223.724,103.348,14.262,0.0
940GZZLUGTR,940GZZLUQWY,0.0,0.094,0.377,2.559,1.992,1.419,0.562,0.0
940GZZLUGTR,940GZZLURGP,0.0,0.374,19.775,20.086,6.775,1.65,0.644,0.0
940GZZLUGTR,940GZZLURYO,0.0,0.0,0.0,1.0090001,1.172,0.916,0.315,0.0
940GZZLUGTR,940GZZLURSQ,0.0,0.278,79.188,124.199,41.132,18.566,6.251,0.0
940GZZLUGTR,940GZZLUSJP,0.0,7.91,149.843,112.149,33.45,10.0460005,4.357,0.0
940GZZLUGTR,940GZZLUSJW,0.0,0.219,7.613,20.891,8.643,3.9850001,2.573,0.0
940GZZLUGTR,940GZZLUSPU,0.0,0.347,11.181,15.188,4.844,0.31,0.398,0.0
940GZZLUGTR,940GZZLUSBC,0.0,0.0,5.507,28.536,26.138,5.988,1.342,0.0
940GZZLUGTR,940GZZLUSSQ,0.0,1.191,107.748,188.768,87.24,25.871,6.362,0.0
940GZZLUGTR,940GZZLUSKS,0.0,0.424,20.266,95.82,36.782,17.321,3.106,0.0
940GZZLUGTR,940GZZLUSKW,0.0,0.0,2.487,12.565,30.578,12.177,3.571,0.0
940GZZLUGTR,940GZZLUCHX,0.0,0.114,1.478,8.712,5.634,2.119,0.338,0.0
940GZZLUGTR,940GZZLUSWC,0.0,0.071,4.19,10.706,11.634,4.632,1.947,0.0
940GZZLUGTR,940GZZLUTMP,0.0,2.034,109.191,84.457,30.246,6.865,0.56,0.0
940GZZLUGTR,940GZZLUTCR,0.0,1.214,22.718,39.875,23.467001,6.267,2.482,0.0
940GZZLUGTR,940GZZLUTWH,0.0,3.315,101.673,110.631996,114.094,23.251,7.811,0.0
940GZZLUGTR,940GZZLUVIC,0.0,9.492,110.506,126.239,208.41,74.042,23.431,0.0
940GZZLUGTR,940GZZLUWRR,0.0,2.285,47.122,43.211,14.755,5.485,4.256,0.0
940GZZLUGTR,940GZZLUWKA,0.0,0.035,2.224,6.971,5.581,1.941,1.054,0.0
940GZZLUGTR,940GZZLUWLO,0.0,6.081,31.542,51.93,75.301,23.112,12.531,0.0
940GZZLUGTR,940GZZLUWBN,0.0,1.181,23.68,40.288002,56.924,20.779,6.253,0.0
940GZZLUGTR,940GZZLUWHP,0.0,0.036,3.083,7.791,13.267,5.429,3.751,0.0
940GZZLUGTR,940GZZLUWKN,0.0,0.139,7.743,44.89,50.76,45.735,20.552,0.0
940GZZLUGTR,940GZZLUWSM,0.0,1.998,105.173,164.194,46.781,12.524,3.577,0.0
940GZZLUGTR,940GZZLUWPL,0.0,1.244,38.149,66.161,75.119,28.92,14.696,0.0
940GZZLUGTR,940GZZLUWIG,0.0,0.0,2.511,8.631,16.36,7.575,1.929,0.0
940GZZLUGTR,940GZZLUERB,0.0,0.0,0.15200001,1.029,1.969,0.368,0.122,0.0
940GZZLUGTR,940GZZLUPCO,0.0,0.322,12.387,26.893,9.746,7.722,3.07,0.0
940GZZLUGTR,940GZZLUVXL,0.0,4.489,26.994,36.467,45.809,23.388,10.592,0.0
940GZZLUGTR,940GZZLUBXN,0.0,1.603,12.456,34.349,71.26,35.475,21.64,0.0
940GZZLUGTR,940GZZLUSWK,0.0,0.915,26.295,15.55,15.615,6.043,2.346,0.0
940GZZLUGTR,940GZZLUBMY,0.0,0.116,6.324,8.063,21.342001,8.442,3.304,0.0
940GZZLUGTR,940GZZLUCWR,0.0,1.867,14.674,46.271,68.523,33.913,20.424,0.0
940GZZLUGDG,940GZZLUBBN,0.0,0.0,0.153,1.581,1.092,0.425,0.109000005,0.0
940GZZLUGDG,940GZZLUALD,0.0,0.0,0.373,2.2680001,1.228,0.577,0.513,0.0
940GZZLUGDG,940GZZLUADE,0.0,0.0,0.717,7.68,16.139,3.861,1.566,0.0
940GZZLUGDG,940GZZLUAGL,0.0,0.361,3.035,30.257,44.804,14.736,2.533,0.0
940GZZLUGDG,940GZZLUBST,0.0,0.0,1.6850001,6.9440002,1.921,0.89100003,0.373,0.0
940GZZLUGDG,940GZZLUBNK,0.0,2.686,10.366,56.113,52.27,24.508,3.372,0.0
940GZZLUGDG,940GZZLUBSC,0.0,0.0,2.184,8.027,18.656,8.618,4.603,0.0
940GZZLUGDG,940GZZLUBWT,0.0,0.0,0.0,0.361,0.449,0.69,0.487,0.0
940GZZLUGDG,940GZZLUBLG,0.0,0.0,0.517,6.126,13.58,5.0690002,2.7810001,0.0
940GZZLUGDG,940GZZLUBKF,0.0,0.085,4.759,24.432,42.919,8.729,3.115,0.0
940GZZLUGDG,940GZZLUBND,0.0,0.0,1.364,20.82,10.795,3.524,0.417,0.0
940GZZLUGDG,940GZZLUBOR,0.0,0.0,1.664,19.676,21.779,9.586,2.298,0.0
940GZZLUGDG,940GZZLUCAR,0.0,0.0,0.554,5.797,5.805,2.646,1.088,0.0
940GZZLUGDG,940GZZLUCTN,0.0,0.508,10.154,123.254,92.385,38.445,9.011,0.007
940GZZLUGDG,940GZZLUCST,0.0,1.538,3.713,11.673,26.979,17.816,3.76,0.0
940GZZLUGDG,940GZZLUCHL,0.0,0.0,1.9580001,14.965,7.502,0.85400003,0.955,0.0
940GZZLUGDG,940GZZLUEMB,0.0,0.473,7.539,51.237,53.905,14.594,8.95,0.0
940GZZLUGDG,940GZZLUCGN,0.0,0.0,0.677,12.955,8.451,5.322,0.034,0.0
940GZZLUGDG,940GZZLUECT,0.0,0.0,1.708,12.712,27.561,15.922,5.863,0.0
940GZZLUGDG,940GZZLUEAC,0.0,0.341,6.537,31.376,62.291,30.124,9.465,0.0
940GZZLUGDG,940GZZLUEUS,0.0,1.359,6.725,86.27,113.655,44.748,11.981,0.015000001
940GZZLUGDG,940GZZLUFCN,0.0,0.0,0.414,2.654,1.167,0.322,0.0,0.0
940GZZLUGDG,940GZZLUFYR,0.0,0.0,0.0,0.681,0.53400004,0.982,0.0139999995,0.0
940GZZLUGDG,940GZZLUFPK,0.0,0.0,1.18,11.73,49.439,20.619,8.032,0.001
940GZZLUGDG,940GZZLUFBY,0.0,0.05,0.261,5.37,15.715,5.521,1.659,0.0
940GZZLUGDG,940GZZLUGTR,0.0,0.28800002,1.063,12.488,17.967001,8.011,3.27,0.0
940GZZLUGDG,940GZZLUGPK,0.0,0.0,1.903,18.889,9.71,1.953,0.398,0.0
940GZZLUGDG,940GZZLUHSD,0.0,0.071,2.093,22.657,32.526,14.578,3.787,0.0
940GZZLUGDG,940GZZLUHAI,0.0,0.2,2.516,22.881,80.524,31.559,6.768,0.001
940GZZLUGDG,940GZZLUHSK,0.0,0.112,1.483,6.074,5.592,0.735,0.65500003,0.0
940GZZLUGDG,940GZZLUHBN,0.0,0.0,2.497,16.69,7.377,2.16,0.2,0.0
940GZZLUGDG,940GZZLUHPK,0.0,0.0,0.0,2.135,1.938,0.651,0.372,0.0
940GZZLUGDG,940GZZLUHWY,0.0,0.0,0.787,7.18,7.859,3.951,1.227,0.0
940GZZLUGDG,940GZZLUHPC,0.0,1.438,1.713,5.209,3.68,0.92,0.327,0.0
940GZZLUGDG,940GZZLUKNG,0.0,0.274,1.937,30.724,99.902,46.362,13.221,0.0
940GZZLUGDG,940GZZLUKSH,0.0,0.419,5.568,55.678,93.513,47.346,11.007,0.002
940GZZLUGDG,940GZZLUKBN,0.0,0.0,0.0,1.564,1.092,1.21,0.261,0.0
940GZZLUGDG,940GZZLUKSX,0.0,1.285,4.892,63.189,71.691,25.508,6.797,0.0
940GZZLUGDG,940GZZLUKNB,0.0,0.0,2.866,31.281,16.933,4.266,0.856,0.0
940GZZLUGDG,940GZZLULBN,0.0,0.094,0.792,6.993,7.82,3.553,0.716,0.0
940GZZLUGDG,940GZZLULGT,0.0,0.0,0.476,2.625,4.36,2.723,1.194,0.0
940GZZLUGDG,940GZZLULSQ,0.0,0.168,10.083,138.694,121.368,38.836,5.433,0.0
940GZZLUGDG,940GZZLULVT,0.0,0.506,5.135,26.611,32.819,10.098,1.859,0.0
940GZZLUGDG,940GZZLULNB,0.0,1.513,12.324,100.061,146.035,41.246,10.17,0.0
940GZZLUGDG,940GZZLUMSH,0.0,0.104,1.231,4.331,2.321,0.648,0.593,0.0
940GZZLUGDG,940GZZLUMBA,0.0,0.0,1.5220001,8.12,5.126,1.896,0.80300003,0.0
940GZZLUGDG,940GZZLUMYB,0.0,0.0,0.47300002,3.533,5.778,2.272,1.485,0.0
940GZZLUGDG,940GZZLUMED,0.0,0.0,0.439,7.81,10.642,4.841,2.001,0.0
940GZZLUGDG,940GZZLUMGT,0.0,0.58100003,2.658,9.413,9.146,1.659,0.397,0.0
940GZZLUGDG,940GZZLUMTC,0.0,0.071,8.081,62.013,34.766,11.871,3.85,0.0
940GZZLUGDG,940GZZLUNHG,0.0,0.0,1.347,9.196,10.196,4.431,0.466,0.0
940GZZLUGDG,940GZZLUODS,0.0,0.057,11.196,71.341,66.651,27.53,8.099,0.0
940GZZLUGDG,940GZZLUOVL,0.017,0.559,9.243,18.924,70.423,33.855,19.432,0.112
940GZZLUGDG,940GZZLUOXC,0.0,0.0,2.202,20.809,11.765,2.97,0.687,0.0
940GZZLUGDG,940GZZLUPAC,0.0,0.0,0.773,12.532001,8.159,3.487,0.449,0.0
940GZZLUGDG,940GZZLUPCC,0.0,0.20199999,2.131,20.91,13.438,3.329,0.541,0.0
940GZZLUGDG,940GZZLUQWY,0.0,0.0,0.0,6.085,5.032,4.228,1.65,0.0
940GZZLUGDG,940GZZLURSQ,0.0,0.163,0.409,2.875,2.444,1.314,0.577,0.0
940GZZLUGDG,940GZZLUSJP,0.0,0.0,5.502,27.037,12.484,3.478,0.939,0.0
940GZZLUGDG,940GZZLUSJW,0.0,0.0,0.15,1.557,0.796,0.877,0.105000004,0.0
940GZZLUGDG,940GZZLUSPU,0.0,0.0,3.529,15.89,6.518,2.045,1.235,0.0
940GZZLUGDG,940GZZLUSBC,0.0,0.0,1.076,10.326,11.773,7.8849998,2.942,0.0
940GZZLUGDG,940GZZLUSSQ,0.0,0.0,3.921,15.839,18.708,7.186,1.226,0.0
940GZZLUGDG,940GZZLUSKS,0.0,0.262,11.305,52.661,35.937,14.716,4.111,0.0
940GZZLUGDG,940GZZLUSKW,0.0,0.0,1.559,8.5130005,31.426,19.157,5.593,0.0
940GZZLUGDG,940GZZLUCHX,0.0,2.841,26.571,231.989,630.482,224.762,59.477,0.0
940GZZLUGDG,940GZZLUSWC,0.0,0.0,0.0,1.038,2.429,0.95100003,0.106000006,0.0
940GZZLUGDG,940GZZLUTMP,0.0,0.0,2.927,13.0720005,5.149,2.2220001,0.366,0.0
940GZZLUGDG,940GZZLUTCR,0.0,0.0,2.065,27.329,15.651,6.718,2.333,0.0
940GZZLUGDG,940GZZLUTWH,0.0,0.072000004,8.703,29.326,54.301,13.877,2.4620001,0.0
940GZZLUGDG,940GZZLUVIC,0.0,1.666,7.333,62.592,149.92,49.363,13.701,0.0
940GZZLUGDG,940GZZLUWRR,0.0,0.0,1.526,11.21,5.83,2.603,1.355,0.002
940GZZLUGDG,940GZZLUWKA,0.0,0.0,0.253,0.87600005,2.629,1.023,0.358,0.0
940GZZLUGDG,940GZZLUWLO,0.0,7.63,49.621,375.552,1286.07,422.787,87.09,0.0
940GZZLUGDG,940GZZLUWBN,0.0,0.0,0.982,2.336,2.545,2.111,1.069,0.0
940GZZLUGDG,940GZZLUWHP,0.0,0.0,0.23900001,0.848,1.2870001,1.161,0.62,0.0
940GZZLUGDG,940GZZLUWKN,0.0,0.0,1.503,3.676,4.456,2.373,0.743,0.0
940GZZLUGDG,940GZZLUWSM,0.0,0.0,7.952,18.676,11.571,1.796,0.229,0.0
940GZZLUGDG,940GZZLUWPL,0.0,0.0,0.469,4.7730002,7.537,3.735,0.607,0.0
940GZZLUGDG,940GZZLUWIG,0.0,0.0,0.242,2.283,1.473,2.008,1.899,0.0
940GZZLUGDG,940GZZLUERB,0.0,0.0,0.0,1.586,1.677,1.098,0.191,0.0
940GZZLUGDG,940GZZLUPCO,0.0,0.0,0.97,4.998,4.991,2.821,1.363,0.0
940GZZLUGDG,940GZZLUVXL,0.0,0.102,0.782,8.338,17.173,6.676,1.184,0.0
940GZZLUGDG,940GZZLUBXN,0.0,0.063,2.188,19.126,65.433,34.731,10.677,0.0
940GZZLUGDG,940GZZLUSWK,0.0,0.0,4.472,37.146,24.134,7.091,2.773,0.0
940GZZLUGDG,940GZZLUBMY,0.0,0.0,0.9,12.644,31.195,18.741,3.868,0.0
940GZZLUGDG,940GZZLUCWR,0.0,0.081,2.436,47.081,103.39,82.595,22.825,0.0
940GZZLUGPS,940GZZLUBBN,0.0,1.569,53.095,124.165,111.643,30.139,8.791,0.0
940GZZLUGPS,940GZZLUALD,0.0,3.465,66.717,99.685,213.323,32.0,10.348,0.0
940GZZLUGPS,940GZZLUADE,0.0,0.444,14.211,41.373,39.089,15.908,3.879,0.0
940GZZLUGPS,940GZZLUAGL,0.0,0.277,2.475,16.364,30.361,9.146,1.47,0.0
940GZZLUGPS,940GZZLUBST,0.0,0.397,10.093,72.334,56.692,16.255,6.605,0.0
940GZZLUGPS,940GZZLUBNK,0.0,2.829,14.747,37.14,55.075,12.332,2.843,0.0
940GZZLUGPS,940GZZLUBSC,0.0,0.509,0.0,3.744,0.0,0.0,0.0,0.0
940GZZLUGPS,940GZZLUBWT,0.0,0.05,0.0,3.558,13.136,6.922,2.149,0.0
940GZZLUGPS,940GZZLUBLG,0.0,0.118,2.663,8.267,26.8,10.201,4.0,0.0
940GZZLUGPS,940GZZLUBKF,0.0,0.0,1.219,3.211,3.077,0.506,0.009000001,0.0
940GZZLUGPS,940GZZLUBND,0.0,0.092,1.224,12.344,5.141,1.035,0.012,0.0
940GZZLUGPS,940GZZLUBOR,0.0,0.0,0.923,3.203,2.998,1.023,0.839,0.0
940GZZLUGPS,940GZZLUCAR,0.0,0.089,2.61,4.872,15.286,5.006,2.932,0.0
940GZZLUGPS,940GZZLUCTN,0.0,0.0,0.378,1.94,2.201,1.505,0.109,0.0
940GZZLUGPS,940GZZLUCST,0.0,1.333,4.136,6.382,13.944,1.286,2.096,0.0
940GZZLUGPS,940GZZLUEMB,0.0,0.0,0.557,2.562,1.445,0.248,0.345,0.0
940GZZLUGPS,940GZZLUCGN,0.0,0.0,0.804,7.706,4.576,2.016,0.332,0.0
940GZZLUGPS,940GZZLUECT,0.0,0.175,0.852,11.585,10.352,5.668,2.38,0.0
940GZZLUGPS,940GZZLUERC,0.0,0.627,12.485,38.609,32.586,13.79,5.888,0.0
940GZZLUGPS,940GZZLUEAC,0.0,0.0,0.827,4.029,1.949,1.617,1.735,0.0
940GZZLUGPS,940GZZLUESQ,0.0,0.171,8.2,39.854,36.534,10.232,2.071,0.0
940GZZLUGPS,940GZZLUFCN,0.0,6.48,203.297,319.238,355.414,81.996,20.789999,0.0
940GZZLUGPS,940GZZLUFYR,0.0,0.35,17.972,70.476,116.446,48.949,13.835,0.0
940GZZLUGPS,940GZZLUFPK,0.0,0.493,1.768,13.443,50.274,17.977,6.067,0.0
940GZZLUGPS,940GZZLUFBY,0.0,0.231,5.354,8.187,19.251,4.971,1.922,0.0
940GZZLUGPS,940GZZLUGTR,0.0,1.987,2.332,17.031,6.934,6.265,0.988,0.0
940GZZLUGPS,940GZZLUGPK,0.0,0.0,1.649,6.95,3.322,1.019,0.093,0.0
940GZZLUGPS,940GZZLUHSD,0.0,0.365,0.0,1.7189999,0.0,0.0,1.729,0.0
940GZZLUGPS,940GZZLUHAI,0.0,0.0,3.435,18.418,71.328,17.559,5.382,0.0
940GZZLUGPS,940GZZLUHSK,0.0,3.871,4.275,48.588,25.16,19.02,1.933,0.0
940GZZLUGPS,940GZZLUHBN,0.0,0.168,1.939,11.391,4.308,0.285,0.41,0.0
940GZZLUGPS,940GZZLUHWY,0.0,0.0,2.669,11.243,20.29,8.501,1.39,0.0
940GZZLUGPS,940GZZLUHPC,0.0,0.0,0.547,1.274,0.661,0.039,0.0,0.0
940GZZLUGPS,940GZZLUKSH,0.0,0.0,0.23200001,0.671,1.686,0.213,0.007,0.0
940GZZLUGPS,940GZZLUKBN,0.0,0.0,5.901,17.607,49.51,24.331,7.479,0.0
940GZZLUGPS,940GZZLUKSX,0.0,10.34,54.087,298.673,628.79297,109.616,23.578001,0.0
940GZZLUGPS,940GZZLUKNB,0.0,0.0,1.996,4.149,2.211,0.108,0.0,0.0
940GZZLUGPS,940GZZLULBN,0.0,0.0,0.0,1.143,0.965,0.115,0.336,0.0
940GZZLUGPS,940GZZLULSQ,0.0,0.0,0.474,3.133,2.667,0.507,0.0,0.0
940GZZLUGPS,940GZZLULVT,0.242,20.994999,135.622,354.498,936.944,197.463,40.973,0.0
940GZZLUGPS,940GZZLULNB,0.0,0.864,10.272,36.91,51.629,15.468,6.326,0.0
940GZZLUGPS,940GZZLUMSH,0.0,0.575,3.346,3.629,1.766,0.36699998,0.012,0.0
940GZZLUGPS,940GZZLUMBA,0.0,0.0,1.417,1.312,0.941,0.079,0.0,0.0
940GZZLUGPS,940GZZLUMYB,0.0,0.098000005,0.686,4.822,5.975,2.68,1.144,0.0
940GZZLUGPS,940GZZLUMED,0.0,0.202,6.189,13.776,44.527,15.219,6.524,0.0
940GZZLUGPS,940GZZLUMGT,0.0,9.391,127.846,145.589,91.816,13.666,3.4720001,0.0
940GZZLUGPS,940GZZLUNHG,0.0,1.5309999,0.0,10.719999,20.945,8.523,0.852,0.0
940GZZLUGPS,940GZZLUODS,0.0,0.194,9.678,29.636,31.645,12.53,1.8050001,0.0
940GZZLUGPS,940GZZLUOXC,0.0,0.0,1.903,9.042,6.823,0.647,0.717,0.0
940GZZLUGPS,940GZZLUPAC,0.0,8.772,55.191,214.526,414.602,101.649,20.006,0.0
940GZZLUGPS,940GZZLUPCC,0.0,0.0,1.101,7.142,4.059,2.353,0.285,0.0
940GZZLUGPS,940GZZLURYO,0.0,0.15900001,6.588,21.569,39.265,16.951,4.273,0.0
940GZZLUGPS,940GZZLURSQ,0.0,0.0,0.341,5.121,2.973,1.245,0.122,0.0
940GZZLUGPS,940GZZLUSJP,0.0,0.0,0.25,3.216,0.658,0.296,0.212,0.0
940GZZLUGPS,940GZZLUSJW,0.0,0.56,7.993,23.967,18.983,8.075,2.969,0.0
940GZZLUGPS,940GZZLUSPU,0.0,0.0,0.763,2.089,2.784,0.008,0.0,0.0
940GZZLUGPS,940GZZLUSBC,0.0,0.0,0.0,0.94200003,2.402,0.51,0.284,0.0
940GZZLUGPS,940GZZLUSSQ,0.0,0.19,0.576,8.4210005,3.412,1.274,0.94,0.0
940GZZLUGPS,940GZZLUSKS,0.0,1.403,1.326,18.797,3.568,3.829,0.782,0.0
940GZZLUGPS,940GZZLUSKW,0.0,0.0,0.0,0.21700001,0.611,0.51,0.222,0.0
940GZZLUGPS,940GZZLUCHX,0.0,0.0,0.53000003,4.351,4.105,1.2870001,0.731,0.0
940GZZLUGPS,940GZZLUSWC,0.0,0.376,1.455,12.804,17.232,8.488,3.2,0.0
940GZZLUGPS,940GZZLUTMP,0.0,0.0,0.284,0.626,0.97,0.154,0.016,0.0
940GZZLUGPS,940GZZLUTCR,0.0,0.0,0.109000005,2.3370001,1.346,0.24000001,0.0,0.0
940GZZLUGPS,940GZZLUTWH,0.0,1.496,16.659,40.588,75.459,11.834,3.606,0.0
940GZZLUGPS,940GZZLUVIC,0.0,0.654,1.991,10.004,15.351,7.169,3.919,0.0
940GZZLUGPS,940GZZLUWRR,0.0,0.0,0.045,0.521,0.198,0.0,0.0,0.0
940GZZLUGPS,940GZZLUWKA,0.0,0.0,1.237,2.842,1.385,1.203,0.135,0.0
940GZZLUGPS,940GZZLUWLO,0.0,0.372,1.478,8.695,15.116,6.038,3.384,0.0
940GZZLUGPS,940GZZLUWBN,0.0,1.078,3.648,4.971,7.993,4.169,0.156,0.0
940GZZLUGPS,940GZZLUWHP,0.0,0.0,6.102,25.867,84.281,28.607,8.656,0.0
940GZZLUGPS,940GZZLUWKN,0.0,0.781,0.0,6.757,0.0,0.0,0.0,0.0
940GZZLUGPS,940GZZLUWSM,0.0,0.15,4.454,12.398,5.573,1.4,0.551,0.0
940GZZLUGPS,940GZZLUWPL,0.0,0.379,18.341,37.104,61.259,24.38,6.772,0.0
940GZZLUGPS,940GZZLUWIG,0.0,0.056,3.084,22.723,56.399002,26.48,12.017,0.0
940GZZLUGPS,940GZZLUERB,0.0,0.0,0.30699998,1.062,0.855,0.202,0.008,0.0
940GZZLUGPS,940GZZLUPCO,0.0,0.0,0.331,1.257,1.222,0.28800002,0.121,0.0
940GZZLUGPS,940GZZLUVXL,0.0,0.0,0.418,1.775,2.302,0.609,0.74,0.0
940GZZLUGPS,940GZZLUBXN,0.0,0.143,0.453,1.644,2.543,1.506,0.462,0.0
940GZZLUGPS,940GZZLUSWK,0.0,0.0,3.344,5.33,7.771,1.123,0.615,0.0
940GZZLUGPS,940GZZLUBMY,0.0,0.108,0.639,2.41,8.959,2.291,2.71,0.0
940GZZLUGPS,940GZZLUCWR,0.0,0.181,2.798,10.183,14.496,11.897,4.053,0.0
940GZZLUGPK,940GZZLUBBN,0.0,0.0,6.042,33.981,27.681,12.161,3.979,0.0
940GZZLUGPK,940GZZLUALD,0.0,0.096,3.098,13.665,12.54,3.667,2.23,0.0
940GZZLUGPK,940GZZLUADE,0.0,0.156,6.409,32.793,40.859,18.188,8.273,0.0
940GZZLUGPK,940GZZLUAGL,0.0,0.018000001,10.217999,53.563,71.546,35.139,13.565,0.0
940GZZLUGPK,940GZZLUBST,0.0,0.999,27.669,236.203,145.007,55.336,26.626,0.0
940GZZLUGPK,940GZZLUBNK,0.0,1.986,51.746,313.412,166.101,50.148,21.354,0.0
940GZZLUGPK,940GZZLUBSC,0.0,0.059,7.34,58.268,128.184,81.705,45.42,0.0
940GZZLUGPK,940GZZLUBWT,0.0,0.0,0.0,9.125,6.514,5.935,1.4399999,0.0
940GZZLUGPK,940GZZLUBLG,0.0,0.514,4.8,21.073,45.537,28.56,17.06,0.0
940GZZLUGPK,940GZZLUBKF,0.0,0.166,8.229,62.027,41.75,6.445,3.1660001,0.0
940GZZLUGPK,940GZZLUBND,0.0,0.697,25.453001,238.421,103.421,32.443,9.454,0.0
940GZZLUGPK,940GZZLUBOR,0.0,0.073,1.034,8.728,7.456,2.531,1.294,0.0
940GZZLUGPK,940GZZLUCAR,0.0,0.562,2.44,22.415,41.748,21.006,13.556,0.0
940GZZLUGPK,940GZZLUCTN,0.0,0.182,6.324,114.619,67.493004,29.192,13.014,0.0
940GZZLUGPK,940GZZLUCST,0.0,0.123,5.161,32.084,23.062,4.495,0.888,0.0
940GZZLUGPK,940GZZLUCHL,0.0,0.504,15.645,89.331,33.248,6.112,1.8889999,0.0
940GZZLUGPK,940GZZLUEMB,0.0,0.0,1.319,17.31,15.055,4.248,1.9100001,0.0
940GZZLUGPK,940GZZLUCGN,0.0,1.512,17.979,239.392,132.305,44.418,9.019,0.0
940GZZLUGPK,940GZZLUECT,0.0,2.223,12.929,132.559,223.087,146.258,68.004,0.0
940GZZLUGPK,940GZZLUERC,0.0,0.0,0.233,3.767,2.448,2.069,0.376,0.0
940GZZLUGPK,940GZZLUEAC,0.0,0.498,7.53,33.141,44.723,21.478,14.853,0.0
940GZZLUGPK,940GZZLUEUS,0.0,6.094,42.865,302.843,433.411,144.961,53.048,0.035
940GZZLUGPK,940GZZLUESQ,0.0,0.0,0.223,1.135,1.224,0.031999998,0.0,0.0
940GZZLUGPK,940GZZLUFCN,0.0,0.063999996,10.171,60.754,23.535,8.542,3.432,0.0
940GZZLUGPK,940GZZLUFYR,0.0,1.046,9.602,70.814,114.733,66.657,30.798,0.0
940GZZLUGPK,940GZZLUFPK,0.0,5.576,22.065,128.885,311.249,147.119,96.777,0.011
940GZZLUGPK,940GZZLUFBY,0.0,0.034,2.882,37.357998,90.167,45.019,12.753,0.0
940GZZLUGPK,940GZZLUGTR,0.0,0.337,11.257,140.896,170.208,102.848,42.353,0.0
940GZZLUGPK,940GZZLUGDG,0.0,0.217,2.343,10.491,6.998,1.692,1.308,0.0
940GZZLUGPK,940GZZLUGPS,0.0,0.0,0.767,2.622,2.379,0.75,0.508,0.0
940GZZLUGPK,940GZZLUHSD,0.0,1.071,25.878,165.54,281.77,151.191,64.691,0.0
940GZZLUGPK,940GZZLUHAI,0.0,2.213,32.133,189.636,500.174,304.577,130.687,0.0
940GZZLUGPK,940GZZLUHSK,0.0,0.161,2.724,28.631,23.897,11.767,7.095,0.0
940GZZLUGPK,940GZZLUHBN,0.0,1.313,39.504,205.953,89.553,23.857,10.703,0.0
940GZZLUGPK,940GZZLUHPK,0.0,0.0,1.656,16.063,22.987,14.047,5.718,0.0
940GZZLUGPK,940GZZLUHWY,0.0,0.703,3.412,18.618,50.731,22.517,11.753,0.0
940GZZLUGPK,940GZZLUHPC,0.0,0.583,5.997,29.748,10.969,4.933,4.381,0.0
940GZZLUGPK,940GZZLUKNG,0.0,0.061,1.041,8.9210005,18.045,12.376,8.848001,0.004
940GZZLUGPK,940GZZLUKOY,0.0,0.0,0.0,0.0,0.0,0.734,0.0,0.0
940GZZLUGPK,940GZZLUKSH,0.0,0.14,3.447,18.494,41.248,20.269,9.057,0.009000001
940GZZLUGPK,940GZZLUKBN,0.0,0.84000003,7.237,46.019,99.317,61.931,71.4,0.0
940GZZLUGPK,940GZZLUKSX,0.0,9.483,68.072,524.514,756.589,221.733,88.595,0.0
940GZZLUGPK,940GZZLUKNB,0.0,0.629,25.19,347.676,186.336,46.526,14.51,0.0
940GZZLUGPK,940GZZLULBN,0.0,0.0,1.531,5.951,9.698,3.139,2.0970001,0.0
940GZZLUGPK,940GZZLULGT,0.0,0.116000004,1.917,19.412,25.681,13.784,6.069,0.0
940GZZLUGPK,940GZZLULSQ,0.0,0.478,11.718,154.789,93.285,36.579,10.261,0.0
940GZZLUGPK,940GZZLULVT,0.0,2.702,39.96,252.741,285.002,74.852,32.102,0.0
940GZZLUGPK,940GZZLULNB,0.0,9.96,102.109,851.858,1113.31,531.879,251.792,0.0
940GZZLUGPK,940GZZLUMSH,0.0,0.135,9.177,54.46,16.445,2.887,1.043,0.0
940GZZLUGPK,940GZZLUMBA,0.0,0.184,2.667,27.144,16.432,4.363,3.887,0.0
940GZZLUGPK,940GZZLUMYB,0.0,0.077,5.1480002,44.473,94.469,35.692,11.821,0.0
940GZZLUGPK,940GZZLUMED,0.0,0.432,1.145,17.122,28.287,15.963,15.327,0.0
940GZZLUGPK,940GZZLUMGT,0.0,0.504,22.244,86.704,39.264,10.836,4.358,0.0
940GZZLUGPK,940GZZLUMTC,0.0,0.198,1.601,8.195,7.661,4.012,1.26,0.0
940GZZLUGPK,940GZZLUNHG,0.0,0.119,5.751,56.569,45.155,25.024,11.483,0.0
940GZZLUGPK,940GZZLUODS,0.0,0.16,16.941,98.903,102.712,50.891,17.46,0.0
940GZZLUGPK,940GZZLUOVL,0.0,0.069,1.518,11.413,23.264,14.317,10.361,0.001
940GZZLUGPK,940GZZLUOXC,0.0,3.166,37.879,326.65,163.065,39.719,9.123,0.0
940GZZLUGPK,940GZZLUPAC,0.0,0.778,17.399,159.867,209.494,91.097,32.871,0.0
940GZZLUGPK,940GZZLUPCC,0.0,0.198,7.501,137.103,55.603,25.278,9.855,0.0
940GZZLUGPK,940GZZLUQWY,0.0,0.0,1.7,31.334,34.856,24.839,11.8289995,0.0
940GZZLUGPK,940GZZLURGP,0.0,0.0,4.581,10.931,6.387,1.42,0.47800002,0.0
940GZZLUGPK,940GZZLURYO,0.0,0.0,0.501,5.209,9.067,4.663,2.051,0.0
940GZZLUGPK,940GZZLURSQ,0.0,0.881,15.15,121.186,71.788,23.898,12.152,0.0
940GZZLUGPK,940GZZLUSJP,0.0,0.0,3.617,24.757,8.824,6.609,2.091,0.0
940GZZLUGPK,940GZZLUSJW,0.0,0.543,14.132,105.915,103.751,68.966,30.446,0.0
940GZZLUGPK,940GZZLUSPU,0.0,0.58,26.063,159.928,45.748,9.814,2.218,0.0
940GZZLUGPK,940GZZLUSBC,0.0,0.841,4.499,50.592,65.178,27.027,16.846,0.0
940GZZLUGPK,940GZZLUSSQ,0.0,0.253,8.465,107.31,63.127,22.282,8.522,0.0
940GZZLUGPK,940GZZLUSKS,0.0,0.575,19.621,337.43,239.933,119.446,44.071,0.0
940GZZLUGPK,940GZZLUSKW,0.0,1.505,7.451,62.805,207.119,108.583,58.038002,0.028
940GZZLUGPK,940GZZLUCHX,0.0,0.0,1.136,24.887001,12.703,5.502,1.544,0.0
940GZZLUGPK,940GZZLUSWC,0.0,1.684,7.302,74.016,120.565,80.827,35.481,0.0
940GZZLUGPK,940GZZLUTMP,0.0,0.0,3.071,19.398,9.686,1.956,1.987,0.0
940GZZLUGPK,940GZZLUTCR,0.0,0.187,6.391,56.721,26.37,11.06,2.9720001,0.0
940GZZLUGPK,940GZZLUTWH,0.0,0.375,15.31,96.257,112.711,25.894,12.753,0.0
940GZZLUGPK,940GZZLUVIC,0.0,16.09,118.22,1466.89,3085.187,1182.765,514.109,0.003
940GZZLUGPK,940GZZLUWRR,0.0,0.931,32.817,151.325,88.715004,27.895,18.432,0.0
940GZZLUGPK,940GZZLUWKA,0.0,0.034,1.068,11.983,15.049,14.658,6.687,0.0
940GZZLUGPK,940GZZLUWLO,0.0,14.363,46.434,424.111,1103.837,440.396,193.294,0.0
940GZZLUGPK,940GZZLUWBN,0.0,0.071,1.078,13.486,26.756,20.796,6.657,0.0
940GZZLUGPK,940GZZLUWHP,0.0,1.282,12.28,82.278,231.265,110.651,51.345,0.010000001
940GZZLUGPK,940GZZLUWKN,0.0,0.178,1.723,12.734,17.841,12.206,11.512,0.0
940GZZLUGPK,940GZZLUWSM,0.0,0.741,22.893,212.929,83.263,24.484,8.697,0.0
940GZZLUGPK,940GZZLUWPL,0.0,0.0,0.306,3.385,0.747,1.713,1.427,0.0
940GZZLUGPK,940GZZLUWIG,0.0,1.181,6.321,44.382,122.503,78.931,69.447,0.0
940GZZLUGPK,940GZZLUERB,0.0,0.082,2.558,14.635,10.644,5.43,2.148,0.0
940GZZLUGPK,940GZZLUPCO,0.0,0.566,13.184,136.541,138.266,106.475,55.725,0.0
940GZZLUGPK,940GZZLUVXL,0.0,4.666,68.901,519.304,1200.568,577.183,235.945,0.007
940GZZLUGPK,940GZZLUBXN,0.0,5.151,51.607,261.504,701.381,450.662,297.424,0.491
940GZZLUGPK,940GZZLUSWK,0.0,4.368,39.232,245.302,273.587,90.388,41.083,0.0
940GZZLUGPK,940GZZLUBMY,0.0,4.43,9.177,55.876,145.794,89.166,64.066,0.0
940GZZLUGPK,940GZZLUCWR,0.0,5.448,31.796,224.318,553.0,386.242,210.574,0.0
940GZZLUHSD,940GZZLUBBN,0.0,0.492,3.818,4.285,2.277,1.406,0.051000003,0.0
940GZZLUHSD,940GZZLUALD,0.0,0.276,1.808,1.944,1.993,0.343,0.154,0.0
940GZZLUHSD,940GZZLUADE,0.0,3.497,35.804,41.502,49.209,14.347,9.101,0.0
940GZZLUHSD,940GZZLUAGL,0.0,2.0410001,21.733,32.922,55.005,20.624,6.392,0.0
940GZZLUHSD,940GZZLUBST,0.0,0.92300004,4.987,12.793,8.087,3.983,1.197,0.0
940GZZLUHSD,940GZZLUBNK,0.0,22.055,199.396,124.723,169.753,40.484,17.426,0.0
940GZZLUHSD,940GZZLUBSC,0.0,1.983,66.742,235.256,135.466,79.112,22.543,0.056
940GZZLUHSD,940GZZLUBWT,0.0,3.1,5.919,27.623,25.967,11.6119995,7.6759996,0.0
940GZZLUHSD,940GZZLUBLG,0.0,2.878,7.182,14.439,37.158,14.989,11.946,0.006
940GZZLUHSD,940GZZLUBKF,0.0,23.892,147.28,105.744,147.377,35.294,16.973,0.0
940GZZLUHSD,940GZZLUBND,0.0,6.189,59.231,85.412,61.255,9.142,2.961,0.0
940GZZLUHSD,940GZZLUBOR,0.0,0.0,2.165,3.806,6.283,1.859,0.305,0.0
940GZZLUHSD,940GZZLUCAR,0.0,1.077,13.815,18.696,49.738,20.023,11.988,0.002
940GZZLUHSD,940GZZLUCTN,0.0,0.54,21.487,44.193,39.499,13.818,3.776,0.005
940GZZLUHSD,940GZZLUCST,0.0,12.035,84.454,53.544,105.625,28.431,10.633,0.0
940GZZLUHSD,940GZZLUCHL,0.0,3.437,36.027,26.443,12.425,2.888,1.003,0.0
940GZZLUHSD,940GZZLUEMB,0.0,8.068,95.115,110.088,223.752,43.392,39.888,0.0
940GZZLUHSD,940GZZLUCGN,0.0,9.555,109.496,189.01,193.655,37.655,5.274,0.0
940GZZLUHSD,940GZZLUECT,0.0,15.251,163.156,332.036,305.751,118.858,48.444,0.138
940GZZLUHSD,940GZZLUERC,0.0,0.127,1.506,10.459,4.515,2.082,1.071,0.0
940GZZLUHSD,940GZZLUEAC,0.0,2.6990001,25.15,65.535,109.977,41.237,19.223,0.0
940GZZLUHSD,940GZZLUEUS,0.0,6.15,23.793,54.229,79.301,22.615,14.29,0.0
940GZZLUHSD,940GZZLUESQ,0.0,0.167,0.521,1.454,1.2,1.311,0.044,0.0
940GZZLUHSD,940GZZLUFCN,0.0,0.549,3.8830001,6.6,1.797,1.556,0.35300002,0.0
940GZZLUHSD,940GZZLUFYR,0.0,0.33900002,0.94,6.637,9.712,5.834,2.248,0.002
940GZZLUHSD,940GZZLUFPK,0.0,7.143,29.965,50.465,143.297,57.977,39.458,0.007
940GZZLUHSD,940GZZLUFBY,0.0,0.845,60.473,72.192,62.115,16.664,4.6150002,0.0
940GZZLUHSD,940GZZLUGTR,0.0,6.198,164.818,204.85,176.825,46.011,17.402,0.015
940GZZLUHSD,940GZZLUGDG,0.0,0.836,28.141,25.709,15.029,2.095,1.2279999,0.0
940GZZLUHSD,940GZZLUGPK,0.0,34.998,361.387,312.062,150.849,24.7,8.249,0.003
940GZZLUHSD,940GZZLUHAI,0.0,4.08,22.428,45.139,100.848,52.352,28.135,0.007
940GZZLUHSD,940GZZLUHSK,0.0,1.271,15.997,44.127,34.823,7.2860003,3.285,0.036
940GZZLUHSD,940GZZLUHBN,0.0,17.637001,237.384,162.032,104.171,19.661,7.66,0.016
940GZZLUHSD,940GZZLUHPK,0.0,0.0,0.603,2.403,0.989,0.142,0.0,0.0
940GZZLUHSD,940GZZLUHWY,0.0,1.581,15.386,23.978,45.724,17.911,12.894,0.019
940GZZLUHSD,940GZZLUHPC,0.0,6.649,89.953,71.98,31.145,7.087,1.4300001,0.004
940GZZLUHSD,940GZZLUKNG,0.0,1.378,5.068,16.794,25.721,10.2,4.835,0.0
940GZZLUHSD,940GZZLUKOY,0.0,0.0,0.0,0.0,0.0,0.458,0.0,0.0
940GZZLUHSD,940GZZLUKSH,0.0,0.637,11.215,7.941,16.496,9.017,6.14,0.0
940GZZLUHSD,940GZZLUKBN,0.0,1.581,2.031,7.755,18.979,9.376,4.224,0.002
940GZZLUHSD,940GZZLUKSX,0.001,35.919,152.136,242.559,338.254,82.658,82.069,0.062000003
940GZZLUHSD,940GZZLUKNB,0.0,19.399,153.79,217.268,90.615,17.597,6.322,0.01
940GZZLUHSD,940GZZLULBN,0.0,1.658,6.847,10.927,13.41,5.144,3.865,0.0
940GZZLUHSD,940GZZLULGT,0.0,0.0,0.0,2.525,1.187,0.442,0.125,0.0
940GZZLUHSD,940GZZLULSQ,0.0,10.99,136.726,235.582,252.50099,65.321,23.335,0.016
940GZZLUHSD,940GZZLULVT,0.0,9.14,70.374,51.202,70.719,30.231,20.56,0.0
940GZZLUHSD,940GZZLULNB,0.0,15.849,128.364,143.06,237.671,82.759,50.828,0.007
940GZZLUHSD,940GZZLUMSH,0.0,17.403,127.862,54.693,31.315,5.836,3.088,0.0
940GZZLUHSD,940GZZLUMBA,0.0,0.506,1.866,5.093,3.419,0.844,0.35,0.0
940GZZLUHSD,940GZZLUMYB,0.0,0.052,2.927,8.11,15.578,5.519,5.244,0.0
940GZZLUHSD,940GZZLUMED,0.0,2.395,4.6610003,16.415,32.726,14.953,9.02,0.0
940GZZLUHSD,940GZZLUMGT,0.0,2.169,5.231,5.611,4.551,1.077,0.456,0.0
940GZZLUHSD,940GZZLUMTC,0.0,1.0,11.438,6.197,8.288,3.1990001,0.624,0.0
940GZZLUHSD,940GZZLUNHG,0.0,1.0699999,11.498,28.632,25.68,9.883,3.069,0.0
940GZZLUHSD,940GZZLUODS,0.0,2.333,57.804,46.377,57.527,19.836,6.342,0.0
940GZZLUHSD,940GZZLUOVL,0.0,0.075,3.508,10.29,12.754,4.604,2.869,0.002
940GZZLUHSD,940GZZLUOXC,0.0,12.433,113.994,151.093,100.31,16.007,3.21,0.001
940GZZLUHSD,940GZZLUPAC,0.0,1.484,6.1489997,22.043,22.953001,10.72,4.142,0.0
940GZZLUHSD,940GZZLUPCC,0.0,20.909,295.573,369.375,357.50198,89.995,19.786,0.01
940GZZLUHSD,940GZZLUQWY,0.0,0.0,0.099,0.704,0.488,0.407,0.847,0.0
940GZZLUHSD,940GZZLURGP,0.0,0.189,3.7,6.783,5.188,0.357,0.122,0.0
940GZZLUHSD,940GZZLURSQ,0.0,6.254,91.528,107.814,72.999,16.019,7.193,0.0
940GZZLUHSD,940GZZLUSJP,0.0,13.026,172.384,104.415,56.71,7.113,6.594,0.0
940GZZLUHSD,940GZZLUSJW,0.0,0.636,10.357,13.206,14.6189995,4.506,2.605,0.0
940GZZLUHSD,940GZZLUSPU,0.0,8.191,42.861,15.619,9.732,0.967,0.357,0.0
940GZZLUHSD,940GZZLUSBC,0.0,0.0,0.54,3.24,2.887,1.09,0.348,0.0
940GZZLUHSD,940GZZLUSSQ,0.0,13.076,151.617,211.606,206.379,51.812,16.222,0.0
940GZZLUHSD,940GZZLUSKS,0.0,14.146,413.038,532.477,307.557,72.396,17.912,0.013
940GZZLUHSD,940GZZLUSKW,0.0,1.021,7.099,19.938,74.885,27.593,12.775,0.004
940GZZLUHSD,940GZZLUCHX,0.0,0.774,8.575,12.315,28.648,8.975,4.904,0.001
940GZZLUHSD,940GZZLUSWC,0.0,0.546,3.644,12.13,20.671,8.994,4.274,0.002
940GZZLUHSD,940GZZLUTMP,0.0,7.673,80.07,59.018,30.401,6.522,1.7639999,0.0
940GZZLUHSD,940GZZLUTCR,0.0,4.163,33.849,36.176,31.781,6.891,2.646,0.0
940GZZLUHSD,940GZZLUTWH,0.0,12.679,100.438,90.998,149.216,25.433,19.222,0.0
940GZZLUHSD,940GZZLUVIC,0.0,14.649,107.393,165.194,465.296,136.549,85.717,0.0
940GZZLUHSD,940GZZLUWRR,0.0,2.995,19.393,23.871,15.677,3.358,1.173,0.0
940GZZLUHSD,940GZZLUWKA,0.0,0.0,0.454,1.047,3.692,0.768,0.52,0.0
940GZZLUHSD,940GZZLUWLO,0.0,13.92,40.216,71.928,206.812,53.611,38.742,0.008
940GZZLUHSD,940GZZLUWBN,0.0,0.615,14.886,22.684,62.955,16.842,5.041,0.0
940GZZLUHSD,940GZZLUWHP,0.0,0.267,6.63,8.228,16.019,9.29,5.101,0.003
940GZZLUHSD,940GZZLUWKN,0.0,1.209,54.037,154.08301,111.398,68.25,27.551,0.138
940GZZLUHSD,940GZZLUWSM,0.0,10.883,112.008,109.59,53.221,11.792,6.178,0.0
940GZZLUHSD,940GZZLUWPL,0.0,5.034,40.93,62.479,109.658,54.507,31.458,0.0
940GZZLUHSD,940GZZLUWIG,0.0,0.0,1.539,7.896,16.674,8.56,3.981,0.0
940GZZLUHSD,940GZZLUERB,0.0,0.0,0.0,0.838,1.952,0.008,0.0,0.0
940GZZLUHSD,940GZZLUPCO,0.0,5.683,32.687,33.699,29.105999,10.045,6.455,0.0
940GZZLUHSD,940GZZLUVXL,0.0,10.92,54.122,44.877,120.161,50.274002,22.566,0.002
940GZZLUHSD,940GZZLUBXN,0.0,3.094,24.635,62.12,206.925,101.934,50.351,0.123
940GZZLUHSD,940GZZLUSWK,0.0,4.54,69.955,43.498,61.208,7.825,4.548,0.0
940GZZLUHSD,940GZZLUBMY,0.0,2.739,14.641,16.488,44.643,16.318,8.696,0.005
940GZZLUHSD,940GZZLUCWR,0.0,3.217,21.683,65.046,139.501,67.811,44.16,0.025
940GZZLUHAI,940GZZLUBBN,0.0,0.958,11.8,13.609,7.89,2.082,0.61800003,0.0
940GZZLUHAI,940GZZLUALD,0.0,0.304,4.222,4.438,1.096,0.552,0.984,0.0
940GZZLUHAI,940GZZLUADE,0.0,0.17300001,0.327,4.552,0.431,1.01,0.77,0.0
940GZZLUHAI,940GZZLUAGL,0.0,0.75,6.428,7.333,7.512,3.445,1.276,0.0
940GZZLUHAI,940GZZLUBST,0.0,12.459,180.74,98.639,59.244,14.218,5.308,0.001
940GZZLUHAI,940GZZLUBNK,0.0,3.772,6.68,19.401001,3.015,4.848,3.969,0.0
940GZZLUHAI,940GZZLUBSC,0.0,2.99,30.728,15.8,8.738,6.238,4.941,0.0
940GZZLUHAI,940GZZLUBWT,0.0,0.0,0.0,0.711,0.509,0.43400002,0.212,0.0
940GZZLUHAI,940GZZLUBLG,0.0,0.002,0.307,3.519,2.785,2.211,1.226,0.0
940GZZLUHAI,940GZZLUBKF,0.0,0.509,1.836,3.994,1.9070001,0.132,0.313,0.0
940GZZLUHAI,940GZZLUBND,0.0,11.949,94.327,95.379,43.55,8.345,1.023,0.0
940GZZLUHAI,940GZZLUBOR,0.0,0.143,0.716,3.361,1.134,1.152,0.803,0.0
940GZZLUHAI,940GZZLUCAR,0.0,0.13,3.609,6.537,5.31,1.723,0.739,0.0
940GZZLUHAI,940GZZLUCTN,0.0,1.884,24.405,45.105,38.889,10.008,3.221,0.0
940GZZLUHAI,940GZZLUCST,0.0,0.0,0.709,0.36200002,0.281,0.0,0.0,0.0
940GZZLUHAI,940GZZLUCHL,0.0,1.8330001,21.194,22.641,8.748,0.925,0.446,0.0
940GZZLUHAI,940GZZLUEMB,0.0,3.255,56.036,34.107,34.731,7.43,2.258,0.0
940GZZLUHAI,940GZZLUCGN,0.0,5.064,100.538,134.896,109.117,23.6,1.993,0.0
940GZZLUHAI,940GZZLUECT,0.0,4.861,34.178,31.74,19.285,10.988,10.276,0.001
940GZZLUHAI,940GZZLUERC,0.0,6.771,78.481,28.992,14.587,5.897,3.734,0.0
940GZZLUHAI,940GZZLUEAC,0.0,0.548,3.89,15.593,10.284,5.204,4.013,0.0
940GZZLUHAI,940GZZLUEUS,0.0,89.985,589.08,602.012,568.414,179.283,68.455,0.003
940GZZLUHAI,940GZZLUESQ,0.0,0.275,12.361,7.929,4.45,0.89,0.192,0.0
940GZZLUHAI,940GZZLUFCN,0.0,11.532,133.802,95.572,54.067,12.197,4.419,0.0
940GZZLUHAI,940GZZLUFYR,0.0,0.165,9.528,5.179,2.442,1.375,1.093,0.0
940GZZLUHAI,940GZZLUFPK,0.0,104.153,958.824,1158.335,1598.031,768.719,339.378,0.0
940GZZLUHAI,940GZZLUFBY,0.0,2.624,32.864,20.882,15.584,5.091,4.8450003,0.0
940GZZLUHAI,940GZZLUGTR,0.0,6.086,34.308,32.816,23.809,7.404,7.096,0.0
940GZZLUHAI,940GZZLUGDG,0.0,1.219,27.983,25.926,12.581,3.596,0.878,0.0
940GZZLUHAI,940GZZLUGPS,0.0,2.806,42.449,21.609,8.042,1.972,0.503,0.0
940GZZLUHAI,940GZZLUGPK,0.0,71.755,693.393,421.45898,201.115,51.04,15.226,0.001
940GZZLUHAI,940GZZLUHSD,0.0,12.042,141.011,48.118,35.668,17.635,9.679,0.001
940GZZLUHAI,940GZZLUHSK,0.0,8.325,71.165,42.63,15.025,4.402,2.672,0.0
940GZZLUHAI,940GZZLUHBN,0.0,7.692,153.886,105.347,59.188,8.293,1.917,0.0
940GZZLUHAI,940GZZLUHPK,0.0,2.011,40.499,13.405,11.181,2.843,3.559,0.001
940GZZLUHAI,940GZZLUHWY,0.0,0.657,2.27,7.614,5.849,3.625,1.033,0.0
940GZZLUHAI,940GZZLUHPC,0.0,2.112,23.053,12.215,5.925,1.001,1.085,0.0
940GZZLUHAI,940GZZLUKNG,0.0,0.284,4.001,6.1480002,13.399,4.188,4.037,0.0
940GZZLUHAI,940GZZLUKOY,0.0,0.0,0.0,0.0,0.0,0.429,0.0,0.0
940GZZLUHAI,940GZZLUKSH,0.0,2.168,14.87,31.896,10.242,13.507,6.196,0.0
940GZZLUHAI,940GZZLUKBN,0.0,0.141,1.558,2.024,1.786,0.666,0.616,0.0
940GZZLUHAI,940GZZLUKSX,0.0,105.218,838.878,996.061,787.389,215.694,108.241,0.006
940GZZLUHAI,940GZZLUKNB,0.0,7.916,89.959,80.034,26.47,6.383,1.547,0.0
940GZZLUHAI,940GZZLULBN,0.0,3.447,35.726,30.382,17.071,7.182,4.3,0.0
940GZZLUHAI,940GZZLULGT,0.0,2.843,15.698,13.467,16.288,3.589,3.482,0.0
940GZZLUHAI,940GZZLULSQ,0.0,4.514,76.701,99.567,95.275,31.166,7.142,0.0
940GZZLUHAI,940GZZLULVT,0.0,0.762,3.351,10.098,5.58,3.028,3.629,0.0
940GZZLUHAI,940GZZLULNB,0.0,1.711,3.774,30.03,12.275,10.071,12.269,0.0
940GZZLUHAI,940GZZLUMSH,0.0,0.0,0.685,0.521,0.19500001,0.194,0.18100001,0.0
940GZZLUHAI,940GZZLUMBA,0.0,10.692,95.645,53.45,29.686,7.2,5.265,0.0
940GZZLUHAI,940GZZLUMYB,0.0,8.2630005,68.841,68.749,73.236,22.423,14.043,0.0
940GZZLUHAI,940GZZLUMED,0.0,0.12900001,0.416,1.412,1.147,1.701,0.624,0.0
940GZZLUHAI,940GZZLUMGT,0.0,0.0,0.16,0.92,0.004,0.109000005,0.074,0.0
940GZZLUHAI,940GZZLUMTC,0.0,1.048,32.927,10.401,7.097,2.915,1.779,0.001
940GZZLUHAI,940GZZLUNHG,0.0,5.63,73.699,49.911,31.991,13.258,6.359,0.0
940GZZLUHAI,940GZZLUODS,0.0,0.0,0.0,0.25,0.0,0.17899999,0.022999998,0.0
940GZZLUHAI,940GZZLUOVL,0.0,0.70600003,9.794,10.055,15.675,4.649,3.593,0.0
940GZZLUHAI,940GZZLUOXC,0.0,144.767,1964.253,1526.44,731.138,158.934,29.589,0.002
940GZZLUHAI,940GZZLUPAC,0.0,37.653,298.09702,178.054,156.486,48.761,26.344,0.0
940GZZLUHAI,940GZZLUPCC,0.0,12.543,119.623,152.397,92.275,27.838,6.117,0.0
940GZZLUHAI,940GZZLUQWY,0.0,2.839,24.81,21.991,17.022,8.387,5.989,0.0
940GZZLUHAI,940GZZLURGP,0.0,0.321,5.715,6.976,3.485,1.205,0.026999999,0.0
940GZZLUHAI,940GZZLURYO,0.0,1.36,12.72,10.161,8.771,5.774,2.654,0.0
940GZZLUHAI,940GZZLURSQ,0.0,2.796,62.927,75.545,53.942,9.582,3.224,0.0
940GZZLUHAI,940GZZLUSJP,0.0,7.362,87.753,45.217,21.154,1.544,1.823,0.0
940GZZLUHAI,940GZZLUSJW,0.0,5.336,42.828,22.897,12.744,5.132,3.596,0.0
940GZZLUHAI,940GZZLUSPU,0.0,1.092,9.207,8.367,3.84,0.126,0.266,0.0
940GZZLUHAI,940GZZLUSBC,0.0,8.723,63.349,41.837,44.498,18.961,11.092,0.003
940GZZLUHAI,940GZZLUSSQ,0.0,10.937,105.131996,89.587,46.528,14.586,6.005,0.0
940GZZLUHAI,940GZZLUSKS,0.0,13.707,147.047,160.226,61.245,18.08,6.5160003,0.0
940GZZLUHAI,940GZZLUSKW,0.0,9.31,34.539,37.367,79.573,41.464,27.518,0.001
940GZZLUHAI,940GZZLUCHX,0.0,5.504,110.886,78.827,83.133,19.007,9.297,0.0
940GZZLUHAI,940GZZLUSWC,0.0,2.057,20.051,15.347,11.009,4.88,2.452,0.0
940GZZLUHAI,940GZZLUTMP,0.0,0.14400001,1.206,7.0230002,4.886,0.897,0.061,0.0
940GZZLUHAI,940GZZLUTCR,0.0,4.07,71.537,106.163,71.717,20.536,4.358,0.0
940GZZLUHAI,940GZZLUTWH,0.0,0.081,0.17,1.947,0.621,0.285,0.488,0.0
940GZZLUHAI,940GZZLUVIC,0.0,226.836,1827.189,1058.07,1195.95,395.877,269.497,0.001
940GZZLUHAI,940GZZLUWRR,0.0,56.412,991.853,520.733,218.763,55.420002,17.7,0.004
940GZZLUHAI,940GZZLUWKA,0.0,0.966,18.488,12.75,10.552,7.857,4.888,0.0
940GZZLUHAI,940GZZLUWLO,0.0,50.123,160.337,146.172,226.398,52.505,34.954,0.0
940GZZLUHAI,940GZZLUWBN,0.0,2.726,12.363,4.614,3.674,2.031,1.224,0.0
940GZZLUHAI,940GZZLUWHP,0.0,0.0,2.772,1.998,1.946,0.968,0.37600002,0.0
940GZZLUHAI,940GZZLUWKN,0.0,1.061,13.96,9.602,6.027,5.081,4.93,0.0
940GZZLUHAI,940GZZLUWSM,0.0,10.853,89.987,53.211,26.273,6.481,1.434,0.0
940GZZLUHAI,940GZZLUWIG,0.0,0.028,1.0090001,5.788,9.268,6.96,6.7070003,0.002
940GZZLUHAI,940GZZLUERB,0.0,1.761,38.117,18.098,13.8550005,3.391,1.722,0.0
940GZZLUHAI,940GZZLUPCO,0.0,16.02,317.879,159.999,80.128,34.909,22.625,0.0
940GZZLUHAI,940GZZLUVXL,0.0,132.708,791.717,304.276,419.464,194.527,149.767,0.001
940GZZLUHAI,940GZZLUBXN,0.0,16.833,181.398,197.619,394.839,243.112,143.538,0.036
940GZZLUHAI,940GZZLUSWK,0.0,3.792,33.598,39.071,18.107,3.463,2.958,0.0
940GZZLUHAI,940GZZLUBMY,0.0,1.343,2.592,5.685,4.77,2.235,3.111,0.0
940GZZLUHAI,940GZZLUCWR,0.0,0.369,0.171,1.473,0.855,1.129,1.435,0.0
940GZZLUHSK,940GZZLUBBN,0.0,0.929,11.598,27.985,18.902,6.667,0.698,0.0
940GZZLUHSK,940GZZLUALD,0.0,0.657,22.639,33.703,32.081,8.089,3.514,0.0
940GZZLUHSK,940GZZLUADE,0.0,0.192,4.317,15.364,9.6970005,7.366,1.376,0.0
940GZZLUHSK,940GZZLUAGL,0.0,0.073,5.189,15.957,24.26,7.524,1.314,0.0
940GZZLUHSK,940GZZLUBST,0.0,2.681,72.367,0.0,86.978,0.0,5.432,0.0
940GZZLUHSK,940GZZLUBNK,0.0,7.1870003,99.219,117.229,119.672005,32.227,10.172,0.0
940GZZLUHSK,940GZZLUBSC,0.0,0.09,3.137,12.896,8.066,4.85,1.2,0.0
940GZZLUHSK,940GZZLUBWT,0.0,0.63100004,12.462,106.522,76.659,47.792,10.477,0.0
940GZZLUHSK,940GZZLUBLG,0.0,1.012,4.032,14.994,39.276,15.806,4.8650002,0.0
940GZZLUHSK,940GZZLUBKF,0.0,3.705,78.981,89.335,96.155,20.063,6.401,0.0
940GZZLUHSK,940GZZLUBND,0.0,0.884,38.271,107.407,66.658,10.4,0.847,0.0
940GZZLUHSK,940GZZLUBOR,0.0,0.0,0.884,1.559,2.368,1.327,0.945,0.0
940GZZLUHSK,940GZZLUCAR,0.0,0.0,0.348,4.205,6.697,3.092,0.905,0.0
940GZZLUHSK,940GZZLUCTN,0.0,0.0,3.023,26.528,20.854,6.123,0.369,0.0
940GZZLUHSK,940GZZLUCST,0.0,6.725,44.059,45.02,59.128,22.507,5.323,0.0
940GZZLUHSK,940GZZLUCHL,0.0,0.534,24.008,37.886,20.155,2.921,0.969,0.0
940GZZLUHSK,940GZZLUEMB,0.0,1.3000001,60.557,141.843,233.209,35.873,14.003,0.0
940GZZLUHSK,940GZZLUCGN,0.0,0.0,5.207,54.922,43.05,7.031,0.202,0.0
940GZZLUHSK,940GZZLUECT,0.0,1.419,18.664999,165.867,95.6,54.014,20.374,0.0
940GZZLUHSK,940GZZLUERC,0.0,1.954,78.8,134.554,107.376,37.347,14.474,0.0
940GZZLUHSK,940GZZLUEAC,0.0,0.259,12.769,34.305,45.825,20.274,7.196,0.0
940GZZLUHSK,940GZZLUEUS,0.0,0.541,9.914,42.298,47.897,12.293,2.412,0.0
940GZZLUHSK,940GZZLUESQ,0.0,42.134,0.0,0.0,81.142,22.055,4.577,0.0
940GZZLUHSK,940GZZLUFCN,0.0,1.91,29.535,42.622,22.343,4.628,2.271,0.0
940GZZLUHSK,940GZZLUFYR,0.0,0.463,1.702,11.121,17.034,6.086,1.308,0.0
940GZZLUHSK,940GZZLUFPK,0.0,1.399,4.482,28.775,71.798996,25.809,7.4170003,0.0
940GZZLUHSK,940GZZLUFBY,0.0,1.004,21.294,102.154,70.465,30.142,6.4240003,0.0
940GZZLUHSK,940GZZLUGTR,0.0,1.322,14.247,90.79,45.116,28.012,7.69,0.0
940GZZLUHSK,940GZZLUGDG,0.0,0.0,1.5320001,6.327,3.669,1.099,0.125,0.0
940GZZLUHSK,940GZZLUGPS,0.0,11.788,37.149,0.0,31.845999,5.477,2.304,0.0
940GZZLUHSK,940GZZLUGPK,0.0,1.209,15.475,50.365,22.787,5.203,0.814,0.0
940GZZLUHSK,940GZZLUHSD,0.0,0.083000004,3.9620001,31.706,23.611,12.241,2.768,0.0
940GZZLUHSK,940GZZLUHAI,0.0,0.558,6.584,42.856,63.297,39.607,9.151,0.0
940GZZLUHSK,940GZZLUHBN,0.0,0.23799999,18.684,44.934002,26.306,8.34,2.417,0.0
940GZZLUHSK,940GZZLUHPK,0.0,0.0,1.84,9.078,3.9850001,1.344,0.871,0.0
940GZZLUHSK,940GZZLUHWY,0.0,0.0,2.104,7.421,9.572,3.914,2.099,0.0
940GZZLUHSK,940GZZLUHPC,0.0,0.0,1.311,7.702,3.13,1.132,0.127,0.0
940GZZLUHSK,940GZZLUKNG,0.0,0.0,0.506,7.381,17.308,7.26,0.877,0.0
940GZZLUHSK,940GZZLUKOY,0.0,0.0,0.0,0.0,0.0,0.834,0.0,0.0
940GZZLUHSK,940GZZLUKSH,0.0,0.0,1.265,6.28,10.372,3.671,1.028,0.0
940GZZLUHSK,940GZZLUKBN,0.0,0.347,1.122,6.091,11.523,4.547,1.658,0.0
940GZZLUHSK,940GZZLUKSX,0.0,21.462,13.294,199.39299,125.587,98.365,16.948,0.0
940GZZLUHSK,940GZZLUKNB,0.0,0.095,4.068,44.755,17.4,3.79,0.247,0.0
940GZZLUHSK,940GZZLULBN,0.0,0.0,2.735,11.372,5.66,1.448,0.465,0.0
940GZZLUHSK,940GZZLULGT,0.0,0.162,1.652,6.389,4.068,1.537,0.653,0.0
940GZZLUHSK,940GZZLULSQ,0.0,1.379,4.498,47.446,47.029,13.123,3.4,0.0
940GZZLUHSK,940GZZLULVT,0.0,12.029,92.744,150.084,261.619,65.864,18.316,0.0
940GZZLUHSK,940GZZLULNB,0.0,1.98,34.923,89.206,100.885,32.425,8.331,0.0
940GZZLUHSK,940GZZLUMSH,0.0,8.982,79.279,42.973,19.407,3.763,1.617,0.0
940GZZLUHSK,940GZZLUMBA,0.0,0.203,14.211,50.177,24.608,6.116,1.885,0.0
940GZZLUHSK,940GZZLUMYB,0.0,1.132,6.97,27.042,52.72,11.089,4.923,0.0
940GZZLUHSK,940GZZLUMED,0.0,0.187,1.7590001,15.219,19.734,10.33,2.044,0.0
940GZZLUHSK,940GZZLUMGT,0.0,3.9490001,36.451,28.149,20.942999,6.999,2.76,0.0
940GZZLUHSK,940GZZLUMTC,0.0,0.0,0.776,3.795,2.497,0.981,0.355,0.0
940GZZLUHSK,940GZZLUNHG,0.0,0.317,14.327,82.134,40.144,13.667,3.312,0.0
940GZZLUHSK,940GZZLUODS,0.0,0.208,10.306,18.303,25.285,9.052,2.51,0.0
940GZZLUHSK,940GZZLUOVL,0.0,0.0,2.245,5.87,6.984,1.883,2.405,0.0
940GZZLUHSK,940GZZLUOXC,0.0,3.252,36.15,165.124,106.323,20.08,1.935,0.0
940GZZLUHSK,940GZZLUPAC,0.0,11.223,102.885,259.084,320.653,114.185,44.418,0.0
940GZZLUHSK,940GZZLUPCC,0.0,0.354,14.482,90.258,70.447,21.882,3.977,0.0
940GZZLUHSK,940GZZLUQWY,0.0,0.0,0.589,3.673,2.291,1.628,0.828,0.0
940GZZLUHSK,940GZZLURGP,0.0,0.076,3.331,9.136,2.982,0.575,0.244,0.0
940GZZLUHSK,940GZZLURYO,0.0,0.0,0.426,1.2030001,1.2820001,0.633,0.009,0.0
940GZZLUHSK,940GZZLURSQ,0.0,0.301,3.922,22.551,14.687,5.66,3.025,0.0
940GZZLUHSK,940GZZLUSJP,0.0,3.5609999,100.683,131.912,36.355,8.311,3.205,0.0
940GZZLUHSK,940GZZLUSJW,0.0,0.0,4.146,11.146,11.168,3.312,0.472,0.0
940GZZLUHSK,940GZZLUSPU,0.0,2.211,19.211,23.323,10.951,1.626,0.517,0.0
940GZZLUHSK,940GZZLUSBC,0.0,0.26500002,3.637,38.096,38.753,11.045,3.907,0.0
940GZZLUHSK,940GZZLUSSQ,0.0,1.98,64.512,233.028,90.733,29.562,6.009,0.0
940GZZLUHSK,940GZZLUSKS,0.0,0.303,26.637,199.775,78.089,33.547,8.814,0.0
940GZZLUHSK,940GZZLUSKW,0.0,0.205,2.377,12.881,36.054,14.412,3.7779999,0.0
940GZZLUHSK,940GZZLUCHX,0.0,0.002,1.129,5.737,6.508,2.483,0.044,0.0
940GZZLUHSK,940GZZLUSWC,0.0,0.0,1.632,10.278,13.075,4.539,1.5090001,0.0
940GZZLUHSK,940GZZLUTMP,0.0,0.541,42.687,66.404,30.674,3.556,0.866,0.0
940GZZLUHSK,940GZZLUTCR,0.0,0.891,22.584,93.892,76.945,18.374,1.827,0.0
940GZZLUHSK,940GZZLUTWH,0.0,3.901,60.035,112.724,124.451004,20.026001,10.889,0.0
940GZZLUHSK,940GZZLUVIC,0.0,3.968,45.93,146.392,324.369,99.9,22.461,0.0
940GZZLUHSK,940GZZLUWRR,0.0,0.117000006,7.599,12.823,8.74,2.059,0.373,0.0
940GZZLUHSK,940GZZLUWKA,0.0,0.113000005,2.632,14.189,16.421,7.8919997,2.039,0.0
940GZZLUHSK,940GZZLUWLO,0.0,3.34,17.698,57.536,97.79,31.274,8.038,0.0
940GZZLUHSK,940GZZLUWBN,0.0,1.413,19.191,94.544,110.643,52.969,11.325,0.0
940GZZLUHSK,940GZZLUWHP,0.0,0.0,0.537,7.679,15.308,4.092,0.975,0.0
940GZZLUHSK,940GZZLUWKN,0.0,0.14,1.022,14.559,10.89,9.029,2.377,0.0
940GZZLUHSK,940GZZLUWSM,0.0,1.819,60.546,137.303,46.039,12.194,1.246,0.0
940GZZLUHSK,940GZZLUWPL,0.0,0.515,4.537,11.676,11.074,8.261,3.648,0.0
940GZZLUHSK,940GZZLUWIG,0.0,0.0,0.292,4.851,14.311,4.942,1.004,0.0
940GZZLUHSK,940GZZLUPCO,0.0,0.562,6.3050003,26.327,15.45,10.006,2.981,0.0
940GZZLUHSK,940GZZLUVXL,0.0,0.768,14.534,46.854,68.469,29.048,8.235,0.0
940GZZLUHSK,940GZZLUBXN,0.0,0.842,7.655,63.214,133.325,59.427002,21.71,0.0
940GZZLUHSK,940GZZLUSWK,0.0,0.0,5.88,18.363,23.069,8.7560005,1.647,0.0
940GZZLUHSK,940GZZLUBMY,0.0,1.098,2.013,8.109,16.653,13.818,3.184,0.0
940GZZLUHSK,940GZZLUCWR,0.0,2.2120001,13.231,85.348,90.413,73.6,20.607,0.0
940GZZLUHBN,940GZZLUBBN,0.0,0.0,0.71900004,11.883,6.291,1.6570001,1.102,0.0
940GZZLUHBN,940GZZLUALD,0.0,0.314,10.028,40.779,34.089,15.7369995,6.742,0.0
940GZZLUHBN,940GZZLUADE,0.0,0.13,4.371,34.15,27.409,18.565,9.535,0.0
940GZZLUHBN,940GZZLUAGL,0.0,0.0,2.363,32.812,27.522,14.235,7.976,0.0
940GZZLUHBN,940GZZLUBST,0.0,1.218,7.249,83.483,73.93,35.515,13.81,0.0
940GZZLUHBN,940GZZLUBNK,0.0,12.7699995,195.39,963.813,1104.543,457.647,211.804,0.0
940GZZLUHBN,940GZZLUBSC,0.0,0.772,9.605,41.805,89.912,71.005,25.811,0.0
940GZZLUHBN,940GZZLUBWT,0.0,0.0,0.205,1.132,1.488,0.72499996,0.962,0.0
940GZZLUHBN,940GZZLUBLG,0.0,0.74300003,13.153,168.365,263.724,215.809,115.93,0.012
940GZZLUHBN,940GZZLUBKF,0.0,0.0,0.644,4.611,3.215,0.352,0.2,0.0
940GZZLUHBN,940GZZLUBND,0.0,3.5,46.965,415.715,239.761,76.038,19.867,0.0
940GZZLUHBN,940GZZLUBOR,0.0,0.062,3.077,31.274,17.312,16.292,9.191,0.0
940GZZLUHBN,940GZZLUCAR,0.0,0.358,9.67,123.366,153.114,100.375,39.147,0.0
940GZZLUHBN,940GZZLUCTN,0.0,0.0,4.206,59.024002,37.787,21.394,5.222,0.0
940GZZLUHBN,940GZZLUCST,0.0,0.0,0.102,1.577,0.545,0.232,0.0,0.0
940GZZLUHBN,940GZZLUCHL,0.0,1.047,9.334,78.311,19.573,8.696,3.639,0.0
940GZZLUHBN,940GZZLUEMB,0.0,0.0,1.8230001,12.161,7.133,1.428,0.448,0.0
940GZZLUHBN,940GZZLUCGN,0.0,0.069,6.35,86.809,43.834,19.321,2.511,0.0
940GZZLUHBN,940GZZLUECT,0.0,0.391,7.459,89.803,130.236,86.664,37.548,0.0
940GZZLUHBN,940GZZLUERC,0.0,0.0,0.343,3.2,2.071,1.126,0.73,0.0
940GZZLUHBN,940GZZLUEAC,0.0,0.0,1.766,21.825,17.801,12.521,6.257,0.0
940GZZLUHBN,940GZZLUEUS,0.0,0.168,5.6,66.763,69.835,28.514,9.84,0.0
940GZZLUHBN,940GZZLUESQ,0.0,0.0,0.42000002,3.015,2.262,0.878,0.357,0.0
940GZZLUHBN,940GZZLUFCN,0.0,0.044,3.407,15.673,13.8220005,10.034,3.187,0.0
940GZZLUHBN,940GZZLUFYR,0.0,0.178,2.801,34.152,56.401,31.052,13.165,0.0
940GZZLUHBN,940GZZLUFPK,0.0,0.515,11.786,176.072,444.52,282.798,99.695,0.002
940GZZLUHBN,940GZZLUFBY,0.0,0.653,2.021,26.604,48.777,27.904,9.128,0.0
940GZZLUHBN,940GZZLUGTR,0.0,0.662,10.109,67.042,75.945,48.415,26.668,0.0
940GZZLUHBN,940GZZLUGDG,0.0,0.0,1.493,12.9869995,5.322,3.179,1.3610001,0.0
940GZZLUHBN,940GZZLUGPS,0.0,0.0,1.1570001,5.384,3.78,3.318,0.587,0.0
940GZZLUHBN,940GZZLUGPK,0.0,2.905,30.719,217.889,110.899,27.937,9.983,0.0
940GZZLUHBN,940GZZLUHSD,0.0,2.144,27.409,114.898,212.214,117.645996,36.029,0.0
940GZZLUHBN,940GZZLUHAI,0.0,0.012,7.068,52.702,122.284996,90.993004,29.313,0.001
940GZZLUHBN,940GZZLUHSK,0.0,0.085,6.881,33.818,29.058,13.006,6.951,0.0
940GZZLUHBN,940GZZLUHPK,0.0,0.495,7.324,44.324,59.849,35.006,20.107,0.0
940GZZLUHBN,940GZZLUHWY,0.0,0.627,9.265,100.338,187.46,125.964,39.106,0.004
940GZZLUHBN,940GZZLUHPC,0.0,0.0,10.284,56.939,30.923,7.64,2.552,0.0
940GZZLUHBN,940GZZLUKNG,0.0,0.07,0.491,5.938,13.066,9.781,4.0889997,0.0
940GZZLUHBN,940GZZLUKOY,0.0,0.0,0.0,0.0,0.0,0.078,0.0,0.0
940GZZLUHBN,940GZZLUKSH,0.0,0.299,2.327,26.507,28.431,25.477,7.837,0.0
940GZZLUHBN,940GZZLUKBN,0.0,0.635,4.086,30.129,64.077,48.353,21.513,0.0
940GZZLUHBN,940GZZLUKSX,0.0,6.945,65.005,728.761,827.317,365.53,133.588,0.016
940GZZLUHBN,940GZZLUKNB,0.0,1.448,19.749,170.936,127.807,45.092,9.931,0.0
940GZZLUHBN,940GZZLULBN,0.0,0.0,0.829,10.783,4.322,1.98,1.785,0.0
940GZZLUHBN,940GZZLULGT,0.0,2.232,17.423,134.914,213.55,105.994,57.439,0.0
940GZZLUHBN,940GZZLULSQ,0.0,1.865,11.407,151.09,94.79,54.855,13.097,0.0
940GZZLUHBN,940GZZLULVT,0.0,7.633,156.501,972.466,1588.427,710.113,291.976,0.005
940GZZLUHBN,940GZZLULNB,0.0,1.429,21.424,200.531,229.834,127.872,45.498,0.0
940GZZLUHBN,940GZZLUMBA,0.0,2.4,32.134,183.577,129.309,61.713,35.649002,0.0
940GZZLUHBN,940GZZLUMYB,0.0,0.82600003,12.502,84.419,200.966,67.941,23.34,0.0
940GZZLUHBN,940GZZLUMED,0.0,0.91400003,14.594,145.417,188.718,162.462,89.374,0.039
940GZZLUHBN,940GZZLUMGT,0.0,0.149,2.276,14.864,9.621,1.882,0.938,0.0
940GZZLUHBN,940GZZLUMTC,0.0,0.0,2.092,6.392,4.369,3.26,1.09,0.0
940GZZLUHBN,940GZZLUNHG,0.0,1.786,28.517,160.871,208.902,132.39,58.288002,0.0
940GZZLUHBN,940GZZLUODS,0.0,0.21000001,8.542,79.011,55.245,29.995,11.677,0.0
940GZZLUHBN,940GZZLUOVL,0.0,0.0,1.405,9.437,11.64,8.826,5.452,0.0
940GZZLUHBN,940GZZLUOXC,0.0,3.821,49.932,637.727,346.222,92.765,13.557,0.0
940GZZLUHBN,940GZZLUPAC,0.0,1.217,18.354,151.116,177.84,72.056,22.642,0.0
940GZZLUHBN,940GZZLUPCC,0.0,2.02,27.077,274.876,183.346,62.753,12.072,0.0
940GZZLUHBN,940GZZLUQWY,0.0,0.937,8.127,116.499,145.325,105.18,77.549,0.0
940GZZLUHBN,940GZZLURGP,0.0,0.052,3.363,24.594,11.137,4.283,1.145,0.0
940GZZLUHBN,940GZZLURYO,0.0,0.0,0.214,2.835,2.328,1.856,0.332,0.0
940GZZLUHBN,940GZZLURSQ,0.0,0.235,3.3830001,51.529,31.829,18.78,11.091,0.0
940GZZLUHBN,940GZZLUSJP,0.0,0.0,2.008,12.479,4.396,1.66,0.236,0.0
940GZZLUHBN,940GZZLUSJW,0.0,0.747,8.422,39.690998,53.366,35.552,12.014,0.0
940GZZLUHBN,940GZZLUSPU,0.0,2.144,72.074,349.226,120.497,31.965,13.833,0.0
940GZZLUHBN,940GZZLUSBC,0.0,3.945,28.163,211.71,353.674,201.064,87.674,0.0
940GZZLUHBN,940GZZLUSSQ,0.0,0.0,4.517,29.149,20.182,7.024,1.58,0.0
940GZZLUHBN,940GZZLUSKS,0.0,0.745,30.159,261.151,196.881,88.814,28.867,0.0
940GZZLUHBN,940GZZLUSKW,0.0,1.221,2.615,17.068,51.82,35.767,13.604,0.0
940GZZLUHBN,940GZZLUCHX,0.0,0.152,2.949,27.871,26.285,14.462,7.616,0.0
940GZZLUHBN,940GZZLUSWC,0.0,0.060000002,4.031,31.442,45.812,36.752,11.542,0.0
940GZZLUHBN,940GZZLUTMP,0.0,0.0,0.551,1.087,0.822,0.359,0.155,0.0
940GZZLUHBN,940GZZLUTCR,0.0,0.444,14.055,173.352,97.507,37.321,7.796,0.0
940GZZLUHBN,940GZZLUTWH,0.0,0.060000002,9.933,55.667,43.516,11.696,5.633,0.0
940GZZLUHBN,940GZZLUVIC,0.0,5.738,46.364,443.648,678.19,286.132,114.226,0.0
940GZZLUHBN,940GZZLUWRR,0.0,0.094,3.461,30.715,15.679,8.85,2.848,0.0
940GZZLUHBN,940GZZLUWKA,0.0,0.0,1.1620001,16.424,27.542,28.677,7.107,0.0
940GZZLUHBN,940GZZLUWLO,0.0,0.871,7.354,96.146,116.143,75.748,38.412,0.0
940GZZLUHBN,940GZZLUWBN,0.0,0.0,1.85,13.199,17.065,11.037,6.693,0.0
940GZZLUHBN,940GZZLUWHP,0.0,0.468,4.571,35.582,75.207,48.353,17.588,0.0
940GZZLUHBN,940GZZLUWKN,0.0,0.0,0.846,10.264,9.642,8.956,3.439,0.0
940GZZLUHBN,940GZZLUWSM,0.0,0.0,13.917,54.509,14.533,3.603,2.6990001,0.0
940GZZLUHBN,940GZZLUWPL,0.0,0.077,1.749,22.704,17.415,8.945,4.812,0.0
940GZZLUHBN,940GZZLUWIG,0.0,0.666,1.839,28.562,57.347,43.459,19.131,0.0
940GZZLUHBN,940GZZLUERB,0.0,0.0,4.083,35.022,29.24,16.378,5.0490003,0.0
940GZZLUHBN,940GZZLUPCO,0.0,0.299,4.162,51.665,45.569,32.39,14.775,0.0
940GZZLUHBN,940GZZLUVXL,0.0,0.722,7.771,67.512,93.026,62.843,30.019,0.0
940GZZLUHBN,940GZZLUBXN,0.0,1.551,4.868,74.337,186.028,133.962,58.655,0.0
940GZZLUHBN,940GZZLUSWK,0.0,0.223,3.832,22.452,15.696,7.335,2.541,0.0
940GZZLUHBN,940GZZLUBMY,0.0,0.0,1.434,9.679,17.523,14.423,6.452,0.0
940GZZLUHBN,940GZZLUCWR,0.0,0.119,3.072,45.321,86.496,72.751,26.503,0.0
940GZZLUHPK,940GZZLUBBN,0.0,0.0,0.9,0.86,0.747,0.244,0.0,0.0
940GZZLUHPK,940GZZLUALD,0.0,0.121,6.301,1.674,3.165,2.62,0.414,0.0
940GZZLUHPK,940GZZLUADE,0.0,0.0,2.1759999,1.6800001,1.057,0.611,0.23200001,0.0
940GZZLUHPK,940GZZLUAGL,0.0,0.15900001,2.716,5.979,8.189,1.36,1.597,0.0
940GZZLUHPK,940GZZLUBST,0.0,0.24599999,8.099,13.091,4.998,2.074,0.254,0.0
940GZZLUHPK,940GZZLUBNK,0.0,15.909,154.933,74.002,56.7,15.738,5.292,0.0
940GZZLUHPK,940GZZLUBLG,0.0,0.416,5.244,13.247,21.163,7.831,3.602,0.0
940GZZLUHPK,940GZZLUBKF,0.0,0.107,0.682,1.088,1.626,0.395,0.197,0.0
940GZZLUHPK,940GZZLUBND,0.0,1.489,109.788,120.079,47.247,8.95,1.316,0.0
940GZZLUHPK,940GZZLUBOR,0.0,0.0,1.0370001,1.5879999,1.669,0.21000001,0.104,0.0
940GZZLUHPK,940GZZLUCAR,0.0,0.141,0.755,2.589,2.7,0.889,0.725,0.0
940GZZLUHPK,940GZZLUCTN,0.0,0.0,1.96,12.042,6.721,1.94,0.35300002,0.0
940GZZLUHPK,940GZZLUCST,0.0,0.0,0.0,0.0,0.0,0.0,0.01,0.0
940GZZLUHPK,940GZZLUCHL,0.0,3.932,101.66,49.634,18.826,4.749,1.575,0.0
940GZZLUHPK,940GZZLUEMB,0.0,0.226,3.456,4.671,7.117,0.449,0.382,0.0
940GZZLUHPK,940GZZLUCGN,0.0,0.0,1.8610001,4.212,3.853,1.708,0.154,0.0
940GZZLUHPK,940GZZLUECT,0.0,0.903,0.879,6.744,3.734,1.521,0.369,0.0
940GZZLUHPK,940GZZLUERC,0.0,0.136,2.73,2.337,1.883,0.235,0.0,0.0
940GZZLUHPK,940GZZLUEAC,0.0,0.099,2.446,11.904,10.351,3.464,1.093,0.0
940GZZLUHPK,940GZZLUEUS,0.0,0.706,10.755,13.314,11.86,3.269,1.207,0.0
940GZZLUHPK,940GZZLUFCN,0.0,0.0,1.9810001,1.667,0.561,0.253,0.001,0.0
940GZZLUHPK,940GZZLUFYR,0.0,0.154,3.416,3.025,2.561,0.599,1.064,0.0
940GZZLUHPK,940GZZLUFPK,0.0,0.77099997,4.938,12.743,19.093,7.289,4.462,0.0
940GZZLUHPK,940GZZLUFBY,0.0,0.0,1.71,3.362,2.432,0.869,0.456,0.0
940GZZLUHPK,940GZZLUGTR,0.0,0.0,2.293,6.504,3.706,0.891,0.165,0.0
940GZZLUHPK,940GZZLUGDG,0.0,0.0,1.778,4.012,1.033,0.36,0.0,0.0
940GZZLUHPK,940GZZLUGPK,0.0,2.927,30.406,32.078,12.956,2.841,0.45000002,0.0
940GZZLUHPK,940GZZLUHSD,0.0,0.0,0.378,1.174,0.927,0.149,0.131,0.0
940GZZLUHPK,940GZZLUHAI,0.0,0.317,5.817,14.073,21.302,9.898,2.761,0.0
940GZZLUHPK,940GZZLUHSK,0.0,0.251,2.639,10.555,3.733,1.176,0.0,0.0
940GZZLUHPK,940GZZLUHBN,0.0,4.387,72.016,69.368004,38.08,6.42,2.104,0.0
940GZZLUHPK,940GZZLUHWY,0.0,0.227,1.5090001,2.763,1.9940001,1.84,0.509,0.0
940GZZLUHPK,940GZZLUHPC,0.0,0.0,0.594,1.192,0.16700001,0.040000003,0.0,0.0
940GZZLUHPK,940GZZLUKNG,0.0,0.0,1.274,1.612,3.912,2.29,0.508,0.0
940GZZLUHPK,940GZZLUKSH,0.0,0.0,1.2129999,3.403,3.718,1.342,1.126,0.0
940GZZLUHPK,940GZZLUKBN,0.0,0.0,0.551,3.483,4.635,2.24,0.277,0.0
940GZZLUHPK,940GZZLUKSX,0.0,3.513,25.375,36.817,32.233,7.067,1.738,0.0
940GZZLUHPK,940GZZLUKNB,0.0,0.0,1.022,5.053,1.512,0.528,0.0,0.0
940GZZLUHPK,940GZZLULBN,0.0,0.111,3.07,2.28,3.044,1.223,0.466,0.0
940GZZLUHPK,940GZZLULGT,0.0,0.1,4.866,14.438,6.635,1.7540001,0.969,0.0
940GZZLUHPK,940GZZLULSQ,0.0,1.125,2.848,8.775,9.041,2.498,0.132,0.0
940GZZLUHPK,940GZZLULVT,0.0,13.032,163.21,83.682,80.834,24.159,4.402,0.0
940GZZLUHPK,940GZZLULNB,0.0,1.219,27.738,34.353,48.681,10.273,3.698,0.0
940GZZLUHPK,940GZZLUMBA,0.0,1.034,53.612,44.005,23.069,6.042,1.73,0.0
940GZZLUHPK,940GZZLUMYB,0.0,0.0,3.039,3.171,4.4440002,0.865,0.017,0.0
940GZZLUHPK,940GZZLUMED,0.0,0.595,6.655,12.683,10.616,3.898,1.152,0.0
940GZZLUHPK,940GZZLUMGT,0.0,0.0,0.318,0.88600004,1.581,0.192,0.0,0.0
940GZZLUHPK,940GZZLUMTC,0.0,0.0,2.196,2.849,2.09,0.223,0.649,0.0
940GZZLUHPK,940GZZLUNHG,0.0,0.0,2.487,20.241,9.614,1.543,0.383,0.0
940GZZLUHPK,940GZZLUODS,0.0,0.294,8.922,7.672,6.033,1.538,0.035,0.0
940GZZLUHPK,940GZZLUOVL,0.0,0.17300001,2.225,3.863,2.563,1.188,0.483,0.0
940GZZLUHPK,940GZZLUOXC,0.0,4.262,99.749,123.174,62.236,14.684,2.661,0.0
940GZZLUHPK,940GZZLUPAC,0.0,0.201,4.241,8.638,9.695,2.719,0.816,0.0
940GZZLUHPK,940GZZLUPCC,0.0,0.182,11.998,19.012,13.115,3.353,0.564,0.0
940GZZLUHPK,940GZZLUQWY,0.0,0.184,5.78,14.36,8.04,3.054,0.793,0.0
940GZZLUHPK,940GZZLURGP,0.0,0.0,3.461,4.903,1.204,0.126,0.399,0.0
940GZZLUHPK,940GZZLURSQ,0.0,0.0,2.592,4.136,3.976,0.164,1.196,0.0
940GZZLUHPK,940GZZLUSJP,0.0,0.086,5.033,3.201,0.994,0.028,0.0,0.0
940GZZLUHPK,940GZZLUSJW,0.0,0.479,6.652,7.165,2.067,0.81,0.006,0.0
940GZZLUHPK,940GZZLUSPU,0.0,9.623,125.657,46.898,19.566,3.617,2.056,0.0
940GZZLUHPK,940GZZLUSBC,0.0,0.38799998,12.666,42.424,48.456,10.56,3.155,0.0
940GZZLUHPK,940GZZLUSSQ,0.0,0.132,3.76,11.966,4.903,1.886,0.7,0.0
940GZZLUHPK,940GZZLUSKS,0.0,0.0,13.313,13.944,3.606,1.071,0.224,0.0
940GZZLUHPK,940GZZLUSKW,0.0,0.0,0.694,2.99,9.752,3.317,1.912,0.0
940GZZLUHPK,940GZZLUCHX,0.0,0.568,11.498,18.899,22.758,3.999,0.25599998,0.0
940GZZLUHPK,940GZZLUSWC,0.0,0.0,3.0509999,5.369,4.591,0.791,0.423,0.0
940GZZLUHPK,940GZZLUTCR,0.0,1.809,63.425,103.58,70.575,20.78,2.517,0.0
940GZZLUHPK,940GZZLUTWH,0.0,0.0,3.898,4.227,2.596,0.348,0.398,0.0
940GZZLUHPK,940GZZLUVIC,0.0,2.042,28.865,48.139,52.904,12.254,2.157,0.0
940GZZLUHPK,940GZZLUWRR,0.0,0.0,9.593,11.446,4.104,1.259,0.349,0.0
940GZZLUHPK,940GZZLUWKA,0.0,0.0,0.107,2.154,1.005,0.38300002,0.013,0.0
940GZZLUHPK,940GZZLUWLO,0.0,1.903,11.027,18.067,29.23,7.6019998,3.831,0.0
940GZZLUHPK,940GZZLUWBN,0.0,0.0,1.881,1.369,2.183,0.336,0.31800002,0.0
940GZZLUHPK,940GZZLUWHP,0.0,0.0,6.356,1.836,4.574,1.364,0.405,0.0
940GZZLUHPK,940GZZLUWSM,0.0,0.70500004,24.395,15.698,5.397,0.641,0.123,0.0
940GZZLUHPK,940GZZLUWPL,0.0,0.0,2.151,2.636,1.302,0.529,0.02,0.0
940GZZLUHPK,940GZZLUWIG,0.0,0.0,0.138,4.314,4.346,1.7129999,0.307,0.0
940GZZLUHPK,940GZZLUPCO,0.0,0.071,7.387,9.906,4.946,2.05,0.938,0.0
940GZZLUHPK,940GZZLUVXL,0.0,1.532,5.619,8.029,9.568,6.7139997,2.482,0.0
940GZZLUHPK,940GZZLUBXN,0.0,0.546,3.662,16.724,25.798,11.921,2.468,0.0
940GZZLUHPK,940GZZLUSWK,0.0,1.012,14.701,9.115,10.591,1.021,0.452,0.0
940GZZLUHPK,940GZZLUBMY,0.0,0.0,4.116,4.602,3.863,1.978,0.704,0.0
940GZZLUHPK,940GZZLUCWR,0.0,0.337,7.349,14.051,21.309,10.648,2.426,0.0
940GZZLUHWY,940GZZLUBBN,0.0,1.079,28.802,10.269,5.792,2.549,1.045,0.0
940GZZLUHWY,940GZZLUALD,0.0,2.016,46.303,29.522,14.573,3.051,0.755,0.0
940GZZLUHWY,940GZZLUADE,0.0,0.082,9.073,12.758,6.143,2.389,1.186,0.0
940GZZLUHWY,940GZZLUAGL,0.0,0.145,3.052,12.205,6.0160003,2.369,0.169,0.0
940GZZLUHWY,940GZZLUBST,0.0,1.822,43.5,33.912,18.433,5.586,1.386,0.0
940GZZLUHWY,940GZZLUBNK,0.0,9.111,98.316,64.461,58.731,12.906,5.656,0.0
940GZZLUHWY,940GZZLUBSC,0.0,0.401,21.513,14.103,8.517,3.298,1.505,0.0
940GZZLUHWY,940GZZLUBWT,0.0,0.0,0.513,1.185,0.565,0.50200003,0.218,0.0
940GZZLUHWY,940GZZLUBLG,0.0,0.175,5.782,13.979,11.867,5.254,3.064,0.008
940GZZLUHWY,940GZZLUBKF,0.0,0.0,0.71,0.621,0.903,0.163,0.007,0.0
940GZZLUHWY,940GZZLUBND,0.0,3.328,29.957,35.018,11.276,2.486,0.633,0.0
940GZZLUHWY,940GZZLUBOR,0.0,0.33,13.946,15.345,8.195,2.918,1.909,0.0
940GZZLUHWY,940GZZLUCAR,0.0,1.507,11.962,19.145,12.223,9.349,2.719,0.001
940GZZLUHWY,940GZZLUCTN,0.0,0.0,4.588,14.826,7.225,3.606,0.927,0.0
940GZZLUHWY,940GZZLUCST,0.0,0.0,0.145,0.0,0.0,0.0,0.0,0.0
940GZZLUHWY,940GZZLUCHL,0.0,0.847,17.711,14.894,4.014,1.256,0.143,0.0
940GZZLUHWY,940GZZLUEMB,0.0,0.768,5.138,4.796,4.845,0.75,0.096,0.0
940GZZLUHWY,940GZZLUCGN,0.0,7.45,83.454,113.211,69.598,14.683,1.85,0.002
940GZZLUHWY,940GZZLUECT,0.0,3.23,19.899,16.748,15.226,6.084,3.673,0.013
940GZZLUHWY,940GZZLUERC,0.0,1.8989999,20.23,8.469,6.68,3.261,0.546,0.0
940GZZLUHWY,940GZZLUEAC,0.0,0.262,12.652,34.892,38.28,11.27,4.223,0.0
940GZZLUHWY,940GZZLUEUS,0.0,3.232,36.486,54.403,30.468,8.446,2.497,0.0
940GZZLUHWY,940GZZLUESQ,0.0,0.495,100.151,132.832,20.779,2.712,0.15200001,0.0
940GZZLUHWY,940GZZLUFCN,0.0,5.951,111.016,41.271,34.169,10.314,2.052,0.0
940GZZLUHWY,940GZZLUFYR,0.0,0.127,5.6019998,4.406,3.367,1.014,0.403,0.0
940GZZLUHWY,940GZZLUFPK,0.0,1.889,38.642,54.752,49.659,31.131,9.188,0.01
940GZZLUHWY,940GZZLUFBY,0.0,0.527,10.345,9.938,4.151,1.643,0.664,0.0
940GZZLUHWY,940GZZLUGTR,0.0,1.678,24.027,16.326,9.334,2.221,1.241,0.008
940GZZLUHWY,940GZZLUGDG,0.0,0.143,3.322,4.997,2.106,0.785,0.079,0.0
940GZZLUHWY,940GZZLUGPS,0.0,0.774,23.887,10.86,6.416,3.009,0.647,0.0
940GZZLUHWY,940GZZLUGPK,0.0,7.369,58.998,35.86,17.195,5.192,0.683,0.0
940GZZLUHWY,940GZZLUHSD,0.0,2.116,65.33,24.444,25.447,9.87,3.809,0.012
940GZZLUHWY,940GZZLUHAI,0.0,0.101,3.908,7.645,3.398,2.43,0.64,0.0
940GZZLUHWY,940GZZLUHSK,0.0,0.47100002,8.15,6.341,3.419,0.36,0.535,0.0
940GZZLUHWY,940GZZLUHBN,0.0,7.211,275.007,210.237,60.745,13.771,2.3669999,0.003
940GZZLUHWY,940GZZLUHPK,0.0,0.168,6.861,2.185,1.334,0.30900002,0.204,0.0
940GZZLUHWY,940GZZLUHPC,0.0,3.795,21.133,13.782,6.51,1.257,0.824,0.0
940GZZLUHWY,940GZZLUKNG,0.0,0.0,2.784,4.873,6.178,1.903,1.053,0.0
940GZZLUHWY,940GZZLUKSH,0.0,0.0,0.322,1.9070001,2.221,1.184,0.089,0.0
940GZZLUHWY,940GZZLUKBN,0.0,0.507,0.249,3.455,3.661,2.0740001,1.082,0.002
940GZZLUHWY,940GZZLUKSX,0.0,19.661,199.581,236.248,185.504,47.927,11.8220005,0.004
940GZZLUHWY,940GZZLUKNB,0.0,4.29,40.923,33.785,15.037,4.057,1.738,0.023
940GZZLUHWY,940GZZLULBN,0.0,1.3809999,4.592,6.973,4.385,1.641,1.124,0.0
940GZZLUHWY,940GZZLULGT,0.0,0.507,1.472,3.84,4.3059998,1.91,1.2310001,0.0
940GZZLUHWY,940GZZLULSQ,0.0,5.118,69.344,119.028,88.026,27.532,8.316,0.004
940GZZLUHWY,940GZZLULVT,0.0,1.442,61.603,36.408,43.136,9.422,4.293,0.0
940GZZLUHWY,940GZZLULNB,0.0,5.008,59.399,56.98,67.308,19.058,5.231,0.0
940GZZLUHWY,940GZZLUMBA,0.0,1.667,14.972,12.512,6.307,3.24,0.723,0.0
940GZZLUHWY,940GZZLUMYB,0.0,0.162,6.067,6.924,7.633,0.943,0.755,0.0
940GZZLUHWY,940GZZLUMED,0.0,0.0,5.502,14.325,12.889,4.655,2.4,0.0
940GZZLUHWY,940GZZLUMGT,0.0,3.157,34.456,14.453,8.92,0.352,0.368,0.0
940GZZLUHWY,940GZZLUMTC,0.0,0.454,0.493,1.291,0.55,0.106000006,0.081,0.0
940GZZLUHWY,940GZZLUNHG,0.0,0.619,8.224,9.361,3.94,1.423,0.617,0.0
940GZZLUHWY,940GZZLUODS,0.0,0.413,18.0,16.211,9.257,5.689,0.702,0.0
940GZZLUHWY,940GZZLUOVL,0.0,0.0,4.049,5.893,4.958,2.724,1.571,0.003
940GZZLUHWY,940GZZLUOXC,0.0,5.515,51.867,82.749,42.029,6.016,1.018,0.0
940GZZLUHWY,940GZZLUPAC,0.0,6.299,34.559002,31.788,32.146,9.827,4.022,0.0
940GZZLUHWY,940GZZLUPCC,0.0,7.409,93.13,111.455,74.259,20.964,4.1349998,0.009
940GZZLUHWY,940GZZLUQWY,0.0,1.742,5.393,5.657,4.096,1.863,1.689,0.0
940GZZLUHWY,940GZZLURGP,0.0,0.0,2.181,1.728,0.77,0.196,0.01,0.0
940GZZLUHWY,940GZZLURYO,0.0,0.0,4.795,3.119,3.111,1.805,0.431,0.0
940GZZLUHWY,940GZZLURSQ,0.0,3.4420002,268.791,376.863,85.73,16.392,4.859,0.008
940GZZLUHWY,940GZZLUSJP,0.0,0.0,5.384,1.9120001,0.6,0.737,0.128,0.0
940GZZLUHWY,940GZZLUSJW,0.0,0.211,5.292,2.892,2.29,0.771,0.09,0.0
940GZZLUHWY,940GZZLUSPU,0.0,2.779,44.545002,15.824,6.044,0.52500004,0.072,0.0
940GZZLUHWY,940GZZLUSBC,0.0,2.319,11.735,17.135,12.328,3.4029999,1.391,0.006
940GZZLUHWY,940GZZLUSSQ,0.0,0.228,1.937,5.952,2.7910001,0.778,0.12100001,0.0
940GZZLUHWY,940GZZLUSKS,0.0,7.02,70.192,53.508,22.857,7.284,1.46,0.0
940GZZLUHWY,940GZZLUSKW,0.0,0.343,2.45,5.096,8.861,3.431,0.828,0.0
940GZZLUHWY,940GZZLUCHX,0.0,0.087000005,3.988,5.428,7.696,2.401,2.542,0.0
940GZZLUHWY,940GZZLUSWC,0.0,0.0,3.281,1.921,2.342,0.221,0.285,0.0
940GZZLUHWY,940GZZLUTCR,0.0,0.542,18.955,33.129,16.252,4.237,0.395,0.0
940GZZLUHWY,940GZZLUTWH,0.0,0.056,5.127,9.477,4.479,2.812,0.227,0.0
940GZZLUHWY,940GZZLUVIC,0.0,12.573,64.088,76.179,101.456,31.77,7.465,0.0
940GZZLUHWY,940GZZLUWRR,0.0,0.367,25.198,21.321,7.099,4.043,0.6,0.0
940GZZLUHWY,940GZZLUWKA,0.0,0.356,2.763,2.705,1.627,0.497,0.787,0.0
940GZZLUHWY,940GZZLUWLO,0.0,12.618,45.962,36.345,66.834,16.444,5.143,0.0
940GZZLUHWY,940GZZLUWBN,0.0,0.754,5.1,1.474,2.167,0.805,0.542,0.0
940GZZLUHWY,940GZZLUWHP,0.0,0.0,0.744,1.647,2.386,0.695,0.414,0.003
940GZZLUHWY,940GZZLUWKN,0.0,0.0,2.295,3.08,1.4860001,1.659,0.12900001,0.0
940GZZLUHWY,940GZZLUWSM,0.0,1.57,17.406,9.492,4.252,0.713,0.122,0.0
940GZZLUHWY,940GZZLUWPL,0.0,0.0,2.039,2.213,0.989,0.809,0.301,0.0
940GZZLUHWY,940GZZLUWIG,0.0,0.308,1.565,4.688,5.832,2.562,0.867,0.004
940GZZLUHWY,940GZZLUERB,0.0,0.047000002,1.341,2.2220001,2.341,0.676,0.14,0.0
940GZZLUHWY,940GZZLUPCO,0.0,0.338,10.998,7.412,6.606,1.624,0.64,0.0
940GZZLUHWY,940GZZLUVXL,0.0,3.313,26.846,17.693,25.367,10.472,3.813,0.0
940GZZLUHWY,940GZZLUBXN,0.0,1.256,6.158,22.153,23.272,11.643,5.9,0.014
940GZZLUHWY,940GZZLUSWK,0.0,0.288,14.461,10.438,8.428,1.3840001,1.183,0.0
940GZZLUHWY,940GZZLUBMY,0.0,0.085,0.96,4.046,5.634,1.847,1.371,0.004
940GZZLUHWY,940GZZLUCWR,0.0,2.013,0.763,4.337,5.326,4.518,1.387,0.003
940GZZLUHPC,940GZZLUBBN,0.0,0.0,0.798,5.112,3.241,1.274,0.352,0.0
940GZZLUHPC,940GZZLUALD,0.0,0.0,0.23300001,2.665,4.028,1.04,0.734,0.0
940GZZLUHPC,940GZZLUADE,0.0,0.0,0.414,5.043,6.138,3.511,0.813,0.0
940GZZLUHPC,940GZZLUAGL,0.0,0.272,1.552,7.297,8.232,3.216,2.192,0.0
940GZZLUHPC,940GZZLUBST,0.0,0.0,0.86,13.778,8.574,1.66,1.295,0.0
940GZZLUHPC,940GZZLUBNK,0.0,0.461,10.759,49.802,23.28,5.428,2.601,0.0
940GZZLUHPC,940GZZLUBSC,0.0,0.05,3.887,14.118,21.786,9.877,6.016,0.0
940GZZLUHPC,940GZZLUBWT,0.0,0.0,0.201,6.164,5.016,5.175,1.694,0.0
940GZZLUHPC,940GZZLUBLG,0.0,0.286,0.784,4.406,9.317,4.263,3.594,0.0
940GZZLUHPC,940GZZLUBKF,0.0,0.0,1.485,5.496,3.266,1.067,0.246,0.0
940GZZLUHPC,940GZZLUBND,0.0,0.085,1.641,22.466,9.886,2.068,0.424,0.0
940GZZLUHPC,940GZZLUBOR,0.0,0.0,0.0,1.987,1.165,0.81200004,0.283,0.0
940GZZLUHPC,940GZZLUCAR,0.0,0.51,2.606,6.996,11.673,4.955,2.729,0.0
940GZZLUHPC,940GZZLUCTN,0.0,0.185,0.599,28.011,13.283,3.991,1.229,0.0
940GZZLUHPC,940GZZLUCST,0.0,0.0,0.663,1.1800001,1.304,0.294,0.0,0.0
940GZZLUHPC,940GZZLUCHL,0.0,0.41,2.341,12.424,6.887,0.853,0.852,0.0
940GZZLUHPC,940GZZLUEMB,0.0,0.162,0.776,7.53,5.8849998,1.014,0.075,0.0
940GZZLUHPC,940GZZLUCGN,0.0,0.549,7.632,98.583,57.379,13.777,3.353,0.0
940GZZLUHPC,940GZZLUECT,0.0,0.426,3.743,44.592,55.274,29.088,12.895,0.0
940GZZLUHPC,940GZZLUERC,0.0,0.0,0.138,1.268,0.709,0.485,0.025,0.0
940GZZLUHPC,940GZZLUEAC,0.0,0.0,3.43,12.644,13.177,6.346,3.392,0.0
940GZZLUHPC,940GZZLUEUS,0.0,0.189,3.397,19.863,28.64,10.402,2.7220001,0.006
940GZZLUHPC,940GZZLUFCN,0.0,0.005,0.485,5.985,3.267,1.045,0.708,0.0
940GZZLUHPC,940GZZLUFYR,0.0,0.0,0.175,3.337,6.376,1.5370001,0.335,0.0
940GZZLUHPC,940GZZLUFPK,0.0,0.303,4.661,17.55,29.505,10.77,6.38,0.0
940GZZLUHPC,940GZZLUFBY,0.0,0.0,0.675,8.458,11.577,5.657,1.9169999,0.0
940GZZLUHPC,940GZZLUGTR,0.0,0.0,5.824,33.454998,33.039,15.567,9.151,0.0
940GZZLUHPC,940GZZLUGDG,0.0,0.0,2.92,5.755,3.526,1.03,0.551,0.0
940GZZLUHPC,940GZZLUGPK,0.0,0.43400002,8.19,49.371,17.564,5.145,1.049,0.0
940GZZLUHPC,940GZZLUHSD,0.0,1.126,15.167,47.051,67.585,24.724,11.104,0.0
940GZZLUHPC,940GZZLUHAI,0.0,0.068,1.642,9.181,16.005,5.917,3.269,0.0
940GZZLUHPC,940GZZLUHSK,0.0,0.0,0.082,7.391,5.983,1.937,0.748,0.0
940GZZLUHPC,940GZZLUHBN,0.0,0.48,15.82,69.148,26.821,6.524,3.619,0.0
940GZZLUHPC,940GZZLUHWY,0.0,0.552,1.637,7.284,12.339,5.05,3.107,0.0
940GZZLUHPC,940GZZLUKNG,0.0,0.0,0.105000004,2.023,2.801,1.17,1.494,0.0
940GZZLUHPC,940GZZLUKOY,0.0,0.0,0.0,0.0,0.0,0.049,0.0,0.0
940GZZLUHPC,940GZZLUKSH,0.0,0.293,1.242,3.111,2.809,1.406,0.911,0.0
940GZZLUHPC,940GZZLUKBN,0.0,0.091,0.065000005,1.751,4.31,1.952,0.807,0.0
940GZZLUHPC,940GZZLUKSX,0.0,2.366,14.408,107.433,128.754,36.689,15.8029995,0.0
940GZZLUHPC,940GZZLUKNB,0.0,0.161,3.172,56.795,22.563,3.554,0.855,0.0
940GZZLUHPC,940GZZLULBN,0.0,0.0,0.336,4.8849998,2.746,2.15,0.672,0.0
940GZZLUHPC,940GZZLULGT,0.0,0.0,0.19,2.375,1.271,0.644,0.301,0.0
940GZZLUHPC,940GZZLULSQ,0.0,0.716,9.081,104.423,76.475,32.245,10.962,0.0
940GZZLUHPC,940GZZLULVT,0.0,0.151,11.606,56.239,50.265,15.054,7.645,0.0
940GZZLUHPC,940GZZLULNB,0.0,0.096,5.316,48.324,58.579,15.442,8.455,0.0
940GZZLUHPC,940GZZLUMSH,0.0,0.288,0.119,1.405,0.331,0.503,0.057000004,0.0
940GZZLUHPC,940GZZLUMBA,0.0,0.0,0.213,3.412,1.393,0.67800003,0.062000003,0.0
940GZZLUHPC,940GZZLUMYB,0.0,0.0,1.548,7.625,12.614,3.674,1.198,0.0
940GZZLUHPC,940GZZLUMED,0.0,0.161,0.255,3.702,4.767,3.287,3.146,0.0
940GZZLUHPC,940GZZLUMGT,0.0,0.191,1.757,7.961,2.615,0.797,0.096,0.0
940GZZLUHPC,940GZZLUMTC,0.0,0.0,0.565,1.044,2.898,1.564,0.40399998,0.0
940GZZLUHPC,940GZZLUNHG,0.0,0.0,0.676,8.539,3.028,0.794,0.58,0.0
940GZZLUHPC,940GZZLUODS,0.0,0.495,4.159,14.333,12.334,7.12,3.9,0.0
940GZZLUHPC,940GZZLUOVL,0.0,0.0,0.0,1.7590001,1.067,0.691,0.602,0.0
940GZZLUHPC,940GZZLUOXC,0.0,0.165,4.067,49.919,25.43,6.03,0.938,0.0
940GZZLUHPC,940GZZLUPAC,0.0,0.007999999,1.309,19.157,21.217,9.592,2.2220001,0.0
940GZZLUHPC,940GZZLUPCC,0.0,0.536,10.203,162.254,103.513,37.769,10.901,0.0
940GZZLUHPC,940GZZLUQWY,0.0,0.0,0.0,5.609,2.863,0.938,0.262,0.0
940GZZLUHPC,940GZZLURGP,0.0,0.241,3.2450001,3.817,1.562,0.452,0.21,0.0
940GZZLUHPC,940GZZLURSQ,0.0,1.463,8.929,44.879,30.829,14.394,6.337,0.0
940GZZLUHPC,940GZZLUSJP,0.0,0.0,0.848,2.309,1.325,0.787,0.354,0.0
940GZZLUHPC,940GZZLUSJW,0.0,0.38,1.997,3.56,3.187,1.394,0.45700002,0.0
940GZZLUHPC,940GZZLUSPU,0.0,0.411,8.595,27.668,6.689,2.037,0.102,0.0
940GZZLUHPC,940GZZLUSBC,0.0,0.0,0.279,4.396,4.478,1.711,0.367,0.0
940GZZLUHPC,940GZZLUSSQ,0.0,0.0,0.75,3.563,1.754,0.895,0.402,0.0
940GZZLUHPC,940GZZLUSKS,0.0,0.934,6.426,88.088,28.761,13.507,4.712,0.0
940GZZLUHPC,940GZZLUSKW,0.0,0.0,1.091,1.126,3.653,2.665,1.04,0.0
940GZZLUHPC,940GZZLUCHX,0.0,0.0,1.104,12.426,20.258,4.743,1.311,0.0
940GZZLUHPC,940GZZLUSWC,0.0,0.060000002,0.084,2.811,4.416,1.771,0.553,0.0
940GZZLUHPC,940GZZLUTMP,0.0,0.0,0.118,1.5370001,0.642,0.279,0.214,0.0
940GZZLUHPC,940GZZLUTCR,0.0,0.0,1.519,13.857,9.195,3.925,1.0550001,0.0
940GZZLUHPC,940GZZLUTWH,0.0,0.0,0.91400003,15.465,13.0,5.037,1.473,0.0
940GZZLUHPC,940GZZLUVIC,0.0,0.145,3.68,34.206,46.049,20.652,8.826,0.0
940GZZLUHPC,940GZZLUWRR,0.0,0.092,2.132,7.485,5.578,1.563,0.775,0.0
940GZZLUHPC,940GZZLUWKA,0.0,0.0,0.109,0.619,0.695,0.662,0.099,0.0
940GZZLUHPC,940GZZLUWLO,0.0,0.843,1.44,30.639,58.344,20.336,8.331,0.0
940GZZLUHPC,940GZZLUWBN,0.0,0.048,1.354,4.341,8.602,3.316,1.525,0.0
940GZZLUHPC,940GZZLUWHP,0.0,0.0,0.397,4.971,6.0360003,2.134,0.967,0.0
940GZZLUHPC,940GZZLUWKN,0.0,0.0,0.269,2.48,4.568,2.402,1.586,0.0
940GZZLUHPC,940GZZLUWSM,0.0,0.075,1.822,35.399,9.354,2.573,1.005,0.0
940GZZLUHPC,940GZZLUWPL,0.0,0.202,0.17300001,1.52,1.825,0.613,0.235,0.0
940GZZLUHPC,940GZZLUWIG,0.0,0.0,1.144,3.36,5.404,2.3140001,1.385,0.0
940GZZLUHPC,940GZZLUERB,0.0,0.0,0.384,0.672,1.4,0.592,0.104,0.0
940GZZLUHPC,940GZZLUPCO,0.0,0.0,0.169,4.0690002,2.059,3.309,0.79,0.0
940GZZLUHPC,940GZZLUVXL,0.0,0.0,0.261,3.8370001,9.869,5.322,3.353,0.0
940GZZLUHPC,940GZZLUBXN,0.0,0.0,0.551,6.6,10.756,5.264,4.13,0.0
940GZZLUHPC,940GZZLUSWK,0.0,0.0,0.999,12.809,12.917,4.923,1.496,0.0
940GZZLUHPC,940GZZLUBMY,0.0,0.097,0.453,4.028,5.673,2.94,1.82,0.0
940GZZLUHPC,940GZZLUCWR,0.0,0.0,1.987,11.122,21.316,8.383,4.144,0.0
940GZZLUKNG,940GZZLUBBN,0.0,0.882,9.754,2.887,1.663,1.478,0.328,0.0
940GZZLUKNG,940GZZLUALD,0.0,0.128,4.028,3.01,1.794,0.143,0.506,0.0
940GZZLUKNG,940GZZLUADE,0.0,1.53,18.961,8.423,6.031,1.366,0.591,0.0
940GZZLUKNG,940GZZLUAGL,0.0,3.107,54.89,32.27,28.566,13.659,8.002,0.0
940GZZLUKNG,940GZZLUBST,0.0,1.398,16.922,9.335,5.255,1.283,0.628,0.0
940GZZLUKNG,940GZZLUBNK,0.0,23.35,255.344,85.688,81.94,22.118,8.326,0.0
940GZZLUKNG,940GZZLUBSC,0.0,0.40600002,10.056,2.167,1.6800001,0.925,0.293,0.0
940GZZLUKNG,940GZZLUBLG,0.0,0.642,13.535,8.675,11.115,7.98,4.529,0.0
940GZZLUKNG,940GZZLUBKF,0.0,2.184,42.821,6.808,6.662,0.505,0.153,0.0
940GZZLUKNG,940GZZLUBND,0.0,6.131,45.941,28.754,10.055,2.623,1.216,0.0
940GZZLUKNG,940GZZLUBOR,0.0,0.362,18.593,20.689,10.445,5.1940002,2.654,0.0
940GZZLUKNG,940GZZLUCAR,0.0,0.366,6.19,2.466,2.398,1.147,1.578,0.0
940GZZLUKNG,940GZZLUCTN,0.0,2.727,43.772,20.942,20.866,11.318,2.3040001,0.0
940GZZLUKNG,940GZZLUCST,0.0,0.21000001,7.563,1.506,0.408,0.0,0.0,0.0
940GZZLUKNG,940GZZLUCHL,0.0,0.594,32.52,14.342,4.51,0.753,0.0,0.0
940GZZLUKNG,940GZZLUEMB,0.0,4.884,74.811,30.884,19.201,6.164,3.339,0.0
940GZZLUKNG,940GZZLUCGN,0.0,0.168,3.334,3.059,2.157,0.215,0.0,0.0
940GZZLUKNG,940GZZLUECT,0.0,0.322,13.478,9.632,4.087,2.923,1.553,0.0
940GZZLUKNG,940GZZLUEAC,0.0,0.0,2.804,11.691,5.5160003,2.012,1.533,0.0
940GZZLUKNG,940GZZLUEUS,0.0,12.132,66.701,37.251,31.219,10.01,3.44,0.004
940GZZLUKNG,940GZZLUFCN,0.0,1.684,19.292,4.681,3.254,1.275,0.014,0.0
940GZZLUKNG,940GZZLUFYR,0.0,0.33,4.778,2.825,2.09,1.05,1.944,0.0
940GZZLUKNG,940GZZLUFPK,0.0,0.193,6.869,6.536,6.062,5.455,2.73,0.0
940GZZLUKNG,940GZZLUFBY,0.0,0.515,11.406,5.667,2.774,1.812,1.3100001,0.0
940GZZLUKNG,940GZZLUGTR,0.0,0.524,12.703,7.225,4.081,1.255,1.901,0.0
940GZZLUKNG,940GZZLUGDG,0.0,5.102,126.397,61.821,22.738,5.695,1.331,0.0
940GZZLUKNG,940GZZLUGPK,0.0,4.9639997,25.978,20.567,8.819,4.791,0.57,0.0
940GZZLUKNG,940GZZLUHSD,0.0,4.532,47.045,10.754,9.667,2.366,0.58100003,0.0
940GZZLUKNG,940GZZLUHAI,0.0,1.157,15.473001,3.841,3.58,2.245,1.52,0.0
940GZZLUKNG,940GZZLUHSK,0.0,1.794,24.058,7.8849998,3.718,0.571,0.473,0.0
940GZZLUKNG,940GZZLUHBN,0.0,1.279,21.038,10.978,4.794,1.367,0.22,0.0
940GZZLUKNG,940GZZLUHPK,0.0,0.438,8.286,2.272,1.698,1.073,0.147,0.0
940GZZLUKNG,940GZZLUHWY,0.0,0.346,7.238,6.308,1.624,2.606,1.99,0.0
940GZZLUKNG,940GZZLUHPC,0.0,0.326,4.204,4.087,1.149,0.32000002,0.008,0.0
940GZZLUKNG,940GZZLUKSH,0.0,2.203,21.814001,7.461,9.798,5.176,3.125,0.0
940GZZLUKNG,940GZZLUKBN,0.0,0.093,3.903,1.46,4.209,2.217,2.276,0.0
940GZZLUKNG,940GZZLUKSX,0.0,18.343,72.205,68.501,44.913002,16.126,4.466,0.0
940GZZLUKNG,940GZZLUKNB,0.0,2.414,19.897,13.455,2.169,1.04,0.121,0.0
940GZZLUKNG,940GZZLULBN,0.0,0.0,0.169,1.313,0.544,0.658,0.145,0.0
940GZZLUKNG,940GZZLULGT,0.0,0.15,5.208,1.772,3.849,0.244,0.707,0.0
940GZZLUKNG,940GZZLULSQ,0.0,9.12,107.076,128.835,83.068,39.442,6.257,0.0
940GZZLUKNG,940GZZLULVT,0.0,4.962,24.67,22.972,30.125,6.907,1.772,0.0
940GZZLUKNG,940GZZLULNB,0.0,17.51,127.158,120.944,129.76,51.561,19.675,0.0
940GZZLUKNG,940GZZLUMSH,0.0,1.355,13.003,2.291,0.533,0.493,0.0,0.0
940GZZLUKNG,940GZZLUMBA,0.0,1.362,13.155,6.014,4.792,2.1200001,0.516,0.0
940GZZLUKNG,940GZZLUMYB,0.0,1.097,10.055,9.844,11.198,3.336,1.309,0.0
940GZZLUKNG,940GZZLUMED,0.0,0.296,8.552,7.35,5.614,4.8,1.67,0.0
940GZZLUKNG,940GZZLUMGT,0.0,23.72,205.883,51.964,54.525,11.634,5.558,0.0
940GZZLUKNG,940GZZLUMTC,0.0,2.077,37.771,10.019,6.415,1.751,1.053,0.0
940GZZLUKNG,940GZZLUNHG,0.0,0.120000005,16.844,6.204,4.8190002,2.442,0.674,0.0
940GZZLUKNG,940GZZLUODS,0.0,2.511,155.893,69.455,44.514,26.31,9.681,0.0
940GZZLUKNG,940GZZLUOVL,0.0,0.065,3.2120001,6.7400002,3.016,2.651,1.229,0.002
940GZZLUKNG,940GZZLUOXC,0.0,3.988,44.696,38.062,19.085,3.882,1.439,0.0
940GZZLUKNG,940GZZLUPAC,0.0,4.942,42.414,20.039,23.003,8.895,0.631,0.0
940GZZLUKNG,940GZZLUPCC,0.0,3.183,21.788,19.777,9.621,4.325,0.641,0.0
940GZZLUKNG,940GZZLUQWY,0.0,0.558,7.241,2.903,2.677,1.805,0.382,0.0
940GZZLUKNG,940GZZLURGP,0.0,0.0,10.589,4.476,2.241,0.89,0.615,0.0
940GZZLUKNG,940GZZLURSQ,0.0,0.059,10.408,5.743,3.352,1.19,0.42000002,0.0
940GZZLUKNG,940GZZLUSJP,0.0,1.195,32.361,8.961,3.155,0.866,0.009,0.0
940GZZLUKNG,940GZZLUSJW,0.0,0.851,9.838,3.491,1.267,0.94200003,0.46,0.0
940GZZLUKNG,940GZZLUSPU,0.0,0.199,6.701,5.873,1.243,0.46400002,0.012,0.0
940GZZLUKNG,940GZZLUSBC,0.0,1.176,18.214,13.438,13.71,4.257,0.732,0.0
940GZZLUKNG,940GZZLUSSQ,0.0,0.315,24.863,18.563,11.482,2.516,0.298,0.0
940GZZLUKNG,940GZZLUSKS,0.0,2.808,53.53,35.016,11.457,2.5310001,1.024,0.0
940GZZLUKNG,940GZZLUSKW,0.0,0.249,7.901,11.854,9.082,6.885,4.044,0.01
940GZZLUKNG,940GZZLUCHX,0.0,6.399,48.806,46.933,44.678,11.81,2.56,0.0
940GZZLUKNG,940GZZLUSWC,0.0,0.603,9.241,2.228,2.065,1.1,0.282,0.0
940GZZLUKNG,940GZZLUTMP,0.0,0.628,28.588,14.571,5.263,0.853,0.015,0.0
940GZZLUKNG,940GZZLUTCR,0.0,15.907001,204.807,124.795,57.693,19.594,7.319,0.0
940GZZLUKNG,940GZZLUTWH,0.0,0.9,16.761,9.93,7.79,1.702,1.006,0.0
940GZZLUKNG,940GZZLUVIC,0.0,4.683,35.065,35.57,29.458,7.813,2.474,0.0
940GZZLUKNG,940GZZLUWRR,0.0,4.109,97.376,35.177,12.951,5.531,2.271,0.0
940GZZLUKNG,940GZZLUWKA,0.0,0.0,1.6389999,1.464,1.934,0.726,0.385,0.0
940GZZLUKNG,940GZZLUWLO,0.0,21.914,127.349,90.695,118.207,47.711,18.758,0.0
940GZZLUKNG,940GZZLUWBN,0.0,0.2,8.637,3.409,1.792,0.784,0.0,0.0
940GZZLUKNG,940GZZLUWHP,0.0,1.103,7.301,2.181,2.643,1.467,0.97900003,0.0
940GZZLUKNG,940GZZLUWKN,0.0,0.313,6.055,1.918,2.433,1.386,0.681,0.0
940GZZLUKNG,940GZZLUWSM,0.0,1.947,11.089,6.3190002,1.885,1.948,0.199,0.0
940GZZLUKNG,940GZZLUWPL,0.0,2.145,14.618,5.473,2.887,1.558,0.34600002,0.0
940GZZLUKNG,940GZZLUWIG,0.0,0.158,1.997,1.571,3.698,1.847,1.3510001,0.0
940GZZLUKNG,940GZZLUERB,0.0,0.11,13.456,4.937,1.748,0.426,0.70100003,0.0
940GZZLUKNG,940GZZLUPCO,0.0,0.303,15.246,6.7070003,2.305,1.696,1.227,0.0
940GZZLUKNG,940GZZLUVXL,0.0,0.0,9.5,5.083,6.256,2.138,0.824,0.0
940GZZLUKNG,940GZZLUBXN,0.0,0.82,7.923,15.929,11.618,7.714,5.929,0.041
940GZZLUKNG,940GZZLUSWK,0.0,0.24700001,2.947,5.508,4.434,0.888,0.142,0.0
940GZZLUKNG,940GZZLUBMY,0.0,0.712,7.179,4.604,5.051,2.242,1.448,0.0
940GZZLUKNG,940GZZLUCWR,0.0,0.855,13.816,12.143,15.023,9.557,2.785,0.0
940GZZLUKOY,940GZZLUBBN,0.0,0.0,0.0,0.0,0.0,0.001,0.0,0.0
940GZZLUKOY,940GZZLUADE,0.0,0.812,0.0,0.0,0.0,0.386,0.0,0.0
940GZZLUKOY,940GZZLUAGL,0.0,0.039,0.073,0.0,0.0,0.072,0.0,0.0
940GZZLUKOY,940GZZLUBST,0.0,0.010000001,0.026,0.0,0.0,0.02,0.0,0.0
940GZZLUKOY,940GZZLUBNK,0.0,8.423,0.0,0.0,0.0,1.43,0.0,0.0
940GZZLUKOY,940GZZLUBSC,0.0,0.075,0.0,0.0,0.0,0.0,0.0,0.0
940GZZLUKOY,940GZZLUBWT,0.0,0.482,0.0,0.0,0.0,0.0,0.0,0.0
940GZZLUKOY,940GZZLUBLG,0.0,0.138,0.0,0.0,0.0,0.043,0.0,0.0
940GZZLUKOY,940GZZLUBKF,0.0,3.706,0.0,0.0,0.0,0.551,0.0,0.0
940GZZLUKOY,940GZZLUBND,0.0,0.0,0.0,0.0,0.0,0.04,0.0,0.0
940GZZLUKOY,940GZZLUBOR,0.0,0.016,0.0,0.0,0.0,0.14,0.0,0.0
940GZZLUKOY,940GZZLUCAR,0.0,0.019,0.0,0.0,0.0,0.0,0.0,0.0
940GZZLUKOY,940GZZLUCTN,0.0,0.054,0.041,0.0,0.0,0.16,0.0,0.0
940GZZLUKOY,940GZZLUCST,0.0,1.0929999,0.0,0.0,0.0,0.069,0.0,0.0
940GZZLUKOY,940GZZLUCHL,0.0,0.029,0.096,0.0,0.0,0.007,0.0,0.0
940GZZLUKOY,940GZZLUEMB,0.0,2.883,0.0,0.0,0.0,3.933,0.0,0.0
940GZZLUKOY,940GZZLUCGN,0.0,1.323,0.596,0.0,0.0,4.308,0.0,0.0
940GZZLUKOY,940GZZLUECT,0.0,5.185,1.728,0.0,0.0,8.058001,0.0,0.0
940GZZLUKOY,940GZZLUERC,0.0,0.411,0.274,0.0,0.0,0.0,0.0,0.0
940GZZLUKOY,940GZZLUEAC,0.0,0.0,0.002,0.0,0.0,0.095000006,0.0,0.0
940GZZLUKOY,940GZZLUEUS,0.0,0.341,0.0,0.0,0.0,0.765,0.0,0.0
940GZZLUKOY,940GZZLUFCN,0.0,0.010000001,0.042,0.0,0.0,0.0050000004,0.0,0.0
940GZZLUKOY,940GZZLUFPK,0.0,0.286,0.0,0.0,0.0,0.531,0.0,0.0
940GZZLUKOY,940GZZLUFBY,0.0,0.037,0.125,0.0,0.0,0.065,0.0,0.0
940GZZLUKOY,940GZZLUGTR,0.0,3.08,0.241,0.0,0.0,2.056,0.0,0.0
940GZZLUKOY,940GZZLUGDG,0.0,0.065000005,0.119,0.0,0.0,0.38799998,0.0,0.0
940GZZLUKOY,940GZZLUGPK,0.0,0.934,0.399,0.0,0.0,1.0,0.0,0.0
940GZZLUKOY,940GZZLUHSD,0.0,0.915,0.235,0.0,0.0,2.185,0.0,0.0
940GZZLUKOY,940GZZLUHAI,0.0,0.28,0.0,0.0,0.0,0.141,0.0,0.0
940GZZLUKOY,940GZZLUHSK,0.0,2.965,0.418,0.0,0.0,3.079,0.0,0.0
940GZZLUKOY,940GZZLUHBN,0.0,0.051,0.218,0.0,0.0,0.053000003,0.0,0.0
940GZZLUKOY,940GZZLUHWY,0.0,0.004,0.0,0.0,0.0,0.0,0.0,0.0
940GZZLUKOY,940GZZLUHPC,0.0,2.588,0.564,0.0,0.0,0.707,0.0,0.0
940GZZLUKOY,940GZZLUKNG,0.0,0.214,0.0,0.0,0.0,0.0,0.0,0.0
940GZZLUKOY,940GZZLUKSX,0.0,1.198,0.133,0.0,0.0,1.629,0.0,0.0
940GZZLUKOY,940GZZLUKNB,0.0,2.9620001,0.44,0.0,0.0,2.045,0.0,0.0
940GZZLUKOY,940GZZLULSQ,0.0,2.041,0.822,0.0,0.0,6.031,0.0,0.0
940GZZLUKOY,940GZZLULVT,0.0,0.37,0.219,0.0,0.0,0.318,0.0,0.0
940GZZLUKOY,940GZZLULNB,0.0,2.032,0.0,0.0,0.0,1.265,0.0,0.0
940GZZLUKOY,940GZZLUMSH,0.0,2.116,0.0,0.0,0.0,0.051,0.0,0.0
940GZZLUKOY,940GZZLUMYB,0.0,0.0,0.001,0.0,0.0,0.076,0.0,0.0
940GZZLUKOY,940GZZLUMED,0.0,0.195,0.003,0.0,0.0,0.92700005,0.0,0.0
940GZZLUKOY,940GZZLUNHG,0.0,0.792,0.0,0.0,0.0,0.0,0.0,0.0
940GZZLUKOY,940GZZLUODS,0.0,0.046,0.025,0.0,0.0,0.040999997,0.0,0.0
940GZZLUKOY,940GZZLUOXC,0.0,0.083,0.0,0.0,0.0,0.131,0.0,0.0
940GZZLUKOY,940GZZLUPAC,0.0,0.70699996,0.4,0.0,0.0,0.0,0.0,0.0
940GZZLUKOY,940GZZLUPCC,0.0,0.32,0.6,0.0,0.0,1.831,0.0,0.0
940GZZLUKOY,940GZZLURSQ,0.0,1.3379999,0.473,0.0,0.0,1.581,0.0,0.0
940GZZLUKOY,940GZZLUSJP,0.0,3.862,0.0,0.0,0.0,0.878,0.0,0.0
940GZZLUKOY,940GZZLUSJW,0.0,0.12499999,0.0,0.0,0.0,0.060999997,0.0,0.0
940GZZLUKOY,940GZZLUSPU,0.0,0.114,0.0,0.0,0.0,0.027999999,0.0,0.0
940GZZLUKOY,940GZZLUSSQ,0.0,3.789,0.0,0.0,0.0,1.122,0.0,0.0
940GZZLUKOY,940GZZLUSKS,0.0,9.638,0.0,0.0,0.0,6.8640003,0.0,0.0
940GZZLUKOY,940GZZLUSKW,0.0,0.433,0.0,0.0,0.0,0.185,0.0,0.0
940GZZLUKOY,940GZZLUCHX,0.0,0.034,0.087,0.0,0.0,0.114,0.0,0.0
940GZZLUKOY,940GZZLUSWC,0.0,0.07,0.0,0.0,0.0,0.062,0.0,0.0
940GZZLUKOY,940GZZLUTMP,0.0,0.573,0.0,0.0,0.0,0.185,0.0,0.0
940GZZLUKOY,940GZZLUTCR,0.0,0.101,0.006,0.0,0.0,0.062,0.0,0.0
940GZZLUKOY,940GZZLUTWH,0.0,2.063,0.0,0.0,0.0,2.518,0.0,0.0
940GZZLUKOY,940GZZLUVIC,0.0,15.121,0.0,0.0,0.0,2.9,0.0,0.0
940GZZLUKOY,940GZZLUWRR,0.0,0.447,0.0,0.0,0.0,0.206,0.0,0.0
940GZZLUKOY,940GZZLUWLO,0.0,1.839,0.0,0.0,0.0,0.704,0.0,0.0
940GZZLUKOY,940GZZLUWHP,0.0,0.849,1.071,0.0,0.0,1.06,0.0,0.0
940GZZLUKOY,940GZZLUWKN,0.0,0.016,0.0,0.0,0.0,0.0,0.0,0.0
940GZZLUKOY,940GZZLUWSM,0.0,3.376,0.0,0.0,0.0,0.588,0.0,0.0
940GZZLUKOY,940GZZLUWPL,0.0,2.82,0.0,0.0,0.0,0.491,0.0,0.0
940GZZLUKOY,940GZZLUPCO,0.0,0.742,0.0,0.0,0.0,0.0,0.0,0.0
940GZZLUKOY,940GZZLUVXL,0.0,2.08,0.0,0.0,0.0,0.0,0.0,0.0
940GZZLUKOY,940GZZLUBXN,0.0,0.479,0.0,0.0,0.0,2.047,0.0,0.0
940GZZLUKOY,940GZZLUSWK,0.0,1.061,0.0,0.0,0.0,0.38799998,0.0,0.0
940GZZLUKOY,940GZZLUBMY,0.0,0.653,0.0,0.0,0.0,0.67999995,0.0,0.0
940GZZLUKOY,940GZZLUCWR,0.0,0.698,0.0,0.0,0.0,0.466,0.0,0.0
940GZZLUKSH,940GZZLUBBN,0.0,0.596,4.293,3.122,1.696,0.304,0.485,0.0
940GZZLUKSH,940GZZLUALD,0.0,0.50699997,18.33,5.519,6.458,0.605,2.056,0.0
940GZZLUKSH,940GZZLUADE,0.0,0.0,6.505,5.642,3.091,1.377,2.842,0.0
940GZZLUKSH,940GZZLUAGL,0.0,4.238,34.754,70.635,61.859,20.907,9.166,0.0
940GZZLUKSH,940GZZLUBST,0.0,0.674,5.3650002,7.63,8.674,1.115,1.729,0.015
940GZZLUKSH,940GZZLUBNK,0.0,27.251,141.7,83.002,96.908,29.075,15.068,0.0
940GZZLUKSH,940GZZLUBSC,0.0,0.424,3.671,1.33,3.629,1.288,0.734,0.0
940GZZLUKSH,940GZZLUBLG,0.0,0.201,3.24,6.738,9.016,4.326,5.1,0.008
940GZZLUKSH,940GZZLUBKF,0.0,0.205,4.944,1.569,0.901,0.159,0.0,0.0
940GZZLUKSH,940GZZLUBND,0.0,1.956,13.574,17.261,6.93,0.781,0.29,0.0
940GZZLUKSH,940GZZLUBOR,0.0,0.224,11.389,11.712,8.09,2.96,3.585,0.0
940GZZLUKSH,940GZZLUCAR,0.0,0.227,0.329,1.243,0.78900003,0.81700003,0.606,0.001
940GZZLUKSH,940GZZLUCTN,0.005,12.2369995,71.468,116.897,95.805,57.502,9.773,0.212
940GZZLUKSH,940GZZLUCST,0.0,1.218,4.431,0.598,1.587,0.017,0.031,0.0
940GZZLUKSH,940GZZLUCHL,0.0,0.431,17.155,12.318,4.266,1.704,0.707,0.0
940GZZLUKSH,940GZZLUEMB,0.0,3.223,25.109,19.375,19.19,2.947,2.252,0.004
940GZZLUKSH,940GZZLUCGN,0.0,0.587,5.81,8.934,9.471,2.5180001,0.109000005,0.0
940GZZLUKSH,940GZZLUECT,0.0,0.959,5.182,5.003,5.283,2.251,3.262,0.0
940GZZLUKSH,940GZZLUERC,0.0,0.161,2.014,3.136,2.067,0.982,0.527,0.0
940GZZLUKSH,940GZZLUEAC,0.0,1.071,8.443,20.822,21.272,11.34,13.035,0.0
940GZZLUKSH,940GZZLUEUS,0.0,12.609,70.926,129.685,108.281,27.597,29.571,0.1
940GZZLUKSH,940GZZLUESQ,0.0,0.011,0.0,0.0,0.0,0.0,0.0,0.0
940GZZLUKSH,940GZZLUFCN,0.0,0.765,11.731,2.886,4.572,1.485,0.48700002,0.0
940GZZLUKSH,940GZZLUFYR,0.0,0.178,0.323,1.516,0.567,0.366,0.092,0.0
940GZZLUKSH,940GZZLUFPK,0.0,0.467,3.237,7.244,11.528,6.4110003,6.567,0.002
940GZZLUKSH,940GZZLUFBY,0.0,0.15,3.799,4.403,3.208,1.739,1.194,0.0
940GZZLUKSH,940GZZLUGTR,0.0,0.377,5.394,4.983,5.66,1.818,2.803,0.0
940GZZLUKSH,940GZZLUGDG,0.0,2.956,73.179,76.29,34.362,8.156,2.733,0.02
940GZZLUKSH,940GZZLUGPS,0.0,0.0,0.376,0.47,0.571,0.068,0.0,0.0
940GZZLUKSH,940GZZLUGPK,0.0,7.728,49.478,32.402,16.725,3.229,0.776,0.0
940GZZLUKSH,940GZZLUHSD,0.0,1.865,16.924,7.684,11.269,3.195,3.006,0.018
940GZZLUKSH,940GZZLUHAI,0.0,1.436,8.432,8.941,10.445,6.45,4.585,0.0
940GZZLUKSH,940GZZLUHSK,0.0,0.777,6.353,6.121,2.223,0.672,0.181,0.0
940GZZLUKSH,940GZZLUHBN,0.0,1.8989999,35.271,38.913,16.735,2.329,1.542,0.0
940GZZLUKSH,940GZZLUHPK,0.0,0.074,5.374,2.152,2.34,0.808,0.924,0.045
940GZZLUKSH,940GZZLUHWY,0.0,0.117,1.173,2.169,1.37,1.411,1.403,0.0
940GZZLUKSH,940GZZLUHPC,0.0,0.719,4.177,3.359,2.264,0.282,0.008,0.0
940GZZLUKSH,940GZZLUKNG,0.0,0.57199997,6.462,6.501,11.117,6.579,6.686,0.01
940GZZLUKSH,940GZZLUKSX,0.0,8.82,55.964,99.907,89.959,23.429,30.698,0.0
940GZZLUKSH,940GZZLUKNB,0.0,1.5780001,12.387,13.74,5.567,1.29,0.448,0.0
940GZZLUKSH,940GZZLULBN,0.0,0.611,1.513,3.639,3.032,0.696,0.283,0.0
940GZZLUKSH,940GZZLULGT,0.0,0.088,2.662,2.337,3.743,0.783,1.589,0.0
940GZZLUKSH,940GZZLULSQ,0.0,5.5559998,60.781,100.926,108.011,22.5,18.736,0.011
940GZZLUKSH,940GZZLULVT,0.0,2.337,25.424,17.253,16.364,6.787,10.015,0.0
940GZZLUKSH,940GZZLULNB,0.0,17.195,75.042,84.333,130.711,42.941,42.156002,0.0
940GZZLUKSH,940GZZLUMSH,0.0,0.28,1.784,0.372,0.242,0.107,0.0,0.0
940GZZLUKSH,940GZZLUMBA,0.0,1.45,12.56,10.518,7.1349998,1.859,0.521,0.001
940GZZLUKSH,940GZZLUMYB,0.0,0.432,1.806,4.3,12.554,2.49,2.999,0.0
940GZZLUKSH,940GZZLUMED,0.0,0.74,3.269,6.72,5.205,3.273,4.361,0.0
940GZZLUKSH,940GZZLUMGT,0.0,13.169,101.409,43.641,29.746,7.1610003,6.441,0.0
940GZZLUKSH,940GZZLUMTC,0.0,1.864,29.634,23.905,14.163,4.485,2.303,0.011
940GZZLUKSH,940GZZLUNHG,0.0,2.276,9.474,10.0720005,7.269,2.8140001,2.509,0.0
940GZZLUKSH,940GZZLUODS,0.0,6.292,108.54,79.061,68.056,23.043,16.297,0.0
940GZZLUKSH,940GZZLUOVL,0.0,0.412,4.677,7.919,12.317,4.652,4.155,0.012
940GZZLUKSH,940GZZLUOXC,0.0,8.325,55.628,92.356,52.604,6.558,1.37,0.0
940GZZLUKSH,940GZZLUPAC,0.0,3.446,17.429,16.621,20.827,5.461,5.295,0.0
940GZZLUKSH,940GZZLUPCC,0.0,3.555,10.067,12.776,11.653,2.843,0.6,0.0
940GZZLUKSH,940GZZLUQWY,0.0,0.54,3.083,3.37,3.848,2.182,2.075,0.0
940GZZLUKSH,940GZZLURYO,0.0,0.0,0.205,1.689,1.257,0.418,0.467,0.0
940GZZLUKSH,940GZZLURSQ,0.0,1.1110001,6.74,15.49,7.201,2.403,2.291,0.0
940GZZLUKSH,940GZZLUSJP,0.0,2.048,34.767,7.427,3.703,0.746,0.197,0.0
940GZZLUKSH,940GZZLUSJW,0.0,0.287,0.404,1.944,0.813,0.128,0.0,0.0
940GZZLUKSH,940GZZLUSPU,0.0,1.305,8.542,4.223,1.174,0.019,0.098,0.0
940GZZLUKSH,940GZZLUSBC,0.0,0.656,5.515,6.715,8.251,3.156,3.3339999,0.0
940GZZLUKSH,940GZZLUSSQ,0.0,1.357,13.271,11.695,8.943,1.899,1.291,0.0
940GZZLUKSH,940GZZLUSKS,0.0,1.484,31.413,34.975,15.074,4.346,1.809,0.008
940GZZLUKSH,940GZZLUSKW,0.0,0.363,4.291,5.5360003,11.1710005,5.488,4.764,0.011
940GZZLUKSH,940GZZLUCHX,0.0,2.961,90.539,58.036,80.018,16.961,11.565,0.005
940GZZLUKSH,940GZZLUSWC,0.0,0.0,0.441,1.021,0.52,0.236,0.355,0.009
940GZZLUKSH,940GZZLUTMP,0.0,0.1,6.345,4.333,1.968,0.108,0.095,0.0
940GZZLUKSH,940GZZLUTCR,0.0,4.09,98.451,129.523,102.271,23.238,5.309,0.007
940GZZLUKSH,940GZZLUTWH,0.0,0.58,9.723,7.19,5.88,2.24,2.152,0.0
940GZZLUKSH,940GZZLUVIC,0.0,13.919,102.675,106.305,114.984,39.55,45.211,0.001
940GZZLUKSH,940GZZLUWRR,0.0,4.412,61.393,57.649,25.215,6.534,3.3569999,0.008
940GZZLUKSH,940GZZLUWKA,0.0,0.0,0.28,1.007,1.345,0.466,0.433,0.0
940GZZLUKSH,940GZZLUWLO,0.0,23.709,106.641,73.761,150.117,39.774,40.646,0.005
940GZZLUKSH,940GZZLUWBN,0.0,0.598,14.402,1.915,3.5809999,1.02,0.663,0.0
940GZZLUKSH,940GZZLUWHP,0.0,0.0,0.617,0.571,0.223,0.0,0.0,0.0
940GZZLUKSH,940GZZLUWKN,0.0,0.0,0.946,0.787,0.738,0.74300003,0.391,0.0
940GZZLUKSH,940GZZLUWSM,0.0,3.176,21.746,9.065,3.615,0.292,0.0,0.0
940GZZLUKSH,940GZZLUWPL,0.0,0.258,2.242,2.786,1.857,0.958,1.434,0.0
940GZZLUKSH,940GZZLUWIG,0.0,0.0,0.0,0.0,0.0,0.0,0.016,0.031999998
940GZZLUKSH,940GZZLUERB,0.0,0.0,1.216,1.217,1.056,0.244,0.0,0.0
940GZZLUKSH,940GZZLUPCO,0.0,0.377,19.575,13.492,8.085,2.802,1.677,0.0
940GZZLUKSH,940GZZLUVXL,0.0,7.134,30.992,16.248,31.663,13.335,12.266,0.004
940GZZLUKSH,940GZZLUBXN,0.0,0.455,8.752,17.172,34.941,17.931,16.321,0.201
940GZZLUKSH,940GZZLUSWK,0.0,0.162,1.926,3.783,2.279,0.959,2.045,0.0
940GZZLUKSH,940GZZLUBMY,0.0,0.663,3.993,4.598,6.317,3.873,2.588,0.0
940GZZLUKSH,940GZZLUCWR,0.0,0.973,4.733,8.281,14.629,9.688,10.34,0.015
940GZZLUKBN,940GZZLUBBN,0.0,6.386,51.787,16.289,9.047,1.713,1.0879999,0.0
940GZZLUKBN,940GZZLUALD,0.0,8.902,52.031998,13.316,4.473,3.4160001,0.379,0.0
940GZZLUKBN,940GZZLUADE,0.0,1.246,7.317,6.76,4.432,2.098,1.407,0.0
940GZZLUKBN,940GZZLUAGL,0.0,0.574,8.687,8.438,3.561,1.719,0.336,0.0
940GZZLUKBN,940GZZLUBST,0.0,15.884,154.439,113.524,42.852,11.26,2.959,0.0
940GZZLUKBN,940GZZLUBNK,0.0,15.465,94.216,32.11,12.807,2.811,0.31,0.0
940GZZLUKBN,940GZZLUBSC,0.0,0.253,9.512,3.706,0.775,0.667,0.37600002,0.0
940GZZLUKBN,940GZZLUBLG,0.0,2.16,10.3550005,6.44,5.077,3.184,1.258,0.0
940GZZLUKBN,940GZZLUBKF,0.0,3.363,17.743,9.056,1.987,0.645,1.004,0.0
940GZZLUKBN,940GZZLUBND,0.0,25.665,222.225,202.22,79.466,19.435,2.276,0.0
940GZZLUKBN,940GZZLUBOR,0.0,0.231,1.584,1.405,0.74300003,0.317,0.267,0.0
940GZZLUKBN,940GZZLUCAR,0.0,1.274,1.166,1.057,0.694,0.266,0.296,0.0
940GZZLUKBN,940GZZLUCTN,0.0,0.0,0.533,2.8370001,0.749,0.089,0.003,0.0
940GZZLUKBN,940GZZLUCST,0.0,0.848,11.706,2.843,1.392,0.15,0.0,0.0
940GZZLUKBN,940GZZLUCHL,0.0,6.245,64.4,22.365,10.888,0.93,0.808,0.0
940GZZLUKBN,940GZZLUEMB,0.0,1.144,10.704,6.457,3.242,0.531,0.419,0.0
940GZZLUKBN,940GZZLUCGN,0.0,2.613,14.234,25.202,17.354,6.69,0.484,0.0
940GZZLUKBN,940GZZLUECT,0.0,1.883,10.682,6.375,3.8470001,2.142,0.335,0.0
940GZZLUKBN,940GZZLUERC,0.0,0.0,1.612,1.146,0.454,0.099,0.0,0.0
940GZZLUKBN,940GZZLUEAC,0.0,1.558,9.064,15.427,10.398,3.936,1.796,0.0
940GZZLUKBN,940GZZLUEUS,0.0,0.728,5.838,4.674,2.928,2.314,0.689,0.0
940GZZLUKBN,940GZZLUESQ,0.0,7.016,82.243,61.652,30.894,6.611,1.515,0.0
940GZZLUKBN,940GZZLUFCN,0.0,4.491,91.458,27.344,10.259,3.892,0.935,0.0
940GZZLUKBN,940GZZLUFYR,0.0,15.151,93.019,105.721,59.065,24.0,7.308,0.0
940GZZLUKBN,940GZZLUFPK,0.0,2.6529999,6.375,7.654,3.991,3.673,1.388,0.0
940GZZLUKBN,940GZZLUFBY,0.0,0.28800002,3.607,1.8970001,1.024,0.682,0.003,0.0
940GZZLUKBN,940GZZLUGTR,0.0,4.73,16.78,11.205,3.904,1.379,0.3,0.0
940GZZLUKBN,940GZZLUGDG,0.0,0.147,0.24800001,1.5040001,0.675,0.293,0.0,0.0
940GZZLUKBN,940GZZLUGPS,0.0,2.689,76.682,18.651,7.4839997,5.297,0.604,0.0
940GZZLUKBN,940GZZLUGPK,0.0,25.149,151.202,111.693,41.815998,10.982,4.102,0.0
940GZZLUKBN,940GZZLUHSD,0.0,4.588,25.776001,9.451,4.434,1.349,0.621,0.0
940GZZLUKBN,940GZZLUHAI,0.0,0.45700002,2.248,1.15,0.79,0.72900003,0.291,0.0
940GZZLUKBN,940GZZLUHSK,0.0,0.593,11.568,7.453,1.721,1.597,0.15200001,0.0
940GZZLUKBN,940GZZLUHBN,0.0,9.064,103.17,53.246,18.634,6.771,0.589,0.0
940GZZLUKBN,940GZZLUHPK,0.0,0.111,7.866,2.831,1.073,0.105000004,0.095,0.0
940GZZLUKBN,940GZZLUHWY,0.0,1.503,3.171,3.776,1.104,0.303,0.46400002,0.0
940GZZLUKBN,940GZZLUHPC,0.0,0.984,7.607,4.245,1.618,0.381,0.103,0.0
940GZZLUKBN,940GZZLUKNG,0.0,0.549,4.7269998,3.702,3.152,1.02,0.67,0.0
940GZZLUKBN,940GZZLUKSH,0.0,0.0,0.0,0.0,0.0,0.009,0.0,0.0
940GZZLUKBN,940GZZLUKSX,0.0,13.382,73.023,66.532,37.27,13.216,4.6879997,0.0
940GZZLUKBN,940GZZLUKNB,0.0,5.374,43.195,36.196,8.002,2.267,0.383,0.0
940GZZLUKBN,940GZZLULBN,0.0,1.924,6.274,2.971,1.639,0.812,0.616,0.0
940GZZLUKBN,940GZZLULGT,0.0,0.79,4.189,2.229,1.007,0.575,0.006,0.0
940GZZLUKBN,940GZZLULSQ,0.0,1.989,11.776,22.685,13.888,6.439,1.704,0.0
940GZZLUKBN,940GZZLULVT,0.0,26.538,127.612,46.924,39.649,8.6,5.281,0.0
940GZZLUKBN,940GZZLULNB,0.0,28.604,206.949,117.623,105.705,36.457,13.812,0.0
940GZZLUKBN,940GZZLUMSH,0.0,1.125,25.012001,2.53,0.89,0.099,0.0,0.0
940GZZLUKBN,940GZZLUMBA,0.0,1.408,10.797,7.938,5.278,1.794,0.318,0.0
940GZZLUKBN,940GZZLUMYB,0.0,1.719,8.338,4.159,3.291,1.596,0.006,0.0
940GZZLUKBN,940GZZLUMED,0.0,0.508,7.014,11.723001,4.142,1.942,1.12,0.0
940GZZLUKBN,940GZZLUMGT,0.0,11.219,85.992,19.724,7.512,3.341,0.431,0.0
940GZZLUKBN,940GZZLUMTC,0.0,0.087000005,0.608,0.39000002,0.216,0.16,0.0,0.0
940GZZLUKBN,940GZZLUNHG,0.0,1.4860001,12.883,8.547,3.573,0.999,0.262,0.0
940GZZLUKBN,940GZZLUODS,0.0,2.929,29.523,13.557,6.198,3.205,1.044,0.0
940GZZLUKBN,940GZZLUOVL,0.0,0.105000004,7.076,3.034,2.149,1.928,0.774,0.0
940GZZLUKBN,940GZZLUOXC,0.0,14.597,71.011,84.24,30.151,9.545,1.938,0.0
940GZZLUKBN,940GZZLUPAC,0.0,4.5,49.260002,21.035,12.2630005,4.93,1.233,0.0
940GZZLUKBN,940GZZLUPCC,0.0,18.794,56.721,65.79,39.673,19.587,5.712,0.0
940GZZLUKBN,940GZZLUQWY,0.0,0.557,9.793,7.981,3.357,1.003,0.595,0.0
940GZZLUKBN,940GZZLURGP,0.0,0.617,13.48,6.387,2.61,0.575,0.084,0.0
940GZZLUKBN,940GZZLURYO,0.0,0.0,0.834,1.625,1.125,0.38,0.0,0.0
940GZZLUKBN,940GZZLURSQ,0.0,2.004,12.837,12.329,5.935,1.923,0.298,0.0
940GZZLUKBN,940GZZLUSJP,0.0,2.093,35.634,10.544,1.747,1.776,0.31,0.0
940GZZLUKBN,940GZZLUSJW,0.0,9.517,61.859,36.418,19.866,6.197,1.946,0.0
940GZZLUKBN,940GZZLUSPU,0.0,4.336,51.645,16.87,5.387,1.15,0.0,0.0
940GZZLUKBN,940GZZLUSBC,0.0,0.484,5.385,6.681,4.17,1.542,0.286,0.0
940GZZLUKBN,940GZZLUSSQ,0.0,5.386,30.24,16.805,5.634,1.769,0.667,0.0
940GZZLUKBN,940GZZLUSKS,0.0,6.783,55.043,37.843,12.658,5.866,1.326,0.0
940GZZLUKBN,940GZZLUSKW,0.0,3.312,6.204,3.116,5.393,3.478,0.86300004,0.0
940GZZLUKBN,940GZZLUCHX,0.0,3.437,38.946,29.808,23.67,4.616,1.3560001,0.0
940GZZLUKBN,940GZZLUSWC,0.0,5.677,97.577,102.712,56.145,19.756,8.51,0.0
940GZZLUKBN,940GZZLUTMP,0.0,0.62,21.572,11.985,4.619,1.017,0.114,0.0
940GZZLUKBN,940GZZLUTCR,0.0,11.882,73.846,74.504,33.745,13.783,1.64,0.0
940GZZLUKBN,940GZZLUTWH,0.0,2.768,21.355,9.482,9.589,0.875,0.127,0.0
940GZZLUKBN,940GZZLUVIC,0.0,20.101,117.496,70.113,61.284,24.261,7.442,0.0
940GZZLUKBN,940GZZLUWRR,0.0,2.333,2.897,3.432,1.433,0.468,0.24100001,0.0
940GZZLUKBN,940GZZLUWKA,0.0,0.0,1.07,0.74300003,0.674,0.18,0.094000004,0.0
940GZZLUKBN,940GZZLUWLO,0.0,50.207,119.094,76.09,82.328,32.171,11.302,0.0
940GZZLUKBN,940GZZLUWHP,0.0,30.044,278.678,217.103,388.193,127.532,26.039,0.0
940GZZLUKBN,940GZZLUWKN,0.0,0.141,1.858,0.755,0.294,0.25100002,0.006,0.0
940GZZLUKBN,940GZZLUWSM,0.0,17.015,141.923,50.707,17.231,4.929,0.626,0.0
940GZZLUKBN,940GZZLUWPL,0.0,0.758,3.743,1.785,0.669,0.286,0.611,0.0
940GZZLUKBN,940GZZLUWIG,0.0,0.875,15.642,87.26,85.763,62.633,28.113,0.047
940GZZLUKBN,940GZZLUERB,0.0,0.067,4.65,2.641,1.377,0.841,0.085,0.0
940GZZLUKBN,940GZZLUPCO,0.0,2.22,18.627,10.804,2.839,2.692,1.183,0.0
940GZZLUKBN,940GZZLUVXL,0.0,25.073,47.483,17.199,15.484,6.082,3.27,0.0
940GZZLUKBN,940GZZLUBXN,0.0,3.124,16.455,18.924,21.821,14.685,6.343,0.0
940GZZLUKBN,940GZZLUSWK,0.0,19.472,120.474,42.945,25.95,4.524,4.315,0.0
940GZZLUKBN,940GZZLUBMY,0.0,3.577,16.371,8.384,9.6310005,5.007,2.9490001,0.0
940GZZLUKBN,940GZZLUCWR,0.0,7.376,45.021,37.472,37.814,22.518,10.929,0.0
940GZZLUKSX,940GZZLUBBN,0.0,26.687,510.962,441.996,169.80501,79.548,22.111,0.0
940GZZLUKSX,940GZZLUALD,0.0,37.713,842.657,534.71,485.298,127.848,42.011,0.0
940GZZLUKSX,940GZZLUADE,0.0,8.931,160.84,216.643,117.581,74.796,30.139,0.0
940GZZLUKSX,940GZZLUAGL,0.0,4.387,135.368,351.892,193.236,104.208,26.424,0.0
940GZZLUKSX,940GZZLUBST,0.0,36.946,697.625,751.912,435.361,162.921,52.904,0.0
940GZZLUKSX,940GZZLUBNK,0.0,147.966,1366.491,1423.061,1035.733,381.804,131.276,0.0
940GZZLUKSX,940GZZLUBSC,0.0,1.436,107.514,119.525,92.508,66.433,28.643,0.0
940GZZLUKSX,940GZZLUBWT,0.0,9.074,0.0,90.996,32.302,39.118,13.342,0.0
940GZZLUKSX,940GZZLUBLG,0.0,6.178,35.77,96.245,129.522,95.154,38.562,0.022
940GZZLUKSX,940GZZLUBKF,0.0,0.244,21.399,61.088,22.728,4.662,0.648,0.0
940GZZLUKSX,940GZZLUBND,0.0,8.649,113.848,196.246,77.462,24.942,3.732,0.0
940GZZLUKSX,940GZZLUBOR,0.0,9.492,140.379,192.11,96.69,65.514,27.459,0.0
940GZZLUKSX,940GZZLUCAR,0.002,8.79,90.918,102.975,99.353,69.536,30.461,0.925
940GZZLUKSX,940GZZLUCTN,0.0,9.4869995,225.386,570.514,237.606,116.514,33.233,0.0
940GZZLUKSX,940GZZLUCST,0.0,0.298,21.378,25.264,9.494,4.909,0.563,0.0
940GZZLUKSX,940GZZLUCHL,0.0,0.792,37.895,65.609,14.268,4.244,0.805,0.0
940GZZLUKSX,940GZZLUEMB,0.0,5.2469997,93.868004,137.614,66.378,16.76,3.71,0.0
940GZZLUKSX,940GZZLUCGN,0.0,21.153,413.661,1155.238,617.683,188.341,20.267,0.0
940GZZLUKSX,940GZZLUECT,0.0,16.812,154.145,298.5,206.748,137.928,57.899,0.012999999
940GZZLUKSX,940GZZLUERC,0.0,24.888,350.79498,246.192,145.883,71.889,37.048,0.0
940GZZLUKSX,940GZZLUEAC,0.0,5.985,130.968,276.489,196.843,135.206,79.123,0.0
940GZZLUKSX,940GZZLUEUS,0.0,26.224,156.898,344.588,265.195,149.818,47.396,0.0
940GZZLUKSX,940GZZLUESQ,0.0,6.375,145.795,189.767,79.449,23.589,5.038,0.0
940GZZLUKSX,940GZZLUFCN,0.0,36.34,890.31,815.493,454.398,199.517,70.952,0.0
940GZZLUKSX,940GZZLUFYR,0.0,6.204,63.389,118.886,121.756,91.406,34.109,0.0
940GZZLUKSX,940GZZLUFPK,0.0,23.194,140.195,425.078,824.84,480.034,198.86,1.615
940GZZLUKSX,940GZZLUFBY,0.0,2.2680001,68.76,84.056,76.116,43.235,16.34,0.0
940GZZLUKSX,940GZZLUGTR,0.0,7.081,109.479004,241.872,143.35,82.35,35.561,0.001
940GZZLUKSX,940GZZLUGDG,0.0,3.157,31.61,77.712,28.14,10.134,1.636,0.0
940GZZLUKSX,940GZZLUGPS,0.0,19.464,555.013,318.424,115.551,46.186,11.921,0.0
940GZZLUKSX,940GZZLUGPK,0.0,51.828,693.391,896.049,284.389,80.697,18.206,0.009000001
940GZZLUKSX,940GZZLUHSD,0.002,8.882,281.19,193.999,247.897,121.916,45.201,0.035
940GZZLUKSX,940GZZLUHAI,0.0,16.192,398.84,664.81903,959.984,712.331,237.727,0.0
940GZZLUKSX,940GZZLUHSK,0.0,32.153,44.131,268.415,45.329002,56.197,11.576,0.0
940GZZLUKSX,940GZZLUHBN,0.0,22.466,809.111,1073.768,319.978,91.376,22.562,0.006
940GZZLUKSX,940GZZLUHPK,0.0,1.2770001,31.496,34.856,24.367,13.202,6.644,0.0
940GZZLUKSX,940GZZLUHWY,0.0,6.315,100.626,192.266,190.925,131.088,49.134,0.019000001
940GZZLUKSX,940GZZLUHPC,0.0,9.053,114.26,151.192,45.624,12.8,6.177,0.0
940GZZLUKSX,940GZZLUKNG,0.0,1.389,20.783,43.607,59.599,47.732,27.758,0.0
940GZZLUKSX,940GZZLUKOY,0.0,0.0,0.0,0.0,0.0,0.647,0.0,0.0
940GZZLUKSX,940GZZLUKSH,0.0,2.414,61.357,99.943,76.494,59.752,22.08,0.0
940GZZLUKSX,940GZZLUKBN,0.0,0.145,14.367,57.284,67.187,51.672,23.733,0.0
940GZZLUKSX,940GZZLUKNB,0.0,20.348,237.27701,405.629,153.92,46.333,10.7439995,0.0
940GZZLUKSX,940GZZLULBN,0.0,10.858,52.771,76.169,46.619,19.997,7.966,0.0
940GZZLUKSX,940GZZLULGT,0.0,0.888,19.648,54.962,39.671,18.231,6.669,0.0
940GZZLUKSX,940GZZLULSQ,0.0,43.363,430.807,1055.171,627.553,233.491,41.611,0.0
940GZZLUKSX,940GZZLULVT,0.0,93.058,1201.567,1459.106,1815.215,634.767,198.637,0.0
940GZZLUKSX,940GZZLULNB,0.0,21.663,444.551,1151.74,1001.438,556.552,238.571,0.0
940GZZLUKSX,940GZZLUMSH,0.0,0.104,14.821,24.923,4.445,1.866,0.616,0.0
940GZZLUKSX,940GZZLUMBA,0.0,10.345,120.95,144.698,63.357,21.929,7.391,0.0
940GZZLUKSX,940GZZLUMYB,0.0,3.619,51.286,87.524,106.093,60.429,18.009,0.0
940GZZLUKSX,940GZZLUMED,0.0,2.765,49.375,113.916,140.75,92.403,43.992,0.0
940GZZLUKSX,940GZZLUMGT,0.0,47.35,899.97,631.316,234.586,61.508,12.837,0.0
940GZZLUKSX,940GZZLUMTC,0.0,0.184,9.846,12.784,4.946,3.31,0.463,0.0
940GZZLUKSX,940GZZLUNHG,0.0,15.469,29.44,169.871,55.303,62.23,14.72,0.0
940GZZLUKSX,940GZZLUODS,0.0,13.951,553.38,909.705,538.029,294.812,95.849,0.0
940GZZLUKSX,940GZZLUOVL,0.0,3.672,55.694,73.066,77.643,54.706,25.31,0.0
940GZZLUKSX,940GZZLUOXC,0.0,76.832,1260.029,2093.503,973.23,221.812,32.504,0.009
940GZZLUKSX,940GZZLUPAC,0.0,147.801,1004.99,1353.85,1301.142,560.497,148.523,0.0
940GZZLUKSX,940GZZLUPCC,0.0,21.104,506.735,980.31,529.77,184.303,37.971,0.0
940GZZLUKSX,940GZZLUQWY,0.0,2.46,21.58,88.78,55.841,33.122,12.47,0.0
940GZZLUKSX,940GZZLURGP,0.0,0.007,5.363,14.048,2.284,0.867,0.005,0.0
940GZZLUKSX,940GZZLURYO,0.0,5.042,50.846,69.43,84.63,51.757,24.507,0.0
940GZZLUKSX,940GZZLURSQ,0.001,6.706,171.629,509.373,171.653,61.519,19.347,0.035
940GZZLUKSX,940GZZLUSJP,0.0,9.613,206.066,195.374,39.108,13.512,2.871,0.0
940GZZLUKSX,940GZZLUSJW,0.0,6.441,64.878,59.557,53.303,35.155,9.988,0.0
940GZZLUKSX,940GZZLUSPU,0.0,5.7400002,75.894,127.889,31.622,5.184,1.265,0.0
940GZZLUKSX,940GZZLUSBC,0.0,4.17,50.836,105.451,103.137,52.511,15.203,0.01
940GZZLUKSX,940GZZLUSSQ,0.0,4.684,113.491,235.27,90.194,37.826,10.403,0.0
940GZZLUKSX,940GZZLUSKS,0.0,22.213,428.805,801.258,308.441,132.109,35.002,0.003
940GZZLUKSX,940GZZLUSKW,0.0,7.881,34.72,79.345,187.069,108.021,49.627,0.003
940GZZLUKSX,940GZZLUCHX,0.0,5.06,70.41,142.129,103.249,25.805,7.977,0.0
940GZZLUKSX,940GZZLUSWC,0.0,0.527,26.566,44.252,39.65,21.395,10.308,0.0
940GZZLUKSX,940GZZLUTMP,0.0,0.313,22.645,28.857,8.1779995,4.692,0.561,0.0
940GZZLUKSX,940GZZLUTCR,0.0,5.6219997,110.407,253.342,126.871,38.583,7.813,0.0
940GZZLUKSX,940GZZLUTWH,0.0,7.853,245.831,432.131,277.321,81.12,25.371,0.0
940GZZLUKSX,940GZZLUVIC,0.0,171.142,2119.7239,2465.284,2605.613,1169.491,378.466,0.027
940GZZLUKSX,940GZZLUWRR,0.0,10.934,197.827,264.059,101.215,34.045,10.795,0.067
940GZZLUKSX,940GZZLUWKA,0.0,0.15100001,11.393,26.067,30.421999,26.771,10.015,0.0
940GZZLUKSX,940GZZLUWLO,0.0,37.006,308.26,644.391,971.249,424.896,107.263,0.0
940GZZLUKSX,940GZZLUWBN,0.0,18.835,94.464,58.016,25.355,15.469,6.421,0.0
940GZZLUKSX,940GZZLUWHP,0.0,2.878,18.771,33.386,34.661,28.403,11.235,0.0
940GZZLUKSX,940GZZLUWKN,0.0,0.407,15.856,25.576,14.467,21.303,8.825,0.0
940GZZLUKSX,940GZZLUWSM,0.0,16.006,317.554,368.891,80.752,16.322,3.114,0.0
940GZZLUKSX,940GZZLUWPL,0.0,7.467,113.913,185.536,107.501,100.434,41.552,0.0
940GZZLUKSX,940GZZLUWIG,0.0,2.227,12.696,45.538002,93.607,69.946,30.645,0.0
940GZZLUKSX,940GZZLUERB,0.0,0.0,9.268,8.954,8.58,3.29,1.218,0.0
940GZZLUKSX,940GZZLUPCO,0.0,19.345,381.19,315.098,170.442,101.315,34.838,0.002
940GZZLUKSX,940GZZLUVXL,0.0,104.179,943.875,895.928,1380.022,750.711,281.05,0.0
940GZZLUKSX,940GZZLUBXN,0.0,21.827,143.345,314.29,641.61,442.134,201.837,0.071
940GZZLUKSX,940GZZLUSWK,0.0,0.955,72.361,111.399,62.595,18.55,5.444,0.0
940GZZLUKSX,940GZZLUBMY,0.0,7.61,24.824,56.103,72.434,47.223,21.613,0.0
940GZZLUKSX,940GZZLUCWR,0.0,5.138,25.667,101.071,123.227,118.158,47.448,0.0
940GZZLUKNB,940GZZLUBBN,0.0,0.0,3.175,12.387,8.202,5.673,0.783,0.0
940GZZLUKNB,940GZZLUALD,0.0,0.0,0.428,6.658,6.836,5.045,2.404,0.0
940GZZLUKNB,940GZZLUADE,0.0,0.0,2.869,19.034,21.594,15.225,5.832,0.0
940GZZLUKNB,940GZZLUAGL,0.0,0.0,8.549,32.42,38.676,18.875,4.936,0.0
940GZZLUKNB,940GZZLUBST,0.0,0.505,15.446,73.145,41.047,16.845,3.827,0.0
940GZZLUKNB,940GZZLUBNK,0.0,1.059,28.236,114.696,89.805,39.18,7.85,0.0
940GZZLUKNB,940GZZLUBSC,0.0,0.392,14.484,53.412,48.78,34.508,10.709,0.0
940GZZLUKNB,940GZZLUBWT,0.0,0.0,0.584,49.434,58.06,38.344,5.572,0.0
940GZZLUKNB,940GZZLUBLG,0.0,1.37,5.143,20.797,41.526,35.288,10.15,0.0
940GZZLUKNB,940GZZLUBKF,0.0,0.0,1.25,13.062,14.245,6.529,0.94,0.0
940GZZLUKNB,940GZZLUBND,0.0,0.092,10.818,201.132,126.944,37.237,3.211,0.0
940GZZLUKNB,940GZZLUBOR,0.0,0.0,0.213,4.785,4.535,3.447,0.676,0.0
940GZZLUKNB,940GZZLUCAR,0.0,0.20099999,3.777,18.877,29.454,22.838,11.422,0.0
940GZZLUKNB,940GZZLUCTN,0.0,0.0,3.322,75.506,36.942,17.109,3.565,0.0
940GZZLUKNB,940GZZLUCST,0.0,0.305,1.575,5.7,3.981,0.808,0.632,0.0
940GZZLUKNB,940GZZLUCHL,0.0,0.55,11.895,33.248,15.083,5.5950003,1.178,0.0
940GZZLUKNB,940GZZLUEMB,0.0,0.0,1.622,25.012,15.755,6.177,0.895,0.0
940GZZLUKNB,940GZZLUCGN,0.0,1.012,29.061,329.184,225.354,75.792,6.047,0.0
940GZZLUKNB,940GZZLUECT,0.0,0.347,10.377,115.818,143.5,93.806,27.945,0.0
940GZZLUKNB,940GZZLUERC,0.0,0.0,0.108,5.522,5.266,4.328,0.33200002,0.0
940GZZLUKNB,940GZZLUEAC,0.0,0.394,10.041,44.544,77.242,48.572998,9.163,0.0
940GZZLUKNB,940GZZLUEUS,0.0,1.002,10.96,68.387,105.518,47.969,5.945,0.001
940GZZLUKNB,940GZZLUESQ,0.0,0.0,0.0,2.026,1.796,0.512,0.124000005,0.0
940GZZLUKNB,940GZZLUFCN,0.0,0.155,3.98,22.155,11.821,4.559,0.596,0.0
940GZZLUKNB,940GZZLUFYR,0.0,0.096,2.98,15.687,25.755,17.504,3.638,0.0
940GZZLUKNB,940GZZLUFPK,0.0,0.879,4.495,40.016,91.104,55.663002,19.041,0.0
940GZZLUKNB,940GZZLUFBY,0.0,0.046,4.279,18.143,19.117,11.37,1.887,0.0
940GZZLUKNB,940GZZLUGTR,0.0,0.624,9.714,102.157,86.962,57.816,13.281,0.0
940GZZLUKNB,940GZZLUGDG,0.0,0.436,6.5160003,23.818,19.635,7.745,2.256,0.0
940GZZLUKNB,940GZZLUGPS,0.0,0.078,0.011,3.136,2.576,0.723,0.62,0.0
940GZZLUKNB,940GZZLUGPK,0.0,2.376,75.819,404.062,199.579,51.349,10.088,0.0
940GZZLUKNB,940GZZLUHSD,0.0,0.697,26.525,137.347,181.795,103.027,24.302,0.0
940GZZLUKNB,940GZZLUHAI,0.0,0.796,10.157,41.767,78.075,58.028,12.889,0.0
940GZZLUKNB,940GZZLUHSK,0.0,0.0,2.608,33.664,26.358,9.464,1.93,0.0
940GZZLUKNB,940GZZLUHBN,0.0,1.1340001,82.54,172.324,96.389,34.87,12.257,0.0
940GZZLUKNB,940GZZLUHPK,0.0,0.0,1.04,4.152,1.491,0.621,0.259,0.0
940GZZLUKNB,940GZZLUHWY,0.0,0.602,4.839,19.428,36.635,23.204,7.146,0.0
940GZZLUKNB,940GZZLUHPC,0.0,0.0,2.961,46.792,20.033,5.242,1.156,0.0
940GZZLUKNB,940GZZLUKNG,0.0,0.23900001,1.169,6.837,10.078,7.798,4.456,0.0
940GZZLUKNB,940GZZLUKOY,0.0,0.0,0.0,0.0,0.0,1.0,0.0,0.0
940GZZLUKNB,940GZZLUKSH,0.0,0.092,2.165,8.475,13.999,10.673,1.91,0.0
940GZZLUKNB,940GZZLUKBN,0.0,0.595,2.488,15.507,31.816,23.359,9.304,0.0
940GZZLUKNB,940GZZLUKSX,0.0,6.1619997,50.398,283.141,372.438,146.576,36.558,0.004
940GZZLUKNB,940GZZLULBN,0.0,0.0,1.113,17.012,15.448,10.207,2.094,0.0
940GZZLUKNB,940GZZLULGT,0.0,0.0,0.105000004,7.871,13.202,5.55,0.524,0.0
940GZZLUKNB,940GZZLULSQ,0.0,2.233,24.993,330.99802,297.089,134.9,18.346,0.0
940GZZLUKNB,940GZZLULVT,0.0,2.033,42.599,133.894,182.77701,73.296,19.152,0.0
940GZZLUKNB,940GZZLULNB,0.0,0.953,20.802,179.365,241.206,125.535,26.954,0.0
940GZZLUKNB,940GZZLUMSH,0.0,0.0,1.523,7.345,3.086,0.933,0.0,0.0
940GZZLUKNB,940GZZLUMBA,0.0,0.092,0.282,22.972,12.347,3.822,0.978,0.0
940GZZLUKNB,940GZZLUMYB,0.0,0.155,4.576,30.799,56.892,21.135,6.238,0.0
940GZZLUKNB,940GZZLUMED,0.0,0.0,2.738,20.03,33.057,24.643,8.844,0.0
940GZZLUKNB,940GZZLUMGT,0.0,0.081,11.333,14.173,8.945,3.544,0.506,0.0
940GZZLUKNB,940GZZLUMTC,0.0,0.0,1.206,6.078,5.064,4.261,1.281,0.0
940GZZLUKNB,940GZZLUNHG,0.0,0.0,1.691,28.99,15.97,7.976,0.66899997,0.0
940GZZLUKNB,940GZZLUODS,0.0,0.054,13.102,53.525,54.49,27.854,7.674,0.0
940GZZLUKNB,940GZZLUOVL,0.0,0.0,1.082,6.25,8.752,6.184,1.523,0.0
940GZZLUKNB,940GZZLUOXC,0.0,0.904,23.886,281.808,170.218,46.364,1.89,0.0
940GZZLUKNB,940GZZLUPAC,0.0,0.136,3.326,77.468,134.524,58.528,6.637,0.0
940GZZLUKNB,940GZZLUPCC,0.0,2.593,70.455,634.118,480.398,202.776,27.218,0.0
940GZZLUKNB,940GZZLUQWY,0.0,0.0,0.0,10.85,13.519,7.147,0.952,0.0
940GZZLUKNB,940GZZLURGP,0.0,0.0,7.499,15.557,10.66,4.625,0.371,0.0
940GZZLUKNB,940GZZLURYO,0.0,0.0,0.0,0.685,0.975,0.20400001,0.544,0.0
940GZZLUKNB,940GZZLURSQ,0.0,0.183,25.231,122.0,95.885,46.762,9.607,0.0
940GZZLUKNB,940GZZLUSJP,0.0,0.14999999,4.486,28.138,13.357,7.598,0.61800003,0.0
940GZZLUKNB,940GZZLUSJW,0.0,0.796,3.18,20.171999,16.861,13.175,3.1430001,0.0
940GZZLUKNB,940GZZLUSPU,0.0,0.729,15.858,55.832,22.298,5.394,0.818,0.0
940GZZLUKNB,940GZZLUSBC,0.0,0.0,0.919,21.828,18.121,8.064,0.698,0.0
940GZZLUKNB,940GZZLUSSQ,0.0,0.134,0.298,16.919,7.3190002,1.367,0.45,0.0
940GZZLUKNB,940GZZLUSKS,0.0,0.0,6.481,119.947,55.129,32.973,4.716,0.0
940GZZLUKNB,940GZZLUSKW,0.0,0.0,0.97400004,11.949,22.091,20.682,5.166,0.0
940GZZLUKNB,940GZZLUCHX,0.0,0.341,4.516,45.023,76.009,37.818,5.7,0.0
940GZZLUKNB,940GZZLUSWC,0.0,0.063,5.288,17.827,18.154,15.228,2.391,0.0
940GZZLUKNB,940GZZLUTMP,0.0,0.0,0.45700002,5.65,3.135,0.94,0.147,0.0
940GZZLUKNB,940GZZLUTCR,0.0,0.088,6.021,61.101,43.273,15.109,1.6620001,0.0
940GZZLUKNB,940GZZLUTWH,0.0,0.07,6.381,70.75,64.528,21.623,4.274,0.0
940GZZLUKNB,940GZZLUVIC,0.0,0.737,10.606,179.802,252.337,103.803,24.453001,0.0
940GZZLUKNB,940GZZLUWRR,0.0,0.975,12.375,32.108,20.919,8.678,1.384,0.0
940GZZLUKNB,940GZZLUWKA,0.0,0.0,0.11,5.372,8.0130005,5.153,0.83100003,0.0
940GZZLUKNB,940GZZLUWLO,0.0,3.513,8.542,113.693,222.911,86.04,20.274,0.0
940GZZLUKNB,940GZZLUWBN,0.0,0.004,2.439,17.489,22.172,17.096,3.072,0.0
940GZZLUKNB,940GZZLUWHP,0.0,0.25,4.339,11.563,26.095,15.92,4.213,0.0
940GZZLUKNB,940GZZLUWKN,0.0,0.0,0.428,7.302,12.243,10.41,2.314,0.0
940GZZLUKNB,940GZZLUWSM,0.0,0.0,4.191,102.631,44.155,12.044,1.827,0.0
940GZZLUKNB,940GZZLUWPL,0.0,0.132,1.066,5.533,7.787,5.947,1.497,0.0
940GZZLUKNB,940GZZLUWIG,0.0,0.12900001,2.8470001,13.57,32.452,26.78,8.117,0.0
940GZZLUKNB,940GZZLUERB,0.0,0.0,0.282,6.894,6.668,5.219,1.796,0.0
940GZZLUKNB,940GZZLUPCO,0.0,0.0,1.551,20.776001,16.466,12.051,2.442,0.0
940GZZLUKNB,940GZZLUVXL,0.0,0.619,7.958,45.883,79.125,47.521,15.212,0.0
940GZZLUKNB,940GZZLUBXN,0.0,0.409,10.301,44.833,76.946,64.587,21.091,0.0
940GZZLUKNB,940GZZLUSWK,0.0,0.0,9.674,47.919,54.348,24.104,4.804,0.0
940GZZLUKNB,940GZZLUBMY,0.0,0.481,2.441,14.218,30.679,21.015,7.66,0.0
940GZZLUKNB,940GZZLUCWR,0.0,0.535,6.748,57.238,109.187,88.95,23.499,0.0
940GZZLULBN,940GZZLUBBN,0.0,0.0,1.48,1.911,0.963,0.913,0.017,0.0
940GZZLULBN,940GZZLUALD,0.0,0.153,2.8569999,1.802,0.886,0.90099996,0.0,0.0
940GZZLULBN,940GZZLUADE,0.0,0.191,8.128,7.993,7.865,3.213,0.394,0.0
940GZZLULBN,940GZZLUAGL,0.0,0.821,5.989,9.08,11.288,5.426,1.227,0.0
940GZZLULBN,940GZZLUBST,0.0,1.656,30.931,48.616,21.448,7.214,2.446,0.0
940GZZLULBN,940GZZLUBNK,0.0,0.491,23.548,18.295,13.3,3.467,1.095,0.0
940GZZLULBN,940GZZLUBSC,0.0,0.164,5.696,3.651,3.629,3.025,0.56700003,0.0
940GZZLULBN,940GZZLUBWT,0.0,0.145,0.122,2.007,1.034,1.116,0.118,0.0
940GZZLULBN,940GZZLUBLG,0.0,0.0,1.404,3.896,3.731,3.132,1.272,0.0
940GZZLULBN,940GZZLUBKF,0.0,0.695,10.876,9.366,8.692,2.776,0.45000002,0.0
940GZZLULBN,940GZZLUBND,0.0,0.587,3.696,10.708,6.427,1.2,0.319,0.0
940GZZLULBN,940GZZLUBOR,0.0,0.311,1.794,4.752,1.889,1.294,0.117,0.0
940GZZLULBN,940GZZLUCAR,0.0,0.23,5.4179997,4.065,4.866,1.492,1.17,0.0
940GZZLULBN,940GZZLUCTN,0.0,1.701,5.008,19.476,10.113,3.981,0.697,0.0
940GZZLULBN,940GZZLUCST,0.0,0.367,5.082,1.781,3.322,0.69,0.0,0.0
940GZZLULBN,940GZZLUCHL,0.0,0.123,3.015,5.242,3.075,0.267,0.926,0.0
940GZZLULBN,940GZZLUEMB,0.0,2.9,18.276001,28.537,20.279,5.8459997,2.315,0.0
940GZZLULBN,940GZZLUCGN,0.0,0.0,1.563,14.858,9.351,3.905,0.65500003,0.0
940GZZLULBN,940GZZLUECT,0.0,0.095,4.965,12.792,7.388,4.456,0.733,0.0
940GZZLULBN,940GZZLUEAC,0.0,0.0,5.734,19.185,14.623,7.471,3.925,0.0
940GZZLULBN,940GZZLUEUS,0.0,2.807,16.215,38.674,28.721,10.872,3.039,0.0
940GZZLULBN,940GZZLUFCN,0.0,0.0,2.047,2.164,1.205,0.13000001,0.268,0.0
940GZZLULBN,940GZZLUFYR,0.0,0.0,1.664,2.313,2.717,2.406,0.651,0.0
940GZZLULBN,940GZZLUFPK,0.0,1.258,7.375,16.735,32.018,14.46,4.119,0.0
940GZZLULBN,940GZZLUFBY,0.0,0.0,6.047,7.566,3.504,1.642,0.75,0.0
940GZZLULBN,940GZZLUGTR,0.0,0.0,5.295,9.368,8.495,2.559,0.87,0.0
940GZZLULBN,940GZZLUGDG,0.0,0.071,5.173,8.817,4.592,1.998,1.299,0.0
940GZZLULBN,940GZZLUGPK,0.0,0.285,13.063,16.461,5.811,2.301,0.192,0.0
940GZZLULBN,940GZZLUHSD,0.0,0.587,17.249,9.997,11.207,5.388,1.683,0.0
940GZZLULBN,940GZZLUHAI,0.0,0.332,16.32,21.08,32.389,23.653,5.815,0.0
940GZZLULBN,940GZZLUHSK,0.0,0.322,7.844,9.499001,5.837,3.18,0.37,0.0
940GZZLULBN,940GZZLUHBN,0.0,0.07,5.621,10.949,3.283,0.76,0.123,0.0
940GZZLULBN,940GZZLUHPK,0.0,0.053,2.591,1.879,2.61,1.928,0.314,0.0
940GZZLULBN,940GZZLUHWY,0.0,0.0,2.729,5.11,5.6,3.488,1.479,0.0
940GZZLULBN,940GZZLUHPC,0.0,0.216,5.558,7.134,2.105,0.95100003,0.003,0.0
940GZZLULBN,940GZZLUKNG,0.0,0.0,0.329,0.385,0.95100003,0.326,0.649,0.0
940GZZLULBN,940GZZLUKOY,0.0,0.0,0.0,0.0,0.0,0.104,0.0,0.0
940GZZLULBN,940GZZLUKSH,0.0,0.78499997,4.331,2.42,2.531,2.773,0.75699997,0.0
940GZZLULBN,940GZZLUKBN,0.0,0.098,1.6850001,3.735,4.787,2.823,0.702,0.0
940GZZLULBN,940GZZLUKSX,0.0,8.052,45.765,80.466,73.313,19.73,8.746,0.0
940GZZLULBN,940GZZLUKNB,0.0,0.657,13.108,20.675,10.504,3.057,0.419,0.0
940GZZLULBN,940GZZLULGT,0.0,0.494,1.517,3.208,3.455,0.258,0.223,0.0
940GZZLULBN,940GZZLULSQ,0.0,0.282,3.546,18.288,11.526,2.867,0.31,0.0
940GZZLULBN,940GZZLULVT,0.0,0.815,12.245,22.317,20.23,4.206,2.3470001,0.0
940GZZLULBN,940GZZLULNB,0.0,2.053,13.994,41.319,21.243,14.642,1.47,0.0
940GZZLULBN,940GZZLUMSH,0.0,0.289,14.541,7.452,2.914,0.368,0.003,0.0
940GZZLULBN,940GZZLUMBA,0.0,0.134,8.717,7.518,5.168,1.1340001,0.098,0.0
940GZZLULBN,940GZZLUMYB,0.0,3.049,29.206,50.102,54.825,11.165,4.479,0.0
940GZZLULBN,940GZZLUMED,0.0,1.469,1.3790001,4.531,2.611,1.643,1.781,0.0
940GZZLULBN,940GZZLUMGT,0.0,1.452,14.1,12.507,10.622,1.838,0.118,0.0
940GZZLULBN,940GZZLUMTC,0.0,0.0,2.965,2.594,3.277,1.219,0.41,0.0
940GZZLULBN,940GZZLUNHG,0.0,0.103,6.015,11.943,4.893,2.7680001,0.778,0.0
940GZZLULBN,940GZZLUODS,0.0,0.115,16.577,17.227,15.788,5.604,2.208,0.0
940GZZLULBN,940GZZLUOVL,0.0,0.0,0.58,0.934,0.84,1.162,0.442,0.0
940GZZLULBN,940GZZLUOXC,0.0,15.23,119.545,186.606,98.456,25.522,3.421,0.0
940GZZLULBN,940GZZLUPAC,0.0,14.1970005,79.267,94.385,124.677,34.352,9.722,0.0
940GZZLULBN,940GZZLUPCC,0.0,3.852,67.64,165.846,121.561,45.438,7.367,0.0
940GZZLULBN,940GZZLUQWY,0.0,0.476,2.513,5.483,4.641,2.362,0.405,0.0
940GZZLULBN,940GZZLURGP,0.0,1.761,28.631,26.361,16.991,4.752,1.355,0.0
940GZZLULBN,940GZZLURYO,0.0,0.0,0.861,2.033,0.783,0.815,0.112,0.0
940GZZLULBN,940GZZLURSQ,0.0,0.060999997,4.485,7.149,6.476,1.665,0.846,0.0
940GZZLULBN,940GZZLUSJP,0.0,0.0,16.573,13.047,6.63,1.44,0.105000004,0.0
940GZZLULBN,940GZZLUSJW,0.0,0.595,8.76,3.63,2.526,1.246,0.609,0.0
940GZZLULBN,940GZZLUSPU,0.0,0.14400001,4.796,5.19,1.539,0.469,0.009,0.0
940GZZLULBN,940GZZLUSBC,0.0,0.48,8.45,17.239,13.969,6.298,0.785,0.0
940GZZLULBN,940GZZLUSSQ,0.0,0.259,15.646,12.557,7.921,2.293,0.406,0.0
940GZZLULBN,940GZZLUSKS,0.0,0.985,15.88,32.517,14.498,4.033,1.111,0.0
940GZZLULBN,940GZZLUSKW,0.0,0.0,2.042,5.132,3.42,4.97,0.797,0.0
940GZZLULBN,940GZZLUCHX,0.0,1.363,29.404,87.549,73.465,19.778,2.994,0.0
940GZZLULBN,940GZZLUSWC,0.0,0.063,4.064,5.137,3.277,2.362,0.63,0.0
940GZZLULBN,940GZZLUTMP,0.0,0.0,1.907,3.742,1.587,0.632,0.007,0.0
940GZZLULBN,940GZZLUTCR,0.0,0.453,13.598,30.319,16.214,4.592,1.268,0.0
940GZZLULBN,940GZZLUTWH,0.0,0.351,17.926,30.926,22.717,4.467,0.737,0.0
940GZZLULBN,940GZZLUVIC,0.0,0.968,3.6990001,12.41,8.922,3.173,2.729,0.0
940GZZLULBN,940GZZLUWRR,0.0,0.287,14.489,11.146,5.4570003,1.66,0.23,0.0
940GZZLULBN,940GZZLUWKA,0.0,0.071,6.76,9.075,10.549,4.5030003,2.966,0.0
940GZZLULBN,940GZZLUWLO,0.0,1.893,18.805,52.381,58.9,30.286,6.528,0.0
940GZZLULBN,940GZZLUWBN,0.0,0.47800002,3.13,6.01,1.507,0.060999997,0.36900002,0.0
940GZZLULBN,940GZZLUWHP,0.0,0.0,2.346,2.22,5.796,2.115,0.806,0.0
940GZZLULBN,940GZZLUWKN,0.0,0.0,1.031,2.581,2.418,1.614,0.702,0.0
940GZZLULBN,940GZZLUWSM,0.0,0.0,1.623,9.983,1.8740001,0.812,0.0,0.0
940GZZLULBN,940GZZLUWPL,0.0,0.0,5.442,5.081,4.975,2.91,1.927,0.0
940GZZLULBN,940GZZLUWIG,0.0,0.0,0.622,3.172,4.698,2.411,0.45,0.0
940GZZLULBN,940GZZLUERB,0.0,0.328,20.513,19.95,16.678,5.584,2.604,0.0
940GZZLULBN,940GZZLUPCO,0.0,0.0,0.91,1.333,0.912,0.525,0.008,0.0
940GZZLULBN,940GZZLUBXN,0.0,0.0,0.582,5.659,3.593,3.3,1.235,0.0
940GZZLULBN,940GZZLUSWK,0.0,0.0,1.338,4.17,0.917,0.379,0.138,0.0
940GZZLULBN,940GZZLUBMY,0.0,0.0,1.258,1.169,1.64,1.686,0.301,0.0
940GZZLULBN,940GZZLUCWR,0.0,0.274,5.852,11.79,8.538,7.551,2.198,0.0
940GZZLULGT,940GZZLUBBN,0.0,0.0,0.783,1.165,0.586,0.133,0.335,0.0
940GZZLULGT,940GZZLUALD,0.0,0.063,16.119,4.162,1.905,0.523,0.937,0.0
940GZZLULGT,940GZZLUADE,0.0,0.0,6.479,3.203,1.462,1.097,0.725,0.0
940GZZLULGT,940GZZLUAGL,0.0,0.0,7.435,7.646,3.918,1.144,0.352,0.0
940GZZLULGT,940GZZLUBST,0.0,0.095,6.334,17.847,3.302,1.502,0.009,0.0
940GZZLULGT,940GZZLUBNK,0.0,27.181,600.981,220.295,117.044,32.581,11.907,0.0
940GZZLULGT,940GZZLUBWT,0.0,0.0,0.451,1.185,0.566,0.008,0.656,0.0
940GZZLULGT,940GZZLUBLG,0.0,1.169,14.709,28.192,43.507,21.152,9.659,0.0
940GZZLULGT,940GZZLUBKF,0.0,0.0,0.63,1.304,0.845,0.344,0.18800001,0.0
940GZZLULGT,940GZZLUBND,0.0,3.018,102.559,138.606,71.56,24.298,3.267,0.0
940GZZLULGT,940GZZLUBOR,0.0,0.172,4.157,3.656,1.493,0.481,0.226,0.0
940GZZLULGT,940GZZLUCAR,0.0,0.954,1.39,2.561,2.655,0.918,0.35,0.0
940GZZLULGT,940GZZLUCTN,0.0,0.063,10.058,35.966,6.744,2.056,0.867,0.0
940GZZLULGT,940GZZLUCHL,0.0,9.1119995,303.345,125.418,39.061,9.813,2.129,0.0
940GZZLULGT,940GZZLUEMB,0.0,0.0,4.287,7.056,4.493,0.728,0.607,0.0
940GZZLULGT,940GZZLUCGN,0.0,0.515,5.342,23.218,17.069,4.29,0.717,0.0
940GZZLULGT,940GZZLUECT,0.0,0.253,1.528,4.835,1.89,1.332,0.516,0.0
940GZZLULGT,940GZZLUERC,0.0,0.0,0.478,0.863,0.99,0.013,0.0,0.0
940GZZLULGT,940GZZLUEAC,0.0,0.16600001,3.534,6.7200003,4.342,1.963,1.188,0.0
940GZZLULGT,940GZZLUEUS,0.0,2.275,24.536,27.051,15.551,5.88,3.174,0.0
940GZZLULGT,940GZZLUFCN,0.0,0.0,0.121,0.843,0.026999999,0.22,0.0,0.0
940GZZLULGT,940GZZLUFYR,0.0,0.12900001,3.406,3.598,2.122,0.698,0.285,0.0
940GZZLULGT,940GZZLUFPK,0.0,0.444,3.363,8.176,13.747,6.0690002,6.297,0.0
940GZZLULGT,940GZZLUFBY,0.0,0.0,1.071,2.31,1.1010001,1.126,0.232,0.0
940GZZLULGT,940GZZLUGTR,0.0,0.0,2.287,3.101,2.584,0.254,1.627,0.0
940GZZLULGT,940GZZLUGDG,0.0,0.1,3.986,6.829,1.413,0.767,0.128,0.0
940GZZLULGT,940GZZLUGPK,0.0,1.492,40.635,39.57,10.931,5.104,0.8,0.0
940GZZLULGT,940GZZLUHSD,0.0,0.0,0.873,1.761,0.846,0.469,0.215,0.0
940GZZLULGT,940GZZLUHAI,0.0,0.542,14.286,12.069,13.381,5.653,2.971,0.0
940GZZLULGT,940GZZLUHSK,0.0,0.216,3.345,8.601,4.254,1.054,0.37,0.0
940GZZLULGT,940GZZLUHBN,0.0,3.747,265.846,223.514,89.442,22.348,3.898,0.0
940GZZLULGT,940GZZLUHPK,0.0,0.08,5.142,12.729,5.522,3.152,0.537,0.0
940GZZLULGT,940GZZLUHWY,0.0,0.0,2.9950001,5.22,2.189,0.82600003,0.78400004,0.0
940GZZLULGT,940GZZLUHPC,0.0,0.0,0.521,2.0740001,0.417,0.25100002,0.0,0.0
940GZZLULGT,940GZZLUKNG,0.0,0.476,2.963,2.112,2.063,0.763,1.839,0.0
940GZZLULGT,940GZZLUKSH,0.0,0.03,5.534,3.1660001,3.216,1.444,0.69200003,0.001
940GZZLULGT,940GZZLUKBN,0.0,0.0,0.343,1.926,4.049,1.686,0.733,0.0
940GZZLULGT,940GZZLUKSX,0.0,5.925,47.536,55.065,38.973,9.66,4.405,0.0
940GZZLULGT,940GZZLUKNB,0.0,0.081,3.537,9.993,5.777,1.041,0.215,0.0
940GZZLULGT,940GZZLULBN,0.0,0.981,2.497,3.067,1.198,0.572,0.273,0.0
940GZZLULGT,940GZZLULSQ,0.0,0.393,2.181,18.144,10.963,7.139,0.448,0.0
940GZZLULGT,940GZZLULVT,0.0,33.496,400.759,180.495,156.025,43.355,19.675,0.0
940GZZLULGT,940GZZLULNB,0.0,5.314,59.676,60.017,45.741,12.579,13.269,0.0
940GZZLULGT,940GZZLUMBA,0.0,1.261,52.525,71.142,36.721,17.53,2.036,0.0
940GZZLULGT,940GZZLUMYB,0.0,0.25100002,4.145,5.279,2.425,0.702,0.62,0.0
940GZZLULGT,940GZZLUMED,0.0,1.517,14.441,25.139,24.898,9.229,10.0460005,0.0
940GZZLULGT,940GZZLUMGT,0.0,0.0,5.5950003,1.602,1.528,0.165,0.0,0.0
940GZZLULGT,940GZZLUMTC,0.0,0.0,4.209,3.148,0.903,0.288,0.28,0.0
940GZZLULGT,940GZZLUNHG,0.0,0.26500002,19.705,40.938,15.027,8.708,1.701,0.0
940GZZLULGT,940GZZLUODS,0.0,0.235,16.619,14.202,6.926,3.867,1.496,0.0
940GZZLULGT,940GZZLUOVL,0.0,0.0,1.525,0.718,1.622,0.889,0.924,0.0
940GZZLULGT,940GZZLUOXC,0.0,9.594,135.769,203.704,102.552,41.841,7.587,0.0
940GZZLULGT,940GZZLUPAC,0.0,0.174,2.407,4.909,3.095,1.208,0.193,0.0
940GZZLULGT,940GZZLUPCC,0.0,0.296,9.352,25.86,23.375,8.309,0.951,0.0
940GZZLULGT,940GZZLUQWY,0.0,0.277,6.0030003,15.29,9.886,7.107,3.292,0.0
940GZZLULGT,940GZZLURGP,0.0,0.0,2.351,2.616,0.572,0.119,0.2,0.0
940GZZLULGT,940GZZLURSQ,0.0,0.563,6.221,10.84,5.041,1.76,1.867,0.0
940GZZLULGT,940GZZLUSJP,0.0,0.0,5.28,2.61,1.311,0.141,0.0,0.0
940GZZLULGT,940GZZLUSJW,0.0,0.0,6.443,5.267,3.022,1.018,0.113000005,0.0
940GZZLULGT,940GZZLUSPU,0.0,15.187,386.646,147.892,34.813,7.45,1.892,0.0
940GZZLULGT,940GZZLUSBC,0.0,1.135,31.043,72.013,68.604004,22.317,10.439,0.0
940GZZLULGT,940GZZLUSSQ,0.0,0.0,2.644,6.951,1.024,0.416,0.43,0.0
940GZZLULGT,940GZZLUSKS,0.0,0.0,5.614,11.101,4.793,0.912,0.48700002,0.0
940GZZLULGT,940GZZLUSKW,0.0,0.0,0.172,2.554,3.106,1.684,2.056,0.0
940GZZLULGT,940GZZLUCHX,0.0,0.439,11.999,18.316,15.689,4.136,1.909,0.0
940GZZLULGT,940GZZLUSWC,0.0,0.15200001,4.344,4.068,1.529,0.728,1.164,0.0
940GZZLULGT,940GZZLUTMP,0.0,0.102000006,0.14,1.636,0.289,0.0,0.0,0.0
940GZZLULGT,940GZZLUTCR,0.0,3.517,190.281,244.604,136.372,53.015,6.433,0.0
940GZZLULGT,940GZZLUTWH,0.0,0.625,15.4470005,17.361,3.729,2.141,0.12900001,0.0
940GZZLULGT,940GZZLUVIC,0.0,9.453,69.044,81.499,75.98,21.893,13.565,0.0
940GZZLULGT,940GZZLUWRR,0.0,0.294,14.307,8.587,3.03,2.624,0.48,0.0
940GZZLULGT,940GZZLUWKA,0.0,0.0,0.359,0.699,0.24100001,0.172,0.092,0.0
940GZZLULGT,940GZZLUWLO,0.0,2.911,34.808,27.179,28.274,10.356,6.786,0.0
940GZZLULGT,940GZZLUWBN,0.0,0.022,2.4720001,2.154,0.98,0.695,0.14,0.0
940GZZLULGT,940GZZLUWHP,0.0,0.034,3.913,3.069,3.427,1.811,0.401,0.0
940GZZLULGT,940GZZLUWKN,0.0,0.071,2.1069999,1.146,0.71999997,0.030000001,0.256,0.0
940GZZLULGT,940GZZLUWSM,0.0,0.584,34.389,40.819,7.822,1.7179999,0.478,0.0
940GZZLULGT,940GZZLUWPL,0.0,0.0,3.575,1.233,0.785,0.426,0.14,0.0
940GZZLULGT,940GZZLUWIG,0.0,0.149,0.857,3.68,3.257,2.012,2.1330001,0.0
940GZZLULGT,940GZZLUPCO,0.0,0.08,8.293,10.954,3.927,2.305,0.61800003,0.0
940GZZLULGT,940GZZLUVXL,0.0,1.878,22.221,10.495,11.098,5.288,5.193,0.0
940GZZLULGT,940GZZLUBXN,0.0,0.904,8.435,11.481,15.257,10.436,12.705,0.0
940GZZLULGT,940GZZLUSWK,0.0,0.23900001,33.332,15.056,12.896,1.716,1.015,0.0
940GZZLULGT,940GZZLUBMY,0.0,0.0,3.853,4.705,3.525,2.7020001,2.663,0.0
940GZZLULGT,940GZZLUCWR,0.0,0.09,7.468,11.741,11.828,8.701,4.581,0.0
940GZZLULSQ,940GZZLUBBN,0.0,0.0,2.024,21.958,17.557,13.994,8.309,0.0
940GZZLULSQ,940GZZLUALD,0.0,0.0,0.098,10.478,9.836,15.054,9.408,0.0
940GZZLULSQ,940GZZLUADE,0.0,0.055,2.853,41.143,54.414,72.304,38.732,0.0
940GZZLULSQ,940GZZLUAGL,0.0,0.354,4.977,56.85,63.654,48.01,34.039,0.0
940GZZLULSQ,940GZZLUBST,0.0,0.097,3.715,34.54,23.171,18.48,11.288,0.0
940GZZLULSQ,940GZZLUBNK,0.0,2.253,16.341,131.462,102.305,91.32,68.433,0.0
940GZZLULSQ,940GZZLUBSC,0.0,0.055,11.285,42.915,67.046,79.301,74.549,0.013
940GZZLULSQ,940GZZLUBWT,0.0,0.107,0.001,9.927,15.038,25.571,16.762,0.0
940GZZLULSQ,940GZZLUBLG,0.0,1.498,3.439,25.267,36.942,51.598,41.933,0.0
940GZZLULSQ,940GZZLUBKF,0.0,0.087000005,3.708,35.688,31.48,30.666,21.703,0.0
940GZZLULSQ,940GZZLUBND,0.0,0.168,3.778,85.184,49.766,20.605,5.461,0.0
940GZZLULSQ,940GZZLUBOR,0.0,0.089,2.661,25.308,23.895,34.246,24.453001,0.0
940GZZLULSQ,940GZZLUCAR,0.0,2.886,9.691,57.29,90.597,93.687,62.983,0.0
940GZZLULSQ,940GZZLUCTN,0.0,0.303,13.634,277.486,195.623,126.719,77.232,0.0
940GZZLULSQ,940GZZLUCST,0.0,0.019000001,1.005,8.483,11.008,8.248,4.503,0.0
940GZZLULSQ,940GZZLUCHL,0.0,0.083000004,5.465,30.294,10.431,9.298,6.565,0.0
940GZZLULSQ,940GZZLUEMB,0.0,0.187,2.717,51.597,35.22,25.548,11.267,0.0
940GZZLULSQ,940GZZLUCGN,0.0,0.0,0.613,37.099,17.587,12.308,2.582,0.0
940GZZLULSQ,940GZZLUECT,0.0,2.101,6.583,116.672,163.63899,225.01,173.939,0.013
940GZZLULSQ,940GZZLUERC,0.0,0.0,0.0,2.956,1.482,3.733,2.692,0.0
940GZZLULSQ,940GZZLUEAC,0.0,0.574,3.614,40.911,44.203,51.016,29.723999,0.0
940GZZLULSQ,940GZZLUEUS,0.0,9.604,28.694,366.453,525.464,411.63,241.638,0.04
940GZZLULSQ,940GZZLUESQ,0.0,0.0,0.14,0.49,0.534,1.039,0.445,0.0
940GZZLULSQ,940GZZLUFCN,0.0,0.516,2.249,26.653,10.763,11.346,6.133,0.0
940GZZLULSQ,940GZZLUFYR,0.0,0.281,0.719,8.806,13.281,13.919,12.028,0.0
940GZZLULSQ,940GZZLUFPK,0.0,4.11,8.755,156.731,218.907,243.686,211.746,0.0
940GZZLULSQ,940GZZLUFBY,0.0,0.26,4.219,22.71,37.15,35.057,26.67,0.0
940GZZLULSQ,940GZZLUGTR,0.0,0.517,7.715,104.395,107.709,133.211,111.686,0.005
940GZZLULSQ,940GZZLUGDG,0.0,0.209,9.072,112.475,55.432,40.88,24.299,0.0
940GZZLULSQ,940GZZLUGPS,0.0,0.0,0.639,1.967,1.6110001,1.769,0.644,0.0
940GZZLULSQ,940GZZLUGPK,0.0,1.47,17.651,138.725,67.592,36.61,20.697,0.0
940GZZLULSQ,940GZZLUHSD,0.0,1.64,32.704,153.784,202.985,197.587,134.322,0.019
940GZZLULSQ,940GZZLUHAI,0.0,1.064,4.637,44.573,105.866,111.789,91.996,0.0
940GZZLULSQ,940GZZLUHSK,0.0,0.182,3.0640001,24.844,19.777,24.143,19.445,0.0
940GZZLULSQ,940GZZLUHBN,0.0,0.066,14.003,122.827,60.495,40.21,27.375,0.0
940GZZLULSQ,940GZZLUHPK,0.0,0.033,0.784,6.741,4.692,12.989,4.676,0.0
940GZZLULSQ,940GZZLUHWY,0.0,1.026,17.765,65.467,108.721,108.071,71.905,0.0
940GZZLULSQ,940GZZLUHPC,0.0,1.398,13.997,77.088,46.333,22.049,11.558,0.001
940GZZLULSQ,940GZZLUKNG,0.0,1.122,7.013,64.086,101.383,125.505,108.898,0.0
940GZZLULSQ,940GZZLUKOY,0.0,0.0,0.0,0.0,0.0,0.28100002,0.0,0.0
940GZZLULSQ,940GZZLUKSH,0.0,0.948,8.159,68.113,100.579,106.803,76.91,0.056
940GZZLULSQ,940GZZLUKBN,0.0,0.82100004,0.901,8.985,16.7,22.210001,22.687,0.0
940GZZLULSQ,940GZZLUKSX,0.001,21.809,75.406,724.776,936.912,670.293,472.331,0.037
940GZZLULSQ,940GZZLUKNB,0.0,5.85,39.652,234.684,155.149,70.649,30.351,0.002
940GZZLULSQ,940GZZLULBN,0.0,0.0,0.255,13.4,10.229,14.621,9.763,0.0
940GZZLULSQ,940GZZLULGT,0.0,0.0,0.748,14.12,16.09,28.183,17.655,0.0
940GZZLULSQ,940GZZLULVT,0.0,1.842,16.964,165.356,233.502,176.556,109.102,0.0
940GZZLULSQ,940GZZLULNB,0.0,1.999,11.544,176.839,180.1,149.924,85.522,0.0
940GZZLULSQ,940GZZLUMSH,0.0,0.068,1.204,11.438,3.675,2.671,1.95,0.0
940GZZLULSQ,940GZZLUMBA,0.0,0.024,4.134,28.156,23.43,20.1,16.613,0.0
940GZZLULSQ,940GZZLUMYB,0.0,0.163,1.471,23.792,40.712,29.225,24.508,0.0
940GZZLULSQ,940GZZLUMED,0.0,1.589,1.949,20.26,27.245,39.841,32.614,0.0
940GZZLULSQ,940GZZLUMGT,0.0,1.024,3.821,19.946,16.039,10.085,5.278,0.0
940GZZLULSQ,940GZZLUMTC,0.0,0.533,7.448,44.913,49.035,40.537,32.53,0.0
940GZZLULSQ,940GZZLUNHG,0.0,0.111,3.9950001,30.326,18.559,25.205,17.605999,0.0
940GZZLULSQ,940GZZLUODS,0.0,0.67399997,9.838,107.181,104.94,106.658,74.374,0.0
940GZZLULSQ,940GZZLUOVL,0.407,3.902,25.732,0.0,139.531,95.236,137.956,3.319
940GZZLULSQ,940GZZLUOXC,0.0,0.183,4.8849998,102.744,60.212,21.439,4.472,0.0
940GZZLULSQ,940GZZLUPAC,0.0,0.474,7.101,63.924,93.111,116.411,58.708,0.0
940GZZLULSQ,940GZZLUPCC,0.0,0.1,2.99,62.348,43.815998,19.969,6.844,0.0
940GZZLULSQ,940GZZLUQWY,0.0,0.633,1.558,31.739,33.026,53.395,41.055,0.0
940GZZLULSQ,940GZZLURGP,0.0,0.0,0.862,8.056,4.073,1.218,0.645,0.0
940GZZLULSQ,940GZZLURYO,0.0,0.0,0.0,1.277,2.654,2.4,1.439,0.0
940GZZLULSQ,940GZZLURSQ,0.0,1.791,14.034,159.66,131.319,153.884,124.22,0.0
940GZZLULSQ,940GZZLUSJP,0.0,0.0,4.258,35.652,12.48,14.9140005,14.274,0.0
940GZZLULSQ,940GZZLUSJW,0.0,0.0,3.619,10.952,8.641,12.735,11.505,0.0
940GZZLULSQ,940GZZLUSPU,0.0,0.43400002,8.626,48.27,19.328,9.343,6.807,0.0
940GZZLULSQ,940GZZLUSBC,0.0,0.422,3.361,34.26,41.047,39.572,26.187,0.0
940GZZLULSQ,940GZZLUSSQ,0.0,0.0,4.345,36.766,20.259,14.129,9.073,0.0
940GZZLULSQ,940GZZLUSKS,0.0,0.719,24.960001,289.585,162.24,147.453,86.271996,0.005
940GZZLULSQ,940GZZLUSKW,0.004,1.987,4.514,43.415,73.661,94.201004,89.234,0.036000002
940GZZLULSQ,940GZZLUCHX,0.0,0.524,4.955,49.706,81.578,64.168,46.366,0.0
940GZZLULSQ,940GZZLUSWC,0.0,0.100999996,0.971,9.983,16.21,18.069,15.289,0.001
940GZZLULSQ,940GZZLUTMP,0.0,0.0,0.36,6.928,4.468,4.428,1.584,0.0
940GZZLULSQ,940GZZLUTCR,0.0,0.419,8.549,131.935,76.281,42.409,19.328001,0.0
940GZZLULSQ,940GZZLUTWH,0.0,0.347,10.066,92.7,95.027,77.367,54.862,0.0
940GZZLULSQ,940GZZLUVIC,0.0,7.513,25.8,308.226,512.487,378.147,248.113,0.0
940GZZLULSQ,940GZZLUWRR,0.0,0.592,15.281,108.272,71.942,47.456,37.28,0.0
940GZZLULSQ,940GZZLUWKA,0.0,0.0,0.526,4.048,4.512,6.637,3.674,0.0
940GZZLULSQ,940GZZLUWLO,0.0,15.314,54.668,640.49,1244.443,1149.769,815.258,0.0
940GZZLULSQ,940GZZLUWBN,0.0,0.291,1.856,10.604,13.221,23.302,17.38,0.0
940GZZLULSQ,940GZZLUWHP,0.0,0.38500002,0.188,7.551,20.162,19.393,18.568,0.0
940GZZLULSQ,940GZZLUWKN,0.0,0.063,0.446,9.208,13.336,20.57,16.47,0.0
940GZZLULSQ,940GZZLUWSM,0.0,0.08,3.659,46.762,15.412,7.521,5.828,0.0
940GZZLULSQ,940GZZLUWPL,0.0,0.006,0.891,16.2,14.52,23.042,19.863,0.0
940GZZLULSQ,940GZZLUWIG,0.0,0.809,1.248,10.311,23.476,26.668,26.13,0.004
940GZZLULSQ,940GZZLUERB,0.0,0.084,2.599,11.313,10.879,9.976,9.618,0.0
940GZZLULSQ,940GZZLUPCO,0.0,0.09,2.01,29.727,25.12,32.063,31.075,0.0
940GZZLULSQ,940GZZLUVXL,0.0,0.518,5.484,51.938,76.465,84.947,53.203,0.0
940GZZLULSQ,940GZZLUBXN,0.0,2.953,9.181,87.72,164.279,203.618,176.228,0.0
940GZZLULSQ,940GZZLUSWK,0.0,0.0,4.6679997,55.734,49.407,49.263,27.749,0.0
940GZZLULSQ,940GZZLUBMY,0.0,1.461,4.447,27.032999,41.199,43.749,43.482,0.0
940GZZLULSQ,940GZZLUCWR,0.0,0.89599997,5.201,78.867,116.203,182.48,142.624,0.0
940GZZLULVT,940GZZLUBBN,0.0,87.248,1047.282,502.821,144.13,54.234,19.646,0.0
940GZZLULVT,940GZZLUALD,0.0,31.534,384.234,243.089,165.51,59.373,23.67,0.0
940GZZLULVT,940GZZLUADE,0.0,6.423,150.364,121.225,57.547,36.09,17.118,0.0
940GZZLULVT,940GZZLUAGL,0.0,8.32,121.216,100.582,35.928,20.05,5.104,0.0
940GZZLULVT,940GZZLUBST,0.0,90.363,772.082,565.675,527.342,159.911,58.440998,0.0
940GZZLULVT,940GZZLUBNK,0.0,80.47,812.184,977.961,1112.271,392.744,122.167,0.001
940GZZLULVT,940GZZLUBSC,0.0,0.362,16.266,21.615,53.786,31.226,7.312,0.0
940GZZLULVT,940GZZLUBWT,0.0,0.68299997,10.707,27.851,8.472,5.67,2.341,0.0
940GZZLULVT,940GZZLUBLG,0.0,43.138,197.621,203.912,221.855,145.559,64.025,0.067
940GZZLULVT,940GZZLUBKF,0.0,19.607,300.056,171.376,147.091,28.237,9.753,0.0
940GZZLULVT,940GZZLUBND,0.0,61.36,681.711,959.292,607.41,138.289,18.991,0.003
940GZZLULVT,940GZZLUBOR,0.0,1.936,51.692,38.72,12.725,10.784,4.776,0.0
940GZZLULVT,940GZZLUCAR,0.0,7.773,17.739,29.74,44.665,28.768,12.374,0.001
940GZZLULVT,940GZZLUCTN,0.0,0.658,35.596,92.137,54.64,26.042,7.086,0.015
940GZZLULVT,940GZZLUCST,0.0,8.919,45.879,49.165,56.123,19.585,8.222,0.0
940GZZLULVT,940GZZLUCHL,0.0,49.5,936.036,807.225,295.504,58.012,17.104,0.0
940GZZLULVT,940GZZLUEMB,0.0,50.435,417.54102,292.23,167.217,38.336,11.265,0.004
940GZZLULVT,940GZZLUCGN,0.0,1.523,44.57,167.888,125.905,35.307,2.856,0.0
940GZZLULVT,940GZZLUECT,0.0,7.8,67.729004,107.645,92.032,67.501,21.552,0.0
940GZZLULVT,940GZZLUERC,0.0,37.463,295.331,148.599,142.205,60.622,34.685,0.0
940GZZLULVT,940GZZLUEAC,0.0,9.378,101.395,88.653,49.294,32.828,13.511,0.0
940GZZLULVT,940GZZLUEUS,0.0,9.228,38.002,68.775,111.736,32.308,7.229,0.001
940GZZLULVT,940GZZLUESQ,0.0,180.766,1430.458,832.013,832.083,203.223,57.481,0.0
940GZZLULVT,940GZZLUFCN,0.0,211.534,3755.402,1343.773,1149.219,421.038,136.676,0.0
940GZZLULVT,940GZZLUFYR,0.0,5.2730002,66.157,75.516,216.084,107.031,29.672,0.0
940GZZLULVT,940GZZLUFPK,0.0,2.012,23.676,50.375,78.695,68.374,29.896,0.006
940GZZLULVT,940GZZLUFBY,0.0,0.842,25.596,34.035,61.393,34.940998,11.439,0.0
940GZZLULVT,940GZZLUGTR,0.0,13.37,117.642,110.562,107.37,54.98,20.904,0.0
940GZZLULVT,940GZZLUGDG,0.0,2.608,14.943,29.723,14.082,4.971,1.291,0.002
940GZZLULVT,940GZZLUGPS,0.0,68.424,897.065,359.896,165.13899,67.633,20.492,0.0
940GZZLULVT,940GZZLUGPK,0.0,18.564,168.026,301.257,146.411,35.904,7.711,0.001
940GZZLULVT,940GZZLUHSD,0.0,3.705,35.038002,31.48,76.696,29.059,7.465,0.0
940GZZLULVT,940GZZLUHAI,0.0,0.397,3.64,3.8370001,1.664,4.802,1.894,0.0
940GZZLULVT,940GZZLUHSK,0.0,32.803,196.96,151.463,118.12,45.64,12.306,0.0
940GZZLULVT,940GZZLUHBN,0.0,50.74,1327.536,1367.015,705.597,166.542,37.433,0.009
940GZZLULVT,940GZZLUHPK,0.0,4.876,79.501,63.1,109.159,55.391,17.231,0.019
940GZZLULVT,940GZZLUHWY,0.0,0.405,19.99,30.034,46.036,27.186,12.121,0.003
940GZZLULVT,940GZZLUHPC,0.0,2.385,47.447,62.048,21.013,3.196,1.658,0.004
940GZZLULVT,940GZZLUKNG,0.0,1.226,13.366,17.193,17.812,14.763,8.871,0.004
940GZZLULVT,940GZZLUKOY,0.0,0.0,0.0,0.0,0.0,0.20899999,0.0,0.0
940GZZLULVT,940GZZLUKSH,0.0,1.313,6.864,9.68,15.797,10.865,4.454,0.0
940GZZLULVT,940GZZLUKBN,0.0,2.09,12.667,38.52,95.209,54.885,27.605,0.011
940GZZLULVT,940GZZLUKSX,0.0,280.53,1417.883,1324.449,1348.176,390.701,156.142,0.0
940GZZLULVT,940GZZLUKNB,0.0,18.167,97.647,148.687,83.073,24.059,3.621,0.0
940GZZLULVT,940GZZLULBN,0.0,2.702,14.748,20.712,7.683,4.624,2.671,0.0
940GZZLULVT,940GZZLULGT,0.0,6.798,93.778,152.486,286.124,112.838,41.567,0.0
940GZZLULVT,940GZZLULSQ,0.0,11.488,67.166,185.498,151.072,50.818,11.525,0.001
940GZZLULVT,940GZZLULNB,0.0,14.099,176.863,232.375,189.142,91.63,38.702,0.027
940GZZLULVT,940GZZLUMSH,0.0,1.635,37.173,23.562,5.463,3.794,1.242,0.0
940GZZLULVT,940GZZLUMBA,0.0,36.563,360.129,379.013,256.28,84.271,29.241,0.0
940GZZLULVT,940GZZLUMYB,0.0,4.403,55.452,82.536,156.398,48.07,12.011,0.0
940GZZLULVT,940GZZLUMED,0.0,11.082,190.244,362.354,423.359,231.754,103.446,0.31
940GZZLULVT,940GZZLUMGT,0.0,24.175,172.385,160.79,164.685,79.274,35.096,0.0
940GZZLULVT,940GZZLUMTC,0.0,0.341,21.262,16.601,6.104,6.256,2.237,0.0
940GZZLULVT,940GZZLUNHG,0.0,12.214,165.135,231.096,324.044,174.706,50.22,0.017
940GZZLULVT,940GZZLUODS,0.0,1.684,55.776,64.968,22.695,7.54,3.23,0.0
940GZZLULVT,940GZZLUOVL,0.0,3.559,44.792,30.76,25.468,21.939,9.699,0.004
940GZZLULVT,940GZZLUOXC,0.0,83.22,940.534,1732.0,1115.431,221.661,34.85,0.011
940GZZLULVT,940GZZLUPAC,0.0,172.611,905.443,924.254,971.501,311.993,99.535,0.0
940GZZLULVT,940GZZLUPCC,0.0,7.327,166.801,336.896,218.303,55.75,13.09,0.0
940GZZLULVT,940GZZLUQWY,0.0,8.979,81.692,189.537,212.67,121.33,47.849,0.005
940GZZLULVT,940GZZLURGP,0.0,0.169,6.806,11.169,4.231,0.838,0.242,0.0
940GZZLULVT,940GZZLURYO,0.0,7.291,52.429,39.851,77.468,43.111,19.267,0.0
940GZZLULVT,940GZZLURSQ,0.0,5.192,35.147,85.404,52.984,21.149,14.642,0.002
940GZZLULVT,940GZZLUSJP,0.0,50.735,537.064,239.673,78.182,25.962,8.327,0.0
940GZZLULVT,940GZZLUSJW,0.0,4.543,39.526,43.869,94.858,56.758,13.863,0.004
940GZZLULVT,940GZZLUSPU,0.0,79.948,788.601,687.69403,219.389,40.434,8.385,0.001
940GZZLULVT,940GZZLUSBC,0.0,31.834,268.158,338.234,640.814,257.001,92.339,0.105
940GZZLULVT,940GZZLUSSQ,0.0,31.685999,207.187,220.119,141.759,56.204998,13.271,0.0
940GZZLULVT,940GZZLUSKS,0.0,30.253,248.958,328.908,197.58,68.285,16.906,0.0
940GZZLULVT,940GZZLUSKW,0.0,3.698,17.714,30.088,41.537,27.093,17.116,0.013
940GZZLULVT,940GZZLUCHX,0.0,6.863,53.787,89.987,68.137,19.849,5.354,0.0
940GZZLULVT,940GZZLUSWC,0.0,3.188,18.261,22.979,62.94,42.712,11.274,0.001
940GZZLULVT,940GZZLUTMP,0.0,18.771,189.098,96.613,48.824,9.303,1.621,0.0
940GZZLULVT,940GZZLUTCR,0.0,51.794,972.165,1530.486,1238.68,324.425,64.112,0.008
940GZZLULVT,940GZZLUTWH,0.0,16.871,245.663,320.339,191.92,48.583,24.123,0.0
940GZZLULVT,940GZZLUVIC,0.0,85.527,514.996,496.336,589.187,243.739,80.494,0.0
940GZZLULVT,940GZZLUWRR,0.0,2.07,17.585,18.81,10.468,3.633,1.216,0.002
940GZZLULVT,940GZZLUWKA,0.0,0.222,9.237,14.323,49.949,38.658,9.501,0.0
940GZZLULVT,940GZZLUWLO,0.0,64.233,450.263,570.155,1419.835,601.061,166.275,0.003
940GZZLULVT,940GZZLUWBN,0.0,16.367,107.849,40.036,25.269001,16.796,4.49,0.0
940GZZLULVT,940GZZLUWHP,0.0,11.744,37.045,36.043,132.294,73.465,26.895,0.01
940GZZLULVT,940GZZLUWKN,0.0,4.697,9.542,14.475,12.108,12.441,5.678,0.0
940GZZLULVT,940GZZLUWSM,0.0,34.263,374.457,229.896,60.7,16.238,2.355,0.0
940GZZLULVT,940GZZLUWPL,0.0,20.873,269.688,261.689,166.339,102.502,46.792,0.0
940GZZLULVT,940GZZLUWIG,0.0,5.934,13.894,34.49,107.42,59.282,28.317,0.03
940GZZLULVT,940GZZLUERB,0.0,0.324,17.642,7.766,9.862,2.129,1.066,0.0
940GZZLULVT,940GZZLUPCO,0.0,7.131,43.319,64.895,75.179,42.072,14.753,0.0
940GZZLULVT,940GZZLUVXL,0.0,47.384,181.053,105.006,139.558,54.79,21.015,0.0
940GZZLULVT,940GZZLUBXN,0.0,5.569,48.416,65.032,161.836,113.844,55.577,0.053
940GZZLULVT,940GZZLUSWK,0.0,2.0310001,21.018,25.303,10.343,5.239,1.167,0.0
940GZZLULVT,940GZZLUBMY,0.0,0.589,3.276,8.623,7.348,3.4490001,3.387,0.0
940GZZLULVT,940GZZLUCWR,0.0,0.031999998,2.28,6.541,3.726,7.181,3.167,0.003
940GZZLULNB,940GZZLUBBN,0.0,6.213,56.779,56.225,18.564,12.027,4.79,0.0
940GZZLULNB,940GZZLUALD,0.0,1.118,20.907,31.408,13.613,5.633,1.903,0.0
940GZZLULNB,940GZZLUADE,0.0,2.99,47.644,78.846,41.376,15.297,7.296,0.0
940GZZLULNB,940GZZLUAGL,0.0,59.677,905.319,651.037,541.448,271.0,86.115,0.0
940GZZLULNB,940GZZLUBST,0.0,88.795,592.863,574.441,391.441,120.566,47.195,0.076
940GZZLULNB,940GZZLUBNK,0.0,56.072,445.36,612.505,561.236,187.998,75.041,0.0
940GZZLULNB,940GZZLUBSC,0.0,3.036,61.509,31.489,36.18,19.059,9.014,0.025
940GZZLULNB,940GZZLUBWT,0.0,1.498,6.358,15.216,13.956,5.466,3.351,0.0
940GZZLULNB,940GZZLUBLG,0.0,11.944,70.021,114.291,119.769,71.459,34.325,0.0
940GZZLULNB,940GZZLUBKF,0.0,0.447,13.25,17.43,8.87,3.252,0.808,0.0
940GZZLULNB,940GZZLUBND,0.0,258.717,1814.212,1782.28,850.672,178.588,27.943,0.016
940GZZLULNB,940GZZLUBOR,0.0,4.407,48.103,47.371,17.418,8.951,3.941,0.0
940GZZLULNB,940GZZLUCAR,0.0,15.984,53.641,32.241,46.287,30.193,10.676,0.002
940GZZLULNB,940GZZLUCTN,0.0,52.908,333.453,454.898,299.717,124.313,38.538,0.0
940GZZLULNB,940GZZLUCST,0.0,0.412,9.128,3.979,3.989,0.92,0.35300002,0.0
940GZZLULNB,940GZZLUCHL,0.0,12.935,139.183,182.327,61.867,11.804,2.593,0.0
940GZZLULNB,940GZZLUEMB,0.0,0.906,16.642,66.417,36.741,9.038,2.733,0.001
940GZZLULNB,940GZZLUCGN,0.0,0.637,22.639,182.37,110.608,23.347,2.088,0.0
940GZZLULNB,940GZZLUECT,0.0,6.0230002,59.959,99.034,95.111,58.588,25.014,0.027
940GZZLULNB,940GZZLUERC,0.0,0.359,3.206,17.051,8.621,4.965,2.883,0.0
940GZZLULNB,940GZZLUEAC,0.0,22.265999,385.894,389.581,426.632,178.776,58.116,0.0
940GZZLULNB,940GZZLUEUS,0.0,203.04,859.84,979.755,968.271,302.763,82.84,0.0
940GZZLULNB,940GZZLUESQ,0.0,3.343,14.034,9.804,5.481,0.428,0.319,0.0
940GZZLULNB,940GZZLUFCN,0.0,2.0740001,66.408,85.296,49.891,20.151001,6.498,0.0
940GZZLULNB,940GZZLUFYR,0.0,11.589,75.154,81.029,124.017,67.6,27.19,0.025
940GZZLULNB,940GZZLUFPK,0.0,16.236,44.858,76.237,85.433,70.935,45.694,0.0
940GZZLULNB,940GZZLUFBY,0.0,1.001,41.184002,44.634,64.789,29.487999,9.89,0.0
940GZZLULNB,940GZZLUGTR,0.0,5.374,58.032,81.139,77.55,35.596,20.563,0.008
940GZZLULNB,940GZZLUGDG,0.0,13.593,94.069,142.906,60.953,15.201,4.2860003,0.018
940GZZLULNB,940GZZLUGPS,0.0,3.773,50.811,41.861,13.868,5.452,4.525,0.0
940GZZLULNB,940GZZLUGPK,0.0,221.605,1283.235,1288.506,578.851,136.842,33.071,0.01
940GZZLULNB,940GZZLUHSD,0.0,19.665,238.305,139.13899,148.122,63.712,24.88,0.044
940GZZLULNB,940GZZLUHAI,0.0,2.023,10.0460005,12.896,1.9549999,8.324,6.1089997,0.0
940GZZLULNB,940GZZLUHSK,0.0,6.725,64.876,94.272,57.968998,18.08,5.584,0.0
940GZZLULNB,940GZZLUHBN,0.0,19.979,190.449,265.177,135.688,27.572,7.423,0.001
940GZZLULNB,940GZZLUHPK,0.0,4.559,58.885,36.449,26.368,12.491,7.264,0.002
940GZZLULNB,940GZZLUHWY,0.0,4.91,41.976,55.49,53.087,31.782999,16.134,0.011
940GZZLULNB,940GZZLUHPC,0.0,20.387,83.968,52.734,22.235,5.242,0.808,0.0
940GZZLULNB,940GZZLUKNG,0.0,13.37,126.973,103.676,100.412,67.686,33.031,0.0
940GZZLULNB,940GZZLUKOY,0.0,0.0,0.0,0.0,0.0,0.218,0.0,0.0
940GZZLULNB,940GZZLUKSH,0.0,9.562,57.268,70.185,80.221,52.501,24.503,0.0
940GZZLULNB,940GZZLUKBN,0.0,13.5789995,60.602,79.388,144.73,80.896,47.648,0.04
940GZZLULNB,940GZZLUKSX,0.0,176.561,827.354,1190.869,880.907,294.703,116.08,0.0
940GZZLULNB,940GZZLUKNB,0.0,28.318,199.826,280.142,129.503,25.031,4.482,0.004
940GZZLULNB,940GZZLULBN,0.0,3.661,13.308,25.825,19.875,9.799,6.784,0.0
940GZZLULNB,940GZZLULGT,0.0,5.3,37.049,43.277,55.447,23.405,12.959,0.0
940GZZLULNB,940GZZLULSQ,0.0,6.453,51.449,324.324,260.686,76.537,21.322,0.007
940GZZLULNB,940GZZLULVT,0.0,20.759,163.704,278.58,296.035,100.66,35.903,0.0
940GZZLULNB,940GZZLUMSH,0.0,0.0,1.556,6.766,1.938,0.622,0.157,0.0
940GZZLULNB,940GZZLUMBA,0.0,20.211,116.024,88.687,51.584,18.176,7.08,0.0
940GZZLULNB,940GZZLUMYB,0.0,17.071,157.825,131.114,173.864,69.89,23.994,0.0
940GZZLULNB,940GZZLUMED,0.0,4.344,23.924,55.79,65.354,42.457,21.792,0.0
940GZZLULNB,940GZZLUMGT,0.0,222.0,1603.122,961.221,902.127,212.061,73.63,0.0
940GZZLULNB,940GZZLUMTC,0.0,5.063,35.05,20.095,10.594,5.105,1.7870001,0.001
940GZZLULNB,940GZZLUNHG,0.0,4.423,97.466,110.651,86.863,44.304,17.034,0.01
940GZZLULNB,940GZZLUODS,0.0,85.707,1704.5,1154.151,638.369,324.143,100.524,0.0
940GZZLULNB,940GZZLUOVL,0.0,21.175,255.522,188.06,178.146,108.837,51.417,0.0
940GZZLULNB,940GZZLUOXC,0.0,49.475,245.848,506.218,302.533,66.97,10.556,0.0
940GZZLULNB,940GZZLUPAC,0.0,72.226,504.78,562.397,599.385,205.745,60.35,0.0
940GZZLULNB,940GZZLUPCC,0.0,5.6809998,68.647,316.576,253.645,78.277,15.927,0.004
940GZZLULNB,940GZZLUQWY,0.0,8.966,56.918,94.223,75.062,41.52,23.417,0.007
940GZZLULNB,940GZZLURGP,0.0,1.374,45.462,34.263,14.625,3.58,0.884,0.0
940GZZLULNB,940GZZLURYO,0.0,2.529,11.214,11.734,12.6,9.396,3.567,0.0
940GZZLULNB,940GZZLURSQ,0.0,11.728,45.345,89.636,54.717,21.782999,8.936,0.002
940GZZLULNB,940GZZLUSJP,0.0,11.2,179.692,161.148,50.941,13.992,6.125,0.0
940GZZLULNB,940GZZLUSJW,0.0,20.274,221.933,150.664,153.097,77.104,25.885,0.016
940GZZLULNB,940GZZLUSPU,0.0,4.166,38.972,76.127,21.586,3.444,2.002,0.0
940GZZLULNB,940GZZLUSBC,0.0,16.812,136.816,186.771,200.51399,79.988,32.414,0.058
940GZZLULNB,940GZZLUSSQ,0.0,10.344,135.235,182.331,132.358,51.032,18.3,0.0
940GZZLULNB,940GZZLUSKS,0.0,15.653,197.075,325.353,153.424,49.098,16.995,0.015
940GZZLULNB,940GZZLUSKW,0.0,20.7,130.648,153.054,215.499,123.205,52.574,0.0
940GZZLULNB,940GZZLUCHX,0.0,2.332,21.858,138.817,114.703,19.386,4.671,0.001
940GZZLULNB,940GZZLUSWC,0.0,11.743,145.116,105.491,127.387,73.773,28.519001,0.024
940GZZLULNB,940GZZLUTMP,0.0,0.57,54.874,130.364,36.465,8.547,3.409,0.0
940GZZLULNB,940GZZLUTCR,0.0,16.35,163.955,450.813,263.199,62.545,15.575,0.003
940GZZLULNB,940GZZLUTWH,0.0,4.775,32.645,66.516,39.634,10.542,3.7879999,0.0
940GZZLULNB,940GZZLUVIC,0.0,33.319,269.314,368.52,370.956,123.869,49.679,0.001
940GZZLULNB,940GZZLUWRR,0.0,21.161,158.626,113.684,50.022,17.599,5.268,0.004
940GZZLULNB,940GZZLUWKA,0.0,1.658,21.557,29.143,43.038,29.34,11.496,0.0
940GZZLULNB,940GZZLUWLO,0.0,133.414,791.485,1712.325,2196.433,1052.744,450.726,0.043
940GZZLULNB,940GZZLUWBN,0.0,3.536,55.027,24.628,27.315,14.102,4.5690002,0.0
940GZZLULNB,940GZZLUWHP,0.0,17.671,87.015,86.039,194.93,105.551,44.262,0.041
940GZZLULNB,940GZZLUWKN,0.0,2.568,21.956,31.157,36.0,24.301,14.433,0.0
940GZZLULNB,940GZZLUWSM,0.0,70.988,721.668,1018.645,284.073,72.904,19.482,0.004
940GZZLULNB,940GZZLUWPL,0.0,0.782,12.409,30.072,13.606,9.505,3.365,0.0
940GZZLULNB,940GZZLUWIG,0.0,4.805,30.887,79.526,154.922,71.586,52.0,0.123
940GZZLULNB,940GZZLUERB,0.0,8.535,138.081,86.237,55.929,23.516,10.105,0.0
940GZZLULNB,940GZZLUPCO,0.0,2.816,50.657,74.648,61.265,38.806,16.943,0.0
940GZZLULNB,940GZZLUVXL,0.0,14.607,84.75,99.022,100.987,43.032,19.223999,0.001
940GZZLULNB,940GZZLUBXN,0.0,27.862999,244.329,243.072,372.493,240.321,102.928,0.248
940GZZLULNB,940GZZLUSWK,0.0,71.36,416.126,400.061,242.184,68.067,24.581,0.009
940GZZLULNB,940GZZLUBMY,0.0,28.219,160.274,256.545,234.437,111.934,59.753,0.0
940GZZLULNB,940GZZLUCWR,0.0,30.033,631.107,1193.304,2600.256,1338.62,432.464,0.0
940GZZLUMSH,940GZZLUBBN,0.0,0.08,1.297,4.0,2.427,0.429,0.162,0.0
940GZZLUMSH,940GZZLUALD,0.0,0.597,4.145,15.113,10.973,4.587,1.738,0.0
940GZZLUMSH,940GZZLUADE,0.0,0.067,6.825,51.892,59.87,24.268,7.181,0.0
940GZZLUMSH,940GZZLUAGL,0.0,0.0,0.613,1.404,2.37,0.516,0.0,0.0
940GZZLUMSH,940GZZLUBST,0.0,0.0,2.842,15.185,26.102,9.793,2.194,0.0
940GZZLUMSH,940GZZLUBNK,0.0,0.445,8.8,65.651,90.294,21.014,2.693,0.0
940GZZLUMSH,940GZZLUBSC,0.0,0.016,3.0,9.622,41.624,17.127,3.876,0.0
940GZZLUMSH,940GZZLUBWT,0.0,0.0,0.754,3.538,16.238,3.926,1.574,0.0
940GZZLUMSH,940GZZLUBLG,0.0,0.0,0.115,0.479,1.815,0.292,0.139,0.0
940GZZLUMSH,940GZZLUBKF,0.0,0.621,13.76,60.193,140.041,42.226,12.339,0.0
940GZZLUMSH,940GZZLUBND,0.0,0.0,1.634,8.957,8.684,1.595,0.179,0.0
940GZZLUMSH,940GZZLUCTN,0.0,0.059,0.393,4.571,5.182,1.591,0.191,0.0
940GZZLUMSH,940GZZLUCST,0.0,0.055,1.239,3.787,18.137,4.036,1.082,0.0
940GZZLUMSH,940GZZLUEMB,0.0,0.367,48.971,245.276,272.331,48.646,9.3,0.0
940GZZLUMSH,940GZZLUCGN,0.0,0.0,0.0,1.18,1.951,0.14400001,0.005,0.0
940GZZLUMSH,940GZZLUECT,0.0,0.331,7.294,41.243,170.254,88.77,22.487,0.0
940GZZLUMSH,940GZZLUERC,0.0,0.0,0.594,3.522,6.39,1.581,0.416,0.0
940GZZLUMSH,940GZZLUEAC,0.0,0.0,0.79,1.604,2.236,0.663,0.144,0.0
940GZZLUMSH,940GZZLUEUS,0.0,0.0,0.668,13.67,31.698,5.011,0.92800003,0.0
940GZZLUMSH,940GZZLUESQ,0.0,0.08,0.921,7.856,9.334,2.936,0.317,0.0
940GZZLUMSH,940GZZLUFCN,0.0,0.058,0.853,7.615,2.757,1.747,0.661,0.0
940GZZLUMSH,940GZZLUFYR,0.0,0.0,1.227,2.229,18.572,6.916,1.573,0.0
940GZZLUMSH,940GZZLUFPK,0.0,0.0,0.0,1.7770001,4.698,1.475,0.792,0.0
940GZZLUMSH,940GZZLUFBY,0.0,1.253,10.033,31.096,162.51001,56.546,8.785,0.0
940GZZLUMSH,940GZZLUGTR,0.0,0.0,9.603,38.869,154.416,62.622,12.474,0.0
940GZZLUMSH,940GZZLUGDG,0.0,0.0,0.907,5.658,6.915,1.483,0.299,0.0
940GZZLUMSH,940GZZLUGPS,0.0,0.015000001,0.645,4.635,3.7,0.02,0.132,0.0
940GZZLUMSH,940GZZLUGPK,0.0,0.0,8.221,59.351,47.74,5.567,0.749,0.0
940GZZLUMSH,940GZZLUHSD,0.0,0.97,15.493,40.089,143.526,45.758,9.261,0.0
940GZZLUMSH,940GZZLUHAI,0.0,0.0,0.077,0.231,0.417,0.179,0.011,0.0
940GZZLUMSH,940GZZLUHSK,0.0,0.605,19.844,36.81,79.875,19.734,6.232,0.0
940GZZLUMSH,940GZZLUHBN,0.0,0.0,0.203,1.755,1.04,0.314,0.131,0.0
940GZZLUMSH,940GZZLUHPC,0.0,0.0,1.433,1.471,1.421,0.017,0.0,0.0
940GZZLUMSH,940GZZLUKNG,0.0,0.0,0.0,1.402,7.769,2.578,0.591,0.0
940GZZLUMSH,940GZZLUKOY,0.0,0.0,0.0,0.0,0.0,0.076,0.0,0.0
940GZZLUMSH,940GZZLUKSH,0.0,0.0,0.0,0.50200003,1.774,0.579,0.037,0.0
940GZZLUMSH,940GZZLUKBN,0.0,0.0,0.519,1.812,15.431,3.39,0.577,0.0
940GZZLUMSH,940GZZLUKSX,0.0,0.771,2.317,27.329,25.27,5.865,2.165,0.0
940GZZLUMSH,940GZZLUKNB,0.0,0.102,0.685,9.389,9.757,1.0370001,0.0,0.0
940GZZLUMSH,940GZZLULBN,0.0,0.0,0.14,1.769,5.7,2.549,0.0,0.0
940GZZLUMSH,940GZZLULSQ,0.0,0.053000003,0.901,19.523,26.1,5.864,1.005,0.0
940GZZLUMSH,940GZZLULVT,0.0,1.095,4.748,28.468,34.19,13.436,2.321,0.0
940GZZLUMSH,940GZZLULNB,0.0,0.0,0.274,5.228,3.7549999,1.3330001,0.771,0.0
940GZZLUMSH,940GZZLUMBA,0.0,0.0,0.0,1.915,0.671,0.285,0.112,0.0
940GZZLUMSH,940GZZLUMYB,0.0,0.363,1.735,13.446,72.136,11.883,2.493,0.0
940GZZLUMSH,940GZZLUMED,0.0,0.0,1.951,7.459,35.31,11.164,2.894,0.0
940GZZLUMSH,940GZZLUMGT,0.0,0.0,0.954,4.77,7.3910003,1.228,0.554,0.0
940GZZLUMSH,940GZZLUMTC,0.0,0.0,0.0,1.681,3.905,1.165,0.115,0.0
940GZZLUMSH,940GZZLUNHG,0.0,0.085999995,1.459,6.508,15.657,4.659,0.928,0.0
940GZZLUMSH,940GZZLUODS,0.0,0.0,0.462,2.323,1.954,1.646,0.342,0.0
940GZZLUMSH,940GZZLUOVL,0.0,0.0,0.363,1.523,3.305,2.811,1.438,0.0
940GZZLUMSH,940GZZLUOXC,0.0,0.0,1.7590001,14.924,18.012,1.805,0.199,0.0
940GZZLUMSH,940GZZLUPAC,0.0,1.445,12.67,72.613,122.945,21.857,5.182,0.0
940GZZLUMSH,940GZZLUPCC,0.0,0.118,8.144,46.81,49.175,10.123,1.597,0.0
940GZZLUMSH,940GZZLURGP,0.0,0.005,0.989,4.806,6.048,1.168,0.116,0.0
940GZZLUMSH,940GZZLURYO,0.0,0.012,0.062,0.851,0.719,1.195,0.443,0.0
940GZZLUMSH,940GZZLUSJP,0.0,3.389,84.309,245.05,177.888,50.43,9.606,0.0
940GZZLUMSH,940GZZLUSJW,0.0,0.0,0.852,4.857,18.032,10.327,3.958,0.0
940GZZLUMSH,940GZZLUSBC,0.0,0.0,0.0,1.393,2.339,0.556,0.097,0.0
940GZZLUMSH,940GZZLUSSQ,0.0,0.16,29.122,151.596,390.346,148.764,25.471,0.0
940GZZLUMSH,940GZZLUSKS,0.0,0.767,32.182,132.227,246.085,95.248,16.55,0.0
940GZZLUMSH,940GZZLUSKW,0.0,0.0,0.111,2.714,13.197,2.998,2.894,0.0
940GZZLUMSH,940GZZLUCHX,0.0,0.241,0.66400003,3.934,5.78,2.681,0.051,0.0
940GZZLUMSH,940GZZLUSWC,0.0,0.0,0.18,1.817,21.775,9.001,1.7689999,0.0
940GZZLUMSH,940GZZLUTMP,0.0,0.0,12.391,72.329,61.225,11.626,1.974,0.0
940GZZLUMSH,940GZZLUTCR,0.0,0.0,0.463,6.792,6.702,2.417,0.15,0.0
940GZZLUMSH,940GZZLUTWH,0.0,1.039,20.127,191.45801,234.0,46.904,13.784,0.0
940GZZLUMSH,940GZZLUVIC,0.0,0.31800002,14.71,77.874,232.425,66.439,14.768,0.0
940GZZLUMSH,940GZZLUWRR,0.0,0.0,1.679,6.229,6.765,1.943,0.056,0.0
940GZZLUMSH,940GZZLUWKA,0.0,0.0,0.105000004,2.437,16.294,8.812,2.174,0.0
940GZZLUMSH,940GZZLUWLO,0.0,0.012,2.124,21.243,84.572,28.122,7.281,0.0
940GZZLUMSH,940GZZLUWBN,0.0,1.093,8.644,14.381,52.603,21.373,4.776,0.0
940GZZLUMSH,940GZZLUWHP,0.0,0.0,0.091000006,1.969,13.416,6.209,1.33,0.0
940GZZLUMSH,940GZZLUWKN,0.0,0.095,5.44,20.0,76.084,39.586,9.824,0.0
940GZZLUMSH,940GZZLUWSM,0.0,1.401,42.141,153.78,100.724,19.999,4.922,0.0
940GZZLUMSH,940GZZLUWPL,0.0,0.299,10.903,69.281,174.904,70.38,15.503,0.0
940GZZLUMSH,940GZZLUWIG,0.0,0.0,0.065000005,4.311,20.538,6.152,2.701,0.0
940GZZLUMSH,940GZZLUERB,0.0,0.0,0.363,2.148,7.142,3.306,0.69200003,0.0
940GZZLUMSH,940GZZLUPCO,0.0,0.766,1.183,10.22,27.545,15.521,2.432,0.0
940GZZLUMSH,940GZZLUVXL,0.0,0.612,2.047,12.442,58.782,17.365,2.749,0.0
940GZZLUMSH,940GZZLUBXN,0.0,0.0,0.666,8.921,49.690998,22.901001,7.0160003,0.0
940GZZLUMSH,940GZZLUSWK,0.0,0.198,0.016,1.709,1.559,0.431,0.351,0.0
940GZZLUMSH,940GZZLUBMY,0.0,0.0,0.124000005,0.635,2.217,1.262,0.347,0.0
940GZZLUMSH,940GZZLUCWR,0.0,0.007,0.285,7.39,8.857,4.909,0.968,0.0
940GZZLUMBA,940GZZLUBBN,0.0,0.0,1.024,3.926,1.869,1.245,0.521,0.0
940GZZLUMBA,940GZZLUALD,0.0,0.127,11.611,16.183,15.77,9.752,3.997,0.0
940GZZLUMBA,940GZZLUADE,0.0,0.0,4.336,12.948,16.499,13.146,5.223,0.0
940GZZLUMBA,940GZZLUAGL,0.0,0.117,2.851,15.588,15.778,8.729,2.179,0.0
940GZZLUMBA,940GZZLUBST,0.0,0.0,3.884,16.605,7.15,4.593,2.553,0.0
940GZZLUMBA,940GZZLUBNK,0.0,28.696,256.685,366.444,309.585,99.864,41.777,0.0
940GZZLUMBA,940GZZLUBSC,0.0,0.0,1.206,1.941,2.404,1.739,0.315,0.0
940GZZLUMBA,940GZZLUBWT,0.0,0.0,0.109000005,6.94,5.487,6.822,1.289,0.0
940GZZLUMBA,940GZZLUBLG,0.0,2.225,13.581,44.574,77.107,44.656,30.829,0.0
940GZZLUMBA,940GZZLUBKF,0.0,0.108,0.73800004,3.176,4.1150002,1.041,0.776,0.0
940GZZLUMBA,940GZZLUBND,0.0,0.0,5.509,36.806,24.583,10.342,2.465,0.0
940GZZLUMBA,940GZZLUBOR,0.0,0.121,0.605,7.077,4.712,4.143,1.844,0.0
940GZZLUMBA,940GZZLUCAR,0.0,0.0,2.56,4.969,9.77,5.063,2.496,0.0
940GZZLUMBA,940GZZLUCTN,0.0,1.342,5.681,48.605,25.22,10.608,3.213,0.0
940GZZLUMBA,940GZZLUCHL,0.0,6.487,122.811,154.581,80.251,20.569,8.495,0.0
940GZZLUMBA,940GZZLUEMB,0.0,0.067,3.148,13.81,14.295,4.9570003,0.755,0.0
940GZZLUMBA,940GZZLUCGN,0.0,0.89,3.653,38.065,30.656,11.563,1.642,0.0
940GZZLUMBA,940GZZLUECT,0.0,0.107,1.48,34.319,38.786,24.124,8.958,0.0
940GZZLUMBA,940GZZLUERC,0.0,0.0,0.525,1.968,2.493,2.017,1.075,0.0
940GZZLUMBA,940GZZLUEAC,0.0,0.261,7.097,27.288,35.977,20.881,8.955,0.0
940GZZLUMBA,940GZZLUEUS,0.0,1.028,14.181,60.546,82.5,29.81,9.327,0.0
940GZZLUMBA,940GZZLUFCN,0.0,0.086,1.306,3.885,2.084,1.7870001,0.177,0.0
940GZZLUMBA,940GZZLUFYR,0.0,0.0,1.817,4.838,7.834,4.21,2.423,0.0
940GZZLUMBA,940GZZLUFPK,0.0,0.679,7.758,31.867,64.441,29.857,22.421,0.0
940GZZLUMBA,940GZZLUFBY,0.0,0.031,0.968,12.442,21.143,11.181,3.029,0.0
940GZZLUMBA,940GZZLUGTR,0.0,0.0,1.924,24.678,28.549,13.891,3.952,0.0
940GZZLUMBA,940GZZLUGDG,0.0,0.0,1.854,9.033,4.143,2.373,0.46,0.0
940GZZLUMBA,940GZZLUGPS,0.0,0.065,0.3,0.689,0.768,0.328,0.395,0.0
940GZZLUMBA,940GZZLUGPK,0.0,0.43,7.059,36.09,15.764,4.141,1.141,0.0
940GZZLUMBA,940GZZLUHSD,0.0,0.0,1.374,7.323,7.967,4.766,1.143,0.0
940GZZLUMBA,940GZZLUHAI,0.0,1.74,8.0130005,30.786,79.823,35.81,17.602,0.0
940GZZLUMBA,940GZZLUHSK,0.0,0.0,5.789,39.534,34.643,14.106,4.894,0.0
940GZZLUMBA,940GZZLUHBN,0.0,5.233,131.069,240.217,124.895996,40.181,10.753,0.0
940GZZLUMBA,940GZZLUHPK,0.0,0.354,10.474,35.937,52.117,21.655,5.958,0.001
940GZZLUMBA,940GZZLUHWY,0.0,0.084,3.263,8.248,9.701,5.721,4.232,0.0
940GZZLUMBA,940GZZLUHPC,0.0,0.0,0.426,2.561,0.91,0.094000004,0.006,0.0
940GZZLUMBA,940GZZLUKNG,0.0,0.0,1.823,4.768,10.755,5.171,2.479,0.0
940GZZLUMBA,940GZZLUKOY,0.0,0.0,0.0,0.0,0.0,0.078,0.0,0.0
940GZZLUMBA,940GZZLUKSH,0.0,0.036,3.514,7.831,11.969,7.696,3.208,0.001
940GZZLUMBA,940GZZLUKBN,0.0,0.32999998,0.238,2.783,9.556,3.921,2.369,0.0
940GZZLUMBA,940GZZLUKSX,0.0,3.99,31.362,121.219,176.338,49.635,17.748,0.0
940GZZLUMBA,940GZZLUKNB,0.0,0.0,2.326,19.682,11.472,4.166,0.6,0.0
940GZZLUMBA,940GZZLULBN,0.0,0.067,1.631,8.442,7.699,5.875,2.101,0.0
940GZZLUMBA,940GZZLULGT,0.0,0.632,10.586,69.199,78.519,43.336,14.402,0.0
940GZZLUMBA,940GZZLULSQ,0.0,0.0,4.121,33.11,37.924,17.739,4.51,0.0
940GZZLUMBA,940GZZLULVT,0.0,16.881,203.99,366.201,503.582,180.372,77.866,0.0
940GZZLUMBA,940GZZLULNB,0.0,2.087,28.662,76.141,123.107,48.83,22.828001,0.0
940GZZLUMBA,940GZZLUMYB,0.0,0.064,3.286,12.704,10.271,7.287,2.66,0.0
940GZZLUMBA,940GZZLUMED,0.0,0.848,13.419,42.131,59.795,34.97,28.632,0.0
940GZZLUMBA,940GZZLUMGT,0.0,0.337,3.051,6.102,3.521,1.542,0.275,0.0
940GZZLUMBA,940GZZLUMTC,0.0,0.0,1.927,4.105,6.301,4.902,2.467,0.0
940GZZLUMBA,940GZZLUNHG,0.0,0.339,21.069,116.25,117.499,55.53,17.543,0.001
940GZZLUMBA,940GZZLUODS,0.0,0.092,9.575,27.359,22.459,13.936,8.687,0.0
940GZZLUMBA,940GZZLUOVL,0.0,0.0,1.8659999,3.825,5.119,3.747,1.528,0.0
940GZZLUMBA,940GZZLUOXC,0.0,0.763,30.607,185.208,128.84,55.641003,13.646,0.0
940GZZLUMBA,940GZZLUPAC,0.0,0.214,4.176,40.769,51.769,34.348,5.912,0.0
940GZZLUMBA,940GZZLUPCC,0.0,0.0,7.737,52.95,49.33,19.316,5.691,0.0
940GZZLUMBA,940GZZLUQWY,0.0,1.362,14.129,133.199,140.72,104.157,30.4,0.001
940GZZLUMBA,940GZZLURGP,0.0,0.055,1.503,6.242,2.4950001,0.978,0.586,0.0
940GZZLUMBA,940GZZLURSQ,0.0,0.22,5.754,22.766,22.184,16.078,5.857,0.0
940GZZLUMBA,940GZZLUSJP,0.0,0.080000006,0.557,5.218,2.213,1.0040001,0.287,0.0
940GZZLUMBA,940GZZLUSJW,0.0,0.058000002,3.024,7.3910003,6.699,3.27,0.806,0.0
940GZZLUMBA,940GZZLUSPU,0.0,11.857,169.733,199.118,72.922,21.011,6.583,0.0
940GZZLUMBA,940GZZLUSBC,0.0,5.053,46.533,195.805,274.034,120.035,41.673,0.02
940GZZLUMBA,940GZZLUSSQ,0.0,0.057,2.779,13.953,4.755,1.713,0.363,0.0
940GZZLUMBA,940GZZLUSKS,0.0,0.0,1.941,25.229,12.109,4.083,0.598,0.0
940GZZLUMBA,940GZZLUSKW,0.0,0.241,1.571,7.154,17.532999,10.983,5.13,0.0
940GZZLUMBA,940GZZLUCHX,0.0,0.203,10.184,48.549,64.199,15.952,6.492,0.0
940GZZLUMBA,940GZZLUSWC,0.0,0.0,1.359,6.942,8.738,6.119,3.161,0.0
940GZZLUMBA,940GZZLUTMP,0.0,0.0,0.51,1.239,1.913,0.42700002,0.0,0.0
940GZZLUMBA,940GZZLUTCR,0.0,1.395,60.86,260.318,197.575,82.906,22.891,0.0
940GZZLUMBA,940GZZLUTWH,0.0,0.182,8.281,33.284,29.611,9.768,2.52,0.0
940GZZLUMBA,940GZZLUVIC,0.0,2.097,27.174,123.956,217.512,80.02,28.927,0.0
940GZZLUMBA,940GZZLUWRR,0.0,0.871,6.255,19.482,11.722,3.842,1.394,0.0
940GZZLUMBA,940GZZLUWKA,0.0,0.0,0.349,1.5830001,1.154,1.376,0.313,0.0
940GZZLUMBA,940GZZLUWLO,0.0,2.411,25.778,74.394,171.738,57.794,20.309,0.0
940GZZLUMBA,940GZZLUWBN,0.0,0.006,1.013,7.26,9.743,7.48,1.609,0.0
940GZZLUMBA,940GZZLUWHP,0.0,0.21000001,2.134,6.376,19.614,7.002,4.588,0.0
940GZZLUMBA,940GZZLUWKN,0.0,0.061,0.582,3.164,3.909,3.8140001,1.52,0.0
940GZZLUMBA,940GZZLUWSM,0.0,0.221,16.205,50.456,16.42,4.009,1.6159999,0.0
940GZZLUMBA,940GZZLUWPL,0.0,0.071,1.167,9.185,7.048,4.739,3.033,0.0
940GZZLUMBA,940GZZLUWIG,0.0,0.0,1.513,6.036,10.812,8.549,6.146,0.0
940GZZLUMBA,940GZZLUERB,0.0,0.0,0.335,3.832,2.363,2.326,0.778,0.0
940GZZLUMBA,940GZZLUPCO,0.0,0.0,1.593,10.833,10.363,7.571,2.988,0.0
940GZZLUMBA,940GZZLUVXL,0.0,0.959,15.437,35.87,56.383,29.84,14.274,0.0
940GZZLUMBA,940GZZLUBXN,0.0,0.634,11.032,42.075,75.129,41.985,23.376,0.0
940GZZLUMBA,940GZZLUSWK,0.0,0.483,12.224,21.518,25.898,7.834,5.275,0.0
940GZZLUMBA,940GZZLUBMY,0.0,0.47,2.45,7.131,12.295,6.384,4.48,0.0
940GZZLUMBA,940GZZLUCWR,0.0,0.652,9.808,23.153,49.855,24.334,15.288,0.0
940GZZLUMYB,940GZZLUBBN,0.0,0.771,25.789,19.502,7.448,2.266,0.117,0.0
940GZZLUMYB,940GZZLUALD,0.0,0.472,21.682,14.253,6.389,1.839,0.615,0.0
940GZZLUMYB,940GZZLUADE,0.0,0.0,7.209,11.684,7.889,4.892,0.751,0.0
940GZZLUMYB,940GZZLUAGL,0.0,0.004,8.211,14.63,5.336,3.06,0.545,0.0
940GZZLUMYB,940GZZLUBST,0.0,0.231,7.142,28.925,13.938,4.798,0.742,0.0
940GZZLUMYB,940GZZLUBNK,0.0,17.965,322.914,188.39,77.751,17.73,5.743,0.0
940GZZLUMYB,940GZZLUBSC,0.0,0.019000001,7.404,5.561,2.999,2.039,0.893,0.0
940GZZLUMYB,940GZZLUBWT,0.0,0.585,0.159,10.584,14.962,9.909,2.04,0.0
940GZZLUMYB,940GZZLUBLG,0.0,1.9829999,19.439,20.195,24.379,11.128,2.9390001,0.0
940GZZLUMYB,940GZZLUBKF,0.0,11.151,100.002,35.955,11.871,2.632,0.798,0.0
940GZZLUMYB,940GZZLUBND,0.0,2.389,44.596,59.419,27.522,6.0,0.568,0.0
940GZZLUMYB,940GZZLUBOR,0.0,0.55799997,16.179,10.588,8.799,2.771,0.275,0.0
940GZZLUMYB,940GZZLUCAR,0.0,0.808,3.19,4.948,3.978,4.059,0.941,0.0
940GZZLUMYB,940GZZLUCTN,0.0,0.462,9.049,11.191,5.266,1.665,0.085,0.0
940GZZLUMYB,940GZZLUCST,0.0,8.873,64.137,16.868,11.564,2.2220001,0.521,0.0
940GZZLUMYB,940GZZLUCHL,0.0,4.7530003,164.247,88.817,22.686,4.483,1.5830001,0.0
940GZZLUMYB,940GZZLUEMB,0.0,7.702,152.982,97.36,57.463,10.403,1.648,0.0
940GZZLUMYB,940GZZLUCGN,0.0,0.477,33.07,67.431,33.031002,9.778,1.479,0.0
940GZZLUMYB,940GZZLUECT,0.0,0.832,8.426,17.565,11.056,8.088,2.395,0.0
940GZZLUMYB,940GZZLUERC,0.0,0.0,0.032,0.0,0.0,0.0,0.0,0.0
940GZZLUMYB,940GZZLUEAC,0.0,6.808,141.873,103.174,111.613,50.985,16.976,0.0
940GZZLUMYB,940GZZLUEUS,0.0,3.01,17.685,30.961,24.315,9.806,1.578,0.0
940GZZLUMYB,940GZZLUESQ,0.0,0.41300002,19.737,35.72,16.857,3.277,0.625,0.0
940GZZLUMYB,940GZZLUFCN,0.0,1.599,35.153,36.84,17.903,7.166,0.865,0.0
940GZZLUMYB,940GZZLUFYR,0.0,0.0,3.477,7.5160003,8.279,4.893,0.523,0.0
940GZZLUMYB,940GZZLUFPK,0.0,4.408,17.295,40.094,43.51,22.938,7.513,0.0
940GZZLUMYB,940GZZLUFBY,0.0,0.068,8.878,8.992,4.321,2.666,0.675,0.0
940GZZLUMYB,940GZZLUGTR,0.0,0.31,8.359,19.72,14.822,8.589,1.904,0.0
940GZZLUMYB,940GZZLUGDG,0.0,0.651,2.0970001,4.703,1.587,0.566,0.11,0.0
940GZZLUMYB,940GZZLUGPS,0.0,0.124,4.136,6.245,2.34,0.731,0.0,0.0
940GZZLUMYB,940GZZLUGPK,0.0,8.511,80.949,74.95,26.065,5.827,0.709,0.0
940GZZLUMYB,940GZZLUHSD,0.0,0.826,9.578,8.909,6.8,2.588,0.262,0.0
940GZZLUMYB,940GZZLUHAI,0.0,1.153,56.591,62.168,68.101,43.266,11.328,0.0
940GZZLUMYB,940GZZLUHSK,0.0,4.373,45.739,29.109,11.413,4.825,1.378,0.0
940GZZLUMYB,940GZZLUHBN,0.0,12.986,195.95601,130.358,37.425,8.482,1.429,0.0
940GZZLUMYB,940GZZLUHPK,0.0,0.0,3.795,4.119,1.039,0.91400003,0.11,0.0
940GZZLUMYB,940GZZLUHWY,0.0,0.0,5.177,8.328,4.358,2.731,0.967,0.0
940GZZLUMYB,940GZZLUHPC,0.0,1.717,12.577,10.064,2.039,0.271,0.287,0.0
940GZZLUMYB,940GZZLUKNG,0.0,0.71,2.22,7.768,5.783,5.018,3.042,0.0
940GZZLUMYB,940GZZLUKSH,0.0,1.873,5.48,6.599,2.726,1.723,0.501,0.0
940GZZLUMYB,940GZZLUKBN,0.0,0.0,0.281,4.061,6.346,2.612,0.927,0.0
940GZZLUMYB,940GZZLUKSX,0.0,5.263,56.796,114.868004,67.014,22.989,4.511,0.0
940GZZLUMYB,940GZZLUKNB,0.0,5.202,34.317,40.006,17.669,5.133,0.841,0.0
940GZZLUMYB,940GZZLULBN,0.0,7.3450003,64.082,40.262,24.97,12.565,4.155,0.0
940GZZLUMYB,940GZZLULGT,0.0,0.0,1.715,3.912,3.758,1.32,0.186,0.0
940GZZLUMYB,940GZZLULSQ,0.0,1.077,11.095,31.893,14.21,6.122,0.911,0.0
940GZZLUMYB,940GZZLULVT,0.0,8.843,115.14,110.094,84.791,27.199,6.629,0.0
940GZZLUMYB,940GZZLULNB,0.0,6.467,132.055,138.091,156.511,51.068,9.728,0.0
940GZZLUMYB,940GZZLUMSH,0.0,7.169,74.511,17.896,3.803,0.394,0.315,0.0
940GZZLUMYB,940GZZLUMBA,0.0,0.229,4.575,11.128,5.531,3.39,0.639,0.0
940GZZLUMYB,940GZZLUMED,0.0,0.016,13.349,24.425,14.816,8.626,2.874,0.0
940GZZLUMYB,940GZZLUMGT,0.0,3.795,32.757,28.483,7.332,1.837,0.702,0.0
940GZZLUMYB,940GZZLUMTC,0.0,0.0,1.789,1.426,0.507,0.586,0.105000004,0.0
940GZZLUMYB,940GZZLUNHG,0.0,0.877,6.068,14.944,6.077,3.595,0.953,0.0
940GZZLUMYB,940GZZLUODS,0.0,0.46,20.913,18.694,10.824,4.515,0.898,0.0
940GZZLUMYB,940GZZLUOVL,0.0,0.0,14.65,6.328,8.926,4.726,1.28,0.0
940GZZLUMYB,940GZZLUOXC,0.0,27.746,479.269,559.141,230.33,54.179,5.493,0.0
940GZZLUMYB,940GZZLUPAC,0.0,26.496,262.19,257.824,253.69,102.106,28.004,0.0
940GZZLUMYB,940GZZLUPCC,0.0,21.593,326.855,446.989,219.7,70.653,10.056,0.0
940GZZLUMYB,940GZZLUQWY,0.0,0.268,1.736,9.451,4.792,2.855,0.525,0.0
940GZZLUMYB,940GZZLURGP,0.0,0.13599999,46.556,47.296,15.995,3.448,0.675,0.0
940GZZLUMYB,940GZZLURYO,0.0,0.0,0.392,0.737,0.767,0.336,0.193,0.0
940GZZLUMYB,940GZZLURSQ,0.0,1.041,23.63,25.775,12.427,4.181,0.931,0.0
940GZZLUMYB,940GZZLUSJP,0.0,1.995,53.501,22.19,7.054,1.463,0.578,0.0
940GZZLUMYB,940GZZLUSJW,0.0,0.173,5.204,9.348,4.713,2.731,0.282,0.0
940GZZLUMYB,940GZZLUSPU,0.0,10.701,191.715,82.093,17.895,2.779,0.568,0.0
940GZZLUMYB,940GZZLUSBC,0.0,0.0,2.958,18.768,13.581,5.483,1.573,0.0
940GZZLUMYB,940GZZLUSSQ,0.0,0.01,23.607,46.497,10.904,3.676,0.644,0.0
940GZZLUMYB,940GZZLUSKS,0.0,0.472,41.476,76.066,25.343,8.8949995,1.8840001,0.0
940GZZLUMYB,940GZZLUSKW,0.0,0.429,8.665,12.791,23.884,11.088,3.442,0.0
940GZZLUMYB,940GZZLUCHX,0.0,29.282,286.595,271.974,290.698,63.497,18.47,0.0
940GZZLUMYB,940GZZLUSWC,0.0,0.48000002,12.641,13.532,11.759,8.273,1.899,0.0
940GZZLUMYB,940GZZLUTMP,0.0,1.142,48.883,35.7,6.194,1.839,0.13,0.0
940GZZLUMYB,940GZZLUTCR,0.0,2.756,88.058,95.63,38.417,10.652,1.371,0.0
940GZZLUMYB,940GZZLUTWH,0.0,1.5370001,47.428,34.099,25.204,4.992,1.539,0.0
940GZZLUMYB,940GZZLUVIC,0.0,45.377,439.342,404.529,462.736,137.589,39.786,0.0
940GZZLUMYB,940GZZLUWRR,0.0,0.063,15.002,10.512,3.485,0.843,1.139,0.0
940GZZLUMYB,940GZZLUWKA,0.0,0.104,21.278,26.022,26.687,22.971,5.755,0.0
940GZZLUMYB,940GZZLUWLO,0.0,35.656998,273.634,240.334,378.436,115.914,27.196,0.0
940GZZLUMYB,940GZZLUWBN,0.0,8.029,30.268,8.302,3.097,1.984,0.605,0.0
940GZZLUMYB,940GZZLUWHP,0.0,0.631,3.6430001,10.905,13.977,8.363,1.07,0.0
940GZZLUMYB,940GZZLUWKN,0.0,0.242,1.839,3.266,1.703,1.124,0.38,0.0
940GZZLUMYB,940GZZLUWSM,0.0,6.138,87.734,62.044,13.065001,2.79,0.261,0.0
940GZZLUMYB,940GZZLUWPL,0.0,0.327,9.781,8.503,3.423,1.804,0.918,0.0
940GZZLUMYB,940GZZLUWIG,0.0,0.0,0.382,5.743,10.017,4.902,1.548,0.0
940GZZLUMYB,940GZZLUERB,0.0,0.931,11.091,23.109,11.55,5.886,1.417,0.0
940GZZLUMYB,940GZZLUPCO,0.0,1.234,66.086,62.203,29.917,15.866,4.001,0.0
940GZZLUMYB,940GZZLUVXL,0.0,21.839,163.984,58.675,85.558,31.673,7.95,0.0
940GZZLUMYB,940GZZLUBXN,0.0,4.097,35.986,58.262,96.183,55.997,16.278,0.0
940GZZLUMYB,940GZZLUSWK,0.0,7.022,83.928,38.843,16.254,5.201,0.703,0.0
940GZZLUMYB,940GZZLUBMY,0.0,0.461,6.949,6.9370003,14.722,5.515,1.73,0.0
940GZZLUMYB,940GZZLUCWR,0.0,0.899,21.646,41.595,54.565,33.868,10.148,0.0
940GZZLUMED,940GZZLUBBN,0.0,8.675,95.336,61.968,22.685,12.1779995,2.463,0.0
940GZZLUMED,940GZZLUALD,0.0,0.132,1.383,1.079,1.264,0.124,0.141,0.0
940GZZLUMED,940GZZLUADE,0.0,8.6449995,177.016,108.571,47.038,22.157,6.039,0.0
940GZZLUMED,940GZZLUAGL,0.0,2.011,37.797,39.142,20.112,7.954,2.328,0.0
940GZZLUMED,940GZZLUBST,0.0,9.378,39.984,42.854,24.741,7.6870003,1.577,0.0
940GZZLUMED,940GZZLUBNK,0.0,30.542,326.006,175.126,103.813,36.793,5.758,0.0
940GZZLUMED,940GZZLUBSC,0.0,0.8,11.564,3.092,3.194,2.15,1.398,0.0
940GZZLUMED,940GZZLUBLG,0.0,5.058,37.638,137.668,98.929,54.452,15.644,0.0
940GZZLUMED,940GZZLUBKF,0.0,10.806,141.37,44.925,36.38,12.605,2.855,0.0
940GZZLUMED,940GZZLUBND,0.0,27.08,161.785,140.079,60.758,12.0720005,2.688,0.0
940GZZLUMED,940GZZLUBOR,0.0,0.39000002,27.777,18.306,9.931,4.969,1.594,0.0
940GZZLUMED,940GZZLUCAR,0.0,2.3470001,3.967,8.861,9.055,4.831,2.804,0.0
940GZZLUMED,940GZZLUCTN,0.0,1.2,19.591,34.601,20.484,8.706,1.089,0.0
940GZZLUMED,940GZZLUCST,0.0,6.311,63.823,19.129,19.98,9.441,0.974,0.0
940GZZLUMED,940GZZLUCHL,0.0,16.457,239.81,117.682,60.505,17.294,2.816,0.0
940GZZLUMED,940GZZLUEMB,0.0,14.954,119.291,62.947,46.487,12.873,2.06,0.0
940GZZLUMED,940GZZLUCGN,0.0,1.8870001,12.411,35.381,22.892,5.901,0.323,0.0
940GZZLUMED,940GZZLUECT,0.0,3.821,11.985,20.113,12.02,7.692,4.447,0.0
940GZZLUMED,940GZZLUERC,0.0,5.706,16.836,14.235,8.586,3.091,1.224,0.0
940GZZLUMED,940GZZLUEAC,0.0,1.723,24.632,44.173,27.827,14.051,14.348,0.0
940GZZLUMED,940GZZLUEUS,0.0,5.552,24.959,25.381,27.884,11.943,2.248,0.0
940GZZLUMED,940GZZLUESQ,0.0,11.585,99.413,66.918,35.992,11.783,2.033,0.0
940GZZLUMED,940GZZLUFCN,0.0,13.22,177.443,57.108,27.318,12.024,3.396,0.0
940GZZLUMED,940GZZLUFYR,0.0,1.4,6.292,7.747,6.542,3.013,0.724,0.0
940GZZLUMED,940GZZLUFPK,0.0,3.272,10.766,16.351,19.215,8.634,3.121,0.0
940GZZLUMED,940GZZLUFBY,0.0,0.564,15.151,11.006,5.813,1.761,1.7080001,0.0
940GZZLUMED,940GZZLUGTR,0.0,2.765,16.989,20.724,13.201,2.649,1.702,0.0
940GZZLUMED,940GZZLUGDG,0.0,0.965,10.185,11.693,5.188,0.895,0.42000002,0.0
940GZZLUMED,940GZZLUGPS,0.0,4.347,55.362,18.034,6.432,1.975,0.984,0.0
940GZZLUMED,940GZZLUGPK,0.0,9.647,36.285,27.85,15.228,3.9620001,1.024,0.0
940GZZLUMED,940GZZLUHSD,0.0,2.766,35.853,12.336,10.991,5.459,2.239,0.0
940GZZLUMED,940GZZLUHAI,0.0,0.276,0.224,0.815,0.259,0.465,0.12,0.0
940GZZLUMED,940GZZLUHSK,0.0,7.246,21.331,18.557,6.666,2.289,0.269,0.0
940GZZLUMED,940GZZLUHBN,0.0,17.538,265.764,265.757,134.422,30.239,6.634,0.0
940GZZLUMED,940GZZLUHPK,0.0,1.617,24.594,8.975,7.299,3.0279999,0.688,0.0
940GZZLUMED,940GZZLUHWY,0.0,1.248,10.525,15.535,9.022,3.663,2.346,0.0
940GZZLUMED,940GZZLUHPC,0.0,2.785,7.13,6.382,3.745,0.98,0.122,0.0
940GZZLUMED,940GZZLUKNG,0.0,0.07,9.207,4.383,7.511,2.993,1.671,0.0
940GZZLUMED,940GZZLUKSH,0.0,1.318,7.347,3.862,5.522,3.322,0.63199997,0.0
940GZZLUMED,940GZZLUKBN,0.0,0.296,2.829,7.685,8.249,3.853,1.227,0.0
940GZZLUMED,940GZZLUKSX,0.0,33.192,144.946,128.024,93.053,34.946,9.561,0.0
940GZZLUMED,940GZZLUKNB,0.0,6.83,37.289,36.723,14.371,3.294,0.122,0.0
940GZZLUMED,940GZZLULBN,0.0,0.264,2.142,3.095,2.172,1.127,0.689,0.0
940GZZLUMED,940GZZLULGT,0.0,8.943,39.486,21.169,20.506,5.87,5.708,0.0
940GZZLUMED,940GZZLULSQ,0.0,4.214,16.796,46.979,29.407999,14.568,4.014,0.0
940GZZLUMED,940GZZLULVT,0.0,47.447998,541.171,443.347,398.642,133.969,31.472,0.0
940GZZLUMED,940GZZLULNB,0.0,6.54,67.688,75.952,60.798,27.033,5.1679997,0.0
940GZZLUMED,940GZZLUMSH,0.0,2.902,56.733,4.45,2.605,0.786,0.444,0.0
940GZZLUMED,940GZZLUMBA,0.0,9.088,62.589,60.699,37.155,11.627,3.544,0.0
940GZZLUMED,940GZZLUMYB,0.0,2.83,21.426,18.912,16.698,7.083,3.259,0.0
940GZZLUMED,940GZZLUMGT,0.0,9.435,49.406002,30.023,17.656,10.667,1.863,0.0
940GZZLUMED,940GZZLUMTC,0.0,2.066,15.166,4.377,4.1480002,2.387,0.014,0.0
940GZZLUMED,940GZZLUNHG,0.0,6.399,53.928,38.263,23.403,9.724,4.383,0.0
940GZZLUMED,940GZZLUODS,0.0,0.907,24.768,30.242,16.002,11.09,6.457,0.0
940GZZLUMED,940GZZLUOVL,0.0,0.513,18.223,12.723001,8.458,6.63,1.86,0.0
940GZZLUMED,940GZZLUOXC,0.0,38.113,279.348,303.3,166.408,41.212,8.453,0.0
940GZZLUMED,940GZZLUPAC,0.0,16.037,53.407,44.295,28.6,14.544,4.132,0.0
940GZZLUMED,940GZZLUPCC,0.0,3.806,43.883,51.802002,30.893,10.339,3.713,0.0
940GZZLUMED,940GZZLUQWY,0.0,2.99,19.218,20.894001,18.574,7.964,3.318,0.0
940GZZLUMED,940GZZLURGP,0.0,0.277,4.667,2.924,2.177,0.448,0.003,0.0
940GZZLUMED,940GZZLURYO,0.0,0.284,2.999,3.861,3.793,3.146,0.739,0.0
940GZZLUMED,940GZZLURSQ,0.0,2.76,13.688,28.937,16.491,4.904,1.283,0.0
940GZZLUMED,940GZZLUSJP,0.0,8.327,137.422,34.19,13.245,3.02,1.443,0.0
940GZZLUMED,940GZZLUSJW,0.0,1.29,14.059,7.55,6.423,3.314,2.05,0.0
940GZZLUMED,940GZZLUSPU,0.0,21.073,202.716,128.852,40.888,14.029,2.066,0.0
940GZZLUMED,940GZZLUSBC,0.0,12.382,51.925,62.914,41.917,21.33,9.541,0.0
940GZZLUMED,940GZZLUSSQ,0.0,10.169,50.063,38.98,17.225,3.653,1.777,0.0
940GZZLUMED,940GZZLUSKS,0.0,9.468,74.833,66.036,29.345,9.6,2.882,0.0
940GZZLUMED,940GZZLUSKW,0.0,2.965,2.856,9.178,7.611,7.504,2.539,0.0
940GZZLUMED,940GZZLUCHX,0.0,0.143,3.7,7.003,7.166,1.599,0.138,0.0
940GZZLUMED,940GZZLUSWC,0.0,1.76,11.315,8.657,10.752,4.724,1.47,0.0
940GZZLUMED,940GZZLUTMP,0.0,5.492,72.732,34.152,14.443,4.419,1.38,0.0
940GZZLUMED,940GZZLUTCR,0.0,23.262,269.74,314.467,190.061,57.631,16.602,0.0
940GZZLUMED,940GZZLUTWH,0.0,7.623,99.6,57.596,42.766,15.804,3.4980001,0.0
940GZZLUMED,940GZZLUVIC,0.0,15.076,55.633,55.994,35.718,15.079,4.049,0.0
940GZZLUMED,940GZZLUWRR,0.0,1.9810001,18.785,10.667,6.382,2.75,0.297,0.0
940GZZLUMED,940GZZLUWKA,0.0,0.144,3.631,3.8240001,3.448,3.291,0.532,0.0
940GZZLUMED,940GZZLUWLO,0.0,29.805,149.741,95.899,116.161,43.793,8.373,0.0
940GZZLUMED,940GZZLUWBN,0.0,4.368,18.094,7.772,4.571,1.614,1.622,0.0
940GZZLUMED,940GZZLUWHP,0.0,0.238,9.52,5.67,8.919,4.8320003,1.445,0.0
940GZZLUMED,940GZZLUWKN,0.0,0.879,15.0060005,9.372,3.316,3.355,1.575,0.0
940GZZLUMED,940GZZLUWSM,0.0,12.073,108.467,37.743,16.795,3.869,1.1,0.0
940GZZLUMED,940GZZLUWPL,0.0,18.316,270.269,295.45,218.004,119.528,31.41,0.0
940GZZLUMED,940GZZLUWIG,0.0,0.313,1.015,6.457,10.679,6.774,2.727,0.0
940GZZLUMED,940GZZLUERB,0.0,0.847,10.698,8.942,5.433,1.601,1.576,0.0
940GZZLUMED,940GZZLUPCO,0.0,1.515,17.235,11.884,7.0690002,4.347,1.534,0.0
940GZZLUMED,940GZZLUVXL,0.0,9.646,36.391,25.04,21.638,10.3,4.545,0.0
940GZZLUMED,940GZZLUBXN,0.0,3.609,20.155,20.095,32.265,22.075,6.34,0.0
940GZZLUMED,940GZZLUSWK,0.0,0.306,5.621,4.385,3.379,1.432,1.16,0.0
940GZZLUMED,940GZZLUBMY,0.0,0.345,6.56,4.876,5.068,2.926,0.934,0.0
940GZZLUMED,940GZZLUCWR,0.0,0.0,0.444,0.0,0.356,0.601,0.203,0.0
940GZZLUMGT,940GZZLUBBN,0.0,8.655,92.65,72.532,35.755,8.488,2.882,0.0
940GZZLUMGT,940GZZLUALD,0.0,8.38,353.462,183.838,192.908,37.86,17.328,0.0
940GZZLUMGT,940GZZLUADE,0.0,1.508,93.406,60.623,54.147,26.056,10.054,0.0
940GZZLUMGT,940GZZLUAGL,0.0,3.519,91.466,184.988,238.831,120.338,24.216,0.0
940GZZLUMGT,940GZZLUBST,0.0,6.031,97.661,263.112,477.867,133.034,29.658,0.0
940GZZLUMGT,940GZZLUBNK,0.0,49.387,700.803,410.162,635.026,272.467,68.223,0.0
940GZZLUMGT,940GZZLUBSC,0.0,0.0,0.158,4.618,8.949,6.358,1.449,0.0
940GZZLUMGT,940GZZLUBWT,0.0,0.146,0.38300002,4.027,7.611,4.216,1.645,0.0
940GZZLUMGT,940GZZLUBLG,0.0,0.134,3.523,10.406,13.806,8.063,3.576,0.0
940GZZLUMGT,940GZZLUBKF,0.0,0.26500002,6.605,23.063,27.054,4.942,1.132,0.0
940GZZLUMGT,940GZZLUBND,0.0,0.213,4.14,34.793,24.149,5.098,0.842,0.0
940GZZLUMGT,940GZZLUBOR,0.0,7.759,144.669,110.039,90.42,54.642,21.089,0.0
940GZZLUMGT,940GZZLUCAR,0.0,0.894,1.783,12.778,37.01,18.002,5.639,0.0
940GZZLUMGT,940GZZLUCTN,0.0,1.6209999,28.799,125.403,249.826,87.947,23.862,0.0
940GZZLUMGT,940GZZLUCST,0.0,0.2,4.653,5.071,6.432,1.403,0.598,0.0
940GZZLUMGT,940GZZLUCHL,0.0,0.098000005,4.684,15.481,7.827,2.2,0.621,0.0
940GZZLUMGT,940GZZLUEMB,0.0,0.508,11.868,52.413,46.798,7.531,1.482,0.0
940GZZLUMGT,940GZZLUCGN,0.0,0.0,1.988,35.656,59.981,9.455,0.189,0.0
940GZZLUMGT,940GZZLUECT,0.0,0.082,1.029,13.286,19.447,17.778,7.024,0.0
940GZZLUMGT,940GZZLUERC,0.0,4.719,27.324,51.613,113.393,46.451,11.37,0.0
940GZZLUMGT,940GZZLUEAC,0.0,9.799,171.829,191.375,288.412,151.747,69.619,0.0
940GZZLUMGT,940GZZLUEUS,0.0,6.114,37.536,407.172,1009.742,207.906,44.183,0.0
940GZZLUMGT,940GZZLUESQ,0.0,1.706,40.429,169.598,336.593,43.711998,9.236,0.0
940GZZLUMGT,940GZZLUFCN,0.0,14.919,386.155,511.473,709.28,283.676,63.775,0.0
940GZZLUMGT,940GZZLUFYR,0.0,0.006,3.266,36.303,154.444,76.035,12.564,0.0
940GZZLUMGT,940GZZLUFPK,0.0,0.027,0.292,3.961,1.539,9.124001,6.41,0.0
940GZZLUMGT,940GZZLUFBY,0.0,0.0,0.342,9.027,20.086,8.619,2.401,0.0
940GZZLUMGT,940GZZLUGTR,0.0,0.346,2.003,15.828,31.255001,11.301,6.824,0.0
940GZZLUMGT,940GZZLUGDG,0.0,0.0,1.041,7.462,9.512,2.167,0.953,0.0
940GZZLUMGT,940GZZLUGPS,0.0,0.725,52.508,143.989,142.627,39.655,7.271,0.0
940GZZLUMGT,940GZZLUGPK,0.0,0.34600002,18.857,108.146,79.901,15.071,3.225,0.0
940GZZLUMGT,940GZZLUHSD,0.0,0.0,1.212,4.337,14.112,5.662,1.203,0.0
940GZZLUMGT,940GZZLUHSK,0.0,0.705,19.775,28.861,44.308,19.819,3.04,0.0
940GZZLUMGT,940GZZLUHBN,0.0,0.0,5.478,23.925,16.673,6.31,0.544,0.0
940GZZLUMGT,940GZZLUHPK,0.0,0.0,0.683,0.689,1.006,0.907,0.025,0.0
940GZZLUMGT,940GZZLUHWY,0.0,0.0,1.263,9.027,21.608,9.897,5.1480002,0.0
940GZZLUMGT,940GZZLUHPC,0.0,0.0,2.757,6.241,5.266,0.535,0.214,0.0
940GZZLUMGT,940GZZLUKNG,0.0,0.4,21.198,37.335,88.67,59.999,23.986,0.0
940GZZLUMGT,940GZZLUKSH,0.0,0.092,5.81,29.748,102.71,52.323997,17.955,0.0
940GZZLUMGT,940GZZLUKBN,0.0,0.23,1.761,11.648,58.713,29.07,10.227,0.0
940GZZLUMGT,940GZZLUKSX,0.0,8.051,64.269,562.484,1055.872,216.069,57.668,0.0
940GZZLUMGT,940GZZLUKNB,0.0,1.025,2.955,18.263,20.133,4.509,1.356,0.0
940GZZLUMGT,940GZZLULBN,0.0,0.0,5.509,11.47,14.011,4.304,3.218,0.0
940GZZLUMGT,940GZZLULGT,0.0,0.0,0.021,2.63,4.792,1.651,0.728,0.0
940GZZLUMGT,940GZZLULSQ,0.0,0.078,2.109,36.665,60.104,14.258,3.749,0.0
940GZZLUMGT,940GZZLULVT,0.0,16.532,200.115,189.951,270.865,72.935,37.604,0.0
940GZZLUMGT,940GZZLULNB,0.0,38.131,610.909,810.993,1566.456,681.506,255.952,0.0
940GZZLUMGT,940GZZLUMSH,0.0,0.454,4.221,3.377,2.411,0.61,0.012,0.0
940GZZLUMGT,940GZZLUMBA,0.0,0.0,0.85,8.043,6.576,1.345,1.162,0.0
940GZZLUMGT,940GZZLUMYB,0.0,0.091,2.647,20.148,51.412,12.449,3.88,0.0
940GZZLUMGT,940GZZLUMED,0.0,1.535,19.682,28.978,42.587,20.757,13.055,0.0
940GZZLUMGT,940GZZLUMTC,0.0,0.248,2.497,6.239,4.778,2.603,2.084,0.0
940GZZLUMGT,940GZZLUNHG,0.0,1.362,4.271,8.692,12.391,6.507,2.869,0.0
940GZZLUMGT,940GZZLUODS,0.0,0.191,19.442,64.367,31.323,13.767,3.691,0.0
940GZZLUMGT,940GZZLUOVL,0.0,3.025,60.014,67.207,177.349,96.207,40.437,0.0
940GZZLUMGT,940GZZLUOXC,0.0,0.612,6.796,73.222,67.15,12.052,1.808,0.0
940GZZLUMGT,940GZZLUPAC,0.0,12.402,91.684,415.864,813.382,182.881,40.31,0.0
940GZZLUMGT,940GZZLUPCC,0.0,0.0,5.404,61.65,66.853,14.734,1.087,0.0
940GZZLUMGT,940GZZLUQWY,0.0,0.0,0.185,2.529,2.771,1.97,0.822,0.0
940GZZLUMGT,940GZZLURGP,0.0,0.0,0.0,0.94,0.813,0.125,0.0,0.0
940GZZLUMGT,940GZZLURYO,0.0,0.14,4.7660003,15.027,65.108,42.035,7.482,0.0
940GZZLUMGT,940GZZLURSQ,0.0,0.0,2.6200001,14.502,18.767,4.914,1.246,0.0
940GZZLUMGT,940GZZLUSJP,0.0,0.601,29.109,56.635,28.995,11.025,2.828,0.0
940GZZLUMGT,940GZZLUSJW,0.0,0.0,3.43,17.766,65.655,35.099,5.625,0.0
940GZZLUMGT,940GZZLUSPU,0.0,0.141,4.929,8.434,3.989,1.011,0.13,0.0
940GZZLUMGT,940GZZLUSBC,0.0,0.144,0.519,3.456,9.209,3.904,1.145,0.0
940GZZLUMGT,940GZZLUSSQ,0.0,1.402,12.589,38.927002,49.108,21.404,5.312,0.0
940GZZLUMGT,940GZZLUSKS,0.0,0.161,6.324,54.194,64.571,20.667,5.855,0.0
940GZZLUMGT,940GZZLUSKW,0.0,3.585,16.51,49.388,198.925,103.613,40.856,0.0
940GZZLUMGT,940GZZLUCHX,0.0,0.0,1.854,16.831,25.583,5.625,0.164,0.0
940GZZLUMGT,940GZZLUSWC,0.0,0.071,1.897,9.644,36.869,24.453,5.676,0.0
940GZZLUMGT,940GZZLUTMP,0.0,0.0,5.465,20.809,12.869,2.312,0.192,0.0
940GZZLUMGT,940GZZLUTCR,0.0,0.0,2.643,34.476,32.749,11.141,1.921,0.0
940GZZLUMGT,940GZZLUTWH,0.0,3.938,73.403,82.668,129.816,20.646,10.773,0.0
940GZZLUMGT,940GZZLUVIC,0.0,2.293,9.572,115.642,184.784,58.424,20.587,0.0
940GZZLUMGT,940GZZLUWRR,0.0,0.198,2.228,5.836,7.421,1.475,0.169,0.0
940GZZLUMGT,940GZZLUWKA,0.0,0.0,0.839,6.765,27.841,18.974,2.352,0.0
940GZZLUMGT,940GZZLUWLO,0.0,3.233,34.363,136.925,322.096,145.522,69.491,0.0
940GZZLUMGT,940GZZLUWBN,0.0,0.0,0.746,3.671,7.672,2.761,0.333,0.0
940GZZLUMGT,940GZZLUWHP,0.0,1.485,1.4810001,13.379,84.384,38.302002,7.262,0.0
940GZZLUMGT,940GZZLUWKN,0.0,0.009000001,0.198,3.934,6.472,8.358,3.207,0.0
940GZZLUMGT,940GZZLUWSM,0.0,1.135,35.087,56.934,27.573,8.368,2.007,0.0
940GZZLUMGT,940GZZLUWPL,0.0,4.394,22.705,51.267,91.525,51.409,16.885,0.0
940GZZLUMGT,940GZZLUWIG,0.0,0.0,1.664,17.458,68.445,32.462,9.568,0.0
940GZZLUMGT,940GZZLUERB,0.0,0.0,0.15,1.599,4.851,1.218,0.108,0.0
940GZZLUMGT,940GZZLUPCO,0.0,0.0,1.7590001,18.52,33.275,17.805,6.428,0.0
940GZZLUMGT,940GZZLUVXL,0.0,0.29,5.962,37.257,77.167,30.775,9.71,0.0
940GZZLUMGT,940GZZLUBXN,0.0,1.501,21.53,70.848,317.545,182.392,87.906,0.0
940GZZLUMGT,940GZZLUSWK,0.0,1.489,28.721,44.687,45.813,13.277,3.876,0.0
940GZZLUMGT,940GZZLUBMY,0.0,1.312,12.111,26.791,70.424,32.442,14.801,0.0
940GZZLUMGT,940GZZLUCWR,0.0,1.107,9.582,60.457,131.426,102.878,37.293,0.0
940GZZLUMTC,940GZZLUBBN,0.0,0.0,0.242,1.149,0.858,0.12900001,0.0,0.0
940GZZLUMTC,940GZZLUALD,0.0,0.0,1.894,2.202,1.817,0.35300002,0.373,0.0
940GZZLUMTC,940GZZLUADE,0.0,0.0,1.553,3.346,3.895,0.332,1.071,0.0
940GZZLUMTC,940GZZLUAGL,0.0,0.058000002,4.416,10.578,16.675,6.663,1.03,0.0
940GZZLUMTC,940GZZLUBST,0.0,0.0,0.643,1.862,1.966,0.513,0.0,0.0
940GZZLUMTC,940GZZLUBNK,0.0,2.223,27.988,25.844,47.261,12.034,2.816,0.0
940GZZLUMTC,940GZZLUBSC,0.0,0.148,2.954,1.99,5.643,2.066,1.528,0.0
940GZZLUMTC,940GZZLUBLG,0.0,0.0,2.524,3.687,16.19,2.852,1.962,0.0
940GZZLUMTC,940GZZLUBKF,0.0,0.95,9.763,4.652,5.85,0.57,0.701,0.0
940GZZLUMTC,940GZZLUBND,0.0,0.072,9.427,21.718,14.843,1.723,0.113,0.0
940GZZLUMTC,940GZZLUBOR,0.0,0.0,3.503,3.9029999,5.084,1.352,0.347,0.0
940GZZLUMTC,940GZZLUCAR,0.0,0.0,0.114,1.216,1.414,0.324,0.191,0.0
940GZZLUMTC,940GZZLUCTN,0.0,0.0,2.309,10.658,5.42,3.742,0.599,0.0
940GZZLUMTC,940GZZLUCST,0.0,0.155,1.503,1.658,3.064,1.187,0.161,0.0
940GZZLUMTC,940GZZLUCHL,0.0,0.417,10.269,14.878,5.221,0.451,0.806,0.0
940GZZLUMTC,940GZZLUEMB,0.0,0.141,6.783,11.863,13.563,3.828,1.661,0.0
940GZZLUMTC,940GZZLUCGN,0.0,0.0,0.785,4.153,3.612,0.288,0.0,0.0
940GZZLUMTC,940GZZLUECT,0.0,0.386,2.569,5.682,7.81,3.129,1.683,0.0
940GZZLUMTC,940GZZLUEAC,0.0,0.0,2.622,7.919,23.245,5.317,2.642,0.0
940GZZLUMTC,940GZZLUEUS,0.0,1.465,9.617,44.22,58.068,18.211,6.403,0.065
940GZZLUMTC,940GZZLUFCN,0.0,0.0,0.364,2.478,1.286,0.112,0.313,0.0
940GZZLUMTC,940GZZLUFYR,0.0,0.0,0.523,0.79300004,0.314,0.352,0.28,0.0
940GZZLUMTC,940GZZLUFPK,0.0,0.0,0.895,7.852,15.319,4.959,1.923,0.0
940GZZLUMTC,940GZZLUFBY,0.0,0.594,4.056,2.34,6.6019998,1.795,1.279,0.0
940GZZLUMTC,940GZZLUGTR,0.0,0.646,1.441,5.226,6.422,2.038,0.589,0.0
940GZZLUMTC,940GZZLUGDG,0.0,0.331,29.203,79.998,32.119,7.205,1.811,0.0
940GZZLUMTC,940GZZLUGPK,0.0,1.023,10.323,18.497,10.629,2.952,0.322,0.0
940GZZLUMTC,940GZZLUHSD,0.0,0.124000005,8.976,7.722,14.709,3.024,1.865,0.0
940GZZLUMTC,940GZZLUHAI,0.0,0.094000004,2.973,11.923,33.063,11.696,2.924,0.0
940GZZLUMTC,940GZZLUHSK,0.0,0.106,1.423,2.184,2.483,0.15,0.123,0.0
940GZZLUMTC,940GZZLUHBN,0.0,0.0,3.7020001,10.453,6.583,1.284,0.585,0.0
940GZZLUMTC,940GZZLUHPK,0.0,0.0,4.689,2.321,1.916,1.977,0.442,0.0
940GZZLUMTC,940GZZLUHWY,0.0,0.214,0.591,1.447,1.05,0.83100003,0.120000005,0.0
940GZZLUMTC,940GZZLUHPC,0.0,0.09,3.177,4.107,1.649,0.435,0.0,0.0
940GZZLUMTC,940GZZLUKNG,0.0,0.0,7.62,11.278,21.143,6.946,2.49,0.0
940GZZLUMTC,940GZZLUKSH,0.0,0.664,15.031,30.366,32.764,9.994,3.966,0.001
940GZZLUMTC,940GZZLUKBN,0.0,0.0,0.0,0.767,0.62,0.39000002,0.168,0.0
940GZZLUMTC,940GZZLUKSX,0.0,1.389,2.521,16.534,22.907999,5.435,2.931,0.0
940GZZLUMTC,940GZZLUKNB,0.0,0.0,4.831,7.512,5.574,1.442,0.099,0.0
940GZZLUMTC,940GZZLULBN,0.0,0.194,2.266,4.61,4.869,0.867,1.646,0.0
940GZZLUMTC,940GZZLULGT,0.0,0.0,0.139,3.193,3.363,0.492,0.0,0.0
940GZZLUMTC,940GZZLULSQ,0.0,2.206,27.487,71.157,90.805,25.403,10.2699995,0.0
940GZZLUMTC,940GZZLULVT,0.0,0.217,4.799,19.835,42.38,4.43,1.776,0.0
940GZZLUMTC,940GZZLULNB,0.0,0.277,11.303,24.62,57.724,11.84,6.823,0.0
940GZZLUMTC,940GZZLUMSH,0.0,0.744,3.083,1.571,1.597,0.366,0.015,0.0
940GZZLUMTC,940GZZLUMBA,0.0,0.0,3.176,9.58,7.801,1.336,0.693,0.0
940GZZLUMTC,940GZZLUMYB,0.0,0.0,0.55,1.338,5.075,0.758,0.242,0.0
940GZZLUMTC,940GZZLUMED,0.0,0.0,1.872,7.02,11.8029995,3.322,0.768,0.0
940GZZLUMTC,940GZZLUMGT,0.0,0.078,3.723,9.329,11.695,2.091,0.233,0.0
940GZZLUMTC,940GZZLUNHG,0.0,0.122999996,2.083,5.784,5.594,2.333,0.525,0.0
940GZZLUMTC,940GZZLUODS,0.0,0.675,13.216,23.292,38.712,6.674,1.52,0.0
940GZZLUMTC,940GZZLUOVL,0.0,0.126,5.812,6.356,23.480999,7.432,3.5839999,0.0
940GZZLUMTC,940GZZLUOXC,0.0,1.571,12.676,46.192,44.399,5.594,1.45,0.0
940GZZLUMTC,940GZZLUPAC,0.0,0.0,2.424,5.955,7.23,2.445,0.006,0.0
940GZZLUMTC,940GZZLUPCC,0.0,0.0,1.426,8.496,6.259,1.542,0.32,0.0
940GZZLUMTC,940GZZLUQWY,0.0,0.0,1.513,3.665,5.65,1.673,0.28,0.0
940GZZLUMTC,940GZZLURSQ,0.0,0.0,0.0,2.056,1.186,0.597,0.208,0.0
940GZZLUMTC,940GZZLUSJP,0.0,0.060000002,14.229,5.629,7.269,0.894,0.507,0.0
940GZZLUMTC,940GZZLUSJW,0.0,0.0,0.316,0.472,0.821,0.202,0.182,0.0
940GZZLUMTC,940GZZLUSPU,0.0,1.67,10.153,15.503,5.506,0.30900002,0.003,0.0
940GZZLUMTC,940GZZLUSBC,0.0,1.257,4.956,6.622,19.382,4.582,1.325,0.0
940GZZLUMTC,940GZZLUSSQ,0.0,0.057000004,6.565,7.864,7.712,2.996,0.396,0.0
940GZZLUMTC,940GZZLUSKS,0.0,0.588,17.891,19.739,12.731,4.663,2.864,0.0
940GZZLUMTC,940GZZLUSKW,0.0,0.082,2.787,3.526,15.227,5.382,2.455,0.0
940GZZLUMTC,940GZZLUCHX,0.0,2.631,23.425,46.238,148.241,21.62,7.704,0.0
940GZZLUMTC,940GZZLUTMP,0.0,0.0,2.485,4.848,2.165,0.157,0.005,0.0
940GZZLUMTC,940GZZLUTCR,0.0,1.643,36.588,111.645,108.668,20.965,4.192,0.0
940GZZLUMTC,940GZZLUTWH,0.0,0.066,5.655,6.171,18.574,1.691,0.561,0.0
940GZZLUMTC,940GZZLUVIC,0.0,4.762,25.971,56.104,156.056,26.875,12.615,0.0
940GZZLUMTC,940GZZLUWRR,0.0,0.776,14.578,35.623,18.339,5.715,3.077,0.0
940GZZLUMTC,940GZZLUWKA,0.0,0.0,0.511,0.608,1.094,0.882,0.003,0.0
940GZZLUMTC,940GZZLUWLO,0.0,6.921,57.706,77.357,311.956,60.756,18.822,0.0
940GZZLUMTC,940GZZLUWBN,0.0,0.222,1.329,0.66400003,1.395,0.141,0.282,0.0
940GZZLUMTC,940GZZLUWHP,0.0,0.0,0.0,0.886,0.981,0.103,0.185,0.0
940GZZLUMTC,940GZZLUWKN,0.0,0.0,0.504,0.311,1.491,0.461,0.401,0.0
940GZZLUMTC,940GZZLUWSM,0.0,0.0,7.433,6.727,3.391,0.122,0.0,0.0
940GZZLUMTC,940GZZLUWPL,0.0,0.144,0.995,1.808,2.311,0.882,0.366,0.0
940GZZLUMTC,940GZZLUWIG,0.0,0.0,0.09,0.898,2.642,1.556,0.36900002,0.0
940GZZLUMTC,940GZZLUPCO,0.0,0.25,1.015,5.172,4.8450003,1.459,0.354,0.0
940GZZLUMTC,940GZZLUVXL,0.0,2.431,14.958,6.557,26.695,8.4140005,3.058,0.0
940GZZLUMTC,940GZZLUBXN,0.0,0.0,3.461,10.706,50.282,17.133,6.2269998,0.0
940GZZLUMTC,940GZZLUSWK,0.0,0.0,2.9,5.201,3.626,0.631,0.374,0.0
940GZZLUMTC,940GZZLUBMY,0.0,0.095,0.94,2.629,7.779,3.009,1.7030001,0.0
940GZZLUMTC,940GZZLUCWR,0.0,0.043,2.405,8.971,21.981,12.442,4.054,0.0
940GZZLUNHG,940GZZLUBBN,0.0,0.396,5.502,9.129,3.089,1.074,1.087,0.0
940GZZLUNHG,940GZZLUALD,0.0,0.8,21.488,14.561,9.689,3.0149999,1.418,0.0
940GZZLUNHG,940GZZLUADE,0.0,0.733,3.287,11.927,0.0,5.1870003,1.832,0.0
940GZZLUNHG,940GZZLUAGL,0.0,1.087,10.321,18.746,15.816,6.88,1.575,0.0
940GZZLUNHG,940GZZLUBST,0.0,2.042,53.563,0.0,45.107002,0.0,2.304,0.0
940GZZLUNHG,940GZZLUBNK,0.0,48.065,425.606,200.633,184.369,53.753,18.807,0.0
940GZZLUNHG,940GZZLUBSC,0.0,0.171,7.3259997,9.41,5.67,3.164,1.314,0.0
940GZZLUNHG,940GZZLUBWT,0.0,0.38300002,3.477,29.943,17.891,12.326,6.517,0.0
940GZZLUNHG,940GZZLUBLG,0.0,2.588,21.464,44.076,64.21,35.423,20.460001,0.01
940GZZLUNHG,940GZZLUBKF,0.0,7.137,38.494,31.782999,21.601,9.753,1.7540001,0.0
940GZZLUNHG,940GZZLUBND,0.0,7.462,241.781,345.288,149.154,32.175,3.8,0.0
940GZZLUNHG,940GZZLUBOR,0.0,0.0,3.451,5.593,2.917,3.21,0.84000003,0.0
940GZZLUNHG,940GZZLUCAR,0.0,0.317,2.558,4.934,8.343,4.794,1.577,0.0
940GZZLUNHG,940GZZLUCTN,0.0,1.251,13.68,72.93,21.295,8.146,2.016,0.001
940GZZLUNHG,940GZZLUCST,0.0,0.442,14.2369995,10.077,6.234,6.199,1.602,0.0
940GZZLUNHG,940GZZLUCHL,0.0,14.353,241.858,131.247,59.985,13.68,6.373,0.0
940GZZLUNHG,940GZZLUEMB,0.0,2.917,37.727,60.028,50.092,12.175,3.176,0.0
940GZZLUNHG,940GZZLUCGN,0.0,0.066,4.217,34.233,17.825,5.076,0.513,0.0
940GZZLUNHG,940GZZLUECT,0.0,1.112,38.409,110.605,60.161,34.651,16.073,0.0
940GZZLUNHG,940GZZLUERC,0.0,1.972,37.066,48.378,32.382,12.722,5.332,0.0
940GZZLUNHG,940GZZLUEAC,0.0,0.14400001,7.352,29.231,31.558,19.806,7.299,0.0
940GZZLUNHG,940GZZLUEUS,0.0,3.504,23.815,30.607,28.781,11.811,2.171,0.0
940GZZLUNHG,940GZZLUESQ,0.0,14.954,0.0,0.0,20.959,2.422,0.916,0.0
940GZZLUNHG,940GZZLUFCN,0.0,2.918,2.867,13.76,10.49,3.025,0.829,0.0
940GZZLUNHG,940GZZLUFYR,0.0,0.088,9.219,9.541,10.18,5.698,2.763,0.0
940GZZLUNHG,940GZZLUFPK,0.0,1.781,11.911,28.295,51.131,25.366001,15.886,0.0
940GZZLUNHG,940GZZLUFBY,0.0,0.989,50.77,70.122,43.366,29.39,7.925,0.0
940GZZLUNHG,940GZZLUGTR,0.0,2.864,26.304,79.724,36.275,20.264,7.132,0.0
940GZZLUNHG,940GZZLUGDG,0.0,0.336,6.854,8.589,3.538,2.069,0.213,0.0
940GZZLUNHG,940GZZLUGPS,0.0,16.554,0.0,0.0,15.073,0.0,0.835,0.0
940GZZLUNHG,940GZZLUGPK,0.0,4.293,49.925,68.031,25.748,5.706,0.503,0.0
940GZZLUNHG,940GZZLUHSD,0.0,0.416,13.598001,23.067,18.788,7.037,1.652,0.0
940GZZLUNHG,940GZZLUHAI,0.0,1.59,18.658,38.67,60.194,34.488,12.5130005,0.001
940GZZLUNHG,940GZZLUHSK,0.0,0.862,25.206,105.956,41.107,12.488,4.5429997,0.0
940GZZLUNHG,940GZZLUHBN,0.0,8.72,232.688,233.656,119.445,28.505,6.902,0.001
940GZZLUNHG,940GZZLUHPK,0.0,0.033,2.536,15.346,5.807,2.726,2.577,0.0
940GZZLUNHG,940GZZLUHWY,0.0,0.20300001,1.466,7.401,6.811,4.996,1.528,0.0
940GZZLUNHG,940GZZLUHPC,0.0,0.0,1.791,6.584,1.411,0.784,0.241,0.0
940GZZLUNHG,940GZZLUKNG,0.0,0.0,3.299,6.984,10.637,4.339,4.28,0.001
940GZZLUNHG,940GZZLUKSH,0.0,0.0,7.106,8.839,10.739,4.918,2.117,0.0
940GZZLUNHG,940GZZLUKBN,0.0,0.0,0.76,5.145,10.87,4.792,1.413,0.0
940GZZLUNHG,940GZZLUKSX,0.0,15.004,47.642002,120.005,73.121994,33.802002,13.594,0.0
940GZZLUNHG,940GZZLUKNB,0.0,0.142,6.607,38.44,14.105,2.405,0.088,0.0
940GZZLUNHG,940GZZLULBN,0.0,0.159,4.485,9.474,7.951,1.609,0.79399997,0.0
940GZZLUNHG,940GZZLULGT,0.0,0.117000006,4.401,32.997,19.187,9.176,5.988,0.0
940GZZLUNHG,940GZZLULSQ,0.0,0.526,8.03,36.729,23.955,8.837,1.842,0.0
940GZZLUNHG,940GZZLULVT,0.0,38.725998,408.952,254.374,286.725,96.782,33.668,0.003
940GZZLUNHG,940GZZLULNB,0.0,4.084,81.475,99.85,104.727,39.608,17.684,0.0
940GZZLUNHG,940GZZLUMSH,0.0,1.576,15.716,5.421,1.234,0.543,0.29,0.0
940GZZLUNHG,940GZZLUMBA,0.0,3.036,77.273,127.675,65.202,18.235,5.126,0.0
940GZZLUNHG,940GZZLUMYB,0.0,0.258,5.9309998,12.823,11.739,5.5559998,1.66,0.0
940GZZLUNHG,940GZZLUMED,0.0,0.233,18.659,41.715,36.063,20.788,10.393,0.011
940GZZLUNHG,940GZZLUMGT,0.0,1.901,7.692,6.474,4.223,2.674,0.397,0.0
940GZZLUNHG,940GZZLUMTC,0.0,0.0,2.425,3.417,4.833,1.471,1.126,0.0
940GZZLUNHG,940GZZLUODS,0.0,0.207,25.406,24.765,15.807,6.187,2.098,0.0
940GZZLUNHG,940GZZLUOVL,0.0,0.131,2.51,5.131,8.489,3.697,1.984,0.0
940GZZLUNHG,940GZZLUOXC,0.0,17.532,232.957,459.422,253.896,66.475,10.851,0.001
940GZZLUNHG,940GZZLUPAC,0.0,6.39,69.185,121.512,112.054,50.422,15.690001,0.0
940GZZLUNHG,940GZZLUPCC,0.0,0.609,26.264,57.967,38.769,13.716,1.84,0.0
940GZZLUNHG,940GZZLUQWY,0.0,0.0,4.151,27.326,16.992,8.016,4.242,0.0
940GZZLUNHG,940GZZLURGP,0.0,0.0,4.441,5.402,2.42,0.44,0.386,0.0
940GZZLUNHG,940GZZLURSQ,0.0,0.141,4.204,14.772,13.019,5.237,2.018,0.001
940GZZLUNHG,940GZZLUSJP,0.0,2.9580002,97.44,80.338,21.573,7.0490003,1.408,0.0
940GZZLUNHG,940GZZLUSJW,0.0,0.0,9.565,22.909,9.257,3.06,1.244,0.0
940GZZLUNHG,940GZZLUSPU,0.0,29.304,288.444,134.826,50.664,13.172,3.031,0.0
940GZZLUNHG,940GZZLUSBC,0.0,2.125,27.052,157.1,161.356,60.222,12.878,0.0
940GZZLUNHG,940GZZLUSSQ,0.0,1.8709999,107.965004,170.427,67.557,19.038,6.491,0.0
940GZZLUNHG,940GZZLUSKS,0.0,3.124,88.847,197.246,61.343002,28.303,6.607,0.0
940GZZLUNHG,940GZZLUSKW,0.0,0.408,2.552,11.64,22.936,11.673,4.65,0.001
940GZZLUNHG,940GZZLUCHX,0.0,0.323,19.62,38.211998,37.11,7.979,2.182,0.0
940GZZLUNHG,940GZZLUSWC,0.0,0.0,4.946,12.327,11.508,5.196,1.403,0.0
940GZZLUNHG,940GZZLUTMP,0.0,1.597,23.816,19.364,9.009,2.986,0.235,0.0
940GZZLUNHG,940GZZLUTCR,0.0,6.007,199.852,378.73898,235.092,70.024,14.62,0.0
940GZZLUNHG,940GZZLUTWH,0.0,1.02,32.864,57.765,29.347,7.966,2.238,0.0
940GZZLUNHG,940GZZLUVIC,0.0,9.352,83.006996,106.908,182.862,64.142,12.984,0.0
940GZZLUNHG,940GZZLUWRR,0.0,0.569,14.526,14.342,7.825,3.549,0.60400003,0.0
940GZZLUNHG,940GZZLUWKA,0.0,0.0,0.692,11.206,4.996,5.744,0.558,0.0
940GZZLUNHG,940GZZLUWLO,0.0,7.761,39.909,50.845,90.101,23.37,5.124,0.001
940GZZLUNHG,940GZZLUWBN,0.0,0.991,36.937,47.019,56.179,25.710001,9.395,0.0
940GZZLUNHG,940GZZLUWHP,0.0,0.234,4.236,5.6480002,12.146,5.223,1.761,0.001
940GZZLUNHG,940GZZLUWKN,0.0,0.013,1.587,8.169,5.26,5.648,2.41,0.0
940GZZLUNHG,940GZZLUWSM,0.0,5.06,69.556,99.53,27.946001,6.827,0.875,0.0
940GZZLUNHG,940GZZLUWPL,0.0,0.661,4.297,4.965,1.196,1.569,1.27,0.0
940GZZLUNHG,940GZZLUWIG,0.0,0.0,0.0,4.728,7.4570003,6.745,2.326,0.0
940GZZLUNHG,940GZZLUPCO,0.0,0.157,17.023,31.061,17.499,8.371,3.447,0.0
940GZZLUNHG,940GZZLUVXL,0.0,3.276,25.964,28.17,37.669,20.156,6.6,0.0
940GZZLUNHG,940GZZLUBXN,0.0,0.93700004,13.194,41.783,78.756996,56.436,24.456,0.0
940GZZLUNHG,940GZZLUSWK,0.0,1.504,40.284,31.247,25.882,4.743,2.622,0.001
940GZZLUNHG,940GZZLUBMY,0.0,0.375,8.502,12.37,16.428,6.493,2.804,0.001
940GZZLUNHG,940GZZLUCWR,0.0,1.664,24.079,54.021,62.218,47.515,16.66,0.001
940GZZLUODS,940GZZLUBBN,0.0,0.402,4.816,8.55,3.899,1.027,0.21,0.0
940GZZLUODS,940GZZLUALD,0.0,0.041,13.126,20.818,15.2890005,3.405,2.787,0.0
940GZZLUODS,940GZZLUADE,0.0,0.279,5.901,18.509,8.528,6.187,2.002,0.0
940GZZLUODS,940GZZLUAGL,0.0,3.325,89.082,239.738,162.09799,88.176,25.602,0.0
940GZZLUODS,940GZZLUBST,0.0,2.197,82.223,125.924,96.611,27.412,10.547,0.0
940GZZLUODS,940GZZLUBNK,0.0,71.021,546.656,596.561,976.619,299.598,106.349,0.0
940GZZLUODS,940GZZLUBSC,0.0,0.769,19.996,18.756,38.462,21.699,10.966,0.0
940GZZLUODS,940GZZLUBWT,0.0,0.688,0.64,1.188,2.121,0.987,1.066,0.0
940GZZLUODS,940GZZLUBLG,0.0,0.354,2.479,16.048,15.018,11.991,5.182,0.0
940GZZLUODS,940GZZLUBKF,0.0,0.49600002,14.631,20.658,14.736,2.71,1.123,0.0
940GZZLUODS,940GZZLUBND,0.0,2.267,29.472,107.739,69.397,15.867,2.902,0.0
940GZZLUODS,940GZZLUBOR,0.0,3.86,104.108,108.849,95.155,43.96,25.17,0.0
940GZZLUODS,940GZZLUCAR,0.0,3.731,6.5030003,19.167,34.437,23.352,13.145,0.0
940GZZLUODS,940GZZLUCTN,0.0,4.635,107.91,231.959,237.612,116.969,43.661,0.0
940GZZLUODS,940GZZLUCST,0.0,0.0,1.049,2.128,7.883,0.911,0.197,0.0
940GZZLUODS,940GZZLUCHL,0.0,0.07,11.158,34.989,14.004,2.572,0.73,0.0
940GZZLUODS,940GZZLUEMB,0.0,1.081,17.696,26.686,29.089,7.621,1.719,0.0
940GZZLUODS,940GZZLUCGN,0.0,0.87,27.683,133.675,138.23,37.921,2.58,0.0
940GZZLUODS,940GZZLUECT,0.0,1.47,14.694,32.083,52.151,29.059,18.071,0.0
940GZZLUODS,940GZZLUERC,0.0,0.533,20.328001,31.327,20.282,11.283,6.502,0.0
940GZZLUODS,940GZZLUEAC,0.0,10.925,183.183,316.945,383.833,166.46,92.199,0.0
940GZZLUODS,940GZZLUEUS,0.0,17.712,292.818,616.394,894.105,256.865,88.242,0.0
940GZZLUODS,940GZZLUESQ,0.0,0.053000003,5.452,10.861,11.339,1.967,0.855,0.0
940GZZLUODS,940GZZLUFCN,0.0,0.891,27.52,59.923,85.437996,26.121,7.063,0.0
940GZZLUODS,940GZZLUFYR,0.0,0.15100001,3.877,9.278,20.146,11.369,5.566,0.0
940GZZLUODS,940GZZLUFPK,0.0,0.026,1.462,6.974,2.368,10.405,11.777,0.0
940GZZLUODS,940GZZLUFBY,0.0,0.696,11.703,16.65,41.752,23.49,6.677,0.0
940GZZLUODS,940GZZLUGTR,0.0,0.887,14.005,23.703,33.471,11.222,7.795,0.0
940GZZLUODS,940GZZLUGDG,0.0,0.138,42.636,68.498,34.943,9.439,2.561,0.0
940GZZLUODS,940GZZLUGPS,0.0,0.788,25.716,38.136,20.072,7.0690002,2.932,0.0
940GZZLUODS,940GZZLUGPK,0.0,5.234,96.590004,151.673,83.848,21.061,7.849,0.0
940GZZLUODS,940GZZLUHSD,0.0,2.4160001,43.439,36.87,76.113,30.199,12.052,0.0
940GZZLUODS,940GZZLUHSK,0.0,0.973,24.768,21.791,14.596,5.125,2.719,0.0
940GZZLUODS,940GZZLUHBN,0.0,0.625,67.666,135.295,53.8,13.42,2.831,0.0
940GZZLUODS,940GZZLUHPK,0.0,0.547,2.459,8.402,7.856,5.306,1.353,0.0
940GZZLUODS,940GZZLUHWY,0.0,0.161,3.432,12.245,17.058,14.485,7.554,0.0
940GZZLUODS,940GZZLUHPC,0.0,0.554,12.827,19.4,14.115,4.41,0.125,0.0
940GZZLUODS,940GZZLUKNG,0.0,1.399,28.662,39.193,89.417,59.57,36.483,0.0
940GZZLUODS,940GZZLUKOY,0.0,0.0,0.0,0.0,0.0,0.058,0.0,0.0
940GZZLUODS,940GZZLUKSH,0.0,1.443,31.774,59.585,122.546,75.714,34.292,0.0
940GZZLUODS,940GZZLUKBN,0.0,1.5090001,1.02,11.072,22.185,14.994,10.063,0.0
940GZZLUODS,940GZZLUKSX,0.0,28.464,325.717,851.711,965.266,303.587,140.002,0.0
940GZZLUODS,940GZZLUKNB,0.0,2.231,34.629,73.077,38.12,10.946,1.64,0.0
940GZZLUODS,940GZZLULBN,0.0,0.157,9.446,16.749,16.616,8.264,4.502,0.0
940GZZLUODS,940GZZLULGT,0.0,0.0,1.543,10.556,13.36,7.867,3.463,0.0
940GZZLUODS,940GZZLULSQ,0.0,2.11,39.856,134.825,152.594,50.103,13.196,0.0
940GZZLUODS,940GZZLULVT,0.0,0.337,12.469,75.998,81.553,32.099,10.457,0.0
940GZZLUODS,940GZZLULNB,0.0,40.393,559.022,1027.986,2059.844,717.376,309.644,0.0
940GZZLUODS,940GZZLUMSH,0.0,0.074,1.438,1.695,1.094,1.226,0.013,0.0
940GZZLUODS,940GZZLUMBA,0.0,1.166,17.245,32.835,22.934,7.603,3.265,0.0
940GZZLUODS,940GZZLUMYB,0.0,0.206,6.272,18.658,27.536,7.103,2.923,0.0
940GZZLUODS,940GZZLUMED,0.0,0.214,6.939,34.219,24.657,16.032999,9.547,0.0
940GZZLUODS,940GZZLUMGT,0.0,25.23,152.214,104.892,67.618,18.821,4.682,0.0
940GZZLUODS,940GZZLUMTC,0.0,0.311,25.635,13.852,9.697,3.865,3.436,0.0
940GZZLUODS,940GZZLUNHG,0.0,0.211,11.044,30.164,30.041,12.849,4.933,0.0
940GZZLUODS,940GZZLUOVL,0.0,3.417,71.859,84.07,179.105,101.017,51.676,0.0
940GZZLUODS,940GZZLUOXC,0.0,9.142,167.665,451.07,307.232,59.359,8.888,0.0
940GZZLUODS,940GZZLUPAC,0.0,5.076,63.722,152.23,195.455,68.019,21.209,0.0
940GZZLUODS,940GZZLUPCC,0.0,3.69,65.886,154.082,145.352,49.295,9.027,0.0
940GZZLUODS,940GZZLUQWY,0.0,0.279,2.296,9.893,19.609,9.029,5.579,0.0
940GZZLUODS,940GZZLURGP,0.0,0.0,0.439,1.505,1.264,0.016,0.0,0.0
940GZZLUODS,940GZZLURYO,0.0,0.139,2.784,6.977,10.472,8.02,4.995,0.0
940GZZLUODS,940GZZLURSQ,0.0,0.61,23.388,58.113,31.434,15.153,4.708,0.0
940GZZLUODS,940GZZLUSJP,0.0,1.189,34.781,35.219,13.851,3.584,1.8330001,0.0
940GZZLUODS,940GZZLUSJW,0.0,0.338,4.336,12.329,17.534,8.729,4.327,0.0
940GZZLUODS,940GZZLUSPU,0.0,0.193,5.775,28.28,7.643,1.471,0.485,0.0
940GZZLUODS,940GZZLUSBC,0.0,1.493,11.091,33.996,65.629,21.329,9.234,0.0
940GZZLUODS,940GZZLUSSQ,0.0,1.0270001,20.01,40.867,39.328,15.808001,4.34,0.0
940GZZLUODS,940GZZLUSKS,0.0,1.852,57.791,102.757,86.906,28.882,10.183,0.0
940GZZLUODS,940GZZLUSKW,0.0,1.812,18.355,52.188,167.414,92.561,52.243,0.0
940GZZLUODS,940GZZLUCHX,0.0,0.509,12.139,38.239,51.892,9.697,3.479,0.0
940GZZLUODS,940GZZLUSWC,0.0,0.052,5.06,5.143,9.538,5.401,3.65,0.0
940GZZLUODS,940GZZLUTMP,0.0,0.064,18.558,38.734,13.202,5.243,0.308,0.0
940GZZLUODS,940GZZLUTCR,0.0,1.142,47.664,126.499,113.95,33.724,9.269,0.0
940GZZLUODS,940GZZLUTWH,0.0,0.32,26.438,51.109,78.421,14.66,5.605,0.0
940GZZLUODS,940GZZLUVIC,0.0,17.198,175.267,359.855,510.932,168.662,68.344,0.0
940GZZLUODS,940GZZLUWRR,0.0,1.146,17.391,49.243,29.927,7.135,3.802,0.0
940GZZLUODS,940GZZLUWKA,0.0,0.252,1.6570001,5.0030003,8.337,5.027,2.798,0.0
940GZZLUODS,940GZZLUWLO,0.0,13.065,155.069,336.171,1001.472,325.59,117.679,0.0
940GZZLUODS,940GZZLUWBN,0.0,0.184,2.185,4.732,6.749,2.895,2.398,0.0
940GZZLUODS,940GZZLUWHP,0.0,0.20899999,3.063,6.925,17.999,12.213,8.735,0.0
940GZZLUODS,940GZZLUWKN,0.0,0.0,2.578,8.61,15.383,7.758,5.717,0.0
940GZZLUODS,940GZZLUWSM,0.0,0.82699996,50.723,75.081,35.93,5.225,0.602,0.0
940GZZLUODS,940GZZLUWPL,0.0,0.082,2.988,15.72,8.779,2.864,1.875,0.0
940GZZLUODS,940GZZLUWIG,0.0,0.169,1.28,10.676,29.318,16.438,8.737,0.0
940GZZLUODS,940GZZLUERB,0.0,0.0,2.365,2.896,2.045,1.27,0.799,0.0
940GZZLUODS,940GZZLUPCO,0.0,0.794,26.955,45.495,49.598,28.042,13.791,0.0
940GZZLUODS,940GZZLUVXL,0.0,9.982,33.555,67.989,106.76,53.001,23.758,0.0
940GZZLUODS,940GZZLUBXN,0.0,3.851,47.197998,102.699,377.482,228.774,113.608,0.0
940GZZLUODS,940GZZLUSWK,0.0,1.347,49.194,74.142,70.675,15.129,6.048,0.0
940GZZLUODS,940GZZLUBMY,0.0,1.445,16.009,25.835,61.43,25.538,11.144,0.0
940GZZLUODS,940GZZLUCWR,0.0,0.681,12.259,49.601,89.547,78.305,29.902,0.0
940GZZLUOVL,940GZZLUBBN,0.0,1.776,16.71,8.893,6.034,0.887,0.621,0.0
940GZZLUOVL,940GZZLUALD,0.0,0.053000003,9.192,5.735,6.622,1.059,0.122,0.0
940GZZLUOVL,940GZZLUADE,0.0,0.616,26.803,15.274,11.941,3.56,0.36,0.0
940GZZLUOVL,940GZZLUAGL,0.0,2.97,69.363,72.916,72.846,23.209,6.226,0.0
940GZZLUOVL,940GZZLUBST,0.0,2.236,20.149,12.306,12.309,1.312,0.709,0.0
940GZZLUOVL,940GZZLUBNK,0.0,53.492,349.364,159.735,205.096,40.981,10.618,0.0
940GZZLUOVL,940GZZLUBSC,0.0,0.245,4.978,1.872,1.923,1.873,0.3,0.0
940GZZLUOVL,940GZZLUBLG,0.0,0.476,12.601,14.706,21.761,10.294,3.15,0.0
940GZZLUOVL,940GZZLUBKF,0.0,2.861,37.886,7.235,5.673,0.282,0.698,0.0
940GZZLUOVL,940GZZLUBND,0.0,2.339,16.491,19.445,9.945,1.664,0.107,0.0
940GZZLUOVL,940GZZLUBOR,0.0,2.318,36.822,34.603,32.788002,11.051,2.653,0.0
940GZZLUOVL,940GZZLUCAR,0.0,1.406,4.644,4.018,4.426,2.656,0.512,0.0
940GZZLUOVL,940GZZLUCTN,0.0,4.557,29.652,38.452,30.619,11.49,3.475,0.0
940GZZLUOVL,940GZZLUCST,0.0,0.082,3.338,0.707,0.662,2.261,0.347,0.0
940GZZLUOVL,940GZZLUCHL,0.0,1.39,37.029,23.89,11.942,2.103,0.118,0.0
940GZZLUOVL,940GZZLUEMB,0.015000001,7.159,72.721,0.0,45.048,5.4179997,1.191,0.122
940GZZLUOVL,940GZZLUCGN,0.0,0.0,1.484,3.732,2.636,0.617,0.0,0.0
940GZZLUOVL,940GZZLUECT,0.0,1.07,6.295,4.567,3.776,1.745,0.75,0.0
940GZZLUOVL,940GZZLUEAC,0.0,1.104,11.498,36.397,33.304,13.94,3.652,0.0
940GZZLUOVL,940GZZLUEUS,0.0,8.92,42.342,53.353,46.522,12.603,2.922,0.001
940GZZLUOVL,940GZZLUFCN,0.0,0.95,33.212,16.271,9.141,1.9810001,0.01,0.0
940GZZLUOVL,940GZZLUFYR,0.0,0.503,2.528,1.945,3.721,2.471,1.262,0.0
940GZZLUOVL,940GZZLUFPK,0.0,1.378,11.227,8.827,14.906,9.678,4.32,0.0
940GZZLUOVL,940GZZLUFBY,0.0,0.443,7.499,3.15,3.39,1.378,0.004,0.0
940GZZLUOVL,940GZZLUGTR,0.0,0.913,4.674,5.755,2.792,1.026,0.421,0.0
940GZZLUOVL,940GZZLUGDG,0.0,7.827,81.471,50.446,25.196,4.6740003,0.43,0.0
940GZZLUOVL,940GZZLUGPK,0.0,4.11,34.926,23.434,12.898,3.08,0.292,0.0
940GZZLUOVL,940GZZLUHSD,0.0,2.714,16.391,8.312,6.283,1.671,0.35300002,0.0
940GZZLUOVL,940GZZLUHAI,0.0,0.875,19.652,5.69,9.062,5.549,1.127,0.0
940GZZLUOVL,940GZZLUHSK,0.0,0.842,6.27,5.504,3.88,0.587,0.113,0.0
940GZZLUOVL,940GZZLUHBN,0.0,0.33,17.93,15.157,8.934,1.318,0.106,0.0
940GZZLUOVL,940GZZLUHPK,0.0,0.561,6.979,3.122,2.051,0.279,0.128,0.0
940GZZLUOVL,940GZZLUHWY,0.0,0.488,6.393,8.622,3.117,1.77,1.006,0.0
940GZZLUOVL,940GZZLUHPC,0.0,0.013,1.508,2.099,0.726,0.139,0.0,0.0
940GZZLUOVL,940GZZLUKNG,0.0,0.385,1.4860001,4.688,3.486,1.316,1.652,0.0
940GZZLUOVL,940GZZLUKOY,0.0,0.0,0.0,0.0,0.0,0.001,0.0,0.0
940GZZLUOVL,940GZZLUKSH,0.0,1.974,15.789,7.629,10.525,4.352,1.868,0.0
940GZZLUOVL,940GZZLUKBN,0.0,1.518,2.684,2.661,6.275,2.399,0.563,0.0
940GZZLUOVL,940GZZLUKSX,0.0,16.545,71.886,115.158,74.548,19.783,6.167,0.0
940GZZLUOVL,940GZZLUKNB,0.0,0.955,10.031,8.078,3.401,0.919,0.0,0.0
940GZZLUOVL,940GZZLULBN,0.0,0.0,1.3610001,2.19,1.015,0.959,0.126,0.0
940GZZLUOVL,940GZZLULGT,0.0,0.17,1.694,2.212,1.864,0.153,0.379,0.0
940GZZLUOVL,940GZZLULSQ,0.083000004,20.271,154.09999,0.0,185.66301,36.43,4.523,0.726
940GZZLUOVL,940GZZLULVT,0.0,5.004,26.883,41.499,47.046,9.746,4.686,0.0
940GZZLUOVL,940GZZLULNB,0.0,25.399,173.917,211.791,283.634,85.369,24.505,0.0
940GZZLUOVL,940GZZLUMSH,0.0,1.003,5.885,0.855,0.741,0.012,0.0,0.0
940GZZLUOVL,940GZZLUMBA,0.0,0.072,8.267,6.007,3.127,1.384,0.273,0.0
940GZZLUOVL,940GZZLUMYB,0.0,1.58,11.132,13.412,16.339,3.881,1.038,0.0
940GZZLUOVL,940GZZLUMED,0.0,0.382,10.587,17.083,14.539,6.384,2.354,0.0
940GZZLUOVL,940GZZLUMGT,0.0,30.101,259.932,97.598,127.43,24.095,4.519,0.0
940GZZLUOVL,940GZZLUMTC,0.0,2.689,21.268,4.443,7.02,1.695,0.753,0.0
940GZZLUOVL,940GZZLUNHG,0.0,0.121,9.843,7.589,3.981,1.893,0.293,0.0
940GZZLUOVL,940GZZLUODS,0.0,7.85,210.908,121.381,101.474,42.759,10.133,0.0
940GZZLUOVL,940GZZLUOXC,0.0,5.363,51.103,64.179,31.469,5.179,0.236,0.0
940GZZLUOVL,940GZZLUPAC,0.0,5.605,34.674,28.809,28.859,6.943,1.301,0.0
940GZZLUOVL,940GZZLUPCC,0.0,3.059,16.487,25.147,19.228,6.47,0.723,0.0
940GZZLUOVL,940GZZLUQWY,0.0,0.109,5.995,1.747,3.905,0.986,0.307,0.0
940GZZLUOVL,940GZZLURGP,0.0,0.127,2.927,5.624,3.015,0.25300002,0.004,0.0
940GZZLUOVL,940GZZLURYO,0.0,0.0,1.052,0.384,0.606,0.656,0.0,0.0
940GZZLUOVL,940GZZLURSQ,0.0,0.222,5.538,6.006,3.859,1.368,0.008,0.0
940GZZLUOVL,940GZZLUSJP,0.0,0.229,5.38,3.773,2.786,0.659,0.0,0.0
940GZZLUOVL,940GZZLUSJW,0.0,0.184,4.9110003,4.257,3.012,1.396,0.803,0.0
940GZZLUOVL,940GZZLUSPU,0.0,1.136,11.958,7.943,3.732,0.543,0.004,0.0
940GZZLUOVL,940GZZLUSBC,0.0,0.711,10.281,12.941,13.008,3.551,1.102,0.0
940GZZLUOVL,940GZZLUSSQ,0.0,0.359,14.527,9.46,4.809,1.005,0.399,0.0
940GZZLUOVL,940GZZLUSKS,0.0,1.051,23.916,16.591,6.323,1.905,0.20300001,0.0
940GZZLUOVL,940GZZLUSKW,0.0,0.24,10.805,19.697,15.636,14.3029995,5.385,0.002
940GZZLUOVL,940GZZLUCHX,0.026,5.986,65.645,0.0,92.487,11.6710005,2.131,0.224
940GZZLUOVL,940GZZLUSWC,0.0,0.15100001,5.537,2.845,2.874,1.52,0.431,0.0
940GZZLUOVL,940GZZLUTMP,0.0,0.736,15.086,7.129,2.455,1.006,0.519,0.0
940GZZLUOVL,940GZZLUTCR,0.0,15.483,135.563,114.326,79.455,15.84,2.346,0.002
940GZZLUOVL,940GZZLUTWH,0.0,2.251,22.463,13.736,16.306,4.326,0.254,0.0
940GZZLUOVL,940GZZLUVIC,0.0,2.33,41.05,48.151,50.681,12.182,4.834,0.0
940GZZLUOVL,940GZZLUWRR,0.0,4.616,38.636,19.771,14.265,4.119,1.031,0.0
940GZZLUOVL,940GZZLUWKA,0.0,0.44300002,3.277,2.497,2.807,2.022,0.407,0.0
940GZZLUOVL,940GZZLUWLO,0.087000005,21.710001,79.806,0.0,167.012,25.596,5.27,0.929
940GZZLUOVL,940GZZLUWBN,0.0,0.835,2.846,1.232,2.029,0.578,0.148,0.0
940GZZLUOVL,940GZZLUWHP,0.0,0.60400003,2.533,2.897,3.711,2.055,0.526,0.0
940GZZLUOVL,940GZZLUWKN,0.0,0.0,2.4,2.349,1.63,2.491,0.459,0.0
940GZZLUOVL,940GZZLUWSM,0.0,0.978,7.736,6.846,2.033,0.301,0.0,0.0
940GZZLUOVL,940GZZLUWPL,0.0,0.362,10.347,9.444,7.24,4.048,2.166,0.0
940GZZLUOVL,940GZZLUWIG,0.0,0.0,2.235,2.765,3.957,3.195,1.073,0.0
940GZZLUOVL,940GZZLUERB,0.0,0.468,9.476,7.037,2.58,0.315,0.0,0.0
940GZZLUOVL,940GZZLUPCO,0.0,0.182,3.902,3.021,2.217,1.602,0.858,0.0
940GZZLUOVL,940GZZLUVXL,0.0,0.468,5.709,6.512,6.808,5.765,1.38,0.0
940GZZLUOVL,940GZZLUBXN,0.0,0.349,6.517,26.557,22.66,13.531,6.667,0.025
940GZZLUOVL,940GZZLUSWK,0.0,0.0,2.486,6.918,5.757,1.554,0.02,0.0
940GZZLUOVL,940GZZLUBMY,0.0,1.641,7.644,6.371,11.019,6.77,2.855,0.0
940GZZLUOVL,940GZZLUCWR,0.0,0.62700003,10.88,16.009,24.795,13.135,4.343,0.0
940GZZLUOXC,940GZZLUBBN,0.0,0.079,2.529,41.947,24.926,11.096,3.79,0.0
940GZZLUOXC,940GZZLUALD,0.0,0.108,9.287,65.506996,59.259,40.931,13.565,0.0
940GZZLUOXC,940GZZLUADE,0.0,0.469,5.616,67.511,69.48,63.642,18.865,0.0
940GZZLUOXC,940GZZLUAGL,0.0,0.587,11.601,171.691,160.76,120.597,31.524,0.0
940GZZLUOXC,940GZZLUBST,0.0,0.751,16.639,252.736,155.664,90.12,32.645,0.0
940GZZLUOXC,940GZZLUBNK,0.0,16.462,202.635,1319.469,1105.749,530.462,168.751,0.0
940GZZLUOXC,940GZZLUBSC,0.0,0.0,6.193,21.691,33.873,29.346,12.129,0.0
940GZZLUOXC,940GZZLUBWT,0.0,0.18,0.0,10.958,15.141,15.397,3.228,0.0
940GZZLUOXC,940GZZLUBLG,0.0,3.519,11.722,201.867,340.685,309.389,124.726,0.0
940GZZLUOXC,940GZZLUBKF,0.0,0.072,7.218,48.801,49.56,18.069,6.184,0.0
940GZZLUOXC,940GZZLUBND,0.0,0.255,4.028,76.799,29.091,19.858,2.369,0.0
940GZZLUOXC,940GZZLUBOR,0.0,0.0,3.859,31.124,30.259,28.984,8.92,0.0
940GZZLUOXC,940GZZLUCAR,0.0,0.074,2.417,39.354,49.598,51.522,16.365,0.0
940GZZLUOXC,940GZZLUCTN,0.0,0.178,9.3880005,173.946,104.341,66.578,20.048,0.0
940GZZLUOXC,940GZZLUCST,0.0,0.169,1.015,11.398,15.15,11.424,3.001,0.0
940GZZLUOXC,940GZZLUCHL,0.0,0.844,75.116,622.509,224.21,76.345,22.325,0.0
940GZZLUOXC,940GZZLUEMB,0.0,3.265,17.903,152.274,149.016,56.942,14.269,0.0
940GZZLUOXC,940GZZLUCGN,0.0,0.211,5.2330003,120.393,78.851,33.341,1.92,0.0
940GZZLUOXC,940GZZLUECT,0.0,0.131,8.455,107.321,132.001,133.499,38.636,0.0
940GZZLUOXC,940GZZLUERC,0.0,0.0,0.276,2.68,1.98,1.801,0.633,0.0
940GZZLUOXC,940GZZLUEAC,0.0,3.158,50.487,395.21,548.072,418.354,145.716,0.0
940GZZLUOXC,940GZZLUEUS,0.0,4.304,34.366,657.414,825.372,408.98898,103.974,0.126
940GZZLUOXC,940GZZLUESQ,0.0,0.0,0.22500001,3.111,2.617,1.071,0.304,0.0
940GZZLUOXC,940GZZLUFCN,0.0,0.538,8.536,73.859,46.774,32.951,8.566,0.0
940GZZLUOXC,940GZZLUFYR,0.0,0.0,2.351,38.121,40.418,39.371002,14.551,0.0
940GZZLUOXC,940GZZLUFPK,0.0,6.474,46.505,546.247,920.141,746.135,288.178,0.018
940GZZLUOXC,940GZZLUFBY,0.0,0.176,5.716,62.201,94.423996,64.915,18.129,0.0
940GZZLUOXC,940GZZLUGTR,0.0,0.511,7.269,91.972,92.191,78.487,25.386,0.0
940GZZLUOXC,940GZZLUGDG,0.0,0.696,0.767,13.599,6.283,4.857,0.604,0.0
940GZZLUOXC,940GZZLUGPS,0.0,0.0,0.261,1.875,1.459,1.586,0.869,0.0
940GZZLUOXC,940GZZLUGPK,0.0,5.21,28.802,283.821,104.19,48.407,11.434,0.0
940GZZLUOXC,940GZZLUHSD,0.0,0.555,9.783,100.616,110.239,77.773,25.446,0.0
940GZZLUOXC,940GZZLUHAI,0.0,5.382,65.469,812.667,1552.376,1332.728,413.672,0.013
940GZZLUOXC,940GZZLUHSK,0.0,0.728,10.923,121.622,73.737,49.935,15.417,0.0
940GZZLUOXC,940GZZLUHBN,0.0,0.652,56.425,517.699,225.908,88.417,17.618,0.0
940GZZLUOXC,940GZZLUHPK,0.0,0.191,9.52,86.96,72.804,57.088,23.387,0.002
940GZZLUOXC,940GZZLUHWY,0.0,0.0,1.592,35.728,45.350998,53.061,13.988,0.001
940GZZLUOXC,940GZZLUHPC,0.0,0.238,2.843,28.006,11.017,5.492,0.758,0.0
940GZZLUOXC,940GZZLUKNG,0.0,0.086,1.444,22.491,30.397,25.996,10.603,0.0
940GZZLUOXC,940GZZLUKOY,0.0,0.0,0.0,0.0,0.0,0.34,0.0,0.0
940GZZLUOXC,940GZZLUKSH,0.0,0.272,3.109,61.217,59.739,58.28,22.185,0.0050000004
940GZZLUOXC,940GZZLUKBN,0.0,1.097,0.682,30.789,45.556,61.076,33.917,0.0
940GZZLUOXC,940GZZLUKSX,0.0,11.616,90.834,1465.0911,1762.268,789.912,249.423,0.020000001
940GZZLUOXC,940GZZLUKNB,0.0,0.287,13.001,197.435,107.697,32.889,5.435,0.0
940GZZLUOXC,940GZZLULBN,0.0,0.151,7.542,98.38,97.417,76.222,25.016,0.0
940GZZLUOXC,940GZZLULGT,0.0,0.22,6.697,112.644,138.64,120.607,59.131,0.0
940GZZLUOXC,940GZZLULSQ,0.0,0.157,2.298,64.428,46.015,25.258,3.8869998,0.0
940GZZLUOXC,940GZZLULVT,0.0,10.225,151.068,1361.574,1634.531,776.238,238.543,0.0
940GZZLUOXC,940GZZLULNB,0.0,1.3379999,26.338,302.633,326.012,211.123,70.684,0.001
940GZZLUOXC,940GZZLUMSH,0.0,0.0,1.163,5.553,3.241,1.227,0.64,0.0
940GZZLUOXC,940GZZLUMBA,0.0,0.207,11.778,146.594,77.244,56.247,21.843,0.0
940GZZLUOXC,940GZZLUMYB,0.0,1.202,29.513,381.793,538.013,282.272,108.645996,0.0
940GZZLUOXC,940GZZLUMED,0.0,3.176,10.441,139.816,226.701,214.634,95.25,0.0
940GZZLUOXC,940GZZLUMGT,0.0,0.084,3.751,40.702,21.271,7.951,2.1430001,0.0
940GZZLUOXC,940GZZLUMTC,0.0,0.063,2.068,24.784,18.178,15.318,4.258,0.0
940GZZLUOXC,940GZZLUNHG,0.0,0.759,26.76,285.277,233.717,209.279,81.098,0.003
940GZZLUOXC,940GZZLUODS,0.0,0.162,22.811,289.587,225.739,155.553,47.504,0.0
940GZZLUOXC,940GZZLUOVL,0.0,0.543,2.582,32.655,38.985,35.548,10.704,0.0
940GZZLUOXC,940GZZLUPAC,0.0,5.673,53.933,859.147,1161.537,672.09,169.373,0.0
940GZZLUOXC,940GZZLUPCC,0.0,0.723,9.022,221.64,124.696,86.039,13.5460005,0.0
940GZZLUOXC,940GZZLUQWY,0.0,0.853,12.256,218.655,217.564,235.533,98.251,0.001
940GZZLUOXC,940GZZLURGP,0.0,0.099999994,3.723,47.771,16.832,9.174,3.346,0.0
940GZZLUOXC,940GZZLURYO,0.0,0.0,0.59499997,7.443,7.233,4.017,2.169,0.0
940GZZLUOXC,940GZZLURSQ,0.0,0.324,1.879,71.674,49.906,44.649,15.772,0.0
940GZZLUOXC,940GZZLUSJP,0.0,0.53000003,7.221,66.109,27.288,12.186,3.915,0.0
940GZZLUOXC,940GZZLUSJW,0.0,0.194,4.722,43.704,28.353,32.46,10.649,0.0
940GZZLUOXC,940GZZLUSPU,0.0,6.792,117.778,712.957,242.828,83.553,23.73,0.0
940GZZLUOXC,940GZZLUSBC,0.0,4.489,40.895,403.523,496.033,384.586,134.866,0.021
940GZZLUOXC,940GZZLUSSQ,0.0,0.384,28.326,226.537,131.939,64.18,16.182,0.0
940GZZLUOXC,940GZZLUSKS,0.0,0.243,21.278,233.358,138.718,73.544,17.789999,0.0
940GZZLUOXC,940GZZLUSKW,0.0,6.489,17.386,143.812,330.79,277.122,101.939,0.0
940GZZLUOXC,940GZZLUCHX,0.0,1.9250001,32.01,448.718,674.405,329.73,94.352,0.003
940GZZLUOXC,940GZZLUSWC,0.0,0.063,2.798,40.473,37.971,42.186,16.989,0.0
940GZZLUOXC,940GZZLUTMP,0.0,0.0,2.894,23.704,12.637,7.18,0.583,0.0
940GZZLUOXC,940GZZLUTCR,0.0,1.275,9.059,200.818,93.61,55.291,10.437,0.0
940GZZLUOXC,940GZZLUTWH,0.0,0.121,10.086,153.004,148.754,74.734,14.324,0.0
940GZZLUOXC,940GZZLUVIC,0.0,61.745,318.046,3563.979,6289.856,3045.223,933.758,0.0
940GZZLUOXC,940GZZLUWRR,0.0,1.389,17.082,280.857,99.165,49.264,16.977,0.002
940GZZLUOXC,940GZZLUWKA,0.0,0.607,9.3,99.876,119.145,126.835,39.049,0.0
940GZZLUOXC,940GZZLUWLO,0.0,10.816,49.027,748.449,1523.305,790.412,237.144,0.0
940GZZLUOXC,940GZZLUWBN,0.0,0.22700001,3.6560001,27.125,36.097,34.278,9.186,0.0
940GZZLUOXC,940GZZLUWHP,0.0,0.241,1.678,36.644,65.505,69.743,22.716,0.0
940GZZLUOXC,940GZZLUWKN,0.0,0.974,2.401,31.36,41.81,43.533,14.398,0.0
940GZZLUOXC,940GZZLUWSM,0.0,0.0,6.181,78.201,27.014,10.112,1.776,0.0
940GZZLUOXC,940GZZLUWPL,0.0,0.27,2.651,37.168,23.796,21.404,8.456,0.0
940GZZLUOXC,940GZZLUWIG,0.0,0.201,2.24,34.489,55.72,68.23,35.221,0.0
940GZZLUOXC,940GZZLUERB,0.0,0.221,10.1,122.26,90.11,75.593,36.143,0.0
940GZZLUOXC,940GZZLUPCO,0.0,3.277,31.715,270.822,239.855,198.064,78.547,0.0
940GZZLUOXC,940GZZLUVXL,0.0,11.085,106.593,932.232,1835.468,1259.382,436.348,0.0
940GZZLUOXC,940GZZLUBXN,0.0,15.229,88.972,716.223,1513.252,1329.734,523.31,0.0
940GZZLUOXC,940GZZLUSWK,0.0,0.24,9.263,81.576,70.844,36.97,13.231,0.0
940GZZLUOXC,940GZZLUBMY,0.0,0.79,3.853,29.247,37.292,38.018,15.936,0.001
940GZZLUOXC,940GZZLUCWR,0.0,1.02,6.707,99.799,84.626,161.174,59.414,0.001
940GZZLUPAC,940GZZLUBBN,0.148,34.855,529.743,324.723,106.995,43.495,11.496,0.0
940GZZLUPAC,940GZZLUALD,0.282,12.168,272.726,162.57,84.102,24.792,6.681,0.0
940GZZLUPAC,940GZZLUADE,0.0,10.033,156.296,157.964,85.655,38.151,11.658,0.0
940GZZLUPAC,940GZZLUAGL,0.0,2.833,87.511,116.204,88.963,30.486,5.094,0.0
940GZZLUPAC,940GZZLUBST,0.001,23.644,413.827,553.353,217.963,71.306,17.952,0.0
940GZZLUPAC,940GZZLUBNK,0.125,35.082,493.332,423.788,239.525,61.325,17.287,0.0
940GZZLUPAC,940GZZLUBSC,0.0,0.393,17.048,32.279,16.817,7.883,2.486,0.0
940GZZLUPAC,940GZZLUBWT,0.0,16.672,74.931,156.885,77.336,58.314,23.095,0.0
940GZZLUPAC,940GZZLUBLG,0.0,2.626,20.742,41.043,43.981,23.521,8.979,0.0
940GZZLUPAC,940GZZLUBKF,0.006,11.569,187.67,148.223,63.815998,18.0,2.068,0.0
940GZZLUPAC,940GZZLUBND,0.0,8.457,100.118,159.433,65.626,15.733,1.181,0.0
940GZZLUPAC,940GZZLUBOR,0.0,1.24,26.898,32.289,15.954,8.283,1.83,0.0
940GZZLUPAC,940GZZLUCAR,0.0,2.4,16.882,19.994,25.429,13.778,5.348,0.0
940GZZLUPAC,940GZZLUCTN,0.0,2.775,48.481,111.635,33.15,15.111,3.695,0.0
940GZZLUPAC,940GZZLUCST,0.0,3.123,102.125,72.61,40.086,19.006,2.892,0.0
940GZZLUPAC,940GZZLUCHL,0.0,6.047,128.374,132.851,30.376,5.4,1.712,0.0
940GZZLUPAC,940GZZLUEMB,0.006,15.476,321.795,277.3,156.649,34.511,7.837,0.0
940GZZLUPAC,940GZZLUCGN,0.0,1.581,56.665,170.243,91.885,25.068,1.581,0.0
940GZZLUPAC,940GZZLUECT,0.0,9.013,117.282,174.575,130.018,62.6,20.801,0.0
940GZZLUPAC,940GZZLUERC,0.0,0.967,33.363,56.654,39.785,12.472,4.483,0.0
940GZZLUPAC,940GZZLUEAC,0.0,19.377,266.868,263.915,295.165,127.752,47.77,0.0
940GZZLUPAC,940GZZLUEUS,0.0,9.19,58.724,78.047,62.423,18.056,6.224,0.0
940GZZLUPAC,940GZZLUESQ,0.004,51.345,751.513,874.363,496.12,134.126,30.092,0.0
940GZZLUPAC,940GZZLUFCN,0.425,93.697,1261.486,812.301,374.955,110.157,24.6,0.0
940GZZLUPAC,940GZZLUFYR,0.0,3.283,32.425,55.471,64.847,30.965,7.418,0.0
940GZZLUPAC,940GZZLUFPK,0.0,4.338,38.457,107.038,172.716,83.215,24.365,0.0
940GZZLUPAC,940GZZLUFBY,0.0,5.047,150.186,122.017,109.676,44.727,11.463,0.0
940GZZLUPAC,940GZZLUGTR,0.0,6.677,113.565,179.134,99.449,46.66,15.584,0.0
940GZZLUPAC,940GZZLUGDG,0.0,0.0,6.244,10.971,3.665,0.892,0.0,0.0
940GZZLUPAC,940GZZLUGPS,0.002,20.767,388.328,242.888,72.175,33.923,8.948,0.0
940GZZLUPAC,940GZZLUGPK,0.0,15.243,191.384,238.838,73.233,17.484,2.491,0.0
940GZZLUPAC,940GZZLUHSD,0.0,1.112,16.896,22.814,11.783,7.289,1.785,0.0
940GZZLUPAC,940GZZLUHAI,0.0,9.9,130.51,151.143,252.355,125.914,28.871,0.0
940GZZLUPAC,940GZZLUHSK,0.0,13.634,255.673,401.558,186.294,66.321,16.351,0.0
940GZZLUPAC,940GZZLUHBN,0.0,7.761,192.295,218.739,77.816,16.793,4.215,0.0
940GZZLUPAC,940GZZLUHPK,0.0,0.365,10.818,11.801,4.925,2.318,0.615,0.0
940GZZLUPAC,940GZZLUHWY,0.0,3.698,22.642,33.388,31.544,14.719,4.499,0.0
940GZZLUPAC,940GZZLUHPC,0.0,0.696,20.213,24.512,6.115,1.244,0.69,0.0
940GZZLUPAC,940GZZLUKNG,0.0,2.185,19.442,17.291,26.695,13.574,6.985,0.0
940GZZLUPAC,940GZZLUKOY,0.0,0.0,0.0,0.0,0.0,0.122999996,0.0,0.0
940GZZLUPAC,940GZZLUKSH,0.0,2.37,16.975,25.253,24.391,10.687,2.4720001,0.0
940GZZLUPAC,940GZZLUKBN,0.0,0.785,9.761,24.329,28.615,16.5,5.272,0.0
940GZZLUPAC,940GZZLUKSX,0.063,191.055,1146.486,1597.092,1186.919,326.63,79.224,0.0
940GZZLUPAC,940GZZLUKNB,0.0,2.598,44.041,97.107,31.241,7.578,0.253,0.0
940GZZLUPAC,940GZZLULBN,0.0,13.341,114.448,114.537,70.722,31.108,8.68,0.0
940GZZLUPAC,940GZZLULGT,0.0,0.355,3.17,6.495,4.353,1.053,0.679,0.0
940GZZLUPAC,940GZZLULSQ,0.0,0.253,23.17,75.434,37.68,11.767,3.422,0.0
940GZZLUPAC,940GZZLULVT,0.486,113.316,937.48303,999.296,983.109,285.844,64.591,0.0
940GZZLUPAC,940GZZLULNB,0.0,46.697,546.233,603.384,488.636,182.185,52.668,0.0
940GZZLUPAC,940GZZLUMSH,0.0,9.472,129.641,63.858,15.216,5.283,2.12,0.0
940GZZLUPAC,940GZZLUMBA,0.0,0.628,21.343,50.807,14.813,5.967,0.842,0.0
940GZZLUPAC,940GZZLUMYB,0.0,15.666,219.646,287.874,320.84,108.214,33.043,0.0
940GZZLUPAC,940GZZLUMED,0.0,2.454,18.229,51.147,43.841,27.682,13.417,0.0
940GZZLUPAC,940GZZLUMGT,0.44599998,73.446,861.272,474.43,130.53,45.097,12.605,0.0
940GZZLUPAC,940GZZLUMTC,0.0,0.188,5.9830003,4.596,1.895,0.557,0.12900001,0.0
940GZZLUPAC,940GZZLUNHG,0.0,2.776,111.036,201.26399,76.228,41.244,9.936,0.0
940GZZLUPAC,940GZZLUODS,0.0,5.8650002,158.032,184.053,82.29,33.329,10.0,0.0
940GZZLUPAC,940GZZLUOVL,0.0,0.222,32.305,19.943,31.901,14.738,3.466,0.0
940GZZLUPAC,940GZZLUOXC,0.0,61.52,899.208,1305.863,577.592,125.838,16.637001,0.0
940GZZLUPAC,940GZZLUPCC,0.0,43.528,759.626,1107.182,601.891,201.524,34.117,0.0
940GZZLUPAC,940GZZLUQWY,0.0,0.637,1.43,7.623,2.795,1.1340001,0.518,0.0
940GZZLUPAC,940GZZLURGP,0.0,11.934,253.487,173.857,56.932,18.897,4.011,0.0
940GZZLUPAC,940GZZLURYO,0.0,3.012,36.113,40.347,29.934,17.131,5.301,0.0
940GZZLUPAC,940GZZLURSQ,0.0,2.889,49.747,87.583,36.749,13.749,3.329,0.0
940GZZLUPAC,940GZZLUSJP,0.0,22.151,409.049,320.982,54.862,14.623,3.72,0.0
940GZZLUPAC,940GZZLUSJW,0.0,1.873,51.776,49.686,21.105,11.639,2.744,0.0
940GZZLUPAC,940GZZLUSPU,0.0,7.382,201.927,136.306,31.248,5.623,1.196,0.0
940GZZLUPAC,940GZZLUSBC,0.0,0.87,14.505,48.098,32.671,13.055,3.806,0.0
940GZZLUPAC,940GZZLUSSQ,0.0,19.507,172.762,242.8,115.069,47.224,9.457,0.0
940GZZLUPAC,940GZZLUSKS,0.0,8.646,217.652,435.963,150.469,59.239,8.587,0.0
940GZZLUPAC,940GZZLUSKW,0.0,3.711,24.042,35.148,71.148,33.82,14.823999,0.0
940GZZLUPAC,940GZZLUCHX,0.0,39.71,568.397,720.265,725.276,186.202,34.856,0.0
940GZZLUPAC,940GZZLUSWC,0.0,3.128,64.828,64.07,54.638,30.595,8.765,0.0
940GZZLUPAC,940GZZLUTMP,0.0,1.61,107.89,105.517,27.63,7.182,1.052,0.0
940GZZLUPAC,940GZZLUTCR,0.0,0.902,103.621,193.962,76.594,19.115,5.8059998,0.0
940GZZLUPAC,940GZZLUTWH,0.129,16.388,371.662,397.925,211.394,58.889,11.097,0.0
940GZZLUPAC,940GZZLUVIC,0.0,58.935,625.337,635.996,938.557,282.819,62.381,0.0
940GZZLUPAC,940GZZLUWRR,0.0,2.819,18.654,23.359,9.386,3.336,0.393,0.0
940GZZLUPAC,940GZZLUWKA,0.0,1.715,40.114,91.069,56.219,36.586,12.771,0.0
940GZZLUPAC,940GZZLUWLO,0.0,94.802,581.893,598.755,850.652,220.237,56.908,0.0
940GZZLUPAC,940GZZLUWBN,0.0,34.345,220.052,148.512,167.117,78.557,15.702,0.0
940GZZLUPAC,940GZZLUWHP,0.0,4.168,42.97,53.563,94.005,43.278,9.948,0.0
940GZZLUPAC,940GZZLUWKN,0.0,0.278,15.526999,31.264,35.052,17.907,3.946,0.0
940GZZLUPAC,940GZZLUWSM,0.0,13.332,458.674,401.322,70.739,18.856,2.611,0.0
940GZZLUPAC,940GZZLUWPL,0.0,15.242,89.571,117.008,86.338,59.537,16.271,0.0
940GZZLUPAC,940GZZLUWIG,0.0,1.039,11.412,34.711,50.388,22.722,9.57,0.0
940GZZLUPAC,940GZZLUERB,0.0,0.297,22.682,47.593,21.557,9.536,4.151,0.0
940GZZLUPAC,940GZZLUPCO,0.0,3.946,103.044,94.739,45.672,26.489,7.031,0.0
940GZZLUPAC,940GZZLUVXL,0.0,46.144,305.838,123.012,164.382,70.566,21.357,0.0
940GZZLUPAC,940GZZLUBXN,0.0,6.311,77.267,130.012,267.436,149.35,42.557,0.0
940GZZLUPAC,940GZZLUSWK,0.0,12.514999,323.943,222.212,115.279,36.314,8.875,0.0
940GZZLUPAC,940GZZLUBMY,0.0,3.264,31.38,45.977,60.077,27.386,12.693,0.0
940GZZLUPAC,940GZZLUCWR,0.0,10.839,104.291,177.401,208.899,146.314,35.509,0.0
940GZZLUPCC,940GZZLUBBN,0.0,0.0,2.558,37.156,27.379,15.255,9.151,0.0
940GZZLUPCC,940GZZLUALD,0.0,0.014,1.35,20.319,20.238,13.823,11.823999,0.0
940GZZLUPCC,940GZZLUADE,0.0,0.259,6.053,66.373,92.685,91.399,54.511,0.0
940GZZLUPCC,940GZZLUAGL,0.0,0.749,6.015,55.06,74.285,48.479,21.827,0.0
940GZZLUPCC,940GZZLUBST,0.0,0.666,18.444,241.36,181.9,133.924,91.87,0.0
940GZZLUPCC,940GZZLUBNK,0.0,4.863,40.388,318.578,232.31,103.163,59.1,0.0
940GZZLUPCC,940GZZLUBSC,0.0,0.012,9.655,66.399,142.863,131.908,91.282,0.007
940GZZLUPCC,940GZZLUBWT,0.0,0.0,0.404,21.924,33.835,50.074,37.712,0.0
940GZZLUPCC,940GZZLUBLG,0.0,0.31,1.489,31.448,64.663,66.645996,52.383,0.0
940GZZLUPCC,940GZZLUBKF,0.0,0.437,8.953,95.181,65.163,27.444,16.91,0.0
940GZZLUPCC,940GZZLUBND,0.0,0.0,1.946,57.363,30.229,17.926,6.53,0.0
940GZZLUPCC,940GZZLUBOR,0.0,0.82,1.767,28.745,25.116,27.272,15.374001,0.0
940GZZLUPCC,940GZZLUCAR,0.0,0.432,4.882,45.304,88.078,80.629,53.647,0.0
940GZZLUPCC,940GZZLUCTN,0.0,0.0,3.287,54.496,37.575,19.842,11.146,0.0
940GZZLUPCC,940GZZLUCST,0.0,0.064,8.668,33.432,30.719,12.361,6.096,0.0
940GZZLUPCC,940GZZLUCHL,0.0,0.16,9.461,81.499,28.957,12.321,5.57,0.0
940GZZLUPCC,940GZZLUEMB,0.0,0.15799999,7.548,87.726,81.446,48.478,21.2,0.0
940GZZLUPCC,940GZZLUCGN,0.0,0.304,10.328,212.956,160.272,73.532,13.618,0.0
940GZZLUPCC,940GZZLUECT,0.0,0.774,11.439,235.537,353.529,408.915,298.995,0.016
940GZZLUPCC,940GZZLUERC,0.0,0.0,0.24,1.672,1.0270001,1.549,1.954,0.0
940GZZLUPCC,940GZZLUEAC,0.0,11.632,39.886,269.74,466.948,384.8,238.607,0.0
940GZZLUPCC,940GZZLUEUS,0.0,0.662,5.0,74.37,134.723,78.983,35.249,0.0
940GZZLUPCC,940GZZLUESQ,0.0,0.0,0.0,3.364,4.001,1.801,1.801,0.0
940GZZLUPCC,940GZZLUFCN,0.0,0.153,4.263,52.376,27.094,12.058,7.035,0.0
940GZZLUPCC,940GZZLUFYR,0.0,0.514,2.986,31.152,47.022,52.423,39.525,0.0
940GZZLUPCC,940GZZLUFPK,0.0,0.825,6.889,99.849,228.38,164.806,140.532,0.0
940GZZLUPCC,940GZZLUFBY,0.0,0.18100001,5.316,52.832,91.464,70.012,43.099,0.0
940GZZLUPCC,940GZZLUGTR,0.0,0.531,9.872,177.753,232.552,250.688,189.209,0.003
940GZZLUPCC,940GZZLUGDG,0.0,0.801,1.011,14.614,8.204,4.383,2.558,0.0
940GZZLUPCC,940GZZLUGPS,0.0,0.0,0.154,3.449,1.963,1.541,4.897,0.0
940GZZLUPCC,940GZZLUGPK,0.0,0.99799997,8.736,104.25,44.821,24.268,15.727,0.001
940GZZLUPCC,940GZZLUHSD,0.0,3.106,30.778,239.756,389.76,314.949,203.465,0.014
940GZZLUPCC,940GZZLUHAI,0.0,0.199,7.683,61.258,162.128,132.834,102.185,0.0
940GZZLUPCC,940GZZLUHSK,0.0,0.177,2.669,59.622,47.901,35.179,41.924,0.0
940GZZLUPCC,940GZZLUHBN,0.0,0.276,27.023,246.068,136.371,57.671,40.725998,0.0
940GZZLUPCC,940GZZLUHPK,0.0,0.0,0.527,12.044,14.055,14.912,9.121,0.0
940GZZLUPCC,940GZZLUHWY,0.0,0.095,3.39,56.229,108.696,95.226,55.74,0.0
940GZZLUPCC,940GZZLUHPC,0.0,0.387,8.198,91.249,57.431,27.733,20.195,0.001
940GZZLUPCC,940GZZLUKNG,0.0,0.154,1.101,11.864,21.943,16.642,12.535,0.0
940GZZLUPCC,940GZZLUKOY,0.0,0.0,0.0,0.0,0.0,0.514,0.0,0.0
940GZZLUPCC,940GZZLUKSH,0.0,0.0,1.753,9.246,13.966,13.462,10.018,0.0
940GZZLUPCC,940GZZLUKBN,0.0,1.938,2.1,24.624,61.445,66.637,60.736,0.0
940GZZLUPCC,940GZZLUKSX,0.004,8.342999,50.542,660.303,1031.472,555.453,386.495,0.079
940GZZLUPCC,940GZZLUKNB,0.0,1.506,24.574,421.21,279.593,116.61,47.938,0.001
940GZZLUPCC,940GZZLULBN,0.0,0.41,5.955,95.255,93.83,88.945,71.971,0.0
940GZZLUPCC,940GZZLULGT,0.0,0.009000001,0.536,19.61,21.64,30.561,25.049,0.0
940GZZLUPCC,940GZZLULSQ,0.0,0.284,2.573,41.556,28.526001,17.091,6.731,0.0
940GZZLUPCC,940GZZLULVT,0.0,0.863,34.202,320.487,410.549,196.204,123.08,0.0
940GZZLUPCC,940GZZLULNB,0.0,0.352,16.318,210.219,204.386,144.379,78.18,0.0
940GZZLUPCC,940GZZLUMSH,0.0,0.297,6.621,47.248,18.409,7.981,4.467,0.0
940GZZLUPCC,940GZZLUMBA,0.0,0.0,2.731,43.567,29.108,19.924,22.834,0.0
940GZZLUPCC,940GZZLUMYB,0.0,1.338,22.935,258.264,522.44,289.417,219.339,0.0
940GZZLUPCC,940GZZLUMED,0.0,0.0,1.729,21.116,46.518,50.649002,42.115,0.0
940GZZLUPCC,940GZZLUMGT,0.0,0.49,5.136,45.15,18.849,8.067,6.132,0.0
940GZZLUPCC,940GZZLUMTC,0.0,0.0,0.565,5.505,7.3320003,4.647,2.49,0.0
940GZZLUPCC,940GZZLUNHG,0.0,0.234,4.053,45.178,45.398,36.032,25.906,0.0
940GZZLUPCC,940GZZLUODS,0.0,0.209,12.12,118.886,128.758,105.48,60.234,0.0
940GZZLUPCC,940GZZLUOVL,0.0,0.068,1.161,15.719,24.527,23.647,12.532,0.0
940GZZLUPCC,940GZZLUOXC,0.0,0.546,9.496,255.405,152.129,52.461,17.469,0.0
940GZZLUPCC,940GZZLUPAC,0.0,5.315,55.129,662.419,1151.907,842.696,561.546,0.0
940GZZLUPCC,940GZZLUQWY,0.0,0.238,2.204,49.197998,58.578,80.263,65.441,0.0
940GZZLUPCC,940GZZLURGP,0.0,0.038,8.502,80.821,46.389,34.067,22.971,0.0
940GZZLUPCC,940GZZLURYO,0.0,0.0,0.25800002,7.778,10.297,13.949,7.261,0.0
940GZZLUPCC,940GZZLURSQ,0.0,0.522,11.751,206.505,185.831,171.512,155.74,0.0
940GZZLUPCC,940GZZLUSJP,0.0,0.0,1.75,28.997,12.225,13.958,13.4279995,0.0
940GZZLUPCC,940GZZLUSJW,0.0,0.986,8.578,33.114,35.028,31.808,26.156,0.0
940GZZLUPCC,940GZZLUSPU,0.0,0.189,19.41,147.444,51.246,14.917,11.215,0.0
940GZZLUPCC,940GZZLUSBC,0.0,0.599,3.2150002,53.226,76.297,52.061,32.84,0.0
940GZZLUPCC,940GZZLUSSQ,0.0,0.428,4.345,51.712,31.013,14.525,10.93,0.0
940GZZLUPCC,940GZZLUSKS,0.0,0.81,31.127,436.136,308.532,215.667,138.289,0.003
940GZZLUPCC,940GZZLUSKW,0.0,0.438,1.636,12.562,23.777,25.414999,25.164,0.0
940GZZLUPCC,940GZZLUCHX,0.0,0.296,10.201,104.452,160.289,105.042,48.581,0.0
940GZZLUPCC,940GZZLUSWC,0.0,0.181,2.053,27.246,47.356,53.582,48.395,0.0
940GZZLUPCC,940GZZLUTMP,0.0,0.0,1.1110001,18.806,8.934,4.516,2.717,0.0
940GZZLUPCC,940GZZLUTCR,0.0,0.0,1.292,43.365,28.113,15.756,5.262,0.0
940GZZLUPCC,940GZZLUTWH,0.0,0.13100001,15.19,165.154,229.123,119.201004,73.256,0.0
940GZZLUPCC,940GZZLUVIC,0.0,3.94,24.892,435.094,649.71,513.738,371.334,0.0
940GZZLUPCC,940GZZLUWRR,0.0,0.0,1.892,29.743,13.582,9.517,7.3320003,0.0
940GZZLUPCC,940GZZLUWKA,0.0,0.449,3.248,62.377,83.433,104.213,65.483,0.0
940GZZLUPCC,940GZZLUWLO,0.0,7.059,48.086,771.327,2218.291,1130.614,636.549,0.0
940GZZLUPCC,940GZZLUWBN,0.0,0.175,2.539,17.753,26.125,34.086,28.346,0.0
940GZZLUPCC,940GZZLUWHP,0.0,1.774,2.642,26.134,70.241,63.954,47.677002,0.0
940GZZLUPCC,940GZZLUWKN,0.0,0.442,1.732,13.879,24.406,31.209,27.37,0.0
940GZZLUPCC,940GZZLUWSM,0.0,0.0,2.919,50.571,24.307,16.316,8.465,0.0
940GZZLUPCC,940GZZLUWPL,0.0,0.074,0.665,16.878,31.922,36.413002,22.327,0.0
940GZZLUPCC,940GZZLUWIG,0.0,1.243,2.94,26.947,69.144,88.189,66.994,0.0
940GZZLUPCC,940GZZLUERB,0.0,0.617,9.446,101.453,109.634,113.027,86.79,0.0
940GZZLUPCC,940GZZLUPCO,0.0,0.40600002,1.124,34.747,35.32,54.636,43.99,0.0
940GZZLUPCC,940GZZLUVXL,0.0,1.546,4.439,51.873,71.165,95.67,67.134,0.0
940GZZLUPCC,940GZZLUBXN,0.0,1.305,10.01,57.927,100.027,108.708,108.163,0.013
940GZZLUPCC,940GZZLUSWK,0.0,0.111,5.921,63.86,48.953,47.871002,37.068,0.0
940GZZLUPCC,940GZZLUBMY,0.0,0.501,0.908,21.359,33.925,34.383,30.367,0.001
940GZZLUPCC,940GZZLUCWR,0.0,0.254,3.381,55.873,108.522,129.117,105.981,0.001
940GZZLUQWY,940GZZLUBBN,0.0,0.0,0.789,1.658,0.94,0.135,0.134,0.0
940GZZLUQWY,940GZZLUALD,0.0,0.345,10.227,5.716,7.019,1.525,0.486,0.0
940GZZLUQWY,940GZZLUADE,0.0,0.181,6.442,4.562,2.177,0.999,0.947,0.0
940GZZLUQWY,940GZZLUAGL,0.0,0.403,6.453,11.722,6.612,4.132,1.673,0.0
940GZZLUQWY,940GZZLUBST,0.0,0.454,17.0,31.126,7.192,3.816,2.112,0.0
940GZZLUQWY,940GZZLUBNK,0.0,29.759,276.358,171.375,93.079,39.052,16.433,0.0
940GZZLUQWY,940GZZLUBLG,0.0,2.568,10.049,23.588,24.139,15.299,7.567,0.0
940GZZLUQWY,940GZZLUBKF,0.0,0.0,1.177,1.879,0.044,0.0,0.18800001,0.0
940GZZLUQWY,940GZZLUBND,0.0,2.695,119.468,222.16,90.378,33.107,4.407,0.0
940GZZLUQWY,940GZZLUBOR,0.0,0.0,4.551,4.039,1.277,1.291,0.823,0.0
940GZZLUQWY,940GZZLUCAR,0.0,0.0,1.464,2.927,5.31,1.773,2.218,0.0
940GZZLUQWY,940GZZLUCTN,0.0,0.0,25.436,78.686,13.859,5.156,0.93,0.0
940GZZLUQWY,940GZZLUCHL,0.0,6.83,157.837,84.032,26.953,10.526,3.948,0.0
940GZZLUQWY,940GZZLUEMB,0.0,0.581,4.643,7.5290003,6.476,1.716,1.357,0.0
940GZZLUQWY,940GZZLUCGN,0.0,0.194,9.021,40.506,23.429,7.744,1.852,0.0
940GZZLUQWY,940GZZLUECT,0.0,0.0,1.143,3.184,1.718,1.3429999,0.32500002,0.0
940GZZLUQWY,940GZZLUERC,0.0,0.0,0.867,1.143,0.452,0.282,0.466,0.0
940GZZLUQWY,940GZZLUEAC,0.0,0.095,10.3,15.457,12.984,8.888,9.146,0.0
940GZZLUQWY,940GZZLUEUS,0.0,4.093,33.001,48.586,23.718,12.019,2.791,0.0
940GZZLUQWY,940GZZLUFCN,0.0,0.001,1.085,1.205,0.811,0.547,0.078,0.0
940GZZLUQWY,940GZZLUFYR,0.0,0.087000005,2.281,7.421,4.419,3.154,1.82,0.0
940GZZLUQWY,940GZZLUFPK,0.0,0.865,6.033,21.582,19.008,8.632,10.75,0.0
940GZZLUQWY,940GZZLUFBY,0.0,0.0,1.082,1.2870001,0.48,0.336,0.477,0.0
940GZZLUQWY,940GZZLUGTR,0.0,0.0,1.01,4.079,2.522,1.046,0.82,0.0
940GZZLUQWY,940GZZLUGDG,0.0,0.13,3.677,9.952,3.357,1.115,0.208,0.0
940GZZLUQWY,940GZZLUGPK,0.0,3.085,43.284,68.383,17.005,6.8780003,0.654,0.0
940GZZLUQWY,940GZZLUHSD,0.0,0.0,0.727,1.346,1.825,0.76,0.003,0.0
940GZZLUQWY,940GZZLUHAI,0.0,0.149,18.843,20.565,20.078001,14.972,10.427,0.0
940GZZLUQWY,940GZZLUHSK,0.0,0.0,0.639,4.58,2.488,1.126,0.14,0.0
940GZZLUQWY,940GZZLUHBN,0.0,4.525,179.798,204.858,84.282,23.971,7.461,0.0
940GZZLUQWY,940GZZLUHPK,0.0,0.034,5.801,13.496,6.306,5.506,0.876,0.0
940GZZLUQWY,940GZZLUHWY,0.0,0.0,2.975,8.147,6.09,2.9950001,2.95,0.0
940GZZLUQWY,940GZZLUHPC,0.0,0.0,0.876,1.797,0.256,0.25800002,0.0,0.0
940GZZLUQWY,940GZZLUKNG,0.0,0.973,0.651,3.448,5.02,3.724,2.392,0.0
940GZZLUQWY,940GZZLUKOY,0.0,0.0,0.0,0.0,0.0,0.025,0.0,0.0
940GZZLUQWY,940GZZLUKSH,0.0,0.061,5.656,6.37,3.8470001,2.573,1.576,0.0
940GZZLUQWY,940GZZLUKBN,0.0,0.091,0.76,4.838,7.571,6.047,3.593,0.0
940GZZLUQWY,940GZZLUKSX,0.0,6.939,50.374,82.415,42.233,17.688,6.053,0.0
940GZZLUQWY,940GZZLUKNB,0.0,0.0,2.303,15.846,5.177,1.379,0.124000005,0.0
940GZZLUQWY,940GZZLULBN,0.0,0.188,4.07,7.584,2.272,1.293,0.157,0.0
940GZZLUQWY,940GZZLULGT,0.0,0.501,3.198,13.239,8.886,8.764,2.035,0.0
940GZZLUQWY,940GZZLULSQ,0.0,0.514,9.081,33.681,29.687,16.592,3.283,0.0
940GZZLUQWY,940GZZLULVT,0.0,26.504,283.366,228.38,151.674,58.053,21.511,0.0
940GZZLUQWY,940GZZLULNB,0.0,3.368,68.72,94.929,73.268,29.571,23.034,0.0
940GZZLUQWY,940GZZLUMBA,0.0,2.344,80.275,147.149,66.954,33.089,6.203,0.0
940GZZLUQWY,940GZZLUMYB,0.0,0.467,5.783,9.834,3.789,1.849,0.468,0.0
940GZZLUQWY,940GZZLUMED,0.0,1.693,9.515,20.775,12.256,8.443,6.455,0.0
940GZZLUQWY,940GZZLUMGT,0.0,0.182,1.596,3.028,1.09,0.285,0.0,0.0
940GZZLUQWY,940GZZLUMTC,0.0,0.0,3.024,2.556,1.737,1.039,2.26,0.0
940GZZLUQWY,940GZZLUNHG,0.0,0.056,14.832,42.025,15.354,8.182,1.605,0.0
940GZZLUQWY,940GZZLUODS,0.0,0.538,19.643,14.675,7.818,5.031,2.634,0.0
940GZZLUQWY,940GZZLUOVL,0.0,0.0,1.9,1.994,3.93,2.782,1.024,0.0
940GZZLUQWY,940GZZLUOXC,0.0,9.721,169.213,354.939,176.261,82.143,16.708,0.0
940GZZLUQWY,940GZZLUPAC,0.0,0.0,2.782,5.28,2.063,2.162,1.153,0.0
940GZZLUQWY,940GZZLUPCC,0.0,1.079,23.614,48.457,46.821,26.306,7.1340003,0.0
940GZZLUQWY,940GZZLURGP,0.0,0.262,4.772,2.326,1.676,0.345,0.412,0.0
940GZZLUQWY,940GZZLURSQ,0.0,0.163,6.024,14.005,6.054,4.1940002,1.941,0.0
940GZZLUQWY,940GZZLUSJP,0.0,0.0,4.371,5.491,0.977,0.014,0.124000005,0.0
940GZZLUQWY,940GZZLUSJW,0.0,0.0,7.5559998,11.764,3.388,2.8569999,1.173,0.0
940GZZLUQWY,940GZZLUSPU,0.0,10.123,209.237,118.484,25.372,6.33,1.695,0.0
940GZZLUQWY,940GZZLUSBC,0.0,2.145,37.493,137.372,93.125,52.654,15.751,0.0
940GZZLUQWY,940GZZLUSSQ,0.0,0.0,2.435,3.322,1.271,0.342,0.469,0.0
940GZZLUQWY,940GZZLUSKS,0.0,0.06,1.311,10.935,2.8339999,1.503,0.01,0.0
940GZZLUQWY,940GZZLUSKW,0.0,0.0,0.68700004,4.341,11.195,4.087,2.39,0.0
940GZZLUQWY,940GZZLUCHX,0.0,0.413,21.736,46.696,36.666,11.103,6.667,0.0
940GZZLUQWY,940GZZLUSWC,0.0,0.29,5.774,8.966,6.432,3.7910001,2.271,0.0
940GZZLUQWY,940GZZLUTCR,0.0,3.766,176.025,364.207,185.381,85.127,28.152,0.0
940GZZLUQWY,940GZZLUTWH,0.0,0.433,13.9539995,16.635,7.644,1.487,0.16,0.0
940GZZLUQWY,940GZZLUVIC,0.0,8.065001,46.305,56.83,58.518,20.755,11.985,0.0
940GZZLUQWY,940GZZLUWRR,0.0,0.174,13.321,14.176,5.402,2.915,1.71,0.0
940GZZLUQWY,940GZZLUWKA,0.0,0.0,0.0,0.919,0.21800001,0.511,0.282,0.0
940GZZLUQWY,940GZZLUWLO,0.0,10.071,33.716,48.958,37.678,18.226,8.059,0.0
940GZZLUQWY,940GZZLUWBN,0.0,0.022,0.573,1.58,0.77599996,0.393,0.244,0.0
940GZZLUQWY,940GZZLUWHP,0.0,1.202,1.677,6.388,4.735,4.112,2.088,0.0
940GZZLUQWY,940GZZLUWSM,0.0,0.505,28.667,39.619,9.004,2.511,0.126,0.0
940GZZLUQWY,940GZZLUWPL,0.0,0.0,2.219,4.025,2.116,1.327,0.797,0.0
940GZZLUQWY,940GZZLUWIG,0.0,0.056,0.56,5.263,8.575,5.383,4.136,0.0
940GZZLUQWY,940GZZLUPCO,0.0,0.071,7.726,12.773,5.457,3.078,1.443,0.0
940GZZLUQWY,940GZZLUVXL,0.0,2.681,15.307,14.251,14.737,8.512,5.473,0.0
940GZZLUQWY,940GZZLUBXN,0.0,0.283,6.612,22.467,28.441,18.186,13.849,0.0
940GZZLUQWY,940GZZLUSWK,0.0,1.301,32.313,18.494,14.273,3.242,1.591,0.0
940GZZLUQWY,940GZZLUBMY,0.0,0.0,2.838,5.078,8.190001,4.772,4.7400002,0.0
940GZZLUQWY,940GZZLUCWR,0.0,0.212,12.456,18.784,20.546,16.423,12.829,0.0
940GZZLURGP,940GZZLUBBN,0.0,0.0,0.249,1.156,0.662,0.117,0.005,0.0
940GZZLURGP,940GZZLUADE,0.0,0.0,0.269,0.808,2.26,0.309,0.0,0.0
940GZZLURGP,940GZZLUAGL,0.0,0.0,0.563,0.503,0.686,0.307,0.002,0.0
940GZZLURGP,940GZZLUBST,0.0,0.0,1.414,7.455,6.644,2.582,0.119,0.0
940GZZLURGP,940GZZLUBNK,0.0,0.421,8.538,29.357,14.58,3.095,0.449,0.0
940GZZLURGP,940GZZLUBSC,0.0,0.0,2.693,3.694,12.249,3.087,0.915,0.0
940GZZLURGP,940GZZLUBWT,0.0,0.0,0.2,0.87,1.2459999,0.469,0.0,0.0
940GZZLURGP,940GZZLUBLG,0.0,0.0,0.619,3.833,4.937,1.698,0.101,0.0
940GZZLURGP,940GZZLUBKF,0.0,0.027,6.099,8.081,10.82,0.373,0.811,0.0
940GZZLURGP,940GZZLUBND,0.0,0.0,1.169,7.155,3.508,0.82600003,0.105000004,0.0
940GZZLURGP,940GZZLUBOR,0.0,0.0,0.109,4.157,5.389,1.321,0.37100002,0.0
940GZZLURGP,940GZZLUCAR,0.0,0.0,0.0,1.921,0.75,0.307,0.0,0.0
940GZZLURGP,940GZZLUCTN,0.0,0.0,0.0,1.221,1.543,0.579,0.104,0.0
940GZZLURGP,940GZZLUCST,0.0,0.117,2.258,7.279,11.583,4.45,0.356,0.0
940GZZLURGP,940GZZLUCHL,0.0,0.0,3.39,12.103,7.279,1.785,0.234,0.0
940GZZLURGP,940GZZLUEMB,0.0,0.686,11.537,31.852,39.123,8.18,0.72499996,0.0
940GZZLURGP,940GZZLUCGN,0.0,0.064,1.71,13.3220005,11.148,1.877,0.188,0.0
940GZZLURGP,940GZZLUECT,0.0,0.063,1.738,9.555,12.314,4.31,0.864,0.0
940GZZLURGP,940GZZLUEAC,0.0,0.081,15.651,72.143,127.785,48.04,17.074,0.0
940GZZLURGP,940GZZLUEUS,0.0,0.0,0.236,3.566,2.382,0.389,0.174,0.0
940GZZLURGP,940GZZLUFCN,0.0,0.087,0.65000004,3.42,3.839,0.86,0.673,0.0
940GZZLURGP,940GZZLUFYR,0.0,0.0,1.212,3.927,8.579,2.056,0.23900001,0.0
940GZZLURGP,940GZZLUFPK,0.0,0.0,0.66,5.866,12.189,2.198,0.093,0.0
940GZZLURGP,940GZZLUFBY,0.0,0.0,0.241,4.371,4.055,1.273,0.006,0.0
940GZZLURGP,940GZZLUGTR,0.0,0.0,3.881,12.678,13.042,3.365,0.922,0.0
940GZZLURGP,940GZZLUGPK,0.0,0.086,5.489,12.254,7.107,1.733,0.092,0.0
940GZZLURGP,940GZZLUHSD,0.0,0.0,0.909,4.593,10.927,2.134,0.02,0.0
940GZZLURGP,940GZZLUHAI,0.0,0.091,1.497,3.365,9.402,3.963,0.638,0.0
940GZZLURGP,940GZZLUHSK,0.0,0.0,2.076,7.161,3.409,0.718,0.121,0.0
940GZZLURGP,940GZZLUHBN,0.0,0.253,8.774,25.947,7.6080003,1.5040001,0.095,0.0
940GZZLURGP,940GZZLUHPK,0.0,0.47800002,0.411,3.963,2.45,0.037,0.097,0.0
940GZZLURGP,940GZZLUHWY,0.0,0.0,0.0,0.62,2.037,0.805,0.18100001,0.0
940GZZLURGP,940GZZLUHPC,0.0,0.0,0.789,5.814,2.7,0.421,0.006,0.0
940GZZLURGP,940GZZLUKNG,0.0,0.0,1.751,2.371,5.462,1.328,0.009,0.0
940GZZLURGP,940GZZLUKBN,0.0,0.0,0.749,2.749,8.794,2.792,0.326,0.0
940GZZLURGP,940GZZLUKSX,0.0,0.0,0.9,8.963,8.526,1.679,0.75200003,0.0
940GZZLURGP,940GZZLUKNB,0.0,0.289,5.945,23.835,11.54,2.159,0.267,0.0
940GZZLURGP,940GZZLULBN,0.0,0.0,7.147,17.576,23.147,10.08,2.508,0.0
940GZZLURGP,940GZZLULGT,0.0,0.0,0.244,1.059,1.491,0.009,0.1,0.0
940GZZLURGP,940GZZLULSQ,0.0,0.0,0.183,8.053,3.704,1.842,0.383,0.0
940GZZLURGP,940GZZLULVT,0.0,0.0,2.181,11.167,15.071,1.814,0.336,0.0
940GZZLURGP,940GZZLULNB,0.0,0.172,6.08,25.445,30.814,8.631,1.0,0.0
940GZZLURGP,940GZZLUMSH,0.0,0.23,7.051,6.051,2.178,0.447,0.14,0.0
940GZZLURGP,940GZZLUMBA,0.0,0.0,1.695,5.63,2.832,0.48000002,0.11,0.0
940GZZLURGP,940GZZLUMYB,0.0,0.141,7.861,36.025,72.245,16.807,4.06,0.0
940GZZLURGP,940GZZLUMED,0.0,0.0,0.686,3.32,3.6560001,1.374,0.435,0.0
940GZZLURGP,940GZZLUMGT,0.0,0.0,0.796,1.248,1.046,0.138,0.138,0.0
940GZZLURGP,940GZZLUNHG,0.0,0.082,1.047,4.832,4.844,1.694,0.092,0.0
940GZZLURGP,940GZZLUODS,0.0,0.0,0.275,2.171,0.486,0.187,0.187,0.0
940GZZLURGP,940GZZLUOVL,0.0,0.0,0.242,2.8009999,6.872,2.036,0.583,0.0
940GZZLURGP,940GZZLUOXC,0.0,0.166,6.312,83.943,55.06,11.207,2.178,0.0
940GZZLURGP,940GZZLUPAC,0.0,3.145,26.421,108.828,233.208,60.046,5.238,0.0
940GZZLURGP,940GZZLUPCC,0.0,0.214,16.276,109.056,77.368004,25.852,5.75,0.0
940GZZLURGP,940GZZLUQWY,0.0,0.0,0.605,3.459,3.214,1.249,0.591,0.0
940GZZLURGP,940GZZLURSQ,0.0,0.0,0.289,2.818,2.2,0.303,0.12,0.0
940GZZLURGP,940GZZLUSJP,0.0,0.085,4.388,8.342,2.562,0.666,0.711,0.0
940GZZLURGP,940GZZLUSJW,0.0,0.739,3.109,17.819,8.895,3.357,0.897,0.0
940GZZLURGP,940GZZLUSPU,0.0,0.0,5.197,14.198,4.396,0.941,0.004,0.0
940GZZLURGP,940GZZLUSBC,0.0,0.113,0.828,7.159,9.812,2.211,0.238,0.0
940GZZLURGP,940GZZLUSSQ,0.0,0.056,2.264,17.514,9.849,3.587,0.737,0.0
940GZZLURGP,940GZZLUSKS,0.0,0.171,14.7630005,42.391,22.409,4.8,1.117,0.0
940GZZLURGP,940GZZLUSKW,0.0,0.0,0.853,5.845,19.218,5.621,1.184,0.0
940GZZLURGP,940GZZLUCHX,0.0,0.686,25.541,125.891,232.521,52.093,7.772,0.0
940GZZLURGP,940GZZLUSWC,0.0,0.0,3.77,9.169,14.074,3.011,0.969,0.0
940GZZLURGP,940GZZLUTMP,0.0,0.0,7.877,14.069,2.7,0.792,1.046,0.0
940GZZLURGP,940GZZLUTCR,0.0,0.0,1.722,12.885,5.969,2.126,0.004,0.0
940GZZLURGP,940GZZLUTWH,0.0,0.0,2.148,6.8190002,9.431,0.955,0.315,0.0
940GZZLURGP,940GZZLUVIC,0.0,0.572,37.16,121.58,307.33398,64.589,11.715,0.0
940GZZLURGP,940GZZLUWRR,0.0,0.0,0.139,0.568,0.273,0.052,0.002,0.0
940GZZLURGP,940GZZLUWKA,0.0,0.0,9.084,32.214,52.275,21.843,5.105,0.0
940GZZLURGP,940GZZLUWLO,0.0,5.275,34.843,168.899,466.457,103.743,17.666,0.0
940GZZLURGP,940GZZLUWBN,0.0,0.0,0.34,1.405,2.624,0.423,0.331,0.0
940GZZLURGP,940GZZLUWHP,0.0,0.0,1.484,4.592,13.128,2.2549999,0.298,0.0
940GZZLURGP,940GZZLUWKN,0.0,0.0,0.254,0.886,2.261,1.265,0.382,0.0
940GZZLURGP,940GZZLUWSM,0.0,0.097,2.279,7.739,4.012,0.256,0.0,0.0
940GZZLURGP,940GZZLUWPL,0.0,0.0,0.173,0.486,1.086,0.521,0.016,0.0
940GZZLURGP,940GZZLUWIG,0.0,0.073,0.67800003,2.326,7.342,1.799,0.264,0.0
940GZZLURGP,940GZZLUERB,0.0,0.0,2.471,9.446,13.4,3.065,0.856,0.0
940GZZLURGP,940GZZLUPCO,0.0,0.0,2.056,11.365,11.558,3.382,0.8,0.0
940GZZLURGP,940GZZLUVXL,0.0,0.0,11.657001,22.351,82.634,23.509,3.513,0.0
940GZZLURGP,940GZZLUBXN,0.0,0.665,3.502,21.874,57.109,25.652,3.671,0.0
940GZZLURGP,940GZZLUSWK,0.0,0.0,2.955,7.725,5.4,1.046,0.574,0.0
940GZZLURGP,940GZZLUBMY,0.0,0.0,1.304,2.744,7.715,1.347,0.34,0.0
940GZZLURGP,940GZZLUCWR,0.0,0.0,3.645,11.412,20.905,6.447,1.561,0.0
940GZZLURYO,940GZZLUBBN,0.0,3.438,69.097,23.599,13.379,2.717,1.343,0.0
940GZZLURYO,940GZZLUALD,0.001,0.97,22.608,8.034,5.843,2.771,1.325,0.0
940GZZLURYO,940GZZLUADE,0.0,1.134,16.171,9.312,5.231,4.316,1.469,0.0
940GZZLURYO,940GZZLUAGL,0.0,0.966,8.698,9.358,7.1,3.01,1.164,0.0
940GZZLURYO,940GZZLUBST,0.0,2.985,39.385,41.159,18.582,5.8780003,1.969,0.0
940GZZLURYO,940GZZLUBNK,0.001,0.412,8.458,6.116,3.23,1.857,0.02,0.0
940GZZLURYO,940GZZLUBSC,0.0,0.0,1.7080001,1.414,1.551,1.932,0.435,0.0
940GZZLURYO,940GZZLUBWT,0.0,0.0,0.942,0.409,0.698,0.02,0.0,0.0
940GZZLURYO,940GZZLUBLG,0.0,0.0,0.816,1.667,3.678,2.3470001,0.841,0.0
940GZZLURYO,940GZZLUBKF,0.0,0.0,0.989,0.754,0.656,0.16600001,0.0,0.0
940GZZLURYO,940GZZLUBND,0.0,0.0,3.892,5.441,2.434,1.107,0.0,0.0
940GZZLURYO,940GZZLUBOR,0.0,0.0,0.607,1.044,0.313,0.358,0.12900001,0.0
940GZZLURYO,940GZZLUCAR,0.0,1.055,3.529,1.874,3.646,0.94200003,0.22,0.0
940GZZLURYO,940GZZLUCTN,0.0,0.0,2.913,2.731,1.831,0.898,0.569,0.0
940GZZLURYO,940GZZLUCST,0.0,0.242,1.854,1.316,1.916,0.322,0.105000004,0.0
940GZZLURYO,940GZZLUEMB,0.0,0.635,2.3799999,3.0870001,1.417,0.444,0.554,0.0
940GZZLURYO,940GZZLUCGN,0.0,0.674,1.554,4.112,4.215,1.378,0.444,0.0
940GZZLURYO,940GZZLUECT,0.0,0.0,1.689,1.947,1.977,0.658,0.471,0.0
940GZZLURYO,940GZZLUERC,0.0,0.309,18.671,20.796,12.144,3.658,1.464,0.0
940GZZLURYO,940GZZLUEAC,0.0,0.049000002,2.73,3.675,5.356,1.906,1.369,0.0
940GZZLURYO,940GZZLUESQ,0.0,4.725,71.589,60.164,31.313,10.378,3.577,0.0
940GZZLURYO,940GZZLUFCN,0.001,12.078,157.204,46.796,27.198,9.846,3.923,0.0
940GZZLURYO,940GZZLUFYR,0.0,0.282,4.5099998,3.933,3.011,1.245,0.549,0.0
940GZZLURYO,940GZZLUFPK,0.0,0.201,6.325,7.185,11.793,5.808,2.19,0.0
940GZZLURYO,940GZZLUFBY,0.0,0.439,1.082,1.18,0.843,0.41300002,0.0,0.0
940GZZLURYO,940GZZLUGTR,0.0,0.144,1.507,2.05,0.373,0.611,0.111,0.0
940GZZLURYO,940GZZLUGPS,0.0,0.677,51.308,25.712,14.354,4.295,0.91400003,0.0
940GZZLURYO,940GZZLUGPK,0.0,0.0,9.458,8.937,3.881,3.004,0.27199998,0.0
940GZZLURYO,940GZZLUHAI,0.0,0.805,9.501,9.468,11.36,7.383,1.4810001,0.0
940GZZLURYO,940GZZLUHSK,0.0,0.267,1.484,2.81,0.57199997,0.342,0.0,0.0
940GZZLURYO,940GZZLUHBN,0.0,0.761,2.522,3.213,1.717,0.235,0.009,0.0
940GZZLURYO,940GZZLUHWY,0.0,0.0,1.671,2.384,4.414,1.303,0.626,0.0
940GZZLURYO,940GZZLUKNG,0.0,0.0,0.21800001,0.0,0.73,0.71,0.354,0.0
940GZZLURYO,940GZZLUKSH,0.0,0.125,0.688,1.102,0.90500003,0.612,0.372,0.0
940GZZLURYO,940GZZLUKBN,0.0,0.0,0.161,1.24,1.09,1.851,0.925,0.0
940GZZLURYO,940GZZLUKSX,0.0,14.272,100.478,93.676,63.228,18.688,10.664,0.0
940GZZLURYO,940GZZLUKNB,0.0,0.238,1.749,1.466,0.456,0.178,0.0,0.0
940GZZLURYO,940GZZLULBN,0.0,0.0,1.209,0.703,1.596,0.395,0.0,0.0
940GZZLURYO,940GZZLULSQ,0.0,0.0,0.614,2.021,2.021,1.006,0.107,0.0
940GZZLURYO,940GZZLULVT,0.0,19.076,122.371,54.113,61.39,19.688,8.962,0.0
940GZZLURYO,940GZZLULNB,0.0,3.04,16.07,13.748,17.823,6.817,2.343,0.0
940GZZLURYO,940GZZLUMSH,0.0,0.004,1.7870001,0.968,0.32999998,0.56,0.142,0.0
940GZZLURYO,940GZZLUMYB,0.0,0.0,1.061,1.017,1.212,0.402,0.62299997,0.0
940GZZLURYO,940GZZLUMED,0.0,0.164,2.642,5.954,2.758,1.788,1.4020001,0.0
940GZZLURYO,940GZZLUMGT,0.0,7.472,110.224,24.342001,9.085,2.9,1.615,0.0
940GZZLURYO,940GZZLUODS,0.0,0.403,12.52,7.67,6.67,2.829,0.917,0.0
940GZZLURYO,940GZZLUOVL,0.0,0.0,0.823,0.497,0.747,0.178,0.1,0.0
940GZZLURYO,940GZZLUOXC,0.0,0.571,10.213,8.869,7.3650002,0.592,0.436,0.0
940GZZLURYO,940GZZLUPAC,0.0,5.094,33.0,43.154,47.876,21.078,6.159,0.0
940GZZLURYO,940GZZLUPCC,0.0,0.087,11.319,13.018,11.746,2.996,1.058,0.0
940GZZLURYO,940GZZLURSQ,0.0,0.072000004,1.7360001,2.527,1.911,0.121,0.327,0.0
940GZZLURYO,940GZZLUSJP,0.0,0.0,1.2,1.444,0.649,0.011,0.0,0.0
940GZZLURYO,940GZZLUSJW,0.0,0.17300001,4.655,3.172,1.6620001,1.519,0.335,0.0
940GZZLURYO,940GZZLUSSQ,0.0,0.0,2.114,2.7680001,0.994,0.688,0.11,0.0
940GZZLURYO,940GZZLUSKS,0.0,0.0,2.022,5.837,1.74,0.627,0.531,0.0
940GZZLURYO,940GZZLUSKW,0.0,0.0,0.175,0.555,1.0,1.282,0.325,0.0
940GZZLURYO,940GZZLUCHX,0.0,0.349,6.486,5.844,7.61,1.515,1.242,0.0
940GZZLURYO,940GZZLUSWC,0.0,0.0,3.009,2.461,2.45,1.132,0.116000004,0.0
940GZZLURYO,940GZZLUTMP,0.0,0.0,1.0550001,0.874,0.141,0.011,0.0,0.0
940GZZLURYO,940GZZLUTCR,0.0,0.0,2.257,1.5370001,1.308,0.235,0.015999999,0.0
940GZZLURYO,940GZZLUTWH,0.001,0.937,9.515,9.439,7.075,2.359,0.365,0.0
940GZZLURYO,940GZZLUVIC,0.0,0.391,2.2089999,7.79,11.21,4.047,0.47,0.0
940GZZLURYO,940GZZLUWRR,0.0,0.0,0.0,0.163,0.053000003,0.096,0.0,0.0
940GZZLURYO,940GZZLUWLO,0.0,3.522,5.989,7.863,9.361,5.146,1.262,0.0
940GZZLURYO,940GZZLUWBN,0.0,0.466,0.29299998,0.637,2.0740001,0.829,0.082,0.0
940GZZLURYO,940GZZLUWHP,0.0,0.214,0.989,2.159,3.217,2.163,0.857,0.0
940GZZLURYO,940GZZLUWKN,0.0,0.0,0.62,0.938,1.0,0.554,0.144,0.0
940GZZLURYO,940GZZLUWSM,0.0,0.887,8.799,3.746,2.022,0.321,0.017,0.0
940GZZLURYO,940GZZLUWPL,0.0,0.545,12.11,10.805,14.0060005,6.459,2.307,0.0
940GZZLURYO,940GZZLUWIG,0.0,0.212,0.41,2.307,3.507,3.693,1.06,0.0
940GZZLURYO,940GZZLUPCO,0.0,0.25,0.585,2.254,1.121,0.737,0.106,0.0
940GZZLURYO,940GZZLUVXL,0.0,0.135,3.075,1.523,3.18,1.9350001,0.571,0.0
940GZZLURYO,940GZZLUBXN,0.0,0.176,0.451,3.0640001,6.819,2.338,1.526,0.0
940GZZLURYO,940GZZLUSWK,0.0,0.211,13.538,5.232,7.551,1.682,0.609,0.0
940GZZLURYO,940GZZLUBMY,0.0,0.25,1.81,1.107,3.195,1.598,0.257,0.0
940GZZLURYO,940GZZLUCWR,0.0,0.39000002,2.927,5.538,6.008,4.252,2.215,0.0
940GZZLURSQ,940GZZLUBBN,0.0,0.08,5.79,10.602,8.487,5.38,1.679,0.0
940GZZLURSQ,940GZZLUALD,0.0,0.372,11.831,11.804,15.444,5.44,0.382,0.0
940GZZLURSQ,940GZZLUADE,0.0,0.0,2.342,10.3,8.294,4.914,1.5580001,0.0
940GZZLURSQ,940GZZLUAGL,0.0,0.131,5.292,25.297,23.905,8.986,3.776,0.0
940GZZLURSQ,940GZZLUBST,0.0,0.512,16.694,34.084,19.465,6.517,2.911,0.0
940GZZLURSQ,940GZZLUBNK,0.0,3.332,51.487,119.163,110.808,41.726,12.875,0.0
940GZZLURSQ,940GZZLUBSC,0.0,0.21700001,11.0060005,32.327,53.061,34.284,10.51,0.0
940GZZLURSQ,940GZZLUBWT,0.0,0.0,0.372,1.52,1.998,0.852,0.120000005,0.0
940GZZLURSQ,940GZZLUBLG,0.0,0.0,2.06,19.265,23.193,19.299,6.436,0.0
940GZZLURSQ,940GZZLUBKF,0.0,0.293,1.668,2.7450001,2.241,0.38300002,0.0,0.0
940GZZLURSQ,940GZZLUBND,0.0,1.1,13.19,67.475,37.624,9.2960005,2.331,0.0
940GZZLURSQ,940GZZLUBOR,0.0,0.0,2.471,9.119,5.564,4.05,1.374,0.0
940GZZLURSQ,940GZZLUCAR,0.0,0.08,9.547,130.356,165.365,107.804,28.687,0.003
940GZZLURSQ,940GZZLUCTN,0.0,0.095,8.227,43.22,20.024,5.815,1.127,0.0
940GZZLURSQ,940GZZLUCST,0.0,0.0,0.023,0.0,0.0,0.0,0.0,0.0
940GZZLURSQ,940GZZLUCHL,0.0,0.0,4.074,14.417,6.222,1.414,0.357,0.0
940GZZLURSQ,940GZZLUEMB,0.0,0.075,7.54,18.662,7.247,2.808,0.658,0.0
940GZZLURSQ,940GZZLUCGN,0.0,0.6,38.36,246.674,184.692,69.833,6.927,0.0
940GZZLURSQ,940GZZLUECT,0.0,1.327,14.892,77.479004,98.764,52.373,20.802,0.0
940GZZLURSQ,940GZZLUERC,0.0,0.35,0.878,5.472,6.228,1.552,0.587,0.0
940GZZLURSQ,940GZZLUEAC,0.0,0.167,2.559,15.545,14.528,7.013,1.988,0.0
940GZZLURSQ,940GZZLUEUS,0.0,0.0,2.943,12.417,10.476,4.248,1.368,0.0
940GZZLURSQ,940GZZLUESQ,0.0,0.0,0.85,4.601,1.593,1.034,0.022,0.0
940GZZLURSQ,940GZZLUFCN,0.0,1.526,11.638,26.286,34.807,16.912,2.051,0.0
940GZZLURSQ,940GZZLUFYR,0.0,0.499,4.0,6.666,8.808,8.089,2.833,0.0
940GZZLURSQ,940GZZLUFPK,0.0,0.45499998,16.938,124.666,243.18001,160.138,44.25,0.004
940GZZLURSQ,940GZZLUFBY,0.0,0.153,9.973,18.373,25.3,22.071,5.264,0.0
940GZZLURSQ,940GZZLUGTR,0.0,0.15,12.385,74.876,101.835,30.7,7.42,0.0
940GZZLURSQ,940GZZLUGDG,0.0,0.0,0.42000002,3.155,0.888,0.474,0.003,0.0
940GZZLURSQ,940GZZLUGPS,0.0,0.0,1.946,6.967,3.305,0.711,0.47,0.0
940GZZLURSQ,940GZZLUGPK,0.0,4.171,73.021,155.798,65.514,20.692,3.281,0.0
940GZZLURSQ,940GZZLUHSD,0.0,0.634,26.584,79.555,116.605,61.433,14.901,0.0
940GZZLURSQ,940GZZLUHAI,0.0,0.371,10.721,42.391,72.818,46.82,15.152,0.003
940GZZLURSQ,940GZZLUHSK,0.0,0.086,6.706,18.571,10.361,5.948,2.347,0.0
940GZZLURSQ,940GZZLUHBN,0.0,0.368,15.96,66.431,37.56,13.506,3.966,0.0
940GZZLURSQ,940GZZLUHPK,0.0,0.0,2.4,2.986,5.141,2.401,0.93700004,0.0
940GZZLURSQ,940GZZLUHWY,0.0,0.77900004,13.476,215.429,260.501,163.183,35.442,0.016
940GZZLURSQ,940GZZLUHPC,0.0,0.077,22.142,57.505,27.225,8.177,1.855,0.0
940GZZLURSQ,940GZZLUKNG,0.0,0.072,0.954,3.501,5.608,5.398,2.775,0.0
940GZZLURSQ,940GZZLUKOY,0.0,0.0,0.0,0.0,0.0,0.117,0.0,0.0
940GZZLURSQ,940GZZLUKSH,0.0,0.0,1.0320001,11.071,12.2039995,8.364,2.566,0.0
940GZZLURSQ,940GZZLUKBN,0.0,0.19500001,2.569,8.889,13.128,9.375,4.329,0.0
940GZZLURSQ,940GZZLUKSX,0.0,10.433,62.099,352.108,321.128,120.196,30.273,0.017
940GZZLURSQ,940GZZLUKNB,0.0,2.614,35.128,138.068,85.319,24.237,5.053,0.0
940GZZLURSQ,940GZZLULBN,0.0,0.252,2.266,7.852,4.607,2.714,0.542,0.0
940GZZLURSQ,940GZZLULGT,0.0,0.0,3.066,9.573,11.075,6.442,1.602,0.0
940GZZLURSQ,940GZZLULSQ,0.0,1.413,41.384,262.29102,200.952,100.744,20.452,0.0
940GZZLURSQ,940GZZLULVT,0.0,4.582,32.272,95.225,78.049,34.21,8.513,0.0
940GZZLURSQ,940GZZLULNB,0.0,2.114,17.767,83.293,74.91,48.387,11.943,0.0
940GZZLURSQ,940GZZLUMBA,0.0,0.19,16.966,27.657999,13.346,6.03,1.253,0.0
940GZZLURSQ,940GZZLUMYB,0.0,0.251,8.493,22.144001,34.626,12.496,5.257,0.0
940GZZLURSQ,940GZZLUMED,0.0,0.081,4.607,22.752,19.836,13.838,6.512,0.0
940GZZLURSQ,940GZZLUMGT,0.0,0.089,7.913,12.46,7.842,1.765,0.384,0.0
940GZZLURSQ,940GZZLUMTC,0.0,0.0,0.365,2.106,1.097,1.326,0.023,0.0
940GZZLURSQ,940GZZLUNHG,0.0,0.069,13.325,23.682,13.734,5.8980002,1.699,0.0
940GZZLURSQ,940GZZLUODS,0.0,0.121,9.006,41.184002,37.957,23.753,6.612,0.0
940GZZLURSQ,940GZZLUOVL,0.0,0.0,2.024,4.863,5.654,4.227,1.796,0.0
940GZZLURSQ,940GZZLUOXC,0.0,3.313,16.848,102.747,64.082,17.702,1.839,0.0
940GZZLURSQ,940GZZLUPAC,0.0,2.654,23.334,58.9,67.89,28.195,3.962,0.0
940GZZLURSQ,940GZZLUPCC,0.0,3.251,50.177,276.019,225.184,89.162,13.018,0.0
940GZZLURSQ,940GZZLUQWY,0.0,0.331,2.918,12.286,8.539,8.845,2.807,0.0
940GZZLURSQ,940GZZLURGP,0.0,0.074,1.899,5.422,1.594,0.419,0.112,0.0
940GZZLURSQ,940GZZLURYO,0.0,0.697,1.312,1.763,2.065,1.059,0.414,0.0
940GZZLURSQ,940GZZLUSJP,0.0,0.0,4.172,10.255,5.161,1.411,0.544,0.0
940GZZLURSQ,940GZZLUSJW,0.0,0.0,4.629,12.652,8.095,5.232,1.018,0.0
940GZZLURSQ,940GZZLUSPU,0.0,0.388,36.724,46.639,16.535,1.92,1.94,0.0
940GZZLURSQ,940GZZLUSBC,0.0,0.0,4.298,25.889,20.272,16.137,4.622,0.0
940GZZLURSQ,940GZZLUSSQ,0.0,0.0,18.413,29.507,12.869,4.366,0.418,0.0
940GZZLURSQ,940GZZLUSKS,0.0,1.339,86.228,319.938,206.955,71.278,10.671,0.0
940GZZLURSQ,940GZZLUSKW,0.0,0.0,1.11,5.943,10.909,10.003,4.252,0.0
940GZZLURSQ,940GZZLUCHX,0.0,0.984,12.45,30.839,26.741,17.649,7.8190002,0.0
940GZZLURSQ,940GZZLUSWC,0.0,0.0,1.421,7.426,10.246,3.773,1.983,0.0
940GZZLURSQ,940GZZLUTMP,0.0,0.0,0.755,1.195,0.295,0.008,0.154,0.0
940GZZLURSQ,940GZZLUTCR,0.0,0.378,6.318,30.01,19.42,8.287,1.433,0.0
940GZZLURSQ,940GZZLUTWH,0.0,0.0,32.438,33.269,18.174,4.142,0.514,0.0
940GZZLURSQ,940GZZLUVIC,0.0,12.495,81.098,236.832,278.518,124.099,31.807001,0.0
940GZZLURSQ,940GZZLUWRR,0.0,0.0,0.827,9.179,2.866,1.675,0.304,0.0
940GZZLURSQ,940GZZLUWKA,0.0,0.0,1.131,7.371,6.972,3.933,1.972,0.0
940GZZLURSQ,940GZZLUWLO,0.0,4.303,31.725,99.337,130.428,64.494,20.337,0.0
940GZZLURSQ,940GZZLUWBN,0.0,0.579,1.751,7.825,10.631,6.916,1.592,0.0
940GZZLURSQ,940GZZLUWHP,0.0,0.0,2.485,6.491,6.312,5.561,2.493,0.0
940GZZLURSQ,940GZZLUWKN,0.0,0.0,0.666,3.8600001,7.902,8.511,1.766,0.0
940GZZLURSQ,940GZZLUWSM,0.0,0.488,62.027,78.251,20.263,6.094,0.491,0.0
940GZZLURSQ,940GZZLUWPL,0.0,0.072000004,0.819,10.382,5.981,2.3470001,1.675,0.0
940GZZLURSQ,940GZZLUWIG,0.0,0.256,0.484,6.3780003,10.779,8.611,2.487,0.0
940GZZLURSQ,940GZZLUERB,0.0,0.0,0.355,3.997,3.879,2.424,0.636,0.0
940GZZLURSQ,940GZZLUPCO,0.0,0.084,6.848,22.429,13.716,12.095,5.0,0.0
940GZZLURSQ,940GZZLUVXL,0.0,0.423,5.364,26.206,33.941,21.192,9.261,0.0
940GZZLURSQ,940GZZLUBXN,0.0,0.61,7.218,22.312,46.921,38.763,13.7960005,0.0
940GZZLURSQ,940GZZLUSWK,0.0,0.0,5.368,16.079,7.861,4.838,1.183,0.0
940GZZLURSQ,940GZZLUBMY,0.0,0.0,1.795,7.639,10.9800005,7.106,2.178,0.0
940GZZLURSQ,940GZZLUCWR,0.0,0.56,3.547,26.615,40.902,37.437,10.911,0.0
940GZZLUSJP,940GZZLUBBN,0.0,0.082,4.332,29.942,20.948,3.342,0.631,0.0
940GZZLUSJP,940GZZLUALD,0.0,0.585,12.46,27.843,27.031,4.575,3.039,0.0
940GZZLUSJP,940GZZLUADE,0.0,2.843,40.489,106.544,137.97,25.053,6.791,0.0
940GZZLUSJP,940GZZLUAGL,0.0,0.0,2.479,20.157,30.189,5.29,0.95600003,0.0
940GZZLUSJP,940GZZLUBST,0.0,0.355,10.577,46.048,36.425,7.056,1.201,0.0
940GZZLUSJP,940GZZLUBNK,0.0,4.957,150.693,312.473,431.661,49.001,9.371,0.0
940GZZLUSJP,940GZZLUBSC,0.0,0.26,9.91,12.849,24.01,8.334,2.459,0.0
940GZZLUSJP,940GZZLUBWT,0.0,0.109,4.266,42.315998,63.277,14.395,3.3140001,0.0
940GZZLUSJP,940GZZLUBLG,0.0,0.0,0.966,9.866,24.15,7.38,1.582,0.0
940GZZLUSJP,940GZZLUBKF,0.0,5.509,145.764,363.254,644.724,79.679,11.724,0.0
940GZZLUSJP,940GZZLUBND,0.0,0.0,11.775,69.245,45.841,6.896,0.116000004,0.0
940GZZLUSJP,940GZZLUBOR,0.0,0.0,0.61800003,5.181,6.715,1.209,0.117000006,0.0
940GZZLUSJP,940GZZLUCAR,0.0,0.0,1.905,4.48,7.123,1.623,1.36,0.0
940GZZLUSJP,940GZZLUCTN,0.0,0.368,5.597,41.06,43.626,5.925,1.432,0.0
940GZZLUSJP,940GZZLUCST,0.0,9.6050005,85.78,186.837,302.169,42.276,5.717,0.0
940GZZLUSJP,940GZZLUCHL,0.0,0.0,1.474,13.649,6.388,0.41500002,0.324,0.0
940GZZLUSJP,940GZZLUEMB,0.0,1.154,33.35,292.652,524.774,88.951,17.86,0.0
940GZZLUSJP,940GZZLUCGN,0.0,0.0,0.896,16.37,12.406,1.166,0.208,0.0
940GZZLUSJP,940GZZLUECT,0.0,0.294,11.2630005,78.19,118.344,37.379,10.268,0.0
940GZZLUSJP,940GZZLUERC,0.0,0.0,3.864,23.872,16.004,2.329,0.87,0.0
940GZZLUSJP,940GZZLUEAC,0.0,0.162,6.086,36.741,39.417,9.759,3.614,0.0
940GZZLUSJP,940GZZLUEUS,0.0,1.911,15.103,175.822,271.869,26.087,3.695,0.0
940GZZLUSJP,940GZZLUESQ,0.0,0.329,0.661,5.499,3.917,1.834,0.039,0.0
940GZZLUSJP,940GZZLUFCN,0.0,0.0,9.712,27.723,20.173,1.951,0.367,0.0
940GZZLUSJP,940GZZLUFYR,0.0,0.0,1.3790001,10.551,26.516,7.853,1.334,0.0
940GZZLUSJP,940GZZLUFPK,0.0,0.0,3.501,24.041,83.776,28.955,7.412,0.0
940GZZLUSJP,940GZZLUFBY,0.0,0.0,11.394,43.041,75.57,20.614,2.808,0.0
940GZZLUSJP,940GZZLUGTR,0.0,0.728,14.92,82.788,108.184,34.53,6.893,0.0
940GZZLUSJP,940GZZLUGDG,0.0,0.225,7.547,35.096,27.413,1.481,0.599,0.0
940GZZLUSJP,940GZZLUGPS,0.0,0.22,0.145,3.556,1.853,0.116,0.0,0.0
940GZZLUSJP,940GZZLUGPK,0.0,0.096,5.3980002,38.852,21.354,4.993,0.658,0.0
940GZZLUSJP,940GZZLUHSD,0.0,1.942,37.534,93.3,181.48,47.466,8.568,0.0
940GZZLUSJP,940GZZLUHAI,0.0,0.117,4.91,38.184002,108.026,40.303,5.164,0.0
940GZZLUSJP,940GZZLUHSK,0.0,0.985,21.896,118.932,102.82,24.285,4.434,0.0
940GZZLUSJP,940GZZLUHBN,0.0,0.22,3.273,23.83,12.32,3.386,0.331,0.0
940GZZLUSJP,940GZZLUHPK,0.0,0.0,0.703,3.22,4.31,0.559,0.0,0.0
940GZZLUSJP,940GZZLUHWY,0.0,0.0,0.50200003,3.063,8.977,1.206,0.19,0.0
940GZZLUSJP,940GZZLUHPC,0.0,0.0,0.857,4.511,2.162,0.602,0.003,0.0
940GZZLUSJP,940GZZLUKNG,0.0,0.0,1.15,9.795,23.333,8.633,1.054,0.0
940GZZLUSJP,940GZZLUKOY,0.0,0.0,0.0,0.0,0.0,0.315,0.0,0.0
940GZZLUSJP,940GZZLUKSH,0.0,0.071,3.1299999,10.109,32.583,10.582,1.919,0.0
940GZZLUSJP,940GZZLUKBN,0.0,0.0,1.691,8.312,27.027,8.399,2.136,0.0
940GZZLUSJP,940GZZLUKSX,0.0,2.079,21.969,235.517,331.907,37.174,7.586,0.0
940GZZLUSJP,940GZZLUKNB,0.0,0.091,2.703,41.706,21.043,2.556,0.302,0.0
940GZZLUSJP,940GZZLULBN,0.0,0.093,0.596,9.966,8.6710005,3.682,1.677,0.0
940GZZLUSJP,940GZZLULGT,0.0,0.0,0.64,3.036,2.0,0.754,0.49,0.0
940GZZLUSJP,940GZZLULSQ,0.0,0.0,3.91,67.44,59.952,11.935,2.314,0.0
940GZZLUSJP,940GZZLULVT,0.0,4.83,62.533,260.855,566.239,74.278,10.341,0.0
940GZZLUSJP,940GZZLULNB,0.0,3.404,28.467,163.932,262.315,49.326,8.65,0.0
940GZZLUSJP,940GZZLUMSH,0.0,10.732,196.606,288.73502,156.365,18.25,3.635,0.0
940GZZLUSJP,940GZZLUMBA,0.0,0.122,0.645,7.375,4.575,0.689,0.582,0.0
940GZZLUSJP,940GZZLUMYB,0.0,0.075,3.879,38.314,73.679,9.8949995,1.478,0.0
940GZZLUSJP,940GZZLUMED,0.0,0.0,3.242,30.09,111.020996,21.812,6.683,0.0
940GZZLUSJP,940GZZLUMGT,0.0,2.24,31.829,45.344,45.51,11.927,1.538,0.0
940GZZLUSJP,940GZZLUMTC,0.0,0.0,3.102,6.681,9.512,1.812,0.407,0.0
940GZZLUSJP,940GZZLUNHG,0.0,0.073,14.022,71.274,81.57,21.22,2.395,0.0
940GZZLUSJP,940GZZLUODS,0.0,0.18100001,10.385,37.259,42.381,9.162,2.312,0.0
940GZZLUSJP,940GZZLUOVL,0.0,0.069000006,0.485,2.696,9.875,3.099,0.433,0.0
940GZZLUSJP,940GZZLUOXC,0.0,0.572,11.894,130.006,96.726,14.85,1.453,0.0
940GZZLUSJP,940GZZLUPAC,0.0,2.801,37.125,248.161,342.338,43.692,8.159,0.0
940GZZLUSJP,940GZZLUPCC,0.0,0.382,4.119,50.968,50.645,8.705,0.565,0.0
940GZZLUSJP,940GZZLUQWY,0.0,0.0,0.0,3.459,2.618,0.909,0.284,0.0
940GZZLUSJP,940GZZLURGP,0.0,0.054,2.822,10.345,5.3980002,0.648,0.005,0.0
940GZZLUSJP,940GZZLURYO,0.0,0.0,0.113,2.007,2.696,0.228,0.0,0.0
940GZZLUSJP,940GZZLURSQ,0.0,0.089,2.941,12.88,14.119,1.6290001,0.223,0.0
940GZZLUSJP,940GZZLUSJW,0.0,0.123,7.723,11.971,16.96,5.096,0.74799997,0.0
940GZZLUSJP,940GZZLUSPU,0.0,0.0,0.954,5.887,1.546,0.118,0.0,0.0
940GZZLUSJP,940GZZLUSBC,0.0,0.328,3.082,17.134,29.622,4.125,0.71,0.0
940GZZLUSJP,940GZZLUSSQ,0.0,0.349,43.582,200.989,145.969,35.73,5.563,0.0
940GZZLUSJP,940GZZLUSKS,0.0,0.866,42.964,267.096,136.29,33.376,4.21,0.0
940GZZLUSJP,940GZZLUSKW,0.0,0.0,2.046,6.462,18.443,11.1380005,0.911,0.0
940GZZLUSJP,940GZZLUCHX,0.0,0.0,0.7,11.541,8.072,1.059,0.137,0.0
940GZZLUSJP,940GZZLUSWC,0.0,0.0,3.236,9.16,16.678,3.719,0.644,0.0
940GZZLUSJP,940GZZLUTMP,0.0,1.742,100.906,257.066,131.02,10.953,1.377,0.0
940GZZLUSJP,940GZZLUTCR,0.0,0.188,13.444,93.255,63.833,8.75,1.138,0.0
940GZZLUSJP,940GZZLUTWH,0.0,1.651,69.898,335.817,559.941,57.842,12.051,0.0
940GZZLUSJP,940GZZLUVIC,0.0,0.786,17.556,105.005,347.388,76.592,17.499,0.0
940GZZLUSJP,940GZZLUWRR,0.0,0.146,6.438,37.368,30.729,3.578,0.546,0.0
940GZZLUSJP,940GZZLUWKA,0.0,0.0,0.866,5.297,10.674,2.975,0.28100002,0.0
940GZZLUSJP,940GZZLUWLO,0.0,1.432,12.478,104.369,371.914,53.76,8.345,0.0
940GZZLUSJP,940GZZLUWBN,0.0,0.791,10.845,47.922,51.397,13.528,3.395,0.0
940GZZLUSJP,940GZZLUWHP,0.0,0.011000001,2.032,9.674,33.07,8.042,1.346,0.0
940GZZLUSJP,940GZZLUWKN,0.0,0.131,6.6289997,27.875,54.677002,23.841,7.184,0.0
940GZZLUSJP,940GZZLUWSM,0.0,0.082,7.169,104.023,27.619999,4.508,2.8700001,0.0
940GZZLUSJP,940GZZLUWPL,0.0,0.25,17.435,81.934,205.24,62.393,12.104,0.0
940GZZLUSJP,940GZZLUWIG,0.0,0.398,1.166,10.679,31.247,9.985,3.433,0.0
940GZZLUSJP,940GZZLUERB,0.0,0.0,1.457,4.96,3.744,0.626,0.53000003,0.0
940GZZLUSJP,940GZZLUPCO,0.0,0.0,0.56700003,7.83,6.143,2.761,0.857,0.0
940GZZLUSJP,940GZZLUVXL,0.0,0.535,6.928,32.6,53.015,13.885,2.369,0.0
940GZZLUSJP,940GZZLUBXN,0.0,0.723,6.215,27.331,83.14,32.713,12.333,0.0
940GZZLUSJP,940GZZLUSWK,0.0,2.612,13.877,60.633,39.664,6.804,0.516,0.0
940GZZLUSJP,940GZZLUBMY,0.0,0.848,1.177,14.241,39.949,10.993,2.554,0.0
940GZZLUSJP,940GZZLUCWR,0.0,0.298,5.958,56.148,131.649,45.436,12.063,0.0
940GZZLUSJW,940GZZLUBBN,0.0,0.912,29.249,13.365,8.529,3.051,0.908,0.0
940GZZLUSJW,940GZZLUALD,0.0,1.813,29.204,9.51,2.333,0.828,0.216,0.0
940GZZLUSJW,940GZZLUADE,0.0,0.0,7.432,6.336,3.118,1.569,0.337,0.0
940GZZLUSJW,940GZZLUAGL,0.0,0.417,6.181,10.531,8.406,2.077,1.4530001,0.0
940GZZLUSJW,940GZZLUBST,0.0,2.839,49.428,163.272,63.082,19.219,2.611,0.0
940GZZLUSJW,940GZZLUBNK,0.0,8.071,127.258,41.654,21.462,4.76,0.55,0.0
940GZZLUSJW,940GZZLUBSC,0.0,0.058000002,4.972,5.912,2.625,2.192,0.569,0.0
940GZZLUSJW,940GZZLUBWT,0.0,0.0,0.0,1.028,0.736,0.109000005,0.104,0.0
940GZZLUSJW,940GZZLUBLG,0.0,0.046,6.835,8.181,10.128,5.373,2.742,0.0
940GZZLUSJW,940GZZLUBKF,0.0,1.619,48.171,9.815,6.182,2.208,0.412,0.0
940GZZLUSJW,940GZZLUBND,0.0,4.153,156.047,240.747,93.909,24.629,2.969,0.0
940GZZLUSJW,940GZZLUBOR,0.0,0.0,1.273,1.463,0.314,0.168,0.196,0.0
940GZZLUSJW,940GZZLUCAR,0.0,0.0,0.501,2.675,1.794,1.473,0.262,0.0
940GZZLUSJW,940GZZLUCTN,0.0,0.0,0.625,9.721,4.635,0.15900001,0.081,0.0
940GZZLUSJW,940GZZLUCST,0.0,2.013,16.759,3.195,3.615,0.016,0.135,0.0
940GZZLUSJW,940GZZLUCHL,0.0,2.952,64.309,30.584,9.378,1.61,0.691,0.0
940GZZLUSJW,940GZZLUEMB,0.0,0.142,10.312,6.789,4.308,0.60400003,0.351,0.0
940GZZLUSJW,940GZZLUCGN,0.0,0.411,9.831,27.791,20.679,4.499,0.374,0.0
940GZZLUSJW,940GZZLUECT,0.0,1.147,6.535,20.371,13.808001,5.445,2.415,0.0
940GZZLUSJW,940GZZLUERC,0.0,0.0,0.832,4.155,1.056,0.211,0.16,0.0
940GZZLUSJW,940GZZLUEAC,0.0,0.05,7.159,12.994,9.476,6.516,2.647,0.0
940GZZLUSJW,940GZZLUEUS,0.0,0.69,2.807,6.486,7.065,2.695,0.94,0.0
940GZZLUSJW,940GZZLUESQ,0.0,1.418,35.153,48.45,26.144,4.124,1.2409999,0.0
940GZZLUSJW,940GZZLUFCN,0.0,2.154,62.232,29.441,9.114,3.193,0.679,0.0
940GZZLUSJW,940GZZLUFYR,0.0,2.807,33.75,75.246,39.385,14.434,2.166,0.0
940GZZLUSJW,940GZZLUFPK,0.0,0.198,5.7730002,12.842,17.451,9.62,4.372,0.0
940GZZLUSJW,940GZZLUFBY,0.0,0.079,4.788,3.369,3.724,2.388,0.321,0.0
940GZZLUSJW,940GZZLUGTR,0.0,0.511,8.865,19.048,9.194,4.206,0.47,0.0
940GZZLUSJW,940GZZLUGDG,0.0,0.0,0.38500002,1.5730001,0.916,1.062,0.113000005,0.0
940GZZLUSJW,940GZZLUGPS,0.0,0.321,16.835,16.234,7.16,2.439,1.019,0.0
940GZZLUSJW,940GZZLUGPK,0.0,6.36,135.612,155.385,49.709,16.421,3.6200001,0.0
940GZZLUSJW,940GZZLUHSD,0.0,0.064,11.262,10.389,12.692,2.276,0.849,0.0
940GZZLUSJW,940GZZLUHAI,0.0,1.012,9.865,19.021,30.74,15.595,2.624,0.0
940GZZLUSJW,940GZZLUHSK,0.0,0.0,7.264,16.519,6.21,1.397,0.208,0.0
940GZZLUSJW,940GZZLUHBN,0.0,2.275,74.707,62.483,21.891,5.151,1.687,0.0
940GZZLUSJW,940GZZLUHPK,0.0,0.0,2.986,7.086,6.488,1.317,0.414,0.0
940GZZLUSJW,940GZZLUHWY,0.0,0.0,1.265,5.907,3.349,2.068,0.445,0.0
940GZZLUSJW,940GZZLUHPC,0.0,0.191,5.022,4.985,1.407,0.35,0.103,0.0
940GZZLUSJW,940GZZLUKNG,0.0,0.0,0.927,4.492,5.103,2.482,0.733,0.0
940GZZLUSJW,940GZZLUKSH,0.0,0.0,0.284,1.473,0.917,0.768,0.014,0.0
940GZZLUSJW,940GZZLUKBN,0.0,0.126,6.843,35.184,35.184002,16.961,6.257,0.0
940GZZLUSJW,940GZZLUKSX,0.0,7.029,40.726,74.465004,65.199,14.688,3.908,0.0
940GZZLUSJW,940GZZLUKNB,0.0,2.332,15.559,36.87,13.817,3.708,0.581,0.0
940GZZLUSJW,940GZZLULBN,0.0,0.0,2.303,1.395,1.597,1.543,0.896,0.0
940GZZLUSJW,940GZZLULGT,0.0,0.0,1.581,3.716,3.419,1.369,0.193,0.0
940GZZLUSJW,940GZZLULSQ,0.0,0.361,6.268,18.333,9.172,5.83,0.972,0.0
940GZZLUSJW,940GZZLULVT,0.0,11.9939995,135.511,53.009,55.106,16.083,4.101,0.0
940GZZLUSJW,940GZZLULNB,0.0,19.537,189.82,149.201,164.562,66.446,18.951,0.0
940GZZLUSJW,940GZZLUMSH,0.0,5.75,31.889,5.025,1.673,0.007,0.0,0.0
940GZZLUSJW,940GZZLUMBA,0.0,0.953,4.735,9.916,5.871,1.438,0.305,0.0
940GZZLUSJW,940GZZLUMYB,0.0,1.352,4.562,6.487,6.81,2.713,0.21000001,0.0
940GZZLUSJW,940GZZLUMED,0.0,0.0,5.114,11.127,8.235,4.702,2.474,0.0
940GZZLUSJW,940GZZLUMGT,0.0,7.511,77.05,21.229,7.581,1.724,0.0,0.0
940GZZLUSJW,940GZZLUNHG,0.0,0.0,7.565,27.101,10.432,3.5740001,0.266,0.0
940GZZLUSJW,940GZZLUODS,0.0,0.385,15.471,13.95,8.658,3.525,1.137,0.0
940GZZLUSJW,940GZZLUOVL,0.0,0.167,2.166,3.388,3.4689999,2.162,0.811,0.0
940GZZLUSJW,940GZZLUOXC,0.0,1.021,36.822,65.788,32.062,9.899,1.034,0.0
940GZZLUSJW,940GZZLUPAC,0.0,1.566,19.672,37.93,36.822,10.69,3.259,0.0
940GZZLUSJW,940GZZLUPCC,0.0,0.519,31.889,58.886,37.027,13.141,1.495,0.0
940GZZLUSJW,940GZZLUQWY,0.0,0.0,5.624,10.774,5.771,1.412,0.412,0.0
940GZZLUSJW,940GZZLURGP,0.0,0.0,18.727,16.233,5.787,1.164,0.087,0.0
940GZZLUSJW,940GZZLURYO,0.0,0.0,1.664,4.444,2.711,1.757,0.289,0.0
940GZZLUSJW,940GZZLURSQ,0.0,0.175,6.784,10.65,5.072,1.411,0.186,0.0
940GZZLUSJW,940GZZLUSJP,0.0,1.146,17.813,13.048,4.454,1.624,0.292,0.0
940GZZLUSJW,940GZZLUSPU,0.0,10.464,113.98,32.296,7.343,1.689,0.116,0.0
940GZZLUSJW,940GZZLUSBC,0.0,1.392,12.367,20.177,18.869,5.808,1.069,0.0
940GZZLUSJW,940GZZLUSSQ,0.0,0.051,13.269,29.726,11.199,4.71,1.781,0.0
940GZZLUSJW,940GZZLUSKS,0.0,0.971,25.47,56.439,20.756,7.297,2.044,0.0
940GZZLUSJW,940GZZLUSKW,0.0,0.427,0.55,4.949,10.352,6.64,4.235,0.0
940GZZLUSJW,940GZZLUCHX,0.0,2.073,22.625,27.003,26.025,4.616,0.88,0.0
940GZZLUSJW,940GZZLUSWC,0.0,0.061,25.433,67.819,39.206,13.651,3.151,0.0
940GZZLUSJW,940GZZLUTMP,0.0,0.072000004,22.151,20.579,5.297,1.209,0.004,0.0
940GZZLUSJW,940GZZLUTCR,0.0,0.416,36.84,62.223,32.456,8.965,1.179,0.0
940GZZLUSJW,940GZZLUTWH,0.0,0.587,16.104,12.839,7.371,1.652,0.35,0.0
940GZZLUSJW,940GZZLUVIC,0.0,11.948,100.505,125.249,148.652,58.492,20.419,0.0
940GZZLUSJW,940GZZLUWRR,0.0,0.709,2.986,4.328,2.626,0.833,0.109000005,0.0
940GZZLUSJW,940GZZLUWKA,0.0,0.0,0.164,2.331,0.959,0.01,0.0,0.0
940GZZLUSJW,940GZZLUWLO,0.0,21.093,104.454,124.047,211.108,80.588,26.111,0.0
940GZZLUSJW,940GZZLUWBN,0.0,0.648,2.138,2.018,2.455,0.619,0.25,0.0
940GZZLUSJW,940GZZLUWHP,0.0,1.315,44.298,80.06,104.859,38.223,8.027,0.002
940GZZLUSJW,940GZZLUWKN,0.0,0.254,0.989,3.249,1.997,0.971,0.231,0.0
940GZZLUSJW,940GZZLUWSM,0.0,2.422,101.475,66.034,25.958,5.228,1.327,0.0
940GZZLUSJW,940GZZLUWPL,0.0,0.229,2.039,1.151,0.355,0.202,0.0,0.0
940GZZLUSJW,940GZZLUWIG,0.0,0.432,8.901,32.778,50.496,26.427,11.882,0.0
940GZZLUSJW,940GZZLUERB,0.0,0.038,1.291,8.281,3.315,0.864,0.796,0.0
940GZZLUSJW,940GZZLUPCO,0.0,0.829,8.356,17.077,8.878,5.07,0.782,0.0
940GZZLUSJW,940GZZLUVXL,0.0,4.571,62.174,22.594,21.608,14.054,5.638,0.0
940GZZLUSJW,940GZZLUBXN,0.0,1.933,6.849,22.698,36.128,25.89,5.578,0.0
940GZZLUSJW,940GZZLUSWK,0.0,2.385,86.227,41.792,46.589,9.014,2.239,0.0
940GZZLUSJW,940GZZLUBMY,0.0,2.041,7.238,8.444,12.072,6.976,3.227,0.0
940GZZLUSJW,940GZZLUCWR,0.0,2.316,37.303,50.959,73.018,38.347,11.021,0.0
940GZZLUSPU,940GZZLUBBN,0.0,0.0,0.606,1.617,0.585,0.0,0.113,0.0
940GZZLUSPU,940GZZLUALD,0.0,0.0,1.22,8.399,6.629,2.63,1.669,0.0
940GZZLUSPU,940GZZLUADE,0.0,0.0,0.392,6.626,5.982,1.872,0.953,0.0
940GZZLUSPU,940GZZLUAGL,0.0,0.0,1.226,12.121,6.604,3.1820002,1.132,0.0
940GZZLUSPU,940GZZLUBST,0.0,0.508,2.993,47.04,51.824,15.492,3.421,0.001
940GZZLUSPU,940GZZLUBNK,0.0,2.444,40.304,292.474,311.751,134.538,43.195,0.0
940GZZLUSPU,940GZZLUBSC,0.0,0.0,0.15100001,3.755,13.078,7.113,2.157,0.0
940GZZLUSPU,940GZZLUBWT,0.0,0.0,0.0,3.114,1.078,0.53,0.60400003,0.0
940GZZLUSPU,940GZZLUBLG,0.0,3.681,20.26,92.438,147.116,76.48,31.0,0.0
940GZZLUSPU,940GZZLUBKF,0.0,0.0,0.0,1.67,0.968,0.649,0.012,0.0
940GZZLUSPU,940GZZLUBND,0.0,1.71,75.683,560.764,408.91602,84.537,11.664,0.002
940GZZLUSPU,940GZZLUBOR,0.0,0.0,0.685,9.994,3.167,2.573,1.292,0.0
940GZZLUSPU,940GZZLUCAR,0.0,0.073,1.207,8.063,28.111,12.679,2.739,0.0
940GZZLUSPU,940GZZLUCTN,0.0,0.0,2.277,47.04,30.08,7.781,2.273,0.004
940GZZLUSPU,940GZZLUCHL,0.0,0.075,15.037,148.802,54.379,9.73,1.674,0.0
940GZZLUSPU,940GZZLUEMB,0.0,0.0,0.216,7.278,4.24,1.351,0.024,0.0
940GZZLUSPU,940GZZLUCGN,0.0,0.092,1.915,69.363,63.461,12.29,1.442,0.0
940GZZLUSPU,940GZZLUECT,0.0,0.0,0.984,15.351,15.865,8.454,2.705,0.0
940GZZLUSPU,940GZZLUERC,0.0,0.0,0.134,0.756,1.16,0.023,0.0,0.0
940GZZLUSPU,940GZZLUEAC,0.0,0.0,2.048,11.857,6.482,4.4,4.6019998,0.0
940GZZLUSPU,940GZZLUEUS,0.0,0.46400002,4.969,100.725,162.759,37.638,8.746,0.004
940GZZLUSPU,940GZZLUESQ,0.0,0.0,0.0,1.65,1.6060001,0.745,0.021,0.0
940GZZLUSPU,940GZZLUFCN,0.0,0.0,0.352,3.7710001,1.509,0.107,0.45,0.0
940GZZLUSPU,940GZZLUFYR,0.0,0.0,0.591,9.61,31.467001,14.228,3.175,0.0
940GZZLUSPU,940GZZLUFPK,0.0,0.100999996,2.839,18.717001,41.586,22.841,8.391,0.001
940GZZLUSPU,940GZZLUFBY,0.0,0.0,0.275,5.745,6.283,3.246,0.39,0.0
940GZZLUSPU,940GZZLUGTR,0.0,0.063,1.738,12.703,10.6,4.232,2.597,0.0
940GZZLUSPU,940GZZLUGDG,0.0,0.0,1.419,16.527,12.326,2.494,0.861,0.003
940GZZLUSPU,940GZZLUGPS,0.0,0.0,0.14400001,1.831,1.173,0.344,0.119,0.0
940GZZLUSPU,940GZZLUGPK,0.0,0.261,15.682,148.384,81.82,16.972,3.432,0.0
940GZZLUSPU,940GZZLUHSD,0.0,0.25,3.539,13.361,29.327,12.723,4.341,0.003
940GZZLUSPU,940GZZLUHAI,0.0,0.0,0.959,5.258,8.239,5.225,1.427,0.0
940GZZLUSPU,940GZZLUHSK,0.0,0.076,3.454,18.984,20.285,7.463,1.931,0.0
940GZZLUSPU,940GZZLUHBN,0.0,1.591,46.744,366.076,253.34601,54.218998,14.118,0.0
940GZZLUSPU,940GZZLUHPK,0.0,0.164,5.916,35.049,75.855,38.769,11.088,0.004
940GZZLUSPU,940GZZLUHWY,0.0,0.0,0.498,9.583,25.937,12.052,2.417,0.003
940GZZLUSPU,940GZZLUHPC,0.0,0.0,3.053,20.365,13.568,1.757,0.33,0.0
940GZZLUSPU,940GZZLUKNG,0.0,0.067,0.247,3.787,5.032,3.846,2.605,0.001
940GZZLUSPU,940GZZLUKOY,0.0,0.0,0.0,0.0,0.0,0.121,0.0,0.0
940GZZLUSPU,940GZZLUKSH,0.0,0.0,0.355,3.369,6.249,3.659,1.554,0.0
940GZZLUSPU,940GZZLUKBN,0.0,0.80700004,0.453,7.019,31.288,14.882,10.232,0.002
940GZZLUSPU,940GZZLUKSX,0.0,1.615,6.634,95.465004,99.227,24.856,7.287,0.002
940GZZLUSPU,940GZZLUKNB,0.0,0.0,4.656,64.627,56.93,8.943,1.792,0.0
940GZZLUSPU,940GZZLULBN,0.0,0.0,0.11,3.66,4.002,1.492,0.045,0.0
940GZZLUSPU,940GZZLULGT,0.0,1.0,11.349,120.706,258.123,74.531,19.09,0.0
940GZZLUSPU,940GZZLULSQ,0.0,0.091,3.446,60.519,61.588,19.078001,4.32,0.001
940GZZLUSPU,940GZZLULVT,0.0,3.834,56.877,589.229,727.242,283.929,72.881996,0.0
940GZZLUSPU,940GZZLULNB,0.0,0.153,2.078,52.077,35.858,16.603,8.225,0.003
940GZZLUSPU,940GZZLUMBA,0.0,1.923,35.37,167.714,172.35,44.254,17.237,0.0
940GZZLUSPU,940GZZLUMYB,0.0,0.073,4.248,66.227,157.98601,42.514,8.333,0.0
940GZZLUSPU,940GZZLUMED,0.0,0.223,11.565,95.492,132.16,61.651,20.668,0.0
940GZZLUSPU,940GZZLUMGT,0.0,0.0,0.371,4.617,6.0690002,1.631,0.626,0.0
940GZZLUSPU,940GZZLUMTC,0.0,0.0,1.227,17.81,12.888,3.779,0.859,0.0
940GZZLUSPU,940GZZLUNHG,0.0,0.699,15.137,96.249,190.6,106.935,24.495,0.003
940GZZLUSPU,940GZZLUODS,0.0,0.0,2.444,18.552,10.257,5.771,1.47,0.0
940GZZLUSPU,940GZZLUOVL,0.0,0.0,0.407,5.909,7.42,6.597,1.306,0.001
940GZZLUSPU,940GZZLUOXC,0.0,7.992,78.658,850.948,676.396,124.971,11.774,0.003
940GZZLUSPU,940GZZLUPAC,0.0,1.072,6.59,121.999,165.647,38.537,8.159,0.0
940GZZLUSPU,940GZZLUPCC,0.0,0.937,14.184,150.264,126.8,23.807,3.803,0.0
940GZZLUSPU,940GZZLUQWY,0.0,0.475,4.565,71.784,141.391,65.02,24.037,0.001
940GZZLUSPU,940GZZLURGP,0.0,0.0,0.802,11.123,8.246,2.448,0.652,0.0
940GZZLUSPU,940GZZLURSQ,0.0,0.0,1.9810001,48.686,33.868,7.517,2.749,0.0
940GZZLUSPU,940GZZLUSJP,0.0,0.0,0.963,5.795,2.2580001,0.827,0.234,0.0
940GZZLUSPU,940GZZLUSJW,0.0,0.32,1.786,25.431,60.022,39.586,9.933001,0.001
940GZZLUSPU,940GZZLUSBC,0.0,1.431,16.511,114.284996,342.824,132.534,34.845,0.019
940GZZLUSPU,940GZZLUSSQ,0.0,0.0,0.508,7.638,2.899,1.01,0.432,0.0
940GZZLUSPU,940GZZLUSKS,0.0,0.647,3.716,33.976,17.871,6.7469997,2.285,0.0
940GZZLUSPU,940GZZLUSKW,0.0,0.084,0.328,11.184,18.211,11.125,5.999,0.001
940GZZLUSPU,940GZZLUCHX,0.0,0.0,1.348,34.547,26.901,4.881,0.472,0.0
940GZZLUSPU,940GZZLUSWC,0.0,0.0,2.054,12.239,46.91,31.188,7.379,0.001
940GZZLUSPU,940GZZLUTMP,0.0,0.0,0.0,1.837,0.483,0.37600002,0.0,0.0
940GZZLUSPU,940GZZLUTCR,0.0,2.849,70.329,610.329,635.81,134.579,17.869999,0.0
940GZZLUSPU,940GZZLUTWH,0.0,0.0,1.359,34.867,12.292,4.261,0.405,0.0
940GZZLUSPU,940GZZLUVIC,0.0,2.237,10.699,139.194,139.383,40.643,16.676,0.0
940GZZLUSPU,940GZZLUWRR,0.0,0.0,4.809,25.083,22.217,4.668,1.603,0.0
940GZZLUSPU,940GZZLUWKA,0.0,0.0,0.157,8.683,26.059,17.21,3.442,0.0
940GZZLUSPU,940GZZLUWLO,0.0,0.3,5.633,63.307,92.406,50.429,19.793,0.0
940GZZLUSPU,940GZZLUWBN,0.0,0.0,0.493,4.503,2.696,2.488,1.161,0.0
940GZZLUSPU,940GZZLUWHP,0.0,0.0,0.696,6.377,25.773,14.2630005,4.473,0.0
940GZZLUSPU,940GZZLUWKN,0.0,0.0,0.158,1.565,0.985,0.891,0.124000005,0.0
940GZZLUSPU,940GZZLUWSM,0.0,0.0,1.3840001,29.768,7.302,1.444,0.814,0.0
940GZZLUSPU,940GZZLUWPL,0.0,0.124000005,1.3100001,14.814,7.25,3.7020001,2.399,0.0
940GZZLUSPU,940GZZLUWIG,0.0,0.0,0.752,10.9,33.899,16.82,9.102,0.009
940GZZLUSPU,940GZZLUERB,0.0,0.0,0.964,8.859,14.417,5.9,2.729,0.0
940GZZLUSPU,940GZZLUPCO,0.0,0.0,1.887,19.089,29.887,16.878,5.404,0.0
940GZZLUSPU,940GZZLUVXL,0.0,0.0,3.686,31.719,58.476,23.292,11.407,0.001
940GZZLUSPU,940GZZLUBXN,0.0,0.392,2.914,22.535,69.987,40.598,16.478,0.008
940GZZLUSPU,940GZZLUSWK,0.0,0.0,0.371,3.236,1.595,1.087,0.018,0.0
940GZZLUSPU,940GZZLUBMY,0.0,0.0,0.172,5.611,4.197,3.756,2.352,0.001
940GZZLUSPU,940GZZLUCWR,0.0,0.052,0.46800002,6.745,9.103,8.78,3.244,0.0
940GZZLUSBC,940GZZLUBBN,0.0,0.193,1.828,3.145,3.627,0.824,0.443,0.0
940GZZLUSBC,940GZZLUALD,0.0,1.475,34.765,13.313,6.778,3.899,2.667,0.0
940GZZLUSBC,940GZZLUADE,0.0,0.389,11.011,8.512,5.61,3.742,2.772,0.0
940GZZLUSBC,940GZZLUAGL,0.0,1.273,23.263,21.304,17.09,8.049,3.552,0.0
940GZZLUSBC,940GZZLUBST,0.0,0.184,19.305,33.036,17.331,6.261,3.7120001,0.0
940GZZLUSBC,940GZZLUBNK,0.0,100.268,783.77,277.632,257.522,109.134,55.611,0.0
940GZZLUSBC,940GZZLUBSC,0.0,0.0,0.278,1.2360001,1.112,0.592,0.602,0.0
940GZZLUSBC,940GZZLUBWT,0.0,0.0,1.161,2.999,4.268,4.0429997,0.954,0.0
940GZZLUSBC,940GZZLUBLG,0.0,4.399,40.443,56.718,101.173996,55.034,41.302,0.0
940GZZLUSBC,940GZZLUBKF,0.0,0.883,2.353,3.284,3.02,2.298,0.321,0.0
940GZZLUSBC,940GZZLUBND,0.0,41.906,494.694,420.356,202.23,55.16,7.9639997,0.0
940GZZLUSBC,940GZZLUBOR,0.0,1.033,11.555,8.667,5.417,3.057,2.742,0.0
940GZZLUSBC,940GZZLUCAR,0.0,0.233,3.436,6.291,10.443,7.907,5.815,0.0
940GZZLUSBC,940GZZLUCTN,0.0,0.82,23.017,47.063,30.117,10.04,6.043,0.0
940GZZLUSBC,940GZZLUCST,0.0,0.439,0.0,0.0,0.0,0.0,0.30699998,0.0
940GZZLUSBC,940GZZLUCHL,0.0,32.229,516.296,189.08,85.527,19.225,7.456,0.0
940GZZLUSBC,940GZZLUEMB,0.0,1.084,18.407,16.789999,17.851,2.612,1.834,0.0
940GZZLUSBC,940GZZLUCGN,0.0,0.446,7.942,27.454,23.231,7.091,0.559,0.0
940GZZLUSBC,940GZZLUECT,0.0,0.077,3.112,17.441,17.112,15.998,6.67,0.0
940GZZLUSBC,940GZZLUERC,0.0,0.538,6.724,11.775,10.985,5.579,3.871,0.0
940GZZLUSBC,940GZZLUEAC,0.0,2.492,31.683,55.585,58.775,34.261,24.286,0.0
940GZZLUSBC,940GZZLUEUS,0.0,13.097,40.871,54.209,51.903,22.918,10.44,0.0
940GZZLUSBC,940GZZLUESQ,0.0,0.013,0.746,1.681,1.59,0.184,0.01,0.0
940GZZLUSBC,940GZZLUFCN,0.0,0.389,2.724,4.811,3.543,1.261,0.64,0.0
940GZZLUSBC,940GZZLUFYR,0.0,0.438,5.025,7.313,5.438,5.673,3.456,0.0
940GZZLUSBC,940GZZLUFPK,0.0,1.1159999,21.161,36.352,72.073,41.866,29.550001,0.002
940GZZLUSBC,940GZZLUFBY,0.0,0.0,12.104,10.1119995,6.424,3.874,2.552,0.0
940GZZLUSBC,940GZZLUGTR,0.0,0.207,4.149,18.63,15.928,9.623,4.044,0.0
940GZZLUSBC,940GZZLUGDG,0.0,2.729,9.325,14.656,5.832,1.814,0.203,0.0
940GZZLUSBC,940GZZLUGPS,0.0,0.088,0.273,1.025,0.775,0.342,0.0,0.0
940GZZLUSBC,940GZZLUGPK,0.0,6.47,66.386,74.144,29.104,9.854,1.24,0.0
940GZZLUSBC,940GZZLUHSD,0.0,0.0,0.423,2.496,1.869,0.878,0.011,0.0
940GZZLUSBC,940GZZLUHAI,0.0,3.568,38.681,31.984,68.693,41.86,26.472,0.0
940GZZLUSBC,940GZZLUHSK,0.0,0.989,15.242,32.668,19.72,7.213,3.473,0.0
940GZZLUSBC,940GZZLUHBN,0.0,24.148,418.68,298.228,156.11,32.879,12.043,0.0
940GZZLUSBC,940GZZLUHPK,0.0,1.067,38.634,38.987,24.699,11.9609995,3.359,0.0
940GZZLUSBC,940GZZLUHWY,0.0,0.461,5.253,9.016,14.681,8.527,6.044,0.0
940GZZLUSBC,940GZZLUHPC,0.0,0.103,1.45,3.553,1.511,0.32000002,0.007,0.0
940GZZLUSBC,940GZZLUKNG,0.0,1.316,8.994,7.973,17.527,10.132,8.119,0.0
940GZZLUSBC,940GZZLUKSH,0.0,1.707,6.606,7.12,9.795,4.544,4.887,0.003
940GZZLUSBC,940GZZLUKBN,0.0,0.0,1.541,4.486,4.256,4.824,3.815,0.0
940GZZLUSBC,940GZZLUKSX,0.0,15.3949995,82.598,112.878,94.659,36.21,27.899,0.0
940GZZLUSBC,940GZZLUKNB,0.0,0.246,3.413,21.079,7.538,2.008,0.374,0.0
940GZZLUSBC,940GZZLULBN,0.0,2.358,18.202,12.179,11.416,4.856,4.35,0.0
940GZZLUSBC,940GZZLULGT,0.0,3.066,39.682,61.084,58.247,33.46,14.637,0.0
940GZZLUSBC,940GZZLULSQ,0.0,3.462,17.419,44.873,35.817,12.022,3.469,0.0
940GZZLUSBC,940GZZLULVT,0.0,80.927,802.083,381.375,420.198,142.128,74.704,0.0
940GZZLUSBC,940GZZLULNB,0.0,15.748,184.475,129.485,167.973,68.968,63.016,0.0
940GZZLUSBC,940GZZLUMBA,0.0,17.894,277.46,238.98,134.03,43.744,12.056,0.0
940GZZLUSBC,940GZZLUMYB,0.0,0.759,9.572,20.028,18.95,7.268,5.072,0.0
940GZZLUSBC,940GZZLUMED,0.0,1.942,24.567,54.022,63.873,30.669,23.044,0.0
940GZZLUSBC,940GZZLUMGT,0.0,0.623,5.269,5.041,4.214,0.756,0.153,0.0
940GZZLUSBC,940GZZLUMTC,0.0,0.539,18.418,7.334,7.092,3.0180001,2.479,0.0
940GZZLUSBC,940GZZLUNHG,0.0,6.098,89.346,148.587,95.561,52.382,18.038,0.0
940GZZLUSBC,940GZZLUODS,0.0,3.318,60.061,35.201,26.191,10.599,7.257,0.0
940GZZLUSBC,940GZZLUOVL,0.0,0.367,9.627,7.746,9.963,8.143,5.439,0.0
940GZZLUSBC,940GZZLUOXC,0.0,46.377,603.941,612.581,349.826,94.76,17.575,0.0
940GZZLUSBC,940GZZLUPAC,0.0,2.6,20.215,35.479,32.744,21.715,7.186,0.0
940GZZLUSBC,940GZZLUPCC,0.0,4.421,45.144,69.761,54.22,15.79,5.158,0.0
940GZZLUSBC,940GZZLUQWY,0.0,4.29,36.595,116.553,98.257,74.964,25.723,0.0
940GZZLUSBC,940GZZLURGP,0.0,0.623,8.891,7.149,2.487,1.094,0.338,0.0
940GZZLUSBC,940GZZLURSQ,0.0,0.627,10.368,20.293,15.49,9.591,6.824,0.0
940GZZLUSBC,940GZZLUSJP,0.0,1.342,13.253,15.705,4.553,2.045,0.688,0.0
940GZZLUSBC,940GZZLUSJW,0.0,2.049,25.301,17.258,13.0720005,8.716,4.519,0.0
940GZZLUSBC,940GZZLUSPU,0.0,53.862,489.039,149.04199,65.341,13.255,4.825,0.0
940GZZLUSBC,940GZZLUSSQ,0.0,1.535,20.332,31.979,14.261,5.83,1.8399999,0.0
940GZZLUSBC,940GZZLUSKS,0.0,0.554,14.841,54.279,22.777,9.706,3.651,0.0
940GZZLUSBC,940GZZLUSKW,0.0,0.087000005,8.369,16.958,27.696001,18.497,14.424,0.0
940GZZLUSBC,940GZZLUCHX,0.0,1.179,48.681,50.545,58.331,21.052,15.728,0.0
940GZZLUSBC,940GZZLUSWC,0.0,0.733,8.643,12.282,13.798,8.953,3.872,0.0
940GZZLUSBC,940GZZLUTMP,0.0,0.721,1.71,3.2910001,1.862,1.175,0.278,0.0
940GZZLUSBC,940GZZLUTCR,0.0,29.894,431.553,449.2,340.302,100.517,24.638,0.0
940GZZLUSBC,940GZZLUTWH,0.0,0.886,13.092,19.323,13.385,4.251,2.952,0.0
940GZZLUSBC,940GZZLUVIC,0.0,22.653,146.289,190.527,236.749,106.017,71.723,0.0
940GZZLUSBC,940GZZLUWRR,0.0,4.864,33.739,21.168,13.957,6.228,2.066,0.0
940GZZLUSBC,940GZZLUWKA,0.0,0.0,0.986,2.948,1.907,2.761,1.183,0.0
940GZZLUSBC,940GZZLUWLO,0.0,17.374,80.444,87.297,124.326,41.709,27.149,0.0
940GZZLUSBC,940GZZLUWBN,0.0,0.061,3.264,5.406,4.7400002,4.491,2.368,0.0
940GZZLUSBC,940GZZLUWHP,0.0,0.822,2.367,8.176,5.816,6.307,4.516,0.0
940GZZLUSBC,940GZZLUWKN,0.0,0.0,0.725,1.5780001,3.161,3.03,0.61,0.0
940GZZLUSBC,940GZZLUWSM,0.0,4.537,89.347,59.342,23.498,8.014,2.381,0.0
940GZZLUSBC,940GZZLUWPL,0.0,1.456,8.381,8.007,5.216,2.301,1.104,0.0
940GZZLUSBC,940GZZLUWIG,0.0,0.0,1.24,9.235,14.686,13.472,7.853,0.0
940GZZLUSBC,940GZZLUERB,0.0,0.057,0.832,0.904,1.65,0.634,0.403,0.0
940GZZLUSBC,940GZZLUPCO,0.0,1.432,31.159,30.41,18.49,16.692,7.212,0.0
940GZZLUSBC,940GZZLUVXL,0.0,11.505,59.009,33.453,66.09,40.317,17.039,0.0
940GZZLUSBC,940GZZLUBXN,0.0,3.735,27.056,66.84,112.096,82.855,54.895,0.0
940GZZLUSBC,940GZZLUSWK,0.0,6.932,128.029,39.117,42.86,15.544,5.958,0.0
940GZZLUSBC,940GZZLUBMY,0.0,1.4810001,20.179,15.831,22.325,14.959,11.442,0.0
940GZZLUSBC,940GZZLUCWR,0.0,3.924,28.33,41.618,80.936,54.938,40.058,0.0
940GZZLUSSQ,940GZZLUBBN,0.0,0.30699998,9.55,24.126,14.868,5.73,1.901,0.0
940GZZLUSSQ,940GZZLUALD,0.0,1.928,32.613,20.292,13.186,8.966,2.826,0.0
940GZZLUSSQ,940GZZLUADE,0.0,3.964,105.592,97.737,63.381,35.514,10.707,0.0
940GZZLUSSQ,940GZZLUAGL,0.0,0.18,11.193,35.21,24.417,11.883,2.329,0.0
940GZZLUSSQ,940GZZLUBST,0.0,2.096,29.230999,67.612,32.754,13.966,2.985,0.0
940GZZLUSSQ,940GZZLUBNK,0.0,40.076,345.785,204.703,195.248,58.554,21.029,0.0
940GZZLUSSQ,940GZZLUBSC,0.0,0.433,16.704,31.015,25.528,16.756,5.646,0.0
940GZZLUSSQ,940GZZLUBWT,0.0,1.334,17.632,54.927,52.054,30.825,10.219,0.0
940GZZLUSSQ,940GZZLUBLG,0.0,0.411,4.702,8.776,13.326,10.192,3.47,0.0
940GZZLUSSQ,940GZZLUBKF,0.0,36.339,375.63998,243.415,199.985,61.178,21.006,0.0
940GZZLUSSQ,940GZZLUBND,0.0,0.887,23.873,91.996,43.061,10.262,0.363,0.0
940GZZLUSSQ,940GZZLUBOR,0.0,0.0,2.2680001,4.298,4.445,2.573,1.402,0.0
940GZZLUSSQ,940GZZLUCAR,0.0,0.15,0.349,7.596,5.7,4.122,1.605,0.0
940GZZLUSSQ,940GZZLUCTN,0.0,0.273,12.12,38.762,27.395,11.572,2.509,0.0
940GZZLUSSQ,940GZZLUCST,0.0,31.867,257.969,132.798,136.487,49.091,14.193,0.0
940GZZLUSSQ,940GZZLUCHL,0.0,0.286,6.008,15.962,6.408,1.495,1.271,0.0
940GZZLUSSQ,940GZZLUEMB,0.0,7.123,134.905,371.103,370.615,106.351,31.86,0.0
940GZZLUSSQ,940GZZLUCGN,0.0,1.637,5.068,57.365,35.416,6.553,0.241,0.0
940GZZLUSSQ,940GZZLUECT,0.0,2.559,38.169,166.944,125.33,61.734,18.092,0.0
940GZZLUSSQ,940GZZLUERC,0.0,0.959,15.5,49.601,30.456,10.086,4.636,0.0
940GZZLUSSQ,940GZZLUEAC,0.0,0.055000003,13.662,53.055,45.29,25.994,9.97,0.0
940GZZLUSSQ,940GZZLUEUS,0.0,5.637,41.39,90.254,80.42,28.141,5.415,0.0
940GZZLUSSQ,940GZZLUESQ,0.0,0.0,0.345,7.235,4.087,1.9,0.583,0.0
940GZZLUSSQ,940GZZLUFCN,0.0,0.263,18.77,21.301,8.554,2.8899999,0.77,0.0
940GZZLUSSQ,940GZZLUFYR,0.0,0.661,7.276,17.025,19.223,8.983,4.23,0.0
940GZZLUSSQ,940GZZLUFPK,0.0,1.697,10.718,49.381,77.942,51.044,19.608,0.0
940GZZLUSSQ,940GZZLUFBY,0.0,0.363,22.2,69.179,57.741,21.797,6.383,0.0
940GZZLUSSQ,940GZZLUGTR,0.0,0.719,45.638,164.845,125.356,41.062,14.063,0.0
940GZZLUSSQ,940GZZLUGDG,0.0,0.073,10.513,18.052,10.6710005,2.129,0.529,0.0
940GZZLUSSQ,940GZZLUGPS,0.0,0.014,0.774,5.485,2.589,0.99,0.129,0.0
940GZZLUSSQ,940GZZLUGPK,0.0,1.36,42.069,140.147,57.044,13.712,4.147,0.0
940GZZLUSSQ,940GZZLUHSD,0.0,5.746,185.011,186.855,178.086,84.253,21.239,0.0
940GZZLUSSQ,940GZZLUHAI,0.0,0.943,21.375,70.103,95.414,69.91,23.063,0.0
940GZZLUSSQ,940GZZLUHSK,0.0,3.104,53.147,227.592,117.385,25.272,5.947,0.0
940GZZLUSSQ,940GZZLUHBN,0.0,0.343,11.95,32.317,16.537,3.589,1.335,0.0
940GZZLUSSQ,940GZZLUHPK,0.0,0.0,5.484,11.412,7.434,2.269,0.627,0.0
940GZZLUSSQ,940GZZLUHWY,0.0,0.0,1.848,3.841,3.872,3.302,0.682,0.0
940GZZLUSSQ,940GZZLUHPC,0.0,0.0,0.55300003,5.501,2.226,0.715,0.137,0.0
940GZZLUSSQ,940GZZLUKNG,0.0,0.149,4.868,15.821,15.069,11.795,5.177,0.0
940GZZLUSSQ,940GZZLUKOY,0.0,0.0,0.0,0.0,0.0,0.293,0.0,0.0
940GZZLUSSQ,940GZZLUKSH,0.0,0.739,6.088,12.916,15.267,8.154,3.2,0.0
940GZZLUSSQ,940GZZLUKBN,0.0,0.0,3.045,11.411,23.311,14.115,5.529,0.0
940GZZLUSSQ,940GZZLUKSX,0.0,6.541,58.924,173.637,166.575,51.45,13.144,0.0
940GZZLUSSQ,940GZZLUKNB,0.0,0.0,0.704,19.697,5.652,1.224,0.092,0.0
940GZZLUSSQ,940GZZLULBN,0.0,0.085,3.519,13.438,15.416,4.043,0.728,0.0
940GZZLUSSQ,940GZZLULGT,0.0,0.0,0.846,5.341,2.083,1.427,0.21700001,0.0
940GZZLUSSQ,940GZZLULSQ,0.0,0.19,6.104,67.315,47.865,12.855,3.5509999,0.0
940GZZLUSSQ,940GZZLULVT,0.0,14.82,128.233,189.607,242.454,70.403,19.574,0.0
940GZZLUSSQ,940GZZLULNB,0.0,8.789,100.141,159.152,163.099,71.425,22.657,0.0
940GZZLUSSQ,940GZZLUMSH,0.0,48.56,527.08,161.067,53.673,14.071,3.508,0.0
940GZZLUSSQ,940GZZLUMBA,0.0,0.0,0.98800004,12.254,5.8710003,1.471,0.111,0.0
940GZZLUSSQ,940GZZLUMYB,0.0,0.31599998,4.77,35.79,34.537,10.576,2.916,0.0
940GZZLUSSQ,940GZZLUMED,0.0,0.617,5.475,27.134,38.554,22.616,11.403,0.0
940GZZLUSSQ,940GZZLUMGT,0.0,3.188,50.825,33.367,20.484,7.203,2.8930001,0.0
940GZZLUSSQ,940GZZLUMTC,0.0,0.0,3.704,6.962,5.448,2.301,1.261,0.0
940GZZLUSSQ,940GZZLUNHG,0.0,0.509,35.673,142.75,107.688,41.075,11.763,0.0
940GZZLUSSQ,940GZZLUODS,0.0,0.736,37.138,41.979,28.875,9.86,4.634,0.0
940GZZLUSSQ,940GZZLUOVL,0.0,0.0,1.64,10.985,9.043,4.519,1.289,0.0
940GZZLUSSQ,940GZZLUOXC,0.0,4.233,101.715004,308.372,151.123,36.785,4.693,0.0
940GZZLUSSQ,940GZZLUPAC,0.0,7.328,86.949,159.565,208.967,62.931,16.324,0.0
940GZZLUSSQ,940GZZLUPCC,0.0,0.249,6.915,69.768,49.306,13.662,3.217,0.0
940GZZLUSSQ,940GZZLUQWY,0.0,0.0,0.089,1.953,0.88199997,0.41,0.115,0.0
940GZZLUSSQ,940GZZLURGP,0.0,0.109000005,15.202,18.604,8.255,1.186,0.363,0.0
940GZZLUSSQ,940GZZLURYO,0.0,0.0,0.342,1.829,0.722,0.345,0.111999996,0.0
940GZZLUSSQ,940GZZLURSQ,0.0,0.242,4.624,32.418,17.477,4.438,1.383,0.0
940GZZLUSSQ,940GZZLUSJP,0.0,3.705,115.592,194.206,77.818,15.637,8.395,0.0
940GZZLUSSQ,940GZZLUSJW,0.0,1.0600001,8.636,27.508,17.764,6.0820003,2.525,0.0
940GZZLUSSQ,940GZZLUSPU,0.0,0.0,2.049,5.487,3.583,0.338,0.007999999,0.0
940GZZLUSSQ,940GZZLUSBC,0.0,0.269,4.218,38.89,27.026001,10.286,1.326,0.0
940GZZLUSSQ,940GZZLUSKS,0.0,2.412,92.381996,271.727,104.283,30.894001,5.639,0.0
940GZZLUSSQ,940GZZLUSKW,0.0,0.0,4.82,37.778,44.946,25.764,5.916,0.0
940GZZLUSSQ,940GZZLUCHX,0.0,0.0,1.001,9.575,6.571,1.54,0.215,0.0
940GZZLUSSQ,940GZZLUSWC,0.0,0.777,5.117,18.033,16.163,13.955,3.678,0.0
940GZZLUSSQ,940GZZLUTMP,0.0,6.785,190.006,191.888,61.543,12.6380005,2.438,0.0
940GZZLUSSQ,940GZZLUTCR,0.0,0.547,25.541,79.497,42.353,11.467,1.122,0.0
940GZZLUSSQ,940GZZLUTWH,0.0,8.516,110.842,160.206,248.886,50.82,19.916,0.0
940GZZLUSSQ,940GZZLUVIC,0.0,5.084,76.846,223.277,345.102,150.186,35.079,0.0
940GZZLUSSQ,940GZZLUWRR,0.0,1.564,60.76,65.776,35.319,10.633,2.894,0.0
940GZZLUSSQ,940GZZLUWKA,0.0,0.0,1.222,10.306,6.611,6.137,1.582,0.0
940GZZLUSSQ,940GZZLUWLO,0.0,6.187,32.162,110.132,180.728,56.084,14.184,0.0
940GZZLUSSQ,940GZZLUWBN,0.0,1.854,20.831,45.701,54.29,19.554,6.288,0.0
940GZZLUSSQ,940GZZLUWHP,0.0,1.77,4.11,12.401,22.078,14.034,3.422,0.0
940GZZLUSSQ,940GZZLUWKN,0.0,0.44599998,19.743,59.21,49.249,33.976,14.473001,0.0
940GZZLUSSQ,940GZZLUWSM,0.0,1.841,55.373,133.034,57.037,15.387,3.48,0.0
940GZZLUSSQ,940GZZLUWPL,0.0,3.814,41.58,101.305,98.378,72.467,19.603,0.0
940GZZLUSSQ,940GZZLUWIG,0.0,0.125,1.506,11.497,28.469,16.2,7.002,0.0
940GZZLUSSQ,940GZZLUERB,0.0,0.0,0.39900002,1.1800001,1.183,0.556,0.28,0.0
940GZZLUSSQ,940GZZLUPCO,0.0,0.078,9.232,36.039,17.823,8.592,2.954,0.0
940GZZLUSSQ,940GZZLUVXL,0.0,0.507,19.118,69.021,96.751,43.686,12.565001,0.0
940GZZLUSSQ,940GZZLUBXN,0.0,0.428,14.188,90.086,114.324,73.709,26.665,0.0
940GZZLUSSQ,940GZZLUSWK,0.0,1.748,30.693,41.454,37.703,10.798,2.229,0.0
940GZZLUSSQ,940GZZLUBMY,0.0,1.159,6.711,22.249,35.12,19.806,7.849,0.0
940GZZLUSSQ,940GZZLUCWR,0.0,1.106,13.821,91.528,113.158,85.422,26.154,0.0
940GZZLUSKS,940GZZLUBBN,0.0,0.64,11.614,31.086,32.973,11.081,5.482,0.0
940GZZLUSKS,940GZZLUALD,0.0,2.673,20.297,23.105999,24.421,7.021,7.251,0.0
940GZZLUSKS,940GZZLUADE,0.0,4.6,62.467,119.857,126.016,44.718,28.192,0.0
940GZZLUSKS,940GZZLUAGL,0.0,0.328,14.337,67.025,80.299,28.259,12.124,0.0
940GZZLUSKS,940GZZLUBST,0.0,1.497,37.062,134.466,81.644,34.129,10.251,0.0
940GZZLUSKS,940GZZLUBNK,0.0,31.478,229.424,276.882,321.309,77.732,40.518,0.0
940GZZLUSKS,940GZZLUBSC,0.0,0.47,28.345,96.853,103.576,62.593998,26.07,0.01
940GZZLUSKS,940GZZLUBWT,0.0,1.09,11.158,117.401,142.989,84.846,35.778,0.0
940GZZLUSKS,940GZZLUBLG,0.0,0.394,5.609,34.785,53.104,25.115,13.687,0.0
940GZZLUSKS,940GZZLUBKF,0.0,29.651,218.259,269.4,274.637,81.366,42.886,0.0
940GZZLUSKS,940GZZLUBND,0.0,1.054,37.141,172.529,105.147,20.919,2.925,0.0
940GZZLUSKS,940GZZLUBOR,0.0,0.0,0.72400004,9.781,7.12,4.564,2.083,0.0
940GZZLUSKS,940GZZLUCAR,0.0,0.72900003,10.443,33.014,66.172,36.209,18.692,0.0
940GZZLUSKS,940GZZLUCTN,0.0,2.938,16.5,133.429,98.647,28.955,13.742,0.0
940GZZLUSKS,940GZZLUCST,0.0,24.737,178.5,121.441,188.603,63.785,28.33,0.0
940GZZLUSKS,940GZZLUCHL,0.0,2.3240001,24.851,34.234,17.395,6.002,1.613,0.0
940GZZLUSKS,940GZZLUEMB,0.0,4.788,106.996,311.402,494.023,113.928,81.347,0.0
940GZZLUSKS,940GZZLUCGN,0.0,2.037,51.175,345.089,298.407,67.382,9.86,0.0
940GZZLUSKS,940GZZLUECT,0.0,1.165,28.662,196.378,184.837,108.153,56.745,0.011
940GZZLUSKS,940GZZLUERC,0.0,0.537,29.065,77.945,81.598,34.699,11.058,0.0
940GZZLUSKS,940GZZLUEAC,0.0,0.626,15.894,81.78,111.967,56.659,35.689,0.0
940GZZLUSKS,940GZZLUEUS,0.0,7.125,34.172,145.292,192.775,57.867,26.42,0.0
940GZZLUSKS,940GZZLUESQ,0.0,0.026,2.341,12.276,8.069,3.146,2.282,0.0
940GZZLUSKS,940GZZLUFCN,0.0,0.248,27.313,37.587,23.731,6.653,4.348,0.0
940GZZLUSKS,940GZZLUFYR,0.0,0.442,7.482,27.668,48.252,26.941,9.323,0.0
940GZZLUSKS,940GZZLUFPK,0.0,6.343,19.055,90.222,187.116,90.491,49.725,0.0
940GZZLUSKS,940GZZLUFBY,0.0,0.049000002,13.929,81.379,85.776,46.374,16.938,0.0
940GZZLUSKS,940GZZLUGTR,0.0,0.2,10.835,96.174,57.1,34.168,12.641,0.001
940GZZLUSKS,940GZZLUGDG,0.0,0.15100001,21.531,40.811,31.34,9.955,4.165,0.0
940GZZLUSKS,940GZZLUGPS,0.0,0.074,2.132,7.3059998,3.547,2.909,0.64,0.0
940GZZLUSKS,940GZZLUGPK,0.0,10.492,227.802,408.062,183.398,37.404,15.562,0.0
940GZZLUSKS,940GZZLUHSD,0.0,3.974,196.685,357.445,449.34,224.591,74.895996,0.021
940GZZLUSKS,940GZZLUHAI,0.0,0.251,23.03,95.202,149.827,103.806,41.489,0.0
940GZZLUSKS,940GZZLUHSK,0.0,0.767,32.658,246.827,123.335,44.936,9.502,0.0
940GZZLUSKS,940GZZLUHBN,0.0,6.16,167.358,247.571,149.748,32.214,16.261,0.0
940GZZLUSKS,940GZZLUHPK,0.0,0.0,3.9359999,14.003,5.779,2.9,0.561,0.0
940GZZLUSKS,940GZZLUHWY,0.0,0.112,7.993,34.133,60.164,29.829,16.726,0.0
940GZZLUSKS,940GZZLUHPC,0.0,0.8,24.173,74.47,34.279,7.787,1.666,0.0
940GZZLUSKS,940GZZLUKNG,0.0,0.0,5.05,21.239,37.425,20.066,9.853,0.0
940GZZLUSKS,940GZZLUKOY,0.0,0.0,0.0,0.0,0.0,0.677,0.0,0.0
940GZZLUSKS,940GZZLUKSH,0.0,0.268,5.987,21.684,42.996,17.463,8.207,0.0
940GZZLUSKS,940GZZLUKBN,0.0,0.214,2.935,20.647,50.936,31.745,11.338,0.0
940GZZLUSKS,940GZZLUKSX,0.0,27.463,132.198,506.987,665.749,179.852,120.454,0.015
940GZZLUSKS,940GZZLUKNB,0.0,0.25,16.621,158.181,99.444,19.827,3.165,0.0
940GZZLUSKS,940GZZLULBN,0.0,0.173,2.915,24.185,22.764,9.818,4.614,0.0
940GZZLUSKS,940GZZLULGT,0.0,0.0,1.07,8.27,5.136,1.579,1.427,0.0
940GZZLUSKS,940GZZLULSQ,0.0,1.903,49.211,407.561,386.23,107.909,22.841,0.0
940GZZLUSKS,940GZZLULVT,0.0,19.06,123.668,233.884,365.812,95.141,61.548,0.0
940GZZLUSKS,940GZZLULNB,0.0,6.413,76.471,253.103,294.442,112.837,67.815,0.0
940GZZLUSKS,940GZZLUMSH,0.0,38.821,326.475,141.545,73.213,15.616,6.025,0.0
940GZZLUSKS,940GZZLUMBA,0.0,0.092,3.294,21.998,11.647,1.2820001,0.90000004,0.0
940GZZLUSKS,940GZZLUMYB,0.0,1.17,11.545,49.518,79.965,26.038,10.429,0.0
940GZZLUSKS,940GZZLUMED,0.0,0.483,6.581,45.249,72.608,40.336,22.914,0.0
940GZZLUSKS,940GZZLUMGT,0.0,3.237,41.928,42.315,28.934,7.169,2.598,0.0
940GZZLUSKS,940GZZLUMTC,0.0,0.216,2.075,9.123,16.83,10.735,4.588,0.0
940GZZLUSKS,940GZZLUNHG,0.0,0.495,31.259,183.579,121.589,55.225,19.309,0.0
940GZZLUSKS,940GZZLUODS,0.0,2.53,41.54,70.093,79.787,31.379,18.86,0.0
940GZZLUSKS,940GZZLUOVL,0.0,0.0,3.552,10.972,18.599,7.786,3.254,0.0
940GZZLUSKS,940GZZLUOXC,0.0,7.864,80.253,332.21,232.50099,36.855,6.386,0.0
940GZZLUSKS,940GZZLUPAC,0.0,5.612,92.772,294.319,367.096,131.055,46.691,0.0
940GZZLUSKS,940GZZLUPCC,0.0,7.821,147.966,679.198,601.588,146.355,29.442999,0.0
940GZZLUSKS,940GZZLUQWY,0.0,0.0,0.151,4.511,5.473,1.271,0.382,0.0
940GZZLUSKS,940GZZLURGP,0.0,0.059,19.657,44.423,26.632,7.075,2.939,0.0
940GZZLUSKS,940GZZLURYO,0.0,0.0,0.686,2.054,2.187,2.223,0.12900001,0.0
940GZZLUSKS,940GZZLURSQ,0.0,0.853,85.171,293.952,170.3,53.408,34.977,0.0
940GZZLUSKS,940GZZLUSJP,0.0,6.265,95.045,178.117,87.241,24.326,14.735001,0.0
940GZZLUSKS,940GZZLUSJW,0.0,0.289,11.136,42.774,33.429,14.6380005,6.846,0.0
940GZZLUSKS,940GZZLUSPU,0.0,0.199,10.817,25.424,9.69,2.283,0.6,0.0
940GZZLUSKS,940GZZLUSBC,0.0,0.114,4.965,62.724,70.025,20.072,3.9160001,0.0
940GZZLUSKS,940GZZLUSSQ,0.0,0.978,45.905,292.421,141.718,46.801,14.81,0.0
940GZZLUSKS,940GZZLUSKW,0.0,1.193,4.734,32.712,79.531,44.546,20.084,0.0
940GZZLUSKS,940GZZLUCHX,0.0,0.144,1.662,19.462,11.127,2.23,1.563,0.0
940GZZLUSKS,940GZZLUSWC,0.0,0.0,3.966,29.17,45.415,21.412,11.268,0.0
940GZZLUSKS,940GZZLUTMP,0.0,4.216,115.529,141.906,69.932,18.649,4.072,0.0
940GZZLUSKS,940GZZLUTCR,0.0,0.574,17.481,81.589,62.144,11.234,7.3650002,0.0
940GZZLUSKS,940GZZLUTWH,0.0,10.435,86.023,241.915,325.711,72.139,44.835,0.0
940GZZLUSKS,940GZZLUVIC,0.0,7.426,82.332,330.939,703.084,287.182,113.019,0.0
940GZZLUSKS,940GZZLUWRR,0.0,1.118,38.765,95.175,73.424,20.217,10.223,0.0
940GZZLUSKS,940GZZLUWKA,0.0,0.0,2.13,16.169,18.888,10.68,3.159,0.0
940GZZLUSKS,940GZZLUWLO,0.0,5.604,33.562,193.178,375.162,130.473,84.515,0.0
940GZZLUSKS,940GZZLUWBN,0.0,0.764,20.665,78.822,178.925,55.179,19.378,0.0
940GZZLUSKS,940GZZLUWHP,0.0,0.164,7.157,28.891,55.96,27.561,11.266,0.0
940GZZLUSKS,940GZZLUWKN,0.0,1.312,19.136,85.023,109.528,92.424,38.113,0.0
940GZZLUSKS,940GZZLUWSM,0.0,7.288,80.941,294.483,155.653,31.273,15.807,0.0
940GZZLUSKS,940GZZLUWPL,0.0,3.828,45.809,135.323,224.788,109.257,50.526,0.0
940GZZLUSKS,940GZZLUWIG,0.0,0.542,0.739,16.456,58.039,29.739,11.345,0.0
940GZZLUSKS,940GZZLUERB,0.0,0.0,1.001,2.831,2.944,2.548,0.71,0.0
940GZZLUSKS,940GZZLUPCO,0.0,0.227,6.617,45.663,35.684002,21.058,9.923,0.0
940GZZLUSKS,940GZZLUVXL,0.0,1.811,28.939,76.866,167.18,88.111,37.902,0.0
940GZZLUSKS,940GZZLUBXN,0.0,0.515,25.05,113.337,243.136,143.61101,67.3,0.0
940GZZLUSKS,940GZZLUSWK,0.0,1.128,24.109,60.562,68.747,19.433,13.694,0.0
940GZZLUSKS,940GZZLUBMY,0.0,0.213,10.001,29.769,53.285,25.589,12.992,0.0
940GZZLUSKS,940GZZLUCWR,0.0,2.636,14.147,127.454,205.521,134.601,74.561,0.0
940GZZLUSKW,940GZZLUBBN,0.0,3.861,41.453,6.959,2.795,0.955,0.552,0.0
940GZZLUSKW,940GZZLUALD,0.0,0.899,23.119999,5.746,3.196,0.43400002,0.617,0.0
940GZZLUSKW,940GZZLUADE,0.0,1.8560001,56.918,15.391,4.808,1.707,1.795,0.0
940GZZLUSKW,940GZZLUAGL,0.0,3.208,77.012,33.712,24.142,10.734,6.716,0.0
940GZZLUSKW,940GZZLUBST,0.0,9.231,83.015,25.159,10.026,3.733,1.086,0.0
940GZZLUSKW,940GZZLUBNK,0.0,77.301,870.349,134.053,108.241,32.353,11.959,0.0
940GZZLUSKW,940GZZLUBSC,0.0,1.53,29.583,7.228,1.9760001,0.987,0.894,0.0
940GZZLUSKW,940GZZLUBWT,0.0,0.235,2.482,3.531,1.0040001,0.351,0.267,0.0
940GZZLUSKW,940GZZLUBLG,0.0,0.935,19.402,10.86,14.151,5.228,3.144,0.009
940GZZLUSKW,940GZZLUBKF,0.0,6.024,128.556,10.914,7.928,2.6330001,0.32,0.0
940GZZLUSKW,940GZZLUBND,0.0,8.737,60.389,33.141,10.169,3.79,0.178,0.001
940GZZLUSKW,940GZZLUBOR,0.0,6.191,113.366,34.168,17.697,7.221,3.963,0.0
940GZZLUSKW,940GZZLUCAR,0.0,1.966,14.904,4.369,3.555,3.164,0.421,0.0
940GZZLUSKW,940GZZLUCTN,0.0,2.454,64.18,31.927,19.399,8.956,1.63,0.005
940GZZLUSKW,940GZZLUCST,0.0,1.29,6.802,0.377,1.839,0.19600001,0.007999999,0.0
940GZZLUSKW,940GZZLUCHL,0.0,6.571,171.175,29.657,15.36,4.025,0.457,0.0
940GZZLUSKW,940GZZLUEMB,0.0,4.751,121.173,25.045,13.182,4.463,2.814,0.0050000004
940GZZLUSKW,940GZZLUCGN,0.0,1.4480001,16.067,17.62,7.156,2.88,0.236,0.0
940GZZLUSKW,940GZZLUECT,0.0,3.727,41.265,12.352,4.655,3.296,2.864,0.0
940GZZLUSKW,940GZZLUEAC,0.0,4.412,71.379,74.785,33.166,18.312,6.769,0.0
940GZZLUSKW,940GZZLUEUS,0.0,30.452,204.519,61.116,50.839,18.604,7.071,0.004
940GZZLUSKW,940GZZLUFCN,0.0,2.578,137.803,15.57,7.597,1.013,0.308,0.0
940GZZLUSKW,940GZZLUFYR,0.0,0.164,10.068,5.147,3.142,1.367,0.328,0.0
940GZZLUSKW,940GZZLUFPK,0.0,6.183,49.154,35.395,36.891,20.974,12.066,0.0
940GZZLUSKW,940GZZLUFBY,0.0,1.965,29.251,8.441,4.663,2.108,0.709,0.0
940GZZLUSKW,940GZZLUGTR,0.0,3.63,50.038,11.293,4.859,3.47,1.048,0.0
940GZZLUSKW,940GZZLUGDG,0.0,2.109,42.628998,15.54,11.176,1.841,0.003,0.0
940GZZLUSKW,940GZZLUGPK,0.0,46.689,467.729,138.424,50.282,15.643,3.485,0.0
940GZZLUSKW,940GZZLUHSD,0.0,7.694,146.992,23.326,11.823999,5.794,1.033,0.0
940GZZLUSKW,940GZZLUHAI,0.0,6.487,133.73,49.555,42.809002,27.210001,11.614,0.0
940GZZLUSKW,940GZZLUHSK,0.0,4.191,59.988,14.9279995,5.304,1.596,0.685,0.0
940GZZLUSKW,940GZZLUHBN,0.0,5.087,126.894,34.744,14.095,2.854,0.238,0.0
940GZZLUSKW,940GZZLUHPK,0.0,1.499,25.804,3.686,1.772,0.256,0.853,0.007
940GZZLUSKW,940GZZLUHWY,0.0,0.358,10.23,6.003,2.394,1.225,0.283,0.0
940GZZLUSKW,940GZZLUHPC,0.0,0.454,5.913,2.738,1.33,0.769,0.159,0.0
940GZZLUSKW,940GZZLUKNG,0.0,0.838,10.794,12.566,10.389,7.775,3.434,0.004
940GZZLUSKW,940GZZLUKOY,0.0,0.0,0.0,0.0,0.0,0.009000001,0.0,0.0
940GZZLUSKW,940GZZLUKSH,0.0,1.248,34.272,7.915,5.555,4.134,1.461,0.0
940GZZLUSKW,940GZZLUKBN,0.0,2.128,5.157,3.473,6.56,2.374,0.651,0.0
940GZZLUSKW,940GZZLUKSX,0.0,43.47,348.835,130.824,71.599,25.774,10.905,0.0
940GZZLUSKW,940GZZLUKNB,0.0,1.108,38.31,23.819,5.967,1.725,0.41,0.0
940GZZLUSKW,940GZZLULBN,0.0,0.0,4.526,7.787,4.053,1.553,0.004,0.0
940GZZLUSKW,940GZZLULGT,0.0,0.526,6.367,3.279,1.586,1.687,0.79399997,0.0
940GZZLUSKW,940GZZLULSQ,0.0,8.515,89.164,84.615,53.821,19.048,5.016,0.018000001
940GZZLUSKW,940GZZLULVT,0.0,8.76,67.193,27.809,29.932,8.689,3.021,0.0
940GZZLUSKW,940GZZLULNB,0.0,32.124,396.163,168.628,141.061,55.34,21.226,0.0
940GZZLUSKW,940GZZLUMSH,0.0,0.851,40.3,2.585,0.093,0.305,0.007,0.0
940GZZLUSKW,940GZZLUMBA,0.0,4.741,36.89,12.95,5.865,2.251,0.186,0.0
940GZZLUSKW,940GZZLUMYB,0.0,3.8930001,47.697,12.701,9.312,3.79,2.107,0.0
940GZZLUSKW,940GZZLUMED,0.0,1.137,13.234,13.479,3.806,3.624,2.548,0.019
940GZZLUSKW,940GZZLUMGT,0.0,38.724,519.419,72.433,43.379,9.768,5.62,0.0
940GZZLUSKW,940GZZLUMTC,0.0,1.092,34.348,4.788,2.0509999,0.725,0.311,0.0
940GZZLUSKW,940GZZLUNHG,0.0,4.1019998,28.664,17.686,8.904,3.12,1.3330001,0.0
940GZZLUSKW,940GZZLUODS,0.0,10.339,307.064,78.671,48.522,21.38,11.39,0.0
940GZZLUSKW,940GZZLUOVL,0.0,3.894,16.202,21.708,14.758,10.573,2.734,0.008
940GZZLUSKW,940GZZLUOXC,0.0,48.477,724.224,270.253,121.776,37.132,8.675,0.0
940GZZLUSKW,940GZZLUPAC,0.0,16.691,144.285,39.78,32.931,9.091,3.667,0.0
940GZZLUSKW,940GZZLUPCC,0.0,3.585,19.853,26.621,17.476,7.305,2.145,0.0
940GZZLUSKW,940GZZLUQWY,0.0,1.545,18.06,5.737,2.888,1.715,0.467,0.0
940GZZLUSKW,940GZZLURGP,0.0,1.365,39.05,9.025,2.794,0.643,0.184,0.0
940GZZLUSKW,940GZZLURYO,0.0,0.148,1.865,0.347,0.0,0.118,0.213,0.0
940GZZLUSKW,940GZZLURSQ,0.0,3.0410001,17.403,8.693,5.423,2.662,0.32,0.0
940GZZLUSKW,940GZZLUSJP,0.0,1.09,30.459,7.033,5.877,0.395,0.0,0.0
940GZZLUSKW,940GZZLUSJW,0.0,3.965,25.235,6.251,3.009,1.168,1.249,0.003
940GZZLUSKW,940GZZLUSPU,0.0,5.919,46.244,12.196,4.481,1.728,0.118,0.0
940GZZLUSKW,940GZZLUSBC,0.0,2.686,42.323,25.666,14.667,4.531,2.823,0.006
940GZZLUSKW,940GZZLUSSQ,0.0,7.5020003,88.663,38.052,13.554,2.706,0.213,0.0
940GZZLUSKW,940GZZLUSKS,0.0,7.376,133.34,71.195,20.881,5.963,1.992,0.0
940GZZLUSKW,940GZZLUCHX,0.0,6.124,59.797,36.752,32.234,6.004,1.101,0.002
940GZZLUSKW,940GZZLUSWC,0.0,1.097,16.343,7.738,4.908,2.632,0.929,0.0
940GZZLUSKW,940GZZLUTMP,0.0,2.254,51.791,15.803,6.903,1.665,0.434,0.0
940GZZLUSKW,940GZZLUTCR,0.0,9.217,133.37,60.838,38.796,9.059,1.096,0.0
940GZZLUSKW,940GZZLUTWH,0.0,2.417,51.866,11.037,8.806,1.878,0.67800003,0.0
940GZZLUSKW,940GZZLUVIC,0.0,73.755,650.584,268.945,218.78,77.486,24.609999,0.0
940GZZLUSKW,940GZZLUWRR,0.0,15.031,294.305,64.199,22.051,10.804,1.904,0.003
940GZZLUSKW,940GZZLUWKA,0.0,0.252,15.624,3.729,1.461,0.713,0.51600003,0.0
940GZZLUSKW,940GZZLUWLO,0.06,25.241,178.144,0.0,108.621,19.621,4.566,0.619
940GZZLUSKW,940GZZLUWBN,0.0,1.042,21.098,3.708,3.31,1.251,0.61,0.0
940GZZLUSKW,940GZZLUWHP,0.0,3.678,18.523,3.567,2.134,2.293,1.467,0.019
940GZZLUSKW,940GZZLUWKN,0.0,1.641,15.274,6.611,4.719,2.277,1.241,0.0
940GZZLUSKW,940GZZLUWSM,0.0,0.4,20.606,9.893,1.477,0.64100003,0.011,0.0
940GZZLUSKW,940GZZLUWPL,0.0,3.16,17.995,6.578,3.355,2.03,0.433,0.0
940GZZLUSKW,940GZZLUWIG,0.0,0.773,6.523,3.451,6.802,3.293,1.721,0.0
940GZZLUSKW,940GZZLUERB,0.0,0.328,40.184002,16.942,8.064,1.51,1.3790001,0.0
940GZZLUSKW,940GZZLUPCO,0.0,1.685,100.969,54.059,21.622,9.117,3.759,0.0
940GZZLUSKW,940GZZLUVXL,0.0,34.197,476.614,130.532,114.528,52.707,17.344,0.0
940GZZLUSKW,940GZZLUBXN,0.0,4.68,64.658,109.742,68.658,55.945,17.7,0.0
940GZZLUSKW,940GZZLUSWK,0.0,0.701,14.995,6.197,3.604,1.567,0.007999999,0.0
940GZZLUSKW,940GZZLUBMY,0.0,4.781,16.088,8.222,6.373,5.069,1.475,0.0
940GZZLUSKW,940GZZLUCWR,0.0,1.079,9.295,10.238,10.282,7.646,2.675,0.002
940GZZLUCHX,940GZZLUBBN,0.0,0.0,0.0,4.785,3.722,1.334,0.273,0.0
940GZZLUCHX,940GZZLUALD,0.0,0.0,1.145,3.5049999,2.479,1.555,1.935,0.0
940GZZLUCHX,940GZZLUADE,0.0,0.0,1.443,9.228,12.332,5.821,4.954,0.0
940GZZLUCHX,940GZZLUAGL,0.0,0.133,10.044,34.566,38.759,16.606,12.194,0.0
940GZZLUCHX,940GZZLUBST,0.0,7.395,196.341,200.105,122.118004,50.333,30.058,0.0
940GZZLUCHX,940GZZLUBNK,0.0,1.624,17.709,77.906,51.703,17.638,8.975,0.0
940GZZLUCHX,940GZZLUBSC,0.0,0.03,6.533,4.303,3.176,3.159,0.939,0.0
940GZZLUCHX,940GZZLUBWT,0.0,0.0,0.893,7.107,8.351,7.375,3.071,0.0
940GZZLUCHX,940GZZLUBLG,0.0,1.728,3.588,17.705,24.999,15.073,14.375,0.0
940GZZLUCHX,940GZZLUBKF,0.0,0.0,2.712,17.433,11.208,5.6280003,1.759,0.0
940GZZLUCHX,940GZZLUBND,0.0,0.631,29.42,59.393,27.749,6.248,2.24,0.0
940GZZLUCHX,940GZZLUBOR,0.0,0.0,2.684,17.89,16.173,9.673,9.908,0.0
940GZZLUCHX,940GZZLUCAR,0.0,2.386,14.77,2.616,5.991,2.565,1.485,0.0
940GZZLUCHX,940GZZLUCTN,0.0,4.666,137.42,195.417,130.878,53.076,28.885,0.0
940GZZLUCHX,940GZZLUCST,0.0,0.0,2.258,6.01,3.153,1.897,1.29,0.0
940GZZLUCHX,940GZZLUCHL,0.0,1.858,16.821,34.57,13.24,3.188,2.666,0.0
940GZZLUCHX,940GZZLUEMB,0.0,0.0,2.034,13.18,7.76,4.472,2.144,0.0
940GZZLUCHX,940GZZLUCGN,0.0,0.084,2.903,21.33,10.59,2.723,0.201,0.0
940GZZLUCHX,940GZZLUECT,0.0,0.832,1.526,22.897,18.96,14.505,10.364,0.0
940GZZLUCHX,940GZZLUERC,0.0,0.0,0.0,1.119,0.976,0.446,0.472,0.0
940GZZLUCHX,940GZZLUEAC,0.0,3.9390001,43.425,117.987,140.231,103.3,75.176,0.0
940GZZLUCHX,940GZZLUEUS,0.0,34.883,263.144,393.453,450.72,138.392,76.011,0.008
940GZZLUCHX,940GZZLUESQ,0.0,0.0,0.343,1.916,0.637,0.175,0.17300001,0.0
940GZZLUCHX,940GZZLUFCN,0.0,0.0,3.544,6.894,4.094,1.143,1.039,0.0
940GZZLUCHX,940GZZLUFYR,0.0,0.0,6.791,20.771,37.824,23.137,11.727,0.0
940GZZLUCHX,940GZZLUFPK,0.0,4.3450003,20.604,30.784,69.373,34.852,28.426,0.0
940GZZLUCHX,940GZZLUFBY,0.0,0.0,2.923,7.812,1.462,2.016,0.971,0.0
940GZZLUCHX,940GZZLUGTR,0.0,0.073,4.037,18.1,10.043,7.937,8.681,0.0
940GZZLUCHX,940GZZLUGDG,0.0,32.782,551.428,230.354,112.281,24.976,10.664,0.0
940GZZLUCHX,940GZZLUGPS,0.0,0.0,3.056,3.655,1.75,0.659,0.135,0.0
940GZZLUCHX,940GZZLUGPK,0.0,0.844,21.807,32.151,13.546,4.077,0.669,0.0
940GZZLUCHX,940GZZLUHSD,0.0,1.037,35.17,14.188,16.504,10.12,2.193,0.0
940GZZLUCHX,940GZZLUHAI,0.0,2.312,34.383,49.487,122.676,76.318,42.459,0.0
940GZZLUCHX,940GZZLUHSK,0.0,0.19500001,1.919,11.847,4.861,3.993,2.958,0.0
940GZZLUCHX,940GZZLUHBN,0.0,1.9710001,37.897,35.549,12.365,3.563,2.411,0.0
940GZZLUCHX,940GZZLUHPK,0.0,0.738,24.515,11.6380005,10.882,6.756,4.337,0.0
940GZZLUCHX,940GZZLUHWY,0.0,0.003,7.198,5.137,6.953,2.697,1.975,0.0
940GZZLUCHX,940GZZLUHPC,0.0,1.351,25.527,14.734,6.207,1.544,1.294,0.0
940GZZLUCHX,940GZZLUKNG,0.0,1.4629999,12.142,28.535,45.829,37.892,24.1,0.0
940GZZLUCHX,940GZZLUKOY,0.0,0.0,0.0,0.0,0.0,0.007,0.0,0.0
940GZZLUCHX,940GZZLUKSH,0.0,2.7120001,49.882,34.449,52.546,33.109,20.623,0.010000001
940GZZLUCHX,940GZZLUKBN,0.0,0.857,2.796,11.915,32.55,26.195,24.007,0.0
940GZZLUCHX,940GZZLUKSX,0.0,5.713,55.835,176.578,182.36,65.615,40.461,0.0
940GZZLUCHX,940GZZLUKNB,0.0,10.223001,78.863,80.586,29.666,4.811,2.062,0.0
940GZZLUCHX,940GZZLULBN,0.0,0.188,8.96,59.976,38.871,26.534,25.213,0.0
940GZZLUCHX,940GZZLULGT,0.0,0.295,6.309,16.661,16.782,14.317,11.841,0.0
940GZZLUCHX,940GZZLULSQ,0.0,6.412,28.224,76.071,52.118,22.141,5.706,0.0
940GZZLUCHX,940GZZLULVT,0.0,4.307,31.851,112.273,119.293,39.811,25.077,0.0
940GZZLUCHX,940GZZLULNB,0.0,0.231,18.564,113.401,84.38,38.82,21.983,0.0
940GZZLUCHX,940GZZLUMSH,0.0,0.0,2.353,6.594,2.449,0.601,0.172,0.0
940GZZLUCHX,940GZZLUMBA,0.0,4.345,54.315,53.489,27.478,10.719,9.168,0.0
940GZZLUCHX,940GZZLUMYB,0.0,19.672,222.3,211.871,391.586,153.019,106.477,0.0
940GZZLUCHX,940GZZLUMED,0.0,0.352,0.57600003,6.2660003,3.85,5.656,4.459,0.0
940GZZLUCHX,940GZZLUMGT,0.0,0.0,6.348,16.002,8.877,1.2,1.28,0.0
940GZZLUCHX,940GZZLUMTC,0.0,5.855,134.556,33.893,25.472,15.373,9.808,0.0
940GZZLUCHX,940GZZLUNHG,0.0,0.211,10.953,38.176,27.929,15.991,8.195,0.0
940GZZLUCHX,940GZZLUODS,0.0,0.259,11.951,41.856,35.29,16.723,12.537,0.0
940GZZLUCHX,940GZZLUOVL,0.120000005,1.21,25.718,0.0,64.005,26.709,38.675,0.849
940GZZLUCHX,940GZZLUOXC,0.0,48.261,788.606,662.575,289.977,61.985,14.561,0.009000001
940GZZLUCHX,940GZZLUPAC,0.0,55.462,533.509,549.804,700.914,330.488,207.49,0.0
940GZZLUCHX,940GZZLUPCC,0.0,6.336,81.865,163.703,104.594,26.81,8.81,0.0
940GZZLUCHX,940GZZLUQWY,0.0,1.177,19.768,40.805,35.828,21.91,23.577,0.0
940GZZLUCHX,940GZZLURGP,0.0,13.098,238.89,108.993,45.504,18.93,8.0060005,0.0
940GZZLUCHX,940GZZLURYO,0.0,0.0,1.368,3.672,5.031,4.763,3.613,0.0
940GZZLUCHX,940GZZLURSQ,0.0,2.4490001,39.933,32.701,20.357,10.932,9.052,0.0
940GZZLUCHX,940GZZLUSJP,0.0,0.198,4.7530003,12.077,2.998,2.084,1.499,0.0
940GZZLUCHX,940GZZLUSJW,0.0,0.549,13.142,21.41,29.241,15.32,11.78,0.0
940GZZLUCHX,940GZZLUSPU,0.0,0.0,9.988,44.326,14.941,1.709,2.588,0.0
940GZZLUCHX,940GZZLUSBC,0.0,1.447,31.509,48.985,70.194,26.005,20.509,0.0
940GZZLUCHX,940GZZLUSSQ,0.0,0.139,6.4110003,18.533,5.653,2.0180001,1.68,0.0
940GZZLUCHX,940GZZLUSKS,0.0,0.486,7.374,51.743,16.175,5.004,3.235,0.0
940GZZLUCHX,940GZZLUSKW,0.021000002,4.15,17.867,23.444,44.407,19.667,37.105,0.152
940GZZLUCHX,940GZZLUSWC,0.0,0.0,12.343,16.938,24.866,19.269,13.024,0.0
940GZZLUCHX,940GZZLUTMP,0.0,0.0,1.332,2.969,1.421,0.185,0.0,0.0
940GZZLUCHX,940GZZLUTCR,0.0,52.725998,443.46298,335.422,171.547,43.383,22.42,0.0
940GZZLUCHX,940GZZLUTWH,0.0,0.0,7.874,64.966,33.813,10.602,8.304,0.0
940GZZLUCHX,940GZZLUVIC,0.0,0.543,9.886,45.204998,66.03,22.116,17.177,0.0
940GZZLUCHX,940GZZLUWRR,0.0,48.875,569.326,136.574,56.723,27.046,13.55,0.0
940GZZLUCHX,940GZZLUWKA,0.0,1.988,33.578,42.528,58.539,47.795,25.455,0.0
940GZZLUCHX,940GZZLUWLO,0.0,18.604,93.154,360.533,684.851,384.022,262.195,0.0
940GZZLUCHX,940GZZLUWBN,0.0,0.255,2.748,3.148,1.791,1.288,1.11,0.0
940GZZLUCHX,940GZZLUWHP,0.0,0.0,2.603,26.764,47.306,33.835,21.882,0.0
940GZZLUCHX,940GZZLUWKN,0.0,0.0,0.0,2.091,2.632,1.35,0.87,0.0
940GZZLUCHX,940GZZLUWSM,0.0,0.174,3.455,18.068,6.032,2.187,1.415,0.0
940GZZLUCHX,940GZZLUWPL,0.0,0.0,2.5970001,5.294,6.899,5.024,2.477,0.0
940GZZLUCHX,940GZZLUWIG,0.0,0.78,3.108,18.768,28.866,32.833,27.409,0.0
940GZZLUCHX,940GZZLUERB,0.0,5.197,178.926,81.693,59.223,32.335,31.089,0.0
940GZZLUCHX,940GZZLUPCO,0.0,1.015,1.965,13.9470005,8.56,5.642,4.77,0.0
940GZZLUCHX,940GZZLUVXL,0.0,0.207,9.191,12.987,18.85,10.567,7.597,0.0
940GZZLUCHX,940GZZLUBXN,0.0,1.076,20.497,35.976,76.965,59.542,52.128998,0.0
940GZZLUCHX,940GZZLUSWK,0.0,0.23900001,5.958,32.66,21.979,7.834,5.408,0.0
940GZZLUCHX,940GZZLUBMY,0.0,0.433,1.27,11.853,16.79,13.91,12.195,0.0
940GZZLUCHX,940GZZLUCWR,0.0,0.801,7.613,37.846,50.29,46.182,38.22,0.0
940GZZLUSWC,940GZZLUBBN,0.0,1.078,18.977,10.351,5.84,3.413,1.374,0.0
940GZZLUSWC,940GZZLUALD,0.0,1.608,18.379,7.351,3.207,0.712,0.45700002,0.0
940GZZLUSWC,940GZZLUADE,0.0,0.0,6.137,4.449,2.511,1.5830001,0.34600002,0.0
940GZZLUSWC,940GZZLUAGL,0.0,0.17300001,0.509,4.019,4.904,2.162,1.038,0.0
940GZZLUSWC,940GZZLUBST,0.0,9.814,140.884,161.606,91.625,26.967001,7.762,0.0
940GZZLUSWC,940GZZLUBNK,0.0,5.968,90.259,30.926,13.224,5.283,0.623,0.0
940GZZLUSWC,940GZZLUBSC,0.0,0.548,5.804,5.596,2.662,2.045,0.865,0.0
940GZZLUSWC,940GZZLUBWT,0.0,0.0,0.176,0.775,0.676,0.301,0.108,0.0
940GZZLUSWC,940GZZLUBLG,0.0,0.0,4.874,9.475,7.853,6.173,4.465,0.0
940GZZLUSWC,940GZZLUBKF,0.0,2.93,36.028,10.295,3.7,1.274,0.0,0.0
940GZZLUSWC,940GZZLUBND,0.0,15.181,233.318,285.134,118.769,26.055,3.657,0.0
940GZZLUSWC,940GZZLUBOR,0.0,0.0,1.037,1.156,0.725,0.846,0.215,0.0
940GZZLUSWC,940GZZLUCAR,0.0,0.0,0.465,1.0320001,2.878,1.742,0.364,0.0
940GZZLUSWC,940GZZLUCTN,0.0,0.0,0.157,2.62,1.579,1.018,0.108,0.0
940GZZLUSWC,940GZZLUCST,0.0,1.462,9.719,2.934,0.775,0.151,0.0,0.0
940GZZLUSWC,940GZZLUCHL,0.0,2.155,78.237,27.629,11.586,2.791,0.67,0.0
940GZZLUSWC,940GZZLUEMB,0.0,0.132,13.423,6.967,4.259,1.331,0.276,0.0
940GZZLUSWC,940GZZLUCGN,0.0,2.512,12.08,23.538,13.624,4.751,0.593,0.0
940GZZLUSWC,940GZZLUECT,0.0,0.058000002,7.967,9.788,8.67,4.484,2.05,0.0
940GZZLUSWC,940GZZLUERC,0.0,0.08,1.122,3.23,2.262,0.843,0.256,0.0
940GZZLUSWC,940GZZLUEAC,0.0,0.18900001,7.45,13.351,12.389,9.1380005,1.529,0.0
940GZZLUSWC,940GZZLUEUS,0.0,0.407,2.524,6.428,6.706,1.937,0.509,0.0
940GZZLUSWC,940GZZLUESQ,0.0,1.45,30.238,41.062,22.089,5.616,2.691,0.0
940GZZLUSWC,940GZZLUFCN,0.0,3.247,54.035,16.651001,10.444,4.572,1.018,0.0
940GZZLUSWC,940GZZLUFYR,0.0,1.13,11.215,32.12,20.073,13.622,1.705,0.0
940GZZLUSWC,940GZZLUFPK,0.0,0.399,4.963,13.099,16.321001,12.2630005,3.779,0.0
940GZZLUSWC,940GZZLUFBY,0.0,0.041,8.929,5.1610003,3.698,2.611,0.349,0.0
940GZZLUSWC,940GZZLUGTR,0.0,0.354,9.3,10.192,6.803,2.401,1.516,0.0
940GZZLUSWC,940GZZLUGDG,0.0,0.082,0.379,0.916,0.755,0.003,0.2,0.0
940GZZLUSWC,940GZZLUGPS,0.0,1.109,17.795,13.484,4.647,2.422,1.031,0.0
940GZZLUSWC,940GZZLUGPK,0.0,10.751,184.436,142.946,57.546,16.294,3.846,0.0
940GZZLUSWC,940GZZLUHSD,0.0,1.36,20.093,9.753,9.082,2.861,0.97900003,0.0
940GZZLUSWC,940GZZLUHAI,0.0,0.249,9.224,12.761,22.785,10.929,5.049,0.0
940GZZLUSWC,940GZZLUHSK,0.0,0.3,11.387,11.214,4.338,2.884,0.534,0.0
940GZZLUSWC,940GZZLUHBN,0.0,2.158,68.724,52.653,19.189,7.011,0.899,0.0
940GZZLUSWC,940GZZLUHPK,0.0,0.073,7.208,4.046,6.025,3.18,0.622,0.0
940GZZLUSWC,940GZZLUHWY,0.0,0.0,0.597,4.484,1.942,1.147,0.639,0.0
940GZZLUSWC,940GZZLUHPC,0.0,0.73,5.593,4.536,1.757,0.284,0.4,0.0
940GZZLUSWC,940GZZLUKNG,0.0,0.0,2.747,2.642,4.529,2.169,1.249,0.0
940GZZLUSWC,940GZZLUKOY,0.0,0.0,0.0,0.0,0.0,0.001,0.0,0.0
940GZZLUSWC,940GZZLUKSH,0.0,0.0,0.141,1.262,0.651,0.433,0.014,0.0
940GZZLUSWC,940GZZLUKBN,0.0,1.138,29.598999,77.854996,69.436,51.104,16.387,0.0
940GZZLUSWC,940GZZLUKSX,0.0,4.616,29.31,53.338,37.144,16.991,4.405,0.0
940GZZLUSWC,940GZZLUKNB,0.0,1.6259999,18.777,26.123,8.28,2.893,0.412,0.0
940GZZLUSWC,940GZZLULBN,0.0,0.248,2.69,3.09,1.057,2.1660001,0.976,0.0
940GZZLUSWC,940GZZLULGT,0.0,0.0,1.847,5.291,4.1,0.932,0.812,0.0
940GZZLUSWC,940GZZLULSQ,0.0,0.33,4.996,16.869,14.684,5.386,1.256,0.0
940GZZLUSWC,940GZZLULVT,0.0,9.158,98.859,31.93,30.676,9.093,3.862,0.0
940GZZLUSWC,940GZZLULNB,0.0,14.031,146.981,128.827,145.815,54.769,19.806,0.0
940GZZLUSWC,940GZZLUMSH,0.0,3.064,25.057,3.47,0.488,0.477,0.107,0.0
940GZZLUSWC,940GZZLUMBA,0.0,0.796,10.481,11.205,4.374,2.389,1.267,0.0
940GZZLUSWC,940GZZLUMYB,0.0,0.85,21.846,15.098,18.949,7.161,1.342,0.0
940GZZLUSWC,940GZZLUMED,0.0,0.0,6.744,14.344,7.638,3.348,2.97,0.0
940GZZLUSWC,940GZZLUMGT,0.0,4.987,47.812,12.667,5.025,0.785,0.37,0.0
940GZZLUSWC,940GZZLUNHG,0.0,0.12,11.396,16.402,9.291,4.01,1.07,0.0
940GZZLUSWC,940GZZLUODS,0.0,0.343,4.921,7.813,5.592,5.161,1.3379999,0.0
940GZZLUSWC,940GZZLUOVL,0.0,0.0,1.285,1.796,4.572,1.901,1.229,0.0
940GZZLUSWC,940GZZLUOXC,0.0,3.039,45.466,75.069,31.014,9.735,1.1060001,0.0
940GZZLUSWC,940GZZLUPAC,0.0,4.743,71.96,56.772,74.115,23.487,5.805,0.0
940GZZLUSWC,940GZZLUPCC,0.0,4.147,40.897,58.066,38.094,15.291,3.434,0.0
940GZZLUSWC,940GZZLUQWY,0.0,1.342,5.312,8.940001,6.179,4.071,2.69,0.0
940GZZLUSWC,940GZZLURGP,0.0,0.095,21.387,10.103,4.724,1.047,0.527,0.0
940GZZLUSWC,940GZZLURYO,0.0,0.147,1.154,2.114,3.869,1.393,0.349,0.0
940GZZLUSWC,940GZZLURSQ,0.0,0.168,5.1,10.137,7.571,3.714,1.283,0.0
940GZZLUSWC,940GZZLUSJP,0.0,0.24,10.633,6.671,4.022,0.737,0.917,0.0
940GZZLUSWC,940GZZLUSJW,0.0,0.926,44.427,78.743004,47.071,19.25,3.682,0.0
940GZZLUSWC,940GZZLUSPU,0.0,6.9110003,96.278,23.939,5.88,1.479,0.47,0.0
940GZZLUSWC,940GZZLUSBC,0.0,0.66,10.78,16.805,10.858,5.687,3.343,0.0
940GZZLUSWC,940GZZLUSSQ,0.0,1.838,20.691,25.457,11.392,3.234,1.508,0.0
940GZZLUSWC,940GZZLUSKS,0.0,1.528,49.493,50.651,14.909,3.272,1.179,0.0
940GZZLUSWC,940GZZLUSKW,0.0,0.0,2.593,5.517,6.452,7.041,3.321,0.0
940GZZLUSWC,940GZZLUCHX,0.0,1.305,19.334,24.78,26.942,4.158,1.115,0.0
940GZZLUSWC,940GZZLUTMP,0.0,0.264,26.183,19.091,6.157,1.15,0.0,0.0
940GZZLUSWC,940GZZLUTCR,0.0,1.254,39.572,53.867,33.428,10.136,1.164,0.0
940GZZLUSWC,940GZZLUTWH,0.0,1.083,15.945,9.057,7.53,1.998,0.454,0.0
940GZZLUSWC,940GZZLUVIC,0.0,17.065,136.334,104.18,123.053,45.017,14.029,0.0
940GZZLUSWC,940GZZLUWRR,0.0,1.603,3.834,5.951,2.411,0.903,0.872,0.0
940GZZLUSWC,940GZZLUWKA,0.0,0.0,1.713,4.287,3.458,1.4070001,0.677,0.0
940GZZLUSWC,940GZZLUWLO,0.0,22.694,121.046,100.056,172.963,64.251,28.522,0.0
940GZZLUSWC,940GZZLUWBN,0.0,0.882,4.621,2.727,1.537,0.788,0.316,0.0
940GZZLUSWC,940GZZLUWHP,0.0,6.608,80.691,118.385,136.029,59.533,16.647,0.001
940GZZLUSWC,940GZZLUWKN,0.0,0.0,1.11,0.72400004,2.656,2.716,0.705,0.0
940GZZLUSWC,940GZZLUWSM,0.0,4.291,136.287,58.939,27.105999,5.534,1.672,0.0
940GZZLUSWC,940GZZLUWPL,0.0,0.436,2.782,1.482,0.195,0.445,0.07,0.0
940GZZLUSWC,940GZZLUWIG,0.0,0.326,13.898,57.743,96.861,62.628,30.524,0.0
940GZZLUSWC,940GZZLUERB,0.0,0.18,9.934,10.758,5.096,3.307,1.401,0.0
940GZZLUSWC,940GZZLUPCO,0.0,0.067,8.726,11.071,7.822,5.263,2.576,0.0
940GZZLUSWC,940GZZLUVXL,0.0,2.371,29.945,15.132,20.883,13.291,4.388,0.0
940GZZLUSWC,940GZZLUBXN,0.0,0.552,12.7109995,19.615,35.589,22.397,10.357,0.0
940GZZLUSWC,940GZZLUSWK,0.0,7.725,86.614,56.959,40.872,10.349,4.756,0.0
940GZZLUSWC,940GZZLUBMY,0.0,1.773,9.096,10.185,12.087,7.613,3.156,0.0
940GZZLUSWC,940GZZLUCWR,0.0,4.9900002,33.769,54.152,63.974,45.078,17.813,0.0
940GZZLUTMP,940GZZLUBBN,0.0,0.0,0.55,7.162,7.027,2.39,1.098,0.0
940GZZLUTMP,940GZZLUALD,0.0,0.0,2.111,21.636,23.132,8.196,6.7790003,0.0
940GZZLUTMP,940GZZLUADE,0.0,0.082,14.657,152.826,208.098,100.974,42.322998,0.0
940GZZLUTMP,940GZZLUAGL,0.0,0.0,0.376,4.417,7.995,2.502,1.159,0.0
940GZZLUTMP,940GZZLUBST,0.0,0.0,4.089,26.949,29.214,7.795,2.462,0.0
940GZZLUTMP,940GZZLUBNK,0.0,0.741,33.268,241.262,345.674,102.036,33.309002,0.0
940GZZLUTMP,940GZZLUBSC,0.0,0.0,0.529,8.934,22.382,12.72,3.543,0.0
940GZZLUTMP,940GZZLUBWT,0.0,0.0,0.312,13.466,24.905,12.95,11.204,0.0
940GZZLUTMP,940GZZLUBLG,0.0,0.0,0.080000006,3.127,8.228,1.847,0.754,0.0
940GZZLUTMP,940GZZLUBKF,0.0,0.546,10.13,95.371,244.603,76.353,33.404,0.0
940GZZLUTMP,940GZZLUBND,0.0,0.22500001,2.901,28.397,25.426,3.61,0.426,0.0
940GZZLUTMP,940GZZLUBOR,0.0,0.0,0.421,20.853,16.95,9.134,1.63,0.0
940GZZLUTMP,940GZZLUCAR,0.0,0.0,0.0,0.29500002,0.569,0.289,0.507,0.0
940GZZLUTMP,940GZZLUCTN,0.0,0.0,0.644,11.453,13.949,4.456,2.268,0.0
940GZZLUTMP,940GZZLUCST,0.0,0.813,14.876,108.894,211.408,58.471,20.429,0.0
940GZZLUTMP,940GZZLUEMB,0.0,0.292,3.78,54.95,79.381996,24.485,8.758,0.0
940GZZLUTMP,940GZZLUCGN,0.0,0.0,0.0,2.3,1.692,0.255,0.0,0.0
940GZZLUTMP,940GZZLUECT,0.0,0.085,4.213,48.507,98.352,57.131,23.454,0.0
940GZZLUTMP,940GZZLUERC,0.0,0.0,0.79,3.424,2.641,1.882,0.73,0.0
940GZZLUTMP,940GZZLUEAC,0.0,0.0,1.14,5.831,10.367,3.17,2.088,0.0
940GZZLUTMP,940GZZLUEUS,0.0,0.453,2.537,26.67,43.976,12.267,2.135,0.0
940GZZLUTMP,940GZZLUESQ,0.0,0.0,0.061,1.776,2.663,1.05,0.415,0.0
940GZZLUTMP,940GZZLUFCN,0.0,0.0,0.976,4.937,1.286,0.371,0.773,0.0
940GZZLUTMP,940GZZLUFYR,0.0,0.359,0.756,10.179,24.511,14.17,2.863,0.0
940GZZLUTMP,940GZZLUFPK,0.0,0.178,1.406,2.165,5.125,2.894,2.789,0.0
940GZZLUTMP,940GZZLUFBY,0.0,0.0,3.6829998,28.245,84.203,40.887,7.9240003,0.0
940GZZLUTMP,940GZZLUGTR,0.0,0.236,4.404,46.81,87.684,46.163002,17.156,0.0
940GZZLUTMP,940GZZLUGDG,0.0,0.0,1.419,12.95,6.595,2.494,0.397,0.0
940GZZLUTMP,940GZZLUGPS,0.0,0.0,0.16,1.177,1.036,0.201,1.088,0.0
940GZZLUTMP,940GZZLUGPK,0.0,0.126,4.28,26.445,18.546,5.513,0.44,0.0
940GZZLUTMP,940GZZLUHSD,0.0,0.433,6.178,44.041,98.801,44.009,14.108,0.0
940GZZLUTMP,940GZZLUHAI,0.0,0.041,0.375,3.596,3.658,5.209,1.684,0.0
940GZZLUTMP,940GZZLUHSK,0.0,0.236,3.56,54.228,60.865,20.226,8.753,0.0
940GZZLUTMP,940GZZLUHBN,0.0,0.0,0.147,1.7310001,0.832,0.52,0.009,0.0
940GZZLUTMP,940GZZLUHPK,0.0,0.0,0.194,0.714,0.875,0.37600002,0.004,0.0
940GZZLUTMP,940GZZLUHPC,0.0,0.0,0.182,2.825,1.283,0.19700001,0.58,0.0
940GZZLUTMP,940GZZLUKNG,0.0,0.0,0.433,5.364,15.224,11.267,3.174,0.0
940GZZLUTMP,940GZZLUKOY,0.0,0.0,0.0,0.0,0.0,0.068,0.0,0.0
940GZZLUTMP,940GZZLUKSH,0.0,0.079,0.007,3.428,5.779,3.706,1.292,0.0
940GZZLUTMP,940GZZLUKBN,0.0,0.0,0.119,4.662,15.242,9.264,3.8240001,0.0
940GZZLUTMP,940GZZLUKSX,0.0,0.423,1.547,24.745,23.002,9.135,5.623,0.0
940GZZLUTMP,940GZZLUKNB,0.0,0.103,0.718,7.745,5.904,0.804,0.003,0.0
940GZZLUTMP,940GZZLULBN,0.0,0.0,0.113000005,3.4620001,5.281,2.103,0.85,0.0
940GZZLUTMP,940GZZLULGT,0.0,0.0,0.29500002,0.775,1.579,0.537,0.677,0.0
940GZZLUTMP,940GZZLULSQ,0.0,0.48499998,1.403,14.099,13.021,4.238,2.293,0.0
940GZZLUTMP,940GZZLULVT,0.0,0.879,9.244,93.443,223.44301,61.363,27.735,0.0
940GZZLUTMP,940GZZLULNB,0.0,0.43,4.558,72.576,86.393,39.729,11.877,0.0
940GZZLUTMP,940GZZLUMSH,0.0,0.179,24.44,76.218,39.065,6.571,2.6,0.0
940GZZLUTMP,940GZZLUMBA,0.0,0.0,0.0,2.3930001,2.525,0.514,0.321,0.0
940GZZLUTMP,940GZZLUMYB,0.0,0.284,2.15,20.887001,57.06,14.284,3.055,0.0
940GZZLUTMP,940GZZLUMED,0.0,0.23099999,1.056,21.332,61.065998,30.557,13.587,0.0
940GZZLUTMP,940GZZLUMGT,0.0,0.0,1.6850001,14.988,14.456,2.98,1.659,0.0
940GZZLUTMP,940GZZLUMTC,0.0,0.0,0.248,3.279,3.025,1.239,0.479,0.0
940GZZLUTMP,940GZZLUNHG,0.0,0.0,1.446,13.046,30.332,14.564,4.164,0.0
940GZZLUTMP,940GZZLUODS,0.0,0.072,2.071,20.567,22.269001,8.018,2.383,0.0
940GZZLUTMP,940GZZLUOVL,0.0,0.0,0.187,3.975,9.071,6.751,1.507,0.0
940GZZLUTMP,940GZZLUOXC,0.0,0.0,6.906,30.735,30.364,6.028,1.081,0.0
940GZZLUTMP,940GZZLUPAC,0.0,0.387,7.02,81.44,125.511,46.156,16.156,0.0
940GZZLUTMP,940GZZLUPCC,0.0,0.941,1.718,27.089,22.661,6.938,1.924,0.0
940GZZLUTMP,940GZZLUQWY,0.0,0.0,0.0,1.1850001,1.709,0.257,0.443,0.0
940GZZLUTMP,940GZZLURGP,0.0,0.18,0.39000002,10.252,7.88,2.79,0.376,0.0
940GZZLUTMP,940GZZLURYO,0.0,0.0,0.125,0.385,1.218,0.375,0.546,0.0
940GZZLUTMP,940GZZLURSQ,0.0,0.0,0.0,4.574,0.918,0.564,0.244,0.0
940GZZLUTMP,940GZZLUSJP,0.0,0.093,32.651,232.176,124.33,37.533,10.361,0.0
940GZZLUTMP,940GZZLUSJW,0.0,0.0,0.362,12.049,20.907999,8.3949995,2.28,0.0
940GZZLUTMP,940GZZLUSBC,0.0,0.0,0.29500002,3.5870001,4.94,2.002,1.026,0.0
940GZZLUTMP,940GZZLUSSQ,0.0,0.086,14.132,149.054,221.398,85.79,19.804,0.0
940GZZLUTMP,940GZZLUSKS,0.0,1.758,14.03,126.403,141.828,60.839,16.966,0.0
940GZZLUTMP,940GZZLUSKW,0.0,0.399,0.238,6.972,19.804,13.858,5.028,0.0
940GZZLUTMP,940GZZLUCHX,0.0,0.0,0.144,1.64,2.261,0.199,0.338,0.0
940GZZLUTMP,940GZZLUSWC,0.0,0.0,0.252,6.968,22.043,12.389,3.686,0.0
940GZZLUTMP,940GZZLUTCR,0.0,0.0,1.347,16.778,12.691,2.485,0.472,0.0
940GZZLUTMP,940GZZLUTWH,0.0,1.534,27.485,215.553,606.307,142.418,80.981,0.0
940GZZLUTMP,940GZZLUVIC,0.0,0.499,10.745,99.545,248.446,113.709,41.738,0.0
940GZZLUTMP,940GZZLUWRR,0.0,0.0,0.911,9.999,7.458,2.097,1.1850001,0.0
940GZZLUTMP,940GZZLUWKA,0.0,0.0,0.333,2.71,11.11,5.913,0.505,0.0
940GZZLUTMP,940GZZLUWLO,0.0,0.065,3.011,37.865,102.086,37.529,9.861,0.0
940GZZLUTMP,940GZZLUWBN,0.0,0.336,2.478,14.4140005,35.113,15.074,5.404,0.0
940GZZLUTMP,940GZZLUWHP,0.0,0.315,0.3,7.517,20.289,9.173,4.315,0.0
940GZZLUTMP,940GZZLUWKN,0.0,0.0,1.048,27.884,48.822998,34.427002,10.735,0.0
940GZZLUTMP,940GZZLUWSM,0.0,0.564,20.563,108.591,59.33,13.067,2.906,0.0
940GZZLUTMP,940GZZLUWPL,0.0,0.651,4.621,81.648,203.653,107.844,32.51,0.0
940GZZLUTMP,940GZZLUWIG,0.0,0.076000005,0.286,6.576,19.733,11.892,4.249,0.0
940GZZLUTMP,940GZZLUERB,0.0,0.0,1.068,5.497,8.743,2.12,0.992,0.0
940GZZLUTMP,940GZZLUPCO,0.0,0.0,1.686,16.353,27.449,13.7300005,7.346,0.0
940GZZLUTMP,940GZZLUVXL,0.0,0.256,2.585,79.717,124.075,58.908,16.783,0.0
940GZZLUTMP,940GZZLUBXN,0.0,0.498,1.512,18.378,71.118004,39.029,13.899,0.0
940GZZLUTMP,940GZZLUSWK,0.0,0.0,0.68700004,19.433,26.736,6.5820003,2.619,0.0
940GZZLUTMP,940GZZLUBMY,0.0,0.0,0.46,7.267,15.909,7.673,3.842,0.0
940GZZLUTMP,940GZZLUCWR,0.0,0.416,1.668,37.942,67.412,51.453,19.688,0.0
940GZZLUTCR,940GZZLUBBN,0.0,0.0,1.193,7.168,8.759,2.012,1.839,0.0
940GZZLUTCR,940GZZLUALD,0.0,0.06,9.847,50.961998,51.493,34.673,19.853,0.0
940GZZLUTCR,940GZZLUADE,0.0,0.053000003,7.109,52.572,59.837,47.505,26.847,0.0
940GZZLUTCR,940GZZLUAGL,0.0,0.177,4.461,55.5,67.5,31.652,11.466,0.0
940GZZLUTCR,940GZZLUBST,0.0,0.184,10.911,92.06,50.848,25.383,14.817,0.0
940GZZLUTCR,940GZZLUBNK,0.0,21.052,190.242,1122.804,1380.407,713.721,363.431,0.0
940GZZLUTCR,940GZZLUBSC,0.0,0.054,1.524,8.7560005,16.934,14.919,5.787,0.0
940GZZLUTCR,940GZZLUBWT,0.0,0.0,0.098,6.952,11.114,8.502,4.654,0.0
940GZZLUTCR,940GZZLUBLG,0.0,1.464,21.777,208.25,441.917,396.727,256.074,0.0
940GZZLUTCR,940GZZLUBKF,0.0,0.273,5.995,43.548,53.653,23.299,11.657,0.0
940GZZLUTCR,940GZZLUBND,0.0,0.792,26.911,346.496,188.477,75.066,18.634,0.0
940GZZLUTCR,940GZZLUBOR,0.0,0.0,3.536,40.502,41.827,31.544,16.284,0.0
940GZZLUTCR,940GZZLUCAR,0.0,0.072000004,2.811,14.738,19.706,20.039,9.994,0.0
940GZZLUTCR,940GZZLUCTN,0.0,0.787,22.632,314.13,214.58,117.329,41.608,0.0
940GZZLUTCR,940GZZLUCST,0.0,0.274,2.516,6.998,18.459,12.554,7.25,0.0
940GZZLUTCR,940GZZLUCHL,0.0,1.122,46.432,426.869,174.267,61.578,29.286,0.0
940GZZLUTCR,940GZZLUEMB,0.0,0.276,9.36,103.431,86.36,29.212,12.039,0.0
940GZZLUTCR,940GZZLUCGN,0.0,0.078,1.734,33.131,24.782,9.8029995,1.389,0.0
940GZZLUTCR,940GZZLUECT,0.0,0.0,4.16,47.147,57.623,52.422,28.906,0.0
940GZZLUTCR,940GZZLUERC,0.0,0.17300001,0.120000005,2.953,2.026,1.048,2.604,0.0
940GZZLUTCR,940GZZLUEAC,0.0,0.47,8.398,62.519,105.879,75.086,35.108,0.0
940GZZLUTCR,940GZZLUEUS,0.0,2.087,22.928,277.742,398.274,210.72,115.385,0.085
940GZZLUTCR,940GZZLUFCN,0.0,0.0,1.065,12.023,3.878,1.251,0.754,0.0
940GZZLUTCR,940GZZLUFYR,0.0,0.091,1.794,24.536,41.841,36.239,20.438,0.0
940GZZLUTCR,940GZZLUFPK,0.0,0.219,2.391,48.9,86.411,67.698,38.754,0.002
940GZZLUTCR,940GZZLUFBY,0.0,0.0,1.3050001,23.462,29.743,19.29,10.047,0.0
940GZZLUTCR,940GZZLUGTR,0.0,0.0,2.321,31.182,39.316,28.192,17.613,0.0
940GZZLUTCR,940GZZLUGDG,0.0,0.069000006,1.569,22.749,8.472,5.848,1.949,0.0
940GZZLUTCR,940GZZLUGPS,0.0,0.0,0.0,1.489,2.173,1.0370001,0.039,0.0
940GZZLUTCR,940GZZLUGPK,0.0,0.89100003,9.88,72.602,28.9,11.98,3.707,0.0
940GZZLUTCR,940GZZLUHSD,0.0,0.74,3.884,31.518,49.242,27.084,14.396,0.0
940GZZLUTCR,940GZZLUHAI,0.0,0.201,5.611,62.111,139.485,101.561,54.259,0.0
940GZZLUTCR,940GZZLUHSK,0.0,0.667,12.874,69.305,52.862,27.351,16.425,0.0
940GZZLUTCR,940GZZLUHBN,0.0,0.203,11.725,160.824,72.303,30.855,11.47,0.0
940GZZLUTCR,940GZZLUHPK,0.0,0.0,7.576,62.41,74.513,61.55,41.575,0.0
940GZZLUTCR,940GZZLUHWY,0.0,0.0,0.569,16.43,23.97,26.427,9.642,0.0
940GZZLUTCR,940GZZLUHPC,0.0,0.0,3.063,16.844,8.727,2.355,1.425,0.0
940GZZLUTCR,940GZZLUKNG,0.0,0.912,4.899,71.612,165.488,117.673,63.36,0.0
940GZZLUTCR,940GZZLUKOY,0.0,0.0,0.0,0.0,0.0,0.1,0.0,0.0
940GZZLUTCR,940GZZLUKSH,0.007,0.096,21.607,90.906,148.287,125.241,51.115,0.096
940GZZLUTCR,940GZZLUKBN,0.0,1.855,2.338,29.184,72.193,62.634,49.412,0.0
940GZZLUTCR,940GZZLUKSX,0.0,2.028,15.26,242.334,275.071,123.049,71.935,0.0
940GZZLUTCR,940GZZLUKNB,0.0,0.864,10.266,70.747,42.893,12.692,2.3370001,0.0
940GZZLUTCR,940GZZLULBN,0.0,0.09,0.514,22.734,25.427,13.809,9.254,0.0
940GZZLUTCR,940GZZLULGT,0.0,0.942,14.219,150.908,229.342,149.779,99.543,0.0
940GZZLUTCR,940GZZLULSQ,0.0,0.475,7.036,155.916,109.382,60.663,14.985,0.0
940GZZLUTCR,940GZZLULVT,0.0,10.1,171.196,1244.625,2093.596,943.323,510.984,0.0
940GZZLUTCR,940GZZLULNB,0.0,1.087,25.919,296.26,320.022,167.502,74.69,0.0
940GZZLUTCR,940GZZLUMSH,0.0,0.0,1.38,2.911,1.958,0.997,0.942,0.0
940GZZLUTCR,940GZZLUMBA,0.0,1.489,27.102,198.219,158.735,86.643,55.418,0.0
940GZZLUTCR,940GZZLUMYB,0.0,0.234,5.282,60.423,138.647,57.846,35.132,0.0
940GZZLUTCR,940GZZLUMED,0.0,2.012,13.8880005,149.582,282.818,269.681,183.984,0.0
940GZZLUTCR,940GZZLUMGT,0.0,0.943,3.501,19.788,17.231,5.733,1.799,0.0
940GZZLUTCR,940GZZLUMTC,0.0,0.181,10.651,72.993004,51.844,37.421,20.954,0.0
940GZZLUTCR,940GZZLUNHG,0.0,1.425,29.566,234.985,259.973,211.886,125.917,0.0
940GZZLUTCR,940GZZLUODS,0.0,0.099,14.113,121.089,116.965,68.024,33.072998,0.0
940GZZLUTCR,940GZZLUOVL,0.056,2.035,22.473999,45.258,138.456,85.707,88.182,0.372
940GZZLUTCR,940GZZLUOXC,0.0,0.356,11.288,223.447,122.307,38.683,11.321,0.0
940GZZLUTCR,940GZZLUPAC,0.0,0.54399997,13.419,147.049,201.877,106.993,46.86,0.0
940GZZLUTCR,940GZZLUPCC,0.0,0.19500001,3.973,44.829,33.812,14.117,4.325,0.0
940GZZLUTCR,940GZZLUQWY,0.0,0.631,14.2560005,182.671,226.592,225.908,163.94,0.0
940GZZLUTCR,940GZZLURGP,0.0,0.0,0.921,8.469,4.72,1.459,1.306,0.0
940GZZLUTCR,940GZZLURYO,0.0,0.0,0.0,3.076,0.541,1.242,1.395,0.0
940GZZLUTCR,940GZZLURSQ,0.0,0.0,1.317,30.013,20.698,23.645,13.785,0.0
940GZZLUTCR,940GZZLUSJP,0.0,0.209,9.645,56.849,25.223,9.621,6.96,0.0
940GZZLUTCR,940GZZLUSJW,0.0,0.126,7.066,41.398,50.397,30.723,20.128,0.0
940GZZLUTCR,940GZZLUSPU,0.0,2.421,103.179,543.46,243.384,86.375,40.041,0.0
940GZZLUTCR,940GZZLUSBC,0.0,2.668,35.842,293.152,490.759,333.393,174.527,0.0
940GZZLUTCR,940GZZLUSSQ,0.0,0.067,14.311,52.93,42.947998,18.71,8.34,0.0
940GZZLUTCR,940GZZLUSKS,0.0,0.0,11.192,108.961,54.357,26.837,13.885,0.0
940GZZLUTCR,940GZZLUSKW,0.0,0.578,5.087,41.283,98.538,77.79,40.256,0.0
940GZZLUTCR,940GZZLUCHX,0.0,3.492,32.511,281.776,591.445,283.759,143.133,0.0
940GZZLUTCR,940GZZLUSWC,0.0,0.87299997,4.108,25.233,38.65,37.026,29.898,0.0
940GZZLUTCR,940GZZLUTMP,0.0,0.0,1.057,12.025,6.588,4.844,1.452,0.0
940GZZLUTCR,940GZZLUTWH,0.0,0.134,18.521,120.714,160.989,54.158,21.617,0.0
940GZZLUTCR,940GZZLUVIC,0.0,5.357,50.884,457.927,874.432,350.871,204.115,0.0
940GZZLUTCR,940GZZLUWRR,0.0,0.818,11.539,94.732,47.486,21.707,14.843,0.0
940GZZLUTCR,940GZZLUWKA,0.0,0.0,1.941,16.713,20.071,17.89,6.586,0.0
940GZZLUTCR,940GZZLUWLO,0.0,6.42,66.706,705.095,1948.847,908.283,431.15,0.0
940GZZLUTCR,940GZZLUWBN,0.0,0.038,2.1560001,12.516,17.242,13.205,5.463,0.0
940GZZLUTCR,940GZZLUWHP,0.0,0.241,2.35,28.449,75.795,68.039,40.23,0.0
940GZZLUTCR,940GZZLUWKN,0.0,0.0,0.602,10.376,12.996,11.148,4.47,0.0
940GZZLUTCR,940GZZLUWSM,0.0,0.236,13.505,70.116,30.984,6.444,3.245,0.0
940GZZLUTCR,940GZZLUWPL,0.0,0.179,3.219,30.618,35.988,26.313,11.886,0.0
940GZZLUTCR,940GZZLUWIG,0.0,0.345,1.234,32.635,77.363,61.819,44.711,0.0
940GZZLUTCR,940GZZLUERB,0.0,0.0,2.474,18.488,20.608,15.253,7.555,0.0
940GZZLUTCR,940GZZLUPCO,0.0,0.081,9.55,43.947,34.428,27.995,16.629,0.0
940GZZLUTCR,940GZZLUVXL,0.0,0.2,8.621,54.163,106.782,70.834,42.534,0.0
940GZZLUTCR,940GZZLUBXN,0.0,0.485,8.841,88.272,216.598,185.894,99.808,0.0
940GZZLUTCR,940GZZLUSWK,0.0,0.344,8.938,59.49,51.144,27.676,13.485,0.0
940GZZLUTCR,940GZZLUBMY,0.0,1.429,5.942,37.757,66.534,47.785,20.428,0.0
940GZZLUTCR,940GZZLUCWR,0.0,0.338,8.808,123.228,224.3,217.665,107.528,0.0
940GZZLUTWH,940GZZLUBBN,0.0,6.268,120.567,65.953,27.239,7.415,4.2,0.0
940GZZLUTWH,940GZZLUALD,0.0,0.302,4.16,12.983,25.008,3.096,2.069,0.0
940GZZLUTWH,940GZZLUADE,0.0,2.379,24.422,69.463,52.975,23.003,7.442,0.0
940GZZLUTWH,940GZZLUAGL,0.0,4.784,60.766,31.223,31.779,13.825,2.653,0.0
940GZZLUTWH,940GZZLUBST,0.0,3.732,58.371,92.721,59.324,15.8,5.983,0.0
940GZZLUTWH,940GZZLUBNK,0.0,10.197,75.475,185.241,189.133,40.511,13.804,0.0
940GZZLUTWH,940GZZLUBSC,0.0,2.606,14.596,11.357,24.677,9.839,4.955,0.0
940GZZLUTWH,940GZZLUBWT,0.0,1.401,8.12,37.118,49.432,22.462,12.07,0.0
940GZZLUTWH,940GZZLUBLG,0.0,0.275,1.78,8.104,8.862,5.738,1.971,0.0
940GZZLUTWH,940GZZLUBKF,0.0,94.474,801.859,283.906,436.452,76.426,31.41,0.0
940GZZLUTWH,940GZZLUBND,0.0,7.743,84.984,94.148,59.227,8.498,2.786,0.0
940GZZLUTWH,940GZZLUBOR,0.0,0.846,9.217,9.14,3.237,2.049,0.915,0.0
940GZZLUTWH,940GZZLUCAR,0.0,0.198,5.435,5.026,7.037,3.348,1.967,0.0
940GZZLUTWH,940GZZLUCTN,0.0,4.987,34.433,99.285,43.784,13.557,3.5640001,0.0
940GZZLUTWH,940GZZLUCST,0.0,14.055,163.433,139.342,312.59702,55.195,13.799,0.0
940GZZLUTWH,940GZZLUCHL,0.0,1.215,14.552,18.612,9.03,1.437,0.568,0.0
940GZZLUTWH,940GZZLUEMB,0.0,117.931,659.08203,557.755,493.167,85.307,15.617,0.0
940GZZLUTWH,940GZZLUCGN,0.0,0.097,1.989,41.132,22.296,2.35,0.199,0.0
940GZZLUTWH,940GZZLUECT,0.0,24.091,73.812,72.024,110.454,45.878,26.235,0.0
940GZZLUTWH,940GZZLUERC,0.0,4.957,39.858,31.185,32.234,10.745,5.784,0.0
940GZZLUTWH,940GZZLUEAC,0.0,1.594,27.085001,19.137,13.82,5.635,3.125,0.0
940GZZLUTWH,940GZZLUEUS,0.0,11.364,35.1,65.118,98.253,20.452,3.464,0.0
940GZZLUTWH,940GZZLUESQ,0.0,17.442999,142.371,147.949,108.355,24.422,11.273,0.0
940GZZLUTWH,940GZZLUFCN,0.0,14.368,270.212,132.218,81.223,28.34,10.928,0.0
940GZZLUTWH,940GZZLUFYR,0.0,0.244,1.253,4.107,8.863,3.1,2.535,0.0
940GZZLUTWH,940GZZLUFPK,0.0,0.0,3.76,8.517,22.258,7.969,5.486,0.0
940GZZLUTWH,940GZZLUFBY,0.0,4.213,50.632,31.398,65.275,17.541,7.234,0.0
940GZZLUTWH,940GZZLUGTR,0.0,14.927,66.868,58.845,80.986,28.295,15.427,0.0
940GZZLUTWH,940GZZLUGDG,0.0,3.318,51.327,23.068,17.494,4.194,0.191,0.0
940GZZLUTWH,940GZZLUGPS,0.0,11.28,70.729004,41.275,19.977,7.96,4.622,0.0
940GZZLUTWH,940GZZLUGPK,0.0,16.799,103.731,92.056,57.226,9.561,2.231,0.0
940GZZLUTWH,940GZZLUHSD,0.0,17.387,132.024,61.374,124.77,38.099,15.436,0.0
940GZZLUTWH,940GZZLUHAI,0.0,0.0,0.505,0.042,0.669,0.69,0.331,0.0
940GZZLUTWH,940GZZLUHSK,0.0,23.116,102.340996,61.806,64.616,23.239,7.964,0.0
940GZZLUTWH,940GZZLUHBN,0.0,3.492,21.612,58.653,34.469,5.515,2.913,0.0
940GZZLUTWH,940GZZLUHPK,0.0,0.138,4.84,4.32,2.78,1.211,0.84499997,0.0
940GZZLUTWH,940GZZLUHWY,0.0,0.225,4.379,4.585,4.958,3.792,2.134,0.0
940GZZLUTWH,940GZZLUHPC,0.0,0.911,7.54,14.795,8.005,1.894,0.105000004,0.0
940GZZLUTWH,940GZZLUKNG,0.0,0.37,3.228,5.327,9.228,3.757,3.422,0.0
940GZZLUTWH,940GZZLUKOY,0.0,0.0,0.0,0.0,0.0,0.126,0.0,0.0
940GZZLUTWH,940GZZLUKSH,0.0,0.713,5.277,3.638,13.182,3.338,2.305,0.0
940GZZLUTWH,940GZZLUKBN,0.0,0.0,1.326,6.5230002,14.213,7.985,4.643,0.0
940GZZLUTWH,940GZZLUKSX,0.0,38.548,210.951,359.2,344.27,83.208,35.806,0.0
940GZZLUTWH,940GZZLUKNB,0.0,1.949,28.076,89.375,54.408,5.285,0.673,0.0
940GZZLUTWH,940GZZLULBN,0.0,2.796,21.484,19.172,11.88,3.512,2.2810001,0.0
940GZZLUTWH,940GZZLULGT,0.0,0.866,2.172,10.179,9.488,3.816,1.183,0.0
940GZZLUTWH,940GZZLULSQ,0.0,4.865,41.301,136.431,135.723,32.09,9.117,0.0
940GZZLUTWH,940GZZLULVT,0.0,15.979,114.307,251.065,326.633,95.885,42.108,0.0
940GZZLUTWH,940GZZLULNB,0.0,1.87,18.565,49.054,47.065,16.005,6.469,0.0
940GZZLUTWH,940GZZLUMSH,0.0,18.566,302.924,203.184,57.407,11.754,1.711,0.0
940GZZLUTWH,940GZZLUMBA,0.0,1.38,22.023,33.797,24.344,4.451,2.327,0.0
940GZZLUTWH,940GZZLUMYB,0.0,0.932,23.921,26.918,61.652,10.166,4.598,0.0
940GZZLUTWH,940GZZLUMED,0.0,0.199,12.101,41.765,88.193,43.215,17.831,0.0
940GZZLUTWH,940GZZLUMGT,0.0,11.432,109.967,86.578,75.16,26.468,15.209,0.0
940GZZLUTWH,940GZZLUMTC,0.0,0.0,17.734,3.169,4.698,2.655,0.663,0.0
940GZZLUTWH,940GZZLUNHG,0.0,2.295,29.493,49.966,31.376999,12.527,4.048,0.0
940GZZLUTWH,940GZZLUODS,0.0,4.426,67.912,27.393,35.748,12.668,4.981,0.0
940GZZLUTWH,940GZZLUOVL,0.0,0.148,16.01,7.37,17.947,7.054,4.103,0.0
940GZZLUTWH,940GZZLUOXC,0.0,20.013,127.321,232.547,155.467,20.416,2.034,0.0
940GZZLUTWH,940GZZLUPAC,0.0,40.018,203.573,256.492,294.909,82.139,28.1,0.0
940GZZLUTWH,940GZZLUPCC,0.0,25.684,152.459,232.809,201.314,43.629,7.519,0.0
940GZZLUTWH,940GZZLUQWY,0.0,2.501,1.665,9.686,9.249,4.78,2.01,0.0
940GZZLUTWH,940GZZLURGP,0.0,0.343,6.7530003,6.871,3.898,0.622,0.417,0.0
940GZZLUTWH,940GZZLURYO,0.0,0.799,6.27,4.142,6.867,4.155,2.331,0.0
940GZZLUTWH,940GZZLURSQ,0.0,3.541,7.123,27.795,17.424,6.778,1.833,0.0
940GZZLUTWH,940GZZLUSJP,0.0,53.094,579.456,273.804,92.484,18.907,8.434,0.0
940GZZLUTWH,940GZZLUSJW,0.0,2.724,5.783,13.93,13.526,5.563,3.131,0.0
940GZZLUTWH,940GZZLUSPU,0.0,0.0,5.946,26.369,4.576,0.013,0.21700001,0.0
940GZZLUTWH,940GZZLUSBC,0.0,0.307,6.131,19.541,23.267,5.66,1.834,0.0
940GZZLUTWH,940GZZLUSSQ,0.0,49.632,312.731,173.884,130.546,36.792,13.385,0.0
940GZZLUTWH,940GZZLUSKS,0.0,33.728,280.9,274.892,138.947,44.36,10.911,0.0
940GZZLUTWH,940GZZLUSKW,0.0,0.759,6.36,11.431,26.281,9.934,6.002,0.0
940GZZLUTWH,940GZZLUCHX,0.0,1.354,5.452,28.987,20.808,2.821,0.031999998,0.0
940GZZLUTWH,940GZZLUSWC,0.0,2.734,5.726,4.436,11.758,4.716,1.897,0.0
940GZZLUTWH,940GZZLUTMP,0.0,41.704,573.212,300.397,143.731,27.398,3.578,0.0
940GZZLUTWH,940GZZLUTCR,0.0,10.951,101.697,166.44,96.815,17.709,5.337,0.0
940GZZLUTWH,940GZZLUVIC,0.0,32.837,145.638,98.554,214.355,69.03,21.24,0.0
940GZZLUTWH,940GZZLUWRR,0.0,3.567,7.498,5.374,5.346,1.638,0.62700003,0.0
940GZZLUTWH,940GZZLUWKA,0.0,0.0,3.264,6.528,9.055,3.446,1.013,0.0
940GZZLUTWH,940GZZLUWLO,0.0,19.895,82.062,144.922,418.791,98.838,37.929,0.0
940GZZLUTWH,940GZZLUWBN,0.0,22.254,79.08,26.13,29.109,12.566,5.081,0.0
940GZZLUTWH,940GZZLUWHP,0.0,0.0,5.952,5.856,14.519,5.354,2.169,0.0
940GZZLUTWH,940GZZLUWKN,0.0,0.961,30.404,22.598999,49.972,19.941,8.539,0.0
940GZZLUTWH,940GZZLUWSM,0.0,55.454998,395.749,525.622,145.939,31.441,11.734,0.0
940GZZLUTWH,940GZZLUWPL,0.0,14.794,110.355,145.03,219.261,102.68,44.835,0.0
940GZZLUTWH,940GZZLUWIG,0.0,0.0,0.574,6.133,17.082,7.293,3.796,0.0
940GZZLUTWH,940GZZLUERB,0.0,1.385,3.481,3.026,6.1679997,1.146,0.362,0.0
940GZZLUTWH,940GZZLUPCO,0.0,2.755,15.465,18.901001,19.745,7.845,4.343,0.0
940GZZLUTWH,940GZZLUVXL,0.0,106.879,123.837,31.285,47.133,17.418,7.461,0.0
940GZZLUTWH,940GZZLUBXN,0.0,1.093,21.37,28.364,74.645,28.89,13.002,0.0
940GZZLUTWH,940GZZLUSWK,0.0,0.0,3.862,9.99,8.091,2.701,0.2,0.0
940GZZLUTWH,940GZZLUBMY,0.0,0.0,0.0,1.169,1.024,0.529,0.802,0.0
940GZZLUTWH,940GZZLUCWR,0.0,0.0,0.069000006,0.98300004,0.0,0.666,0.351,0.0
940GZZLUVIC,940GZZLUBBN,0.0,7.497,117.129,90.018,53.94,13.722,7.396,0.0
940GZZLUVIC,940GZZLUALD,0.0,2.624,59.88,44.372,24.951,8.919,6.311,0.0
940GZZLUVIC,940GZZLUADE,0.0,7.575,153.254,118.464,102.020004,32.249,28.402,0.0
940GZZLUVIC,940GZZLUAGL,0.0,8.1449995,235.328,284.859,252.61,96.858,40.109,0.0
940GZZLUVIC,940GZZLUBST,0.0,25.723,399.551,424.72202,185.823,56.695,27.973,0.0
940GZZLUVIC,940GZZLUBNK,0.0,37.51,480.212,440.829,327.167,85.879,43.163002,0.0
940GZZLUVIC,940GZZLUBSC,0.0,3.268,94.999,43.214,40.166,19.491,10.937,0.0
940GZZLUVIC,940GZZLUBWT,0.0,8.904,62.159,94.295,82.558,38.112,47.725998,0.0
940GZZLUVIC,940GZZLUBLG,0.0,13.936,56.365,109.699,109.79,66.894,45.285,0.0
940GZZLUVIC,940GZZLUBKF,0.0,26.031,364.769,250.306,198.074,39.701,21.782,0.0
940GZZLUVIC,940GZZLUBND,0.0,41.468998,365.377,424.347,169.389,45.133,7.326,0.0
940GZZLUVIC,940GZZLUBOR,0.0,2.017,42.418,55.509,37.083,16.717001,9.229,0.0
940GZZLUVIC,940GZZLUCAR,0.0,12.379,77.581,58.29,71.072,38.586,17.63,0.0
940GZZLUVIC,940GZZLUCTN,0.0,32.506,342.065,411.031,223.41,95.165,36.1,0.0
940GZZLUVIC,940GZZLUCST,0.0,14.004,199.047,156.639,155.9,34.305,12.581,0.0
940GZZLUVIC,940GZZLUCHL,0.0,13.394,303.249,340.634,115.984,20.263,6.561,0.0
940GZZLUVIC,940GZZLUEMB,0.0,17.169,242.121,354.412,353.47202,79.569,52.756,0.0
940GZZLUVIC,940GZZLUCGN,0.0,15.136,195.667,514.283,251.666,68.341,24.546,0.0
940GZZLUVIC,940GZZLUECT,0.0,18.42,180.329,192.358,160.243,87.373,78.948,0.0
940GZZLUVIC,940GZZLUERC,0.0,3.698,16.305,25.413,15.955,4.63,13.69,0.0
940GZZLUVIC,940GZZLUEAC,0.0,3.089,70.743004,115.031,82.74,43.475,18.183,0.0
940GZZLUVIC,940GZZLUEUS,0.0,280.895,1968.546,1966.571,1801.184,473.563,190.287,0.024
940GZZLUVIC,940GZZLUESQ,0.0,0.746,5.18,2.433,3.6,0.244,0.688,0.0
940GZZLUVIC,940GZZLUFCN,0.0,13.423,242.206,232.498,65.616,22.001,11.209,0.0
940GZZLUVIC,940GZZLUFYR,0.0,3.61,59.85,66.194,79.377,46.655,21.038,0.0
940GZZLUVIC,940GZZLUFPK,0.0,64.28,434.493,618.572,1069.469,450.282,228.622,0.006
940GZZLUVIC,940GZZLUFBY,0.0,3.421,119.793,79.76,81.145,38.846,13.312,0.0
940GZZLUVIC,940GZZLUGTR,0.0,15.877,229.138,171.881,146.855,77.516,51.0,0.0
940GZZLUVIC,940GZZLUGDG,0.0,4.788,94.153,86.458,34.184,8.353,4.871,0.0
940GZZLUVIC,940GZZLUGPS,0.0,0.304,2.899,10.007,4.185,0.624,1.26,0.0
940GZZLUVIC,940GZZLUGPK,0.0,262.893,1989.55,1921.1641,661.014,165.665,48.882,0.0
940GZZLUVIC,940GZZLUHSD,0.0,26.898,494.383,233.469,232.96,91.987,38.651,0.0
940GZZLUVIC,940GZZLUHAI,0.0,62.594,930.168,862.197,1503.56,740.013,298.615,0.0
940GZZLUVIC,940GZZLUHSK,0.0,19.484,298.855,238.482,114.335,29.691,18.522,0.0
940GZZLUVIC,940GZZLUHBN,0.0,38.94,587.602,550.645,186.739,47.319,32.412,0.0
940GZZLUVIC,940GZZLUHPK,0.0,2.192,82.639,36.668,18.507,11.96,5.883,0.0
940GZZLUVIC,940GZZLUHWY,0.0,5.488,62.881,84.259,58.684,24.751,17.694,0.0
940GZZLUVIC,940GZZLUHPC,0.0,1.748,18.789,37.163,7.8519998,3.812,1.173,0.0
940GZZLUVIC,940GZZLUKNG,0.0,3.047,22.028,33.805,36.106,20.836,15.122,0.0
940GZZLUVIC,940GZZLUKOY,0.0,0.0,0.0,0.0,0.0,0.907,0.0,0.0
940GZZLUVIC,940GZZLUKSH,0.0,4.611,95.67,87.821,103.633,59.639,29.661,0.038
940GZZLUVIC,940GZZLUKBN,0.0,3.928,35.054,70.731,83.965,51.83,25.181,0.0
940GZZLUVIC,940GZZLUKSX,0.0,301.495,1956.411,2610.657,2334.691,568.123,329.838,0.031
940GZZLUVIC,940GZZLUKNB,0.0,9.293,124.359,206.859,59.994,11.859,5.843,0.0
940GZZLUVIC,940GZZLULBN,0.0,0.0,12.39,27.344,12.469,5.807,6.364,0.0
940GZZLUVIC,940GZZLULGT,0.0,3.376,50.981,68.706,46.426,21.293,17.347,0.0
940GZZLUVIC,940GZZLULSQ,0.0,5.596,165.86,444.23,267.375,94.162,31.545,0.0
940GZZLUVIC,940GZZLULVT,0.0,78.317,550.035,545.904,669.455,142.503,66.811,0.0
940GZZLUVIC,940GZZLULNB,0.0,18.326,245.967,419.489,325.826,120.023,61.146,0.0
940GZZLUVIC,940GZZLUMSH,0.0,20.166,357.117,198.909,72.879,13.692,6.596,0.0
940GZZLUVIC,940GZZLUMBA,0.0,7.7339997,111.21,125.997,49.009,19.092,15.749,0.0
940GZZLUVIC,940GZZLUMYB,0.0,29.503,361.282,368.145,436.113,129.92,54.035,0.0
940GZZLUVIC,940GZZLUMED,0.0,2.381,24.249,57.983,66.644,32.029,20.542,0.0
940GZZLUVIC,940GZZLUMGT,0.0,17.153,146.672,111.944,42.938,8.5130005,8.141,0.0
940GZZLUVIC,940GZZLUMTC,0.0,2.612,98.889,45.296,24.489,12.316,9.097,0.0
940GZZLUVIC,940GZZLUNHG,0.0,7.814,184.124,164.102,115.163,47.709,22.919,0.0
940GZZLUVIC,940GZZLUODS,0.0,23.498001,409.803,383.413,237.175,106.482,41.427002,0.0
940GZZLUVIC,940GZZLUOVL,0.0,4.216,42.162,41.084,37.567,26.142,10.881,0.0
940GZZLUVIC,940GZZLUOXC,0.0,424.429,5181.217,5003.97,2235.761,478.22,118.913,0.0
940GZZLUVIC,940GZZLUPAC,0.0,110.769,720.965,629.785,636.347,200.098,112.359,0.0
940GZZLUVIC,940GZZLUPCC,0.0,20.343,242.534,515.106,344.988,138.088,46.9,0.0
940GZZLUVIC,940GZZLUQWY,0.0,3.029,26.142,61.381,24.704,15.655,12.398,0.0
940GZZLUVIC,940GZZLURGP,0.0,11.308,274.367,143.049,45.744,14.075,3.6460001,0.0
940GZZLUVIC,940GZZLURYO,0.0,0.543,9.392,3.8930001,4.489,1.889,1.02,0.0
940GZZLUVIC,940GZZLURSQ,0.0,10.497,212.387,251.528,102.651,59.973,48.893,0.0
940GZZLUVIC,940GZZLUSJP,0.0,18.663,202.37,135.756,37.648,10.349,5.626,0.0
940GZZLUVIC,940GZZLUSJW,0.0,14.045,153.931,118.992,89.11,44.757,16.19,0.0
940GZZLUVIC,940GZZLUSPU,0.0,6.522,140.761,124.448,32.403,5.282,2.779,0.0
940GZZLUVIC,940GZZLUSBC,0.0,14.437,122.657,203.031,173.485,67.677,30.166,0.0
940GZZLUVIC,940GZZLUSSQ,0.0,18.221,323.534,393.113,198.95,51.569,13.029,0.0
940GZZLUVIC,940GZZLUSKS,0.0,43.019,775.109,734.045,273.316,95.798004,30.396,0.0
940GZZLUVIC,940GZZLUSKW,0.0,14.956,115.173,195.976,316.26,191.84,85.046,0.0
940GZZLUVIC,940GZZLUCHX,0.0,1.642,21.153,38.112,24.068,13.008,4.246,0.0
940GZZLUVIC,940GZZLUSWC,0.0,8.828,113.202,99.175,89.813,58.079,22.891,0.0
940GZZLUVIC,940GZZLUTMP,0.0,13.196,231.93,196.141,93.224,20.487,5.177,0.0
940GZZLUVIC,940GZZLUTCR,0.0,28.908,456.395,586.389,246.381,78.091,27.577,0.0
940GZZLUVIC,940GZZLUTWH,0.0,19.756,278.799,265.859,303.398,66.527,56.218002,0.0
940GZZLUVIC,940GZZLUWRR,0.0,165.162,2599.333,1377.375,583.69,164.132,67.352,0.0
940GZZLUVIC,940GZZLUWKA,0.0,1.658,58.123,72.06,56.053,34.547,15.632,0.0
940GZZLUVIC,940GZZLUWLO,0.0,20.099,98.143,184.011,293.856,91.135,53.402,0.0
940GZZLUVIC,940GZZLUWBN,0.0,7.221,133.782,57.295,50.638,31.987,12.478,0.0
940GZZLUVIC,940GZZLUWHP,0.0,8.505,67.54,53.702,124.697,60.878,25.178,0.0
940GZZLUVIC,940GZZLUWKN,0.0,4.3519998,82.461,68.483,66.359,43.644,22.476,0.0
940GZZLUVIC,940GZZLUWSM,0.0,21.179,227.694,289.415,89.565,19.022,14.398,0.0
940GZZLUVIC,940GZZLUWPL,0.0,6.07,67.595,82.118004,88.818,46.482,28.516,0.0
940GZZLUVIC,940GZZLUWIG,0.0,5.395,32.474,78.609,109.392,68.036,40.741,0.0
940GZZLUVIC,940GZZLUERB,0.0,16.428,140.487,81.677,34.721,11.229,8.26,0.0
940GZZLUVIC,940GZZLUPCO,0.0,10.608,208.007,319.923,101.712,79.066,34.31,0.0
940GZZLUVIC,940GZZLUVXL,0.0,152.288,1154.314,884.666,835.749,435.484,209.622,0.0
940GZZLUVIC,940GZZLUBXN,0.0,43.621,435.93,710.701,1037.937,663.712,286.192,0.0
940GZZLUVIC,940GZZLUSWK,0.0,3.242,94.321,144.242,78.482,28.559,20.81,0.0
940GZZLUVIC,940GZZLUBMY,0.0,4.047,27.49,62.114,67.889,39.317,21.995,0.0
940GZZLUVIC,940GZZLUCWR,0.0,7.6,32.987,94.155,125.116,80.133,53.763,0.0
940GZZLUWRR,940GZZLUBBN,0.0,0.05,1.255,3.762,2.03,1.054,0.445,0.0
940GZZLUWRR,940GZZLUALD,0.0,0.0,0.104,2.3470001,2.651,0.556,0.297,0.0
940GZZLUWRR,940GZZLUADE,0.0,0.0,0.925,1.971,1.633,1.625,0.453,0.0
940GZZLUWRR,940GZZLUAGL,0.0,0.037,7.676,35.595,37.741,15.739,7.175,0.0
940GZZLUWRR,940GZZLUBST,0.0,0.115,1.468,6.784,4.574,1.923,0.27,0.0
940GZZLUWRR,940GZZLUBNK,0.0,2.109,21.351,61.879,83.221,28.718,7.489,0.0
940GZZLUWRR,940GZZLUBSC,0.0,0.035,3.512,12.035,21.966,11.695,3.06,0.001
940GZZLUWRR,940GZZLUBWT,0.0,0.0,0.055,1.192,0.85,0.304,0.082,0.0
940GZZLUWRR,940GZZLUBLG,0.0,0.0,1.307,7.689,16.236,8.479,3.582,0.0
940GZZLUWRR,940GZZLUBKF,0.0,0.0,9.861,16.437,14.422,2.644,0.577,0.0
940GZZLUWRR,940GZZLUBND,0.0,0.228,4.249,35.362,23.928,6.162,1.238,0.0
940GZZLUWRR,940GZZLUBOR,0.0,0.049,3.516,8.848,10.8949995,5.556,1.375,0.0
940GZZLUWRR,940GZZLUCAR,0.0,0.046,3.622,16.504,19.643,12.437,3.276,0.0
940GZZLUWRR,940GZZLUCTN,0.0,0.749,12.992,89.076,72.644,35.711,10.474,0.006
940GZZLUWRR,940GZZLUCST,0.0,0.30900002,4.43,5.456,18.043,4.4570003,1.113,0.0
940GZZLUWRR,940GZZLUCHL,0.0,0.051,9.483,33.173,15.727,3.218,1.08,0.0
940GZZLUWRR,940GZZLUEMB,0.0,0.25100002,14.329,42.283,46.113,12.755,2.921,0.0
940GZZLUWRR,940GZZLUCGN,0.0,0.042,0.735,11.231,11.685,1.941,0.080000006,0.0
940GZZLUWRR,940GZZLUECT,0.0,0.533,9.935,29.057,50.927,27.87,11.593,0.004
940GZZLUWRR,940GZZLUERC,0.0,0.0,0.112,0.499,0.411,0.316,0.067,0.0
940GZZLUWRR,940GZZLUEAC,0.0,0.033,11.536,41.549,52.939,33.736,19.669,0.0
940GZZLUWRR,940GZZLUEUS,0.0,1.844,8.335,40.308,43.095,20.765,8.839,0.011
940GZZLUWRR,940GZZLUESQ,0.0,0.0,0.0,0.207,0.251,0.242,0.002,0.0
940GZZLUWRR,940GZZLUFCN,0.0,0.338,7.799,29.437,39.605,27.702,3.289,0.0
940GZZLUWRR,940GZZLUFYR,0.0,0.0,0.120000005,1.534,1.445,1.206,0.667,0.0
940GZZLUWRR,940GZZLUFPK,0.0,3.667,33.742,262.535,614.954,336.803,96.537,0.024
940GZZLUWRR,940GZZLUFBY,0.0,0.168,6.062,17.109,38.775,17.517,3.41,0.0
940GZZLUWRR,940GZZLUGTR,0.0,0.671,5.88,35.572,45.043,19.927,6.497,0.001
940GZZLUWRR,940GZZLUGDG,0.0,0.0,12.073,17.267,7.876,2.724,0.686,0.0
940GZZLUWRR,940GZZLUGPS,0.0,0.0,0.145,0.192,0.35700002,0.072000004,0.0,0.0
940GZZLUWRR,940GZZLUGPK,0.0,9.927,66.081,204.988,125.435,35.235,7.581,0.0
940GZZLUWRR,940GZZLUHSD,0.0,0.56,8.849,17.04,25.222,12.427,4.613,0.001
940GZZLUWRR,940GZZLUHAI,0.0,2.9720001,77.067,368.652,959.166,495.295,120.022,0.14600001
940GZZLUWRR,940GZZLUHSK,0.0,0.105,3.254,14.45,10.081,2.97,1.284,0.0
940GZZLUWRR,940GZZLUHBN,0.0,0.674,8.625,39.82,23.292,4.478,0.744,0.0
940GZZLUWRR,940GZZLUHPK,0.0,0.026,2.865,6.706,9.363,3.737,0.811,0.0
940GZZLUWRR,940GZZLUHWY,0.0,0.0,1.764,13.258,22.665,15.992,5.637,0.004
940GZZLUWRR,940GZZLUHPC,0.0,0.472,2.411,7.698,5.065,1.348,0.329,0.0
940GZZLUWRR,940GZZLUKNG,0.0,0.41,5.373,23.671,54.342,31.696,14.2369995,0.002
940GZZLUWRR,940GZZLUKOY,0.0,0.0,0.0,0.0,0.0,0.05,0.0,0.0
940GZZLUWRR,940GZZLUKSH,0.0,0.544,12.489,49.217,71.28,33.923,9.861,0.005
940GZZLUWRR,940GZZLUKBN,0.0,0.0,0.801,3.296,6.217,3.025,2.252,0.0
940GZZLUWRR,940GZZLUKSX,0.002,4.1089997,39.34,239.237,298.961,91.178,29.227,0.042
940GZZLUWRR,940GZZLUKNB,0.0,1.129,9.217,40.299,29.927,6.372,1.283,0.0
940GZZLUWRR,940GZZLULBN,0.0,0.0,2.373,10.676,13.971,4.035,1.905,0.0
940GZZLUWRR,940GZZLULGT,0.0,0.43,0.768,5.586,9.742,4.439,2.313,0.0
940GZZLUWRR,940GZZLULSQ,0.0,0.634,30.177,165.304,182.698,53.862,10.929,0.001
940GZZLUWRR,940GZZLULVT,0.0,0.242,8.259,25.977,28.476,9.911,4.305,0.0
940GZZLUWRR,940GZZLULNB,0.0,3.229,27.378,103.378,188.764,75.88,13.146,0.0
940GZZLUWRR,940GZZLUMSH,0.0,0.183,6.357,5.666,3.511,0.721,0.062000003,0.0
940GZZLUWRR,940GZZLUMBA,0.0,0.47,4.839,19.408,16.882,4.226,1.313,0.0
940GZZLUWRR,940GZZLUMYB,0.0,0.163,1.779,9.634,16.574,5.625,0.605,0.0
940GZZLUWRR,940GZZLUMED,0.0,0.0,2.767,7.521,11.458,6.263,3.086,0.002
940GZZLUWRR,940GZZLUMGT,0.0,0.133,4.613,8.24,4.821,1.378,0.165,0.0
940GZZLUWRR,940GZZLUMTC,0.0,0.048,8.067,31.975,24.48,11.467,5.351,0.001
940GZZLUWRR,940GZZLUNHG,0.0,0.148,4.693,14.869,13.923,9.38,1.917,0.0
940GZZLUWRR,940GZZLUODS,0.0,0.221,14.87,51.358,43.685,20.006,15.417,0.0
940GZZLUWRR,940GZZLUOVL,0.0,0.324,8.335,19.678,36.032,19.938,7.797,0.001
940GZZLUWRR,940GZZLUOXC,0.0,2.96,42.859,405.297,297.234,68.289,14.835,0.0
940GZZLUWRR,940GZZLUPAC,0.0,0.922,6.829,24.104,28.695,13.764,4.255,0.0
940GZZLUWRR,940GZZLUPCC,0.0,0.186,6.165,32.95,24.011,11.592,3.7970002,0.0
940GZZLUWRR,940GZZLUQWY,0.0,0.342,2.176,11.776,11.305,7.488,2.114,0.0
940GZZLUWRR,940GZZLURGP,0.0,0.0,0.096,1.393,0.083000004,0.0,0.0,0.0
940GZZLUWRR,940GZZLURYO,0.0,0.0,0.056,0.21100001,0.003,0.201,0.0,0.0
940GZZLUWRR,940GZZLURSQ,0.0,0.035,0.922,11.657,3.846,1.159,0.902,0.0
940GZZLUWRR,940GZZLUSJP,0.0,0.592,11.411,35.791,15.343,2.412,0.694,0.0
940GZZLUWRR,940GZZLUSJW,0.0,0.0,1.039,5.357,3.92,2.469,0.746,0.0
940GZZLUWRR,940GZZLUSPU,0.0,0.091,8.928,30.404,14.834,3.3700001,0.474,0.0
940GZZLUWRR,940GZZLUSBC,0.0,0.408,8.508,23.88,37.257,19.452,3.127,0.001
940GZZLUWRR,940GZZLUSSQ,0.0,1.6420001,15.604,63.456,72.996,27.532,6.593,0.0
940GZZLUWRR,940GZZLUSKS,0.0,0.727,37.305,111.856,95.639,27.269001,7.193,0.001
940GZZLUWRR,940GZZLUSKW,0.0,3.323,6.456,33.907,155.648,79.793,23.034,0.002
940GZZLUWRR,940GZZLUCHX,0.0,3.816,56.751,169.34,587.192,146.301,36.52,0.0
940GZZLUWRR,940GZZLUSWC,0.0,0.079,0.446,5.649,4.885,3.541,0.941,0.0
940GZZLUWRR,940GZZLUTMP,0.0,0.0,5.138,13.084,7.457,2.698,0.524,0.0
940GZZLUWRR,940GZZLUTCR,0.0,1.583,35.471,143.594,104.556,31.675,6.402,0.0
940GZZLUWRR,940GZZLUTWH,0.0,0.0,4.5820003,10.445,16.781,3.221,0.92800003,0.0
940GZZLUWRR,940GZZLUVIC,0.0,38.287,301.457,1140.979,3188.443,922.811,221.224,0.0
940GZZLUWRR,940GZZLUWKA,0.0,0.0,0.161,3.793,5.042,1.91,0.311,0.0
940GZZLUWRR,940GZZLUWLO,0.0,7.415,72.676,209.919,733.734,189.421,48.039,0.001
940GZZLUWRR,940GZZLUWBN,0.0,0.054,4.488,5.878,12.258,6.121,2.042,0.0
940GZZLUWRR,940GZZLUWHP,0.0,0.156,0.29500002,2.711,7.327,3.061,1.596,0.0
940GZZLUWRR,940GZZLUWKN,0.0,0.046,2.512,10.603,21.677,15.247,6.709,0.0
940GZZLUWRR,940GZZLUWSM,0.0,0.103,10.819,49.2,20.789,2.798,0.15,0.0
940GZZLUWRR,940GZZLUWPL,0.0,0.0,0.446,2.649,1.339,1.182,0.523,0.0
940GZZLUWRR,940GZZLUWIG,0.0,0.040000003,0.24700001,2.853,3.497,3.025,2.471,0.0
940GZZLUWRR,940GZZLUERB,0.0,0.0,1.385,2.557,1.782,0.941,0.72900003,0.0
940GZZLUWRR,940GZZLUPCO,0.0,2.529,34.168,97.16,127.8,56.336,19.291,0.0
940GZZLUWRR,940GZZLUVXL,0.0,7.853,99.608,306.138,880.286,369.335,108.735,0.0
940GZZLUWRR,940GZZLUBXN,0.0,4.6740003,44.132,198.494,732.337,374.068,125.995,0.0
940GZZLUWRR,940GZZLUSWK,0.0,2.268,10.075,39.315,45.907,7.086,2.836,0.0
940GZZLUWRR,940GZZLUBMY,0.0,0.749,7.576,10.785,43.456,19.091,5.0889997,0.0
940GZZLUWRR,940GZZLUCWR,0.0,0.941,11.837,39.946,90.572,66.326,16.336,0.0
940GZZLUWKA,940GZZLUBBN,0.0,0.717,22.584,7.1480002,4.7,1.997,0.107,0.0
940GZZLUWKA,940GZZLUALD,0.0,0.525,14.025,3.7350001,0.924,0.291,0.414,0.0
940GZZLUWKA,940GZZLUADE,0.0,0.405,5.593,2.07,1.429,0.791,1.085,0.0
940GZZLUWKA,940GZZLUAGL,0.0,0.49400002,5.222,4.881,3.037,1.525,0.163,0.0
940GZZLUWKA,940GZZLUBST,0.0,4.022,64.562,62.956,26.233,7.374,1.222,0.0
940GZZLUWKA,940GZZLUBNK,0.0,8.726,119.084,23.744,15.2960005,4.482,1.317,0.0
940GZZLUWKA,940GZZLUBSC,0.0,0.0,1.585,0.633,0.207,0.522,0.284,0.0
940GZZLUWKA,940GZZLUBWT,0.0,0.22399999,1.288,4.804,3.644,2.043,0.978,0.0
940GZZLUWKA,940GZZLUBLG,0.0,1.104,5.778,4.087,6.581,1.633,2.103,0.0
940GZZLUWKA,940GZZLUBKF,0.0,1.745,35.065,2.771,2.832,0.628,0.0,0.0
940GZZLUWKA,940GZZLUBND,0.0,1.546,19.616,26.866,11.024,1.942,0.009,0.0
940GZZLUWKA,940GZZLUBOR,0.0,1.084,4.063,1.284,0.952,0.111,0.0,0.0
940GZZLUWKA,940GZZLUCAR,0.0,0.124,0.916,1.551,0.806,0.833,0.394,0.0
940GZZLUWKA,940GZZLUCTN,0.0,0.166,4.335,8.87,3.625,0.824,0.093,0.0
940GZZLUWKA,940GZZLUCST,0.0,0.653,16.953,2.935,1.119,0.369,0.118,0.0
940GZZLUWKA,940GZZLUCHL,0.0,3.769,67.946,29.298,5.761,1.29,0.306,0.0
940GZZLUWKA,940GZZLUEMB,0.0,1.827,33.907,20.16,15.477,3.242,0.642,0.0
940GZZLUWKA,940GZZLUCGN,0.0,0.768,10.296,12.121,10.467,2.677,2.349,0.0
940GZZLUWKA,940GZZLUECT,0.0,0.056,7.941,8.126,3.31,2.419,1.304,0.0
940GZZLUWKA,940GZZLUEAC,0.0,2.02,28.915,26.987999,29.388,11.81,5.977,0.0
940GZZLUWKA,940GZZLUEUS,0.0,1.437,7.785,6.2200003,5.375,2.658,0.322,0.0
940GZZLUWKA,940GZZLUESQ,0.0,0.69,15.654,17.716,8.122,1.591,0.799,0.0
940GZZLUWKA,940GZZLUFCN,0.0,0.845,46.52,20.761,8.065,2.495,1.4350001,0.0
940GZZLUWKA,940GZZLUFYR,0.0,0.0,0.246,2.405,2.023,1.278,0.345,0.0
940GZZLUWKA,940GZZLUFPK,0.0,0.673,4.546,8.282,8.744,4.06,2.009,0.0
940GZZLUWKA,940GZZLUFBY,0.0,0.2,8.771,5.513,1.707,1.84,0.196,0.0
940GZZLUWKA,940GZZLUGTR,0.0,0.319,5.2860003,7.17,3.91,1.153,0.269,0.0
940GZZLUWKA,940GZZLUGDG,0.0,0.0,0.763,0.711,0.723,0.315,0.0,0.0
940GZZLUWKA,940GZZLUGPS,0.0,0.0,0.623,0.893,0.405,0.114,0.0,0.0
940GZZLUWKA,940GZZLUGPK,0.0,1.892,25.56,18.854,8.299,2.451,0.273,0.0
940GZZLUWKA,940GZZLUHSD,0.0,0.376,1.923,1.702,1.218,0.23900001,0.007,0.0
940GZZLUWKA,940GZZLUHAI,0.0,0.298,16.423,14.685,14.868,7.373,3.845,0.0
940GZZLUWKA,940GZZLUHSK,0.0,0.0,16.478,17.029,6.53,2.062,0.839,0.0
940GZZLUWKA,940GZZLUHBN,0.0,2.32,52.537,28.374,8.745,2.624,0.407,0.0
940GZZLUWKA,940GZZLUHPK,0.0,0.0,0.656,1.275,0.485,0.455,0.106,0.0
940GZZLUWKA,940GZZLUHWY,0.0,0.0,1.198,3.212,2.3,0.382,0.36,0.0
940GZZLUWKA,940GZZLUHPC,0.0,0.0,1.318,2.389,0.884,0.061,0.0,0.0
940GZZLUWKA,940GZZLUKNG,0.0,0.0,0.745,1.443,0.93700004,0.998,0.469,0.0
940GZZLUWKA,940GZZLUKSH,0.0,0.0,1.999,2.043,0.764,0.99700004,0.25100002,0.0
940GZZLUWKA,940GZZLUKBN,0.0,0.0,0.0,0.568,1.069,0.314,0.323,0.0
940GZZLUWKA,940GZZLUKSX,0.0,4.068,43.497,33.87,25.93,7.247,2.165,0.0
940GZZLUWKA,940GZZLUKNB,0.0,0.417,3.953,13.015,3.265,0.396,0.099,0.0
940GZZLUWKA,940GZZLULBN,0.0,0.805,11.463,8.77,5.255,1.668,1.093,0.0
940GZZLUWKA,940GZZLULSQ,0.0,0.254,5.281,5.233,2.703,1.303,0.095,0.0
940GZZLUWKA,940GZZLULVT,0.0,10.142,88.693,24.961,23.816,6.289,2.121,0.0
940GZZLUWKA,940GZZLULNB,0.0,4.813,65.41,35.688,28.435,11.063,3.513,0.0
940GZZLUWKA,940GZZLUMSH,0.0,2.075,33.126,2.549,0.621,0.005,0.091,0.0
940GZZLUWKA,940GZZLUMBA,0.0,0.0,0.378,2.315,0.518,0.132,0.102000006,0.0
940GZZLUWKA,940GZZLUMYB,0.0,0.949,36.916,36.391,32.83,10.6710005,2.846,0.0
940GZZLUWKA,940GZZLUMED,0.0,0.149,4.379,6.702,2.133,1.659,0.463,0.0
940GZZLUWKA,940GZZLUMGT,0.0,3.019,52.207,10.385,3.921,1.165,0.104,0.0
940GZZLUWKA,940GZZLUMTC,0.0,0.0,0.398,1.07,0.615,0.0,0.0,0.0
940GZZLUWKA,940GZZLUNHG,0.0,0.052,3.254,12.509,5.832,0.986,0.105000004,0.0
940GZZLUWKA,940GZZLUODS,0.0,0.337,11.254,5.33,4.662,1.751,0.697,0.0
940GZZLUWKA,940GZZLUOVL,0.0,0.0,4.727,2.051,2.322,1.204,0.496,0.0
940GZZLUWKA,940GZZLUOXC,0.0,13.763,187.354,180.913,72.754,22.624,3.957,0.0
940GZZLUWKA,940GZZLUPAC,0.0,6.585,73.01,89.944,68.492,25.937,12.675,0.0
940GZZLUWKA,940GZZLUPCC,0.0,6.2139997,112.062,110.47,74.148,24.131,3.473,0.0
940GZZLUWKA,940GZZLURGP,0.0,0.966,78.548,42.659,10.066,4.861,0.682,0.0
940GZZLUWKA,940GZZLURSQ,0.0,0.274,11.006,7.629,1.455,0.924,0.21700001,0.0
940GZZLUWKA,940GZZLUSJP,0.0,0.658,15.934,3.605,1.513,0.44,0.292,0.0
940GZZLUWKA,940GZZLUSJW,0.0,0.0,0.172,1.005,0.36900002,0.21000001,0.0,0.0
940GZZLUWKA,940GZZLUSPU,0.0,9.161,56.307,13.847,4.5,0.549,0.097,0.0
940GZZLUWKA,940GZZLUSBC,0.0,0.0,1.532,3.738,2.066,0.424,0.1,0.0
940GZZLUWKA,940GZZLUSSQ,0.0,0.059,8.239,14.379,4.496,2.479,0.005,0.0
940GZZLUWKA,940GZZLUSKS,0.0,0.372,27.626999,19.737,7.557,1.76,0.781,0.0
940GZZLUWKA,940GZZLUSKW,0.0,0.0,1.227,5.041,5.437,3.813,0.922,0.0
940GZZLUWKA,940GZZLUCHX,0.0,6.347,72.964,70.74,68.064,17.273,5.2799997,0.0
940GZZLUWKA,940GZZLUSWC,0.0,0.0,5.86,3.4720001,1.201,0.717,0.436,0.0
940GZZLUWKA,940GZZLUTMP,0.0,0.376,17.325,7.539,2.197,0.602,0.244,0.0
940GZZLUWKA,940GZZLUTCR,0.0,0.656,23.836,21.168,10.038,3.024,0.846,0.0
940GZZLUWKA,940GZZLUTWH,0.0,1.8050001,12.358,9.228,4.723,1.075,0.33,0.0
940GZZLUWKA,940GZZLUVIC,0.0,8.502,111.052,80.783,77.732,24.989,7.356,0.0
940GZZLUWKA,940GZZLUWRR,0.0,0.881,6.16,2.833,1.316,0.439,0.057000004,0.0
940GZZLUWKA,940GZZLUWLO,0.0,10.7039995,76.01,45.6,67.114,18.819,5.785,0.0
940GZZLUWKA,940GZZLUWBN,0.0,2.098,4.454,2.114,1.777,0.863,0.462,0.0
940GZZLUWKA,940GZZLUWHP,0.0,0.0,0.895,1.494,5.295,1.5320001,0.261,0.0
940GZZLUWKA,940GZZLUWKN,0.0,0.091,0.533,0.694,0.81,1.229,0.548,0.0
940GZZLUWKA,940GZZLUWSM,0.0,0.36699998,24.626,12.851,3.4589999,0.56,0.111,0.0
940GZZLUWKA,940GZZLUWPL,0.0,0.26,3.836,1.232,0.899,0.19,0.406,0.0
940GZZLUWKA,940GZZLUWIG,0.0,0.0,0.821,0.612,2.012,1.415,0.551,0.0
940GZZLUWKA,940GZZLUERB,0.0,0.034,6.707,14.581,5.501,2.095,0.396,0.0
940GZZLUWKA,940GZZLUPCO,0.0,2.235,19.505,13.777,6.199,3.7220001,1.901,0.0
940GZZLUWKA,940GZZLUVXL,0.0,3.046,29.914,14.359,10.899,5.721,3.011,0.0
940GZZLUWKA,940GZZLUBXN,0.0,2.108,10.337,11.086,17.65,12.2960005,5.576,0.0
940GZZLUWKA,940GZZLUSWK,0.0,1.531,32.237,13.2630005,7.15,0.81,0.207,0.0
940GZZLUWKA,940GZZLUBMY,0.0,0.181,8.528,2.31,3.5540001,1.806,0.695,0.0
940GZZLUWKA,940GZZLUCWR,0.0,0.305,8.977,9.799,18.049,12.311,6.277,0.0
940GZZLUWLO,940GZZLUBBN,0.0,1.686,71.661,45.878,20.882,3.721,1.777,0.0
940GZZLUWLO,940GZZLUALD,0.0,5.319,108.825,30.122,13.95,4.956,1.353,0.0
940GZZLUWLO,940GZZLUADE,0.0,19.171,381.185,126.791,73.467,33.878,10.027,0.0
940GZZLUWLO,940GZZLUAGL,0.0,4.275,306.111,187.988,155.789,55.242,17.208,0.0
940GZZLUWLO,940GZZLUBST,0.0,52.369,952.305,563.201,322.439,79.951004,27.16,0.008
940GZZLUWLO,940GZZLUBNK,0.0,852.229,15946.221,3397.361,2221.665,391.212,89.005,0.0
940GZZLUWLO,940GZZLUBSC,0.0,0.98800004,60.781,23.08,20.886,10.88,4.936,0.004
940GZZLUWLO,940GZZLUBWT,0.0,0.214,6.867,14.009,11.907,7.23,2.773,0.0
940GZZLUWLO,940GZZLUBLG,0.0,5.454,158.814,120.716,229.161,110.6,40.745,0.026999999
940GZZLUWLO,940GZZLUBKF,0.0,30.986,398.066,95.73,53.426,11.176,2.287,0.0
940GZZLUWLO,940GZZLUBND,0.0,110.749,2164.558,1179.248,567.128,115.724,18.769,0.008
940GZZLUWLO,940GZZLUBOR,0.0,2.386,49.517,38.935,26.873,12.343,4.027,0.0
940GZZLUWLO,940GZZLUCAR,0.0,7.216,73.042,32.858,43.771,22.816,9.962,0.001
940GZZLUWLO,940GZZLUCTN,0.0,24.391,382.70898,374.595,305.028,119.343,30.551,0.04
940GZZLUWLO,940GZZLUCST,0.0,0.568,80.996,15.996,7.506,0.964,0.941,0.0
940GZZLUWLO,940GZZLUCHL,0.0,6.328,304.562,178.924,49.869,6.721,0.956,0.0
940GZZLUWLO,940GZZLUEMB,0.0,42.035,465.134,228.684,182.752,41.225,7.4700003,0.001
940GZZLUWLO,940GZZLUCGN,0.0,3.284,37.293,131.846,90.315,18.186,1.565,0.0
940GZZLUWLO,940GZZLUECT,0.0,4.183,75.475,66.761,65.881996,35.458,15.924,0.013
940GZZLUWLO,940GZZLUERC,0.0,0.403,4.922,2.855,1.7310001,0.521,0.326,0.0
940GZZLUWLO,940GZZLUEAC,0.0,5.879,213.377,196.766,174.306,86.098,30.234,0.0
940GZZLUWLO,940GZZLUEUS,0.0,92.759,1190.724,813.571,862.312,213.435,63.18,0.030000001
940GZZLUWLO,940GZZLUESQ,0.0,0.058,5.103,2.684,2.175,0.459,0.186,0.0
940GZZLUWLO,940GZZLUFCN,0.0,0.619,90.65,54.712,8.042,2.306,0.36,0.0
940GZZLUWLO,940GZZLUFYR,0.0,13.244,95.232,73.658,97.663,49.707,25.301,0.01
940GZZLUWLO,940GZZLUFPK,0.0,6.185,94.518,112.854004,213.097,115.061,71.756996,0.028
940GZZLUWLO,940GZZLUFBY,0.0,0.2,41.233,26.996,23.081,11.769,5.925,0.0
940GZZLUWLO,940GZZLUGTR,0.0,2.452,102.589,74.727,68.116,28.56,9.93,0.002
940GZZLUWLO,940GZZLUGDG,0.0,63.39,1376.645,610.78,303.873,55.735,13.842,0.018
940GZZLUWLO,940GZZLUGPS,0.0,0.030000001,15.006,9.59,3.487,1.572,0.509,0.0
940GZZLUWLO,940GZZLUGPK,0.0,88.445,1389.105,838.167,325.072,73.014,17.427,0.004
940GZZLUWLO,940GZZLUHSD,0.0,8.863,335.271,84.964,107.493,37.514,15.525,0.013
940GZZLUWLO,940GZZLUHAI,0.0,7.666,210.575,120.403,201.287,128.735,60.271,0.0
940GZZLUWLO,940GZZLUHSK,0.0,3.158,129.531,85.964,38.201,10.623,4.442,0.0
940GZZLUWLO,940GZZLUHBN,0.0,4.688,197.41,143.777,60.872,10.809,1.114,0.0
940GZZLUWLO,940GZZLUHPK,0.0,1.16,38.516,18.865,15.29,9.496,6.957,0.011
940GZZLUWLO,940GZZLUHWY,0.0,1.017,50.104,47.096,50.305,28.223999,12.387,0.024
940GZZLUWLO,940GZZLUHPC,0.0,3.297,92.53,52.629,27.406,5.6940002,1.255,0.0
940GZZLUWLO,940GZZLUKNG,0.0,8.107,115.447,80.74,89.607,65.236,30.585,0.006
940GZZLUWLO,940GZZLUKOY,0.0,0.0,0.0,0.0,0.0,0.156,0.0,0.0
940GZZLUWLO,940GZZLUKSH,0.0,6.167,174.822,87.765,129.718,66.868004,26.08,0.001
940GZZLUWLO,940GZZLUKBN,0.0,9.631,49.416,57.217,126.049,75.186,45.196,0.023
940GZZLUWLO,940GZZLUKSX,0.0,87.505005,1187.718,783.88,628.736,174.351,57.173,0.021
940GZZLUWLO,940GZZLUKNB,0.0,16.047,227.777,197.693,99.975,15.8810005,3.013,0.001
940GZZLUWLO,940GZZLULBN,0.0,6.311,64.766,54.13,35.439,14.555,7.362,0.0
940GZZLUWLO,940GZZLULGT,0.0,2.823,25.964,28.672,40.778,9.974,4.001,0.005
940GZZLUWLO,940GZZLULSQ,0.0,37.361,802.506,1186.444,1059.431,283.729,41.295002,0.014
940GZZLUWLO,940GZZLULVT,0.0,74.162,1571.934,589.576,667.799,178.839,38.976,0.007
940GZZLUWLO,940GZZLULNB,0.0,161.47,1862.799,1943.488,1564.955,522.948,171.343,0.073
940GZZLUWLO,940GZZLUMSH,0.0,5.239,238.818,31.552,7.478,1.531,0.287,0.0
940GZZLUWLO,940GZZLUMBA,0.0,13.342,220.81,97.155,60.683,17.594,5.181,0.0
940GZZLUWLO,940GZZLUMYB,0.0,41.048,490.508,264.77798,410.448,125.829,50.048,0.0
940GZZLUWLO,940GZZLUMED,0.0,6.155,65.602,79.355,112.576,55.039,19.938,0.071
940GZZLUWLO,940GZZLUMGT,0.0,14.137,383.704,197.059,109.508,21.41,6.181,0.0
940GZZLUWLO,940GZZLUMTC,0.0,15.208,367.93,90.084,76.148,24.642,8.584,0.001
940GZZLUWLO,940GZZLUNHG,0.0,1.4810001,100.785,78.644,63.897,31.163,14.318,0.002
940GZZLUWLO,940GZZLUODS,0.0,19.297,980.829,410.058,238.41,81.915,23.603,0.0
940GZZLUWLO,940GZZLUOVL,0.120000005,3.205,140.623,0.622,100.133,37.031,32.758,0.814
940GZZLUWLO,940GZZLUOXC,0.0,104.716,2425.813,1319.049,746.456,123.379,15.498,0.0
940GZZLUWLO,940GZZLUPAC,0.0,75.673,1255.478,671.705,897.004,270.833,95.751,0.0
940GZZLUWLO,940GZZLUPCC,0.0,97.522,2203.563,1257.579,964.308,213.475,28.674,0.0
940GZZLUWLO,940GZZLUQWY,0.0,4.272,27.337,59.553,60.428,30.127,12.299,0.001
940GZZLUWLO,940GZZLURGP,0.0,23.751999,704.055,273.125,108.301,31.427,5.887,0.0
940GZZLUWLO,940GZZLURYO,0.0,0.719,8.371,5.026,9.174,6.199,2.0,0.0
940GZZLUWLO,940GZZLURSQ,0.0,3.763,139.009,118.593,65.766,24.905,8.048,0.0
940GZZLUWLO,940GZZLUSJP,0.0,14.948,529.883,133.465,35.241,5.906,2.96,0.0
940GZZLUWLO,940GZZLUSJW,0.0,19.728,288.588,140.268,127.249,54.129,23.414,0.006
940GZZLUWLO,940GZZLUSPU,0.0,2.809,148.298,89.7,34.214,4.328,0.543,0.0
940GZZLUWLO,940GZZLUSBC,0.0,7.228,78.423,102.273,169.372,64.21,25.142,0.043
940GZZLUWLO,940GZZLUSSQ,0.0,8.656,187.486,200.797,76.862,27.480999,6.833,0.0
940GZZLUWLO,940GZZLUSKS,0.0,9.217,578.104,417.606,133.359,43.503,7.279,0.002
940GZZLUWLO,940GZZLUSKW,0.089,3.708,57.147,31.283,113.735,51.689,50.358,0.621
940GZZLUWLO,940GZZLUCHX,0.0,44.688,606.615,589.696,557.99,119.316,13.35,0.0
940GZZLUWLO,940GZZLUSWC,0.0,7.134,129.70801,112.639,130.009,65.259,35.143,0.019
940GZZLUWLO,940GZZLUTMP,0.0,2.884,106.939,52.547,18.272,3.815,0.182,0.0
940GZZLUWLO,940GZZLUTCR,0.0,82.378,1979.875,1215.294,735.932,153.092,23.913,0.007
940GZZLUWLO,940GZZLUTWH,0.0,20.618,553.167,204.38,166.22,33.224,7.31,0.0
940GZZLUWLO,940GZZLUVIC,0.0,14.303,285.197,196.833,203.827,75.815,34.827,0.0
940GZZLUWLO,940GZZLUWRR,0.0,32.335,923.737,295.0,134.875,37.322,13.882,0.012
940GZZLUWLO,940GZZLUWKA,0.0,2.98,72.713,52.725,75.251,37.513,17.847,0.0
940GZZLUWLO,940GZZLUWBN,0.0,2.854,77.675,19.565,11.5,6.383,2.577,0.0
940GZZLUWLO,940GZZLUWHP,0.0,34.419,102.979004,78.852,174.313,90.452,48.09,0.024
940GZZLUWLO,940GZZLUWKN,0.0,0.528,40.195,22.455,21.544,13.175,7.946,0.0
940GZZLUWLO,940GZZLUWSM,0.0,61.94,717.108,361.044,139.032,24.339,6.498,0.001
940GZZLUWLO,940GZZLUWPL,0.0,4.6489997,70.082,31.268,15.284,9.042,4.301,0.0
940GZZLUWLO,940GZZLUWIG,0.0,1.961,30.119,60.152,150.907,83.968,40.421,0.071
940GZZLUWLO,940GZZLUERB,0.0,9.351,413.482,123.145,107.161,39.69,15.957,0.0
940GZZLUWLO,940GZZLUPCO,0.0,4.774,24.338,36.8,21.499,17.03,9.344,0.0
940GZZLUWLO,940GZZLUVXL,0.0,0.699,39.814,15.818,21.844,8.581,3.661,0.0
940GZZLUWLO,940GZZLUBXN,0.0,5.1809998,80.373,88.348,187.347,119.452995,58.778,0.0
940GZZLUWLO,940GZZLUSWK,0.0,20.538,109.116,182.613,125.55,39.741,13.675,0.008
940GZZLUWLO,940GZZLUBMY,0.0,31.885,234.77,178.58301,267.402,148.097,58.667,0.066
940GZZLUWLO,940GZZLUCWR,0.0,32.992,602.735,647.036,1001.87,693.226,269.117,0.079
940GZZLUWBN,940GZZLUBBN,0.0,0.287,2.5970001,3.898,2.35,1.012,0.3,0.0
940GZZLUWBN,940GZZLUADE,0.0,2.731,17.161,18.673,9.955,1.282,1.482,0.0
940GZZLUWBN,940GZZLUAGL,0.0,0.465,2.233,6.013,4.791,1.546,0.23900001,0.0
940GZZLUWBN,940GZZLUBST,0.0,0.727,8.406,17.53,11.989,1.515,0.487,0.0
940GZZLUWBN,940GZZLUBNK,0.0,10.473,55.52,64.277,39.275,11.641,2.427,0.0
940GZZLUWBN,940GZZLUBSC,0.0,0.308,4.855,5.895,2.592,0.972,0.083000004,0.0
940GZZLUWBN,940GZZLUBWT,0.0,3.944,15.377,21.607,20.379,11.1,4.703,0.0
940GZZLUWBN,940GZZLUBLG,0.0,0.326,2.05,5.029,2.434,1.177,0.398,0.0
940GZZLUWBN,940GZZLUBKF,0.0,5.782,64.182,55.93,46.199,6.8849998,3.276,0.0
940GZZLUWBN,940GZZLUBND,0.0,2.947,11.834,21.282,10.379,1.4890001,0.095,0.0
940GZZLUWBN,940GZZLUBOR,0.0,0.0,0.783,3.137,0.166,0.143,0.001,0.0
940GZZLUWBN,940GZZLUCAR,0.0,0.186,0.283,1.135,1.952,0.486,0.445,0.0
940GZZLUWBN,940GZZLUCTN,0.0,0.01,2.446,8.694,3.996,0.75,0.019,0.0
940GZZLUWBN,940GZZLUCST,0.0,3.785,25.873,25.464,24.411,3.318,2.897,0.0
940GZZLUWBN,940GZZLUCHL,0.0,0.476,7.834,6.65,3.595,0.23,0.0,0.0
940GZZLUWBN,940GZZLUEMB,0.0,1.67,28.768,96.681,71.727,12.68,4.289,0.0
940GZZLUWBN,940GZZLUCGN,0.0,0.846,10.596,16.638,13.262,4.323,0.65099996,0.0
940GZZLUWBN,940GZZLUECT,0.0,3.568,52.663,89.047,66.224,30.167,11.319,0.0
940GZZLUWBN,940GZZLUERC,0.0,3.2519999,37.026,42.777,27.768,8.901,4.328,0.0
940GZZLUWBN,940GZZLUEAC,0.0,0.379,4.492,12.52,9.738,2.045,1.331,0.0
940GZZLUWBN,940GZZLUEUS,0.0,2.638,8.812,26.196,23.852,2.525,0.563,0.0
940GZZLUWBN,940GZZLUESQ,0.0,0.036,1.446,3.867,3.846,0.275,0.0,0.0
940GZZLUWBN,940GZZLUFCN,0.0,2.739,6.817,5.594,3.926,1.063,0.121,0.0
940GZZLUWBN,940GZZLUFYR,0.0,0.255,0.451,1.05,1.346,1.023,0.116000004,0.0
940GZZLUWBN,940GZZLUFPK,0.0,0.69699997,1.7820001,15.993,15.099,2.923,1.561,0.0
940GZZLUWBN,940GZZLUFBY,0.0,13.83,224.477,190.855,123.864,43.961,13.229,0.0
940GZZLUWBN,940GZZLUGTR,0.0,2.483,33.009,39.513,24.415,8.317,1.822,0.0
940GZZLUWBN,940GZZLUGDG,0.0,0.34100002,2.865,4.544,1.869,0.319,0.019000001,0.0
940GZZLUWBN,940GZZLUGPS,0.0,0.73,6.508,4.037,2.534,0.818,0.263,0.0
940GZZLUWBN,940GZZLUGPK,0.0,1.453,21.145,32.785,10.629,1.655,0.481,0.0
940GZZLUWBN,940GZZLUHSD,0.0,1.274,27.51,31.309,25.077,6.024,2.006,0.0
940GZZLUWBN,940GZZLUHAI,0.0,0.43,4.309,8.984,6.947,3.569,0.807,0.0
940GZZLUWBN,940GZZLUHSK,0.0,5.842,49.259,105.511,48.425,13.068,3.432,0.0
940GZZLUWBN,940GZZLUHBN,0.0,1.884,13.823,20.158,7.538,0.95600003,0.966,0.0
940GZZLUWBN,940GZZLUHPK,0.0,0.0,0.795,0.657,0.726,0.105,0.0,0.0
940GZZLUWBN,940GZZLUHWY,0.0,0.077,1.414,3.294,2.857,0.456,0.12,0.0
940GZZLUWBN,940GZZLUHPC,0.0,0.24,9.06,7.438,4.21,1.12,0.223,0.0
940GZZLUWBN,940GZZLUKNG,0.0,0.499,1.967,3.811,4.067,0.858,0.375,0.0
940GZZLUWBN,940GZZLUKSH,0.0,0.0,4.243,4.796,2.842,1.26,0.099,0.0
940GZZLUWBN,940GZZLUKBN,0.0,0.0,0.085,0.837,0.738,0.147,0.0,0.0
940GZZLUWBN,940GZZLUKSX,0.0,5.937,23.766,65.391,50.449,11.565,3.553,0.0
940GZZLUWBN,940GZZLUKNB,0.0,1.957,15.204,28.323,13.024,3.042,0.541,0.0
940GZZLUWBN,940GZZLULBN,0.0,0.0,1.43,4.993,1.805,0.811,0.0,0.0
940GZZLUWBN,940GZZLULGT,0.0,0.054,0.308,1.12,1.1240001,0.646,0.17400001,0.0
940GZZLUWBN,940GZZLULSQ,0.0,3.008,7.109,27.119,19.673,8.45,2.893,0.0
940GZZLUWBN,940GZZLULVT,0.0,5.136,20.9,48.488,40.238,7.358,3.649,0.0
940GZZLUWBN,940GZZLULNB,0.0,2.589,21.675,32.398,29.687,6.257,1.38,0.0
940GZZLUWBN,940GZZLUMSH,0.0,4.732,50.076,19.49,11.418,0.925,0.144,0.0
940GZZLUWBN,940GZZLUMBA,0.0,0.472,9.086,7.956,3.249,1.269,0.098,0.0
940GZZLUWBN,940GZZLUMYB,0.0,0.694,2.947,18.636,14.191,2.654,0.096,0.0
940GZZLUWBN,940GZZLUMED,0.0,0.82500005,4.528,11.756,7.673,2.457,0.968,0.0
940GZZLUWBN,940GZZLUMGT,0.0,1.323,6.671,4.174,1.251,0.024,0.0,0.0
940GZZLUWBN,940GZZLUMTC,0.0,0.154,0.926,0.366,1.14,0.259,0.146,0.0
940GZZLUWBN,940GZZLUNHG,0.0,4.522,35.126,52.123,34.08,12.823,2.565,0.0
940GZZLUWBN,940GZZLUODS,0.0,0.645,6.256,7.701,4.219,0.531,0.594,0.0
940GZZLUWBN,940GZZLUOVL,0.0,0.0,0.617,1.886,2.315,2.129,0.241,0.0
940GZZLUWBN,940GZZLUOXC,0.0,1.153,27.721,46.89,20.086,4.204,0.833,0.0
940GZZLUWBN,940GZZLUPAC,0.0,17.227,106.59,149.032,112.053,39.996,9.964,0.0
940GZZLUWBN,940GZZLUPCC,0.0,1.544,15.4470005,34.915,27.456,8.575,3.713,0.0
940GZZLUWBN,940GZZLUQWY,0.0,0.015,0.186,1.05,0.334,0.355,0.001,0.0
940GZZLUWBN,940GZZLURGP,0.0,0.169,3.238,2.467,0.852,0.083,0.0,0.0
940GZZLUWBN,940GZZLURYO,0.0,0.0,0.0,0.523,0.918,0.727,0.0,0.0
940GZZLUWBN,940GZZLURSQ,0.0,0.622,6.343,12.201,6.494,1.3610001,0.634,0.0
940GZZLUWBN,940GZZLUSJP,0.0,2.866,50.731,69.291,12.364,1.365,0.365,0.0
940GZZLUWBN,940GZZLUSJW,0.0,0.297,1.832,3.686,2.045,0.607,0.113000005,0.0
940GZZLUWBN,940GZZLUSPU,0.0,0.849,3.413,4.802,0.79800004,0.106,0.327,0.0
940GZZLUWBN,940GZZLUSBC,0.0,0.441,0.571,4.774,3.335,1.618,0.275,0.0
940GZZLUWBN,940GZZLUSSQ,0.0,1.576,39.753,63.802002,24.224,7.015,1.356,0.0
940GZZLUWBN,940GZZLUSKS,0.0,4.729,106.781,142.745,48.791,12.182,2.122,0.0
940GZZLUWBN,940GZZLUSKW,0.0,0.013,0.52500004,4.905,8.641,1.457,1.667,0.0
940GZZLUWBN,940GZZLUCHX,0.0,0.002,1.441,5.657,3.185,0.278,0.01,0.0
940GZZLUWBN,940GZZLUSWC,0.0,0.003,1.6800001,1.6060001,3.362,0.718,0.201,0.0
940GZZLUWBN,940GZZLUTMP,0.0,1.465,31.018,25.443,8.606,2.081,0.085,0.0
940GZZLUWBN,940GZZLUTCR,0.0,1.1240001,6.133,16.368,9.667,2.688,0.952,0.0
940GZZLUWBN,940GZZLUTWH,0.0,4.347,27.101,58.485,57.281002,7.977,1.626,0.0
940GZZLUWBN,940GZZLUVIC,0.0,2.458,44.243,93.179,74.128,17.661,4.514,0.0
940GZZLUWBN,940GZZLUWRR,0.0,1.564,12.293,10.896,5.86,1.029,1.02,0.0
940GZZLUWBN,940GZZLUWKA,0.0,0.126,1.0450001,4.185,2.807,0.89,0.11,0.0
940GZZLUWBN,940GZZLUWLO,0.0,1.463,3.925,15.556,19.319,4.625,1.729,0.0
940GZZLUWBN,940GZZLUWHP,0.0,0.348,0.885,1.331,7.159,1.031,0.59999996,0.0
940GZZLUWBN,940GZZLUWKN,0.0,0.36,1.834,1.899,2.74,1.114,0.474,0.0
940GZZLUWBN,940GZZLUWSM,0.0,2.709,32.132,101.786,23.863,4.549,0.714,0.0
940GZZLUWBN,940GZZLUWPL,0.0,1.544,17.636,26.035,20.124,3.629,0.977,0.0
940GZZLUWBN,940GZZLUWIG,0.0,0.027,0.0,2.028,2.623,0.546,0.5,0.0
940GZZLUWBN,940GZZLUERB,0.0,0.056,0.314,0.083,0.084,0.019000001,0.0,0.0
940GZZLUWBN,940GZZLUPCO,0.0,0.043,3.083,5.502,5.578,1.515,0.636,0.0
940GZZLUWBN,940GZZLUVXL,0.0,0.942,11.983,24.116,17.128,3.486,0.552,0.0
940GZZLUWBN,940GZZLUBXN,0.0,0.511,5.706,19.363,28.346,9.8289995,2.818,0.0
940GZZLUWBN,940GZZLUSWK,0.0,0.97400004,10.409,10.222,4.645,0.796,0.437,0.0
940GZZLUWBN,940GZZLUBMY,0.0,0.611,1.668,6.564,7.389,1.753,0.63,0.0
940GZZLUWBN,940GZZLUCWR,0.0,0.67,2.2319999,24.046,16.089,11.272,2.946,0.0
940GZZLUWHP,940GZZLUBBN,0.0,3.006,44.1,13.932,10.763,2.127,0.44300002,0.0
940GZZLUWHP,940GZZLUALD,0.0,4.037,63.113,17.551,13.234,1.662,0.909,0.0
940GZZLUWHP,940GZZLUADE,0.0,0.833,5.544,5.04,2.801,0.689,0.233,0.0
940GZZLUWHP,940GZZLUAGL,0.0,0.244,4.227,5.351,4.28,1.392,0.484,0.0
940GZZLUWHP,940GZZLUBST,0.0,15.92,268.332,197.375,104.71,25.328,6.378,0.0
940GZZLUWHP,940GZZLUBNK,0.0,16.1,124.298,34.435,20.123,3.985,0.72900003,0.0
940GZZLUWHP,940GZZLUBSC,0.0,0.006,7.635,3.047,2.933,1.151,0.752,0.0
940GZZLUWHP,940GZZLUBLG,0.0,0.12900001,6.668,5.49,8.852,3.673,1.399,0.002
940GZZLUWHP,940GZZLUBKF,0.0,0.647,10.574,2.726,2.842,0.193,0.162,0.0
940GZZLUWHP,940GZZLUBND,0.0,33.38,555.07,318.131,157.801,35.406,4.646,0.002
940GZZLUWHP,940GZZLUBOR,0.0,0.127,1.5320001,1.493,0.917,0.513,0.13,0.0
940GZZLUWHP,940GZZLUCAR,0.0,0.0,1.211,0.93200004,1.058,0.189,0.204,0.0
940GZZLUWHP,940GZZLUCTN,0.0,0.0,1.096,1.485,1.359,0.565,0.207,0.0
940GZZLUWHP,940GZZLUCST,0.0,3.056,17.088,2.307,2.645,0.16,0.152,0.0
940GZZLUWHP,940GZZLUCHL,0.0,2.162,54.454,16.529,9.011,1.4300001,0.013,0.0
940GZZLUWHP,940GZZLUEMB,0.0,1.272,22.14,5.333,7.026,0.87700003,0.46,0.0
940GZZLUWHP,940GZZLUCGN,0.0,0.701,16.685,26.998,22.037,7.164,0.48,0.0
940GZZLUWHP,940GZZLUECT,0.0,0.505,6.588,7.504,5.1410003,2.921,1.27,0.0
940GZZLUWHP,940GZZLUERC,0.0,0.0,3.188,3.177,1.283,0.222,0.127,0.0
940GZZLUWHP,940GZZLUEAC,0.0,0.0,11.768,9.849,8.69,4.45,1.512,0.0
940GZZLUWHP,940GZZLUEUS,0.0,1.021,5.016,5.089,3.807,3.124,0.414,0.0
940GZZLUWHP,940GZZLUESQ,0.0,8.449,151.46,102.851,42.966,9.297,1.095,0.0
940GZZLUWHP,940GZZLUFCN,0.0,3.23,57.113,20.02,11.022,2.506,0.52099997,0.0
940GZZLUWHP,940GZZLUFYR,0.0,6.004,164.658,141.33,88.978,49.517002,8.036,0.002
940GZZLUWHP,940GZZLUFPK,0.0,0.538,4.847,6.722,5.481,2.388,1.585,0.0
940GZZLUWHP,940GZZLUFBY,0.0,0.88600004,10.865,7.67,3.73,2.53,0.213,0.0
940GZZLUWHP,940GZZLUGTR,0.0,1.3100001,17.473999,11.54,7.331,2.054,0.84900004,0.0
940GZZLUWHP,940GZZLUGDG,0.0,0.118,0.812,1.535,0.632,0.29500002,0.0,0.0
940GZZLUWHP,940GZZLUGPS,0.0,4.141,112.702,31.699,13.228,3.039,0.564,0.0
940GZZLUWHP,940GZZLUGPK,0.0,43.21,329.405,161.52,77.753,20.136,4.75,0.001
940GZZLUWHP,940GZZLUHSD,0.0,0.885,26.26,9.485,7.5360003,5.605,0.805,0.0
940GZZLUWHP,940GZZLUHAI,0.0,0.14400001,3.29,1.276,0.958,0.612,0.569,0.0
940GZZLUWHP,940GZZLUHSK,0.0,0.464,18.394,8.828,3.603,0.819,0.237,0.0
940GZZLUWHP,940GZZLUHBN,0.0,5.324,123.862,57.261,24.269001,5.1870003,1.554,0.0
940GZZLUWHP,940GZZLUHPK,0.0,0.52,5.68,3.2,5.094,0.846,0.23900001,0.0
940GZZLUWHP,940GZZLUHWY,0.0,0.0,2.081,3.269,1.439,0.502,0.012,0.0
940GZZLUWHP,940GZZLUHPC,0.0,0.556,12.185,3.981,3.188,0.656,0.120000005,0.0
940GZZLUWHP,940GZZLUKNG,0.0,0.689,3.013,2.298,3.494,0.974,0.944,0.0
940GZZLUWHP,940GZZLUKBN,0.005,26.587,399.744,202.882,296.131,104.933,37.523,2.085
940GZZLUWHP,940GZZLUKSX,0.0,5.836,43.044,39.363,31.084,9.497,3.978,0.0
940GZZLUWHP,940GZZLUKNB,0.0,0.93,34.414,25.771,10.886,4.545,0.803,0.0
940GZZLUWHP,940GZZLULBN,0.0,0.206,3.186,2.993,2.78,0.237,0.142,0.0
940GZZLUWHP,940GZZLULGT,0.0,0.867,5.36,2.607,2.283,0.909,0.713,0.0
940GZZLUWHP,940GZZLULSQ,0.0,0.368,12.753,18.627,17.425,4.662,1.14,0.0
940GZZLUWHP,940GZZLULVT,0.0,22.179,184.136,50.687,45.991,13.071,4.463,0.0
940GZZLUWHP,940GZZLULNB,0.0,25.424,290.637,115.613,132.167,37.15,9.541,0.0
940GZZLUWHP,940GZZLUMSH,0.0,5.804,31.631,4.1480002,0.913,0.111999996,0.005,0.0
940GZZLUWHP,940GZZLUMBA,0.0,1.485,22.386,9.395,6.777,2.47,0.205,0.0
940GZZLUWHP,940GZZLUMYB,0.0,2.116,27.213,11.122,14.956,3.514,0.534,0.0
940GZZLUWHP,940GZZLUMED,0.0,0.205,9.76,8.911,5.187,2.026,1.64,0.0
940GZZLUWHP,940GZZLUMGT,0.0,10.293,122.061,19.75,8.327,0.942,0.0,0.0
940GZZLUWHP,940GZZLUMTC,0.0,0.0,1.038,0.768,0.331,0.0,0.136,0.0
940GZZLUWHP,940GZZLUNHG,0.0,0.722,12.735,10.238,6.546,2.964,0.505,0.0
940GZZLUWHP,940GZZLUODS,0.0,0.912,25.477,13.783,6.994,2.891,0.42,0.0
940GZZLUWHP,940GZZLUOVL,0.0,0.223,3.687,2.371,2.868,0.92800003,0.36,0.0
940GZZLUWHP,940GZZLUOXC,0.0,6.364,107.653,83.708,44.25,13.276,1.087,0.0
940GZZLUWHP,940GZZLUPAC,0.0,14.198,116.038,57.106,51.947,13.157,3.214,0.0
940GZZLUWHP,940GZZLUPCC,0.0,7.968,72.518,58.231,53.983,16.282,3.853,0.0
940GZZLUWHP,940GZZLUQWY,0.0,1.286,9.474,5.957,4.456,2.278,1.5500001,0.0
940GZZLUWHP,940GZZLURGP,0.0,1.117,19.025,9.17,5.108,2.029,0.0,0.0
940GZZLUWHP,940GZZLURYO,0.0,0.33900002,3.677,2.087,1.904,0.992,0.0,0.0
940GZZLUWHP,940GZZLURSQ,0.0,0.198,3.69,9.175,4.146,2.497,0.577,0.0
940GZZLUWHP,940GZZLUSJP,0.0,4.571,45.181,9.132,2.739,1.107,0.131,0.0
940GZZLUWHP,940GZZLUSJW,0.0,8.074,167.056,85.416,60.174,19.794,5.652,0.0
940GZZLUWHP,940GZZLUSPU,0.0,6.92,54.762,11.901,3.806,0.563,0.117,0.0
940GZZLUWHP,940GZZLUSBC,0.0,1.93,8.557,7.8450003,7.302,1.901,0.089,0.0
940GZZLUWHP,940GZZLUSSQ,0.0,1.7689999,27.956,24.053,9.909,2.577,0.266,0.0
940GZZLUWHP,940GZZLUSKS,0.0,2.016,67.162,49.09,21.628,6.866,1.378,0.0
940GZZLUWHP,940GZZLUSKW,0.0,0.552,2.464,3.631,10.723,3.523,1.7540001,0.0
940GZZLUWHP,940GZZLUCHX,0.0,4.137,50.205,38.892,62.969,7.233,0.988,0.0
940GZZLUWHP,940GZZLUSWC,0.002,5.717,165.178,145.01,101.236,37.972,10.822,0.039
940GZZLUWHP,940GZZLUTMP,0.0,0.191,29.846,16.183,6.77,1.903,0.527,0.0
940GZZLUWHP,940GZZLUTCR,0.0,3.854,86.444,64.658,45.887,12.856,1.16,0.0
940GZZLUWHP,940GZZLUTWH,0.0,1.119,19.426,9.177,4.527,2.53,0.157,0.0
940GZZLUWHP,940GZZLUVIC,0.0,20.094,208.459,90.262,91.558,27.616,9.465,0.0
940GZZLUWHP,940GZZLUWRR,0.0,1.202,6.596,4.16,1.973,0.786,0.30200002,0.0
940GZZLUWHP,940GZZLUWKA,0.0,0.019000001,4.962,3.185,3.82,1.324,0.027,0.0
940GZZLUWHP,940GZZLUWLO,0.0,39.17,254.722,112.906,204.017,68.595,18.751,0.0
940GZZLUWHP,940GZZLUWBN,0.0,7.103,30.52,9.574,12.858,3.937,1.204,0.0
940GZZLUWHP,940GZZLUWKN,0.0,0.0,0.903,1.674,1.186,0.759,0.024,0.0
940GZZLUWHP,940GZZLUWSM,0.0,19.511,321.757,83.043,40.702,7.534,2.145,0.0
940GZZLUWHP,940GZZLUWPL,0.0,0.442,4.387,1.203,0.244,0.221,0.345,0.0
940GZZLUWHP,940GZZLUWIG,0.002,3.187,35.12,84.292,182.192,85.961,34.435,0.029
940GZZLUWHP,940GZZLUERB,0.0,0.956,27.718,7.759,4.172,1.701,0.86300004,0.0
940GZZLUWHP,940GZZLUPCO,0.0,0.601,19.455,10.208,6.005,2.897,1.119,0.0
940GZZLUWHP,940GZZLUVXL,0.0,9.275,70.549,15.769,22.062,6.969,5.287,0.0
940GZZLUWHP,940GZZLUBXN,0.0,0.732,11.847,13.015,27.509,17.327,5.123,0.0
940GZZLUWHP,940GZZLUSWK,0.0,5.843,146.6,39.97,38.819,8.416,6.393,0.0
940GZZLUWHP,940GZZLUBMY,0.0,5.485,20.933,10.407,18.272,5.887,3.004,0.002
940GZZLUWHP,940GZZLUCWR,0.008,6.242,45.794,40.839,54.665,27.216,12.155,2.84
940GZZLUWKN,940GZZLUBBN,0.0,3.4420002,1.872,3.589,1.528,0.405,0.17,0.0
940GZZLUWKN,940GZZLUALD,0.0,0.433,3.52,1.141,0.532,0.015,0.0,0.0
940GZZLUWKN,940GZZLUADE,0.0,5.043,60.659,29.789,16.38,7.2599998,1.173,0.0
940GZZLUWKN,940GZZLUAGL,0.0,0.464,5.024,5.381,6.249,1.343,0.1,0.0
940GZZLUWKN,940GZZLUBST,0.0,22.619,0.0,7.789,14.120001,0.0,1.2149999,0.0
940GZZLUWKN,940GZZLUBNK,0.0,17.281,133.571,51.606,39.069,7.748,5.159,0.0
940GZZLUWKN,940GZZLUBSC,0.0,0.143,1.74,4.909,3.648,1.216,0.361,0.0
940GZZLUWKN,940GZZLUBWT,0.0,3.4490001,11.25,0.0,15.833,6.632,0.0,0.0
940GZZLUWKN,940GZZLUBLG,0.0,0.0,2.333,2.179,2.0,1.188,0.256,0.0
940GZZLUWKN,940GZZLUBKF,0.0,15.566,131.995,46.814,38.343,8.8289995,2.299,0.0
940GZZLUWKN,940GZZLUBND,0.0,1.84,17.646,17.41,6.457,2.273,1.35,0.0
940GZZLUWKN,940GZZLUBOR,0.0,0.164,1.872,1.34,0.261,0.21800001,0.138,0.0
940GZZLUWKN,940GZZLUCAR,0.0,0.0,1.732,1.775,1.467,1.03,0.531,0.0
940GZZLUWKN,940GZZLUCTN,0.0,0.0,6.722,12.686,5.02,1.496,0.742,0.0
940GZZLUWKN,940GZZLUCST,0.0,13.663,79.75,25.471,23.101,5.048,1.629,0.0
940GZZLUWKN,940GZZLUCHL,0.0,1.598,8.971,3.4950001,3.2779999,0.421,0.29,0.0
940GZZLUWKN,940GZZLUEMB,0.0,4.746,63.116,64.528,66.959,13.737,4.343,0.0
940GZZLUWKN,940GZZLUCGN,0.0,0.99300003,8.748,16.171,13.037,3.696,0.105000004,0.0
940GZZLUWKN,940GZZLUECT,0.0,2.012,31.459,53.955,35.199,18.14,7.019,0.0
940GZZLUWKN,940GZZLUERC,0.0,5.868,20.626,13.935,11.256,3.888,0.412,0.0
940GZZLUWKN,940GZZLUEAC,0.0,0.603,8.753,16.855,14.724,5.099,3.239,0.0
940GZZLUWKN,940GZZLUEUS,0.0,5.345,26.091,28.643,16.332,4.541,1.179,0.0
940GZZLUWKN,940GZZLUESQ,0.0,0.96099997,0.0,0.0,0.792,0.0,0.409,0.0
940GZZLUWKN,940GZZLUFCN,0.0,8.598,0.0,12.799999,2.354,0.867,0.033,0.0
940GZZLUWKN,940GZZLUFYR,0.0,0.264,0.707,0.949,0.77500004,1.844,0.876,0.0
940GZZLUWKN,940GZZLUFPK,0.0,0.212,3.804,8.424,9.03,3.484,2.527,0.0
940GZZLUWKN,940GZZLUFBY,0.0,0.289,3.634,5.106,4.657,2.44,0.0,0.0
940GZZLUWKN,940GZZLUGTR,0.0,5.689,57.113,67.804,20.434,12.9800005,3.247,0.0
940GZZLUWKN,940GZZLUGDG,0.0,0.0,5.146,4.945,1.581,0.696,0.0,0.0
940GZZLUWKN,940GZZLUGPS,0.0,6.3529997,0.0,0.0,1.644,0.0,0.060000002,0.0
940GZZLUWKN,940GZZLUGPK,0.0,5.758,28.524,24.91,10.534,3.764,0.545,0.0
940GZZLUWKN,940GZZLUHSD,0.0,6.374,99.556,147.834,95.768,41.111,13.228,0.0
940GZZLUWKN,940GZZLUHAI,0.0,0.2,10.209,8.731,10.229,7.883,2.953,0.0
940GZZLUWKN,940GZZLUHSK,0.0,6.246,17.671,0.0,22.11,8.738,0.518,0.077
940GZZLUWKN,940GZZLUHBN,0.0,1.79,16.621,12.4800005,6.657,1.291,0.24700001,0.0
940GZZLUWKN,940GZZLUHPK,0.0,0.010000001,1.762,0.749,0.233,0.726,0.0,0.0
940GZZLUWKN,940GZZLUHWY,0.0,0.16499999,1.82,2.584,2.187,1.824,0.557,0.0
940GZZLUWKN,940GZZLUHPC,0.0,1.399,12.305,5.797,4.404,1.048,0.223,0.0
940GZZLUWKN,940GZZLUKNG,0.0,0.0,4.61,2.779,4.571,1.863,1.101,0.0
940GZZLUWKN,940GZZLUKSH,0.0,0.0,0.879,0.619,2.358,0.398,0.384,0.0
940GZZLUWKN,940GZZLUKBN,0.0,1.5139999,0.175,0.316,1.301,1.289,0.292,0.0
940GZZLUWKN,940GZZLUKSX,0.0,5.348,22.507,36.32,22.085,7.909,3.072,0.001
940GZZLUWKN,940GZZLUKNB,0.0,0.321,16.827,21.632,5.351,1.637,0.425,0.0
940GZZLUWKN,940GZZLULBN,0.0,0.0,1.365,2.356,2.022,0.94200003,0.902,0.0
940GZZLUWKN,940GZZLULGT,0.0,0.009000001,0.38,0.551,2.5939999,0.406,0.009,0.0
940GZZLUWKN,940GZZLULSQ,0.0,1.447,9.193,24.444,18.91,4.819,2.281,0.0
940GZZLUWKN,940GZZLULVT,0.0,4.0559998,14.919,17.587,11.74,3.554,0.924,0.0
940GZZLUWKN,940GZZLULNB,0.0,3.1430001,48.647,39.905,29.703,10.874,5.34,0.0
940GZZLUWKN,940GZZLUMSH,0.0,12.525,139.004,31.871,10.707,2.437,0.759,0.0
940GZZLUWKN,940GZZLUMBA,0.0,0.817,2.379,3.685,2.393,1.558,0.15799999,0.0
940GZZLUWKN,940GZZLUMYB,0.0,0.328,0.976,4.1480002,2.578,2.307,0.298,0.0
940GZZLUWKN,940GZZLUMED,0.0,0.246,1.758,6.913,11.163,4.757,2.84,0.0
940GZZLUWKN,940GZZLUMGT,0.0,3.92,11.475,8.182,2.849,0.724,0.455,0.0
940GZZLUWKN,940GZZLUMTC,0.0,0.184,2.332,1.441,0.957,0.365,0.0,0.0
940GZZLUWKN,940GZZLUNHG,0.0,1.29,11.784,0.0,10.617,3.226,0.0,0.0
940GZZLUWKN,940GZZLUODS,0.0,1.1060001,22.189,9.87,6.453,1.729,0.898,0.0
940GZZLUWKN,940GZZLUOVL,0.0,0.0,1.894,2.84,1.941,0.737,0.38,0.0
940GZZLUWKN,940GZZLUOXC,0.0,7.435,56.664,59.356,31.478,7.66,4.69,0.0
940GZZLUWKN,940GZZLUPAC,0.0,17.558,44.177002,31.888,18.178,8.281,3.314,0.0
940GZZLUWKN,940GZZLUPCC,0.0,1.691,18.098,35.971,26.005,11.601,2.017,0.0
940GZZLUWKN,940GZZLURGP,0.0,0.17400001,3.356,1.47,0.789,0.014,0.0,0.0
940GZZLUWKN,940GZZLURYO,0.0,0.0,2.223,1.061,0.948,0.279,0.0,0.0
940GZZLUWKN,940GZZLURSQ,0.0,0.0,11.81,9.512,7.534,1.029,0.485,0.0
940GZZLUWKN,940GZZLUSJP,0.0,3.419,101.090996,48.33,13.299,2.384,1.137,0.0
940GZZLUWKN,940GZZLUSJW,0.0,0.187,4.983,3.698,1.932,0.899,0.572,0.0
940GZZLUWKN,940GZZLUSPU,0.0,0.618,1.505,1.036,0.476,0.0,0.0,0.0
940GZZLUWKN,940GZZLUSBC,0.0,0.0,1.368,3.966,1.494,0.361,0.338,0.0
940GZZLUWKN,940GZZLUSSQ,0.0,5.719,78.276,66.079,33.378,11.369,4.8519998,0.0
940GZZLUWKN,940GZZLUSKS,0.0,2.605,130.968,160.515,51.226,20.778,3.03,0.0
940GZZLUWKN,940GZZLUSKW,0.0,0.089,3.064,6.169,8.694,5.979,2.035,0.0
940GZZLUWKN,940GZZLUCHX,0.0,0.249,0.713,0.824,1.014,0.206,0.0,0.0
940GZZLUWKN,940GZZLUSWC,0.0,0.179,3.056,2.022,2.318,1.982,0.206,0.0
940GZZLUWKN,940GZZLUTMP,0.0,3.591,74.811,51.361,10.609,3.783,0.303,0.0
940GZZLUWKN,940GZZLUTCR,0.0,0.738,11.645,11.936,6.604,2.046,0.608,0.0
940GZZLUWKN,940GZZLUTWH,0.0,5.237,69.504,40.128,33.919,7.584,3.063,0.0
940GZZLUWKN,940GZZLUVIC,0.0,6.803,49.67,38.936,58.204,17.56,6.45,0.0
940GZZLUWKN,940GZZLUWRR,0.0,5.543,27.479,19.708,7.041,1.784,0.495,0.0
940GZZLUWKN,940GZZLUWKA,0.0,0.013,0.37,1.755,1.939,1.245,0.0,0.0
940GZZLUWKN,940GZZLUWLO,0.0,6.896,21.472,17.641,24.261,6.889,2.765,0.0
940GZZLUWKN,940GZZLUWBN,0.0,0.23900001,2.828,1.283,3.03,1.213,1.036,0.0
940GZZLUWKN,940GZZLUWHP,0.0,0.0,0.375,0.388,1.239,0.699,0.255,0.0
940GZZLUWKN,940GZZLUWSM,0.0,9.255,70.776,52.169,13.479,4.628,1.085,0.0
940GZZLUWKN,940GZZLUWPL,0.0,4.847,38.844,26.109,27.315,13.029,3.618,0.0
940GZZLUWKN,940GZZLUWIG,0.0,0.0,0.0,0.955,2.565,1.072,0.827,0.0
940GZZLUWKN,940GZZLUPCO,0.0,0.158,14.882,10.777,6.629,2.149,0.969,0.0
940GZZLUWKN,940GZZLUVXL,0.0,3.886,25.342001,16.215,17.202,9.705,2.552,0.0
940GZZLUWKN,940GZZLUBXN,0.0,0.92800003,11.889,17.132,29.146,14.307,6.3320003,0.0
940GZZLUWKN,940GZZLUSWK,0.0,2.769,23.55,13.647,8.789,2.253,1.541,0.0
940GZZLUWKN,940GZZLUBMY,0.0,2.029,6.675,5.122,9.326,3.157,0.997,0.0
940GZZLUWKN,940GZZLUCWR,0.0,1.868,9.4470005,19.444,21.886,11.599,3.561,0.0
940GZZLUWSM,940GZZLUBBN,0.0,0.193,3.352,19.499,16.587,4.964,1.114,0.0
940GZZLUWSM,940GZZLUALD,0.0,0.100999996,8.989,27.731,25.424,5.07,2.068,0.0
940GZZLUWSM,940GZZLUADE,0.0,0.19299999,29.2,98.968,115.416,32.183,11.944,0.0
940GZZLUWSM,940GZZLUAGL,0.0,0.117000006,3.313,26.439,50.865,17.086,3.512,0.0
940GZZLUWSM,940GZZLUBST,0.0,2.835,24.016,268.991,198.862,40.335,9.815001,0.0
940GZZLUWSM,940GZZLUBNK,0.0,4.748,66.683,289.062,268.047,48.262,10.711,0.0
940GZZLUWSM,940GZZLUBSC,0.0,0.0,3.611,9.717,18.577,9.754,4.32,0.0
940GZZLUWSM,940GZZLUBWT,0.0,0.0,1.6700001,61.671,85.071,37.039,18.352,0.0
940GZZLUWSM,940GZZLUBLG,0.0,0.0,0.916,16.744,30.644001,11.374,4.749,0.0
940GZZLUWSM,940GZZLUBKF,0.0,3.969,62.958,252.28,451.018,84.339,16.916,0.0
940GZZLUWSM,940GZZLUBND,0.0,0.961,40.489,439.832,326.723,51.174,8.9,0.0
940GZZLUWSM,940GZZLUBOR,0.0,0.0,0.403,6.361,4.226,2.324,0.529,0.0
940GZZLUWSM,940GZZLUCAR,0.0,0.0,1.597,5.772,13.76,3.764,1.6,0.0
940GZZLUWSM,940GZZLUCTN,0.0,0.0,1.23,100.678,39.852,7.5230002,2.733,0.0
940GZZLUWSM,940GZZLUCST,0.0,2.842,30.619,106.618004,110.722,24.954,4.061,0.0
940GZZLUWSM,940GZZLUCHL,0.0,0.078,3.895,31.052,16.029,2.307,0.462,0.0
940GZZLUWSM,940GZZLUEMB,0.0,0.976,5.75,115.977,95.553,28.136,10.356999,0.0
940GZZLUWSM,940GZZLUCGN,0.0,0.0,1.525,99.646,45.306,9.6,0.737,0.0
940GZZLUWSM,940GZZLUECT,0.0,0.787,19.171,99.843,122.696,53.703,21.58,0.0
940GZZLUWSM,940GZZLUERC,0.0,0.161,1.249,15.9869995,14.099,3.468,2.431,0.0
940GZZLUWSM,940GZZLUEAC,0.0,0.19600001,1.675,21.087,16.371,6.184,1.117,0.0
940GZZLUWSM,940GZZLUEUS,0.0,0.44,7.899,154.719,219.69,42.949,5.479,0.0
940GZZLUWSM,940GZZLUESQ,0.0,0.08,1.094,10.415,7.8250003,1.513,0.269,0.0
940GZZLUWSM,940GZZLUFCN,0.0,0.0,3.767,25.188,18.342001,4.048,0.267,0.0
940GZZLUWSM,940GZZLUFYR,0.0,0.218,8.869,35.467,99.829,31.582,8.149,0.0
940GZZLUWSM,940GZZLUFPK,0.0,1.91,3.573,35.001,115.685,40.142,10.823,0.0
940GZZLUWSM,940GZZLUFBY,0.0,0.39200002,5.642,35.34,46.697,19.105,4.441,0.0
940GZZLUWSM,940GZZLUGTR,0.0,1.902,7.761,80.427,97.283,35.264,18.127,0.0
940GZZLUWSM,940GZZLUGDG,0.0,0.0,1.6,23.774,22.077,4.086,1.089,0.0
940GZZLUWSM,940GZZLUGPS,0.0,0.0,0.716,8.92,4.918,2.063,0.13,0.0
940GZZLUWSM,940GZZLUGPK,0.0,0.61300004,25.583,269.7,130.634,22.513,5.65,0.0
940GZZLUWSM,940GZZLUHSD,0.0,1.74,22.273,73.386,117.67,39.961,15.6050005,0.0
940GZZLUWSM,940GZZLUHAI,0.0,1.586,5.429,35.811,101.181,41.525,8.423,0.0
940GZZLUWSM,940GZZLUHSK,0.0,2.1890001,13.848,90.512,71.079,15.279,6.389,0.0
940GZZLUWSM,940GZZLUHBN,0.0,0.41,4.342,56.653,30.388,6.572,1.837,0.0
940GZZLUWSM,940GZZLUHPK,0.0,0.0,2.073,9.336,13.523,4.487,2.157,0.0
940GZZLUWSM,940GZZLUHWY,0.0,0.0,0.832,10.326,13.815001,5.394,2.6200001,0.0
940GZZLUWSM,940GZZLUHPC,0.0,0.0,2.509,21.092001,13.348,0.938,0.224,0.0
940GZZLUWSM,940GZZLUKNG,0.0,0.781,0.148,5.71,8.643,3.824,1.271,0.0
940GZZLUWSM,940GZZLUKOY,0.0,0.0,0.0,0.0,0.0,0.207,0.0,0.0
940GZZLUWSM,940GZZLUKSH,0.0,0.0,0.232,7.945,17.612,5.673,1.648,0.0
940GZZLUWSM,940GZZLUKBN,0.0,0.41,2.898,29.88,96.19,38.626,15.221,0.0
940GZZLUWSM,940GZZLUKSX,0.0,4.1150002,15.737,299.951,396.49,87.251,18.112,0.0
940GZZLUWSM,940GZZLUKNB,0.0,0.0,2.532,155.062,91.29,7.069,0.56700003,0.0
940GZZLUWSM,940GZZLULBN,0.0,0.111,0.534,6.466,2.697,0.906,0.917,0.0
940GZZLUWSM,940GZZLULGT,0.0,0.0,0.28,24.526001,20.207,9.462,3.64,0.0
940GZZLUWSM,940GZZLULSQ,0.0,0.082,1.103,103.82,74.671,14.552,2.928,0.0
940GZZLUWSM,940GZZLULVT,0.0,2.862,25.202,216.579,362.387,72.509,19.787,0.0
940GZZLUWSM,940GZZLULNB,0.0,1.614,84.491,853.714,977.782,244.604,72.897,0.005
940GZZLUWSM,940GZZLUMSH,0.0,2.375,79.752,174.727,80.038,15.919,3.09,0.0
940GZZLUWSM,940GZZLUMBA,0.0,0.096,2.735,34.815,28.131,7.432,2.323,0.0
940GZZLUWSM,940GZZLUMYB,0.0,0.29,2.702,51.473,134.967,25.615,7.237,0.0
940GZZLUWSM,940GZZLUMED,0.0,0.34600002,3.311,24.826,83.955,29.646,10.009,0.0
940GZZLUWSM,940GZZLUMGT,0.0,0.489,11.154,45.747,42.613,10.842,2.452,0.0
940GZZLUWSM,940GZZLUMTC,0.0,0.0,1.557,4.365,6.859,1.3,0.683,0.0
940GZZLUWSM,940GZZLUNHG,0.0,0.113,7.902,69.877,60.813,20.538,3.901,0.0
940GZZLUWSM,940GZZLUODS,0.0,0.102000006,8.982,48.187,63.133,20.288,6.718,0.0
940GZZLUWSM,940GZZLUOVL,0.0,0.0,0.419,4.561,7.561,4.706,1.905,0.0
940GZZLUWSM,940GZZLUOXC,0.0,0.0,6.183,159.26,97.641,12.907,1.862,0.0
940GZZLUWSM,940GZZLUPAC,0.0,1.53,14.511,262.25,407.418,87.883,26.637,0.0
940GZZLUWSM,940GZZLUPCC,0.0,0.0,2.937,167.68,123.95,28.665,5.101,0.0
940GZZLUWSM,940GZZLUQWY,0.0,0.0,1.17,27.43,25.423,8.666,3.6759999,0.0
940GZZLUWSM,940GZZLURGP,0.0,0.0,0.647,8.332,3.944,1.279,0.21800001,0.0
940GZZLUWSM,940GZZLURYO,0.0,0.0,0.727,2.02,5.094,2.8,0.834,0.0
940GZZLUWSM,940GZZLURSQ,0.0,0.0,3.496,55.69,51.308,12.758,8.367,0.0
940GZZLUWSM,940GZZLUSJP,0.0,0.33200002,12.039,95.222,26.767,4.305,1.442,0.0
940GZZLUWSM,940GZZLUSJW,0.0,0.855,7.884,59.775,78.801,29.17,9.083,0.0
940GZZLUWSM,940GZZLUSPU,0.0,0.091,0.804,25.343,3.756,0.060999997,0.0,0.0
940GZZLUWSM,940GZZLUSBC,0.0,1.084,4.185,55.336,91.672,18.77,4.663,0.0
940GZZLUWSM,940GZZLUSSQ,0.0,1.365,21.832,127.847,87.82,29.564,9.238,0.0
940GZZLUWSM,940GZZLUSKS,0.0,2.582,32.195,330.249,133.825,43.052002,9.229,0.0
940GZZLUWSM,940GZZLUSKW,0.0,0.084,0.359,4.558,11.033,4.943,1.243,0.0
940GZZLUWSM,940GZZLUCHX,0.0,0.0,0.283,29.903,19.372,1.862,0.382,0.0
940GZZLUWSM,940GZZLUSWC,0.0,0.451,7.983,32.558,99.881,36.166,11.739,0.0
940GZZLUWSM,940GZZLUTMP,0.0,0.40399998,28.503,120.096,57.422,8.017,0.895,0.0
940GZZLUWSM,940GZZLUTCR,0.0,0.08,4.2400002,128.158,63.368,11.159,3.626,0.0
940GZZLUWSM,940GZZLUTWH,0.0,1.905,41.785,512.539,510.326,64.407,26.569,0.0
940GZZLUWSM,940GZZLUVIC,0.0,2.244,20.372,113.012,230.233,73.287,18.209,0.0
940GZZLUWSM,940GZZLUWRR,0.0,0.088,3.601,41.361,26.735,4.6480002,2.55,0.0
940GZZLUWSM,940GZZLUWKA,0.0,0.0,0.745,8.558,17.987,9.083,1.407,0.0
940GZZLUWSM,940GZZLUWLO,0.0,6.152,15.744,244.308,664.921,188.787,51.114,0.003
940GZZLUWSM,940GZZLUWBN,0.0,0.924,20.152,72.544,35.028,10.375,4.928,0.0
940GZZLUWSM,940GZZLUWHP,0.0,2.262,7.016,53.688,249.665,66.476,16.529,0.0
940GZZLUWSM,940GZZLUWKN,0.0,0.0,6.67,25.816,45.849,25.276001,7.185,0.0
940GZZLUWSM,940GZZLUWPL,0.0,0.719,14.415,56.866,105.783,36.516,8.794,0.0
940GZZLUWSM,940GZZLUWIG,0.0,0.545,2.759,28.422,103.656,36.875,13.871,0.0
940GZZLUWSM,940GZZLUERB,0.0,0.0,0.33900002,14.99,17.407999,3.535,1.788,0.0
940GZZLUWSM,940GZZLUPCO,0.0,0.077,0.812,10.899,9.43,8.34,3.146,0.0
940GZZLUWSM,940GZZLUVXL,0.0,1.268,2.268,27.024,25.089,7.842,3.565,0.0
940GZZLUWSM,940GZZLUBXN,0.0,0.758,1.271,36.855,74.851,27.261,14.257,0.0
940GZZLUWSM,940GZZLUSWK,0.0,0.742,23.246,166.954,141.213,28.874,11.176,0.001
940GZZLUWSM,940GZZLUBMY,0.0,1.047,9.859,43.736,126.732,40.743,16.721,0.01
940GZZLUWSM,940GZZLUCWR,0.0,4.169,32.925,239.739,659.325,243.593,65.087,0.011
940GZZLUWPL,940GZZLUBBN,0.0,11.119,147.868,187.048,71.115,27.021,8.698,0.0
940GZZLUWPL,940GZZLUALD,0.0,0.904,12.827,8.369,4.434,1.3790001,0.567,0.0
940GZZLUWPL,940GZZLUADE,0.0,23.996,611.844,332.492,176.634,61.304,23.188,0.0
940GZZLUWPL,940GZZLUAGL,0.0,0.024,12.083,15.913,12.5060005,4.043,0.913,0.0
940GZZLUWPL,940GZZLUBST,0.0,7.895,25.162,51.727,28.425,9.551,2.201,0.0
940GZZLUWPL,940GZZLUBNK,0.0,34.749,411.047,243.471,197.594,53.425,15.984,0.0
940GZZLUWPL,940GZZLUBSC,0.0,1.9250001,29.98,14.5130005,14.688,7.489,3.2680001,0.0
940GZZLUWPL,940GZZLUBWT,0.0,0.001,0.0,3.687,1.118,2.356,0.464,0.0
940GZZLUWPL,940GZZLUBLG,0.0,2.858,15.053,30.092001,29.205,12.134,5.547,0.0
940GZZLUWPL,940GZZLUBKF,0.0,23.043,396.579,178.932,169.399,42.71,11.811,0.0
940GZZLUWPL,940GZZLUBND,0.0,0.428,7.809,20.637,10.255,2.333,0.073,0.0
940GZZLUWPL,940GZZLUBOR,0.0,0.0,5.541,6.796,7.55,3.181,1.614,0.0
940GZZLUWPL,940GZZLUCAR,0.0,0.0,1.483,3.283,3.375,2.184,0.637,0.0
940GZZLUWPL,940GZZLUCTN,0.0,1.467,9.991,22.419,11.037,4.76,1.258,0.0
940GZZLUWPL,940GZZLUCST,0.0,19.929,212.29,113.122,131.189,33.083,5.771,0.0
940GZZLUWPL,940GZZLUCHL,0.0,1.606,16.997,30.543,12.99,2.195,0.22,0.0
940GZZLUWPL,940GZZLUEMB,0.0,15.643,227.96,198.178,170.295,44.631,9.535,0.0
940GZZLUWPL,940GZZLUCGN,0.0,0.823,1.244,6.995,5.106,0.989,0.448,0.0
940GZZLUWPL,940GZZLUECT,0.0,8.879,63.567,56.24,48.402,29.156,16.789,0.0
940GZZLUWPL,940GZZLUERC,0.0,3.496,30.810999,28.979,27.272,9.773,4.541,0.0
940GZZLUWPL,940GZZLUEAC,0.0,0.28100002,11.172,21.078,19.98,10.373,4.112,0.0
940GZZLUWPL,940GZZLUEUS,0.0,2.037,6.24,11.236,14.076,3.355,1.181,0.0
940GZZLUWPL,940GZZLUESQ,0.0,8.725,85.217,120.695,81.427,23.201,7.835,0.0
940GZZLUWPL,940GZZLUFCN,0.0,17.565,302.023,152.803,90.402,34.923,8.667,0.0
940GZZLUWPL,940GZZLUFYR,0.0,0.324,0.816,1.131,2.13,0.583,0.19500001,0.0
940GZZLUWPL,940GZZLUFPK,0.0,0.2,0.133,0.0,0.0,0.627,0.048,0.0
940GZZLUWPL,940GZZLUFBY,0.0,4.029,52.852,30.114,24.731,12.416,4.251,0.0
940GZZLUWPL,940GZZLUGTR,0.0,7.29,80.229004,60.756,47.205,16.933,10.76,0.0
940GZZLUWPL,940GZZLUGDG,0.0,1.501,6.53,6.866,3.6430001,0.774,0.112,0.0
940GZZLUWPL,940GZZLUGPS,0.0,4.9,59.717,45.035,24.459,5.799,1.9480001,0.0
940GZZLUWPL,940GZZLUGPK,0.0,0.91899997,2.2450001,5.375,1.081,0.328,0.117,0.0
940GZZLUWPL,940GZZLUHSD,0.0,11.453,152.13,60.786,70.662,26.151,8.936,0.0
940GZZLUWPL,940GZZLUHSK,0.0,1.713,9.916,12.337,5.465,2.752,0.433,0.0
940GZZLUWPL,940GZZLUHBN,0.0,1.124,14.604,38.972,19.129,4.137,0.547,0.0
940GZZLUWPL,940GZZLUHPK,0.0,0.221,1.982,2.136,1.008,0.361,0.449,0.0
940GZZLUWPL,940GZZLUHWY,0.0,0.0,1.5090001,3.901,1.477,1.072,0.679,0.0
940GZZLUWPL,940GZZLUHPC,0.0,0.149,1.03,1.593,1.297,0.21100001,0.0,0.0
940GZZLUWPL,940GZZLUKNG,0.0,0.046,3.67,4.654,8.567,6.051,3.206,0.0
940GZZLUWPL,940GZZLUKOY,0.0,0.0,0.0,0.0,0.0,0.219,0.0,0.0
940GZZLUWPL,940GZZLUKSH,0.0,0.0,1.063,2.721,3.188,2.248,0.959,0.0
940GZZLUWPL,940GZZLUKBN,0.0,0.0,0.327,1.946,1.897,0.886,0.29,0.0
940GZZLUWPL,940GZZLUKSX,0.0,31.219,104.808,210.108,158.128,56.558,19.517,0.0
940GZZLUWPL,940GZZLUKNB,0.0,0.92,4.704,8.384,5.446,0.441,0.186,0.0
940GZZLUWPL,940GZZLULBN,0.0,1.464,2.671,7.965,5.869,3.032,1.024,0.0
940GZZLUWPL,940GZZLULGT,0.0,0.194,0.773,1.291,3.342,0.21700001,0.18,0.0
940GZZLUWPL,940GZZLULSQ,0.0,1.824,7.1,32.09,21.541,10.154,1.528,0.0
940GZZLUWPL,940GZZLULVT,0.0,26.61,153.201,342.192,321.565,179.405,39.151,0.0
940GZZLUWPL,940GZZLULNB,0.0,1.455,10.985,24.339,16.622,8.132,2.251,0.0
940GZZLUWPL,940GZZLUMSH,0.0,15.251,283.174,98.924,34.369,6.814,1.284,0.0
940GZZLUWPL,940GZZLUMBA,0.0,0.99300003,2.724,10.227,6.402,1.717,0.894,0.0
940GZZLUWPL,940GZZLUMYB,0.0,0.256,4.671,5.808,9.961,3.788,0.036,0.0
940GZZLUWPL,940GZZLUMED,0.0,12.53,123.347,327.988,281.828,149.907,76.95,0.0
940GZZLUWPL,940GZZLUMGT,0.0,8.233,109.955,74.001,35.403,11.165,2.135,0.0
940GZZLUWPL,940GZZLUMTC,0.0,0.0,2.725,1.23,1.467,0.753,0.013,0.0
940GZZLUWPL,940GZZLUNHG,0.0,1.275,0.412,8.5,3.897,2.386,0.674,0.0
940GZZLUWPL,940GZZLUODS,0.0,0.418,6.876,11.779,5.978,2.981,1.719,0.0
940GZZLUWPL,940GZZLUOVL,0.0,0.7,7.514,6.005,8.505,6.0629997,1.122,0.0
940GZZLUWPL,940GZZLUOXC,0.0,3.605,18.136,55.97,31.947,8.273,0.487,0.0
940GZZLUWPL,940GZZLUPAC,0.0,24.97,99.809,108.928,100.784,43.672,12.14,0.0
940GZZLUWPL,940GZZLUPCC,0.0,2.537,24.196,31.555,30.53,8.464,1.624,0.0
940GZZLUWPL,940GZZLUQWY,0.0,0.0,1.117,3.9,2.115,1.406,0.65,0.0
940GZZLUWPL,940GZZLURGP,0.0,0.0,0.764,1.933,2.144,0.33,0.004,0.0
940GZZLUWPL,940GZZLURYO,0.0,2.704,12.117,11.037,14.207,4.946,1.694,0.0
940GZZLUWPL,940GZZLURSQ,0.0,0.155,3.302,10.396,4.086,1.142,0.545,0.0
940GZZLUWPL,940GZZLUSJP,0.0,12.334,259.961,110.215,35.313,9.783,2.887,0.0
940GZZLUWPL,940GZZLUSJW,0.0,0.02,0.678,1.247,1.255,0.21599999,0.036,0.0
940GZZLUWPL,940GZZLUSPU,0.0,1.563,8.149,17.427,5.571,0.64,0.167,0.0
940GZZLUWPL,940GZZLUSBC,0.0,0.019,3.184,9.857,14.82,3.23,0.41,0.0
940GZZLUWPL,940GZZLUSSQ,0.0,13.614,129.382,125.655,66.969,21.595,7.437,0.0
940GZZLUWPL,940GZZLUSKS,0.0,14.034,239.359,199.191,89.239,30.943,8.79,0.0
940GZZLUWPL,940GZZLUSKW,0.0,0.859,2.017,6.717,9.577,6.466,1.251,0.0
940GZZLUWPL,940GZZLUCHX,0.0,0.156,1.695,6.136,6.058,0.819,0.757,0.0
940GZZLUWPL,940GZZLUSWC,0.0,0.244,0.237,1.234,1.337,0.418,0.222,0.0
940GZZLUWPL,940GZZLUTMP,0.0,11.659,256.802,172.238,71.246,17.59,2.928,0.0
940GZZLUWPL,940GZZLUTCR,0.0,3.024,21.387,44.616,31.225,9.878,2.432,0.0
940GZZLUWPL,940GZZLUTWH,0.0,18.273,264.293,221.183,186.296,41.209,15.081,0.0
940GZZLUWPL,940GZZLUVIC,0.0,17.53,67.53,84.203,87.149,41.064,11.516,0.0
940GZZLUWPL,940GZZLUWRR,0.0,0.099,0.966,2.966,0.78000003,0.318,0.062000003,0.0
940GZZLUWPL,940GZZLUWKA,0.0,0.123,0.648,1.5,2.108,1.031,0.267,0.0
940GZZLUWPL,940GZZLUWLO,0.0,6.008,18.26,48.926,55.836,17.24,4.274,0.0
940GZZLUWPL,940GZZLUWBN,0.0,13.632,63.714,17.261,17.032,4.765,1.41,0.0
940GZZLUWPL,940GZZLUWHP,0.0,0.0,0.083,1.628,1.594,0.888,0.185,0.0
940GZZLUWPL,940GZZLUWKN,0.0,3.3240001,31.46,32.777,26.535,16.728,8.446,0.0
940GZZLUWPL,940GZZLUWSM,0.0,9.2039995,90.367,65.205,25.62,7.696,2.339,0.0
940GZZLUWPL,940GZZLUWIG,0.0,0.025,0.14,1.1850001,2.397,1.051,0.608,0.0
940GZZLUWPL,940GZZLUERB,0.0,0.001,1.03,1.473,2.469,0.79,0.09,0.0
940GZZLUWPL,940GZZLUPCO,0.0,0.086,3.029,7.39,4.588,4.057,0.969,0.0
940GZZLUWPL,940GZZLUVXL,0.0,2.334,12.032,8.977,16.125,6.912,1.678,0.0
940GZZLUWPL,940GZZLUBXN,0.0,1.109,6.877,17.174,24.777,17.164,4.821,0.0
940GZZLUWPL,940GZZLUSWK,0.0,0.0,0.0,0.109,0.0,0.0,0.0,0.0
940GZZLUWPL,940GZZLUBMY,0.0,0.0,0.0,0.0,0.0,0.0,0.1,0.0
940GZZLUWIG,940GZZLUBBN,0.0,5.276,53.022,23.201,9.628,2.686,0.201,0.0
940GZZLUWIG,940GZZLUALD,0.0,10.847,54.147,15.575,6.181,1.402,0.821,0.0
940GZZLUWIG,940GZZLUADE,0.0,0.408,7.907,6.471,2.42,0.555,0.536,0.0
940GZZLUWIG,940GZZLUAGL,0.0,1.557,16.026,14.699,5.57,1.919,0.28,0.0
940GZZLUWIG,940GZZLUBST,0.0,30.886,210.722,151.432,45.106,13.219,2.794,0.006
940GZZLUWIG,940GZZLUBNK,0.0,12.057,102.124,44.762,14.6,5.817,0.373,0.0
940GZZLUWIG,940GZZLUBSC,0.0,0.543,12.784,2.945,0.818,0.312,0.089,0.0
940GZZLUWIG,940GZZLUBLG,0.0,1.548,11.2890005,8.814,4.558,3.951,1.372,0.0
940GZZLUWIG,940GZZLUBKF,0.0,4.385,24.615,6.936,5.38,0.308,0.0,0.0
940GZZLUWIG,940GZZLUBND,0.0,37.676,270.189,245.725,80.849,21.73,4.4309998,0.005
940GZZLUWIG,940GZZLUBOR,0.0,0.0,1.13,0.93,0.87,0.176,0.111,0.0
940GZZLUWIG,940GZZLUCAR,0.0,0.674,1.847,2.308,0.744,0.605,0.111,0.0
940GZZLUWIG,940GZZLUCTN,0.0,0.331,2.073,6.06,1.505,0.943,0.119,0.0
940GZZLUWIG,940GZZLUCST,0.0,0.916,11.213,1.867,0.722,0.15799999,0.0,0.0
940GZZLUWIG,940GZZLUCHL,0.0,7.003,87.663,24.681,8.371,1.281,0.0,0.0
940GZZLUWIG,940GZZLUEMB,0.0,2.829,14.049,7.21,3.308,0.512,0.227,0.0
940GZZLUWIG,940GZZLUCGN,0.0,3.449,21.154,28.846,15.749,4.056,0.89100003,0.0
940GZZLUWIG,940GZZLUECT,0.0,2.457,16.345,11.839,4.669,1.658,0.297,0.0
940GZZLUWIG,940GZZLUERC,0.0,0.0,3.555,2.938,0.736,0.38300002,0.443,0.0
940GZZLUWIG,940GZZLUEAC,0.0,2.018,12.876,13.058,6.307,3.534,0.801,0.0
940GZZLUWIG,940GZZLUEUS,0.0,0.971,8.089,7.238,3.746,3.026,0.169,0.0
940GZZLUWIG,940GZZLUESQ,0.0,7.758,122.129,80.299,27.594,5.965,1.029,0.0
940GZZLUWIG,940GZZLUFCN,0.0,8.932,144.487,43.879,10.834,2.806,1.324,0.0
940GZZLUWIG,940GZZLUFYR,0.0,18.063,128.737,100.905,35.512,22.821,3.502,0.011
940GZZLUWIG,940GZZLUFPK,0.0,1.469,12.104,11.159,7.0,3.461,1.307,0.0
940GZZLUWIG,940GZZLUFBY,0.0,0.723,9.785,5.005,0.931,0.601,0.19,0.0
940GZZLUWIG,940GZZLUGTR,0.0,3.647,23.315,7.666,2.696,2.187,0.514,0.0
940GZZLUWIG,940GZZLUGDG,0.0,0.0,1.538,2.655,0.849,0.515,0.007,0.0
940GZZLUWIG,940GZZLUGPS,0.0,4.2990003,78.561,25.113,6.531,4.365,0.425,0.0
940GZZLUWIG,940GZZLUGPK,0.0,48.024,183.686,147.16,42.523,11.61,3.125,0.003
940GZZLUWIG,940GZZLUHSD,0.0,5.275,27.519,10.806,4.073,2.504,0.467,0.0
940GZZLUWIG,940GZZLUHAI,0.0,2.809,20.977,9.0720005,8.773,4.469,0.816,0.0
940GZZLUWIG,940GZZLUHSK,0.0,1.952,17.195,7.425,1.909,1.094,0.178,0.0
940GZZLUWIG,940GZZLUHBN,0.0,7.7070003,99.567,57.374,16.878,4.341,0.507,0.0
940GZZLUWIG,940GZZLUHPK,0.0,0.197,11.372,1.806,0.578,0.258,0.0,0.0
940GZZLUWIG,940GZZLUHWY,0.0,0.334,7.646,6.232,1.6850001,1.857,0.54,0.0
940GZZLUWIG,940GZZLUHPC,0.0,1.574,13.266,5.517,1.181,0.654,0.112,0.0
940GZZLUWIG,940GZZLUKNG,0.0,0.719,4.285,2.75,2.538,0.849,0.338,0.0
940GZZLUWIG,940GZZLUKOY,0.0,0.0,0.0,0.0,0.0,0.022,0.0,0.0
940GZZLUWIG,940GZZLUKSH,0.0,0.0,0.0,0.0,0.0,0.043,0.019,0.0
940GZZLUWIG,940GZZLUKBN,0.0,8.628,85.25,81.662,37.712,22.334,6.023,0.004
940GZZLUWIG,940GZZLUKSX,0.0,26.179,116.942,74.627,37.117,11.808,3.836,0.0
940GZZLUWIG,940GZZLUKNB,0.0,5.107,46.294,36.758,5.089,1.8970001,0.312,0.0
940GZZLUWIG,940GZZLULBN,0.0,0.74300003,5.761,2.7,1.977,0.723,0.004,0.0
940GZZLUWIG,940GZZLULGT,0.0,0.582,5.972,5.699,2.401,0.70199996,0.172,0.0
940GZZLUWIG,940GZZLULSQ,0.0,4.555,19.525,26.373,13.246,5.254,0.684,0.0
940GZZLUWIG,940GZZLULVT,0.0,38.151,129.489,60.305,39.812,10.44,6.341,0.0
940GZZLUWIG,940GZZLULNB,0.0,40.805,210.511,120.595,64.023,23.501,8.2630005,0.002
940GZZLUWIG,940GZZLUMSH,0.0,3.074,27.972,3.614,1.455,0.21800001,0.093,0.0
940GZZLUWIG,940GZZLUMBA,0.0,2.798,14.128,11.621,7.743,1.885,0.563,0.0
940GZZLUWIG,940GZZLUMYB,0.0,1.036,13.952,6.327,3.183,0.626,0.193,0.0
940GZZLUWIG,940GZZLUMED,0.0,0.365,11.022,12.9470005,2.386,1.413,0.809,0.0
940GZZLUWIG,940GZZLUMGT,0.0,14.468,86.383,21.006,8.55,1.256,0.135,0.0
940GZZLUWIG,940GZZLUMTC,0.0,0.333,2.994,0.609,0.916,0.009,0.0,0.0
940GZZLUWIG,940GZZLUNHG,0.0,2.512,15.101,9.092,3.496,1.209,0.086,0.0
940GZZLUWIG,940GZZLUODS,0.0,2.928,34.68,17.069,8.136,3.329,0.686,0.0
940GZZLUWIG,940GZZLUOVL,0.0,0.313,5.437,2.14,2.064,0.671,0.723,0.002
940GZZLUWIG,940GZZLUOXC,0.0,14.776,78.917,105.606,33.017,9.198,2.242,0.0
940GZZLUWIG,940GZZLUPAC,0.0,10.938,64.477,36.865,20.836,8.33,2.249,0.0
940GZZLUWIG,940GZZLUPCC,0.0,18.874,74.172,83.991,43.46,22.943,4.062,0.0
940GZZLUWIG,940GZZLUQWY,0.0,0.934,8.722,9.283,4.005,1.819,0.267,0.0
940GZZLUWIG,940GZZLURGP,0.0,0.739,10.932,5.774,2.121,2.305,0.039,0.0
940GZZLUWIG,940GZZLURYO,0.0,0.0,4.991,2.393,0.61800003,1.2,0.129,0.0
940GZZLUWIG,940GZZLURSQ,0.0,2.18,8.772,11.244,4.336,0.887,0.007,0.0
940GZZLUWIG,940GZZLUSJP,0.0,3.72,43.351,11.907,3.913,0.646,0.205,0.0
940GZZLUWIG,940GZZLUSJW,0.0,5.169,99.319,40.377,12.342,5.543,0.726,0.001
940GZZLUWIG,940GZZLUSPU,0.0,10.195,58.286,24.126,5.049,0.712,0.859,0.0
940GZZLUWIG,940GZZLUSBC,0.0,3.865,12.88,18.433,6.606,3.555,0.414,0.0
940GZZLUWIG,940GZZLUSSQ,0.0,2.119,40.995,20.072,5.668,1.446,0.194,0.0
940GZZLUWIG,940GZZLUSKS,0.0,4.155,77.465,48.358,12.143,3.536,0.773,0.0
940GZZLUWIG,940GZZLUSKW,0.0,3.284,4.245,4.185,4.721,2.072,0.798,0.0
940GZZLUWIG,940GZZLUCHX,0.0,4.971,31.228,42.748,26.865,4.402,0.88,0.0
940GZZLUWIG,940GZZLUSWC,0.0,9.865,130.842,93.897,34.111,15.735,4.058,0.007
940GZZLUWIG,940GZZLUTMP,0.0,1.75,25.605,14.341,3.391,1.9399999,0.516,0.0
940GZZLUWIG,940GZZLUTCR,0.0,11.475,83.809,82.92,28.634,8.788,2.667,0.0
940GZZLUWIG,940GZZLUTWH,0.0,3.025,20.532,9.583,3.607,1.022,0.24700001,0.0
940GZZLUWIG,940GZZLUVIC,0.0,28.371,174.543,125.801,65.585,24.43,6.768,0.0
940GZZLUWIG,940GZZLUWRR,0.0,0.599,5.3059998,4.45,0.73800004,0.398,0.249,0.0
940GZZLUWIG,940GZZLUWKA,0.0,0.0,1.898,2.047,0.74,1.275,0.012,0.0
940GZZLUWIG,940GZZLUWLO,0.0,54.997,161.573,81.376,69.414,21.37,6.821,0.001
940GZZLUWIG,940GZZLUWBN,0.0,1.429,5.247,0.847,0.536,0.262,0.006,0.0
940GZZLUWIG,940GZZLUWHP,0.0,44.078,229.67,118.037,61.038,28.655,8.218,0.005
940GZZLUWIG,940GZZLUWKN,0.0,0.168,1.62,1.913,0.596,0.194,0.414,0.0
940GZZLUWIG,940GZZLUWSM,0.0,18.237,157.352,60.587,14.096,3.255,0.905,0.002
940GZZLUWIG,940GZZLUWPL,0.0,0.974,3.07,1.967,0.229,0.299,0.073,0.0
940GZZLUWIG,940GZZLUERB,0.0,0.847,12.337,11.368,2.024,1.533,0.119,0.0
940GZZLUWIG,940GZZLUPCO,0.0,2.419,19.018,11.574,4.58,2.534,0.499,0.0
940GZZLUWIG,940GZZLUVXL,0.0,18.589,50.054,18.398,9.701,5.089,1.369,0.0
940GZZLUWIG,940GZZLUBXN,0.0,6.065,30.545,19.37,13.253,10.692,1.853,0.0
940GZZLUWIG,940GZZLUSWK,0.0,22.715,121.121,44.778,17.092,3.456,2.699,0.004
940GZZLUWIG,940GZZLUBMY,0.0,3.55,21.063,6.247,4.055,2.348,0.851,0.0
940GZZLUWIG,940GZZLUCWR,0.0,10.864,60.573,41.338,28.544,16.951,3.679,0.003
940GZZLUERB,940GZZLUBBN,0.0,0.0,0.267,1.369,0.971,0.636,0.12,0.0
940GZZLUERB,940GZZLUALD,0.0,0.053,1.834,1.669,1.479,0.36,0.0,0.0
940GZZLUERB,940GZZLUADE,0.0,0.0,0.506,1.215,1.251,0.791,0.653,0.0
940GZZLUERB,940GZZLUAGL,0.0,0.0,0.497,2.422,3.016,0.959,0.294,0.0
940GZZLUERB,940GZZLUBST,0.0,1.046,15.776,48.275,26.825,7.262,1.443,0.0
940GZZLUERB,940GZZLUBNK,0.0,1.723,30.559,31.541,28.997,7.143,0.994,0.0
940GZZLUERB,940GZZLUBSC,0.0,0.0,0.0,0.547,0.994,0.186,0.0,0.0
940GZZLUERB,940GZZLUBWT,0.0,0.0,0.283,1.48,1.126,1.348,1.082,0.0
940GZZLUERB,940GZZLUBLG,0.0,0.417,2.507,5.696,13.714,3.552,1.457,0.0
940GZZLUERB,940GZZLUBKF,0.0,1.3840001,8.138,5.507,5.458,1.043,0.17300001,0.0
940GZZLUERB,940GZZLUBND,0.0,0.073,4.14,15.632,13.063,2.839,0.223,0.0
940GZZLUERB,940GZZLUBOR,0.0,0.0,2.627,5.521,4.187,2.862,0.366,0.0
940GZZLUERB,940GZZLUCAR,0.0,0.0,1.827,2.18,1.834,0.614,0.785,0.0
940GZZLUERB,940GZZLUCTN,0.0,0.0,1.727,6.337,2.065,0.676,0.092,0.0
940GZZLUERB,940GZZLUCST,0.0,0.294,6.72,2.936,5.471,1.634,0.093,0.0
940GZZLUERB,940GZZLUCHL,0.0,2.386,13.714,14.374,7.134,1.813,2.05,0.0
940GZZLUERB,940GZZLUEMB,0.0,0.63,32.359,31.928,34.394,8.262,1.925,0.0
940GZZLUERB,940GZZLUCGN,0.0,0.059,7.302,22.977,18.221,8.648,0.54,0.0
940GZZLUERB,940GZZLUECT,0.0,0.0,0.108,1.283,2.548,0.638,0.849,0.0
940GZZLUERB,940GZZLUEAC,0.0,1.63,34.163,91.928,128.435,41.153,20.49,0.0
940GZZLUERB,940GZZLUEUS,0.0,0.23300001,2.225,7.009,10.543,2.48,0.36,0.0
940GZZLUERB,940GZZLUESQ,0.0,0.0,1.413,4.265,2.918,0.999,0.339,0.0
940GZZLUERB,940GZZLUFCN,0.0,0.084,0.904,6.02,18.162,2.63,0.556,0.0
940GZZLUERB,940GZZLUFYR,0.0,0.0,2.145,5.9110003,11.894,2.857,1.829,0.0
940GZZLUERB,940GZZLUFPK,0.0,0.0,3.19,14.869,30.79,9.069,3.342,0.0
940GZZLUERB,940GZZLUFBY,0.0,0.0,0.289,1.145,1.345,0.601,0.165,0.0
940GZZLUERB,940GZZLUGTR,0.0,0.0,0.147,1.737,1.4399999,0.458,0.231,0.0
940GZZLUERB,940GZZLUGDG,0.0,0.0,0.444,1.013,0.78000003,0.007999999,0.0,0.0
940GZZLUERB,940GZZLUGPS,0.0,0.0,1.028,0.91,0.892,0.119,0.235,0.0
940GZZLUERB,940GZZLUGPK,0.0,0.30900002,9.452,18.296,9.422,2.649,0.321,0.0
940GZZLUERB,940GZZLUHSD,0.0,0.0,0.169,0.71,1.167,0.214,0.0,0.0
940GZZLUERB,940GZZLUHAI,0.0,0.179,7.448,16.113,38.659,11.71,3.027,0.0
940GZZLUERB,940GZZLUHSK,0.0,0.0,0.791,3.338,1.448,1.24,0.023,0.0
940GZZLUERB,940GZZLUHBN,0.0,0.195,23.211,52.097,18.704,3.99,0.43,0.0
940GZZLUERB,940GZZLUHWY,0.0,0.0,1.279,2.417,2.011,0.676,0.714,0.0
940GZZLUERB,940GZZLUHPC,0.0,0.085,1.15,1.0,0.554,0.254,0.003,0.0
940GZZLUERB,940GZZLUKNG,0.0,0.0,0.076000005,4.777,8.272,2.359,0.62,0.0
940GZZLUERB,940GZZLUKSH,0.0,0.0,0.795,0.902,1.374,0.822,0.087,0.0
940GZZLUERB,940GZZLUKBN,0.0,0.096,1.4120001,2.211,4.746,1.215,0.495,0.0
940GZZLUERB,940GZZLUKSX,0.0,0.543,5.156,15.473,20.008,5.742,3.201,0.0
940GZZLUERB,940GZZLUKNB,0.0,0.0,1.885,9.903,3.76,1.428,0.2,0.0
940GZZLUERB,940GZZLULBN,0.0,0.735,11.002,19.205,19.32,6.7929997,2.925,0.0
940GZZLUERB,940GZZLULSQ,0.0,1.106,2.583,8.758,6.506,2.583,1.368,0.0
940GZZLUERB,940GZZLULVT,0.0,0.311,10.31,11.989,27.038,5.01,1.652,0.0
940GZZLUERB,940GZZLULNB,0.0,3.711,49.516,80.118004,154.644,37.437,8.739,0.0
940GZZLUERB,940GZZLUMSH,0.0,0.679,5.305,2.048,2.653,0.313,0.005,0.0
940GZZLUERB,940GZZLUMBA,0.0,0.0,0.72400004,1.926,1.1340001,0.196,0.111,0.0
940GZZLUERB,940GZZLUMYB,0.0,0.657,8.101,23.041,21.615,9.559,1.726,0.0
940GZZLUERB,940GZZLUMED,0.0,0.0,2.84,8.936,7.5690002,3.768,1.07,0.0
940GZZLUERB,940GZZLUMGT,0.0,0.154,1.072,2.282,4.66,0.646,0.007,0.0
940GZZLUERB,940GZZLUMTC,0.0,0.0,0.09,0.663,0.54,0.185,0.112,0.0
940GZZLUERB,940GZZLUNHG,0.0,0.0,1.15,4.001,0.787,0.142,0.104,0.0
940GZZLUERB,940GZZLUODS,0.0,0.057,0.447,3.371,4.788,1.489,0.347,0.0
940GZZLUERB,940GZZLUOVL,0.0,0.052,1.819,4.967,6.493,2.555,0.326,0.0
940GZZLUERB,940GZZLUOXC,0.0,2.983,64.931,205.369,157.852,39.164,6.5369997,0.0
940GZZLUERB,940GZZLUPAC,0.0,0.892,21.014,44.255,44.892,25.306,5.104,0.0
940GZZLUERB,940GZZLUPCC,0.0,1.164,55.476,163.698,144.04,56.508,14.004,0.0
940GZZLUERB,940GZZLUQWY,0.0,0.0,0.15100001,0.727,0.668,0.377,0.285,0.0
940GZZLUERB,940GZZLURGP,0.0,0.134,12.81,17.867,9.954,3.6660001,0.87,0.0
940GZZLUERB,940GZZLURSQ,0.0,0.063999996,1.689,5.454,3.679,1.502,0.644,0.0
940GZZLUERB,940GZZLUSJP,0.0,0.074,1.497,3.923,1.465,0.324,0.004,0.0
940GZZLUERB,940GZZLUSJW,0.0,0.0,3.874,10.966,3.591,1.992,0.436,0.0
940GZZLUERB,940GZZLUSPU,0.0,1.215,17.398,14.641,8.024,0.889,0.100999996,0.0
940GZZLUERB,940GZZLUSBC,0.0,0.0,1.091,3.28,3.867,0.883,0.269,0.0
940GZZLUERB,940GZZLUSSQ,0.0,0.069000006,1.063,2.555,1.044,0.712,0.334,0.0
940GZZLUERB,940GZZLUSKS,0.0,0.0,1.185,7.481,2.123,0.45200002,0.003,0.0
940GZZLUERB,940GZZLUSKW,0.0,0.067999996,1.41,10.698,17.224,9.471,4.036,0.0
940GZZLUERB,940GZZLUCHX,0.0,1.181,45.514,102.992,203.493,47.125,7.194,0.0
940GZZLUERB,940GZZLUSWC,0.0,0.0,3.57,8.224,12.569,3.118,1.849,0.0
940GZZLUERB,940GZZLUTMP,0.0,0.0,7.66,7.547,2.279,0.959,0.008,0.0
940GZZLUERB,940GZZLUTCR,0.0,0.301,10.231,32.013,21.479,5.463,1.237,0.0
940GZZLUERB,940GZZLUTWH,0.0,0.0,6.094,6.124,8.246,1.165,0.696,0.0
940GZZLUERB,940GZZLUVIC,0.0,1.462,35.245,98.85,247.806,47.096,9.321,0.0
940GZZLUERB,940GZZLUWRR,0.0,0.0,2.154,3.182,1.581,0.556,0.005,0.0
940GZZLUERB,940GZZLUWKA,0.0,0.0,2.051,10.087,6.234,6.141,1.752,0.0
940GZZLUERB,940GZZLUWLO,0.0,7.848,61.212,98.961,230.201,46.963,15.213,0.0
940GZZLUERB,940GZZLUWBN,0.0,0.053,0.14,0.144,1.717,0.559,0.074,0.0
940GZZLUERB,940GZZLUWHP,0.0,0.573,3.016,4.206,21.146,5.307,0.679,0.0
940GZZLUERB,940GZZLUWSM,0.0,0.063,13.601,20.246,7.627,2.258,0.013,0.0
940GZZLUERB,940GZZLUWPL,0.0,0.0,0.469,1.207,1.151,0.021,0.019000001,0.0
940GZZLUERB,940GZZLUWIG,0.0,0.0,1.238,5.047,9.076,3.175,1.438,0.0
940GZZLUERB,940GZZLUPCO,0.0,0.25100002,9.46,28.078,12.626,3.591,2.266,0.0
940GZZLUERB,940GZZLUVXL,0.0,3.174,22.159,27.291,50.924,16.569,4.748,0.0
940GZZLUERB,940GZZLUBXN,0.0,1.11,9.818,52.138,106.997,41.051,14.074,0.0
940GZZLUERB,940GZZLUSWK,0.0,2.427,17.339,22.422,14.212,2.471,0.901,0.0
940GZZLUERB,940GZZLUBMY,0.0,0.083000004,5.0690002,12.585,28.99,8.934,1.767,0.0
940GZZLUERB,940GZZLUCWR,0.0,1.094,9.519,32.95,81.879,26.717001,6.2730002,0.0
940GZZLUPCO,940GZZLUBBN,0.0,2.0970001,34.474,13.321,12.704,3.701,0.861,0.0
940GZZLUPCO,940GZZLUALD,0.0,0.228,5.689,3.595,3.784,0.679,0.233,0.0
940GZZLUPCO,940GZZLUADE,0.0,0.056,16.514,14.278,9.172,3.28,0.873,0.0
940GZZLUPCO,940GZZLUAGL,0.0,0.894,35.287,45.067,43.595,12.593,2.27,0.0
940GZZLUPCO,940GZZLUBST,0.0,1.615,43.966,64.318,25.695,6.354,2.553,0.0
940GZZLUPCO,940GZZLUBNK,0.0,9.976,107.404,53.9,41.239,10.254,2.38,0.0
940GZZLUPCO,940GZZLUBSC,0.0,0.0,8.979,7.993,6.294,2.1430001,1.144,0.0
940GZZLUPCO,940GZZLUBWT,0.0,0.791,1.069,2.836,3.911,1.314,0.459,0.0
940GZZLUPCO,940GZZLUBLG,0.0,0.19,9.585,16.604,25.617,12.541,2.421,0.0
940GZZLUPCO,940GZZLUBKF,0.0,2.815,47.464,24.058,14.037,3.846,0.454,0.0
940GZZLUPCO,940GZZLUBND,0.0,3.02,34.136,47.108,21.748,6.87,0.423,0.0
940GZZLUPCO,940GZZLUBOR,0.0,0.059,6.525,12.88,7.821,4.719,0.14,0.0
940GZZLUPCO,940GZZLUCAR,0.0,0.154,8.405,5.774,13.077,6.422,1.3,0.0
940GZZLUPCO,940GZZLUCTN,0.0,2.285,28.555,37.878,36.61,11.744,2.735,0.0
940GZZLUPCO,940GZZLUCST,0.0,1.4350001,23.229,7.112,5.326,2.821,0.436,0.0
940GZZLUPCO,940GZZLUCHL,0.0,1.083,63.591,42.332,20.879,3.594,0.711,0.0
940GZZLUPCO,940GZZLUEMB,0.0,0.645,12.896,32.821,24.311,6.463,0.334,0.0
940GZZLUPCO,940GZZLUCGN,0.0,1.222,15.503,42.844,41.420002,10.873,1.341,0.0
940GZZLUPCO,940GZZLUECT,0.0,0.854,9.604,22.763,17.185,7.353,1.548,0.0
940GZZLUPCO,940GZZLUERC,0.0,0.0,0.268,1.719,2.071,0.139,0.0,0.0
940GZZLUPCO,940GZZLUEAC,0.0,0.147,13.155,26.253,17.768,7.03,1.465,0.0
940GZZLUPCO,940GZZLUEUS,0.0,22.32,135.624,182.544,315.745,49.204,10.21,0.002
940GZZLUPCO,940GZZLUFCN,0.0,1.746,56.557,16.807,10.098,1.714,1.384,0.0
940GZZLUPCO,940GZZLUFYR,0.0,0.0,6.469,11.16,8.2960005,4.097,0.424,0.0
940GZZLUPCO,940GZZLUFPK,0.0,4.136,35.608,85.311,249.914,61.006,17.014,0.002
940GZZLUPCO,940GZZLUFBY,0.0,0.775,13.896,14.35,9.208,4.342,0.44099998,0.0
940GZZLUPCO,940GZZLUGTR,0.0,1.446,11.636,17.922,19.112,6.318,1.998,0.0
940GZZLUPCO,940GZZLUGDG,0.0,0.344,5.5160003,7.889,4.339,1.047,0.012,0.0
940GZZLUPCO,940GZZLUGPK,0.0,11.443,217.881,232.407,100.805,27.96,3.2319999,0.0
940GZZLUPCO,940GZZLUHSD,0.0,1.109,34.346,32.813,35.066,9.63,3.105,0.0
940GZZLUPCO,940GZZLUHAI,0.0,4.4769998,86.825,127.762,299.603,114.356,22.323,0.0
940GZZLUPCO,940GZZLUHSK,0.0,0.212,13.176,29.242,15.702,3.052,0.354,0.0
940GZZLUPCO,940GZZLUHBN,0.0,2.918,66.661,74.025,30.022,5.788,0.856,0.0
940GZZLUPCO,940GZZLUHPK,0.0,0.185,10.357,7.736,7.268,2.176,1.105,0.0
940GZZLUPCO,940GZZLUHWY,0.0,0.086,4.582,7.093,7.894,3.991,1.6,0.0
940GZZLUPCO,940GZZLUHPC,0.0,0.102,3.357,3.748,1.824,0.918,0.013,0.0
940GZZLUPCO,940GZZLUKNG,0.0,0.0,1.933,9.446,8.142,2.38,1.423,0.0
940GZZLUPCO,940GZZLUKOY,0.0,0.0,0.0,0.0,0.0,0.0050000004,0.0,0.0
940GZZLUPCO,940GZZLUKSH,0.0,0.28800002,10.317,12.705,22.76,8.46,1.6340001,0.0
940GZZLUPCO,940GZZLUKBN,0.0,0.283,5.186,12.28,17.645,6.29,1.573,0.0
940GZZLUPCO,940GZZLUKSX,0.0,37.217,218.76,326.783,499.824,71.131996,12.311,0.0
940GZZLUPCO,940GZZLUKNB,0.0,1.093,14.809,27.695,14.663,1.978,0.286,0.0
940GZZLUPCO,940GZZLULBN,0.0,0.0,0.214,0.853,0.797,0.85400003,0.316,0.0
940GZZLUPCO,940GZZLULGT,0.0,0.106,3.579,6.729,6.708,2.627,0.436,0.0
940GZZLUPCO,940GZZLULSQ,0.0,0.466,14.618,48.725,43.287,15.092,1.351,0.0
940GZZLUPCO,940GZZLULVT,0.0,11.355,138.202,71.164,78.681,16.999,2.72,0.0
940GZZLUPCO,940GZZLULNB,0.0,5.011,77.511,82.406,74.32,30.061,5.937,0.0
940GZZLUPCO,940GZZLUMSH,0.0,5.298,46.385,8.211,3.331,1.003,0.11,0.0
940GZZLUPCO,940GZZLUMBA,0.0,0.35,12.235,14.944,6.476,2.138,0.502,0.0
940GZZLUPCO,940GZZLUMYB,0.0,2.677,46.726,62.018,75.158,13.5720005,2.554,0.0
940GZZLUPCO,940GZZLUMED,0.0,0.079,6.056,22.632,9.922,4.927,1.568,0.0
940GZZLUPCO,940GZZLUMGT,0.0,6.346,55.742,18.754,13.509,2.391,0.024,0.0
940GZZLUPCO,940GZZLUMTC,0.0,0.0,5.109,4.556,5.011,2.0,1.109,0.0
940GZZLUPCO,940GZZLUNHG,0.0,0.888,14.036,32.661,29.886,7.638,1.91,0.0
940GZZLUPCO,940GZZLUODS,0.0,1.715,65.931,61.405,37.3,14.602,2.718,0.0
940GZZLUPCO,940GZZLUOVL,0.0,0.060000002,2.181,5.417,5.877,2.147,0.549,0.0
940GZZLUPCO,940GZZLUOXC,0.0,25.027,333.767,445.275,303.439,72.155,6.811,0.0
940GZZLUPCO,940GZZLUPAC,0.0,6.834,61.323,78.65,116.023,24.852,5.77,0.0
940GZZLUPCO,940GZZLUPCC,0.0,1.15,27.773,51.222,40.851,20.198,2.8930001,0.0
940GZZLUPCO,940GZZLUQWY,0.0,0.256,5.612,10.627,12.355,3.478,1.26,0.0
940GZZLUPCO,940GZZLURGP,0.0,0.358,20.12,11.762,7.4,0.622,0.17300001,0.0
940GZZLUPCO,940GZZLURYO,0.0,0.144,1.818,2.411,1.918,0.964,0.093,0.0
940GZZLUPCO,940GZZLURSQ,0.0,0.426,18.057,26.613,14.193,5.505,1.117,0.0
940GZZLUPCO,940GZZLUSJP,0.0,1.105,4.598,8.8880005,3.511,0.277,0.268,0.0
940GZZLUPCO,940GZZLUSJW,0.0,1.598,13.976,17.906,12.051,5.266,0.785,0.0
940GZZLUPCO,940GZZLUSPU,0.0,7.49,57.777,28.218,10.687,0.834,0.431,0.0
940GZZLUPCO,940GZZLUSBC,0.0,0.619,17.83,33.218,42.794,11.882,2.153,0.0
940GZZLUPCO,940GZZLUSSQ,0.0,0.363,16.386,41.689,22.878,4.46,1.31,0.0
940GZZLUPCO,940GZZLUSKS,0.0,1.639,37.87,76.807,25.183,7.934,1.272,0.0
940GZZLUPCO,940GZZLUSKW,0.0,0.939,13.148,43.917,53.440998,21.681,8.0460005,0.0
940GZZLUPCO,940GZZLUCHX,0.0,1.144,3.24,10.648,11.242,4.071,0.553,0.0
940GZZLUPCO,940GZZLUSWC,0.0,0.184,10.866,10.562,13.534,3.899,1.06,0.0
940GZZLUPCO,940GZZLUTMP,0.0,0.073,27.333,40.431,8.144,1.856,0.637,0.0
940GZZLUPCO,940GZZLUTCR,0.0,0.836,27.997,63.071,34.897,8.764,0.86800003,0.0
940GZZLUPCO,940GZZLUTWH,0.0,1.639,35.271,28.757,24.504,4.827,0.992,0.0
940GZZLUPCO,940GZZLUVIC,0.0,21.462,100.464,314.212,398.055,109.199,22.2,0.0
940GZZLUPCO,940GZZLUWRR,0.0,7.0230002,134.292,137.326,78.154,14.465,3.892,0.0
940GZZLUPCO,940GZZLUWKA,0.0,0.065,5.618,13.289,12.172,7.622,0.768,0.0
940GZZLUPCO,940GZZLUWLO,0.0,2.408,18.688,24.551,42.239,9.182,2.358,0.0
940GZZLUPCO,940GZZLUWBN,0.0,0.274,7.158,6.939,4.6480002,2.064,0.837,0.0
940GZZLUPCO,940GZZLUWHP,0.0,1.188,6.101,7.504,15.373,5.923,2.622,0.0
940GZZLUPCO,940GZZLUWKN,0.0,0.125,5.606,9.804,9.945,3.384,0.807,0.0
940GZZLUPCO,940GZZLUWSM,0.0,0.231,12.171,24.257,6.854,1.748,0.155,0.0
940GZZLUPCO,940GZZLUWPL,0.0,0.008,5.146,7.549,5.655,1.656,0.481,0.0
940GZZLUPCO,940GZZLUWIG,0.0,0.121,3.2910001,8.339,14.441,5.206,2.122,0.0
940GZZLUPCO,940GZZLUERB,0.0,0.221,19.021,19.487,12.003,4.518,1.916,0.0
940GZZLUPCO,940GZZLUVXL,0.0,12.585,126.44,133.678,134.87,72.008,20.735,0.0
940GZZLUPCO,940GZZLUBXN,0.0,4.897,62.053,170.556,294.135,125.85,37.27,0.0
940GZZLUPCO,940GZZLUSWK,0.0,2.547,33.617,30.902,20.671,3.676,0.462,0.0
940GZZLUPCO,940GZZLUBMY,0.0,1.378,4.671,8.208,11.02,5.816,0.902,0.0
940GZZLUPCO,940GZZLUCWR,0.0,0.817,9.432,21.209,18.239,12.413,3.615,0.0
940GZZLUVXL,940GZZLUBBN,0.0,10.94,82.777,30.641,20.959,4.317,1.874,0.0
940GZZLUVXL,940GZZLUALD,0.0,0.777,15.774,11.872,5.487,0.825,1.334,0.0
940GZZLUVXL,940GZZLUADE,0.0,3.738,57.819,40.179,22.87,10.411,4.007,0.0
940GZZLUVXL,940GZZLUAGL,0.0,8.919,147.174,126.357,107.28,28.642,7.691,0.0
940GZZLUVXL,940GZZLUBST,0.0,9.862,157.397,156.695,66.187004,19.307,3.436,0.0
940GZZLUVXL,940GZZLUBNK,0.0,16.246,158.879,98.157,106.983,22.351,8.716,0.0
940GZZLUVXL,940GZZLUBSC,0.0,0.256,31.109,10.174,13.031,5.71,2.819,0.0
940GZZLUVXL,940GZZLUBWT,0.0,0.194,1.831,6.548,7.114,2.637,1.4219999,0.0
940GZZLUVXL,940GZZLUBLG,0.0,5.549,23.238,24.683,41.623,16.807,11.461,0.0
940GZZLUVXL,940GZZLUBKF,0.0,6.73,135.987,38.961,26.704,3.567,0.143,0.0
940GZZLUVXL,940GZZLUBND,0.0,13.338,154.577,128.604,62.598,14.426,0.875,0.0
940GZZLUVXL,940GZZLUBOR,0.0,1.261,23.044,23.294,14.749,8.474,2.009,0.0
940GZZLUVXL,940GZZLUCAR,0.0,4.376,28.478,17.012,25.417,11.751,5.154,0.0
940GZZLUVXL,940GZZLUCTN,0.0,6.2599998,131.194,91.346,83.224,29.403,6.588,0.0
940GZZLUVXL,940GZZLUCST,0.0,2.0,33.103,8.074,6.512,1.843,0.568,0.0
940GZZLUVXL,940GZZLUCHL,0.0,7.592,212.895,108.119,49.192,5.5230002,1.643,0.0
940GZZLUVXL,940GZZLUEMB,0.0,2.033,23.506,28.163,21.348,4.408,1.6,0.0
940GZZLUVXL,940GZZLUCGN,0.0,3.881,43.641,78.449,68.643,15.655,0.939,0.0
940GZZLUVXL,940GZZLUECT,0.0,4.515,60.116,45.29,33.677002,15.376,9.693,0.0
940GZZLUVXL,940GZZLUERC,0.0,0.0,0.334,1.642,1.549,0.501,0.0,0.0
940GZZLUVXL,940GZZLUEAC,0.0,0.787,34.29,39.944,43.057,13.043,5.306,0.0
940GZZLUVXL,940GZZLUEUS,0.0,135.381,789.693,637.987,617.233,140.883,34.224,0.006
940GZZLUVXL,940GZZLUESQ,0.0,0.208,0.335,0.234,0.041,0.015999999,0.0,0.0
940GZZLUVXL,940GZZLUFCN,0.0,6.191,190.607,67.503,30.46,4.279,1.222,0.0
940GZZLUVXL,940GZZLUFYR,0.0,1.273,15.542,14.524,18.62,9.904,4.322,0.0
940GZZLUVXL,940GZZLUFPK,0.0,34.911,213.791,212.267,456.823,160.293,68.401,0.0
940GZZLUVXL,940GZZLUFBY,0.0,0.401,31.611,22.095,27.388,6.595,3.247,0.0
940GZZLUVXL,940GZZLUGTR,0.0,2.526,59.799,39.583,32.631,10.2699995,5.498,0.0
940GZZLUVXL,940GZZLUGDG,0.0,1.54,12.291,9.301,6.149,0.582,0.315,0.0
940GZZLUVXL,940GZZLUGPS,0.0,0.0,0.878,1.525,0.776,0.0,0.0,0.0
940GZZLUVXL,940GZZLUGPK,0.0,149.251,1409.237,881.225,417.194,84.536,12.741,0.0
940GZZLUVXL,940GZZLUHSD,0.0,9.925,153.985,47.548,57.058,23.027,6.136,0.0
940GZZLUVXL,940GZZLUHAI,0.0,32.485,481.22202,302.518,588.489,252.43,88.734,0.0
940GZZLUVXL,940GZZLUHSK,0.0,2.154,65.339,54.918,23.078001,5.907,1.477,0.0
940GZZLUVXL,940GZZLUHBN,0.0,7.021,149.061,119.586,46.831,12.743,2.27,0.0
940GZZLUVXL,940GZZLUHPK,0.0,0.62700003,27.461,10.391,7.207,4.09,0.658,0.0
940GZZLUVXL,940GZZLUHWY,0.0,1.413,23.421,21.678,16.868,8.096,2.708,0.0
940GZZLUVXL,940GZZLUHPC,0.0,0.401,13.775,10.619,6.734,1.91,0.344,0.0
940GZZLUVXL,940GZZLUKNG,0.0,1.212,4.43,6.67,7.843,5.592,2.091,0.0
940GZZLUVXL,940GZZLUKSH,0.0,2.6169999,43.698,25.495,36.282,14.131,6.106,0.018
940GZZLUVXL,940GZZLUKBN,0.0,5.599,17.632,15.0720005,49.307,19.103,7.942,0.0
940GZZLUVXL,940GZZLUKSX,0.0,225.307,1392.932,1050.961,950.25,224.649,73.647,0.014
940GZZLUVXL,940GZZLUKNB,0.0,8.217,72.965,71.408,24.911,9.986,1.823,0.0
940GZZLUVXL,940GZZLULBN,0.0,0.0,0.64100003,1.239,0.584,0.23300001,0.123,0.0
940GZZLUVXL,940GZZLULGT,0.0,1.66,15.182,10.382,15.663,4.7,1.936,0.0
940GZZLUVXL,940GZZLULSQ,0.0,2.974,39.565,85.829,62.437,28.088,5.6480002,0.0
940GZZLUVXL,940GZZLULVT,0.0,15.9210005,230.063,180.735,174.318,39.771,10.083,0.0
940GZZLUVXL,940GZZLULNB,0.0,3.398,106.222,129.145,123.435,33.865,11.578,0.0
940GZZLUVXL,940GZZLUMSH,0.0,6.818,91.776,17.962,6.216,0.687,0.066,0.0
940GZZLUVXL,940GZZLUMBA,0.0,4.645,82.883,38.805,25.579,8.2369995,1.95,0.0
940GZZLUVXL,940GZZLUMYB,0.0,7.942,117.289,82.084,116.147,22.277,7.078,0.0
940GZZLUVXL,940GZZLUMED,0.0,0.985,27.574,37.84,27.562,13.075,8.44,0.0
940GZZLUVXL,940GZZLUMGT,0.0,6.062,114.173996,59.22,36.193,5.421,0.80799997,0.0
940GZZLUVXL,940GZZLUMTC,0.0,1.243,33.237,10.761,11.863,6.487,2.431,0.0
940GZZLUVXL,940GZZLUNHG,0.0,1.585,58.508,39.475,26.715,11.313,3.842,0.0
940GZZLUVXL,940GZZLUODS,0.0,7.059,140.793,93.49,69.756996,29.359,14.816,0.0
940GZZLUVXL,940GZZLUOVL,0.0,0.349,4.511,8.755,6.131,2.403,1.698,0.0
940GZZLUVXL,940GZZLUOXC,0.0,183.375,2152.383,1535.504,927.167,199.273,23.525,0.0
940GZZLUVXL,940GZZLUPAC,0.0,17.273,209.289,154.28,235.709,63.068,9.456,0.0
940GZZLUVXL,940GZZLUPCC,0.0,3.042,36.211,89.943,69.777,32.898,8.6970005,0.0
940GZZLUVXL,940GZZLUQWY,0.0,1.929,20.32,16.161,17.543,5.753,3.0180001,0.0
940GZZLUVXL,940GZZLURGP,0.0,4.2660003,86.609,37.907,14.935,2.13,0.73,0.0
940GZZLUVXL,940GZZLURYO,0.0,0.236,2.207,1.245,0.702,1.439,0.0,0.0
940GZZLUVXL,940GZZLURSQ,0.0,1.675,36.03,36.488,19.061,4.32,3.056,0.0
940GZZLUVXL,940GZZLUSJP,0.0,3.196,44.456,36.641,9.136,1.335,1.077,0.0
940GZZLUVXL,940GZZLUSJW,0.0,4.725,37.612,26.255,39.572,11.756,2.443,0.0
940GZZLUVXL,940GZZLUSPU,0.0,10.537,100.566,44.834,15.624001,2.682,1.226,0.0
940GZZLUVXL,940GZZLUSBC,0.0,9.739,74.61,54.169,58.515,22.009,6.683,0.0
940GZZLUVXL,940GZZLUSSQ,0.0,4.462,119.012,86.6,47.603,11.938,2.617,0.0
940GZZLUVXL,940GZZLUSKS,0.0,5.579,177.516,159.716,65.665,19.14,5.49,0.0
940GZZLUVXL,940GZZLUSKW,0.0,12.373,76.036,108.847,158.707,88.024,32.07,0.0
940GZZLUVXL,940GZZLUCHX,0.0,0.725,10.579,14.595,16.827,1.091,0.473,0.0
940GZZLUVXL,940GZZLUSWC,0.0,0.757,27.817,20.42,25.511,8.295,4.703,0.0
940GZZLUVXL,940GZZLUTMP,0.0,1.522,224.693,254.451,36.415,4.151,2.476,0.0
940GZZLUVXL,940GZZLUTCR,0.0,5.821,88.801,96.171,62.179,18.19,5.004,0.0
940GZZLUVXL,940GZZLUTWH,0.0,3.452,80.904,70.589,109.315,13.783,3.622,0.0
940GZZLUVXL,940GZZLUVIC,0.0,93.848,829.379,1116.0391,1245.991,303.441,77.479004,0.0
940GZZLUVXL,940GZZLUWRR,0.0,58.961998,1078.155,431.156,226.654,55.422,15.111,0.0
940GZZLUVXL,940GZZLUWKA,0.0,0.534,20.911,10.712,15.072,5.956,3.754,0.0
940GZZLUVXL,940GZZLUWLO,0.0,3.733,10.733,18.062,24.417,7.122,2.065,0.0
940GZZLUVXL,940GZZLUWBN,0.0,1.818,30.223999,29.466,8.712,3.788,1.234,0.0
940GZZLUVXL,940GZZLUWHP,0.0,11.26,21.408,13.669,44.23,15.677,4.745,0.0
940GZZLUVXL,940GZZLUWKN,0.0,0.679,28.202,14.742,21.094,8.4470005,5.491,0.0
940GZZLUVXL,940GZZLUWSM,0.0,1.042,17.219,40.689,8.118,1.127,0.118,0.0
940GZZLUVXL,940GZZLUWPL,0.0,1.214,26.630001,11.798,16.37,4.565,2.2450001,0.0
940GZZLUVXL,940GZZLUWIG,0.0,2.19,7.986,15.671,43.168,17.879,6.772,0.0
940GZZLUVXL,940GZZLUERB,0.0,2.589,61.474,29.285,20.759,6.951,3.535,0.0
940GZZLUVXL,940GZZLUPCO,0.0,7.104,85.282,113.794,93.397,42.495,18.056,0.0
940GZZLUVXL,940GZZLUBXN,0.0,40.706,407.648,553.978,1033.571,515.795,146.646,0.001
940GZZLUVXL,940GZZLUSWK,0.0,0.345,14.154,17.78,11.72,3.933,2.4490001,0.0
940GZZLUVXL,940GZZLUBMY,0.0,1.013,7.029,11.089,16.051,7.672,3.938,0.0
940GZZLUVXL,940GZZLUCWR,0.0,2.705,8.781,22.22,33.007,17.02,9.471,0.0
940GZZLUBXN,940GZZLUBBN,0.0,5.706,87.673,15.589,8.537,3.424,3.385,0.0
940GZZLUBXN,940GZZLUALD,0.0,4.065,37.771,11.983,4.731,0.78900003,2.588,0.0
940GZZLUBXN,940GZZLUADE,0.0,6.196,112.225,34.093,16.971,6.508,12.564,0.0
940GZZLUBXN,940GZZLUAGL,0.0,9.644,119.95,68.074,45.376,16.657,21.726,0.0
940GZZLUBXN,940GZZLUBST,0.0,32.668,214.502,98.175,41.338,11.676,12.395,0.0
940GZZLUBXN,940GZZLUBNK,0.0,90.398,666.576,200.63,150.673,45.327,36.004,0.0
940GZZLUBXN,940GZZLUBSC,0.0,1.508,68.616,12.879,8.852,4.668,12.654,0.0
940GZZLUBXN,940GZZLUBWT,0.0,1.006,5.778,3.805,2.594,1.918,4.566,0.0
940GZZLUBXN,940GZZLUBLG,0.0,2.376,50.103,31.801,28.353,15.88,41.362,0.0
940GZZLUBXN,940GZZLUBKF,0.0,13.438,172.962,28.3,15.036,2.458,3.832,0.0
940GZZLUBXN,940GZZLUBND,0.0,30.306,201.807,123.721,37.602,10.182,3.456,0.0
940GZZLUBXN,940GZZLUBOR,0.0,6.3380003,125.556,48.017,28.332,9.004,13.156,0.0
940GZZLUBXN,940GZZLUCAR,0.0,8.525,47.846,14.762,12.009,7.45,9.012,0.0
940GZZLUBXN,940GZZLUCTN,0.0,11.31,202.839,94.847,48.465,27.243,22.522,0.0
940GZZLUBXN,940GZZLUCST,0.0,1.4070001,21.331,6.737,4.091,0.934,0.87,0.0
940GZZLUBXN,940GZZLUCHL,0.0,24.069,359.542,76.547,30.075,7.592,5.381,0.0
940GZZLUBXN,940GZZLUEMB,0.0,12.131,143.804,47.192,28.428,6.784,6.905,0.0
940GZZLUBXN,940GZZLUCGN,0.0,8.641,90.847,101.090004,49.869,11.054,3.0,0.0
940GZZLUBXN,940GZZLUECT,0.0,12.4279995,85.906,44.879,21.804,8.84,23.949,0.0
940GZZLUBXN,940GZZLUERC,0.0,0.103,0.627,1.804,0.90500003,0.322,0.348,0.0
940GZZLUBXN,940GZZLUEAC,0.0,3.365,55.404,89.912,50.413,18.893,18.27,0.0
940GZZLUBXN,940GZZLUEUS,0.0,125.451004,590.103,267.986,168.063,75.18,113.742,0.028
940GZZLUBXN,940GZZLUFCN,0.0,16.09,274.299,47.496,17.123,2.422,3.662,0.0
940GZZLUBXN,940GZZLUFYR,0.0,9.071,29.986,19.403,10.365,4.821,8.5390005,0.0
940GZZLUBXN,940GZZLUFPK,0.0,39.117,184.974,154.083,156.1,80.52,159.006,0.024
940GZZLUBXN,940GZZLUFBY,0.0,4.038,76.015,26.996,12.078,6.54,7.525,0.0
940GZZLUBXN,940GZZLUGTR,0.0,10.88,100.354,43.185,18.914,9.974,15.152,0.0
940GZZLUBXN,940GZZLUGDG,0.0,4.177,46.608,19.024,10.927,2.68,0.976,0.0
940GZZLUBXN,940GZZLUGPS,0.0,0.0,2.81,1.9530001,0.957,0.223,0.0,0.0
940GZZLUBXN,940GZZLUGPK,0.0,221.027,1159.76,482.922,200.633,59.273,30.86,0.0
940GZZLUBXN,940GZZLUHSD,0.0,23.024,329.993,64.756,52.158,20.183,27.863,0.0
940GZZLUBXN,940GZZLUHAI,0.0,38.148,510.134,207.522,195.868,143.106,232.273,0.0
940GZZLUBXN,940GZZLUHSK,0.0,27.216,168.45,68.363,17.998001,4.894,8.883,0.0
940GZZLUBXN,940GZZLUHBN,0.0,23.789,345.248,114.415,49.479,14.563,7.794,0.0
940GZZLUBXN,940GZZLUHPK,0.0,2.729,58.247,15.635,10.531,2.062,2.794,0.0
940GZZLUBXN,940GZZLUHWY,0.0,2.802,31.355,25.593,8.084,4.848,5.935,0.0
940GZZLUBXN,940GZZLUHPC,0.0,1.799,13.136,12.239,3.607,1.687,0.334,0.0
940GZZLUBXN,940GZZLUKNG,0.0,0.421,5.201,10.738,7.105,6.86,7.607,0.0
940GZZLUBXN,940GZZLUKOY,0.0,0.0,0.0,0.0,0.0,0.021,0.0,0.0
940GZZLUBXN,940GZZLUKSH,0.0,4.977,62.978,19.81,15.705,10.514,17.966,0.015000001
940GZZLUBXN,940GZZLUKBN,0.0,4.208,28.329,16.338,16.803,11.891,15.512,0.0
940GZZLUBXN,940GZZLUKSX,0.0,165.125,885.704,442.658,240.37,79.395996,219.5,0.013
940GZZLUBXN,940GZZLUKNB,0.0,19.996,126.32,81.823,21.976,3.107,3.943,0.0
940GZZLUBXN,940GZZLULBN,0.0,0.254,4.766,4.221,2.415,0.95100003,0.71,0.0
940GZZLUBXN,940GZZLULGT,0.0,4.82,25.206,12.121,12.965,3.131,4.519,0.0
940GZZLUBXN,940GZZLULSQ,0.0,22.01,154.616,156.784,101.493,33.32,15.425,0.0
940GZZLUBXN,940GZZLULVT,0.0,26.672,215.216,89.985,87.255,19.667,87.083,0.0
940GZZLUBXN,940GZZLULNB,0.0,33.158,382.784,250.362,272.888,89.476,126.515,0.0
940GZZLUBXN,940GZZLUMSH,0.0,8.621,93.095,9.868,3.203,1.794,1.327,0.0
940GZZLUBXN,940GZZLUMBA,0.0,15.892,122.378,50.773,24.311,8.226,6.493,0.0
940GZZLUBXN,940GZZLUMYB,0.0,17.732,136.097,59.049,64.139,24.992,43.55,0.0
940GZZLUBXN,940GZZLUMED,0.0,3.913,24.961,25.361,17.356,13.033,27.96,0.0
940GZZLUBXN,940GZZLUMGT,0.0,57.473,489.218,103.668,69.361,19.09,16.92,0.0
940GZZLUBXN,940GZZLUMTC,0.0,3.306,71.887,11.272,4.9440002,1.6340001,5.847,0.0
940GZZLUBXN,940GZZLUNHG,0.0,12.17,119.732,54.161,30.281,9.875,14.2109995,0.0
940GZZLUBXN,940GZZLUODS,0.0,18.444,470.256,146.631,91.457,37.138,53.657,0.0
940GZZLUBXN,940GZZLUOVL,0.0,1.166,15.365,23.183,11.127,6.806,5.376,0.0
940GZZLUBXN,940GZZLUOXC,0.0,280.762,2411.68,1260.0,500.443,130.122,66.719,0.0
940GZZLUBXN,940GZZLUPAC,0.0,81.184,355.062,136.745,96.602,42.633,77.496,0.0
940GZZLUBXN,940GZZLUPCC,0.0,23.532999,78.729004,96.371,68.777,28.145,13.206,0.0
940GZZLUBXN,940GZZLUQWY,0.0,11.967,44.422,27.292,14.668,8.588,7.629,0.0
940GZZLUBXN,940GZZLURGP,0.0,7.588,101.088,24.228,11.077,4.034,1.201,0.0
940GZZLUBXN,940GZZLURYO,0.0,1.461,6.202,2.696,1.8100001,0.904,1.294,0.0
940GZZLUBXN,940GZZLURSQ,0.0,8.319,51.228,42.183,15.625,5.122,5.098,0.0
940GZZLUBXN,940GZZLUSJP,0.0,8.661,103.377,34.918,12.516,3.532,2.557,0.0
940GZZLUBXN,940GZZLUSJW,0.0,12.984,63.604,26.585,10.955,4.596,9.486,0.0
940GZZLUBXN,940GZZLUSPU,0.0,19.086,134.056,29.209,12.969,1.896,1.615,0.0
940GZZLUBXN,940GZZLUSBC,0.0,29.675,137.866,85.767,46.234,23.867,30.27,0.0
940GZZLUBXN,940GZZLUSSQ,0.0,22.353,169.527,91.82,36.193,10.188,8.627,0.0
940GZZLUBXN,940GZZLUSKS,0.0,26.508,349.081,174.832,59.843,19.148,13.609,0.0
940GZZLUBXN,940GZZLUSKW,0.0,6.636,33.806,79.04,60.947,39.769,30.36,0.0
940GZZLUBXN,940GZZLUCHX,0.0,9.488,63.643,44.175,52.346,14.008,5.026,0.0
940GZZLUBXN,940GZZLUSWC,0.0,6.533,53.247,21.209,14.9539995,7.292,14.027,0.0
940GZZLUBXN,940GZZLUTMP,0.0,4.034,105.905,34.7,13.236,5.002,1.764,0.0
940GZZLUBXN,940GZZLUTCR,0.0,28.128,181.63,138.039,80.826,17.756,11.059,0.0
940GZZLUBXN,940GZZLUTWH,0.0,8.134,107.864,33.116,35.867,8.577,18.433,0.0
940GZZLUBXN,940GZZLUVIC,0.0,256.696,1602.534,873.734,744.324,231.234,436.55,0.0
940GZZLUBXN,940GZZLUWRR,0.0,118.296,1057.601,304.199,116.831,42.725,24.553,0.0
940GZZLUBXN,940GZZLUWKA,0.0,1.803,28.223,15.163,9.009,6.127,7.411,0.0
940GZZLUBXN,940GZZLUWLO,0.0,34.657,130.553,102.451,133.845,27.749,76.631,0.0
940GZZLUBXN,940GZZLUWBN,0.0,3.834,45.421,12.031,8.261,3.697,5.459,0.0
940GZZLUBXN,940GZZLUWHP,0.0,10.161,34.039,14.106,12.049,8.194,19.118,0.0
940GZZLUBXN,940GZZLUWKN,0.0,1.183,39.408,19.752,10.412,7.515,11.606,0.0
940GZZLUBXN,940GZZLUWSM,0.0,11.594,104.294,40.846,13.354,6.654,1.295,0.0
940GZZLUBXN,940GZZLUWPL,0.0,4.174,27.348,17.235,10.485,6.867,9.058,0.0
940GZZLUBXN,940GZZLUWIG,0.0,1.428,12.526,13.928,19.577,11.801,20.743,0.0
940GZZLUBXN,940GZZLUERB,0.0,10.128,173.846,55.064,27.566,7.179,6.483,0.0
940GZZLUBXN,940GZZLUPCO,0.0,32.217,475.852,184.509,87.764,35.586,29.053999,0.0
940GZZLUBXN,940GZZLUVXL,0.0,171.446,1801.005,583.12,480.931,259.708,361.508,0.0
940GZZLUBXN,940GZZLUSWK,0.0,6.951,91.196,35.401,17.501,3.833,5.828,0.0
940GZZLUBXN,940GZZLUBMY,0.0,1.962,26.555,15.905,15.591,9.868,9.5,0.0
940GZZLUBXN,940GZZLUCWR,0.0,2.604,19.564,21.278,23.796,21.11,28.589,0.0
940GZZLUSWK,940GZZLUBBN,0.0,0.0,1.0370001,2.232,2.48,0.038000003,0.0,0.0
940GZZLUSWK,940GZZLUALD,0.0,0.246,0.283,3.19,1.859,0.385,0.157,0.0
940GZZLUSWK,940GZZLUADE,0.0,0.0,1.403,7.451,6.26,2.991,0.859,0.0
940GZZLUSWK,940GZZLUAGL,0.0,0.0,6.042,28.34,41.055,16.279,6.501,0.0
940GZZLUSWK,940GZZLUBST,0.0,12.469,157.826,139.192,165.014,37.629,11.084,0.029
940GZZLUSWK,940GZZLUBNK,0.0,1.411,25.058,49.525,44.89,15.701,3.405,0.0
940GZZLUSWK,940GZZLUBSC,0.0,0.28,12.747,9.835,15.353,5.171,3.153,0.0
940GZZLUSWK,940GZZLUBWT,0.0,0.0,0.561,1.633,1.178,0.78000003,0.272,0.0
940GZZLUSWK,940GZZLUBLG,0.0,0.0,1.126,7.906,7.4900002,3.336,2.135,0.0
940GZZLUSWK,940GZZLUBKF,0.0,0.0,0.244,1.692,0.939,0.312,0.147,0.0
940GZZLUSWK,940GZZLUBND,0.0,30.432,437.21802,468.613,334.006,46.726,9.424,0.014
940GZZLUSWK,940GZZLUBOR,0.0,0.0,0.758,3.134,1.024,0.861,0.917,0.0
940GZZLUSWK,940GZZLUCAR,0.0,0.0,2.148,4.883,4.817,3.369,1.653,0.0
940GZZLUSWK,940GZZLUCTN,0.0,0.0,6.844,28.355,13.411,7.037,2.401,0.005
940GZZLUSWK,940GZZLUCST,0.0,0.0,0.001,0.0,0.0,0.0,0.0,0.0
940GZZLUSWK,940GZZLUCHL,0.0,0.0,4.969,8.493,2.771,1.867,0.011,0.0
940GZZLUSWK,940GZZLUEMB,0.0,0.134,3.882,10.208,9.584,2.332,1.556,0.0
940GZZLUSWK,940GZZLUCGN,0.0,0.0,6.015,35.686,32.63,5.526,0.836,0.0
940GZZLUSWK,940GZZLUECT,0.0,0.882,9.083,18.152,29.258,10.668,7.176,0.009
940GZZLUSWK,940GZZLUERC,0.0,0.171,2.031,3.124,2.888,0.819,1.003,0.0
940GZZLUSWK,940GZZLUEAC,0.0,0.0,1.625,6.305,3.193,0.917,0.307,0.0
940GZZLUSWK,940GZZLUEUS,0.0,5.029,27.285,98.007,98.361,22.615,8.229,0.001
940GZZLUSWK,940GZZLUESQ,0.0,0.0,0.764,3.021,3.256,0.566,0.017,0.0
940GZZLUSWK,940GZZLUFCN,0.0,0.0,2.176,2.512,1.172,0.011,0.0,0.0
940GZZLUSWK,940GZZLUFYR,0.0,2.865,22.478,23.078,48.058,19.977,9.135,0.02
940GZZLUSWK,940GZZLUFPK,0.0,0.193,7.067,24.918,57.565,31.276001,14.65,0.007
940GZZLUSWK,940GZZLUFBY,0.0,0.0,9.315,10.393,18.485,6.946,3.121,0.0
940GZZLUSWK,940GZZLUGTR,0.0,0.61,12.464,16.851,24.591,7.312,2.639,0.003
940GZZLUSWK,940GZZLUGDG,0.0,0.127,12.022,40.281,21.604,4.189,1.187,0.0
940GZZLUSWK,940GZZLUGPS,0.0,1.233,4.791,5.377,5.179,0.538,1.014,0.0
940GZZLUSWK,940GZZLUGPK,0.0,24.706,328.065,342.32,190.24,35.644,10.81,0.006
940GZZLUSWK,940GZZLUHSD,0.0,1.6340001,49.314,34.354,51.361,19.912,7.772,0.012
940GZZLUSWK,940GZZLUHAI,0.0,0.528,9.218,22.722,26.798,24.041,10.124,0.003
940GZZLUSWK,940GZZLUHSK,0.0,0.455,13.454,23.052,15.051,3.956,1.804,0.0
940GZZLUSWK,940GZZLUHBN,0.0,0.362,10.886,25.695,15.113,2.121,0.737,0.0
940GZZLUSWK,940GZZLUHPK,0.0,0.77,16.88,8.663,11.29,4.803,2.7120001,0.0
940GZZLUSWK,940GZZLUHWY,0.0,0.0,2.1990001,6.6480002,11.363,3.955,1.538,0.008
940GZZLUSWK,940GZZLUHPC,0.0,0.409,14.891,12.75,6.513,2.219,0.151,0.0
940GZZLUSWK,940GZZLUKNG,0.0,0.171,3.364,2.816,2.604,1.679,1.013,0.0
940GZZLUSWK,940GZZLUKSH,0.0,0.0,4.42,3.6100001,2.783,2.601,0.362,0.0
940GZZLUSWK,940GZZLUKBN,0.0,1.989,17.027,22.517,80.181,24.313,16.366,0.026
940GZZLUSWK,940GZZLUKSX,0.0,6.162,34.597,96.209,87.844,20.126,6.376,0.0
940GZZLUSWK,940GZZLUKNB,0.0,2.552,34.334,67.003,37.545002,7.508,0.647,0.0
940GZZLUSWK,940GZZLULBN,0.0,0.0,1.467,0.993,1.618,0.452,0.0,0.0
940GZZLUSWK,940GZZLULGT,0.0,0.917,5.941,9.424,25.793,9.237,3.595,0.0
940GZZLUSWK,940GZZLULSQ,0.0,0.657,9.051,72.876,80.309,26.906,8.586,0.012
940GZZLUSWK,940GZZLULVT,0.0,0.67300004,5.361,25.211,33.484,4.099,0.675,0.0
940GZZLUSWK,940GZZLULNB,0.0,14.409,214.827,349.652,513.099,174.242,55.963,0.0
940GZZLUSWK,940GZZLUMSH,0.0,0.0,1.254,1.652,1.079,0.155,0.0,0.0
940GZZLUSWK,940GZZLUMBA,0.0,0.164,18.786,21.471,17.766,4.857,2.452,0.0
940GZZLUSWK,940GZZLUMYB,0.0,1.045,15.215,37.077,77.278,20.814,4.475,0.0
940GZZLUSWK,940GZZLUMED,0.0,0.0,1.405,7.038,4.899,2.283,1.873,0.0
940GZZLUSWK,940GZZLUMGT,0.0,0.924,36.898,51.18,48.317,9.903,2.341,0.0
940GZZLUSWK,940GZZLUMTC,0.0,0.0,1.016,3.45,4.068,1.392,0.625,0.0
940GZZLUSWK,940GZZLUNHG,0.0,0.351,21.038,27.094,35.318,14.698,5.54,0.001
940GZZLUSWK,940GZZLUODS,0.0,0.74,27.1,70.6,55.774,21.871,10.465,0.0
940GZZLUSWK,940GZZLUOVL,0.0,0.0,1.7129999,3.834,4.365,2.994,2.255,0.002
940GZZLUSWK,940GZZLUOXC,0.0,2.713,28.62,105.256,110.645,19.156,2.467,0.0
940GZZLUSWK,940GZZLUPAC,0.0,9.009,81.024,177.275,285.853,65.163,18.38,0.0
940GZZLUSWK,940GZZLUPCC,0.0,0.062,12.267,80.077,88.714,22.529,2.868,0.0
940GZZLUSWK,940GZZLUQWY,0.0,0.458,8.07,17.627,37.254,9.054,3.264,0.001
940GZZLUSWK,940GZZLURGP,0.0,0.317,5.1940002,4.252,4.646,0.866,0.389,0.0
940GZZLUSWK,940GZZLURYO,0.0,0.969,5.835,5.634,10.471,2.339,0.77599996,0.0
940GZZLUSWK,940GZZLURSQ,0.0,0.0,3.926,12.748,17.004,3.551,2.305,0.0
940GZZLUSWK,940GZZLUSJP,0.0,1.994,41.876,60.915,16.784,2.222,1.075,0.0
940GZZLUSWK,940GZZLUSJW,0.0,7.571,57.579998,37.565,54.089,17.175,5.355,0.006
940GZZLUSWK,940GZZLUSPU,0.0,0.0,2.507,2.57,2.257,0.34,0.0,0.0
940GZZLUSWK,940GZZLUSBC,0.0,4.927,29.159,43.824,106.43,26.027,7.361,0.012
940GZZLUSWK,940GZZLUSSQ,0.0,2.412,43.695,39.198,33.83,11.413,3.654,0.0
940GZZLUSWK,940GZZLUSKS,0.0,1.858,44.848,79.486,49.765,12.562,2.691,0.006
940GZZLUSWK,940GZZLUSKW,0.0,0.0,0.405,6.372,9.444,4.973,3.079,0.0
940GZZLUSWK,940GZZLUCHX,0.0,0.406,8.383,35.507,34.669,7.578,0.814,0.0
940GZZLUSWK,940GZZLUSWC,0.0,2.857,38.119,37.834,59.409,25.506,7.144,0.005
940GZZLUSWK,940GZZLUTMP,0.0,0.132,21.572,30.098,6.607,2.476,0.148,0.0
940GZZLUSWK,940GZZLUTCR,0.0,0.809,24.594,94.893,72.3,15.39,2.614,0.0
940GZZLUSWK,940GZZLUTWH,0.0,0.0,6.565,14.232,5.35,2.414,0.466,0.0
940GZZLUSWK,940GZZLUVIC,0.0,9.302,70.185,138.459,149.22,37.714,9.2630005,0.0
940GZZLUSWK,940GZZLUWRR,0.0,1.506,24.735,34.65,22.987,4.664,2.284,0.0
940GZZLUSWK,940GZZLUWKA,0.0,0.0,5.063,10.56,17.636,8.659,2.716,0.0
940GZZLUSWK,940GZZLUWLO,0.0,5.917,68.199,157.536,176.826,78.174,45.918,0.008
940GZZLUSWK,940GZZLUWBN,0.0,0.011,4.6,7.26,7.129,3.031,0.668,0.0
940GZZLUSWK,940GZZLUWHP,0.0,11.096,31.619,25.836,75.923,33.333,11.056,0.018
940GZZLUSWK,940GZZLUWKN,0.0,1.3100001,8.096,8.701,14.424,9.783,3.083,0.0
940GZZLUSWK,940GZZLUWSM,0.0,7.924,119.498,199.67,61.78,10.229,4.579,0.001
940GZZLUSWK,940GZZLUWPL,0.0,0.0,0.0,0.367,0.0,0.0,0.113000005,0.0
940GZZLUSWK,940GZZLUWIG,0.0,0.445,9.039,26.243,89.71,25.328,17.616,0.129
940GZZLUSWK,940GZZLUERB,0.0,0.425,20.389,18.236,16.555,5.265,1.494,0.0
940GZZLUSWK,940GZZLUPCO,0.0,0.144,14.487,27.173,26.943,13.063,3.006,0.0
940GZZLUSWK,940GZZLUVXL,0.0,0.538,5.903,10.4210005,11.061,8.522,4.631,0.002
940GZZLUSWK,940GZZLUBXN,0.0,0.229,3.111,25.853,51.18,30.364,13.628,0.055
940GZZLUSWK,940GZZLUBMY,0.0,1.666,50.999,71.619,125.269,60.701,25.558,0.0
940GZZLUSWK,940GZZLUCWR,0.0,4.591,121.18,286.624,636.221,316.613,108.019,0.0
940GZZLUBMY,940GZZLUBBN,0.0,1.521,8.06,3.912,1.8460001,0.811,0.243,0.0
940GZZLUBMY,940GZZLUALD,0.0,0.0,0.921,0.242,0.5,0.0,0.357,0.0
940GZZLUBMY,940GZZLUADE,0.0,0.0,2.496,2.479,1.373,0.55,0.306,0.0
940GZZLUBMY,940GZZLUAGL,0.0,2.361,30.251,31.62,25.763,10.268,2.756,0.0
940GZZLUBMY,940GZZLUBST,0.0,12.67,82.154,56.309002,24.795,8.898,4.658,0.0
940GZZLUBMY,940GZZLUBNK,0.0,4.417,51.611,39.051,23.498,7.853,1.07,0.0
940GZZLUBMY,940GZZLUBSC,0.0,1.369,15.023,4.824,4.217,2.257,1.205,0.0
940GZZLUBMY,940GZZLUBWT,0.0,0.163,0.47599998,0.37,0.52,0.335,0.0,0.0
940GZZLUBMY,940GZZLUBLG,0.0,0.724,3.071,8.318,9.026,5.465,1.969,0.0
940GZZLUBMY,940GZZLUBKF,0.0,0.673,3.203,3.545,1.822,0.019000001,0.0,0.0
940GZZLUBMY,940GZZLUBND,0.0,22.504,251.621,173.152,71.698,19.216,3.725,0.0
940GZZLUBMY,940GZZLUBOR,0.0,0.375,2.267,3.121,1.403,0.871,0.616,0.0
940GZZLUBMY,940GZZLUCAR,0.0,0.186,8.819,2.877,5.243,3.227,0.989,0.0
940GZZLUBMY,940GZZLUCTN,0.0,2.843,16.703,18.024,11.779,6.338,1.036,0.0
940GZZLUBMY,940GZZLUCHL,0.0,2.274,25.422,11.952,4.343,1.57,0.588,0.0
940GZZLUBMY,940GZZLUEMB,0.0,2.976,15.43,8.7960005,6.218,1.97,0.683,0.0
940GZZLUBMY,940GZZLUCGN,0.0,0.936,5.899,12.456,11.105,3.597,0.199,0.0
940GZZLUBMY,940GZZLUECT,0.0,2.085,20.852,11.627,9.294,4.379,3.021,0.0
940GZZLUBMY,940GZZLUERC,0.0,0.266,1.373,1.552,1.513,0.11,0.145,0.0
940GZZLUBMY,940GZZLUEAC,0.0,0.171,5.698,11.281,5.825,4.315,1.643,0.0
940GZZLUBMY,940GZZLUEUS,0.0,10.563,39.256,35.365,24.63,11.93,2.517,0.0
940GZZLUBMY,940GZZLUESQ,0.0,0.0,3.438,2.804,0.726,0.17300001,0.006,0.0
940GZZLUBMY,940GZZLUFCN,0.0,2.0410001,17.862,7.2070003,2.451,0.65,0.338,0.0
940GZZLUBMY,940GZZLUFYR,0.0,2.963,11.615,8.512,9.965,7.439,1.474,0.0
940GZZLUBMY,940GZZLUFPK,0.0,3.122,10.132,13.386,19.181,10.691,4.612,0.0
940GZZLUBMY,940GZZLUFBY,0.0,1.164,8.242,8.145,5.757,2.459,1.218,0.0
940GZZLUBMY,940GZZLUGTR,0.0,3.4,17.552,11.758,6.785,3.713,1.595,0.0
940GZZLUBMY,940GZZLUGDG,0.0,2.765,36.31,23.697,9.84,2.19,0.605,0.0
940GZZLUBMY,940GZZLUGPS,0.0,0.814,8.691,4.504,0.573,0.376,0.206,0.0
940GZZLUBMY,940GZZLUGPK,0.0,43.665,188.93,126.056,51.114,10.8289995,3.39,0.0
940GZZLUBMY,940GZZLUHSD,0.0,8.929,46.055,13.155,18.766,6.704,2.416,0.0
940GZZLUBMY,940GZZLUHAI,0.0,0.938,7.025,5.124,3.292,3.575,1.584,0.0
940GZZLUBMY,940GZZLUHSK,0.0,1.934,24.372,13.534,5.26,2.643,0.212,0.0
940GZZLUBMY,940GZZLUHBN,0.0,0.757,21.6,19.738,7.965,1.925,0.122,0.0
940GZZLUBMY,940GZZLUHPK,0.0,0.1,6.385,3.235,2.348,2.783,0.545,0.0
940GZZLUBMY,940GZZLUHWY,0.0,0.0,4.011,5.744,3.191,1.854,1.465,0.0
940GZZLUBMY,940GZZLUHPC,0.0,1.191,13.422,5.206,2.13,0.56700003,0.106,0.0
940GZZLUBMY,940GZZLUKNG,0.0,0.0,2.039,5.285,4.469,3.818,1.994,0.0
940GZZLUBMY,940GZZLUKSH,0.0,1.888,8.404,4.68,4.725,3.635,1.7820001,0.0
940GZZLUBMY,940GZZLUKBN,0.0,1.138,8.337,8.173,14.213,5.123,2.576,0.0
940GZZLUBMY,940GZZLUKSX,0.0,14.901,72.179,62.523,45.126,17.262,4.466,0.0
940GZZLUBMY,940GZZLUKNB,0.0,5.097,38.467,28.502,10.207,1.358,0.507,0.0
940GZZLUBMY,940GZZLULBN,0.0,0.0,0.638,2.161,3.19,0.141,0.0,0.0
940GZZLUBMY,940GZZLULGT,0.0,1.246,7.094,4.022,3.686,1.661,1.506,0.0
940GZZLUBMY,940GZZLULSQ,0.0,5.405,33.35,53.459,36.252,17.434,2.498,0.0
940GZZLUBMY,940GZZLULVT,0.0,0.624,4.537,10.273,6.971,3.507,0.771,0.005
940GZZLUBMY,940GZZLULNB,0.0,43.592,243.495,278.742,268.443,125.279,28.776001,0.0
940GZZLUBMY,940GZZLUMSH,0.0,0.146,2.5640001,1.341,0.348,0.122,0.0,0.0
940GZZLUBMY,940GZZLUMBA,0.0,2.637,20.301,8.948,4.869,1.631,0.994,0.0
940GZZLUBMY,940GZZLUMYB,0.0,2.971,18.812,11.099,17.816,3.1100001,0.75,0.0
940GZZLUBMY,940GZZLUMED,0.0,0.278,3.317,3.713,4.66,3.678,0.80799997,0.0
940GZZLUBMY,940GZZLUMGT,0.0,9.608,73.774,36.27,30.547,9.531,1.822,0.0
940GZZLUBMY,940GZZLUMTC,0.0,0.057000004,8.501,3.708,2.437,0.657,0.098000005,0.0
940GZZLUBMY,940GZZLUNHG,0.0,1.499,20.96,14.088,7.6150002,3.848,1.434,0.0
940GZZLUBMY,940GZZLUODS,0.0,1.309,54.487,34.624,22.932,15.909,5.931,0.0
940GZZLUBMY,940GZZLUOVL,0.0,0.472,6.363,9.101,7.36,5.919,1.855,0.0
940GZZLUBMY,940GZZLUOXC,0.0,8.924,48.834,60.623,29.428,6.719,1.546,0.0
940GZZLUBMY,940GZZLUPAC,0.0,14.929,80.212,41.215,32.737,15.251,2.716,0.0
940GZZLUBMY,940GZZLUPCC,0.0,4.527,33.654,34.826,24.196,11.31,2.306,0.0
940GZZLUBMY,940GZZLUQWY,0.0,0.678,7.79,7.695,3.771,4.084,0.996,0.0
940GZZLUBMY,940GZZLURGP,0.0,0.11,5.481,2.782,0.846,0.767,0.0,0.0
940GZZLUBMY,940GZZLURYO,0.0,0.273,3.14,1.213,1.772,0.823,0.501,0.0
940GZZLUBMY,940GZZLURSQ,0.0,0.253,6.702,9.749,3.965,1.809,0.556,0.0
940GZZLUBMY,940GZZLUSJP,0.0,2.371,45.736,17.462,4.682,0.436,0.003,0.0
940GZZLUBMY,940GZZLUSJW,0.0,3.119,15.788,12.597,7.853,3.503,1.016,0.0
940GZZLUBMY,940GZZLUSPU,0.0,2.231,6.811,6.519,2.516,0.364,0.120000005,0.0
940GZZLUBMY,940GZZLUSBC,0.0,4.3,21.426,19.231,20.282,7.481,3.334,0.0
940GZZLUBMY,940GZZLUSSQ,0.0,4.013,45.389,24.096,11.328,3.463,1.05,0.0
940GZZLUBMY,940GZZLUSKS,0.0,6.267,59.801,42.139,14.642,4.207,1.187,0.0
940GZZLUBMY,940GZZLUSKW,0.0,1.131,4.296,8.355,11.208,6.743,2.788,0.0
940GZZLUBMY,940GZZLUCHX,0.0,2.165,18.081,19.543,16.806,3.719,1.155,0.0
940GZZLUBMY,940GZZLUSWC,0.0,2.261,13.279,8.803,9.45,4.446,3.201,0.0
940GZZLUBMY,940GZZLUTMP,0.0,1.66,14.663,11.904,5.599,1.398,0.126,0.0
940GZZLUBMY,940GZZLUTCR,0.0,6.323,61.29,49.837,26.238,11.9210005,1.013,0.0
940GZZLUBMY,940GZZLUTWH,0.0,0.0,0.541,1.551,1.312,0.296,0.14400001,0.0
940GZZLUBMY,940GZZLUVIC,0.0,10.175,75.738,57.247,48.522,19.315,5.204,0.0
940GZZLUBMY,940GZZLUWRR,0.0,4.496,44.431,20.927,7.262,4.808,1.154,0.0
940GZZLUBMY,940GZZLUWKA,0.0,0.027,2.878,3.584,2.9,4.1,0.773,0.0
940GZZLUBMY,940GZZLUWLO,0.0,61.422,326.059,178.58,263.054,113.109,26.287,0.0
940GZZLUBMY,940GZZLUWBN,0.0,2.057,14.194,4.603,1.861,1.508,0.892,0.0
940GZZLUBMY,940GZZLUWHP,0.0,7.519,21.274,10.673,16.342001,9.05,4.016,0.001
940GZZLUBMY,940GZZLUWKN,0.0,1.369,8.39,4.989,3.302,3.126,0.675,0.0
940GZZLUBMY,940GZZLUWSM,0.0,8.055,147.827,63.08,28.928,6.933,1.9350001,0.0
940GZZLUBMY,940GZZLUWIG,0.0,0.157,3.381,3.951,13.989,7.93,4.133,0.0
940GZZLUBMY,940GZZLUERB,0.0,1.003,36.694,15.441,5.4110003,2.8930001,0.943,0.0
940GZZLUBMY,940GZZLUPCO,0.0,0.46400002,10.442,5.78,4.161,4.245,1.077,0.0
940GZZLUBMY,940GZZLUVXL,0.0,4.207,20.374,7.452,5.491,4.835,1.266,0.0
940GZZLUBMY,940GZZLUBXN,0.0,0.598,16.035,16.168,20.286,15.53,6.731,0.0
940GZZLUBMY,940GZZLUSWK,0.0,12.691,176.981,86.779,59.877,19.335,5.611,0.0
940GZZLUBMY,940GZZLUCWR,0.0,12.896,215.413,215.519,220.416,128.664,46.298,0.008
940GZZLUCWR,940GZZLUBBN,0.0,0.212,3.992,5.029,1.394,0.242,0.34,0.0
940GZZLUCWR,940GZZLUAGL,0.0,6.866,81.872,99.394,42.318,28.503,9.435,0.0
940GZZLUCWR,940GZZLUBST,0.0,58.001,382.665,262.209,128.379,37.199,17.842001,0.0
940GZZLUCWR,940GZZLUBNK,0.0,10.831,117.926,73.028,24.552,11.625,3.887,0.0
940GZZLUCWR,940GZZLUBSC,0.0,2.567,30.128,16.843,3.9390001,5.214,4.006,0.0
940GZZLUCWR,940GZZLUBWT,0.0,3.066,11.419,25.568,9.032001,9.899,3.759,0.0
940GZZLUCWR,940GZZLUBLG,0.0,1.023,1.147,2.041,0.91,1.967,0.785,0.0
940GZZLUCWR,940GZZLUBKF,0.0,1.2770001,18.729,15.341,2.802,2.077,1.133,0.0
940GZZLUCWR,940GZZLUBND,0.0,121.564,958.69,705.97,281.939,73.132,16.595,0.0
940GZZLUCWR,940GZZLUBOR,0.0,0.465,7.696,8.343,5.741,3.173,0.749,0.0
940GZZLUCWR,940GZZLUCAR,0.0,1.391,9.114,6.5690002,2.503,2.159,1.7590001,0.0
940GZZLUCWR,940GZZLUCTN,0.0,5.369,39.866,62.867,24.773,17.089,6.954,0.0
940GZZLUCWR,940GZZLUCST,0.0,0.046,2.349,0.558,0.098,0.277,0.058,0.0
940GZZLUCWR,940GZZLUCHL,0.0,5.9110003,63.645,39.487,14.916,2.305,0.92,0.0
940GZZLUCWR,940GZZLUEMB,0.0,8.729,89.996,73.235,43.285,11.096,4.224,0.0
940GZZLUCWR,940GZZLUCGN,0.0,2.744,28.814,71.662,42.06,10.427,3.246,0.0
940GZZLUCWR,940GZZLUECT,0.0,11.412,41.157,46.695,18.306,18.293,10.3,0.0
940GZZLUCWR,940GZZLUERC,0.0,0.858,4.472,4.887,2.574,1.661,1.163,0.0
940GZZLUCWR,940GZZLUEAC,0.0,0.728,30.178,57.79,27.072,14.549,7.69,0.0
940GZZLUCWR,940GZZLUEUS,0.0,31.594,99.131,116.059,54.691,39.158,11.863,0.0
940GZZLUCWR,940GZZLUESQ,0.0,0.766,10.358,10.183,2.006,0.449,0.326,0.0
940GZZLUCWR,940GZZLUFCN,0.0,1.124,15.968,10.43,1.885,0.708,0.23400001,0.0
940GZZLUCWR,940GZZLUFYR,0.0,13.744,60.297,37.19,35.266,20.116,10.299,0.0
940GZZLUCWR,940GZZLUFPK,0.0,2.096,11.608,22.952,11.137,18.422,15.117,0.0
940GZZLUCWR,940GZZLUFBY,0.0,2.428,32.006,21.379,11.212,9.541,2.988,0.0
940GZZLUCWR,940GZZLUGTR,0.0,10.07,57.537,46.573,17.326,10.913,7.508,0.0
940GZZLUCWR,940GZZLUGDG,0.0,11.367,136.147,95.401,43.321,5.856,1.495,0.0
940GZZLUCWR,940GZZLUGPS,0.0,2.421,17.706,10.377,2.397,1.82,0.326,0.0
940GZZLUCWR,940GZZLUGPK,0.0,140.937,716.034,493.402,227.848,58.319,15.792,0.0
940GZZLUCWR,940GZZLUHSD,0.0,19.178,151.56,63.669,23.543,22.332,8.093,0.0
940GZZLUCWR,940GZZLUHAI,0.0,1.325,1.586,2.8799999,0.847,2.071,1.215,0.0
940GZZLUCWR,940GZZLUHSK,0.0,20.857,113.729004,79.262,23.19,9.138,3.3700001,0.0
940GZZLUCWR,940GZZLUHBN,0.0,7.7730002,118.928,72.351,28.193,8.462,1.599,0.0
940GZZLUCWR,940GZZLUHPK,0.0,3.245,33.989,17.259,8.656,2.434,1.382,0.0
940GZZLUCWR,940GZZLUHWY,0.0,0.896,4.353,7.719,2.137,2.833,1.75,0.0
940GZZLUCWR,940GZZLUHPC,0.0,4.966,26.392,14.9,7.604,1.924,0.087,0.0
940GZZLUCWR,940GZZLUKNG,0.0,0.71,14.637,13.041,10.512,9.655,5.874,0.0
940GZZLUCWR,940GZZLUKOY,0.0,0.0,0.0,0.0,0.0,0.094,0.0,0.0
940GZZLUCWR,940GZZLUKSH,0.0,3.109,15.695,11.147,5.407,4.918,3.136,0.0
940GZZLUCWR,940GZZLUKBN,0.0,6.325,37.247,39.404,45.296,28.066,12.889,0.0
940GZZLUCWR,940GZZLUKSX,0.0,33.586,134.494,153.475,56.619,24.603,17.729,0.0
940GZZLUCWR,940GZZLUKNB,0.0,15.658,126.229,113.461,32.273,7.922,2.425,0.0
940GZZLUCWR,940GZZLULBN,0.0,0.134,5.083,7.488,6.289,2.095,0.971,0.0
940GZZLUCWR,940GZZLULGT,0.0,3.746,15.833,13.186,14.245,3.868,2.52,0.0
940GZZLUCWR,940GZZLULSQ,0.0,14.927,100.155,193.009,136.073,44.440998,8.516,0.0
940GZZLUCWR,940GZZLULVT,0.0,0.652,0.455,4.894,0.996,0.903,0.461,0.0
940GZZLUCWR,940GZZLULNB,0.0,369.208,3202.276,1672.739,1301.458,399.405,127.174,0.0
940GZZLUCWR,940GZZLUMSH,0.0,0.489,9.91,1.658,0.275,0.79,0.232,0.0
940GZZLUCWR,940GZZLUMBA,0.0,10.673,56.704,37.203,17.245,7.925,1.754,0.0
940GZZLUCWR,940GZZLUMYB,0.0,12.0,79.713,53.744,50.715,19.704,7.977,0.0
940GZZLUCWR,940GZZLUMED,0.0,0.0,0.0,0.0,0.0,0.022,0.0,0.0
940GZZLUCWR,940GZZLUMGT,0.0,27.818,174.066,96.253,75.162,9.402,4.047,0.0
940GZZLUCWR,940GZZLUMTC,0.0,2.912,32.643,9.143,7.767,2.616,1.568,0.0
940GZZLUCWR,940GZZLUNHG,0.0,9.237,78.351,67.313,30.028,15.929,6.9110003,0.0
940GZZLUCWR,940GZZLUODS,0.0,6.439,61.334,75.315,29.394,22.714,10.726,0.0
940GZZLUCWR,940GZZLUOVL,0.0,1.406,27.338,15.633,13.336,8.9,5.959,0.0
940GZZLUCWR,940GZZLUOXC,0.0,35.053,161.256,234.494,87.843,29.628,6.669,0.0
940GZZLUCWR,940GZZLUPAC,0.0,54.802,261.392,183.232,114.087,54.69,19.495,0.0
940GZZLUCWR,940GZZLUPCC,0.0,18.144,93.995,133.544,93.833,30.111,9.453,0.0
940GZZLUCWR,940GZZLUQWY,0.0,6.171,32.389,20.125,12.281,8.659,3.1330001,0.0
940GZZLUCWR,940GZZLURGP,0.0,2.996,32.456,17.02,6.482,1.063,0.345,0.0
940GZZLUCWR,940GZZLURYO,0.0,1.088,6.415,5.336,2.012,2.615,1.12,0.0
940GZZLUCWR,940GZZLURSQ,0.0,4.618,45.975,45.263,16.4,7.822,2.244,0.0
940GZZLUCWR,940GZZLUSJP,0.0,10.1710005,151.055,60.421,10.837,2.5970001,1.283,0.0
940GZZLUCWR,940GZZLUSJW,0.0,16.325,106.552,55.609,42.758,19.394001,8.265,0.0
940GZZLUCWR,940GZZLUSPU,0.0,2.419,11.853,9.002,2.655,1.324,0.034,0.0
940GZZLUCWR,940GZZLUSBC,0.0,13.915,90.231,69.502,52.415,17.503,7.527,0.0
940GZZLUCWR,940GZZLUSSQ,0.0,16.519001,113.663,101.797,28.144,12.189,3.292,0.0
940GZZLUCWR,940GZZLUSKS,0.0,21.469,174.709,189.043,46.092,22.123,6.804,0.0
940GZZLUCWR,940GZZLUSKW,0.0,2.191,7.789,12.92,13.552,11.143,7.601,0.0
940GZZLUCWR,940GZZLUCHX,0.0,6.199,45.566,68.55,63.184,13.958,2.954,0.0
940GZZLUCWR,940GZZLUSWC,0.0,9.122,80.539,67.079,51.985,23.9,10.372,0.0
940GZZLUCWR,940GZZLUTMP,0.0,3.204,47.132,74.55,9.313,7.377,0.847,0.0
940GZZLUCWR,940GZZLUTCR,0.0,33.226,248.473,263.098,109.455,31.524,9.125,0.0
940GZZLUCWR,940GZZLUTWH,0.0,0.0,0.0,0.596,0.0,0.0,0.0,0.0
940GZZLUCWR,940GZZLUVIC,0.0,26.67,128.113,95.82,69.263,27.257,13.84,0.0
940GZZLUCWR,940GZZLUWRR,0.0,18.744,115.594,64.686,20.634,8.669,3.179,0.0
940GZZLUCWR,940GZZLUWKA,0.0,1.855,21.904,16.626,11.226,5.979,3.989,0.0
940GZZLUCWR,940GZZLUWLO,0.0,274.737,1086.976,742.325,926.001,359.143,155.444,0.0
940GZZLUCWR,940GZZLUWBN,0.0,8.268,40.575,12.36,4.385,4.076,1.937,0.0
940GZZLUCWR,940GZZLUWHP,0.0,17.197,69.584,34.551,47.756,26.828001,15.754,0.004
940GZZLUCWR,940GZZLUWKN,0.0,2.002,16.58,15.0060005,6.488,7.302,3.773,0.0
940GZZLUCWR,940GZZLUWSM,0.0,63.012,786.814,376.058,105.216,34.622,6.043,0.0
940GZZLUCWR,940GZZLUWIG,0.0,3.207,21.472,38.108,56.665,31.141,19.224,0.0
940GZZLUCWR,940GZZLUERB,0.0,4.617,103.091,42.906,16.258,6.37,2.703,0.0
940GZZLUCWR,940GZZLUPCO,0.0,2.342,24.941,26.516,12.09,5.408,3.1430001,0.0
940GZZLUCWR,940GZZLUVXL,0.0,18.521,42.758,22.705,19.19,17.649,7.379,0.0
940GZZLUCWR,940GZZLUBXN,0.0,2.009,25.205,30.795,35.642,32.145,18.156,0.0
940GZZLUCWR,940GZZLUSWK,0.0,78.755,848.417,422.198,254.034,67.258,21.476,0.0
940GZZLUCWR,940GZZLUBMY,0.0,36.061,171.47,201.903,206.884,112.045,47.448,0.0
