arm,Lane,RouteSuccessor,SuccessorStatus,Reason,BlockerLane,Station,Role,BlockerRole,Samples,OccupiedSamples,AssignedPickupSamples,OtherSamples
central-early-r10-s1-old-virtual,940GZZLUBBN-move-01-02,london-link-010-ab-1,unique,Junction traffic,london-link-010-ab-1,,,,7,7,0,0
central-early-r10-s1-old-virtual,940GZZLUBBN-move-01-02,london-link-010-ab-1,unique,Pod ahead,london-link-010-ab-1,,,,5,5,0,0
central-early-r10-s1-old-virtual,940GZZLUBBN-move-02-01,london-link-009-ab-1,unique,Junction traffic,940GZZLUBBN-move-01-01,,,,2,0,2,0
central-early-r10-s1-old-virtual,940GZZLUBBN-move-02-01,london-link-009-ab-1,unique,Junction traffic,london-link-009-ab-1,,,,5,0,5,0
central-early-r10-s1-old-virtual,940GZZLUBBN-move-02-01,london-link-009-ab-1,unique,Pod ahead,london-link-009-ab-1,,,,5,0,5,0
central-early-r10-s1-old-virtual,940GZZLUBBN-road-out-01,london-link-009-ab-1,unique,Junction traffic,london-link-009-ab-1,940GZZLUBBN,exit,,1,0,1,0
central-early-r10-s1-old-virtual,940GZZLUBBN-road-out-01,london-link-009-ab-1,unique,Pod ahead,london-link-009-ab-1,940GZZLUBBN,exit,,3,0,3,0
central-early-r10-s1-old-virtual,940GZZLUBND-move-04-01,london-link-017-ab-1,unique,Pod ahead,london-link-017-ab-1,,,,1,0,1,0
central-early-r10-s1-old-virtual,940GZZLUBNK-access-out,940GZZLUBNK-road-out-05,unique,Junction traffic,940GZZLUBNK-move-04-05,940GZZLUBNK,exit,,4,0,4,0
central-early-r10-s1-old-virtual,940GZZLUBNK-access-out,940GZZLUBNK-road-out-05,unique,Junction traffic,940GZZLUBNK-move-06-05,940GZZLUBNK,exit,,21,0,21,0
central-early-r10-s1-old-virtual,940GZZLUBNK-access-out,940GZZLUBNK-road-out-05,unique,Junction traffic,940GZZLUBNK-road-out-05,940GZZLUBNK,exit,exit,2,0,2,0
central-early-r10-s1-old-virtual,940GZZLUBNK-access-out,940GZZLUBNK-road-out-05,unique,Junction traffic,london-link-024-ba-2,940GZZLUBNK,exit,,5,0,5,0
central-early-r10-s1-old-virtual,940GZZLUBNK-access-out,940GZZLUBNK-road-out-05,unique,Junction traffic,london-link-025-ab-1,940GZZLUBNK,exit,,15,0,15,0
central-early-r10-s1-old-virtual,940GZZLUBNK-access-out,940GZZLUBNK-road-out-05,unique,Junction traffic,london-link-026-ba-2,940GZZLUBNK,exit,,3,0,3,0
central-early-r10-s1-old-virtual,940GZZLUBNK-access-out,940GZZLUBNK-road-out-05,unique,Pod ahead,940GZZLUBNK-access-out,940GZZLUBNK,exit,exit,5,0,5,0
central-early-r10-s1-old-virtual,940GZZLUBNK-access-out,940GZZLUBNK-road-out-05,unique,Pod ahead,london-link-025-ab-1,940GZZLUBNK,exit,,7,0,7,0
central-early-r10-s1-old-virtual,940GZZLUBST-access-out,940GZZLUBST-road-out-04,unique,Junction traffic,940GZZLUBST-move-02-04,940GZZLUBST,exit,,173,173,0,0
central-early-r10-s1-old-virtual,940GZZLUBST-access-out,940GZZLUBST-road-out-04,unique,Junction traffic,940GZZLUBST-road-out-04,940GZZLUBST,exit,exit,20,20,0,0
central-early-r10-s1-old-virtual,940GZZLUBST-access-out,940GZZLUBST-road-out-04,unique,Junction traffic,london-link-033-ba-2,940GZZLUBST,exit,,25,25,0,0
central-early-r10-s1-old-virtual,940GZZLUBST-access-out,940GZZLUBST-road-out-04,unique,Junction traffic,london-link-035-ab-1,940GZZLUBST,exit,,111,111,0,0
central-early-r10-s1-old-virtual,940GZZLUBST-access-out,940GZZLUBST-road-out-04,unique,Pod ahead,940GZZLUBST-access-out,940GZZLUBST,exit,exit,31,31,0,0
central-early-r10-s1-old-virtual,940GZZLUBST-access-out,940GZZLUBST-road-out-04,unique,Pod ahead,london-link-035-ab-1,940GZZLUBST,exit,,44,44,0,0
central-early-r10-s1-old-virtual,940GZZLUBST-road-in-01,940GZZLUBST-access-in,unique,Junction traffic,940GZZLUBST-access-in,940GZZLUBST,approach,entry,2,0,2,0
central-early-r10-s1-old-virtual,940GZZLUBST-road-in-01,940GZZLUBST-access-in,unique,Junction traffic,940GZZLUBST-road-in-04,940GZZLUBST,approach,approach,2,0,2,0
central-early-r10-s1-old-virtual,940GZZLUBST-road-in-01,940GZZLUBST-access-in,unique,Pod ahead,940GZZLUBST-access-in,940GZZLUBST,approach,entry,1,0,1,0
central-early-r10-s1-old-virtual,940GZZLUCHX-move-01-03,london-link-050-ab-1,unique,Junction traffic,london-link-050-ab-1,,,,2,0,2,0
central-early-r10-s1-old-virtual,940GZZLUCHX-move-01-03,london-link-050-ab-1,unique,Pod ahead,london-link-050-ab-1,,,,2,0,2,0
central-early-r10-s1-old-virtual,940GZZLUCHX-move-02-01,london-link-048-ab-1,unique,Junction traffic,london-link-048-ab-1,,,,7,7,0,0
central-early-r10-s1-old-virtual,940GZZLUCHX-move-02-01,london-link-048-ab-1,unique,Pod ahead,london-link-048-ab-1,,,,8,8,0,0
central-early-r10-s1-old-virtual,940GZZLUCHX-road-in-01,940GZZLUCHX-access-in,unique,Junction traffic,940GZZLUCHX-access-in,940GZZLUCHX,approach,entry,2,2,0,0
central-early-r10-s1-old-virtual,940GZZLUCHX-road-in-01,940GZZLUCHX-access-in,unique,Pod ahead,940GZZLUCHX-access-in,940GZZLUCHX,approach,entry,1,1,0,0
central-early-r10-s1-old-virtual,940GZZLUCHX-road-out-01,london-link-048-ab-1,unique,Junction traffic,940GZZLUCHX-move-02-01,940GZZLUCHX,exit,,1,1,0,0
central-early-r10-s1-old-virtual,940GZZLUCHX-road-out-01,london-link-048-ab-1,unique,Junction traffic,london-link-048-ab-1,940GZZLUCHX,exit,,8,8,0,0
central-early-r10-s1-old-virtual,940GZZLUCHX-road-out-01,london-link-048-ab-1,unique,Pod ahead,london-link-048-ab-1,940GZZLUCHX,exit,,11,11,0,0
central-early-r10-s1-old-virtual,940GZZLUEMB-access-out,940GZZLUEMB-road-out-01,unique,Junction traffic,940GZZLUEMB-move-03-01,940GZZLUEMB,exit,,4,0,4,0
central-early-r10-s1-old-virtual,940GZZLUEMB-access-out,940GZZLUEMB-road-out-01,unique,Junction traffic,london-link-048-ba-1,940GZZLUEMB,exit,,4,0,4,0
central-early-r10-s1-old-virtual,940GZZLUEMB-access-out,940GZZLUEMB-road-out-01,unique,Pod ahead,london-link-048-ba-1,940GZZLUEMB,exit,,2,0,2,0
central-early-r10-s1-old-virtual,940GZZLUEMB-access-out,940GZZLUEMB-road-out-03,unique,Pod ahead,london-link-063-ab-1,940GZZLUEMB,exit,,1,1,0,0
central-early-r10-s1-old-virtual,940GZZLUEMB-move-01-03,london-link-063-ab-1,unique,Junction traffic,940GZZLUEMB-road-out-03,,,exit,1,1,0,0
central-early-r10-s1-old-virtual,940GZZLUEMB-move-01-03,london-link-063-ab-1,unique,Junction traffic,london-link-063-ab-1,,,,5,5,0,0
central-early-r10-s1-old-virtual,940GZZLUEMB-move-01-03,london-link-063-ab-1,unique,Pod ahead,london-link-063-ab-1,,,,2,2,0,0
central-early-r10-s1-old-virtual,940GZZLUEMB-move-02-01,london-link-048-ba-1,unique,Junction traffic,940GZZLUEMB-move-03-01,,,,69,0,69,0
central-early-r10-s1-old-virtual,940GZZLUEMB-move-02-01,london-link-048-ba-1,unique,Junction traffic,london-link-048-ba-1,,,,31,0,31,0
central-early-r10-s1-old-virtual,940GZZLUEMB-move-02-01,london-link-048-ba-1,unique,Junction traffic,london-link-063-ba-2,,,,10,0,10,0
central-early-r10-s1-old-virtual,940GZZLUEMB-move-02-01,london-link-048-ba-1,unique,Pod ahead,940GZZLUEMB-move-02-01,,,,10,0,10,0
central-early-r10-s1-old-virtual,940GZZLUEMB-move-02-01,london-link-048-ba-1,unique,Pod ahead,london-link-048-ba-1,,,,18,0,18,0
central-early-r10-s1-old-virtual,940GZZLUEMB-move-02-03,london-link-063-ab-1,unique,Junction traffic,940GZZLUEMB-move-01-03,,,,1,0,1,0
central-early-r10-s1-old-virtual,940GZZLUEMB-move-02-03,london-link-063-ab-1,unique,Junction traffic,london-link-063-ab-1,,,,2,0,2,0
central-early-r10-s1-old-virtual,940GZZLUEMB-move-02-03,london-link-063-ab-1,unique,Pod ahead,london-link-063-ab-1,,,,1,0,1,0
central-early-r10-s1-old-virtual,940GZZLUESQ-01-in,,last,Berth occupied,940GZZLUESQ-01-out,940GZZLUESQ,berth-access,departure,3,0,3,0
central-early-r10-s1-old-virtual,940GZZLUESQ-01-in,,last,Junction traffic,940GZZLUESQ-01-out,940GZZLUESQ,berth-access,departure,3,0,3,0
central-early-r10-s1-old-virtual,940GZZLUESQ-move-01-02,london-link-069-ab-1,unique,Junction traffic,london-link-069-ab-1,,,,7,7,0,0
central-early-r10-s1-old-virtual,940GZZLUESQ-move-01-02,london-link-069-ab-1,unique,Pod ahead,london-link-069-ab-1,,,,13,13,0,0
central-early-r10-s1-old-virtual,940GZZLUESQ-road-out-02,london-link-069-ab-1,unique,Junction traffic,london-link-069-ab-1,940GZZLUESQ,exit,,7,7,0,0
central-early-r10-s1-old-virtual,940GZZLUESQ-road-out-02,london-link-069-ab-1,unique,Pod ahead,london-link-069-ab-1,940GZZLUESQ,exit,,19,19,0,0
central-early-r10-s1-old-virtual,940GZZLUFCN-move-01-02,london-link-074-ab-1,unique,Junction traffic,london-link-074-ab-1,,,,60,0,60,0
central-early-r10-s1-old-virtual,940GZZLUFCN-move-01-02,london-link-074-ab-1,unique,Pod ahead,london-link-074-ab-1,,,,41,0,41,0
central-early-r10-s1-old-virtual,940GZZLUFCN-move-02-01,london-link-009-ba-1,unique,Junction traffic,london-link-009-ba-1,,,,4,4,0,0
central-early-r10-s1-old-virtual,940GZZLUFCN-move-02-01,london-link-009-ba-1,unique,Pod ahead,london-link-009-ba-1,,,,2,2,0,0
central-early-r10-s1-old-virtual,940GZZLUFCN-road-out-01,london-link-009-ba-1,unique,Pod ahead,london-link-009-ba-1,940GZZLUFCN,exit,,1,0,1,0
central-early-r10-s1-old-virtual,940GZZLUFCN-road-out-02,london-link-074-ab-1,unique,Junction traffic,940GZZLUFCN-move-01-02,940GZZLUFCN,exit,,9,0,9,0
central-early-r10-s1-old-virtual,940GZZLUFCN-road-out-02,london-link-074-ab-1,unique,Junction traffic,london-link-074-ab-1,940GZZLUFCN,exit,,52,0,52,0
central-early-r10-s1-old-virtual,940GZZLUFCN-road-out-02,london-link-074-ab-1,unique,Pod ahead,london-link-074-ab-1,940GZZLUFCN,exit,,32,0,32,0
central-early-r10-s1-old-virtual,940GZZLUGPS-01-in,,last,Junction traffic,940GZZLUGPS-01-out,940GZZLUGPS,berth-access,departure,2,0,2,0
central-early-r10-s1-old-virtual,940GZZLUGPS-02-in,,last,Berth occupied,940GZZLUGPS-02-out,940GZZLUGPS,berth-access,departure,2,0,2,0
central-early-r10-s1-old-virtual,940GZZLUGPS-02-in,,last,Junction traffic,940GZZLUGPS-02-out,940GZZLUGPS,berth-access,departure,3,0,3,0
central-early-r10-s1-old-virtual,940GZZLUGPS-move-01-02,london-link-068-ba-1,unique,Junction traffic,london-link-068-ba-1,,,,4,4,0,0
central-early-r10-s1-old-virtual,940GZZLUGPS-move-01-02,london-link-068-ba-1,unique,Pod ahead,london-link-068-ba-1,,,,8,8,0,0
central-early-r10-s1-old-virtual,940GZZLUGPS-road-out-02,london-link-068-ba-1,unique,Junction traffic,london-link-068-ba-1,940GZZLUGPS,exit,,2,2,0,0
central-early-r10-s1-old-virtual,940GZZLUGPS-road-out-02,london-link-068-ba-1,unique,Pod ahead,london-link-068-ba-1,940GZZLUGPS,exit,,7,7,0,0
central-early-r10-s1-old-virtual,940GZZLUHBN-move-02-01,london-link-044-ba-1,unique,Junction traffic,london-link-044-ba-1,,,,2,0,2,0
central-early-r10-s1-old-virtual,940GZZLUHBN-move-02-01,london-link-044-ba-1,unique,Pod ahead,london-link-044-ba-1,,,,3,0,3,0
central-early-r10-s1-old-virtual,940GZZLUKNG-move-01-02,london-link-098-ab-1,unique,Junction traffic,940GZZLUKNG-move-03-02,,,,8,0,8,0
central-early-r10-s1-old-virtual,940GZZLUKNG-move-01-02,london-link-098-ab-1,unique,Junction traffic,london-link-098-ab-1,,,,4,0,4,0
central-early-r10-s1-old-virtual,940GZZLUKNG-move-01-02,london-link-098-ab-1,unique,Pod ahead,london-link-098-ab-1,,,,1,0,1,0
central-early-r10-s1-old-virtual,940GZZLUKSX-access-out,940GZZLUKSX-road-out-03,unique,Junction traffic,940GZZLUKSX-move-05-03,940GZZLUKSX,exit,,187,0,187,0
central-early-r10-s1-old-virtual,940GZZLUKSX-access-out,940GZZLUKSX-road-out-03,unique,Junction traffic,940GZZLUKSX-move-07-03,940GZZLUKSX,exit,,7,0,7,0
central-early-r10-s1-old-virtual,940GZZLUKSX-access-out,940GZZLUKSX-road-out-03,unique,Junction traffic,london-link-069-ba-1,940GZZLUKSX,exit,,92,0,92,0
central-early-r10-s1-old-virtual,940GZZLUKSX-access-out,940GZZLUKSX-road-out-03,unique,Junction traffic,london-link-074-ab-2,940GZZLUKSX,exit,,83,0,83,0
central-early-r10-s1-old-virtual,940GZZLUKSX-access-out,940GZZLUKSX-road-out-03,unique,Junction traffic,london-link-101-ba-2,940GZZLUKSX,exit,,5,0,5,0
central-early-r10-s1-old-virtual,940GZZLUKSX-access-out,940GZZLUKSX-road-out-03,unique,Pod ahead,london-link-069-ba-1,940GZZLUKSX,exit,,38,0,38,0
central-early-r10-s1-old-virtual,940GZZLULSQ-01-out,940GZZLULSQ-01-departure-link,unique,Pod ahead,940GZZLULSQ-01-departure-link,940GZZLULSQ,departure,departure,2,2,0,0
central-early-r10-s1-old-virtual,940GZZLULSQ-02-departure-link,940GZZLULSQ-01-departure-link,unique,Pod ahead,940GZZLULSQ-01-departure-link,940GZZLULSQ,departure,departure,1,1,0,0
central-early-r10-s1-old-virtual,940GZZLULSQ-access-out,940GZZLULSQ-road-out-02,unique,Junction traffic,940GZZLULSQ-move-01-02,940GZZLULSQ,exit,,1,1,0,0
central-early-r10-s1-old-virtual,940GZZLULSQ-access-out,940GZZLULSQ-road-out-02,unique,Junction traffic,london-link-049-ba-1,940GZZLULSQ,exit,,4,4,0,0
central-early-r10-s1-old-virtual,940GZZLULSQ-access-out,940GZZLULSQ-road-out-02,unique,Pod ahead,london-link-049-ba-1,940GZZLULSQ,exit,,2,2,0,0
central-early-r10-s1-old-virtual,940GZZLULSQ-move-01-02,london-link-049-ba-1,unique,Junction traffic,940GZZLULSQ-road-out-02,,,exit,2,0,2,0
central-early-r10-s1-old-virtual,940GZZLULSQ-move-01-02,london-link-049-ba-1,unique,Junction traffic,london-link-049-ba-1,,,,2,0,2,0
central-early-r10-s1-old-virtual,940GZZLULSQ-move-01-02,london-link-049-ba-1,unique,Pod ahead,london-link-049-ba-1,,,,3,0,3,0
central-early-r10-s1-old-virtual,940GZZLULSQ-move-04-02,london-link-049-ba-1,unique,Junction traffic,940GZZLULSQ-road-out-02,,,exit,4,4,0,0
central-early-r10-s1-old-virtual,940GZZLULSQ-move-04-02,london-link-049-ba-1,unique,Junction traffic,london-link-049-ba-1,,,,4,4,0,0
central-early-r10-s1-old-virtual,940GZZLULSQ-move-04-02,london-link-049-ba-1,unique,Pod ahead,london-link-049-ba-1,,,,2,2,0,0
central-early-r10-s1-old-virtual,940GZZLULVT-move-03-04,london-link-023-ba-1,unique,Pod ahead,london-link-023-ba-1,,,,1,0,1,0
central-early-r10-s1-old-virtual,940GZZLULVT-move-03-05,london-link-108-ab-1,unique,Junction traffic,940GZZLULVT-move-02-05,,,,5,0,5,0
central-early-r10-s1-old-virtual,940GZZLULVT-move-03-05,london-link-108-ab-1,unique,Junction traffic,940GZZLULVT-road-out-05,,,exit,6,0,6,0
central-early-r10-s1-old-virtual,940GZZLULVT-move-03-05,london-link-108-ab-1,unique,Junction traffic,london-link-108-ab-1,,,,6,0,6,0
central-early-r10-s1-old-virtual,940GZZLULVT-move-03-05,london-link-108-ab-1,unique,Pod ahead,london-link-108-ab-1,,,,2,0,2,0
central-early-r10-s1-old-virtual,940GZZLULVT-road-out-04,london-link-023-ba-1,unique,Junction traffic,940GZZLULVT-move-02-04,940GZZLULVT,exit,,1,0,1,0
central-early-r10-s1-old-virtual,940GZZLULVT-road-out-04,london-link-023-ba-1,unique,Junction traffic,london-link-023-ba-1,940GZZLULVT,exit,,2,0,2,0
central-early-r10-s1-old-virtual,940GZZLULVT-road-out-04,london-link-023-ba-1,unique,Pod ahead,london-link-023-ba-1,940GZZLULVT,exit,,1,0,1,0
central-early-r10-s1-old-virtual,940GZZLULVT-road-out-05,london-link-108-ab-1,unique,Junction traffic,940GZZLULVT-move-02-05,940GZZLULVT,exit,,107,0,107,0
central-early-r10-s1-old-virtual,940GZZLULVT-road-out-05,london-link-108-ab-1,unique,Junction traffic,london-link-108-ab-1,940GZZLULVT,exit,,63,0,63,0
central-early-r10-s1-old-virtual,940GZZLULVT-road-out-05,london-link-108-ab-1,unique,Pod ahead,london-link-108-ab-1,940GZZLULVT,exit,,34,0,34,0
central-early-r10-s1-old-virtual,940GZZLUMGT-access-out,940GZZLUMGT-road-out-01,unique,Junction traffic,940GZZLUMGT-move-02-01,940GZZLUMGT,exit,,5,0,5,0
central-early-r10-s1-old-virtual,940GZZLUMGT-access-out,940GZZLUMGT-road-out-01,unique,Junction traffic,940GZZLUMGT-move-03-01,940GZZLUMGT,exit,,11,0,11,0
central-early-r10-s1-old-virtual,940GZZLUMGT-access-out,940GZZLUMGT-road-out-01,unique,Junction traffic,940GZZLUMGT-road-out-01,940GZZLUMGT,exit,exit,2,0,2,0
central-early-r10-s1-old-virtual,940GZZLUMGT-access-out,940GZZLUMGT-road-out-01,unique,Junction traffic,london-link-010-ba-1,940GZZLUMGT,exit,,22,0,22,0
central-early-r10-s1-old-virtual,940GZZLUMGT-access-out,940GZZLUMGT-road-out-01,unique,Pod ahead,london-link-010-ba-1,940GZZLUMGT,exit,,18,0,18,0
central-early-r10-s1-old-virtual,940GZZLUMGT-access-out,940GZZLUMGT-road-out-02,unique,Junction traffic,940GZZLUMGT-move-01-02,940GZZLUMGT,exit,,4,0,4,0
central-early-r10-s1-old-virtual,940GZZLUMGT-access-out,940GZZLUMGT-road-out-02,unique,Junction traffic,london-link-024-ba-1,940GZZLUMGT,exit,,5,0,5,0
central-early-r10-s1-old-virtual,940GZZLUMGT-access-out,940GZZLUMGT-road-out-02,unique,Pod ahead,london-link-024-ba-1,940GZZLUMGT,exit,,1,0,1,0
central-early-r10-s1-old-virtual,940GZZLUMGT-move-02-01,london-link-010-ba-1,unique,Junction traffic,940GZZLUMGT-move-03-01,,,,4,0,4,0
central-early-r10-s1-old-virtual,940GZZLUMGT-move-02-01,london-link-010-ba-1,unique,Junction traffic,940GZZLUMGT-road-out-01,,,exit,1,0,1,0
central-early-r10-s1-old-virtual,940GZZLUMGT-move-02-01,london-link-010-ba-1,unique,Junction traffic,london-link-010-ba-1,,,,10,0,10,0
central-early-r10-s1-old-virtual,940GZZLUMGT-move-02-01,london-link-010-ba-1,unique,Pod ahead,london-link-010-ba-1,,,,4,0,4,0
central-early-r10-s1-old-virtual,940GZZLUMGT-move-03-01,london-link-010-ba-1,unique,Junction traffic,940GZZLUMGT-access-out,,,exit,11,0,11,0
central-early-r10-s1-old-virtual,940GZZLUMGT-move-03-01,london-link-010-ba-1,unique,Junction traffic,940GZZLUMGT-move-02-01,,,,5,0,5,0
central-early-r10-s1-old-virtual,940GZZLUMGT-move-03-01,london-link-010-ba-1,unique,Junction traffic,940GZZLUMGT-road-out-01,,,exit,80,0,80,0
central-early-r10-s1-old-virtual,940GZZLUMGT-move-03-01,london-link-010-ba-1,unique,Junction traffic,london-link-010-ba-1,,,,88,0,88,0
central-early-r10-s1-old-virtual,940GZZLUMGT-move-03-01,london-link-010-ba-1,unique,Pod ahead,940GZZLUMGT-move-03-01,,,,2,0,2,0
central-early-r10-s1-old-virtual,940GZZLUMGT-move-03-01,london-link-010-ba-1,unique,Pod ahead,london-link-010-ba-1,,,,39,0,39,0
central-early-r10-s1-old-virtual,940GZZLUOVL-01-out,940GZZLUOVL-01-departure-link,unique,Pod ahead,940GZZLUOVL-01-departure-link,940GZZLUOVL,departure,departure,5,0,5,0
central-early-r10-s1-old-virtual,940GZZLUOVL-move-02-01,london-link-098-ba-1,unique,Pod ahead,london-link-098-ba-1,,,,1,1,0,0
central-early-r10-s1-old-virtual,940GZZLUOVL-road-out-01,london-link-098-ba-1,unique,Junction traffic,london-link-098-ba-1,940GZZLUOVL,exit,,1,0,1,0
central-early-r10-s1-old-virtual,940GZZLUOVL-road-out-01,london-link-098-ba-1,unique,Pod ahead,london-link-098-ba-1,940GZZLUOVL,exit,,2,0,2,0
central-early-r10-s1-old-virtual,940GZZLUPAC-02-departure-link,940GZZLUPAC-01-departure-link,unique,Pod ahead,940GZZLUPAC-01-departure-link,940GZZLUPAC,departure,departure,1,1,0,0
central-early-r10-s1-old-virtual,940GZZLUPAC-02-in,,last,Junction traffic,940GZZLUPAC-02-out,940GZZLUPAC,berth-access,departure,3,0,3,0
central-early-r10-s1-old-virtual,940GZZLUPAC-access-out,940GZZLUPAC-road-out-03,unique,Junction traffic,940GZZLUPAC-move-04-03,940GZZLUPAC,exit,,22,22,0,0
central-early-r10-s1-old-virtual,940GZZLUPAC-access-out,940GZZLUPAC-road-out-03,unique,Junction traffic,940GZZLUPAC-road-out-03,940GZZLUPAC,exit,exit,424,424,0,0
central-early-r10-s1-old-virtual,940GZZLUPAC-access-out,940GZZLUPAC-road-out-03,unique,Junction traffic,london-link-067-ba-1,940GZZLUPAC,exit,,745,745,0,0
central-early-r10-s1-old-virtual,940GZZLUPAC-access-out,940GZZLUPAC-road-out-03,unique,Junction traffic,london-link-116-ba-2,940GZZLUPAC,exit,,7,7,0,0
central-early-r10-s1-old-virtual,940GZZLUPAC-access-out,940GZZLUPAC-road-out-03,unique,Pod ahead,940GZZLUPAC-access-out,940GZZLUPAC,exit,exit,6,6,0,0
central-early-r10-s1-old-virtual,940GZZLUPAC-access-out,940GZZLUPAC-road-out-03,unique,Pod ahead,london-link-067-ba-1,940GZZLUPAC,exit,,568,568,0,0
central-early-r10-s1-old-virtual,940GZZLUPAC-road-in-01,940GZZLUPAC-access-in,unique,Pod ahead,940GZZLUPAC-access-in,940GZZLUPAC,approach,entry,1,0,1,0
central-early-r10-s1-old-virtual,940GZZLUPCC-move-01-04,london-link-112-ba-1,unique,Pod ahead,london-link-112-ba-1,,,,1,0,1,0
central-early-r10-s1-old-virtual,940GZZLUPCC-move-03-04,london-link-112-ba-1,unique,Pod ahead,london-link-112-ba-1,,,,1,0,1,0
central-early-r10-s1-old-virtual,940GZZLUWLO-access-out,940GZZLUWLO-road-out-02,unique,Junction traffic,940GZZLUWLO-access-out,940GZZLUWLO,exit,exit,1,0,1,0
central-early-r10-s1-old-virtual,940GZZLUWLO-access-out,940GZZLUWLO-road-out-02,unique,Junction traffic,940GZZLUWLO-move-03-02,940GZZLUWLO,exit,,19,0,19,0
central-early-r10-s1-old-virtual,940GZZLUWLO-access-out,940GZZLUWLO-road-out-02,unique,Junction traffic,940GZZLUWLO-move-05-02,940GZZLUWLO,exit,,4,0,4,0
central-early-r10-s1-old-virtual,940GZZLUWLO-access-out,940GZZLUWLO-road-out-02,unique,Junction traffic,940GZZLUWLO-road-out-03,940GZZLUWLO,exit,exit,53,0,53,0
central-early-r10-s1-old-virtual,940GZZLUWLO-access-out,940GZZLUWLO-road-out-02,unique,Junction traffic,london-link-063-ba-1,940GZZLUWLO,exit,,18,0,18,0
central-early-r10-s1-old-virtual,940GZZLUWLO-access-out,940GZZLUWLO-road-out-02,unique,Pod ahead,london-link-063-ba-1,940GZZLUWLO,exit,,6,0,6,0
central-early-r10-s1-old-virtual,940GZZLUWLO-access-out,940GZZLUWLO-road-out-03,unique,Junction traffic,940GZZLUWLO-move-02-03,940GZZLUWLO,exit,,107,99,8,0
central-early-r10-s1-old-virtual,940GZZLUWLO-access-out,940GZZLUWLO-road-out-03,unique,Junction traffic,940GZZLUWLO-road-out-03,940GZZLUWLO,exit,exit,6,6,0,0
central-early-r10-s1-old-virtual,940GZZLUWLO-access-out,940GZZLUWLO-road-out-03,unique,Junction traffic,london-link-063-ab-2,940GZZLUWLO,exit,,24,23,1,0
central-early-r10-s1-old-virtual,940GZZLUWLO-access-out,940GZZLUWLO-road-out-03,unique,Junction traffic,london-link-099-ba-1,940GZZLUWLO,exit,,68,66,2,0
central-early-r10-s1-old-virtual,940GZZLUWLO-access-out,940GZZLUWLO-road-out-03,unique,Pod ahead,london-link-099-ba-1,940GZZLUWLO,exit,,25,24,1,0
central-early-r10-s1-old-virtual,london-link-007-ab-2,940GZZLULVT-move-02-05,unique,Junction traffic,london-link-108-ab-1,,,,3,0,3,0
central-early-r10-s1-old-virtual,london-link-007-ab-2,940GZZLULVT-move-02-05,unique,Pod ahead,london-link-108-ab-1,,,,4,0,4,0
central-early-r10-s1-old-virtual,london-link-009-ab-2,940GZZLUFCN-move-01-02,unique,Junction traffic,940GZZLUFCN-move-01-02,,,,9,0,9,0
central-early-r10-s1-old-virtual,london-link-009-ab-2,940GZZLUFCN-move-01-02,unique,Pod ahead,940GZZLUFCN-move-01-02,,,,61,0,61,0
central-early-r10-s1-old-virtual,london-link-009-ab-2,940GZZLUFCN-move-01-02,unique,Pod ahead,london-link-009-ab-2,,,,5,0,5,0
central-early-r10-s1-old-virtual,london-link-009-ba-2,940GZZLUBBN-move-01-01,unique,Junction traffic,london-link-009-ab-1,,,,1,0,1,0
central-early-r10-s1-old-virtual,london-link-009-ba-2,940GZZLUBBN-move-01-01,unique,Pod ahead,london-link-009-ab-1,,,,1,0,1,0
central-early-r10-s1-old-virtual,london-link-009-ba-2,940GZZLUBBN-move-01-02,unique,Junction traffic,940GZZLUBBN-road-in-01,,,approach,14,14,0,0
central-early-r10-s1-old-virtual,london-link-009-ba-2,940GZZLUBBN-move-01-02,unique,Pod ahead,london-link-009-ba-2,,,,1,1,0,0
central-early-r10-s1-old-virtual,london-link-009-ba-2,940GZZLUBBN-road-in-01,unique,Junction traffic,940GZZLUBBN-move-01-02,,,,2,2,0,0
central-early-r10-s1-old-virtual,london-link-010-ab-2,940GZZLUMGT-move-01-01,unique,Junction traffic,940GZZLUMGT-move-03-01,,,,2,0,2,0
central-early-r10-s1-old-virtual,london-link-010-ab-2,940GZZLUMGT-move-01-01,unique,Junction traffic,london-link-010-ba-1,,,,2,0,2,0
central-early-r10-s1-old-virtual,london-link-010-ab-2,940GZZLUMGT-move-01-01,unique,Pod ahead,london-link-010-ba-1,,,,1,0,1,0
central-early-r10-s1-old-virtual,london-link-010-ab-2,940GZZLUMGT-move-01-02,unique,Junction traffic,london-link-024-ba-1,,,,2,0,2,0
central-early-r10-s1-old-virtual,london-link-010-ab-2,940GZZLUMGT-move-01-02,unique,Pod ahead,london-link-024-ba-1,,,,1,0,1,0
central-early-r10-s1-old-virtual,london-link-010-ab-2,940GZZLUMGT-move-01-03,unique,Junction traffic,940GZZLUMGT-road-in-01,,,approach,19,19,0,0
central-early-r10-s1-old-virtual,london-link-010-ab-2,940GZZLUMGT-move-01-03,unique,Pod ahead,london-link-010-ab-2,,,,2,2,0,0
central-early-r10-s1-old-virtual,london-link-010-ab-2,940GZZLUMGT-road-in-01,unique,Junction traffic,940GZZLUMGT-access-in,,,entry,14,14,0,0
central-early-r10-s1-old-virtual,london-link-010-ab-2,940GZZLUMGT-road-in-01,unique,Junction traffic,940GZZLUMGT-road-in-01,,,approach,12,12,0,0
central-early-r10-s1-old-virtual,london-link-010-ab-2,940GZZLUMGT-road-in-01,unique,Pod ahead,940GZZLUMGT-access-in,,,entry,6,6,0,0
central-early-r10-s1-old-virtual,london-link-013-ab-2,940GZZLULVT-move-03-05,unique,Pod ahead,940GZZLULVT-move-03-05,,,,17,0,17,0
central-early-r10-s1-old-virtual,london-link-013-ab-2,940GZZLULVT-move-03-05,unique,Pod ahead,london-link-013-ab-2,,,,4,0,4,0
central-early-r10-s1-old-virtual,london-link-017-ab-2,940GZZLUBST-move-01-02,unique,Junction traffic,940GZZLUBST-move-01-02,,,,137,0,137,0
central-early-r10-s1-old-virtual,london-link-017-ab-2,940GZZLUBST-move-01-02,unique,Junction traffic,940GZZLUBST-move-01-03,,,,3,0,3,0
central-early-r10-s1-old-virtual,london-link-017-ab-2,940GZZLUBST-move-01-02,unique,Junction traffic,940GZZLUBST-move-01-04,,,,12,0,12,0
central-early-r10-s1-old-virtual,london-link-017-ab-2,940GZZLUBST-move-01-02,unique,Junction traffic,940GZZLUBST-move-03-02,,,,12,0,12,0
central-early-r10-s1-old-virtual,london-link-017-ab-2,940GZZLUBST-move-01-02,unique,Junction traffic,940GZZLUBST-move-04-02,,,,1885,0,1885,0
central-early-r10-s1-old-virtual,london-link-017-ab-2,940GZZLUBST-move-01-02,unique,Junction traffic,940GZZLUBST-road-in-01,,,approach,7,0,7,0
central-early-r10-s1-old-virtual,london-link-017-ab-2,940GZZLUBST-move-01-02,unique,Junction traffic,london-link-017-ab-2,,,,1,0,1,0
central-early-r10-s1-old-virtual,london-link-017-ab-2,940GZZLUBST-move-01-02,unique,Junction traffic,london-link-033-ab-1,,,,903,0,903,0
central-early-r10-s1-old-virtual,london-link-017-ab-2,940GZZLUBST-move-01-02,unique,Junction traffic,london-link-034-ba-2,,,,11,0,11,0
central-early-r10-s1-old-virtual,london-link-017-ab-2,940GZZLUBST-move-01-02,unique,Junction traffic,london-link-035-ba-2,,,,676,0,676,0
central-early-r10-s1-old-virtual,london-link-017-ab-2,940GZZLUBST-move-01-02,unique,Pod ahead,london-link-017-ab-2,,,,523,0,523,0
central-early-r10-s1-old-virtual,london-link-017-ab-2,940GZZLUBST-move-01-02,unique,Pod ahead,london-link-033-ab-1,,,,308,0,308,0
central-early-r10-s1-old-virtual,london-link-017-ab-2,940GZZLUBST-move-01-03,unique,Junction traffic,940GZZLUBST-move-01-02,,,,11,3,8,0
central-early-r10-s1-old-virtual,london-link-017-ab-2,940GZZLUBST-move-01-04,unique,Junction traffic,940GZZLUBST-access-out,,,exit,3,0,3,0
central-early-r10-s1-old-virtual,london-link-017-ab-2,940GZZLUBST-move-01-04,unique,Junction traffic,940GZZLUBST-move-01-02,,,,50,0,50,0
central-early-r10-s1-old-virtual,london-link-017-ab-2,940GZZLUBST-move-01-04,unique,Junction traffic,940GZZLUBST-move-01-03,,,,8,0,8,0
central-early-r10-s1-old-virtual,london-link-017-ab-2,940GZZLUBST-move-01-04,unique,Junction traffic,940GZZLUBST-move-02-04,,,,124,0,124,0
central-early-r10-s1-old-virtual,london-link-017-ab-2,940GZZLUBST-move-01-04,unique,Junction traffic,940GZZLUBST-road-out-04,,,exit,5,0,5,0
central-early-r10-s1-old-virtual,london-link-017-ab-2,940GZZLUBST-move-01-04,unique,Junction traffic,london-link-033-ba-2,,,,27,0,27,0
central-early-r10-s1-old-virtual,london-link-017-ab-2,940GZZLUBST-move-01-04,unique,Junction traffic,london-link-035-ab-1,,,,49,0,49,0
central-early-r10-s1-old-virtual,london-link-017-ab-2,940GZZLUBST-move-01-04,unique,Pod ahead,london-link-017-ab-2,,,,6,0,6,0
central-early-r10-s1-old-virtual,london-link-017-ab-2,940GZZLUBST-move-01-04,unique,Pod ahead,london-link-035-ab-1,,,,27,0,27,0
central-early-r10-s1-old-virtual,london-link-017-ab-2,940GZZLUBST-road-in-01,unique,Junction traffic,940GZZLUBST-move-01-02,,,,24,0,24,0
central-early-r10-s1-old-virtual,london-link-017-ab-2,940GZZLUBST-road-in-01,unique,Junction traffic,940GZZLUBST-move-01-03,,,,7,0,7,0
central-early-r10-s1-old-virtual,london-link-017-ab-2,940GZZLUBST-road-in-01,unique,Junction traffic,london-link-017-ab-2,,,,1,0,1,0
central-early-r10-s1-old-virtual,london-link-017-ab-2,940GZZLUBST-road-in-01,unique,Pod ahead,london-link-017-ab-2,,,,9,0,9,0
central-early-r10-s1-old-virtual,london-link-020-ba-2,940GZZLUBND-move-04-01,unique,Junction traffic,940GZZLUBND-road-in-04,,,approach,5,0,5,0
central-early-r10-s1-old-virtual,london-link-023-ba-2,940GZZLUBNK-move-03-01,unique,Junction traffic,940GZZLUBNK-move-06-01,,,,2,0,2,0
central-early-r10-s1-old-virtual,london-link-023-ba-2,940GZZLUBNK-move-03-01,unique,Junction traffic,london-link-021-ab-1,,,,2,0,2,0
central-early-r10-s1-old-virtual,london-link-023-ba-2,940GZZLUBNK-move-03-01,unique,Pod ahead,london-link-021-ab-1,,,,1,0,1,0
central-early-r10-s1-old-virtual,london-link-023-ba-2,940GZZLUBNK-move-03-05,unique,Junction traffic,940GZZLUBNK-move-04-05,,,,3,0,3,0
central-early-r10-s1-old-virtual,london-link-023-ba-2,940GZZLUBNK-move-03-05,unique,Junction traffic,940GZZLUBNK-move-06-05,,,,9,0,9,0
central-early-r10-s1-old-virtual,london-link-023-ba-2,940GZZLUBNK-move-03-05,unique,Junction traffic,940GZZLUBNK-road-out-05,,,exit,3,0,3,0
central-early-r10-s1-old-virtual,london-link-023-ba-2,940GZZLUBNK-move-03-05,unique,Junction traffic,london-link-024-ba-2,,,,5,0,5,0
central-early-r10-s1-old-virtual,london-link-023-ba-2,940GZZLUBNK-move-03-05,unique,Junction traffic,london-link-025-ab-1,,,,13,0,13,0
central-early-r10-s1-old-virtual,london-link-023-ba-2,940GZZLUBNK-move-03-05,unique,Pod ahead,london-link-025-ab-1,,,,7,0,7,0
central-early-r10-s1-old-virtual,london-link-023-ba-2,940GZZLUBNK-move-03-07,unique,Junction traffic,940GZZLUBNK-move-06-07,,,,2,0,2,0
central-early-r10-s1-old-virtual,london-link-023-ba-2,940GZZLUBNK-move-03-07,unique,Junction traffic,london-link-027-ab-1,,,,2,0,2,0
central-early-r10-s1-old-virtual,london-link-023-ba-2,940GZZLUBNK-move-03-07,unique,Pod ahead,london-link-027-ab-1,,,,1,0,1,0
central-early-r10-s1-old-virtual,london-link-024-ba-2,940GZZLUBNK-move-04-01,unique,Junction traffic,940GZZLUBNK-move-06-01,,,,5,0,5,0
central-early-r10-s1-old-virtual,london-link-024-ba-2,940GZZLUBNK-move-04-01,unique,Junction traffic,london-link-021-ab-1,,,,2,0,2,0
central-early-r10-s1-old-virtual,london-link-024-ba-2,940GZZLUBNK-move-04-01,unique,Pod ahead,london-link-021-ab-1,,,,1,0,1,0
central-early-r10-s1-old-virtual,london-link-024-ba-2,940GZZLUBNK-move-04-05,unique,Junction traffic,940GZZLUBNK-move-03-05,,,,2,0,2,0
central-early-r10-s1-old-virtual,london-link-024-ba-2,940GZZLUBNK-move-04-05,unique,Junction traffic,940GZZLUBNK-move-04-07,,,,5,0,5,0
central-early-r10-s1-old-virtual,london-link-024-ba-2,940GZZLUBNK-move-04-05,unique,Junction traffic,940GZZLUBNK-move-06-05,,,,1,0,1,0
central-early-r10-s1-old-virtual,london-link-024-ba-2,940GZZLUBNK-move-04-05,unique,Junction traffic,940GZZLUBNK-road-out-05,,,exit,13,0,13,0
central-early-r10-s1-old-virtual,london-link-024-ba-2,940GZZLUBNK-move-04-05,unique,Junction traffic,london-link-025-ab-1,,,,15,0,15,0
central-early-r10-s1-old-virtual,london-link-024-ba-2,940GZZLUBNK-move-04-05,unique,Pod ahead,london-link-025-ab-1,,,,9,0,9,0
central-early-r10-s1-old-virtual,london-link-024-ba-2,940GZZLUBNK-move-04-07,unique,Junction traffic,940GZZLUBNK-move-03-07,,,,4,0,4,0
central-early-r10-s1-old-virtual,london-link-024-ba-2,940GZZLUBNK-move-04-07,unique,Junction traffic,940GZZLUBNK-move-06-07,,,,6,0,6,0
central-early-r10-s1-old-virtual,london-link-024-ba-2,940GZZLUBNK-move-04-07,unique,Junction traffic,london-link-027-ab-1,,,,6,0,6,0
central-early-r10-s1-old-virtual,london-link-025-ba-2,940GZZLUBNK-move-05-06,unique,Junction traffic,940GZZLUBNK-road-in-05,,,approach,6,6,0,0
central-early-r10-s1-old-virtual,london-link-026-ba-2,940GZZLUBNK-move-06-05,unique,Junction traffic,940GZZLUBNK-move-03-05,,,,6,0,6,0
central-early-r10-s1-old-virtual,london-link-026-ba-2,940GZZLUBNK-move-06-05,unique,Junction traffic,940GZZLUBNK-move-04-05,,,,1,0,1,0
central-early-r10-s1-old-virtual,london-link-026-ba-2,940GZZLUBNK-move-06-05,unique,Junction traffic,940GZZLUBNK-road-out-05,,,exit,7,0,7,0
central-early-r10-s1-old-virtual,london-link-026-ba-2,940GZZLUBNK-move-06-05,unique,Junction traffic,london-link-025-ab-1,,,,9,0,9,0
central-early-r10-s1-old-virtual,london-link-026-ba-2,940GZZLUBNK-move-06-05,unique,Pod ahead,london-link-025-ab-1,,,,2,0,2,0
central-early-r10-s1-old-virtual,london-link-027-ab-2,940GZZLUWLO-move-01-02,unique,Junction traffic,940GZZLUWLO-move-03-02,,,,50,0,50,0
central-early-r10-s1-old-virtual,london-link-027-ab-2,940GZZLUWLO-move-01-02,unique,Junction traffic,london-link-063-ba-1,,,,17,0,17,0
central-early-r10-s1-old-virtual,london-link-027-ab-2,940GZZLUWLO-move-01-02,unique,Junction traffic,london-link-099-ab-2,,,,8,0,8,0
central-early-r10-s1-old-virtual,london-link-027-ab-2,940GZZLUWLO-move-01-02,unique,Pod ahead,london-link-063-ba-1,,,,8,0,8,0
central-early-r10-s1-old-virtual,london-link-027-ab-2,940GZZLUWLO-road-in-01,unique,Junction traffic,940GZZLUWLO-access-in,,,entry,16,0,16,0
central-early-r10-s1-old-virtual,london-link-027-ab-2,940GZZLUWLO-road-in-01,unique,Junction traffic,940GZZLUWLO-road-in-03,,,approach,33,0,33,0
central-early-r10-s1-old-virtual,london-link-027-ab-2,940GZZLUWLO-road-in-01,unique,Junction traffic,london-link-099-ab-2,,,,5,0,5,0
central-early-r10-s1-old-virtual,london-link-027-ab-2,940GZZLUWLO-road-in-01,unique,Pod ahead,940GZZLUWLO-access-in,,,entry,5,0,5,0
central-early-r10-s1-old-virtual,london-link-033-ba-2,940GZZLUBST-move-02-01,unique,Junction traffic,940GZZLUBST-move-02-04,,,,126,126,0,0
central-early-r10-s1-old-virtual,london-link-033-ba-2,940GZZLUBST-move-02-01,unique,Junction traffic,london-link-017-ba-1,,,,1,1,0,0
central-early-r10-s1-old-virtual,london-link-033-ba-2,940GZZLUBST-move-02-01,unique,Junction traffic,london-link-035-ab-1,,,,1,1,0,0
central-early-r10-s1-old-virtual,london-link-033-ba-2,940GZZLUBST-move-02-01,unique,Pod ahead,london-link-017-ba-1,,,,2,2,0,0
central-early-r10-s1-old-virtual,london-link-033-ba-2,940GZZLUBST-move-02-01,unique,Pod ahead,london-link-033-ba-2,,,,9,9,0,0
central-early-r10-s1-old-virtual,london-link-033-ba-2,940GZZLUBST-move-02-04,unique,Junction traffic,940GZZLUBST-access-out,,,exit,128,128,0,0
central-early-r10-s1-old-virtual,london-link-033-ba-2,940GZZLUBST-move-02-04,unique,Junction traffic,940GZZLUBST-move-01-04,,,,54,54,0,0
central-early-r10-s1-old-virtual,london-link-033-ba-2,940GZZLUBST-move-02-04,unique,Junction traffic,940GZZLUBST-move-02-01,,,,18,18,0,0
central-early-r10-s1-old-virtual,london-link-033-ba-2,940GZZLUBST-move-02-04,unique,Junction traffic,940GZZLUBST-move-02-04,,,,217,217,0,0
central-early-r10-s1-old-virtual,london-link-033-ba-2,940GZZLUBST-move-02-04,unique,Junction traffic,940GZZLUBST-move-03-04,,,,8,8,0,0
central-early-r10-s1-old-virtual,london-link-033-ba-2,940GZZLUBST-move-02-04,unique,Junction traffic,940GZZLUBST-move-07-04,,,,3,3,0,0
central-early-r10-s1-old-virtual,london-link-033-ba-2,940GZZLUBST-move-02-04,unique,Junction traffic,940GZZLUBST-road-out-04,,,exit,273,273,0,0
central-early-r10-s1-old-virtual,london-link-033-ba-2,940GZZLUBST-move-02-04,unique,Junction traffic,london-link-017-ab-2,,,,51,51,0,0
central-early-r10-s1-old-virtual,london-link-033-ba-2,940GZZLUBST-move-02-04,unique,Junction traffic,london-link-033-ba-2,,,,1,1,0,0
central-early-r10-s1-old-virtual,london-link-033-ba-2,940GZZLUBST-move-02-04,unique,Junction traffic,london-link-034-ba-2,,,,2,2,0,0
central-early-r10-s1-old-virtual,london-link-033-ba-2,940GZZLUBST-move-02-04,unique,Junction traffic,london-link-035-ab-1,,,,433,433,0,0
central-early-r10-s1-old-virtual,london-link-033-ba-2,940GZZLUBST-move-02-04,unique,Pod ahead,london-link-033-ba-2,,,,61,61,0,0
central-early-r10-s1-old-virtual,london-link-033-ba-2,940GZZLUBST-move-02-04,unique,Pod ahead,london-link-035-ab-1,,,,206,206,0,0
central-early-r10-s1-old-virtual,london-link-034-ba-2,940GZZLUBST-move-03-02,unique,Junction traffic,940GZZLUBST-move-01-02,,,,10,0,10,0
central-early-r10-s1-old-virtual,london-link-034-ba-2,940GZZLUBST-move-03-02,unique,Junction traffic,940GZZLUBST-move-04-02,,,,49,0,49,0
central-early-r10-s1-old-virtual,london-link-034-ba-2,940GZZLUBST-move-03-02,unique,Junction traffic,london-link-017-ab-2,,,,5,0,5,0
central-early-r10-s1-old-virtual,london-link-034-ba-2,940GZZLUBST-move-03-02,unique,Junction traffic,london-link-033-ab-1,,,,20,0,20,0
central-early-r10-s1-old-virtual,london-link-034-ba-2,940GZZLUBST-move-03-02,unique,Junction traffic,london-link-035-ba-2,,,,15,0,15,0
central-early-r10-s1-old-virtual,london-link-034-ba-2,940GZZLUBST-move-03-02,unique,Pod ahead,london-link-033-ab-1,,,,8,0,8,0
central-early-r10-s1-old-virtual,london-link-034-ba-2,940GZZLUBST-move-03-04,unique,Junction traffic,940GZZLUBST-move-02-04,,,,8,0,8,0
central-early-r10-s1-old-virtual,london-link-034-ba-2,940GZZLUBST-move-03-04,unique,Junction traffic,london-link-033-ba-2,,,,4,0,4,0
central-early-r10-s1-old-virtual,london-link-034-ba-2,940GZZLUBST-move-03-04,unique,Junction traffic,london-link-035-ab-1,,,,3,0,3,0
central-early-r10-s1-old-virtual,london-link-034-ba-2,940GZZLUBST-move-03-04,unique,Pod ahead,london-link-035-ab-1,,,,3,0,3,0
central-early-r10-s1-old-virtual,london-link-035-ba-2,940GZZLUBST-move-04-02,unique,Junction traffic,940GZZLUBST-move-01-02,,,,1759,0,1759,0
central-early-r10-s1-old-virtual,london-link-035-ba-2,940GZZLUBST-move-04-02,unique,Junction traffic,940GZZLUBST-move-03-02,,,,20,0,20,0
central-early-r10-s1-old-virtual,london-link-035-ba-2,940GZZLUBST-move-04-02,unique,Junction traffic,940GZZLUBST-move-04-02,,,,1351,0,1351,0
central-early-r10-s1-old-virtual,london-link-035-ba-2,940GZZLUBST-move-04-02,unique,Junction traffic,940GZZLUBST-move-04-03,,,,17,0,17,0
central-early-r10-s1-old-virtual,london-link-035-ba-2,940GZZLUBST-move-04-02,unique,Junction traffic,940GZZLUBST-move-07-02,,,,3,0,3,0
central-early-r10-s1-old-virtual,london-link-035-ba-2,940GZZLUBST-move-04-02,unique,Junction traffic,940GZZLUBST-road-in-04,,,approach,32,0,32,0
central-early-r10-s1-old-virtual,london-link-035-ba-2,940GZZLUBST-move-04-02,unique,Junction traffic,london-link-017-ab-2,,,,620,0,620,0
central-early-r10-s1-old-virtual,london-link-035-ba-2,940GZZLUBST-move-04-02,unique,Junction traffic,london-link-033-ab-1,,,,1353,0,1353,0
central-early-r10-s1-old-virtual,london-link-035-ba-2,940GZZLUBST-move-04-02,unique,Junction traffic,london-link-034-ba-2,,,,23,0,23,0
central-early-r10-s1-old-virtual,london-link-035-ba-2,940GZZLUBST-move-04-02,unique,Junction traffic,london-link-038-ba-2,,,,6,0,6,0
central-early-r10-s1-old-virtual,london-link-035-ba-2,940GZZLUBST-move-04-02,unique,Pod ahead,london-link-033-ab-1,,,,493,0,493,0
central-early-r10-s1-old-virtual,london-link-035-ba-2,940GZZLUBST-move-04-02,unique,Pod ahead,london-link-035-ba-2,,,,2841,0,2841,0
central-early-r10-s1-old-virtual,london-link-035-ba-2,940GZZLUBST-move-04-03,unique,Junction traffic,940GZZLUBST-move-04-02,,,,28,0,28,0
central-early-r10-s1-old-virtual,london-link-035-ba-2,940GZZLUBST-move-04-03,unique,Junction traffic,940GZZLUBST-road-in-04,,,approach,7,0,7,0
central-early-r10-s1-old-virtual,london-link-035-ba-2,940GZZLUBST-move-04-03,unique,Pod ahead,london-link-035-ba-2,,,,49,0,49,0
central-early-r10-s1-old-virtual,london-link-035-ba-2,940GZZLUBST-road-in-04,unique,Junction traffic,940GZZLUBST-access-in,,,entry,5,0,5,0
central-early-r10-s1-old-virtual,london-link-035-ba-2,940GZZLUBST-road-in-04,unique,Junction traffic,940GZZLUBST-move-04-02,,,,101,0,101,0
central-early-r10-s1-old-virtual,london-link-035-ba-2,940GZZLUBST-road-in-04,unique,Junction traffic,940GZZLUBST-road-in-04,,,approach,8,0,8,0
central-early-r10-s1-old-virtual,london-link-035-ba-2,940GZZLUBST-road-in-04,unique,Pod ahead,940GZZLUBST-access-in,,,entry,4,0,4,0
central-early-r10-s1-old-virtual,london-link-035-ba-2,940GZZLUBST-road-in-04,unique,Pod ahead,london-link-035-ba-2,,,,127,0,127,0
central-early-r10-s1-old-virtual,london-link-038-ba-2,940GZZLUBST-move-07-02,unique,Junction traffic,940GZZLUBST-move-01-02,,,,8,0,8,0
central-early-r10-s1-old-virtual,london-link-038-ba-2,940GZZLUBST-move-07-02,unique,Junction traffic,940GZZLUBST-move-04-02,,,,18,0,18,0
central-early-r10-s1-old-virtual,london-link-038-ba-2,940GZZLUBST-move-07-02,unique,Junction traffic,london-link-017-ab-2,,,,6,0,6,0
central-early-r10-s1-old-virtual,london-link-038-ba-2,940GZZLUBST-move-07-02,unique,Junction traffic,london-link-033-ab-1,,,,13,0,13,0
central-early-r10-s1-old-virtual,london-link-038-ba-2,940GZZLUBST-move-07-02,unique,Junction traffic,london-link-035-ba-2,,,,10,0,10,0
central-early-r10-s1-old-virtual,london-link-038-ba-2,940GZZLUBST-move-07-02,unique,Pod ahead,london-link-033-ab-1,,,,1,0,1,0
central-early-r10-s1-old-virtual,london-link-038-ba-2,940GZZLUBST-move-07-04,unique,Junction traffic,940GZZLUBST-move-02-04,,,,8,0,8,0
central-early-r10-s1-old-virtual,london-link-038-ba-2,940GZZLUBST-move-07-04,unique,Junction traffic,london-link-033-ba-2,,,,1,0,1,0
central-early-r10-s1-old-virtual,london-link-038-ba-2,940GZZLUBST-move-07-04,unique,Junction traffic,london-link-035-ab-1,,,,2,0,2,0
central-early-r10-s1-old-virtual,london-link-038-ba-2,940GZZLUBST-move-07-04,unique,Pod ahead,london-link-035-ab-1,,,,1,0,1,0
central-early-r10-s1-old-virtual,london-link-043-ab-2,940GZZLUKSX-move-02-03,unique,Junction traffic,940GZZLUKSX-move-05-03,,,,13,0,13,0
central-early-r10-s1-old-virtual,london-link-043-ab-2,940GZZLUKSX-move-02-03,unique,Junction traffic,london-link-069-ba-1,,,,8,0,8,0
central-early-r10-s1-old-virtual,london-link-043-ab-2,940GZZLUKSX-move-02-03,unique,Junction traffic,london-link-074-ab-2,,,,5,0,5,0
central-early-r10-s1-old-virtual,london-link-043-ab-2,940GZZLUKSX-move-02-03,unique,Pod ahead,london-link-069-ba-1,,,,2,0,2,0
central-early-r10-s1-old-virtual,london-link-045-ab-2,940GZZLULSQ-road-in-01,unique,Junction traffic,940GZZLULSQ-access-in,,,entry,12,0,12,0
central-early-r10-s1-old-virtual,london-link-045-ab-2,940GZZLULSQ-road-in-01,unique,Junction traffic,940GZZLULSQ-road-in-01,,,approach,2,0,2,0
central-early-r10-s1-old-virtual,london-link-045-ab-2,940GZZLULSQ-road-in-01,unique,Junction traffic,940GZZLULSQ-road-in-02,,,approach,3,0,3,0
central-early-r10-s1-old-virtual,london-link-045-ab-2,940GZZLULSQ-road-in-01,unique,Pod ahead,940GZZLULSQ-access-in,,,entry,6,0,6,0
central-early-r10-s1-old-virtual,london-link-048-ba-2,940GZZLUCHX-move-01-02,unique,Junction traffic,940GZZLUCHX-move-01-03,,,,1,0,1,0
central-early-r10-s1-old-virtual,london-link-049-ab-2,940GZZLULSQ-road-in-02,unique,Junction traffic,940GZZLULSQ-access-in,,,entry,2,2,0,0
central-early-r10-s1-old-virtual,london-link-049-ab-2,940GZZLULSQ-road-in-02,unique,Pod ahead,940GZZLULSQ-access-in,,,entry,1,1,0,0
central-early-r10-s1-old-virtual,london-link-055-ab-2,940GZZLUKNG-move-01-02,unique,Pod ahead,940GZZLUKNG-move-01-02,,,,5,0,5,0
central-early-r10-s1-old-virtual,london-link-063-ab-2,940GZZLUWLO-move-02-03,unique,Junction traffic,940GZZLUWLO-access-out,,,exit,15,15,0,0
central-early-r10-s1-old-virtual,london-link-063-ab-2,940GZZLUWLO-move-02-03,unique,Junction traffic,940GZZLUWLO-move-02-03,,,,17,17,0,0
central-early-r10-s1-old-virtual,london-link-063-ab-2,940GZZLUWLO-move-02-03,unique,Junction traffic,940GZZLUWLO-road-out-03,,,exit,157,157,0,0
central-early-r10-s1-old-virtual,london-link-063-ab-2,940GZZLUWLO-move-02-03,unique,Junction traffic,london-link-099-ba-1,,,,107,107,0,0
central-early-r10-s1-old-virtual,london-link-063-ab-2,940GZZLUWLO-move-02-03,unique,Pod ahead,london-link-099-ba-1,,,,72,72,0,0
central-early-r10-s1-old-virtual,london-link-063-ab-2,940GZZLUWLO-road-in-02,unique,Junction traffic,940GZZLUWLO-move-02-03,,,,4,0,4,0
central-early-r10-s1-old-virtual,london-link-063-ba-2,940GZZLUEMB-move-03-01,unique,Junction traffic,940GZZLUEMB-move-02-01,,,,5,0,5,0
central-early-r10-s1-old-virtual,london-link-063-ba-2,940GZZLUEMB-move-03-01,unique,Junction traffic,940GZZLUEMB-move-03-01,,,,41,5,36,0
central-early-r10-s1-old-virtual,london-link-063-ba-2,940GZZLUEMB-move-03-01,unique,Junction traffic,940GZZLUEMB-road-out-01,,,exit,18,8,10,0
central-early-r10-s1-old-virtual,london-link-063-ba-2,940GZZLUEMB-move-03-01,unique,Junction traffic,london-link-048-ba-1,,,,26,4,22,0
central-early-r10-s1-old-virtual,london-link-063-ba-2,940GZZLUEMB-move-03-01,unique,Pod ahead,london-link-048-ba-1,,,,22,2,20,0
central-early-r10-s1-old-virtual,london-link-063-ba-2,940GZZLUEMB-road-in-03,unique,Junction traffic,940GZZLUEMB-access-in,,,entry,2,2,0,0
central-early-r10-s1-old-virtual,london-link-063-ba-2,940GZZLUEMB-road-in-03,unique,Pod ahead,940GZZLUEMB-access-in,,,entry,1,1,0,0
central-early-r10-s1-old-virtual,london-link-067-ab-2,940GZZLUPAC-move-03-04,unique,Junction traffic,940GZZLUPAC-road-in-03,,,approach,11,0,11,0
central-early-r10-s1-old-virtual,london-link-067-ab-2,940GZZLUPAC-move-03-04,unique,Pod ahead,london-link-067-ab-2,,,,83,0,83,0
central-early-r10-s1-old-virtual,london-link-067-ab-2,940GZZLUPAC-road-in-03,unique,Junction traffic,940GZZLUPAC-access-in,,,entry,2215,0,2215,0
central-early-r10-s1-old-virtual,london-link-067-ab-2,940GZZLUPAC-road-in-03,unique,Junction traffic,940GZZLUPAC-move-03-04,,,,11,0,11,0
central-early-r10-s1-old-virtual,london-link-067-ab-2,940GZZLUPAC-road-in-03,unique,Junction traffic,940GZZLUPAC-road-in-03,,,approach,5574,0,5574,0
central-early-r10-s1-old-virtual,london-link-067-ab-2,940GZZLUPAC-road-in-03,unique,Junction traffic,london-link-067-ab-2,,,,55,0,55,0
central-early-r10-s1-old-virtual,london-link-067-ab-2,940GZZLUPAC-road-in-03,unique,Pod ahead,940GZZLUPAC-access-in,,,entry,984,0,984,0
central-early-r10-s1-old-virtual,london-link-067-ab-2,940GZZLUPAC-road-in-03,unique,Pod ahead,london-link-067-ab-2,,,,20403,0,20403,0
central-early-r10-s1-old-virtual,london-link-068-ab-2,940GZZLUGPS-move-02-01,unique,Junction traffic,940GZZLUGPS-road-in-02,,,approach,11,0,11,0
central-early-r10-s1-old-virtual,london-link-069-ab-2,940GZZLUKSX-move-03-05,unique,Junction traffic,940GZZLUKSX-move-03-05,,,,634,634,0,0
central-early-r10-s1-old-virtual,london-link-069-ab-2,940GZZLUKSX-move-03-05,unique,Junction traffic,940GZZLUKSX-road-in-03,,,approach,34,34,0,0
central-early-r10-s1-old-virtual,london-link-069-ab-2,940GZZLUKSX-move-03-05,unique,Junction traffic,london-link-069-ab-2,,,,23,23,0,0
central-early-r10-s1-old-virtual,london-link-069-ab-2,940GZZLUKSX-move-03-05,unique,Junction traffic,london-link-074-ba-1,,,,633,633,0,0
central-early-r10-s1-old-virtual,london-link-069-ab-2,940GZZLUKSX-move-03-05,unique,Pod ahead,london-link-069-ab-2,,,,1618,1618,0,0
central-early-r10-s1-old-virtual,london-link-069-ab-2,940GZZLUKSX-move-03-05,unique,Pod ahead,london-link-074-ba-1,,,,379,379,0,0
central-early-r10-s1-old-virtual,london-link-069-ab-2,940GZZLUKSX-road-in-03,unique,Junction traffic,940GZZLUKSX-move-03-05,,,,17,17,0,0
central-early-r10-s1-old-virtual,london-link-069-ab-2,940GZZLUKSX-road-in-03,unique,Pod ahead,london-link-069-ab-2,,,,17,17,0,0
central-early-r10-s1-old-virtual,london-link-069-ba-2,940GZZLUESQ-move-02-01,unique,Junction traffic,940GZZLUESQ-road-in-02,,,approach,59,0,59,0
central-early-r10-s1-old-virtual,london-link-069-ba-2,940GZZLUESQ-move-02-01,unique,Pod ahead,london-link-069-ba-2,,,,3,0,3,0
central-early-r10-s1-old-virtual,london-link-069-ba-2,940GZZLUESQ-road-in-02,unique,Junction traffic,940GZZLUESQ-move-02-01,,,,2,0,2,0
central-early-r10-s1-old-virtual,london-link-069-ba-2,940GZZLUESQ-road-in-02,unique,Junction traffic,940GZZLUESQ-road-in-02,,,approach,1,0,1,0
central-early-r10-s1-old-virtual,london-link-069-ba-2,940GZZLUESQ-road-in-02,unique,Pod ahead,940GZZLUESQ-road-in-02,,,approach,1,0,1,0
central-early-r10-s1-old-virtual,london-link-070-ab-2,940GZZLUKSX-move-04-03,unique,Junction traffic,940GZZLUKSX-move-05-03,,,,21,0,21,0
central-early-r10-s1-old-virtual,london-link-070-ab-2,940GZZLUKSX-move-04-03,unique,Junction traffic,940GZZLUKSX-move-07-03,,,,6,0,6,0
central-early-r10-s1-old-virtual,london-link-070-ab-2,940GZZLUKSX-move-04-03,unique,Junction traffic,london-link-069-ba-1,,,,14,0,14,0
central-early-r10-s1-old-virtual,london-link-070-ab-2,940GZZLUKSX-move-04-03,unique,Junction traffic,london-link-074-ab-2,,,,6,0,6,0
central-early-r10-s1-old-virtual,london-link-070-ab-2,940GZZLUKSX-move-04-03,unique,Junction traffic,london-link-101-ba-2,,,,4,0,4,0
central-early-r10-s1-old-virtual,london-link-070-ab-2,940GZZLUKSX-move-04-03,unique,Pod ahead,london-link-069-ba-1,,,,3,0,3,0
central-early-r10-s1-old-virtual,london-link-074-ab-2,940GZZLUKSX-move-05-03,unique,Junction traffic,940GZZLUKSX-access-out,,,exit,87,0,87,0
central-early-r10-s1-old-virtual,london-link-074-ab-2,940GZZLUKSX-move-05-03,unique,Junction traffic,940GZZLUKSX-move-02-03,,,,7,0,7,0
central-early-r10-s1-old-virtual,london-link-074-ab-2,940GZZLUKSX-move-05-03,unique,Junction traffic,940GZZLUKSX-move-04-03,,,,5,0,5,0
central-early-r10-s1-old-virtual,london-link-074-ab-2,940GZZLUKSX-move-05-03,unique,Junction traffic,940GZZLUKSX-move-05-03,,,,1460,0,1460,0
central-early-r10-s1-old-virtual,london-link-074-ab-2,940GZZLUKSX-move-05-03,unique,Junction traffic,940GZZLUKSX-move-05-04,,,,11,0,11,0
central-early-r10-s1-old-virtual,london-link-074-ab-2,940GZZLUKSX-move-05-03,unique,Junction traffic,940GZZLUKSX-move-05-07,,,,90,0,90,0
central-early-r10-s1-old-virtual,london-link-074-ab-2,940GZZLUKSX-move-05-03,unique,Junction traffic,940GZZLUKSX-move-06-03,,,,28,0,28,0
central-early-r10-s1-old-virtual,london-link-074-ab-2,940GZZLUKSX-move-05-03,unique,Junction traffic,940GZZLUKSX-move-07-03,,,,170,0,170,0
central-early-r10-s1-old-virtual,london-link-074-ab-2,940GZZLUKSX-move-05-03,unique,Junction traffic,940GZZLUKSX-road-out-03,,,exit,179,0,179,0
central-early-r10-s1-old-virtual,london-link-074-ab-2,940GZZLUKSX-move-05-03,unique,Junction traffic,london-link-043-ab-2,,,,6,0,6,0
central-early-r10-s1-old-virtual,london-link-074-ab-2,940GZZLUKSX-move-05-03,unique,Junction traffic,london-link-069-ba-1,,,,965,0,965,0
central-early-r10-s1-old-virtual,london-link-074-ab-2,940GZZLUKSX-move-05-03,unique,Junction traffic,london-link-070-ab-2,,,,11,0,11,0
central-early-r10-s1-old-virtual,london-link-074-ab-2,940GZZLUKSX-move-05-03,unique,Junction traffic,london-link-074-ab-2,,,,15,0,15,0
central-early-r10-s1-old-virtual,london-link-074-ab-2,940GZZLUKSX-move-05-03,unique,Junction traffic,london-link-088-ab-2,,,,12,0,12,0
central-early-r10-s1-old-virtual,london-link-074-ab-2,940GZZLUKSX-move-05-03,unique,Junction traffic,london-link-101-ba-2,,,,116,0,116,0
central-early-r10-s1-old-virtual,london-link-074-ab-2,940GZZLUKSX-move-05-03,unique,Pod ahead,london-link-069-ba-1,,,,502,0,502,0
central-early-r10-s1-old-virtual,london-link-074-ab-2,940GZZLUKSX-move-05-03,unique,Pod ahead,london-link-074-ab-2,,,,4935,0,4935,0
central-early-r10-s1-old-virtual,london-link-074-ab-2,940GZZLUKSX-move-05-04,unique,Junction traffic,940GZZLUKSX-move-05-03,,,,16,0,16,0
central-early-r10-s1-old-virtual,london-link-074-ab-2,940GZZLUKSX-move-05-04,unique,Pod ahead,london-link-074-ab-2,,,,1,0,1,0
central-early-r10-s1-old-virtual,london-link-074-ab-2,940GZZLUKSX-move-05-07,unique,Junction traffic,940GZZLUKSX-move-05-03,,,,189,0,189,0
central-early-r10-s1-old-virtual,london-link-074-ab-2,940GZZLUKSX-move-05-07,unique,Junction traffic,940GZZLUKSX-move-05-07,,,,5,0,5,0
central-early-r10-s1-old-virtual,london-link-074-ab-2,940GZZLUKSX-move-05-07,unique,Junction traffic,london-link-101-ab-1,,,,2,0,2,0
central-early-r10-s1-old-virtual,london-link-074-ab-2,940GZZLUKSX-move-05-07,unique,Pod ahead,london-link-074-ab-2,,,,276,0,276,0
central-early-r10-s1-old-virtual,london-link-074-ab-2,940GZZLUKSX-move-05-07,unique,Pod ahead,london-link-101-ab-1,,,,1,0,1,0
central-early-r10-s1-old-virtual,london-link-074-ab-2,940GZZLUKSX-road-in-05,unique,Junction traffic,940GZZLUKSX-move-05-03,,,,2,0,2,0
central-early-r10-s1-old-virtual,london-link-074-ba-2,940GZZLUFCN-move-02-01,unique,Junction traffic,940GZZLUFCN-road-in-02,,,approach,20,20,0,0
central-early-r10-s1-old-virtual,london-link-074-ba-2,940GZZLUFCN-move-02-01,unique,Pod ahead,london-link-074-ba-2,,,,1,1,0,0
central-early-r10-s1-old-virtual,london-link-088-ab-2,940GZZLUKSX-move-06-03,unique,Junction traffic,940GZZLUKSX-move-05-03,,,,27,0,27,0
central-early-r10-s1-old-virtual,london-link-088-ab-2,940GZZLUKSX-move-06-03,unique,Junction traffic,940GZZLUKSX-move-06-03,,,,8,0,8,0
central-early-r10-s1-old-virtual,london-link-088-ab-2,940GZZLUKSX-move-06-03,unique,Junction traffic,london-link-069-ba-1,,,,17,0,17,0
central-early-r10-s1-old-virtual,london-link-088-ab-2,940GZZLUKSX-move-06-03,unique,Junction traffic,london-link-074-ab-2,,,,15,0,15,0
central-early-r10-s1-old-virtual,london-link-088-ab-2,940GZZLUKSX-move-06-03,unique,Pod ahead,london-link-069-ba-1,,,,7,0,7,0
central-early-r10-s1-old-virtual,london-link-088-ab-2,940GZZLUKSX-move-06-03,unique,Pod ahead,london-link-088-ab-2,,,,8,0,8,0
central-early-r10-s1-old-virtual,london-link-099-ab-2,940GZZLUWLO-move-03-02,unique,Junction traffic,940GZZLUWLO-access-out,,,exit,12,0,12,0
central-early-r10-s1-old-virtual,london-link-099-ab-2,940GZZLUWLO-move-03-02,unique,Junction traffic,940GZZLUWLO-move-01-02,,,,24,0,24,0
central-early-r10-s1-old-virtual,london-link-099-ab-2,940GZZLUWLO-move-03-02,unique,Junction traffic,940GZZLUWLO-move-03-02,,,,26,0,26,0
central-early-r10-s1-old-virtual,london-link-099-ab-2,940GZZLUWLO-move-03-02,unique,Junction traffic,940GZZLUWLO-move-05-02,,,,13,7,6,0
central-early-r10-s1-old-virtual,london-link-099-ab-2,940GZZLUWLO-move-03-02,unique,Junction traffic,940GZZLUWLO-road-in-03,,,approach,2,0,2,0
central-early-r10-s1-old-virtual,london-link-099-ab-2,940GZZLUWLO-move-03-02,unique,Junction traffic,940GZZLUWLO-road-out-02,,,exit,25,7,18,0
central-early-r10-s1-old-virtual,london-link-099-ab-2,940GZZLUWLO-move-03-02,unique,Junction traffic,london-link-027-ab-2,,,,16,0,16,0
central-early-r10-s1-old-virtual,london-link-099-ab-2,940GZZLUWLO-move-03-02,unique,Junction traffic,london-link-063-ba-1,,,,64,10,54,0
central-early-r10-s1-old-virtual,london-link-099-ab-2,940GZZLUWLO-move-03-02,unique,Junction traffic,london-link-126-ab-2,,,,5,5,0,0
central-early-r10-s1-old-virtual,london-link-099-ab-2,940GZZLUWLO-move-03-02,unique,Pod ahead,london-link-063-ba-1,,,,52,7,45,0
central-early-r10-s1-old-virtual,london-link-099-ab-2,940GZZLUWLO-move-03-02,unique,Pod ahead,london-link-099-ab-2,,,,5,0,5,0
central-early-r10-s1-old-virtual,london-link-099-ab-2,940GZZLUWLO-road-in-03,unique,Junction traffic,940GZZLUWLO-access-in,,,entry,7,6,1,0
central-early-r10-s1-old-virtual,london-link-099-ab-2,940GZZLUWLO-road-in-03,unique,Junction traffic,940GZZLUWLO-road-in-01,,,approach,3,3,0,0
central-early-r10-s1-old-virtual,london-link-099-ab-2,940GZZLUWLO-road-in-03,unique,Pod ahead,940GZZLUWLO-access-in,,,entry,7,5,2,0
central-early-r10-s1-old-virtual,london-link-099-ba-2,940GZZLUKNG-move-03-02,unique,Junction traffic,940GZZLUKNG-move-01-02,,,,8,8,0,0
central-early-r10-s1-old-virtual,london-link-099-ba-2,940GZZLUKNG-move-03-02,unique,Junction traffic,940GZZLUKNG-move-03-02,,,,62,62,0,0
central-early-r10-s1-old-virtual,london-link-099-ba-2,940GZZLUKNG-move-03-02,unique,Junction traffic,london-link-098-ab-1,,,,49,49,0,0
central-early-r10-s1-old-virtual,london-link-099-ba-2,940GZZLUKNG-move-03-02,unique,Pod ahead,london-link-098-ab-1,,,,26,26,0,0
central-early-r10-s1-old-virtual,london-link-099-ba-2,940GZZLUKNG-move-03-02,unique,Pod ahead,london-link-099-ba-2,,,,4,4,0,0
central-early-r10-s1-old-virtual,london-link-101-ba-2,940GZZLUKSX-move-07-03,unique,Junction traffic,940GZZLUKSX-move-04-03,,,,2,0,2,0
central-early-r10-s1-old-virtual,london-link-101-ba-2,940GZZLUKSX-move-07-03,unique,Junction traffic,940GZZLUKSX-move-05-03,,,,223,0,223,0
central-early-r10-s1-old-virtual,london-link-101-ba-2,940GZZLUKSX-move-07-03,unique,Junction traffic,940GZZLUKSX-move-07-03,,,,5,0,5,0
central-early-r10-s1-old-virtual,london-link-101-ba-2,940GZZLUKSX-move-07-03,unique,Junction traffic,london-link-069-ba-1,,,,97,0,97,0
central-early-r10-s1-old-virtual,london-link-101-ba-2,940GZZLUKSX-move-07-03,unique,Junction traffic,london-link-070-ab-2,,,,6,0,6,0
central-early-r10-s1-old-virtual,london-link-101-ba-2,940GZZLUKSX-move-07-03,unique,Junction traffic,london-link-074-ab-2,,,,85,0,85,0
central-early-r10-s1-old-virtual,london-link-101-ba-2,940GZZLUKSX-move-07-03,unique,Pod ahead,london-link-069-ba-1,,,,40,0,40,0
central-early-r10-s1-old-virtual,london-link-101-ba-2,940GZZLUKSX-road-in-07,unique,Pod ahead,940GZZLUKSX-access-in,,,entry,1,1,0,0
central-early-r10-s1-old-virtual,london-link-102-ab-2,940GZZLUWLO-move-04-02,unique,Junction traffic,940GZZLUWLO-move-03-02,,,,7,0,7,0
central-early-r10-s1-old-virtual,london-link-102-ab-2,940GZZLUWLO-move-04-02,unique,Junction traffic,london-link-063-ba-1,,,,2,0,2,0
central-early-r10-s1-old-virtual,london-link-102-ab-2,940GZZLUWLO-move-04-02,unique,Pod ahead,london-link-063-ba-1,,,,1,0,1,0
central-early-r10-s1-old-virtual,london-link-108-ba-2,940GZZLULVT-move-05-02,unique,Junction traffic,940GZZLULVT-move-05-02,,,,19,19,0,0
central-early-r10-s1-old-virtual,london-link-108-ba-2,940GZZLULVT-move-05-02,unique,Junction traffic,940GZZLULVT-road-in-05,,,approach,16,16,0,0
central-early-r10-s1-old-virtual,london-link-108-ba-2,940GZZLULVT-move-05-02,unique,Junction traffic,london-link-007-ba-1,,,,8,8,0,0
central-early-r10-s1-old-virtual,london-link-108-ba-2,940GZZLULVT-move-05-02,unique,Pod ahead,london-link-007-ba-1,,,,6,6,0,0
central-early-r10-s1-old-virtual,london-link-108-ba-2,940GZZLULVT-move-05-02,unique,Pod ahead,london-link-108-ba-2,,,,16,16,0,0
central-early-r10-s1-old-virtual,london-link-108-ba-2,940GZZLULVT-road-in-05,unique,Junction traffic,940GZZLULVT-access-in,,,entry,167,167,0,0
central-early-r10-s1-old-virtual,london-link-108-ba-2,940GZZLULVT-road-in-05,unique,Junction traffic,940GZZLULVT-move-05-02,,,,124,124,0,0
central-early-r10-s1-old-virtual,london-link-108-ba-2,940GZZLULVT-road-in-05,unique,Junction traffic,940GZZLULVT-road-in-05,,,approach,184,184,0,0
central-early-r10-s1-old-virtual,london-link-108-ba-2,940GZZLULVT-road-in-05,unique,Pod ahead,940GZZLULVT-access-in,,,entry,79,79,0,0
central-early-r10-s1-old-virtual,london-link-108-ba-2,940GZZLULVT-road-in-05,unique,Pod ahead,london-link-108-ba-2,,,,35,35,0,0
central-early-r10-s1-old-virtual,london-link-112-ba-2,940GZZLUOXC-move-03-01,unique,Junction traffic,940GZZLUOXC-move-03-01,,,,24,0,24,0
central-early-r10-s1-old-virtual,london-link-112-ba-2,940GZZLUOXC-move-03-01,unique,Junction traffic,940GZZLUOXC-move-05-01,,,,106,0,106,0
central-early-r10-s1-old-virtual,london-link-112-ba-2,940GZZLUOXC-move-03-01,unique,Junction traffic,london-link-020-ba-1,,,,66,0,66,0
central-early-r10-s1-old-virtual,london-link-112-ba-2,940GZZLUOXC-move-03-01,unique,Junction traffic,london-link-114-ba-2,,,,8,0,8,0
central-early-r10-s1-old-virtual,london-link-112-ba-2,940GZZLUOXC-move-03-01,unique,Pod ahead,london-link-020-ba-1,,,,32,0,32,0
central-early-r10-s1-old-virtual,london-link-114-ba-2,940GZZLUOXC-move-05-01,unique,Junction traffic,940GZZLUOXC-move-03-01,,,,125,0,125,0
central-early-r10-s1-old-virtual,london-link-114-ba-2,940GZZLUOXC-move-05-01,unique,Junction traffic,940GZZLUOXC-move-05-01,,,,15,0,15,0
central-early-r10-s1-old-virtual,london-link-114-ba-2,940GZZLUOXC-move-05-01,unique,Junction traffic,london-link-020-ba-1,,,,58,0,58,0
central-early-r10-s1-old-virtual,london-link-114-ba-2,940GZZLUOXC-move-05-01,unique,Junction traffic,london-link-112-ba-2,,,,5,0,5,0
central-early-r10-s1-old-virtual,london-link-114-ba-2,940GZZLUOXC-move-05-01,unique,Pod ahead,london-link-020-ba-1,,,,30,0,30,0
central-early-r10-s1-old-virtual,london-link-114-ba-2,940GZZLUOXC-move-05-01,unique,Pod ahead,london-link-114-ba-2,,,,19,0,19,0
central-early-r10-s1-old-virtual,london-link-116-ba-2,940GZZLUPAC-move-04-03,unique,Junction traffic,940GZZLUPAC-road-out-03,,,exit,11,11,0,0
central-early-r10-s1-old-virtual,london-link-116-ba-2,940GZZLUPAC-move-04-03,unique,Junction traffic,london-link-067-ba-1,,,,4,4,0,0
central-early-r10-s1-old-virtual,london-link-116-ba-2,940GZZLUPAC-move-04-03,unique,Pod ahead,london-link-067-ba-1,,,,2,2,0,0
central-early-r10-s1-old-virtual,london-link-126-ab-2,940GZZLUWLO-move-05-02,unique,Junction traffic,940GZZLUWLO-move-03-02,,,,24,0,24,0
central-early-r10-s1-old-virtual,london-link-126-ab-2,940GZZLUWLO-move-05-02,unique,Junction traffic,940GZZLUWLO-road-out-02,,,exit,6,0,6,0
central-early-r10-s1-old-virtual,london-link-126-ab-2,940GZZLUWLO-move-05-02,unique,Junction traffic,london-link-063-ba-1,,,,13,0,13,0
central-early-r10-s1-old-virtual,london-link-126-ab-2,940GZZLUWLO-move-05-02,unique,Pod ahead,london-link-063-ba-1,,,,6,0,6,0
central-early-r10-s1-old-virtual,london-link-126-ab-2,940GZZLUWLO-road-in-05,unique,Junction traffic,940GZZLUWLO-access-in,,,entry,2,0,2,0
central-early-r10-s1-old-virtual,london-link-126-ab-2,940GZZLUWLO-road-in-05,unique,Pod ahead,940GZZLUWLO-access-in,,,entry,1,0,1,0
central-early-r10-s1-current-virtual,940GZZLUBBN-move-01-02,london-link-010-ab-1,unique,Pod ahead,london-link-010-ab-1,,,,1,1,0,0
central-early-r10-s1-current-virtual,940GZZLUBBN-move-02-01,london-link-009-ab-1,unique,Junction traffic,940GZZLUBBN-road-out-01,,,exit,1,0,1,0
central-early-r10-s1-current-virtual,940GZZLUBBN-move-02-01,london-link-009-ab-1,unique,Junction traffic,london-link-009-ab-1,,,,3,0,3,0
central-early-r10-s1-current-virtual,940GZZLUBBN-move-02-01,london-link-009-ab-1,unique,Pod ahead,london-link-009-ab-1,,,,6,0,6,0
central-early-r10-s1-current-virtual,940GZZLUBBN-road-out-01,london-link-009-ab-1,unique,Junction traffic,london-link-009-ab-1,940GZZLUBBN,exit,,1,0,1,0
central-early-r10-s1-current-virtual,940GZZLUBBN-road-out-01,london-link-009-ab-1,unique,Pod ahead,london-link-009-ab-1,940GZZLUBBN,exit,,7,0,7,0
central-early-r10-s1-current-virtual,940GZZLUBBN-road-out-02,london-link-010-ab-1,unique,Pod ahead,london-link-010-ab-1,940GZZLUBBN,exit,,3,0,3,0
central-early-r10-s1-current-virtual,940GZZLUBND-move-04-01,london-link-017-ab-1,unique,Pod ahead,london-link-017-ab-1,,,,1,0,1,0
central-early-r10-s1-current-virtual,940GZZLUBNK-access-out,940GZZLUBNK-road-out-05,unique,Junction traffic,940GZZLUBNK-move-03-05,940GZZLUBNK,exit,,11,0,11,0
central-early-r10-s1-current-virtual,940GZZLUBNK-access-out,940GZZLUBNK-road-out-05,unique,Junction traffic,940GZZLUBNK-move-04-05,940GZZLUBNK,exit,,3,0,3,0
central-early-r10-s1-current-virtual,940GZZLUBNK-access-out,940GZZLUBNK-road-out-05,unique,Junction traffic,940GZZLUBNK-move-06-05,940GZZLUBNK,exit,,2,0,2,0
central-early-r10-s1-current-virtual,940GZZLUBNK-access-out,940GZZLUBNK-road-out-05,unique,Junction traffic,940GZZLUBNK-road-out-05,940GZZLUBNK,exit,exit,1,0,1,0
central-early-r10-s1-current-virtual,940GZZLUBNK-access-out,940GZZLUBNK-road-out-05,unique,Junction traffic,london-link-024-ba-2,940GZZLUBNK,exit,,6,0,6,0
central-early-r10-s1-current-virtual,940GZZLUBNK-access-out,940GZZLUBNK-road-out-05,unique,Junction traffic,london-link-025-ab-1,940GZZLUBNK,exit,,19,0,19,0
central-early-r10-s1-current-virtual,940GZZLUBNK-access-out,940GZZLUBNK-road-out-05,unique,Pod ahead,london-link-025-ab-1,940GZZLUBNK,exit,,7,0,7,0
central-early-r10-s1-current-virtual,940GZZLUBST-access-out,940GZZLUBST-road-out-04,unique,Junction traffic,940GZZLUBST-move-01-04,940GZZLUBST,exit,,9,9,0,0
central-early-r10-s1-current-virtual,940GZZLUBST-access-out,940GZZLUBST-road-out-04,unique,Junction traffic,940GZZLUBST-move-02-04,940GZZLUBST,exit,,206,206,0,0
central-early-r10-s1-current-virtual,940GZZLUBST-access-out,940GZZLUBST-road-out-04,unique,Junction traffic,940GZZLUBST-road-out-04,940GZZLUBST,exit,exit,3,3,0,0
central-early-r10-s1-current-virtual,940GZZLUBST-access-out,940GZZLUBST-road-out-04,unique,Junction traffic,london-link-017-ab-2,940GZZLUBST,exit,,5,5,0,0
central-early-r10-s1-current-virtual,940GZZLUBST-access-out,940GZZLUBST-road-out-04,unique,Junction traffic,london-link-033-ba-2,940GZZLUBST,exit,,42,42,0,0
central-early-r10-s1-current-virtual,940GZZLUBST-access-out,940GZZLUBST-road-out-04,unique,Junction traffic,london-link-035-ab-1,940GZZLUBST,exit,,106,106,0,0
central-early-r10-s1-current-virtual,940GZZLUBST-access-out,940GZZLUBST-road-out-04,unique,Pod ahead,london-link-035-ab-1,940GZZLUBST,exit,,47,47,0,0
central-early-r10-s1-current-virtual,940GZZLUCHX-move-01-03,london-link-050-ab-1,unique,Junction traffic,940GZZLUCHX-road-out-03,,,exit,1,0,1,0
central-early-r10-s1-current-virtual,940GZZLUCHX-move-01-03,london-link-050-ab-1,unique,Junction traffic,london-link-050-ab-1,,,,2,0,2,0
central-early-r10-s1-current-virtual,940GZZLUCHX-move-01-03,london-link-050-ab-1,unique,Pod ahead,london-link-050-ab-1,,,,2,0,2,0
central-early-r10-s1-current-virtual,940GZZLUCHX-move-02-01,london-link-048-ab-1,unique,Junction traffic,london-link-048-ab-1,,,,1,1,0,0
central-early-r10-s1-current-virtual,940GZZLUCHX-move-02-01,london-link-048-ab-1,unique,Pod ahead,london-link-048-ab-1,,,,4,4,0,0
central-early-r10-s1-current-virtual,940GZZLUCHX-move-03-01,london-link-048-ab-1,unique,Junction traffic,london-link-048-ab-1,,,,1,1,0,0
central-early-r10-s1-current-virtual,940GZZLUCHX-move-03-01,london-link-048-ab-1,unique,Pod ahead,london-link-048-ab-1,,,,1,1,0,0
central-early-r10-s1-current-virtual,940GZZLUCHX-road-out-01,london-link-048-ab-1,unique,Junction traffic,940GZZLUCHX-move-02-01,940GZZLUCHX,exit,,2,2,0,0
central-early-r10-s1-current-virtual,940GZZLUCHX-road-out-01,london-link-048-ab-1,unique,Junction traffic,london-link-048-ab-1,940GZZLUCHX,exit,,9,9,0,0
central-early-r10-s1-current-virtual,940GZZLUCHX-road-out-01,london-link-048-ab-1,unique,Pod ahead,london-link-048-ab-1,940GZZLUCHX,exit,,5,5,0,0
central-early-r10-s1-current-virtual,940GZZLUEMB-access-out,940GZZLUEMB-road-out-01,unique,Junction traffic,940GZZLUEMB-move-03-01,940GZZLUEMB,exit,,6,0,6,0
central-early-r10-s1-current-virtual,940GZZLUEMB-access-out,940GZZLUEMB-road-out-01,unique,Junction traffic,london-link-048-ba-1,940GZZLUEMB,exit,,4,0,4,0
central-early-r10-s1-current-virtual,940GZZLUEMB-access-out,940GZZLUEMB-road-out-01,unique,Pod ahead,london-link-048-ba-1,940GZZLUEMB,exit,,2,0,2,0
central-early-r10-s1-current-virtual,940GZZLUEMB-access-out,940GZZLUEMB-road-out-03,unique,Pod ahead,london-link-063-ab-1,940GZZLUEMB,exit,,1,1,0,0
central-early-r10-s1-current-virtual,940GZZLUEMB-move-01-03,london-link-063-ab-1,unique,Junction traffic,940GZZLUEMB-road-out-03,,,exit,3,3,0,0
central-early-r10-s1-current-virtual,940GZZLUEMB-move-01-03,london-link-063-ab-1,unique,Junction traffic,london-link-063-ab-1,,,,10,10,0,0
central-early-r10-s1-current-virtual,940GZZLUEMB-move-01-03,london-link-063-ab-1,unique,Pod ahead,london-link-063-ab-1,,,,6,6,0,0
central-early-r10-s1-current-virtual,940GZZLUEMB-move-02-01,london-link-048-ba-1,unique,Junction traffic,940GZZLUEMB-move-03-01,,,,44,0,44,0
central-early-r10-s1-current-virtual,940GZZLUEMB-move-02-01,london-link-048-ba-1,unique,Junction traffic,london-link-048-ba-1,,,,17,0,17,0
central-early-r10-s1-current-virtual,940GZZLUEMB-move-02-01,london-link-048-ba-1,unique,Pod ahead,london-link-048-ba-1,,,,11,0,11,0
central-early-r10-s1-current-virtual,940GZZLUESQ-01-in,,last,Berth occupied,940GZZLUESQ-01-out,940GZZLUESQ,berth-access,departure,1,0,1,0
central-early-r10-s1-current-virtual,940GZZLUESQ-01-in,,last,Junction traffic,940GZZLUESQ-01-out,940GZZLUESQ,berth-access,departure,2,0,2,0
central-early-r10-s1-current-virtual,940GZZLUESQ-02-in,,last,Berth occupied,940GZZLUESQ-02-out,940GZZLUESQ,berth-access,departure,1,0,1,0
central-early-r10-s1-current-virtual,940GZZLUESQ-02-in,,last,Junction traffic,940GZZLUESQ-02-out,940GZZLUESQ,berth-access,departure,1,0,1,0
central-early-r10-s1-current-virtual,940GZZLUESQ-access-out,940GZZLUESQ-road-out-02,unique,Pod ahead,940GZZLUESQ-road-out-02,940GZZLUESQ,exit,exit,6,6,0,0
central-early-r10-s1-current-virtual,940GZZLUESQ-move-01-02,london-link-069-ab-1,unique,Junction traffic,940GZZLUESQ-road-out-02,,,exit,3,3,0,0
central-early-r10-s1-current-virtual,940GZZLUESQ-move-01-02,london-link-069-ab-1,unique,Junction traffic,london-link-069-ab-1,,,,13,13,0,0
central-early-r10-s1-current-virtual,940GZZLUESQ-move-01-02,london-link-069-ab-1,unique,Pod ahead,london-link-069-ab-1,,,,20,20,0,0
central-early-r10-s1-current-virtual,940GZZLUESQ-road-in-02,940GZZLUESQ-access-in,unique,Pod ahead,940GZZLUESQ-access-in,940GZZLUESQ,approach,entry,1,0,1,0
central-early-r10-s1-current-virtual,940GZZLUESQ-road-out-02,london-link-069-ab-1,unique,Junction traffic,940GZZLUESQ-move-01-02,940GZZLUESQ,exit,,6,6,0,0
central-early-r10-s1-current-virtual,940GZZLUESQ-road-out-02,london-link-069-ab-1,unique,Junction traffic,london-link-069-ab-1,940GZZLUESQ,exit,,13,13,0,0
central-early-r10-s1-current-virtual,940GZZLUESQ-road-out-02,london-link-069-ab-1,unique,Pod ahead,london-link-069-ab-1,940GZZLUESQ,exit,,20,20,0,0
central-early-r10-s1-current-virtual,940GZZLUFCN-move-01-02,london-link-074-ab-1,unique,Junction traffic,london-link-074-ab-1,,,,6,0,6,0
central-early-r10-s1-current-virtual,940GZZLUFCN-move-01-02,london-link-074-ab-1,unique,Pod ahead,london-link-074-ab-1,,,,14,0,14,0
central-early-r10-s1-current-virtual,940GZZLUFCN-move-02-01,london-link-009-ba-1,unique,Pod ahead,london-link-009-ba-1,,,,2,2,0,0
central-early-r10-s1-current-virtual,940GZZLUFCN-road-out-01,london-link-009-ba-1,unique,Pod ahead,london-link-009-ba-1,940GZZLUFCN,exit,,1,0,1,0
central-early-r10-s1-current-virtual,940GZZLUFCN-road-out-02,london-link-074-ab-1,unique,Pod ahead,london-link-074-ab-1,940GZZLUFCN,exit,,1,0,1,0
central-early-r10-s1-current-virtual,940GZZLUGPS-move-01-02,london-link-068-ba-1,unique,Pod ahead,london-link-068-ba-1,,,,2,2,0,0
central-early-r10-s1-current-virtual,940GZZLUGPS-road-out-02,london-link-068-ba-1,unique,Junction traffic,london-link-068-ba-1,940GZZLUGPS,exit,,2,2,0,0
central-early-r10-s1-current-virtual,940GZZLUGPS-road-out-02,london-link-068-ba-1,unique,Pod ahead,london-link-068-ba-1,940GZZLUGPS,exit,,5,5,0,0
central-early-r10-s1-current-virtual,940GZZLUHBN-move-03-01,london-link-044-ba-1,unique,Junction traffic,london-link-044-ba-1,,,,1,0,1,0
central-early-r10-s1-current-virtual,940GZZLUHBN-move-03-01,london-link-044-ba-1,unique,Pod ahead,london-link-044-ba-1,,,,1,0,1,0
central-early-r10-s1-current-virtual,940GZZLUKNG-move-01-02,london-link-098-ab-1,unique,Junction traffic,london-link-098-ab-1,,,,4,0,4,0
central-early-r10-s1-current-virtual,940GZZLUKNG-move-01-02,london-link-098-ab-1,unique,Pod ahead,london-link-098-ab-1,,,,2,0,2,0
central-early-r10-s1-current-virtual,940GZZLUKSX-02-departure-link,940GZZLUKSX-01-departure-link,unique,Pod ahead,940GZZLUKSX-01-departure-link,940GZZLUKSX,departure,departure,1,0,1,0
central-early-r10-s1-current-virtual,940GZZLUKSX-access-out,940GZZLUKSX-road-out-03,unique,Junction traffic,940GZZLUKSX-move-05-03,940GZZLUKSX,exit,,119,0,119,0
central-early-r10-s1-current-virtual,940GZZLUKSX-access-out,940GZZLUKSX-road-out-03,unique,Junction traffic,940GZZLUKSX-move-07-03,940GZZLUKSX,exit,,3,0,3,0
central-early-r10-s1-current-virtual,940GZZLUKSX-access-out,940GZZLUKSX-road-out-03,unique,Junction traffic,940GZZLUKSX-road-out-03,940GZZLUKSX,exit,exit,3,0,3,0
central-early-r10-s1-current-virtual,940GZZLUKSX-access-out,940GZZLUKSX-road-out-03,unique,Junction traffic,london-link-069-ba-1,940GZZLUKSX,exit,,55,0,55,0
central-early-r10-s1-current-virtual,940GZZLUKSX-access-out,940GZZLUKSX-road-out-03,unique,Junction traffic,london-link-074-ab-2,940GZZLUKSX,exit,,31,0,31,0
central-early-r10-s1-current-virtual,940GZZLUKSX-access-out,940GZZLUKSX-road-out-03,unique,Pod ahead,940GZZLUKSX-access-out,940GZZLUKSX,exit,exit,3,0,3,0
central-early-r10-s1-current-virtual,940GZZLUKSX-access-out,940GZZLUKSX-road-out-03,unique,Pod ahead,london-link-069-ba-1,940GZZLUKSX,exit,,24,0,24,0
central-early-r10-s1-current-virtual,940GZZLUKSX-road-in-07,940GZZLUKSX-access-in,unique,Junction traffic,940GZZLUKSX-access-in,940GZZLUKSX,approach,entry,2,2,0,0
central-early-r10-s1-current-virtual,940GZZLUKSX-road-in-07,940GZZLUKSX-access-in,unique,Junction traffic,940GZZLUKSX-road-in-03,940GZZLUKSX,approach,approach,6,6,0,0
central-early-r10-s1-current-virtual,940GZZLUKSX-road-in-07,940GZZLUKSX-access-in,unique,Pod ahead,940GZZLUKSX-access-in,940GZZLUKSX,approach,entry,1,1,0,0
central-early-r10-s1-current-virtual,940GZZLULSQ-01-out,940GZZLULSQ-01-departure-link,unique,Pod ahead,940GZZLULSQ-01-departure-link,940GZZLULSQ,departure,departure,3,3,0,0
central-early-r10-s1-current-virtual,940GZZLULSQ-access-out,940GZZLULSQ-road-out-02,unique,Junction traffic,940GZZLULSQ-move-04-02,940GZZLULSQ,exit,,3,3,0,0
central-early-r10-s1-current-virtual,940GZZLULSQ-access-out,940GZZLULSQ-road-out-02,unique,Junction traffic,london-link-049-ba-1,940GZZLULSQ,exit,,3,3,0,0
central-early-r10-s1-current-virtual,940GZZLULSQ-access-out,940GZZLULSQ-road-out-02,unique,Pod ahead,london-link-049-ba-1,940GZZLULSQ,exit,,4,4,0,0
central-early-r10-s1-current-virtual,940GZZLULSQ-move-01-02,london-link-049-ba-1,unique,Junction traffic,940GZZLULSQ-access-out,,,exit,4,0,4,0
central-early-r10-s1-current-virtual,940GZZLULSQ-move-01-02,london-link-049-ba-1,unique,Junction traffic,940GZZLULSQ-road-out-02,,,exit,5,0,5,0
central-early-r10-s1-current-virtual,940GZZLULSQ-move-01-02,london-link-049-ba-1,unique,Junction traffic,london-link-049-ba-1,,,,6,0,6,0
central-early-r10-s1-current-virtual,940GZZLULSQ-move-01-02,london-link-049-ba-1,unique,Pod ahead,london-link-049-ba-1,,,,3,0,3,0
central-early-r10-s1-current-virtual,940GZZLULSQ-move-04-02,london-link-049-ba-1,unique,Junction traffic,940GZZLULSQ-road-out-02,,,exit,5,5,0,0
central-early-r10-s1-current-virtual,940GZZLULSQ-move-04-02,london-link-049-ba-1,unique,Junction traffic,london-link-049-ba-1,,,,4,4,0,0
central-early-r10-s1-current-virtual,940GZZLULSQ-move-04-02,london-link-049-ba-1,unique,Pod ahead,london-link-049-ba-1,,,,4,4,0,0
central-early-r10-s1-current-virtual,940GZZLULVT-01-in,,last,Junction traffic,940GZZLULVT-01-out,940GZZLULVT,berth-access,departure,7,7,0,0
central-early-r10-s1-current-virtual,940GZZLULVT-01-out,940GZZLULVT-01-departure-link,unique,Pod ahead,940GZZLULVT-01-departure-link,940GZZLULVT,departure,departure,2,0,2,0
central-early-r10-s1-current-virtual,940GZZLULVT-02-departure-link,940GZZLULVT-01-departure-link,unique,Pod ahead,940GZZLULVT-01-departure-link,940GZZLULVT,departure,departure,4,0,4,0
central-early-r10-s1-current-virtual,940GZZLULVT-02-in,,last,Junction traffic,940GZZLULVT-02-out,940GZZLULVT,berth-access,departure,1,1,0,0
central-early-r10-s1-current-virtual,940GZZLULVT-access-out,940GZZLULVT-road-out-05,unique,Junction traffic,940GZZLULVT-move-01-05,940GZZLULVT,exit,,2,0,2,0
central-early-r10-s1-current-virtual,940GZZLULVT-access-out,940GZZLULVT-road-out-05,unique,Junction traffic,940GZZLULVT-move-02-05,940GZZLULVT,exit,,114,0,114,0
central-early-r10-s1-current-virtual,940GZZLULVT-access-out,940GZZLULVT-road-out-05,unique,Junction traffic,940GZZLULVT-move-03-05,940GZZLULVT,exit,,2,0,2,0
central-early-r10-s1-current-virtual,940GZZLULVT-access-out,940GZZLULVT-road-out-05,unique,Junction traffic,940GZZLULVT-road-out-05,940GZZLULVT,exit,exit,4,0,4,0
central-early-r10-s1-current-virtual,940GZZLULVT-access-out,940GZZLULVT-road-out-05,unique,Junction traffic,london-link-007-ab-2,940GZZLULVT,exit,,6,0,6,0
central-early-r10-s1-current-virtual,940GZZLULVT-access-out,940GZZLULVT-road-out-05,unique,Junction traffic,london-link-108-ab-1,940GZZLULVT,exit,,57,0,57,0
central-early-r10-s1-current-virtual,940GZZLULVT-access-out,940GZZLULVT-road-out-05,unique,Pod ahead,london-link-108-ab-1,940GZZLULVT,exit,,35,0,35,0
central-early-r10-s1-current-virtual,940GZZLULVT-move-03-05,london-link-108-ab-1,unique,Junction traffic,940GZZLULVT-move-02-05,,,,9,0,9,0
central-early-r10-s1-current-virtual,940GZZLULVT-move-03-05,london-link-108-ab-1,unique,Junction traffic,940GZZLULVT-road-out-05,,,exit,3,0,3,0
central-early-r10-s1-current-virtual,940GZZLULVT-move-03-05,london-link-108-ab-1,unique,Junction traffic,london-link-007-ab-2,,,,6,0,6,0
central-early-r10-s1-current-virtual,940GZZLULVT-move-03-05,london-link-108-ab-1,unique,Junction traffic,london-link-108-ab-1,,,,4,0,4,0
central-early-r10-s1-current-virtual,940GZZLULVT-move-03-05,london-link-108-ab-1,unique,Pod ahead,london-link-108-ab-1,,,,2,0,2,0
central-early-r10-s1-current-virtual,940GZZLULVT-road-in-05,940GZZLULVT-access-in,unique,Junction traffic,940GZZLULVT-access-in,940GZZLULVT,approach,entry,12,12,0,0
central-early-r10-s1-current-virtual,940GZZLULVT-road-in-05,940GZZLULVT-access-in,unique,Pod ahead,940GZZLULVT-access-in,940GZZLULVT,approach,entry,8,8,0,0
central-early-r10-s1-current-virtual,940GZZLULVT-road-in-05,940GZZLULVT-access-in,unique,Pod ahead,940GZZLULVT-road-in-05,940GZZLULVT,approach,approach,1,1,0,0
central-early-r10-s1-current-virtual,940GZZLULVT-road-out-04,london-link-023-ba-1,unique,Junction traffic,london-link-023-ba-1,940GZZLULVT,exit,,1,0,1,0
central-early-r10-s1-current-virtual,940GZZLULVT-road-out-04,london-link-023-ba-1,unique,Pod ahead,london-link-023-ba-1,940GZZLULVT,exit,,1,0,1,0
central-early-r10-s1-current-virtual,940GZZLUMGT-access-out,940GZZLUMGT-road-out-01,unique,Junction traffic,940GZZLUMGT-move-03-01,940GZZLUMGT,exit,,14,0,14,0
central-early-r10-s1-current-virtual,940GZZLUMGT-access-out,940GZZLUMGT-road-out-01,unique,Junction traffic,940GZZLUMGT-road-out-01,940GZZLUMGT,exit,exit,2,0,2,0
central-early-r10-s1-current-virtual,940GZZLUMGT-access-out,940GZZLUMGT-road-out-01,unique,Junction traffic,london-link-010-ba-1,940GZZLUMGT,exit,,17,0,17,0
central-early-r10-s1-current-virtual,940GZZLUMGT-access-out,940GZZLUMGT-road-out-01,unique,Pod ahead,london-link-010-ba-1,940GZZLUMGT,exit,,14,0,14,0
central-early-r10-s1-current-virtual,940GZZLUMGT-access-out,940GZZLUMGT-road-out-02,unique,Pod ahead,london-link-024-ba-1,940GZZLUMGT,exit,,1,0,1,0
central-early-r10-s1-current-virtual,940GZZLUMGT-move-02-01,london-link-010-ba-1,unique,Junction traffic,940GZZLUMGT-move-03-01,,,,5,0,5,0
central-early-r10-s1-current-virtual,940GZZLUMGT-move-02-01,london-link-010-ba-1,unique,Junction traffic,940GZZLUMGT-road-out-01,,,exit,8,0,8,0
central-early-r10-s1-current-virtual,940GZZLUMGT-move-02-01,london-link-010-ba-1,unique,Junction traffic,london-link-010-ba-1,,,,12,0,12,0
central-early-r10-s1-current-virtual,940GZZLUMGT-move-02-01,london-link-010-ba-1,unique,Pod ahead,london-link-010-ba-1,,,,6,0,6,0
central-early-r10-s1-current-virtual,940GZZLUMGT-move-03-01,london-link-010-ba-1,unique,Junction traffic,940GZZLUMGT-access-out,,,exit,1,0,1,0
central-early-r10-s1-current-virtual,940GZZLUMGT-move-03-01,london-link-010-ba-1,unique,Junction traffic,940GZZLUMGT-move-01-01,,,,1,0,1,0
central-early-r10-s1-current-virtual,940GZZLUMGT-move-03-01,london-link-010-ba-1,unique,Junction traffic,940GZZLUMGT-move-02-01,,,,5,0,5,0
central-early-r10-s1-current-virtual,940GZZLUMGT-move-03-01,london-link-010-ba-1,unique,Junction traffic,940GZZLUMGT-road-out-01,,,exit,51,0,51,0
central-early-r10-s1-current-virtual,940GZZLUMGT-move-03-01,london-link-010-ba-1,unique,Junction traffic,london-link-010-ba-1,,,,99,0,99,0
central-early-r10-s1-current-virtual,940GZZLUMGT-move-03-01,london-link-010-ba-1,unique,Pod ahead,940GZZLUMGT-move-03-01,,,,3,0,3,0
central-early-r10-s1-current-virtual,940GZZLUMGT-move-03-01,london-link-010-ba-1,unique,Pod ahead,london-link-010-ba-1,,,,57,0,57,0
central-early-r10-s1-current-virtual,940GZZLUOVL-01-out,940GZZLUOVL-01-departure-link,unique,Pod ahead,940GZZLUOVL-01-departure-link,940GZZLUOVL,departure,departure,4,0,4,0
central-early-r10-s1-current-virtual,940GZZLUOVL-road-out-01,london-link-098-ba-1,unique,Junction traffic,london-link-098-ba-1,940GZZLUOVL,exit,,1,1,0,0
central-early-r10-s1-current-virtual,940GZZLUOVL-road-out-01,london-link-098-ba-1,unique,Pod ahead,london-link-098-ba-1,940GZZLUOVL,exit,,2,2,0,0
central-early-r10-s1-current-virtual,940GZZLUPAC-01-in,,last,Berth occupied,940GZZLUPAC-01-out,940GZZLUPAC,berth-access,departure,1,0,1,0
central-early-r10-s1-current-virtual,940GZZLUPAC-01-in,,last,Junction traffic,940GZZLUPAC-01-out,940GZZLUPAC,berth-access,departure,1,0,1,0
central-early-r10-s1-current-virtual,940GZZLUPAC-01-out,940GZZLUPAC-01-departure-link,unique,Pod ahead,940GZZLUPAC-01-departure-link,940GZZLUPAC,departure,departure,1,1,0,0
central-early-r10-s1-current-virtual,940GZZLUPAC-02-departure-link,940GZZLUPAC-01-departure-link,unique,Junction traffic,940GZZLUPAC-01-departure-link,940GZZLUPAC,departure,departure,1,1,0,0
central-early-r10-s1-current-virtual,940GZZLUPAC-02-departure-link,940GZZLUPAC-01-departure-link,unique,Pod ahead,940GZZLUPAC-01-departure-link,940GZZLUPAC,departure,departure,2,2,0,0
central-early-r10-s1-current-virtual,940GZZLUPAC-access-out,940GZZLUPAC-road-out-03,unique,Junction traffic,940GZZLUPAC-move-04-03,940GZZLUPAC,exit,,8,8,0,0
central-early-r10-s1-current-virtual,940GZZLUPAC-access-out,940GZZLUPAC-road-out-03,unique,Junction traffic,london-link-067-ba-1,940GZZLUPAC,exit,,8,8,0,0
central-early-r10-s1-current-virtual,940GZZLUPAC-access-out,940GZZLUPAC-road-out-03,unique,Pod ahead,london-link-067-ba-1,940GZZLUPAC,exit,,4,4,0,0
central-early-r10-s1-current-virtual,940GZZLUPCC-move-03-04,london-link-112-ba-1,unique,Junction traffic,london-link-112-ba-1,,,,1,0,1,0
central-early-r10-s1-current-virtual,940GZZLUPCC-move-03-04,london-link-112-ba-1,unique,Pod ahead,london-link-112-ba-1,,,,1,0,1,0
central-early-r10-s1-current-virtual,940GZZLUSKW-road-in-02,940GZZLUSKW-access-in,unique,Junction traffic,940GZZLUSKW-access-in,940GZZLUSKW,approach,entry,1,1,0,0
central-early-r10-s1-current-virtual,940GZZLUSKW-road-in-02,940GZZLUSKW-access-in,unique,Pod ahead,940GZZLUSKW-access-in,940GZZLUSKW,approach,entry,1,1,0,0
central-early-r10-s1-current-virtual,940GZZLUWLO-01-in,,last,Berth occupied,940GZZLUWLO-01-out,940GZZLUWLO,berth-access,departure,1,0,0,1
central-early-r10-s1-current-virtual,940GZZLUWLO-01-in,,last,Junction traffic,940GZZLUWLO-01-out,940GZZLUWLO,berth-access,departure,3,0,0,3
central-early-r10-s1-current-virtual,940GZZLUWLO-access-out,940GZZLUWLO-road-out-02,unique,Junction traffic,940GZZLUWLO-move-03-02,940GZZLUWLO,exit,,47,0,47,0
central-early-r10-s1-current-virtual,940GZZLUWLO-access-out,940GZZLUWLO-road-out-02,unique,Junction traffic,940GZZLUWLO-move-04-02,940GZZLUWLO,exit,,2,0,2,0
central-early-r10-s1-current-virtual,940GZZLUWLO-access-out,940GZZLUWLO-road-out-02,unique,Junction traffic,940GZZLUWLO-road-out-03,940GZZLUWLO,exit,exit,36,0,36,0
central-early-r10-s1-current-virtual,940GZZLUWLO-access-out,940GZZLUWLO-road-out-02,unique,Junction traffic,london-link-063-ba-1,940GZZLUWLO,exit,,28,0,28,0
central-early-r10-s1-current-virtual,940GZZLUWLO-access-out,940GZZLUWLO-road-out-02,unique,Junction traffic,london-link-099-ab-2,940GZZLUWLO,exit,,5,0,5,0
central-early-r10-s1-current-virtual,940GZZLUWLO-access-out,940GZZLUWLO-road-out-02,unique,Pod ahead,london-link-063-ba-1,940GZZLUWLO,exit,,12,0,12,0
central-early-r10-s1-current-virtual,940GZZLUWLO-access-out,940GZZLUWLO-road-out-03,unique,Junction traffic,940GZZLUWLO-move-02-03,940GZZLUWLO,exit,,68,68,0,0
central-early-r10-s1-current-virtual,940GZZLUWLO-access-out,940GZZLUWLO-road-out-03,unique,Junction traffic,940GZZLUWLO-road-out-03,940GZZLUWLO,exit,exit,4,4,0,0
central-early-r10-s1-current-virtual,940GZZLUWLO-access-out,940GZZLUWLO-road-out-03,unique,Junction traffic,london-link-063-ab-2,940GZZLUWLO,exit,,4,4,0,0
central-early-r10-s1-current-virtual,940GZZLUWLO-access-out,940GZZLUWLO-road-out-03,unique,Junction traffic,london-link-099-ba-1,940GZZLUWLO,exit,,50,50,0,0
central-early-r10-s1-current-virtual,940GZZLUWLO-access-out,940GZZLUWLO-road-out-03,unique,Pod ahead,london-link-099-ba-1,940GZZLUWLO,exit,,21,21,0,0
central-early-r10-s1-current-virtual,940GZZLUWLO-road-in-02,940GZZLUWLO-access-in,unique,Junction traffic,940GZZLUWLO-access-in,940GZZLUWLO,approach,entry,2,0,2,0
central-early-r10-s1-current-virtual,940GZZLUWLO-road-in-02,940GZZLUWLO-access-in,unique,Junction traffic,940GZZLUWLO-road-in-03,940GZZLUWLO,approach,approach,7,0,7,0
central-early-r10-s1-current-virtual,940GZZLUWLO-road-in-02,940GZZLUWLO-access-in,unique,Pod ahead,940GZZLUWLO-access-in,940GZZLUWLO,approach,entry,1,0,1,0
central-early-r10-s1-current-virtual,940GZZLUWLO-through,940GZZLUWLO-access-out,unique,Pod ahead,940GZZLUWLO-access-out,940GZZLUWLO,through,exit,1,0,1,0
central-early-r10-s1-current-virtual,london-link-007-ab-2,940GZZLULVT-move-02-05,unique,Junction traffic,940GZZLULVT-access-out,,,exit,12,0,12,0
central-early-r10-s1-current-virtual,london-link-007-ab-2,940GZZLULVT-move-02-05,unique,Junction traffic,940GZZLULVT-move-03-05,,,,1,0,1,0
central-early-r10-s1-current-virtual,london-link-007-ab-2,940GZZLULVT-move-02-05,unique,Junction traffic,940GZZLULVT-road-out-05,,,exit,24,0,24,0
central-early-r10-s1-current-virtual,london-link-007-ab-2,940GZZLULVT-move-02-05,unique,Junction traffic,london-link-108-ab-1,,,,27,0,27,0
central-early-r10-s1-current-virtual,london-link-007-ab-2,940GZZLULVT-move-02-05,unique,Pod ahead,london-link-108-ab-1,,,,17,0,17,0
central-early-r10-s1-current-virtual,london-link-010-ab-2,940GZZLUMGT-move-01-01,unique,Pod ahead,london-link-010-ba-1,,,,1,0,1,0
central-early-r10-s1-current-virtual,london-link-010-ab-2,940GZZLUMGT-move-01-03,unique,Junction traffic,940GZZLUMGT-road-in-01,,,approach,4,4,0,0
central-early-r10-s1-current-virtual,london-link-010-ab-2,940GZZLUMGT-road-in-01,unique,Junction traffic,940GZZLUMGT-access-in,,,entry,22,22,0,0
central-early-r10-s1-current-virtual,london-link-010-ab-2,940GZZLUMGT-road-in-01,unique,Junction traffic,940GZZLUMGT-move-01-03,,,,1,1,0,0
central-early-r10-s1-current-virtual,london-link-010-ab-2,940GZZLUMGT-road-in-01,unique,Junction traffic,940GZZLUMGT-road-in-01,,,approach,16,16,0,0
central-early-r10-s1-current-virtual,london-link-010-ab-2,940GZZLUMGT-road-in-01,unique,Pod ahead,940GZZLUMGT-access-in,,,entry,11,11,0,0
central-early-r10-s1-current-virtual,london-link-017-ab-2,940GZZLUBST-move-01-02,unique,Junction traffic,940GZZLUBST-move-01-02,,,,290,0,290,0
central-early-r10-s1-current-virtual,london-link-017-ab-2,940GZZLUBST-move-01-02,unique,Junction traffic,940GZZLUBST-move-01-04,,,,32,0,32,0
central-early-r10-s1-current-virtual,london-link-017-ab-2,940GZZLUBST-move-01-02,unique,Junction traffic,940GZZLUBST-move-03-02,,,,7,0,7,0
central-early-r10-s1-current-virtual,london-link-017-ab-2,940GZZLUBST-move-01-02,unique,Junction traffic,940GZZLUBST-move-04-02,,,,1620,0,1620,0
central-early-r10-s1-current-virtual,london-link-017-ab-2,940GZZLUBST-move-01-02,unique,Junction traffic,940GZZLUBST-move-07-02,,,,3,0,3,0
central-early-r10-s1-current-virtual,london-link-017-ab-2,940GZZLUBST-move-01-02,unique,Junction traffic,940GZZLUBST-road-in-01,,,approach,6,0,6,0
central-early-r10-s1-current-virtual,london-link-017-ab-2,940GZZLUBST-move-01-02,unique,Junction traffic,london-link-017-ab-2,,,,2,0,2,0
central-early-r10-s1-current-virtual,london-link-017-ab-2,940GZZLUBST-move-01-02,unique,Junction traffic,london-link-033-ab-1,,,,825,0,825,0
central-early-r10-s1-current-virtual,london-link-017-ab-2,940GZZLUBST-move-01-02,unique,Junction traffic,london-link-034-ba-2,,,,5,0,5,0
central-early-r10-s1-current-virtual,london-link-017-ab-2,940GZZLUBST-move-01-02,unique,Junction traffic,london-link-035-ba-2,,,,526,0,526,0
central-early-r10-s1-current-virtual,london-link-017-ab-2,940GZZLUBST-move-01-02,unique,Junction traffic,london-link-038-ba-2,,,,5,0,5,0
central-early-r10-s1-current-virtual,london-link-017-ab-2,940GZZLUBST-move-01-02,unique,Pod ahead,london-link-017-ab-2,,,,750,0,750,0
central-early-r10-s1-current-virtual,london-link-017-ab-2,940GZZLUBST-move-01-02,unique,Pod ahead,london-link-033-ab-1,,,,290,0,290,0
central-early-r10-s1-current-virtual,london-link-017-ab-2,940GZZLUBST-move-01-04,unique,Junction traffic,940GZZLUBST-access-out,,,exit,6,0,6,0
central-early-r10-s1-current-virtual,london-link-017-ab-2,940GZZLUBST-move-01-04,unique,Junction traffic,940GZZLUBST-move-01-02,,,,47,0,47,0
central-early-r10-s1-current-virtual,london-link-017-ab-2,940GZZLUBST-move-01-04,unique,Junction traffic,940GZZLUBST-move-02-04,,,,137,0,137,0
central-early-r10-s1-current-virtual,london-link-017-ab-2,940GZZLUBST-move-01-04,unique,Junction traffic,940GZZLUBST-road-out-04,,,exit,11,0,11,0
central-early-r10-s1-current-virtual,london-link-017-ab-2,940GZZLUBST-move-01-04,unique,Junction traffic,london-link-033-ab-1,,,,1,0,1,0
central-early-r10-s1-current-virtual,london-link-017-ab-2,940GZZLUBST-move-01-04,unique,Junction traffic,london-link-033-ba-2,,,,34,0,34,0
central-early-r10-s1-current-virtual,london-link-017-ab-2,940GZZLUBST-move-01-04,unique,Junction traffic,london-link-035-ab-1,,,,61,0,61,0
central-early-r10-s1-current-virtual,london-link-017-ab-2,940GZZLUBST-move-01-04,unique,Pod ahead,london-link-017-ab-2,,,,78,0,78,0
central-early-r10-s1-current-virtual,london-link-017-ab-2,940GZZLUBST-move-01-04,unique,Pod ahead,london-link-035-ab-1,,,,30,0,30,0
central-early-r10-s1-current-virtual,london-link-017-ab-2,940GZZLUBST-road-in-01,unique,Junction traffic,940GZZLUBST-move-01-02,,,,13,0,13,0
central-early-r10-s1-current-virtual,london-link-017-ab-2,940GZZLUBST-road-in-01,unique,Junction traffic,london-link-017-ab-2,,,,1,0,1,0
central-early-r10-s1-current-virtual,london-link-017-ab-2,940GZZLUBST-road-in-01,unique,Pod ahead,london-link-017-ab-2,,,,2,0,2,0
central-early-r10-s1-current-virtual,london-link-023-ba-2,940GZZLUBNK-move-03-05,unique,Junction traffic,940GZZLUBNK-move-04-05,,,,3,0,3,0
central-early-r10-s1-current-virtual,london-link-023-ba-2,940GZZLUBNK-move-03-05,unique,Junction traffic,940GZZLUBNK-move-06-05,,,,16,0,16,0
central-early-r10-s1-current-virtual,london-link-023-ba-2,940GZZLUBNK-move-03-05,unique,Junction traffic,940GZZLUBNK-road-out-05,,,exit,8,0,8,0
central-early-r10-s1-current-virtual,london-link-023-ba-2,940GZZLUBNK-move-03-05,unique,Junction traffic,london-link-024-ba-2,,,,2,0,2,0
central-early-r10-s1-current-virtual,london-link-023-ba-2,940GZZLUBNK-move-03-05,unique,Junction traffic,london-link-025-ab-1,,,,13,0,13,0
central-early-r10-s1-current-virtual,london-link-023-ba-2,940GZZLUBNK-move-03-05,unique,Junction traffic,london-link-026-ba-2,,,,3,0,3,0
central-early-r10-s1-current-virtual,london-link-023-ba-2,940GZZLUBNK-move-03-05,unique,Pod ahead,london-link-025-ab-1,,,,6,0,6,0
central-early-r10-s1-current-virtual,london-link-024-ba-2,940GZZLUBNK-move-04-05,unique,Junction traffic,940GZZLUBNK-access-out,,,exit,5,0,5,0
central-early-r10-s1-current-virtual,london-link-024-ba-2,940GZZLUBNK-move-04-05,unique,Junction traffic,940GZZLUBNK-move-03-05,,,,5,0,5,0
central-early-r10-s1-current-virtual,london-link-024-ba-2,940GZZLUBNK-move-04-05,unique,Junction traffic,940GZZLUBNK-move-06-05,,,,2,0,2,0
central-early-r10-s1-current-virtual,london-link-024-ba-2,940GZZLUBNK-move-04-05,unique,Junction traffic,940GZZLUBNK-road-out-05,,,exit,30,0,30,0
central-early-r10-s1-current-virtual,london-link-024-ba-2,940GZZLUBNK-move-04-05,unique,Junction traffic,london-link-025-ab-1,,,,21,0,21,0
central-early-r10-s1-current-virtual,london-link-024-ba-2,940GZZLUBNK-move-04-05,unique,Pod ahead,london-link-025-ab-1,,,,8,0,8,0
central-early-r10-s1-current-virtual,london-link-024-ba-2,940GZZLUBNK-move-04-07,unique,Pod ahead,london-link-027-ab-1,,,,1,0,1,0
central-early-r10-s1-current-virtual,london-link-026-ba-2,940GZZLUBNK-move-06-05,unique,Junction traffic,940GZZLUBNK-move-04-05,,,,3,0,3,0
central-early-r10-s1-current-virtual,london-link-026-ba-2,940GZZLUBNK-move-06-05,unique,Junction traffic,940GZZLUBNK-road-out-05,,,exit,10,0,10,0
central-early-r10-s1-current-virtual,london-link-026-ba-2,940GZZLUBNK-move-06-05,unique,Junction traffic,london-link-024-ba-2,,,,5,0,5,0
central-early-r10-s1-current-virtual,london-link-026-ba-2,940GZZLUBNK-move-06-05,unique,Junction traffic,london-link-025-ab-1,,,,12,0,12,0
central-early-r10-s1-current-virtual,london-link-026-ba-2,940GZZLUBNK-move-06-05,unique,Pod ahead,london-link-025-ab-1,,,,6,0,6,0
central-early-r10-s1-current-virtual,london-link-027-ab-2,940GZZLUWLO-move-01-02,unique,Junction traffic,940GZZLUWLO-move-03-02,,,,39,0,39,0
central-early-r10-s1-current-virtual,london-link-027-ab-2,940GZZLUWLO-move-01-02,unique,Junction traffic,london-link-063-ba-1,,,,15,0,15,0
central-early-r10-s1-current-virtual,london-link-027-ab-2,940GZZLUWLO-move-01-02,unique,Junction traffic,london-link-099-ab-2,,,,11,0,11,0
central-early-r10-s1-current-virtual,london-link-027-ab-2,940GZZLUWLO-move-01-02,unique,Pod ahead,london-link-063-ba-1,,,,5,0,5,0
central-early-r10-s1-current-virtual,london-link-027-ab-2,940GZZLUWLO-road-in-01,unique,Junction traffic,940GZZLUWLO-access-in,,,entry,4,0,4,0
central-early-r10-s1-current-virtual,london-link-027-ab-2,940GZZLUWLO-road-in-01,unique,Junction traffic,940GZZLUWLO-road-in-03,,,approach,6,0,6,0
central-early-r10-s1-current-virtual,london-link-027-ab-2,940GZZLUWLO-road-in-01,unique,Pod ahead,940GZZLUWLO-access-in,,,entry,3,0,3,0
central-early-r10-s1-current-virtual,london-link-033-ba-2,940GZZLUBST-move-02-01,unique,Junction traffic,940GZZLUBST-move-02-04,,,,54,54,0,0
central-early-r10-s1-current-virtual,london-link-033-ba-2,940GZZLUBST-move-02-01,unique,Junction traffic,london-link-017-ba-1,,,,3,3,0,0
central-early-r10-s1-current-virtual,london-link-033-ba-2,940GZZLUBST-move-02-01,unique,Pod ahead,london-link-017-ba-1,,,,1,1,0,0
central-early-r10-s1-current-virtual,london-link-033-ba-2,940GZZLUBST-move-02-04,unique,Junction traffic,940GZZLUBST-access-out,,,exit,102,102,0,0
central-early-r10-s1-current-virtual,london-link-033-ba-2,940GZZLUBST-move-02-04,unique,Junction traffic,940GZZLUBST-move-01-04,,,,49,49,0,0
central-early-r10-s1-current-virtual,london-link-033-ba-2,940GZZLUBST-move-02-04,unique,Junction traffic,940GZZLUBST-move-02-01,,,,1,1,0,0
central-early-r10-s1-current-virtual,london-link-033-ba-2,940GZZLUBST-move-02-04,unique,Junction traffic,940GZZLUBST-move-02-04,,,,105,105,0,0
central-early-r10-s1-current-virtual,london-link-033-ba-2,940GZZLUBST-move-02-04,unique,Junction traffic,940GZZLUBST-move-03-04,,,,13,13,0,0
central-early-r10-s1-current-virtual,london-link-033-ba-2,940GZZLUBST-move-02-04,unique,Junction traffic,940GZZLUBST-road-out-04,,,exit,186,186,0,0
central-early-r10-s1-current-virtual,london-link-033-ba-2,940GZZLUBST-move-02-04,unique,Junction traffic,london-link-017-ab-2,,,,74,74,0,0
central-early-r10-s1-current-virtual,london-link-033-ba-2,940GZZLUBST-move-02-04,unique,Junction traffic,london-link-034-ba-2,,,,6,6,0,0
central-early-r10-s1-current-virtual,london-link-033-ba-2,940GZZLUBST-move-02-04,unique,Junction traffic,london-link-035-ab-1,,,,435,435,0,0
central-early-r10-s1-current-virtual,london-link-033-ba-2,940GZZLUBST-move-02-04,unique,Pod ahead,london-link-033-ba-2,,,,24,24,0,0
central-early-r10-s1-current-virtual,london-link-033-ba-2,940GZZLUBST-move-02-04,unique,Pod ahead,london-link-035-ab-1,,,,281,281,0,0
central-early-r10-s1-current-virtual,london-link-034-ba-2,940GZZLUBST-move-03-01,unique,Junction traffic,940GZZLUBST-move-03-04,,,,8,8,0,0
central-early-r10-s1-current-virtual,london-link-034-ba-2,940GZZLUBST-move-03-01,unique,Junction traffic,london-link-017-ba-1,,,,2,2,0,0
central-early-r10-s1-current-virtual,london-link-034-ba-2,940GZZLUBST-move-03-02,unique,Junction traffic,940GZZLUBST-move-01-02,,,,16,0,16,0
central-early-r10-s1-current-virtual,london-link-034-ba-2,940GZZLUBST-move-03-02,unique,Junction traffic,940GZZLUBST-move-04-02,,,,45,0,45,0
central-early-r10-s1-current-virtual,london-link-034-ba-2,940GZZLUBST-move-03-02,unique,Junction traffic,london-link-017-ab-2,,,,12,0,12,0
central-early-r10-s1-current-virtual,london-link-034-ba-2,940GZZLUBST-move-03-02,unique,Junction traffic,london-link-033-ab-1,,,,20,0,20,0
central-early-r10-s1-current-virtual,london-link-034-ba-2,940GZZLUBST-move-03-02,unique,Junction traffic,london-link-035-ba-2,,,,22,0,22,0
central-early-r10-s1-current-virtual,london-link-034-ba-2,940GZZLUBST-move-03-02,unique,Pod ahead,london-link-033-ab-1,,,,8,0,8,0
central-early-r10-s1-current-virtual,london-link-034-ba-2,940GZZLUBST-move-03-04,unique,Junction traffic,940GZZLUBST-move-02-04,,,,6,0,6,0
central-early-r10-s1-current-virtual,london-link-034-ba-2,940GZZLUBST-move-03-04,unique,Junction traffic,london-link-035-ab-1,,,,3,0,3,0
central-early-r10-s1-current-virtual,london-link-035-ba-2,940GZZLUBST-move-04-02,unique,Junction traffic,940GZZLUBST-move-01-02,,,,1478,0,1478,0
central-early-r10-s1-current-virtual,london-link-035-ba-2,940GZZLUBST-move-04-02,unique,Junction traffic,940GZZLUBST-move-03-02,,,,4,0,4,0
central-early-r10-s1-current-virtual,london-link-035-ba-2,940GZZLUBST-move-04-02,unique,Junction traffic,940GZZLUBST-move-04-02,,,,1267,0,1267,0
central-early-r10-s1-current-virtual,london-link-035-ba-2,940GZZLUBST-move-04-02,unique,Junction traffic,940GZZLUBST-move-04-03,,,,14,0,14,0
central-early-r10-s1-current-virtual,london-link-035-ba-2,940GZZLUBST-move-04-02,unique,Junction traffic,940GZZLUBST-move-07-02,,,,3,0,3,0
central-early-r10-s1-current-virtual,london-link-035-ba-2,940GZZLUBST-move-04-02,unique,Junction traffic,940GZZLUBST-road-in-04,,,approach,24,0,24,0
central-early-r10-s1-current-virtual,london-link-035-ba-2,940GZZLUBST-move-04-02,unique,Junction traffic,london-link-017-ab-2,,,,513,0,513,0
central-early-r10-s1-current-virtual,london-link-035-ba-2,940GZZLUBST-move-04-02,unique,Junction traffic,london-link-033-ab-1,,,,1190,0,1190,0
central-early-r10-s1-current-virtual,london-link-035-ba-2,940GZZLUBST-move-04-02,unique,Junction traffic,london-link-034-ba-2,,,,5,0,5,0
central-early-r10-s1-current-virtual,london-link-035-ba-2,940GZZLUBST-move-04-02,unique,Junction traffic,london-link-038-ba-2,,,,5,0,5,0
central-early-r10-s1-current-virtual,london-link-035-ba-2,940GZZLUBST-move-04-02,unique,Pod ahead,london-link-033-ab-1,,,,455,0,455,0
central-early-r10-s1-current-virtual,london-link-035-ba-2,940GZZLUBST-move-04-02,unique,Pod ahead,london-link-035-ba-2,,,,2191,0,2191,0
central-early-r10-s1-current-virtual,london-link-035-ba-2,940GZZLUBST-move-04-03,unique,Junction traffic,940GZZLUBST-move-04-02,,,,28,0,28,0
central-early-r10-s1-current-virtual,london-link-035-ba-2,940GZZLUBST-move-04-03,unique,Junction traffic,london-link-035-ba-2,,,,1,0,1,0
central-early-r10-s1-current-virtual,london-link-035-ba-2,940GZZLUBST-move-04-03,unique,Pod ahead,london-link-035-ba-2,,,,69,0,69,0
central-early-r10-s1-current-virtual,london-link-035-ba-2,940GZZLUBST-road-in-04,unique,Junction traffic,940GZZLUBST-move-04-02,,,,77,0,77,0
central-early-r10-s1-current-virtual,london-link-035-ba-2,940GZZLUBST-road-in-04,unique,Pod ahead,940GZZLUBST-access-in,,,entry,1,0,1,0
central-early-r10-s1-current-virtual,london-link-035-ba-2,940GZZLUBST-road-in-04,unique,Pod ahead,london-link-035-ba-2,,,,39,0,39,0
central-early-r10-s1-current-virtual,london-link-038-ba-2,940GZZLUBST-move-07-02,unique,Junction traffic,940GZZLUBST-move-04-02,,,,3,0,3,0
central-early-r10-s1-current-virtual,london-link-038-ba-2,940GZZLUBST-move-07-02,unique,Junction traffic,london-link-033-ab-1,,,,2,0,2,0
central-early-r10-s1-current-virtual,london-link-038-ba-2,940GZZLUBST-move-07-02,unique,Pod ahead,london-link-033-ab-1,,,,1,0,1,0
central-early-r10-s1-current-virtual,london-link-040-ab-2,940GZZLUPAC-road-in-01,unique,Junction traffic,940GZZLUPAC-access-in,,,entry,4,0,4,0
central-early-r10-s1-current-virtual,london-link-040-ab-2,940GZZLUPAC-road-in-01,unique,Junction traffic,940GZZLUPAC-road-in-01,,,approach,1,0,1,0
central-early-r10-s1-current-virtual,london-link-040-ab-2,940GZZLUPAC-road-in-01,unique,Junction traffic,940GZZLUPAC-road-in-03,,,approach,7,0,7,0
central-early-r10-s1-current-virtual,london-link-040-ab-2,940GZZLUPAC-road-in-01,unique,Pod ahead,940GZZLUPAC-access-in,,,entry,1,0,1,0
central-early-r10-s1-current-virtual,london-link-043-ab-2,940GZZLUKSX-move-02-03,unique,Junction traffic,940GZZLUKSX-move-05-03,,,,8,0,8,0
central-early-r10-s1-current-virtual,london-link-043-ab-2,940GZZLUKSX-move-02-03,unique,Junction traffic,london-link-069-ba-1,,,,6,0,6,0
central-early-r10-s1-current-virtual,london-link-043-ab-2,940GZZLUKSX-move-02-03,unique,Pod ahead,london-link-069-ba-1,,,,2,0,2,0
central-early-r10-s1-current-virtual,london-link-045-ab-2,940GZZLULSQ-road-in-01,unique,Junction traffic,940GZZLULSQ-access-in,,,entry,9,0,9,0
central-early-r10-s1-current-virtual,london-link-045-ab-2,940GZZLULSQ-road-in-01,unique,Junction traffic,940GZZLULSQ-road-in-02,,,approach,5,0,5,0
central-early-r10-s1-current-virtual,london-link-045-ab-2,940GZZLULSQ-road-in-01,unique,Pod ahead,940GZZLULSQ-access-in,,,entry,5,0,5,0
central-early-r10-s1-current-virtual,london-link-049-ab-2,940GZZLULSQ-road-in-02,unique,Junction traffic,940GZZLULSQ-access-in,,,entry,11,2,9,0
central-early-r10-s1-current-virtual,london-link-049-ab-2,940GZZLULSQ-road-in-02,unique,Junction traffic,940GZZLULSQ-road-in-01,,,approach,11,3,8,0
central-early-r10-s1-current-virtual,london-link-049-ab-2,940GZZLULSQ-road-in-02,unique,Pod ahead,940GZZLULSQ-access-in,,,entry,6,1,5,0
central-early-r10-s1-current-virtual,london-link-049-ba-2,940GZZLUCHX-move-02-03,unique,Junction traffic,london-link-050-ab-1,,,,1,0,1,0
central-early-r10-s1-current-virtual,london-link-049-ba-2,940GZZLUCHX-move-02-03,unique,Pod ahead,london-link-050-ab-1,,,,1,0,1,0
central-early-r10-s1-current-virtual,london-link-063-ab-2,940GZZLUWLO-move-02-02,unique,Pod ahead,london-link-063-ba-1,,,,1,0,1,0
central-early-r10-s1-current-virtual,london-link-063-ab-2,940GZZLUWLO-move-02-03,unique,Junction traffic,940GZZLUWLO-access-out,,,exit,24,24,0,0
central-early-r10-s1-current-virtual,london-link-063-ab-2,940GZZLUWLO-move-02-03,unique,Junction traffic,940GZZLUWLO-move-02-03,,,,33,33,0,0
central-early-r10-s1-current-virtual,london-link-063-ab-2,940GZZLUWLO-move-02-03,unique,Junction traffic,940GZZLUWLO-move-02-05,,,,2,2,0,0
central-early-r10-s1-current-virtual,london-link-063-ab-2,940GZZLUWLO-move-02-03,unique,Junction traffic,940GZZLUWLO-road-out-03,,,exit,181,181,0,0
central-early-r10-s1-current-virtual,london-link-063-ab-2,940GZZLUWLO-move-02-03,unique,Junction traffic,london-link-099-ba-1,,,,121,121,0,0
central-early-r10-s1-current-virtual,london-link-063-ab-2,940GZZLUWLO-move-02-03,unique,Pod ahead,london-link-063-ab-2,,,,36,28,8,0
central-early-r10-s1-current-virtual,london-link-063-ab-2,940GZZLUWLO-move-02-03,unique,Pod ahead,london-link-099-ba-1,,,,66,66,0,0
central-early-r10-s1-current-virtual,london-link-063-ab-2,940GZZLUWLO-move-02-05,unique,Junction traffic,940GZZLUWLO-move-02-03,,,,1,1,0,0
central-early-r10-s1-current-virtual,london-link-063-ab-2,940GZZLUWLO-road-in-02,unique,Junction traffic,940GZZLUWLO-move-02-03,,,,3,0,3,0
central-early-r10-s1-current-virtual,london-link-063-ba-2,940GZZLUEMB-move-03-01,unique,Junction traffic,940GZZLUEMB-move-03-01,,,,32,0,32,0
central-early-r10-s1-current-virtual,london-link-063-ba-2,940GZZLUEMB-move-03-01,unique,Junction traffic,940GZZLUEMB-road-in-03,,,approach,2,0,2,0
central-early-r10-s1-current-virtual,london-link-063-ba-2,940GZZLUEMB-move-03-01,unique,Junction traffic,940GZZLUEMB-road-out-01,,,exit,1,0,1,0
central-early-r10-s1-current-virtual,london-link-063-ba-2,940GZZLUEMB-move-03-01,unique,Junction traffic,london-link-048-ba-1,,,,30,3,27,0
central-early-r10-s1-current-virtual,london-link-063-ba-2,940GZZLUEMB-move-03-01,unique,Pod ahead,london-link-048-ba-1,,,,21,1,20,0
central-early-r10-s1-current-virtual,london-link-063-ba-2,940GZZLUEMB-move-03-01,unique,Pod ahead,london-link-063-ba-2,,,,6,0,6,0
central-early-r10-s1-current-virtual,london-link-067-ab-1,london-link-067-ab-2,unique,Junction traffic,london-link-067-ab-1,,,,64,0,64,0
central-early-r10-s1-current-virtual,london-link-067-ab-1,london-link-067-ab-2,unique,Junction traffic,london-link-067-ab-2,,,,3498,0,3498,0
central-early-r10-s1-current-virtual,london-link-067-ab-1,london-link-067-ab-2,unique,Pod ahead,london-link-067-ab-1,,,,13812,0,13812,0
central-early-r10-s1-current-virtual,london-link-067-ab-1,london-link-067-ab-2,unique,Pod ahead,london-link-067-ab-2,,,,2660,0,2660,0
central-early-r10-s1-current-virtual,london-link-067-ab-2,940GZZLUPAC-move-03-04,unique,Junction traffic,940GZZLUPAC-road-in-03,,,approach,7,0,7,0
central-early-r10-s1-current-virtual,london-link-067-ab-2,940GZZLUPAC-move-03-04,unique,Junction traffic,london-link-067-ab-2,,,,1,0,1,0
central-early-r10-s1-current-virtual,london-link-067-ab-2,940GZZLUPAC-move-03-04,unique,Pod ahead,london-link-067-ab-2,,,,366,0,366,0
central-early-r10-s1-current-virtual,london-link-067-ab-2,940GZZLUPAC-road-in-03,unique,Junction traffic,940GZZLUPAC-access-in,,,entry,2724,0,2724,0
central-early-r10-s1-current-virtual,london-link-067-ab-2,940GZZLUPAC-road-in-03,unique,Junction traffic,940GZZLUPAC-move-03-04,,,,11,0,11,0
central-early-r10-s1-current-virtual,london-link-067-ab-2,940GZZLUPAC-road-in-03,unique,Junction traffic,940GZZLUPAC-road-in-01,,,approach,5,0,5,0
central-early-r10-s1-current-virtual,london-link-067-ab-2,940GZZLUPAC-road-in-03,unique,Junction traffic,940GZZLUPAC-road-in-03,,,approach,10678,0,10678,0
central-early-r10-s1-current-virtual,london-link-067-ab-2,940GZZLUPAC-road-in-03,unique,Junction traffic,london-link-067-ab-2,,,,95,0,95,0
central-early-r10-s1-current-virtual,london-link-067-ab-2,940GZZLUPAC-road-in-03,unique,Pod ahead,940GZZLUPAC-access-in,,,entry,1183,0,1183,0
central-early-r10-s1-current-virtual,london-link-067-ab-2,940GZZLUPAC-road-in-03,unique,Pod ahead,london-link-067-ab-2,,,,157025,0,157025,0
central-early-r10-s1-current-virtual,london-link-068-ab-2,940GZZLUGPS-move-02-01,unique,Junction traffic,940GZZLUGPS-road-in-02,,,approach,1,0,1,0
central-early-r10-s1-current-virtual,london-link-069-ab-2,940GZZLUKSX-move-03-05,unique,Junction traffic,940GZZLUKSX-move-03-05,,,,294,294,0,0
central-early-r10-s1-current-virtual,london-link-069-ab-2,940GZZLUKSX-move-03-05,unique,Junction traffic,940GZZLUKSX-road-in-03,,,approach,13,13,0,0
central-early-r10-s1-current-virtual,london-link-069-ab-2,940GZZLUKSX-move-03-05,unique,Junction traffic,london-link-069-ab-2,,,,9,9,0,0
central-early-r10-s1-current-virtual,london-link-069-ab-2,940GZZLUKSX-move-03-05,unique,Junction traffic,london-link-074-ba-1,,,,378,378,0,0
central-early-r10-s1-current-virtual,london-link-069-ab-2,940GZZLUKSX-move-03-05,unique,Pod ahead,london-link-069-ab-2,,,,965,965,0,0
central-early-r10-s1-current-virtual,london-link-069-ab-2,940GZZLUKSX-move-03-05,unique,Pod ahead,london-link-074-ba-1,,,,268,268,0,0
central-early-r10-s1-current-virtual,london-link-069-ab-2,940GZZLUKSX-road-in-03,unique,Junction traffic,940GZZLUKSX-move-03-05,,,,11,11,0,0
central-early-r10-s1-current-virtual,london-link-069-ab-2,940GZZLUKSX-road-in-03,unique,Junction traffic,london-link-069-ab-2,,,,1,1,0,0
central-early-r10-s1-current-virtual,london-link-069-ab-2,940GZZLUKSX-road-in-03,unique,Pod ahead,london-link-069-ab-2,,,,54,54,0,0
central-early-r10-s1-current-virtual,london-link-069-ba-2,940GZZLUESQ-move-02-01,unique,Junction traffic,940GZZLUESQ-road-in-02,,,approach,2,0,2,0
central-early-r10-s1-current-virtual,london-link-070-ab-2,940GZZLUKSX-move-04-03,unique,Junction traffic,940GZZLUKSX-move-05-03,,,,13,0,13,0
central-early-r10-s1-current-virtual,london-link-070-ab-2,940GZZLUKSX-move-04-03,unique,Junction traffic,london-link-069-ba-1,,,,4,0,4,0
central-early-r10-s1-current-virtual,london-link-070-ab-2,940GZZLUKSX-move-04-03,unique,Junction traffic,london-link-074-ab-2,,,,5,0,5,0
central-early-r10-s1-current-virtual,london-link-070-ab-2,940GZZLUKSX-move-04-03,unique,Pod ahead,london-link-069-ba-1,,,,2,0,2,0
central-early-r10-s1-current-virtual,london-link-074-ab-2,940GZZLUKSX-move-05-03,unique,Junction traffic,940GZZLUKSX-access-out,,,exit,42,0,42,0
central-early-r10-s1-current-virtual,london-link-074-ab-2,940GZZLUKSX-move-05-03,unique,Junction traffic,940GZZLUKSX-move-02-03,,,,19,0,19,0
central-early-r10-s1-current-virtual,london-link-074-ab-2,940GZZLUKSX-move-05-03,unique,Junction traffic,940GZZLUKSX-move-04-03,,,,2,0,2,0
central-early-r10-s1-current-virtual,london-link-074-ab-2,940GZZLUKSX-move-05-03,unique,Junction traffic,940GZZLUKSX-move-05-03,,,,677,0,677,0
central-early-r10-s1-current-virtual,london-link-074-ab-2,940GZZLUKSX-move-05-03,unique,Junction traffic,940GZZLUKSX-move-05-04,,,,3,0,3,0
central-early-r10-s1-current-virtual,london-link-074-ab-2,940GZZLUKSX-move-05-03,unique,Junction traffic,940GZZLUKSX-move-05-07,,,,50,0,50,0
central-early-r10-s1-current-virtual,london-link-074-ab-2,940GZZLUKSX-move-05-03,unique,Junction traffic,940GZZLUKSX-move-06-03,,,,24,0,24,0
central-early-r10-s1-current-virtual,london-link-074-ab-2,940GZZLUKSX-move-05-03,unique,Junction traffic,940GZZLUKSX-move-07-03,,,,95,0,95,0
central-early-r10-s1-current-virtual,london-link-074-ab-2,940GZZLUKSX-move-05-03,unique,Junction traffic,940GZZLUKSX-road-out-03,,,exit,48,0,48,0
central-early-r10-s1-current-virtual,london-link-074-ab-2,940GZZLUKSX-move-05-03,unique,Junction traffic,london-link-043-ab-2,,,,12,0,12,0
central-early-r10-s1-current-virtual,london-link-074-ab-2,940GZZLUKSX-move-05-03,unique,Junction traffic,london-link-069-ba-1,,,,747,0,747,0
central-early-r10-s1-current-virtual,london-link-074-ab-2,940GZZLUKSX-move-05-03,unique,Junction traffic,london-link-070-ab-2,,,,5,0,5,0
central-early-r10-s1-current-virtual,london-link-074-ab-2,940GZZLUKSX-move-05-03,unique,Junction traffic,london-link-074-ab-2,,,,10,0,10,0
central-early-r10-s1-current-virtual,london-link-074-ab-2,940GZZLUKSX-move-05-03,unique,Junction traffic,london-link-088-ab-2,,,,10,0,10,0
central-early-r10-s1-current-virtual,london-link-074-ab-2,940GZZLUKSX-move-05-03,unique,Junction traffic,london-link-101-ba-2,,,,49,0,49,0
central-early-r10-s1-current-virtual,london-link-074-ab-2,940GZZLUKSX-move-05-03,unique,Pod ahead,london-link-069-ba-1,,,,370,0,370,0
central-early-r10-s1-current-virtual,london-link-074-ab-2,940GZZLUKSX-move-05-03,unique,Pod ahead,london-link-074-ab-2,,,,909,0,909,0
central-early-r10-s1-current-virtual,london-link-074-ab-2,940GZZLUKSX-move-05-04,unique,Junction traffic,940GZZLUKSX-move-05-03,,,,3,0,3,0
central-early-r10-s1-current-virtual,london-link-074-ab-2,940GZZLUKSX-move-05-07,unique,Junction traffic,940GZZLUKSX-move-05-03,,,,87,0,87,0
central-early-r10-s1-current-virtual,london-link-074-ab-2,940GZZLUKSX-move-05-07,unique,Junction traffic,940GZZLUKSX-move-05-07,,,,9,0,9,0
central-early-r10-s1-current-virtual,london-link-074-ab-2,940GZZLUKSX-move-05-07,unique,Junction traffic,london-link-074-ab-2,,,,1,0,1,0
central-early-r10-s1-current-virtual,london-link-074-ab-2,940GZZLUKSX-move-05-07,unique,Junction traffic,london-link-101-ab-1,,,,6,0,6,0
central-early-r10-s1-current-virtual,london-link-074-ab-2,940GZZLUKSX-move-05-07,unique,Pod ahead,london-link-074-ab-2,,,,42,0,42,0
central-early-r10-s1-current-virtual,london-link-074-ab-2,940GZZLUKSX-move-05-07,unique,Pod ahead,london-link-101-ab-1,,,,4,0,4,0
central-early-r10-s1-current-virtual,london-link-074-ba-2,940GZZLUFCN-move-02-01,unique,Junction traffic,940GZZLUFCN-road-in-02,,,approach,1,1,0,0
central-early-r10-s1-current-virtual,london-link-088-ab-2,940GZZLUKSX-move-06-03,unique,Junction traffic,940GZZLUKSX-move-05-03,,,,25,0,25,0
central-early-r10-s1-current-virtual,london-link-088-ab-2,940GZZLUKSX-move-06-03,unique,Junction traffic,london-link-069-ba-1,,,,12,0,12,0
central-early-r10-s1-current-virtual,london-link-088-ab-2,940GZZLUKSX-move-06-03,unique,Junction traffic,london-link-074-ab-2,,,,11,0,11,0
central-early-r10-s1-current-virtual,london-link-088-ab-2,940GZZLUKSX-move-06-03,unique,Pod ahead,london-link-069-ba-1,,,,4,0,4,0
central-early-r10-s1-current-virtual,london-link-088-ab-2,940GZZLUKSX-move-06-03,unique,Pod ahead,london-link-088-ab-2,,,,8,0,8,0
central-early-r10-s1-current-virtual,london-link-099-ab-2,940GZZLUWLO-move-03-02,unique,Junction traffic,940GZZLUWLO-access-out,,,exit,26,5,21,0
central-early-r10-s1-current-virtual,london-link-099-ab-2,940GZZLUWLO-move-03-02,unique,Junction traffic,940GZZLUWLO-move-01-02,,,,10,0,10,0
central-early-r10-s1-current-virtual,london-link-099-ab-2,940GZZLUWLO-move-03-02,unique,Junction traffic,940GZZLUWLO-move-02-02,,,,2,0,2,0
central-early-r10-s1-current-virtual,london-link-099-ab-2,940GZZLUWLO-move-03-02,unique,Junction traffic,940GZZLUWLO-move-03-02,,,,51,4,47,0
central-early-r10-s1-current-virtual,london-link-099-ab-2,940GZZLUWLO-move-03-02,unique,Junction traffic,940GZZLUWLO-move-04-02,,,,7,0,7,0
central-early-r10-s1-current-virtual,london-link-099-ab-2,940GZZLUWLO-move-03-02,unique,Junction traffic,940GZZLUWLO-move-05-02,,,,33,14,19,0
central-early-r10-s1-current-virtual,london-link-099-ab-2,940GZZLUWLO-move-03-02,unique,Junction traffic,940GZZLUWLO-road-out-02,,,exit,19,5,14,0
central-early-r10-s1-current-virtual,london-link-099-ab-2,940GZZLUWLO-move-03-02,unique,Junction traffic,london-link-027-ab-2,,,,1,0,1,0
central-early-r10-s1-current-virtual,london-link-099-ab-2,940GZZLUWLO-move-03-02,unique,Junction traffic,london-link-063-ab-2,,,,6,0,6,0
central-early-r10-s1-current-virtual,london-link-099-ab-2,940GZZLUWLO-move-03-02,unique,Junction traffic,london-link-063-ba-1,,,,72,18,54,0
central-early-r10-s1-current-virtual,london-link-099-ab-2,940GZZLUWLO-move-03-02,unique,Junction traffic,london-link-126-ab-2,,,,12,6,6,0
central-early-r10-s1-current-virtual,london-link-099-ab-2,940GZZLUWLO-move-03-02,unique,Pod ahead,london-link-063-ba-1,,,,63,9,54,0
central-early-r10-s1-current-virtual,london-link-099-ab-2,940GZZLUWLO-move-03-02,unique,Pod ahead,london-link-099-ab-2,,,,6,0,6,0
central-early-r10-s1-current-virtual,london-link-099-ab-2,940GZZLUWLO-road-in-03,unique,Junction traffic,940GZZLUWLO-access-in,,,entry,6,6,0,0
central-early-r10-s1-current-virtual,london-link-099-ab-2,940GZZLUWLO-road-in-03,unique,Junction traffic,940GZZLUWLO-road-in-03,,,approach,12,12,0,0
central-early-r10-s1-current-virtual,london-link-099-ab-2,940GZZLUWLO-road-in-03,unique,Pod ahead,940GZZLUWLO-access-in,,,entry,6,5,1,0
central-early-r10-s1-current-virtual,london-link-099-ba-2,940GZZLUKNG-move-03-02,unique,Junction traffic,940GZZLUKNG-move-03-02,,,,72,69,3,0
central-early-r10-s1-current-virtual,london-link-099-ba-2,940GZZLUKNG-move-03-02,unique,Junction traffic,london-link-098-ab-1,,,,42,40,2,0
central-early-r10-s1-current-virtual,london-link-099-ba-2,940GZZLUKNG-move-03-02,unique,Pod ahead,london-link-098-ab-1,,,,19,18,1,0
central-early-r10-s1-current-virtual,london-link-099-ba-2,940GZZLUKNG-move-03-02,unique,Pod ahead,london-link-099-ba-2,,,,2,2,0,0
central-early-r10-s1-current-virtual,london-link-101-ba-2,940GZZLUKSX-move-07-03,unique,Junction traffic,940GZZLUKSX-move-05-03,,,,143,0,143,0
central-early-r10-s1-current-virtual,london-link-101-ba-2,940GZZLUKSX-move-07-03,unique,Junction traffic,london-link-069-ba-1,,,,66,0,66,0
central-early-r10-s1-current-virtual,london-link-101-ba-2,940GZZLUKSX-move-07-03,unique,Junction traffic,london-link-074-ab-2,,,,45,0,45,0
central-early-r10-s1-current-virtual,london-link-101-ba-2,940GZZLUKSX-move-07-03,unique,Pod ahead,london-link-069-ba-1,,,,24,0,24,0
central-early-r10-s1-current-virtual,london-link-107-ba-2,940GZZLULSQ-road-in-04,unique,Junction traffic,940GZZLULSQ-access-in,,,entry,1,0,1,0
central-early-r10-s1-current-virtual,london-link-107-ba-2,940GZZLULSQ-road-in-04,unique,Pod ahead,940GZZLULSQ-access-in,,,entry,1,0,1,0
central-early-r10-s1-current-virtual,london-link-108-ba-2,940GZZLULVT-move-05-02,unique,Junction traffic,940GZZLULVT-move-05-02,,,,15,15,0,0
central-early-r10-s1-current-virtual,london-link-108-ba-2,940GZZLULVT-move-05-02,unique,Junction traffic,940GZZLULVT-road-in-05,,,approach,1,1,0,0
central-early-r10-s1-current-virtual,london-link-108-ba-2,940GZZLULVT-move-05-02,unique,Junction traffic,london-link-007-ba-1,,,,8,8,0,0
central-early-r10-s1-current-virtual,london-link-108-ba-2,940GZZLULVT-move-05-02,unique,Pod ahead,london-link-007-ba-1,,,,4,4,0,0
central-early-r10-s1-current-virtual,london-link-108-ba-2,940GZZLULVT-move-05-02,unique,Pod ahead,london-link-108-ba-2,,,,1,1,0,0
central-early-r10-s1-current-virtual,london-link-108-ba-2,940GZZLULVT-road-in-05,unique,Junction traffic,940GZZLULVT-move-05-02,,,,53,53,0,0
central-early-r10-s1-current-virtual,london-link-108-ba-2,940GZZLULVT-road-in-05,unique,Pod ahead,london-link-108-ba-2,,,,21,21,0,0
central-early-r10-s1-current-virtual,london-link-112-ba-2,940GZZLUOXC-move-03-01,unique,Junction traffic,940GZZLUOXC-move-03-01,,,,39,0,39,0
central-early-r10-s1-current-virtual,london-link-112-ba-2,940GZZLUOXC-move-03-01,unique,Junction traffic,940GZZLUOXC-move-05-01,,,,110,0,110,0
central-early-r10-s1-current-virtual,london-link-112-ba-2,940GZZLUOXC-move-03-01,unique,Junction traffic,london-link-020-ba-1,,,,82,0,82,0
central-early-r10-s1-current-virtual,london-link-112-ba-2,940GZZLUOXC-move-03-01,unique,Junction traffic,london-link-114-ba-2,,,,12,0,12,0
central-early-r10-s1-current-virtual,london-link-112-ba-2,940GZZLUOXC-move-03-01,unique,Pod ahead,london-link-020-ba-1,,,,48,0,48,0
central-early-r10-s1-current-virtual,london-link-112-ba-2,940GZZLUOXC-move-03-01,unique,Pod ahead,london-link-112-ba-2,,,,5,0,5,0
central-early-r10-s1-current-virtual,london-link-114-ba-2,940GZZLUOXC-move-05-01,unique,Junction traffic,940GZZLUOXC-move-03-01,,,,83,0,83,0
central-early-r10-s1-current-virtual,london-link-114-ba-2,940GZZLUOXC-move-05-01,unique,Junction traffic,london-link-020-ba-1,,,,36,0,36,0
central-early-r10-s1-current-virtual,london-link-114-ba-2,940GZZLUOXC-move-05-01,unique,Pod ahead,london-link-020-ba-1,,,,19,0,19,0
central-early-r10-s1-current-virtual,london-link-116-ba-2,940GZZLUPAC-move-04-03,unique,Junction traffic,940GZZLUPAC-road-out-03,,,exit,1,1,0,0
central-early-r10-s1-current-virtual,london-link-116-ba-2,940GZZLUPAC-move-04-03,unique,Junction traffic,london-link-067-ba-1,,,,2,2,0,0
central-early-r10-s1-current-virtual,london-link-116-ba-2,940GZZLUPAC-move-04-03,unique,Pod ahead,london-link-067-ba-1,,,,1,1,0,0
central-early-r10-s1-current-virtual,london-link-126-ab-2,940GZZLUWLO-move-05-02,unique,Junction traffic,940GZZLUWLO-move-01-02,,,,2,0,2,0
central-early-r10-s1-current-virtual,london-link-126-ab-2,940GZZLUWLO-move-05-02,unique,Junction traffic,940GZZLUWLO-move-03-02,,,,22,0,22,0
central-early-r10-s1-current-virtual,london-link-126-ab-2,940GZZLUWLO-move-05-02,unique,Junction traffic,london-link-063-ba-1,,,,14,0,14,0
central-early-r10-s1-current-virtual,london-link-126-ab-2,940GZZLUWLO-move-05-02,unique,Junction traffic,london-link-099-ab-2,,,,1,0,1,0
central-early-r10-s1-current-virtual,london-link-126-ab-2,940GZZLUWLO-move-05-02,unique,Pod ahead,london-link-063-ba-1,,,,7,0,7,0
central-early-r10-s1-old-off,940GZZLUBBN-move-01-02,london-link-010-ab-1,unique,Junction traffic,london-link-010-ab-1,,,,2,2,0,0
central-early-r10-s1-old-off,940GZZLUBBN-move-01-02,london-link-010-ab-1,unique,Pod ahead,london-link-010-ab-1,,,,3,3,0,0
central-early-r10-s1-old-off,940GZZLUBBN-move-02-01,london-link-009-ab-1,unique,Junction traffic,london-link-009-ab-1,,,,1,0,1,0
central-early-r10-s1-old-off,940GZZLUBBN-move-02-01,london-link-009-ab-1,unique,Pod ahead,london-link-009-ab-1,,,,10,0,10,0
central-early-r10-s1-old-off,940GZZLUBBN-road-out-01,london-link-009-ab-1,unique,Junction traffic,940GZZLUBBN-move-02-01,940GZZLUBBN,exit,,1,0,1,0
central-early-r10-s1-old-off,940GZZLUBBN-road-out-01,london-link-009-ab-1,unique,Junction traffic,london-link-009-ab-1,940GZZLUBBN,exit,,2,0,2,0
central-early-r10-s1-old-off,940GZZLUBBN-road-out-01,london-link-009-ab-1,unique,Pod ahead,london-link-009-ab-1,940GZZLUBBN,exit,,5,0,5,0
central-early-r10-s1-old-off,940GZZLUBND-move-04-01,london-link-017-ab-1,unique,Junction traffic,940GZZLUBND-road-out-01,,,exit,2,0,2,0
central-early-r10-s1-old-off,940GZZLUBND-move-04-01,london-link-017-ab-1,unique,Junction traffic,london-link-017-ab-1,,,,4,0,4,0
central-early-r10-s1-old-off,940GZZLUBND-move-04-01,london-link-017-ab-1,unique,Pod ahead,london-link-017-ab-1,,,,2,0,2,0
central-early-r10-s1-old-off,940GZZLUBNK-access-out,940GZZLUBNK-road-out-01,unique,Junction traffic,london-link-021-ab-1,940GZZLUBNK,exit,,1,0,1,0
central-early-r10-s1-old-off,940GZZLUBNK-access-out,940GZZLUBNK-road-out-05,unique,Junction traffic,940GZZLUBNK-move-03-05,940GZZLUBNK,exit,,7,0,7,0
central-early-r10-s1-old-off,940GZZLUBNK-access-out,940GZZLUBNK-road-out-05,unique,Junction traffic,940GZZLUBNK-move-06-05,940GZZLUBNK,exit,,5,0,5,0
central-early-r10-s1-old-off,940GZZLUBNK-access-out,940GZZLUBNK-road-out-05,unique,Junction traffic,london-link-023-ba-2,940GZZLUBNK,exit,,6,0,6,0
central-early-r10-s1-old-off,940GZZLUBNK-access-out,940GZZLUBNK-road-out-05,unique,Junction traffic,london-link-025-ab-1,940GZZLUBNK,exit,,12,0,12,0
central-early-r10-s1-old-off,940GZZLUBNK-access-out,940GZZLUBNK-road-out-05,unique,Pod ahead,london-link-025-ab-1,940GZZLUBNK,exit,,5,0,5,0
central-early-r10-s1-old-off,940GZZLUBST-access-out,940GZZLUBST-road-out-04,unique,Junction traffic,940GZZLUBST-move-01-04,940GZZLUBST,exit,,3,3,0,0
central-early-r10-s1-old-off,940GZZLUBST-access-out,940GZZLUBST-road-out-04,unique,Junction traffic,940GZZLUBST-move-02-04,940GZZLUBST,exit,,288,288,0,0
central-early-r10-s1-old-off,940GZZLUBST-access-out,940GZZLUBST-road-out-04,unique,Junction traffic,london-link-017-ab-2,940GZZLUBST,exit,,5,5,0,0
central-early-r10-s1-old-off,940GZZLUBST-access-out,940GZZLUBST-road-out-04,unique,Junction traffic,london-link-033-ba-2,940GZZLUBST,exit,,82,82,0,0
central-early-r10-s1-old-off,940GZZLUBST-access-out,940GZZLUBST-road-out-04,unique,Junction traffic,london-link-035-ab-1,940GZZLUBST,exit,,138,138,0,0
central-early-r10-s1-old-off,940GZZLUBST-access-out,940GZZLUBST-road-out-04,unique,Pod ahead,940GZZLUBST-access-out,940GZZLUBST,exit,exit,45,45,0,0
central-early-r10-s1-old-off,940GZZLUBST-access-out,940GZZLUBST-road-out-04,unique,Pod ahead,london-link-035-ab-1,940GZZLUBST,exit,,61,61,0,0
central-early-r10-s1-old-off,940GZZLUCHX-move-02-01,london-link-048-ab-1,unique,Junction traffic,940GZZLUCHX-move-03-01,,,,1,0,1,0
central-early-r10-s1-old-off,940GZZLUCHX-move-02-01,london-link-048-ab-1,unique,Junction traffic,london-link-048-ab-1,,,,3,1,2,0
central-early-r10-s1-old-off,940GZZLUCHX-move-02-01,london-link-048-ab-1,unique,Pod ahead,london-link-048-ab-1,,,,3,2,1,0
central-early-r10-s1-old-off,940GZZLUCHX-road-out-01,london-link-048-ab-1,unique,Junction traffic,940GZZLUCHX-move-03-01,940GZZLUCHX,exit,,2,2,0,0
central-early-r10-s1-old-off,940GZZLUCHX-road-out-01,london-link-048-ab-1,unique,Junction traffic,london-link-048-ab-1,940GZZLUCHX,exit,,8,8,0,0
central-early-r10-s1-old-off,940GZZLUCHX-road-out-01,london-link-048-ab-1,unique,Pod ahead,london-link-048-ab-1,940GZZLUCHX,exit,,6,6,0,0
central-early-r10-s1-old-off,940GZZLUEMB-access-out,940GZZLUEMB-road-out-01,unique,Junction traffic,940GZZLUEMB-move-03-01,940GZZLUEMB,exit,,19,0,19,0
central-early-r10-s1-old-off,940GZZLUEMB-access-out,940GZZLUEMB-road-out-01,unique,Junction traffic,london-link-048-ba-1,940GZZLUEMB,exit,,8,0,8,0
central-early-r10-s1-old-off,940GZZLUEMB-access-out,940GZZLUEMB-road-out-01,unique,Pod ahead,london-link-048-ba-1,940GZZLUEMB,exit,,4,0,4,0
central-early-r10-s1-old-off,940GZZLUEMB-move-01-03,london-link-063-ab-1,unique,Junction traffic,940GZZLUEMB-road-out-03,,,exit,1,1,0,0
central-early-r10-s1-old-off,940GZZLUEMB-move-01-03,london-link-063-ab-1,unique,Junction traffic,london-link-063-ab-1,,,,4,4,0,0
central-early-r10-s1-old-off,940GZZLUEMB-move-01-03,london-link-063-ab-1,unique,Pod ahead,london-link-063-ab-1,,,,4,4,0,0
central-early-r10-s1-old-off,940GZZLUEMB-move-02-01,london-link-048-ba-1,unique,Junction traffic,940GZZLUEMB-move-03-01,,,,59,0,59,0
central-early-r10-s1-old-off,940GZZLUEMB-move-02-01,london-link-048-ba-1,unique,Junction traffic,london-link-048-ba-1,,,,27,0,27,0
central-early-r10-s1-old-off,940GZZLUEMB-move-02-01,london-link-048-ba-1,unique,Pod ahead,london-link-048-ba-1,,,,14,0,14,0
central-early-r10-s1-old-off,940GZZLUESQ-move-01-02,london-link-069-ab-1,unique,Junction traffic,london-link-069-ab-1,,,,5,5,0,0
central-early-r10-s1-old-off,940GZZLUESQ-move-01-02,london-link-069-ab-1,unique,Pod ahead,london-link-069-ab-1,,,,9,9,0,0
central-early-r10-s1-old-off,940GZZLUESQ-road-out-02,london-link-069-ab-1,unique,Junction traffic,london-link-069-ab-1,940GZZLUESQ,exit,,4,4,0,0
central-early-r10-s1-old-off,940GZZLUESQ-road-out-02,london-link-069-ab-1,unique,Pod ahead,london-link-069-ab-1,940GZZLUESQ,exit,,13,13,0,0
central-early-r10-s1-old-off,940GZZLUFCN-move-01-02,london-link-074-ab-1,unique,Junction traffic,london-link-074-ab-1,,,,56,0,56,0
central-early-r10-s1-old-off,940GZZLUFCN-move-01-02,london-link-074-ab-1,unique,Pod ahead,london-link-074-ab-1,,,,45,0,45,0
central-early-r10-s1-old-off,940GZZLUFCN-move-02-01,london-link-009-ba-1,unique,Junction traffic,london-link-009-ba-1,,,,9,9,0,0
central-early-r10-s1-old-off,940GZZLUFCN-move-02-01,london-link-009-ba-1,unique,Pod ahead,london-link-009-ba-1,,,,3,3,0,0
central-early-r10-s1-old-off,940GZZLUFCN-road-out-02,london-link-074-ab-1,unique,Junction traffic,940GZZLUFCN-move-01-02,940GZZLUFCN,exit,,7,0,7,0
central-early-r10-s1-old-off,940GZZLUFCN-road-out-02,london-link-074-ab-1,unique,Junction traffic,london-link-074-ab-1,940GZZLUFCN,exit,,33,0,33,0
central-early-r10-s1-old-off,940GZZLUFCN-road-out-02,london-link-074-ab-1,unique,Pod ahead,london-link-074-ab-1,940GZZLUFCN,exit,,27,0,27,0
central-early-r10-s1-old-off,940GZZLUGPS-02-in,,last,Berth occupied,940GZZLUGPS-02-out,940GZZLUGPS,berth-access,departure,1,0,1,0
central-early-r10-s1-old-off,940GZZLUGPS-02-in,,last,Junction traffic,940GZZLUGPS-02-out,940GZZLUGPS,berth-access,departure,3,0,3,0
central-early-r10-s1-old-off,940GZZLUGPS-move-01-02,london-link-068-ba-1,unique,Junction traffic,940GZZLUGPS-road-out-02,,,exit,1,1,0,0
central-early-r10-s1-old-off,940GZZLUGPS-move-01-02,london-link-068-ba-1,unique,Junction traffic,london-link-068-ba-1,,,,6,6,0,0
central-early-r10-s1-old-off,940GZZLUGPS-move-01-02,london-link-068-ba-1,unique,Pod ahead,london-link-068-ba-1,,,,12,12,0,0
central-early-r10-s1-old-off,940GZZLUGPS-move-02-01,london-link-035-ba-1,unique,Junction traffic,940GZZLUGPS-move-02-01,,,,1,0,1,0
central-early-r10-s1-old-off,940GZZLUGPS-move-02-01,london-link-035-ba-1,unique,Junction traffic,london-link-035-ba-1,,,,1,0,1,0
central-early-r10-s1-old-off,940GZZLUGPS-move-02-01,london-link-035-ba-1,unique,Pod ahead,940GZZLUGPS-move-02-01,,,,697,0,697,0
central-early-r10-s1-old-off,940GZZLUGPS-move-02-01,london-link-035-ba-1,unique,Pod ahead,london-link-035-ba-1,,,,446,0,446,0
central-early-r10-s1-old-off,940GZZLUGPS-road-out-02,london-link-068-ba-1,unique,Junction traffic,940GZZLUGPS-move-01-02,940GZZLUGPS,exit,,3,3,0,0
central-early-r10-s1-old-off,940GZZLUGPS-road-out-02,london-link-068-ba-1,unique,Junction traffic,london-link-068-ba-1,940GZZLUGPS,exit,,5,5,0,0
central-early-r10-s1-old-off,940GZZLUGPS-road-out-02,london-link-068-ba-1,unique,Pod ahead,london-link-068-ba-1,940GZZLUGPS,exit,,6,6,0,0
central-early-r10-s1-old-off,940GZZLUHBN-move-02-01,london-link-044-ba-1,unique,Junction traffic,london-link-044-ba-1,,,,2,0,2,0
central-early-r10-s1-old-off,940GZZLUHBN-move-02-01,london-link-044-ba-1,unique,Pod ahead,london-link-044-ba-1,,,,2,0,2,0
central-early-r10-s1-old-off,940GZZLUKNG-move-01-02,london-link-098-ab-1,unique,Junction traffic,940GZZLUKNG-move-03-02,,,,4,0,4,0
central-early-r10-s1-old-off,940GZZLUKNG-move-01-02,london-link-098-ab-1,unique,Junction traffic,london-link-098-ab-1,,,,2,0,2,0
central-early-r10-s1-old-off,940GZZLUKNG-move-01-02,london-link-098-ab-1,unique,Pod ahead,london-link-098-ab-1,,,,1,0,1,0
central-early-r10-s1-old-off,940GZZLUKNG-move-02-03,london-link-099-ab-1,unique,Junction traffic,940GZZLUKNG-move-03-03,,,,3,0,3,0
central-early-r10-s1-old-off,940GZZLUKNG-move-02-03,london-link-099-ab-1,unique,Junction traffic,london-link-099-ab-1,,,,2,0,2,0
central-early-r10-s1-old-off,940GZZLUKNG-move-02-03,london-link-099-ab-1,unique,Junction traffic,london-link-099-ba-2,,,,2,0,2,0
central-early-r10-s1-old-off,940GZZLUKNG-move-02-03,london-link-099-ab-1,unique,Pod ahead,london-link-099-ab-1,,,,1,0,1,0
central-early-r10-s1-old-off,940GZZLUKSX-access-out,940GZZLUKSX-road-out-03,unique,Junction traffic,940GZZLUKSX-move-05-03,940GZZLUKSX,exit,,243,0,243,0
central-early-r10-s1-old-off,940GZZLUKSX-access-out,940GZZLUKSX-road-out-03,unique,Junction traffic,940GZZLUKSX-move-07-03,940GZZLUKSX,exit,,5,0,5,0
central-early-r10-s1-old-off,940GZZLUKSX-access-out,940GZZLUKSX-road-out-03,unique,Junction traffic,london-link-069-ba-1,940GZZLUKSX,exit,,89,0,89,0
central-early-r10-s1-old-off,940GZZLUKSX-access-out,940GZZLUKSX-road-out-03,unique,Junction traffic,london-link-074-ab-2,940GZZLUKSX,exit,,92,0,92,0
central-early-r10-s1-old-off,940GZZLUKSX-access-out,940GZZLUKSX-road-out-03,unique,Pod ahead,london-link-069-ba-1,940GZZLUKSX,exit,,46,0,46,0
central-early-r10-s1-old-off,940GZZLULSQ-02-departure-link,940GZZLULSQ-01-departure-link,unique,Pod ahead,940GZZLULSQ-01-departure-link,940GZZLULSQ,departure,departure,1,1,0,0
central-early-r10-s1-old-off,940GZZLULSQ-access-out,940GZZLULSQ-road-out-02,unique,Junction traffic,london-link-049-ba-1,940GZZLULSQ,exit,,1,1,0,0
central-early-r10-s1-old-off,940GZZLULSQ-access-out,940GZZLULSQ-road-out-02,unique,Pod ahead,london-link-049-ba-1,940GZZLULSQ,exit,,3,3,0,0
central-early-r10-s1-old-off,940GZZLULSQ-move-01-02,london-link-049-ba-1,unique,Junction traffic,940GZZLULSQ-road-out-02,,,exit,4,0,4,0
central-early-r10-s1-old-off,940GZZLULSQ-move-01-02,london-link-049-ba-1,unique,Junction traffic,london-link-049-ba-1,,,,2,0,2,0
central-early-r10-s1-old-off,940GZZLULSQ-move-01-02,london-link-049-ba-1,unique,Pod ahead,london-link-049-ba-1,,,,1,0,1,0
central-early-r10-s1-old-off,940GZZLULSQ-move-04-02,london-link-049-ba-1,unique,Junction traffic,940GZZLULSQ-road-out-02,,,exit,2,2,0,0
central-early-r10-s1-old-off,940GZZLULSQ-move-04-02,london-link-049-ba-1,unique,Junction traffic,london-link-049-ba-1,,,,3,3,0,0
central-early-r10-s1-old-off,940GZZLULSQ-move-04-02,london-link-049-ba-1,unique,Pod ahead,london-link-049-ba-1,,,,1,1,0,0
central-early-r10-s1-old-off,940GZZLULSQ-through,940GZZLULSQ-access-out,unique,Pod ahead,940GZZLULSQ-access-out,940GZZLULSQ,through,exit,1,0,1,0
central-early-r10-s1-old-off,940GZZLULVT-access-out,940GZZLULVT-road-out-05,unique,Pod ahead,940GZZLULVT-road-out-05,940GZZLULVT,exit,exit,5,0,5,0
central-early-r10-s1-old-off,940GZZLULVT-road-out-04,london-link-023-ba-1,unique,Junction traffic,940GZZLULVT-move-02-04,940GZZLULVT,exit,,8,0,8,0
central-early-r10-s1-old-off,940GZZLULVT-road-out-04,london-link-023-ba-1,unique,Junction traffic,london-link-023-ba-1,940GZZLULVT,exit,,5,0,5,0
central-early-r10-s1-old-off,940GZZLULVT-road-out-04,london-link-023-ba-1,unique,Pod ahead,london-link-023-ba-1,940GZZLULVT,exit,,2,0,2,0
central-early-r10-s1-old-off,940GZZLULVT-road-out-05,london-link-108-ab-1,unique,Junction traffic,940GZZLULVT-move-02-05,940GZZLULVT,exit,,117,0,117,0
central-early-r10-s1-old-off,940GZZLULVT-road-out-05,london-link-108-ab-1,unique,Junction traffic,london-link-108-ab-1,940GZZLULVT,exit,,48,0,48,0
central-early-r10-s1-old-off,940GZZLULVT-road-out-05,london-link-108-ab-1,unique,Pod ahead,940GZZLULVT-road-out-05,940GZZLULVT,exit,exit,5,0,5,0
central-early-r10-s1-old-off,940GZZLULVT-road-out-05,london-link-108-ab-1,unique,Pod ahead,london-link-108-ab-1,940GZZLULVT,exit,,29,0,29,0
central-early-r10-s1-old-off,940GZZLUMGT-access-out,940GZZLUMGT-road-out-01,unique,Junction traffic,940GZZLUMGT-move-02-01,940GZZLUMGT,exit,,8,0,8,0
central-early-r10-s1-old-off,940GZZLUMGT-access-out,940GZZLUMGT-road-out-01,unique,Junction traffic,940GZZLUMGT-move-03-01,940GZZLUMGT,exit,,18,0,18,0
central-early-r10-s1-old-off,940GZZLUMGT-access-out,940GZZLUMGT-road-out-01,unique,Junction traffic,940GZZLUMGT-road-out-01,940GZZLUMGT,exit,exit,1,0,1,0
central-early-r10-s1-old-off,940GZZLUMGT-access-out,940GZZLUMGT-road-out-01,unique,Junction traffic,london-link-010-ba-1,940GZZLUMGT,exit,,28,0,28,0
central-early-r10-s1-old-off,940GZZLUMGT-access-out,940GZZLUMGT-road-out-01,unique,Pod ahead,london-link-010-ba-1,940GZZLUMGT,exit,,19,0,19,0
central-early-r10-s1-old-off,940GZZLUMGT-move-02-01,london-link-010-ba-1,unique,Junction traffic,940GZZLUMGT-move-03-01,,,,16,0,16,0
central-early-r10-s1-old-off,940GZZLUMGT-move-02-01,london-link-010-ba-1,unique,Junction traffic,940GZZLUMGT-road-out-01,,,exit,4,0,4,0
central-early-r10-s1-old-off,940GZZLUMGT-move-02-01,london-link-010-ba-1,unique,Junction traffic,london-link-010-ba-1,,,,13,0,13,0
central-early-r10-s1-old-off,940GZZLUMGT-move-02-01,london-link-010-ba-1,unique,Pod ahead,london-link-010-ba-1,,,,9,0,9,0
central-early-r10-s1-old-off,940GZZLUMGT-move-03-01,london-link-010-ba-1,unique,Junction traffic,940GZZLUMGT-access-out,,,exit,18,0,18,0
central-early-r10-s1-old-off,940GZZLUMGT-move-03-01,london-link-010-ba-1,unique,Junction traffic,940GZZLUMGT-move-02-01,,,,11,0,11,0
central-early-r10-s1-old-off,940GZZLUMGT-move-03-01,london-link-010-ba-1,unique,Junction traffic,940GZZLUMGT-road-out-01,,,exit,88,0,88,0
central-early-r10-s1-old-off,940GZZLUMGT-move-03-01,london-link-010-ba-1,unique,Junction traffic,london-link-010-ba-1,,,,105,0,105,0
central-early-r10-s1-old-off,940GZZLUMGT-move-03-01,london-link-010-ba-1,unique,Pod ahead,940GZZLUMGT-move-03-01,,,,75,0,75,0
central-early-r10-s1-old-off,940GZZLUMGT-move-03-01,london-link-010-ba-1,unique,Pod ahead,london-link-010-ba-1,,,,55,0,55,0
central-early-r10-s1-old-off,940GZZLUOVL-01-out,940GZZLUOVL-01-departure-link,unique,Pod ahead,940GZZLUOVL-01-departure-link,940GZZLUOVL,departure,departure,2,0,2,0
central-early-r10-s1-old-off,940GZZLUOVL-road-out-01,london-link-098-ba-1,unique,Pod ahead,london-link-098-ba-1,940GZZLUOVL,exit,,1,0,1,0
central-early-r10-s1-old-off,940GZZLUPAC-02-departure-link,940GZZLUPAC-01-departure-link,unique,Pod ahead,940GZZLUPAC-01-departure-link,940GZZLUPAC,departure,departure,1,1,0,0
central-early-r10-s1-old-off,940GZZLUPAC-02-in,,last,Junction traffic,940GZZLUPAC-02-out,940GZZLUPAC,berth-access,departure,3,0,3,0
central-early-r10-s1-old-off,940GZZLUPAC-access-out,940GZZLUPAC-road-out-03,unique,Junction traffic,940GZZLUPAC-move-04-03,940GZZLUPAC,exit,,11,11,0,0
central-early-r10-s1-old-off,940GZZLUPAC-access-out,940GZZLUPAC-road-out-03,unique,Junction traffic,940GZZLUPAC-road-out-03,940GZZLUPAC,exit,exit,17,17,0,0
central-early-r10-s1-old-off,940GZZLUPAC-access-out,940GZZLUPAC-road-out-03,unique,Junction traffic,london-link-067-ba-1,940GZZLUPAC,exit,,71,71,0,0
central-early-r10-s1-old-off,940GZZLUPAC-access-out,940GZZLUPAC-road-out-03,unique,Pod ahead,940GZZLUPAC-access-out,940GZZLUPAC,exit,exit,16,16,0,0
central-early-r10-s1-old-off,940GZZLUPAC-access-out,940GZZLUPAC-road-out-03,unique,Pod ahead,london-link-067-ba-1,940GZZLUPAC,exit,,317,317,0,0
central-early-r10-s1-old-off,940GZZLUPAC-road-in-01,940GZZLUPAC-access-in,unique,Pod ahead,940GZZLUPAC-access-in,940GZZLUPAC,approach,entry,1,0,1,0
central-early-r10-s1-old-off,940GZZLUTCR-access-out,940GZZLUTCR-road-out-03,unique,Junction traffic,940GZZLUTCR-road-out-03,940GZZLUTCR,exit,exit,2,2,0,0
central-early-r10-s1-old-off,940GZZLUTCR-access-out,940GZZLUTCR-road-out-03,unique,Junction traffic,london-link-107-ba-1,940GZZLUTCR,exit,,2,2,0,0
central-early-r10-s1-old-off,940GZZLUWLO-access-out,940GZZLUWLO-road-out-02,unique,Junction traffic,940GZZLUWLO-move-03-02,940GZZLUWLO,exit,,41,0,41,0
central-early-r10-s1-old-off,940GZZLUWLO-access-out,940GZZLUWLO-road-out-02,unique,Junction traffic,940GZZLUWLO-move-05-02,940GZZLUWLO,exit,,4,0,4,0
central-early-r10-s1-old-off,940GZZLUWLO-access-out,940GZZLUWLO-road-out-02,unique,Junction traffic,940GZZLUWLO-road-out-03,940GZZLUWLO,exit,exit,19,0,19,0
central-early-r10-s1-old-off,940GZZLUWLO-access-out,940GZZLUWLO-road-out-02,unique,Junction traffic,london-link-063-ba-1,940GZZLUWLO,exit,,12,0,12,0
central-early-r10-s1-old-off,940GZZLUWLO-access-out,940GZZLUWLO-road-out-02,unique,Junction traffic,london-link-099-ab-2,940GZZLUWLO,exit,,8,0,8,0
central-early-r10-s1-old-off,940GZZLUWLO-access-out,940GZZLUWLO-road-out-02,unique,Pod ahead,940GZZLUWLO-access-out,940GZZLUWLO,exit,exit,7,0,7,0
central-early-r10-s1-old-off,940GZZLUWLO-access-out,940GZZLUWLO-road-out-02,unique,Pod ahead,london-link-063-ba-1,940GZZLUWLO,exit,,6,0,6,0
central-early-r10-s1-old-off,940GZZLUWLO-access-out,940GZZLUWLO-road-out-03,unique,Junction traffic,940GZZLUWLO-move-02-03,940GZZLUWLO,exit,,53,53,0,0
central-early-r10-s1-old-off,940GZZLUWLO-access-out,940GZZLUWLO-road-out-03,unique,Junction traffic,940GZZLUWLO-road-out-03,940GZZLUWLO,exit,exit,6,6,0,0
central-early-r10-s1-old-off,940GZZLUWLO-access-out,940GZZLUWLO-road-out-03,unique,Junction traffic,london-link-063-ab-2,940GZZLUWLO,exit,,3,3,0,0
central-early-r10-s1-old-off,940GZZLUWLO-access-out,940GZZLUWLO-road-out-03,unique,Junction traffic,london-link-099-ba-1,940GZZLUWLO,exit,,34,34,0,0
central-early-r10-s1-old-off,940GZZLUWLO-access-out,940GZZLUWLO-road-out-03,unique,Pod ahead,940GZZLUWLO-access-out,940GZZLUWLO,exit,exit,12,12,0,0
central-early-r10-s1-old-off,940GZZLUWLO-access-out,940GZZLUWLO-road-out-03,unique,Pod ahead,london-link-099-ba-1,940GZZLUWLO,exit,,15,15,0,0
central-early-r10-s1-old-off,london-link-007-ab-2,940GZZLULVT-move-02-04,unique,Junction traffic,london-link-023-ba-1,,,,1,0,1,0
central-early-r10-s1-old-off,london-link-007-ab-2,940GZZLULVT-move-02-04,unique,Pod ahead,london-link-023-ba-1,,,,1,0,1,0
central-early-r10-s1-old-off,london-link-007-ab-2,940GZZLULVT-move-02-05,unique,Junction traffic,940GZZLULVT-move-02-05,,,,3,0,3,0
central-early-r10-s1-old-off,london-link-007-ab-2,940GZZLULVT-move-02-05,unique,Junction traffic,940GZZLULVT-road-out-05,,,exit,4,0,4,0
central-early-r10-s1-old-off,london-link-007-ab-2,940GZZLULVT-move-02-05,unique,Junction traffic,london-link-108-ab-1,,,,8,0,8,0
central-early-r10-s1-old-off,london-link-007-ab-2,940GZZLULVT-move-02-05,unique,Pod ahead,london-link-108-ab-1,,,,6,0,6,0
central-early-r10-s1-old-off,london-link-009-ab-2,940GZZLUFCN-move-01-02,unique,Junction traffic,940GZZLUFCN-move-01-02,,,,21,0,21,0
central-early-r10-s1-old-off,london-link-009-ab-2,940GZZLUFCN-move-01-02,unique,Pod ahead,940GZZLUFCN-move-01-02,,,,131,0,131,0
central-early-r10-s1-old-off,london-link-009-ab-2,940GZZLUFCN-move-01-02,unique,Pod ahead,london-link-009-ab-2,,,,78,0,78,0
central-early-r10-s1-old-off,london-link-009-ba-2,940GZZLUBBN-move-01-01,unique,Pod ahead,london-link-009-ab-1,,,,1,0,1,0
central-early-r10-s1-old-off,london-link-017-ab-2,940GZZLUBST-move-01-02,unique,Junction traffic,940GZZLUBST-move-01-02,,,,532,0,532,0
central-early-r10-s1-old-off,london-link-017-ab-2,940GZZLUBST-move-01-02,unique,Junction traffic,940GZZLUBST-move-03-02,,,,24,0,24,0
central-early-r10-s1-old-off,london-link-017-ab-2,940GZZLUBST-move-01-02,unique,Junction traffic,940GZZLUBST-move-04-02,,,,3758,0,3758,0
central-early-r10-s1-old-off,london-link-017-ab-2,940GZZLUBST-move-01-02,unique,Junction traffic,940GZZLUBST-move-07-02,,,,7,0,7,0
central-early-r10-s1-old-off,london-link-017-ab-2,940GZZLUBST-move-01-02,unique,Junction traffic,940GZZLUBST-road-in-01,,,approach,1,0,1,0
central-early-r10-s1-old-off,london-link-017-ab-2,940GZZLUBST-move-01-02,unique,Junction traffic,london-link-017-ab-2,,,,4,0,4,0
central-early-r10-s1-old-off,london-link-017-ab-2,940GZZLUBST-move-01-02,unique,Junction traffic,london-link-033-ab-1,,,,1464,0,1464,0
central-early-r10-s1-old-off,london-link-017-ab-2,940GZZLUBST-move-01-02,unique,Junction traffic,london-link-034-ba-2,,,,27,0,27,0
central-early-r10-s1-old-off,london-link-017-ab-2,940GZZLUBST-move-01-02,unique,Junction traffic,london-link-035-ba-2,,,,1794,0,1794,0
central-early-r10-s1-old-off,london-link-017-ab-2,940GZZLUBST-move-01-02,unique,Junction traffic,london-link-038-ba-2,,,,11,0,11,0
central-early-r10-s1-old-off,london-link-017-ab-2,940GZZLUBST-move-01-02,unique,Pod ahead,london-link-017-ab-2,,,,3754,0,3754,0
central-early-r10-s1-old-off,london-link-017-ab-2,940GZZLUBST-move-01-02,unique,Pod ahead,london-link-033-ab-1,,,,627,0,627,0
central-early-r10-s1-old-off,london-link-017-ab-2,940GZZLUBST-move-01-03,unique,Pod ahead,london-link-017-ab-2,,,,31,0,31,0
central-early-r10-s1-old-off,london-link-017-ab-2,940GZZLUBST-move-01-04,unique,Junction traffic,940GZZLUBST-move-01-02,,,,42,0,42,0
central-early-r10-s1-old-off,london-link-017-ab-2,940GZZLUBST-move-01-04,unique,Junction traffic,940GZZLUBST-move-01-03,,,,3,0,3,0
central-early-r10-s1-old-off,london-link-017-ab-2,940GZZLUBST-move-01-04,unique,Junction traffic,940GZZLUBST-move-02-04,,,,107,0,107,0
central-early-r10-s1-old-off,london-link-017-ab-2,940GZZLUBST-move-01-04,unique,Junction traffic,london-link-033-ba-2,,,,39,0,39,0
central-early-r10-s1-old-off,london-link-017-ab-2,940GZZLUBST-move-01-04,unique,Junction traffic,london-link-035-ab-1,,,,51,0,51,0
central-early-r10-s1-old-off,london-link-017-ab-2,940GZZLUBST-move-01-04,unique,Pod ahead,london-link-017-ab-2,,,,300,0,300,0
central-early-r10-s1-old-off,london-link-017-ab-2,940GZZLUBST-move-01-04,unique,Pod ahead,london-link-035-ab-1,,,,24,0,24,0
central-early-r10-s1-old-off,london-link-017-ab-2,940GZZLUBST-road-in-01,unique,Junction traffic,940GZZLUBST-move-01-02,,,,30,0,30,0
central-early-r10-s1-old-off,london-link-017-ab-2,940GZZLUBST-road-in-01,unique,Pod ahead,london-link-017-ab-2,,,,194,0,194,0
central-early-r10-s1-old-off,london-link-023-ba-2,940GZZLUBNK-move-03-01,unique,Junction traffic,940GZZLUBNK-move-06-01,,,,7,0,7,0
central-early-r10-s1-old-off,london-link-023-ba-2,940GZZLUBNK-move-03-01,unique,Junction traffic,london-link-021-ab-1,,,,2,0,2,0
central-early-r10-s1-old-off,london-link-023-ba-2,940GZZLUBNK-move-03-01,unique,Pod ahead,london-link-021-ab-1,,,,1,0,1,0
central-early-r10-s1-old-off,london-link-023-ba-2,940GZZLUBNK-move-03-05,unique,Junction traffic,940GZZLUBNK-access-out,,,exit,5,0,5,0
central-early-r10-s1-old-off,london-link-023-ba-2,940GZZLUBNK-move-03-05,unique,Junction traffic,940GZZLUBNK-move-06-05,,,,12,0,12,0
central-early-r10-s1-old-off,london-link-023-ba-2,940GZZLUBNK-move-03-05,unique,Junction traffic,940GZZLUBNK-road-out-05,,,exit,26,0,26,0
central-early-r10-s1-old-off,london-link-023-ba-2,940GZZLUBNK-move-03-05,unique,Junction traffic,london-link-025-ab-1,,,,19,0,19,0
central-early-r10-s1-old-off,london-link-023-ba-2,940GZZLUBNK-move-03-05,unique,Pod ahead,london-link-025-ab-1,,,,11,0,11,0
central-early-r10-s1-old-off,london-link-024-ba-2,940GZZLUBNK-move-04-05,unique,Junction traffic,940GZZLUBNK-road-out-05,,,exit,6,0,6,0
central-early-r10-s1-old-off,london-link-024-ba-2,940GZZLUBNK-move-04-05,unique,Junction traffic,london-link-025-ab-1,,,,2,0,2,0
central-early-r10-s1-old-off,london-link-024-ba-2,940GZZLUBNK-move-04-05,unique,Pod ahead,london-link-025-ab-1,,,,2,0,2,0
central-early-r10-s1-old-off,london-link-026-ba-2,940GZZLUBNK-move-06-05,unique,Junction traffic,940GZZLUBNK-road-out-05,,,exit,2,0,2,0
central-early-r10-s1-old-off,london-link-026-ba-2,940GZZLUBNK-move-06-05,unique,Junction traffic,london-link-025-ab-1,,,,2,0,2,0
central-early-r10-s1-old-off,london-link-026-ba-2,940GZZLUBNK-move-06-05,unique,Pod ahead,london-link-025-ab-1,,,,1,0,1,0
central-early-r10-s1-old-off,london-link-026-ba-2,940GZZLUBNK-move-06-07,unique,Junction traffic,940GZZLUBNK-move-03-07,,,,3,0,3,0
central-early-r10-s1-old-off,london-link-026-ba-2,940GZZLUBNK-move-06-07,unique,Junction traffic,london-link-027-ab-1,,,,2,0,2,0
central-early-r10-s1-old-off,london-link-026-ba-2,940GZZLUBNK-move-06-07,unique,Pod ahead,london-link-027-ab-1,,,,1,0,1,0
central-early-r10-s1-old-off,london-link-027-ab-2,940GZZLUWLO-move-01-02,unique,Junction traffic,940GZZLUWLO-move-03-02,,,,29,0,29,0
central-early-r10-s1-old-off,london-link-027-ab-2,940GZZLUWLO-move-01-02,unique,Junction traffic,london-link-063-ba-1,,,,8,0,8,0
central-early-r10-s1-old-off,london-link-027-ab-2,940GZZLUWLO-move-01-02,unique,Junction traffic,london-link-099-ab-2,,,,8,0,8,0
central-early-r10-s1-old-off,london-link-027-ab-2,940GZZLUWLO-move-01-02,unique,Pod ahead,london-link-063-ba-1,,,,5,0,5,0
central-early-r10-s1-old-off,london-link-027-ab-2,940GZZLUWLO-road-in-01,unique,Junction traffic,940GZZLUWLO-access-in,,,entry,10,0,10,0
central-early-r10-s1-old-off,london-link-027-ab-2,940GZZLUWLO-road-in-01,unique,Junction traffic,940GZZLUWLO-road-in-01,,,approach,1,0,1,0
central-early-r10-s1-old-off,london-link-027-ab-2,940GZZLUWLO-road-in-01,unique,Junction traffic,940GZZLUWLO-road-in-03,,,approach,28,0,28,0
central-early-r10-s1-old-off,london-link-027-ab-2,940GZZLUWLO-road-in-01,unique,Junction traffic,london-link-099-ab-2,,,,6,0,6,0
central-early-r10-s1-old-off,london-link-027-ab-2,940GZZLUWLO-road-in-01,unique,Pod ahead,940GZZLUWLO-access-in,,,entry,4,0,4,0
central-early-r10-s1-old-off,london-link-033-ba-2,940GZZLUBST-move-02-01,unique,Junction traffic,940GZZLUBST-move-02-04,,,,107,107,0,0
central-early-r10-s1-old-off,london-link-033-ba-2,940GZZLUBST-move-02-01,unique,Junction traffic,940GZZLUBST-move-03-01,,,,4,4,0,0
central-early-r10-s1-old-off,london-link-033-ba-2,940GZZLUBST-move-02-01,unique,Junction traffic,london-link-017-ba-1,,,,11,11,0,0
central-early-r10-s1-old-off,london-link-033-ba-2,940GZZLUBST-move-02-01,unique,Pod ahead,london-link-017-ba-1,,,,7,7,0,0
central-early-r10-s1-old-off,london-link-033-ba-2,940GZZLUBST-move-02-01,unique,Pod ahead,london-link-033-ba-2,,,,226,226,0,0
central-early-r10-s1-old-off,london-link-033-ba-2,940GZZLUBST-move-02-04,unique,Junction traffic,940GZZLUBST-access-out,,,exit,129,129,0,0
central-early-r10-s1-old-off,london-link-033-ba-2,940GZZLUBST-move-02-04,unique,Junction traffic,940GZZLUBST-move-01-04,,,,46,46,0,0
central-early-r10-s1-old-off,london-link-033-ba-2,940GZZLUBST-move-02-04,unique,Junction traffic,940GZZLUBST-move-02-04,,,,685,685,0,0
central-early-r10-s1-old-off,london-link-033-ba-2,940GZZLUBST-move-02-04,unique,Junction traffic,940GZZLUBST-move-03-04,,,,5,5,0,0
central-early-r10-s1-old-off,london-link-033-ba-2,940GZZLUBST-move-02-04,unique,Junction traffic,940GZZLUBST-road-out-04,,,exit,282,282,0,0
central-early-r10-s1-old-off,london-link-033-ba-2,940GZZLUBST-move-02-04,unique,Junction traffic,london-link-017-ab-2,,,,32,32,0,0
central-early-r10-s1-old-off,london-link-033-ba-2,940GZZLUBST-move-02-04,unique,Junction traffic,london-link-033-ba-2,,,,6,6,0,0
central-early-r10-s1-old-off,london-link-033-ba-2,940GZZLUBST-move-02-04,unique,Junction traffic,london-link-035-ab-1,,,,864,864,0,0
central-early-r10-s1-old-off,london-link-033-ba-2,940GZZLUBST-move-02-04,unique,Pod ahead,london-link-033-ba-2,,,,1674,1674,0,0
central-early-r10-s1-old-off,london-link-033-ba-2,940GZZLUBST-move-02-04,unique,Pod ahead,london-link-035-ab-1,,,,359,359,0,0
central-early-r10-s1-old-off,london-link-034-ba-2,940GZZLUBST-move-03-02,unique,Junction traffic,940GZZLUBST-move-01-02,,,,45,0,45,0
central-early-r10-s1-old-off,london-link-034-ba-2,940GZZLUBST-move-03-02,unique,Junction traffic,940GZZLUBST-move-04-02,,,,73,0,73,0
central-early-r10-s1-old-off,london-link-034-ba-2,940GZZLUBST-move-03-02,unique,Junction traffic,london-link-017-ab-2,,,,22,0,22,0
central-early-r10-s1-old-off,london-link-034-ba-2,940GZZLUBST-move-03-02,unique,Junction traffic,london-link-033-ab-1,,,,36,0,36,0
central-early-r10-s1-old-off,london-link-034-ba-2,940GZZLUBST-move-03-02,unique,Junction traffic,london-link-035-ba-2,,,,29,0,29,0
central-early-r10-s1-old-off,london-link-034-ba-2,940GZZLUBST-move-03-02,unique,Pod ahead,london-link-033-ab-1,,,,11,0,11,0
central-early-r10-s1-old-off,london-link-035-ba-1,london-link-035-ba-2,unique,Junction traffic,london-link-035-ba-1,,,,4,0,4,0
central-early-r10-s1-old-off,london-link-035-ba-1,london-link-035-ba-2,unique,Junction traffic,london-link-035-ba-2,,,,11,0,11,0
central-early-r10-s1-old-off,london-link-035-ba-1,london-link-035-ba-2,unique,Pod ahead,london-link-035-ba-1,,,,17482,0,17482,0
central-early-r10-s1-old-off,london-link-035-ba-1,london-link-035-ba-2,unique,Pod ahead,london-link-035-ba-2,,,,4568,0,4568,0
central-early-r10-s1-old-off,london-link-035-ba-2,940GZZLUBST-move-04-02,unique,Junction traffic,940GZZLUBST-move-01-02,,,,3471,0,3471,0
central-early-r10-s1-old-off,london-link-035-ba-2,940GZZLUBST-move-04-02,unique,Junction traffic,940GZZLUBST-move-03-02,,,,31,0,31,0
central-early-r10-s1-old-off,london-link-035-ba-2,940GZZLUBST-move-04-02,unique,Junction traffic,940GZZLUBST-move-04-02,,,,2813,0,2813,0
central-early-r10-s1-old-off,london-link-035-ba-2,940GZZLUBST-move-04-02,unique,Junction traffic,940GZZLUBST-move-04-03,,,,3,0,3,0
central-early-r10-s1-old-off,london-link-035-ba-2,940GZZLUBST-move-04-02,unique,Junction traffic,940GZZLUBST-move-07-02,,,,6,0,6,0
central-early-r10-s1-old-off,london-link-035-ba-2,940GZZLUBST-move-04-02,unique,Junction traffic,london-link-017-ab-2,,,,2071,0,2071,0
central-early-r10-s1-old-off,london-link-035-ba-2,940GZZLUBST-move-04-02,unique,Junction traffic,london-link-033-ab-1,,,,2686,0,2686,0
central-early-r10-s1-old-off,london-link-035-ba-2,940GZZLUBST-move-04-02,unique,Junction traffic,london-link-034-ba-2,,,,38,0,38,0
central-early-r10-s1-old-off,london-link-035-ba-2,940GZZLUBST-move-04-02,unique,Junction traffic,london-link-035-ba-2,,,,18,0,18,0
central-early-r10-s1-old-off,london-link-035-ba-2,940GZZLUBST-move-04-02,unique,Junction traffic,london-link-038-ba-2,,,,5,0,5,0
central-early-r10-s1-old-off,london-link-035-ba-2,940GZZLUBST-move-04-02,unique,Pod ahead,london-link-033-ab-1,,,,1098,0,1098,0
central-early-r10-s1-old-off,london-link-035-ba-2,940GZZLUBST-move-04-02,unique,Pod ahead,london-link-035-ba-2,,,,89247,0,89247,0
central-early-r10-s1-old-off,london-link-035-ba-2,940GZZLUBST-move-04-03,unique,Junction traffic,940GZZLUBST-move-04-02,,,,18,0,18,0
central-early-r10-s1-old-off,london-link-035-ba-2,940GZZLUBST-move-04-03,unique,Junction traffic,london-link-034-ab-1,,,,1,0,1,0
central-early-r10-s1-old-off,london-link-035-ba-2,940GZZLUBST-move-04-03,unique,Pod ahead,london-link-034-ab-1,,,,1,0,1,0
central-early-r10-s1-old-off,london-link-035-ba-2,940GZZLUBST-move-04-03,unique,Pod ahead,london-link-035-ba-2,,,,1284,0,1284,0
central-early-r10-s1-old-off,london-link-035-ba-2,940GZZLUBST-road-in-04,unique,Junction traffic,940GZZLUBST-access-in,,,entry,13,0,13,0
central-early-r10-s1-old-off,london-link-035-ba-2,940GZZLUBST-road-in-04,unique,Junction traffic,940GZZLUBST-move-04-02,,,,75,0,75,0
central-early-r10-s1-old-off,london-link-035-ba-2,940GZZLUBST-road-in-04,unique,Junction traffic,london-link-035-ba-2,,,,1,0,1,0
central-early-r10-s1-old-off,london-link-035-ba-2,940GZZLUBST-road-in-04,unique,Pod ahead,940GZZLUBST-access-in,,,entry,7,0,7,0
central-early-r10-s1-old-off,london-link-035-ba-2,940GZZLUBST-road-in-04,unique,Pod ahead,london-link-035-ba-2,,,,5076,0,5076,0
central-early-r10-s1-old-off,london-link-038-ba-2,940GZZLUBST-move-07-02,unique,Junction traffic,940GZZLUBST-move-01-02,,,,14,0,14,0
central-early-r10-s1-old-off,london-link-038-ba-2,940GZZLUBST-move-07-02,unique,Junction traffic,940GZZLUBST-move-04-02,,,,18,0,18,0
central-early-r10-s1-old-off,london-link-038-ba-2,940GZZLUBST-move-07-02,unique,Junction traffic,london-link-017-ab-2,,,,5,0,5,0
central-early-r10-s1-old-off,london-link-038-ba-2,940GZZLUBST-move-07-02,unique,Junction traffic,london-link-033-ab-1,,,,11,0,11,0
central-early-r10-s1-old-off,london-link-038-ba-2,940GZZLUBST-move-07-02,unique,Junction traffic,london-link-035-ba-2,,,,11,0,11,0
central-early-r10-s1-old-off,london-link-038-ba-2,940GZZLUBST-move-07-02,unique,Pod ahead,london-link-033-ab-1,,,,4,0,4,0
central-early-r10-s1-old-off,london-link-043-ab-2,940GZZLUKSX-move-02-03,unique,Junction traffic,940GZZLUKSX-move-05-03,,,,10,0,10,0
central-early-r10-s1-old-off,london-link-043-ab-2,940GZZLUKSX-move-02-03,unique,Junction traffic,london-link-069-ba-1,,,,4,0,4,0
central-early-r10-s1-old-off,london-link-043-ab-2,940GZZLUKSX-move-02-03,unique,Junction traffic,london-link-074-ab-2,,,,5,0,5,0
central-early-r10-s1-old-off,london-link-043-ab-2,940GZZLUKSX-move-02-03,unique,Pod ahead,london-link-069-ba-1,,,,2,0,2,0
central-early-r10-s1-old-off,london-link-045-ab-2,940GZZLULSQ-road-in-01,unique,Junction traffic,940GZZLULSQ-access-in,,,entry,10,0,10,0
central-early-r10-s1-old-off,london-link-045-ab-2,940GZZLULSQ-road-in-01,unique,Junction traffic,940GZZLULSQ-road-in-02,,,approach,12,0,12,0
central-early-r10-s1-old-off,london-link-045-ab-2,940GZZLULSQ-road-in-01,unique,Junction traffic,london-link-049-ab-2,,,,1,0,1,0
central-early-r10-s1-old-off,london-link-045-ab-2,940GZZLULSQ-road-in-01,unique,Pod ahead,940GZZLULSQ-access-in,,,entry,5,0,5,0
central-early-r10-s1-old-off,london-link-048-ab-2,940GZZLUEMB-move-01-03,unique,Junction traffic,940GZZLUEMB-road-in-01,,,approach,1,1,0,0
central-early-r10-s1-old-off,london-link-049-ab-2,940GZZLULSQ-road-in-02,unique,Junction traffic,940GZZLULSQ-access-in,,,entry,10,3,7,0
central-early-r10-s1-old-off,london-link-049-ab-2,940GZZLULSQ-road-in-02,unique,Junction traffic,940GZZLULSQ-road-in-01,,,approach,8,3,5,0
central-early-r10-s1-old-off,london-link-049-ab-2,940GZZLULSQ-road-in-02,unique,Pod ahead,940GZZLULSQ-access-in,,,entry,5,2,3,0
central-early-r10-s1-old-off,london-link-063-ab-2,940GZZLUWLO-move-02-03,unique,Junction traffic,940GZZLUWLO-access-out,,,exit,22,22,0,0
central-early-r10-s1-old-off,london-link-063-ab-2,940GZZLUWLO-move-02-03,unique,Junction traffic,940GZZLUWLO-move-02-03,,,,68,66,2,0
central-early-r10-s1-old-off,london-link-063-ab-2,940GZZLUWLO-move-02-03,unique,Junction traffic,940GZZLUWLO-move-02-05,,,,2,2,0,0
central-early-r10-s1-old-off,london-link-063-ab-2,940GZZLUWLO-move-02-03,unique,Junction traffic,940GZZLUWLO-road-out-03,,,exit,126,126,0,0
central-early-r10-s1-old-off,london-link-063-ab-2,940GZZLUWLO-move-02-03,unique,Junction traffic,london-link-099-ba-1,,,,141,139,2,0
central-early-r10-s1-old-off,london-link-063-ab-2,940GZZLUWLO-move-02-03,unique,Pod ahead,london-link-063-ab-2,,,,62,60,2,0
central-early-r10-s1-old-off,london-link-063-ab-2,940GZZLUWLO-move-02-03,unique,Pod ahead,london-link-099-ba-1,,,,72,71,1,0
central-early-r10-s1-old-off,london-link-063-ab-2,940GZZLUWLO-move-02-05,unique,Junction traffic,940GZZLUWLO-move-02-03,,,,3,3,0,0
central-early-r10-s1-old-off,london-link-063-ba-2,940GZZLUEMB-move-03-01,unique,Junction traffic,940GZZLUEMB-move-02-01,,,,1,0,1,0
central-early-r10-s1-old-off,london-link-063-ba-2,940GZZLUEMB-move-03-01,unique,Junction traffic,940GZZLUEMB-move-03-01,,,,16,4,12,0
central-early-r10-s1-old-off,london-link-063-ba-2,940GZZLUEMB-move-03-01,unique,Junction traffic,940GZZLUEMB-road-out-01,,,exit,28,3,25,0
central-early-r10-s1-old-off,london-link-063-ba-2,940GZZLUEMB-move-03-01,unique,Junction traffic,london-link-048-ba-1,,,,18,4,14,0
central-early-r10-s1-old-off,london-link-063-ba-2,940GZZLUEMB-move-03-01,unique,Pod ahead,london-link-048-ba-1,,,,10,2,8,0
central-early-r10-s1-old-off,london-link-063-ba-2,940GZZLUEMB-move-03-01,unique,Pod ahead,london-link-063-ba-2,,,,2,0,2,0
central-early-r10-s1-old-off,london-link-067-ab-2,940GZZLUPAC-road-in-03,unique,Junction traffic,940GZZLUPAC-access-in,,,entry,2,0,2,0
central-early-r10-s1-old-off,london-link-068-ab-1,london-link-068-ab-2,unique,Pod ahead,london-link-068-ab-2,,,,6,0,6,0
central-early-r10-s1-old-off,london-link-068-ab-2,940GZZLUGPS-move-02-01,unique,Junction traffic,940GZZLUGPS-move-02-01,,,,2,0,2,0
central-early-r10-s1-old-off,london-link-068-ab-2,940GZZLUGPS-move-02-01,unique,Junction traffic,london-link-068-ab-2,,,,1,0,1,0
central-early-r10-s1-old-off,london-link-068-ab-2,940GZZLUGPS-move-02-01,unique,Pod ahead,940GZZLUGPS-move-02-01,,,,289,0,289,0
central-early-r10-s1-old-off,london-link-068-ab-2,940GZZLUGPS-move-02-01,unique,Pod ahead,london-link-068-ab-2,,,,569,0,569,0
central-early-r10-s1-old-off,london-link-068-ab-2,940GZZLUGPS-road-in-02,unique,Pod ahead,london-link-068-ab-2,,,,138,0,138,0
central-early-r10-s1-old-off,london-link-069-ab-1,london-link-069-ab-2,unique,Pod ahead,london-link-069-ab-1,,,,15,15,0,0
central-early-r10-s1-old-off,london-link-069-ab-1,london-link-069-ab-2,unique,Pod ahead,london-link-069-ab-2,,,,18,18,0,0
central-early-r10-s1-old-off,london-link-069-ab-2,940GZZLUKSX-move-03-05,unique,Junction traffic,940GZZLUKSX-move-03-05,,,,50,50,0,0
central-early-r10-s1-old-off,london-link-069-ab-2,940GZZLUKSX-move-03-05,unique,Junction traffic,940GZZLUKSX-road-in-03,,,approach,18,18,0,0
central-early-r10-s1-old-off,london-link-069-ab-2,940GZZLUKSX-move-03-05,unique,Junction traffic,london-link-069-ab-2,,,,8,8,0,0
central-early-r10-s1-old-off,london-link-069-ab-2,940GZZLUKSX-move-03-05,unique,Junction traffic,london-link-074-ba-1,,,,1729,1729,0,0
central-early-r10-s1-old-off,london-link-069-ab-2,940GZZLUKSX-move-03-05,unique,Pod ahead,london-link-069-ab-2,,,,8482,8482,0,0
central-early-r10-s1-old-off,london-link-069-ab-2,940GZZLUKSX-move-03-05,unique,Pod ahead,london-link-074-ba-1,,,,825,825,0,0
central-early-r10-s1-old-off,london-link-069-ab-2,940GZZLUKSX-road-in-03,unique,Pod ahead,london-link-069-ab-2,,,,222,222,0,0
central-early-r10-s1-old-off,london-link-070-ab-2,940GZZLUKSX-move-04-03,unique,Junction traffic,940GZZLUKSX-move-05-03,,,,46,0,46,0
central-early-r10-s1-old-off,london-link-070-ab-2,940GZZLUKSX-move-04-03,unique,Junction traffic,940GZZLUKSX-move-07-03,,,,6,0,6,0
central-early-r10-s1-old-off,london-link-070-ab-2,940GZZLUKSX-move-04-03,unique,Junction traffic,london-link-069-ba-1,,,,19,0,19,0
central-early-r10-s1-old-off,london-link-070-ab-2,940GZZLUKSX-move-04-03,unique,Junction traffic,london-link-074-ab-2,,,,13,0,13,0
central-early-r10-s1-old-off,london-link-070-ab-2,940GZZLUKSX-move-04-03,unique,Junction traffic,london-link-101-ba-2,,,,6,0,6,0
central-early-r10-s1-old-off,london-link-070-ab-2,940GZZLUKSX-move-04-03,unique,Pod ahead,london-link-069-ba-1,,,,6,0,6,0
central-early-r10-s1-old-off,london-link-074-ab-2,940GZZLUKSX-move-05-03,unique,Junction traffic,940GZZLUKSX-access-out,,,exit,128,0,128,0
central-early-r10-s1-old-off,london-link-074-ab-2,940GZZLUKSX-move-05-03,unique,Junction traffic,940GZZLUKSX-move-02-03,,,,7,0,7,0
central-early-r10-s1-old-off,london-link-074-ab-2,940GZZLUKSX-move-05-03,unique,Junction traffic,940GZZLUKSX-move-04-03,,,,12,0,12,0
central-early-r10-s1-old-off,london-link-074-ab-2,940GZZLUKSX-move-05-03,unique,Junction traffic,940GZZLUKSX-move-05-03,,,,2845,0,2845,0
central-early-r10-s1-old-off,london-link-074-ab-2,940GZZLUKSX-move-05-03,unique,Junction traffic,940GZZLUKSX-move-05-04,,,,18,0,18,0
central-early-r10-s1-old-off,london-link-074-ab-2,940GZZLUKSX-move-05-03,unique,Junction traffic,940GZZLUKSX-move-06-03,,,,58,0,58,0
central-early-r10-s1-old-off,london-link-074-ab-2,940GZZLUKSX-move-05-03,unique,Junction traffic,940GZZLUKSX-move-07-03,,,,301,0,301,0
central-early-r10-s1-old-off,london-link-074-ab-2,940GZZLUKSX-move-05-03,unique,Junction traffic,940GZZLUKSX-road-out-03,,,exit,198,0,198,0
central-early-r10-s1-old-off,london-link-074-ab-2,940GZZLUKSX-move-05-03,unique,Junction traffic,london-link-043-ab-2,,,,5,0,5,0
central-early-r10-s1-old-off,london-link-074-ab-2,940GZZLUKSX-move-05-03,unique,Junction traffic,london-link-069-ba-1,,,,2278,0,2278,0
central-early-r10-s1-old-off,london-link-074-ab-2,940GZZLUKSX-move-05-03,unique,Junction traffic,london-link-070-ab-2,,,,31,0,31,0
central-early-r10-s1-old-off,london-link-074-ab-2,940GZZLUKSX-move-05-03,unique,Junction traffic,london-link-074-ab-2,,,,18,0,18,0
central-early-r10-s1-old-off,london-link-074-ab-2,940GZZLUKSX-move-05-03,unique,Junction traffic,london-link-088-ab-2,,,,37,0,37,0
central-early-r10-s1-old-off,london-link-074-ab-2,940GZZLUKSX-move-05-03,unique,Junction traffic,london-link-101-ba-2,,,,216,0,216,0
central-early-r10-s1-old-off,london-link-074-ab-2,940GZZLUKSX-move-05-03,unique,Pod ahead,london-link-069-ba-1,,,,999,0,999,0
central-early-r10-s1-old-off,london-link-074-ab-2,940GZZLUKSX-move-05-03,unique,Pod ahead,london-link-074-ab-2,,,,38237,0,38237,0
central-early-r10-s1-old-off,london-link-074-ab-2,940GZZLUKSX-move-05-04,unique,Junction traffic,940GZZLUKSX-move-05-03,,,,11,0,11,0
central-early-r10-s1-old-off,london-link-074-ab-2,940GZZLUKSX-move-05-04,unique,Pod ahead,london-link-074-ab-2,,,,227,0,227,0
central-early-r10-s1-old-off,london-link-074-ab-2,940GZZLUKSX-move-05-07,unique,Junction traffic,940GZZLUKSX-move-05-03,,,,144,0,144,0
central-early-r10-s1-old-off,london-link-074-ab-2,940GZZLUKSX-move-05-07,unique,Junction traffic,940GZZLUKSX-move-05-07,,,,1,0,1,0
central-early-r10-s1-old-off,london-link-074-ab-2,940GZZLUKSX-move-05-07,unique,Junction traffic,london-link-074-ab-2,,,,1,0,1,0
central-early-r10-s1-old-off,london-link-074-ab-2,940GZZLUKSX-move-05-07,unique,Junction traffic,london-link-101-ab-1,,,,2,0,2,0
central-early-r10-s1-old-off,london-link-074-ab-2,940GZZLUKSX-move-05-07,unique,Pod ahead,london-link-074-ab-2,,,,1766,0,1766,0
central-early-r10-s1-old-off,london-link-074-ab-2,940GZZLUKSX-move-05-07,unique,Pod ahead,london-link-101-ab-1,,,,1,0,1,0
central-early-r10-s1-old-off,london-link-088-ab-2,940GZZLUKSX-move-06-03,unique,Junction traffic,940GZZLUKSX-move-05-03,,,,59,0,59,0
central-early-r10-s1-old-off,london-link-088-ab-2,940GZZLUKSX-move-06-03,unique,Junction traffic,940GZZLUKSX-move-06-03,,,,15,0,15,0
central-early-r10-s1-old-off,london-link-088-ab-2,940GZZLUKSX-move-06-03,unique,Junction traffic,london-link-069-ba-1,,,,27,0,27,0
central-early-r10-s1-old-off,london-link-088-ab-2,940GZZLUKSX-move-06-03,unique,Junction traffic,london-link-074-ab-2,,,,33,0,33,0
central-early-r10-s1-old-off,london-link-088-ab-2,940GZZLUKSX-move-06-03,unique,Junction traffic,london-link-088-ab-2,,,,1,0,1,0
central-early-r10-s1-old-off,london-link-088-ab-2,940GZZLUKSX-move-06-03,unique,Pod ahead,london-link-069-ba-1,,,,12,0,12,0
central-early-r10-s1-old-off,london-link-088-ab-2,940GZZLUKSX-move-06-03,unique,Pod ahead,london-link-088-ab-2,,,,215,0,215,0
central-early-r10-s1-old-off,london-link-099-ab-2,940GZZLUWLO-move-03-02,unique,Junction traffic,940GZZLUWLO-access-out,,,exit,11,5,6,0
central-early-r10-s1-old-off,london-link-099-ab-2,940GZZLUWLO-move-03-02,unique,Junction traffic,940GZZLUWLO-move-01-02,,,,8,2,6,0
central-early-r10-s1-old-off,london-link-099-ab-2,940GZZLUWLO-move-03-02,unique,Junction traffic,940GZZLUWLO-move-03-02,,,,50,6,44,0
central-early-r10-s1-old-off,london-link-099-ab-2,940GZZLUWLO-move-03-02,unique,Junction traffic,940GZZLUWLO-move-05-02,,,,24,10,14,0
central-early-r10-s1-old-off,london-link-099-ab-2,940GZZLUWLO-move-03-02,unique,Junction traffic,940GZZLUWLO-road-in-03,,,approach,6,0,6,0
central-early-r10-s1-old-off,london-link-099-ab-2,940GZZLUWLO-move-03-02,unique,Junction traffic,940GZZLUWLO-road-out-02,,,exit,17,12,5,0
central-early-r10-s1-old-off,london-link-099-ab-2,940GZZLUWLO-move-03-02,unique,Junction traffic,london-link-027-ab-2,,,,4,0,4,0
central-early-r10-s1-old-off,london-link-099-ab-2,940GZZLUWLO-move-03-02,unique,Junction traffic,london-link-063-ba-1,,,,69,20,49,0
central-early-r10-s1-old-off,london-link-099-ab-2,940GZZLUWLO-move-03-02,unique,Junction traffic,london-link-126-ab-2,,,,9,5,4,0
central-early-r10-s1-old-off,london-link-099-ab-2,940GZZLUWLO-move-03-02,unique,Pod ahead,london-link-063-ba-1,,,,55,11,44,0
central-early-r10-s1-old-off,london-link-099-ab-2,940GZZLUWLO-move-03-02,unique,Pod ahead,london-link-099-ab-2,,,,18,0,18,0
central-early-r10-s1-old-off,london-link-099-ab-2,940GZZLUWLO-road-in-03,unique,Junction traffic,940GZZLUWLO-access-in,,,entry,9,9,0,0
central-early-r10-s1-old-off,london-link-099-ab-2,940GZZLUWLO-road-in-03,unique,Junction traffic,940GZZLUWLO-move-03-02,,,,2,1,1,0
central-early-r10-s1-old-off,london-link-099-ab-2,940GZZLUWLO-road-in-03,unique,Junction traffic,940GZZLUWLO-road-in-01,,,approach,6,6,0,0
central-early-r10-s1-old-off,london-link-099-ab-2,940GZZLUWLO-road-in-03,unique,Junction traffic,940GZZLUWLO-road-in-03,,,approach,6,6,0,0
central-early-r10-s1-old-off,london-link-099-ab-2,940GZZLUWLO-road-in-03,unique,Junction traffic,london-link-027-ab-2,,,,5,5,0,0
central-early-r10-s1-old-off,london-link-099-ab-2,940GZZLUWLO-road-in-03,unique,Pod ahead,940GZZLUWLO-access-in,,,entry,4,4,0,0
central-early-r10-s1-old-off,london-link-099-ab-2,940GZZLUWLO-road-in-03,unique,Pod ahead,london-link-099-ab-2,,,,10,6,4,0
central-early-r10-s1-old-off,london-link-099-ba-2,940GZZLUKNG-move-03-02,unique,Junction traffic,london-link-098-ab-1,,,,2,2,0,0
central-early-r10-s1-old-off,london-link-099-ba-2,940GZZLUKNG-move-03-02,unique,Pod ahead,london-link-098-ab-1,,,,3,3,0,0
central-early-r10-s1-old-off,london-link-099-ba-2,940GZZLUKNG-move-03-03,unique,Junction traffic,940GZZLUKNG-move-02-03,,,,3,0,3,0
central-early-r10-s1-old-off,london-link-099-ba-2,940GZZLUKNG-move-03-03,unique,Junction traffic,london-link-099-ab-1,,,,2,0,2,0
central-early-r10-s1-old-off,london-link-099-ba-2,940GZZLUKNG-move-03-03,unique,Pod ahead,london-link-099-ab-1,,,,2,0,2,0
central-early-r10-s1-old-off,london-link-101-ba-2,940GZZLUKSX-move-07-03,unique,Junction traffic,940GZZLUKSX-access-out,,,exit,11,0,11,0
central-early-r10-s1-old-off,london-link-101-ba-2,940GZZLUKSX-move-07-03,unique,Junction traffic,940GZZLUKSX-move-05-03,,,,351,0,351,0
central-early-r10-s1-old-off,london-link-101-ba-2,940GZZLUKSX-move-07-03,unique,Junction traffic,940GZZLUKSX-move-07-03,,,,4,0,4,0
central-early-r10-s1-old-off,london-link-101-ba-2,940GZZLUKSX-move-07-03,unique,Junction traffic,940GZZLUKSX-road-out-03,,,exit,14,0,14,0
central-early-r10-s1-old-off,london-link-101-ba-2,940GZZLUKSX-move-07-03,unique,Junction traffic,london-link-069-ba-1,,,,120,0,120,0
central-early-r10-s1-old-off,london-link-101-ba-2,940GZZLUKSX-move-07-03,unique,Junction traffic,london-link-074-ab-2,,,,125,0,125,0
central-early-r10-s1-old-off,london-link-101-ba-2,940GZZLUKSX-move-07-03,unique,Pod ahead,london-link-069-ba-1,,,,52,0,52,0
central-early-r10-s1-old-off,london-link-101-ba-2,940GZZLUKSX-move-07-03,unique,Pod ahead,london-link-101-ba-2,,,,13,0,13,0
central-early-r10-s1-old-off,london-link-102-ab-2,940GZZLUWLO-move-04-02,unique,Junction traffic,london-link-063-ba-1,,,,1,0,1,0
central-early-r10-s1-old-off,london-link-102-ab-2,940GZZLUWLO-move-04-02,unique,Pod ahead,london-link-063-ba-1,,,,1,0,1,0
central-early-r10-s1-old-off,london-link-108-ab-2,940GZZLUMGT-move-03-01,unique,Junction traffic,940GZZLUMGT-move-03-01,,,,1,0,1,0
central-early-r10-s1-old-off,london-link-108-ab-2,940GZZLUMGT-move-03-01,unique,Pod ahead,940GZZLUMGT-move-03-01,,,,18,0,18,0
central-early-r10-s1-old-off,london-link-108-ab-2,940GZZLUMGT-move-03-01,unique,Pod ahead,london-link-108-ab-2,,,,16,0,16,0
central-early-r10-s1-old-off,london-link-112-ba-2,940GZZLUOXC-move-03-01,unique,Junction traffic,940GZZLUOXC-move-03-01,,,,51,0,51,0
central-early-r10-s1-old-off,london-link-112-ba-2,940GZZLUOXC-move-03-01,unique,Junction traffic,940GZZLUOXC-move-05-01,,,,74,0,74,0
central-early-r10-s1-old-off,london-link-112-ba-2,940GZZLUOXC-move-03-01,unique,Junction traffic,london-link-020-ba-1,,,,60,0,60,0
central-early-r10-s1-old-off,london-link-112-ba-2,940GZZLUOXC-move-03-01,unique,Junction traffic,london-link-114-ba-2,,,,6,0,6,0
central-early-r10-s1-old-off,london-link-112-ba-2,940GZZLUOXC-move-03-01,unique,Pod ahead,london-link-020-ba-1,,,,30,0,30,0
central-early-r10-s1-old-off,london-link-112-ba-2,940GZZLUOXC-move-03-01,unique,Pod ahead,london-link-112-ba-2,,,,10,0,10,0
central-early-r10-s1-old-off,london-link-114-ba-2,940GZZLUOXC-move-05-01,unique,Junction traffic,940GZZLUOXC-move-03-01,,,,68,0,68,0
central-early-r10-s1-old-off,london-link-114-ba-2,940GZZLUOXC-move-05-01,unique,Junction traffic,940GZZLUOXC-move-05-01,,,,11,0,11,0
central-early-r10-s1-old-off,london-link-114-ba-2,940GZZLUOXC-move-05-01,unique,Junction traffic,london-link-020-ba-1,,,,38,0,38,0
central-early-r10-s1-old-off,london-link-114-ba-2,940GZZLUOXC-move-05-01,unique,Junction traffic,london-link-112-ba-2,,,,1,0,1,0
central-early-r10-s1-old-off,london-link-114-ba-2,940GZZLUOXC-move-05-01,unique,Pod ahead,london-link-020-ba-1,,,,17,0,17,0
central-early-r10-s1-old-off,london-link-114-ba-2,940GZZLUOXC-move-05-01,unique,Pod ahead,london-link-114-ba-2,,,,4,0,4,0
central-early-r10-s1-old-off,london-link-116-ba-2,940GZZLUPAC-move-04-03,unique,Junction traffic,940GZZLUPAC-road-out-03,,,exit,6,6,0,0
central-early-r10-s1-old-off,london-link-116-ba-2,940GZZLUPAC-move-04-03,unique,Junction traffic,london-link-067-ba-1,,,,2,2,0,0
central-early-r10-s1-old-off,london-link-116-ba-2,940GZZLUPAC-move-04-03,unique,Pod ahead,london-link-067-ba-1,,,,2,2,0,0
central-early-r10-s1-old-off,london-link-126-ab-2,940GZZLUWLO-move-05-02,unique,Junction traffic,940GZZLUWLO-move-03-02,,,,16,0,16,0
central-early-r10-s1-old-off,london-link-126-ab-2,940GZZLUWLO-move-05-02,unique,Junction traffic,940GZZLUWLO-road-out-02,,,exit,6,0,6,0
central-early-r10-s1-old-off,london-link-126-ab-2,940GZZLUWLO-move-05-02,unique,Junction traffic,london-link-063-ba-1,,,,7,0,7,0
central-early-r10-s1-old-off,london-link-126-ab-2,940GZZLUWLO-move-05-02,unique,Pod ahead,london-link-063-ba-1,,,,6,0,6,0
central-early-r10-s1-current-off,940GZZLUBBN-move-01-02,london-link-010-ab-1,unique,Pod ahead,london-link-010-ab-1,,,,1,1,0,0
central-early-r10-s1-current-off,940GZZLUBBN-move-02-01,london-link-009-ab-1,unique,Junction traffic,london-link-009-ab-1,,,,4,0,4,0
central-early-r10-s1-current-off,940GZZLUBBN-move-02-01,london-link-009-ab-1,unique,Pod ahead,london-link-009-ab-1,,,,10,0,10,0
central-early-r10-s1-current-off,940GZZLUBBN-road-out-01,london-link-009-ab-1,unique,Junction traffic,london-link-009-ab-1,940GZZLUBBN,exit,,4,0,4,0
central-early-r10-s1-current-off,940GZZLUBBN-road-out-01,london-link-009-ab-1,unique,Pod ahead,london-link-009-ab-1,940GZZLUBBN,exit,,8,0,8,0
central-early-r10-s1-current-off,940GZZLUBKF-move-01-02,london-link-012-ab-1,unique,Pod ahead,london-link-012-ab-1,,,,1,0,1,0
central-early-r10-s1-current-off,940GZZLUBND-move-04-01,london-link-017-ab-1,unique,Junction traffic,940GZZLUBND-road-out-01,,,exit,7,0,7,0
central-early-r10-s1-current-off,940GZZLUBND-move-04-01,london-link-017-ab-1,unique,Junction traffic,london-link-017-ab-1,,,,5,0,5,0
central-early-r10-s1-current-off,940GZZLUBND-move-04-01,london-link-017-ab-1,unique,Pod ahead,london-link-017-ab-1,,,,2,0,2,0
central-early-r10-s1-current-off,940GZZLUBNK-access-out,940GZZLUBNK-road-out-04,unique,Pod ahead,london-link-024-ab-1,940GZZLUBNK,exit,,1,0,1,0
central-early-r10-s1-current-off,940GZZLUBNK-access-out,940GZZLUBNK-road-out-05,unique,Junction traffic,940GZZLUBNK-move-03-05,940GZZLUBNK,exit,,8,0,8,0
central-early-r10-s1-current-off,940GZZLUBNK-access-out,940GZZLUBNK-road-out-05,unique,Junction traffic,940GZZLUBNK-move-04-05,940GZZLUBNK,exit,,1,0,1,0
central-early-r10-s1-current-off,940GZZLUBNK-access-out,940GZZLUBNK-road-out-05,unique,Junction traffic,940GZZLUBNK-road-out-05,940GZZLUBNK,exit,exit,1,0,1,0
central-early-r10-s1-current-off,940GZZLUBNK-access-out,940GZZLUBNK-road-out-05,unique,Junction traffic,london-link-023-ba-2,940GZZLUBNK,exit,,5,0,5,0
central-early-r10-s1-current-off,940GZZLUBNK-access-out,940GZZLUBNK-road-out-05,unique,Junction traffic,london-link-025-ab-1,940GZZLUBNK,exit,,13,0,13,0
central-early-r10-s1-current-off,940GZZLUBNK-access-out,940GZZLUBNK-road-out-05,unique,Pod ahead,london-link-025-ab-1,940GZZLUBNK,exit,,6,0,6,0
central-early-r10-s1-current-off,940GZZLUBST-access-out,940GZZLUBST-road-out-04,unique,Junction traffic,940GZZLUBST-move-01-04,940GZZLUBST,exit,,3,3,0,0
central-early-r10-s1-current-off,940GZZLUBST-access-out,940GZZLUBST-road-out-04,unique,Junction traffic,940GZZLUBST-move-02-04,940GZZLUBST,exit,,331,331,0,0
central-early-r10-s1-current-off,940GZZLUBST-access-out,940GZZLUBST-road-out-04,unique,Junction traffic,940GZZLUBST-road-out-04,940GZZLUBST,exit,exit,2,2,0,0
central-early-r10-s1-current-off,940GZZLUBST-access-out,940GZZLUBST-road-out-04,unique,Junction traffic,london-link-017-ab-2,940GZZLUBST,exit,,5,5,0,0
central-early-r10-s1-current-off,940GZZLUBST-access-out,940GZZLUBST-road-out-04,unique,Junction traffic,london-link-033-ba-2,940GZZLUBST,exit,,101,101,0,0
central-early-r10-s1-current-off,940GZZLUBST-access-out,940GZZLUBST-road-out-04,unique,Junction traffic,london-link-035-ab-1,940GZZLUBST,exit,,148,148,0,0
central-early-r10-s1-current-off,940GZZLUBST-access-out,940GZZLUBST-road-out-04,unique,Pod ahead,940GZZLUBST-access-out,940GZZLUBST,exit,exit,5,5,0,0
central-early-r10-s1-current-off,940GZZLUBST-access-out,940GZZLUBST-road-out-04,unique,Pod ahead,london-link-035-ab-1,940GZZLUBST,exit,,65,65,0,0
central-early-r10-s1-current-off,940GZZLUBST-road-in-01,940GZZLUBST-access-in,unique,Junction traffic,940GZZLUBST-access-in,940GZZLUBST,approach,entry,2,0,2,0
central-early-r10-s1-current-off,940GZZLUBST-road-in-01,940GZZLUBST-access-in,unique,Junction traffic,940GZZLUBST-road-in-04,940GZZLUBST,approach,approach,4,0,4,0
central-early-r10-s1-current-off,940GZZLUCHX-move-01-03,london-link-050-ab-1,unique,Junction traffic,london-link-050-ab-1,,,,2,0,2,0
central-early-r10-s1-current-off,940GZZLUCHX-move-01-03,london-link-050-ab-1,unique,Pod ahead,london-link-050-ab-1,,,,2,0,2,0
central-early-r10-s1-current-off,940GZZLUCHX-move-02-01,london-link-048-ab-1,unique,Junction traffic,london-link-048-ab-1,,,,1,1,0,0
central-early-r10-s1-current-off,940GZZLUCHX-move-02-01,london-link-048-ab-1,unique,Pod ahead,london-link-048-ab-1,,,,2,2,0,0
central-early-r10-s1-current-off,940GZZLUCHX-road-out-01,london-link-048-ab-1,unique,Junction traffic,london-link-048-ab-1,940GZZLUCHX,exit,,8,8,0,0
central-early-r10-s1-current-off,940GZZLUCHX-road-out-01,london-link-048-ab-1,unique,Pod ahead,london-link-048-ab-1,940GZZLUCHX,exit,,3,3,0,0
central-early-r10-s1-current-off,940GZZLUEMB-access-out,940GZZLUEMB-road-out-01,unique,Junction traffic,london-link-048-ba-1,940GZZLUEMB,exit,,2,0,2,0
central-early-r10-s1-current-off,940GZZLUEMB-access-out,940GZZLUEMB-road-out-01,unique,Pod ahead,london-link-048-ba-1,940GZZLUEMB,exit,,1,0,1,0
central-early-r10-s1-current-off,940GZZLUEMB-access-out,940GZZLUEMB-road-out-03,unique,Pod ahead,london-link-063-ab-1,940GZZLUEMB,exit,,1,1,0,0
central-early-r10-s1-current-off,940GZZLUEMB-move-01-03,london-link-063-ab-1,unique,Junction traffic,940GZZLUEMB-road-out-03,,,exit,3,2,1,0
central-early-r10-s1-current-off,940GZZLUEMB-move-01-03,london-link-063-ab-1,unique,Junction traffic,london-link-063-ab-1,,,,11,9,2,0
central-early-r10-s1-current-off,940GZZLUEMB-move-01-03,london-link-063-ab-1,unique,Pod ahead,london-link-063-ab-1,,,,6,5,1,0
central-early-r10-s1-current-off,940GZZLUEMB-move-02-01,london-link-048-ba-1,unique,Junction traffic,940GZZLUEMB-move-03-01,,,,21,0,21,0
central-early-r10-s1-current-off,940GZZLUEMB-move-02-01,london-link-048-ba-1,unique,Junction traffic,london-link-048-ba-1,,,,9,0,9,0
central-early-r10-s1-current-off,940GZZLUEMB-move-02-01,london-link-048-ba-1,unique,Junction traffic,london-link-063-ba-2,,,,1,0,1,0
central-early-r10-s1-current-off,940GZZLUEMB-move-02-01,london-link-048-ba-1,unique,Pod ahead,london-link-048-ba-1,,,,7,0,7,0
central-early-r10-s1-current-off,940GZZLUESQ-01-in,,last,Junction traffic,940GZZLUESQ-01-out,940GZZLUESQ,berth-access,departure,2,0,0,2
central-early-r10-s1-current-off,940GZZLUESQ-access-out,940GZZLUESQ-road-out-02,unique,Pod ahead,940GZZLUESQ-road-out-02,940GZZLUESQ,exit,exit,1,1,0,0
central-early-r10-s1-current-off,940GZZLUESQ-move-01-02,london-link-069-ab-1,unique,Junction traffic,940GZZLUESQ-road-out-02,,,exit,7,7,0,0
central-early-r10-s1-current-off,940GZZLUESQ-move-01-02,london-link-069-ab-1,unique,Junction traffic,london-link-069-ab-1,,,,9,9,0,0
central-early-r10-s1-current-off,940GZZLUESQ-move-01-02,london-link-069-ab-1,unique,Pod ahead,940GZZLUESQ-move-01-02,,,,1,1,0,0
central-early-r10-s1-current-off,940GZZLUESQ-move-01-02,london-link-069-ab-1,unique,Pod ahead,london-link-069-ab-1,,,,17,17,0,0
central-early-r10-s1-current-off,940GZZLUESQ-road-out-02,london-link-069-ab-1,unique,Junction traffic,london-link-069-ab-1,940GZZLUESQ,exit,,6,6,0,0
central-early-r10-s1-current-off,940GZZLUESQ-road-out-02,london-link-069-ab-1,unique,Pod ahead,london-link-069-ab-1,940GZZLUESQ,exit,,12,12,0,0
central-early-r10-s1-current-off,940GZZLUFCN-move-01-02,london-link-074-ab-1,unique,Junction traffic,940GZZLUFCN-road-out-02,,,exit,3,0,3,0
central-early-r10-s1-current-off,940GZZLUFCN-move-01-02,london-link-074-ab-1,unique,Junction traffic,london-link-074-ab-1,,,,5,0,5,0
central-early-r10-s1-current-off,940GZZLUFCN-move-01-02,london-link-074-ab-1,unique,Pod ahead,london-link-074-ab-1,,,,13,0,13,0
central-early-r10-s1-current-off,940GZZLUFCN-road-out-01,london-link-009-ba-1,unique,Pod ahead,london-link-009-ba-1,940GZZLUFCN,exit,,1,0,1,0
central-early-r10-s1-current-off,940GZZLUFCN-road-out-02,london-link-074-ab-1,unique,Junction traffic,london-link-074-ab-1,940GZZLUFCN,exit,,4,0,4,0
central-early-r10-s1-current-off,940GZZLUFCN-road-out-02,london-link-074-ab-1,unique,Pod ahead,london-link-074-ab-1,940GZZLUFCN,exit,,8,0,8,0
central-early-r10-s1-current-off,940GZZLUGPS-01-in,,last,Berth occupied,940GZZLUGPS-01-out,940GZZLUGPS,berth-access,departure,1,0,1,0
central-early-r10-s1-current-off,940GZZLUGPS-01-in,,last,Junction traffic,940GZZLUGPS-01-out,940GZZLUGPS,berth-access,departure,2,0,2,0
central-early-r10-s1-current-off,940GZZLUGPS-move-01-02,london-link-068-ba-1,unique,Pod ahead,london-link-068-ba-1,,,,1,1,0,0
central-early-r10-s1-current-off,940GZZLUGPS-move-02-01,london-link-035-ba-1,unique,Pod ahead,940GZZLUGPS-move-02-01,,,,822,0,822,0
central-early-r10-s1-current-off,940GZZLUGPS-move-02-01,london-link-035-ba-1,unique,Pod ahead,london-link-035-ba-1,,,,554,0,554,0
central-early-r10-s1-current-off,940GZZLUGPS-road-out-02,london-link-068-ba-1,unique,Junction traffic,london-link-068-ba-1,940GZZLUGPS,exit,,1,1,0,0
central-early-r10-s1-current-off,940GZZLUGPS-road-out-02,london-link-068-ba-1,unique,Pod ahead,london-link-068-ba-1,940GZZLUGPS,exit,,6,6,0,0
central-early-r10-s1-current-off,940GZZLUKNG-move-01-02,london-link-098-ab-1,unique,Junction traffic,940GZZLUKNG-move-03-02,,,,7,0,7,0
central-early-r10-s1-current-off,940GZZLUKNG-move-01-02,london-link-098-ab-1,unique,Junction traffic,london-link-098-ab-1,,,,4,0,4,0
central-early-r10-s1-current-off,940GZZLUKNG-move-01-02,london-link-098-ab-1,unique,Junction traffic,london-link-099-ba-2,,,,3,0,3,0
central-early-r10-s1-current-off,940GZZLUKNG-move-01-02,london-link-098-ab-1,unique,Pod ahead,london-link-098-ab-1,,,,2,0,2,0
central-early-r10-s1-current-off,940GZZLUKNG-move-02-03,london-link-099-ab-1,unique,Junction traffic,940GZZLUKNG-move-03-03,,,,2,0,2,0
central-early-r10-s1-current-off,940GZZLUKNG-move-02-03,london-link-099-ab-1,unique,Junction traffic,london-link-099-ab-1,,,,2,0,2,0
central-early-r10-s1-current-off,940GZZLUKNG-move-02-03,london-link-099-ab-1,unique,Pod ahead,london-link-099-ab-1,,,,1,0,1,0
central-early-r10-s1-current-off,940GZZLUKSX-access-out,940GZZLUKSX-road-out-03,unique,Junction traffic,940GZZLUKSX-move-05-03,940GZZLUKSX,exit,,219,0,219,0
central-early-r10-s1-current-off,940GZZLUKSX-access-out,940GZZLUKSX-road-out-03,unique,Junction traffic,940GZZLUKSX-move-07-03,940GZZLUKSX,exit,,6,0,6,0
central-early-r10-s1-current-off,940GZZLUKSX-access-out,940GZZLUKSX-road-out-03,unique,Junction traffic,london-link-069-ba-1,940GZZLUKSX,exit,,75,0,75,0
central-early-r10-s1-current-off,940GZZLUKSX-access-out,940GZZLUKSX-road-out-03,unique,Junction traffic,london-link-074-ab-2,940GZZLUKSX,exit,,89,0,89,0
central-early-r10-s1-current-off,940GZZLUKSX-access-out,940GZZLUKSX-road-out-03,unique,Junction traffic,london-link-101-ba-2,940GZZLUKSX,exit,,5,0,5,0
central-early-r10-s1-current-off,940GZZLUKSX-access-out,940GZZLUKSX-road-out-03,unique,Pod ahead,london-link-069-ba-1,940GZZLUKSX,exit,,35,0,35,0
central-early-r10-s1-current-off,940GZZLULSQ-access-out,940GZZLULSQ-road-out-02,unique,Junction traffic,940GZZLULSQ-move-04-02,940GZZLULSQ,exit,,5,0,5,0
central-early-r10-s1-current-off,940GZZLULSQ-access-out,940GZZLULSQ-road-out-02,unique,Junction traffic,london-link-049-ba-1,940GZZLULSQ,exit,,2,0,2,0
central-early-r10-s1-current-off,940GZZLULSQ-access-out,940GZZLULSQ-road-out-02,unique,Pod ahead,london-link-049-ba-1,940GZZLULSQ,exit,,1,0,1,0
central-early-r10-s1-current-off,940GZZLULSQ-move-04-02,london-link-049-ba-1,unique,Junction traffic,940GZZLULSQ-road-out-02,,,exit,2,2,0,0
central-early-r10-s1-current-off,940GZZLULSQ-move-04-02,london-link-049-ba-1,unique,Junction traffic,london-link-049-ba-1,,,,2,2,0,0
central-early-r10-s1-current-off,940GZZLULSQ-move-04-02,london-link-049-ba-1,unique,Pod ahead,london-link-049-ba-1,,,,2,2,0,0
central-early-r10-s1-current-off,940GZZLULVT-01-out,940GZZLULVT-01-departure-link,unique,Pod ahead,940GZZLULVT-01-departure-link,940GZZLULVT,departure,departure,2,0,2,0
central-early-r10-s1-current-off,940GZZLULVT-02-departure-link,940GZZLULVT-01-departure-link,unique,Pod ahead,940GZZLULVT-01-departure-link,940GZZLULVT,departure,departure,1,0,1,0
central-early-r10-s1-current-off,940GZZLULVT-access-out,940GZZLULVT-road-out-04,unique,Pod ahead,940GZZLULVT-access-out,940GZZLULVT,exit,exit,1,0,1,0
central-early-r10-s1-current-off,940GZZLULVT-access-out,940GZZLULVT-road-out-05,unique,Junction traffic,940GZZLULVT-move-01-05,940GZZLULVT,exit,,2,0,2,0
central-early-r10-s1-current-off,940GZZLULVT-access-out,940GZZLULVT-road-out-05,unique,Junction traffic,940GZZLULVT-move-02-05,940GZZLULVT,exit,,114,0,114,0
central-early-r10-s1-current-off,940GZZLULVT-access-out,940GZZLULVT-road-out-05,unique,Junction traffic,940GZZLULVT-move-03-05,940GZZLULVT,exit,,19,0,19,0
central-early-r10-s1-current-off,940GZZLULVT-access-out,940GZZLULVT-road-out-05,unique,Junction traffic,london-link-007-ab-2,940GZZLULVT,exit,,13,0,13,0
central-early-r10-s1-current-off,940GZZLULVT-access-out,940GZZLULVT-road-out-05,unique,Junction traffic,london-link-108-ab-1,940GZZLULVT,exit,,54,0,54,0
central-early-r10-s1-current-off,940GZZLULVT-access-out,940GZZLULVT-road-out-05,unique,Pod ahead,940GZZLULVT-access-out,940GZZLULVT,exit,exit,13,0,13,0
central-early-r10-s1-current-off,940GZZLULVT-access-out,940GZZLULVT-road-out-05,unique,Pod ahead,london-link-108-ab-1,940GZZLULVT,exit,,34,0,34,0
central-early-r10-s1-current-off,940GZZLULVT-move-03-05,london-link-108-ab-1,unique,Junction traffic,940GZZLULVT-access-out,,,exit,13,0,13,0
central-early-r10-s1-current-off,940GZZLULVT-move-03-05,london-link-108-ab-1,unique,Junction traffic,940GZZLULVT-road-out-05,,,exit,14,0,14,0
central-early-r10-s1-current-off,940GZZLULVT-move-03-05,london-link-108-ab-1,unique,Junction traffic,london-link-108-ab-1,,,,7,0,7,0
central-early-r10-s1-current-off,940GZZLULVT-move-03-05,london-link-108-ab-1,unique,Pod ahead,940GZZLULVT-move-03-05,,,,25,0,25,0
central-early-r10-s1-current-off,940GZZLULVT-move-03-05,london-link-108-ab-1,unique,Pod ahead,london-link-108-ab-1,,,,3,0,3,0
central-early-r10-s1-current-off,940GZZLULVT-road-out-04,london-link-023-ba-1,unique,Junction traffic,940GZZLULVT-move-02-04,940GZZLULVT,exit,,6,0,6,0
central-early-r10-s1-current-off,940GZZLULVT-road-out-04,london-link-023-ba-1,unique,Junction traffic,london-link-023-ba-1,940GZZLULVT,exit,,3,0,3,0
central-early-r10-s1-current-off,940GZZLUMGT-access-out,940GZZLUMGT-road-out-01,unique,Junction traffic,940GZZLUMGT-move-02-01,940GZZLUMGT,exit,,7,0,7,0
central-early-r10-s1-current-off,940GZZLUMGT-access-out,940GZZLUMGT-road-out-01,unique,Junction traffic,940GZZLUMGT-move-03-01,940GZZLUMGT,exit,,6,0,6,0
central-early-r10-s1-current-off,940GZZLUMGT-access-out,940GZZLUMGT-road-out-01,unique,Junction traffic,london-link-010-ba-1,940GZZLUMGT,exit,,14,0,14,0
central-early-r10-s1-current-off,940GZZLUMGT-access-out,940GZZLUMGT-road-out-01,unique,Pod ahead,london-link-010-ba-1,940GZZLUMGT,exit,,16,0,16,0
central-early-r10-s1-current-off,940GZZLUMGT-move-02-01,london-link-010-ba-1,unique,Junction traffic,940GZZLUMGT-access-out,,,exit,7,0,7,0
central-early-r10-s1-current-off,940GZZLUMGT-move-02-01,london-link-010-ba-1,unique,Junction traffic,940GZZLUMGT-move-03-01,,,,5,0,5,0
central-early-r10-s1-current-off,940GZZLUMGT-move-02-01,london-link-010-ba-1,unique,Junction traffic,940GZZLUMGT-road-out-01,,,exit,15,0,15,0
central-early-r10-s1-current-off,940GZZLUMGT-move-02-01,london-link-010-ba-1,unique,Junction traffic,london-link-010-ba-1,,,,12,0,12,0
central-early-r10-s1-current-off,940GZZLUMGT-move-02-01,london-link-010-ba-1,unique,Pod ahead,london-link-010-ba-1,,,,4,0,4,0
central-early-r10-s1-current-off,940GZZLUMGT-move-03-01,london-link-010-ba-1,unique,Junction traffic,940GZZLUMGT-access-out,,,exit,13,0,13,0
central-early-r10-s1-current-off,940GZZLUMGT-move-03-01,london-link-010-ba-1,unique,Junction traffic,940GZZLUMGT-move-02-01,,,,15,0,15,0
central-early-r10-s1-current-off,940GZZLUMGT-move-03-01,london-link-010-ba-1,unique,Junction traffic,940GZZLUMGT-road-out-01,,,exit,98,0,98,0
central-early-r10-s1-current-off,940GZZLUMGT-move-03-01,london-link-010-ba-1,unique,Junction traffic,london-link-010-ba-1,,,,143,0,143,0
central-early-r10-s1-current-off,940GZZLUMGT-move-03-01,london-link-010-ba-1,unique,Pod ahead,940GZZLUMGT-move-03-01,,,,21,0,21,0
central-early-r10-s1-current-off,940GZZLUMGT-move-03-01,london-link-010-ba-1,unique,Pod ahead,london-link-010-ba-1,,,,59,0,59,0
central-early-r10-s1-current-off,940GZZLUOVL-01-out,940GZZLUOVL-01-departure-link,unique,Pod ahead,940GZZLUOVL-01-departure-link,940GZZLUOVL,departure,departure,4,0,4,0
central-early-r10-s1-current-off,940GZZLUOVL-move-02-01,london-link-098-ba-1,unique,Pod ahead,london-link-098-ba-1,,,,1,0,1,0
central-early-r10-s1-current-off,940GZZLUPAC-01-in,,last,Berth occupied,940GZZLUPAC-01-out,940GZZLUPAC,berth-access,departure,1,0,1,0
central-early-r10-s1-current-off,940GZZLUPAC-01-in,,last,Junction traffic,940GZZLUPAC-01-out,940GZZLUPAC,berth-access,departure,1,0,1,0
central-early-r10-s1-current-off,940GZZLUPAC-01-out,940GZZLUPAC-01-departure-link,unique,Pod ahead,940GZZLUPAC-01-departure-link,940GZZLUPAC,departure,departure,1,1,0,0
central-early-r10-s1-current-off,940GZZLUPAC-02-departure-link,940GZZLUPAC-01-departure-link,unique,Junction traffic,940GZZLUPAC-01-departure-link,940GZZLUPAC,departure,departure,1,1,0,0
central-early-r10-s1-current-off,940GZZLUPAC-02-departure-link,940GZZLUPAC-01-departure-link,unique,Pod ahead,940GZZLUPAC-01-departure-link,940GZZLUPAC,departure,departure,2,2,0,0
central-early-r10-s1-current-off,940GZZLUPAC-access-out,940GZZLUPAC-road-out-03,unique,Junction traffic,940GZZLUPAC-move-04-03,940GZZLUPAC,exit,,1,1,0,0
central-early-r10-s1-current-off,940GZZLUPAC-access-out,940GZZLUPAC-road-out-03,unique,Junction traffic,london-link-067-ba-1,940GZZLUPAC,exit,,5,5,0,0
central-early-r10-s1-current-off,940GZZLUPAC-access-out,940GZZLUPAC-road-out-03,unique,Pod ahead,940GZZLUPAC-access-out,940GZZLUPAC,exit,exit,3,3,0,0
central-early-r10-s1-current-off,940GZZLUPAC-access-out,940GZZLUPAC-road-out-03,unique,Pod ahead,london-link-067-ba-1,940GZZLUPAC,exit,,2,2,0,0
central-early-r10-s1-current-off,940GZZLUPCC-move-01-04,london-link-112-ba-1,unique,Junction traffic,london-link-112-ba-1,,,,1,0,1,0
central-early-r10-s1-current-off,940GZZLUPCC-move-01-04,london-link-112-ba-1,unique,Pod ahead,london-link-112-ba-1,,,,2,0,2,0
central-early-r10-s1-current-off,940GZZLUTCR-02-departure-link,940GZZLUTCR-01-departure-link,unique,Junction traffic,940GZZLUTCR-01-departure-link,940GZZLUTCR,departure,departure,1,1,0,0
central-early-r10-s1-current-off,940GZZLUTCR-02-departure-link,940GZZLUTCR-01-departure-link,unique,Pod ahead,940GZZLUTCR-01-departure-link,940GZZLUTCR,departure,departure,1,1,0,0
central-early-r10-s1-current-off,940GZZLUTCR-access-out,940GZZLUTCR-road-out-03,unique,Junction traffic,940GZZLUTCR-road-out-03,940GZZLUTCR,exit,exit,2,2,0,0
central-early-r10-s1-current-off,940GZZLUTCR-access-out,940GZZLUTCR-road-out-03,unique,Junction traffic,london-link-107-ba-1,940GZZLUTCR,exit,,6,6,0,0
central-early-r10-s1-current-off,940GZZLUTCR-access-out,940GZZLUTCR-road-out-03,unique,Pod ahead,london-link-107-ba-1,940GZZLUTCR,exit,,3,3,0,0
central-early-r10-s1-current-off,940GZZLUWLO-01-in,,last,Junction traffic,940GZZLUWLO-01-out,940GZZLUWLO,berth-access,departure,1,0,1,0
central-early-r10-s1-current-off,940GZZLUWLO-02-departure-link,940GZZLUWLO-01-departure-link,unique,Pod ahead,940GZZLUWLO-01-departure-link,940GZZLUWLO,departure,departure,1,1,0,0
central-early-r10-s1-current-off,940GZZLUWLO-access-out,940GZZLUWLO-road-out-02,unique,Junction traffic,940GZZLUWLO-move-03-02,940GZZLUWLO,exit,,65,0,65,0
central-early-r10-s1-current-off,940GZZLUWLO-access-out,940GZZLUWLO-road-out-02,unique,Junction traffic,940GZZLUWLO-road-out-03,940GZZLUWLO,exit,exit,11,0,11,0
central-early-r10-s1-current-off,940GZZLUWLO-access-out,940GZZLUWLO-road-out-02,unique,Junction traffic,london-link-063-ba-1,940GZZLUWLO,exit,,23,0,23,0
central-early-r10-s1-current-off,940GZZLUWLO-access-out,940GZZLUWLO-road-out-02,unique,Junction traffic,london-link-099-ab-2,940GZZLUWLO,exit,,8,0,8,0
central-early-r10-s1-current-off,940GZZLUWLO-access-out,940GZZLUWLO-road-out-02,unique,Pod ahead,london-link-063-ba-1,940GZZLUWLO,exit,,11,0,11,0
central-early-r10-s1-current-off,940GZZLUWLO-access-out,940GZZLUWLO-road-out-03,unique,Junction traffic,940GZZLUWLO-move-01-03,940GZZLUWLO,exit,,8,8,0,0
central-early-r10-s1-current-off,940GZZLUWLO-access-out,940GZZLUWLO-road-out-03,unique,Junction traffic,940GZZLUWLO-move-02-03,940GZZLUWLO,exit,,92,92,0,0
central-early-r10-s1-current-off,940GZZLUWLO-access-out,940GZZLUWLO-road-out-03,unique,Junction traffic,940GZZLUWLO-road-out-03,940GZZLUWLO,exit,exit,2,2,0,0
central-early-r10-s1-current-off,940GZZLUWLO-access-out,940GZZLUWLO-road-out-03,unique,Junction traffic,london-link-027-ab-2,940GZZLUWLO,exit,,6,6,0,0
central-early-r10-s1-current-off,940GZZLUWLO-access-out,940GZZLUWLO-road-out-03,unique,Junction traffic,london-link-063-ab-2,940GZZLUWLO,exit,,29,29,0,0
central-early-r10-s1-current-off,940GZZLUWLO-access-out,940GZZLUWLO-road-out-03,unique,Junction traffic,london-link-099-ba-1,940GZZLUWLO,exit,,72,72,0,0
central-early-r10-s1-current-off,940GZZLUWLO-access-out,940GZZLUWLO-road-out-03,unique,Pod ahead,940GZZLUWLO-access-out,940GZZLUWLO,exit,exit,13,13,0,0
central-early-r10-s1-current-off,940GZZLUWLO-access-out,940GZZLUWLO-road-out-03,unique,Pod ahead,london-link-099-ba-1,940GZZLUWLO,exit,,29,29,0,0
central-early-r10-s1-current-off,london-link-007-ab-2,940GZZLULVT-move-02-05,unique,Junction traffic,940GZZLULVT-access-out,,,exit,4,0,4,0
central-early-r10-s1-current-off,london-link-007-ab-2,940GZZLULVT-move-02-05,unique,Junction traffic,940GZZLULVT-road-out-05,,,exit,19,0,19,0
central-early-r10-s1-current-off,london-link-007-ab-2,940GZZLULVT-move-02-05,unique,Junction traffic,london-link-108-ab-1,,,,24,0,24,0
central-early-r10-s1-current-off,london-link-007-ab-2,940GZZLULVT-move-02-05,unique,Pod ahead,london-link-108-ab-1,,,,17,0,17,0
central-early-r10-s1-current-off,london-link-010-ab-2,940GZZLUMGT-move-01-02,unique,Junction traffic,940GZZLUMGT-road-out-02,,,exit,1,0,1,0
central-early-r10-s1-current-off,london-link-010-ab-2,940GZZLUMGT-move-01-02,unique,Junction traffic,london-link-024-ba-1,,,,2,0,2,0
central-early-r10-s1-current-off,london-link-010-ab-2,940GZZLUMGT-move-01-02,unique,Pod ahead,london-link-024-ba-1,,,,1,0,1,0
central-early-r10-s1-current-off,london-link-010-ab-2,940GZZLUMGT-road-in-01,unique,Pod ahead,london-link-010-ab-2,,,,1,1,0,0
central-early-r10-s1-current-off,london-link-013-ab-2,940GZZLULVT-move-03-05,unique,Pod ahead,940GZZLULVT-move-03-05,,,,3,0,3,0
central-early-r10-s1-current-off,london-link-017-ab-2,940GZZLUBST-move-01-02,unique,Junction traffic,940GZZLUBST-move-01-02,,,,671,0,671,0
central-early-r10-s1-current-off,london-link-017-ab-2,940GZZLUBST-move-01-02,unique,Junction traffic,940GZZLUBST-move-01-03,,,,10,0,10,0
central-early-r10-s1-current-off,london-link-017-ab-2,940GZZLUBST-move-01-02,unique,Junction traffic,940GZZLUBST-move-03-02,,,,12,0,12,0
central-early-r10-s1-current-off,london-link-017-ab-2,940GZZLUBST-move-01-02,unique,Junction traffic,940GZZLUBST-move-04-02,,,,3893,0,3893,0
central-early-r10-s1-current-off,london-link-017-ab-2,940GZZLUBST-move-01-02,unique,Junction traffic,940GZZLUBST-move-06-02,,,,9,0,9,0
central-early-r10-s1-current-off,london-link-017-ab-2,940GZZLUBST-move-01-02,unique,Junction traffic,940GZZLUBST-road-in-01,,,approach,6,0,6,0
central-early-r10-s1-current-off,london-link-017-ab-2,940GZZLUBST-move-01-02,unique,Junction traffic,london-link-017-ab-2,,,,1,0,1,0
central-early-r10-s1-current-off,london-link-017-ab-2,940GZZLUBST-move-01-02,unique,Junction traffic,london-link-033-ab-1,,,,1578,0,1578,0
central-early-r10-s1-current-off,london-link-017-ab-2,940GZZLUBST-move-01-02,unique,Junction traffic,london-link-034-ba-2,,,,15,0,15,0
central-early-r10-s1-current-off,london-link-017-ab-2,940GZZLUBST-move-01-02,unique,Junction traffic,london-link-035-ba-2,,,,1911,0,1911,0
central-early-r10-s1-current-off,london-link-017-ab-2,940GZZLUBST-move-01-02,unique,Junction traffic,london-link-037-ba-2,,,,5,0,5,0
central-early-r10-s1-current-off,london-link-017-ab-2,940GZZLUBST-move-01-02,unique,Pod ahead,london-link-017-ab-2,,,,8170,0,8170,0
central-early-r10-s1-current-off,london-link-017-ab-2,940GZZLUBST-move-01-02,unique,Pod ahead,london-link-033-ab-1,,,,669,0,669,0
central-early-r10-s1-current-off,london-link-017-ab-2,940GZZLUBST-move-01-03,unique,Junction traffic,940GZZLUBST-move-01-02,,,,7,3,4,0
central-early-r10-s1-current-off,london-link-017-ab-2,940GZZLUBST-move-01-03,unique,Junction traffic,940GZZLUBST-move-01-03,,,,3,0,3,0
central-early-r10-s1-current-off,london-link-017-ab-2,940GZZLUBST-move-01-03,unique,Junction traffic,london-link-034-ab-1,,,,3,0,3,0
central-early-r10-s1-current-off,london-link-017-ab-2,940GZZLUBST-move-01-03,unique,Pod ahead,london-link-017-ab-2,,,,150,34,116,0
central-early-r10-s1-current-off,london-link-017-ab-2,940GZZLUBST-move-01-04,unique,Junction traffic,940GZZLUBST-access-out,,,exit,18,0,18,0
central-early-r10-s1-current-off,london-link-017-ab-2,940GZZLUBST-move-01-04,unique,Junction traffic,940GZZLUBST-move-01-02,,,,56,0,56,0
central-early-r10-s1-current-off,london-link-017-ab-2,940GZZLUBST-move-01-04,unique,Junction traffic,940GZZLUBST-move-02-04,,,,162,0,162,0
central-early-r10-s1-current-off,london-link-017-ab-2,940GZZLUBST-move-01-04,unique,Junction traffic,940GZZLUBST-road-out-04,,,exit,21,0,21,0
central-early-r10-s1-current-off,london-link-017-ab-2,940GZZLUBST-move-01-04,unique,Junction traffic,london-link-033-ba-2,,,,50,0,50,0
central-early-r10-s1-current-off,london-link-017-ab-2,940GZZLUBST-move-01-04,unique,Junction traffic,london-link-035-ab-1,,,,65,0,65,0
central-early-r10-s1-current-off,london-link-017-ab-2,940GZZLUBST-move-01-04,unique,Pod ahead,london-link-017-ab-2,,,,392,0,392,0
central-early-r10-s1-current-off,london-link-017-ab-2,940GZZLUBST-move-01-04,unique,Pod ahead,london-link-035-ab-1,,,,29,0,29,0
central-early-r10-s1-current-off,london-link-017-ab-2,940GZZLUBST-road-in-01,unique,Junction traffic,940GZZLUBST-move-01-02,,,,37,0,37,0
central-early-r10-s1-current-off,london-link-017-ab-2,940GZZLUBST-road-in-01,unique,Pod ahead,london-link-017-ab-2,,,,322,0,322,0
central-early-r10-s1-current-off,london-link-023-ba-2,940GZZLUBNK-move-03-01,unique,Junction traffic,940GZZLUBNK-move-04-01,,,,1,0,1,0
central-early-r10-s1-current-off,london-link-023-ba-2,940GZZLUBNK-move-03-01,unique,Junction traffic,london-link-021-ab-1,,,,2,0,2,0
central-early-r10-s1-current-off,london-link-023-ba-2,940GZZLUBNK-move-03-01,unique,Pod ahead,london-link-021-ab-1,,,,1,0,1,0
central-early-r10-s1-current-off,london-link-023-ba-2,940GZZLUBNK-move-03-01,unique,Pod ahead,london-link-023-ba-2,,,,11,0,11,0
central-early-r10-s1-current-off,london-link-023-ba-2,940GZZLUBNK-move-03-05,unique,Junction traffic,940GZZLUBNK-access-out,,,exit,5,0,5,0
central-early-r10-s1-current-off,london-link-023-ba-2,940GZZLUBNK-move-03-05,unique,Junction traffic,940GZZLUBNK-road-out-05,,,exit,24,0,24,0
central-early-r10-s1-current-off,london-link-023-ba-2,940GZZLUBNK-move-03-05,unique,Junction traffic,london-link-025-ab-1,,,,10,0,10,0
central-early-r10-s1-current-off,london-link-023-ba-2,940GZZLUBNK-move-03-05,unique,Pod ahead,london-link-025-ab-1,,,,5,0,5,0
central-early-r10-s1-current-off,london-link-024-ba-2,940GZZLUBNK-move-04-05,unique,Junction traffic,940GZZLUBNK-move-06-05,,,,2,0,2,0
central-early-r10-s1-current-off,london-link-024-ba-2,940GZZLUBNK-move-04-05,unique,Junction traffic,940GZZLUBNK-road-out-05,,,exit,19,0,19,0
central-early-r10-s1-current-off,london-link-024-ba-2,940GZZLUBNK-move-04-05,unique,Junction traffic,london-link-025-ab-1,,,,8,0,8,0
central-early-r10-s1-current-off,london-link-024-ba-2,940GZZLUBNK-move-04-05,unique,Pod ahead,london-link-025-ab-1,,,,4,0,4,0
central-early-r10-s1-current-off,london-link-026-ba-2,940GZZLUBNK-move-06-01,unique,Junction traffic,940GZZLUBNK-move-03-01,,,,2,0,2,0
central-early-r10-s1-current-off,london-link-026-ba-2,940GZZLUBNK-move-06-01,unique,Junction traffic,london-link-021-ab-1,,,,1,0,1,0
central-early-r10-s1-current-off,london-link-026-ba-2,940GZZLUBNK-move-06-01,unique,Pod ahead,london-link-021-ab-1,,,,1,0,1,0
central-early-r10-s1-current-off,london-link-026-ba-2,940GZZLUBNK-move-06-05,unique,Junction traffic,940GZZLUBNK-access-out,,,exit,5,0,5,0
central-early-r10-s1-current-off,london-link-026-ba-2,940GZZLUBNK-move-06-05,unique,Junction traffic,940GZZLUBNK-move-03-05,,,,4,0,4,0
central-early-r10-s1-current-off,london-link-026-ba-2,940GZZLUBNK-move-06-05,unique,Junction traffic,940GZZLUBNK-move-06-05,,,,3,0,3,0
central-early-r10-s1-current-off,london-link-026-ba-2,940GZZLUBNK-move-06-05,unique,Junction traffic,940GZZLUBNK-road-out-05,,,exit,16,0,16,0
central-early-r10-s1-current-off,london-link-026-ba-2,940GZZLUBNK-move-06-05,unique,Junction traffic,london-link-023-ba-2,,,,6,0,6,0
central-early-r10-s1-current-off,london-link-026-ba-2,940GZZLUBNK-move-06-05,unique,Junction traffic,london-link-025-ab-1,,,,10,0,10,0
central-early-r10-s1-current-off,london-link-026-ba-2,940GZZLUBNK-move-06-05,unique,Pod ahead,london-link-025-ab-1,,,,5,0,5,0
central-early-r10-s1-current-off,london-link-027-ab-2,940GZZLUWLO-move-01-02,unique,Junction traffic,940GZZLUWLO-move-03-02,,,,27,0,27,0
central-early-r10-s1-current-off,london-link-027-ab-2,940GZZLUWLO-move-01-02,unique,Junction traffic,london-link-063-ba-1,,,,10,0,10,0
central-early-r10-s1-current-off,london-link-027-ab-2,940GZZLUWLO-move-01-02,unique,Junction traffic,london-link-099-ab-2,,,,5,0,5,0
central-early-r10-s1-current-off,london-link-027-ab-2,940GZZLUWLO-move-01-02,unique,Pod ahead,london-link-063-ba-1,,,,7,0,7,0
central-early-r10-s1-current-off,london-link-027-ab-2,940GZZLUWLO-move-01-03,unique,Junction traffic,940GZZLUWLO-move-02-03,,,,3,0,3,0
central-early-r10-s1-current-off,london-link-027-ab-2,940GZZLUWLO-move-01-03,unique,Junction traffic,london-link-099-ba-1,,,,3,0,3,0
central-early-r10-s1-current-off,london-link-027-ab-2,940GZZLUWLO-road-in-01,unique,Junction traffic,940GZZLUWLO-access-in,,,entry,6,0,6,0
central-early-r10-s1-current-off,london-link-027-ab-2,940GZZLUWLO-road-in-01,unique,Junction traffic,940GZZLUWLO-road-in-03,,,approach,10,0,10,0
central-early-r10-s1-current-off,london-link-027-ab-2,940GZZLUWLO-road-in-01,unique,Pod ahead,940GZZLUWLO-access-in,,,entry,3,0,3,0
central-early-r10-s1-current-off,london-link-033-ba-2,940GZZLUBST-move-02-01,unique,Junction traffic,940GZZLUBST-move-02-04,,,,111,111,0,0
central-early-r10-s1-current-off,london-link-033-ba-2,940GZZLUBST-move-02-01,unique,Junction traffic,london-link-017-ba-1,,,,8,8,0,0
central-early-r10-s1-current-off,london-link-033-ba-2,940GZZLUBST-move-02-01,unique,Junction traffic,london-link-035-ab-1,,,,1,1,0,0
central-early-r10-s1-current-off,london-link-033-ba-2,940GZZLUBST-move-02-01,unique,Pod ahead,london-link-017-ba-1,,,,7,7,0,0
central-early-r10-s1-current-off,london-link-033-ba-2,940GZZLUBST-move-02-01,unique,Pod ahead,london-link-033-ba-2,,,,292,292,0,0
central-early-r10-s1-current-off,london-link-033-ba-2,940GZZLUBST-move-02-04,unique,Junction traffic,940GZZLUBST-access-out,,,exit,200,200,0,0
central-early-r10-s1-current-off,london-link-033-ba-2,940GZZLUBST-move-02-04,unique,Junction traffic,940GZZLUBST-move-01-04,,,,47,47,0,0
central-early-r10-s1-current-off,london-link-033-ba-2,940GZZLUBST-move-02-04,unique,Junction traffic,940GZZLUBST-move-02-04,,,,910,910,0,0
central-early-r10-s1-current-off,london-link-033-ba-2,940GZZLUBST-move-02-04,unique,Junction traffic,940GZZLUBST-move-03-04,,,,7,7,0,0
central-early-r10-s1-current-off,london-link-033-ba-2,940GZZLUBST-move-02-04,unique,Junction traffic,940GZZLUBST-move-07-04,,,,14,14,0,0
central-early-r10-s1-current-off,london-link-033-ba-2,940GZZLUBST-move-02-04,unique,Junction traffic,940GZZLUBST-road-out-04,,,exit,255,255,0,0
central-early-r10-s1-current-off,london-link-033-ba-2,940GZZLUBST-move-02-04,unique,Junction traffic,london-link-017-ab-2,,,,78,78,0,0
central-early-r10-s1-current-off,london-link-033-ba-2,940GZZLUBST-move-02-04,unique,Junction traffic,london-link-033-ba-2,,,,4,4,0,0
central-early-r10-s1-current-off,london-link-033-ba-2,940GZZLUBST-move-02-04,unique,Junction traffic,london-link-035-ab-1,,,,1074,1074,0,0
central-early-r10-s1-current-off,london-link-033-ba-2,940GZZLUBST-move-02-04,unique,Junction traffic,london-link-038-ba-2,,,,5,5,0,0
central-early-r10-s1-current-off,london-link-033-ba-2,940GZZLUBST-move-02-04,unique,Pod ahead,london-link-033-ba-2,,,,2465,2465,0,0
central-early-r10-s1-current-off,london-link-033-ba-2,940GZZLUBST-move-02-04,unique,Pod ahead,london-link-035-ab-1,,,,493,493,0,0
central-early-r10-s1-current-off,london-link-034-ba-2,940GZZLUBST-move-03-02,unique,Junction traffic,940GZZLUBST-move-01-02,,,,36,0,36,0
central-early-r10-s1-current-off,london-link-034-ba-2,940GZZLUBST-move-03-02,unique,Junction traffic,940GZZLUBST-move-04-02,,,,65,0,65,0
central-early-r10-s1-current-off,london-link-034-ba-2,940GZZLUBST-move-03-02,unique,Junction traffic,london-link-017-ab-2,,,,16,0,16,0
central-early-r10-s1-current-off,london-link-034-ba-2,940GZZLUBST-move-03-02,unique,Junction traffic,london-link-033-ab-1,,,,27,0,27,0
central-early-r10-s1-current-off,london-link-034-ba-2,940GZZLUBST-move-03-02,unique,Junction traffic,london-link-035-ba-2,,,,30,0,30,0
central-early-r10-s1-current-off,london-link-034-ba-2,940GZZLUBST-move-03-02,unique,Pod ahead,london-link-033-ab-1,,,,11,0,11,0
central-early-r10-s1-current-off,london-link-034-ba-2,940GZZLUBST-move-03-04,unique,Junction traffic,940GZZLUBST-move-02-04,,,,8,0,8,0
central-early-r10-s1-current-off,london-link-034-ba-2,940GZZLUBST-move-03-04,unique,Junction traffic,london-link-033-ba-2,,,,2,0,2,0
central-early-r10-s1-current-off,london-link-034-ba-2,940GZZLUBST-move-03-04,unique,Junction traffic,london-link-035-ab-1,,,,2,0,2,0
central-early-r10-s1-current-off,london-link-034-ba-2,940GZZLUBST-move-03-04,unique,Pod ahead,london-link-035-ab-1,,,,1,0,1,0
central-early-r10-s1-current-off,london-link-035-ba-1,london-link-035-ba-2,unique,Junction traffic,london-link-035-ba-1,,,,7,0,7,0
central-early-r10-s1-current-off,london-link-035-ba-1,london-link-035-ba-2,unique,Junction traffic,london-link-035-ba-2,,,,8,0,8,0
central-early-r10-s1-current-off,london-link-035-ba-1,london-link-035-ba-2,unique,Pod ahead,london-link-035-ba-1,,,,27200,0,27200,0
central-early-r10-s1-current-off,london-link-035-ba-1,london-link-035-ba-2,unique,Pod ahead,london-link-035-ba-2,,,,6582,0,6582,0
central-early-r10-s1-current-off,london-link-035-ba-2,940GZZLUBST-move-04-02,unique,Junction traffic,940GZZLUBST-move-01-02,,,,3703,0,3703,0
central-early-r10-s1-current-off,london-link-035-ba-2,940GZZLUBST-move-04-02,unique,Junction traffic,940GZZLUBST-move-03-02,,,,28,0,28,0
central-early-r10-s1-current-off,london-link-035-ba-2,940GZZLUBST-move-04-02,unique,Junction traffic,940GZZLUBST-move-04-02,,,,2755,0,2755,0
central-early-r10-s1-current-off,london-link-035-ba-2,940GZZLUBST-move-04-02,unique,Junction traffic,940GZZLUBST-move-04-03,,,,4,0,4,0
central-early-r10-s1-current-off,london-link-035-ba-2,940GZZLUBST-move-04-02,unique,Junction traffic,940GZZLUBST-move-06-02,,,,9,0,9,0
central-early-r10-s1-current-off,london-link-035-ba-2,940GZZLUBST-move-04-02,unique,Junction traffic,london-link-017-ab-2,,,,2171,0,2171,0
central-early-r10-s1-current-off,london-link-035-ba-2,940GZZLUBST-move-04-02,unique,Junction traffic,london-link-033-ab-1,,,,2711,0,2711,0
central-early-r10-s1-current-off,london-link-035-ba-2,940GZZLUBST-move-04-02,unique,Junction traffic,london-link-034-ba-2,,,,37,0,37,0
central-early-r10-s1-current-off,london-link-035-ba-2,940GZZLUBST-move-04-02,unique,Junction traffic,london-link-035-ba-2,,,,8,0,8,0
central-early-r10-s1-current-off,london-link-035-ba-2,940GZZLUBST-move-04-02,unique,Junction traffic,london-link-037-ba-2,,,,5,0,5,0
central-early-r10-s1-current-off,london-link-035-ba-2,940GZZLUBST-move-04-02,unique,Pod ahead,london-link-033-ab-1,,,,1112,0,1112,0
central-early-r10-s1-current-off,london-link-035-ba-2,940GZZLUBST-move-04-02,unique,Pod ahead,london-link-035-ba-2,,,,102450,0,102450,0
central-early-r10-s1-current-off,london-link-035-ba-2,940GZZLUBST-move-04-03,unique,Junction traffic,940GZZLUBST-move-04-02,,,,18,0,18,0
central-early-r10-s1-current-off,london-link-035-ba-2,940GZZLUBST-move-04-03,unique,Pod ahead,london-link-035-ba-2,,,,1686,0,1686,0
central-early-r10-s1-current-off,london-link-035-ba-2,940GZZLUBST-move-04-06,unique,Junction traffic,940GZZLUBST-move-04-02,,,,1,0,1,0
central-early-r10-s1-current-off,london-link-035-ba-2,940GZZLUBST-move-04-06,unique,Pod ahead,london-link-035-ba-2,,,,88,0,88,0
central-early-r10-s1-current-off,london-link-035-ba-2,940GZZLUBST-road-in-04,unique,Junction traffic,940GZZLUBST-access-in,,,entry,10,0,10,0
central-early-r10-s1-current-off,london-link-035-ba-2,940GZZLUBST-road-in-04,unique,Junction traffic,940GZZLUBST-move-04-02,,,,75,0,75,0
central-early-r10-s1-current-off,london-link-035-ba-2,940GZZLUBST-road-in-04,unique,Junction traffic,940GZZLUBST-move-04-03,,,,1,0,1,0
central-early-r10-s1-current-off,london-link-035-ba-2,940GZZLUBST-road-in-04,unique,Junction traffic,940GZZLUBST-road-in-01,,,approach,1,0,1,0
central-early-r10-s1-current-off,london-link-035-ba-2,940GZZLUBST-road-in-04,unique,Pod ahead,940GZZLUBST-access-in,,,entry,4,0,4,0
central-early-r10-s1-current-off,london-link-035-ba-2,940GZZLUBST-road-in-04,unique,Pod ahead,london-link-035-ba-2,,,,4822,0,4822,0
central-early-r10-s1-current-off,london-link-037-ba-2,940GZZLUBST-move-06-02,unique,Junction traffic,940GZZLUBST-move-01-02,,,,4,0,4,0
central-early-r10-s1-current-off,london-link-037-ba-2,940GZZLUBST-move-06-02,unique,Junction traffic,940GZZLUBST-move-04-02,,,,9,0,9,0
central-early-r10-s1-current-off,london-link-037-ba-2,940GZZLUBST-move-06-02,unique,Junction traffic,london-link-033-ab-1,,,,4,0,4,0
central-early-r10-s1-current-off,london-link-037-ba-2,940GZZLUBST-move-06-02,unique,Junction traffic,london-link-035-ba-2,,,,5,0,5,0
central-early-r10-s1-current-off,london-link-037-ba-2,940GZZLUBST-move-06-02,unique,Pod ahead,london-link-033-ab-1,,,,2,0,2,0
central-early-r10-s1-current-off,london-link-038-ba-2,940GZZLUBST-move-07-04,unique,Junction traffic,940GZZLUBST-move-02-04,,,,14,0,14,0
central-early-r10-s1-current-off,london-link-038-ba-2,940GZZLUBST-move-07-04,unique,Junction traffic,london-link-033-ba-2,,,,4,0,4,0
central-early-r10-s1-current-off,london-link-038-ba-2,940GZZLUBST-move-07-04,unique,Junction traffic,london-link-035-ab-1,,,,4,0,4,0
central-early-r10-s1-current-off,london-link-038-ba-2,940GZZLUBST-move-07-04,unique,Pod ahead,london-link-035-ab-1,,,,2,0,2,0
central-early-r10-s1-current-off,london-link-040-ab-2,940GZZLUPAC-road-in-01,unique,Junction traffic,940GZZLUPAC-access-in,,,entry,4,0,4,0
central-early-r10-s1-current-off,london-link-040-ab-2,940GZZLUPAC-road-in-01,unique,Junction traffic,940GZZLUPAC-road-in-03,,,approach,7,0,7,0
central-early-r10-s1-current-off,london-link-040-ab-2,940GZZLUPAC-road-in-01,unique,Pod ahead,940GZZLUPAC-access-in,,,entry,1,0,1,0
central-early-r10-s1-current-off,london-link-043-ab-2,940GZZLUKSX-move-02-03,unique,Junction traffic,940GZZLUKSX-move-05-03,,,,21,0,21,0
central-early-r10-s1-current-off,london-link-043-ab-2,940GZZLUKSX-move-02-03,unique,Junction traffic,london-link-069-ba-1,,,,7,0,7,0
central-early-r10-s1-current-off,london-link-043-ab-2,940GZZLUKSX-move-02-03,unique,Junction traffic,london-link-074-ab-2,,,,8,0,8,0
central-early-r10-s1-current-off,london-link-043-ab-2,940GZZLUKSX-move-02-03,unique,Pod ahead,london-link-069-ba-1,,,,2,0,2,0
central-early-r10-s1-current-off,london-link-045-ab-2,940GZZLULSQ-road-in-01,unique,Junction traffic,940GZZLULSQ-access-in,,,entry,7,0,7,0
central-early-r10-s1-current-off,london-link-045-ab-2,940GZZLULSQ-road-in-01,unique,Junction traffic,940GZZLULSQ-road-in-02,,,approach,8,0,8,0
central-early-r10-s1-current-off,london-link-045-ab-2,940GZZLULSQ-road-in-01,unique,Pod ahead,940GZZLULSQ-access-in,,,entry,4,0,4,0
central-early-r10-s1-current-off,london-link-049-ab-2,940GZZLULSQ-road-in-02,unique,Junction traffic,940GZZLULSQ-access-in,,,entry,4,0,4,0
central-early-r10-s1-current-off,london-link-049-ab-2,940GZZLULSQ-road-in-02,unique,Junction traffic,940GZZLULSQ-road-in-01,,,approach,2,0,2,0
central-early-r10-s1-current-off,london-link-049-ab-2,940GZZLULSQ-road-in-02,unique,Pod ahead,940GZZLULSQ-access-in,,,entry,4,0,4,0
central-early-r10-s1-current-off,london-link-063-ab-2,940GZZLUWLO-move-02-03,unique,Junction traffic,940GZZLUWLO-access-out,,,exit,44,44,0,0
central-early-r10-s1-current-off,london-link-063-ab-2,940GZZLUWLO-move-02-03,unique,Junction traffic,940GZZLUWLO-move-02-03,,,,62,62,0,0
central-early-r10-s1-current-off,london-link-063-ab-2,940GZZLUWLO-move-02-03,unique,Junction traffic,940GZZLUWLO-road-out-03,,,exit,194,194,0,0
central-early-r10-s1-current-off,london-link-063-ab-2,940GZZLUWLO-move-02-03,unique,Junction traffic,london-link-099-ba-1,,,,123,123,0,0
central-early-r10-s1-current-off,london-link-063-ab-2,940GZZLUWLO-move-02-03,unique,Pod ahead,london-link-063-ab-2,,,,68,68,0,0
central-early-r10-s1-current-off,london-link-063-ab-2,940GZZLUWLO-move-02-03,unique,Pod ahead,london-link-099-ba-1,,,,73,73,0,0
central-early-r10-s1-current-off,london-link-063-ab-2,940GZZLUWLO-road-in-02,unique,Junction traffic,940GZZLUWLO-move-02-03,,,,1,0,1,0
central-early-r10-s1-current-off,london-link-063-ba-2,940GZZLUEMB-move-03-01,unique,Junction traffic,940GZZLUEMB-move-02-01,,,,10,5,5,0
central-early-r10-s1-current-off,london-link-063-ba-2,940GZZLUEMB-move-03-01,unique,Junction traffic,940GZZLUEMB-move-03-01,,,,17,0,17,0
central-early-r10-s1-current-off,london-link-063-ba-2,940GZZLUEMB-move-03-01,unique,Junction traffic,940GZZLUEMB-road-out-01,,,exit,17,0,17,0
central-early-r10-s1-current-off,london-link-063-ba-2,940GZZLUEMB-move-03-01,unique,Junction traffic,london-link-048-ba-1,,,,28,2,26,0
central-early-r10-s1-current-off,london-link-063-ba-2,940GZZLUEMB-move-03-01,unique,Pod ahead,london-link-048-ba-1,,,,16,2,14,0
central-early-r10-s1-current-off,london-link-067-ab-2,940GZZLUPAC-road-in-03,unique,Junction traffic,940GZZLUPAC-access-in,,,entry,8,0,8,0
central-early-r10-s1-current-off,london-link-067-ab-2,940GZZLUPAC-road-in-03,unique,Junction traffic,940GZZLUPAC-road-in-01,,,approach,5,0,5,0
central-early-r10-s1-current-off,london-link-067-ab-2,940GZZLUPAC-road-in-03,unique,Pod ahead,940GZZLUPAC-access-in,,,entry,2,0,2,0
central-early-r10-s1-current-off,london-link-068-ab-2,940GZZLUGPS-move-02-01,unique,Junction traffic,940GZZLUGPS-move-02-01,,,,1,0,1,0
central-early-r10-s1-current-off,london-link-068-ab-2,940GZZLUGPS-move-02-01,unique,Pod ahead,940GZZLUGPS-move-02-01,,,,268,0,268,0
central-early-r10-s1-current-off,london-link-068-ab-2,940GZZLUGPS-move-02-01,unique,Pod ahead,london-link-068-ab-2,,,,250,0,250,0
central-early-r10-s1-current-off,london-link-068-ab-2,940GZZLUGPS-road-in-02,unique,Pod ahead,london-link-068-ab-2,,,,49,0,49,0
central-early-r10-s1-current-off,london-link-069-ab-2,940GZZLUKSX-move-03-05,unique,Junction traffic,940GZZLUKSX-move-03-05,,,,50,50,0,0
central-early-r10-s1-current-off,london-link-069-ab-2,940GZZLUKSX-move-03-05,unique,Junction traffic,london-link-069-ab-2,,,,15,15,0,0
central-early-r10-s1-current-off,london-link-069-ab-2,940GZZLUKSX-move-03-05,unique,Junction traffic,london-link-074-ba-1,,,,1594,1594,0,0
central-early-r10-s1-current-off,london-link-069-ab-2,940GZZLUKSX-move-03-05,unique,Pod ahead,london-link-069-ab-2,,,,6314,6314,0,0
central-early-r10-s1-current-off,london-link-069-ab-2,940GZZLUKSX-move-03-05,unique,Pod ahead,london-link-074-ba-1,,,,755,755,0,0
central-early-r10-s1-current-off,london-link-069-ab-2,940GZZLUKSX-road-in-03,unique,Pod ahead,london-link-069-ab-2,,,,136,136,0,0
central-early-r10-s1-current-off,london-link-070-ab-2,940GZZLUKSX-move-04-03,unique,Junction traffic,940GZZLUKSX-move-05-03,,,,31,0,31,0
central-early-r10-s1-current-off,london-link-070-ab-2,940GZZLUKSX-move-04-03,unique,Junction traffic,london-link-069-ba-1,,,,10,0,10,0
central-early-r10-s1-current-off,london-link-070-ab-2,940GZZLUKSX-move-04-03,unique,Junction traffic,london-link-074-ab-2,,,,3,0,3,0
central-early-r10-s1-current-off,london-link-070-ab-2,940GZZLUKSX-move-04-03,unique,Pod ahead,london-link-069-ba-1,,,,4,0,4,0
central-early-r10-s1-current-off,london-link-074-ab-2,940GZZLUKSX-move-05-03,unique,Junction traffic,940GZZLUKSX-access-out,,,exit,139,0,139,0
central-early-r10-s1-current-off,london-link-074-ab-2,940GZZLUKSX-move-05-03,unique,Junction traffic,940GZZLUKSX-move-02-03,,,,21,0,21,0
central-early-r10-s1-current-off,london-link-074-ab-2,940GZZLUKSX-move-05-03,unique,Junction traffic,940GZZLUKSX-move-04-03,,,,8,0,8,0
central-early-r10-s1-current-off,london-link-074-ab-2,940GZZLUKSX-move-05-03,unique,Junction traffic,940GZZLUKSX-move-05-03,,,,2599,0,2599,0
central-early-r10-s1-current-off,london-link-074-ab-2,940GZZLUKSX-move-05-03,unique,Junction traffic,940GZZLUKSX-move-05-04,,,,12,0,12,0
central-early-r10-s1-current-off,london-link-074-ab-2,940GZZLUKSX-move-05-03,unique,Junction traffic,940GZZLUKSX-move-06-03,,,,52,0,52,0
central-early-r10-s1-current-off,london-link-074-ab-2,940GZZLUKSX-move-05-03,unique,Junction traffic,940GZZLUKSX-move-07-03,,,,218,0,218,0
central-early-r10-s1-current-off,london-link-074-ab-2,940GZZLUKSX-move-05-03,unique,Junction traffic,940GZZLUKSX-road-out-03,,,exit,104,0,104,0
central-early-r10-s1-current-off,london-link-074-ab-2,940GZZLUKSX-move-05-03,unique,Junction traffic,london-link-043-ab-2,,,,18,0,18,0
central-early-r10-s1-current-off,london-link-074-ab-2,940GZZLUKSX-move-05-03,unique,Junction traffic,london-link-069-ba-1,,,,2130,0,2130,0
central-early-r10-s1-current-off,london-link-074-ab-2,940GZZLUKSX-move-05-03,unique,Junction traffic,london-link-070-ab-2,,,,21,0,21,0
central-early-r10-s1-current-off,london-link-074-ab-2,940GZZLUKSX-move-05-03,unique,Junction traffic,london-link-070-ba-1,,,,1,0,1,0
central-early-r10-s1-current-off,london-link-074-ab-2,940GZZLUKSX-move-05-03,unique,Junction traffic,london-link-074-ab-2,,,,10,0,10,0
central-early-r10-s1-current-off,london-link-074-ab-2,940GZZLUKSX-move-05-03,unique,Junction traffic,london-link-088-ab-2,,,,32,0,32,0
central-early-r10-s1-current-off,london-link-074-ab-2,940GZZLUKSX-move-05-03,unique,Junction traffic,london-link-101-ba-2,,,,169,0,169,0
central-early-r10-s1-current-off,london-link-074-ab-2,940GZZLUKSX-move-05-03,unique,Pod ahead,london-link-069-ba-1,,,,908,0,908,0
central-early-r10-s1-current-off,london-link-074-ab-2,940GZZLUKSX-move-05-03,unique,Pod ahead,london-link-074-ab-2,,,,20426,0,20426,0
central-early-r10-s1-current-off,london-link-074-ab-2,940GZZLUKSX-move-05-04,unique,Junction traffic,940GZZLUKSX-move-05-03,,,,16,0,16,0
central-early-r10-s1-current-off,london-link-074-ab-2,940GZZLUKSX-move-05-04,unique,Pod ahead,london-link-074-ab-2,,,,93,0,93,0
central-early-r10-s1-current-off,london-link-074-ab-2,940GZZLUKSX-move-05-07,unique,Junction traffic,940GZZLUKSX-move-05-03,,,,91,0,91,0
central-early-r10-s1-current-off,london-link-074-ab-2,940GZZLUKSX-move-05-07,unique,Junction traffic,940GZZLUKSX-move-05-07,,,,1,0,1,0
central-early-r10-s1-current-off,london-link-074-ab-2,940GZZLUKSX-move-05-07,unique,Junction traffic,london-link-101-ab-1,,,,2,0,2,0
central-early-r10-s1-current-off,london-link-074-ab-2,940GZZLUKSX-move-05-07,unique,Pod ahead,london-link-074-ab-2,,,,642,0,642,0
central-early-r10-s1-current-off,london-link-074-ab-2,940GZZLUKSX-move-05-07,unique,Pod ahead,london-link-101-ab-1,,,,1,0,1,0
central-early-r10-s1-current-off,london-link-077-ba-2,940GZZLUFYR-move-03-01,unique,Pod ahead,london-link-034-ba-1,,,,1,0,1,0
central-early-r10-s1-current-off,london-link-088-ab-2,940GZZLUKSX-move-06-03,unique,Junction traffic,940GZZLUKSX-move-05-03,,,,59,0,59,0
central-early-r10-s1-current-off,london-link-088-ab-2,940GZZLUKSX-move-06-03,unique,Junction traffic,940GZZLUKSX-move-06-03,,,,14,0,14,0
central-early-r10-s1-current-off,london-link-088-ab-2,940GZZLUKSX-move-06-03,unique,Junction traffic,london-link-069-ba-1,,,,28,0,28,0
central-early-r10-s1-current-off,london-link-088-ab-2,940GZZLUKSX-move-06-03,unique,Junction traffic,london-link-074-ab-2,,,,33,0,33,0
central-early-r10-s1-current-off,london-link-088-ab-2,940GZZLUKSX-move-06-03,unique,Pod ahead,london-link-069-ba-1,,,,10,0,10,0
central-early-r10-s1-current-off,london-link-088-ab-2,940GZZLUKSX-move-06-03,unique,Pod ahead,london-link-088-ab-2,,,,246,0,246,0
central-early-r10-s1-current-off,london-link-098-ab-2,940GZZLUOVL-move-01-01,unique,Pod ahead,london-link-098-ba-1,,,,1,0,1,0
central-early-r10-s1-current-off,london-link-099-ab-2,940GZZLUWLO-move-03-02,unique,Junction traffic,940GZZLUWLO-access-out,,,exit,11,0,11,0
central-early-r10-s1-current-off,london-link-099-ab-2,940GZZLUWLO-move-03-02,unique,Junction traffic,940GZZLUWLO-move-01-02,,,,22,0,22,0
central-early-r10-s1-current-off,london-link-099-ab-2,940GZZLUWLO-move-03-02,unique,Junction traffic,940GZZLUWLO-move-03-02,,,,52,2,50,0
central-early-r10-s1-current-off,london-link-099-ab-2,940GZZLUWLO-move-03-02,unique,Junction traffic,940GZZLUWLO-move-04-02,,,,9,0,9,0
central-early-r10-s1-current-off,london-link-099-ab-2,940GZZLUWLO-move-03-02,unique,Junction traffic,940GZZLUWLO-move-05-02,,,,13,0,13,0
central-early-r10-s1-current-off,london-link-099-ab-2,940GZZLUWLO-move-03-02,unique,Junction traffic,940GZZLUWLO-road-out-02,,,exit,5,0,5,0
central-early-r10-s1-current-off,london-link-099-ab-2,940GZZLUWLO-move-03-02,unique,Junction traffic,london-link-027-ab-2,,,,2,0,2,0
central-early-r10-s1-current-off,london-link-099-ab-2,940GZZLUWLO-move-03-02,unique,Junction traffic,london-link-063-ba-1,,,,65,2,63,0
central-early-r10-s1-current-off,london-link-099-ab-2,940GZZLUWLO-move-03-02,unique,Junction traffic,london-link-102-ab-2,,,,5,0,5,0
central-early-r10-s1-current-off,london-link-099-ab-2,940GZZLUWLO-move-03-02,unique,Junction traffic,london-link-126-ab-2,,,,2,0,2,0
central-early-r10-s1-current-off,london-link-099-ab-2,940GZZLUWLO-move-03-02,unique,Pod ahead,london-link-063-ba-1,,,,50,2,48,0
central-early-r10-s1-current-off,london-link-099-ab-2,940GZZLUWLO-move-03-02,unique,Pod ahead,london-link-099-ab-2,,,,19,0,19,0
central-early-r10-s1-current-off,london-link-099-ab-2,940GZZLUWLO-road-in-03,unique,Junction traffic,940GZZLUWLO-access-in,,,entry,3,3,0,0
central-early-r10-s1-current-off,london-link-099-ab-2,940GZZLUWLO-road-in-03,unique,Junction traffic,940GZZLUWLO-road-in-03,,,approach,4,4,0,0
central-early-r10-s1-current-off,london-link-099-ab-2,940GZZLUWLO-road-in-03,unique,Pod ahead,940GZZLUWLO-access-in,,,entry,3,2,1,0
central-early-r10-s1-current-off,london-link-099-ba-2,940GZZLUKNG-move-03-02,unique,Junction traffic,london-link-098-ab-1,,,,6,6,0,0
central-early-r10-s1-current-off,london-link-099-ba-2,940GZZLUKNG-move-03-02,unique,Pod ahead,london-link-098-ab-1,,,,3,3,0,0
central-early-r10-s1-current-off,london-link-099-ba-2,940GZZLUKNG-move-03-03,unique,Pod ahead,london-link-099-ab-1,,,,1,0,1,0
central-early-r10-s1-current-off,london-link-101-ba-2,940GZZLUKSX-move-07-03,unique,Junction traffic,940GZZLUKSX-access-out,,,exit,11,0,11,0
central-early-r10-s1-current-off,london-link-101-ba-2,940GZZLUKSX-move-07-03,unique,Junction traffic,940GZZLUKSX-move-02-03,,,,7,0,7,0
central-early-r10-s1-current-off,london-link-101-ba-2,940GZZLUKSX-move-07-03,unique,Junction traffic,940GZZLUKSX-move-05-03,,,,238,0,238,0
central-early-r10-s1-current-off,london-link-101-ba-2,940GZZLUKSX-move-07-03,unique,Junction traffic,940GZZLUKSX-move-07-03,,,,1,0,1,0
central-early-r10-s1-current-off,london-link-101-ba-2,940GZZLUKSX-move-07-03,unique,Junction traffic,940GZZLUKSX-road-out-03,,,exit,7,0,7,0
central-early-r10-s1-current-off,london-link-101-ba-2,940GZZLUKSX-move-07-03,unique,Junction traffic,london-link-043-ab-2,,,,4,0,4,0
central-early-r10-s1-current-off,london-link-101-ba-2,940GZZLUKSX-move-07-03,unique,Junction traffic,london-link-069-ba-1,,,,92,0,92,0
central-early-r10-s1-current-off,london-link-101-ba-2,940GZZLUKSX-move-07-03,unique,Junction traffic,london-link-074-ab-2,,,,83,0,83,0
central-early-r10-s1-current-off,london-link-101-ba-2,940GZZLUKSX-move-07-03,unique,Pod ahead,london-link-069-ba-1,,,,35,0,35,0
central-early-r10-s1-current-off,london-link-101-ba-2,940GZZLUKSX-move-07-07,unique,Junction traffic,940GZZLUKSX-move-05-07,,,,3,0,3,0
central-early-r10-s1-current-off,london-link-101-ba-2,940GZZLUKSX-move-07-07,unique,Junction traffic,london-link-101-ab-1,,,,2,0,2,0
central-early-r10-s1-current-off,london-link-101-ba-2,940GZZLUKSX-move-07-07,unique,Pod ahead,london-link-101-ab-1,,,,1,0,1,0
central-early-r10-s1-current-off,london-link-101-ba-2,,repeated,Junction traffic,940GZZLUKSX-move-05-03,,,,9,0,9,0
central-early-r10-s1-current-off,london-link-101-ba-2,,repeated,Junction traffic,london-link-069-ba-1,,,,2,0,2,0
central-early-r10-s1-current-off,london-link-101-ba-2,,repeated,Junction traffic,london-link-074-ab-2,,,,1,0,1,0
central-early-r10-s1-current-off,london-link-101-ba-2,,repeated,Pod ahead,london-link-069-ba-1,,,,1,0,1,0
central-early-r10-s1-current-off,london-link-102-ab-2,940GZZLUWLO-move-04-02,unique,Junction traffic,940GZZLUWLO-move-03-02,,,,1,0,1,0
central-early-r10-s1-current-off,london-link-102-ab-2,940GZZLUWLO-move-04-02,unique,Junction traffic,london-link-063-ba-1,,,,2,0,2,0
central-early-r10-s1-current-off,london-link-102-ab-2,940GZZLUWLO-move-04-02,unique,Pod ahead,london-link-063-ba-1,,,,1,0,1,0
central-early-r10-s1-current-off,london-link-112-ba-2,940GZZLUOXC-move-03-01,unique,Junction traffic,940GZZLUOXC-move-03-01,,,,64,0,64,0
central-early-r10-s1-current-off,london-link-112-ba-2,940GZZLUOXC-move-03-01,unique,Junction traffic,940GZZLUOXC-move-05-01,,,,150,0,150,0
central-early-r10-s1-current-off,london-link-112-ba-2,940GZZLUOXC-move-03-01,unique,Junction traffic,london-link-020-ba-1,,,,109,0,109,0
central-early-r10-s1-current-off,london-link-112-ba-2,940GZZLUOXC-move-03-01,unique,Junction traffic,london-link-114-ba-2,,,,18,0,18,0
central-early-r10-s1-current-off,london-link-112-ba-2,940GZZLUOXC-move-03-01,unique,Pod ahead,london-link-020-ba-1,,,,47,0,47,0
central-early-r10-s1-current-off,london-link-112-ba-2,940GZZLUOXC-move-03-01,unique,Pod ahead,london-link-112-ba-2,,,,70,0,70,0
central-early-r10-s1-current-off,london-link-114-ba-2,940GZZLUOXC-move-05-01,unique,Junction traffic,940GZZLUOXC-move-03-01,,,,109,0,109,0
central-early-r10-s1-current-off,london-link-114-ba-2,940GZZLUOXC-move-05-01,unique,Junction traffic,940GZZLUOXC-move-05-01,,,,6,0,6,0
central-early-r10-s1-current-off,london-link-114-ba-2,940GZZLUOXC-move-05-01,unique,Junction traffic,london-link-020-ba-1,,,,45,0,45,0
central-early-r10-s1-current-off,london-link-114-ba-2,940GZZLUOXC-move-05-01,unique,Junction traffic,london-link-112-ba-2,,,,11,0,11,0
central-early-r10-s1-current-off,london-link-114-ba-2,940GZZLUOXC-move-05-01,unique,Pod ahead,london-link-020-ba-1,,,,19,0,19,0
central-early-r10-s1-current-off,london-link-116-ba-2,940GZZLUPAC-move-04-03,unique,Junction traffic,940GZZLUPAC-road-out-03,,,exit,3,3,0,0
central-early-r10-s1-current-off,london-link-116-ba-2,940GZZLUPAC-move-04-03,unique,Junction traffic,london-link-067-ba-1,,,,5,5,0,0
central-early-r10-s1-current-off,london-link-116-ba-2,940GZZLUPAC-move-04-03,unique,Pod ahead,london-link-067-ba-1,,,,3,3,0,0
central-early-r10-s1-current-off,london-link-126-ab-2,940GZZLUWLO-move-05-02,unique,Junction traffic,940GZZLUWLO-access-out,,,exit,1,0,1,0
central-early-r10-s1-current-off,london-link-126-ab-2,940GZZLUWLO-move-05-02,unique,Junction traffic,940GZZLUWLO-move-03-02,,,,16,0,16,0
central-early-r10-s1-current-off,london-link-126-ab-2,940GZZLUWLO-move-05-02,unique,Junction traffic,940GZZLUWLO-road-out-02,,,exit,4,0,4,0
central-early-r10-s1-current-off,london-link-126-ab-2,940GZZLUWLO-move-05-02,unique,Junction traffic,london-link-063-ba-1,,,,12,0,12,0
central-early-r10-s1-current-off,london-link-126-ab-2,940GZZLUWLO-move-05-02,unique,Junction traffic,london-link-099-ab-2,,,,2,0,2,0
central-early-r10-s1-current-off,london-link-126-ab-2,940GZZLUWLO-move-05-02,unique,Pod ahead,london-link-063-ba-1,,,,6,0,6,0
central-early-r10-s2-old-virtual,940GZZLUBBN-move-02-01,london-link-009-ab-1,unique,Junction traffic,940GZZLUBBN-move-01-01,,,,1,0,1,0
central-early-r10-s2-old-virtual,940GZZLUBBN-move-02-01,london-link-009-ab-1,unique,Junction traffic,london-link-009-ab-1,,,,5,0,5,0
central-early-r10-s2-old-virtual,940GZZLUBBN-move-02-01,london-link-009-ab-1,unique,Pod ahead,london-link-009-ab-1,,,,10,0,10,0
central-early-r10-s2-old-virtual,940GZZLUBBN-road-out-01,london-link-009-ab-1,unique,Pod ahead,london-link-009-ab-1,940GZZLUBBN,exit,,1,0,1,0
central-early-r10-s2-old-virtual,940GZZLUBBN-road-out-02,london-link-010-ab-1,unique,Junction traffic,london-link-010-ab-1,940GZZLUBBN,exit,,5,0,5,0
central-early-r10-s2-old-virtual,940GZZLUBBN-road-out-02,london-link-010-ab-1,unique,Pod ahead,london-link-010-ab-1,940GZZLUBBN,exit,,1,0,1,0
central-early-r10-s2-old-virtual,940GZZLUBND-move-02-01,london-link-017-ab-1,unique,Pod ahead,london-link-017-ab-1,,,,2,0,2,0
central-early-r10-s2-old-virtual,940GZZLUBNK-access-out,940GZZLUBNK-road-out-05,unique,Junction traffic,london-link-025-ab-1,940GZZLUBNK,exit,,3,0,3,0
central-early-r10-s2-old-virtual,940GZZLUBNK-access-out,940GZZLUBNK-road-out-05,unique,Pod ahead,london-link-025-ab-1,940GZZLUBNK,exit,,2,0,2,0
central-early-r10-s2-old-virtual,940GZZLUBNK-access-out,940GZZLUBNK-road-out-07,unique,Junction traffic,940GZZLUBNK-move-03-07,940GZZLUBNK,exit,,6,0,6,0
central-early-r10-s2-old-virtual,940GZZLUBNK-access-out,940GZZLUBNK-road-out-07,unique,Junction traffic,london-link-027-ab-1,940GZZLUBNK,exit,,2,0,2,0
central-early-r10-s2-old-virtual,940GZZLUBNK-access-out,940GZZLUBNK-road-out-07,unique,Pod ahead,london-link-027-ab-1,940GZZLUBNK,exit,,1,0,1,0
central-early-r10-s2-old-virtual,940GZZLUBNK-move-02-04,london-link-024-ab-1,unique,Junction traffic,london-link-024-ab-1,,,,1,0,1,0
central-early-r10-s2-old-virtual,940GZZLUBNK-move-03-02,london-link-022-ab-1,unique,Junction traffic,940GZZLUBNK-road-out-02,,,exit,7,0,7,0
central-early-r10-s2-old-virtual,940GZZLUBNK-move-03-02,london-link-022-ab-1,unique,Junction traffic,london-link-022-ab-1,,,,2,0,2,0
central-early-r10-s2-old-virtual,940GZZLUBNK-move-03-02,london-link-022-ab-1,unique,Pod ahead,london-link-022-ab-1,,,,1,0,1,0
central-early-r10-s2-old-virtual,940GZZLUBST-access-out,940GZZLUBST-road-out-04,unique,Junction traffic,940GZZLUBST-move-01-04,940GZZLUBST,exit,,4,4,0,0
central-early-r10-s2-old-virtual,940GZZLUBST-access-out,940GZZLUBST-road-out-04,unique,Junction traffic,940GZZLUBST-move-02-04,940GZZLUBST,exit,,219,219,0,0
central-early-r10-s2-old-virtual,940GZZLUBST-access-out,940GZZLUBST-road-out-04,unique,Junction traffic,940GZZLUBST-road-out-04,940GZZLUBST,exit,exit,13,13,0,0
central-early-r10-s2-old-virtual,940GZZLUBST-access-out,940GZZLUBST-road-out-04,unique,Junction traffic,london-link-017-ab-2,940GZZLUBST,exit,,6,6,0,0
central-early-r10-s2-old-virtual,940GZZLUBST-access-out,940GZZLUBST-road-out-04,unique,Junction traffic,london-link-033-ba-2,940GZZLUBST,exit,,52,52,0,0
central-early-r10-s2-old-virtual,940GZZLUBST-access-out,940GZZLUBST-road-out-04,unique,Junction traffic,london-link-035-ab-1,940GZZLUBST,exit,,140,140,0,0
central-early-r10-s2-old-virtual,940GZZLUBST-access-out,940GZZLUBST-road-out-04,unique,Pod ahead,940GZZLUBST-access-out,940GZZLUBST,exit,exit,1,1,0,0
central-early-r10-s2-old-virtual,940GZZLUBST-access-out,940GZZLUBST-road-out-04,unique,Pod ahead,london-link-035-ab-1,940GZZLUBST,exit,,52,52,0,0
central-early-r10-s2-old-virtual,940GZZLUBST-road-in-01,940GZZLUBST-access-in,unique,Junction traffic,940GZZLUBST-access-in,940GZZLUBST,approach,entry,6,0,6,0
central-early-r10-s2-old-virtual,940GZZLUBST-road-in-01,940GZZLUBST-access-in,unique,Junction traffic,940GZZLUBST-road-in-04,940GZZLUBST,approach,approach,8,0,8,0
central-early-r10-s2-old-virtual,940GZZLUBST-road-in-01,940GZZLUBST-access-in,unique,Pod ahead,940GZZLUBST-access-in,940GZZLUBST,approach,entry,3,0,3,0
central-early-r10-s2-old-virtual,940GZZLUCHX-move-02-01,london-link-048-ab-1,unique,Junction traffic,london-link-048-ab-1,,,,4,2,2,0
central-early-r10-s2-old-virtual,940GZZLUCHX-move-02-01,london-link-048-ab-1,unique,Pod ahead,london-link-048-ab-1,,,,4,3,1,0
central-early-r10-s2-old-virtual,940GZZLUCHX-move-03-01,london-link-048-ab-1,unique,Junction traffic,940GZZLUCHX-road-out-01,,,exit,3,3,0,0
central-early-r10-s2-old-virtual,940GZZLUCHX-move-03-01,london-link-048-ab-1,unique,Junction traffic,london-link-048-ab-1,,,,2,2,0,0
central-early-r10-s2-old-virtual,940GZZLUCHX-move-03-01,london-link-048-ab-1,unique,Pod ahead,london-link-048-ab-1,,,,1,1,0,0
central-early-r10-s2-old-virtual,940GZZLUCHX-road-out-01,london-link-048-ab-1,unique,Junction traffic,london-link-048-ab-1,940GZZLUCHX,exit,,4,4,0,0
central-early-r10-s2-old-virtual,940GZZLUCHX-road-out-01,london-link-048-ab-1,unique,Pod ahead,london-link-048-ab-1,940GZZLUCHX,exit,,6,6,0,0
central-early-r10-s2-old-virtual,940GZZLUEMB-01-out,940GZZLUEMB-01-departure-link,unique,Pod ahead,940GZZLUEMB-01-departure-link,940GZZLUEMB,departure,departure,1,1,0,0
central-early-r10-s2-old-virtual,940GZZLUEMB-access-out,940GZZLUEMB-road-out-01,unique,Junction traffic,940GZZLUEMB-move-03-01,940GZZLUEMB,exit,,6,0,6,0
central-early-r10-s2-old-virtual,940GZZLUEMB-access-out,940GZZLUEMB-road-out-01,unique,Junction traffic,london-link-048-ba-1,940GZZLUEMB,exit,,6,0,6,0
central-early-r10-s2-old-virtual,940GZZLUEMB-access-out,940GZZLUEMB-road-out-01,unique,Pod ahead,london-link-048-ba-1,940GZZLUEMB,exit,,3,0,3,0
central-early-r10-s2-old-virtual,940GZZLUEMB-access-out,940GZZLUEMB-road-out-03,unique,Pod ahead,london-link-063-ab-1,940GZZLUEMB,exit,,1,1,0,0
central-early-r10-s2-old-virtual,940GZZLUEMB-move-01-03,london-link-063-ab-1,unique,Junction traffic,940GZZLUEMB-road-out-03,,,exit,2,2,0,0
central-early-r10-s2-old-virtual,940GZZLUEMB-move-01-03,london-link-063-ab-1,unique,Junction traffic,london-link-063-ab-1,,,,11,10,1,0
central-early-r10-s2-old-virtual,940GZZLUEMB-move-01-03,london-link-063-ab-1,unique,Pod ahead,london-link-063-ab-1,,,,6,5,1,0
central-early-r10-s2-old-virtual,940GZZLUEMB-move-02-01,london-link-048-ba-1,unique,Junction traffic,940GZZLUEMB-move-03-01,,,,81,0,81,0
central-early-r10-s2-old-virtual,940GZZLUEMB-move-02-01,london-link-048-ba-1,unique,Junction traffic,london-link-048-ba-1,,,,32,0,32,0
central-early-r10-s2-old-virtual,940GZZLUEMB-move-02-01,london-link-048-ba-1,unique,Junction traffic,london-link-063-ba-2,,,,2,0,2,0
central-early-r10-s2-old-virtual,940GZZLUEMB-move-02-01,london-link-048-ba-1,unique,Pod ahead,london-link-048-ba-1,,,,18,0,18,0
central-early-r10-s2-old-virtual,940GZZLUESQ-01-in,,last,Berth occupied,940GZZLUESQ-01-out,940GZZLUESQ,berth-access,departure,1,0,1,0
central-early-r10-s2-old-virtual,940GZZLUESQ-01-in,,last,Junction traffic,940GZZLUESQ-01-out,940GZZLUESQ,berth-access,departure,2,0,2,0
central-early-r10-s2-old-virtual,940GZZLUESQ-02-departure-link,940GZZLUESQ-01-departure-link,unique,Pod ahead,940GZZLUESQ-01-departure-link,940GZZLUESQ,departure,departure,1,1,0,0
central-early-r10-s2-old-virtual,940GZZLUESQ-move-01-02,london-link-069-ab-1,unique,Junction traffic,940GZZLUESQ-road-out-02,,,exit,3,3,0,0
central-early-r10-s2-old-virtual,940GZZLUESQ-move-01-02,london-link-069-ab-1,unique,Junction traffic,london-link-069-ab-1,,,,11,11,0,0
central-early-r10-s2-old-virtual,940GZZLUESQ-move-01-02,london-link-069-ab-1,unique,Pod ahead,london-link-069-ab-1,,,,19,19,0,0
central-early-r10-s2-old-virtual,940GZZLUESQ-road-out-02,london-link-069-ab-1,unique,Junction traffic,940GZZLUESQ-move-01-02,940GZZLUESQ,exit,,1,1,0,0
central-early-r10-s2-old-virtual,940GZZLUESQ-road-out-02,london-link-069-ab-1,unique,Junction traffic,london-link-069-ab-1,940GZZLUESQ,exit,,8,8,0,0
central-early-r10-s2-old-virtual,940GZZLUESQ-road-out-02,london-link-069-ab-1,unique,Pod ahead,london-link-069-ab-1,940GZZLUESQ,exit,,16,16,0,0
central-early-r10-s2-old-virtual,940GZZLUFCN-move-01-02,london-link-074-ab-1,unique,Junction traffic,940GZZLUFCN-road-out-02,,,exit,1,0,1,0
central-early-r10-s2-old-virtual,940GZZLUFCN-move-01-02,london-link-074-ab-1,unique,Junction traffic,london-link-074-ab-1,,,,37,0,37,0
central-early-r10-s2-old-virtual,940GZZLUFCN-move-01-02,london-link-074-ab-1,unique,Pod ahead,london-link-074-ab-1,,,,38,0,38,0
central-early-r10-s2-old-virtual,940GZZLUFCN-move-02-01,london-link-009-ba-1,unique,Junction traffic,london-link-009-ba-1,,,,1,1,0,0
central-early-r10-s2-old-virtual,940GZZLUFCN-move-02-01,london-link-009-ba-1,unique,Pod ahead,london-link-009-ba-1,,,,4,4,0,0
central-early-r10-s2-old-virtual,940GZZLUFCN-road-out-01,london-link-009-ba-1,unique,Junction traffic,london-link-009-ba-1,940GZZLUFCN,exit,,1,0,1,0
central-early-r10-s2-old-virtual,940GZZLUFCN-road-out-01,london-link-009-ba-1,unique,Pod ahead,london-link-009-ba-1,940GZZLUFCN,exit,,2,0,2,0
central-early-r10-s2-old-virtual,940GZZLUFCN-road-out-02,london-link-074-ab-1,unique,Junction traffic,940GZZLUFCN-move-01-02,940GZZLUFCN,exit,,5,0,5,0
central-early-r10-s2-old-virtual,940GZZLUFCN-road-out-02,london-link-074-ab-1,unique,Junction traffic,london-link-074-ab-1,940GZZLUFCN,exit,,33,0,33,0
central-early-r10-s2-old-virtual,940GZZLUFCN-road-out-02,london-link-074-ab-1,unique,Pod ahead,london-link-074-ab-1,940GZZLUFCN,exit,,26,0,26,0
central-early-r10-s2-old-virtual,940GZZLUGPS-01-in,,last,Berth occupied,940GZZLUGPS-01-out,940GZZLUGPS,berth-access,departure,1,0,1,0
central-early-r10-s2-old-virtual,940GZZLUGPS-01-in,,last,Junction traffic,940GZZLUGPS-01-out,940GZZLUGPS,berth-access,departure,4,0,4,0
central-early-r10-s2-old-virtual,940GZZLUGPS-move-01-02,london-link-068-ba-1,unique,Junction traffic,london-link-068-ba-1,,,,3,3,0,0
central-early-r10-s2-old-virtual,940GZZLUGPS-move-01-02,london-link-068-ba-1,unique,Pod ahead,london-link-068-ba-1,,,,11,11,0,0
central-early-r10-s2-old-virtual,940GZZLUGPS-road-out-02,london-link-068-ba-1,unique,Junction traffic,london-link-068-ba-1,940GZZLUGPS,exit,,1,1,0,0
central-early-r10-s2-old-virtual,940GZZLUGPS-road-out-02,london-link-068-ba-1,unique,Pod ahead,london-link-068-ba-1,940GZZLUGPS,exit,,8,8,0,0
central-early-r10-s2-old-virtual,940GZZLUHBN-move-02-04,london-link-090-ab-1,unique,Pod ahead,london-link-090-ab-1,,,,1,0,1,0
central-early-r10-s2-old-virtual,940GZZLUHBN-move-03-01,london-link-044-ba-1,unique,Junction traffic,london-link-044-ba-1,,,,1,0,1,0
central-early-r10-s2-old-virtual,940GZZLUHBN-move-03-01,london-link-044-ba-1,unique,Pod ahead,london-link-044-ba-1,,,,1,0,1,0
central-early-r10-s2-old-virtual,940GZZLUKNG-access-out,940GZZLUKNG-road-out-02,unique,Junction traffic,940GZZLUKNG-move-03-02,940GZZLUKNG,exit,,1,0,1,0
central-early-r10-s2-old-virtual,940GZZLUKNG-access-out,940GZZLUKNG-road-out-02,unique,Junction traffic,london-link-098-ab-1,940GZZLUKNG,exit,,2,0,2,0
central-early-r10-s2-old-virtual,940GZZLUKNG-access-out,940GZZLUKNG-road-out-02,unique,Pod ahead,london-link-098-ab-1,940GZZLUKNG,exit,,1,0,1,0
central-early-r10-s2-old-virtual,940GZZLUKNG-move-01-02,london-link-098-ab-1,unique,Junction traffic,940GZZLUKNG-move-03-02,,,,2,0,2,0
central-early-r10-s2-old-virtual,940GZZLUKNG-move-01-02,london-link-098-ab-1,unique,Junction traffic,london-link-098-ab-1,,,,3,0,3,0
central-early-r10-s2-old-virtual,940GZZLUKNG-move-01-02,london-link-098-ab-1,unique,Pod ahead,london-link-098-ab-1,,,,2,0,2,0
central-early-r10-s2-old-virtual,940GZZLUKNG-move-02-03,london-link-099-ab-1,unique,Junction traffic,940GZZLUKNG-move-01-03,,,,1,1,0,0
central-early-r10-s2-old-virtual,940GZZLUKNG-move-02-03,london-link-099-ab-1,unique,Junction traffic,london-link-099-ab-1,,,,3,2,1,0
central-early-r10-s2-old-virtual,940GZZLUKNG-move-02-03,london-link-099-ab-1,unique,Pod ahead,london-link-099-ab-1,,,,2,1,1,0
central-early-r10-s2-old-virtual,940GZZLUKSX-access-out,940GZZLUKSX-road-out-03,unique,Junction traffic,940GZZLUKSX-move-05-03,940GZZLUKSX,exit,,134,0,134,0
central-early-r10-s2-old-virtual,940GZZLUKSX-access-out,940GZZLUKSX-road-out-03,unique,Junction traffic,940GZZLUKSX-move-07-03,940GZZLUKSX,exit,,7,0,7,0
central-early-r10-s2-old-virtual,940GZZLUKSX-access-out,940GZZLUKSX-road-out-03,unique,Junction traffic,london-link-069-ba-1,940GZZLUKSX,exit,,54,0,54,0
central-early-r10-s2-old-virtual,940GZZLUKSX-access-out,940GZZLUKSX-road-out-03,unique,Junction traffic,london-link-074-ab-2,940GZZLUKSX,exit,,48,0,48,0
central-early-r10-s2-old-virtual,940GZZLUKSX-access-out,940GZZLUKSX-road-out-03,unique,Junction traffic,london-link-101-ba-2,940GZZLUKSX,exit,,5,0,5,0
central-early-r10-s2-old-virtual,940GZZLUKSX-access-out,940GZZLUKSX-road-out-03,unique,Pod ahead,london-link-069-ba-1,940GZZLUKSX,exit,,24,0,24,0
central-early-r10-s2-old-virtual,940GZZLULSQ-01-departure-link,940GZZLULSQ-access-out,unique,Pod ahead,940GZZLULSQ-access-out,940GZZLULSQ,departure,exit,1,1,0,0
central-early-r10-s2-old-virtual,940GZZLULSQ-01-out,940GZZLULSQ-01-departure-link,unique,Pod ahead,940GZZLULSQ-01-departure-link,940GZZLULSQ,departure,departure,5,5,0,0
central-early-r10-s2-old-virtual,940GZZLULSQ-02-departure-link,940GZZLULSQ-01-departure-link,unique,Junction traffic,940GZZLULSQ-01-departure-link,940GZZLULSQ,departure,departure,1,1,0,0
central-early-r10-s2-old-virtual,940GZZLULSQ-02-departure-link,940GZZLULSQ-01-departure-link,unique,Pod ahead,940GZZLULSQ-01-departure-link,940GZZLULSQ,departure,departure,2,2,0,0
central-early-r10-s2-old-virtual,940GZZLULSQ-access-out,940GZZLULSQ-road-out-02,unique,Junction traffic,940GZZLULSQ-move-04-02,940GZZLULSQ,exit,,3,3,0,0
central-early-r10-s2-old-virtual,940GZZLULSQ-access-out,940GZZLULSQ-road-out-02,unique,Junction traffic,940GZZLULSQ-road-out-02,940GZZLULSQ,exit,exit,3,3,0,0
central-early-r10-s2-old-virtual,940GZZLULSQ-access-out,940GZZLULSQ-road-out-02,unique,Junction traffic,london-link-049-ba-1,940GZZLULSQ,exit,,5,5,0,0
central-early-r10-s2-old-virtual,940GZZLULSQ-access-out,940GZZLULSQ-road-out-02,unique,Pod ahead,london-link-049-ba-1,940GZZLULSQ,exit,,4,4,0,0
central-early-r10-s2-old-virtual,940GZZLULSQ-access-out,940GZZLULSQ-road-out-03,unique,Junction traffic,940GZZLULSQ-road-out-02,940GZZLULSQ,exit,exit,4,0,4,0
central-early-r10-s2-old-virtual,940GZZLULSQ-move-01-02,london-link-049-ba-1,unique,Junction traffic,940GZZLULSQ-road-out-02,,,exit,5,0,5,0
central-early-r10-s2-old-virtual,940GZZLULSQ-move-01-02,london-link-049-ba-1,unique,Junction traffic,london-link-049-ba-1,,,,3,0,3,0
central-early-r10-s2-old-virtual,940GZZLULSQ-move-01-02,london-link-049-ba-1,unique,Pod ahead,london-link-049-ba-1,,,,2,0,2,0
central-early-r10-s2-old-virtual,940GZZLULSQ-move-04-02,london-link-049-ba-1,unique,Junction traffic,940GZZLULSQ-access-out,,,exit,2,2,0,0
central-early-r10-s2-old-virtual,940GZZLULSQ-move-04-02,london-link-049-ba-1,unique,Junction traffic,940GZZLULSQ-road-out-02,,,exit,13,13,0,0
central-early-r10-s2-old-virtual,940GZZLULSQ-move-04-02,london-link-049-ba-1,unique,Junction traffic,london-link-049-ba-1,,,,8,8,0,0
central-early-r10-s2-old-virtual,940GZZLULSQ-move-04-02,london-link-049-ba-1,unique,Pod ahead,london-link-049-ba-1,,,,5,5,0,0
central-early-r10-s2-old-virtual,940GZZLULSQ-through,940GZZLULSQ-access-out,unique,Junction traffic,940GZZLULSQ-01-departure-link,940GZZLULSQ,through,departure,2,0,2,0
central-early-r10-s2-old-virtual,940GZZLULSQ-through,940GZZLULSQ-access-out,unique,Junction traffic,940GZZLULSQ-access-out,940GZZLULSQ,through,exit,3,0,3,0
central-early-r10-s2-old-virtual,940GZZLULSQ-through,940GZZLULSQ-access-out,unique,Pod ahead,940GZZLULSQ-access-out,940GZZLULSQ,through,exit,2,0,2,0
central-early-r10-s2-old-virtual,940GZZLULVT-move-03-05,london-link-108-ab-1,unique,Junction traffic,940GZZLULVT-move-02-05,,,,7,0,7,0
central-early-r10-s2-old-virtual,940GZZLULVT-move-03-05,london-link-108-ab-1,unique,Junction traffic,london-link-108-ab-1,,,,2,0,2,0
central-early-r10-s2-old-virtual,940GZZLULVT-move-03-05,london-link-108-ab-1,unique,Pod ahead,london-link-108-ab-1,,,,1,0,1,0
central-early-r10-s2-old-virtual,940GZZLULVT-road-out-04,london-link-023-ba-1,unique,Junction traffic,940GZZLULVT-move-02-04,940GZZLULVT,exit,,8,0,8,0
central-early-r10-s2-old-virtual,940GZZLULVT-road-out-04,london-link-023-ba-1,unique,Junction traffic,london-link-023-ba-1,940GZZLULVT,exit,,6,0,6,0
central-early-r10-s2-old-virtual,940GZZLULVT-road-out-04,london-link-023-ba-1,unique,Pod ahead,london-link-023-ba-1,940GZZLULVT,exit,,4,0,4,0
central-early-r10-s2-old-virtual,940GZZLULVT-road-out-05,london-link-108-ab-1,unique,Junction traffic,940GZZLULVT-move-01-05,940GZZLULVT,exit,,7,0,7,0
central-early-r10-s2-old-virtual,940GZZLULVT-road-out-05,london-link-108-ab-1,unique,Junction traffic,940GZZLULVT-move-02-05,940GZZLULVT,exit,,133,0,133,0
central-early-r10-s2-old-virtual,940GZZLULVT-road-out-05,london-link-108-ab-1,unique,Junction traffic,london-link-108-ab-1,940GZZLULVT,exit,,64,0,64,0
central-early-r10-s2-old-virtual,940GZZLULVT-road-out-05,london-link-108-ab-1,unique,Pod ahead,london-link-108-ab-1,940GZZLULVT,exit,,38,0,38,0
central-early-r10-s2-old-virtual,940GZZLUMGT-access-out,940GZZLUMGT-road-out-01,unique,Junction traffic,940GZZLUMGT-move-02-01,940GZZLUMGT,exit,,2,0,2,0
central-early-r10-s2-old-virtual,940GZZLUMGT-access-out,940GZZLUMGT-road-out-01,unique,Junction traffic,940GZZLUMGT-move-03-01,940GZZLUMGT,exit,,27,0,27,0
central-early-r10-s2-old-virtual,940GZZLUMGT-access-out,940GZZLUMGT-road-out-01,unique,Junction traffic,london-link-010-ba-1,940GZZLUMGT,exit,,24,0,24,0
central-early-r10-s2-old-virtual,940GZZLUMGT-access-out,940GZZLUMGT-road-out-01,unique,Pod ahead,london-link-010-ba-1,940GZZLUMGT,exit,,20,0,20,0
central-early-r10-s2-old-virtual,940GZZLUMGT-move-02-01,london-link-010-ba-1,unique,Junction traffic,940GZZLUMGT-access-out,,,exit,3,0,3,0
central-early-r10-s2-old-virtual,940GZZLUMGT-move-02-01,london-link-010-ba-1,unique,Junction traffic,940GZZLUMGT-road-out-01,,,exit,5,0,5,0
central-early-r10-s2-old-virtual,940GZZLUMGT-move-02-01,london-link-010-ba-1,unique,Junction traffic,london-link-010-ba-1,,,,5,0,5,0
central-early-r10-s2-old-virtual,940GZZLUMGT-move-02-01,london-link-010-ba-1,unique,Pod ahead,london-link-010-ba-1,,,,3,0,3,0
central-early-r10-s2-old-virtual,940GZZLUMGT-move-03-01,london-link-010-ba-1,unique,Junction traffic,940GZZLUMGT-access-out,,,exit,2,0,2,0
central-early-r10-s2-old-virtual,940GZZLUMGT-move-03-01,london-link-010-ba-1,unique,Junction traffic,940GZZLUMGT-move-01-01,,,,3,0,3,0
central-early-r10-s2-old-virtual,940GZZLUMGT-move-03-01,london-link-010-ba-1,unique,Junction traffic,940GZZLUMGT-move-02-01,,,,8,0,8,0
central-early-r10-s2-old-virtual,940GZZLUMGT-move-03-01,london-link-010-ba-1,unique,Junction traffic,940GZZLUMGT-road-out-01,,,exit,96,0,96,0
central-early-r10-s2-old-virtual,940GZZLUMGT-move-03-01,london-link-010-ba-1,unique,Junction traffic,london-link-010-ab-2,,,,2,0,2,0
central-early-r10-s2-old-virtual,940GZZLUMGT-move-03-01,london-link-010-ba-1,unique,Junction traffic,london-link-010-ba-1,,,,128,0,128,0
central-early-r10-s2-old-virtual,940GZZLUMGT-move-03-01,london-link-010-ba-1,unique,Pod ahead,940GZZLUMGT-move-03-01,,,,4,0,4,0
central-early-r10-s2-old-virtual,940GZZLUMGT-move-03-01,london-link-010-ba-1,unique,Pod ahead,london-link-010-ba-1,,,,65,0,65,0
central-early-r10-s2-old-virtual,940GZZLUOVL-01-out,940GZZLUOVL-01-departure-link,unique,Pod ahead,940GZZLUOVL-01-departure-link,940GZZLUOVL,departure,departure,3,0,3,0
central-early-r10-s2-old-virtual,940GZZLUOVL-02-departure-link,940GZZLUOVL-01-departure-link,unique,Junction traffic,940GZZLUOVL-01-departure-link,940GZZLUOVL,departure,departure,1,1,0,0
central-early-r10-s2-old-virtual,940GZZLUOVL-02-departure-link,940GZZLUOVL-01-departure-link,unique,Pod ahead,940GZZLUOVL-01-departure-link,940GZZLUOVL,departure,departure,1,1,0,0
central-early-r10-s2-old-virtual,940GZZLUOVL-move-02-01,london-link-098-ba-1,unique,Pod ahead,london-link-098-ba-1,,,,2,2,0,0
central-early-r10-s2-old-virtual,940GZZLUOVL-road-out-01,london-link-098-ba-1,unique,Pod ahead,london-link-098-ba-1,940GZZLUOVL,exit,,2,0,2,0
central-early-r10-s2-old-virtual,940GZZLUPAC-01-out,940GZZLUPAC-01-departure-link,unique,Pod ahead,940GZZLUPAC-01-departure-link,940GZZLUPAC,departure,departure,1,1,0,0
central-early-r10-s2-old-virtual,940GZZLUPAC-02-in,,last,Junction traffic,940GZZLUPAC-02-out,940GZZLUPAC,berth-access,departure,5,0,5,0
central-early-r10-s2-old-virtual,940GZZLUPAC-access-out,940GZZLUPAC-road-out-03,unique,Junction traffic,940GZZLUPAC-move-04-03,940GZZLUPAC,exit,,9,9,0,0
central-early-r10-s2-old-virtual,940GZZLUPAC-access-out,940GZZLUPAC-road-out-03,unique,Junction traffic,940GZZLUPAC-road-out-03,940GZZLUPAC,exit,exit,358,358,0,0
central-early-r10-s2-old-virtual,940GZZLUPAC-access-out,940GZZLUPAC-road-out-03,unique,Junction traffic,london-link-067-ba-1,940GZZLUPAC,exit,,655,655,0,0
central-early-r10-s2-old-virtual,940GZZLUPAC-access-out,940GZZLUPAC-road-out-03,unique,Junction traffic,london-link-116-ba-2,940GZZLUPAC,exit,,1,1,0,0
central-early-r10-s2-old-virtual,940GZZLUPAC-access-out,940GZZLUPAC-road-out-03,unique,Pod ahead,london-link-067-ba-1,940GZZLUPAC,exit,,513,513,0,0
central-early-r10-s2-old-virtual,940GZZLUPAC-road-in-01,940GZZLUPAC-access-in,unique,Junction traffic,940GZZLUPAC-access-in,940GZZLUPAC,approach,entry,2,0,2,0
central-early-r10-s2-old-virtual,940GZZLUPAC-road-in-01,940GZZLUPAC-access-in,unique,Junction traffic,940GZZLUPAC-road-in-03,940GZZLUPAC,approach,approach,3,0,3,0
central-early-r10-s2-old-virtual,940GZZLUPAC-road-in-01,940GZZLUPAC-access-in,unique,Pod ahead,940GZZLUPAC-access-in,940GZZLUPAC,approach,entry,1,0,1,0
central-early-r10-s2-old-virtual,940GZZLUPCC-move-01-04,london-link-112-ba-1,unique,Junction traffic,london-link-112-ba-1,,,,1,0,1,0
central-early-r10-s2-old-virtual,940GZZLUPCC-move-01-04,london-link-112-ba-1,unique,Pod ahead,london-link-112-ba-1,,,,1,0,1,0
central-early-r10-s2-old-virtual,940GZZLUTWH-road-out-03,london-link-026-ba-1,unique,Junction traffic,940GZZLUTWH-move-02-03,940GZZLUTWH,exit,,2,0,2,0
central-early-r10-s2-old-virtual,940GZZLUTWH-road-out-03,london-link-026-ba-1,unique,Junction traffic,london-link-026-ba-1,940GZZLUTWH,exit,,2,0,2,0
central-early-r10-s2-old-virtual,940GZZLUTWH-road-out-03,london-link-026-ba-1,unique,Pod ahead,london-link-026-ba-1,940GZZLUTWH,exit,,2,0,2,0
central-early-r10-s2-old-virtual,940GZZLUWLO-access-out,940GZZLUWLO-road-out-02,unique,Junction traffic,940GZZLUWLO-access-out,940GZZLUWLO,exit,exit,1,0,1,0
central-early-r10-s2-old-virtual,940GZZLUWLO-access-out,940GZZLUWLO-road-out-02,unique,Junction traffic,940GZZLUWLO-move-03-02,940GZZLUWLO,exit,,77,0,77,0
central-early-r10-s2-old-virtual,940GZZLUWLO-access-out,940GZZLUWLO-road-out-02,unique,Junction traffic,940GZZLUWLO-move-04-02,940GZZLUWLO,exit,,5,0,5,0
central-early-r10-s2-old-virtual,940GZZLUWLO-access-out,940GZZLUWLO-road-out-02,unique,Junction traffic,940GZZLUWLO-move-05-02,940GZZLUWLO,exit,,7,0,7,0
central-early-r10-s2-old-virtual,940GZZLUWLO-access-out,940GZZLUWLO-road-out-02,unique,Junction traffic,940GZZLUWLO-road-out-03,940GZZLUWLO,exit,exit,56,0,56,0
central-early-r10-s2-old-virtual,940GZZLUWLO-access-out,940GZZLUWLO-road-out-02,unique,Junction traffic,london-link-063-ba-1,940GZZLUWLO,exit,,28,0,28,0
central-early-r10-s2-old-virtual,940GZZLUWLO-access-out,940GZZLUWLO-road-out-02,unique,Junction traffic,london-link-099-ab-2,940GZZLUWLO,exit,,11,0,11,0
central-early-r10-s2-old-virtual,940GZZLUWLO-access-out,940GZZLUWLO-road-out-02,unique,Junction traffic,london-link-126-ab-2,940GZZLUWLO,exit,,3,0,3,0
central-early-r10-s2-old-virtual,940GZZLUWLO-access-out,940GZZLUWLO-road-out-02,unique,Pod ahead,940GZZLUWLO-access-out,940GZZLUWLO,exit,exit,9,0,9,0
central-early-r10-s2-old-virtual,940GZZLUWLO-access-out,940GZZLUWLO-road-out-02,unique,Pod ahead,london-link-063-ba-1,940GZZLUWLO,exit,,15,0,15,0
central-early-r10-s2-old-virtual,940GZZLUWLO-access-out,940GZZLUWLO-road-out-03,unique,Junction traffic,940GZZLUWLO-move-02-03,940GZZLUWLO,exit,,104,104,0,0
central-early-r10-s2-old-virtual,940GZZLUWLO-access-out,940GZZLUWLO-road-out-03,unique,Junction traffic,940GZZLUWLO-road-out-02,940GZZLUWLO,exit,exit,2,2,0,0
central-early-r10-s2-old-virtual,940GZZLUWLO-access-out,940GZZLUWLO-road-out-03,unique,Junction traffic,940GZZLUWLO-road-out-03,940GZZLUWLO,exit,exit,21,21,0,0
central-early-r10-s2-old-virtual,940GZZLUWLO-access-out,940GZZLUWLO-road-out-03,unique,Junction traffic,london-link-063-ab-2,940GZZLUWLO,exit,,18,18,0,0
central-early-r10-s2-old-virtual,940GZZLUWLO-access-out,940GZZLUWLO-road-out-03,unique,Junction traffic,london-link-099-ba-1,940GZZLUWLO,exit,,76,76,0,0
central-early-r10-s2-old-virtual,940GZZLUWLO-access-out,940GZZLUWLO-road-out-03,unique,Pod ahead,london-link-099-ba-1,940GZZLUWLO,exit,,30,30,0,0
central-early-r10-s2-old-virtual,london-link-007-ab-2,940GZZLULVT-move-02-05,unique,Junction traffic,940GZZLULVT-road-out-05,,,exit,2,0,2,0
central-early-r10-s2-old-virtual,london-link-007-ab-2,940GZZLULVT-move-02-05,unique,Junction traffic,london-link-108-ab-1,,,,1,0,1,0
central-early-r10-s2-old-virtual,london-link-007-ab-2,940GZZLULVT-move-02-05,unique,Pod ahead,london-link-108-ab-1,,,,3,0,3,0
central-early-r10-s2-old-virtual,london-link-009-ab-2,940GZZLUFCN-move-01-02,unique,Junction traffic,940GZZLUFCN-move-01-02,,,,10,0,10,0
central-early-r10-s2-old-virtual,london-link-009-ab-2,940GZZLUFCN-move-01-02,unique,Pod ahead,940GZZLUFCN-move-01-02,,,,61,0,61,0
central-early-r10-s2-old-virtual,london-link-009-ba-2,940GZZLUBBN-move-01-02,unique,Junction traffic,940GZZLUBBN-road-in-01,,,approach,11,11,0,0
central-early-r10-s2-old-virtual,london-link-009-ba-2,940GZZLUBBN-road-in-01,unique,Junction traffic,940GZZLUBBN-move-01-02,,,,2,2,0,0
central-early-r10-s2-old-virtual,london-link-010-ab-2,940GZZLUMGT-move-01-01,unique,Junction traffic,940GZZLUMGT-road-in-01,,,approach,3,0,3,0
central-early-r10-s2-old-virtual,london-link-010-ab-2,940GZZLUMGT-move-01-01,unique,Junction traffic,940GZZLUMGT-road-out-01,,,exit,5,0,5,0
central-early-r10-s2-old-virtual,london-link-010-ab-2,940GZZLUMGT-move-01-01,unique,Junction traffic,london-link-010-ba-1,,,,4,0,4,0
central-early-r10-s2-old-virtual,london-link-010-ab-2,940GZZLUMGT-move-01-01,unique,Pod ahead,london-link-010-ba-1,,,,2,0,2,0
central-early-r10-s2-old-virtual,london-link-010-ab-2,940GZZLUMGT-move-01-02,unique,Junction traffic,940GZZLUMGT-road-in-01,,,approach,2,0,2,0
central-early-r10-s2-old-virtual,london-link-010-ab-2,940GZZLUMGT-move-01-03,unique,Junction traffic,940GZZLUMGT-move-01-01,,,,2,2,0,0
central-early-r10-s2-old-virtual,london-link-010-ab-2,940GZZLUMGT-move-01-03,unique,Junction traffic,940GZZLUMGT-move-01-02,,,,3,3,0,0
central-early-r10-s2-old-virtual,london-link-010-ab-2,940GZZLUMGT-move-01-03,unique,Junction traffic,940GZZLUMGT-road-in-01,,,approach,39,39,0,0
central-early-r10-s2-old-virtual,london-link-010-ab-2,940GZZLUMGT-move-01-03,unique,Pod ahead,london-link-010-ab-2,,,,27,27,0,0
central-early-r10-s2-old-virtual,london-link-010-ab-2,940GZZLUMGT-road-in-01,unique,Junction traffic,940GZZLUMGT-access-in,,,entry,36,36,0,0
central-early-r10-s2-old-virtual,london-link-010-ab-2,940GZZLUMGT-road-in-01,unique,Junction traffic,940GZZLUMGT-move-01-03,,,,1,1,0,0
central-early-r10-s2-old-virtual,london-link-010-ab-2,940GZZLUMGT-road-in-01,unique,Junction traffic,940GZZLUMGT-road-in-01,,,approach,45,45,0,0
central-early-r10-s2-old-virtual,london-link-010-ab-2,940GZZLUMGT-road-in-01,unique,Pod ahead,940GZZLUMGT-access-in,,,entry,12,12,0,0
central-early-r10-s2-old-virtual,london-link-017-ab-2,940GZZLUBST-move-01-02,unique,Junction traffic,940GZZLUBST-move-01-02,,,,153,0,153,0
central-early-r10-s2-old-virtual,london-link-017-ab-2,940GZZLUBST-move-01-02,unique,Junction traffic,940GZZLUBST-move-01-04,,,,30,0,30,0
central-early-r10-s2-old-virtual,london-link-017-ab-2,940GZZLUBST-move-01-02,unique,Junction traffic,940GZZLUBST-move-03-02,,,,5,0,5,0
central-early-r10-s2-old-virtual,london-link-017-ab-2,940GZZLUBST-move-01-02,unique,Junction traffic,940GZZLUBST-move-04-02,,,,1869,0,1869,0
central-early-r10-s2-old-virtual,london-link-017-ab-2,940GZZLUBST-move-01-02,unique,Junction traffic,940GZZLUBST-move-07-02,,,,3,0,3,0
central-early-r10-s2-old-virtual,london-link-017-ab-2,940GZZLUBST-move-01-02,unique,Junction traffic,940GZZLUBST-road-in-01,,,approach,10,0,10,0
central-early-r10-s2-old-virtual,london-link-017-ab-2,940GZZLUBST-move-01-02,unique,Junction traffic,london-link-017-ab-2,,,,5,0,5,0
central-early-r10-s2-old-virtual,london-link-017-ab-2,940GZZLUBST-move-01-02,unique,Junction traffic,london-link-033-ab-1,,,,821,0,821,0
central-early-r10-s2-old-virtual,london-link-017-ab-2,940GZZLUBST-move-01-02,unique,Junction traffic,london-link-034-ba-2,,,,5,0,5,0
central-early-r10-s2-old-virtual,london-link-017-ab-2,940GZZLUBST-move-01-02,unique,Junction traffic,london-link-035-ba-2,,,,600,0,600,0
central-early-r10-s2-old-virtual,london-link-017-ab-2,940GZZLUBST-move-01-02,unique,Junction traffic,london-link-038-ba-2,,,,6,0,6,0
central-early-r10-s2-old-virtual,london-link-017-ab-2,940GZZLUBST-move-01-02,unique,Pod ahead,london-link-017-ab-2,,,,703,0,703,0
central-early-r10-s2-old-virtual,london-link-017-ab-2,940GZZLUBST-move-01-02,unique,Pod ahead,london-link-033-ab-1,,,,311,0,311,0
central-early-r10-s2-old-virtual,london-link-017-ab-2,940GZZLUBST-move-01-04,unique,Junction traffic,940GZZLUBST-access-out,,,exit,10,0,10,0
central-early-r10-s2-old-virtual,london-link-017-ab-2,940GZZLUBST-move-01-04,unique,Junction traffic,940GZZLUBST-move-01-02,,,,55,0,55,0
central-early-r10-s2-old-virtual,london-link-017-ab-2,940GZZLUBST-move-01-04,unique,Junction traffic,940GZZLUBST-move-02-04,,,,191,0,191,0
central-early-r10-s2-old-virtual,london-link-017-ab-2,940GZZLUBST-move-01-04,unique,Junction traffic,940GZZLUBST-road-out-04,,,exit,10,0,10,0
central-early-r10-s2-old-virtual,london-link-017-ab-2,940GZZLUBST-move-01-04,unique,Junction traffic,london-link-033-ab-1,,,,1,0,1,0
central-early-r10-s2-old-virtual,london-link-017-ab-2,940GZZLUBST-move-01-04,unique,Junction traffic,london-link-033-ba-2,,,,29,0,29,0
central-early-r10-s2-old-virtual,london-link-017-ab-2,940GZZLUBST-move-01-04,unique,Junction traffic,london-link-035-ab-1,,,,81,0,81,0
central-early-r10-s2-old-virtual,london-link-017-ab-2,940GZZLUBST-move-01-04,unique,Pod ahead,london-link-017-ab-2,,,,63,0,63,0
central-early-r10-s2-old-virtual,london-link-017-ab-2,940GZZLUBST-move-01-04,unique,Pod ahead,london-link-035-ab-1,,,,28,0,28,0
central-early-r10-s2-old-virtual,london-link-017-ab-2,940GZZLUBST-road-in-01,unique,Junction traffic,940GZZLUBST-move-01-02,,,,36,0,36,0
central-early-r10-s2-old-virtual,london-link-017-ab-2,940GZZLUBST-road-in-01,unique,Junction traffic,london-link-033-ab-1,,,,1,0,1,0
central-early-r10-s2-old-virtual,london-link-017-ab-2,940GZZLUBST-road-in-01,unique,Pod ahead,london-link-017-ab-2,,,,38,0,38,0
central-early-r10-s2-old-virtual,london-link-023-ba-2,940GZZLUBNK-move-03-05,unique,Junction traffic,940GZZLUBNK-move-06-05,,,,22,0,22,0
central-early-r10-s2-old-virtual,london-link-023-ba-2,940GZZLUBNK-move-03-05,unique,Junction traffic,940GZZLUBNK-road-out-05,,,exit,7,0,7,0
central-early-r10-s2-old-virtual,london-link-023-ba-2,940GZZLUBNK-move-03-05,unique,Junction traffic,london-link-025-ab-1,,,,14,0,14,0
central-early-r10-s2-old-virtual,london-link-023-ba-2,940GZZLUBNK-move-03-05,unique,Pod ahead,london-link-025-ab-1,,,,7,0,7,0
central-early-r10-s2-old-virtual,london-link-023-ba-2,940GZZLUBNK-move-03-07,unique,Junction traffic,940GZZLUBNK-move-03-05,,,,3,0,3,0
central-early-r10-s2-old-virtual,london-link-023-ba-2,940GZZLUBNK-move-03-07,unique,Junction traffic,940GZZLUBNK-move-06-07,,,,5,0,5,0
central-early-r10-s2-old-virtual,london-link-023-ba-2,940GZZLUBNK-move-03-07,unique,Junction traffic,london-link-027-ab-1,,,,5,0,5,0
central-early-r10-s2-old-virtual,london-link-023-ba-2,940GZZLUBNK-move-03-07,unique,Pod ahead,london-link-027-ab-1,,,,1,0,1,0
central-early-r10-s2-old-virtual,london-link-024-ba-2,940GZZLUBNK-move-04-05,unique,Junction traffic,940GZZLUBNK-move-03-05,,,,3,0,3,0
central-early-r10-s2-old-virtual,london-link-024-ba-2,940GZZLUBNK-move-04-05,unique,Junction traffic,940GZZLUBNK-move-06-05,,,,8,0,8,0
central-early-r10-s2-old-virtual,london-link-024-ba-2,940GZZLUBNK-move-04-05,unique,Junction traffic,940GZZLUBNK-road-out-05,,,exit,6,0,6,0
central-early-r10-s2-old-virtual,london-link-024-ba-2,940GZZLUBNK-move-04-05,unique,Junction traffic,london-link-025-ab-1,,,,6,0,6,0
central-early-r10-s2-old-virtual,london-link-024-ba-2,940GZZLUBNK-move-04-05,unique,Pod ahead,london-link-025-ab-1,,,,3,0,3,0
central-early-r10-s2-old-virtual,london-link-026-ba-2,940GZZLUBNK-move-06-05,unique,Junction traffic,940GZZLUBNK-move-03-05,,,,4,0,4,0
central-early-r10-s2-old-virtual,london-link-026-ba-2,940GZZLUBNK-move-06-05,unique,Junction traffic,940GZZLUBNK-move-04-05,,,,2,0,2,0
central-early-r10-s2-old-virtual,london-link-026-ba-2,940GZZLUBNK-move-06-05,unique,Junction traffic,940GZZLUBNK-road-out-05,,,exit,19,0,19,0
central-early-r10-s2-old-virtual,london-link-026-ba-2,940GZZLUBNK-move-06-05,unique,Junction traffic,london-link-024-ba-2,,,,2,0,2,0
central-early-r10-s2-old-virtual,london-link-026-ba-2,940GZZLUBNK-move-06-05,unique,Junction traffic,london-link-025-ab-1,,,,14,0,14,0
central-early-r10-s2-old-virtual,london-link-026-ba-2,940GZZLUBNK-move-06-05,unique,Pod ahead,london-link-025-ab-1,,,,8,0,8,0
central-early-r10-s2-old-virtual,london-link-026-ba-2,940GZZLUBNK-move-06-07,unique,Junction traffic,940GZZLUBNK-move-03-07,,,,9,0,9,0
central-early-r10-s2-old-virtual,london-link-026-ba-2,940GZZLUBNK-move-06-07,unique,Junction traffic,london-link-027-ab-1,,,,4,0,4,0
central-early-r10-s2-old-virtual,london-link-026-ba-2,940GZZLUBNK-move-06-07,unique,Pod ahead,london-link-027-ab-1,,,,1,0,1,0
central-early-r10-s2-old-virtual,london-link-027-ab-2,940GZZLUWLO-move-01-02,unique,Junction traffic,940GZZLUWLO-move-03-02,,,,22,0,22,0
central-early-r10-s2-old-virtual,london-link-027-ab-2,940GZZLUWLO-move-01-02,unique,Junction traffic,london-link-063-ba-1,,,,10,0,10,0
central-early-r10-s2-old-virtual,london-link-027-ab-2,940GZZLUWLO-move-01-02,unique,Pod ahead,london-link-063-ba-1,,,,5,0,5,0
central-early-r10-s2-old-virtual,london-link-027-ab-2,940GZZLUWLO-road-in-01,unique,Junction traffic,940GZZLUWLO-access-in,,,entry,2,0,2,0
central-early-r10-s2-old-virtual,london-link-027-ab-2,940GZZLUWLO-road-in-01,unique,Junction traffic,940GZZLUWLO-road-in-01,,,approach,1,0,1,0
central-early-r10-s2-old-virtual,london-link-027-ab-2,940GZZLUWLO-road-in-01,unique,Pod ahead,940GZZLUWLO-access-in,,,entry,1,0,1,0
central-early-r10-s2-old-virtual,london-link-031-ba-2,940GZZLUBSC-move-02-01,unique,Junction traffic,london-link-030-ab-1,,,,1,0,1,0
central-early-r10-s2-old-virtual,london-link-031-ba-2,940GZZLUBSC-move-02-01,unique,Pod ahead,london-link-030-ab-1,,,,1,0,1,0
central-early-r10-s2-old-virtual,london-link-033-ba-2,940GZZLUBST-move-02-01,unique,Junction traffic,940GZZLUBST-move-02-04,,,,88,88,0,0
central-early-r10-s2-old-virtual,london-link-033-ba-2,940GZZLUBST-move-02-01,unique,Junction traffic,london-link-035-ab-1,,,,1,1,0,0
central-early-r10-s2-old-virtual,london-link-033-ba-2,940GZZLUBST-move-02-01,unique,Pod ahead,london-link-033-ba-2,,,,1,1,0,0
central-early-r10-s2-old-virtual,london-link-033-ba-2,940GZZLUBST-move-02-04,unique,Junction traffic,940GZZLUBST-access-out,,,exit,91,91,0,0
central-early-r10-s2-old-virtual,london-link-033-ba-2,940GZZLUBST-move-02-04,unique,Junction traffic,940GZZLUBST-move-01-04,,,,79,79,0,0
central-early-r10-s2-old-virtual,london-link-033-ba-2,940GZZLUBST-move-02-04,unique,Junction traffic,940GZZLUBST-move-02-01,,,,11,11,0,0
central-early-r10-s2-old-virtual,london-link-033-ba-2,940GZZLUBST-move-02-04,unique,Junction traffic,940GZZLUBST-move-02-04,,,,226,226,0,0
central-early-r10-s2-old-virtual,london-link-033-ba-2,940GZZLUBST-move-02-04,unique,Junction traffic,940GZZLUBST-move-03-04,,,,9,9,0,0
central-early-r10-s2-old-virtual,london-link-033-ba-2,940GZZLUBST-move-02-04,unique,Junction traffic,940GZZLUBST-road-out-04,,,exit,271,271,0,0
central-early-r10-s2-old-virtual,london-link-033-ba-2,940GZZLUBST-move-02-04,unique,Junction traffic,london-link-017-ab-2,,,,76,76,0,0
central-early-r10-s2-old-virtual,london-link-033-ba-2,940GZZLUBST-move-02-04,unique,Junction traffic,london-link-033-ba-2,,,,1,1,0,0
central-early-r10-s2-old-virtual,london-link-033-ba-2,940GZZLUBST-move-02-04,unique,Junction traffic,london-link-034-ba-2,,,,1,1,0,0
central-early-r10-s2-old-virtual,london-link-033-ba-2,940GZZLUBST-move-02-04,unique,Junction traffic,london-link-035-ab-1,,,,423,423,0,0
central-early-r10-s2-old-virtual,london-link-033-ba-2,940GZZLUBST-move-02-04,unique,Pod ahead,london-link-033-ba-2,,,,52,52,0,0
central-early-r10-s2-old-virtual,london-link-033-ba-2,940GZZLUBST-move-02-04,unique,Pod ahead,london-link-035-ab-1,,,,200,200,0,0
central-early-r10-s2-old-virtual,london-link-034-ba-2,940GZZLUBST-move-03-02,unique,Junction traffic,940GZZLUBST-move-01-02,,,,11,0,11,0
central-early-r10-s2-old-virtual,london-link-034-ba-2,940GZZLUBST-move-03-02,unique,Junction traffic,940GZZLUBST-move-04-02,,,,12,0,12,0
central-early-r10-s2-old-virtual,london-link-034-ba-2,940GZZLUBST-move-03-02,unique,Junction traffic,london-link-017-ab-2,,,,5,0,5,0
central-early-r10-s2-old-virtual,london-link-034-ba-2,940GZZLUBST-move-03-02,unique,Junction traffic,london-link-033-ab-1,,,,8,0,8,0
central-early-r10-s2-old-virtual,london-link-034-ba-2,940GZZLUBST-move-03-02,unique,Pod ahead,london-link-033-ab-1,,,,4,0,4,0
central-early-r10-s2-old-virtual,london-link-034-ba-2,940GZZLUBST-move-03-04,unique,Junction traffic,940GZZLUBST-move-02-04,,,,2,0,2,0
central-early-r10-s2-old-virtual,london-link-034-ba-2,940GZZLUBST-move-03-04,unique,Junction traffic,london-link-035-ab-1,,,,2,0,2,0
central-early-r10-s2-old-virtual,london-link-034-ba-2,940GZZLUBST-move-03-04,unique,Pod ahead,london-link-035-ab-1,,,,1,0,1,0
central-early-r10-s2-old-virtual,london-link-035-ba-2,940GZZLUBST-move-04-02,unique,Junction traffic,940GZZLUBST-move-01-02,,,,1573,0,1573,0
central-early-r10-s2-old-virtual,london-link-035-ba-2,940GZZLUBST-move-04-02,unique,Junction traffic,940GZZLUBST-move-03-02,,,,7,0,7,0
central-early-r10-s2-old-virtual,london-link-035-ba-2,940GZZLUBST-move-04-02,unique,Junction traffic,940GZZLUBST-move-04-02,,,,1317,0,1317,0
central-early-r10-s2-old-virtual,london-link-035-ba-2,940GZZLUBST-move-04-02,unique,Junction traffic,940GZZLUBST-move-04-03,,,,5,0,5,0
central-early-r10-s2-old-virtual,london-link-035-ba-2,940GZZLUBST-move-04-02,unique,Junction traffic,940GZZLUBST-move-07-02,,,,1,0,1,0
central-early-r10-s2-old-virtual,london-link-035-ba-2,940GZZLUBST-move-04-02,unique,Junction traffic,940GZZLUBST-road-in-04,,,approach,33,0,33,0
central-early-r10-s2-old-virtual,london-link-035-ba-2,940GZZLUBST-move-04-02,unique,Junction traffic,london-link-017-ab-2,,,,545,0,545,0
central-early-r10-s2-old-virtual,london-link-035-ba-2,940GZZLUBST-move-04-02,unique,Junction traffic,london-link-033-ab-1,,,,1242,0,1242,0
central-early-r10-s2-old-virtual,london-link-035-ba-2,940GZZLUBST-move-04-02,unique,Junction traffic,london-link-034-ba-2,,,,5,0,5,0
central-early-r10-s2-old-virtual,london-link-035-ba-2,940GZZLUBST-move-04-02,unique,Junction traffic,london-link-035-ba-2,,,,5,0,5,0
central-early-r10-s2-old-virtual,london-link-035-ba-2,940GZZLUBST-move-04-02,unique,Pod ahead,london-link-033-ab-1,,,,467,0,467,0
central-early-r10-s2-old-virtual,london-link-035-ba-2,940GZZLUBST-move-04-02,unique,Pod ahead,london-link-035-ba-2,,,,3124,0,3124,0
central-early-r10-s2-old-virtual,london-link-035-ba-2,940GZZLUBST-move-04-03,unique,Junction traffic,940GZZLUBST-move-04-02,,,,4,0,4,0
central-early-r10-s2-old-virtual,london-link-035-ba-2,940GZZLUBST-road-in-04,unique,Junction traffic,940GZZLUBST-access-in,,,entry,2,0,2,0
central-early-r10-s2-old-virtual,london-link-035-ba-2,940GZZLUBST-road-in-04,unique,Junction traffic,940GZZLUBST-move-04-02,,,,89,0,89,0
central-early-r10-s2-old-virtual,london-link-035-ba-2,940GZZLUBST-road-in-04,unique,Junction traffic,940GZZLUBST-road-in-04,,,approach,3,0,3,0
central-early-r10-s2-old-virtual,london-link-035-ba-2,940GZZLUBST-road-in-04,unique,Pod ahead,940GZZLUBST-access-in,,,entry,1,0,1,0
central-early-r10-s2-old-virtual,london-link-035-ba-2,940GZZLUBST-road-in-04,unique,Pod ahead,london-link-035-ba-2,,,,31,0,31,0
central-early-r10-s2-old-virtual,london-link-038-ba-2,940GZZLUBST-move-07-02,unique,Junction traffic,940GZZLUBST-move-04-02,,,,9,0,9,0
central-early-r10-s2-old-virtual,london-link-038-ba-2,940GZZLUBST-move-07-02,unique,Junction traffic,london-link-033-ab-1,,,,2,0,2,0
central-early-r10-s2-old-virtual,london-link-038-ba-2,940GZZLUBST-move-07-02,unique,Junction traffic,london-link-035-ba-2,,,,4,0,4,0
central-early-r10-s2-old-virtual,london-link-038-ba-2,940GZZLUBST-move-07-02,unique,Pod ahead,london-link-033-ab-1,,,,1,0,1,0
central-early-r10-s2-old-virtual,london-link-043-ab-2,940GZZLUKSX-move-02-03,unique,Junction traffic,940GZZLUKSX-move-05-03,,,,5,0,5,0
central-early-r10-s2-old-virtual,london-link-043-ab-2,940GZZLUKSX-move-02-03,unique,Junction traffic,london-link-069-ba-1,,,,2,0,2,0
central-early-r10-s2-old-virtual,london-link-043-ab-2,940GZZLUKSX-move-02-03,unique,Pod ahead,london-link-069-ba-1,,,,1,0,1,0
central-early-r10-s2-old-virtual,london-link-045-ab-2,940GZZLULSQ-road-in-01,unique,Junction traffic,940GZZLULSQ-access-in,,,entry,15,0,15,0
central-early-r10-s2-old-virtual,london-link-045-ab-2,940GZZLULSQ-road-in-01,unique,Junction traffic,940GZZLULSQ-road-in-01,,,approach,4,0,4,0
central-early-r10-s2-old-virtual,london-link-045-ab-2,940GZZLULSQ-road-in-01,unique,Junction traffic,940GZZLULSQ-road-in-02,,,approach,11,0,11,0
central-early-r10-s2-old-virtual,london-link-045-ab-2,940GZZLULSQ-road-in-01,unique,Pod ahead,940GZZLULSQ-access-in,,,entry,7,0,7,0
central-early-r10-s2-old-virtual,london-link-048-ba-2,940GZZLUCHX-move-01-02,unique,Junction traffic,940GZZLUCHX-move-01-03,,,,2,0,2,0
central-early-r10-s2-old-virtual,london-link-048-ba-2,940GZZLUCHX-move-01-03,unique,Junction traffic,940GZZLUCHX-move-01-02,,,,2,0,2,0
central-early-r10-s2-old-virtual,london-link-048-ba-2,940GZZLUCHX-road-in-01,unique,Junction traffic,940GZZLUCHX-move-01-03,,,,2,0,2,0
central-early-r10-s2-old-virtual,london-link-049-ab-2,940GZZLULSQ-move-02-01,unique,Junction traffic,940GZZLULSQ-road-out-01,,,exit,2,0,2,0
central-early-r10-s2-old-virtual,london-link-049-ab-2,940GZZLULSQ-move-02-01,unique,Junction traffic,london-link-045-ba-1,,,,2,0,2,0
central-early-r10-s2-old-virtual,london-link-049-ab-2,940GZZLULSQ-road-in-02,unique,Junction traffic,940GZZLULSQ-access-in,,,entry,11,6,5,0
central-early-r10-s2-old-virtual,london-link-049-ab-2,940GZZLULSQ-road-in-02,unique,Junction traffic,940GZZLULSQ-road-in-01,,,approach,6,4,2,0
central-early-r10-s2-old-virtual,london-link-049-ab-2,940GZZLULSQ-road-in-02,unique,Pod ahead,940GZZLULSQ-access-in,,,entry,7,3,4,0
central-early-r10-s2-old-virtual,london-link-049-ba-2,940GZZLUCHX-move-02-01,unique,Pod ahead,940GZZLUCHX-move-02-01,,,,2,2,0,0
central-early-r10-s2-old-virtual,london-link-063-ab-2,940GZZLUWLO-move-02-03,unique,Junction traffic,940GZZLUWLO-access-out,,,exit,42,42,0,0
central-early-r10-s2-old-virtual,london-link-063-ab-2,940GZZLUWLO-move-02-03,unique,Junction traffic,940GZZLUWLO-move-02-03,,,,38,38,0,0
central-early-r10-s2-old-virtual,london-link-063-ab-2,940GZZLUWLO-move-02-03,unique,Junction traffic,940GZZLUWLO-move-02-05,,,,4,4,0,0
central-early-r10-s2-old-virtual,london-link-063-ab-2,940GZZLUWLO-move-02-03,unique,Junction traffic,940GZZLUWLO-road-in-02,,,approach,5,5,0,0
central-early-r10-s2-old-virtual,london-link-063-ab-2,940GZZLUWLO-move-02-03,unique,Junction traffic,940GZZLUWLO-road-out-03,,,exit,224,224,0,0
central-early-r10-s2-old-virtual,london-link-063-ab-2,940GZZLUWLO-move-02-03,unique,Junction traffic,london-link-099-ba-1,,,,122,122,0,0
central-early-r10-s2-old-virtual,london-link-063-ab-2,940GZZLUWLO-move-02-03,unique,Pod ahead,london-link-063-ab-2,,,,25,25,0,0
central-early-r10-s2-old-virtual,london-link-063-ab-2,940GZZLUWLO-move-02-03,unique,Pod ahead,london-link-099-ba-1,,,,75,75,0,0
central-early-r10-s2-old-virtual,london-link-063-ab-2,940GZZLUWLO-move-02-05,unique,Junction traffic,940GZZLUWLO-move-02-03,,,,10,10,0,0
central-early-r10-s2-old-virtual,london-link-063-ab-2,940GZZLUWLO-move-02-05,unique,Pod ahead,london-link-063-ab-2,,,,5,5,0,0
central-early-r10-s2-old-virtual,london-link-063-ab-2,940GZZLUWLO-road-in-02,unique,Junction traffic,940GZZLUWLO-move-02-03,,,,3,0,3,0
central-early-r10-s2-old-virtual,london-link-063-ba-2,940GZZLUEMB-move-03-01,unique,Junction traffic,940GZZLUEMB-move-02-01,,,,3,0,3,0
central-early-r10-s2-old-virtual,london-link-063-ba-2,940GZZLUEMB-move-03-01,unique,Junction traffic,940GZZLUEMB-move-03-01,,,,117,18,93,6
central-early-r10-s2-old-virtual,london-link-063-ba-2,940GZZLUEMB-move-03-01,unique,Junction traffic,940GZZLUEMB-road-out-01,,,exit,27,0,27,0
central-early-r10-s2-old-virtual,london-link-063-ba-2,940GZZLUEMB-move-03-01,unique,Junction traffic,london-link-048-ba-1,,,,64,6,57,1
central-early-r10-s2-old-virtual,london-link-063-ba-2,940GZZLUEMB-move-03-01,unique,Junction traffic,london-link-063-ba-2,,,,1,0,1,0
central-early-r10-s2-old-virtual,london-link-063-ba-2,940GZZLUEMB-move-03-01,unique,Pod ahead,london-link-048-ba-1,,,,32,3,29,0
central-early-r10-s2-old-virtual,london-link-063-ba-2,940GZZLUEMB-move-03-01,unique,Pod ahead,london-link-063-ba-2,,,,18,7,11,0
central-early-r10-s2-old-virtual,london-link-067-ab-2,940GZZLUPAC-move-03-04,unique,Junction traffic,940GZZLUPAC-road-in-03,,,approach,4,0,4,0
central-early-r10-s2-old-virtual,london-link-067-ab-2,940GZZLUPAC-move-03-04,unique,Pod ahead,london-link-067-ab-2,,,,13,0,13,0
central-early-r10-s2-old-virtual,london-link-067-ab-2,940GZZLUPAC-road-in-03,unique,Junction traffic,940GZZLUPAC-access-in,,,entry,2108,0,2108,0
central-early-r10-s2-old-virtual,london-link-067-ab-2,940GZZLUPAC-road-in-03,unique,Junction traffic,940GZZLUPAC-move-03-04,,,,4,0,4,0
central-early-r10-s2-old-virtual,london-link-067-ab-2,940GZZLUPAC-road-in-03,unique,Junction traffic,940GZZLUPAC-road-in-03,,,approach,5421,0,5421,0
central-early-r10-s2-old-virtual,london-link-067-ab-2,940GZZLUPAC-road-in-03,unique,Junction traffic,london-link-067-ab-2,,,,50,0,50,0
central-early-r10-s2-old-virtual,london-link-067-ab-2,940GZZLUPAC-road-in-03,unique,Pod ahead,940GZZLUPAC-access-in,,,entry,935,0,935,0
central-early-r10-s2-old-virtual,london-link-067-ab-2,940GZZLUPAC-road-in-03,unique,Pod ahead,london-link-067-ab-2,,,,19769,0,19769,0
central-early-r10-s2-old-virtual,london-link-068-ab-2,940GZZLUGPS-move-02-01,unique,Junction traffic,940GZZLUGPS-road-in-02,,,approach,19,0,19,0
central-early-r10-s2-old-virtual,london-link-068-ab-2,940GZZLUGPS-move-02-01,unique,Pod ahead,london-link-068-ab-2,,,,1,0,1,0
central-early-r10-s2-old-virtual,london-link-068-ab-2,940GZZLUGPS-road-in-02,unique,Junction traffic,940GZZLUGPS-move-02-01,,,,1,0,1,0
central-early-r10-s2-old-virtual,london-link-069-ab-2,940GZZLUKSX-move-03-05,unique,Junction traffic,940GZZLUKSX-move-03-05,,,,749,749,0,0
central-early-r10-s2-old-virtual,london-link-069-ab-2,940GZZLUKSX-move-03-05,unique,Junction traffic,940GZZLUKSX-road-in-03,,,approach,84,84,0,0
central-early-r10-s2-old-virtual,london-link-069-ab-2,940GZZLUKSX-move-03-05,unique,Junction traffic,london-link-069-ab-2,,,,30,30,0,0
central-early-r10-s2-old-virtual,london-link-069-ab-2,940GZZLUKSX-move-03-05,unique,Junction traffic,london-link-074-ba-1,,,,772,772,0,0
central-early-r10-s2-old-virtual,london-link-069-ab-2,940GZZLUKSX-move-03-05,unique,Pod ahead,london-link-069-ab-2,,,,1942,1942,0,0
central-early-r10-s2-old-virtual,london-link-069-ab-2,940GZZLUKSX-move-03-05,unique,Pod ahead,london-link-074-ba-1,,,,453,453,0,0
central-early-r10-s2-old-virtual,london-link-069-ab-2,940GZZLUKSX-road-in-03,unique,Junction traffic,940GZZLUKSX-move-03-05,,,,34,34,0,0
central-early-r10-s2-old-virtual,london-link-069-ab-2,940GZZLUKSX-road-in-03,unique,Junction traffic,london-link-069-ab-2,,,,4,4,0,0
central-early-r10-s2-old-virtual,london-link-069-ab-2,940GZZLUKSX-road-in-03,unique,Pod ahead,london-link-069-ab-2,,,,78,78,0,0
central-early-r10-s2-old-virtual,london-link-069-ba-2,940GZZLUESQ-move-02-01,unique,Junction traffic,940GZZLUESQ-road-in-02,,,approach,65,0,65,0
central-early-r10-s2-old-virtual,london-link-069-ba-2,940GZZLUESQ-road-in-02,unique,Junction traffic,940GZZLUESQ-move-02-01,,,,4,0,4,0
central-early-r10-s2-old-virtual,london-link-069-ba-2,940GZZLUESQ-road-in-02,unique,Junction traffic,940GZZLUESQ-road-in-02,,,approach,4,0,4,0
central-early-r10-s2-old-virtual,london-link-069-ba-2,940GZZLUESQ-road-in-02,unique,Pod ahead,940GZZLUESQ-road-in-02,,,approach,3,0,3,0
central-early-r10-s2-old-virtual,london-link-069-ba-2,940GZZLUESQ-road-in-02,unique,Pod ahead,london-link-069-ba-2,,,,1,0,1,0
central-early-r10-s2-old-virtual,london-link-070-ab-2,940GZZLUKSX-move-04-03,unique,Junction traffic,940GZZLUKSX-move-05-03,,,,68,0,68,0
central-early-r10-s2-old-virtual,london-link-070-ab-2,940GZZLUKSX-move-04-03,unique,Junction traffic,940GZZLUKSX-road-out-03,,,exit,5,0,5,0
central-early-r10-s2-old-virtual,london-link-070-ab-2,940GZZLUKSX-move-04-03,unique,Junction traffic,london-link-069-ba-1,,,,29,0,29,0
central-early-r10-s2-old-virtual,london-link-070-ab-2,940GZZLUKSX-move-04-03,unique,Junction traffic,london-link-074-ab-2,,,,34,0,34,0
central-early-r10-s2-old-virtual,london-link-070-ab-2,940GZZLUKSX-move-04-03,unique,Pod ahead,london-link-069-ba-1,,,,9,0,9,0
central-early-r10-s2-old-virtual,london-link-074-ab-2,940GZZLUKSX-move-05-03,unique,Junction traffic,940GZZLUKSX-access-out,,,exit,68,0,68,0
central-early-r10-s2-old-virtual,london-link-074-ab-2,940GZZLUKSX-move-05-03,unique,Junction traffic,940GZZLUKSX-move-04-03,,,,10,0,10,0
central-early-r10-s2-old-virtual,london-link-074-ab-2,940GZZLUKSX-move-05-03,unique,Junction traffic,940GZZLUKSX-move-05-03,,,,1864,0,1864,0
central-early-r10-s2-old-virtual,london-link-074-ab-2,940GZZLUKSX-move-05-03,unique,Junction traffic,940GZZLUKSX-move-05-04,,,,9,0,9,0
central-early-r10-s2-old-virtual,london-link-074-ab-2,940GZZLUKSX-move-05-03,unique,Junction traffic,940GZZLUKSX-move-05-07,,,,82,0,82,0
central-early-r10-s2-old-virtual,london-link-074-ab-2,940GZZLUKSX-move-05-03,unique,Junction traffic,940GZZLUKSX-move-06-03,,,,21,0,21,0
central-early-r10-s2-old-virtual,london-link-074-ab-2,940GZZLUKSX-move-05-03,unique,Junction traffic,940GZZLUKSX-move-07-03,,,,229,0,229,0
central-early-r10-s2-old-virtual,london-link-074-ab-2,940GZZLUKSX-move-05-03,unique,Junction traffic,940GZZLUKSX-road-out-03,,,exit,124,0,124,0
central-early-r10-s2-old-virtual,london-link-074-ab-2,940GZZLUKSX-move-05-03,unique,Junction traffic,london-link-069-ba-1,,,,1014,0,1014,0
central-early-r10-s2-old-virtual,london-link-074-ab-2,940GZZLUKSX-move-05-03,unique,Junction traffic,london-link-070-ab-2,,,,28,0,28,0
central-early-r10-s2-old-virtual,london-link-074-ab-2,940GZZLUKSX-move-05-03,unique,Junction traffic,london-link-074-ab-2,,,,26,0,26,0
central-early-r10-s2-old-virtual,london-link-074-ab-2,940GZZLUKSX-move-05-03,unique,Junction traffic,london-link-088-ab-2,,,,11,0,11,0
central-early-r10-s2-old-virtual,london-link-074-ab-2,940GZZLUKSX-move-05-03,unique,Junction traffic,london-link-101-ba-2,,,,152,0,152,0
central-early-r10-s2-old-virtual,london-link-074-ab-2,940GZZLUKSX-move-05-03,unique,Pod ahead,london-link-069-ba-1,,,,535,0,535,0
central-early-r10-s2-old-virtual,london-link-074-ab-2,940GZZLUKSX-move-05-03,unique,Pod ahead,london-link-074-ab-2,,,,4048,0,4048,0
central-early-r10-s2-old-virtual,london-link-074-ab-2,940GZZLUKSX-move-05-04,unique,Junction traffic,940GZZLUKSX-move-05-03,,,,4,0,4,0
central-early-r10-s2-old-virtual,london-link-074-ab-2,940GZZLUKSX-move-05-07,unique,Junction traffic,940GZZLUKSX-move-05-03,,,,152,0,152,0
central-early-r10-s2-old-virtual,london-link-074-ab-2,940GZZLUKSX-move-05-07,unique,Junction traffic,940GZZLUKSX-move-05-07,,,,5,0,5,0
central-early-r10-s2-old-virtual,london-link-074-ab-2,940GZZLUKSX-move-05-07,unique,Junction traffic,london-link-101-ab-1,,,,2,0,2,0
central-early-r10-s2-old-virtual,london-link-074-ab-2,940GZZLUKSX-move-05-07,unique,Pod ahead,london-link-074-ab-2,,,,38,0,38,0
central-early-r10-s2-old-virtual,london-link-074-ab-2,940GZZLUKSX-move-05-07,unique,Pod ahead,london-link-101-ab-1,,,,1,0,1,0
central-early-r10-s2-old-virtual,london-link-074-ba-2,940GZZLUFCN-move-02-01,unique,Junction traffic,940GZZLUFCN-road-in-02,,,approach,23,23,0,0
central-early-r10-s2-old-virtual,london-link-074-ba-2,940GZZLUFCN-road-in-02,unique,Junction traffic,940GZZLUFCN-move-02-01,,,,2,2,0,0
central-early-r10-s2-old-virtual,london-link-074-ba-2,940GZZLUFCN-road-in-02,unique,Pod ahead,940GZZLUFCN-road-in-02,,,approach,5,5,0,0
central-early-r10-s2-old-virtual,london-link-074-ba-2,940GZZLUFCN-road-in-02,unique,Pod ahead,london-link-074-ba-2,,,,1,1,0,0
central-early-r10-s2-old-virtual,london-link-088-ab-2,940GZZLUKSX-move-06-03,unique,Junction traffic,940GZZLUKSX-move-05-03,,,,18,0,18,0
central-early-r10-s2-old-virtual,london-link-088-ab-2,940GZZLUKSX-move-06-03,unique,Junction traffic,940GZZLUKSX-move-06-03,,,,3,0,3,0
central-early-r10-s2-old-virtual,london-link-088-ab-2,940GZZLUKSX-move-06-03,unique,Junction traffic,london-link-069-ba-1,,,,13,0,13,0
central-early-r10-s2-old-virtual,london-link-088-ab-2,940GZZLUKSX-move-06-03,unique,Junction traffic,london-link-074-ab-2,,,,10,0,10,0
central-early-r10-s2-old-virtual,london-link-088-ab-2,940GZZLUKSX-move-06-03,unique,Pod ahead,london-link-069-ba-1,,,,5,0,5,0
central-early-r10-s2-old-virtual,london-link-088-ab-2,940GZZLUKSX-move-06-03,unique,Pod ahead,london-link-088-ab-2,,,,8,0,8,0
central-early-r10-s2-old-virtual,london-link-099-ab-2,940GZZLUWLO-move-03-02,unique,Junction traffic,940GZZLUWLO-access-out,,,exit,32,0,32,0
central-early-r10-s2-old-virtual,london-link-099-ab-2,940GZZLUWLO-move-03-02,unique,Junction traffic,940GZZLUWLO-move-01-02,,,,15,0,15,0
central-early-r10-s2-old-virtual,london-link-099-ab-2,940GZZLUWLO-move-03-02,unique,Junction traffic,940GZZLUWLO-move-03-02,,,,51,0,51,0
central-early-r10-s2-old-virtual,london-link-099-ab-2,940GZZLUWLO-move-03-02,unique,Junction traffic,940GZZLUWLO-move-05-02,,,,17,0,17,0
central-early-r10-s2-old-virtual,london-link-099-ab-2,940GZZLUWLO-move-03-02,unique,Junction traffic,940GZZLUWLO-road-in-03,,,approach,9,0,9,0
central-early-r10-s2-old-virtual,london-link-099-ab-2,940GZZLUWLO-move-03-02,unique,Junction traffic,940GZZLUWLO-road-out-02,,,exit,54,0,54,0
central-early-r10-s2-old-virtual,london-link-099-ab-2,940GZZLUWLO-move-03-02,unique,Junction traffic,london-link-027-ab-2,,,,10,0,10,0
central-early-r10-s2-old-virtual,london-link-099-ab-2,940GZZLUWLO-move-03-02,unique,Junction traffic,london-link-063-ba-1,,,,97,0,97,0
central-early-r10-s2-old-virtual,london-link-099-ab-2,940GZZLUWLO-move-03-02,unique,Junction traffic,london-link-126-ab-2,,,,5,0,5,0
central-early-r10-s2-old-virtual,london-link-099-ab-2,940GZZLUWLO-move-03-02,unique,Pod ahead,london-link-063-ba-1,,,,67,3,64,0
central-early-r10-s2-old-virtual,london-link-099-ab-2,940GZZLUWLO-move-03-02,unique,Pod ahead,london-link-099-ab-2,,,,14,0,14,0
central-early-r10-s2-old-virtual,london-link-099-ab-2,940GZZLUWLO-road-in-03,unique,Junction traffic,940GZZLUWLO-access-in,,,entry,4,3,1,0
central-early-r10-s2-old-virtual,london-link-099-ab-2,940GZZLUWLO-road-in-03,unique,Junction traffic,940GZZLUWLO-move-03-02,,,,11,11,0,0
central-early-r10-s2-old-virtual,london-link-099-ab-2,940GZZLUWLO-road-in-03,unique,Junction traffic,940GZZLUWLO-road-in-01,,,approach,4,4,0,0
central-early-r10-s2-old-virtual,london-link-099-ab-2,940GZZLUWLO-road-in-03,unique,Pod ahead,940GZZLUWLO-access-in,,,entry,4,2,2,0
central-early-r10-s2-old-virtual,london-link-099-ba-2,940GZZLUKNG-move-03-02,unique,Junction traffic,940GZZLUKNG-move-03-02,,,,136,136,0,0
central-early-r10-s2-old-virtual,london-link-099-ba-2,940GZZLUKNG-move-03-02,unique,Junction traffic,940GZZLUKNG-road-out-02,,,exit,5,5,0,0
central-early-r10-s2-old-virtual,london-link-099-ba-2,940GZZLUKNG-move-03-02,unique,Junction traffic,london-link-098-ab-1,,,,92,92,0,0
central-early-r10-s2-old-virtual,london-link-099-ba-2,940GZZLUKNG-move-03-02,unique,Junction traffic,london-link-099-ba-2,,,,1,1,0,0
central-early-r10-s2-old-virtual,london-link-099-ba-2,940GZZLUKNG-move-03-02,unique,Pod ahead,london-link-098-ab-1,,,,46,46,0,0
central-early-r10-s2-old-virtual,london-link-099-ba-2,940GZZLUKNG-move-03-02,unique,Pod ahead,london-link-099-ba-2,,,,4,4,0,0
central-early-r10-s2-old-virtual,london-link-101-ba-2,940GZZLUKSX-move-07-03,unique,Junction traffic,940GZZLUKSX-access-out,,,exit,3,0,3,0
central-early-r10-s2-old-virtual,london-link-101-ba-2,940GZZLUKSX-move-07-03,unique,Junction traffic,940GZZLUKSX-move-05-03,,,,262,0,262,0
central-early-r10-s2-old-virtual,london-link-101-ba-2,940GZZLUKSX-move-07-03,unique,Junction traffic,940GZZLUKSX-move-07-03,,,,1,0,1,0
central-early-r10-s2-old-virtual,london-link-101-ba-2,940GZZLUKSX-move-07-03,unique,Junction traffic,940GZZLUKSX-road-out-03,,,exit,7,0,7,0
central-early-r10-s2-old-virtual,london-link-101-ba-2,940GZZLUKSX-move-07-03,unique,Junction traffic,london-link-069-ba-1,,,,131,0,131,0
central-early-r10-s2-old-virtual,london-link-101-ba-2,940GZZLUKSX-move-07-03,unique,Junction traffic,london-link-074-ab-2,,,,54,0,54,0
central-early-r10-s2-old-virtual,london-link-101-ba-2,940GZZLUKSX-move-07-03,unique,Pod ahead,london-link-069-ba-1,,,,43,0,43,0
central-early-r10-s2-old-virtual,london-link-102-ab-2,940GZZLUWLO-move-04-02,unique,Junction traffic,940GZZLUWLO-move-03-02,,,,6,0,6,0
central-early-r10-s2-old-virtual,london-link-102-ab-2,940GZZLUWLO-move-04-02,unique,Junction traffic,london-link-063-ba-1,,,,2,0,2,0
central-early-r10-s2-old-virtual,london-link-102-ab-2,940GZZLUWLO-move-04-02,unique,Pod ahead,london-link-063-ba-1,,,,1,0,1,0
central-early-r10-s2-old-virtual,london-link-108-ba-2,940GZZLULVT-move-05-02,unique,Junction traffic,940GZZLULVT-move-05-02,,,,17,17,0,0
central-early-r10-s2-old-virtual,london-link-108-ba-2,940GZZLULVT-move-05-02,unique,Junction traffic,940GZZLULVT-road-in-05,,,approach,38,38,0,0
central-early-r10-s2-old-virtual,london-link-108-ba-2,940GZZLULVT-move-05-02,unique,Junction traffic,london-link-007-ba-1,,,,10,10,0,0
central-early-r10-s2-old-virtual,london-link-108-ba-2,940GZZLULVT-move-05-02,unique,Pod ahead,london-link-007-ba-1,,,,6,6,0,0
central-early-r10-s2-old-virtual,london-link-108-ba-2,940GZZLULVT-move-05-02,unique,Pod ahead,london-link-108-ba-2,,,,12,12,0,0
central-early-r10-s2-old-virtual,london-link-108-ba-2,940GZZLULVT-road-in-05,unique,Junction traffic,940GZZLULVT-access-in,,,entry,191,191,0,0
central-early-r10-s2-old-virtual,london-link-108-ba-2,940GZZLULVT-road-in-05,unique,Junction traffic,940GZZLULVT-move-05-02,,,,134,134,0,0
central-early-r10-s2-old-virtual,london-link-108-ba-2,940GZZLULVT-road-in-05,unique,Junction traffic,940GZZLULVT-road-in-05,,,approach,229,229,0,0
central-early-r10-s2-old-virtual,london-link-108-ba-2,940GZZLULVT-road-in-05,unique,Pod ahead,940GZZLULVT-access-in,,,entry,90,90,0,0
central-early-r10-s2-old-virtual,london-link-108-ba-2,940GZZLULVT-road-in-05,unique,Pod ahead,london-link-108-ba-2,,,,52,52,0,0
central-early-r10-s2-old-virtual,london-link-112-ba-2,940GZZLUOXC-move-03-01,unique,Junction traffic,940GZZLUOXC-move-03-01,,,,28,0,28,0
central-early-r10-s2-old-virtual,london-link-112-ba-2,940GZZLUOXC-move-03-01,unique,Junction traffic,940GZZLUOXC-move-05-01,,,,112,0,112,0
central-early-r10-s2-old-virtual,london-link-112-ba-2,940GZZLUOXC-move-03-01,unique,Junction traffic,london-link-020-ba-1,,,,77,0,77,0
central-early-r10-s2-old-virtual,london-link-112-ba-2,940GZZLUOXC-move-03-01,unique,Junction traffic,london-link-114-ba-2,,,,6,0,6,0
central-early-r10-s2-old-virtual,london-link-112-ba-2,940GZZLUOXC-move-03-01,unique,Pod ahead,london-link-020-ba-1,,,,40,0,40,0
central-early-r10-s2-old-virtual,london-link-114-ba-2,940GZZLUOXC-move-05-01,unique,Junction traffic,940GZZLUOXC-move-03-01,,,,89,0,89,0
central-early-r10-s2-old-virtual,london-link-114-ba-2,940GZZLUOXC-move-05-01,unique,Junction traffic,london-link-020-ba-1,,,,44,0,44,0
central-early-r10-s2-old-virtual,london-link-114-ba-2,940GZZLUOXC-move-05-01,unique,Pod ahead,london-link-020-ba-1,,,,22,0,22,0
central-early-r10-s2-old-virtual,london-link-116-ba-2,940GZZLUPAC-move-04-03,unique,Junction traffic,940GZZLUPAC-road-out-03,,,exit,5,5,0,0
central-early-r10-s2-old-virtual,london-link-116-ba-2,940GZZLUPAC-move-04-03,unique,Junction traffic,london-link-067-ba-1,,,,2,2,0,0
central-early-r10-s2-old-virtual,london-link-116-ba-2,940GZZLUPAC-move-04-03,unique,Pod ahead,london-link-067-ba-1,,,,1,1,0,0
central-early-r10-s2-old-virtual,london-link-126-ab-2,940GZZLUWLO-move-05-02,unique,Junction traffic,940GZZLUWLO-move-03-02,,,,12,0,12,0
central-early-r10-s2-old-virtual,london-link-126-ab-2,940GZZLUWLO-move-05-02,unique,Junction traffic,london-link-063-ba-1,,,,7,0,7,0
central-early-r10-s2-old-virtual,london-link-126-ab-2,940GZZLUWLO-move-05-02,unique,Pod ahead,london-link-063-ba-1,,,,4,0,4,0
central-early-r10-s2-current-virtual,940GZZLUBBN-move-01-02,london-link-010-ab-1,unique,Pod ahead,london-link-010-ab-1,,,,2,2,0,0
central-early-r10-s2-current-virtual,940GZZLUBBN-move-02-01,london-link-009-ab-1,unique,Junction traffic,london-link-009-ab-1,,,,3,0,3,0
central-early-r10-s2-current-virtual,940GZZLUBBN-move-02-01,london-link-009-ab-1,unique,Pod ahead,london-link-009-ab-1,,,,4,0,4,0
central-early-r10-s2-current-virtual,940GZZLUBBN-road-out-01,london-link-009-ab-1,unique,Pod ahead,london-link-009-ab-1,940GZZLUBBN,exit,,6,0,6,0
central-early-r10-s2-current-virtual,940GZZLUBBN-road-out-02,london-link-010-ab-1,unique,Junction traffic,940GZZLUBBN-move-01-02,940GZZLUBBN,exit,,3,0,3,0
central-early-r10-s2-current-virtual,940GZZLUBBN-road-out-02,london-link-010-ab-1,unique,Junction traffic,london-link-010-ab-1,940GZZLUBBN,exit,,2,0,2,0
central-early-r10-s2-current-virtual,940GZZLUBBN-road-out-02,london-link-010-ab-1,unique,Pod ahead,london-link-010-ab-1,940GZZLUBBN,exit,,2,0,2,0
central-early-r10-s2-current-virtual,940GZZLUBKF-road-out-02,london-link-012-ab-1,unique,Junction traffic,london-link-012-ab-1,940GZZLUBKF,exit,,1,0,1,0
central-early-r10-s2-current-virtual,940GZZLUBKF-road-out-02,london-link-012-ab-1,unique,Pod ahead,london-link-012-ab-1,940GZZLUBKF,exit,,1,0,1,0
central-early-r10-s2-current-virtual,940GZZLUBNK-access-out,940GZZLUBNK-road-out-05,unique,Junction traffic,940GZZLUBNK-move-03-05,940GZZLUBNK,exit,,3,0,3,0
central-early-r10-s2-current-virtual,940GZZLUBNK-access-out,940GZZLUBNK-road-out-05,unique,Junction traffic,940GZZLUBNK-move-04-05,940GZZLUBNK,exit,,2,0,2,0
central-early-r10-s2-current-virtual,940GZZLUBNK-access-out,940GZZLUBNK-road-out-05,unique,Junction traffic,940GZZLUBNK-move-06-05,940GZZLUBNK,exit,,5,0,5,0
central-early-r10-s2-current-virtual,940GZZLUBNK-access-out,940GZZLUBNK-road-out-05,unique,Junction traffic,london-link-025-ab-1,940GZZLUBNK,exit,,6,0,6,0
central-early-r10-s2-current-virtual,940GZZLUBNK-access-out,940GZZLUBNK-road-out-05,unique,Pod ahead,london-link-025-ab-1,940GZZLUBNK,exit,,2,0,2,0
central-early-r10-s2-current-virtual,940GZZLUBST-access-out,940GZZLUBST-road-out-04,unique,Junction traffic,940GZZLUBST-move-01-04,940GZZLUBST,exit,,15,15,0,0
central-early-r10-s2-current-virtual,940GZZLUBST-access-out,940GZZLUBST-road-out-04,unique,Junction traffic,940GZZLUBST-move-02-04,940GZZLUBST,exit,,204,204,0,0
central-early-r10-s2-current-virtual,940GZZLUBST-access-out,940GZZLUBST-road-out-04,unique,Junction traffic,940GZZLUBST-road-out-04,940GZZLUBST,exit,exit,13,13,0,0
central-early-r10-s2-current-virtual,940GZZLUBST-access-out,940GZZLUBST-road-out-04,unique,Junction traffic,london-link-017-ab-2,940GZZLUBST,exit,,26,26,0,0
central-early-r10-s2-current-virtual,940GZZLUBST-access-out,940GZZLUBST-road-out-04,unique,Junction traffic,london-link-033-ba-2,940GZZLUBST,exit,,48,48,0,0
central-early-r10-s2-current-virtual,940GZZLUBST-access-out,940GZZLUBST-road-out-04,unique,Junction traffic,london-link-035-ab-1,940GZZLUBST,exit,,123,123,0,0
central-early-r10-s2-current-virtual,940GZZLUBST-access-out,940GZZLUBST-road-out-04,unique,Pod ahead,940GZZLUBST-access-out,940GZZLUBST,exit,exit,2,2,0,0
central-early-r10-s2-current-virtual,940GZZLUBST-access-out,940GZZLUBST-road-out-04,unique,Pod ahead,london-link-035-ab-1,940GZZLUBST,exit,,42,42,0,0
central-early-r10-s2-current-virtual,940GZZLUCHX-01-out,940GZZLUCHX-01-departure-link,unique,Pod ahead,940GZZLUCHX-01-departure-link,940GZZLUCHX,departure,departure,1,1,0,0
central-early-r10-s2-current-virtual,940GZZLUCHX-move-01-03,london-link-050-ab-1,unique,Junction traffic,london-link-050-ab-1,,,,2,0,2,0
central-early-r10-s2-current-virtual,940GZZLUCHX-move-01-03,london-link-050-ab-1,unique,Pod ahead,london-link-050-ab-1,,,,1,0,1,0
central-early-r10-s2-current-virtual,940GZZLUCHX-move-02-01,london-link-048-ab-1,unique,Junction traffic,london-link-048-ab-1,,,,4,4,0,0
central-early-r10-s2-current-virtual,940GZZLUCHX-move-02-01,london-link-048-ab-1,unique,Pod ahead,london-link-048-ab-1,,,,2,2,0,0
central-early-r10-s2-current-virtual,940GZZLUCHX-road-out-01,london-link-048-ab-1,unique,Junction traffic,london-link-048-ab-1,940GZZLUCHX,exit,,3,3,0,0
central-early-r10-s2-current-virtual,940GZZLUCHX-road-out-01,london-link-048-ab-1,unique,Pod ahead,london-link-048-ab-1,940GZZLUCHX,exit,,2,2,0,0
central-early-r10-s2-current-virtual,940GZZLUEMB-access-out,940GZZLUEMB-road-out-01,unique,Junction traffic,940GZZLUEMB-move-03-01,940GZZLUEMB,exit,,16,0,16,0
central-early-r10-s2-current-virtual,940GZZLUEMB-access-out,940GZZLUEMB-road-out-01,unique,Junction traffic,london-link-048-ba-1,940GZZLUEMB,exit,,7,0,7,0
central-early-r10-s2-current-virtual,940GZZLUEMB-access-out,940GZZLUEMB-road-out-01,unique,Junction traffic,london-link-063-ba-2,940GZZLUEMB,exit,,1,0,1,0
central-early-r10-s2-current-virtual,940GZZLUEMB-access-out,940GZZLUEMB-road-out-01,unique,Pod ahead,london-link-048-ba-1,940GZZLUEMB,exit,,4,0,4,0
central-early-r10-s2-current-virtual,940GZZLUEMB-move-01-03,london-link-063-ab-1,unique,Junction traffic,940GZZLUEMB-road-out-03,,,exit,6,6,0,0
central-early-r10-s2-current-virtual,940GZZLUEMB-move-01-03,london-link-063-ab-1,unique,Junction traffic,london-link-063-ab-1,,,,9,9,0,0
central-early-r10-s2-current-virtual,940GZZLUEMB-move-01-03,london-link-063-ab-1,unique,Pod ahead,london-link-063-ab-1,,,,7,7,0,0
central-early-r10-s2-current-virtual,940GZZLUEMB-move-02-01,london-link-048-ba-1,unique,Junction traffic,940GZZLUEMB-move-03-01,,,,59,0,59,0
central-early-r10-s2-current-virtual,940GZZLUEMB-move-02-01,london-link-048-ba-1,unique,Junction traffic,london-link-048-ba-1,,,,26,0,26,0
central-early-r10-s2-current-virtual,940GZZLUEMB-move-02-01,london-link-048-ba-1,unique,Pod ahead,london-link-048-ba-1,,,,15,0,15,0
central-early-r10-s2-current-virtual,940GZZLUESQ-01-in,,last,Berth occupied,940GZZLUESQ-01-out,940GZZLUESQ,berth-access,departure,3,0,3,0
central-early-r10-s2-current-virtual,940GZZLUESQ-01-in,,last,Junction traffic,940GZZLUESQ-01-out,940GZZLUESQ,berth-access,departure,3,0,3,0
central-early-r10-s2-current-virtual,940GZZLUESQ-02-departure-link,940GZZLUESQ-01-departure-link,unique,Pod ahead,940GZZLUESQ-01-departure-link,940GZZLUESQ,departure,departure,1,1,0,0
central-early-r10-s2-current-virtual,940GZZLUESQ-02-in,,last,Berth occupied,940GZZLUESQ-02-out,940GZZLUESQ,berth-access,departure,3,0,3,0
central-early-r10-s2-current-virtual,940GZZLUESQ-02-in,,last,Junction traffic,940GZZLUESQ-02-out,940GZZLUESQ,berth-access,departure,3,0,3,0
central-early-r10-s2-current-virtual,940GZZLUESQ-access-out,940GZZLUESQ-road-out-02,unique,Pod ahead,940GZZLUESQ-road-out-02,940GZZLUESQ,exit,exit,7,7,0,0
central-early-r10-s2-current-virtual,940GZZLUESQ-move-01-02,london-link-069-ab-1,unique,Junction traffic,940GZZLUESQ-road-out-02,,,exit,3,3,0,0
central-early-r10-s2-current-virtual,940GZZLUESQ-move-01-02,london-link-069-ab-1,unique,Junction traffic,london-link-069-ab-1,,,,10,10,0,0
central-early-r10-s2-current-virtual,940GZZLUESQ-move-01-02,london-link-069-ab-1,unique,Pod ahead,london-link-069-ab-1,,,,25,25,0,0
central-early-r10-s2-current-virtual,940GZZLUESQ-road-in-02,940GZZLUESQ-access-in,unique,Pod ahead,940GZZLUESQ-access-in,940GZZLUESQ,approach,entry,1,0,1,0
central-early-r10-s2-current-virtual,940GZZLUESQ-road-out-02,london-link-069-ab-1,unique,Junction traffic,940GZZLUESQ-move-01-02,940GZZLUESQ,exit,,4,4,0,0
central-early-r10-s2-current-virtual,940GZZLUESQ-road-out-02,london-link-069-ab-1,unique,Junction traffic,london-link-069-ab-1,940GZZLUESQ,exit,,17,17,0,0
central-early-r10-s2-current-virtual,940GZZLUESQ-road-out-02,london-link-069-ab-1,unique,Pod ahead,london-link-069-ab-1,940GZZLUESQ,exit,,19,19,0,0
central-early-r10-s2-current-virtual,940GZZLUFCN-move-01-02,london-link-074-ab-1,unique,Junction traffic,940GZZLUFCN-road-out-02,,,exit,3,0,3,0
central-early-r10-s2-current-virtual,940GZZLUFCN-move-01-02,london-link-074-ab-1,unique,Junction traffic,london-link-074-ab-1,,,,12,0,12,0
central-early-r10-s2-current-virtual,940GZZLUFCN-move-01-02,london-link-074-ab-1,unique,Pod ahead,london-link-074-ab-1,,,,18,0,18,0
central-early-r10-s2-current-virtual,940GZZLUFCN-move-02-01,london-link-009-ba-1,unique,Pod ahead,london-link-009-ba-1,,,,1,1,0,0
central-early-r10-s2-current-virtual,940GZZLUFCN-road-out-02,london-link-074-ab-1,unique,Junction traffic,london-link-074-ab-1,940GZZLUFCN,exit,,11,0,11,0
central-early-r10-s2-current-virtual,940GZZLUFCN-road-out-02,london-link-074-ab-1,unique,Pod ahead,london-link-074-ab-1,940GZZLUFCN,exit,,8,0,8,0
central-early-r10-s2-current-virtual,940GZZLUGPS-01-in,,last,Berth occupied,,940GZZLUGPS,berth-access,,1,0,1,0
central-early-r10-s2-current-virtual,940GZZLUGPS-01-in,,last,Berth occupied,940GZZLUGPS-01-out,940GZZLUGPS,berth-access,departure,6,0,6,0
central-early-r10-s2-current-virtual,940GZZLUGPS-01-in,,last,Junction traffic,940GZZLUGPS-01-out,940GZZLUGPS,berth-access,departure,8,0,8,0
central-early-r10-s2-current-virtual,940GZZLUGPS-02-departure-link,940GZZLUGPS-01-departure-link,unique,Pod ahead,940GZZLUGPS-01-departure-link,940GZZLUGPS,departure,departure,1,1,0,0
central-early-r10-s2-current-virtual,940GZZLUGPS-02-in,,last,Berth occupied,940GZZLUGPS-02-out,940GZZLUGPS,berth-access,departure,2,0,2,0
central-early-r10-s2-current-virtual,940GZZLUGPS-02-in,,last,Junction traffic,940GZZLUGPS-02-out,940GZZLUGPS,berth-access,departure,3,0,3,0
central-early-r10-s2-current-virtual,940GZZLUGPS-move-01-02,london-link-068-ba-1,unique,Pod ahead,london-link-068-ba-1,,,,9,9,0,0
central-early-r10-s2-current-virtual,940GZZLUGPS-road-in-02,940GZZLUGPS-access-in,unique,Junction traffic,940GZZLUGPS-access-in,940GZZLUGPS,approach,entry,3,0,3,0
central-early-r10-s2-current-virtual,940GZZLUGPS-road-in-02,940GZZLUGPS-access-in,unique,Pod ahead,940GZZLUGPS-access-in,940GZZLUGPS,approach,entry,1,0,1,0
central-early-r10-s2-current-virtual,940GZZLUGPS-road-out-02,london-link-068-ba-1,unique,Junction traffic,london-link-068-ba-1,940GZZLUGPS,exit,,2,2,0,0
central-early-r10-s2-current-virtual,940GZZLUGPS-road-out-02,london-link-068-ba-1,unique,Pod ahead,london-link-068-ba-1,940GZZLUGPS,exit,,10,10,0,0
central-early-r10-s2-current-virtual,940GZZLUHBN-move-02-01,london-link-044-ba-1,unique,Junction traffic,london-link-044-ba-1,,,,3,0,3,0
central-early-r10-s2-current-virtual,940GZZLUHBN-move-02-01,london-link-044-ba-1,unique,Pod ahead,london-link-044-ba-1,,,,2,0,2,0
central-early-r10-s2-current-virtual,940GZZLUKNG-move-01-02,london-link-098-ab-1,unique,Junction traffic,940GZZLUKNG-move-03-02,,,,26,0,26,0
central-early-r10-s2-current-virtual,940GZZLUKNG-move-01-02,london-link-098-ab-1,unique,Junction traffic,london-link-098-ab-1,,,,10,0,10,0
central-early-r10-s2-current-virtual,940GZZLUKNG-move-01-02,london-link-098-ab-1,unique,Junction traffic,london-link-099-ba-2,,,,11,0,11,0
central-early-r10-s2-current-virtual,940GZZLUKNG-move-01-02,london-link-098-ab-1,unique,Pod ahead,london-link-098-ab-1,,,,5,0,5,0
central-early-r10-s2-current-virtual,940GZZLUKNG-move-02-03,london-link-099-ab-1,unique,Junction traffic,940GZZLUKNG-move-01-03,,,,2,0,2,0
central-early-r10-s2-current-virtual,940GZZLUKNG-move-02-03,london-link-099-ab-1,unique,Junction traffic,940GZZLUKNG-move-04-03,,,,3,0,3,0
central-early-r10-s2-current-virtual,940GZZLUKNG-move-02-03,london-link-099-ab-1,unique,Junction traffic,london-link-099-ab-1,,,,6,0,6,0
central-early-r10-s2-current-virtual,940GZZLUKNG-move-02-03,london-link-099-ab-1,unique,Pod ahead,london-link-099-ab-1,,,,2,0,2,0
central-early-r10-s2-current-virtual,940GZZLUKNG-move-04-03,london-link-099-ab-1,unique,Junction traffic,940GZZLUKNG-move-02-03,,,,2,0,2,0
central-early-r10-s2-current-virtual,940GZZLUKNG-move-04-03,london-link-099-ab-1,unique,Junction traffic,london-link-099-ab-1,,,,2,0,2,0
central-early-r10-s2-current-virtual,940GZZLUKNG-move-04-03,london-link-099-ab-1,unique,Pod ahead,london-link-099-ab-1,,,,1,0,1,0
central-early-r10-s2-current-virtual,940GZZLUKSX-access-out,940GZZLUKSX-road-out-03,unique,Junction traffic,940GZZLUKSX-move-05-03,940GZZLUKSX,exit,,135,0,135,0
central-early-r10-s2-current-virtual,940GZZLUKSX-access-out,940GZZLUKSX-road-out-03,unique,Junction traffic,london-link-069-ba-1,940GZZLUKSX,exit,,54,0,54,0
central-early-r10-s2-current-virtual,940GZZLUKSX-access-out,940GZZLUKSX-road-out-03,unique,Junction traffic,london-link-074-ab-2,940GZZLUKSX,exit,,35,0,35,0
central-early-r10-s2-current-virtual,940GZZLUKSX-access-out,940GZZLUKSX-road-out-03,unique,Pod ahead,london-link-069-ba-1,940GZZLUKSX,exit,,22,0,22,0
central-early-r10-s2-current-virtual,940GZZLUKSX-access-out,940GZZLUKSX-road-out-07,unique,Junction traffic,940GZZLUKSX-move-05-07,940GZZLUKSX,exit,,2,0,2,0
central-early-r10-s2-current-virtual,940GZZLUKSX-access-out,940GZZLUKSX-road-out-07,unique,Junction traffic,london-link-101-ab-1,940GZZLUKSX,exit,,4,0,4,0
central-early-r10-s2-current-virtual,940GZZLUKSX-access-out,940GZZLUKSX-road-out-07,unique,Pod ahead,london-link-101-ab-1,940GZZLUKSX,exit,,2,0,2,0
central-early-r10-s2-current-virtual,940GZZLULSQ-01-departure-link,940GZZLULSQ-access-out,unique,Pod ahead,940GZZLULSQ-access-out,940GZZLULSQ,departure,exit,1,1,0,0
central-early-r10-s2-current-virtual,940GZZLULSQ-01-out,940GZZLULSQ-01-departure-link,unique,Pod ahead,940GZZLULSQ-01-departure-link,940GZZLULSQ,departure,departure,1,1,0,0
central-early-r10-s2-current-virtual,940GZZLULSQ-access-out,940GZZLULSQ-road-out-01,unique,Junction traffic,940GZZLULSQ-move-02-01,940GZZLULSQ,exit,,1,0,1,0
central-early-r10-s2-current-virtual,940GZZLULSQ-access-out,940GZZLULSQ-road-out-01,unique,Junction traffic,london-link-045-ba-1,940GZZLULSQ,exit,,2,0,2,0
central-early-r10-s2-current-virtual,940GZZLULSQ-access-out,940GZZLULSQ-road-out-01,unique,Pod ahead,london-link-045-ba-1,940GZZLULSQ,exit,,1,0,1,0
central-early-r10-s2-current-virtual,940GZZLULSQ-access-out,940GZZLULSQ-road-out-02,unique,Pod ahead,london-link-049-ba-1,940GZZLULSQ,exit,,2,2,0,0
central-early-r10-s2-current-virtual,940GZZLULSQ-move-01-02,london-link-049-ba-1,unique,Junction traffic,940GZZLULSQ-road-out-02,,,exit,1,0,1,0
central-early-r10-s2-current-virtual,940GZZLULSQ-move-01-02,london-link-049-ba-1,unique,Junction traffic,london-link-049-ba-1,,,,2,0,2,0
central-early-r10-s2-current-virtual,940GZZLULSQ-move-01-02,london-link-049-ba-1,unique,Pod ahead,london-link-049-ba-1,,,,1,0,1,0
central-early-r10-s2-current-virtual,940GZZLULSQ-move-03-01,london-link-045-ba-1,unique,Junction traffic,london-link-045-ba-1,,,,1,1,0,0
central-early-r10-s2-current-virtual,940GZZLULSQ-move-03-01,london-link-045-ba-1,unique,Pod ahead,london-link-045-ba-1,,,,1,1,0,0
central-early-r10-s2-current-virtual,940GZZLULSQ-move-04-02,london-link-049-ba-1,unique,Junction traffic,940GZZLULSQ-road-out-02,,,exit,7,7,0,0
central-early-r10-s2-current-virtual,940GZZLULSQ-move-04-02,london-link-049-ba-1,unique,Junction traffic,london-link-049-ba-1,,,,8,8,0,0
central-early-r10-s2-current-virtual,940GZZLULSQ-move-04-02,london-link-049-ba-1,unique,Pod ahead,london-link-049-ba-1,,,,3,3,0,0
central-early-r10-s2-current-virtual,940GZZLULVT-01-in,,last,Junction traffic,940GZZLULVT-01-out,940GZZLULVT,berth-access,departure,8,8,0,0
central-early-r10-s2-current-virtual,940GZZLULVT-01-out,940GZZLULVT-01-departure-link,unique,Pod ahead,940GZZLULVT-01-departure-link,940GZZLULVT,departure,departure,1,0,1,0
central-early-r10-s2-current-virtual,940GZZLULVT-02-departure-link,940GZZLULVT-01-departure-link,unique,Junction traffic,940GZZLULVT-01-departure-link,940GZZLULVT,departure,departure,2,0,2,0
central-early-r10-s2-current-virtual,940GZZLULVT-02-departure-link,940GZZLULVT-01-departure-link,unique,Pod ahead,940GZZLULVT-01-departure-link,940GZZLULVT,departure,departure,8,0,8,0
central-early-r10-s2-current-virtual,940GZZLULVT-02-in,,last,Junction traffic,940GZZLULVT-02-out,940GZZLULVT,berth-access,departure,1,1,0,0
central-early-r10-s2-current-virtual,940GZZLULVT-access-out,940GZZLULVT-road-out-04,unique,Junction traffic,940GZZLULVT-road-out-05,940GZZLULVT,exit,exit,4,0,4,0
central-early-r10-s2-current-virtual,940GZZLULVT-access-out,940GZZLULVT-road-out-05,unique,Junction traffic,940GZZLULVT-move-02-05,940GZZLULVT,exit,,157,0,157,0
central-early-r10-s2-current-virtual,940GZZLULVT-access-out,940GZZLULVT-road-out-05,unique,Junction traffic,940GZZLULVT-road-out-05,940GZZLULVT,exit,exit,12,0,12,0
central-early-r10-s2-current-virtual,940GZZLULVT-access-out,940GZZLULVT-road-out-05,unique,Junction traffic,london-link-007-ab-2,940GZZLULVT,exit,,7,0,7,0
central-early-r10-s2-current-virtual,940GZZLULVT-access-out,940GZZLULVT-road-out-05,unique,Junction traffic,london-link-108-ab-1,940GZZLULVT,exit,,73,0,73,0
central-early-r10-s2-current-virtual,940GZZLULVT-access-out,940GZZLULVT-road-out-05,unique,Pod ahead,940GZZLULVT-access-out,940GZZLULVT,exit,exit,9,0,9,0
central-early-r10-s2-current-virtual,940GZZLULVT-access-out,940GZZLULVT-road-out-05,unique,Pod ahead,london-link-108-ab-1,940GZZLULVT,exit,,41,0,41,0
central-early-r10-s2-current-virtual,940GZZLULVT-move-03-05,london-link-108-ab-1,unique,Junction traffic,940GZZLULVT-move-02-05,,,,10,0,10,0
central-early-r10-s2-current-virtual,940GZZLULVT-move-03-05,london-link-108-ab-1,unique,Junction traffic,london-link-108-ab-1,,,,4,0,4,0
central-early-r10-s2-current-virtual,940GZZLULVT-move-03-05,london-link-108-ab-1,unique,Pod ahead,london-link-108-ab-1,,,,1,0,1,0
central-early-r10-s2-current-virtual,940GZZLULVT-road-out-04,london-link-023-ba-1,unique,Pod ahead,london-link-023-ba-1,940GZZLULVT,exit,,1,0,1,0
central-early-r10-s2-current-virtual,940GZZLUMGT-01-out,940GZZLUMGT-01-departure-link,unique,Pod ahead,940GZZLUMGT-01-departure-link,940GZZLUMGT,departure,departure,1,0,1,0
central-early-r10-s2-current-virtual,940GZZLUMGT-access-out,940GZZLUMGT-road-out-01,unique,Junction traffic,940GZZLUMGT-move-03-01,940GZZLUMGT,exit,,17,0,17,0
central-early-r10-s2-current-virtual,940GZZLUMGT-access-out,940GZZLUMGT-road-out-01,unique,Junction traffic,london-link-010-ba-1,940GZZLUMGT,exit,,12,0,12,0
central-early-r10-s2-current-virtual,940GZZLUMGT-access-out,940GZZLUMGT-road-out-01,unique,Pod ahead,london-link-010-ba-1,940GZZLUMGT,exit,,12,0,12,0
central-early-r10-s2-current-virtual,940GZZLUMGT-access-out,940GZZLUMGT-road-out-02,unique,Junction traffic,940GZZLUMGT-move-01-02,940GZZLUMGT,exit,,1,0,1,0
central-early-r10-s2-current-virtual,940GZZLUMGT-access-out,940GZZLUMGT-road-out-02,unique,Junction traffic,london-link-024-ba-1,940GZZLUMGT,exit,,3,0,3,0
central-early-r10-s2-current-virtual,940GZZLUMGT-move-02-01,london-link-010-ba-1,unique,Junction traffic,940GZZLUMGT-move-03-01,,,,7,0,7,0
central-early-r10-s2-current-virtual,940GZZLUMGT-move-02-01,london-link-010-ba-1,unique,Junction traffic,940GZZLUMGT-road-out-01,,,exit,1,0,1,0
central-early-r10-s2-current-virtual,940GZZLUMGT-move-02-01,london-link-010-ba-1,unique,Junction traffic,london-link-010-ba-1,,,,8,0,8,0
central-early-r10-s2-current-virtual,940GZZLUMGT-move-02-01,london-link-010-ba-1,unique,Pod ahead,london-link-010-ba-1,,,,2,0,2,0
central-early-r10-s2-current-virtual,940GZZLUMGT-move-03-01,london-link-010-ba-1,unique,Junction traffic,940GZZLUMGT-access-out,,,exit,14,0,14,0
central-early-r10-s2-current-virtual,940GZZLUMGT-move-03-01,london-link-010-ba-1,unique,Junction traffic,940GZZLUMGT-move-02-01,,,,3,0,3,0
central-early-r10-s2-current-virtual,940GZZLUMGT-move-03-01,london-link-010-ba-1,unique,Junction traffic,940GZZLUMGT-road-out-01,,,exit,64,0,64,0
central-early-r10-s2-current-virtual,940GZZLUMGT-move-03-01,london-link-010-ba-1,unique,Junction traffic,london-link-010-ba-1,,,,93,0,93,0
central-early-r10-s2-current-virtual,940GZZLUMGT-move-03-01,london-link-010-ba-1,unique,Pod ahead,940GZZLUMGT-move-03-01,,,,1,0,1,0
central-early-r10-s2-current-virtual,940GZZLUMGT-move-03-01,london-link-010-ba-1,unique,Pod ahead,london-link-010-ba-1,,,,52,0,52,0
central-early-r10-s2-current-virtual,940GZZLUOVL-01-out,940GZZLUOVL-01-departure-link,unique,Pod ahead,940GZZLUOVL-01-departure-link,940GZZLUOVL,departure,departure,4,0,4,0
central-early-r10-s2-current-virtual,940GZZLUOVL-move-02-01,london-link-098-ba-1,unique,Pod ahead,london-link-098-ba-1,,,,1,1,0,0
central-early-r10-s2-current-virtual,940GZZLUPAC-01-out,940GZZLUPAC-01-departure-link,unique,Junction traffic,940GZZLUPAC-01-departure-link,940GZZLUPAC,departure,departure,1,1,0,0
central-early-r10-s2-current-virtual,940GZZLUPAC-access-out,940GZZLUPAC-road-out-03,unique,Junction traffic,940GZZLUPAC-move-01-03,940GZZLUPAC,exit,,2,2,0,0
central-early-r10-s2-current-virtual,940GZZLUPAC-access-out,940GZZLUPAC-road-out-03,unique,Junction traffic,940GZZLUPAC-move-04-03,940GZZLUPAC,exit,,9,9,0,0
central-early-r10-s2-current-virtual,940GZZLUPAC-access-out,940GZZLUPAC-road-out-03,unique,Junction traffic,940GZZLUPAC-road-out-03,940GZZLUPAC,exit,exit,4,4,0,0
central-early-r10-s2-current-virtual,940GZZLUPAC-access-out,940GZZLUPAC-road-out-03,unique,Junction traffic,london-link-067-ba-1,940GZZLUPAC,exit,,7,7,0,0
central-early-r10-s2-current-virtual,940GZZLUPAC-access-out,940GZZLUPAC-road-out-03,unique,Junction traffic,london-link-116-ba-2,940GZZLUPAC,exit,,3,3,0,0
central-early-r10-s2-current-virtual,940GZZLUPAC-access-out,940GZZLUPAC-road-out-03,unique,Pod ahead,london-link-067-ba-1,940GZZLUPAC,exit,,3,3,0,0
central-early-r10-s2-current-virtual,940GZZLUPCC-move-01-04,london-link-112-ba-1,unique,Junction traffic,london-link-112-ba-1,,,,3,0,3,0
central-early-r10-s2-current-virtual,940GZZLUPCC-move-01-04,london-link-112-ba-1,unique,Pod ahead,london-link-112-ba-1,,,,2,0,2,0
central-early-r10-s2-current-virtual,940GZZLUSKW-road-in-02,940GZZLUSKW-access-in,unique,Junction traffic,940GZZLUSKW-access-in,940GZZLUSKW,approach,entry,1,1,0,0
central-early-r10-s2-current-virtual,940GZZLUSKW-road-in-02,940GZZLUSKW-access-in,unique,Pod ahead,940GZZLUSKW-access-in,940GZZLUSKW,approach,entry,1,1,0,0
central-early-r10-s2-current-virtual,940GZZLUWLO-01-in,,last,Junction traffic,940GZZLUWLO-01-out,940GZZLUWLO,berth-access,departure,2,0,0,2
central-early-r10-s2-current-virtual,940GZZLUWLO-02-in,,last,Junction traffic,940GZZLUWLO-02-out,940GZZLUWLO,berth-access,departure,1,0,0,1
central-early-r10-s2-current-virtual,940GZZLUWLO-access-out,940GZZLUWLO-road-out-02,unique,Junction traffic,940GZZLUWLO-move-03-02,940GZZLUWLO,exit,,36,0,36,0
central-early-r10-s2-current-virtual,940GZZLUWLO-access-out,940GZZLUWLO-road-out-02,unique,Junction traffic,940GZZLUWLO-move-05-02,940GZZLUWLO,exit,,6,0,6,0
central-early-r10-s2-current-virtual,940GZZLUWLO-access-out,940GZZLUWLO-road-out-02,unique,Junction traffic,940GZZLUWLO-road-out-02,940GZZLUWLO,exit,exit,3,0,3,0
central-early-r10-s2-current-virtual,940GZZLUWLO-access-out,940GZZLUWLO-road-out-02,unique,Junction traffic,940GZZLUWLO-road-out-03,940GZZLUWLO,exit,exit,39,0,39,0
central-early-r10-s2-current-virtual,940GZZLUWLO-access-out,940GZZLUWLO-road-out-02,unique,Junction traffic,london-link-063-ba-1,940GZZLUWLO,exit,,18,0,18,0
central-early-r10-s2-current-virtual,940GZZLUWLO-access-out,940GZZLUWLO-road-out-02,unique,Junction traffic,london-link-099-ab-2,940GZZLUWLO,exit,,17,0,17,0
central-early-r10-s2-current-virtual,940GZZLUWLO-access-out,940GZZLUWLO-road-out-02,unique,Pod ahead,940GZZLUWLO-access-out,940GZZLUWLO,exit,exit,18,0,18,0
central-early-r10-s2-current-virtual,940GZZLUWLO-access-out,940GZZLUWLO-road-out-02,unique,Pod ahead,london-link-063-ba-1,940GZZLUWLO,exit,,8,0,8,0
central-early-r10-s2-current-virtual,940GZZLUWLO-access-out,940GZZLUWLO-road-out-03,unique,Junction traffic,940GZZLUWLO-move-02-03,940GZZLUWLO,exit,,123,123,0,0
central-early-r10-s2-current-virtual,940GZZLUWLO-access-out,940GZZLUWLO-road-out-03,unique,Junction traffic,940GZZLUWLO-road-out-03,940GZZLUWLO,exit,exit,24,21,3,0
central-early-r10-s2-current-virtual,940GZZLUWLO-access-out,940GZZLUWLO-road-out-03,unique,Junction traffic,london-link-063-ab-2,940GZZLUWLO,exit,,26,26,0,0
central-early-r10-s2-current-virtual,940GZZLUWLO-access-out,940GZZLUWLO-road-out-03,unique,Junction traffic,london-link-099-ba-1,940GZZLUWLO,exit,,89,84,5,0
central-early-r10-s2-current-virtual,940GZZLUWLO-access-out,940GZZLUWLO-road-out-03,unique,Pod ahead,940GZZLUWLO-access-out,940GZZLUWLO,exit,exit,8,8,0,0
central-early-r10-s2-current-virtual,940GZZLUWLO-access-out,940GZZLUWLO-road-out-03,unique,Pod ahead,london-link-099-ba-1,940GZZLUWLO,exit,,32,31,1,0
central-early-r10-s2-current-virtual,london-link-002-ab-2,940GZZLULVT-move-01-05,unique,Junction traffic,940GZZLULVT-road-out-05,,,exit,3,0,3,0
central-early-r10-s2-current-virtual,london-link-002-ab-2,940GZZLULVT-move-01-05,unique,Junction traffic,london-link-108-ab-1,,,,2,0,2,0
central-early-r10-s2-current-virtual,london-link-002-ab-2,940GZZLULVT-move-01-05,unique,Pod ahead,london-link-108-ab-1,,,,1,0,1,0
central-early-r10-s2-current-virtual,london-link-005-ab-2,940GZZLUKSX-move-01-03,unique,Pod ahead,london-link-069-ba-1,,,,1,0,1,0
central-early-r10-s2-current-virtual,london-link-007-ab-2,940GZZLULVT-move-02-04,unique,Junction traffic,london-link-023-ba-1,,,,1,0,1,0
central-early-r10-s2-current-virtual,london-link-007-ab-2,940GZZLULVT-move-02-05,unique,Junction traffic,940GZZLULVT-access-out,,,exit,3,0,3,0
central-early-r10-s2-current-virtual,london-link-007-ab-2,940GZZLULVT-move-02-05,unique,Junction traffic,940GZZLULVT-road-out-05,,,exit,12,0,12,0
central-early-r10-s2-current-virtual,london-link-007-ab-2,940GZZLULVT-move-02-05,unique,Junction traffic,london-link-108-ab-1,,,,15,0,15,0
central-early-r10-s2-current-virtual,london-link-007-ab-2,940GZZLULVT-move-02-05,unique,Pod ahead,london-link-108-ab-1,,,,9,0,9,0
central-early-r10-s2-current-virtual,london-link-010-ab-2,940GZZLUMGT-move-01-01,unique,Junction traffic,london-link-010-ba-1,,,,2,0,2,0
central-early-r10-s2-current-virtual,london-link-010-ab-2,940GZZLUMGT-move-01-02,unique,Junction traffic,london-link-024-ba-1,,,,1,0,1,0
central-early-r10-s2-current-virtual,london-link-010-ab-2,940GZZLUMGT-move-01-02,unique,Pod ahead,london-link-024-ba-1,,,,2,0,2,0
central-early-r10-s2-current-virtual,london-link-010-ab-2,940GZZLUMGT-move-01-03,unique,Junction traffic,940GZZLUMGT-move-01-02,,,,3,3,0,0
central-early-r10-s2-current-virtual,london-link-010-ab-2,940GZZLUMGT-move-01-03,unique,Junction traffic,940GZZLUMGT-road-in-01,,,approach,14,14,0,0
central-early-r10-s2-current-virtual,london-link-010-ab-2,940GZZLUMGT-move-01-03,unique,Pod ahead,london-link-010-ab-2,,,,2,2,0,0
central-early-r10-s2-current-virtual,london-link-010-ab-2,940GZZLUMGT-road-in-01,unique,Junction traffic,940GZZLUMGT-access-in,,,entry,35,35,0,0
central-early-r10-s2-current-virtual,london-link-010-ab-2,940GZZLUMGT-road-in-01,unique,Junction traffic,940GZZLUMGT-move-01-03,,,,1,1,0,0
central-early-r10-s2-current-virtual,london-link-010-ab-2,940GZZLUMGT-road-in-01,unique,Junction traffic,940GZZLUMGT-road-in-01,,,approach,22,22,0,0
central-early-r10-s2-current-virtual,london-link-010-ab-2,940GZZLUMGT-road-in-01,unique,Pod ahead,940GZZLUMGT-access-in,,,entry,15,15,0,0
central-early-r10-s2-current-virtual,london-link-017-ab-2,940GZZLUBST-move-01-02,unique,Junction traffic,940GZZLUBST-move-01-02,,,,121,0,121,0
central-early-r10-s2-current-virtual,london-link-017-ab-2,940GZZLUBST-move-01-02,unique,Junction traffic,940GZZLUBST-move-01-04,,,,23,0,23,0
central-early-r10-s2-current-virtual,london-link-017-ab-2,940GZZLUBST-move-01-02,unique,Junction traffic,940GZZLUBST-move-03-02,,,,15,0,15,0
central-early-r10-s2-current-virtual,london-link-017-ab-2,940GZZLUBST-move-01-02,unique,Junction traffic,940GZZLUBST-move-04-02,,,,1616,0,1616,0
central-early-r10-s2-current-virtual,london-link-017-ab-2,940GZZLUBST-move-01-02,unique,Junction traffic,940GZZLUBST-move-07-02,,,,1,0,1,0
central-early-r10-s2-current-virtual,london-link-017-ab-2,940GZZLUBST-move-01-02,unique,Junction traffic,940GZZLUBST-road-in-01,,,approach,2,0,2,0
central-early-r10-s2-current-virtual,london-link-017-ab-2,940GZZLUBST-move-01-02,unique,Junction traffic,london-link-033-ab-1,,,,773,0,773,0
central-early-r10-s2-current-virtual,london-link-017-ab-2,940GZZLUBST-move-01-02,unique,Junction traffic,london-link-034-ba-2,,,,17,0,17,0
central-early-r10-s2-current-virtual,london-link-017-ab-2,940GZZLUBST-move-01-02,unique,Junction traffic,london-link-035-ba-2,,,,551,0,551,0
central-early-r10-s2-current-virtual,london-link-017-ab-2,940GZZLUBST-move-01-02,unique,Pod ahead,london-link-017-ab-2,,,,590,0,590,0
central-early-r10-s2-current-virtual,london-link-017-ab-2,940GZZLUBST-move-01-02,unique,Pod ahead,london-link-033-ab-1,,,,270,0,270,0
central-early-r10-s2-current-virtual,london-link-017-ab-2,940GZZLUBST-move-01-04,unique,Junction traffic,940GZZLUBST-access-out,,,exit,2,0,2,0
central-early-r10-s2-current-virtual,london-link-017-ab-2,940GZZLUBST-move-01-04,unique,Junction traffic,940GZZLUBST-move-01-02,,,,73,0,73,0
central-early-r10-s2-current-virtual,london-link-017-ab-2,940GZZLUBST-move-01-04,unique,Junction traffic,940GZZLUBST-move-02-04,,,,149,0,149,0
central-early-r10-s2-current-virtual,london-link-017-ab-2,940GZZLUBST-move-01-04,unique,Junction traffic,940GZZLUBST-road-out-04,,,exit,5,0,5,0
central-early-r10-s2-current-virtual,london-link-017-ab-2,940GZZLUBST-move-01-04,unique,Junction traffic,london-link-033-ba-2,,,,22,0,22,0
central-early-r10-s2-current-virtual,london-link-017-ab-2,940GZZLUBST-move-01-04,unique,Junction traffic,london-link-035-ab-1,,,,73,0,73,0
central-early-r10-s2-current-virtual,london-link-017-ab-2,940GZZLUBST-move-01-04,unique,Pod ahead,london-link-017-ab-2,,,,52,0,52,0
central-early-r10-s2-current-virtual,london-link-017-ab-2,940GZZLUBST-move-01-04,unique,Pod ahead,london-link-035-ab-1,,,,34,0,34,0
central-early-r10-s2-current-virtual,london-link-017-ab-2,940GZZLUBST-road-in-01,unique,Junction traffic,940GZZLUBST-move-01-02,,,,8,0,8,0
central-early-r10-s2-current-virtual,london-link-017-ab-2,940GZZLUBST-road-in-01,unique,Junction traffic,london-link-017-ab-2,,,,1,0,1,0
central-early-r10-s2-current-virtual,london-link-023-ba-2,940GZZLUBNK-move-03-01,unique,Junction traffic,940GZZLUBNK-move-06-01,,,,3,0,3,0
central-early-r10-s2-current-virtual,london-link-023-ba-2,940GZZLUBNK-move-03-01,unique,Junction traffic,london-link-021-ab-1,,,,2,0,2,0
central-early-r10-s2-current-virtual,london-link-023-ba-2,940GZZLUBNK-move-03-01,unique,Pod ahead,london-link-021-ab-1,,,,1,0,1,0
central-early-r10-s2-current-virtual,london-link-023-ba-2,940GZZLUBNK-move-03-05,unique,Junction traffic,940GZZLUBNK-move-06-05,,,,14,0,14,0
central-early-r10-s2-current-virtual,london-link-023-ba-2,940GZZLUBNK-move-03-05,unique,Junction traffic,940GZZLUBNK-road-out-05,,,exit,5,0,5,0
central-early-r10-s2-current-virtual,london-link-023-ba-2,940GZZLUBNK-move-03-05,unique,Junction traffic,london-link-025-ab-1,,,,12,0,12,0
central-early-r10-s2-current-virtual,london-link-023-ba-2,940GZZLUBNK-move-03-05,unique,Pod ahead,london-link-025-ab-1,,,,6,0,6,0
central-early-r10-s2-current-virtual,london-link-023-ba-2,940GZZLUBNK-move-03-07,unique,Junction traffic,940GZZLUBNK-move-04-07,,,,7,0,7,0
central-early-r10-s2-current-virtual,london-link-023-ba-2,940GZZLUBNK-move-03-07,unique,Junction traffic,london-link-027-ab-1,,,,4,0,4,0
central-early-r10-s2-current-virtual,london-link-023-ba-2,940GZZLUBNK-move-03-07,unique,Pod ahead,london-link-027-ab-1,,,,2,0,2,0
central-early-r10-s2-current-virtual,london-link-024-ba-2,940GZZLUBNK-move-04-01,unique,Junction traffic,london-link-021-ab-1,,,,1,0,1,0
central-early-r10-s2-current-virtual,london-link-024-ba-2,940GZZLUBNK-move-04-01,unique,Pod ahead,london-link-021-ab-1,,,,2,0,2,0
central-early-r10-s2-current-virtual,london-link-024-ba-2,940GZZLUBNK-move-04-05,unique,Junction traffic,940GZZLUBNK-move-03-05,,,,1,0,1,0
central-early-r10-s2-current-virtual,london-link-024-ba-2,940GZZLUBNK-move-04-05,unique,Junction traffic,940GZZLUBNK-move-06-05,,,,4,0,4,0
central-early-r10-s2-current-virtual,london-link-024-ba-2,940GZZLUBNK-move-04-05,unique,Junction traffic,london-link-025-ab-1,,,,7,0,7,0
central-early-r10-s2-current-virtual,london-link-024-ba-2,940GZZLUBNK-move-04-05,unique,Pod ahead,london-link-025-ab-1,,,,3,0,3,0
central-early-r10-s2-current-virtual,london-link-024-ba-2,940GZZLUBNK-move-04-07,unique,Junction traffic,london-link-027-ab-1,,,,1,0,1,0
central-early-r10-s2-current-virtual,london-link-024-ba-2,940GZZLUBNK-move-04-07,unique,Pod ahead,london-link-027-ab-1,,,,1,0,1,0
central-early-r10-s2-current-virtual,london-link-026-ba-2,940GZZLUBNK-move-06-01,unique,Junction traffic,940GZZLUBNK-move-03-01,,,,2,0,2,0
central-early-r10-s2-current-virtual,london-link-026-ba-2,940GZZLUBNK-move-06-01,unique,Junction traffic,940GZZLUBNK-move-06-01,,,,1,0,1,0
central-early-r10-s2-current-virtual,london-link-026-ba-2,940GZZLUBNK-move-06-01,unique,Junction traffic,london-link-021-ab-1,,,,5,0,5,0
central-early-r10-s2-current-virtual,london-link-026-ba-2,940GZZLUBNK-move-06-01,unique,Pod ahead,london-link-021-ab-1,,,,2,0,2,0
central-early-r10-s2-current-virtual,london-link-026-ba-2,940GZZLUBNK-move-06-05,unique,Junction traffic,940GZZLUBNK-move-03-05,,,,4,0,4,0
central-early-r10-s2-current-virtual,london-link-026-ba-2,940GZZLUBNK-move-06-05,unique,Junction traffic,london-link-023-ba-2,,,,3,0,3,0
central-early-r10-s2-current-virtual,london-link-026-ba-2,940GZZLUBNK-move-06-05,unique,Junction traffic,london-link-025-ab-1,,,,3,0,3,0
central-early-r10-s2-current-virtual,london-link-026-ba-2,940GZZLUBNK-move-06-05,unique,Pod ahead,london-link-025-ab-1,,,,2,0,2,0
central-early-r10-s2-current-virtual,london-link-026-ba-2,940GZZLUBNK-move-06-07,unique,Junction traffic,940GZZLUBNK-move-04-07,,,,2,0,2,0
central-early-r10-s2-current-virtual,london-link-026-ba-2,940GZZLUBNK-move-06-07,unique,Junction traffic,london-link-027-ab-1,,,,3,0,3,0
central-early-r10-s2-current-virtual,london-link-027-ab-2,940GZZLUWLO-move-01-02,unique,Junction traffic,940GZZLUWLO-move-03-02,,,,46,0,46,0
central-early-r10-s2-current-virtual,london-link-027-ab-2,940GZZLUWLO-move-01-02,unique,Junction traffic,940GZZLUWLO-move-05-02,,,,4,0,4,0
central-early-r10-s2-current-virtual,london-link-027-ab-2,940GZZLUWLO-move-01-02,unique,Junction traffic,london-link-063-ba-1,,,,17,0,17,0
central-early-r10-s2-current-virtual,london-link-027-ab-2,940GZZLUWLO-move-01-02,unique,Junction traffic,london-link-099-ab-2,,,,7,0,7,0
central-early-r10-s2-current-virtual,london-link-027-ab-2,940GZZLUWLO-move-01-02,unique,Pod ahead,london-link-063-ba-1,,,,8,0,8,0
central-early-r10-s2-current-virtual,london-link-027-ab-2,940GZZLUWLO-road-in-01,unique,Junction traffic,940GZZLUWLO-access-in,,,entry,11,0,11,0
central-early-r10-s2-current-virtual,london-link-027-ab-2,940GZZLUWLO-road-in-01,unique,Junction traffic,940GZZLUWLO-road-in-03,,,approach,4,0,4,0
central-early-r10-s2-current-virtual,london-link-027-ab-2,940GZZLUWLO-road-in-01,unique,Pod ahead,940GZZLUWLO-access-in,,,entry,6,0,6,0
central-early-r10-s2-current-virtual,london-link-031-ba-2,940GZZLUBSC-move-02-01,unique,Junction traffic,london-link-030-ab-1,,,,2,0,2,0
central-early-r10-s2-current-virtual,london-link-031-ba-2,940GZZLUBSC-move-02-01,unique,Pod ahead,london-link-030-ab-1,,,,1,0,1,0
central-early-r10-s2-current-virtual,london-link-033-ba-2,940GZZLUBST-move-02-01,unique,Junction traffic,940GZZLUBST-move-02-04,,,,90,90,0,0
central-early-r10-s2-current-virtual,london-link-033-ba-2,940GZZLUBST-move-02-01,unique,Junction traffic,940GZZLUBST-move-03-01,,,,4,4,0,0
central-early-r10-s2-current-virtual,london-link-033-ba-2,940GZZLUBST-move-02-01,unique,Junction traffic,london-link-017-ba-1,,,,4,4,0,0
central-early-r10-s2-current-virtual,london-link-033-ba-2,940GZZLUBST-move-02-01,unique,Junction traffic,london-link-033-ba-2,,,,1,1,0,0
central-early-r10-s2-current-virtual,london-link-033-ba-2,940GZZLUBST-move-02-01,unique,Pod ahead,london-link-017-ba-1,,,,2,2,0,0
central-early-r10-s2-current-virtual,london-link-033-ba-2,940GZZLUBST-move-02-04,unique,Junction traffic,940GZZLUBST-access-out,,,exit,106,106,0,0
central-early-r10-s2-current-virtual,london-link-033-ba-2,940GZZLUBST-move-02-04,unique,Junction traffic,940GZZLUBST-move-01-04,,,,49,49,0,0
central-early-r10-s2-current-virtual,london-link-033-ba-2,940GZZLUBST-move-02-04,unique,Junction traffic,940GZZLUBST-move-02-01,,,,5,5,0,0
central-early-r10-s2-current-virtual,london-link-033-ba-2,940GZZLUBST-move-02-04,unique,Junction traffic,940GZZLUBST-move-02-04,,,,80,80,0,0
central-early-r10-s2-current-virtual,london-link-033-ba-2,940GZZLUBST-move-02-04,unique,Junction traffic,940GZZLUBST-move-03-04,,,,8,8,0,0
central-early-r10-s2-current-virtual,london-link-033-ba-2,940GZZLUBST-move-02-04,unique,Junction traffic,940GZZLUBST-road-out-04,,,exit,175,175,0,0
central-early-r10-s2-current-virtual,london-link-033-ba-2,940GZZLUBST-move-02-04,unique,Junction traffic,london-link-017-ab-2,,,,72,72,0,0
central-early-r10-s2-current-virtual,london-link-033-ba-2,940GZZLUBST-move-02-04,unique,Junction traffic,london-link-035-ab-1,,,,412,412,0,0
central-early-r10-s2-current-virtual,london-link-033-ba-2,940GZZLUBST-move-02-04,unique,Pod ahead,london-link-033-ba-2,,,,24,24,0,0
central-early-r10-s2-current-virtual,london-link-033-ba-2,940GZZLUBST-move-02-04,unique,Pod ahead,london-link-035-ab-1,,,,254,254,0,0
central-early-r10-s2-current-virtual,london-link-034-ba-2,940GZZLUBST-move-03-02,unique,Junction traffic,940GZZLUBST-move-01-02,,,,17,0,17,0
central-early-r10-s2-current-virtual,london-link-034-ba-2,940GZZLUBST-move-03-02,unique,Junction traffic,940GZZLUBST-move-04-02,,,,45,0,45,0
central-early-r10-s2-current-virtual,london-link-034-ba-2,940GZZLUBST-move-03-02,unique,Junction traffic,london-link-017-ab-2,,,,10,0,10,0
central-early-r10-s2-current-virtual,london-link-034-ba-2,940GZZLUBST-move-03-02,unique,Junction traffic,london-link-033-ab-1,,,,22,0,22,0
central-early-r10-s2-current-virtual,london-link-034-ba-2,940GZZLUBST-move-03-02,unique,Junction traffic,london-link-035-ba-2,,,,13,0,13,0
central-early-r10-s2-current-virtual,london-link-034-ba-2,940GZZLUBST-move-03-02,unique,Pod ahead,london-link-033-ab-1,,,,7,0,7,0
central-early-r10-s2-current-virtual,london-link-034-ba-2,940GZZLUBST-move-03-04,unique,Pod ahead,london-link-035-ab-1,,,,1,0,1,0
central-early-r10-s2-current-virtual,london-link-035-ba-2,940GZZLUBST-move-04-02,unique,Junction traffic,940GZZLUBST-move-01-02,,,,1297,0,1297,0
central-early-r10-s2-current-virtual,london-link-035-ba-2,940GZZLUBST-move-04-02,unique,Junction traffic,940GZZLUBST-move-03-02,,,,4,0,4,0
central-early-r10-s2-current-virtual,london-link-035-ba-2,940GZZLUBST-move-04-02,unique,Junction traffic,940GZZLUBST-move-04-02,,,,1092,0,1092,0
central-early-r10-s2-current-virtual,london-link-035-ba-2,940GZZLUBST-move-04-02,unique,Junction traffic,940GZZLUBST-move-04-03,,,,17,0,17,0
central-early-r10-s2-current-virtual,london-link-035-ba-2,940GZZLUBST-move-04-02,unique,Junction traffic,940GZZLUBST-move-07-02,,,,4,0,4,0
central-early-r10-s2-current-virtual,london-link-035-ba-2,940GZZLUBST-move-04-02,unique,Junction traffic,940GZZLUBST-road-in-04,,,approach,41,0,41,0
central-early-r10-s2-current-virtual,london-link-035-ba-2,940GZZLUBST-move-04-02,unique,Junction traffic,london-link-017-ab-2,,,,379,0,379,0
central-early-r10-s2-current-virtual,london-link-035-ba-2,940GZZLUBST-move-04-02,unique,Junction traffic,london-link-033-ab-1,,,,1059,0,1059,0
central-early-r10-s2-current-virtual,london-link-035-ba-2,940GZZLUBST-move-04-02,unique,Junction traffic,london-link-034-ba-2,,,,6,0,6,0
central-early-r10-s2-current-virtual,london-link-035-ba-2,940GZZLUBST-move-04-02,unique,Junction traffic,london-link-035-ba-2,,,,1,0,1,0
central-early-r10-s2-current-virtual,london-link-035-ba-2,940GZZLUBST-move-04-02,unique,Junction traffic,london-link-038-ba-2,,,,5,0,5,0
central-early-r10-s2-current-virtual,london-link-035-ba-2,940GZZLUBST-move-04-02,unique,Pod ahead,london-link-033-ab-1,,,,410,0,410,0
central-early-r10-s2-current-virtual,london-link-035-ba-2,940GZZLUBST-move-04-02,unique,Pod ahead,london-link-035-ba-2,,,,1547,0,1547,0
central-early-r10-s2-current-virtual,london-link-035-ba-2,940GZZLUBST-move-04-03,unique,Junction traffic,940GZZLUBST-move-04-02,,,,30,0,30,0
central-early-r10-s2-current-virtual,london-link-035-ba-2,940GZZLUBST-move-04-03,unique,Pod ahead,london-link-035-ba-2,,,,10,0,10,0
central-early-r10-s2-current-virtual,london-link-035-ba-2,940GZZLUBST-road-in-04,unique,Junction traffic,940GZZLUBST-access-in,,,entry,2,0,2,0
central-early-r10-s2-current-virtual,london-link-035-ba-2,940GZZLUBST-road-in-04,unique,Junction traffic,940GZZLUBST-move-04-02,,,,84,0,84,0
central-early-r10-s2-current-virtual,london-link-035-ba-2,940GZZLUBST-road-in-04,unique,Junction traffic,940GZZLUBST-road-in-04,,,approach,3,0,3,0
central-early-r10-s2-current-virtual,london-link-035-ba-2,940GZZLUBST-road-in-04,unique,Pod ahead,940GZZLUBST-access-in,,,entry,1,0,1,0
central-early-r10-s2-current-virtual,london-link-035-ba-2,940GZZLUBST-road-in-04,unique,Pod ahead,london-link-035-ba-2,,,,105,0,105,0
central-early-r10-s2-current-virtual,london-link-038-ba-2,940GZZLUBST-move-07-02,unique,Junction traffic,940GZZLUBST-move-01-02,,,,8,0,8,0
central-early-r10-s2-current-virtual,london-link-038-ba-2,940GZZLUBST-move-07-02,unique,Junction traffic,london-link-017-ab-2,,,,4,0,4,0
central-early-r10-s2-current-virtual,london-link-038-ba-2,940GZZLUBST-move-07-02,unique,Junction traffic,london-link-033-ab-1,,,,2,0,2,0
central-early-r10-s2-current-virtual,london-link-038-ba-2,940GZZLUBST-move-07-02,unique,Pod ahead,london-link-033-ab-1,,,,1,0,1,0
central-early-r10-s2-current-virtual,london-link-040-ab-2,940GZZLUPAC-move-01-03,unique,Junction traffic,london-link-067-ba-1,,,,2,0,2,0
central-early-r10-s2-current-virtual,london-link-040-ab-2,940GZZLUPAC-road-in-01,unique,Junction traffic,940GZZLUPAC-access-in,,,entry,2,0,2,0
central-early-r10-s2-current-virtual,london-link-040-ab-2,940GZZLUPAC-road-in-01,unique,Junction traffic,940GZZLUPAC-road-in-03,,,approach,1,0,1,0
central-early-r10-s2-current-virtual,london-link-040-ab-2,940GZZLUPAC-road-in-01,unique,Pod ahead,940GZZLUPAC-access-in,,,entry,1,0,1,0
central-early-r10-s2-current-virtual,london-link-043-ab-2,940GZZLUKSX-move-02-03,unique,Junction traffic,940GZZLUKSX-move-05-03,,,,2,0,2,0
central-early-r10-s2-current-virtual,london-link-043-ab-2,940GZZLUKSX-move-02-03,unique,Junction traffic,london-link-069-ba-1,,,,2,0,2,0
central-early-r10-s2-current-virtual,london-link-043-ab-2,940GZZLUKSX-move-02-03,unique,Pod ahead,london-link-069-ba-1,,,,1,0,1,0
central-early-r10-s2-current-virtual,london-link-045-ab-2,940GZZLULSQ-road-in-01,unique,Junction traffic,940GZZLULSQ-access-in,,,entry,16,0,16,0
central-early-r10-s2-current-virtual,london-link-045-ab-2,940GZZLULSQ-road-in-01,unique,Junction traffic,940GZZLULSQ-road-in-01,,,approach,2,0,2,0
central-early-r10-s2-current-virtual,london-link-045-ab-2,940GZZLULSQ-road-in-01,unique,Junction traffic,940GZZLULSQ-road-in-02,,,approach,25,0,25,0
central-early-r10-s2-current-virtual,london-link-045-ab-2,940GZZLULSQ-road-in-01,unique,Junction traffic,london-link-049-ab-2,,,,2,0,2,0
central-early-r10-s2-current-virtual,london-link-045-ab-2,940GZZLULSQ-road-in-01,unique,Pod ahead,940GZZLULSQ-access-in,,,entry,8,0,8,0
central-early-r10-s2-current-virtual,london-link-049-ab-2,940GZZLULSQ-move-02-01,unique,Junction traffic,940GZZLULSQ-move-02-01,,,,1,0,1,0
central-early-r10-s2-current-virtual,london-link-049-ab-2,940GZZLULSQ-move-02-01,unique,Junction traffic,london-link-045-ba-1,,,,2,0,2,0
central-early-r10-s2-current-virtual,london-link-049-ab-2,940GZZLULSQ-move-02-01,unique,Pod ahead,london-link-045-ba-1,,,,1,0,1,0
central-early-r10-s2-current-virtual,london-link-049-ab-2,940GZZLULSQ-road-in-02,unique,Junction traffic,940GZZLULSQ-access-in,,,entry,13,5,8,0
central-early-r10-s2-current-virtual,london-link-049-ab-2,940GZZLULSQ-road-in-02,unique,Junction traffic,940GZZLULSQ-road-in-01,,,approach,13,3,10,0
central-early-r10-s2-current-virtual,london-link-049-ab-2,940GZZLULSQ-road-in-02,unique,Junction traffic,london-link-045-ab-2,,,,4,0,4,0
central-early-r10-s2-current-virtual,london-link-049-ab-2,940GZZLULSQ-road-in-02,unique,Pod ahead,940GZZLULSQ-access-in,,,entry,9,3,6,0
central-early-r10-s2-current-virtual,london-link-063-ab-2,940GZZLUWLO-move-02-03,unique,Junction traffic,940GZZLUWLO-access-out,,,exit,63,63,0,0
central-early-r10-s2-current-virtual,london-link-063-ab-2,940GZZLUWLO-move-02-03,unique,Junction traffic,940GZZLUWLO-move-02-03,,,,29,29,0,0
central-early-r10-s2-current-virtual,london-link-063-ab-2,940GZZLUWLO-move-02-03,unique,Junction traffic,940GZZLUWLO-move-02-05,,,,4,4,0,0
central-early-r10-s2-current-virtual,london-link-063-ab-2,940GZZLUWLO-move-02-03,unique,Junction traffic,940GZZLUWLO-road-out-03,,,exit,285,285,0,0
central-early-r10-s2-current-virtual,london-link-063-ab-2,940GZZLUWLO-move-02-03,unique,Junction traffic,london-link-099-ba-1,,,,135,135,0,0
central-early-r10-s2-current-virtual,london-link-063-ab-2,940GZZLUWLO-move-02-03,unique,Pod ahead,london-link-063-ab-2,,,,56,56,0,0
central-early-r10-s2-current-virtual,london-link-063-ab-2,940GZZLUWLO-move-02-03,unique,Pod ahead,london-link-099-ba-1,,,,68,68,0,0
central-early-r10-s2-current-virtual,london-link-063-ab-2,940GZZLUWLO-move-02-05,unique,Junction traffic,940GZZLUWLO-move-02-03,,,,2,2,0,0
central-early-r10-s2-current-virtual,london-link-063-ab-2,940GZZLUWLO-road-in-02,unique,Junction traffic,940GZZLUWLO-move-02-03,,,,6,0,6,0
central-early-r10-s2-current-virtual,london-link-063-ba-2,940GZZLUEMB-move-03-01,unique,Junction traffic,940GZZLUEMB-move-02-01,,,,4,0,4,0
central-early-r10-s2-current-virtual,london-link-063-ba-2,940GZZLUEMB-move-03-01,unique,Junction traffic,940GZZLUEMB-move-03-01,,,,52,5,47,0
central-early-r10-s2-current-virtual,london-link-063-ba-2,940GZZLUEMB-move-03-01,unique,Junction traffic,940GZZLUEMB-road-out-01,,,exit,11,0,11,0
central-early-r10-s2-current-virtual,london-link-063-ba-2,940GZZLUEMB-move-03-01,unique,Junction traffic,london-link-048-ba-1,,,,35,2,33,0
central-early-r10-s2-current-virtual,london-link-063-ba-2,940GZZLUEMB-move-03-01,unique,Pod ahead,london-link-048-ba-1,,,,24,1,23,0
central-early-r10-s2-current-virtual,london-link-063-ba-2,940GZZLUEMB-move-03-01,unique,Pod ahead,london-link-063-ba-2,,,,1,0,1,0
central-early-r10-s2-current-virtual,london-link-067-ab-1,london-link-067-ab-2,unique,Junction traffic,london-link-067-ab-1,,,,19,0,19,0
central-early-r10-s2-current-virtual,london-link-067-ab-1,london-link-067-ab-2,unique,Junction traffic,london-link-067-ab-2,,,,1596,0,1596,0
central-early-r10-s2-current-virtual,london-link-067-ab-1,london-link-067-ab-2,unique,Pod ahead,london-link-067-ab-1,,,,7129,0,7129,0
central-early-r10-s2-current-virtual,london-link-067-ab-1,london-link-067-ab-2,unique,Pod ahead,london-link-067-ab-2,,,,1537,0,1537,0
central-early-r10-s2-current-virtual,london-link-067-ab-2,940GZZLUPAC-move-03-04,unique,Junction traffic,940GZZLUPAC-road-in-03,,,approach,1,0,1,0
central-early-r10-s2-current-virtual,london-link-067-ab-2,940GZZLUPAC-road-in-03,unique,Junction traffic,940GZZLUPAC-access-in,,,entry,2598,0,2598,0
central-early-r10-s2-current-virtual,london-link-067-ab-2,940GZZLUPAC-road-in-03,unique,Junction traffic,940GZZLUPAC-road-in-01,,,approach,2,0,2,0
central-early-r10-s2-current-virtual,london-link-067-ab-2,940GZZLUPAC-road-in-03,unique,Junction traffic,940GZZLUPAC-road-in-03,,,approach,10064,0,10064,0
central-early-r10-s2-current-virtual,london-link-067-ab-2,940GZZLUPAC-road-in-03,unique,Junction traffic,london-link-067-ab-2,,,,73,0,73,0
central-early-r10-s2-current-virtual,london-link-067-ab-2,940GZZLUPAC-road-in-03,unique,Pod ahead,940GZZLUPAC-access-in,,,entry,1126,0,1126,0
central-early-r10-s2-current-virtual,london-link-067-ab-2,940GZZLUPAC-road-in-03,unique,Pod ahead,london-link-067-ab-2,,,,123170,0,123170,0
central-early-r10-s2-current-virtual,london-link-068-ab-2,940GZZLUGPS-move-02-01,unique,Junction traffic,940GZZLUGPS-road-in-02,,,approach,1,0,1,0
central-early-r10-s2-current-virtual,london-link-069-ab-2,940GZZLUKSX-move-03-05,unique,Junction traffic,940GZZLUKSX-move-03-05,,,,688,688,0,0
central-early-r10-s2-current-virtual,london-link-069-ab-2,940GZZLUKSX-move-03-05,unique,Junction traffic,940GZZLUKSX-road-in-03,,,approach,13,13,0,0
central-early-r10-s2-current-virtual,london-link-069-ab-2,940GZZLUKSX-move-03-05,unique,Junction traffic,london-link-069-ab-2,,,,26,26,0,0
central-early-r10-s2-current-virtual,london-link-069-ab-2,940GZZLUKSX-move-03-05,unique,Junction traffic,london-link-074-ba-1,,,,574,574,0,0
central-early-r10-s2-current-virtual,london-link-069-ab-2,940GZZLUKSX-move-03-05,unique,Pod ahead,london-link-069-ab-2,,,,1248,1248,0,0
central-early-r10-s2-current-virtual,london-link-069-ab-2,940GZZLUKSX-move-03-05,unique,Pod ahead,london-link-074-ba-1,,,,358,358,0,0
central-early-r10-s2-current-virtual,london-link-069-ab-2,940GZZLUKSX-road-in-03,unique,Junction traffic,940GZZLUKSX-move-03-05,,,,14,14,0,0
central-early-r10-s2-current-virtual,london-link-069-ab-2,940GZZLUKSX-road-in-03,unique,Junction traffic,london-link-069-ab-2,,,,2,2,0,0
central-early-r10-s2-current-virtual,london-link-069-ab-2,940GZZLUKSX-road-in-03,unique,Pod ahead,london-link-069-ab-2,,,,29,29,0,0
central-early-r10-s2-current-virtual,london-link-069-ba-2,940GZZLUESQ-move-02-01,unique,Junction traffic,940GZZLUESQ-road-in-02,,,approach,4,0,4,0
central-early-r10-s2-current-virtual,london-link-070-ab-2,940GZZLUKSX-move-04-03,unique,Junction traffic,940GZZLUKSX-move-05-03,,,,11,0,11,0
central-early-r10-s2-current-virtual,london-link-070-ab-2,940GZZLUKSX-move-04-03,unique,Junction traffic,london-link-069-ba-1,,,,6,0,6,0
central-early-r10-s2-current-virtual,london-link-070-ab-2,940GZZLUKSX-move-04-03,unique,Pod ahead,london-link-069-ba-1,,,,4,0,4,0
central-early-r10-s2-current-virtual,london-link-074-ab-2,940GZZLUKSX-move-05-03,unique,Junction traffic,940GZZLUKSX-access-out,,,exit,42,0,42,0
central-early-r10-s2-current-virtual,london-link-074-ab-2,940GZZLUKSX-move-05-03,unique,Junction traffic,940GZZLUKSX-move-05-03,,,,804,0,804,0
central-early-r10-s2-current-virtual,london-link-074-ab-2,940GZZLUKSX-move-05-03,unique,Junction traffic,940GZZLUKSX-move-05-04,,,,9,0,9,0
central-early-r10-s2-current-virtual,london-link-074-ab-2,940GZZLUKSX-move-05-03,unique,Junction traffic,940GZZLUKSX-move-05-07,,,,61,0,61,0
central-early-r10-s2-current-virtual,london-link-074-ab-2,940GZZLUKSX-move-05-03,unique,Junction traffic,940GZZLUKSX-move-06-03,,,,26,0,26,0
central-early-r10-s2-current-virtual,london-link-074-ab-2,940GZZLUKSX-move-05-03,unique,Junction traffic,940GZZLUKSX-move-07-03,,,,171,0,171,0
central-early-r10-s2-current-virtual,london-link-074-ab-2,940GZZLUKSX-move-05-03,unique,Junction traffic,940GZZLUKSX-road-out-03,,,exit,52,0,52,0
central-early-r10-s2-current-virtual,london-link-074-ab-2,940GZZLUKSX-move-05-03,unique,Junction traffic,london-link-069-ba-1,,,,786,0,786,0
central-early-r10-s2-current-virtual,london-link-074-ab-2,940GZZLUKSX-move-05-03,unique,Junction traffic,london-link-074-ab-2,,,,13,0,13,0
central-early-r10-s2-current-virtual,london-link-074-ab-2,940GZZLUKSX-move-05-03,unique,Junction traffic,london-link-088-ab-2,,,,13,0,13,0
central-early-r10-s2-current-virtual,london-link-074-ab-2,940GZZLUKSX-move-05-03,unique,Junction traffic,london-link-101-ba-2,,,,97,0,97,0
central-early-r10-s2-current-virtual,london-link-074-ab-2,940GZZLUKSX-move-05-03,unique,Pod ahead,london-link-069-ba-1,,,,404,0,404,0
central-early-r10-s2-current-virtual,london-link-074-ab-2,940GZZLUKSX-move-05-03,unique,Pod ahead,london-link-074-ab-2,,,,942,0,942,0
central-early-r10-s2-current-virtual,london-link-074-ab-2,940GZZLUKSX-move-05-04,unique,Junction traffic,940GZZLUKSX-move-05-03,,,,10,0,10,0
central-early-r10-s2-current-virtual,london-link-074-ab-2,940GZZLUKSX-move-05-07,unique,Junction traffic,940GZZLUKSX-move-05-03,,,,104,0,104,0
central-early-r10-s2-current-virtual,london-link-074-ab-2,940GZZLUKSX-move-05-07,unique,Junction traffic,940GZZLUKSX-move-05-07,,,,6,0,6,0
central-early-r10-s2-current-virtual,london-link-074-ab-2,940GZZLUKSX-move-05-07,unique,Junction traffic,london-link-074-ab-2,,,,1,0,1,0
central-early-r10-s2-current-virtual,london-link-074-ab-2,940GZZLUKSX-move-05-07,unique,Junction traffic,london-link-101-ab-1,,,,2,0,2,0
central-early-r10-s2-current-virtual,london-link-074-ab-2,940GZZLUKSX-move-05-07,unique,Pod ahead,london-link-074-ab-2,,,,41,0,41,0
central-early-r10-s2-current-virtual,london-link-074-ab-2,940GZZLUKSX-move-05-07,unique,Pod ahead,london-link-101-ab-1,,,,2,0,2,0
central-early-r10-s2-current-virtual,london-link-074-ba-2,940GZZLUFCN-move-02-01,unique,Junction traffic,940GZZLUFCN-road-in-02,,,approach,1,1,0,0
central-early-r10-s2-current-virtual,london-link-088-ab-2,940GZZLUKSX-move-06-03,unique,Junction traffic,940GZZLUKSX-move-05-03,,,,24,0,24,0
central-early-r10-s2-current-virtual,london-link-088-ab-2,940GZZLUKSX-move-06-03,unique,Junction traffic,london-link-069-ba-1,,,,10,0,10,0
central-early-r10-s2-current-virtual,london-link-088-ab-2,940GZZLUKSX-move-06-03,unique,Junction traffic,london-link-074-ab-2,,,,10,0,10,0
central-early-r10-s2-current-virtual,london-link-088-ab-2,940GZZLUKSX-move-06-03,unique,Pod ahead,london-link-069-ba-1,,,,3,0,3,0
central-early-r10-s2-current-virtual,london-link-099-ab-2,940GZZLUWLO-move-03-02,unique,Junction traffic,940GZZLUWLO-access-out,,,exit,12,0,12,0
central-early-r10-s2-current-virtual,london-link-099-ab-2,940GZZLUWLO-move-03-02,unique,Junction traffic,940GZZLUWLO-move-01-02,,,,13,0,13,0
central-early-r10-s2-current-virtual,london-link-099-ab-2,940GZZLUWLO-move-03-02,unique,Junction traffic,940GZZLUWLO-move-03-02,,,,19,0,19,0
central-early-r10-s2-current-virtual,london-link-099-ab-2,940GZZLUWLO-move-03-02,unique,Junction traffic,940GZZLUWLO-move-04-02,,,,9,0,9,0
central-early-r10-s2-current-virtual,london-link-099-ab-2,940GZZLUWLO-move-03-02,unique,Junction traffic,940GZZLUWLO-move-05-02,,,,7,0,7,0
central-early-r10-s2-current-virtual,london-link-099-ab-2,940GZZLUWLO-move-03-02,unique,Junction traffic,940GZZLUWLO-road-in-03,,,approach,5,1,4,0
central-early-r10-s2-current-virtual,london-link-099-ab-2,940GZZLUWLO-move-03-02,unique,Junction traffic,940GZZLUWLO-road-out-02,,,exit,12,0,12,0
central-early-r10-s2-current-virtual,london-link-099-ab-2,940GZZLUWLO-move-03-02,unique,Junction traffic,london-link-027-ab-2,,,,1,0,1,0
central-early-r10-s2-current-virtual,london-link-099-ab-2,940GZZLUWLO-move-03-02,unique,Junction traffic,london-link-063-ba-1,,,,53,0,53,0
central-early-r10-s2-current-virtual,london-link-099-ab-2,940GZZLUWLO-move-03-02,unique,Junction traffic,london-link-102-ab-2,,,,5,0,5,0
central-early-r10-s2-current-virtual,london-link-099-ab-2,940GZZLUWLO-move-03-02,unique,Junction traffic,london-link-126-ab-2,,,,5,0,5,0
central-early-r10-s2-current-virtual,london-link-099-ab-2,940GZZLUWLO-move-03-02,unique,Pod ahead,london-link-063-ba-1,,,,57,4,53,0
central-early-r10-s2-current-virtual,london-link-099-ab-2,940GZZLUWLO-road-in-03,unique,Junction traffic,940GZZLUWLO-access-in,,,entry,7,7,0,0
central-early-r10-s2-current-virtual,london-link-099-ab-2,940GZZLUWLO-road-in-03,unique,Junction traffic,940GZZLUWLO-road-in-01,,,approach,6,6,0,0
central-early-r10-s2-current-virtual,london-link-099-ab-2,940GZZLUWLO-road-in-03,unique,Junction traffic,london-link-027-ab-2,,,,8,8,0,0
central-early-r10-s2-current-virtual,london-link-099-ab-2,940GZZLUWLO-road-in-03,unique,Pod ahead,940GZZLUWLO-access-in,,,entry,7,7,0,0
central-early-r10-s2-current-virtual,london-link-099-ba-2,940GZZLUKNG-move-03-02,unique,Junction traffic,940GZZLUKNG-move-01-02,,,,11,11,0,0
central-early-r10-s2-current-virtual,london-link-099-ba-2,940GZZLUKNG-move-03-02,unique,Junction traffic,940GZZLUKNG-move-03-02,,,,180,180,0,0
central-early-r10-s2-current-virtual,london-link-099-ba-2,940GZZLUKNG-move-03-02,unique,Junction traffic,london-link-098-ab-1,,,,112,112,0,0
central-early-r10-s2-current-virtual,london-link-099-ba-2,940GZZLUKNG-move-03-02,unique,Junction traffic,london-link-099-ba-2,,,,3,3,0,0
central-early-r10-s2-current-virtual,london-link-099-ba-2,940GZZLUKNG-move-03-02,unique,Pod ahead,london-link-098-ab-1,,,,48,48,0,0
central-early-r10-s2-current-virtual,london-link-099-ba-2,940GZZLUKNG-move-03-02,unique,Pod ahead,london-link-099-ba-2,,,,58,58,0,0
central-early-r10-s2-current-virtual,london-link-101-ba-2,940GZZLUKSX-move-07-03,unique,Junction traffic,940GZZLUKSX-access-out,,,exit,5,0,5,0
central-early-r10-s2-current-virtual,london-link-101-ba-2,940GZZLUKSX-move-07-03,unique,Junction traffic,940GZZLUKSX-move-05-03,,,,166,0,166,0
central-early-r10-s2-current-virtual,london-link-101-ba-2,940GZZLUKSX-move-07-03,unique,Junction traffic,940GZZLUKSX-move-06-03,,,,8,0,8,0
central-early-r10-s2-current-virtual,london-link-101-ba-2,940GZZLUKSX-move-07-03,unique,Junction traffic,940GZZLUKSX-move-07-03,,,,11,0,11,0
central-early-r10-s2-current-virtual,london-link-101-ba-2,940GZZLUKSX-move-07-03,unique,Junction traffic,940GZZLUKSX-road-out-03,,,exit,4,0,4,0
central-early-r10-s2-current-virtual,london-link-101-ba-2,940GZZLUKSX-move-07-03,unique,Junction traffic,london-link-069-ba-1,,,,106,0,106,0
central-early-r10-s2-current-virtual,london-link-101-ba-2,940GZZLUKSX-move-07-03,unique,Junction traffic,london-link-074-ab-2,,,,43,0,43,0
central-early-r10-s2-current-virtual,london-link-101-ba-2,940GZZLUKSX-move-07-03,unique,Junction traffic,london-link-088-ab-2,,,,5,0,5,0
central-early-r10-s2-current-virtual,london-link-101-ba-2,940GZZLUKSX-move-07-03,unique,Pod ahead,london-link-069-ba-1,,,,38,0,38,0
central-early-r10-s2-current-virtual,london-link-101-ba-2,940GZZLUKSX-move-07-03,unique,Pod ahead,london-link-101-ba-2,,,,5,0,5,0
central-early-r10-s2-current-virtual,london-link-102-ab-2,940GZZLUWLO-move-04-02,unique,Junction traffic,940GZZLUWLO-move-03-02,,,,3,0,3,0
central-early-r10-s2-current-virtual,london-link-102-ab-2,940GZZLUWLO-move-04-02,unique,Junction traffic,london-link-063-ba-1,,,,2,0,2,0
central-early-r10-s2-current-virtual,london-link-102-ab-2,940GZZLUWLO-move-04-02,unique,Pod ahead,london-link-063-ba-1,,,,1,0,1,0
central-early-r10-s2-current-virtual,london-link-108-ba-2,940GZZLULVT-move-05-02,unique,Junction traffic,940GZZLULVT-move-05-02,,,,15,15,0,0
central-early-r10-s2-current-virtual,london-link-108-ba-2,940GZZLULVT-move-05-02,unique,Junction traffic,london-link-007-ba-1,,,,8,8,0,0
central-early-r10-s2-current-virtual,london-link-108-ba-2,940GZZLULVT-move-05-02,unique,Pod ahead,london-link-007-ba-1,,,,4,4,0,0
central-early-r10-s2-current-virtual,london-link-108-ba-2,940GZZLULVT-road-in-05,unique,Junction traffic,940GZZLULVT-move-05-02,,,,69,69,0,0
central-early-r10-s2-current-virtual,london-link-108-ba-2,940GZZLULVT-road-in-05,unique,Junction traffic,london-link-007-ba-1,,,,1,1,0,0
central-early-r10-s2-current-virtual,london-link-108-ba-2,940GZZLULVT-road-in-05,unique,Pod ahead,london-link-108-ba-2,,,,1,1,0,0
central-early-r10-s2-current-virtual,london-link-112-ba-2,940GZZLUOXC-move-03-01,unique,Junction traffic,940GZZLUOXC-move-03-01,,,,24,0,24,0
central-early-r10-s2-current-virtual,london-link-112-ba-2,940GZZLUOXC-move-03-01,unique,Junction traffic,940GZZLUOXC-move-05-01,,,,62,0,62,0
central-early-r10-s2-current-virtual,london-link-112-ba-2,940GZZLUOXC-move-03-01,unique,Junction traffic,london-link-020-ba-1,,,,54,0,54,0
central-early-r10-s2-current-virtual,london-link-112-ba-2,940GZZLUOXC-move-03-01,unique,Junction traffic,london-link-114-ba-2,,,,5,0,5,0
central-early-r10-s2-current-virtual,london-link-112-ba-2,940GZZLUOXC-move-03-01,unique,Pod ahead,london-link-020-ba-1,,,,29,0,29,0
central-early-r10-s2-current-virtual,london-link-112-ba-2,940GZZLUOXC-move-03-01,unique,Pod ahead,london-link-112-ba-2,,,,15,0,15,0
central-early-r10-s2-current-virtual,london-link-114-ba-2,940GZZLUOXC-move-05-01,unique,Junction traffic,940GZZLUOXC-move-03-01,,,,82,0,82,0
central-early-r10-s2-current-virtual,london-link-114-ba-2,940GZZLUOXC-move-05-01,unique,Junction traffic,london-link-020-ba-1,,,,37,0,37,0
central-early-r10-s2-current-virtual,london-link-114-ba-2,940GZZLUOXC-move-05-01,unique,Pod ahead,london-link-020-ba-1,,,,17,0,17,0
central-early-r10-s2-current-virtual,london-link-116-ba-2,940GZZLUPAC-move-04-03,unique,Junction traffic,940GZZLUPAC-road-out-03,,,exit,1,1,0,0
central-early-r10-s2-current-virtual,london-link-116-ba-2,940GZZLUPAC-move-04-03,unique,Junction traffic,london-link-067-ba-1,,,,2,2,0,0
central-early-r10-s2-current-virtual,london-link-116-ba-2,940GZZLUPAC-road-in-04,unique,Pod ahead,940GZZLUPAC-access-in,,,entry,1,0,1,0
central-early-r10-s2-current-virtual,london-link-126-ab-2,940GZZLUWLO-move-05-02,unique,Junction traffic,940GZZLUWLO-move-01-02,,,,2,0,2,0
central-early-r10-s2-current-virtual,london-link-126-ab-2,940GZZLUWLO-move-05-02,unique,Junction traffic,940GZZLUWLO-move-03-02,,,,7,0,7,0
central-early-r10-s2-current-virtual,london-link-126-ab-2,940GZZLUWLO-move-05-02,unique,Junction traffic,london-link-063-ba-1,,,,8,0,8,0
central-early-r10-s2-current-virtual,london-link-126-ab-2,940GZZLUWLO-move-05-02,unique,Pod ahead,london-link-063-ba-1,,,,4,0,4,0
central-early-r10-s2-old-off,940GZZLUALD-access-out,940GZZLUALD-road-out-01,unique,Junction traffic,london-link-007-ab-1,940GZZLUALD,exit,,1,0,1,0
central-early-r10-s2-old-off,940GZZLUALD-access-out,940GZZLUALD-road-out-01,unique,Pod ahead,london-link-007-ab-1,940GZZLUALD,exit,,1,0,1,0
central-early-r10-s2-old-off,940GZZLUBBN-move-02-01,london-link-009-ab-1,unique,Junction traffic,london-link-009-ab-1,,,,6,0,6,0
central-early-r10-s2-old-off,940GZZLUBBN-move-02-01,london-link-009-ab-1,unique,Pod ahead,london-link-009-ab-1,,,,13,0,13,0
central-early-r10-s2-old-off,940GZZLUBBN-road-out-01,london-link-009-ab-1,unique,Junction traffic,london-link-009-ab-1,940GZZLUBBN,exit,,1,0,1,0
central-early-r10-s2-old-off,940GZZLUBBN-road-out-01,london-link-009-ab-1,unique,Pod ahead,london-link-009-ab-1,940GZZLUBBN,exit,,6,0,6,0
central-early-r10-s2-old-off,940GZZLUBND-move-02-01,london-link-017-ab-1,unique,Pod ahead,london-link-017-ab-1,,,,1,0,1,0
central-early-r10-s2-old-off,940GZZLUBND-move-04-01,london-link-017-ab-1,unique,Junction traffic,london-link-017-ab-1,,,,1,0,1,0
central-early-r10-s2-old-off,940GZZLUBND-move-04-01,london-link-017-ab-1,unique,Pod ahead,london-link-017-ab-1,,,,1,0,1,0
central-early-r10-s2-old-off,940GZZLUBNK-access-out,940GZZLUBNK-road-out-05,unique,Junction traffic,940GZZLUBNK-move-06-05,940GZZLUBNK,exit,,6,0,6,0
central-early-r10-s2-old-off,940GZZLUBNK-access-out,940GZZLUBNK-road-out-05,unique,Junction traffic,london-link-025-ab-1,940GZZLUBNK,exit,,6,0,6,0
central-early-r10-s2-old-off,940GZZLUBNK-access-out,940GZZLUBNK-road-out-05,unique,Pod ahead,london-link-025-ab-1,940GZZLUBNK,exit,,3,0,3,0
central-early-r10-s2-old-off,940GZZLUBST-01-in,,last,Junction traffic,940GZZLUBST-01-out,940GZZLUBST,berth-access,departure,1,0,1,0
central-early-r10-s2-old-off,940GZZLUBST-access-out,940GZZLUBST-road-out-04,unique,Junction traffic,940GZZLUBST-move-01-04,940GZZLUBST,exit,,9,9,0,0
central-early-r10-s2-old-off,940GZZLUBST-access-out,940GZZLUBST-road-out-04,unique,Junction traffic,940GZZLUBST-move-02-04,940GZZLUBST,exit,,280,280,0,0
central-early-r10-s2-old-off,940GZZLUBST-access-out,940GZZLUBST-road-out-04,unique,Junction traffic,london-link-017-ab-2,940GZZLUBST,exit,,15,15,0,0
central-early-r10-s2-old-off,940GZZLUBST-access-out,940GZZLUBST-road-out-04,unique,Junction traffic,london-link-033-ba-2,940GZZLUBST,exit,,86,86,0,0
central-early-r10-s2-old-off,940GZZLUBST-access-out,940GZZLUBST-road-out-04,unique,Junction traffic,london-link-035-ab-1,940GZZLUBST,exit,,125,125,0,0
central-early-r10-s2-old-off,940GZZLUBST-access-out,940GZZLUBST-road-out-04,unique,Pod ahead,940GZZLUBST-access-out,940GZZLUBST,exit,exit,52,52,0,0
central-early-r10-s2-old-off,940GZZLUBST-access-out,940GZZLUBST-road-out-04,unique,Pod ahead,london-link-035-ab-1,940GZZLUBST,exit,,58,58,0,0
central-early-r10-s2-old-off,940GZZLUCHX-move-01-03,london-link-050-ab-1,unique,Junction traffic,940GZZLUCHX-move-02-03,,,,1,0,1,0
central-early-r10-s2-old-off,940GZZLUCHX-move-01-03,london-link-050-ab-1,unique,Junction traffic,london-link-050-ab-1,,,,3,0,3,0
central-early-r10-s2-old-off,940GZZLUCHX-move-01-03,london-link-050-ab-1,unique,Pod ahead,london-link-050-ab-1,,,,2,0,2,0
central-early-r10-s2-old-off,940GZZLUCHX-move-02-01,london-link-048-ab-1,unique,Junction traffic,london-link-048-ab-1,,,,2,2,0,0
central-early-r10-s2-old-off,940GZZLUCHX-move-02-01,london-link-048-ab-1,unique,Pod ahead,london-link-048-ab-1,,,,4,4,0,0
central-early-r10-s2-old-off,940GZZLUCHX-move-03-01,london-link-048-ab-1,unique,Junction traffic,london-link-048-ab-1,,,,2,2,0,0
central-early-r10-s2-old-off,940GZZLUCHX-move-03-01,london-link-048-ab-1,unique,Pod ahead,london-link-048-ab-1,,,,1,1,0,0
central-early-r10-s2-old-off,940GZZLUCHX-road-out-01,london-link-048-ab-1,unique,Junction traffic,london-link-048-ab-1,940GZZLUCHX,exit,,5,5,0,0
central-early-r10-s2-old-off,940GZZLUCHX-road-out-01,london-link-048-ab-1,unique,Pod ahead,london-link-048-ab-1,940GZZLUCHX,exit,,5,5,0,0
central-early-r10-s2-old-off,940GZZLUEMB-access-out,940GZZLUEMB-road-out-01,unique,Junction traffic,940GZZLUEMB-move-03-01,940GZZLUEMB,exit,,6,0,6,0
central-early-r10-s2-old-off,940GZZLUEMB-access-out,940GZZLUEMB-road-out-01,unique,Junction traffic,london-link-048-ba-1,940GZZLUEMB,exit,,2,0,2,0
central-early-r10-s2-old-off,940GZZLUEMB-access-out,940GZZLUEMB-road-out-01,unique,Pod ahead,london-link-048-ba-1,940GZZLUEMB,exit,,1,0,1,0
central-early-r10-s2-old-off,940GZZLUEMB-access-out,940GZZLUEMB-road-out-03,unique,Pod ahead,london-link-063-ab-1,940GZZLUEMB,exit,,1,1,0,0
central-early-r10-s2-old-off,940GZZLUEMB-move-01-03,london-link-063-ab-1,unique,Junction traffic,london-link-063-ab-1,,,,4,4,0,0
central-early-r10-s2-old-off,940GZZLUEMB-move-01-03,london-link-063-ab-1,unique,Pod ahead,london-link-063-ab-1,,,,3,3,0,0
central-early-r10-s2-old-off,940GZZLUEMB-move-02-01,london-link-048-ba-1,unique,Junction traffic,940GZZLUEMB-move-03-01,,,,36,0,36,0
central-early-r10-s2-old-off,940GZZLUEMB-move-02-01,london-link-048-ba-1,unique,Junction traffic,london-link-048-ba-1,,,,16,0,16,0
central-early-r10-s2-old-off,940GZZLUEMB-move-02-01,london-link-048-ba-1,unique,Pod ahead,london-link-048-ba-1,,,,9,0,9,0
central-early-r10-s2-old-off,940GZZLUESQ-02-in,,last,Berth occupied,940GZZLUESQ-02-out,940GZZLUESQ,berth-access,departure,1,1,0,0
central-early-r10-s2-old-off,940GZZLUESQ-02-in,,last,Junction traffic,940GZZLUESQ-02-out,940GZZLUESQ,berth-access,departure,1,1,0,0
central-early-r10-s2-old-off,940GZZLUESQ-move-01-02,london-link-069-ab-1,unique,Junction traffic,940GZZLUESQ-road-out-02,,,exit,3,3,0,0
central-early-r10-s2-old-off,940GZZLUESQ-move-01-02,london-link-069-ab-1,unique,Junction traffic,london-link-069-ab-1,,,,5,5,0,0
central-early-r10-s2-old-off,940GZZLUESQ-move-01-02,london-link-069-ab-1,unique,Pod ahead,940GZZLUESQ-move-01-02,,,,2,2,0,0
central-early-r10-s2-old-off,940GZZLUESQ-move-01-02,london-link-069-ab-1,unique,Pod ahead,london-link-069-ab-1,,,,19,19,0,0
central-early-r10-s2-old-off,940GZZLUESQ-road-out-02,london-link-069-ab-1,unique,Junction traffic,london-link-069-ab-1,940GZZLUESQ,exit,,10,10,0,0
central-early-r10-s2-old-off,940GZZLUESQ-road-out-02,london-link-069-ab-1,unique,Pod ahead,london-link-069-ab-1,940GZZLUESQ,exit,,15,15,0,0
central-early-r10-s2-old-off,940GZZLUFCN-move-01-02,london-link-074-ab-1,unique,Junction traffic,940GZZLUFCN-road-out-02,,,exit,1,0,1,0
central-early-r10-s2-old-off,940GZZLUFCN-move-01-02,london-link-074-ab-1,unique,Junction traffic,london-link-074-ab-1,,,,40,0,40,0
central-early-r10-s2-old-off,940GZZLUFCN-move-01-02,london-link-074-ab-1,unique,Pod ahead,london-link-074-ab-1,,,,36,0,36,0
central-early-r10-s2-old-off,940GZZLUFCN-move-02-01,london-link-009-ba-1,unique,Junction traffic,london-link-009-ba-1,,,,9,9,0,0
central-early-r10-s2-old-off,940GZZLUFCN-move-02-01,london-link-009-ba-1,unique,Pod ahead,london-link-009-ba-1,,,,7,7,0,0
central-early-r10-s2-old-off,940GZZLUFCN-road-out-01,london-link-009-ba-1,unique,Junction traffic,london-link-009-ba-1,940GZZLUFCN,exit,,2,0,2,0
central-early-r10-s2-old-off,940GZZLUFCN-road-out-01,london-link-009-ba-1,unique,Pod ahead,london-link-009-ba-1,940GZZLUFCN,exit,,1,0,1,0
central-early-r10-s2-old-off,940GZZLUFCN-road-out-02,london-link-074-ab-1,unique,Junction traffic,940GZZLUFCN-move-01-02,940GZZLUFCN,exit,,1,0,1,0
central-early-r10-s2-old-off,940GZZLUFCN-road-out-02,london-link-074-ab-1,unique,Junction traffic,london-link-074-ab-1,940GZZLUFCN,exit,,35,0,35,0
central-early-r10-s2-old-off,940GZZLUFCN-road-out-02,london-link-074-ab-1,unique,Pod ahead,london-link-074-ab-1,940GZZLUFCN,exit,,26,0,26,0
central-early-r10-s2-old-off,940GZZLUGPS-move-01-02,london-link-068-ba-1,unique,Junction traffic,london-link-068-ba-1,,,,1,1,0,0
central-early-r10-s2-old-off,940GZZLUGPS-move-01-02,london-link-068-ba-1,unique,Pod ahead,london-link-068-ba-1,,,,2,2,0,0
central-early-r10-s2-old-off,940GZZLUGPS-move-02-01,london-link-035-ba-1,unique,Pod ahead,london-link-035-ba-1,,,,2,0,2,0
central-early-r10-s2-old-off,940GZZLUGPS-road-in-02,940GZZLUGPS-access-in,unique,Pod ahead,940GZZLUGPS-access-in,940GZZLUGPS,approach,entry,1,0,1,0
central-early-r10-s2-old-off,940GZZLUGPS-road-out-02,london-link-068-ba-1,unique,Junction traffic,london-link-068-ba-1,940GZZLUGPS,exit,,1,1,0,0
central-early-r10-s2-old-off,940GZZLUGPS-road-out-02,london-link-068-ba-1,unique,Pod ahead,london-link-068-ba-1,940GZZLUGPS,exit,,7,7,0,0
central-early-r10-s2-old-off,940GZZLUHBN-move-02-01,london-link-044-ba-1,unique,Junction traffic,london-link-044-ba-1,,,,2,0,2,0
central-early-r10-s2-old-off,940GZZLUHBN-move-03-01,london-link-044-ba-1,unique,Junction traffic,london-link-044-ba-1,,,,1,0,1,0
central-early-r10-s2-old-off,940GZZLUKNG-access-out,940GZZLUKNG-road-out-02,unique,Junction traffic,940GZZLUKNG-move-03-02,940GZZLUKNG,exit,,1,0,1,0
central-early-r10-s2-old-off,940GZZLUKNG-access-out,940GZZLUKNG-road-out-02,unique,Junction traffic,london-link-098-ab-1,940GZZLUKNG,exit,,2,0,2,0
central-early-r10-s2-old-off,940GZZLUKNG-access-out,940GZZLUKNG-road-out-02,unique,Pod ahead,london-link-098-ab-1,940GZZLUKNG,exit,,1,0,1,0
central-early-r10-s2-old-off,940GZZLUKNG-move-01-02,london-link-098-ab-1,unique,Junction traffic,940GZZLUKNG-move-03-02,,,,4,0,4,0
central-early-r10-s2-old-off,940GZZLUKNG-move-01-02,london-link-098-ab-1,unique,Junction traffic,london-link-098-ab-1,,,,4,0,4,0
central-early-r10-s2-old-off,940GZZLUKNG-move-01-02,london-link-098-ab-1,unique,Pod ahead,london-link-098-ab-1,,,,2,0,2,0
central-early-r10-s2-old-off,940GZZLUKNG-move-02-03,london-link-099-ab-1,unique,Junction traffic,london-link-099-ab-1,,,,1,0,1,0
central-early-r10-s2-old-off,940GZZLUKNG-move-02-03,london-link-099-ab-1,unique,Pod ahead,london-link-099-ab-1,,,,1,0,1,0
central-early-r10-s2-old-off,940GZZLUKSX-access-out,940GZZLUKSX-road-out-03,unique,Junction traffic,940GZZLUKSX-move-05-03,940GZZLUKSX,exit,,175,0,175,0
central-early-r10-s2-old-off,940GZZLUKSX-access-out,940GZZLUKSX-road-out-03,unique,Junction traffic,940GZZLUKSX-move-07-03,940GZZLUKSX,exit,,6,0,6,0
central-early-r10-s2-old-off,940GZZLUKSX-access-out,940GZZLUKSX-road-out-03,unique,Junction traffic,london-link-069-ba-1,940GZZLUKSX,exit,,56,0,56,0
central-early-r10-s2-old-off,940GZZLUKSX-access-out,940GZZLUKSX-road-out-03,unique,Junction traffic,london-link-074-ab-2,940GZZLUKSX,exit,,53,0,53,0
central-early-r10-s2-old-off,940GZZLUKSX-access-out,940GZZLUKSX-road-out-03,unique,Junction traffic,london-link-101-ba-2,940GZZLUKSX,exit,,6,0,6,0
central-early-r10-s2-old-off,940GZZLUKSX-access-out,940GZZLUKSX-road-out-03,unique,Pod ahead,london-link-069-ba-1,940GZZLUKSX,exit,,26,0,26,0
central-early-r10-s2-old-off,940GZZLUKSX-road-out-07,london-link-101-ab-1,unique,Junction traffic,940GZZLUKSX-move-05-07,940GZZLUKSX,exit,,3,0,3,0
central-early-r10-s2-old-off,940GZZLUKSX-road-out-07,london-link-101-ab-1,unique,Junction traffic,london-link-101-ab-1,940GZZLUKSX,exit,,2,0,2,0
central-early-r10-s2-old-off,940GZZLUKSX-road-out-07,london-link-101-ab-1,unique,Pod ahead,london-link-101-ab-1,940GZZLUKSX,exit,,1,0,1,0
central-early-r10-s2-old-off,940GZZLULSQ-01-in,,last,Junction traffic,940GZZLULSQ-01-out,940GZZLULSQ,berth-access,departure,1,0,1,0
central-early-r10-s2-old-off,940GZZLULSQ-01-out,940GZZLULSQ-01-departure-link,unique,Pod ahead,940GZZLULSQ-01-departure-link,940GZZLULSQ,departure,departure,5,5,0,0
central-early-r10-s2-old-off,940GZZLULSQ-access-out,940GZZLULSQ-road-out-02,unique,Junction traffic,940GZZLULSQ-move-04-02,940GZZLULSQ,exit,,4,4,0,0
central-early-r10-s2-old-off,940GZZLULSQ-access-out,940GZZLULSQ-road-out-02,unique,Junction traffic,london-link-049-ba-1,940GZZLULSQ,exit,,3,3,0,0
central-early-r10-s2-old-off,940GZZLULSQ-access-out,940GZZLULSQ-road-out-02,unique,Pod ahead,london-link-049-ba-1,940GZZLULSQ,exit,,2,2,0,0
central-early-r10-s2-old-off,940GZZLULSQ-move-01-02,london-link-049-ba-1,unique,Junction traffic,940GZZLULSQ-move-04-02,,,,5,0,5,0
central-early-r10-s2-old-off,940GZZLULSQ-move-01-02,london-link-049-ba-1,unique,Junction traffic,940GZZLULSQ-road-out-02,,,exit,4,0,4,0
central-early-r10-s2-old-off,940GZZLULSQ-move-01-02,london-link-049-ba-1,unique,Junction traffic,london-link-049-ba-1,,,,9,0,9,0
central-early-r10-s2-old-off,940GZZLULSQ-move-01-02,london-link-049-ba-1,unique,Pod ahead,london-link-049-ba-1,,,,5,0,5,0
central-early-r10-s2-old-off,940GZZLULSQ-move-04-02,london-link-049-ba-1,unique,Junction traffic,940GZZLULSQ-road-out-02,,,exit,4,4,0,0
central-early-r10-s2-old-off,940GZZLULSQ-move-04-02,london-link-049-ba-1,unique,Junction traffic,london-link-049-ba-1,,,,8,8,0,0
central-early-r10-s2-old-off,940GZZLULSQ-move-04-02,london-link-049-ba-1,unique,Pod ahead,london-link-049-ba-1,,,,5,5,0,0
central-early-r10-s2-old-off,940GZZLULVT-road-out-04,london-link-023-ba-1,unique,Junction traffic,940GZZLULVT-move-02-04,940GZZLULVT,exit,,5,0,5,0
central-early-r10-s2-old-off,940GZZLULVT-road-out-04,london-link-023-ba-1,unique,Junction traffic,london-link-023-ba-1,940GZZLULVT,exit,,2,0,2,0
central-early-r10-s2-old-off,940GZZLULVT-road-out-04,london-link-023-ba-1,unique,Pod ahead,london-link-023-ba-1,940GZZLULVT,exit,,1,0,1,0
central-early-r10-s2-old-off,940GZZLULVT-road-out-05,london-link-108-ab-1,unique,Junction traffic,940GZZLULVT-move-01-05,940GZZLULVT,exit,,4,0,4,0
central-early-r10-s2-old-off,940GZZLULVT-road-out-05,london-link-108-ab-1,unique,Junction traffic,940GZZLULVT-move-02-05,940GZZLULVT,exit,,162,0,162,0
central-early-r10-s2-old-off,940GZZLULVT-road-out-05,london-link-108-ab-1,unique,Junction traffic,london-link-007-ab-2,940GZZLULVT,exit,,9,0,9,0
central-early-r10-s2-old-off,940GZZLULVT-road-out-05,london-link-108-ab-1,unique,Junction traffic,london-link-108-ab-1,940GZZLULVT,exit,,66,0,66,0
central-early-r10-s2-old-off,940GZZLULVT-road-out-05,london-link-108-ab-1,unique,Pod ahead,940GZZLULVT-road-out-05,940GZZLULVT,exit,exit,26,0,26,0
central-early-r10-s2-old-off,940GZZLULVT-road-out-05,london-link-108-ab-1,unique,Pod ahead,london-link-108-ab-1,940GZZLULVT,exit,,30,0,30,0
central-early-r10-s2-old-off,940GZZLUMGT-access-out,940GZZLUMGT-road-out-01,unique,Junction traffic,940GZZLUMGT-move-03-01,940GZZLUMGT,exit,,6,0,6,0
central-early-r10-s2-old-off,940GZZLUMGT-access-out,940GZZLUMGT-road-out-01,unique,Junction traffic,london-link-010-ba-1,940GZZLUMGT,exit,,7,0,7,0
central-early-r10-s2-old-off,940GZZLUMGT-access-out,940GZZLUMGT-road-out-01,unique,Pod ahead,london-link-010-ba-1,940GZZLUMGT,exit,,12,0,12,0
central-early-r10-s2-old-off,940GZZLUMGT-access-out,940GZZLUMGT-road-out-02,unique,Junction traffic,940GZZLUMGT-move-01-02,940GZZLUMGT,exit,,2,0,2,0
central-early-r10-s2-old-off,940GZZLUMGT-access-out,940GZZLUMGT-road-out-02,unique,Junction traffic,london-link-024-ba-1,940GZZLUMGT,exit,,2,0,2,0
central-early-r10-s2-old-off,940GZZLUMGT-access-out,940GZZLUMGT-road-out-02,unique,Pod ahead,london-link-024-ba-1,940GZZLUMGT,exit,,1,0,1,0
central-early-r10-s2-old-off,940GZZLUMGT-move-02-01,london-link-010-ba-1,unique,Junction traffic,london-link-010-ba-1,,,,3,0,3,0
central-early-r10-s2-old-off,940GZZLUMGT-move-02-01,london-link-010-ba-1,unique,Pod ahead,london-link-010-ba-1,,,,1,0,1,0
central-early-r10-s2-old-off,940GZZLUMGT-move-03-01,london-link-010-ba-1,unique,Junction traffic,940GZZLUMGT-access-out,,,exit,2,0,2,0
central-early-r10-s2-old-off,940GZZLUMGT-move-03-01,london-link-010-ba-1,unique,Junction traffic,940GZZLUMGT-road-out-01,,,exit,87,0,87,0
central-early-r10-s2-old-off,940GZZLUMGT-move-03-01,london-link-010-ba-1,unique,Junction traffic,london-link-010-ba-1,,,,108,0,108,0
central-early-r10-s2-old-off,940GZZLUMGT-move-03-01,london-link-010-ba-1,unique,Pod ahead,940GZZLUMGT-move-03-01,,,,28,0,28,0
central-early-r10-s2-old-off,940GZZLUMGT-move-03-01,london-link-010-ba-1,unique,Pod ahead,london-link-010-ba-1,,,,61,0,61,0
central-early-r10-s2-old-off,940GZZLUOVL-01-out,940GZZLUOVL-01-departure-link,unique,Pod ahead,940GZZLUOVL-01-departure-link,940GZZLUOVL,departure,departure,2,0,2,0
central-early-r10-s2-old-off,940GZZLUOVL-road-out-01,london-link-098-ba-1,unique,Pod ahead,london-link-098-ba-1,940GZZLUOVL,exit,,1,1,0,0
central-early-r10-s2-old-off,940GZZLUPAC-02-in,,last,Junction traffic,940GZZLUPAC-02-out,940GZZLUPAC,berth-access,departure,1,0,1,0
central-early-r10-s2-old-off,940GZZLUPAC-access-out,940GZZLUPAC-road-out-03,unique,Junction traffic,940GZZLUPAC-move-04-03,940GZZLUPAC,exit,,9,9,0,0
central-early-r10-s2-old-off,940GZZLUPAC-access-out,940GZZLUPAC-road-out-03,unique,Junction traffic,940GZZLUPAC-road-out-03,940GZZLUPAC,exit,exit,4,4,0,0
central-early-r10-s2-old-off,940GZZLUPAC-access-out,940GZZLUPAC-road-out-03,unique,Junction traffic,london-link-067-ba-1,940GZZLUPAC,exit,,47,47,0,0
central-early-r10-s2-old-off,940GZZLUPAC-access-out,940GZZLUPAC-road-out-03,unique,Junction traffic,london-link-116-ba-2,940GZZLUPAC,exit,,5,5,0,0
central-early-r10-s2-old-off,940GZZLUPAC-access-out,940GZZLUPAC-road-out-03,unique,Pod ahead,940GZZLUPAC-access-out,940GZZLUPAC,exit,exit,5,5,0,0
central-early-r10-s2-old-off,940GZZLUPAC-access-out,940GZZLUPAC-road-out-03,unique,Pod ahead,london-link-067-ba-1,940GZZLUPAC,exit,,303,303,0,0
central-early-r10-s2-old-off,940GZZLUPCC-move-01-04,london-link-112-ba-1,unique,Junction traffic,london-link-112-ba-1,,,,1,0,1,0
central-early-r10-s2-old-off,940GZZLUPCC-move-01-04,london-link-112-ba-1,unique,Pod ahead,london-link-112-ba-1,,,,1,0,1,0
central-early-r10-s2-old-off,940GZZLUWLO-01-out,940GZZLUWLO-01-departure-link,unique,Pod ahead,940GZZLUWLO-01-departure-link,940GZZLUWLO,departure,departure,2,2,0,0
central-early-r10-s2-old-off,940GZZLUWLO-access-out,940GZZLUWLO-road-out-02,unique,Junction traffic,940GZZLUWLO-move-03-02,940GZZLUWLO,exit,,67,0,67,0
central-early-r10-s2-old-off,940GZZLUWLO-access-out,940GZZLUWLO-road-out-02,unique,Junction traffic,940GZZLUWLO-road-out-03,940GZZLUWLO,exit,exit,18,0,18,0
central-early-r10-s2-old-off,940GZZLUWLO-access-out,940GZZLUWLO-road-out-02,unique,Junction traffic,london-link-063-ba-1,940GZZLUWLO,exit,,26,0,26,0
central-early-r10-s2-old-off,940GZZLUWLO-access-out,940GZZLUWLO-road-out-02,unique,Junction traffic,london-link-099-ab-2,940GZZLUWLO,exit,,13,0,13,0
central-early-r10-s2-old-off,940GZZLUWLO-access-out,940GZZLUWLO-road-out-02,unique,Pod ahead,940GZZLUWLO-access-out,940GZZLUWLO,exit,exit,31,0,31,0
central-early-r10-s2-old-off,940GZZLUWLO-access-out,940GZZLUWLO-road-out-02,unique,Pod ahead,london-link-063-ba-1,940GZZLUWLO,exit,,11,0,11,0
central-early-r10-s2-old-off,940GZZLUWLO-access-out,940GZZLUWLO-road-out-03,unique,Junction traffic,940GZZLUWLO-move-01-03,940GZZLUWLO,exit,,8,8,0,0
central-early-r10-s2-old-off,940GZZLUWLO-access-out,940GZZLUWLO-road-out-03,unique,Junction traffic,940GZZLUWLO-move-02-03,940GZZLUWLO,exit,,153,145,8,0
central-early-r10-s2-old-off,940GZZLUWLO-access-out,940GZZLUWLO-road-out-03,unique,Junction traffic,940GZZLUWLO-road-out-03,940GZZLUWLO,exit,exit,31,31,0,0
central-early-r10-s2-old-off,940GZZLUWLO-access-out,940GZZLUWLO-road-out-03,unique,Junction traffic,london-link-027-ab-2,940GZZLUWLO,exit,,1,1,0,0
central-early-r10-s2-old-off,940GZZLUWLO-access-out,940GZZLUWLO-road-out-03,unique,Junction traffic,london-link-063-ab-2,940GZZLUWLO,exit,,36,33,3,0
central-early-r10-s2-old-off,940GZZLUWLO-access-out,940GZZLUWLO-road-out-03,unique,Junction traffic,london-link-099-ba-1,940GZZLUWLO,exit,,93,91,2,0
central-early-r10-s2-old-off,940GZZLUWLO-access-out,940GZZLUWLO-road-out-03,unique,Pod ahead,940GZZLUWLO-access-out,940GZZLUWLO,exit,exit,9,9,0,0
central-early-r10-s2-old-off,940GZZLUWLO-access-out,940GZZLUWLO-road-out-03,unique,Pod ahead,london-link-099-ba-1,940GZZLUWLO,exit,,39,38,1,0
central-early-r10-s2-old-off,london-link-007-ab-2,940GZZLULVT-move-02-05,unique,Junction traffic,940GZZLULVT-move-02-05,,,,9,0,9,0
central-early-r10-s2-old-off,london-link-007-ab-2,940GZZLULVT-move-02-05,unique,Junction traffic,940GZZLULVT-road-out-05,,,exit,19,0,19,0
central-early-r10-s2-old-off,london-link-007-ab-2,940GZZLULVT-move-02-05,unique,Junction traffic,london-link-108-ab-1,,,,13,0,13,0
central-early-r10-s2-old-off,london-link-007-ab-2,940GZZLULVT-move-02-05,unique,Pod ahead,london-link-007-ab-2,,,,6,0,6,0
central-early-r10-s2-old-off,london-link-007-ab-2,940GZZLULVT-move-02-05,unique,Pod ahead,london-link-108-ab-1,,,,6,0,6,0
central-early-r10-s2-old-off,london-link-009-ab-2,940GZZLUFCN-move-01-02,unique,Junction traffic,940GZZLUFCN-move-01-02,,,,8,0,8,0
central-early-r10-s2-old-off,london-link-009-ab-2,940GZZLUFCN-move-01-02,unique,Pod ahead,940GZZLUFCN-move-01-02,,,,61,0,61,0
central-early-r10-s2-old-off,london-link-009-ab-2,940GZZLUFCN-move-01-02,unique,Pod ahead,london-link-009-ab-2,,,,48,0,48,0
central-early-r10-s2-old-off,london-link-010-ab-2,940GZZLUMGT-move-01-01,unique,Pod ahead,london-link-010-ba-1,,,,1,0,1,0
central-early-r10-s2-old-off,london-link-017-ab-2,940GZZLUBST-move-01-02,unique,Junction traffic,940GZZLUBST-move-01-02,,,,646,0,646,0
central-early-r10-s2-old-off,london-link-017-ab-2,940GZZLUBST-move-01-02,unique,Junction traffic,940GZZLUBST-move-03-02,,,,12,0,12,0
central-early-r10-s2-old-off,london-link-017-ab-2,940GZZLUBST-move-01-02,unique,Junction traffic,940GZZLUBST-move-04-02,,,,3560,0,3560,0
central-early-r10-s2-old-off,london-link-017-ab-2,940GZZLUBST-move-01-02,unique,Junction traffic,940GZZLUBST-road-in-01,,,approach,1,0,1,0
central-early-r10-s2-old-off,london-link-017-ab-2,940GZZLUBST-move-01-02,unique,Junction traffic,london-link-017-ab-2,,,,2,0,2,0
central-early-r10-s2-old-off,london-link-017-ab-2,940GZZLUBST-move-01-02,unique,Junction traffic,london-link-033-ab-1,,,,1471,0,1471,0
central-early-r10-s2-old-off,london-link-017-ab-2,940GZZLUBST-move-01-02,unique,Junction traffic,london-link-034-ba-2,,,,16,0,16,0
central-early-r10-s2-old-off,london-link-017-ab-2,940GZZLUBST-move-01-02,unique,Junction traffic,london-link-035-ba-2,,,,1767,0,1767,0
central-early-r10-s2-old-off,london-link-017-ab-2,940GZZLUBST-move-01-02,unique,Pod ahead,london-link-017-ab-2,,,,13619,0,13619,0
central-early-r10-s2-old-off,london-link-017-ab-2,940GZZLUBST-move-01-02,unique,Pod ahead,london-link-033-ab-1,,,,622,0,622,0
central-early-r10-s2-old-off,london-link-017-ab-2,940GZZLUBST-move-01-03,unique,Junction traffic,940GZZLUBST-move-01-02,,,,4,0,4,0
central-early-r10-s2-old-off,london-link-017-ab-2,940GZZLUBST-move-01-04,unique,Junction traffic,940GZZLUBST-access-out,,,exit,10,0,10,0
central-early-r10-s2-old-off,london-link-017-ab-2,940GZZLUBST-move-01-04,unique,Junction traffic,940GZZLUBST-move-01-02,,,,55,0,55,0
central-early-r10-s2-old-off,london-link-017-ab-2,940GZZLUBST-move-01-04,unique,Junction traffic,940GZZLUBST-move-01-03,,,,2,0,2,0
central-early-r10-s2-old-off,london-link-017-ab-2,940GZZLUBST-move-01-04,unique,Junction traffic,940GZZLUBST-move-02-04,,,,228,0,228,0
central-early-r10-s2-old-off,london-link-017-ab-2,940GZZLUBST-move-01-04,unique,Junction traffic,940GZZLUBST-road-out-04,,,exit,16,0,16,0
central-early-r10-s2-old-off,london-link-017-ab-2,940GZZLUBST-move-01-04,unique,Junction traffic,london-link-017-ab-2,,,,1,0,1,0
central-early-r10-s2-old-off,london-link-017-ab-2,940GZZLUBST-move-01-04,unique,Junction traffic,london-link-033-ab-1,,,,1,0,1,0
central-early-r10-s2-old-off,london-link-017-ab-2,940GZZLUBST-move-01-04,unique,Junction traffic,london-link-033-ba-2,,,,66,0,66,0
central-early-r10-s2-old-off,london-link-017-ab-2,940GZZLUBST-move-01-04,unique,Junction traffic,london-link-035-ab-1,,,,107,0,107,0
central-early-r10-s2-old-off,london-link-017-ab-2,940GZZLUBST-move-01-04,unique,Pod ahead,london-link-017-ab-2,,,,885,0,885,0
central-early-r10-s2-old-off,london-link-017-ab-2,940GZZLUBST-move-01-04,unique,Pod ahead,london-link-035-ab-1,,,,46,0,46,0
central-early-r10-s2-old-off,london-link-017-ab-2,940GZZLUBST-road-in-01,unique,Junction traffic,940GZZLUBST-move-01-02,,,,43,0,43,0
central-early-r10-s2-old-off,london-link-017-ab-2,940GZZLUBST-road-in-01,unique,Pod ahead,london-link-017-ab-2,,,,1004,0,1004,0
central-early-r10-s2-old-off,london-link-023-ba-2,940GZZLUBNK-move-03-01,unique,Junction traffic,london-link-021-ab-1,,,,2,0,2,0
central-early-r10-s2-old-off,london-link-023-ba-2,940GZZLUBNK-move-03-01,unique,Pod ahead,london-link-021-ab-1,,,,1,0,1,0
central-early-r10-s2-old-off,london-link-023-ba-2,940GZZLUBNK-move-03-05,unique,Junction traffic,940GZZLUBNK-move-03-07,,,,2,0,2,0
central-early-r10-s2-old-off,london-link-023-ba-2,940GZZLUBNK-move-03-05,unique,Junction traffic,940GZZLUBNK-move-04-05,,,,5,0,5,0
central-early-r10-s2-old-off,london-link-023-ba-2,940GZZLUBNK-move-03-05,unique,Junction traffic,940GZZLUBNK-move-06-05,,,,5,0,5,0
central-early-r10-s2-old-off,london-link-023-ba-2,940GZZLUBNK-move-03-05,unique,Junction traffic,940GZZLUBNK-road-out-05,,,exit,5,0,5,0
central-early-r10-s2-old-off,london-link-023-ba-2,940GZZLUBNK-move-03-05,unique,Junction traffic,london-link-024-ba-2,,,,1,0,1,0
central-early-r10-s2-old-off,london-link-023-ba-2,940GZZLUBNK-move-03-05,unique,Junction traffic,london-link-025-ab-1,,,,11,0,11,0
central-early-r10-s2-old-off,london-link-023-ba-2,940GZZLUBNK-move-03-05,unique,Pod ahead,london-link-023-ba-2,,,,4,0,4,0
central-early-r10-s2-old-off,london-link-023-ba-2,940GZZLUBNK-move-03-05,unique,Pod ahead,london-link-025-ab-1,,,,4,0,4,0
central-early-r10-s2-old-off,london-link-023-ba-2,940GZZLUBNK-move-03-07,unique,Junction traffic,940GZZLUBNK-move-04-07,,,,5,0,5,0
central-early-r10-s2-old-off,london-link-023-ba-2,940GZZLUBNK-move-03-07,unique,Junction traffic,940GZZLUBNK-road-out-07,,,exit,6,0,6,0
central-early-r10-s2-old-off,london-link-023-ba-2,940GZZLUBNK-move-03-07,unique,Junction traffic,london-link-027-ab-1,,,,4,0,4,0
central-early-r10-s2-old-off,london-link-023-ba-2,940GZZLUBNK-move-03-07,unique,Pod ahead,london-link-027-ab-1,,,,2,0,2,0
central-early-r10-s2-old-off,london-link-024-ba-2,940GZZLUBNK-move-04-05,unique,Junction traffic,940GZZLUBNK-access-out,,,exit,5,0,5,0
central-early-r10-s2-old-off,london-link-024-ba-2,940GZZLUBNK-move-04-05,unique,Junction traffic,940GZZLUBNK-move-06-05,,,,16,0,16,0
central-early-r10-s2-old-off,london-link-024-ba-2,940GZZLUBNK-move-04-05,unique,Junction traffic,940GZZLUBNK-road-out-05,,,exit,15,0,15,0
central-early-r10-s2-old-off,london-link-024-ba-2,940GZZLUBNK-move-04-05,unique,Junction traffic,london-link-025-ab-1,,,,14,0,14,0
central-early-r10-s2-old-off,london-link-024-ba-2,940GZZLUBNK-move-04-05,unique,Pod ahead,london-link-025-ab-1,,,,6,0,6,0
central-early-r10-s2-old-off,london-link-026-ba-2,940GZZLUBNK-move-06-01,unique,Junction traffic,940GZZLUBNK-move-04-01,,,,2,0,2,0
central-early-r10-s2-old-off,london-link-026-ba-2,940GZZLUBNK-move-06-01,unique,Junction traffic,london-link-021-ab-1,,,,3,0,3,0
central-early-r10-s2-old-off,london-link-026-ba-2,940GZZLUBNK-move-06-01,unique,Pod ahead,london-link-021-ab-1,,,,1,0,1,0
central-early-r10-s2-old-off,london-link-026-ba-2,940GZZLUBNK-move-06-05,unique,Junction traffic,940GZZLUBNK-move-03-05,,,,1,0,1,0
central-early-r10-s2-old-off,london-link-026-ba-2,940GZZLUBNK-move-06-05,unique,Junction traffic,940GZZLUBNK-move-06-07,,,,1,0,1,0
central-early-r10-s2-old-off,london-link-026-ba-2,940GZZLUBNK-move-06-05,unique,Junction traffic,940GZZLUBNK-road-out-05,,,exit,10,0,10,0
central-early-r10-s2-old-off,london-link-026-ba-2,940GZZLUBNK-move-06-05,unique,Junction traffic,london-link-025-ab-1,,,,8,0,8,0
central-early-r10-s2-old-off,london-link-026-ba-2,940GZZLUBNK-move-06-05,unique,Pod ahead,london-link-025-ab-1,,,,5,0,5,0
central-early-r10-s2-old-off,london-link-026-ba-2,940GZZLUBNK-move-06-07,unique,Junction traffic,940GZZLUBNK-move-04-07,,,,4,0,4,0
central-early-r10-s2-old-off,london-link-026-ba-2,940GZZLUBNK-move-06-07,unique,Junction traffic,london-link-027-ab-1,,,,2,0,2,0
central-early-r10-s2-old-off,london-link-026-ba-2,940GZZLUBNK-move-06-07,unique,Pod ahead,london-link-027-ab-1,,,,1,0,1,0
central-early-r10-s2-old-off,london-link-027-ab-2,940GZZLUWLO-move-01-02,unique,Junction traffic,940GZZLUWLO-move-03-02,,,,9,0,9,0
central-early-r10-s2-old-off,london-link-027-ab-2,940GZZLUWLO-move-01-02,unique,Junction traffic,london-link-063-ba-1,,,,4,0,4,0
central-early-r10-s2-old-off,london-link-027-ab-2,940GZZLUWLO-move-01-02,unique,Pod ahead,london-link-063-ba-1,,,,2,0,2,0
central-early-r10-s2-old-off,london-link-027-ab-2,940GZZLUWLO-move-01-03,unique,Junction traffic,940GZZLUWLO-move-02-03,,,,6,0,6,0
central-early-r10-s2-old-off,london-link-027-ab-2,940GZZLUWLO-move-01-03,unique,Junction traffic,london-link-099-ba-1,,,,2,0,2,0
central-early-r10-s2-old-off,london-link-027-ab-2,940GZZLUWLO-move-01-03,unique,Pod ahead,london-link-099-ba-1,,,,1,0,1,0
central-early-r10-s2-old-off,london-link-027-ab-2,940GZZLUWLO-road-in-01,unique,Junction traffic,940GZZLUWLO-access-in,,,entry,6,0,6,0
central-early-r10-s2-old-off,london-link-027-ab-2,940GZZLUWLO-road-in-01,unique,Junction traffic,940GZZLUWLO-road-in-03,,,approach,18,0,18,0
central-early-r10-s2-old-off,london-link-027-ab-2,940GZZLUWLO-road-in-01,unique,Pod ahead,940GZZLUWLO-access-in,,,entry,3,0,3,0
central-early-r10-s2-old-off,london-link-031-ba-2,940GZZLUBSC-move-02-01,unique,Junction traffic,london-link-030-ab-1,,,,1,0,1,0
central-early-r10-s2-old-off,london-link-031-ba-2,940GZZLUBSC-move-02-01,unique,Pod ahead,london-link-030-ab-1,,,,1,0,1,0
central-early-r10-s2-old-off,london-link-033-ba-2,940GZZLUBST-move-02-01,unique,Junction traffic,940GZZLUBST-move-02-04,,,,122,122,0,0
central-early-r10-s2-old-off,london-link-033-ba-2,940GZZLUBST-move-02-01,unique,Junction traffic,london-link-017-ba-1,,,,2,2,0,0
central-early-r10-s2-old-off,london-link-033-ba-2,940GZZLUBST-move-02-01,unique,Junction traffic,london-link-033-ba-2,,,,1,1,0,0
central-early-r10-s2-old-off,london-link-033-ba-2,940GZZLUBST-move-02-01,unique,Pod ahead,london-link-017-ba-1,,,,1,1,0,0
central-early-r10-s2-old-off,london-link-033-ba-2,940GZZLUBST-move-02-01,unique,Pod ahead,london-link-033-ba-2,,,,205,205,0,0
central-early-r10-s2-old-off,london-link-033-ba-2,940GZZLUBST-move-02-04,unique,Junction traffic,940GZZLUBST-access-out,,,exit,122,122,0,0
central-early-r10-s2-old-off,london-link-033-ba-2,940GZZLUBST-move-02-04,unique,Junction traffic,940GZZLUBST-move-01-04,,,,89,89,0,0
central-early-r10-s2-old-off,london-link-033-ba-2,940GZZLUBST-move-02-04,unique,Junction traffic,940GZZLUBST-move-02-04,,,,704,704,0,0
central-early-r10-s2-old-off,london-link-033-ba-2,940GZZLUBST-move-02-04,unique,Junction traffic,940GZZLUBST-road-out-04,,,exit,219,219,0,0
central-early-r10-s2-old-off,london-link-033-ba-2,940GZZLUBST-move-02-04,unique,Junction traffic,london-link-017-ab-2,,,,97,97,0,0
central-early-r10-s2-old-off,london-link-033-ba-2,940GZZLUBST-move-02-04,unique,Junction traffic,london-link-033-ba-2,,,,1,1,0,0
central-early-r10-s2-old-off,london-link-033-ba-2,940GZZLUBST-move-02-04,unique,Junction traffic,london-link-035-ab-1,,,,903,903,0,0
central-early-r10-s2-old-off,london-link-033-ba-2,940GZZLUBST-move-02-04,unique,Pod ahead,london-link-033-ba-2,,,,1922,1922,0,0
central-early-r10-s2-old-off,london-link-033-ba-2,940GZZLUBST-move-02-04,unique,Pod ahead,london-link-035-ab-1,,,,366,366,0,0
central-early-r10-s2-old-off,london-link-034-ba-2,940GZZLUBST-move-03-01,unique,Junction traffic,940GZZLUBST-move-02-01,,,,2,2,0,0
central-early-r10-s2-old-off,london-link-034-ba-2,940GZZLUBST-move-03-01,unique,Junction traffic,london-link-017-ba-1,,,,2,2,0,0
central-early-r10-s2-old-off,london-link-034-ba-2,940GZZLUBST-move-03-01,unique,Pod ahead,london-link-017-ba-1,,,,1,1,0,0
central-early-r10-s2-old-off,london-link-034-ba-2,940GZZLUBST-move-03-02,unique,Junction traffic,940GZZLUBST-move-01-02,,,,34,0,34,0
central-early-r10-s2-old-off,london-link-034-ba-2,940GZZLUBST-move-03-02,unique,Junction traffic,940GZZLUBST-move-04-02,,,,52,0,52,0
central-early-r10-s2-old-off,london-link-034-ba-2,940GZZLUBST-move-03-02,unique,Junction traffic,london-link-017-ab-2,,,,14,0,14,0
central-early-r10-s2-old-off,london-link-034-ba-2,940GZZLUBST-move-03-02,unique,Junction traffic,london-link-033-ab-1,,,,23,0,23,0
central-early-r10-s2-old-off,london-link-034-ba-2,940GZZLUBST-move-03-02,unique,Junction traffic,london-link-035-ba-2,,,,21,0,21,0
central-early-r10-s2-old-off,london-link-034-ba-2,940GZZLUBST-move-03-02,unique,Pod ahead,london-link-033-ab-1,,,,9,0,9,0
central-early-r10-s2-old-off,london-link-035-ba-1,london-link-035-ba-2,unique,Junction traffic,london-link-035-ba-1,,,,2,0,2,0
central-early-r10-s2-old-off,london-link-035-ba-1,london-link-035-ba-2,unique,Junction traffic,london-link-035-ba-2,,,,7,0,7,0
central-early-r10-s2-old-off,london-link-035-ba-1,london-link-035-ba-2,unique,Pod ahead,london-link-035-ba-1,,,,6435,0,6435,0
central-early-r10-s2-old-off,london-link-035-ba-1,london-link-035-ba-2,unique,Pod ahead,london-link-035-ba-2,,,,2266,0,2266,0
central-early-r10-s2-old-off,london-link-035-ba-2,940GZZLUBST-move-04-02,unique,Junction traffic,940GZZLUBST-move-01-02,,,,3378,0,3378,0
central-early-r10-s2-old-off,london-link-035-ba-2,940GZZLUBST-move-04-02,unique,Junction traffic,940GZZLUBST-move-03-02,,,,23,0,23,0
central-early-r10-s2-old-off,london-link-035-ba-2,940GZZLUBST-move-04-02,unique,Junction traffic,940GZZLUBST-move-04-02,,,,2339,0,2339,0
central-early-r10-s2-old-off,london-link-035-ba-2,940GZZLUBST-move-04-02,unique,Junction traffic,london-link-017-ab-2,,,,1922,0,1922,0
central-early-r10-s2-old-off,london-link-035-ba-2,940GZZLUBST-move-04-02,unique,Junction traffic,london-link-033-ab-1,,,,2358,0,2358,0
central-early-r10-s2-old-off,london-link-035-ba-2,940GZZLUBST-move-04-02,unique,Junction traffic,london-link-034-ba-2,,,,26,0,26,0
central-early-r10-s2-old-off,london-link-035-ba-2,940GZZLUBST-move-04-02,unique,Junction traffic,london-link-035-ba-2,,,,7,0,7,0
central-early-r10-s2-old-off,london-link-035-ba-2,940GZZLUBST-move-04-02,unique,Pod ahead,london-link-033-ab-1,,,,973,0,973,0
central-early-r10-s2-old-off,london-link-035-ba-2,940GZZLUBST-move-04-02,unique,Pod ahead,london-link-035-ba-2,,,,57161,0,57161,0
central-early-r10-s2-old-off,london-link-035-ba-2,940GZZLUBST-move-04-03,unique,Junction traffic,940GZZLUBST-move-04-02,,,,8,0,8,0
central-early-r10-s2-old-off,london-link-035-ba-2,940GZZLUBST-move-04-03,unique,Junction traffic,london-link-034-ab-1,,,,1,0,1,0
central-early-r10-s2-old-off,london-link-035-ba-2,940GZZLUBST-move-04-03,unique,Pod ahead,london-link-034-ab-1,,,,1,0,1,0
central-early-r10-s2-old-off,london-link-035-ba-2,940GZZLUBST-move-04-03,unique,Pod ahead,london-link-035-ba-2,,,,347,0,347,0
central-early-r10-s2-old-off,london-link-035-ba-2,940GZZLUBST-road-in-04,unique,Junction traffic,940GZZLUBST-access-in,,,entry,2,0,2,0
central-early-r10-s2-old-off,london-link-035-ba-2,940GZZLUBST-road-in-04,unique,Junction traffic,940GZZLUBST-move-04-02,,,,68,0,68,0
central-early-r10-s2-old-off,london-link-035-ba-2,940GZZLUBST-road-in-04,unique,Pod ahead,940GZZLUBST-access-in,,,entry,1,0,1,0
central-early-r10-s2-old-off,london-link-035-ba-2,940GZZLUBST-road-in-04,unique,Pod ahead,london-link-035-ba-2,,,,2806,0,2806,0
central-early-r10-s2-old-off,london-link-043-ab-2,940GZZLUKSX-move-02-03,unique,Junction traffic,940GZZLUKSX-move-05-03,,,,5,0,5,0
central-early-r10-s2-old-off,london-link-043-ab-2,940GZZLUKSX-move-02-03,unique,Junction traffic,london-link-069-ba-1,,,,2,0,2,0
central-early-r10-s2-old-off,london-link-043-ab-2,940GZZLUKSX-move-02-03,unique,Pod ahead,london-link-069-ba-1,,,,1,0,1,0
central-early-r10-s2-old-off,london-link-045-ab-2,940GZZLULSQ-road-in-01,unique,Junction traffic,940GZZLULSQ-access-in,,,entry,13,0,13,0
central-early-r10-s2-old-off,london-link-045-ab-2,940GZZLULSQ-road-in-01,unique,Junction traffic,940GZZLULSQ-road-in-01,,,approach,2,0,2,0
central-early-r10-s2-old-off,london-link-045-ab-2,940GZZLULSQ-road-in-01,unique,Junction traffic,940GZZLULSQ-road-in-02,,,approach,7,0,7,0
central-early-r10-s2-old-off,london-link-045-ab-2,940GZZLULSQ-road-in-01,unique,Pod ahead,940GZZLULSQ-access-in,,,entry,6,0,6,0
central-early-r10-s2-old-off,london-link-049-ab-2,940GZZLULSQ-road-in-02,unique,Junction traffic,940GZZLULSQ-access-in,,,entry,2,2,0,0
central-early-r10-s2-old-off,london-link-049-ab-2,940GZZLULSQ-road-in-02,unique,Junction traffic,940GZZLULSQ-road-in-01,,,approach,3,3,0,0
central-early-r10-s2-old-off,london-link-049-ab-2,940GZZLULSQ-road-in-02,unique,Pod ahead,940GZZLULSQ-access-in,,,entry,2,1,1,0
central-early-r10-s2-old-off,london-link-063-ab-2,940GZZLUWLO-move-02-02,unique,Pod ahead,london-link-063-ba-1,,,,1,0,1,0
central-early-r10-s2-old-off,london-link-063-ab-2,940GZZLUWLO-move-02-03,unique,Junction traffic,940GZZLUWLO-access-out,,,exit,51,51,0,0
central-early-r10-s2-old-off,london-link-063-ab-2,940GZZLUWLO-move-02-03,unique,Junction traffic,940GZZLUWLO-move-02-03,,,,113,113,0,0
central-early-r10-s2-old-off,london-link-063-ab-2,940GZZLUWLO-move-02-03,unique,Junction traffic,940GZZLUWLO-road-out-03,,,exit,279,279,0,0
central-early-r10-s2-old-off,london-link-063-ab-2,940GZZLUWLO-move-02-03,unique,Junction traffic,london-link-099-ba-1,,,,220,220,0,0
central-early-r10-s2-old-off,london-link-063-ab-2,940GZZLUWLO-move-02-03,unique,Pod ahead,london-link-063-ab-2,,,,252,252,0,0
central-early-r10-s2-old-off,london-link-063-ab-2,940GZZLUWLO-move-02-03,unique,Pod ahead,london-link-099-ba-1,,,,111,110,1,0
central-early-r10-s2-old-off,london-link-063-ba-2,940GZZLUEMB-move-03-01,unique,Junction traffic,940GZZLUEMB-move-03-01,,,,4,0,4,0
central-early-r10-s2-old-off,london-link-063-ba-2,940GZZLUEMB-move-03-01,unique,Junction traffic,940GZZLUEMB-road-out-01,,,exit,11,0,11,0
central-early-r10-s2-old-off,london-link-063-ba-2,940GZZLUEMB-move-03-01,unique,Junction traffic,london-link-048-ba-1,,,,14,0,14,0
central-early-r10-s2-old-off,london-link-063-ba-2,940GZZLUEMB-move-03-01,unique,Pod ahead,london-link-048-ba-1,,,,12,0,12,0
central-early-r10-s2-old-off,london-link-063-ba-2,940GZZLUEMB-road-in-03,unique,Junction traffic,940GZZLUEMB-access-in,,,entry,2,0,2,0
central-early-r10-s2-old-off,london-link-063-ba-2,940GZZLUEMB-road-in-03,unique,Junction traffic,940GZZLUEMB-road-in-02,,,approach,1,0,1,0
central-early-r10-s2-old-off,london-link-063-ba-2,940GZZLUEMB-road-in-03,unique,Pod ahead,940GZZLUEMB-access-in,,,entry,1,0,1,0
central-early-r10-s2-old-off,london-link-069-ab-1,london-link-069-ab-2,unique,Junction traffic,london-link-069-ab-1,,,,1,1,0,0
central-early-r10-s2-old-off,london-link-069-ab-1,london-link-069-ab-2,unique,Junction traffic,london-link-069-ab-2,,,,6,6,0,0
central-early-r10-s2-old-off,london-link-069-ab-1,london-link-069-ab-2,unique,Pod ahead,london-link-069-ab-1,,,,260,260,0,0
central-early-r10-s2-old-off,london-link-069-ab-1,london-link-069-ab-2,unique,Pod ahead,london-link-069-ab-2,,,,268,268,0,0
central-early-r10-s2-old-off,london-link-069-ab-2,940GZZLUKSX-move-03-05,unique,Junction traffic,940GZZLUKSX-move-03-05,,,,44,44,0,0
central-early-r10-s2-old-off,london-link-069-ab-2,940GZZLUKSX-move-03-05,unique,Junction traffic,940GZZLUKSX-road-in-03,,,approach,23,23,0,0
central-early-r10-s2-old-off,london-link-069-ab-2,940GZZLUKSX-move-03-05,unique,Junction traffic,london-link-069-ab-2,,,,15,15,0,0
central-early-r10-s2-old-off,london-link-069-ab-2,940GZZLUKSX-move-03-05,unique,Junction traffic,london-link-074-ba-1,,,,2194,2194,0,0
central-early-r10-s2-old-off,london-link-069-ab-2,940GZZLUKSX-move-03-05,unique,Pod ahead,london-link-069-ab-2,,,,15530,15530,0,0
central-early-r10-s2-old-off,london-link-069-ab-2,940GZZLUKSX-move-03-05,unique,Pod ahead,london-link-074-ba-1,,,,1032,1032,0,0
central-early-r10-s2-old-off,london-link-069-ab-2,940GZZLUKSX-road-in-03,unique,Pod ahead,london-link-069-ab-2,,,,326,326,0,0
central-early-r10-s2-old-off,london-link-070-ab-2,940GZZLUKSX-move-04-03,unique,Junction traffic,940GZZLUKSX-move-05-03,,,,21,0,21,0
central-early-r10-s2-old-off,london-link-070-ab-2,940GZZLUKSX-move-04-03,unique,Junction traffic,940GZZLUKSX-move-07-03,,,,6,0,6,0
central-early-r10-s2-old-off,london-link-070-ab-2,940GZZLUKSX-move-04-03,unique,Junction traffic,london-link-069-ba-1,,,,9,0,9,0
central-early-r10-s2-old-off,london-link-070-ab-2,940GZZLUKSX-move-04-03,unique,Junction traffic,london-link-074-ab-2,,,,6,0,6,0
central-early-r10-s2-old-off,london-link-070-ab-2,940GZZLUKSX-move-04-03,unique,Junction traffic,london-link-101-ba-2,,,,6,0,6,0
central-early-r10-s2-old-off,london-link-070-ab-2,940GZZLUKSX-move-04-03,unique,Pod ahead,london-link-069-ba-1,,,,3,0,3,0
central-early-r10-s2-old-off,london-link-074-ab-2,940GZZLUKSX-move-05-03,unique,Junction traffic,940GZZLUKSX-access-out,,,exit,102,0,102,0
central-early-r10-s2-old-off,london-link-074-ab-2,940GZZLUKSX-move-05-03,unique,Junction traffic,940GZZLUKSX-move-04-03,,,,6,0,6,0
central-early-r10-s2-old-off,london-link-074-ab-2,940GZZLUKSX-move-05-03,unique,Junction traffic,940GZZLUKSX-move-05-03,,,,2672,0,2672,0
central-early-r10-s2-old-off,london-link-074-ab-2,940GZZLUKSX-move-05-03,unique,Junction traffic,940GZZLUKSX-move-05-04,,,,31,0,31,0
central-early-r10-s2-old-off,london-link-074-ab-2,940GZZLUKSX-move-05-03,unique,Junction traffic,940GZZLUKSX-move-06-03,,,,41,0,41,0
central-early-r10-s2-old-off,london-link-074-ab-2,940GZZLUKSX-move-05-03,unique,Junction traffic,940GZZLUKSX-move-07-03,,,,332,0,332,0
central-early-r10-s2-old-off,london-link-074-ab-2,940GZZLUKSX-move-05-03,unique,Junction traffic,940GZZLUKSX-road-out-03,,,exit,149,0,149,0
central-early-r10-s2-old-off,london-link-074-ab-2,940GZZLUKSX-move-05-03,unique,Junction traffic,london-link-069-ba-1,,,,2154,0,2154,0
central-early-r10-s2-old-off,london-link-074-ab-2,940GZZLUKSX-move-05-03,unique,Junction traffic,london-link-070-ab-2,,,,16,0,16,0
central-early-r10-s2-old-off,london-link-074-ab-2,940GZZLUKSX-move-05-03,unique,Junction traffic,london-link-074-ab-2,,,,15,0,15,0
central-early-r10-s2-old-off,london-link-074-ab-2,940GZZLUKSX-move-05-03,unique,Junction traffic,london-link-088-ab-2,,,,27,0,27,0
central-early-r10-s2-old-off,london-link-074-ab-2,940GZZLUKSX-move-05-03,unique,Junction traffic,london-link-101-ba-2,,,,247,0,247,0
central-early-r10-s2-old-off,london-link-074-ab-2,940GZZLUKSX-move-05-03,unique,Pod ahead,london-link-069-ba-1,,,,944,0,944,0
central-early-r10-s2-old-off,london-link-074-ab-2,940GZZLUKSX-move-05-03,unique,Pod ahead,london-link-074-ab-2,,,,36303,0,36303,0
central-early-r10-s2-old-off,london-link-074-ab-2,940GZZLUKSX-move-05-04,unique,Junction traffic,940GZZLUKSX-move-05-03,,,,33,0,33,0
central-early-r10-s2-old-off,london-link-074-ab-2,940GZZLUKSX-move-05-04,unique,Pod ahead,london-link-074-ab-2,,,,300,0,300,0
central-early-r10-s2-old-off,london-link-074-ab-2,940GZZLUKSX-move-05-07,unique,Junction traffic,940GZZLUKSX-move-05-03,,,,135,0,135,0
central-early-r10-s2-old-off,london-link-074-ab-2,940GZZLUKSX-move-05-07,unique,Junction traffic,940GZZLUKSX-move-05-04,,,,3,0,3,0
central-early-r10-s2-old-off,london-link-074-ab-2,940GZZLUKSX-move-05-07,unique,Junction traffic,london-link-074-ab-2,,,,1,0,1,0
central-early-r10-s2-old-off,london-link-074-ab-2,940GZZLUKSX-move-05-07,unique,Junction traffic,london-link-101-ab-1,,,,2,0,2,0
central-early-r10-s2-old-off,london-link-074-ab-2,940GZZLUKSX-move-05-07,unique,Pod ahead,london-link-074-ab-2,,,,1676,0,1676,0
central-early-r10-s2-old-off,london-link-074-ab-2,940GZZLUKSX-move-05-07,unique,Pod ahead,london-link-101-ab-1,,,,1,0,1,0
central-early-r10-s2-old-off,london-link-088-ab-2,940GZZLUKSX-move-06-03,unique,Junction traffic,940GZZLUKSX-move-05-03,,,,43,0,43,0
central-early-r10-s2-old-off,london-link-088-ab-2,940GZZLUKSX-move-06-03,unique,Junction traffic,940GZZLUKSX-move-06-03,,,,10,0,10,0
central-early-r10-s2-old-off,london-link-088-ab-2,940GZZLUKSX-move-06-03,unique,Junction traffic,london-link-069-ba-1,,,,20,0,20,0
central-early-r10-s2-old-off,london-link-088-ab-2,940GZZLUKSX-move-06-03,unique,Junction traffic,london-link-074-ab-2,,,,27,0,27,0
central-early-r10-s2-old-off,london-link-088-ab-2,940GZZLUKSX-move-06-03,unique,Pod ahead,london-link-069-ba-1,,,,11,0,11,0
central-early-r10-s2-old-off,london-link-088-ab-2,940GZZLUKSX-move-06-03,unique,Pod ahead,london-link-088-ab-2,,,,14,0,14,0
central-early-r10-s2-old-off,london-link-098-ba-2,940GZZLUKNG-move-02-03,unique,Pod ahead,940GZZLUKNG-move-02-03,,,,1,1,0,0
central-early-r10-s2-old-off,london-link-099-ab-2,940GZZLUWLO-move-03-02,unique,Junction traffic,940GZZLUWLO-access-out,,,exit,10,0,10,0
central-early-r10-s2-old-off,london-link-099-ab-2,940GZZLUWLO-move-03-02,unique,Junction traffic,940GZZLUWLO-move-01-02,,,,7,0,7,0
central-early-r10-s2-old-off,london-link-099-ab-2,940GZZLUWLO-move-03-02,unique,Junction traffic,940GZZLUWLO-move-02-02,,,,3,0,3,0
central-early-r10-s2-old-off,london-link-099-ab-2,940GZZLUWLO-move-03-02,unique,Junction traffic,940GZZLUWLO-move-03-02,,,,45,5,40,0
central-early-r10-s2-old-off,london-link-099-ab-2,940GZZLUWLO-move-03-02,unique,Junction traffic,940GZZLUWLO-move-05-02,,,,9,0,9,0
central-early-r10-s2-old-off,london-link-099-ab-2,940GZZLUWLO-move-03-02,unique,Junction traffic,940GZZLUWLO-road-in-03,,,approach,3,0,3,0
central-early-r10-s2-old-off,london-link-099-ab-2,940GZZLUWLO-move-03-02,unique,Junction traffic,940GZZLUWLO-road-out-02,,,exit,17,0,17,0
central-early-r10-s2-old-off,london-link-099-ab-2,940GZZLUWLO-move-03-02,unique,Junction traffic,london-link-063-ba-1,,,,60,4,56,0
central-early-r10-s2-old-off,london-link-099-ab-2,940GZZLUWLO-move-03-02,unique,Pod ahead,london-link-063-ba-1,,,,59,2,57,0
central-early-r10-s2-old-off,london-link-099-ab-2,940GZZLUWLO-move-03-02,unique,Pod ahead,london-link-099-ab-2,,,,32,0,32,0
central-early-r10-s2-old-off,london-link-099-ab-2,940GZZLUWLO-road-in-03,unique,Junction traffic,940GZZLUWLO-access-in,,,entry,7,6,1,0
central-early-r10-s2-old-off,london-link-099-ab-2,940GZZLUWLO-road-in-03,unique,Junction traffic,940GZZLUWLO-road-in-01,,,approach,6,6,0,0
central-early-r10-s2-old-off,london-link-099-ab-2,940GZZLUWLO-road-in-03,unique,Junction traffic,london-link-027-ab-2,,,,5,5,0,0
central-early-r10-s2-old-off,london-link-099-ab-2,940GZZLUWLO-road-in-03,unique,Pod ahead,940GZZLUWLO-access-in,,,entry,6,5,1,0
central-early-r10-s2-old-off,london-link-099-ab-2,940GZZLUWLO-road-in-03,unique,Pod ahead,london-link-099-ab-2,,,,3,0,3,0
central-early-r10-s2-old-off,london-link-099-ba-2,940GZZLUKNG-move-03-02,unique,Junction traffic,940GZZLUKNG-road-out-02,,,exit,5,5,0,0
central-early-r10-s2-old-off,london-link-099-ba-2,940GZZLUKNG-move-03-02,unique,Junction traffic,london-link-098-ab-1,,,,2,2,0,0
central-early-r10-s2-old-off,london-link-099-ba-2,940GZZLUKNG-move-03-02,unique,Pod ahead,london-link-098-ab-1,,,,1,1,0,0
central-early-r10-s2-old-off,london-link-101-ba-2,940GZZLUKSX-move-07-03,unique,Junction traffic,940GZZLUKSX-access-out,,,exit,6,0,6,0
central-early-r10-s2-old-off,london-link-101-ba-2,940GZZLUKSX-move-07-03,unique,Junction traffic,940GZZLUKSX-move-05-03,,,,418,0,418,0
central-early-r10-s2-old-off,london-link-101-ba-2,940GZZLUKSX-move-07-03,unique,Junction traffic,940GZZLUKSX-move-07-03,,,,1,0,1,0
central-early-r10-s2-old-off,london-link-101-ba-2,940GZZLUKSX-move-07-03,unique,Junction traffic,940GZZLUKSX-road-out-03,,,exit,7,0,7,0
central-early-r10-s2-old-off,london-link-101-ba-2,940GZZLUKSX-move-07-03,unique,Junction traffic,london-link-069-ba-1,,,,141,0,141,0
central-early-r10-s2-old-off,london-link-101-ba-2,940GZZLUKSX-move-07-03,unique,Junction traffic,london-link-074-ab-2,,,,145,0,145,0
central-early-r10-s2-old-off,london-link-101-ba-2,940GZZLUKSX-move-07-03,unique,Pod ahead,london-link-069-ba-1,,,,59,0,59,0
central-early-r10-s2-old-off,london-link-101-ba-2,940GZZLUKSX-move-07-03,unique,Pod ahead,london-link-101-ba-2,,,,18,0,18,0
central-early-r10-s2-old-off,london-link-108-ba-2,940GZZLULVT-road-in-05,unique,Junction traffic,940GZZLULVT-access-in,,,entry,2,2,0,0
central-early-r10-s2-old-off,london-link-112-ba-2,940GZZLUOXC-move-03-01,unique,Junction traffic,940GZZLUOXC-move-03-01,,,,59,0,59,0
central-early-r10-s2-old-off,london-link-112-ba-2,940GZZLUOXC-move-03-01,unique,Junction traffic,940GZZLUOXC-move-05-01,,,,131,0,131,0
central-early-r10-s2-old-off,london-link-112-ba-2,940GZZLUOXC-move-03-01,unique,Junction traffic,london-link-020-ba-1,,,,85,0,85,0
central-early-r10-s2-old-off,london-link-112-ba-2,940GZZLUOXC-move-03-01,unique,Junction traffic,london-link-114-ba-2,,,,18,0,18,0
central-early-r10-s2-old-off,london-link-112-ba-2,940GZZLUOXC-move-03-01,unique,Pod ahead,london-link-020-ba-1,,,,43,0,43,0
central-early-r10-s2-old-off,london-link-112-ba-2,940GZZLUOXC-move-03-01,unique,Pod ahead,london-link-112-ba-2,,,,60,0,60,0
central-early-r10-s2-old-off,london-link-114-ba-2,940GZZLUOXC-move-05-01,unique,Junction traffic,940GZZLUOXC-move-03-01,,,,87,0,87,0
central-early-r10-s2-old-off,london-link-114-ba-2,940GZZLUOXC-move-05-01,unique,Junction traffic,940GZZLUOXC-move-05-01,,,,8,0,8,0
central-early-r10-s2-old-off,london-link-114-ba-2,940GZZLUOXC-move-05-01,unique,Junction traffic,london-link-020-ba-1,,,,37,0,37,0
central-early-r10-s2-old-off,london-link-114-ba-2,940GZZLUOXC-move-05-01,unique,Junction traffic,london-link-112-ba-2,,,,6,0,6,0
central-early-r10-s2-old-off,london-link-114-ba-2,940GZZLUOXC-move-05-01,unique,Pod ahead,london-link-020-ba-1,,,,24,0,24,0
central-early-r10-s2-old-off,london-link-116-ba-2,940GZZLUPAC-move-04-03,unique,Junction traffic,940GZZLUPAC-access-out,,,exit,1,1,0,0
central-early-r10-s2-old-off,london-link-116-ba-2,940GZZLUPAC-move-04-03,unique,Junction traffic,940GZZLUPAC-road-out-03,,,exit,7,7,0,0
central-early-r10-s2-old-off,london-link-116-ba-2,940GZZLUPAC-move-04-03,unique,Junction traffic,london-link-067-ba-1,,,,2,2,0,0
central-early-r10-s2-old-off,london-link-116-ba-2,940GZZLUPAC-move-04-03,unique,Pod ahead,london-link-067-ba-1,,,,1,1,0,0
central-early-r10-s2-old-off,london-link-126-ab-2,940GZZLUWLO-move-05-02,unique,Junction traffic,940GZZLUWLO-move-03-02,,,,8,0,8,0
central-early-r10-s2-old-off,london-link-126-ab-2,940GZZLUWLO-move-05-02,unique,Junction traffic,london-link-063-ba-1,,,,8,0,8,0
central-early-r10-s2-old-off,london-link-126-ab-2,940GZZLUWLO-move-05-02,unique,Pod ahead,london-link-063-ba-1,,,,3,0,3,0
central-early-r10-s2-current-off,940GZZLUBBN-move-01-02,london-link-010-ab-1,unique,Junction traffic,london-link-010-ab-1,,,,1,1,0,0
central-early-r10-s2-current-off,940GZZLUBBN-move-01-02,london-link-010-ab-1,unique,Pod ahead,london-link-010-ab-1,,,,3,3,0,0
central-early-r10-s2-current-off,940GZZLUBBN-move-02-01,london-link-009-ab-1,unique,Junction traffic,london-link-009-ab-1,,,,2,0,2,0
central-early-r10-s2-current-off,940GZZLUBBN-move-02-01,london-link-009-ab-1,unique,Pod ahead,london-link-009-ab-1,,,,5,0,5,0
central-early-r10-s2-current-off,940GZZLUBBN-road-out-01,london-link-009-ab-1,unique,Junction traffic,london-link-009-ab-1,940GZZLUBBN,exit,,2,0,2,0
central-early-r10-s2-current-off,940GZZLUBBN-road-out-01,london-link-009-ab-1,unique,Pod ahead,london-link-009-ab-1,940GZZLUBBN,exit,,3,0,3,0
central-early-r10-s2-current-off,940GZZLUBKF-road-out-02,london-link-012-ab-1,unique,Junction traffic,london-link-012-ab-1,940GZZLUBKF,exit,,1,0,1,0
central-early-r10-s2-current-off,940GZZLUBKF-road-out-02,london-link-012-ab-1,unique,Pod ahead,london-link-012-ab-1,940GZZLUBKF,exit,,1,0,1,0
central-early-r10-s2-current-off,940GZZLUBND-move-04-01,london-link-017-ab-1,unique,Pod ahead,london-link-017-ab-1,,,,1,0,1,0
central-early-r10-s2-current-off,940GZZLUBNK-access-out,940GZZLUBNK-road-out-05,unique,Junction traffic,940GZZLUBNK-move-06-05,940GZZLUBNK,exit,,4,0,4,0
central-early-r10-s2-current-off,940GZZLUBNK-access-out,940GZZLUBNK-road-out-05,unique,Junction traffic,london-link-025-ab-1,940GZZLUBNK,exit,,4,0,4,0
central-early-r10-s2-current-off,940GZZLUBNK-access-out,940GZZLUBNK-road-out-05,unique,Pod ahead,london-link-025-ab-1,940GZZLUBNK,exit,,4,0,4,0
central-early-r10-s2-current-off,940GZZLUBST-access-out,940GZZLUBST-road-out-04,unique,Junction traffic,940GZZLUBST-move-01-04,940GZZLUBST,exit,,9,9,0,0
central-early-r10-s2-current-off,940GZZLUBST-access-out,940GZZLUBST-road-out-04,unique,Junction traffic,940GZZLUBST-move-02-04,940GZZLUBST,exit,,256,256,0,0
central-early-r10-s2-current-off,940GZZLUBST-access-out,940GZZLUBST-road-out-04,unique,Junction traffic,london-link-017-ab-2,940GZZLUBST,exit,,13,13,0,0
central-early-r10-s2-current-off,940GZZLUBST-access-out,940GZZLUBST-road-out-04,unique,Junction traffic,london-link-033-ba-2,940GZZLUBST,exit,,80,80,0,0
central-early-r10-s2-current-off,940GZZLUBST-access-out,940GZZLUBST-road-out-04,unique,Junction traffic,london-link-035-ab-1,940GZZLUBST,exit,,122,122,0,0
central-early-r10-s2-current-off,940GZZLUBST-access-out,940GZZLUBST-road-out-04,unique,Pod ahead,940GZZLUBST-access-out,940GZZLUBST,exit,exit,71,71,0,0
central-early-r10-s2-current-off,940GZZLUBST-access-out,940GZZLUBST-road-out-04,unique,Pod ahead,london-link-035-ab-1,940GZZLUBST,exit,,55,55,0,0
central-early-r10-s2-current-off,940GZZLUCHX-move-02-01,london-link-048-ab-1,unique,Junction traffic,london-link-048-ab-1,,,,4,4,0,0
central-early-r10-s2-current-off,940GZZLUCHX-move-02-01,london-link-048-ab-1,unique,Pod ahead,london-link-048-ab-1,,,,2,2,0,0
central-early-r10-s2-current-off,940GZZLUCHX-move-03-01,london-link-048-ab-1,unique,Junction traffic,london-link-048-ab-1,,,,4,4,0,0
central-early-r10-s2-current-off,940GZZLUCHX-move-03-01,london-link-048-ab-1,unique,Pod ahead,london-link-048-ab-1,,,,2,2,0,0
central-early-r10-s2-current-off,940GZZLUCHX-road-out-01,london-link-048-ab-1,unique,Junction traffic,london-link-048-ab-1,940GZZLUCHX,exit,,5,5,0,0
central-early-r10-s2-current-off,940GZZLUCHX-road-out-01,london-link-048-ab-1,unique,Pod ahead,london-link-048-ab-1,940GZZLUCHX,exit,,3,3,0,0
central-early-r10-s2-current-off,940GZZLUEMB-01-out,940GZZLUEMB-01-departure-link,unique,Pod ahead,940GZZLUEMB-01-departure-link,940GZZLUEMB,departure,departure,1,1,0,0
central-early-r10-s2-current-off,940GZZLUEMB-access-out,940GZZLUEMB-road-out-01,unique,Junction traffic,940GZZLUEMB-move-03-01,940GZZLUEMB,exit,,2,0,2,0
central-early-r10-s2-current-off,940GZZLUEMB-access-out,940GZZLUEMB-road-out-01,unique,Junction traffic,london-link-048-ba-1,940GZZLUEMB,exit,,4,0,4,0
central-early-r10-s2-current-off,940GZZLUEMB-access-out,940GZZLUEMB-road-out-01,unique,Pod ahead,london-link-048-ba-1,940GZZLUEMB,exit,,3,0,3,0
central-early-r10-s2-current-off,940GZZLUEMB-access-out,940GZZLUEMB-road-out-03,unique,Pod ahead,london-link-063-ab-1,940GZZLUEMB,exit,,2,2,0,0
central-early-r10-s2-current-off,940GZZLUEMB-move-01-03,london-link-063-ab-1,unique,Junction traffic,940GZZLUEMB-road-out-03,,,exit,4,4,0,0
central-early-r10-s2-current-off,940GZZLUEMB-move-01-03,london-link-063-ab-1,unique,Junction traffic,london-link-063-ab-1,,,,8,8,0,0
central-early-r10-s2-current-off,940GZZLUEMB-move-01-03,london-link-063-ab-1,unique,Pod ahead,london-link-063-ab-1,,,,5,5,0,0
central-early-r10-s2-current-off,940GZZLUEMB-move-02-01,london-link-048-ba-1,unique,Junction traffic,940GZZLUEMB-move-03-01,,,,80,0,80,0
central-early-r10-s2-current-off,940GZZLUEMB-move-02-01,london-link-048-ba-1,unique,Junction traffic,940GZZLUEMB-road-out-01,,,exit,12,0,12,0
central-early-r10-s2-current-off,940GZZLUEMB-move-02-01,london-link-048-ba-1,unique,Junction traffic,london-link-048-ba-1,,,,35,0,35,0
central-early-r10-s2-current-off,940GZZLUEMB-move-02-01,london-link-048-ba-1,unique,Junction traffic,london-link-063-ba-2,,,,21,0,21,0
central-early-r10-s2-current-off,940GZZLUEMB-move-02-01,london-link-048-ba-1,unique,Pod ahead,london-link-048-ba-1,,,,17,0,17,0
central-early-r10-s2-current-off,940GZZLUESQ-01-in,,last,Berth occupied,940GZZLUESQ-01-out,940GZZLUESQ,berth-access,departure,1,0,1,0
central-early-r10-s2-current-off,940GZZLUESQ-01-in,,last,Junction traffic,940GZZLUESQ-01-out,940GZZLUESQ,berth-access,departure,1,0,1,0
central-early-r10-s2-current-off,940GZZLUESQ-access-out,940GZZLUESQ-road-out-02,unique,Pod ahead,940GZZLUESQ-road-out-02,940GZZLUESQ,exit,exit,1,1,0,0
central-early-r10-s2-current-off,940GZZLUESQ-move-01-02,london-link-069-ab-1,unique,Junction traffic,940GZZLUESQ-road-out-02,,,exit,7,7,0,0
central-early-r10-s2-current-off,940GZZLUESQ-move-01-02,london-link-069-ab-1,unique,Junction traffic,london-link-069-ab-1,,,,20,20,0,0
central-early-r10-s2-current-off,940GZZLUESQ-move-01-02,london-link-069-ab-1,unique,Pod ahead,940GZZLUESQ-move-01-02,,,,5,5,0,0
central-early-r10-s2-current-off,940GZZLUESQ-move-01-02,london-link-069-ab-1,unique,Pod ahead,london-link-069-ab-1,,,,20,20,0,0
central-early-r10-s2-current-off,940GZZLUESQ-road-out-02,london-link-069-ab-1,unique,Junction traffic,london-link-069-ab-1,940GZZLUESQ,exit,,4,4,0,0
central-early-r10-s2-current-off,940GZZLUESQ-road-out-02,london-link-069-ab-1,unique,Pod ahead,london-link-069-ab-1,940GZZLUESQ,exit,,16,16,0,0
central-early-r10-s2-current-off,940GZZLUFCN-access-out,940GZZLUFCN-road-out-02,unique,Pod ahead,940GZZLUFCN-road-out-02,940GZZLUFCN,exit,exit,1,0,1,0
central-early-r10-s2-current-off,940GZZLUFCN-move-01-02,london-link-074-ab-1,unique,Junction traffic,940GZZLUFCN-road-out-02,,,exit,3,0,3,0
central-early-r10-s2-current-off,940GZZLUFCN-move-01-02,london-link-074-ab-1,unique,Junction traffic,london-link-074-ab-1,,,,9,0,9,0
central-early-r10-s2-current-off,940GZZLUFCN-move-01-02,london-link-074-ab-1,unique,Pod ahead,london-link-074-ab-1,,,,18,0,18,0
central-early-r10-s2-current-off,940GZZLUFCN-move-02-01,london-link-009-ba-1,unique,Pod ahead,london-link-009-ba-1,,,,2,2,0,0
central-early-r10-s2-current-off,940GZZLUFCN-road-out-02,london-link-074-ab-1,unique,Junction traffic,london-link-074-ab-1,940GZZLUFCN,exit,,2,0,2,0
central-early-r10-s2-current-off,940GZZLUFCN-road-out-02,london-link-074-ab-1,unique,Pod ahead,london-link-074-ab-1,940GZZLUFCN,exit,,9,0,9,0
central-early-r10-s2-current-off,940GZZLUGPS-01-in,,last,Berth occupied,,940GZZLUGPS,berth-access,,1,0,1,0
central-early-r10-s2-current-off,940GZZLUGPS-01-in,,last,Berth occupied,940GZZLUGPS-01-out,940GZZLUGPS,berth-access,departure,5,0,5,0
central-early-r10-s2-current-off,940GZZLUGPS-01-in,,last,Junction traffic,940GZZLUGPS-01-out,940GZZLUGPS,berth-access,departure,3,0,3,0
central-early-r10-s2-current-off,940GZZLUGPS-01-out,940GZZLUGPS-01-departure-link,unique,Pod ahead,940GZZLUGPS-01-departure-link,940GZZLUGPS,departure,departure,1,1,0,0
central-early-r10-s2-current-off,940GZZLUGPS-02-in,,last,Berth occupied,940GZZLUGPS-02-out,940GZZLUGPS,berth-access,departure,1,0,1,0
central-early-r10-s2-current-off,940GZZLUGPS-02-in,,last,Junction traffic,940GZZLUGPS-02-out,940GZZLUGPS,berth-access,departure,5,0,5,0
central-early-r10-s2-current-off,940GZZLUGPS-move-01-02,london-link-068-ba-1,unique,Pod ahead,london-link-068-ba-1,,,,5,5,0,0
central-early-r10-s2-current-off,940GZZLUGPS-road-in-02,940GZZLUGPS-access-in,unique,Junction traffic,940GZZLUGPS-access-in,940GZZLUGPS,approach,entry,1,0,1,0
central-early-r10-s2-current-off,940GZZLUGPS-road-out-02,london-link-068-ba-1,unique,Pod ahead,london-link-068-ba-1,940GZZLUGPS,exit,,6,6,0,0
central-early-r10-s2-current-off,940GZZLUHBN-move-02-01,london-link-044-ba-1,unique,Junction traffic,london-link-044-ba-1,,,,1,0,1,0
central-early-r10-s2-current-off,940GZZLUKNG-move-02-03,london-link-099-ab-1,unique,Junction traffic,940GZZLUKNG-move-04-03,,,,3,0,3,0
central-early-r10-s2-current-off,940GZZLUKNG-move-02-03,london-link-099-ab-1,unique,Junction traffic,london-link-099-ab-1,,,,5,2,3,0
central-early-r10-s2-current-off,940GZZLUKNG-move-02-03,london-link-099-ab-1,unique,Pod ahead,london-link-099-ab-1,,,,3,1,2,0
central-early-r10-s2-current-off,940GZZLUKNG-move-04-03,london-link-099-ab-1,unique,Junction traffic,940GZZLUKNG-move-02-03,,,,2,0,2,0
central-early-r10-s2-current-off,940GZZLUKNG-move-04-03,london-link-099-ab-1,unique,Junction traffic,london-link-099-ab-1,,,,2,0,2,0
central-early-r10-s2-current-off,940GZZLUKNG-move-04-03,london-link-099-ab-1,unique,Pod ahead,london-link-099-ab-1,,,,1,0,1,0
central-early-r10-s2-current-off,940GZZLUKSX-access-out,940GZZLUKSX-road-out-03,unique,Junction traffic,940GZZLUKSX-move-05-03,940GZZLUKSX,exit,,225,0,225,0
central-early-r10-s2-current-off,940GZZLUKSX-access-out,940GZZLUKSX-road-out-03,unique,Junction traffic,940GZZLUKSX-move-06-03,940GZZLUKSX,exit,,9,0,9,0
central-early-r10-s2-current-off,940GZZLUKSX-access-out,940GZZLUKSX-road-out-03,unique,Junction traffic,940GZZLUKSX-move-07-03,940GZZLUKSX,exit,,6,0,6,0
central-early-r10-s2-current-off,940GZZLUKSX-access-out,940GZZLUKSX-road-out-03,unique,Junction traffic,london-link-069-ba-1,940GZZLUKSX,exit,,72,0,72,0
central-early-r10-s2-current-off,940GZZLUKSX-access-out,940GZZLUKSX-road-out-03,unique,Junction traffic,london-link-074-ab-2,940GZZLUKSX,exit,,77,0,77,0
central-early-r10-s2-current-off,940GZZLUKSX-access-out,940GZZLUKSX-road-out-03,unique,Junction traffic,london-link-101-ba-2,940GZZLUKSX,exit,,5,0,5,0
central-early-r10-s2-current-off,940GZZLUKSX-access-out,940GZZLUKSX-road-out-03,unique,Pod ahead,london-link-069-ba-1,940GZZLUKSX,exit,,32,0,32,0
central-early-r10-s2-current-off,940GZZLULSQ-01-departure-link,940GZZLULSQ-access-out,unique,Pod ahead,940GZZLULSQ-access-out,940GZZLULSQ,departure,exit,1,1,0,0
central-early-r10-s2-current-off,940GZZLULSQ-01-out,940GZZLULSQ-01-departure-link,unique,Pod ahead,940GZZLULSQ-01-departure-link,940GZZLULSQ,departure,departure,2,2,0,0
central-early-r10-s2-current-off,940GZZLULSQ-02-departure-link,940GZZLULSQ-01-departure-link,unique,Junction traffic,940GZZLULSQ-01-departure-link,940GZZLULSQ,departure,departure,1,1,0,0
central-early-r10-s2-current-off,940GZZLULSQ-02-departure-link,940GZZLULSQ-01-departure-link,unique,Pod ahead,940GZZLULSQ-01-departure-link,940GZZLULSQ,departure,departure,2,2,0,0
central-early-r10-s2-current-off,940GZZLULSQ-access-out,940GZZLULSQ-road-out-02,unique,Junction traffic,london-link-049-ba-1,940GZZLULSQ,exit,,1,1,0,0
central-early-r10-s2-current-off,940GZZLULSQ-access-out,940GZZLULSQ-road-out-02,unique,Pod ahead,london-link-049-ba-1,940GZZLULSQ,exit,,2,2,0,0
central-early-r10-s2-current-off,940GZZLULSQ-move-01-02,london-link-049-ba-1,unique,Junction traffic,940GZZLULSQ-road-out-02,,,exit,2,0,2,0
central-early-r10-s2-current-off,940GZZLULSQ-move-01-02,london-link-049-ba-1,unique,Junction traffic,london-link-049-ba-1,,,,2,0,2,0
central-early-r10-s2-current-off,940GZZLULSQ-move-01-02,london-link-049-ba-1,unique,Pod ahead,london-link-049-ba-1,,,,1,0,1,0
central-early-r10-s2-current-off,940GZZLULSQ-move-04-02,london-link-049-ba-1,unique,Junction traffic,940GZZLULSQ-road-out-02,,,exit,8,8,0,0
central-early-r10-s2-current-off,940GZZLULSQ-move-04-02,london-link-049-ba-1,unique,Junction traffic,london-link-049-ba-1,,,,8,5,3,0
central-early-r10-s2-current-off,940GZZLULSQ-move-04-02,london-link-049-ba-1,unique,Pod ahead,london-link-049-ba-1,,,,4,3,1,0
central-early-r10-s2-current-off,940GZZLULSQ-road-in-03,940GZZLULSQ-access-in,unique,Pod ahead,940GZZLULSQ-access-in,940GZZLULSQ,approach,entry,1,0,1,0
central-early-r10-s2-current-off,940GZZLULVT-02-departure-link,940GZZLULVT-01-departure-link,unique,Pod ahead,940GZZLULVT-01-departure-link,940GZZLULVT,departure,departure,2,0,2,0
central-early-r10-s2-current-off,940GZZLULVT-access-out,940GZZLULVT-road-out-04,unique,Pod ahead,940GZZLULVT-access-out,940GZZLULVT,exit,exit,2,0,2,0
central-early-r10-s2-current-off,940GZZLULVT-access-out,940GZZLULVT-road-out-05,unique,Junction traffic,940GZZLULVT-move-02-05,940GZZLULVT,exit,,105,0,105,0
central-early-r10-s2-current-off,940GZZLULVT-access-out,940GZZLULVT-road-out-05,unique,Junction traffic,london-link-007-ab-2,940GZZLULVT,exit,,20,0,20,0
central-early-r10-s2-current-off,940GZZLULVT-access-out,940GZZLULVT-road-out-05,unique,Junction traffic,london-link-108-ab-1,940GZZLULVT,exit,,32,0,32,0
central-early-r10-s2-current-off,940GZZLULVT-access-out,940GZZLULVT-road-out-05,unique,Pod ahead,940GZZLULVT-access-out,940GZZLULVT,exit,exit,2,0,2,0
central-early-r10-s2-current-off,940GZZLULVT-access-out,940GZZLULVT-road-out-05,unique,Pod ahead,london-link-108-ab-1,940GZZLULVT,exit,,29,0,29,0
central-early-r10-s2-current-off,940GZZLULVT-move-03-05,london-link-108-ab-1,unique,Junction traffic,940GZZLULVT-move-02-05,,,,4,0,4,0
central-early-r10-s2-current-off,940GZZLULVT-move-03-05,london-link-108-ab-1,unique,Junction traffic,london-link-108-ab-1,,,,2,0,2,0
central-early-r10-s2-current-off,940GZZLULVT-road-out-04,london-link-023-ba-1,unique,Junction traffic,940GZZLULVT-move-02-04,940GZZLULVT,exit,,7,0,7,0
central-early-r10-s2-current-off,940GZZLULVT-road-out-04,london-link-023-ba-1,unique,Junction traffic,london-link-023-ba-1,940GZZLULVT,exit,,4,0,4,0
central-early-r10-s2-current-off,940GZZLULVT-road-out-04,london-link-023-ba-1,unique,Pod ahead,london-link-023-ba-1,940GZZLULVT,exit,,2,0,2,0
central-early-r10-s2-current-off,940GZZLUMGT-01-out,940GZZLUMGT-01-departure-link,unique,Pod ahead,940GZZLUMGT-01-departure-link,940GZZLUMGT,departure,departure,1,0,1,0
central-early-r10-s2-current-off,940GZZLUMGT-access-out,940GZZLUMGT-road-out-01,unique,Junction traffic,940GZZLUMGT-move-03-01,940GZZLUMGT,exit,,18,0,18,0
central-early-r10-s2-current-off,940GZZLUMGT-access-out,940GZZLUMGT-road-out-01,unique,Junction traffic,london-link-010-ba-1,940GZZLUMGT,exit,,11,0,11,0
central-early-r10-s2-current-off,940GZZLUMGT-access-out,940GZZLUMGT-road-out-01,unique,Pod ahead,london-link-010-ba-1,940GZZLUMGT,exit,,14,0,14,0
central-early-r10-s2-current-off,940GZZLUMGT-move-02-01,london-link-010-ba-1,unique,Junction traffic,940GZZLUMGT-move-03-01,,,,4,0,4,0
central-early-r10-s2-current-off,940GZZLUMGT-move-02-01,london-link-010-ba-1,unique,Junction traffic,940GZZLUMGT-road-out-01,,,exit,3,0,3,0
central-early-r10-s2-current-off,940GZZLUMGT-move-02-01,london-link-010-ba-1,unique,Junction traffic,london-link-010-ba-1,,,,11,0,11,0
central-early-r10-s2-current-off,940GZZLUMGT-move-02-01,london-link-010-ba-1,unique,Pod ahead,london-link-010-ba-1,,,,6,0,6,0
central-early-r10-s2-current-off,940GZZLUMGT-move-03-01,london-link-010-ba-1,unique,Junction traffic,940GZZLUMGT-access-out,,,exit,6,0,6,0
central-early-r10-s2-current-off,940GZZLUMGT-move-03-01,london-link-010-ba-1,unique,Junction traffic,940GZZLUMGT-move-01-01,,,,3,0,3,0
central-early-r10-s2-current-off,940GZZLUMGT-move-03-01,london-link-010-ba-1,unique,Junction traffic,940GZZLUMGT-move-02-01,,,,1,0,1,0
central-early-r10-s2-current-off,940GZZLUMGT-move-03-01,london-link-010-ba-1,unique,Junction traffic,940GZZLUMGT-road-out-01,,,exit,75,0,75,0
central-early-r10-s2-current-off,940GZZLUMGT-move-03-01,london-link-010-ba-1,unique,Junction traffic,london-link-010-ab-2,,,,1,0,1,0
central-early-r10-s2-current-off,940GZZLUMGT-move-03-01,london-link-010-ba-1,unique,Junction traffic,london-link-010-ba-1,,,,105,0,105,0
central-early-r10-s2-current-off,940GZZLUMGT-move-03-01,london-link-010-ba-1,unique,Pod ahead,940GZZLUMGT-move-03-01,,,,16,0,16,0
central-early-r10-s2-current-off,940GZZLUMGT-move-03-01,london-link-010-ba-1,unique,Pod ahead,london-link-010-ba-1,,,,47,0,47,0
central-early-r10-s2-current-off,940GZZLUOVL-01-out,940GZZLUOVL-01-departure-link,unique,Pod ahead,940GZZLUOVL-01-departure-link,940GZZLUOVL,departure,departure,2,0,2,0
central-early-r10-s2-current-off,940GZZLUOVL-move-02-01,london-link-098-ba-1,unique,Pod ahead,london-link-098-ba-1,,,,1,1,0,0
central-early-r10-s2-current-off,940GZZLUOVL-road-out-01,london-link-098-ba-1,unique,Junction traffic,london-link-098-ba-1,940GZZLUOVL,exit,,1,0,1,0
central-early-r10-s2-current-off,940GZZLUOVL-road-out-01,london-link-098-ba-1,unique,Pod ahead,london-link-098-ba-1,940GZZLUOVL,exit,,2,1,1,0
central-early-r10-s2-current-off,940GZZLUPAC-01-out,940GZZLUPAC-01-departure-link,unique,Junction traffic,940GZZLUPAC-01-departure-link,940GZZLUPAC,departure,departure,1,1,0,0
central-early-r10-s2-current-off,940GZZLUPAC-access-out,940GZZLUPAC-road-out-03,unique,Junction traffic,940GZZLUPAC-move-04-03,940GZZLUPAC,exit,,2,2,0,0
central-early-r10-s2-current-off,940GZZLUPAC-access-out,940GZZLUPAC-road-out-03,unique,Junction traffic,london-link-067-ba-1,940GZZLUPAC,exit,,3,3,0,0
central-early-r10-s2-current-off,940GZZLUPAC-access-out,940GZZLUPAC-road-out-03,unique,Pod ahead,940GZZLUPAC-access-out,940GZZLUPAC,exit,exit,3,3,0,0
central-early-r10-s2-current-off,940GZZLUPAC-access-out,940GZZLUPAC-road-out-03,unique,Pod ahead,london-link-067-ba-1,940GZZLUPAC,exit,,3,3,0,0
central-early-r10-s2-current-off,940GZZLUPCC-move-01-04,london-link-112-ba-1,unique,Junction traffic,london-link-112-ba-1,,,,2,0,2,0
central-early-r10-s2-current-off,940GZZLUPCC-move-01-04,london-link-112-ba-1,unique,Pod ahead,london-link-112-ba-1,,,,1,0,1,0
central-early-r10-s2-current-off,940GZZLUSKW-01-in,,last,Junction traffic,940GZZLUSKW-01-out,940GZZLUSKW,berth-access,departure,1,0,0,1
central-early-r10-s2-current-off,940GZZLUTCR-access-out,940GZZLUTCR-road-out-03,unique,Junction traffic,london-link-107-ba-1,940GZZLUTCR,exit,,4,4,0,0
central-early-r10-s2-current-off,940GZZLUTCR-access-out,940GZZLUTCR-road-out-03,unique,Pod ahead,london-link-107-ba-1,940GZZLUTCR,exit,,2,2,0,0
central-early-r10-s2-current-off,940GZZLUWLO-01-out,940GZZLUWLO-01-departure-link,unique,Pod ahead,940GZZLUWLO-01-departure-link,940GZZLUWLO,departure,departure,1,1,0,0
central-early-r10-s2-current-off,940GZZLUWLO-02-departure-link,940GZZLUWLO-01-departure-link,unique,Pod ahead,940GZZLUWLO-01-departure-link,940GZZLUWLO,departure,departure,1,1,0,0
central-early-r10-s2-current-off,940GZZLUWLO-access-out,940GZZLUWLO-road-out-02,unique,Junction traffic,940GZZLUWLO-move-03-02,940GZZLUWLO,exit,,33,0,33,0
central-early-r10-s2-current-off,940GZZLUWLO-access-out,940GZZLUWLO-road-out-02,unique,Junction traffic,940GZZLUWLO-road-out-03,940GZZLUWLO,exit,exit,16,0,16,0
central-early-r10-s2-current-off,940GZZLUWLO-access-out,940GZZLUWLO-road-out-02,unique,Junction traffic,london-link-063-ba-1,940GZZLUWLO,exit,,15,0,15,0
central-early-r10-s2-current-off,940GZZLUWLO-access-out,940GZZLUWLO-road-out-02,unique,Junction traffic,london-link-099-ab-2,940GZZLUWLO,exit,,4,0,4,0
central-early-r10-s2-current-off,940GZZLUWLO-access-out,940GZZLUWLO-road-out-02,unique,Pod ahead,940GZZLUWLO-access-out,940GZZLUWLO,exit,exit,12,0,12,0
central-early-r10-s2-current-off,940GZZLUWLO-access-out,940GZZLUWLO-road-out-02,unique,Pod ahead,london-link-063-ba-1,940GZZLUWLO,exit,,5,0,5,0
central-early-r10-s2-current-off,940GZZLUWLO-access-out,940GZZLUWLO-road-out-03,unique,Junction traffic,940GZZLUWLO-move-02-03,940GZZLUWLO,exit,,138,138,0,0
central-early-r10-s2-current-off,940GZZLUWLO-access-out,940GZZLUWLO-road-out-03,unique,Junction traffic,940GZZLUWLO-road-out-03,940GZZLUWLO,exit,exit,47,47,0,0
central-early-r10-s2-current-off,940GZZLUWLO-access-out,940GZZLUWLO-road-out-03,unique,Junction traffic,london-link-063-ab-2,940GZZLUWLO,exit,,41,41,0,0
central-early-r10-s2-current-off,940GZZLUWLO-access-out,940GZZLUWLO-road-out-03,unique,Junction traffic,london-link-099-ba-1,940GZZLUWLO,exit,,100,100,0,0
central-early-r10-s2-current-off,940GZZLUWLO-access-out,940GZZLUWLO-road-out-03,unique,Pod ahead,940GZZLUWLO-access-out,940GZZLUWLO,exit,exit,43,43,0,0
central-early-r10-s2-current-off,940GZZLUWLO-access-out,940GZZLUWLO-road-out-03,unique,Pod ahead,london-link-099-ba-1,940GZZLUWLO,exit,,39,39,0,0
central-early-r10-s2-current-off,london-link-002-ab-2,940GZZLULVT-move-01-05,unique,Junction traffic,940GZZLULVT-road-out-05,,,exit,3,0,3,0
central-early-r10-s2-current-off,london-link-002-ab-2,940GZZLULVT-move-01-05,unique,Junction traffic,london-link-108-ab-1,,,,2,0,2,0
central-early-r10-s2-current-off,london-link-002-ab-2,940GZZLULVT-move-01-05,unique,Pod ahead,london-link-108-ab-1,,,,1,0,1,0
central-early-r10-s2-current-off,london-link-007-ab-2,940GZZLULVT-move-02-05,unique,Junction traffic,940GZZLULVT-move-02-05,,,,8,0,8,0
central-early-r10-s2-current-off,london-link-007-ab-2,940GZZLULVT-move-02-05,unique,Junction traffic,940GZZLULVT-road-out-05,,,exit,28,0,28,0
central-early-r10-s2-current-off,london-link-007-ab-2,940GZZLULVT-move-02-05,unique,Junction traffic,london-link-108-ab-1,,,,44,0,44,0
central-early-r10-s2-current-off,london-link-007-ab-2,940GZZLULVT-move-02-05,unique,Pod ahead,london-link-108-ab-1,,,,27,0,27,0
central-early-r10-s2-current-off,london-link-017-ab-2,940GZZLUBST-move-01-02,unique,Junction traffic,940GZZLUBST-move-01-02,,,,627,0,627,0
central-early-r10-s2-current-off,london-link-017-ab-2,940GZZLUBST-move-01-02,unique,Junction traffic,940GZZLUBST-move-01-03,,,,3,0,3,0
central-early-r10-s2-current-off,london-link-017-ab-2,940GZZLUBST-move-01-02,unique,Junction traffic,940GZZLUBST-move-03-02,,,,13,0,13,0
central-early-r10-s2-current-off,london-link-017-ab-2,940GZZLUBST-move-01-02,unique,Junction traffic,940GZZLUBST-move-04-02,,,,3588,0,3588,0
central-early-r10-s2-current-off,london-link-017-ab-2,940GZZLUBST-move-01-02,unique,Junction traffic,london-link-017-ab-2,,,,3,0,3,0
central-early-r10-s2-current-off,london-link-017-ab-2,940GZZLUBST-move-01-02,unique,Junction traffic,london-link-033-ab-1,,,,1459,0,1459,0
central-early-r10-s2-current-off,london-link-017-ab-2,940GZZLUBST-move-01-02,unique,Junction traffic,london-link-034-ba-2,,,,12,0,12,0
central-early-r10-s2-current-off,london-link-017-ab-2,940GZZLUBST-move-01-02,unique,Junction traffic,london-link-035-ba-2,,,,1750,0,1750,0
central-early-r10-s2-current-off,london-link-017-ab-2,940GZZLUBST-move-01-02,unique,Pod ahead,london-link-017-ab-2,,,,8643,0,8643,0
central-early-r10-s2-current-off,london-link-017-ab-2,940GZZLUBST-move-01-02,unique,Pod ahead,london-link-033-ab-1,,,,601,0,601,0
central-early-r10-s2-current-off,london-link-017-ab-2,940GZZLUBST-move-01-03,unique,Junction traffic,940GZZLUBST-road-in-01,,,approach,1,0,1,0
central-early-r10-s2-current-off,london-link-017-ab-2,940GZZLUBST-move-01-03,unique,Pod ahead,london-link-017-ab-2,,,,24,0,24,0
central-early-r10-s2-current-off,london-link-017-ab-2,940GZZLUBST-move-01-04,unique,Junction traffic,940GZZLUBST-move-01-02,,,,62,0,62,0
central-early-r10-s2-current-off,london-link-017-ab-2,940GZZLUBST-move-01-04,unique,Junction traffic,940GZZLUBST-move-02-04,,,,158,0,158,0
central-early-r10-s2-current-off,london-link-017-ab-2,940GZZLUBST-move-01-04,unique,Junction traffic,940GZZLUBST-road-in-01,,,approach,1,0,1,0
central-early-r10-s2-current-off,london-link-017-ab-2,940GZZLUBST-move-01-04,unique,Junction traffic,940GZZLUBST-road-out-04,,,exit,3,0,3,0
central-early-r10-s2-current-off,london-link-017-ab-2,940GZZLUBST-move-01-04,unique,Junction traffic,london-link-033-ab-1,,,,1,0,1,0
central-early-r10-s2-current-off,london-link-017-ab-2,940GZZLUBST-move-01-04,unique,Junction traffic,london-link-033-ba-2,,,,43,0,43,0
central-early-r10-s2-current-off,london-link-017-ab-2,940GZZLUBST-move-01-04,unique,Junction traffic,london-link-035-ab-1,,,,61,0,61,0
central-early-r10-s2-current-off,london-link-017-ab-2,940GZZLUBST-move-01-04,unique,Pod ahead,london-link-017-ab-2,,,,707,0,707,0
central-early-r10-s2-current-off,london-link-017-ab-2,940GZZLUBST-move-01-04,unique,Pod ahead,london-link-035-ab-1,,,,28,0,28,0
central-early-r10-s2-current-off,london-link-017-ab-2,940GZZLUBST-road-in-01,unique,Junction traffic,940GZZLUBST-move-01-02,,,,28,0,28,0
central-early-r10-s2-current-off,london-link-017-ab-2,940GZZLUBST-road-in-01,unique,Junction traffic,940GZZLUBST-road-in-01,,,approach,1,0,1,0
central-early-r10-s2-current-off,london-link-017-ab-2,940GZZLUBST-road-in-01,unique,Pod ahead,london-link-017-ab-2,,,,154,0,154,0
central-early-r10-s2-current-off,london-link-023-ba-2,940GZZLUBNK-move-03-01,unique,Junction traffic,940GZZLUBNK-move-06-01,,,,3,0,3,0
central-early-r10-s2-current-off,london-link-023-ba-2,940GZZLUBNK-move-03-01,unique,Junction traffic,london-link-021-ab-1,,,,4,0,4,0
central-early-r10-s2-current-off,london-link-023-ba-2,940GZZLUBNK-move-03-01,unique,Pod ahead,london-link-021-ab-1,,,,1,0,1,0
central-early-r10-s2-current-off,london-link-023-ba-2,940GZZLUBNK-move-03-05,unique,Junction traffic,940GZZLUBNK-move-06-05,,,,6,0,6,0
central-early-r10-s2-current-off,london-link-023-ba-2,940GZZLUBNK-move-03-05,unique,Junction traffic,940GZZLUBNK-road-out-05,,,exit,14,0,14,0
central-early-r10-s2-current-off,london-link-023-ba-2,940GZZLUBNK-move-03-05,unique,Junction traffic,london-link-025-ab-1,,,,6,0,6,0
central-early-r10-s2-current-off,london-link-023-ba-2,940GZZLUBNK-move-03-05,unique,Pod ahead,london-link-025-ab-1,,,,2,0,2,0
central-early-r10-s2-current-off,london-link-023-ba-2,940GZZLUBNK-move-03-07,unique,Junction traffic,940GZZLUBNK-move-06-07,,,,4,0,4,0
central-early-r10-s2-current-off,london-link-023-ba-2,940GZZLUBNK-move-03-07,unique,Junction traffic,london-link-027-ab-1,,,,2,0,2,0
central-early-r10-s2-current-off,london-link-023-ba-2,940GZZLUBNK-move-03-07,unique,Pod ahead,london-link-027-ab-1,,,,1,0,1,0
central-early-r10-s2-current-off,london-link-024-ba-2,940GZZLUBNK-move-04-05,unique,Junction traffic,940GZZLUBNK-move-03-05,,,,3,0,3,0
central-early-r10-s2-current-off,london-link-024-ba-2,940GZZLUBNK-move-04-05,unique,Junction traffic,940GZZLUBNK-road-out-05,,,exit,14,0,14,0
central-early-r10-s2-current-off,london-link-024-ba-2,940GZZLUBNK-move-04-05,unique,Junction traffic,london-link-025-ab-1,,,,6,0,6,0
central-early-r10-s2-current-off,london-link-024-ba-2,940GZZLUBNK-move-04-05,unique,Pod ahead,london-link-025-ab-1,,,,3,0,3,0
central-early-r10-s2-current-off,london-link-024-ba-2,940GZZLUBNK-move-04-07,unique,Junction traffic,940GZZLUBNK-move-03-07,,,,5,0,5,0
central-early-r10-s2-current-off,london-link-024-ba-2,940GZZLUBNK-move-04-07,unique,Junction traffic,london-link-027-ab-1,,,,4,0,4,0
central-early-r10-s2-current-off,london-link-024-ba-2,940GZZLUBNK-move-04-07,unique,Pod ahead,london-link-027-ab-1,,,,2,0,2,0
central-early-r10-s2-current-off,london-link-026-ba-2,940GZZLUBNK-move-06-01,unique,Junction traffic,940GZZLUBNK-move-03-01,,,,5,0,5,0
central-early-r10-s2-current-off,london-link-026-ba-2,940GZZLUBNK-move-06-01,unique,Junction traffic,london-link-021-ab-1,,,,2,0,2,0
central-early-r10-s2-current-off,london-link-026-ba-2,940GZZLUBNK-move-06-01,unique,Pod ahead,london-link-021-ab-1,,,,1,0,1,0
central-early-r10-s2-current-off,london-link-026-ba-2,940GZZLUBNK-move-06-05,unique,Junction traffic,940GZZLUBNK-move-03-05,,,,1,0,1,0
central-early-r10-s2-current-off,london-link-026-ba-2,940GZZLUBNK-move-06-05,unique,Junction traffic,london-link-025-ab-1,,,,3,0,3,0
central-early-r10-s2-current-off,london-link-026-ba-2,940GZZLUBNK-move-06-05,unique,Pod ahead,london-link-025-ab-1,,,,1,0,1,0
central-early-r10-s2-current-off,london-link-026-ba-2,940GZZLUBNK-move-06-07,unique,Junction traffic,940GZZLUBNK-move-03-07,,,,5,0,5,0
central-early-r10-s2-current-off,london-link-026-ba-2,940GZZLUBNK-move-06-07,unique,Junction traffic,london-link-027-ab-1,,,,2,0,2,0
central-early-r10-s2-current-off,london-link-026-ba-2,940GZZLUBNK-move-06-07,unique,Pod ahead,london-link-027-ab-1,,,,1,0,1,0
central-early-r10-s2-current-off,london-link-027-ab-2,940GZZLUWLO-move-01-02,unique,Junction traffic,940GZZLUWLO-move-03-02,,,,23,0,23,0
central-early-r10-s2-current-off,london-link-027-ab-2,940GZZLUWLO-move-01-02,unique,Junction traffic,london-link-063-ba-1,,,,9,0,9,0
central-early-r10-s2-current-off,london-link-027-ab-2,940GZZLUWLO-move-01-02,unique,Junction traffic,london-link-099-ab-2,,,,4,0,4,0
central-early-r10-s2-current-off,london-link-027-ab-2,940GZZLUWLO-move-01-02,unique,Pod ahead,london-link-063-ba-1,,,,5,0,5,0
central-early-r10-s2-current-off,london-link-027-ab-2,940GZZLUWLO-road-in-01,unique,Junction traffic,940GZZLUWLO-access-in,,,entry,4,0,4,0
central-early-r10-s2-current-off,london-link-027-ab-2,940GZZLUWLO-road-in-01,unique,Junction traffic,940GZZLUWLO-road-in-03,,,approach,9,0,9,0
central-early-r10-s2-current-off,london-link-027-ab-2,940GZZLUWLO-road-in-01,unique,Junction traffic,london-link-099-ab-2,,,,2,0,2,0
central-early-r10-s2-current-off,london-link-027-ab-2,940GZZLUWLO-road-in-01,unique,Pod ahead,940GZZLUWLO-access-in,,,entry,1,0,1,0
central-early-r10-s2-current-off,london-link-031-ba-2,940GZZLUBSC-move-02-01,unique,Junction traffic,london-link-030-ab-1,,,,2,0,2,0
central-early-r10-s2-current-off,london-link-031-ba-2,940GZZLUBSC-move-02-01,unique,Pod ahead,london-link-030-ab-1,,,,1,0,1,0
central-early-r10-s2-current-off,london-link-033-ba-2,940GZZLUBST-move-02-01,unique,Junction traffic,940GZZLUBST-move-02-04,,,,103,103,0,0
central-early-r10-s2-current-off,london-link-033-ba-2,940GZZLUBST-move-02-01,unique,Junction traffic,london-link-017-ba-1,,,,3,3,0,0
central-early-r10-s2-current-off,london-link-033-ba-2,940GZZLUBST-move-02-01,unique,Junction traffic,london-link-033-ba-2,,,,1,1,0,0
central-early-r10-s2-current-off,london-link-033-ba-2,940GZZLUBST-move-02-01,unique,Pod ahead,london-link-017-ba-1,,,,3,3,0,0
central-early-r10-s2-current-off,london-link-033-ba-2,940GZZLUBST-move-02-01,unique,Pod ahead,london-link-033-ba-2,,,,237,237,0,0
central-early-r10-s2-current-off,london-link-033-ba-2,940GZZLUBST-move-02-04,unique,Junction traffic,940GZZLUBST-access-out,,,exit,144,144,0,0
central-early-r10-s2-current-off,london-link-033-ba-2,940GZZLUBST-move-02-04,unique,Junction traffic,940GZZLUBST-move-01-04,,,,49,49,0,0
central-early-r10-s2-current-off,london-link-033-ba-2,940GZZLUBST-move-02-04,unique,Junction traffic,940GZZLUBST-move-02-04,,,,592,592,0,0
central-early-r10-s2-current-off,london-link-033-ba-2,940GZZLUBST-move-02-04,unique,Junction traffic,940GZZLUBST-road-out-04,,,exit,194,194,0,0
central-early-r10-s2-current-off,london-link-033-ba-2,940GZZLUBST-move-02-04,unique,Junction traffic,london-link-017-ab-2,,,,79,79,0,0
central-early-r10-s2-current-off,london-link-033-ba-2,940GZZLUBST-move-02-04,unique,Junction traffic,london-link-033-ba-2,,,,4,4,0,0
central-early-r10-s2-current-off,london-link-033-ba-2,940GZZLUBST-move-02-04,unique,Junction traffic,london-link-035-ab-1,,,,837,837,0,0
central-early-r10-s2-current-off,london-link-033-ba-2,940GZZLUBST-move-02-04,unique,Pod ahead,london-link-033-ba-2,,,,1470,1470,0,0
central-early-r10-s2-current-off,london-link-033-ba-2,940GZZLUBST-move-02-04,unique,Pod ahead,london-link-035-ab-1,,,,416,416,0,0
central-early-r10-s2-current-off,london-link-034-ba-2,940GZZLUBST-move-03-01,unique,Junction traffic,london-link-017-ba-1,,,,2,2,0,0
central-early-r10-s2-current-off,london-link-034-ba-2,940GZZLUBST-move-03-01,unique,Pod ahead,london-link-017-ba-1,,,,1,1,0,0
central-early-r10-s2-current-off,london-link-034-ba-2,940GZZLUBST-move-03-01,unique,Pod ahead,london-link-034-ba-2,,,,24,0,24,0
central-early-r10-s2-current-off,london-link-034-ba-2,940GZZLUBST-move-03-02,unique,Junction traffic,940GZZLUBST-move-01-02,,,,22,0,22,0
central-early-r10-s2-current-off,london-link-034-ba-2,940GZZLUBST-move-03-02,unique,Junction traffic,940GZZLUBST-move-04-02,,,,27,0,27,0
central-early-r10-s2-current-off,london-link-034-ba-2,940GZZLUBST-move-03-02,unique,Junction traffic,london-link-017-ab-2,,,,8,0,8,0
central-early-r10-s2-current-off,london-link-034-ba-2,940GZZLUBST-move-03-02,unique,Junction traffic,london-link-033-ab-1,,,,16,0,16,0
central-early-r10-s2-current-off,london-link-034-ba-2,940GZZLUBST-move-03-02,unique,Junction traffic,london-link-035-ba-2,,,,12,0,12,0
central-early-r10-s2-current-off,london-link-034-ba-2,940GZZLUBST-move-03-02,unique,Pod ahead,london-link-033-ab-1,,,,5,0,5,0
central-early-r10-s2-current-off,london-link-035-ba-1,london-link-035-ba-2,unique,Junction traffic,london-link-035-ba-1,,,,3,0,3,0
central-early-r10-s2-current-off,london-link-035-ba-1,london-link-035-ba-2,unique,Junction traffic,london-link-035-ba-2,,,,4,0,4,0
central-early-r10-s2-current-off,london-link-035-ba-1,london-link-035-ba-2,unique,Pod ahead,london-link-035-ba-1,,,,10481,0,10481,0
central-early-r10-s2-current-off,london-link-035-ba-1,london-link-035-ba-2,unique,Pod ahead,london-link-035-ba-2,,,,2570,0,2570,0
central-early-r10-s2-current-off,london-link-035-ba-2,940GZZLUBST-move-04-02,unique,Junction traffic,940GZZLUBST-move-01-02,,,,3365,0,3365,0
central-early-r10-s2-current-off,london-link-035-ba-2,940GZZLUBST-move-04-02,unique,Junction traffic,940GZZLUBST-move-03-02,,,,16,0,16,0
central-early-r10-s2-current-off,london-link-035-ba-2,940GZZLUBST-move-04-02,unique,Junction traffic,940GZZLUBST-move-04-02,,,,2472,0,2472,0
central-early-r10-s2-current-off,london-link-035-ba-2,940GZZLUBST-move-04-02,unique,Junction traffic,london-link-017-ab-2,,,,1968,0,1968,0
central-early-r10-s2-current-off,london-link-035-ba-2,940GZZLUBST-move-04-02,unique,Junction traffic,london-link-033-ab-1,,,,2450,0,2450,0
central-early-r10-s2-current-off,london-link-035-ba-2,940GZZLUBST-move-04-02,unique,Junction traffic,london-link-034-ba-2,,,,20,0,20,0
central-early-r10-s2-current-off,london-link-035-ba-2,940GZZLUBST-move-04-02,unique,Junction traffic,london-link-035-ba-2,,,,15,0,15,0
central-early-r10-s2-current-off,london-link-035-ba-2,940GZZLUBST-move-04-02,unique,Pod ahead,london-link-033-ab-1,,,,998,0,998,0
central-early-r10-s2-current-off,london-link-035-ba-2,940GZZLUBST-move-04-02,unique,Pod ahead,london-link-035-ba-2,,,,62893,0,62893,0
central-early-r10-s2-current-off,london-link-035-ba-2,940GZZLUBST-move-04-03,unique,Junction traffic,940GZZLUBST-move-04-02,,,,13,0,13,0
central-early-r10-s2-current-off,london-link-035-ba-2,940GZZLUBST-move-04-03,unique,Pod ahead,london-link-035-ba-2,,,,314,0,314,0
central-early-r10-s2-current-off,london-link-035-ba-2,940GZZLUBST-road-in-04,unique,Junction traffic,940GZZLUBST-access-in,,,entry,6,0,6,0
central-early-r10-s2-current-off,london-link-035-ba-2,940GZZLUBST-road-in-04,unique,Junction traffic,940GZZLUBST-move-04-02,,,,71,0,71,0
central-early-r10-s2-current-off,london-link-035-ba-2,940GZZLUBST-road-in-04,unique,Pod ahead,940GZZLUBST-access-in,,,entry,4,0,4,0
central-early-r10-s2-current-off,london-link-035-ba-2,940GZZLUBST-road-in-04,unique,Pod ahead,london-link-035-ba-2,,,,3568,0,3568,0
central-early-r10-s2-current-off,london-link-040-ab-2,940GZZLUPAC-road-in-01,unique,Junction traffic,940GZZLUPAC-access-in,,,entry,2,0,2,0
central-early-r10-s2-current-off,london-link-040-ab-2,940GZZLUPAC-road-in-01,unique,Junction traffic,940GZZLUPAC-road-in-03,,,approach,1,0,1,0
central-early-r10-s2-current-off,london-link-040-ab-2,940GZZLUPAC-road-in-01,unique,Pod ahead,940GZZLUPAC-access-in,,,entry,1,0,1,0
central-early-r10-s2-current-off,london-link-043-ab-2,940GZZLUKSX-move-02-03,unique,Junction traffic,940GZZLUKSX-move-05-03,,,,2,0,2,0
central-early-r10-s2-current-off,london-link-043-ab-2,940GZZLUKSX-move-02-03,unique,Junction traffic,london-link-069-ba-1,,,,2,0,2,0
central-early-r10-s2-current-off,london-link-043-ab-2,940GZZLUKSX-move-02-03,unique,Pod ahead,london-link-069-ba-1,,,,1,0,1,0
central-early-r10-s2-current-off,london-link-045-ab-2,940GZZLULSQ-road-in-01,unique,Junction traffic,940GZZLULSQ-access-in,,,entry,11,0,11,0
central-early-r10-s2-current-off,london-link-045-ab-2,940GZZLULSQ-road-in-01,unique,Junction traffic,940GZZLULSQ-road-in-02,,,approach,12,0,12,0
central-early-r10-s2-current-off,london-link-045-ab-2,940GZZLULSQ-road-in-01,unique,Junction traffic,london-link-049-ab-2,,,,3,0,3,0
central-early-r10-s2-current-off,london-link-045-ab-2,940GZZLULSQ-road-in-01,unique,Pod ahead,940GZZLULSQ-access-in,,,entry,5,0,5,0
central-early-r10-s2-current-off,london-link-045-ab-2,940GZZLULSQ-road-in-01,unique,Pod ahead,london-link-045-ab-2,,,,1,0,1,0
central-early-r10-s2-current-off,london-link-049-ab-2,940GZZLULSQ-road-in-02,unique,Junction traffic,940GZZLULSQ-access-in,,,entry,13,4,9,0
central-early-r10-s2-current-off,london-link-049-ab-2,940GZZLULSQ-road-in-02,unique,Junction traffic,940GZZLULSQ-road-in-01,,,approach,6,4,2,0
central-early-r10-s2-current-off,london-link-049-ab-2,940GZZLULSQ-road-in-02,unique,Pod ahead,940GZZLULSQ-access-in,,,entry,8,2,6,0
central-early-r10-s2-current-off,london-link-049-ab-2,940GZZLULSQ-road-in-02,unique,Pod ahead,london-link-049-ab-2,,,,1,0,1,0
central-early-r10-s2-current-off,london-link-049-ba-2,940GZZLUCHX-move-02-01,unique,Pod ahead,940GZZLUCHX-move-02-01,,,,2,2,0,0
central-early-r10-s2-current-off,london-link-062-ba-2,940GZZLUEMB-road-in-02,unique,Junction traffic,940GZZLUEMB-access-in,,,entry,2,0,2,0
central-early-r10-s2-current-off,london-link-062-ba-2,940GZZLUEMB-road-in-02,unique,Junction traffic,940GZZLUEMB-road-in-01,,,approach,2,0,2,0
central-early-r10-s2-current-off,london-link-062-ba-2,940GZZLUEMB-road-in-02,unique,Pod ahead,940GZZLUEMB-access-in,,,entry,2,0,2,0
central-early-r10-s2-current-off,london-link-063-ab-2,940GZZLUWLO-move-02-03,unique,Junction traffic,940GZZLUWLO-access-out,,,exit,37,37,0,0
central-early-r10-s2-current-off,london-link-063-ab-2,940GZZLUWLO-move-02-03,unique,Junction traffic,940GZZLUWLO-move-02-03,,,,94,91,3,0
central-early-r10-s2-current-off,london-link-063-ab-2,940GZZLUWLO-move-02-03,unique,Junction traffic,940GZZLUWLO-move-02-05,,,,3,3,0,0
central-early-r10-s2-current-off,london-link-063-ab-2,940GZZLUWLO-move-02-03,unique,Junction traffic,940GZZLUWLO-road-out-03,,,exit,218,218,0,0
central-early-r10-s2-current-off,london-link-063-ab-2,940GZZLUWLO-move-02-03,unique,Junction traffic,london-link-099-ba-1,,,,195,192,3,0
central-early-r10-s2-current-off,london-link-063-ab-2,940GZZLUWLO-move-02-03,unique,Pod ahead,london-link-063-ab-2,,,,147,147,0,0
central-early-r10-s2-current-off,london-link-063-ab-2,940GZZLUWLO-move-02-03,unique,Pod ahead,london-link-099-ba-1,,,,82,82,0,0
central-early-r10-s2-current-off,london-link-063-ab-2,940GZZLUWLO-move-02-05,unique,Junction traffic,940GZZLUWLO-move-02-03,,,,2,2,0,0
central-early-r10-s2-current-off,london-link-063-ab-2,940GZZLUWLO-road-in-02,unique,Junction traffic,940GZZLUWLO-move-02-03,,,,2,0,2,0
central-early-r10-s2-current-off,london-link-063-ab-2,940GZZLUWLO-road-in-02,unique,Pod ahead,london-link-063-ab-2,,,,17,0,17,0
central-early-r10-s2-current-off,london-link-063-ba-2,940GZZLUEMB-move-03-01,unique,Junction traffic,940GZZLUEMB-move-02-01,,,,11,0,11,0
central-early-r10-s2-current-off,london-link-063-ba-2,940GZZLUEMB-move-03-01,unique,Junction traffic,940GZZLUEMB-move-03-01,,,,45,3,42,0
central-early-r10-s2-current-off,london-link-063-ba-2,940GZZLUEMB-move-03-01,unique,Junction traffic,940GZZLUEMB-road-out-01,,,exit,37,0,37,0
central-early-r10-s2-current-off,london-link-063-ba-2,940GZZLUEMB-move-03-01,unique,Junction traffic,london-link-048-ba-1,,,,44,2,42,0
central-early-r10-s2-current-off,london-link-063-ba-2,940GZZLUEMB-move-03-01,unique,Junction traffic,london-link-063-ba-2,,,,2,1,1,0
central-early-r10-s2-current-off,london-link-063-ba-2,940GZZLUEMB-move-03-01,unique,Pod ahead,london-link-048-ba-1,,,,24,1,23,0
central-early-r10-s2-current-off,london-link-063-ba-2,940GZZLUEMB-move-03-01,unique,Pod ahead,london-link-063-ba-2,,,,44,8,36,0
central-early-r10-s2-current-off,london-link-067-ab-2,940GZZLUPAC-road-in-03,unique,Junction traffic,940GZZLUPAC-access-in,,,entry,220,0,220,0
central-early-r10-s2-current-off,london-link-067-ab-2,940GZZLUPAC-road-in-03,unique,Junction traffic,940GZZLUPAC-road-in-01,,,approach,3,0,3,0
central-early-r10-s2-current-off,london-link-067-ab-2,940GZZLUPAC-road-in-03,unique,Junction traffic,940GZZLUPAC-road-in-03,,,approach,336,0,336,0
central-early-r10-s2-current-off,london-link-067-ab-2,940GZZLUPAC-road-in-03,unique,Pod ahead,940GZZLUPAC-access-in,,,entry,96,0,96,0
central-early-r10-s2-current-off,london-link-069-ab-1,london-link-069-ab-2,unique,Pod ahead,london-link-069-ab-1,,,,334,334,0,0
central-early-r10-s2-current-off,london-link-069-ab-1,london-link-069-ab-2,unique,Pod ahead,london-link-069-ab-2,,,,186,186,0,0
central-early-r10-s2-current-off,london-link-069-ab-2,940GZZLUKSX-move-03-05,unique,Junction traffic,940GZZLUKSX-move-03-05,,,,47,47,0,0
central-early-r10-s2-current-off,london-link-069-ab-2,940GZZLUKSX-move-03-05,unique,Junction traffic,london-link-069-ab-2,,,,18,18,0,0
central-early-r10-s2-current-off,london-link-069-ab-2,940GZZLUKSX-move-03-05,unique,Junction traffic,london-link-074-ba-1,,,,2127,2127,0,0
central-early-r10-s2-current-off,london-link-069-ab-2,940GZZLUKSX-move-03-05,unique,Pod ahead,london-link-069-ab-2,,,,14524,14524,0,0
central-early-r10-s2-current-off,london-link-069-ab-2,940GZZLUKSX-move-03-05,unique,Pod ahead,london-link-074-ba-1,,,,1000,1000,0,0
central-early-r10-s2-current-off,london-link-069-ab-2,940GZZLUKSX-road-in-03,unique,Junction traffic,940GZZLUKSX-access-in,,,entry,2,2,0,0
central-early-r10-s2-current-off,london-link-069-ab-2,940GZZLUKSX-road-in-03,unique,Junction traffic,940GZZLUKSX-road-in-03,,,approach,3,3,0,0
central-early-r10-s2-current-off,london-link-069-ab-2,940GZZLUKSX-road-in-03,unique,Pod ahead,940GZZLUKSX-access-in,,,entry,1,1,0,0
central-early-r10-s2-current-off,london-link-069-ab-2,940GZZLUKSX-road-in-03,unique,Pod ahead,london-link-069-ab-2,,,,272,272,0,0
central-early-r10-s2-current-off,london-link-070-ab-2,940GZZLUKSX-move-04-03,unique,Junction traffic,940GZZLUKSX-move-05-03,,,,41,0,41,0
central-early-r10-s2-current-off,london-link-070-ab-2,940GZZLUKSX-move-04-03,unique,Junction traffic,940GZZLUKSX-move-07-03,,,,1,0,1,0
central-early-r10-s2-current-off,london-link-070-ab-2,940GZZLUKSX-move-04-03,unique,Junction traffic,london-link-069-ba-1,,,,14,0,14,0
central-early-r10-s2-current-off,london-link-070-ab-2,940GZZLUKSX-move-04-03,unique,Junction traffic,london-link-074-ab-2,,,,11,0,11,0
central-early-r10-s2-current-off,london-link-070-ab-2,940GZZLUKSX-move-04-03,unique,Pod ahead,london-link-069-ba-1,,,,7,0,7,0
central-early-r10-s2-current-off,london-link-074-ab-2,940GZZLUKSX-move-05-03,unique,Junction traffic,940GZZLUKSX-access-out,,,exit,129,0,129,0
central-early-r10-s2-current-off,london-link-074-ab-2,940GZZLUKSX-move-05-03,unique,Junction traffic,940GZZLUKSX-move-04-03,,,,8,0,8,0
central-early-r10-s2-current-off,london-link-074-ab-2,940GZZLUKSX-move-05-03,unique,Junction traffic,940GZZLUKSX-move-05-03,,,,2878,0,2878,0
central-early-r10-s2-current-off,london-link-074-ab-2,940GZZLUKSX-move-05-03,unique,Junction traffic,940GZZLUKSX-move-05-04,,,,12,0,12,0
central-early-r10-s2-current-off,london-link-074-ab-2,940GZZLUKSX-move-05-03,unique,Junction traffic,940GZZLUKSX-move-06-03,,,,58,0,58,0
central-early-r10-s2-current-off,london-link-074-ab-2,940GZZLUKSX-move-05-03,unique,Junction traffic,940GZZLUKSX-move-07-03,,,,361,0,361,0
central-early-r10-s2-current-off,london-link-074-ab-2,940GZZLUKSX-move-05-03,unique,Junction traffic,940GZZLUKSX-road-out-03,,,exit,106,0,106,0
central-early-r10-s2-current-off,london-link-074-ab-2,940GZZLUKSX-move-05-03,unique,Junction traffic,london-link-069-ba-1,,,,2357,0,2357,0
central-early-r10-s2-current-off,london-link-074-ab-2,940GZZLUKSX-move-05-03,unique,Junction traffic,london-link-070-ab-2,,,,20,0,20,0
central-early-r10-s2-current-off,london-link-074-ab-2,940GZZLUKSX-move-05-03,unique,Junction traffic,london-link-074-ab-2,,,,16,0,16,0
central-early-r10-s2-current-off,london-link-074-ab-2,940GZZLUKSX-move-05-03,unique,Junction traffic,london-link-088-ab-2,,,,38,0,38,0
central-early-r10-s2-current-off,london-link-074-ab-2,940GZZLUKSX-move-05-03,unique,Junction traffic,london-link-101-ba-2,,,,290,0,290,0
central-early-r10-s2-current-off,london-link-074-ab-2,940GZZLUKSX-move-05-03,unique,Pod ahead,london-link-069-ba-1,,,,1008,0,1008,0
central-early-r10-s2-current-off,london-link-074-ab-2,940GZZLUKSX-move-05-03,unique,Pod ahead,london-link-074-ab-2,,,,36468,0,36468,0
central-early-r10-s2-current-off,london-link-074-ab-2,940GZZLUKSX-move-05-04,unique,Junction traffic,940GZZLUKSX-move-05-03,,,,12,0,12,0
central-early-r10-s2-current-off,london-link-074-ab-2,940GZZLUKSX-move-05-04,unique,Pod ahead,london-link-074-ab-2,,,,161,0,161,0
central-early-r10-s2-current-off,london-link-074-ab-2,940GZZLUKSX-move-05-07,unique,Junction traffic,940GZZLUKSX-move-05-03,,,,112,0,112,0
central-early-r10-s2-current-off,london-link-074-ab-2,940GZZLUKSX-move-05-07,unique,Junction traffic,940GZZLUKSX-move-05-07,,,,3,0,3,0
central-early-r10-s2-current-off,london-link-074-ab-2,940GZZLUKSX-move-05-07,unique,Junction traffic,940GZZLUKSX-road-out-07,,,exit,7,0,7,0
central-early-r10-s2-current-off,london-link-074-ab-2,940GZZLUKSX-move-05-07,unique,Junction traffic,london-link-074-ab-2,,,,2,0,2,0
central-early-r10-s2-current-off,london-link-074-ab-2,940GZZLUKSX-move-05-07,unique,Junction traffic,london-link-101-ab-1,,,,8,0,8,0
central-early-r10-s2-current-off,london-link-074-ab-2,940GZZLUKSX-move-05-07,unique,Pod ahead,london-link-074-ab-2,,,,1320,0,1320,0
central-early-r10-s2-current-off,london-link-074-ab-2,940GZZLUKSX-move-05-07,unique,Pod ahead,london-link-101-ab-1,,,,4,0,4,0
central-early-r10-s2-current-off,london-link-088-ab-2,940GZZLUKSX-move-06-03,unique,Junction traffic,940GZZLUKSX-access-out,,,exit,6,0,6,0
central-early-r10-s2-current-off,london-link-088-ab-2,940GZZLUKSX-move-06-03,unique,Junction traffic,940GZZLUKSX-move-05-03,,,,60,0,60,0
central-early-r10-s2-current-off,london-link-088-ab-2,940GZZLUKSX-move-06-03,unique,Junction traffic,940GZZLUKSX-move-06-03,,,,16,0,16,0
central-early-r10-s2-current-off,london-link-088-ab-2,940GZZLUKSX-move-06-03,unique,Junction traffic,940GZZLUKSX-move-07-03,,,,6,0,6,0
central-early-r10-s2-current-off,london-link-088-ab-2,940GZZLUKSX-move-06-03,unique,Junction traffic,940GZZLUKSX-road-out-03,,,exit,3,0,3,0
central-early-r10-s2-current-off,london-link-088-ab-2,940GZZLUKSX-move-06-03,unique,Junction traffic,london-link-069-ba-1,,,,30,0,30,0
central-early-r10-s2-current-off,london-link-088-ab-2,940GZZLUKSX-move-06-03,unique,Junction traffic,london-link-074-ab-2,,,,36,0,36,0
central-early-r10-s2-current-off,london-link-088-ab-2,940GZZLUKSX-move-06-03,unique,Junction traffic,london-link-101-ba-2,,,,5,0,5,0
central-early-r10-s2-current-off,london-link-088-ab-2,940GZZLUKSX-move-06-03,unique,Pod ahead,london-link-069-ba-1,,,,14,0,14,0
central-early-r10-s2-current-off,london-link-088-ab-2,940GZZLUKSX-move-06-03,unique,Pod ahead,london-link-088-ab-2,,,,196,0,196,0
central-early-r10-s2-current-off,london-link-099-ab-2,940GZZLUWLO-move-03-02,unique,Junction traffic,940GZZLUWLO-access-out,,,exit,19,0,19,0
central-early-r10-s2-current-off,london-link-099-ab-2,940GZZLUWLO-move-03-02,unique,Junction traffic,940GZZLUWLO-move-01-02,,,,6,1,5,0
central-early-r10-s2-current-off,london-link-099-ab-2,940GZZLUWLO-move-03-02,unique,Junction traffic,940GZZLUWLO-move-03-02,,,,65,8,57,0
central-early-r10-s2-current-off,london-link-099-ab-2,940GZZLUWLO-move-03-02,unique,Junction traffic,940GZZLUWLO-move-04-02,,,,9,0,9,0
central-early-r10-s2-current-off,london-link-099-ab-2,940GZZLUWLO-move-03-02,unique,Junction traffic,940GZZLUWLO-move-05-02,,,,6,0,6,0
central-early-r10-s2-current-off,london-link-099-ab-2,940GZZLUWLO-move-03-02,unique,Junction traffic,940GZZLUWLO-road-out-02,,,exit,10,0,10,0
central-early-r10-s2-current-off,london-link-099-ab-2,940GZZLUWLO-move-03-02,unique,Junction traffic,london-link-063-ba-1,,,,79,9,70,0
central-early-r10-s2-current-off,london-link-099-ab-2,940GZZLUWLO-move-03-02,unique,Junction traffic,london-link-102-ab-2,,,,5,0,5,0
central-early-r10-s2-current-off,london-link-099-ab-2,940GZZLUWLO-move-03-02,unique,Pod ahead,london-link-063-ba-1,,,,67,9,58,0
central-early-r10-s2-current-off,london-link-099-ab-2,940GZZLUWLO-move-03-02,unique,Pod ahead,london-link-099-ab-2,,,,16,2,14,0
central-early-r10-s2-current-off,london-link-099-ab-2,940GZZLUWLO-road-in-03,unique,Junction traffic,940GZZLUWLO-access-in,,,entry,10,10,0,0
central-early-r10-s2-current-off,london-link-099-ab-2,940GZZLUWLO-road-in-03,unique,Junction traffic,940GZZLUWLO-road-in-01,,,approach,2,2,0,0
central-early-r10-s2-current-off,london-link-099-ab-2,940GZZLUWLO-road-in-03,unique,Junction traffic,940GZZLUWLO-road-in-03,,,approach,4,4,0,0
central-early-r10-s2-current-off,london-link-099-ab-2,940GZZLUWLO-road-in-03,unique,Junction traffic,london-link-027-ab-2,,,,6,6,0,0
central-early-r10-s2-current-off,london-link-099-ab-2,940GZZLUWLO-road-in-03,unique,Pod ahead,940GZZLUWLO-access-in,,,entry,6,6,0,0
central-early-r10-s2-current-off,london-link-099-ba-2,940GZZLUKNG-move-03-02,unique,Junction traffic,940GZZLUKNG-move-01-02,,,,1,1,0,0
central-early-r10-s2-current-off,london-link-099-ba-2,940GZZLUKNG-move-03-02,unique,Junction traffic,london-link-098-ab-1,,,,2,2,0,0
central-early-r10-s2-current-off,london-link-099-ba-2,940GZZLUKNG-move-03-02,unique,Pod ahead,london-link-098-ab-1,,,,1,1,0,0
central-early-r10-s2-current-off,london-link-099-ba-2,940GZZLUKNG-move-03-03,unique,Junction traffic,940GZZLUKNG-move-02-03,,,,3,0,3,0
central-early-r10-s2-current-off,london-link-099-ba-2,940GZZLUKNG-move-03-03,unique,Junction traffic,london-link-099-ab-1,,,,2,0,2,0
central-early-r10-s2-current-off,london-link-099-ba-2,940GZZLUKNG-move-03-03,unique,Pod ahead,london-link-099-ab-1,,,,1,0,1,0
central-early-r10-s2-current-off,london-link-101-ba-2,940GZZLUKSX-move-07-03,unique,Junction traffic,940GZZLUKSX-move-05-03,,,,442,0,442,0
central-early-r10-s2-current-off,london-link-101-ba-2,940GZZLUKSX-move-07-03,unique,Junction traffic,940GZZLUKSX-move-06-03,,,,8,0,8,0
central-early-r10-s2-current-off,london-link-101-ba-2,940GZZLUKSX-move-07-03,unique,Junction traffic,940GZZLUKSX-move-07-03,,,,3,0,3,0
central-early-r10-s2-current-off,london-link-101-ba-2,940GZZLUKSX-move-07-03,unique,Junction traffic,940GZZLUKSX-road-out-03,,,exit,4,0,4,0
central-early-r10-s2-current-off,london-link-101-ba-2,940GZZLUKSX-move-07-03,unique,Junction traffic,london-link-069-ba-1,,,,155,0,155,0
central-early-r10-s2-current-off,london-link-101-ba-2,940GZZLUKSX-move-07-03,unique,Junction traffic,london-link-074-ab-2,,,,160,0,160,0
central-early-r10-s2-current-off,london-link-101-ba-2,940GZZLUKSX-move-07-03,unique,Junction traffic,london-link-088-ab-2,,,,6,0,6,0
central-early-r10-s2-current-off,london-link-101-ba-2,940GZZLUKSX-move-07-03,unique,Pod ahead,london-link-069-ba-1,,,,66,0,66,0
central-early-r10-s2-current-off,london-link-101-ba-2,940GZZLUKSX-move-07-03,unique,Pod ahead,london-link-101-ba-2,,,,13,0,13,0
central-early-r10-s2-current-off,london-link-101-ba-2,940GZZLUKSX-road-in-07,unique,Pod ahead,london-link-101-ba-2,,,,7,7,0,0
central-early-r10-s2-current-off,london-link-102-ab-2,940GZZLUWLO-move-04-02,unique,Junction traffic,940GZZLUWLO-move-03-02,,,,6,0,6,0
central-early-r10-s2-current-off,london-link-102-ab-2,940GZZLUWLO-move-04-02,unique,Junction traffic,london-link-063-ba-1,,,,4,0,4,0
central-early-r10-s2-current-off,london-link-102-ab-2,940GZZLUWLO-move-04-02,unique,Pod ahead,london-link-063-ba-1,,,,2,0,2,0
central-early-r10-s2-current-off,london-link-112-ba-2,940GZZLUOXC-move-03-01,unique,Junction traffic,940GZZLUOXC-move-03-01,,,,32,0,32,0
central-early-r10-s2-current-off,london-link-112-ba-2,940GZZLUOXC-move-03-01,unique,Junction traffic,940GZZLUOXC-move-05-01,,,,96,0,96,0
central-early-r10-s2-current-off,london-link-112-ba-2,940GZZLUOXC-move-03-01,unique,Junction traffic,london-link-020-ba-1,,,,60,0,60,0
central-early-r10-s2-current-off,london-link-112-ba-2,940GZZLUOXC-move-03-01,unique,Junction traffic,london-link-114-ba-2,,,,10,0,10,0
central-early-r10-s2-current-off,london-link-112-ba-2,940GZZLUOXC-move-03-01,unique,Pod ahead,london-link-020-ba-1,,,,33,0,33,0
central-early-r10-s2-current-off,london-link-112-ba-2,940GZZLUOXC-move-03-01,unique,Pod ahead,london-link-112-ba-2,,,,1,0,1,0
central-early-r10-s2-current-off,london-link-114-ba-2,940GZZLUOXC-move-05-01,unique,Junction traffic,940GZZLUOXC-move-03-01,,,,55,0,55,0
central-early-r10-s2-current-off,london-link-114-ba-2,940GZZLUOXC-move-05-01,unique,Junction traffic,940GZZLUOXC-move-05-01,,,,5,0,5,0
central-early-r10-s2-current-off,london-link-114-ba-2,940GZZLUOXC-move-05-01,unique,Junction traffic,london-link-020-ba-1,,,,38,0,38,0
central-early-r10-s2-current-off,london-link-114-ba-2,940GZZLUOXC-move-05-01,unique,Junction traffic,london-link-112-ba-2,,,,8,0,8,0
central-early-r10-s2-current-off,london-link-114-ba-2,940GZZLUOXC-move-05-01,unique,Pod ahead,london-link-020-ba-1,,,,20,0,20,0
central-early-r10-s2-current-off,london-link-116-ba-2,940GZZLUPAC-road-in-04,unique,Pod ahead,940GZZLUPAC-access-in,,,entry,1,0,1,0
central-early-r10-s2-current-off,london-link-126-ab-2,940GZZLUWLO-move-05-02,unique,Junction traffic,940GZZLUWLO-move-03-02,,,,18,0,18,0
central-early-r10-s2-current-off,london-link-126-ab-2,940GZZLUWLO-move-05-02,unique,Junction traffic,london-link-063-ba-1,,,,8,0,8,0
central-early-r10-s2-current-off,london-link-126-ab-2,940GZZLUWLO-move-05-02,unique,Junction traffic,london-link-099-ab-2,,,,3,0,3,0
central-early-r10-s2-current-off,london-link-126-ab-2,940GZZLUWLO-move-05-02,unique,Pod ahead,london-link-063-ba-1,,,,6,0,6,0
