pattern,demand_profile,demand_band,request_every_seconds,offered_per_minute,burst_size,seed,policy,routing_policy,shared_ride_party_limit,shared_parties,focus_station,window_start_seconds,window_end_seconds,actual_end_seconds,arrival_window_seconds,arrival_end_seconds,schedule_id,scheduled,served,remaining,skipped,completed_at_arrival_end,backlog_at_arrival_end,arrival_throughput_per_minute,completed_at_arrival_midpoint,backlog_at_arrival_midpoint,late_arrival_throughput_per_minute,late_backlog_change,drained,drain_seconds,peak_pending,peak_outstanding,peak_active_vehicles,peak_passenger_vehicles,peak_stopped_vehicles,peak_focus_approaching,peak_focus_entrance_stopped,peak_focus_exit_stopped,peak_focus_occupied_berths,peak_focus_reserved_empty_berths,queue_cleared,queue_clear_seconds,wait_average_seconds,wait_maximum_seconds,passenger_distance_meters,empty_distance_meters,loaded_distance_percent,positioning_moves
profile,tfl-numbat-2019-midweek,early,60,0.9666666666666667,1,1,off,free-flow,4,0,940GZZLUEUS,0,3900,2588,1800,1740,9528258c1baa82ba,29,29,0,0,19,10,0.6333333333333333,6,8,0.8666666666666667,2,true,788,4,10,10,9,1,0,0,0,1,0,true,215,108.86724137931034,274.26666666666665,175363.26653690037,205991.72869473742,45.984258428392536,0
profile,tfl-numbat-2019-midweek,early,60,0.9666666666666667,1,2,off,free-flow,4,0,940GZZLUEUS,0,3900,2502,1800,1740,bb5eef7e7cabdb3b,29,29,0,0,19,10,0.6333333333333333,6,8,0.8666666666666667,2,true,702,4,13,13,10,0,0,0,0,1,1,true,205,142.69655172413792,295.9166666666667,186917.10622428585,197944.3849706932,48.56737046980615,0
profile,tfl-numbat-2019-midweek,early,60,0.9666666666666667,1,3,off,free-flow,4,1,940GZZLUEUS,0,3900,2555,1800,1740,47735eda4f594ac0,29,29,0,0,22,7,0.7333333333333333,6,8,1.0666666666666667,-1,true,755,4,12,12,10,1,0,0,0,1,0,true,220,109.19827586206897,279.6166666666667,172901.9303355624,193672.19624757537,47.1669760076067,0
profile,tfl-numbat-2019-midweek,early,30,1.9666666666666666,1,1,off,free-flow,4,1,940GZZLUEUS,0,3900,2522,1800,1770,383a7529680b260f,59,59,0,0,35,24,1.1666666666666667,12,17,1.5333333333333334,7,true,722,9,26,26,20,1,0,0,0,1,1,true,263,160.8319209039548,366.85,356137.23019471014,385014.280037883,48.05187944404845,0
profile,tfl-numbat-2019-midweek,early,30,1.9666666666666666,1,2,off,free-flow,4,1,940GZZLUEUS,0,3900,2514,1800,1770,d1340ee5a623df89,59,59,0,0,35,24,1.1666666666666667,11,18,1.6,6,true,714,10,26,26,18,1,0,0,0,1,1,true,182,188.3680790960452,369.01666666666665,361693.87881341204,414729.1087082423,46.58464324555105,0
profile,tfl-numbat-2019-midweek,early,30,1.9666666666666666,1,3,off,free-flow,4,0,940GZZLUEUS,0,3900,2719,1800,1770,badaff981b31ddb7,59,59,0,0,40,19,1.3333333333333333,11,18,1.9333333333333333,1,true,919,8,22,22,16,1,0,0,0,1,1,true,372,162.00536723163842,371.68333333333334,364992.5610805288,408717.21492391557,47.17435043478528,0
profile,tfl-numbat-2019-midweek,early,20,2.966666666666667,1,1,off,free-flow,4,2,940GZZLUEUS,0,3900,2688,1800,1780,4a2d770f2630dd23,89,89,0,0,51,38,1.7,18,26,2.2,12,true,888,18,38,38,27,1,0,0,0,1,1,true,295,203.3874531835206,415.6166666666667,541263.9435405966,612508.3230250592,46.912545848561166,0
profile,tfl-numbat-2019-midweek,early,20,2.966666666666667,1,2,off,free-flow,4,0,940GZZLUEUS,0,3900,2748,1800,1780,19332ce46bf440c5,89,89,0,0,57,32,1.9,14,30,2.8666666666666667,2,true,948,15,37,37,26,1,0,0,0,1,1,true,329,208.88426966292135,408.05,543886.9494199198,606459.6192818714,47.2802687657613,0
profile,tfl-numbat-2019-midweek,early,20,2.966666666666667,1,3,off,free-flow,4,3,940GZZLUEUS,0,3900,2707,1800,1780,1023c2b2435ed2d7,89,89,0,0,55,34,1.8333333333333333,19,25,2.4,9,true,907,14,37,35,27,1,0,0,0,1,1,true,294,175.66479400749066,389.4,532062.4121225975,551935.9515921923,49.08332244148923,0
profile,tfl-numbat-2019-midweek,early,15,3.966666666666667,1,1,off,free-flow,4,2,940GZZLUEUS,0,3900,2857,1800,1785,1609c532807f9008,119,119,0,0,71,48,2.3666666666666667,22,37,3.2666666666666666,11,true,1057,23,52,50,32,2,0,0,0,1,1,true,456,250.38067226890755,490.81666666666666,745892.1081265413,843690.1091830187,46.9237828659783,0
profile,tfl-numbat-2019-midweek,early,15,3.966666666666667,1,2,off,free-flow,4,4,940GZZLUEUS,0,3900,2823,1800,1785,c5ea67b17f25e70e,119,119,0,0,78,41,2.6,17,42,4.066666666666666,-1,true,1023,19,48,47,32,1,0,0,0,1,1,true,430,221.26974789915965,470.48333333333335,699990.4637631364,781871.9261810472,47.237210992952086,0
profile,tfl-numbat-2019-midweek,early,15,3.966666666666667,1,3,off,free-flow,4,2,940GZZLUEUS,0,3900,2870,1800,1785,a02f25ab84cc8d7d,119,119,0,0,76,43,2.533333333333333,21,38,3.6666666666666665,5,true,1070,19,48,46,31,2,0,0,0,1,1,true,446,210.95336134453783,445.3666666666667,727934.2297913468,766020.0882396131,48.725333901157576,0
profile,tfl-numbat-2019-midweek,early,12,4.966666666666667,1,1,off,free-flow,4,4,940GZZLUEUS,0,3900,2793,1800,1788,fde388a840555436,149,149,0,0,89,60,2.966666666666667,25,49,4.266666666666667,11,true,993,32,65,64,37,4,0,0,0,1,1,true,447,275.04876957494406,513.4166666666666,925197.4784517838,1020101.3648251921,47.56068619735729,0
profile,tfl-numbat-2019-midweek,early,12,4.966666666666667,1,2,off,free-flow,4,6,940GZZLUEUS,0,3900,2783,1800,1788,0db4ec5e24e7ed35,149,149,0,0,93,56,3.1,22,52,4.733333333333333,4,true,983,29,60,56,40,2,0,0,0,1,1,true,410,251.62695749440715,511.1666666666667,877842.2432543108,1011253.2078227409,46.4689194372797,0
profile,tfl-numbat-2019-midweek,early,12,4.966666666666667,1,3,off,free-flow,4,9,940GZZLUEUS,0,3900,2839,1800,1788,8d13d145a9ef1806,149,149,0,0,90,59,3,26,48,4.266666666666667,11,true,1039,27,61,56,36,2,0,0,0,1,1,true,450,234.47225950783,500.46666666666664,870215.77648541,933927.7268657198,48.234288174361765,0
profile,tfl-numbat-2019-midweek,early,10,5.966666666666667,1,1,off,free-flow,4,13,940GZZLUEUS,0,3900,2940,1800,1790,aadad49ab1254db9,179,179,0,0,96,83,3.2,27,62,4.6,21,true,1140,39,83,74,42,3,0,0,0,1,1,true,515,286.60959031657353,563.25,1050417.0759672883,1211376.6941184674,46.44177068042158,0
profile,tfl-numbat-2019-midweek,early,10,5.966666666666667,1,2,off,free-flow,4,9,940GZZLUEUS,0,3900,2863,1800,1790,2b255de325ea94d8,179,179,0,0,103,76,3.433333333333333,24,65,5.266666666666667,11,true,1063,40,79,73,47,3,2,0,0,1,2,true,474,282.9864059590317,569.25,1037111.7782445045,1229219.5078033777,45.76170238787378,0
profile,tfl-numbat-2019-midweek,early,10,5.966666666666667,1,3,off,free-flow,4,12,940GZZLUEUS,0,3900,2981,1800,1790,26744e71f4c37b72,179,179,0,0,104,75,3.466666666666667,29,60,5,15,true,1181,37,82,75,42,3,2,0,0,1,2,true,552,269.7573556797021,579.0666666666667,1050190.6979766907,1177756.7540220388,47.137139479413975,0
profile,tfl-numbat-2019-midweek,early,8.571429,7,1,1,off,free-flow,4,19,940GZZLUEUS,0,3900,3032,1800,1799,3563668f01b58088,210,210,0,0,112,98,3.7333333333333334,28,77,5.6,21,true,1232,47,99,88,50,4,2,0,0,1,2,true,632,315.5028571428572,631.8,1232645.8477251732,1369880.215241661,47.36343913190166,0
profile,tfl-numbat-2019-midweek,early,8.571429,7,1,2,off,free-flow,4,21,940GZZLUEUS,0,3900,2969,1800,1799,2c5e275a02e8aba7,210,210,0,0,117,93,3.9,28,77,5.933333333333334,16,true,1169,47,95,87,48,4,2,0,0,1,2,true,613,304.34523809523813,643.8833333333333,1161261.497282404,1356060.2047367187,46.13083406665767,0
profile,tfl-numbat-2019-midweek,early,8.571429,7,1,3,off,free-flow,4,20,940GZZLUEUS,0,3900,3026,1800,1799,ddd650abd105cd58,210,210,0,0,107,103,3.566666666666667,30,75,5.133333333333334,28,true,1226,45,103,87,54,4,1,0,0,1,1,true,628,286.2049206349206,627.8166666666667,1175359.5872867068,1282146.9870123223,47.827322196359226,0
profile,tfl-numbat-2019-midweek,early,7.5,7.966666666666667,1,1,off,free-flow,4,33,940GZZLUEUS,0,3900,3499,1800,1792.5,63b1ce4d79486c0c,239,239,0,0,127,112,4.233333333333333,29,90,6.533333333333333,22,true,1699,54,112,93,52,7,2,0,0,2,2,true,739.5,309.0170153417015,836.9833333333333,1307970.4717259752,1482671.7464300024,46.8698732935484,0
profile,tfl-numbat-2019-midweek,early,7.5,7.966666666666667,1,2,off,free-flow,4,26,940GZZLUEUS,0,3900,3088,1800,1792.5,b14207684481cacc,239,239,0,0,126,113,4.2,33,86,6.2,27,true,1288,59,114,99,53,6,2,0,0,1,2,true,701.5,338.01276150627615,700.5166666666667,1322123.8153101476,1562068.8654026275,45.84034291992617,0
profile,tfl-numbat-2019-midweek,early,7.5,7.966666666666667,1,3,off,free-flow,4,30,940GZZLUEUS,0,3900,3006,1800,1792.5,93ce2d6fb7cde873,239,239,0,0,131,108,4.366666666666666,35,84,6.4,24,true,1206,54,110,97,50,4,2,0,0,1,2,true,636.5,294.6728730822873,761.2333333333333,1287899.545528735,1428649.6901605974,47.409394558679026,0
profile,tfl-numbat-2019-midweek,early,6.666667,8.966666666666667,1,1,off,free-flow,4,33,940GZZLUEUS,0,3900,3295,1800,1793.3333333333333,4a2c0b0e2de5a8b9,269,269,0,0,133,136,4.433333333333334,36,98,6.466666666666667,38,true,1495,67,137,114,56,13,2,0,0,1,2,true,862.6666666666666,370.7039033457249,882.0833333333334,1509932.3278509635,1784482.835879542,45.83309184811903,0
profile,tfl-numbat-2019-midweek,early,6.666667,8.966666666666667,1,2,off,free-flow,4,35,940GZZLUEUS,0,3900,3119,1800,1793.3333333333333,d22cf29e05f827ac,269,269,0,0,142,127,4.733333333333333,35,99,7.133333333333334,28,true,1319,64,131,108,56,7,2,0,0,1,2,true,689.6666666666666,349.28556381660474,769.5,1443962.253190677,1735136.536806589,45.42049016324903,0
profile,tfl-numbat-2019-midweek,early,6.666667,8.966666666666667,1,3,off,free-flow,4,31,940GZZLUEUS,0,3900,3204,1800,1793.3333333333333,d987e36c0704b230,269,269,0,0,143,126,4.766666666666667,41,93,6.8,33,true,1404,67,127,114,57,8,2,0,0,1,2,true,877.6666666666666,343.19095415117715,896.7333333333333,1481056.1737062796,1804205.5603285916,45.0818319393775,0
profile,tfl-numbat-2019-midweek,early,6,9.966666666666667,1,1,off,free-flow,4,51,940GZZLUEUS,0,3900,3700,1800,1794,813f7f4fec7f70d2,299,299,0,0,150,149,5,44,105,7.066666666666666,44,true,1900,80,150,114,55,14,2,0,0,2,2,true,939,387.0675585284281,1376.7833333333333,1598527.3633847428,1909202.2995775484,45.57156671061077,0
profile,tfl-numbat-2019-midweek,early,6,9.966666666666667,1,2,off,free-flow,4,53,940GZZLUEUS,0,3900,3041,1800,1794,a6937e018b1fcc1f,299,299,0,0,148,151,4.933333333333334,42,107,7.066666666666666,44,true,1241,78,153,114,57,10,2,0,0,1,2,true,653,367.1545150501672,836.3166666666667,1508334.4329877198,1827145.908389489,45.22090609489047,0
profile,tfl-numbat-2019-midweek,early,6,9.966666666666667,1,3,off,free-flow,4,50,940GZZLUEUS,0,3900,3191,1800,1794,569e16cc1ad11ec7,299,299,0,0,145,154,4.833333333333333,44,105,6.733333333333333,49,true,1391,81,154,114,58,15,2,0,0,1,2,true,793,368.85462653288744,921.1666666666666,1562299.868014194,1848311.6811670477,45.807030366423376,0
profile,tfl-numbat-2019-midweek,early,5.4545449999999995,11,1,1,off,free-flow,4,75,940GZZLUEUS,0,3900,3614,1800,1798.5,20e33643790350cf,330,330,0,0,164,166,5.466666666666667,44,121,8,45,true,1814,82,168,114,57,19,2,0,0,2,2,true,849.5,366.7849494949495,1003.5333333333333,1615169.3218471701,1934015.8263975794,45.50817312661055,0
profile,tfl-numbat-2019-midweek,early,5.4545449999999995,11,1,2,off,free-flow,4,72,940GZZLUEUS,0,3900,3156,1800,1798.5,9a5fd55d60a95da3,330,330,0,0,169,161,5.633333333333334,43,122,8.4,39,true,1356,81,167,114,59,12,2,0,0,1,2,true,716.5,357.16368686868685,905.05,1568670.2761935724,1915138.5065260665,45.027450529847634,0
profile,tfl-numbat-2019-midweek,early,5.4545449999999995,11,1,3,off,free-flow,4,70,940GZZLUEUS,0,3900,3123,1800,1798.5,3aa6ead3ecd2761f,330,330,0,0,166,164,5.533333333333333,50,115,7.733333333333333,49,true,1323,82,167,114,59,15,2,0,0,1,2,true,680.5,345.8290909090909,966.9333333333333,1602689.223588102,1881696.26730141,45.99632353476938,0
profile,tfl-numbat-2019-midweek,early,5,11.966666666666667,1,1,off,free-flow,4,89,940GZZLUEUS,0,3900,3470,1800,1795,5608ed1bb22ab7e5,359,359,0,0,188,171,6.266666666666667,45,134,9.533333333333333,37,true,1670,85,175,114,59,14,2,0,0,2,2,true,1000,364.6816620241411,1037,1714552.321353421,2007925.2268892212,46.05944022853409,0
profile,tfl-numbat-2019-midweek,early,5,11.966666666666667,1,2,off,free-flow,4,96,940GZZLUEUS,0,3900,3074,1800,1795,706d8f75a32eac66,359,359,0,0,190,169,6.333333333333333,48,131,9.466666666666667,38,true,1274,90,177,114,60,12,2,0,0,1,2,true,684,341.57720519962857,917.4166666666666,1588837.6664712597,1918388.7487588867,45.301827665637006,0
profile,tfl-numbat-2019-midweek,early,5,11.966666666666667,1,3,off,free-flow,4,93,940GZZLUEUS,0,3900,3212,1800,1795,e90e4c4c349d670e,359,359,0,0,173,186,5.766666666666667,50,129,8.2,57,true,1412,92,190,114,62,13,2,0,0,1,2,true,779,357.1438254410399,964.6833333333333,1656024.7163336007,1926395.608567664,46.22642141746007,0
profile,tfl-numbat-2019-midweek,early,4.615385,13.033333333333333,1,1,off,free-flow,4,115,940GZZLUEUS,0,3900,3527,1800,1798.6,90c3c036d47733d8,391,391,0,0,198,193,6.6,46,149,10.133333333333333,44,true,1727,86,193,114,60,18,2,0,0,1,2,true,917.4,366.7306052855925,1167.7166666666667,1743567.26076547,2064314.8983968715,45.788372325813256,0
profile,tfl-numbat-2019-midweek,early,4.615385,13.033333333333333,1,2,off,free-flow,4,128,940GZZLUEUS,0,3900,3065,1800,1798.6,dd76da605dc6d0b3,391,391,0,0,201,190,6.7,53,142,9.866666666666667,48,true,1265,93,190,114,62,20,2,0,0,1,2,true,680.4,335.6570332480818,939.5333333333333,1591828.6070654003,1875288.4887658278,45.91216745980036,0
profile,tfl-numbat-2019-midweek,early,4.615385,13.033333333333333,1,3,off,free-flow,4,118,940GZZLUEUS,0,3900,3142,1800,1798.6,42c18a3a5d04a7c1,391,391,0,0,194,197,6.466666666666667,51,144,9.533333333333333,53,true,1342,89,205,114,61,13,2,0,0,1,2,true,732.4,344.1536658141518,900.4333333333333,1685330.637901264,1969400.4741176055,46.1136698226286,0
profile,tfl-numbat-2019-midweek,early,4.2857140000000005,14,1,1,off,free-flow,4,138,940GZZLUEUS,0,3900,3409,1800,1799,c19c8f7ced0a6fad,420,420,0,0,225,195,7.5,48,162,11.8,33,true,1609,95,200,114,57,15,2,0,0,1,2,true,917,361.0370238095238,1220.4666666666667,1787616.1481302725,2106945.1388659654,45.90032140716443,0
profile,tfl-numbat-2019-midweek,early,4.2857140000000005,14,1,2,off,free-flow,4,146,940GZZLUEUS,0,3900,3111,1800,1799,576e1859100cd6b6,420,420,0,0,233,187,7.766666666666667,58,152,11.666666666666666,35,true,1311,90,196,114,62,13,2,0,0,1,2,true,672,316.513373015873,878.2333333333333,1664936.0071216237,1972832.1565488563,45.76806251011104,0
profile,tfl-numbat-2019-midweek,early,4.2857140000000005,14,1,3,off,free-flow,4,141,940GZZLUEUS,0,3900,3090,1800,1799,880a3a3a981d7825,420,420,0,0,223,197,7.433333333333334,54,156,11.266666666666667,41,true,1290,94,204,114,63,14,2,0,0,1,2,true,765,330.79305555555555,1005.9333333333333,1698199.7963654958,1938277.3181146975,46.69903708738837,0
profile,tfl-numbat-2019-midweek,early,4,14.966666666666667,1,1,off,free-flow,4,158,940GZZLUEUS,0,3900,3503,1800,1796,63c82187320d4492,449,449,0,0,242,207,8.066666666666666,52,172,12.666666666666666,35,true,1703,102,214,114,62,19,2,0,0,1,2,true,1004,367.27613214550854,1240.1166666666666,1827743.0460124714,2121477.05943604,46.28111366826173,0
profile,tfl-numbat-2019-midweek,early,4,14.966666666666667,1,2,off,free-flow,4,164,940GZZLUEUS,0,3900,3126,1800,1796,3c1cc4bd02bc2287,449,449,0,0,248,201,8.266666666666667,54,170,12.933333333333334,31,true,1326,94,214,114,62,14,2,0,0,1,2,true,822,326.2976243504083,903.1333333333333,1695682.4713856117,1994127.5313918323,45.95582076337845,0
profile,tfl-numbat-2019-midweek,early,4,14.966666666666667,1,3,off,free-flow,4,165,940GZZLUEUS,0,3900,3319,1800,1796,518b208a85e38dde,449,449,0,0,253,196,8.433333333333334,54,170,13.266666666666667,26,true,1519,95,210,114,60,15,2,0,0,1,2,true,881,332.5218262806236,918,1759830.7410847628,2036404.0219733892,46.357268475859144,0
profile,tfl-numbat-2019-midweek,morning,60,0.9666666666666667,1,1,off,free-flow,4,0,940GZZLUEUS,0,3900,2307,1800,1740,ec096baf2262cfae,29,29,0,0,23,6,0.7666666666666667,7,7,1.0666666666666667,-1,true,507,1,10,10,10,0,1,0,0,2,1,true,0,20.49712643678161,205.85,155331.7207800927,41283.54053107956,79.0028809280769,0
profile,tfl-numbat-2019-midweek,morning,60,0.9666666666666667,1,2,off,free-flow,4,0,940GZZLUEUS,0,3900,2155,1800,1740,eaf98c10ead9f202,29,29,0,0,23,6,0.7666666666666667,8,6,1,0,true,355,2,9,9,8,0,0,0,0,1,1,true,0,41.04080459770115,172.65,137908.053580545,30776.098725044365,81.75519258662177,0
profile,tfl-numbat-2019-midweek,morning,60,0.9666666666666667,1,3,off,free-flow,4,0,940GZZLUEUS,0,3900,2488,1800,1740,5214e5eaa55ec074,29,29,0,0,21,8,0.7,7,7,0.9333333333333333,1,true,688,3,10,10,10,1,0,0,0,1,1,true,164,53.166091954022995,343.9,163234.2424259688,85610.58622028808,65.59679914345858,0
profile,tfl-numbat-2019-midweek,morning,30,1.9666666666666666,1,1,off,free-flow,4,1,940GZZLUEUS,0,3900,2677,1800,1770,97c3b096389d787f,59,59,0,0,43,16,1.4333333333333333,15,14,1.8666666666666667,2,true,877,4,17,17,15,1,1,0,0,2,1,true,267,55.52146892655367,356.85,307048.907314655,134229.35173066444,69.58169840021985,0
profile,tfl-numbat-2019-midweek,morning,30,1.9666666666666666,1,2,off,free-flow,4,0,940GZZLUEUS,0,3900,2839,1800,1770,2eb0fa6013c87d49,59,59,0,0,43,16,1.4333333333333333,16,13,1.8,3,true,1039,5,17,16,14,1,1,0,0,1,1,true,363,65.44774011299435,362.2,309161.27625129337,122939.95968260306,71.548343430008,0
profile,tfl-numbat-2019-midweek,morning,30,1.9666666666666666,1,3,off,free-flow,4,0,940GZZLUEUS,0,3900,2499,1800,1770,e15aaff78f8f0841,59,59,0,0,41,18,1.3666666666666667,17,12,1.6,6,true,699,5,19,19,16,0,0,0,0,1,1,true,112,72.12994350282487,354.6166666666667,349832.3785112889,154533.77148276402,69.36079642050004,0
profile,tfl-numbat-2019-midweek,morning,20,2.966666666666667,1,1,off,free-flow,4,0,940GZZLUEUS,0,3900,2564,1800,1780,d2d7fedf7433e695,89,89,0,0,67,22,2.2333333333333334,23,21,2.933333333333333,1,true,764,8,27,27,22,1,2,0,0,2,1,true,357,88.25711610486891,456.45,461474.9473473517,254648.25650947168,64.44071981776138,0
profile,tfl-numbat-2019-midweek,morning,20,2.966666666666667,1,2,off,free-flow,4,0,940GZZLUEUS,0,3900,2667,1800,1780,102a127340b7005c,89,89,0,0,61,28,2.033333333333333,24,20,2.466666666666667,8,true,867,10,30,30,23,1,1,0,0,1,1,true,343,100.98614232209738,449.5,513840.67737405194,225782.83406831473,69.47327517644655,0
profile,tfl-numbat-2019-midweek,morning,20,2.966666666666667,1,3,off,free-flow,4,0,940GZZLUEUS,0,3900,2984,1800,1780,d207b3f7842d888c,89,89,0,0,64,25,2.1333333333333333,24,20,2.6666666666666665,5,true,1184,9,31,31,26,1,1,0,0,1,1,true,334,93.39007490636705,362.0833333333333,528508.2426451987,304526.12778363226,63.44374991071884,0
profile,tfl-numbat-2019-midweek,morning,15,3.966666666666667,1,1,off,free-flow,4,0,940GZZLUEUS,0,3900,2869,1800,1785,9b3980983f12907c,119,119,0,0,82,37,2.7333333333333334,30,29,3.466666666666667,8,true,1069,12,39,38,30,1,2,0,0,2,1,true,356,97.706162464986,433.7,659301.433826102,335770.1416811106,66.25668444905983,0
profile,tfl-numbat-2019-midweek,morning,15,3.966666666666667,1,2,off,free-flow,4,0,940GZZLUEUS,0,3900,2759,1800,1785,69d4d38d8565a9e6,119,119,0,0,76,43,2.533333333333333,30,29,3.066666666666667,14,true,959,16,44,44,35,1,1,0,0,1,1,true,281,122.33557422969189,474.15,684506.4628764675,325239.3867880228,67.78997537884503,0
profile,tfl-numbat-2019-midweek,morning,15,3.966666666666667,1,3,off,free-flow,4,0,940GZZLUEUS,0,3900,2642,1800,1785,4bba75f61683de00,119,119,0,0,83,36,2.7666666666666666,24,35,3.933333333333333,1,true,842,13,39,39,33,1,1,0,0,2,1,true,309,113.51680672268908,466.28333333333336,678566.6398540812,358013.70302587433,65.46204011247248,0
profile,tfl-numbat-2019-midweek,morning,12,4.966666666666667,1,1,off,free-flow,4,0,940GZZLUEUS,0,3900,2751,1800,1788,55e19f59b2536a66,149,149,0,0,100,49,3.3333333333333335,36,38,4.266666666666667,11,true,951,15,49,49,42,2,2,0,1,2,1,true,284,104.08870246085012,426.8,840025.5165619276,436729.5440373335,65.79378789911755,0
profile,tfl-numbat-2019-midweek,morning,12,4.966666666666667,1,2,off,free-flow,4,0,940GZZLUEUS,0,3900,2627,1800,1788,04314078e25fbbdc,149,149,0,0,96,53,3.2,39,35,3.8,18,true,827,19,55,55,45,1,1,0,0,2,1,true,344,122.29485458612976,543.9833333333333,844336.0736067742,423453.1911422821,66.59908685801189,0
profile,tfl-numbat-2019-midweek,morning,12,4.966666666666667,1,3,off,free-flow,4,1,940GZZLUEUS,0,3900,2991,1800,1788,6cc4332fc789a716,149,149,0,0,106,43,3.533333333333333,29,45,5.133333333333334,-2,true,1191,17,48,47,39,2,1,0,0,2,1,true,537,126.46711409395974,553.9333333333333,865908.1753268555,431891.6172646657,66.72124469967437,0
profile,tfl-numbat-2019-midweek,morning,10,5.966666666666667,1,1,off,free-flow,4,2,940GZZLUEUS,0,3900,2924,1800,1790,944d0fed765eed8b,179,179,0,0,117,62,3.9,43,46,4.933333333333334,16,true,1124,19,65,64,50,2,2,0,0,2,1,true,341,126.118156424581,472.95,1008922.612266469,548998.6901727611,64.76082011888558,0
profile,tfl-numbat-2019-midweek,morning,10,5.966666666666667,1,2,off,free-flow,4,0,940GZZLUEUS,0,3900,3132,1800,1790,ad331b2234d47096,179,179,0,0,124,55,4.133333333333334,44,45,5.333333333333333,10,true,1332,23,66,65,55,2,1,0,0,2,1,true,319,136.31964618249535,532.2833333333333,1033944.4812015888,539006.7858707277,65.7327727085936,0
profile,tfl-numbat-2019-midweek,morning,10,5.966666666666667,1,3,off,free-flow,4,0,940GZZLUEUS,0,3900,3257,1800,1790,6a65d9c30f59177b,179,179,0,0,118,61,3.933333333333333,35,54,5.533333333333333,7,true,1457,25,62,61,44,2,1,0,0,2,1,true,458,150.43026070763503,567.6833333333333,1027276.7886547694,585229.944897975,63.70682163859427,0
profile,tfl-numbat-2019-midweek,morning,8.571429,7,1,1,off,free-flow,4,0,940GZZLUEUS,0,3900,3048,1800,1799,cda90f11c595fc68,210,210,0,0,141,69,4.7,46,59,6.333333333333333,10,true,1248,25,74,73,53,2,3,0,0,2,1,true,424,149.5092857142857,600.8,1210562.4101854968,628166.1433713246,65.83692888457053,0
profile,tfl-numbat-2019-midweek,morning,8.571429,7,1,2,off,free-flow,4,0,940GZZLUEUS,0,3900,2879,1800,1799,7f2bdfec1fd345fe,210,210,0,0,143,67,4.766666666666667,44,61,6.6,6,true,1079,27,78,77,61,2,1,0,1,2,1,true,263,139.43603174603174,498.76666666666665,1201908.1210683892,591996.6158595842,66.99955110919844,0
profile,tfl-numbat-2019-midweek,morning,8.571429,7,1,3,off,free-flow,4,0,940GZZLUEUS,0,3900,2991,1800,1799,7ea8c132a695c16b,210,210,0,0,137,73,4.566666666666666,42,63,6.333333333333333,10,true,1191,29,74,73,54,2,2,0,0,2,1,true,373,153.4568253968254,571.5333333333333,1205843.088160747,615316.5116406613,66.21292764743082,0
profile,tfl-numbat-2019-midweek,morning,7.5,7.966666666666667,1,1,off,free-flow,4,0,940GZZLUEUS,0,3900,2954,1800,1792.5,4731b4d993884c61,239,239,0,0,155,84,5.166666666666667,54,65,6.733333333333333,19,true,1154,30,85,84,65,3,3,0,1,2,1,true,418.5,163.0976290097629,567.3333333333334,1371782.1518723064,733306.180353005,65.16506366372668,0
profile,tfl-numbat-2019-midweek,morning,7.5,7.966666666666667,1,2,off,free-flow,4,0,940GZZLUEUS,0,3900,3326,1800,1792.5,f9f836c87071a85e,239,239,0,0,162,77,5.4,51,68,7.4,9,true,1526,33,89,86,65,1,3,0,0,1,2,true,487.5,155.12670850767083,556.2666666666667,1351599.638212297,720771.7012034655,65.21995418993473,0
profile,tfl-numbat-2019-midweek,morning,7.5,7.966666666666667,1,3,off,free-flow,4,1,940GZZLUEUS,0,3900,3102,1800,1792.5,15f7af9d566e1cbd,239,239,0,0,156,83,5.2,45,74,7.4,9,true,1302,33,89,87,62,1,2,0,0,2,1,true,530.5,171.29191073919108,612.2166666666667,1376125.6896099835,776171.999356928,63.937516481305835,0
profile,tfl-numbat-2019-midweek,morning,6.666667,8.966666666666667,1,1,off,free-flow,4,1,940GZZLUEUS,0,3900,2924,1800,1793.3333333333333,34ba04f18e7fc846,269,269,0,0,175,94,5.833333333333333,58,76,7.8,18,true,1124,39,100,96,71,2,3,0,0,2,2,true,402.6666666666667,172.98971499380423,606.15,1527708.9330864518,830007.4823090251,64.79612743546167,0
profile,tfl-numbat-2019-midweek,morning,6.666667,8.966666666666667,1,2,off,free-flow,4,1,940GZZLUEUS,0,3900,3037,1800,1793.3333333333333,b3b95630ed092780,269,269,0,0,179,90,5.966666666666667,54,80,8.333333333333334,10,true,1237,36,102,99,70,3,3,0,1,2,2,true,557.6666666666666,169.5063816604709,592.4333333333333,1562717.4246782553,841334.1600751729,65.00348971665413,0
profile,tfl-numbat-2019-midweek,morning,6.666667,8.966666666666667,1,3,off,free-flow,4,1,940GZZLUEUS,0,3900,2899,1800,1793.3333333333333,8e5746ead23083f4,269,269,0,0,176,93,5.866666666666666,55,79,8.066666666666666,14,true,1099,37,96,94,67,2,2,0,1,2,1,true,538.6666666666666,176.97323420074352,599.5666666666667,1523365.9803883918,884910.1680949142,63.25545271657418,0
profile,tfl-numbat-2019-midweek,morning,6,9.966666666666667,1,1,off,free-flow,4,1,940GZZLUEUS,0,3900,3642,1800,1794,1c08fe1ead694371,299,299,0,0,189,110,6.3,65,84,8.266666666666667,26,true,1842,46,116,111,81,2,2,1,1,2,2,true,894,193.36583054626533,1013.3833333333333,1693264.2938022662,1034494.2220327146,62.07530043340179,0
profile,tfl-numbat-2019-midweek,morning,6,9.966666666666667,1,2,off,free-flow,4,1,940GZZLUEUS,0,3900,2936,1800,1794,5d52463e8423e3e8,299,299,0,0,197,102,6.566666666666666,57,92,9.333333333333334,10,true,1136,45,112,106,73,3,2,0,1,1,1,true,513,193.25824972129323,598.75,1706138.2009060353,966771.9417865849,63.830735409134114,0
profile,tfl-numbat-2019-midweek,morning,6,9.966666666666667,1,3,off,free-flow,4,3,940GZZLUEUS,0,3900,2963,1800,1794,c3759d12dff30a69,299,299,0,0,193,106,6.433333333333334,59,90,8.933333333333334,16,true,1163,48,111,108,75,2,2,0,0,2,1,true,382,198.50217391304346,685.9333333333333,1697954.2424711438,1076929.3370459976,61.1901073978248,0
profile,tfl-numbat-2019-midweek,morning,5.4545449999999995,11,1,1,off,free-flow,4,4,940GZZLUEUS,0,3900,3588,1800,1798.5,c64244c66b891430,330,330,0,0,211,119,7.033333333333333,70,95,9.4,24,true,1788,54,127,114,75,2,2,0,1,2,2,true,840.5,232.77813131313133,1117.85,1862121.446983391,1304411.3867416363,58.8063205014312,0
profile,tfl-numbat-2019-midweek,morning,5.4545449999999995,11,1,2,off,free-flow,4,3,940GZZLUEUS,0,3900,3274,1800,1798.5,c421d6886132d7aa,330,330,0,0,208,122,6.933333333333334,59,106,9.933333333333334,16,true,1474,59,131,114,74,2,3,0,0,2,1,true,856.5,243.52782828282827,937.9166666666666,1875639.2046506954,1300386.9165072069,59.056164310351534,0
profile,tfl-numbat-2019-midweek,morning,5.4545449999999995,11,1,3,off,free-flow,4,5,940GZZLUEUS,0,3900,3122,1800,1798.5,bd64ac0fbdcacbce,330,330,0,0,198,132,6.6,59,106,9.266666666666667,26,true,1322,61,132,114,79,4,2,0,0,2,2,true,666.5,252.38287878787878,750.9333333333333,1867858.115132561,1279772.080059375,59.341726927952,0
profile,tfl-numbat-2019-midweek,morning,5,11.966666666666667,1,1,off,free-flow,4,7,940GZZLUEUS,0,3900,3395,1800,1795,5960e07ad149c806,359,359,0,0,208,151,6.933333333333334,73,106,9,45,true,1595,81,153,114,73,4,2,0,1,2,2,true,868,301.2803621169916,1045.0333333333333,2009945.822505952,1467071.8818306162,57.80660305523119,0
profile,tfl-numbat-2019-midweek,morning,5,11.966666666666667,1,2,off,free-flow,4,6,940GZZLUEUS,0,3900,3322,1800,1795,fd71a29997bbff89,359,359,0,0,215,144,7.166666666666667,68,111,9.8,33,true,1522,81,149,114,74,2,3,0,0,2,2,true,987,299.32042711234914,1104.3833333333334,2046391.3624434173,1446453.4545284656,58.58809851785896,0
profile,tfl-numbat-2019-midweek,morning,5,11.966666666666667,1,3,off,free-flow,4,5,940GZZLUEUS,0,3900,3497,1800,1795,53029c581d4402c7,359,359,0,0,203,156,6.766666666666667,61,118,9.466666666666667,38,true,1697,84,157,114,79,4,2,0,1,2,1,true,1095,318.955617455896,1139.25,2049046.3493467334,1557767.7433776737,56.810423178727966,0
profile,tfl-numbat-2019-midweek,morning,4.615385,13.033333333333333,1,1,off,free-flow,4,13,940GZZLUEUS,0,3900,3581,1800,1798.6,b9bdf89a2a5e69f2,391,391,0,0,233,158,7.766666666666667,78,117,10.333333333333334,41,true,1781,102,162,114,75,2,2,0,0,2,2,true,1006.4,323.7869565217391,1342.8833333333334,2169333.7464916143,1533498.070795473,58.58580280000391,0
profile,tfl-numbat-2019-midweek,morning,4.615385,13.033333333333333,1,2,off,free-flow,4,4,940GZZLUEUS,0,3900,3654,1800,1798.6,8b758b26ca8b1088,391,391,0,0,224,167,7.466666666666667,73,122,10.066666666666666,45,true,1854,108,167,114,76,3,4,0,0,2,2,true,955.4,352.70886615515775,1073.5333333333333,2237804.358422337,1598824.5333244596,58.32736033542918,0
profile,tfl-numbat-2019-midweek,morning,4.615385,13.033333333333333,1,3,off,free-flow,4,13,940GZZLUEUS,0,3900,3619,1800,1798.6,7433030a10576159,391,391,0,0,212,179,7.066666666666666,67,128,9.666666666666666,51,true,1819,108,179,114,79,2,3,0,0,2,2,true,1215.4,378.11977834612105,1403.8833333333334,2177871.469664774,1673323.494374607,56.55053794992717,0
profile,tfl-numbat-2019-midweek,morning,4.2857140000000005,14,1,1,off,free-flow,4,23,940GZZLUEUS,0,3900,3697,1800,1799,8f257d775b622b3f,420,420,0,0,221,199,7.366666666666666,79,131,9.466666666666667,68,true,1897,128,202,114,72,3,3,0,1,1,2,true,1309,433.2872222222222,1336.1166666666666,2323407.622798664,1797028.170211049,56.387424522918344,0
profile,tfl-numbat-2019-midweek,morning,4.2857140000000005,14,1,2,off,free-flow,4,10,940GZZLUEUS,0,3900,3693,1800,1799,147acec647511cf7,420,420,0,0,224,196,7.466666666666667,76,134,9.866666666666667,62,true,1893,140,196,114,76,3,3,0,1,2,1,true,1421,452.98023809523806,1497.4166666666667,2348723.1379429675,1875323.0509855875,55.603632936095565,0
profile,tfl-numbat-2019-midweek,morning,4.2857140000000005,14,1,3,off,free-flow,4,23,940GZZLUEUS,0,3900,3824,1800,1799,a415c0f5b05ea09e,420,420,0,0,221,199,7.366666666666666,73,137,9.866666666666667,62,true,2024,130,199,114,72,5,2,0,1,2,1,true,1266,437.9949603174603,1420.0166666666667,2271118.0314763202,1819627.4593336682,55.51843879259835,0
profile,tfl-numbat-2019-midweek,morning,4,14.966666666666667,1,1,off,free-flow,4,25,940GZZLUEUS,0,3900,3720,1800,1796,770f9d7a64f87d13,449,449,0,0,230,219,7.666666666666667,81,143,9.933333333333334,76,true,1920,155,222,114,71,3,2,0,1,2,2,true,1327,483.8414625092799,1550.2333333333333,2485174.6906853695,1916049.6242176765,56.46553124480126,0
profile,tfl-numbat-2019-midweek,morning,4,14.966666666666667,1,2,off,free-flow,4,16,940GZZLUEUS,0,3900,3735,1800,1796,7d616be7f0c36e85,449,449,0,0,229,220,7.633333333333334,77,147,10.133333333333333,73,true,1935,155,220,114,72,4,3,0,1,2,2,true,1403,502.8559391239792,1510.8666666666666,2459886.122147473,1975368.5674408735,55.46211648052583,0
profile,tfl-numbat-2019-midweek,morning,4,14.966666666666667,1,3,off,free-flow,4,32,940GZZLUEUS,0,3900,3900,1800,1796,a0ab47d20ba11e88,449,448,1,0,221,228,7.366666666666666,74,150,9.8,78,false,0,149,231,114,76,3,3,0,0,1,1,true,1360,486.49888641425395,1419.9,2398730.98408365,1866144.948053799,56.24386318036375,0
profile,tfl-numbat-2019-midweek,am-peak,60,0.9666666666666667,1,1,off,free-flow,4,0,940GZZLUEUS,0,3900,2434,1800,1740,91f17b3654b28322,29,29,0,0,23,6,0.7666666666666667,7,7,1.0666666666666667,-1,true,634,2,9,9,9,0,1,0,0,2,1,true,0,15.32183908045977,205.88333333333333,170038.47935630876,26973.178481395626,86.30884142723383,0
profile,tfl-numbat-2019-midweek,am-peak,60,0.9666666666666667,1,2,off,free-flow,4,0,940GZZLUEUS,0,3900,2352,1800,1740,13a4fdcb6e345e29,29,29,0,0,22,7,0.7333333333333333,9,5,0.8666666666666667,2,true,552,3,8,8,8,0,1,0,0,1,1,true,0,35.66149425287357,161.31666666666666,139007.43371350633,52748.269490098595,72.49194229488401,0
profile,tfl-numbat-2019-midweek,am-peak,60,0.9666666666666667,1,3,off,free-flow,4,0,940GZZLUEUS,0,3900,2652,1800,1740,2a25d7a620a8b34d,29,29,0,0,20,9,0.6666666666666666,7,7,0.8666666666666667,2,true,852,2,10,10,9,1,0,0,0,1,1,true,0,40.935057471264365,207.15,165121.07575321395,77354.64328737644,68.09798375134325,0
profile,tfl-numbat-2019-midweek,am-peak,30,1.9666666666666666,1,1,off,free-flow,4,0,940GZZLUEUS,0,3900,2416,1800,1770,b005b6d375179000,59,59,0,0,48,11,1.6,16,13,2.1333333333333333,-2,true,616,2,18,18,17,1,1,0,0,2,1,true,88,22.951412429378532,207.15,318439.65233857644,83579.30168585772,79.210109162968,0
profile,tfl-numbat-2019-midweek,am-peak,30,1.9666666666666666,1,2,off,free-flow,4,0,940GZZLUEUS,0,3900,2522,1800,1770,81208d9b58d5f9ff,59,59,0,0,44,15,1.4666666666666666,19,10,1.6666666666666667,5,true,722,5,17,17,16,1,1,0,0,1,1,true,211,47.07118644067796,240.4,299285.06624609604,154044.9133985241,66.01925301316166,0
profile,tfl-numbat-2019-midweek,am-peak,30,1.9666666666666666,1,3,off,free-flow,4,0,940GZZLUEUS,0,3900,2632,1800,1770,dbc46e79bcf53e4f,59,59,0,0,44,15,1.4666666666666666,15,14,1.9333333333333333,1,true,832,5,21,20,20,1,0,0,0,1,1,true,103,58.93022598870057,271.8833333333333,329065.43679483025,194231.391368696,62.8831323036416,0
profile,tfl-numbat-2019-midweek,am-peak,20,2.966666666666667,1,1,off,free-flow,4,0,940GZZLUEUS,0,3900,2697,1800,1780,66f80c9375c76554,89,89,0,0,68,21,2.2666666666666666,22,22,3.066666666666667,-1,true,897,6,27,27,24,1,1,0,0,2,1,true,352,53.92378277153558,391.53333333333336,490565.84760020924,229479.91170061615,68.12981553791187,0
profile,tfl-numbat-2019-midweek,am-peak,20,2.966666666666667,1,2,off,free-flow,4,0,940GZZLUEUS,0,3900,2810,1800,1780,e9fa7be6e6bf2313,89,89,0,0,65,24,2.1666666666666665,25,19,2.6666666666666665,5,true,1010,9,28,27,22,1,1,0,0,2,1,true,322,78.11947565543072,421.1666666666667,457548.8912399655,239083.79428280643,65.68007800216961,0
profile,tfl-numbat-2019-midweek,am-peak,20,2.966666666666667,1,3,off,free-flow,4,0,940GZZLUEUS,0,3900,2503,1800,1780,06bdf1662b8a1f89,89,89,0,0,66,23,2.2,21,23,3,0,true,703,8,29,29,26,1,2,0,0,1,1,true,272,73.54550561797753,386.1666666666667,473934.72717816423,235606.73304839572,66.7945079667134,0
profile,tfl-numbat-2019-midweek,am-peak,15,3.966666666666667,1,1,off,free-flow,4,0,940GZZLUEUS,0,3900,2528,1800,1785,a78b0f070e897eab,119,119,0,0,86,33,2.8666666666666667,26,33,4,0,true,728,12,35,35,32,1,2,0,0,2,1,true,182,66.19313725490196,433.7,637674.0092436471,298034.1403438079,68.14881429907302,0
profile,tfl-numbat-2019-midweek,am-peak,15,3.966666666666667,1,2,off,free-flow,4,0,940GZZLUEUS,0,3900,2853,1800,1785,5a5f0ba061327b6a,119,119,0,0,83,36,2.7666666666666666,33,26,3.3333333333333335,10,true,1053,14,38,38,30,1,1,0,0,2,1,true,219,98.09677871148459,548.5666666666667,640314.23758406,353378.23697646137,64.43786724532161,0
profile,tfl-numbat-2019-midweek,am-peak,15,3.966666666666667,1,3,off,free-flow,4,0,940GZZLUEUS,0,3900,2762,1800,1785,c3c03c914bb6c564,119,119,0,0,89,30,2.966666666666667,27,32,4.133333333333334,-2,true,962,13,35,35,30,2,2,0,0,2,1,true,312,92.78697478991597,391.53333333333336,644545.7968098928,333229.9738274521,65.91959180884157,0
profile,tfl-numbat-2019-midweek,am-peak,12,4.966666666666667,1,1,off,free-flow,4,0,940GZZLUEUS,0,3900,2819,1800,1788,f2c28309e2ce7687,149,149,0,0,112,37,3.7333333333333334,32,42,5.333333333333333,-5,true,1019,15,45,45,38,2,2,0,0,2,1,true,279,80.04608501118568,463.68333333333334,822865.9539020788,398436.6523770603,67.3760908780052,0
profile,tfl-numbat-2019-midweek,am-peak,12,4.966666666666667,1,2,off,free-flow,4,0,940GZZLUEUS,0,3900,2596,1800,1788,4f469d7049de7204,149,149,0,0,106,43,3.533333333333333,38,36,4.533333333333333,7,true,796,15,47,47,41,1,1,0,0,2,1,true,150,103.66152125279642,551.7333333333333,803503.8074594451,418357.7656418244,65.76062502890822,0
profile,tfl-numbat-2019-midweek,am-peak,12,4.966666666666667,1,3,off,free-flow,4,0,940GZZLUEUS,0,3900,2742,1800,1788,fb7bde77c7f4ae02,149,149,0,0,102,47,3.4,34,40,4.533333333333333,7,true,942,19,48,47,37,1,2,0,0,1,2,true,466,109.87885906040268,477.73333333333335,792965.537800214,405558.6763519258,66.16182872543578,0
profile,tfl-numbat-2019-midweek,am-peak,10,5.966666666666667,1,1,off,free-flow,4,0,940GZZLUEUS,0,3900,2689,1800,1790,523cd75d5a7198e9,179,179,0,0,128,51,4.266666666666667,45,44,5.533333333333333,7,true,889,16,54,54,43,1,2,0,0,2,2,true,289,96.56266294227187,450.8833333333333,983928.6678970043,464139.1167452707,67.94769404666165,0
profile,tfl-numbat-2019-midweek,am-peak,10,5.966666666666667,1,2,off,free-flow,4,0,940GZZLUEUS,0,3900,3042,1800,1790,1b0e7b93da5a461c,179,179,0,0,122,57,4.066666666666666,41,48,5.4,9,true,1242,20,57,57,47,1,2,0,0,2,1,true,246,112.00772811918064,541.3833333333333,996777.3200693333,509326.55710982234,66.1825080708403,0
profile,tfl-numbat-2019-midweek,am-peak,10,5.966666666666667,1,3,off,free-flow,4,0,940GZZLUEUS,0,3900,2547,1800,1790,03cb8a2c06b5ed7f,179,179,0,0,124,55,4.133333333333334,42,47,5.466666666666667,8,true,747,19,61,60,45,4,2,0,0,2,2,true,282,114.69143389199255,488.3833333333333,937552.5505310727,416413.4009604888,69.24491339669525,0
profile,tfl-numbat-2019-midweek,am-peak,8.571429,7,1,1,off,free-flow,4,0,940GZZLUEUS,0,3900,3025,1800,1799,1cdd19da9c40d2c2,210,210,0,0,142,68,4.733333333333333,50,55,6.133333333333334,13,true,1225,23,68,67,49,1,2,0,0,2,2,true,479,120.47190476190477,607.3,1170652.6995252215,603747.0484429502,65.97457539462071,0
profile,tfl-numbat-2019-midweek,am-peak,8.571429,7,1,2,off,free-flow,4,0,940GZZLUEUS,0,3900,2774,1800,1799,b57b46766d35932b,210,210,0,0,143,67,4.766666666666667,48,57,6.333333333333333,10,true,974,25,70,70,59,2,2,0,0,2,1,true,208,115.39150793650794,562.3166666666667,1157418.3185656606,537516.3033354902,68.28690048631042,0
profile,tfl-numbat-2019-midweek,am-peak,8.571429,7,1,3,off,free-flow,4,0,940GZZLUEUS,0,3900,2786,1800,1799,4467f8d100e65ee9,210,210,0,0,148,62,4.933333333333334,49,56,6.6,6,true,986,23,68,68,52,2,2,0,0,2,2,true,314,121.78095238095239,511.71666666666664,1107182.2861482194,496390.3750735198,69.04472200870978,0
profile,tfl-numbat-2019-midweek,am-peak,7.5,7.966666666666667,1,1,off,free-flow,4,0,940GZZLUEUS,0,3900,2812,1800,1792.5,c5bb3efd32d68016,239,239,0,0,160,79,5.333333333333333,56,63,6.933333333333334,16,true,1012,31,80,78,56,1,3,0,0,2,2,true,312.5,132.46889818688982,601.9333333333333,1335473.5669449687,666889.3186699825,66.69488215842694,0
profile,tfl-numbat-2019-midweek,am-peak,7.5,7.966666666666667,1,2,off,free-flow,4,2,940GZZLUEUS,0,3900,2601,1800,1792.5,68d8ac9c4adb685f,239,239,0,0,166,73,5.533333333333333,54,65,7.466666666666667,8,true,801,26,84,80,69,2,2,0,0,2,2,true,153.5,119.2626220362622,562.3166666666667,1268619.1041582236,595965.6718932686,68.03761998125364,0
profile,tfl-numbat-2019-midweek,am-peak,7.5,7.966666666666667,1,3,off,free-flow,4,1,940GZZLUEUS,0,3900,2827,1800,1792.5,e058693e89b7cdb5,239,239,0,0,167,72,5.566666666666666,55,64,7.466666666666667,8,true,1027,28,79,77,58,2,3,0,0,2,2,true,311.5,128.21910739191074,533.4666666666667,1248741.3568837876,593975.0674833396,67.76633346135515,0
profile,tfl-numbat-2019-midweek,am-peak,6.666667,8.966666666666667,1,1,off,free-flow,4,1,940GZZLUEUS,0,3900,2970,1800,1793.3333333333333,49a37ab7a7c4d1c5,269,269,0,0,178,91,5.933333333333334,66,68,7.466666666666667,23,true,1170,34,93,90,63,2,4,1,0,2,2,true,509.6666666666667,147.57967781908303,597.8666666666667,1454869.1995747136,735095.4975322955,66.433454452331,0
profile,tfl-numbat-2019-midweek,am-peak,6.666667,8.966666666666667,1,2,off,free-flow,4,0,940GZZLUEUS,0,3900,2767,1800,1793.3333333333333,5298a0fc6c131c1b,269,269,0,0,187,82,6.233333333333333,56,78,8.733333333333333,4,true,967,32,93,91,72,1,2,0,1,2,2,true,486.6666666666667,136.94578686493185,567.6833333333333,1449676.529278628,673146.4017145006,68.29003531634267,0
profile,tfl-numbat-2019-midweek,am-peak,6.666667,8.966666666666667,1,3,off,free-flow,4,0,940GZZLUEUS,0,3900,3077,1800,1793.3333333333333,211dd28cc9405e83,269,269,0,0,190,79,6.333333333333333,64,70,8.4,9,true,1277,33,88,87,63,2,3,0,0,1,1,true,426.6666666666667,142.56121437422553,606.15,1422083.7636322028,697423.9491953234,67.09500300591377,0
profile,tfl-numbat-2019-midweek,am-peak,6,9.966666666666667,1,1,off,free-flow,4,0,940GZZLUEUS,0,3900,3079,1800,1794,ec993b94e97e8c08,299,299,0,0,196,103,6.533333333333333,67,82,8.6,21,true,1279,42,104,102,70,2,4,0,1,2,2,true,466,159.52720178372354,637.2833333333333,1599807.3212751518,824954.9471281095,65.97790398349635,0
profile,tfl-numbat-2019-midweek,am-peak,6,9.966666666666667,1,2,off,free-flow,4,2,940GZZLUEUS,0,3900,2799,1800,1794,cff3592b57bdace5,299,299,0,0,210,89,7,58,91,10.133333333333333,-2,true,999,35,104,102,75,2,2,0,1,2,2,true,448,146.93277591973245,567.6833333333333,1596294.4144134896,772305.1489291148,67.39401793018885,0
profile,tfl-numbat-2019-midweek,am-peak,6,9.966666666666667,1,3,off,free-flow,4,0,940GZZLUEUS,0,3900,2910,1800,1794,44eaa9db7e5a8804,299,299,0,0,204,95,6.8,70,79,8.933333333333334,16,true,1110,39,102,99,72,2,3,0,0,1,1,true,425,160.65735785953177,600.65,1574501.6209536379,878542.4926170358,64.18562194797953,0
profile,tfl-numbat-2019-midweek,am-peak,5.4545449999999995,11,1,1,off,free-flow,4,1,940GZZLUEUS,0,3900,3334,1800,1798.5,d27211c532c656cc,330,330,0,0,216,114,7.2,75,90,9.4,24,true,1534,51,117,114,73,3,4,0,1,2,2,true,699.5,186.6130303030303,1040.2333333333333,1781076.9013144367,1071300.2542762454,62.441844263950564,0
profile,tfl-numbat-2019-midweek,am-peak,5.4545449999999995,11,1,2,off,free-flow,4,2,940GZZLUEUS,0,3900,2992,1800,1798.5,b1938ab1a755350f,330,330,0,0,225,105,7.5,62,103,10.866666666666667,2,true,1192,43,116,110,80,3,3,0,0,1,2,true,546.5,170.49161616161615,678.7333333333333,1757135.7680749958,977289.0122195533,64.25979535943641,0
profile,tfl-numbat-2019-midweek,am-peak,5.4545449999999995,11,1,3,off,free-flow,4,1,940GZZLUEUS,0,3900,2869,1800,1798.5,8d37e544ed24f656,330,330,0,0,223,107,7.433333333333334,72,93,10.066666666666666,14,true,1069,45,113,109,75,2,3,0,1,1,2,true,535.5,173.79550505050506,676.7166666666667,1720641.7319433233,1007378.8210892674,63.072902072918055,0
profile,tfl-numbat-2019-midweek,am-peak,5,11.966666666666667,1,1,off,free-flow,4,9,940GZZLUEUS,0,3900,3514,1800,1795,03cdebea63353488,359,359,0,0,222,137,7.4,77,102,9.666666666666666,35,true,1714,66,138,114,74,3,6,0,1,2,2,true,880,224.61174558960073,1049.6166666666666,1896156.2654704389,1273002.3682003021,59.83153526379897,0
profile,tfl-numbat-2019-midweek,am-peak,5,11.966666666666667,1,2,off,free-flow,4,1,940GZZLUEUS,0,3900,3017,1800,1795,1ce863a45082331f,359,359,0,0,236,123,7.866666666666666,67,112,11.266666666666667,11,true,1217,62,131,114,82,2,3,0,0,1,2,true,647,226.1044103992572,982.25,1890923.5425795552,1152546.665606729,62.13050936044569,0
profile,tfl-numbat-2019-midweek,am-peak,5,11.966666666666667,1,3,off,free-flow,4,1,940GZZLUEUS,0,3900,3179,1800,1795,274627ca8e822360,359,359,0,0,233,126,7.766666666666667,75,104,10.533333333333333,22,true,1379,66,133,114,73,5,3,0,0,1,2,true,742,236.89363974001856,850.8833333333333,1894464.2515436208,1311343.9452020135,59.09474726113621,0
profile,tfl-numbat-2019-midweek,am-peak,4.615385,13.033333333333333,1,1,off,free-flow,4,11,940GZZLUEUS,0,3900,3445,1800,1798.6,ea9a92c10a2e02f6,391,391,0,0,235,156,7.833333333333333,82,113,10.2,43,true,1645,87,162,114,75,3,6,1,1,2,2,true,981.4,287.40451832907075,1089.4333333333334,2070351.065915569,1451452.5750650251,58.78666947312004,0
profile,tfl-numbat-2019-midweek,am-peak,4.615385,13.033333333333333,1,2,off,free-flow,4,6,940GZZLUEUS,0,3900,3320,1800,1798.6,0e4f347011d2dd56,391,391,0,0,236,155,7.866666666666666,72,123,10.933333333333334,32,true,1520,93,156,114,78,3,6,0,2,1,2,true,966.4,309.76304347826084,1095.6,2052647.8536944147,1416655.2530990636,59.16599935229025,0
profile,tfl-numbat-2019-midweek,am-peak,4.615385,13.033333333333333,1,3,off,free-flow,4,10,940GZZLUEUS,0,3900,3439,1800,1798.6,629b0a4814791cff,391,391,0,0,242,149,8.066666666666666,77,118,11,31,true,1639,90,156,114,75,4,3,0,1,1,2,true,1006.4,293.8691815856777,1047.05,2011154.9145933937,1480775.4384173153,57.59435931645645,0
profile,tfl-numbat-2019-midweek,am-peak,4.2857140000000005,14,1,1,off,free-flow,4,12,940GZZLUEUS,0,3900,3777,1800,1799,24df56c9a0e2d1b9,420,420,0,0,236,184,7.866666666666666,86,124,10,60,true,1977,112,187,114,71,2,6,0,1,2,1,true,1165,361.8572619047619,1288.2,2221840.10219912,1669707.3997124794,57.09399926655685,0
profile,tfl-numbat-2019-midweek,am-peak,4.2857140000000005,14,1,2,off,free-flow,4,17,940GZZLUEUS,0,3900,3611,1800,1799,ad09ad1e7b111875,420,420,0,0,238,182,7.933333333333334,79,131,10.6,51,true,1811,115,183,114,77,4,6,0,0,1,2,true,1018,351.86126984126986,1105.9666666666667,2152828.818315373,1585787.7756269579,57.58356772405052,0
profile,tfl-numbat-2019-midweek,am-peak,4.2857140000000005,14,1,3,off,free-flow,4,13,940GZZLUEUS,0,3900,3373,1800,1799,faba3276afd301f0,420,420,0,0,248,172,8.266666666666667,84,126,10.933333333333334,46,true,1573,107,177,114,71,5,5,1,0,1,2,true,988,347.04837301587304,1124.1333333333334,2160956.6769045857,1622100.2318976691,57.12197117300995,0
profile,tfl-numbat-2019-midweek,am-peak,4,14.966666666666667,1,1,off,free-flow,4,23,940GZZLUEUS,0,3900,3553,1800,1796,e9e681de5348b2c1,449,449,0,0,241,208,8.033333333333333,91,133,10,75,true,1753,142,212,114,70,3,4,0,1,2,1,true,1112,427.33878990348927,1302.0166666666667,2313397.5538777513,1790964.4621092745,56.364364178080926,0
profile,tfl-numbat-2019-midweek,am-peak,4,14.966666666666667,1,2,off,free-flow,4,25,940GZZLUEUS,0,3900,3877,1800,1796,15fe1f6c8c9c1257,449,449,0,0,246,203,8.2,83,141,10.866666666666667,62,true,2077,135,203,114,77,4,5,0,1,1,2,true,1221,399.5634001484781,1296.8,2246826.0774291707,1671281.4364141156,57.344676466655976,0
profile,tfl-numbat-2019-midweek,am-peak,4,14.966666666666667,1,3,off,free-flow,4,19,940GZZLUEUS,0,3900,3558,1800,1796,57f343b118d7dc71,449,449,0,0,250,199,8.333333333333334,82,142,11.2,57,true,1758,134,199,114,71,5,6,1,1,2,2,true,1093,404.45720118782475,1251.5666666666666,2309594.3408278218,1761997.047238459,56.72461012657551,0
profile,tfl-numbat-2019-midweek,interpeak,60,0.9666666666666667,1,1,off,free-flow,4,0,940GZZLUEUS,0,3900,2269,1800,1740,2c08c203aad74678,29,29,0,0,24,5,0.8,7,7,1.1333333333333333,-2,true,469,2,9,9,9,0,0,0,0,1,1,true,0,33.50689655172414,205.88333333333333,142008.84649967361,34596.459244340076,80.41029452734163,0
profile,tfl-numbat-2019-midweek,interpeak,60,0.9666666666666667,1,2,off,free-flow,4,0,940GZZLUEUS,0,3900,2141,1800,1740,dbceb7018c3ce1a4,29,29,0,0,23,6,0.7666666666666667,9,5,0.9333333333333333,1,true,341,2,8,8,8,0,1,0,0,2,1,true,0,33.244827586206895,122.75,132883.3756310494,44485.521463630954,74.9192095162635,0
profile,tfl-numbat-2019-midweek,interpeak,60,0.9666666666666667,1,3,off,free-flow,4,0,940GZZLUEUS,0,3900,2204,1800,1740,6e32fb4454e823d6,29,29,0,0,23,6,0.7666666666666667,7,7,1.0666666666666667,-1,true,404,2,9,9,8,0,2,0,0,2,1,true,0,22.107471264367817,149.66666666666666,135333.7822177885,60451.6033972607,69.12353636235143,0
profile,tfl-numbat-2019-midweek,interpeak,30,1.9666666666666666,1,1,off,free-flow,4,0,940GZZLUEUS,0,3900,2374,1800,1770,5c50291a262c6011,59,59,0,0,49,10,1.6333333333333333,15,14,2.2666666666666666,-4,true,574,4,16,16,15,1,0,0,0,1,1,true,0,39.94406779661017,205.88333333333333,284493.14340539655,72024.60249994078,79.79775107209818,0
profile,tfl-numbat-2019-midweek,interpeak,30,1.9666666666666666,1,2,off,free-flow,4,0,940GZZLUEUS,0,3900,2498,1800,1770,4be260785c883112,59,59,0,0,48,11,1.6,15,14,2.2,-3,true,698,4,15,15,15,1,1,0,0,2,1,true,114,40.13757062146893,168.25,292404.32282980904,58514.1192852463,83.32543626588274,0
profile,tfl-numbat-2019-midweek,interpeak,30,1.9666666666666666,1,3,off,free-flow,4,0,940GZZLUEUS,0,3900,2660,1800,1770,7241b35501f39f8e,59,59,0,0,45,14,1.5,21,8,1.6,6,true,860,4,17,17,16,1,2,0,1,2,1,true,106,30.952542372881354,160.5,300435.89641602524,144065.56466602097,67.58940582212635,0
profile,tfl-numbat-2019-midweek,interpeak,20,2.966666666666667,1,1,off,free-flow,4,0,940GZZLUEUS,0,3900,2503,1800,1780,016a76ba6d0b3cca,89,89,0,0,68,21,2.2666666666666666,27,17,2.7333333333333334,4,true,703,5,24,24,23,1,1,0,0,1,1,true,105,44.34325842696629,266.95,448852.7228849647,145964.5769380715,75.46060328415173,0
profile,tfl-numbat-2019-midweek,interpeak,20,2.966666666666667,1,2,off,free-flow,4,0,940GZZLUEUS,0,3900,2487,1800,1780,ed9a2bc8a5a94c22,89,89,0,0,67,22,2.2333333333333334,21,23,3.066666666666667,-1,true,687,7,26,26,22,1,1,0,0,2,1,true,159,56.746629213483146,278.1333333333333,453788.0439817284,119971.4189949248,79.09029362713858,0
profile,tfl-numbat-2019-midweek,interpeak,20,2.966666666666667,1,3,off,free-flow,4,0,940GZZLUEUS,0,3900,2577,1800,1780,93ff18cb310a4748,89,89,0,0,64,25,2.1333333333333333,24,20,2.6666666666666665,5,true,777,8,26,26,23,1,2,0,0,2,1,true,278,50.55018726591761,343.9,460631.3039608765,177264.8150310342,72.21102155141311,0
profile,tfl-numbat-2019-midweek,interpeak,15,3.966666666666667,1,1,off,free-flow,4,0,940GZZLUEUS,0,3900,2293,1800,1785,4ea77286324758fc,119,119,0,0,93,26,3.1,32,27,4.066666666666666,-1,true,493,6,32,32,30,1,1,0,0,1,1,true,118,43.53263305322129,206.4,598403.1913077412,178162.4865890891,77.05764088472134,0
profile,tfl-numbat-2019-midweek,interpeak,15,3.966666666666667,1,2,off,free-flow,4,0,940GZZLUEUS,0,3900,2553,1800,1785,b737ae9d8f011316,119,119,0,0,90,29,3,34,25,3.7333333333333334,4,true,753,9,35,35,29,1,1,0,0,2,1,true,250,68.08697478991597,428.3333333333333,602265.0191910288,202965.46317167152,74.79411576966982,0
profile,tfl-numbat-2019-midweek,interpeak,15,3.966666666666667,1,3,off,free-flow,4,0,940GZZLUEUS,0,3900,2328,1800,1785,54ac03234b7a10bc,119,119,0,0,87,32,2.9,33,26,3.6,6,true,528,8,33,33,29,1,1,0,0,2,1,true,107,50.739635854341735,354.6166666666667,606439.6271324672,193498.94952422346,75.81077408056203,0
profile,tfl-numbat-2019-midweek,interpeak,12,4.966666666666667,1,1,off,free-flow,4,0,940GZZLUEUS,0,3900,2592,1800,1788,b497ea2af025e0c1,149,149,0,0,115,34,3.8333333333333335,42,32,4.866666666666666,2,true,792,8,39,39,37,1,1,0,0,2,1,true,182,50.64675615212528,272.3,743467.8495548741,279770.67075153685,72.65831326719807,0
profile,tfl-numbat-2019-midweek,interpeak,12,4.966666666666667,1,2,off,free-flow,4,0,940GZZLUEUS,0,3900,2438,1800,1788,430d9157d388d3e5,149,149,0,0,109,40,3.6333333333333333,41,33,4.533333333333333,7,true,638,10,44,44,38,1,1,0,0,2,2,true,123,74.31957494407159,428.3333333333333,753630.4193968846,242901.0112832836,75.62535372140796,0
profile,tfl-numbat-2019-midweek,interpeak,12,4.966666666666667,1,3,off,free-flow,4,0,940GZZLUEUS,0,3900,2829,1800,1788,5f97c3f949109a0b,149,149,0,0,113,36,3.7666666666666666,43,31,4.666666666666667,5,true,1029,11,43,42,37,1,1,0,0,2,1,true,116,59.88624161073825,354.6166666666667,777603.6360982613,279609.74573900184,73.55219385767838,0
profile,tfl-numbat-2019-midweek,interpeak,10,5.966666666666667,1,1,off,free-flow,4,0,940GZZLUEUS,0,3900,2680,1800,1790,0b930e4ca4da8510,179,179,0,0,140,39,4.666666666666667,49,40,6.066666666666666,-1,true,880,11,48,48,44,1,2,0,0,1,2,true,284,65.88836126629423,343.93333333333334,892438.6184711724,314901.25715456076,73.91776222156535,0
profile,tfl-numbat-2019-midweek,interpeak,10,5.966666666666667,1,2,off,free-flow,4,0,940GZZLUEUS,0,3900,2531,1800,1790,43a17175be512ece,179,179,0,0,135,44,4.5,47,42,5.866666666666666,2,true,731,13,53,53,46,2,1,0,0,2,1,true,274,77.68491620111732,428.3333333333333,895696.2663495012,295240.838975129,75.20936767734253,0
profile,tfl-numbat-2019-midweek,interpeak,10,5.966666666666667,1,3,off,free-flow,4,0,940GZZLUEUS,0,3900,2531,1800,1790,2cca81f5af10a5a2,179,179,0,0,135,44,4.5,48,41,5.8,3,true,731,11,51,51,42,1,2,0,0,2,1,true,90,62.22811918063314,354.6166666666667,912303.2580397819,307992.7031805837,74.76081926284722,0
profile,tfl-numbat-2019-midweek,interpeak,8.571429,7,1,1,off,free-flow,4,0,940GZZLUEUS,0,3900,2497,1800,1799,377f35b408a2d0b6,210,210,0,0,161,49,5.366666666666666,52,53,7.266666666666667,-4,true,697,14,57,56,46,1,3,0,1,1,2,true,269,71.08880952380952,343.9,1021603.0248781897,370948.9147235522,73.36193328418038,0
profile,tfl-numbat-2019-midweek,interpeak,8.571429,7,1,2,off,free-flow,4,0,940GZZLUEUS,0,3900,2667,1800,1799,0e4e63e12088df38,210,210,0,0,153,57,5.1,48,57,7,0,true,867,16,61,61,50,1,3,0,0,2,2,true,155,85.75007936507936,350.51666666666665,1051797.288480152,413885.2796593862,71.761601819093,0
profile,tfl-numbat-2019-midweek,interpeak,8.571429,7,1,3,off,free-flow,4,1,940GZZLUEUS,0,3900,2852,1800,1799,d32fc6ced69f7580,210,210,0,0,162,48,5.4,53,52,7.266666666666667,-4,true,1052,12,58,57,53,1,3,0,1,2,2,true,233,63.727380952380955,354.6166666666667,1061015.0248850682,366416.9020344296,74.33034142474423,0
profile,tfl-numbat-2019-midweek,interpeak,7.5,7.966666666666667,1,1,off,free-flow,4,0,940GZZLUEUS,0,3900,2623,1800,1792.5,f9552f5f1b0bf1c2,239,239,0,0,176,63,5.866666666666666,60,59,7.733333333333333,4,true,823,19,66,65,53,2,2,0,0,1,1,true,222.5,84.74588563458856,469.5,1190963.7025676854,399451.04965005897,74.88384403546013,0
profile,tfl-numbat-2019-midweek,interpeak,7.5,7.966666666666667,1,2,off,free-flow,4,0,940GZZLUEUS,0,3900,2478,1800,1792.5,8b0ec28e29fb5d6c,239,239,0,0,177,62,5.9,54,65,8.2,-3,true,678,19,69,68,58,2,2,0,0,2,2,true,208.5,89.85,463.68333333333334,1172461.0807986956,391916.7588093849,74.94743604220507,0
profile,tfl-numbat-2019-midweek,interpeak,7.5,7.966666666666667,1,3,off,free-flow,4,1,940GZZLUEUS,0,3900,3148,1800,1792.5,32aa5186f5b4a850,239,239,0,0,178,61,5.933333333333334,57,62,8.066666666666666,-1,true,1348,16,68,68,59,1,3,1,1,2,2,true,344.5,75.5813110181311,433.7,1229662.0095662414,445585.0206186266,73.40183193343998,0
profile,tfl-numbat-2019-midweek,interpeak,6.666667,8.966666666666667,1,1,off,free-flow,4,2,940GZZLUEUS,0,3900,2762,1800,1793.3333333333333,2ce7017da63f1ce0,269,269,0,0,200,69,6.666666666666667,64,70,9.066666666666666,-1,true,962,22,76,75,61,2,2,0,0,2,2,true,307.6666666666667,95.90161090458489,570,1338799.5143200688,517004.9265413796,72.14119574466638,0
profile,tfl-numbat-2019-midweek,interpeak,6.666667,8.966666666666667,1,2,off,free-flow,4,0,940GZZLUEUS,0,3900,2469,1800,1793.3333333333333,2a8809aeeb74e8bf,269,269,0,0,201,68,6.7,59,75,9.466666666666667,-7,true,669,23,78,76,64,1,2,0,1,2,2,true,192.66666666666666,95.78847583643122,421.8666666666667,1290257.2132145732,461235.008608858,73.66616860401021,0
profile,tfl-numbat-2019-midweek,interpeak,6.666667,8.966666666666667,1,3,off,free-flow,4,2,940GZZLUEUS,0,3900,2794,1800,1793.3333333333333,974cc1866ce0a089,269,269,0,0,201,68,6.7,61,73,9.333333333333334,-5,true,994,22,75,74,67,2,3,0,0,2,1,true,384.6666666666667,83.31852540272615,437.53333333333336,1352438.137350073,477420.556369991,73.90943038342458,0
profile,tfl-numbat-2019-midweek,interpeak,6,9.966666666666667,1,1,off,free-flow,4,1,940GZZLUEUS,0,3900,2624,1800,1794,ee9fd27577dc17b2,299,299,0,0,217,82,7.233333333333333,69,80,9.866666666666667,2,true,824,26,88,85,67,2,2,0,0,2,2,true,321,109.29113712374581,573,1485573.8694806832,607585.011113614,70.97281927585419,0
profile,tfl-numbat-2019-midweek,interpeak,6,9.966666666666667,1,2,off,free-flow,4,2,940GZZLUEUS,0,3900,2685,1800,1794,9c6d663f282f98ba,299,299,0,0,225,74,7.5,65,84,10.666666666666666,-10,true,885,28,89,86,67,2,2,0,0,1,1,true,398,111.023745819398,464.3333333333333,1427584.2790375166,628436.5585217096,69.43432931021515,0
profile,tfl-numbat-2019-midweek,interpeak,6,9.966666666666667,1,3,off,free-flow,4,1,940GZZLUEUS,0,3900,2707,1800,1794,cae5e030155a2225,299,299,0,0,223,76,7.433333333333334,69,80,10.266666666666667,-4,true,907,24,86,84,75,3,3,0,0,2,2,true,293,97.59464882943143,466.35,1487169.0361299482,562113.1654610094,72.57024117885699,0
profile,tfl-numbat-2019-midweek,interpeak,5.4545449999999995,11,1,1,off,free-flow,4,5,940GZZLUEUS,0,3900,3183,1800,1798.5,df2e08305f707806,330,330,0,0,230,100,7.666666666666667,74,91,10.4,9,true,1383,36,100,97,72,2,4,0,1,1,2,true,676.5,136.0628282828283,714.3,1631339.4915400124,804995.4982181733,66.95875150165324,0
profile,tfl-numbat-2019-midweek,interpeak,5.4545449999999995,11,1,2,off,free-flow,4,1,940GZZLUEUS,0,3900,2723,1800,1798.5,aaf9361694744c1c,330,330,0,0,243,87,8.1,74,91,11.266666666666667,-4,true,923,36,103,98,78,3,3,0,0,2,2,true,217.5,126.53045454545455,672.3333333333334,1580265.989629929,743527.0480525861,68.0037320021367,0
profile,tfl-numbat-2019-midweek,interpeak,5.4545449999999995,11,1,3,off,free-flow,4,1,940GZZLUEUS,0,3900,2655,1800,1798.5,2868a608737b17cf,330,330,0,0,245,85,8.166666666666666,76,89,11.266666666666667,-4,true,855,28,98,94,80,2,2,0,0,2,1,true,266.5,108.55277777777778,484.05,1618100.6265974909,572819.3099428331,73.8548497190924,0
profile,tfl-numbat-2019-midweek,interpeak,5,11.966666666666667,1,1,off,free-flow,4,5,940GZZLUEUS,0,3900,3273,1800,1795,63115a88eefe4876,359,359,0,0,245,114,8.166666666666666,80,99,11,15,true,1473,44,117,112,76,2,5,0,0,2,1,true,828,162.63259052924792,827.2166666666667,1786012.7408207993,930434.8463056315,65.74810238507553,0
profile,tfl-numbat-2019-midweek,interpeak,5,11.966666666666667,1,2,off,free-flow,4,0,940GZZLUEUS,0,3900,2703,1800,1795,a51bec993e64d97a,359,359,0,0,266,93,8.866666666666667,78,101,12.533333333333333,-8,true,903,40,111,107,81,2,3,0,0,1,2,true,241,141.11248839368616,598.5333333333333,1738405.3740210321,854831.9427326134,67.03610821848198,0
profile,tfl-numbat-2019-midweek,interpeak,5,11.966666666666667,1,3,off,free-flow,4,0,940GZZLUEUS,0,3900,2908,1800,1795,ae2973bdc228cca9,359,359,0,0,255,104,8.5,79,100,11.733333333333333,4,true,1108,41,108,105,80,3,3,0,1,1,1,true,216,135.69405756731663,702.8,1773770.5002680519,783903.7625451832,69.35091485485128,0
profile,tfl-numbat-2019-midweek,interpeak,4.615385,13.033333333333333,1,1,off,free-flow,4,3,940GZZLUEUS,0,3900,3183,1800,1798.6,05b036e7516e55eb,391,391,0,0,264,127,8.8,88,107,11.733333333333333,20,true,1383,59,130,114,81,2,4,0,0,2,2,true,857.4,187.78350383631715,1003.8666666666667,1960284.3590153458,1140193.834985519,63.22522644436954,0
profile,tfl-numbat-2019-midweek,interpeak,4.615385,13.033333333333333,1,2,off,free-flow,4,0,940GZZLUEUS,0,3900,3228,1800,1798.6,e6b2cb534b8b4e2b,391,391,0,0,273,118,9.1,83,112,12.666666666666666,6,true,1428,56,124,114,83,4,4,0,0,2,2,true,632.4,184.46513213981245,777.5666666666667,1910135.221048755,1192098.5152069808,61.57289822249844,0
profile,tfl-numbat-2019-midweek,interpeak,4.615385,13.033333333333333,1,3,off,free-flow,4,0,940GZZLUEUS,0,3900,3048,1800,1798.6,b778aea546f63062,391,391,0,0,269,122,8.966666666666667,88,107,12.066666666666666,15,true,1248,47,123,114,83,4,3,0,1,2,2,true,604.4,154.7030264279625,801.25,1925287.4741307902,945801.9306802042,67.05773323898052,0
profile,tfl-numbat-2019-midweek,interpeak,4.2857140000000005,14,1,1,off,free-flow,4,6,940GZZLUEUS,0,3900,3312,1800,1799,d7e9ab1e06ba3f03,420,420,0,0,267,153,8.9,90,120,11.8,33,true,1512,87,155,114,80,4,4,0,1,2,2,true,983,245.75869047619048,1068.5333333333333,2090802.1378775775,1320834.6196380744,61.28442992272413,0
profile,tfl-numbat-2019-midweek,interpeak,4.2857140000000005,14,1,2,off,free-flow,4,4,940GZZLUEUS,0,3900,3247,1800,1799,91e7e36c6e9c5c40,420,420,0,0,274,146,9.133333333333333,88,122,12.4,24,true,1447,88,150,114,76,3,5,1,1,2,2,true,708,265.44650793650794,963.4,2046324.584952226,1416048.0287883838,59.1018013725986,0
profile,tfl-numbat-2019-midweek,interpeak,4.2857140000000005,14,1,3,off,free-flow,4,2,940GZZLUEUS,0,3900,3436,1800,1799,f9d9788dd6aa402d,420,420,0,0,266,154,8.866666666666667,92,118,11.6,36,true,1636,80,155,114,81,4,4,0,1,1,1,true,733,240.86575396825398,895.1666666666666,2059923.591087875,1319297.5756941831,60.958531253800274,0
profile,tfl-numbat-2019-midweek,interpeak,4,14.966666666666667,1,1,off,free-flow,4,12,940GZZLUEUS,0,3900,3508,1800,1796,36d46c523aa62ecf,449,449,0,0,265,184,8.833333333333334,92,132,11.533333333333333,52,true,1708,113,184,114,78,4,4,0,1,2,2,true,1148,316.5613956941351,1151.9666666666667,2214922.483650194,1455089.4436113092,60.351915131320276,0
profile,tfl-numbat-2019-midweek,interpeak,4,14.966666666666667,1,2,off,free-flow,4,4,940GZZLUEUS,0,3900,3553,1800,1796,8d49fb9d3816ddc8,449,449,0,0,279,170,9.3,93,131,12.4,39,true,1753,103,170,114,82,4,4,0,1,2,2,true,998,297.93006681514476,1058.8166666666666,2180760.9063835037,1488674.4770138294,59.430421264550354,0
profile,tfl-numbat-2019-midweek,interpeak,4,14.966666666666667,1,3,off,free-flow,4,4,940GZZLUEUS,0,3900,3659,1800,1796,1a5ec5d35ff01181,449,449,0,0,270,179,9,93,131,11.8,48,true,1859,103,179,114,83,4,4,0,0,2,2,true,1140,289.84565701559023,1223.2333333333333,2194997.294793206,1417468.9355298893,60.76173879131011,0
profile,tfl-numbat-2019-midweek,pm-peak,60,0.9666666666666667,1,1,off,free-flow,4,0,940GZZLUEUS,0,3900,2204,1800,1740,2c415a5861bb3fb7,29,29,0,0,22,7,0.7333333333333333,9,5,0.8666666666666667,2,true,404,3,9,9,9,0,1,0,0,1,1,true,0,42.15459770114943,192.35,131267.39955796878,37471.92254563283,77.79301109042856,0
profile,tfl-numbat-2019-midweek,pm-peak,60,0.9666666666666667,1,2,off,free-flow,4,0,940GZZLUEUS,0,3900,2320,1800,1740,42d62660e617f50f,29,29,0,0,25,4,0.8333333333333334,8,6,1.1333333333333333,-2,true,520,2,8,8,7,0,1,0,0,2,1,true,0,20.366666666666667,105.91666666666667,128802.70380285068,62852.55740678784,67.20540985408287,0
profile,tfl-numbat-2019-midweek,pm-peak,60,0.9666666666666667,1,3,off,free-flow,4,0,940GZZLUEUS,0,3900,2192,1800,1740,36bbc24bd6f4e5a1,29,29,0,0,23,6,0.7666666666666667,7,7,1.0666666666666667,-1,true,392,2,10,10,9,0,1,0,0,1,1,true,0,29.633333333333333,125.43333333333334,150107.48061761967,40639.634224577014,78.6944959779875,0
profile,tfl-numbat-2019-midweek,pm-peak,30,1.9666666666666666,1,1,off,free-flow,4,0,940GZZLUEUS,0,3900,2509,1800,1770,af2d0ae536676bd0,59,59,0,0,44,15,1.4666666666666666,18,11,1.7333333333333334,4,true,709,5,16,16,14,1,1,0,0,2,1,true,99,50.89576271186441,197.7,279945.8872068711,122185.61354115253,69.61550803310128,0
profile,tfl-numbat-2019-midweek,pm-peak,30,1.9666666666666666,1,2,off,free-flow,4,0,940GZZLUEUS,0,3900,2712,1800,1770,491be4b064701a89,59,59,0,0,43,16,1.4333333333333333,19,10,1.6,6,true,912,4,17,17,16,1,1,0,0,2,1,true,55,36.59378531073446,150.4,301663.43136114074,157622.02973436873,65.68103214972206,0
profile,tfl-numbat-2019-midweek,pm-peak,30,1.9666666666666666,1,3,off,free-flow,4,0,940GZZLUEUS,0,3900,2492,1800,1770,97a0bbc389019b5e,59,59,0,0,44,15,1.4666666666666666,16,13,1.8666666666666667,2,true,692,5,17,17,15,1,1,0,0,2,1,true,106,55.77655367231638,194.1,290771.7058823621,152413.75295452072,65.60948697312347,0
profile,tfl-numbat-2019-midweek,pm-peak,20,2.966666666666667,1,1,off,free-flow,4,0,940GZZLUEUS,0,3900,2512,1800,1780,2436c9d379b10cb9,89,89,0,0,68,21,2.2666666666666666,25,19,2.8666666666666667,2,true,712,6,25,25,23,1,1,0,0,2,1,true,226,48.466479400749066,245.53333333333333,430792.38444089034,204544.41963548798,67.80535641519387,0
profile,tfl-numbat-2019-midweek,pm-peak,20,2.966666666666667,1,2,off,free-flow,4,1,940GZZLUEUS,0,3900,2225,1800,1780,fe3e8bbb848e718e,89,89,0,0,68,21,2.2666666666666666,26,18,2.8,3,true,425,6,27,27,23,1,1,0,0,2,1,true,96,37.151685393258425,159.33333333333334,431155.64566061867,169282.39239111138,71.80685072178471,0
profile,tfl-numbat-2019-midweek,pm-peak,20,2.966666666666667,1,3,off,free-flow,4,0,940GZZLUEUS,0,3900,2374,1800,1780,46810ad37025e12d,89,89,0,0,69,20,2.3,24,20,3,0,true,574,6,27,27,24,1,1,0,0,2,1,true,88,61.49288389513109,210.26666666666668,435441.292907866,184742.860489701,70.21161223200875,0
profile,tfl-numbat-2019-midweek,pm-peak,15,3.966666666666667,1,1,off,free-flow,4,0,940GZZLUEUS,0,3900,2417,1800,1785,0208aa8245ceb755,119,119,0,0,92,27,3.066666666666667,32,27,4,0,true,617,6,33,33,29,1,1,0,0,2,1,true,172,52.63977591036414,216.5,578578.932636765,201976.84871997748,74.12396992705551,0
profile,tfl-numbat-2019-midweek,pm-peak,15,3.966666666666667,1,2,off,free-flow,4,0,940GZZLUEUS,0,3900,2512,1800,1785,613074b0e2e84676,119,119,0,0,92,27,3.066666666666667,32,27,4,0,true,712,7,36,36,33,1,1,0,0,2,1,true,150,50.42955182072829,174.75,593687.9612781269,263237.4852363733,69.28116835518443,0
profile,tfl-numbat-2019-midweek,pm-peak,15,3.966666666666667,1,3,off,free-flow,4,0,940GZZLUEUS,0,3900,2624,1800,1785,51241ebba9303aac,119,119,0,0,87,32,2.9,33,26,3.6,6,true,824,9,35,35,31,1,1,0,0,2,1,true,160,70.20196078431373,218.25,616569.1479345827,253389.26554899916,70.87340479479353,0
profile,tfl-numbat-2019-midweek,pm-peak,12,4.966666666666667,1,1,off,free-flow,4,0,940GZZLUEUS,0,3900,2262,1800,1788,d813e5a9585edb2f,149,149,0,0,112,37,3.7333333333333334,40,34,4.8,3,true,462,8,41,40,37,1,1,0,0,2,1,true,61,53.705033557046974,252.53333333333333,715789.9795161893,232355.14963538497,75.49371478148048,0
profile,tfl-numbat-2019-midweek,pm-peak,12,4.966666666666667,1,2,off,free-flow,4,0,940GZZLUEUS,0,3900,2268,1800,1788,297a5298546de8ab,149,149,0,0,110,39,3.6666666666666665,36,38,4.933333333333334,1,true,468,10,44,43,36,1,1,0,0,2,1,true,162,68.0976510067114,219.31666666666666,729968.9479192976,248746.3739439565,74.58439973429667,0
profile,tfl-numbat-2019-midweek,pm-peak,12,4.966666666666667,1,3,off,free-flow,4,0,940GZZLUEUS,0,3900,2779,1800,1788,48123429dd3fca57,149,149,0,0,108,41,3.6,39,35,4.6,6,true,979,11,47,45,37,1,1,0,0,2,1,true,227,82.9582774049217,306.5,758196.3758365477,304762.2033821076,71.32887307743187,0
profile,tfl-numbat-2019-midweek,pm-peak,10,5.966666666666667,1,1,off,free-flow,4,0,940GZZLUEUS,0,3900,2671,1800,1790,7f3d0ffd68c0d35b,179,179,0,0,134,45,4.466666666666667,50,39,5.6,6,true,871,12,48,48,42,1,1,0,0,2,1,true,147,62.48202979515828,258.31666666666666,852443.7446752338,309455.06712931104,73.3664357011695,0
profile,tfl-numbat-2019-midweek,pm-peak,10,5.966666666666667,1,2,off,free-flow,4,0,940GZZLUEUS,0,3900,2676,1800,1790,d381100ff1da349a,179,179,0,0,134,45,4.466666666666667,40,49,6.266666666666667,-4,true,876,13,52,50,41,2,1,0,0,2,1,true,188,78.04916201117318,324.8,904429.2589292651,382681.7627411607,70.26816208562084,0
profile,tfl-numbat-2019-midweek,pm-peak,10,5.966666666666667,1,3,off,free-flow,4,0,940GZZLUEUS,0,3900,2567,1800,1790,21d3f2b5bd5d97ab,179,179,0,0,131,48,4.366666666666666,43,46,5.866666666666666,2,true,767,17,55,54,43,2,2,0,0,2,2,true,140,91.69487895716946,324.28333333333336,916934.2091758649,346960.58516755333,72.54830174786849,0
profile,tfl-numbat-2019-midweek,pm-peak,8.571429,7,1,1,off,free-flow,4,1,940GZZLUEUS,0,3900,2416,1800,1799,a956252f9cc231f2,210,210,0,0,159,51,5.3,54,51,7,0,true,616,16,56,56,48,2,2,0,0,2,1,true,218,77.9684126984127,369.98333333333335,969473.9254565571,330801.04498390364,74.55914691091479,0
profile,tfl-numbat-2019-midweek,pm-peak,8.571429,7,1,2,off,free-flow,4,0,940GZZLUEUS,0,3900,2599,1800,1799,6d4c4c3b2c45e61e,210,210,0,0,151,59,5.033333333333333,48,57,6.866666666666666,2,true,799,21,62,60,46,2,1,0,0,2,1,true,226,98.25126984126983,440.1666666666667,1064306.6992445902,439417.1819997481,70.77806720498923,0
profile,tfl-numbat-2019-midweek,pm-peak,8.571429,7,1,3,off,free-flow,4,0,940GZZLUEUS,0,3900,2628,1800,1799,8a8893745def8e7a,210,210,0,0,150,60,5,46,59,6.933333333333334,1,true,828,23,66,65,49,2,2,0,0,1,1,true,231,109.85349206349206,394.93333333333334,1068853.757230541,438948.1772376395,70.88820705138161,0
profile,tfl-numbat-2019-midweek,pm-peak,7.5,7.966666666666667,1,1,off,free-flow,4,1,940GZZLUEUS,0,3900,2501,1800,1792.5,812d6bdfeff7cdd8,239,239,0,0,182,57,6.066666666666666,59,60,8.2,-3,true,701,21,66,65,51,1,2,0,0,1,1,true,241.5,98.26882845188285,428.6333333333333,1115501.8591212549,488934.5908274032,69.52608557085267,0
profile,tfl-numbat-2019-midweek,pm-peak,7.5,7.966666666666667,1,2,off,free-flow,4,1,940GZZLUEUS,0,3900,2505,1800,1792.5,fe5cdc606d6c3375,239,239,0,0,169,70,5.633333333333334,62,57,7.133333333333334,13,true,705,22,71,69,55,2,1,0,1,2,1,true,223.5,104.6897489539749,485.28333333333336,1199210.281381353,494813.5253971987,70.79063922140722,0
profile,tfl-numbat-2019-midweek,pm-peak,7.5,7.966666666666667,1,3,off,free-flow,4,3,940GZZLUEUS,0,3900,2646,1800,1792.5,1d267e2d1193cfce,239,239,0,0,170,69,5.666666666666667,55,64,7.666666666666667,5,true,846,25,75,72,53,2,1,0,0,1,1,true,259.5,120.1881450488145,354.35,1191894.1442290356,527857.363331777,69.30618400326587,0
profile,tfl-numbat-2019-midweek,pm-peak,6.666667,8.966666666666667,1,1,off,free-flow,4,1,940GZZLUEUS,0,3900,2591,1800,1793.3333333333333,5a33a9c6710baada,269,269,0,0,201,68,6.7,64,70,9.133333333333333,-2,true,791,28,78,77,56,2,2,0,0,2,2,true,267.6666666666667,115.9590458488228,449.1,1265453.007576007,583197.7069785212,68.45279087136505,0
profile,tfl-numbat-2019-midweek,pm-peak,6.666667,8.966666666666667,1,2,off,free-flow,4,0,940GZZLUEUS,0,3900,2518,1800,1793.3333333333333,6c68acf7e422f94a,269,269,0,0,188,81,6.266666666666667,68,66,8,15,true,718,30,87,83,69,3,2,0,0,2,2,true,231.66666666666666,119.44368029739778,402.26666666666665,1345127.1070727287,596890.5105901626,69.26441319783252,0
profile,tfl-numbat-2019-midweek,pm-peak,6.666667,8.966666666666667,1,3,off,free-flow,4,3,940GZZLUEUS,0,3900,2754,1800,1793.3333333333333,43d49a40dceca89e,269,269,0,0,190,79,6.333333333333333,65,69,8.333333333333334,10,true,954,31,88,83,62,2,2,0,1,1,2,true,275.6666666666667,137.65241635687732,465.56666666666666,1369385.4578756334,647402.8713345646,67.89931486820451,0
profile,tfl-numbat-2019-midweek,pm-peak,6,9.966666666666667,1,1,off,free-flow,4,4,940GZZLUEUS,0,3900,2402,1800,1794,458ea89b24e1b419,299,299,0,0,216,83,7.2,72,77,9.6,6,true,602,30,86,84,63,2,1,0,0,1,1,true,315,115.92831661092531,415.03333333333336,1383041.311660784,568298.2137954234,70.87650783568485,0
profile,tfl-numbat-2019-midweek,pm-peak,6,9.966666666666667,1,2,off,free-flow,4,1,940GZZLUEUS,0,3900,2638,1800,1794,09e4876ac860d23a,299,299,0,0,205,94,6.833333333333333,74,75,8.733333333333333,19,true,838,36,97,93,74,3,3,0,0,2,1,true,226,132.55183946488293,485.28333333333336,1488024.8707216436,695284.5298100886,68.15455795496707,0
profile,tfl-numbat-2019-midweek,pm-peak,6,9.966666666666667,1,3,off,free-flow,4,2,940GZZLUEUS,0,3900,2791,1800,1794,a1f05cb25706b91b,299,299,0,0,204,95,6.8,72,77,8.8,18,true,991,40,104,100,71,2,2,0,1,1,2,true,325,167.24960981047937,454.55,1526951.4113911693,888372.3639190756,63.21932599678214,0
profile,tfl-numbat-2019-midweek,pm-peak,5.4545449999999995,11,1,1,off,free-flow,4,2,940GZZLUEUS,0,3900,2650,1800,1798.5,e6be3aeada4a3529,330,330,0,0,237,93,7.9,80,85,10.466666666666667,8,true,850,41,100,95,68,2,2,0,0,1,2,true,422.5,143.3070202020202,500.51666666666665,1537758.8273395027,807789.1242050882,65.56074994445785,0
profile,tfl-numbat-2019-midweek,pm-peak,5.4545449999999995,11,1,2,off,free-flow,4,1,940GZZLUEUS,0,3900,2680,1800,1798.5,c43d60b6b9d35f14,330,330,0,0,227,103,7.566666666666666,78,87,9.933333333333334,16,true,880,42,112,107,77,4,3,0,0,2,1,true,270.5,160.92136363636365,818.55,1660301.8550059006,865798.7721136755,65.7258795307408,0
profile,tfl-numbat-2019-midweek,pm-peak,5.4545449999999995,11,1,3,off,free-flow,4,2,940GZZLUEUS,0,3900,2614,1800,1798.5,1578ce5338dc3b09,330,330,0,0,224,106,7.466666666666667,74,91,10,15,true,814,43,112,107,76,3,2,0,1,2,2,true,433.5,169.80131313131315,580.3166666666667,1683438.4643528594,913534.9522152627,64.82309189662438,0
profile,tfl-numbat-2019-midweek,pm-peak,5,11.966666666666667,1,1,off,free-flow,4,1,940GZZLUEUS,0,3900,3018,1800,1795,d59afaee7896bf92,359,359,0,0,251,108,8.366666666666667,81,98,11.333333333333334,10,true,1218,50,115,110,81,2,3,0,1,2,2,true,682,166.6488393686165,776.7833333333333,1688502.3645397748,1069941.250787315,61.212139887788,0
profile,tfl-numbat-2019-midweek,pm-peak,5,11.966666666666667,1,2,off,free-flow,4,1,940GZZLUEUS,0,3900,2898,1800,1795,230748c929bd6af8,359,359,0,0,241,118,8.033333333333333,77,102,10.933333333333334,16,true,1098,51,122,114,78,3,3,0,1,2,2,true,663,184.08927576601673,697.2833333333333,1803175.4663696748,1086655.710856251,62.39725976313333,0
profile,tfl-numbat-2019-midweek,pm-peak,5,11.966666666666667,1,3,off,free-flow,4,4,940GZZLUEUS,0,3900,2898,1800,1795,d94d85fd65c7879d,359,359,0,0,232,127,7.733333333333333,74,105,10.533333333333333,22,true,1098,57,131,114,77,4,2,0,1,1,2,true,660,216.1225162488394,872.2166666666667,1832793.9645147761,1217119.6790865378,60.09330685017781,0
profile,tfl-numbat-2019-midweek,pm-peak,4.615385,13.033333333333333,1,1,off,free-flow,4,6,940GZZLUEUS,0,3900,3353,1800,1798.6,b844ac8346e1443b,391,391,0,0,268,123,8.933333333333334,86,109,12.133333333333333,14,true,1553,56,129,114,82,4,2,0,0,2,1,true,579.4,183.6511935208866,749.15,1844122.8810245201,1195444.8472904528,60.67056390438898,0
profile,tfl-numbat-2019-midweek,pm-peak,4.615385,13.033333333333333,1,2,off,free-flow,4,8,940GZZLUEUS,0,3900,3029,1800,1798.6,a2527f46405d2d08,391,391,0,0,246,145,8.2,84,111,10.8,34,true,1229,71,145,114,75,3,2,0,1,2,2,true,891.4,242.35464620630862,1043.0666666666666,1949972.01936778,1306956.6287111074,59.87149950361912,0
profile,tfl-numbat-2019-midweek,pm-peak,4.615385,13.033333333333333,1,3,off,free-flow,4,5,940GZZLUEUS,0,3900,3475,1800,1798.6,6deb7e792c26e583,391,391,0,0,239,152,7.966666666666667,80,115,10.6,37,true,1675,85,154,114,80,3,2,0,1,1,2,true,971.4,281.4764705882353,1063.25,1986259.4501293683,1379325.123384105,59.01677425552939,0
profile,tfl-numbat-2019-midweek,pm-peak,4.2857140000000005,14,1,1,off,free-flow,4,6,940GZZLUEUS,0,3900,2899,1800,1799,f409929b4fc11402,420,420,0,0,275,145,9.166666666666666,89,121,12.4,24,true,1099,75,146,114,77,5,3,0,0,2,2,true,603,216.6670238095238,847.6333333333333,1977699.9287085382,1250081.6800256986,61.27118152470315,0
profile,tfl-numbat-2019-midweek,pm-peak,4.2857140000000005,14,1,2,off,free-flow,4,10,940GZZLUEUS,0,3900,3784,1800,1799,d94723ccd810e119,420,420,0,0,254,166,8.466666666666667,89,121,11,45,true,1984,100,171,114,79,3,3,0,0,2,2,true,1273,295.05880952380954,1281.1,2083448.0521203398,1489005.1337333897,58.31981396902326,0
profile,tfl-numbat-2019-midweek,pm-peak,4.2857140000000005,14,1,3,off,free-flow,4,9,940GZZLUEUS,0,3900,3320,1800,1799,353b1b896f065073,420,420,0,0,248,172,8.266666666666667,81,129,11.133333333333333,43,true,1520,102,174,114,77,3,2,0,0,1,1,true,1030,311.70785714285716,1029.2166666666667,2108153.174545875,1489923.9453702408,58.59110586809833,0
profile,tfl-numbat-2019-midweek,pm-peak,4,14.966666666666667,1,1,off,free-flow,4,11,940GZZLUEUS,0,3900,3303,1800,1796,a8eb787e9f460846,449,449,0,0,279,170,9.3,96,128,12.2,42,true,1503,110,172,114,73,4,4,1,0,2,2,true,990,296.94643652561246,989.95,2124853.15287704,1532411.4923462425,58.099518602031985,0
profile,tfl-numbat-2019-midweek,pm-peak,4,14.966666666666667,1,2,off,free-flow,4,14,940GZZLUEUS,0,3900,3439,1800,1796,58fb90118990c167,449,449,0,0,272,177,9.066666666666666,89,135,12.2,42,true,1639,106,180,114,77,3,3,0,1,2,1,true,850,317.3363771343727,1034.9833333333333,2191819.1673315,1493543.9140896145,59.473629026703975,0
profile,tfl-numbat-2019-midweek,pm-peak,4,14.966666666666667,1,3,off,free-flow,4,11,940GZZLUEUS,0,3900,3245,1800,1796,a145bdb7ecc3531e,449,449,0,0,250,199,8.333333333333334,83,141,11.133333333333333,58,true,1445,132,200,114,75,3,2,0,0,2,1,true,1061,395.9770601336303,1156.7333333333333,2257998.2643488515,1612313.7653903528,58.341504431646655,0
profile,tfl-numbat-2019-midweek,evening,60,0.9666666666666667,1,1,off,free-flow,4,0,940GZZLUEUS,0,3900,2233,1800,1740,3eeae1ba9ba23568,29,29,0,0,22,7,0.7333333333333333,6,8,1.0666666666666667,-1,true,433,2,10,10,10,0,0,0,0,1,1,true,0,41.29367816091954,205.88333333333333,163553.32244815503,17133.765424216253,90.51743783910075,0
profile,tfl-numbat-2019-midweek,evening,60,0.9666666666666667,1,2,off,free-flow,4,0,940GZZLUEUS,0,3900,2239,1800,1740,5cc10fa37241c278,29,29,0,0,23,6,0.7666666666666667,7,7,1.0666666666666667,-1,true,439,2,11,11,11,1,0,0,0,1,0,true,0,24.96206896551724,172.7,162749.2848214683,53136.139096257866,75.38687970128636,0
profile,tfl-numbat-2019-midweek,evening,60,0.9666666666666667,1,3,off,free-flow,4,0,940GZZLUEUS,0,3900,2182,1800,1740,c779019d55d17d00,29,29,0,0,23,6,0.7666666666666667,8,6,1,0,true,382,2,9,9,8,0,0,0,0,1,1,true,38,29.93448275862069,147.28333333333333,140133.3778639682,47441.149576390104,74.7081065730129,0
profile,tfl-numbat-2019-midweek,evening,30,1.9666666666666666,1,1,off,free-flow,4,0,940GZZLUEUS,0,3900,2443,1800,1770,68545f5ecc1ebff5,59,59,0,0,47,12,1.5666666666666667,14,15,2.2,-3,true,643,5,18,18,16,1,0,0,0,1,1,true,82,52.08220338983051,255.35,301629.250625377,79702.79941301973,79.09884589952658,0
profile,tfl-numbat-2019-midweek,evening,30,1.9666666666666666,1,2,off,free-flow,4,0,940GZZLUEUS,0,3900,2354,1800,1770,fc357df6b5d5694e,59,59,0,0,46,13,1.5333333333333334,15,14,2.066666666666667,-1,true,554,4,19,19,17,1,1,0,0,2,1,true,77,33.82203389830509,182.31666666666666,311712.08882840234,113648.9009605219,73.28177625858036,0
profile,tfl-numbat-2019-midweek,evening,30,1.9666666666666666,1,3,off,free-flow,4,0,940GZZLUEUS,0,3900,2673,1800,1770,4a24af1062605094,59,59,0,0,46,13,1.5333333333333334,16,13,2,0,true,873,5,17,17,16,1,1,0,0,1,1,true,122,56.83474576271187,217.86666666666667,293688.5452048545,167992.68881499593,63.612840107819295,0
profile,tfl-numbat-2019-midweek,evening,20,2.966666666666667,1,1,off,free-flow,4,0,940GZZLUEUS,0,3900,2408,1800,1780,4fbd0b1ddcda5daa,89,89,0,0,67,22,2.2333333333333334,22,22,3,0,true,608,7,25,25,23,1,1,0,1,1,1,true,221,74.20355805243445,240.4,469282.5120980381,163618.07229919505,74.14790310945551,0
profile,tfl-numbat-2019-midweek,evening,20,2.966666666666667,1,2,off,free-flow,4,0,940GZZLUEUS,0,3900,2362,1800,1780,58312b729793399f,89,89,0,0,67,22,2.2333333333333334,24,20,2.8666666666666667,2,true,562,6,24,24,23,1,1,0,0,1,1,true,92,47.74138576779026,217.65,469853.8210978549,184211.3905164044,71.8359290105396,0
profile,tfl-numbat-2019-midweek,evening,20,2.966666666666667,1,3,off,free-flow,4,0,940GZZLUEUS,0,3900,2520,1800,1780,dbba58b1409deafa,89,89,0,0,68,21,2.2666666666666666,23,21,3,0,true,720,8,25,24,22,0,1,0,0,1,1,true,124,69.38258426966291,224.7,438107.8985543412,226286.13846050604,65.94097390199045,0
profile,tfl-numbat-2019-midweek,evening,15,3.966666666666667,1,1,off,free-flow,4,0,940GZZLUEUS,0,3900,2452,1800,1785,873015319cd46809,119,119,0,0,82,37,2.7333333333333334,30,29,3.466666666666667,8,true,652,11,39,39,34,1,2,0,0,1,1,true,115,91.42394957983194,295.96666666666664,636459.1852359825,268530.7888157708,70.32776091280604,0
profile,tfl-numbat-2019-midweek,evening,15,3.966666666666667,1,2,off,free-flow,4,0,940GZZLUEUS,0,3900,2583,1800,1785,7ee478a9b78eebf3,119,119,0,0,87,32,2.9,32,27,3.6666666666666665,5,true,783,10,34,34,28,1,2,0,0,2,2,true,158,64.55826330532213,287.65,644655.6374199552,268516.5488007795,70.59518972954429,0
profile,tfl-numbat-2019-midweek,evening,15,3.966666666666667,1,3,off,free-flow,4,0,940GZZLUEUS,0,3900,2669,1800,1785,3efe4dd7383dc66b,119,119,0,0,85,34,2.8333333333333335,30,29,3.6666666666666665,5,true,869,11,34,34,29,1,1,0,0,1,1,true,154,79.40546218487394,272.15,592541.7423308144,299713.7951848749,66.4094216753903,0
profile,tfl-numbat-2019-midweek,evening,12,4.966666666666667,1,1,off,free-flow,4,0,940GZZLUEUS,0,3900,2432,1800,1788,25b3fdeb13f94c9d,149,149,0,0,105,44,3.5,36,38,4.6,6,true,632,14,48,47,39,1,1,0,0,1,1,true,122,94.3397091722595,292.81666666666666,776546.949426435,355937.01338018547,68.57023807223977,0
profile,tfl-numbat-2019-midweek,evening,12,4.966666666666667,1,2,off,free-flow,4,0,940GZZLUEUS,0,3900,2597,1800,1788,735db4462c7d6518,149,149,0,0,104,45,3.466666666666667,41,33,4.2,12,true,797,16,46,46,35,1,2,0,1,2,2,true,229,84.1923937360179,278.05,806091.2688312522,313231.36911058315,72.01598909081834,0
profile,tfl-numbat-2019-midweek,evening,12,4.966666666666667,1,3,off,free-flow,4,1,940GZZLUEUS,0,3900,2465,1800,1788,2fcc7c73295d9f40,149,149,0,0,109,40,3.6333333333333333,39,35,4.666666666666667,5,true,665,13,45,43,35,2,2,0,0,1,2,true,157,89.81163310961968,299,728290.847944433,351066.0409474243,67.4745170424721,0
profile,tfl-numbat-2019-midweek,evening,10,5.966666666666667,1,1,off,free-flow,4,0,940GZZLUEUS,0,3900,2802,1800,1790,20f452e1bbe11c01,179,179,0,0,131,48,4.366666666666666,43,46,5.866666666666666,2,true,1002,18,59,58,45,1,3,0,0,1,1,true,205,116.92811918063315,361.4,937869.1074988946,520446.419065779,64.31180978428003,0
profile,tfl-numbat-2019-midweek,evening,10,5.966666666666667,1,2,off,free-flow,4,0,940GZZLUEUS,0,3900,2616,1800,1790,2c882ff5d2d3fc38,179,179,0,0,124,55,4.133333333333334,47,42,5.133333333333334,13,true,816,19,59,58,44,2,2,0,1,2,1,true,207,101.46806331471136,356.18333333333334,951122.3183392149,401770.68477428355,70.30284849949973,0
profile,tfl-numbat-2019-midweek,evening,10,5.966666666666667,1,3,off,free-flow,4,1,940GZZLUEUS,0,3900,2523,1800,1790,422dc303f2c9a139,179,179,0,0,131,48,4.366666666666666,47,42,5.6,6,true,723,18,52,50,38,1,1,0,0,1,1,true,267,100.79059590316574,303.73333333333335,867982.3786729467,409710.3972207067,67.93357488194735,0
profile,tfl-numbat-2019-midweek,evening,8.571429,7,1,1,off,free-flow,4,0,940GZZLUEUS,0,3900,2711,1800,1799,8fa5bf61b989b665,210,210,0,0,146,64,4.866666666666666,50,55,6.4,9,true,911,24,69,66,52,1,3,0,0,1,1,true,327,130.3429365079365,367.46666666666664,1090588.2093136723,568046.1670751766,65.75217690158351,0
profile,tfl-numbat-2019-midweek,evening,8.571429,7,1,2,off,free-flow,4,0,940GZZLUEUS,0,3900,2836,1800,1799,fa205d26eb72d298,210,210,0,0,148,62,4.933333333333334,53,52,6.333333333333333,10,true,1036,23,71,68,52,2,2,0,0,1,2,true,227,118.58444444444444,344.9,1173849.6043776814,550801.5073727081,68.06301844935544,0
profile,tfl-numbat-2019-midweek,evening,8.571429,7,1,3,off,free-flow,4,0,940GZZLUEUS,0,3900,2662,1800,1799,17620ed2eaa95023,210,210,0,0,150,60,5,53,52,6.466666666666667,8,true,862,24,63,60,47,2,2,0,1,1,2,true,252,118.36666666666666,376.55,1029052.7718471854,485364.11062388925,67.95042922184541,0
profile,tfl-numbat-2019-midweek,evening,7.5,7.966666666666667,1,1,off,free-flow,4,1,940GZZLUEUS,0,3900,2670,1800,1792.5,587d4087c93cef8a,239,239,0,0,163,76,5.433333333333334,56,63,7.133333333333334,13,true,870,28,78,74,56,1,3,0,0,1,1,true,258.5,139.26715481171547,382.78333333333336,1254320.7854961236,645596.4684562418,66.01975864405576,0
profile,tfl-numbat-2019-midweek,evening,7.5,7.966666666666667,1,2,off,free-flow,4,0,940GZZLUEUS,0,3900,2768,1800,1792.5,2f9a395554770741,239,239,0,0,164,75,5.466666666666667,57,62,7.133333333333334,13,true,968,27,78,76,59,2,2,0,0,1,2,true,332.5,124.84267782426778,477.48333333333335,1328051.718391879,598266.3131818644,68.94249530057614,0
profile,tfl-numbat-2019-midweek,evening,7.5,7.966666666666667,1,3,off,free-flow,4,2,940GZZLUEUS,0,3900,2526,1800,1792.5,3f9e14e4a9ea6f4c,239,239,0,0,170,69,5.666666666666667,57,62,7.533333333333333,7,true,726,28,74,70,52,1,2,0,1,1,1,true,316.5,132.85822873082287,385.76666666666665,1186000.8255970376,559683.2017199163,67.93903175134581,0
profile,tfl-numbat-2019-midweek,evening,6.666667,8.966666666666667,1,1,off,free-flow,4,2,940GZZLUEUS,0,3900,2691,1800,1793.3333333333333,6b585277ba4a284f,269,269,0,0,185,84,6.166666666666667,65,69,8,15,true,891,33,91,87,63,2,3,0,0,1,1,true,257.6666666666667,154.9267657992565,441.6,1403869.5791744739,772675.0638008217,64.49992118036278,0
profile,tfl-numbat-2019-midweek,evening,6.666667,8.966666666666667,1,2,off,free-flow,4,0,940GZZLUEUS,0,3900,2605,1800,1793.3333333333333,550d0bff2169bd1a,269,269,0,0,179,90,5.966666666666667,59,75,8,15,true,805,33,91,87,71,3,2,0,1,2,1,true,391.6666666666667,138.9491325898389,472.1166666666667,1476877.7831494005,638118.1830387933,69.82886997232158,0
profile,tfl-numbat-2019-midweek,evening,6.666667,8.966666666666667,1,3,off,free-flow,4,0,940GZZLUEUS,0,3900,2607,1800,1793.3333333333333,1a7011d452329f9f,269,269,0,0,190,79,6.333333333333333,62,72,8.533333333333333,7,true,807,36,86,84,61,1,2,0,0,1,1,true,314.6666666666667,147.5586741016109,475.43333333333334,1373593.5775081431,652631.309438378,67.7907761550654,0
profile,tfl-numbat-2019-midweek,evening,6,9.966666666666667,1,1,off,free-flow,4,2,940GZZLUEUS,0,3900,2788,1800,1794,dbe77387ac8e7ea1,299,299,0,0,197,102,6.566666666666666,67,82,8.666666666666666,20,true,988,45,107,103,71,3,3,0,1,1,2,true,336,179.77474916387962,575.9333333333333,1594995.7553859798,956846.2092048739,62.50370428568884,0
profile,tfl-numbat-2019-midweek,evening,6,9.966666666666667,1,2,off,free-flow,4,3,940GZZLUEUS,0,3900,2899,1800,1794,94fb12000179d5a1,299,299,0,0,195,104,6.5,64,85,8.733333333333333,19,true,1099,39,108,103,75,2,2,1,1,2,2,true,497,175.26984392419175,556.6166666666667,1634467.7828654845,907508.8208756206,64.29908837319698,0
profile,tfl-numbat-2019-midweek,evening,6,9.966666666666667,1,3,off,free-flow,4,4,940GZZLUEUS,0,3900,2684,1800,1794,644175ba2387c632,299,299,0,0,207,92,6.9,69,80,9.2,12,true,884,42,97,93,66,2,2,0,0,2,2,true,448,157.88517279821627,495.45,1501067.9485160117,774071.2110701652,65.97697297729427,0
profile,tfl-numbat-2019-midweek,evening,5.4545449999999995,11,1,1,off,free-flow,4,1,940GZZLUEUS,0,3900,2995,1800,1798.5,1b439c7c84b85436,330,330,0,0,212,118,7.066666666666666,69,96,9.533333333333333,22,true,1195,49,119,114,81,4,4,1,2,2,2,true,477.5,198.2893434343434,848.0833333333334,1783705.7005013018,1114665.2503556903,61.54166360154468,0
profile,tfl-numbat-2019-midweek,evening,5.4545449999999995,11,1,2,off,free-flow,4,3,940GZZLUEUS,0,3900,2820,1800,1798.5,3445851c09ebc1ba,330,330,0,0,212,118,7.066666666666666,74,91,9.2,27,true,1020,52,122,114,78,3,3,0,1,2,2,true,559.5,194.48479797979797,876.6833333333333,1786107.2824090433,1024357.1822041305,63.55203223161476,0
profile,tfl-numbat-2019-midweek,evening,5.4545449999999995,11,1,3,off,free-flow,4,2,940GZZLUEUS,0,3900,2955,1800,1798.5,8ed279d12330b0cd,330,330,0,0,219,111,7.3,73,92,9.733333333333333,19,true,1155,48,111,108,72,4,2,0,0,1,1,true,710.5,189.23974747474747,798.25,1669912.914449251,1091445.6533761392,60.47432354155772,0
profile,tfl-numbat-2019-midweek,evening,5,11.966666666666667,1,1,off,free-flow,4,6,940GZZLUEUS,0,3900,2994,1800,1795,a190a3a06673b595,359,359,0,0,228,131,7.6,74,105,10.266666666666667,26,true,1194,66,136,114,77,3,4,0,0,2,2,true,659,244.194243268338,883.4333333333333,1936728.5988206298,1221662.044518276,61.32010943311335,0
profile,tfl-numbat-2019-midweek,evening,5,11.966666666666667,1,2,off,free-flow,4,2,940GZZLUEUS,0,3900,3351,1800,1795,140deb2d9657264b,359,359,0,0,217,142,7.233333333333333,75,104,9.466666666666667,38,true,1551,78,145,114,76,4,3,1,1,2,2,true,849,259.8892293407614,1023.2166666666667,1955216.02355615,1274846.3699034639,60.53183454026045,0
profile,tfl-numbat-2019-midweek,evening,5,11.966666666666667,1,3,off,free-flow,4,3,940GZZLUEUS,0,3900,3025,1800,1795,3de16aff2dc2b065,359,359,0,0,234,125,7.8,76,103,10.533333333333333,22,true,1225,57,131,114,83,3,2,0,0,1,2,true,574,208.6363974001857,766.25,1836687.6839120768,1242450.8198722303,59.64940133919796,0
profile,tfl-numbat-2019-midweek,evening,4.615385,13.033333333333333,1,1,off,free-flow,4,6,940GZZLUEUS,0,3900,3571,1800,1798.6,e963afde427cc29f,391,391,0,0,228,163,7.6,78,117,10,46,true,1771,94,163,114,85,4,4,0,1,1,1,true,970.4,304.5745950554135,970.2833333333333,2093775.5138017244,1424951.2268202677,59.50378270725323,0
profile,tfl-numbat-2019-midweek,evening,4.615385,13.033333333333333,1,2,off,free-flow,4,7,940GZZLUEUS,0,3900,3166,1800,1798.6,5c39f262c2e4a004,391,391,0,0,232,159,7.733333333333333,78,117,10.266666666666667,42,true,1366,87,161,114,77,3,3,0,0,2,1,true,776.4,280.7466325660699,822.7833333333333,2092715.0648402243,1284391.95139003,61.9676857968288,0
profile,tfl-numbat-2019-midweek,evening,4.615385,13.033333333333333,1,3,off,free-flow,4,4,940GZZLUEUS,0,3900,3049,1800,1798.6,a6a90c310b40c11b,391,391,0,0,244,147,8.133333333333333,79,116,11,31,true,1249,73,149,114,79,3,2,0,1,1,2,true,660.4,260.4762574595055,834.8166666666667,2000499.5619105317,1346846.4230035774,59.76375226601691,0
profile,tfl-numbat-2019-midweek,evening,4.2857140000000005,14,1,1,off,free-flow,4,12,940GZZLUEUS,0,3900,3400,1800,1799,e5a5471b5e211a7c,420,420,0,0,236,184,7.866666666666666,80,130,10.4,54,true,1600,106,184,114,78,3,4,0,0,1,2,true,1138,347.87059523809523,1279.1,2197293.3430477837,1532720.1738806888,58.90845523951809,0
profile,tfl-numbat-2019-midweek,evening,4.2857140000000005,14,1,2,off,free-flow,4,14,940GZZLUEUS,0,3900,3480,1800,1799,3cfb7a1e8de1cdca,420,420,0,0,233,187,7.766666666666667,81,129,10.133333333333333,58,true,1680,118,187,114,75,3,5,1,1,2,2,true,1097,354.17876984126985,1210.55,2214155.727608423,1541344.2013705082,58.95768258502994,0
profile,tfl-numbat-2019-midweek,evening,4.2857140000000005,14,1,3,off,free-flow,4,7,940GZZLUEUS,0,3900,3223,1800,1799,8d1eb005ae7b2be2,420,420,0,0,253,167,8.433333333333334,84,126,11.266666666666667,41,true,1423,100,169,114,76,3,3,0,1,2,1,true,881,297.3972619047619,1062.6,2124575.8796780715,1461904.100072133,59.238470357390554,0
profile,tfl-numbat-2019-midweek,evening,4,14.966666666666667,1,1,off,free-flow,4,14,940GZZLUEUS,0,3900,3420,1800,1796,9acce1466eaaacf4,449,449,0,0,243,206,8.1,82,142,10.733333333333333,64,true,1620,135,206,114,81,3,7,1,1,2,2,true,1134,411.4193392724573,1165.6333333333334,2355353.6428029514,1603796.347290887,59.491397110396555,0
profile,tfl-numbat-2019-midweek,evening,4,14.966666666666667,1,2,off,free-flow,4,18,940GZZLUEUS,0,3900,3598,1800,1796,120f96969b81f894,449,449,0,0,242,207,8.066666666666666,84,140,10.533333333333333,67,true,1798,137,209,114,74,3,4,0,1,2,2,true,1221,411.85441722345956,1307.05,2359125.2966493396,1623322.5761651632,59.23807095514052,0
profile,tfl-numbat-2019-midweek,evening,4,14.966666666666667,1,3,off,free-flow,4,15,940GZZLUEUS,0,3900,3326,1800,1796,e59e69d0a95354cc,449,449,0,0,255,194,8.5,90,134,11,60,true,1526,122,196,114,75,4,3,0,1,2,1,true,897,360.63986636971043,1112.8166666666666,2241810.5024322006,1567666.3464930768,58.84825112048275,0
profile,tfl-numbat-2019-midweek,late,60,0.9666666666666667,1,1,off,free-flow,4,0,940GZZLUEUS,0,3900,2363,1800,1740,3f43491072734442,29,29,0,0,24,5,0.8,6,8,1.2,-3,true,563,2,10,10,10,1,0,0,0,1,1,true,0,40.54655172413793,150.4,159049.1878895678,41343.45237978257,79.36877705477991,0
profile,tfl-numbat-2019-midweek,late,60,0.9666666666666667,1,2,off,free-flow,4,0,940GZZLUEUS,0,3900,2390,1800,1740,9611b15078e17182,29,29,0,0,24,5,0.8,8,6,1.0666666666666667,-1,true,590,2,10,10,10,0,0,0,0,1,0,true,0,47.78103448275862,162.81666666666666,165840.76108551992,38885.03164652217,81.00628595566494,0
profile,tfl-numbat-2019-midweek,late,60,0.9666666666666667,1,3,off,free-flow,4,0,940GZZLUEUS,0,3900,2171,1800,1740,f9d41282ed87e336,29,29,0,0,21,8,0.7,7,7,0.9333333333333333,1,true,371,2,10,10,9,1,1,0,1,2,1,true,0,47.90862068965517,150.3,173312.5723753194,68925.49644139514,71.54638130245891,0
profile,tfl-numbat-2019-midweek,late,30,1.9666666666666666,1,1,off,free-flow,4,0,940GZZLUEUS,0,3900,2453,1800,1770,7b78c0c6c5b6751f,59,59,0,0,44,15,1.4666666666666666,14,15,2,0,true,653,6,18,18,16,1,0,0,0,1,1,true,110,70.55084745762711,187.78333333333333,305891.00811986474,119067.53698332695,71.9813759823528,0
profile,tfl-numbat-2019-midweek,late,30,1.9666666666666666,1,2,off,free-flow,4,0,940GZZLUEUS,0,3900,2387,1800,1770,dcdfc76528b14094,59,59,0,0,43,16,1.4333333333333333,13,16,2,0,true,587,7,19,19,16,1,0,0,0,1,1,true,118,77.51158192090396,249,323999.8969888468,153403.69173101734,67.86708450550984,0
profile,tfl-numbat-2019-midweek,late,30,1.9666666666666666,1,3,off,free-flow,4,0,940GZZLUEUS,0,3900,2439,1800,1770,ce3fa968a97b9b41,59,59,0,0,45,14,1.5,11,18,2.2666666666666666,-4,true,639,5,19,19,19,1,1,0,0,2,1,true,143,62.12655367231638,172.98333333333332,334019.8664270274,154596.25748756103,68.36038560311921,0
profile,tfl-numbat-2019-midweek,late,20,2.966666666666667,1,1,off,free-flow,4,0,940GZZLUEUS,0,3900,2418,1800,1780,696ec036853324f3,89,89,0,0,65,24,2.1666666666666665,21,23,2.933333333333333,1,true,618,8,28,28,23,1,1,0,0,1,1,true,203,87.78501872659176,218.9,466538.29697709193,199726.45357414713,70.02295958042174,0
profile,tfl-numbat-2019-midweek,late,20,2.966666666666667,1,2,off,free-flow,4,0,940GZZLUEUS,0,3900,2431,1800,1780,a00e982a26c3858a,89,89,0,0,64,25,2.1333333333333333,20,24,2.933333333333333,1,true,631,8,28,28,22,1,0,0,0,1,1,true,111,86.47116104868914,326.65,507770.77882961504,215909.09890392385,70.16510952603518,0
profile,tfl-numbat-2019-midweek,late,20,2.966666666666667,1,3,off,free-flow,4,0,940GZZLUEUS,0,3900,2739,1800,1780,0c012ee02aa5d7cd,89,89,0,0,67,22,2.2333333333333334,18,26,3.2666666666666666,-4,true,939,9,28,28,25,1,1,0,0,2,1,true,190,82.34719101123595,229.68333333333334,474800.9580344157,259401.0862615265,64.66897793641023,0
profile,tfl-numbat-2019-midweek,late,15,3.966666666666667,1,1,off,free-flow,4,0,940GZZLUEUS,0,3900,2664,1800,1785,1908eda44fdc9049,119,119,0,0,87,32,2.9,26,33,4.066666666666666,-1,true,864,11,37,36,29,1,1,0,0,1,1,true,232,105.95014005602242,307.78333333333336,619341.4070534977,321825.01685372496,65.80572694915331,0
profile,tfl-numbat-2019-midweek,late,15,3.966666666666667,1,2,off,free-flow,4,0,940GZZLUEUS,0,3900,2659,1800,1785,c990a351ec0e59e2,119,119,0,0,82,37,2.7333333333333334,24,35,3.8666666666666667,2,true,859,11,42,40,34,1,2,0,0,1,1,true,161,96.51148459383754,355.4166666666667,681885.2058577273,288596.5377357706,70.26254850841853,0
profile,tfl-numbat-2019-midweek,late,15,3.966666666666667,1,3,off,free-flow,4,0,940GZZLUEUS,0,3900,2491,1800,1785,3252cce4e219d7d2,119,119,0,0,88,31,2.933333333333333,27,32,4.066666666666666,-1,true,691,11,37,36,30,1,2,0,0,2,2,true,132,90.91218487394958,251.51666666666668,633868.8087176972,310776.9178597162,67.10122015946598,0
profile,tfl-numbat-2019-midweek,late,12,4.966666666666667,1,1,off,free-flow,4,0,940GZZLUEUS,0,3900,2606,1800,1788,f319e0476eefe869,149,149,0,0,107,42,3.566666666666667,37,37,4.666666666666667,5,true,806,15,48,46,37,1,2,0,0,2,1,true,227,114.70257270693513,339.03333333333336,811650.8505083545,349582.4185075621,69.89559050406689,0
profile,tfl-numbat-2019-midweek,late,12,4.966666666666667,1,2,off,free-flow,4,0,940GZZLUEUS,0,3900,2636,1800,1788,25b0287529ffabe9,149,149,0,0,98,51,3.2666666666666666,34,40,4.266666666666667,11,true,836,18,52,51,39,1,2,0,0,1,1,true,311,121.24049217002238,401.18333333333334,871223.6727990728,369932.10255378194,70.19454689733753,0
profile,tfl-numbat-2019-midweek,late,12,4.966666666666667,1,3,off,free-flow,4,0,940GZZLUEUS,0,3900,2569,1800,1788,04c7ef6a02d9c80e,149,149,0,0,108,41,3.6,36,38,4.8,3,true,769,15,46,45,37,1,2,0,1,2,1,true,218,96.47125279642059,271.8833333333333,803200.9447015771,341471.5970144569,70.16862163020524,0
profile,tfl-numbat-2019-midweek,late,10,5.966666666666667,1,1,off,free-flow,4,0,940GZZLUEUS,0,3900,2565,1800,1790,6ce0ab44737101c7,179,179,0,0,116,63,3.8666666666666667,41,48,5,15,true,765,21,64,62,46,1,2,0,0,1,1,true,369,135.06582867783985,408.71666666666664,984060.4855885524,414473.7617734573,70.36370310163944,0
profile,tfl-numbat-2019-midweek,late,10,5.966666666666667,1,2,off,free-flow,4,0,940GZZLUEUS,0,3900,2673,1800,1790,a6ba80452bf89cc8,179,179,0,0,123,56,4.1,41,48,5.466666666666667,8,true,873,20,60,58,44,1,2,0,1,2,1,true,360,132.94944134078213,385.4,1038278.5444730024,493970.69174063625,67.76172700459007,0
profile,tfl-numbat-2019-midweek,late,10,5.966666666666667,1,3,off,free-flow,4,0,940GZZLUEUS,0,3900,2596,1800,1790,6b141e3b4a5792f4,179,179,0,0,126,53,4.2,40,49,5.733333333333333,4,true,796,17,56,54,44,2,1,0,1,1,1,true,371,115.25437616387336,392.18333333333334,935210.0361751531,453387.9429374028,67.3492292400454,0
profile,tfl-numbat-2019-midweek,late,8.571429,7,1,1,off,free-flow,4,0,940GZZLUEUS,0,3900,2675,1800,1799,ff106fd3f52d9cd6,210,210,0,0,137,73,4.566666666666666,46,59,6.066666666666666,14,true,875,26,78,75,52,3,2,0,0,2,2,true,383,155.01944444444445,478.4,1144873.638172107,592061.718135748,65.91342815461633,0
profile,tfl-numbat-2019-midweek,late,8.571429,7,1,2,off,free-flow,4,0,940GZZLUEUS,0,3900,2783,1800,1799,1a27ca72858d2a15,210,210,0,0,135,75,4.5,46,59,5.933333333333334,16,true,983,29,76,73,50,2,4,1,1,2,2,true,466,168.06150793650795,503.5,1217439.1106599856,670188.1897783197,64.49573548641182,0
profile,tfl-numbat-2019-midweek,late,8.571429,7,1,3,off,free-flow,4,0,940GZZLUEUS,0,3900,2601,1800,1799,a7d9d942eff35942,210,210,0,0,150,60,5,46,59,6.933333333333334,1,true,801,23,65,63,50,2,3,0,0,1,2,true,276,124.51269841269841,343.56666666666666,1097109.667995658,520318.4281438459,67.83050638320505,0
profile,tfl-numbat-2019-midweek,late,7.5,7.966666666666667,1,1,off,free-flow,4,1,940GZZLUEUS,0,3900,2976,1800,1792.5,4c95945b07ad4db4,239,239,0,0,152,87,5.066666666666666,53,66,6.6,21,true,1176,35,91,87,59,2,2,0,1,2,2,true,545.5,179.61415620641563,546.3666666666667,1314086.503220951,802616.496722047,62.08176127006665,0
profile,tfl-numbat-2019-midweek,late,7.5,7.966666666666667,1,2,off,free-flow,4,0,940GZZLUEUS,0,3900,2731,1800,1792.5,bc66ba7eac15925a,239,239,0,0,146,93,4.866666666666666,50,69,6.4,24,true,931,40,94,91,57,2,3,0,0,1,1,true,478.5,198.63598326359835,544.45,1348432.2170605008,850252.2356895561,61.329046802232895,0
profile,tfl-numbat-2019-midweek,late,7.5,7.966666666666667,1,3,off,free-flow,4,1,940GZZLUEUS,0,3900,2662,1800,1792.5,0ae3f856fd211af2,239,239,0,0,163,76,5.433333333333334,51,68,7.466666666666667,8,true,862,29,78,76,56,3,3,0,0,1,2,true,460.5,150.68542538354254,484.81666666666666,1252650.945242702,636096.5689833873,66.32177862883772,0
profile,tfl-numbat-2019-midweek,late,6.666667,8.966666666666667,1,1,off,free-flow,4,0,940GZZLUEUS,0,3900,2941,1800,1793.3333333333333,cde8843fbd18461c,269,269,0,0,173,96,5.766666666666667,56,78,7.8,18,true,1141,45,106,101,63,2,3,0,0,2,2,true,537.6666666666666,203.34665427509293,650.6833333333333,1496588.5062722573,998100.3121112097,59.990989467056316,0
profile,tfl-numbat-2019-midweek,late,6.666667,8.966666666666667,1,2,off,free-flow,4,1,940GZZLUEUS,0,3900,2794,1800,1793.3333333333333,83a165183527ecc2,269,269,0,0,162,107,5.4,54,80,7.2,27,true,994,45,108,105,66,2,3,0,0,1,1,true,495.6666666666667,208.15,562.1333333333333,1507349.2025127546,977641.6151143293,60.65813973317299,0
profile,tfl-numbat-2019-midweek,late,6.666667,8.966666666666667,1,3,off,free-flow,4,1,940GZZLUEUS,0,3900,2742,1800,1793.3333333333333,83299e1e302850ba,269,269,0,0,183,86,6.1,56,78,8.466666666666667,8,true,942,37,92,87,60,2,2,0,1,2,1,true,424.6666666666667,173.9706939281289,537.7833333333333,1423009.593661092,804854.8603724336,63.87325723900068,0
profile,tfl-numbat-2019-midweek,late,6,9.966666666666667,1,1,off,free-flow,4,1,940GZZLUEUS,0,3900,2974,1800,1794,98fed7f7e0b5d5be,299,299,0,0,188,111,6.266666666666667,61,88,8.466666666666667,23,true,1174,52,117,112,74,2,2,0,1,1,1,true,548,220.99364548494984,701.1833333333333,1640089.1505384916,1157223.7095943694,58.63088015334095,0
profile,tfl-numbat-2019-midweek,late,6,9.966666666666667,1,2,off,free-flow,4,1,940GZZLUEUS,0,3900,3429,1800,1794,37d7a79f46029bb5,299,299,0,0,184,115,6.133333333333334,57,92,8.466666666666667,23,true,1629,55,124,114,71,2,3,0,2,1,2,true,678,234.2550724637681,743.4833333333333,1667490.2912950527,1228677.622265499,57.5757463331965,0
profile,tfl-numbat-2019-midweek,late,6,9.966666666666667,1,3,off,free-flow,4,3,940GZZLUEUS,0,3900,2694,1800,1794,fc6ee2bcadca4be9,299,299,0,0,200,99,6.666666666666667,62,87,9.2,12,true,894,40,102,97,64,2,2,0,0,2,2,true,378,185.81532887402452,520.8833333333333,1550541.949357811,912039.1092704027,62.96409792989896,0
profile,tfl-numbat-2019-midweek,late,5.4545449999999995,11,1,1,off,free-flow,4,2,940GZZLUEUS,0,3900,3144,1800,1798.5,a742cd2d2261b9db,330,330,0,0,202,128,6.733333333333333,67,98,9,30,true,1344,66,133,114,74,2,2,0,0,1,1,true,773.5,255.56838383838385,816.5833333333334,1805054.2281363143,1297449.823674593,58.18055989589179,0
profile,tfl-numbat-2019-midweek,late,5.4545449999999995,11,1,2,off,free-flow,4,6,940GZZLUEUS,0,3900,2973,1800,1798.5,be1a4b815253bd7f,330,330,0,0,202,128,6.733333333333333,60,105,9.466666666666667,23,true,1173,65,134,114,72,3,3,0,0,2,1,true,789.5,252.66797979797983,947.0666666666667,1820629.330433035,1292365.9482673602,58.48480859865313,0
profile,tfl-numbat-2019-midweek,late,5.4545449999999995,11,1,3,off,free-flow,4,3,940GZZLUEUS,0,3900,2878,1800,1798.5,aeaa655b97568ddc,330,330,0,0,214,116,7.133333333333334,68,97,9.733333333333333,19,true,1078,53,118,113,75,2,3,0,1,2,1,true,547.5,204.8421212121212,674.5333333333333,1716316.3942568908,1158814.2972112724,59.69524791864216,0
profile,tfl-numbat-2019-midweek,late,5,11.966666666666667,1,1,off,free-flow,4,3,940GZZLUEUS,0,3900,3241,1800,1795,c4d654bacd1c393f,359,359,0,0,210,149,7,71,108,9.266666666666667,41,true,1441,85,151,114,76,2,2,0,1,1,1,true,744,304.58932219127206,932.1166666666667,1966335.7941870617,1400869.121677969,58.39667746154714,0
profile,tfl-numbat-2019-midweek,late,5,11.966666666666667,1,2,off,free-flow,4,6,940GZZLUEUS,0,3900,3245,1800,1795,9df3d2223b4cc3f6,359,359,0,0,212,147,7.066666666666666,62,117,10,30,true,1445,82,150,114,73,3,3,0,0,1,1,true,662,304.4300835654596,936.65,1974709.1969635275,1437666.5109097331,57.86904391586621,0
profile,tfl-numbat-2019-midweek,late,5,11.966666666666667,1,3,off,free-flow,4,5,940GZZLUEUS,0,3900,3055,1800,1795,fb2a73a1032500d7,359,359,0,0,226,133,7.533333333333333,72,107,10.266666666666667,26,true,1255,63,138,114,78,2,3,0,2,2,2,true,766,251.57000928505107,980.4666666666667,1850534.3380113165,1278303.5237862675,59.14446256886398,0
profile,tfl-numbat-2019-midweek,late,4.615385,13.033333333333333,1,1,off,free-flow,4,8,940GZZLUEUS,0,3900,3279,1800,1798.6,5901994003b35650,391,391,0,0,221,170,7.366666666666666,70,125,10.066666666666666,45,true,1479,99,172,114,78,3,2,0,0,2,2,true,769.4,337.22067348678604,903.95,2118125.512090745,1511397.0463710872,58.35824073203702,0
profile,tfl-numbat-2019-midweek,late,4.615385,13.033333333333333,1,2,off,free-flow,4,7,940GZZLUEUS,0,3900,3608,1800,1798.6,fe98d1722db6b27e,391,391,0,0,218,173,7.266666666666667,68,127,10,46,true,1808,108,175,114,76,3,4,0,0,2,2,true,1106.4,372.3388746803069,1140.0666666666666,2128766.8186543994,1708821.5067536694,55.471474221457505,0
profile,tfl-numbat-2019-midweek,late,4.615385,13.033333333333333,1,3,off,free-flow,4,6,940GZZLUEUS,0,3900,2958,1800,1798.6,882b92859d36cd3a,391,391,0,0,234,157,7.8,78,117,10.4,40,true,1158,92,157,114,76,3,3,0,1,2,1,true,842.4,312.8843989769821,887.6333333333333,1987494.802115006,1408462.4542423764,58.5253185502947,0
profile,tfl-numbat-2019-midweek,late,4.2857140000000005,14,1,1,off,free-flow,4,11,940GZZLUEUS,0,3900,3353,1800,1799,1619796da1e5bece,420,420,0,0,221,199,7.366666666666666,74,136,9.8,63,true,1553,128,199,114,80,2,2,0,0,1,1,true,1041,409.366626984127,1282.3666666666666,2254938.0714907795,1656091.0090314336,57.655875859396396,0
profile,tfl-numbat-2019-midweek,late,4.2857140000000005,14,1,2,off,free-flow,4,16,940GZZLUEUS,0,3900,3900,1800,1799,c6732daafdeff25c,420,419,1,0,224,196,7.466666666666667,72,138,10.133333333333333,58,false,0,135,196,114,74,3,3,0,0,1,1,true,1195,422.77956349206346,1224.9666666666667,2273835.1050527934,1778677.6155950325,56.109265085522125,0
profile,tfl-numbat-2019-midweek,late,4.2857140000000005,14,1,3,off,free-flow,4,10,940GZZLUEUS,0,3900,3720,1800,1799,5d715f71ce359391,420,420,0,0,246,174,8.2,78,132,11.2,42,true,1920,107,174,114,75,3,2,0,1,1,1,true,1159,348.2784126984127,1158.45,2134407.5350820883,1572873.4978910405,57.57339452009003,0
profile,tfl-numbat-2019-midweek,late,4,14.966666666666667,1,1,off,free-flow,4,20,940GZZLUEUS,0,3900,3449,1800,1796,e9538827e0405203,449,449,0,0,225,224,7.5,74,150,10.066666666666666,74,true,1649,142,225,114,79,3,2,0,0,2,2,true,1087,454.4125463994061,1163.9333333333334,2383020.092133298,1704846.7123924722,58.29495446121195,0
profile,tfl-numbat-2019-midweek,late,4,14.966666666666667,1,2,off,free-flow,4,19,940GZZLUEUS,0,3900,3823,1800,1796,6622936b54de5f60,449,449,0,0,239,210,7.966666666666667,72,152,11.133333333333333,58,true,2023,146,210,114,78,4,4,0,0,2,1,true,1170,448.94974016332594,1279.2666666666667,2400432.851775058,1749183.660132781,57.84710092816332,0
profile,tfl-numbat-2019-midweek,late,4,14.966666666666667,1,3,off,free-flow,4,19,940GZZLUEUS,0,3900,3654,1800,1796,a42f9a1146943fd9,449,449,0,0,243,206,8.1,81,143,10.8,63,true,1854,139,210,114,73,5,2,0,0,1,1,true,1100,409.17011878247956,1208.9666666666667,2237877.6677258094,1713285.2060658715,56.6384565559116,0
profile,tfl-numbat-2019-midweek,night,60,0.9666666666666667,1,1,off,free-flow,4,0,940GZZLUEUS,0,3900,2284,1800,1740,ca2265641b46fb7e,29,29,0,0,22,7,0.7333333333333333,9,5,0.8666666666666667,2,true,484,3,9,9,9,1,1,0,0,1,1,true,158,52.74367816091954,165.28333333333333,144848.7384353437,74529.64291916759,66.02689724529915,0
profile,tfl-numbat-2019-midweek,night,60,0.9666666666666667,1,2,off,free-flow,4,0,940GZZLUEUS,0,3900,2774,1800,1740,c81386e7d7872707,29,29,0,0,21,8,0.7,9,5,0.8,3,true,974,3,9,9,8,0,0,0,0,1,1,true,67,55.54252873563219,133.9,140371.27930934585,134676.84989844353,51.03516963145755,0
profile,tfl-numbat-2019-midweek,night,60,0.9666666666666667,1,3,off,free-flow,4,0,940GZZLUEUS,0,3900,2834,1800,1740,59d46cdde352f10e,29,29,0,0,23,6,0.7666666666666667,8,6,1,0,true,1034,2,10,10,10,1,1,0,0,1,1,true,0,39.45287356321839,258.31666666666666,170110.6173579565,95863.50479099632,63.957582032243685,0
profile,tfl-numbat-2019-midweek,night,30,1.9666666666666666,1,1,off,free-flow,4,1,940GZZLUEUS,0,3900,2729,1800,1770,175bf1e8ac6f44d7,59,59,0,0,43,16,1.4333333333333333,16,13,1.8,3,true,929,6,18,18,16,1,1,0,0,1,1,true,33,69.01299435028248,221.83333333333334,319029.3234333859,216222.51903824921,59.60359182701784,0
profile,tfl-numbat-2019-midweek,night,30,1.9666666666666666,1,2,off,free-flow,4,1,940GZZLUEUS,0,3900,2968,1800,1770,332bbea8045ea8af,59,59,0,0,42,17,1.4,17,12,1.6666666666666667,5,true,1168,5,19,19,16,1,0,0,0,1,1,true,226,74.9867231638418,227.18333333333334,320263.6284170868,252384.80833781225,55.92674455412226,0
profile,tfl-numbat-2019-midweek,night,30,1.9666666666666666,1,3,off,free-flow,4,0,940GZZLUEUS,0,3900,2694,1800,1770,a1a4f419a9f155b7,59,59,0,0,42,17,1.4,14,15,1.8666666666666667,2,true,894,5,20,20,17,0,1,0,0,2,1,true,100,71.23418079096045,258.31666666666666,335439.61133191455,254599.66635590018,56.85038674821798,0
profile,tfl-numbat-2019-midweek,night,20,2.966666666666667,1,1,off,free-flow,4,1,940GZZLUEUS,0,3900,3196,1800,1780,8c76375d5400f0a2,89,89,0,0,63,26,2.1,25,19,2.533333333333333,7,true,1396,7,28,27,24,1,1,0,0,1,1,true,449,80.78220973782771,488.76666666666665,480560.7408336444,346313.0864052382,58.11778351218887,0
profile,tfl-numbat-2019-midweek,night,20,2.966666666666667,1,2,off,free-flow,4,1,940GZZLUEUS,0,3900,3126,1800,1780,afec5a831dfb0ad9,89,89,0,0,63,26,2.1,22,22,2.7333333333333334,4,true,1326,9,30,28,24,1,1,0,0,2,1,true,374,101.25861423220974,416.55,510162.9346802167,411388.63024652505,55.359130633213326,0
profile,tfl-numbat-2019-midweek,night,20,2.966666666666667,1,3,off,free-flow,4,2,940GZZLUEUS,0,3900,2766,1800,1780,094cd0a41dfbd30a,89,89,0,0,62,27,2.066666666666667,22,22,2.6666666666666665,5,true,966,8,28,27,23,1,1,0,0,1,1,true,163,80.67284644194756,258.31666666666666,527914.6670761578,417634.8059331631,55.83152253218524,0
profile,tfl-numbat-2019-midweek,night,15,3.966666666666667,1,1,off,free-flow,4,6,940GZZLUEUS,0,3900,3167,1800,1785,f9e1bd3d2523c995,119,119,0,0,84,35,2.8,29,30,3.6666666666666665,5,true,1367,12,35,33,29,1,1,0,0,1,1,true,415,91.47871148459383,429.9166666666667,636174.8005009238,421363.25462711556,60.156208792306785,0
profile,tfl-numbat-2019-midweek,night,15,3.966666666666667,1,2,off,free-flow,4,7,940GZZLUEUS,0,3900,2766,1800,1785,690a196e2f9a4ff9,119,119,0,0,75,44,2.5,28,31,3.1333333333333333,13,true,966,12,44,38,32,1,2,1,0,2,2,true,202,98.45014005602242,338.1,649689.1336893131,492287.25995226076,56.891643059062005,0
profile,tfl-numbat-2019-midweek,night,15,3.966666666666667,1,3,off,free-flow,4,2,940GZZLUEUS,0,3900,3212,1800,1785,db99ebd72e363b57,119,119,0,0,80,39,2.6666666666666665,27,32,3.533333333333333,7,true,1412,11,40,39,33,1,2,0,0,1,1,true,455,110.6015406162465,532.2833333333333,718151.5613712942,540886.2532743649,57.0397134238108,0
profile,tfl-numbat-2019-midweek,night,12,4.966666666666667,1,1,off,free-flow,4,7,940GZZLUEUS,0,3900,2844,1800,1788,c19eeed41d417052,149,149,0,0,103,46,3.433333333333333,33,41,4.666666666666667,5,true,1044,14,50,46,37,1,1,0,0,1,1,true,255,109.32639821029082,378.45,785241.1341006382,598018.2365646268,56.76745451744051,0
profile,tfl-numbat-2019-midweek,night,12,4.966666666666667,1,2,off,free-flow,4,6,940GZZLUEUS,0,3900,2901,1800,1788,8ad3f9dbd58a4a5d,149,149,0,0,95,54,3.1666666666666665,33,41,4.133333333333334,13,true,1101,17,58,52,40,1,2,0,0,1,2,true,408,125.35413870246086,479.65,802554.8139805503,706313.0241844635,53.18920542150099,0
profile,tfl-numbat-2019-midweek,night,12,4.966666666666667,1,3,off,free-flow,4,8,940GZZLUEUS,0,3900,3091,1800,1788,f3a80d553036d591,149,149,0,0,98,51,3.2666666666666666,33,41,4.333333333333333,10,true,1291,15,52,49,40,1,2,0,0,1,1,true,331,110.22281879194631,558.8333333333334,844482.0935443473,636919.747893511,57.00560576627119,0
profile,tfl-numbat-2019-midweek,night,10,5.966666666666667,1,1,off,free-flow,4,10,940GZZLUEUS,0,3900,2785,1800,1790,6e42c7acb2ed4782,179,179,0,0,122,57,4.066666666666666,43,46,5.266666666666667,11,true,985,18,59,56,41,3,1,0,0,1,1,true,207,115.76154562383613,394.56666666666666,922937.7393463684,705985.4243887191,56.659378409850284,0
profile,tfl-numbat-2019-midweek,night,10,5.966666666666667,1,2,off,free-flow,4,10,940GZZLUEUS,0,3900,2765,1800,1790,d7ddc3217005eedc,179,179,0,0,116,63,3.8666666666666667,38,51,5.2,12,true,965,21,69,62,50,3,2,0,0,1,2,true,190,122.80493482309126,468.93333333333334,961022.2310892113,739166.5304193726,56.52444321749854,0
profile,tfl-numbat-2019-midweek,night,10,5.966666666666667,1,3,off,free-flow,4,8,940GZZLUEUS,0,3900,3246,1800,1790,aa670b5f8d7371c6,179,179,0,0,114,65,3.8,38,51,5.066666666666666,14,true,1446,20,65,64,47,2,2,0,0,2,2,true,597,137.8586592178771,636.1333333333333,1029415.113454368,854245.969571962,54.64969907434132,0
profile,tfl-numbat-2019-midweek,night,8.571429,7,1,1,off,free-flow,4,11,940GZZLUEUS,0,3900,3322,1800,1799,e91f11a6d7b085ac,210,210,0,0,141,69,4.7,49,56,6.133333333333334,13,true,1522,22,71,66,51,3,1,0,0,1,1,true,581,135.43190476190478,597.7,1097929.6775862048,926215.1673691758,54.2416556958604,0
profile,tfl-numbat-2019-midweek,night,8.571429,7,1,2,off,free-flow,4,12,940GZZLUEUS,0,3900,2764,1800,1799,2eea3e3fe02210bb,210,210,0,0,141,69,4.7,47,58,6.266666666666667,11,true,964,26,78,71,55,2,2,0,0,1,2,true,228,136.52960317460318,457.4166666666667,1139253.491046957,852185.3867863491,57.20755498589389,0
profile,tfl-numbat-2019-midweek,night,8.571429,7,1,3,off,free-flow,4,13,940GZZLUEUS,0,3900,3208,1800,1799,cd9753e4db035a1b,210,210,0,0,143,67,4.766666666666667,47,58,6.4,9,true,1408,27,76,71,51,2,2,0,0,2,2,true,578,147.28960317460317,594.6333333333333,1173703.100241107,945897.1619524806,55.37379482235175,0
profile,tfl-numbat-2019-midweek,night,7.5,7.966666666666667,1,1,off,free-flow,4,23,940GZZLUEUS,0,3900,3164,1800,1792.5,ac698127e9c870b6,239,239,0,0,160,79,5.333333333333333,58,61,6.8,18,true,1364,26,81,74,58,4,1,0,0,2,1,true,399.5,130.21680613668062,402.1166666666667,1227624.1089662868,952329.982579679,56.31421843822814,0
profile,tfl-numbat-2019-midweek,night,7.5,7.966666666666667,1,2,off,free-flow,4,21,940GZZLUEUS,0,3900,2677,1800,1792.5,363a18a5ce685250,239,239,0,0,159,80,5.3,51,68,7.2,12,true,877,30,88,76,58,2,2,0,0,1,1,true,287.5,140.57894002789402,488.3833333333333,1241827.1425541798,927346.6318558049,57.24885471160358,0
profile,tfl-numbat-2019-midweek,night,7.5,7.966666666666667,1,3,off,free-flow,4,17,940GZZLUEUS,0,3900,3048,1800,1792.5,d38bd377032d4c52,239,239,0,0,160,79,5.333333333333333,47,72,7.533333333333333,7,true,1248,35,83,74,53,3,2,0,0,2,1,true,333.5,160.6165969316597,483.31666666666666,1290081.2337884246,1050521.1530211938,55.11748774839467,0
profile,tfl-numbat-2019-midweek,night,6.666667,8.966666666666667,1,1,off,free-flow,4,27,940GZZLUEUS,0,3900,3019,1800,1793.3333333333333,8ba338bafbc5514f,269,269,0,0,184,85,6.133333333333334,64,70,8,15,true,1219,28,92,84,64,2,1,0,0,2,1,true,243.66666666666666,139.00068153655513,407.35,1390527.979124134,1109584.9684235223,55.61860637088789,0
profile,tfl-numbat-2019-midweek,night,6.666667,8.966666666666667,1,2,off,free-flow,4,16,940GZZLUEUS,0,3900,2992,1800,1793.3333333333333,c43a7f45f4cd834d,269,269,0,0,175,94,5.833333333333333,53,81,8.133333333333333,13,true,1192,36,100,92,66,3,2,0,0,2,1,true,525.6666666666666,179.07794299876085,639.05,1425353.4502134942,1212933.144091668,54.02572462332832,0
profile,tfl-numbat-2019-midweek,night,6.666667,8.966666666666667,1,3,off,free-flow,4,26,940GZZLUEUS,0,3900,3286,1800,1793.3333333333333,c77ab3603993635e,269,269,0,0,175,94,5.833333333333333,54,80,8.066666666666666,14,true,1486,36,95,85,62,3,2,0,0,2,1,true,511.6666666666667,158.06710037174722,618.2333333333333,1399065.5259864049,1173705.0257066186,54.379724031967925,0
profile,tfl-numbat-2019-midweek,night,6,9.966666666666667,1,1,off,free-flow,4,41,940GZZLUEUS,0,3900,3027,1800,1794,436349ce9314f077,299,299,0,0,197,102,6.566666666666666,65,84,8.8,18,true,1227,37,102,91,62,4,2,0,0,2,1,true,545,146.68428093645485,604.3666666666667,1444338.0234924047,1152638.5403798397,55.61613622491888,0
profile,tfl-numbat-2019-midweek,night,6,9.966666666666667,1,2,off,free-flow,4,18,940GZZLUEUS,0,3900,2983,1800,1794,cf673c15ac76cbab,299,299,0,0,186,113,6.2,58,91,8.533333333333333,22,true,1183,45,116,105,77,4,2,0,0,2,2,true,556,194.89459308807136,627.7666666666667,1631115.925180791,1378293.792780782,54.200526948707704,0
profile,tfl-numbat-2019-midweek,night,6,9.966666666666667,1,3,off,free-flow,4,29,940GZZLUEUS,0,3900,2954,1800,1794,a1953c90166778c3,299,299,0,0,192,107,6.4,58,91,8.933333333333334,16,true,1154,46,110,101,62,5,2,0,0,2,1,true,611,182.13717948717948,712.9333333333333,1551346.573834883,1185163.7434742355,56.69068974533822,0
profile,tfl-numbat-2019-midweek,night,5.4545449999999995,11,1,1,off,free-flow,4,37,940GZZLUEUS,0,3900,3160,1800,1798.5,d042e9976f1d18e7,330,330,0,0,218,112,7.266666666666667,71,94,9.8,18,true,1360,45,114,102,71,5,2,0,0,1,2,true,599.5,176.00919191919192,773.2166666666667,1635167.5178674306,1389359.87336398,54.063571141992064,0
profile,tfl-numbat-2019-midweek,night,5.4545449999999995,11,1,2,off,free-flow,4,31,940GZZLUEUS,0,3900,2958,1800,1798.5,50bea3e032ab06ac,330,330,0,0,202,128,6.733333333333333,63,102,9.266666666666667,26,true,1158,47,131,114,76,5,2,0,0,2,1,true,902.5,214.2767171717172,918.1666666666666,1705352.3645329191,1461498.078884255,53.850107385960655,0
profile,tfl-numbat-2019-midweek,night,5.4545449999999995,11,1,3,off,free-flow,4,38,940GZZLUEUS,0,3900,3217,1800,1798.5,c4a341f4642e795c,330,330,0,0,210,120,7,62,103,9.866666666666667,17,true,1417,50,124,105,70,3,2,0,0,2,2,true,650.5,195.03121212121212,809.2833333333333,1674108.6041802051,1386797.8722560536,54.69322950792441,0
profile,tfl-numbat-2019-midweek,night,5,11.966666666666667,1,1,off,free-flow,4,50,940GZZLUEUS,0,3900,3267,1800,1795,2be3e529710e9875,359,359,0,0,235,124,7.833333333333333,81,98,10.266666666666667,26,true,1467,48,126,108,75,4,2,0,1,2,1,true,542,178.05162488393685,746.1,1739291.092087273,1377218.6895500342,55.80894057625929,0
profile,tfl-numbat-2019-midweek,night,5,11.966666666666667,1,2,off,free-flow,4,50,940GZZLUEUS,0,3900,3705,1800,1795,4211505d27680b8b,359,359,0,0,231,128,7.7,67,112,10.933333333333334,16,true,1905,52,132,114,72,3,2,0,1,2,2,true,960,212.17762302692665,1012.8833333333333,1804687.5625102962,1633127.6852366938,52.495187566958926,0
profile,tfl-numbat-2019-midweek,night,5,11.966666666666667,1,3,off,free-flow,4,51,940GZZLUEUS,0,3900,3262,1800,1795,e593d26bccbd6209,359,359,0,0,220,139,7.333333333333333,70,109,10,30,true,1462,62,144,114,75,4,2,0,0,2,1,true,859,220.53393686165273,948.55,1789268.2074183004,1556045.57864666,53.48581095356643,0
profile,tfl-numbat-2019-midweek,night,4.615385,13.033333333333333,1,1,off,free-flow,4,53,940GZZLUEUS,0,3900,3764,1800,1798.6,86aba24f394e3624,391,391,0,0,247,144,8.233333333333333,80,115,11.133333333333333,29,true,1964,67,145,114,82,4,2,0,0,2,2,true,998.4,223.9237851662404,1016.6333333333333,1925818.0413777162,1701654.598341473,53.08980198198816,0
profile,tfl-numbat-2019-midweek,night,4.615385,13.033333333333333,1,2,off,free-flow,4,62,940GZZLUEUS,0,3900,3668,1800,1798.6,09112042b1d9f956,391,391,0,0,237,154,7.9,70,125,11.133333333333333,29,true,1868,82,158,114,76,3,3,0,1,2,2,true,888.4,260.170716112532,1099.2833333333333,1903477.1718270464,1822165.2468056416,51.09124703721898,0
profile,tfl-numbat-2019-midweek,night,4.615385,13.033333333333333,1,3,off,free-flow,4,67,940GZZLUEUS,0,3900,3375,1800,1798.6,de8c84346b576f9d,391,391,0,0,235,156,7.833333333333333,73,122,10.8,34,true,1575,75,161,114,71,3,3,0,0,2,2,true,860.4,257.4133418584825,1107.6666666666667,1895699.9480922287,1695807.382376308,52.782850587831646,0
profile,tfl-numbat-2019-midweek,night,4.2857140000000005,14,1,1,off,free-flow,4,79,940GZZLUEUS,0,3900,3623,1800,1799,def6a6a41e8ad6fd,420,420,0,0,256,164,8.533333333333333,92,118,10.933333333333334,46,true,1823,85,164,114,76,5,2,0,1,2,2,true,978,242.8479761904762,1151.6166666666666,1998930.9666508094,1756853.7922139694,53.22272427706972,0
profile,tfl-numbat-2019-midweek,night,4.2857140000000005,14,1,2,off,free-flow,4,74,940GZZLUEUS,0,3900,3650,1800,1799,5d8b702387ea3569,420,420,0,0,255,165,8.5,81,129,11.6,36,true,1850,83,165,114,74,3,2,0,1,2,2,true,1121,260.6535317460318,1180.85,1988457.4980702624,1788206.2360621647,52.651166162852725,0
profile,tfl-numbat-2019-midweek,night,4.2857140000000005,14,1,3,off,free-flow,4,86,940GZZLUEUS,0,3900,3488,1800,1799,543bacff6e8e87de,420,420,0,0,240,180,8,79,131,10.733333333333333,49,true,1688,94,182,114,71,4,3,0,0,2,1,true,918,289.7711507936508,1074.8666666666666,1968103.560267297,1785486.4243471776,52.43256637870206,0
profile,tfl-numbat-2019-midweek,night,4,14.966666666666667,1,1,off,free-flow,4,104,940GZZLUEUS,0,3900,3538,1800,1796,496c456e64d1b538,449,449,0,0,274,175,9.133333333333333,97,127,11.8,48,true,1738,97,182,114,81,4,2,0,0,2,1,true,940,253.27988121752043,1150.6666666666667,2032628.1354833394,1826896.563292001,52.665244923249475,0
profile,tfl-numbat-2019-midweek,night,4,14.966666666666667,1,2,off,free-flow,4,113,940GZZLUEUS,0,3900,3844,1800,1796,916284cd6b4ace08,449,449,0,0,273,176,9.1,86,138,12.466666666666667,38,true,2044,76,180,114,77,4,3,0,1,2,2,true,1077,248.06369710467706,1148.2833333333333,1957000.9175679125,1801821.7312135655,52.06419936312574,0
profile,tfl-numbat-2019-midweek,night,4,14.966666666666667,1,3,off,free-flow,4,108,940GZZLUEUS,0,3900,3766,1800,1796,b5e14fc27a619533,449,449,0,0,263,186,8.766666666666667,89,135,11.6,51,true,1966,97,188,114,69,4,2,0,1,2,2,true,1043,278.74959168522645,1182.1333333333334,2005964.6754199048,1828470.7149833094,52.3144732191971,0
profile,tfl-numbat-2019-midweek,early,60,0.9666666666666667,1,1,off,free-flow,8,0,940GZZLUEUS,0,3900,2588,1800,1740,9528258c1baa82ba,29,29,0,0,19,10,0.6333333333333333,6,8,0.8666666666666667,2,true,788,4,10,10,9,1,0,0,0,1,0,true,215,108.86724137931034,274.26666666666665,175363.26653690037,205991.72869473742,45.984258428392536,0
profile,tfl-numbat-2019-midweek,early,60,0.9666666666666667,1,2,off,free-flow,8,0,940GZZLUEUS,0,3900,2502,1800,1740,bb5eef7e7cabdb3b,29,29,0,0,19,10,0.6333333333333333,6,8,0.8666666666666667,2,true,702,4,13,13,10,0,0,0,0,1,1,true,205,142.69655172413792,295.9166666666667,186917.10622428585,197944.3849706932,48.56737046980615,0
profile,tfl-numbat-2019-midweek,early,60,0.9666666666666667,1,3,off,free-flow,8,1,940GZZLUEUS,0,3900,2555,1800,1740,47735eda4f594ac0,29,29,0,0,22,7,0.7333333333333333,6,8,1.0666666666666667,-1,true,755,4,12,12,10,1,0,0,0,1,0,true,220,109.19827586206897,279.6166666666667,172901.9303355624,193672.19624757537,47.1669760076067,0
profile,tfl-numbat-2019-midweek,early,30,1.9666666666666666,1,1,off,free-flow,8,1,940GZZLUEUS,0,3900,2522,1800,1770,383a7529680b260f,59,59,0,0,35,24,1.1666666666666667,12,17,1.5333333333333334,7,true,722,9,26,26,20,1,0,0,0,1,1,true,263,160.8319209039548,366.85,356137.23019471014,385014.280037883,48.05187944404845,0
profile,tfl-numbat-2019-midweek,early,30,1.9666666666666666,1,2,off,free-flow,8,1,940GZZLUEUS,0,3900,2514,1800,1770,d1340ee5a623df89,59,59,0,0,35,24,1.1666666666666667,11,18,1.6,6,true,714,10,26,26,18,1,0,0,0,1,1,true,182,188.3680790960452,369.01666666666665,361693.87881341204,414729.1087082423,46.58464324555105,0
profile,tfl-numbat-2019-midweek,early,30,1.9666666666666666,1,3,off,free-flow,8,0,940GZZLUEUS,0,3900,2719,1800,1770,badaff981b31ddb7,59,59,0,0,40,19,1.3333333333333333,11,18,1.9333333333333333,1,true,919,8,22,22,16,1,0,0,0,1,1,true,372,162.00536723163842,371.68333333333334,364992.5610805288,408717.21492391557,47.17435043478528,0
profile,tfl-numbat-2019-midweek,early,20,2.966666666666667,1,1,off,free-flow,8,2,940GZZLUEUS,0,3900,2688,1800,1780,4a2d770f2630dd23,89,89,0,0,51,38,1.7,18,26,2.2,12,true,888,18,38,38,27,1,0,0,0,1,1,true,295,203.3874531835206,415.6166666666667,541263.9435405966,612508.3230250592,46.912545848561166,0
profile,tfl-numbat-2019-midweek,early,20,2.966666666666667,1,2,off,free-flow,8,0,940GZZLUEUS,0,3900,2748,1800,1780,19332ce46bf440c5,89,89,0,0,57,32,1.9,14,30,2.8666666666666667,2,true,948,15,37,37,26,1,0,0,0,1,1,true,329,208.88426966292135,408.05,543886.9494199198,606459.6192818714,47.2802687657613,0
profile,tfl-numbat-2019-midweek,early,20,2.966666666666667,1,3,off,free-flow,8,3,940GZZLUEUS,0,3900,2707,1800,1780,1023c2b2435ed2d7,89,89,0,0,55,34,1.8333333333333333,19,25,2.4,9,true,907,14,37,35,27,1,0,0,0,1,1,true,294,175.66479400749066,389.4,532062.4121225975,551935.9515921923,49.08332244148923,0
profile,tfl-numbat-2019-midweek,early,15,3.966666666666667,1,1,off,free-flow,8,2,940GZZLUEUS,0,3900,2857,1800,1785,1609c532807f9008,119,119,0,0,71,48,2.3666666666666667,22,37,3.2666666666666666,11,true,1057,23,52,50,32,2,0,0,0,1,1,true,456,250.38067226890755,490.81666666666666,745892.1081265413,843690.1091830187,46.9237828659783,0
profile,tfl-numbat-2019-midweek,early,15,3.966666666666667,1,2,off,free-flow,8,4,940GZZLUEUS,0,3900,2823,1800,1785,c5ea67b17f25e70e,119,119,0,0,78,41,2.6,17,42,4.066666666666666,-1,true,1023,19,48,47,32,1,0,0,0,1,1,true,430,221.26974789915965,470.48333333333335,699990.4637631364,781871.9261810472,47.237210992952086,0
profile,tfl-numbat-2019-midweek,early,15,3.966666666666667,1,3,off,free-flow,8,2,940GZZLUEUS,0,3900,2870,1800,1785,a02f25ab84cc8d7d,119,119,0,0,76,43,2.533333333333333,21,38,3.6666666666666665,5,true,1070,19,48,46,31,2,0,0,0,1,1,true,446,210.95336134453783,445.3666666666667,727934.2297913468,766020.0882396131,48.725333901157576,0
profile,tfl-numbat-2019-midweek,early,12,4.966666666666667,1,1,off,free-flow,8,4,940GZZLUEUS,0,3900,2793,1800,1788,fde388a840555436,149,149,0,0,89,60,2.966666666666667,25,49,4.266666666666667,11,true,993,32,65,64,37,4,0,0,0,1,1,true,447,275.04876957494406,513.4166666666666,925197.4784517838,1020101.3648251921,47.56068619735729,0
profile,tfl-numbat-2019-midweek,early,12,4.966666666666667,1,2,off,free-flow,8,6,940GZZLUEUS,0,3900,2783,1800,1788,0db4ec5e24e7ed35,149,149,0,0,93,56,3.1,22,52,4.733333333333333,4,true,983,29,60,56,40,2,0,0,0,1,1,true,410,251.62695749440715,511.1666666666667,877842.2432543108,1011253.2078227409,46.4689194372797,0
profile,tfl-numbat-2019-midweek,early,12,4.966666666666667,1,3,off,free-flow,8,9,940GZZLUEUS,0,3900,2839,1800,1788,8d13d145a9ef1806,149,149,0,0,90,59,3,26,48,4.266666666666667,11,true,1039,27,61,56,36,2,0,0,0,1,1,true,450,234.47225950783,500.46666666666664,870215.77648541,933927.7268657198,48.234288174361765,0
profile,tfl-numbat-2019-midweek,early,10,5.966666666666667,1,1,off,free-flow,8,13,940GZZLUEUS,0,3900,2940,1800,1790,aadad49ab1254db9,179,179,0,0,96,83,3.2,27,62,4.6,21,true,1140,39,83,74,42,3,0,0,0,1,1,true,515,286.60959031657353,563.25,1050417.0759672883,1211376.6941184674,46.44177068042158,0
profile,tfl-numbat-2019-midweek,early,10,5.966666666666667,1,2,off,free-flow,8,9,940GZZLUEUS,0,3900,2863,1800,1790,2b255de325ea94d8,179,179,0,0,103,76,3.433333333333333,24,65,5.266666666666667,11,true,1063,40,79,73,47,3,2,0,0,1,2,true,474,282.9864059590317,569.25,1037111.7782445045,1229219.5078033777,45.76170238787378,0
profile,tfl-numbat-2019-midweek,early,10,5.966666666666667,1,3,off,free-flow,8,12,940GZZLUEUS,0,3900,2981,1800,1790,26744e71f4c37b72,179,179,0,0,104,75,3.466666666666667,29,60,5,15,true,1181,37,82,75,42,3,2,0,0,1,2,true,552,269.7573556797021,579.0666666666667,1050190.6979766907,1177756.7540220388,47.137139479413975,0
profile,tfl-numbat-2019-midweek,early,8.571429,7,1,1,off,free-flow,8,19,940GZZLUEUS,0,3900,3032,1800,1799,3563668f01b58088,210,210,0,0,112,98,3.7333333333333334,28,77,5.6,21,true,1232,47,99,88,50,4,2,0,0,1,2,true,632,315.5028571428572,631.8,1232645.8477251732,1369880.215241661,47.36343913190166,0
profile,tfl-numbat-2019-midweek,early,8.571429,7,1,2,off,free-flow,8,21,940GZZLUEUS,0,3900,2969,1800,1799,2c5e275a02e8aba7,210,210,0,0,117,93,3.9,28,77,5.933333333333334,16,true,1169,47,95,87,48,4,2,0,0,1,2,true,613,304.34523809523813,643.8833333333333,1161261.497282404,1356060.2047367187,46.13083406665767,0
profile,tfl-numbat-2019-midweek,early,8.571429,7,1,3,off,free-flow,8,20,940GZZLUEUS,0,3900,3026,1800,1799,ddd650abd105cd58,210,210,0,0,107,103,3.566666666666667,30,75,5.133333333333334,28,true,1226,45,103,87,54,4,1,0,0,1,1,true,628,286.2049206349206,627.8166666666667,1175359.5872867068,1282146.9870123223,47.827322196359226,0
profile,tfl-numbat-2019-midweek,early,7.5,7.966666666666667,1,1,off,free-flow,8,33,940GZZLUEUS,0,3900,3499,1800,1792.5,63b1ce4d79486c0c,239,239,0,0,127,112,4.233333333333333,29,90,6.533333333333333,22,true,1699,54,112,93,52,7,2,0,0,2,2,true,739.5,309.0170153417015,836.9833333333333,1307970.4717259752,1482671.7464300024,46.8698732935484,0
profile,tfl-numbat-2019-midweek,early,7.5,7.966666666666667,1,2,off,free-flow,8,26,940GZZLUEUS,0,3900,3088,1800,1792.5,b14207684481cacc,239,239,0,0,126,113,4.2,33,86,6.2,27,true,1288,59,114,99,53,6,2,0,0,1,2,true,701.5,338.01276150627615,700.5166666666667,1322123.8153101476,1562068.8654026275,45.84034291992617,0
profile,tfl-numbat-2019-midweek,early,7.5,7.966666666666667,1,3,off,free-flow,8,30,940GZZLUEUS,0,3900,3006,1800,1792.5,93ce2d6fb7cde873,239,239,0,0,131,108,4.366666666666666,35,84,6.4,24,true,1206,54,110,97,50,4,2,0,0,1,2,true,636.5,294.6728730822873,761.2333333333333,1287899.545528735,1428649.6901605974,47.409394558679026,0
profile,tfl-numbat-2019-midweek,early,6.666667,8.966666666666667,1,1,off,free-flow,8,33,940GZZLUEUS,0,3900,3295,1800,1793.3333333333333,4a2c0b0e2de5a8b9,269,269,0,0,133,136,4.433333333333334,36,98,6.466666666666667,38,true,1495,67,137,114,56,13,2,0,0,1,2,true,862.6666666666666,370.7039033457249,882.0833333333334,1509932.3278509635,1784482.835879542,45.83309184811903,0
profile,tfl-numbat-2019-midweek,early,6.666667,8.966666666666667,1,2,off,free-flow,8,35,940GZZLUEUS,0,3900,3119,1800,1793.3333333333333,d22cf29e05f827ac,269,269,0,0,142,127,4.733333333333333,35,99,7.133333333333334,28,true,1319,64,131,108,56,7,2,0,0,1,2,true,689.6666666666666,349.28556381660474,769.5,1443962.253190677,1735136.536806589,45.42049016324903,0
profile,tfl-numbat-2019-midweek,early,6.666667,8.966666666666667,1,3,off,free-flow,8,31,940GZZLUEUS,0,3900,3204,1800,1793.3333333333333,d987e36c0704b230,269,269,0,0,143,126,4.766666666666667,41,93,6.8,33,true,1404,67,127,114,57,8,2,0,0,1,2,true,877.6666666666666,343.19095415117715,896.7333333333333,1481056.1737062796,1804205.5603285916,45.0818319393775,0
profile,tfl-numbat-2019-midweek,early,6,9.966666666666667,1,1,off,free-flow,8,51,940GZZLUEUS,0,3900,3700,1800,1794,813f7f4fec7f70d2,299,299,0,0,150,149,5,44,105,7.066666666666666,44,true,1900,80,150,114,55,14,2,0,0,2,2,true,939,387.0675585284281,1376.7833333333333,1598527.3633847428,1909202.2995775484,45.57156671061077,0
profile,tfl-numbat-2019-midweek,early,6,9.966666666666667,1,2,off,free-flow,8,53,940GZZLUEUS,0,3900,3041,1800,1794,a6937e018b1fcc1f,299,299,0,0,148,151,4.933333333333334,42,107,7.066666666666666,44,true,1241,78,153,114,57,10,2,0,0,1,2,true,653,367.1545150501672,836.3166666666667,1508334.4329877198,1827145.908389489,45.22090609489047,0
profile,tfl-numbat-2019-midweek,early,6,9.966666666666667,1,3,off,free-flow,8,50,940GZZLUEUS,0,3900,3196,1800,1794,569e16cc1ad11ec7,299,299,0,0,145,154,4.833333333333333,44,105,6.733333333333333,49,true,1396,81,154,114,59,14,2,0,0,1,2,true,807,367.48506131549607,921.1666666666666,1559644.5905595492,1832409.548566904,45.979354296544344,0
profile,tfl-numbat-2019-midweek,early,5.4545449999999995,11,1,1,off,free-flow,8,75,940GZZLUEUS,0,3900,3614,1800,1798.5,20e33643790350cf,330,330,0,0,164,166,5.466666666666667,44,121,8,45,true,1814,82,168,114,57,19,2,0,0,2,2,true,849.5,366.7849494949495,1003.5333333333333,1615169.3218471701,1934015.8263975794,45.50817312661055,0
profile,tfl-numbat-2019-midweek,early,5.4545449999999995,11,1,2,off,free-flow,8,71,940GZZLUEUS,0,3900,3171,1800,1798.5,9a5fd55d60a95da3,330,330,0,0,168,162,5.6,43,122,8.333333333333334,40,true,1371,81,166,114,59,12,2,0,0,1,2,true,742.5,360.02232323232323,905.05,1574943.279462861,1919837.4903615152,45.065581597039824,0
profile,tfl-numbat-2019-midweek,early,5.4545449999999995,11,1,3,off,free-flow,8,73,940GZZLUEUS,0,3900,3157,1800,1798.5,3aa6ead3ecd2761f,330,330,0,0,166,164,5.533333333333333,50,115,7.733333333333333,49,true,1357,82,167,114,61,15,2,0,0,1,2,true,708.5,331.6517676767677,966.9333333333333,1576195.788429881,1869221.5940194216,45.7476007539436,0
profile,tfl-numbat-2019-midweek,early,5,11.966666666666667,1,1,off,free-flow,8,89,940GZZLUEUS,0,3900,3470,1800,1795,5608ed1bb22ab7e5,359,359,0,0,188,171,6.266666666666667,45,134,9.533333333333333,37,true,1670,85,175,114,59,14,2,0,0,2,2,true,1000,364.1774837511606,1037,1714552.321353421,2007925.2268892212,46.05944022853409,0
profile,tfl-numbat-2019-midweek,early,5,11.966666666666667,1,2,off,free-flow,8,96,940GZZLUEUS,0,3900,3114,1800,1795,706d8f75a32eac66,359,359,0,0,189,170,6.3,48,131,9.4,39,true,1314,90,177,114,59,12,2,0,0,1,2,true,693,346.36824512534815,918.3666666666667,1595200.7125974041,1934346.2025771106,45.19562286420355,0
profile,tfl-numbat-2019-midweek,early,5,11.966666666666667,1,3,off,free-flow,8,94,940GZZLUEUS,0,3900,3201,1800,1795,e90e4c4c349d670e,359,359,0,0,172,187,5.733333333333333,50,129,8.133333333333333,58,true,1401,92,190,114,62,13,2,0,0,1,2,true,767,354.78597957288764,964.6833333333333,1647750.3448379864,1920746.018022437,46.174920114453705,0
profile,tfl-numbat-2019-midweek,early,4.615385,13.033333333333333,1,1,off,free-flow,8,117,940GZZLUEUS,0,3900,3441,1800,1798.6,90c3c036d47733d8,391,391,0,0,197,194,6.566666666666666,46,149,10.066666666666666,45,true,1641,88,198,114,63,16,2,0,0,2,2,true,788.4,354.86875532821824,978.5833333333334,1722368.105820998,2038579.7049398883,45.79611822564859,0
profile,tfl-numbat-2019-midweek,early,4.615385,13.033333333333333,1,2,off,free-flow,8,125,940GZZLUEUS,0,3900,3037,1800,1798.6,dd76da605dc6d0b3,391,391,0,0,198,193,6.6,53,142,9.666666666666666,51,true,1237,91,193,114,63,20,2,0,0,1,2,true,677.4,336.4956095481671,919.25,1601313.5678689936,1895569.9501626245,45.792591020314184,0
profile,tfl-numbat-2019-midweek,early,4.615385,13.033333333333333,1,3,off,free-flow,8,117,940GZZLUEUS,0,3900,3180,1800,1798.6,42c18a3a5d04a7c1,391,391,0,0,194,197,6.466666666666667,51,144,9.533333333333333,53,true,1380,87,205,114,61,13,2,0,0,1,2,true,787.4,343.19739982949704,900.4333333333333,1687995.8955104968,1963849.1582420822,46.223097384045325,0
profile,tfl-numbat-2019-midweek,early,4.2857140000000005,14,1,1,off,free-flow,8,145,940GZZLUEUS,0,3900,3268,1800,1799,c19c8f7ced0a6fad,420,420,0,0,232,188,7.733333333333333,48,162,12.266666666666667,26,true,1468,87,199,114,60,14,2,0,0,1,2,true,754,327.12468253968257,1090.3,1723271.026493431,2013600.4048109981,46.115341621263354,0
profile,tfl-numbat-2019-midweek,early,4.2857140000000005,14,1,2,off,free-flow,8,144,940GZZLUEUS,0,3900,3103,1800,1799,576e1859100cd6b6,420,420,0,0,235,185,7.833333333333333,58,152,11.8,33,true,1303,90,196,114,62,12,2,0,0,1,2,true,669,309.8041666666667,878.9666666666667,1669115.6658438959,1955603.3081059973,46.048139947937635,0
profile,tfl-numbat-2019-midweek,early,4.2857140000000005,14,1,3,off,free-flow,8,143,940GZZLUEUS,0,3900,3075,1800,1799,880a3a3a981d7825,420,420,0,0,224,196,7.466666666666667,54,156,11.333333333333334,40,true,1275,94,204,114,65,14,2,0,0,1,2,true,751,323.2725396825397,1005.9333333333333,1685890.6049933208,1925490.2218129043,46.6827146137413,0
profile,tfl-numbat-2019-midweek,early,4,14.966666666666667,1,1,off,free-flow,8,166,940GZZLUEUS,0,3900,3388,1800,1796,63c82187320d4492,449,449,0,0,243,206,8.1,52,172,12.733333333333333,34,true,1588,100,209,114,61,19,2,0,0,1,2,true,856,341.25571640683,1196.7833333333333,1761567.1371469921,2041071.8130786822,46.32485913611253,0
profile,tfl-numbat-2019-midweek,early,4,14.966666666666667,1,2,off,free-flow,8,170,940GZZLUEUS,0,3900,3088,1800,1796,3c1cc4bd02bc2287,449,449,0,0,252,197,8.4,54,170,13.2,27,true,1288,92,215,114,63,11,2,0,0,1,2,true,756,311.96766889383815,846.35,1657989.8098890116,1962167.0928246947,45.798838405212926,0
profile,tfl-numbat-2019-midweek,early,4,14.966666666666667,1,3,off,free-flow,8,161,940GZZLUEUS,0,3900,3293,1800,1796,518b208a85e38dde,449,449,0,0,251,198,8.366666666666667,54,170,13.133333333333333,28,true,1493,97,215,114,60,15,2,0,0,1,2,true,859,333.2801410541945,921.5833333333334,1777168.6479922328,2029342.53760434,46.68759820585441,0
profile,tfl-numbat-2019-midweek,morning,60,0.9666666666666667,1,1,off,free-flow,8,0,940GZZLUEUS,0,3900,2307,1800,1740,ec096baf2262cfae,29,29,0,0,23,6,0.7666666666666667,7,7,1.0666666666666667,-1,true,507,1,10,10,10,0,1,0,0,2,1,true,0,20.49712643678161,205.85,155331.7207800927,41283.54053107956,79.0028809280769,0
profile,tfl-numbat-2019-midweek,morning,60,0.9666666666666667,1,2,off,free-flow,8,0,940GZZLUEUS,0,3900,2155,1800,1740,eaf98c10ead9f202,29,29,0,0,23,6,0.7666666666666667,8,6,1,0,true,355,2,9,9,8,0,0,0,0,1,1,true,0,41.04080459770115,172.65,137908.053580545,30776.098725044365,81.75519258662177,0
profile,tfl-numbat-2019-midweek,morning,60,0.9666666666666667,1,3,off,free-flow,8,0,940GZZLUEUS,0,3900,2488,1800,1740,5214e5eaa55ec074,29,29,0,0,21,8,0.7,7,7,0.9333333333333333,1,true,688,3,10,10,10,1,0,0,0,1,1,true,164,53.166091954022995,343.9,163234.2424259688,85610.58622028808,65.59679914345858,0
profile,tfl-numbat-2019-midweek,morning,30,1.9666666666666666,1,1,off,free-flow,8,1,940GZZLUEUS,0,3900,2677,1800,1770,97c3b096389d787f,59,59,0,0,43,16,1.4333333333333333,15,14,1.8666666666666667,2,true,877,4,17,17,15,1,1,0,0,2,1,true,267,55.52146892655367,356.85,307048.907314655,134229.35173066444,69.58169840021985,0
profile,tfl-numbat-2019-midweek,morning,30,1.9666666666666666,1,2,off,free-flow,8,0,940GZZLUEUS,0,3900,2839,1800,1770,2eb0fa6013c87d49,59,59,0,0,43,16,1.4333333333333333,16,13,1.8,3,true,1039,5,17,16,14,1,1,0,0,1,1,true,363,65.44774011299435,362.2,309161.27625129337,122939.95968260306,71.548343430008,0
profile,tfl-numbat-2019-midweek,morning,30,1.9666666666666666,1,3,off,free-flow,8,0,940GZZLUEUS,0,3900,2499,1800,1770,e15aaff78f8f0841,59,59,0,0,41,18,1.3666666666666667,17,12,1.6,6,true,699,5,19,19,16,0,0,0,0,1,1,true,112,72.12994350282487,354.6166666666667,349832.3785112889,154533.77148276402,69.36079642050004,0
profile,tfl-numbat-2019-midweek,morning,20,2.966666666666667,1,1,off,free-flow,8,0,940GZZLUEUS,0,3900,2564,1800,1780,d2d7fedf7433e695,89,89,0,0,67,22,2.2333333333333334,23,21,2.933333333333333,1,true,764,8,27,27,22,1,2,0,0,2,1,true,357,88.25711610486891,456.45,461474.9473473517,254648.25650947168,64.44071981776138,0
profile,tfl-numbat-2019-midweek,morning,20,2.966666666666667,1,2,off,free-flow,8,0,940GZZLUEUS,0,3900,2667,1800,1780,102a127340b7005c,89,89,0,0,61,28,2.033333333333333,24,20,2.466666666666667,8,true,867,10,30,30,23,1,1,0,0,1,1,true,343,100.98614232209738,449.5,513840.67737405194,225782.83406831473,69.47327517644655,0
profile,tfl-numbat-2019-midweek,morning,20,2.966666666666667,1,3,off,free-flow,8,0,940GZZLUEUS,0,3900,2984,1800,1780,d207b3f7842d888c,89,89,0,0,64,25,2.1333333333333333,24,20,2.6666666666666665,5,true,1184,9,31,31,26,1,1,0,0,1,1,true,334,93.39007490636705,362.0833333333333,528508.2426451987,304526.12778363226,63.44374991071884,0
profile,tfl-numbat-2019-midweek,morning,15,3.966666666666667,1,1,off,free-flow,8,0,940GZZLUEUS,0,3900,2869,1800,1785,9b3980983f12907c,119,119,0,0,82,37,2.7333333333333334,30,29,3.466666666666667,8,true,1069,12,39,38,30,1,2,0,0,2,1,true,356,97.706162464986,433.7,659301.433826102,335770.1416811106,66.25668444905983,0
profile,tfl-numbat-2019-midweek,morning,15,3.966666666666667,1,2,off,free-flow,8,0,940GZZLUEUS,0,3900,2759,1800,1785,69d4d38d8565a9e6,119,119,0,0,76,43,2.533333333333333,30,29,3.066666666666667,14,true,959,16,44,44,35,1,1,0,0,1,1,true,281,122.33557422969189,474.15,684506.4628764675,325239.3867880228,67.78997537884503,0
profile,tfl-numbat-2019-midweek,morning,15,3.966666666666667,1,3,off,free-flow,8,0,940GZZLUEUS,0,3900,2642,1800,1785,4bba75f61683de00,119,119,0,0,83,36,2.7666666666666666,24,35,3.933333333333333,1,true,842,13,39,39,33,1,1,0,0,2,1,true,309,113.51680672268908,466.28333333333336,678566.6398540812,358013.70302587433,65.46204011247248,0
profile,tfl-numbat-2019-midweek,morning,12,4.966666666666667,1,1,off,free-flow,8,0,940GZZLUEUS,0,3900,2751,1800,1788,55e19f59b2536a66,149,149,0,0,100,49,3.3333333333333335,36,38,4.266666666666667,11,true,951,15,49,49,42,2,2,0,1,2,1,true,284,104.08870246085012,426.8,840025.5165619276,436729.5440373335,65.79378789911755,0
profile,tfl-numbat-2019-midweek,morning,12,4.966666666666667,1,2,off,free-flow,8,0,940GZZLUEUS,0,3900,2627,1800,1788,04314078e25fbbdc,149,149,0,0,96,53,3.2,39,35,3.8,18,true,827,19,55,55,45,1,1,0,0,2,1,true,344,122.29485458612976,543.9833333333333,844336.0736067742,423453.1911422821,66.59908685801189,0
profile,tfl-numbat-2019-midweek,morning,12,4.966666666666667,1,3,off,free-flow,8,1,940GZZLUEUS,0,3900,2991,1800,1788,6cc4332fc789a716,149,149,0,0,106,43,3.533333333333333,29,45,5.133333333333334,-2,true,1191,17,48,47,39,2,1,0,0,2,1,true,537,126.46711409395974,553.9333333333333,865908.1753268555,431891.6172646657,66.72124469967437,0
profile,tfl-numbat-2019-midweek,morning,10,5.966666666666667,1,1,off,free-flow,8,2,940GZZLUEUS,0,3900,2924,1800,1790,944d0fed765eed8b,179,179,0,0,117,62,3.9,43,46,4.933333333333334,16,true,1124,19,65,64,50,2,2,0,0,2,1,true,341,126.118156424581,472.95,1008922.612266469,548998.6901727611,64.76082011888558,0
profile,tfl-numbat-2019-midweek,morning,10,5.966666666666667,1,2,off,free-flow,8,0,940GZZLUEUS,0,3900,3132,1800,1790,ad331b2234d47096,179,179,0,0,124,55,4.133333333333334,44,45,5.333333333333333,10,true,1332,23,66,65,55,2,1,0,0,2,1,true,319,136.31964618249535,532.2833333333333,1033944.4812015888,539006.7858707277,65.7327727085936,0
profile,tfl-numbat-2019-midweek,morning,10,5.966666666666667,1,3,off,free-flow,8,0,940GZZLUEUS,0,3900,3257,1800,1790,6a65d9c30f59177b,179,179,0,0,118,61,3.933333333333333,35,54,5.533333333333333,7,true,1457,25,62,61,44,2,1,0,0,2,1,true,458,150.43026070763503,567.6833333333333,1027276.7886547694,585229.944897975,63.70682163859427,0
profile,tfl-numbat-2019-midweek,morning,8.571429,7,1,1,off,free-flow,8,0,940GZZLUEUS,0,3900,3048,1800,1799,cda90f11c595fc68,210,210,0,0,141,69,4.7,46,59,6.333333333333333,10,true,1248,25,74,73,53,2,3,0,0,2,1,true,424,149.5092857142857,600.8,1210562.4101854968,628166.1433713246,65.83692888457053,0
profile,tfl-numbat-2019-midweek,morning,8.571429,7,1,2,off,free-flow,8,0,940GZZLUEUS,0,3900,2879,1800,1799,7f2bdfec1fd345fe,210,210,0,0,143,67,4.766666666666667,44,61,6.6,6,true,1079,27,78,77,61,2,1,0,1,2,1,true,263,139.43603174603174,498.76666666666665,1201908.1210683892,591996.6158595842,66.99955110919844,0
profile,tfl-numbat-2019-midweek,morning,8.571429,7,1,3,off,free-flow,8,0,940GZZLUEUS,0,3900,2991,1800,1799,7ea8c132a695c16b,210,210,0,0,137,73,4.566666666666666,42,63,6.333333333333333,10,true,1191,29,74,73,54,2,2,0,0,2,1,true,373,153.4568253968254,571.5333333333333,1205843.088160747,615316.5116406613,66.21292764743082,0
profile,tfl-numbat-2019-midweek,morning,7.5,7.966666666666667,1,1,off,free-flow,8,0,940GZZLUEUS,0,3900,2954,1800,1792.5,4731b4d993884c61,239,239,0,0,155,84,5.166666666666667,54,65,6.733333333333333,19,true,1154,30,85,84,65,3,3,0,1,2,1,true,418.5,163.0976290097629,567.3333333333334,1371782.1518723064,733306.180353005,65.16506366372668,0
profile,tfl-numbat-2019-midweek,morning,7.5,7.966666666666667,1,2,off,free-flow,8,0,940GZZLUEUS,0,3900,3326,1800,1792.5,f9f836c87071a85e,239,239,0,0,162,77,5.4,51,68,7.4,9,true,1526,33,89,86,65,1,3,0,0,1,2,true,487.5,155.12670850767083,556.2666666666667,1351599.638212297,720771.7012034655,65.21995418993473,0
profile,tfl-numbat-2019-midweek,morning,7.5,7.966666666666667,1,3,off,free-flow,8,1,940GZZLUEUS,0,3900,3102,1800,1792.5,15f7af9d566e1cbd,239,239,0,0,156,83,5.2,45,74,7.4,9,true,1302,33,89,87,62,1,2,0,0,2,1,true,530.5,171.29191073919108,612.2166666666667,1376125.6896099835,776171.999356928,63.937516481305835,0
profile,tfl-numbat-2019-midweek,morning,6.666667,8.966666666666667,1,1,off,free-flow,8,1,940GZZLUEUS,0,3900,2924,1800,1793.3333333333333,34ba04f18e7fc846,269,269,0,0,175,94,5.833333333333333,58,76,7.8,18,true,1124,39,100,96,71,2,3,0,0,2,2,true,402.6666666666667,172.98971499380423,606.15,1527708.9330864518,830007.4823090251,64.79612743546167,0
profile,tfl-numbat-2019-midweek,morning,6.666667,8.966666666666667,1,2,off,free-flow,8,1,940GZZLUEUS,0,3900,3037,1800,1793.3333333333333,b3b95630ed092780,269,269,0,0,179,90,5.966666666666667,54,80,8.333333333333334,10,true,1237,36,102,99,70,3,3,0,1,2,2,true,557.6666666666666,169.5063816604709,592.4333333333333,1562717.4246782553,841334.1600751729,65.00348971665413,0
profile,tfl-numbat-2019-midweek,morning,6.666667,8.966666666666667,1,3,off,free-flow,8,1,940GZZLUEUS,0,3900,2899,1800,1793.3333333333333,8e5746ead23083f4,269,269,0,0,176,93,5.866666666666666,55,79,8.066666666666666,14,true,1099,37,96,94,67,2,2,0,1,2,1,true,538.6666666666666,176.97323420074352,599.5666666666667,1523365.9803883918,884910.1680949142,63.25545271657418,0
profile,tfl-numbat-2019-midweek,morning,6,9.966666666666667,1,1,off,free-flow,8,1,940GZZLUEUS,0,3900,3642,1800,1794,1c08fe1ead694371,299,299,0,0,189,110,6.3,65,84,8.266666666666667,26,true,1842,46,116,111,81,2,2,1,1,2,2,true,894,193.36583054626533,1013.3833333333333,1693264.2938022662,1034494.2220327146,62.07530043340179,0
profile,tfl-numbat-2019-midweek,morning,6,9.966666666666667,1,2,off,free-flow,8,1,940GZZLUEUS,0,3900,2936,1800,1794,5d52463e8423e3e8,299,299,0,0,197,102,6.566666666666666,57,92,9.333333333333334,10,true,1136,45,112,106,73,3,2,0,1,1,1,true,513,193.25824972129323,598.75,1706138.2009060353,966771.9417865849,63.830735409134114,0
profile,tfl-numbat-2019-midweek,morning,6,9.966666666666667,1,3,off,free-flow,8,3,940GZZLUEUS,0,3900,2963,1800,1794,c3759d12dff30a69,299,299,0,0,193,106,6.433333333333334,59,90,8.933333333333334,16,true,1163,48,111,108,75,2,2,0,0,2,1,true,382,198.50217391304346,685.9333333333333,1697954.2424711438,1076929.3370459976,61.1901073978248,0
profile,tfl-numbat-2019-midweek,morning,5.4545449999999995,11,1,1,off,free-flow,8,4,940GZZLUEUS,0,3900,3588,1800,1798.5,c64244c66b891430,330,330,0,0,211,119,7.033333333333333,70,95,9.4,24,true,1788,54,127,114,75,2,2,0,1,2,2,true,840.5,232.77813131313133,1117.85,1862121.446983391,1304411.3867416363,58.8063205014312,0
profile,tfl-numbat-2019-midweek,morning,5.4545449999999995,11,1,2,off,free-flow,8,3,940GZZLUEUS,0,3900,3274,1800,1798.5,c421d6886132d7aa,330,330,0,0,208,122,6.933333333333334,59,106,9.933333333333334,16,true,1474,59,131,114,74,2,3,0,0,2,1,true,856.5,243.52782828282827,937.9166666666666,1875639.2046506954,1300386.9165072069,59.056164310351534,0
profile,tfl-numbat-2019-midweek,morning,5.4545449999999995,11,1,3,off,free-flow,8,5,940GZZLUEUS,0,3900,3122,1800,1798.5,bd64ac0fbdcacbce,330,330,0,0,198,132,6.6,59,106,9.266666666666667,26,true,1322,61,132,114,79,4,2,0,0,2,2,true,666.5,252.38287878787878,750.9333333333333,1867858.115132561,1279772.080059375,59.341726927952,0
profile,tfl-numbat-2019-midweek,morning,5,11.966666666666667,1,1,off,free-flow,8,7,940GZZLUEUS,0,3900,3395,1800,1795,5960e07ad149c806,359,359,0,0,208,151,6.933333333333334,73,106,9,45,true,1595,81,153,114,73,4,2,0,1,2,2,true,868,301.2803621169916,1045.0333333333333,2009945.822505952,1467071.8818306162,57.80660305523119,0
profile,tfl-numbat-2019-midweek,morning,5,11.966666666666667,1,2,off,free-flow,8,6,940GZZLUEUS,0,3900,3322,1800,1795,fd71a29997bbff89,359,359,0,0,215,144,7.166666666666667,68,111,9.8,33,true,1522,81,149,114,74,2,3,0,0,2,2,true,987,299.32042711234914,1104.3833333333334,2046391.3624434173,1446453.4545284656,58.58809851785896,0
profile,tfl-numbat-2019-midweek,morning,5,11.966666666666667,1,3,off,free-flow,8,5,940GZZLUEUS,0,3900,3497,1800,1795,53029c581d4402c7,359,359,0,0,203,156,6.766666666666667,61,118,9.466666666666667,38,true,1697,84,157,114,79,4,2,0,1,2,1,true,1095,318.955617455896,1139.25,2049046.3493467334,1557767.7433776737,56.810423178727966,0
profile,tfl-numbat-2019-midweek,morning,4.615385,13.033333333333333,1,1,off,free-flow,8,13,940GZZLUEUS,0,3900,3581,1800,1798.6,b9bdf89a2a5e69f2,391,391,0,0,233,158,7.766666666666667,78,117,10.333333333333334,41,true,1781,102,162,114,75,2,2,0,0,2,2,true,1006.4,323.7869565217391,1342.8833333333334,2169333.7464916143,1533498.070795473,58.58580280000391,0
profile,tfl-numbat-2019-midweek,morning,4.615385,13.033333333333333,1,2,off,free-flow,8,4,940GZZLUEUS,0,3900,3654,1800,1798.6,8b758b26ca8b1088,391,391,0,0,224,167,7.466666666666667,73,122,10.066666666666666,45,true,1854,108,167,114,76,3,4,0,0,2,2,true,955.4,352.70886615515775,1073.5333333333333,2237804.358422337,1598824.5333244596,58.32736033542918,0
profile,tfl-numbat-2019-midweek,morning,4.615385,13.033333333333333,1,3,off,free-flow,8,13,940GZZLUEUS,0,3900,3619,1800,1798.6,7433030a10576159,391,391,0,0,212,179,7.066666666666666,67,128,9.666666666666666,51,true,1819,108,179,114,79,2,3,0,0,2,2,true,1215.4,378.11977834612105,1403.8833333333334,2177871.469664774,1673323.494374607,56.55053794992717,0
profile,tfl-numbat-2019-midweek,morning,4.2857140000000005,14,1,1,off,free-flow,8,23,940GZZLUEUS,0,3900,3697,1800,1799,8f257d775b622b3f,420,420,0,0,221,199,7.366666666666666,79,131,9.466666666666667,68,true,1897,128,202,114,72,3,3,0,1,1,2,true,1309,433.2872222222222,1336.1166666666666,2323407.622798664,1797028.170211049,56.387424522918344,0
profile,tfl-numbat-2019-midweek,morning,4.2857140000000005,14,1,2,off,free-flow,8,10,940GZZLUEUS,0,3900,3693,1800,1799,147acec647511cf7,420,420,0,0,224,196,7.466666666666667,76,134,9.866666666666667,62,true,1893,140,196,114,76,3,3,0,1,2,1,true,1421,452.98023809523806,1497.4166666666667,2348723.1379429675,1875323.0509855875,55.603632936095565,0
profile,tfl-numbat-2019-midweek,morning,4.2857140000000005,14,1,3,off,free-flow,8,23,940GZZLUEUS,0,3900,3824,1800,1799,a415c0f5b05ea09e,420,420,0,0,221,199,7.366666666666666,73,137,9.866666666666667,62,true,2024,130,199,114,72,5,2,0,1,2,1,true,1266,437.9949603174603,1420.0166666666667,2271118.0314763202,1819627.4593336682,55.51843879259835,0
profile,tfl-numbat-2019-midweek,morning,4,14.966666666666667,1,1,off,free-flow,8,25,940GZZLUEUS,0,3900,3720,1800,1796,770f9d7a64f87d13,449,449,0,0,230,219,7.666666666666667,81,143,9.933333333333334,76,true,1920,155,222,114,71,3,2,0,1,2,2,true,1327,483.8414625092799,1550.2333333333333,2485174.6906853695,1916049.6242176765,56.46553124480126,0
profile,tfl-numbat-2019-midweek,morning,4,14.966666666666667,1,2,off,free-flow,8,16,940GZZLUEUS,0,3900,3735,1800,1796,7d616be7f0c36e85,449,449,0,0,229,220,7.633333333333334,77,147,10.133333333333333,73,true,1935,155,220,114,72,4,3,0,1,2,2,true,1403,502.8559391239792,1510.8666666666666,2459886.122147473,1975368.5674408735,55.46211648052583,0
profile,tfl-numbat-2019-midweek,morning,4,14.966666666666667,1,3,off,free-flow,8,32,940GZZLUEUS,0,3900,3900,1800,1796,a0ab47d20ba11e88,449,448,1,0,221,228,7.366666666666666,74,150,9.8,78,false,0,149,231,114,76,3,3,0,0,1,1,true,1360,486.0894951744618,1419.9,2401394.406884492,1866557.8659759131,56.265727762580255,0
profile,tfl-numbat-2019-midweek,am-peak,60,0.9666666666666667,1,1,off,free-flow,8,0,940GZZLUEUS,0,3900,2434,1800,1740,91f17b3654b28322,29,29,0,0,23,6,0.7666666666666667,7,7,1.0666666666666667,-1,true,634,2,9,9,9,0,1,0,0,2,1,true,0,15.32183908045977,205.88333333333333,170038.47935630876,26973.178481395626,86.30884142723383,0
profile,tfl-numbat-2019-midweek,am-peak,60,0.9666666666666667,1,2,off,free-flow,8,0,940GZZLUEUS,0,3900,2352,1800,1740,13a4fdcb6e345e29,29,29,0,0,22,7,0.7333333333333333,9,5,0.8666666666666667,2,true,552,3,8,8,8,0,1,0,0,1,1,true,0,35.66149425287357,161.31666666666666,139007.43371350633,52748.269490098595,72.49194229488401,0
profile,tfl-numbat-2019-midweek,am-peak,60,0.9666666666666667,1,3,off,free-flow,8,0,940GZZLUEUS,0,3900,2652,1800,1740,2a25d7a620a8b34d,29,29,0,0,20,9,0.6666666666666666,7,7,0.8666666666666667,2,true,852,2,10,10,9,1,0,0,0,1,1,true,0,40.935057471264365,207.15,165121.07575321395,77354.64328737644,68.09798375134325,0
profile,tfl-numbat-2019-midweek,am-peak,30,1.9666666666666666,1,1,off,free-flow,8,0,940GZZLUEUS,0,3900,2416,1800,1770,b005b6d375179000,59,59,0,0,48,11,1.6,16,13,2.1333333333333333,-2,true,616,2,18,18,17,1,1,0,0,2,1,true,88,22.951412429378532,207.15,318439.65233857644,83579.30168585772,79.210109162968,0
profile,tfl-numbat-2019-midweek,am-peak,30,1.9666666666666666,1,2,off,free-flow,8,0,940GZZLUEUS,0,3900,2522,1800,1770,81208d9b58d5f9ff,59,59,0,0,44,15,1.4666666666666666,19,10,1.6666666666666667,5,true,722,5,17,17,16,1,1,0,0,1,1,true,211,47.07118644067796,240.4,299285.06624609604,154044.9133985241,66.01925301316166,0
profile,tfl-numbat-2019-midweek,am-peak,30,1.9666666666666666,1,3,off,free-flow,8,0,940GZZLUEUS,0,3900,2632,1800,1770,dbc46e79bcf53e4f,59,59,0,0,44,15,1.4666666666666666,15,14,1.9333333333333333,1,true,832,5,21,20,20,1,0,0,0,1,1,true,103,58.93022598870057,271.8833333333333,329065.43679483025,194231.391368696,62.8831323036416,0
profile,tfl-numbat-2019-midweek,am-peak,20,2.966666666666667,1,1,off,free-flow,8,0,940GZZLUEUS,0,3900,2697,1800,1780,66f80c9375c76554,89,89,0,0,68,21,2.2666666666666666,22,22,3.066666666666667,-1,true,897,6,27,27,24,1,1,0,0,2,1,true,352,53.92378277153558,391.53333333333336,490565.84760020924,229479.91170061615,68.12981553791187,0
profile,tfl-numbat-2019-midweek,am-peak,20,2.966666666666667,1,2,off,free-flow,8,0,940GZZLUEUS,0,3900,2810,1800,1780,e9fa7be6e6bf2313,89,89,0,0,65,24,2.1666666666666665,25,19,2.6666666666666665,5,true,1010,9,28,27,22,1,1,0,0,2,1,true,322,78.11947565543072,421.1666666666667,457548.8912399655,239083.79428280643,65.68007800216961,0
profile,tfl-numbat-2019-midweek,am-peak,20,2.966666666666667,1,3,off,free-flow,8,0,940GZZLUEUS,0,3900,2503,1800,1780,06bdf1662b8a1f89,89,89,0,0,66,23,2.2,21,23,3,0,true,703,8,29,29,26,1,2,0,0,1,1,true,272,73.54550561797753,386.1666666666667,473934.72717816423,235606.73304839572,66.7945079667134,0
profile,tfl-numbat-2019-midweek,am-peak,15,3.966666666666667,1,1,off,free-flow,8,0,940GZZLUEUS,0,3900,2528,1800,1785,a78b0f070e897eab,119,119,0,0,86,33,2.8666666666666667,26,33,4,0,true,728,12,35,35,32,1,2,0,0,2,1,true,182,66.19313725490196,433.7,637674.0092436471,298034.1403438079,68.14881429907302,0
profile,tfl-numbat-2019-midweek,am-peak,15,3.966666666666667,1,2,off,free-flow,8,0,940GZZLUEUS,0,3900,2853,1800,1785,5a5f0ba061327b6a,119,119,0,0,83,36,2.7666666666666666,33,26,3.3333333333333335,10,true,1053,14,38,38,30,1,1,0,0,2,1,true,219,98.09677871148459,548.5666666666667,640314.23758406,353378.23697646137,64.43786724532161,0
profile,tfl-numbat-2019-midweek,am-peak,15,3.966666666666667,1,3,off,free-flow,8,0,940GZZLUEUS,0,3900,2762,1800,1785,c3c03c914bb6c564,119,119,0,0,89,30,2.966666666666667,27,32,4.133333333333334,-2,true,962,13,35,35,30,2,2,0,0,2,1,true,312,92.78697478991597,391.53333333333336,644545.7968098928,333229.9738274521,65.91959180884157,0
profile,tfl-numbat-2019-midweek,am-peak,12,4.966666666666667,1,1,off,free-flow,8,0,940GZZLUEUS,0,3900,2819,1800,1788,f2c28309e2ce7687,149,149,0,0,112,37,3.7333333333333334,32,42,5.333333333333333,-5,true,1019,15,45,45,38,2,2,0,0,2,1,true,279,80.04608501118568,463.68333333333334,822865.9539020788,398436.6523770603,67.3760908780052,0
profile,tfl-numbat-2019-midweek,am-peak,12,4.966666666666667,1,2,off,free-flow,8,0,940GZZLUEUS,0,3900,2596,1800,1788,4f469d7049de7204,149,149,0,0,106,43,3.533333333333333,38,36,4.533333333333333,7,true,796,15,47,47,41,1,1,0,0,2,1,true,150,103.66152125279642,551.7333333333333,803503.8074594451,418357.7656418244,65.76062502890822,0
profile,tfl-numbat-2019-midweek,am-peak,12,4.966666666666667,1,3,off,free-flow,8,0,940GZZLUEUS,0,3900,2742,1800,1788,fb7bde77c7f4ae02,149,149,0,0,102,47,3.4,34,40,4.533333333333333,7,true,942,19,48,47,37,1,2,0,0,1,2,true,466,109.87885906040268,477.73333333333335,792965.537800214,405558.6763519258,66.16182872543578,0
profile,tfl-numbat-2019-midweek,am-peak,10,5.966666666666667,1,1,off,free-flow,8,0,940GZZLUEUS,0,3900,2689,1800,1790,523cd75d5a7198e9,179,179,0,0,128,51,4.266666666666667,45,44,5.533333333333333,7,true,889,16,54,54,43,1,2,0,0,2,2,true,289,96.56266294227187,450.8833333333333,983928.6678970043,464139.1167452707,67.94769404666165,0
profile,tfl-numbat-2019-midweek,am-peak,10,5.966666666666667,1,2,off,free-flow,8,0,940GZZLUEUS,0,3900,3042,1800,1790,1b0e7b93da5a461c,179,179,0,0,122,57,4.066666666666666,41,48,5.4,9,true,1242,20,57,57,47,1,2,0,0,2,1,true,246,112.00772811918064,541.3833333333333,996777.3200693333,509326.55710982234,66.1825080708403,0
profile,tfl-numbat-2019-midweek,am-peak,10,5.966666666666667,1,3,off,free-flow,8,0,940GZZLUEUS,0,3900,2547,1800,1790,03cb8a2c06b5ed7f,179,179,0,0,124,55,4.133333333333334,42,47,5.466666666666667,8,true,747,19,61,60,45,4,2,0,0,2,2,true,282,114.69143389199255,488.3833333333333,937552.5505310727,416413.4009604888,69.24491339669525,0
profile,tfl-numbat-2019-midweek,am-peak,8.571429,7,1,1,off,free-flow,8,0,940GZZLUEUS,0,3900,3025,1800,1799,1cdd19da9c40d2c2,210,210,0,0,142,68,4.733333333333333,50,55,6.133333333333334,13,true,1225,23,68,67,49,1,2,0,0,2,2,true,479,120.47190476190477,607.3,1170652.6995252215,603747.0484429502,65.97457539462071,0
profile,tfl-numbat-2019-midweek,am-peak,8.571429,7,1,2,off,free-flow,8,0,940GZZLUEUS,0,3900,2774,1800,1799,b57b46766d35932b,210,210,0,0,143,67,4.766666666666667,48,57,6.333333333333333,10,true,974,25,70,70,59,2,2,0,0,2,1,true,208,115.39150793650794,562.3166666666667,1157418.3185656606,537516.3033354902,68.28690048631042,0
profile,tfl-numbat-2019-midweek,am-peak,8.571429,7,1,3,off,free-flow,8,0,940GZZLUEUS,0,3900,2786,1800,1799,4467f8d100e65ee9,210,210,0,0,148,62,4.933333333333334,49,56,6.6,6,true,986,23,68,68,52,2,2,0,0,2,2,true,314,121.78095238095239,511.71666666666664,1107182.2861482194,496390.3750735198,69.04472200870978,0
profile,tfl-numbat-2019-midweek,am-peak,7.5,7.966666666666667,1,1,off,free-flow,8,0,940GZZLUEUS,0,3900,2812,1800,1792.5,c5bb3efd32d68016,239,239,0,0,160,79,5.333333333333333,56,63,6.933333333333334,16,true,1012,31,80,78,56,1,3,0,0,2,2,true,312.5,132.46889818688982,601.9333333333333,1335473.5669449687,666889.3186699825,66.69488215842694,0
profile,tfl-numbat-2019-midweek,am-peak,7.5,7.966666666666667,1,2,off,free-flow,8,2,940GZZLUEUS,0,3900,2601,1800,1792.5,68d8ac9c4adb685f,239,239,0,0,166,73,5.533333333333333,54,65,7.466666666666667,8,true,801,26,84,80,69,2,2,0,0,2,2,true,153.5,119.2626220362622,562.3166666666667,1268619.1041582236,595965.6718932686,68.03761998125364,0
profile,tfl-numbat-2019-midweek,am-peak,7.5,7.966666666666667,1,3,off,free-flow,8,1,940GZZLUEUS,0,3900,2827,1800,1792.5,e058693e89b7cdb5,239,239,0,0,167,72,5.566666666666666,55,64,7.466666666666667,8,true,1027,28,79,77,58,2,3,0,0,2,2,true,311.5,128.21910739191074,533.4666666666667,1248741.3568837876,593975.0674833396,67.76633346135515,0
profile,tfl-numbat-2019-midweek,am-peak,6.666667,8.966666666666667,1,1,off,free-flow,8,1,940GZZLUEUS,0,3900,2970,1800,1793.3333333333333,49a37ab7a7c4d1c5,269,269,0,0,178,91,5.933333333333334,66,68,7.466666666666667,23,true,1170,34,93,90,63,2,4,1,0,2,2,true,509.6666666666667,147.57967781908303,597.8666666666667,1454869.1995747136,735095.4975322955,66.433454452331,0
profile,tfl-numbat-2019-midweek,am-peak,6.666667,8.966666666666667,1,2,off,free-flow,8,0,940GZZLUEUS,0,3900,2767,1800,1793.3333333333333,5298a0fc6c131c1b,269,269,0,0,187,82,6.233333333333333,56,78,8.733333333333333,4,true,967,32,93,91,72,1,2,0,1,2,2,true,486.6666666666667,136.94578686493185,567.6833333333333,1449676.529278628,673146.4017145006,68.29003531634267,0
profile,tfl-numbat-2019-midweek,am-peak,6.666667,8.966666666666667,1,3,off,free-flow,8,0,940GZZLUEUS,0,3900,3077,1800,1793.3333333333333,211dd28cc9405e83,269,269,0,0,190,79,6.333333333333333,64,70,8.4,9,true,1277,33,88,87,63,2,3,0,0,1,1,true,426.6666666666667,142.56121437422553,606.15,1422083.7636322028,697423.9491953234,67.09500300591377,0
profile,tfl-numbat-2019-midweek,am-peak,6,9.966666666666667,1,1,off,free-flow,8,0,940GZZLUEUS,0,3900,3079,1800,1794,ec993b94e97e8c08,299,299,0,0,196,103,6.533333333333333,67,82,8.6,21,true,1279,42,104,102,70,2,4,0,1,2,2,true,466,159.52720178372354,637.2833333333333,1599807.3212751518,824954.9471281095,65.97790398349635,0
profile,tfl-numbat-2019-midweek,am-peak,6,9.966666666666667,1,2,off,free-flow,8,2,940GZZLUEUS,0,3900,2799,1800,1794,cff3592b57bdace5,299,299,0,0,210,89,7,58,91,10.133333333333333,-2,true,999,35,104,102,75,2,2,0,1,2,2,true,448,146.93277591973245,567.6833333333333,1596294.4144134896,772305.1489291148,67.39401793018885,0
profile,tfl-numbat-2019-midweek,am-peak,6,9.966666666666667,1,3,off,free-flow,8,0,940GZZLUEUS,0,3900,2910,1800,1794,44eaa9db7e5a8804,299,299,0,0,204,95,6.8,70,79,8.933333333333334,16,true,1110,39,102,99,72,2,3,0,0,1,1,true,425,160.65735785953177,600.65,1574501.6209536379,878542.4926170358,64.18562194797953,0
profile,tfl-numbat-2019-midweek,am-peak,5.4545449999999995,11,1,1,off,free-flow,8,1,940GZZLUEUS,0,3900,3334,1800,1798.5,d27211c532c656cc,330,330,0,0,216,114,7.2,75,90,9.4,24,true,1534,51,117,114,73,3,4,0,1,2,2,true,699.5,186.6130303030303,1040.2333333333333,1781076.9013144367,1071300.2542762454,62.441844263950564,0
profile,tfl-numbat-2019-midweek,am-peak,5.4545449999999995,11,1,2,off,free-flow,8,2,940GZZLUEUS,0,3900,2992,1800,1798.5,b1938ab1a755350f,330,330,0,0,225,105,7.5,62,103,10.866666666666667,2,true,1192,43,116,110,80,3,3,0,0,1,2,true,546.5,170.49161616161615,678.7333333333333,1757135.7680749958,977289.0122195533,64.25979535943641,0
profile,tfl-numbat-2019-midweek,am-peak,5.4545449999999995,11,1,3,off,free-flow,8,1,940GZZLUEUS,0,3900,2869,1800,1798.5,8d37e544ed24f656,330,330,0,0,223,107,7.433333333333334,72,93,10.066666666666666,14,true,1069,45,113,109,75,2,3,0,1,1,2,true,535.5,173.79550505050506,676.7166666666667,1720641.7319433233,1007378.8210892674,63.072902072918055,0
profile,tfl-numbat-2019-midweek,am-peak,5,11.966666666666667,1,1,off,free-flow,8,9,940GZZLUEUS,0,3900,3514,1800,1795,03cdebea63353488,359,359,0,0,222,137,7.4,77,102,9.666666666666666,35,true,1714,66,138,114,74,3,6,0,1,2,2,true,880,224.61174558960073,1049.6166666666666,1896156.2654704389,1273002.3682003021,59.83153526379897,0
profile,tfl-numbat-2019-midweek,am-peak,5,11.966666666666667,1,2,off,free-flow,8,1,940GZZLUEUS,0,3900,3017,1800,1795,1ce863a45082331f,359,359,0,0,236,123,7.866666666666666,67,112,11.266666666666667,11,true,1217,62,131,114,82,2,3,0,0,1,2,true,647,226.1044103992572,982.25,1890923.5425795552,1152546.665606729,62.13050936044569,0
profile,tfl-numbat-2019-midweek,am-peak,5,11.966666666666667,1,3,off,free-flow,8,1,940GZZLUEUS,0,3900,3179,1800,1795,274627ca8e822360,359,359,0,0,233,126,7.766666666666667,75,104,10.533333333333333,22,true,1379,66,133,114,73,5,3,0,0,1,2,true,742,236.89363974001856,850.8833333333333,1894464.2515436208,1311343.9452020135,59.09474726113621,0
profile,tfl-numbat-2019-midweek,am-peak,4.615385,13.033333333333333,1,1,off,free-flow,8,11,940GZZLUEUS,0,3900,3445,1800,1798.6,ea9a92c10a2e02f6,391,391,0,0,235,156,7.833333333333333,82,113,10.2,43,true,1645,87,162,114,75,3,6,1,1,2,2,true,981.4,287.40451832907075,1089.4333333333334,2070351.065915569,1451452.5750650251,58.78666947312004,0
profile,tfl-numbat-2019-midweek,am-peak,4.615385,13.033333333333333,1,2,off,free-flow,8,6,940GZZLUEUS,0,3900,3320,1800,1798.6,0e4f347011d2dd56,391,391,0,0,236,155,7.866666666666666,72,123,10.933333333333334,32,true,1520,93,156,114,78,3,6,0,2,1,2,true,966.4,309.76304347826084,1095.6,2052647.8536944147,1416655.2530990636,59.16599935229025,0
profile,tfl-numbat-2019-midweek,am-peak,4.615385,13.033333333333333,1,3,off,free-flow,8,10,940GZZLUEUS,0,3900,3439,1800,1798.6,629b0a4814791cff,391,391,0,0,242,149,8.066666666666666,77,118,11,31,true,1639,90,156,114,75,4,3,0,1,1,2,true,1006.4,293.8691815856777,1047.05,2011154.9145933937,1480775.4384173153,57.59435931645645,0
profile,tfl-numbat-2019-midweek,am-peak,4.2857140000000005,14,1,1,off,free-flow,8,12,940GZZLUEUS,0,3900,3777,1800,1799,24df56c9a0e2d1b9,420,420,0,0,238,182,7.933333333333334,86,124,10.133333333333333,58,true,1977,112,187,114,71,2,6,0,1,2,1,true,1165,361.7391666666666,1288.2,2221840.10219912,1669707.3997124794,57.09399926655685,0
profile,tfl-numbat-2019-midweek,am-peak,4.2857140000000005,14,1,2,off,free-flow,8,17,940GZZLUEUS,0,3900,3611,1800,1799,ad09ad1e7b111875,420,420,0,0,238,182,7.933333333333334,79,131,10.6,51,true,1811,115,183,114,77,4,6,0,0,1,2,true,1018,351.86126984126986,1105.9666666666667,2152828.818315373,1585787.7756269579,57.58356772405052,0
profile,tfl-numbat-2019-midweek,am-peak,4.2857140000000005,14,1,3,off,free-flow,8,13,940GZZLUEUS,0,3900,3373,1800,1799,faba3276afd301f0,420,420,0,0,248,172,8.266666666666667,84,126,10.933333333333334,46,true,1573,107,177,114,71,5,5,1,0,1,2,true,988,347.04837301587304,1124.1333333333334,2160956.6769045857,1622100.2318976691,57.12197117300995,0
profile,tfl-numbat-2019-midweek,am-peak,4,14.966666666666667,1,1,off,free-flow,8,23,940GZZLUEUS,0,3900,3553,1800,1796,e9e681de5348b2c1,449,449,0,0,241,208,8.033333333333333,91,133,10,75,true,1753,142,212,114,70,3,4,0,1,2,1,true,1112,426.96952487008167,1302.0166666666667,2313397.5538777513,1790964.4621092745,56.364364178080926,0
profile,tfl-numbat-2019-midweek,am-peak,4,14.966666666666667,1,2,off,free-flow,8,25,940GZZLUEUS,0,3900,3877,1800,1796,15fe1f6c8c9c1257,449,449,0,0,246,203,8.2,83,141,10.866666666666667,62,true,2077,135,203,114,77,4,5,0,1,1,2,true,1221,399.5634001484781,1296.8,2246826.0774291707,1671281.4364141156,57.344676466655976,0
profile,tfl-numbat-2019-midweek,am-peak,4,14.966666666666667,1,3,off,free-flow,8,21,940GZZLUEUS,0,3900,3771,1800,1796,57f343b118d7dc71,449,449,0,0,250,199,8.333333333333334,82,142,11.2,57,true,1971,132,199,114,71,5,6,0,1,1,2,true,1337,403.361729769859,1388.1166666666666,2302726.26227996,1782407.7041105223,56.3684393516864,0
profile,tfl-numbat-2019-midweek,interpeak,60,0.9666666666666667,1,1,off,free-flow,8,0,940GZZLUEUS,0,3900,2269,1800,1740,2c08c203aad74678,29,29,0,0,24,5,0.8,7,7,1.1333333333333333,-2,true,469,2,9,9,9,0,0,0,0,1,1,true,0,33.50689655172414,205.88333333333333,142008.84649967361,34596.459244340076,80.41029452734163,0
profile,tfl-numbat-2019-midweek,interpeak,60,0.9666666666666667,1,2,off,free-flow,8,0,940GZZLUEUS,0,3900,2141,1800,1740,dbceb7018c3ce1a4,29,29,0,0,23,6,0.7666666666666667,9,5,0.9333333333333333,1,true,341,2,8,8,8,0,1,0,0,2,1,true,0,33.244827586206895,122.75,132883.3756310494,44485.521463630954,74.9192095162635,0
profile,tfl-numbat-2019-midweek,interpeak,60,0.9666666666666667,1,3,off,free-flow,8,0,940GZZLUEUS,0,3900,2204,1800,1740,6e32fb4454e823d6,29,29,0,0,23,6,0.7666666666666667,7,7,1.0666666666666667,-1,true,404,2,9,9,8,0,2,0,0,2,1,true,0,22.107471264367817,149.66666666666666,135333.7822177885,60451.6033972607,69.12353636235143,0
profile,tfl-numbat-2019-midweek,interpeak,30,1.9666666666666666,1,1,off,free-flow,8,0,940GZZLUEUS,0,3900,2374,1800,1770,5c50291a262c6011,59,59,0,0,49,10,1.6333333333333333,15,14,2.2666666666666666,-4,true,574,4,16,16,15,1,0,0,0,1,1,true,0,39.94406779661017,205.88333333333333,284493.14340539655,72024.60249994078,79.79775107209818,0
profile,tfl-numbat-2019-midweek,interpeak,30,1.9666666666666666,1,2,off,free-flow,8,0,940GZZLUEUS,0,3900,2498,1800,1770,4be260785c883112,59,59,0,0,48,11,1.6,15,14,2.2,-3,true,698,4,15,15,15,1,1,0,0,2,1,true,114,40.13757062146893,168.25,292404.32282980904,58514.1192852463,83.32543626588274,0
profile,tfl-numbat-2019-midweek,interpeak,30,1.9666666666666666,1,3,off,free-flow,8,0,940GZZLUEUS,0,3900,2660,1800,1770,7241b35501f39f8e,59,59,0,0,45,14,1.5,21,8,1.6,6,true,860,4,17,17,16,1,2,0,1,2,1,true,106,30.952542372881354,160.5,300435.89641602524,144065.56466602097,67.58940582212635,0
profile,tfl-numbat-2019-midweek,interpeak,20,2.966666666666667,1,1,off,free-flow,8,0,940GZZLUEUS,0,3900,2503,1800,1780,016a76ba6d0b3cca,89,89,0,0,68,21,2.2666666666666666,27,17,2.7333333333333334,4,true,703,5,24,24,23,1,1,0,0,1,1,true,105,44.34325842696629,266.95,448852.7228849647,145964.5769380715,75.46060328415173,0
profile,tfl-numbat-2019-midweek,interpeak,20,2.966666666666667,1,2,off,free-flow,8,0,940GZZLUEUS,0,3900,2487,1800,1780,ed9a2bc8a5a94c22,89,89,0,0,67,22,2.2333333333333334,21,23,3.066666666666667,-1,true,687,7,26,26,22,1,1,0,0,2,1,true,159,56.746629213483146,278.1333333333333,453788.0439817284,119971.4189949248,79.09029362713858,0
profile,tfl-numbat-2019-midweek,interpeak,20,2.966666666666667,1,3,off,free-flow,8,0,940GZZLUEUS,0,3900,2577,1800,1780,93ff18cb310a4748,89,89,0,0,64,25,2.1333333333333333,24,20,2.6666666666666665,5,true,777,8,26,26,23,1,2,0,0,2,1,true,278,50.55018726591761,343.9,460631.3039608765,177264.8150310342,72.21102155141311,0
profile,tfl-numbat-2019-midweek,interpeak,15,3.966666666666667,1,1,off,free-flow,8,0,940GZZLUEUS,0,3900,2293,1800,1785,4ea77286324758fc,119,119,0,0,93,26,3.1,32,27,4.066666666666666,-1,true,493,6,32,32,30,1,1,0,0,1,1,true,118,43.53263305322129,206.4,598403.1913077412,178162.4865890891,77.05764088472134,0
profile,tfl-numbat-2019-midweek,interpeak,15,3.966666666666667,1,2,off,free-flow,8,0,940GZZLUEUS,0,3900,2553,1800,1785,b737ae9d8f011316,119,119,0,0,90,29,3,34,25,3.7333333333333334,4,true,753,9,35,35,29,1,1,0,0,2,1,true,250,68.08697478991597,428.3333333333333,602265.0191910288,202965.46317167152,74.79411576966982,0
profile,tfl-numbat-2019-midweek,interpeak,15,3.966666666666667,1,3,off,free-flow,8,0,940GZZLUEUS,0,3900,2328,1800,1785,54ac03234b7a10bc,119,119,0,0,87,32,2.9,33,26,3.6,6,true,528,8,33,33,29,1,1,0,0,2,1,true,107,50.739635854341735,354.6166666666667,606439.6271324672,193498.94952422346,75.81077408056203,0
profile,tfl-numbat-2019-midweek,interpeak,12,4.966666666666667,1,1,off,free-flow,8,0,940GZZLUEUS,0,3900,2592,1800,1788,b497ea2af025e0c1,149,149,0,0,115,34,3.8333333333333335,42,32,4.866666666666666,2,true,792,8,39,39,37,1,1,0,0,2,1,true,182,50.64675615212528,272.3,743467.8495548741,279770.67075153685,72.65831326719807,0
profile,tfl-numbat-2019-midweek,interpeak,12,4.966666666666667,1,2,off,free-flow,8,0,940GZZLUEUS,0,3900,2438,1800,1788,430d9157d388d3e5,149,149,0,0,109,40,3.6333333333333333,41,33,4.533333333333333,7,true,638,10,44,44,38,1,1,0,0,2,2,true,123,74.31957494407159,428.3333333333333,753630.4193968846,242901.0112832836,75.62535372140796,0
profile,tfl-numbat-2019-midweek,interpeak,12,4.966666666666667,1,3,off,free-flow,8,0,940GZZLUEUS,0,3900,2829,1800,1788,5f97c3f949109a0b,149,149,0,0,113,36,3.7666666666666666,43,31,4.666666666666667,5,true,1029,11,43,42,37,1,1,0,0,2,1,true,116,59.88624161073825,354.6166666666667,777603.6360982613,279609.74573900184,73.55219385767838,0
profile,tfl-numbat-2019-midweek,interpeak,10,5.966666666666667,1,1,off,free-flow,8,0,940GZZLUEUS,0,3900,2680,1800,1790,0b930e4ca4da8510,179,179,0,0,140,39,4.666666666666667,49,40,6.066666666666666,-1,true,880,11,48,48,44,1,2,0,0,1,2,true,284,65.88836126629423,343.93333333333334,892438.6184711724,314901.25715456076,73.91776222156535,0
profile,tfl-numbat-2019-midweek,interpeak,10,5.966666666666667,1,2,off,free-flow,8,0,940GZZLUEUS,0,3900,2531,1800,1790,43a17175be512ece,179,179,0,0,135,44,4.5,47,42,5.866666666666666,2,true,731,13,53,53,46,2,1,0,0,2,1,true,274,77.68491620111732,428.3333333333333,895696.2663495012,295240.838975129,75.20936767734253,0
profile,tfl-numbat-2019-midweek,interpeak,10,5.966666666666667,1,3,off,free-flow,8,0,940GZZLUEUS,0,3900,2531,1800,1790,2cca81f5af10a5a2,179,179,0,0,135,44,4.5,48,41,5.8,3,true,731,11,51,51,42,1,2,0,0,2,1,true,90,62.22811918063314,354.6166666666667,912303.2580397819,307992.7031805837,74.76081926284722,0
profile,tfl-numbat-2019-midweek,interpeak,8.571429,7,1,1,off,free-flow,8,0,940GZZLUEUS,0,3900,2497,1800,1799,377f35b408a2d0b6,210,210,0,0,161,49,5.366666666666666,52,53,7.266666666666667,-4,true,697,14,57,56,46,1,3,0,1,1,2,true,269,71.08880952380952,343.9,1021603.0248781897,370948.9147235522,73.36193328418038,0
profile,tfl-numbat-2019-midweek,interpeak,8.571429,7,1,2,off,free-flow,8,0,940GZZLUEUS,0,3900,2667,1800,1799,0e4e63e12088df38,210,210,0,0,153,57,5.1,48,57,7,0,true,867,16,61,61,50,1,3,0,0,2,2,true,155,85.75007936507936,350.51666666666665,1051797.288480152,413885.2796593862,71.761601819093,0
profile,tfl-numbat-2019-midweek,interpeak,8.571429,7,1,3,off,free-flow,8,1,940GZZLUEUS,0,3900,2852,1800,1799,d32fc6ced69f7580,210,210,0,0,162,48,5.4,53,52,7.266666666666667,-4,true,1052,12,58,57,53,1,3,0,1,2,2,true,233,63.727380952380955,354.6166666666667,1061015.0248850682,366416.9020344296,74.33034142474423,0
profile,tfl-numbat-2019-midweek,interpeak,7.5,7.966666666666667,1,1,off,free-flow,8,0,940GZZLUEUS,0,3900,2623,1800,1792.5,f9552f5f1b0bf1c2,239,239,0,0,176,63,5.866666666666666,60,59,7.733333333333333,4,true,823,19,66,65,53,2,2,0,0,1,1,true,222.5,84.74588563458856,469.5,1190963.7025676854,399451.04965005897,74.88384403546013,0
profile,tfl-numbat-2019-midweek,interpeak,7.5,7.966666666666667,1,2,off,free-flow,8,0,940GZZLUEUS,0,3900,2478,1800,1792.5,8b0ec28e29fb5d6c,239,239,0,0,177,62,5.9,54,65,8.2,-3,true,678,19,69,68,58,2,2,0,0,2,2,true,208.5,89.85,463.68333333333334,1172461.0807986956,391916.7588093849,74.94743604220507,0
profile,tfl-numbat-2019-midweek,interpeak,7.5,7.966666666666667,1,3,off,free-flow,8,1,940GZZLUEUS,0,3900,3148,1800,1792.5,32aa5186f5b4a850,239,239,0,0,178,61,5.933333333333334,57,62,8.066666666666666,-1,true,1348,16,68,68,59,1,3,1,1,2,2,true,344.5,75.5813110181311,433.7,1229662.0095662414,445585.0206186266,73.40183193343998,0
profile,tfl-numbat-2019-midweek,interpeak,6.666667,8.966666666666667,1,1,off,free-flow,8,2,940GZZLUEUS,0,3900,2762,1800,1793.3333333333333,2ce7017da63f1ce0,269,269,0,0,200,69,6.666666666666667,64,70,9.066666666666666,-1,true,962,22,76,75,61,2,2,0,0,2,2,true,307.6666666666667,95.90161090458489,570,1338799.5143200688,517004.9265413796,72.14119574466638,0
profile,tfl-numbat-2019-midweek,interpeak,6.666667,8.966666666666667,1,2,off,free-flow,8,0,940GZZLUEUS,0,3900,2469,1800,1793.3333333333333,2a8809aeeb74e8bf,269,269,0,0,201,68,6.7,59,75,9.466666666666667,-7,true,669,23,78,76,64,1,2,0,1,2,2,true,192.66666666666666,95.78847583643122,421.8666666666667,1290257.2132145732,461235.008608858,73.66616860401021,0
profile,tfl-numbat-2019-midweek,interpeak,6.666667,8.966666666666667,1,3,off,free-flow,8,2,940GZZLUEUS,0,3900,2794,1800,1793.3333333333333,974cc1866ce0a089,269,269,0,0,201,68,6.7,61,73,9.333333333333334,-5,true,994,22,75,74,67,2,3,0,0,2,1,true,384.6666666666667,83.31852540272615,437.53333333333336,1352438.137350073,477420.556369991,73.90943038342458,0
profile,tfl-numbat-2019-midweek,interpeak,6,9.966666666666667,1,1,off,free-flow,8,1,940GZZLUEUS,0,3900,2624,1800,1794,ee9fd27577dc17b2,299,299,0,0,217,82,7.233333333333333,69,80,9.866666666666667,2,true,824,26,88,85,67,2,2,0,0,2,2,true,321,109.29113712374581,573,1485573.8694806832,607585.011113614,70.97281927585419,0
profile,tfl-numbat-2019-midweek,interpeak,6,9.966666666666667,1,2,off,free-flow,8,2,940GZZLUEUS,0,3900,2685,1800,1794,9c6d663f282f98ba,299,299,0,0,225,74,7.5,65,84,10.666666666666666,-10,true,885,28,89,86,67,2,2,0,0,1,1,true,398,111.023745819398,464.3333333333333,1427584.2790375166,628436.5585217096,69.43432931021515,0
profile,tfl-numbat-2019-midweek,interpeak,6,9.966666666666667,1,3,off,free-flow,8,1,940GZZLUEUS,0,3900,2707,1800,1794,cae5e030155a2225,299,299,0,0,223,76,7.433333333333334,69,80,10.266666666666667,-4,true,907,24,86,84,75,3,3,0,0,2,2,true,293,97.59464882943143,466.35,1487169.0361299482,562113.1654610094,72.57024117885699,0
profile,tfl-numbat-2019-midweek,interpeak,5.4545449999999995,11,1,1,off,free-flow,8,5,940GZZLUEUS,0,3900,3183,1800,1798.5,df2e08305f707806,330,330,0,0,230,100,7.666666666666667,74,91,10.4,9,true,1383,36,100,97,72,2,4,0,1,1,2,true,676.5,136.0628282828283,714.3,1631339.4915400124,804995.4982181733,66.95875150165324,0
profile,tfl-numbat-2019-midweek,interpeak,5.4545449999999995,11,1,2,off,free-flow,8,1,940GZZLUEUS,0,3900,2723,1800,1798.5,aaf9361694744c1c,330,330,0,0,243,87,8.1,74,91,11.266666666666667,-4,true,923,36,103,98,78,3,3,0,0,2,2,true,217.5,126.53045454545455,672.3333333333334,1580265.989629929,743527.0480525861,68.0037320021367,0
profile,tfl-numbat-2019-midweek,interpeak,5.4545449999999995,11,1,3,off,free-flow,8,1,940GZZLUEUS,0,3900,2655,1800,1798.5,2868a608737b17cf,330,330,0,0,245,85,8.166666666666666,76,89,11.266666666666667,-4,true,855,28,98,94,80,2,2,0,0,2,1,true,266.5,108.55277777777778,484.05,1618100.6265974909,572819.3099428331,73.8548497190924,0
profile,tfl-numbat-2019-midweek,interpeak,5,11.966666666666667,1,1,off,free-flow,8,5,940GZZLUEUS,0,3900,3273,1800,1795,63115a88eefe4876,359,359,0,0,245,114,8.166666666666666,80,99,11,15,true,1473,44,117,112,76,2,5,0,0,2,1,true,828,162.63259052924792,827.2166666666667,1786012.7408207993,930434.8463056315,65.74810238507553,0
profile,tfl-numbat-2019-midweek,interpeak,5,11.966666666666667,1,2,off,free-flow,8,0,940GZZLUEUS,0,3900,2703,1800,1795,a51bec993e64d97a,359,359,0,0,266,93,8.866666666666667,78,101,12.533333333333333,-8,true,903,40,111,107,81,2,3,0,0,1,2,true,241,141.11248839368616,598.5333333333333,1738405.3740210321,854831.9427326134,67.03610821848198,0
profile,tfl-numbat-2019-midweek,interpeak,5,11.966666666666667,1,3,off,free-flow,8,0,940GZZLUEUS,0,3900,2908,1800,1795,ae2973bdc228cca9,359,359,0,0,255,104,8.5,79,100,11.733333333333333,4,true,1108,41,108,105,80,3,3,0,1,1,1,true,216,135.69405756731663,702.8,1773770.5002680519,783903.7625451832,69.35091485485128,0
profile,tfl-numbat-2019-midweek,interpeak,4.615385,13.033333333333333,1,1,off,free-flow,8,3,940GZZLUEUS,0,3900,3183,1800,1798.6,05b036e7516e55eb,391,391,0,0,264,127,8.8,88,107,11.733333333333333,20,true,1383,59,130,114,81,2,4,0,0,2,2,true,857.4,187.78350383631715,1003.8666666666667,1960284.3590153458,1140193.834985519,63.22522644436954,0
profile,tfl-numbat-2019-midweek,interpeak,4.615385,13.033333333333333,1,2,off,free-flow,8,0,940GZZLUEUS,0,3900,3228,1800,1798.6,e6b2cb534b8b4e2b,391,391,0,0,273,118,9.1,83,112,12.666666666666666,6,true,1428,56,124,114,83,4,4,0,0,2,2,true,632.4,184.46513213981245,777.5666666666667,1910135.221048755,1192098.5152069808,61.57289822249844,0
profile,tfl-numbat-2019-midweek,interpeak,4.615385,13.033333333333333,1,3,off,free-flow,8,0,940GZZLUEUS,0,3900,3048,1800,1798.6,b778aea546f63062,391,391,0,0,269,122,8.966666666666667,88,107,12.066666666666666,15,true,1248,47,123,114,83,4,3,0,1,2,2,true,604.4,154.7030264279625,801.25,1925287.4741307902,945801.9306802042,67.05773323898052,0
profile,tfl-numbat-2019-midweek,interpeak,4.2857140000000005,14,1,1,off,free-flow,8,6,940GZZLUEUS,0,3900,3312,1800,1799,d7e9ab1e06ba3f03,420,420,0,0,267,153,8.9,90,120,11.8,33,true,1512,87,155,114,80,4,4,0,1,2,2,true,983,245.75869047619048,1068.5333333333333,2090802.1378775775,1320834.6196380744,61.28442992272413,0
profile,tfl-numbat-2019-midweek,interpeak,4.2857140000000005,14,1,2,off,free-flow,8,4,940GZZLUEUS,0,3900,3247,1800,1799,91e7e36c6e9c5c40,420,420,0,0,274,146,9.133333333333333,88,122,12.4,24,true,1447,88,150,114,76,3,5,1,1,2,2,true,708,265.44650793650794,963.4,2046324.584952226,1416048.0287883838,59.1018013725986,0
profile,tfl-numbat-2019-midweek,interpeak,4.2857140000000005,14,1,3,off,free-flow,8,2,940GZZLUEUS,0,3900,3436,1800,1799,f9d9788dd6aa402d,420,420,0,0,266,154,8.866666666666667,92,118,11.6,36,true,1636,80,155,114,81,4,4,0,1,1,1,true,733,240.86575396825398,895.1666666666666,2059923.591087875,1319297.5756941831,60.958531253800274,0
profile,tfl-numbat-2019-midweek,interpeak,4,14.966666666666667,1,1,off,free-flow,8,12,940GZZLUEUS,0,3900,3508,1800,1796,36d46c523aa62ecf,449,449,0,0,265,184,8.833333333333334,92,132,11.533333333333333,52,true,1708,113,184,114,78,4,4,0,1,2,2,true,1148,316.5613956941351,1151.9666666666667,2214922.483650194,1455089.4436113092,60.351915131320276,0
profile,tfl-numbat-2019-midweek,interpeak,4,14.966666666666667,1,2,off,free-flow,8,4,940GZZLUEUS,0,3900,3553,1800,1796,8d49fb9d3816ddc8,449,449,0,0,279,170,9.3,93,131,12.4,39,true,1753,103,170,114,82,4,4,0,1,2,2,true,998,297.93006681514476,1058.8166666666666,2180760.9063835037,1488674.4770138294,59.430421264550354,0
profile,tfl-numbat-2019-midweek,interpeak,4,14.966666666666667,1,3,off,free-flow,8,4,940GZZLUEUS,0,3900,3659,1800,1796,1a5ec5d35ff01181,449,449,0,0,270,179,9,93,131,11.8,48,true,1859,103,179,114,83,4,4,0,0,2,2,true,1140,289.84565701559023,1223.2333333333333,2194997.294793206,1417468.9355298893,60.76173879131011,0
profile,tfl-numbat-2019-midweek,pm-peak,60,0.9666666666666667,1,1,off,free-flow,8,0,940GZZLUEUS,0,3900,2204,1800,1740,2c415a5861bb3fb7,29,29,0,0,22,7,0.7333333333333333,9,5,0.8666666666666667,2,true,404,3,9,9,9,0,1,0,0,1,1,true,0,42.15459770114943,192.35,131267.39955796878,37471.92254563283,77.79301109042856,0
profile,tfl-numbat-2019-midweek,pm-peak,60,0.9666666666666667,1,2,off,free-flow,8,0,940GZZLUEUS,0,3900,2320,1800,1740,42d62660e617f50f,29,29,0,0,25,4,0.8333333333333334,8,6,1.1333333333333333,-2,true,520,2,8,8,7,0,1,0,0,2,1,true,0,20.366666666666667,105.91666666666667,128802.70380285068,62852.55740678784,67.20540985408287,0
profile,tfl-numbat-2019-midweek,pm-peak,60,0.9666666666666667,1,3,off,free-flow,8,0,940GZZLUEUS,0,3900,2192,1800,1740,36bbc24bd6f4e5a1,29,29,0,0,23,6,0.7666666666666667,7,7,1.0666666666666667,-1,true,392,2,10,10,9,0,1,0,0,1,1,true,0,29.633333333333333,125.43333333333334,150107.48061761967,40639.634224577014,78.6944959779875,0
profile,tfl-numbat-2019-midweek,pm-peak,30,1.9666666666666666,1,1,off,free-flow,8,0,940GZZLUEUS,0,3900,2509,1800,1770,af2d0ae536676bd0,59,59,0,0,44,15,1.4666666666666666,18,11,1.7333333333333334,4,true,709,5,16,16,14,1,1,0,0,2,1,true,99,50.89576271186441,197.7,279945.8872068711,122185.61354115253,69.61550803310128,0
profile,tfl-numbat-2019-midweek,pm-peak,30,1.9666666666666666,1,2,off,free-flow,8,0,940GZZLUEUS,0,3900,2712,1800,1770,491be4b064701a89,59,59,0,0,43,16,1.4333333333333333,19,10,1.6,6,true,912,4,17,17,16,1,1,0,0,2,1,true,55,36.59378531073446,150.4,301663.43136114074,157622.02973436873,65.68103214972206,0
profile,tfl-numbat-2019-midweek,pm-peak,30,1.9666666666666666,1,3,off,free-flow,8,0,940GZZLUEUS,0,3900,2492,1800,1770,97a0bbc389019b5e,59,59,0,0,44,15,1.4666666666666666,16,13,1.8666666666666667,2,true,692,5,17,17,15,1,1,0,0,2,1,true,106,55.77655367231638,194.1,290771.7058823621,152413.75295452072,65.60948697312347,0
profile,tfl-numbat-2019-midweek,pm-peak,20,2.966666666666667,1,1,off,free-flow,8,0,940GZZLUEUS,0,3900,2512,1800,1780,2436c9d379b10cb9,89,89,0,0,68,21,2.2666666666666666,25,19,2.8666666666666667,2,true,712,6,25,25,23,1,1,0,0,2,1,true,226,48.466479400749066,245.53333333333333,430792.38444089034,204544.41963548798,67.80535641519387,0
profile,tfl-numbat-2019-midweek,pm-peak,20,2.966666666666667,1,2,off,free-flow,8,1,940GZZLUEUS,0,3900,2225,1800,1780,fe3e8bbb848e718e,89,89,0,0,68,21,2.2666666666666666,26,18,2.8,3,true,425,6,27,27,23,1,1,0,0,2,1,true,96,37.151685393258425,159.33333333333334,431155.64566061867,169282.39239111138,71.80685072178471,0
profile,tfl-numbat-2019-midweek,pm-peak,20,2.966666666666667,1,3,off,free-flow,8,0,940GZZLUEUS,0,3900,2374,1800,1780,46810ad37025e12d,89,89,0,0,69,20,2.3,24,20,3,0,true,574,6,27,27,24,1,1,0,0,2,1,true,88,61.49288389513109,210.26666666666668,435441.292907866,184742.860489701,70.21161223200875,0
profile,tfl-numbat-2019-midweek,pm-peak,15,3.966666666666667,1,1,off,free-flow,8,0,940GZZLUEUS,0,3900,2417,1800,1785,0208aa8245ceb755,119,119,0,0,92,27,3.066666666666667,32,27,4,0,true,617,6,33,33,29,1,1,0,0,2,1,true,172,52.63977591036414,216.5,578578.932636765,201976.84871997748,74.12396992705551,0
profile,tfl-numbat-2019-midweek,pm-peak,15,3.966666666666667,1,2,off,free-flow,8,0,940GZZLUEUS,0,3900,2512,1800,1785,613074b0e2e84676,119,119,0,0,92,27,3.066666666666667,32,27,4,0,true,712,7,36,36,33,1,1,0,0,2,1,true,150,50.42955182072829,174.75,593687.9612781269,263237.4852363733,69.28116835518443,0
profile,tfl-numbat-2019-midweek,pm-peak,15,3.966666666666667,1,3,off,free-flow,8,0,940GZZLUEUS,0,3900,2624,1800,1785,51241ebba9303aac,119,119,0,0,87,32,2.9,33,26,3.6,6,true,824,9,35,35,31,1,1,0,0,2,1,true,160,70.20196078431373,218.25,616569.1479345827,253389.26554899916,70.87340479479353,0
profile,tfl-numbat-2019-midweek,pm-peak,12,4.966666666666667,1,1,off,free-flow,8,0,940GZZLUEUS,0,3900,2262,1800,1788,d813e5a9585edb2f,149,149,0,0,112,37,3.7333333333333334,40,34,4.8,3,true,462,8,41,40,37,1,1,0,0,2,1,true,61,53.705033557046974,252.53333333333333,715789.9795161893,232355.14963538497,75.49371478148048,0
profile,tfl-numbat-2019-midweek,pm-peak,12,4.966666666666667,1,2,off,free-flow,8,0,940GZZLUEUS,0,3900,2268,1800,1788,297a5298546de8ab,149,149,0,0,110,39,3.6666666666666665,36,38,4.933333333333334,1,true,468,10,44,43,36,1,1,0,0,2,1,true,162,68.0976510067114,219.31666666666666,729968.9479192976,248746.3739439565,74.58439973429667,0
profile,tfl-numbat-2019-midweek,pm-peak,12,4.966666666666667,1,3,off,free-flow,8,0,940GZZLUEUS,0,3900,2779,1800,1788,48123429dd3fca57,149,149,0,0,108,41,3.6,39,35,4.6,6,true,979,11,47,45,37,1,1,0,0,2,1,true,227,82.9582774049217,306.5,758196.3758365477,304762.2033821076,71.32887307743187,0
profile,tfl-numbat-2019-midweek,pm-peak,10,5.966666666666667,1,1,off,free-flow,8,0,940GZZLUEUS,0,3900,2671,1800,1790,7f3d0ffd68c0d35b,179,179,0,0,134,45,4.466666666666667,50,39,5.6,6,true,871,12,48,48,42,1,1,0,0,2,1,true,147,62.48202979515828,258.31666666666666,852443.7446752338,309455.06712931104,73.3664357011695,0
profile,tfl-numbat-2019-midweek,pm-peak,10,5.966666666666667,1,2,off,free-flow,8,0,940GZZLUEUS,0,3900,2676,1800,1790,d381100ff1da349a,179,179,0,0,134,45,4.466666666666667,40,49,6.266666666666667,-4,true,876,13,52,50,41,2,1,0,0,2,1,true,188,78.04916201117318,324.8,904429.2589292651,382681.7627411607,70.26816208562084,0
profile,tfl-numbat-2019-midweek,pm-peak,10,5.966666666666667,1,3,off,free-flow,8,0,940GZZLUEUS,0,3900,2567,1800,1790,21d3f2b5bd5d97ab,179,179,0,0,131,48,4.366666666666666,43,46,5.866666666666666,2,true,767,17,55,54,43,2,2,0,0,2,2,true,140,91.69487895716946,324.28333333333336,916934.2091758649,346960.58516755333,72.54830174786849,0
profile,tfl-numbat-2019-midweek,pm-peak,8.571429,7,1,1,off,free-flow,8,1,940GZZLUEUS,0,3900,2416,1800,1799,a956252f9cc231f2,210,210,0,0,159,51,5.3,54,51,7,0,true,616,16,56,56,48,2,2,0,0,2,1,true,218,77.9684126984127,369.98333333333335,969473.9254565571,330801.04498390364,74.55914691091479,0
profile,tfl-numbat-2019-midweek,pm-peak,8.571429,7,1,2,off,free-flow,8,0,940GZZLUEUS,0,3900,2599,1800,1799,6d4c4c3b2c45e61e,210,210,0,0,151,59,5.033333333333333,48,57,6.866666666666666,2,true,799,21,62,60,46,2,1,0,0,2,1,true,226,98.25126984126983,440.1666666666667,1064306.6992445902,439417.1819997481,70.77806720498923,0
profile,tfl-numbat-2019-midweek,pm-peak,8.571429,7,1,3,off,free-flow,8,0,940GZZLUEUS,0,3900,2628,1800,1799,8a8893745def8e7a,210,210,0,0,150,60,5,46,59,6.933333333333334,1,true,828,23,66,65,49,2,2,0,0,1,1,true,231,109.85349206349206,394.93333333333334,1068853.757230541,438948.1772376395,70.88820705138161,0
profile,tfl-numbat-2019-midweek,pm-peak,7.5,7.966666666666667,1,1,off,free-flow,8,1,940GZZLUEUS,0,3900,2501,1800,1792.5,812d6bdfeff7cdd8,239,239,0,0,182,57,6.066666666666666,59,60,8.2,-3,true,701,21,66,65,51,1,2,0,0,1,1,true,241.5,98.26882845188285,428.6333333333333,1115501.8591212549,488934.5908274032,69.52608557085267,0
profile,tfl-numbat-2019-midweek,pm-peak,7.5,7.966666666666667,1,2,off,free-flow,8,1,940GZZLUEUS,0,3900,2505,1800,1792.5,fe5cdc606d6c3375,239,239,0,0,169,70,5.633333333333334,62,57,7.133333333333334,13,true,705,22,71,69,55,2,1,0,1,2,1,true,223.5,104.6897489539749,485.28333333333336,1199210.281381353,494813.5253971987,70.79063922140722,0
profile,tfl-numbat-2019-midweek,pm-peak,7.5,7.966666666666667,1,3,off,free-flow,8,3,940GZZLUEUS,0,3900,2646,1800,1792.5,1d267e2d1193cfce,239,239,0,0,170,69,5.666666666666667,55,64,7.666666666666667,5,true,846,25,75,72,53,2,1,0,0,1,1,true,259.5,120.1881450488145,354.35,1191894.1442290356,527857.363331777,69.30618400326587,0
profile,tfl-numbat-2019-midweek,pm-peak,6.666667,8.966666666666667,1,1,off,free-flow,8,1,940GZZLUEUS,0,3900,2591,1800,1793.3333333333333,5a33a9c6710baada,269,269,0,0,201,68,6.7,64,70,9.133333333333333,-2,true,791,28,78,77,56,2,2,0,0,2,2,true,267.6666666666667,115.9590458488228,449.1,1265453.007576007,583197.7069785212,68.45279087136505,0
profile,tfl-numbat-2019-midweek,pm-peak,6.666667,8.966666666666667,1,2,off,free-flow,8,0,940GZZLUEUS,0,3900,2518,1800,1793.3333333333333,6c68acf7e422f94a,269,269,0,0,188,81,6.266666666666667,68,66,8,15,true,718,30,87,83,69,3,2,0,0,2,2,true,231.66666666666666,119.44368029739778,402.26666666666665,1345127.1070727287,596890.5105901626,69.26441319783252,0
profile,tfl-numbat-2019-midweek,pm-peak,6.666667,8.966666666666667,1,3,off,free-flow,8,3,940GZZLUEUS,0,3900,2754,1800,1793.3333333333333,43d49a40dceca89e,269,269,0,0,190,79,6.333333333333333,65,69,8.333333333333334,10,true,954,31,88,83,62,2,2,0,1,1,2,true,275.6666666666667,137.65241635687732,465.56666666666666,1369385.4578756334,647402.8713345646,67.89931486820451,0
profile,tfl-numbat-2019-midweek,pm-peak,6,9.966666666666667,1,1,off,free-flow,8,4,940GZZLUEUS,0,3900,2402,1800,1794,458ea89b24e1b419,299,299,0,0,216,83,7.2,72,77,9.6,6,true,602,30,86,84,63,2,1,0,0,1,1,true,315,115.92831661092531,415.03333333333336,1383041.311660784,568298.2137954234,70.87650783568485,0
profile,tfl-numbat-2019-midweek,pm-peak,6,9.966666666666667,1,2,off,free-flow,8,1,940GZZLUEUS,0,3900,2638,1800,1794,09e4876ac860d23a,299,299,0,0,205,94,6.833333333333333,74,75,8.733333333333333,19,true,838,36,97,93,74,3,3,0,0,2,1,true,226,132.55183946488293,485.28333333333336,1488024.8707216436,695284.5298100886,68.15455795496707,0
profile,tfl-numbat-2019-midweek,pm-peak,6,9.966666666666667,1,3,off,free-flow,8,2,940GZZLUEUS,0,3900,2791,1800,1794,a1f05cb25706b91b,299,299,0,0,204,95,6.8,72,77,8.8,18,true,991,40,104,100,71,2,2,0,1,1,2,true,325,167.24960981047937,454.55,1526951.4113911693,888372.3639190756,63.21932599678214,0
profile,tfl-numbat-2019-midweek,pm-peak,5.4545449999999995,11,1,1,off,free-flow,8,2,940GZZLUEUS,0,3900,2650,1800,1798.5,e6be3aeada4a3529,330,330,0,0,237,93,7.9,80,85,10.466666666666667,8,true,850,41,100,95,68,2,2,0,0,1,2,true,422.5,143.3070202020202,500.51666666666665,1537758.8273395027,807789.1242050882,65.56074994445785,0
profile,tfl-numbat-2019-midweek,pm-peak,5.4545449999999995,11,1,2,off,free-flow,8,1,940GZZLUEUS,0,3900,2680,1800,1798.5,c43d60b6b9d35f14,330,330,0,0,227,103,7.566666666666666,78,87,9.933333333333334,16,true,880,42,112,107,77,4,3,0,0,2,1,true,270.5,160.92136363636365,818.55,1660301.8550059006,865798.7721136755,65.7258795307408,0
profile,tfl-numbat-2019-midweek,pm-peak,5.4545449999999995,11,1,3,off,free-flow,8,2,940GZZLUEUS,0,3900,2614,1800,1798.5,1578ce5338dc3b09,330,330,0,0,224,106,7.466666666666667,74,91,10,15,true,814,43,112,107,76,3,2,0,1,2,2,true,433.5,169.80131313131315,580.3166666666667,1683438.4643528594,913534.9522152627,64.82309189662438,0
profile,tfl-numbat-2019-midweek,pm-peak,5,11.966666666666667,1,1,off,free-flow,8,1,940GZZLUEUS,0,3900,3018,1800,1795,d59afaee7896bf92,359,359,0,0,251,108,8.366666666666667,81,98,11.333333333333334,10,true,1218,50,115,110,81,2,3,0,1,2,2,true,682,166.6488393686165,776.7833333333333,1688502.3645397748,1069941.250787315,61.212139887788,0
profile,tfl-numbat-2019-midweek,pm-peak,5,11.966666666666667,1,2,off,free-flow,8,1,940GZZLUEUS,0,3900,2898,1800,1795,230748c929bd6af8,359,359,0,0,241,118,8.033333333333333,77,102,10.933333333333334,16,true,1098,51,122,114,78,3,3,0,1,2,2,true,663,184.08927576601673,697.2833333333333,1803175.4663696748,1086655.710856251,62.39725976313333,0
profile,tfl-numbat-2019-midweek,pm-peak,5,11.966666666666667,1,3,off,free-flow,8,4,940GZZLUEUS,0,3900,2898,1800,1795,d94d85fd65c7879d,359,359,0,0,232,127,7.733333333333333,74,105,10.533333333333333,22,true,1098,57,131,114,77,4,2,0,1,1,2,true,660,216.1225162488394,872.2166666666667,1832793.9645147761,1217119.6790865378,60.09330685017781,0
profile,tfl-numbat-2019-midweek,pm-peak,4.615385,13.033333333333333,1,1,off,free-flow,8,6,940GZZLUEUS,0,3900,3353,1800,1798.6,b844ac8346e1443b,391,391,0,0,268,123,8.933333333333334,86,109,12.133333333333333,14,true,1553,56,129,114,82,4,2,0,0,2,1,true,579.4,183.6511935208866,749.15,1844122.8810245201,1195444.8472904528,60.67056390438898,0
profile,tfl-numbat-2019-midweek,pm-peak,4.615385,13.033333333333333,1,2,off,free-flow,8,8,940GZZLUEUS,0,3900,3029,1800,1798.6,a2527f46405d2d08,391,391,0,0,246,145,8.2,84,111,10.8,34,true,1229,71,145,114,75,3,2,0,1,2,2,true,891.4,242.35464620630862,1043.0666666666666,1949972.01936778,1306956.6287111074,59.87149950361912,0
profile,tfl-numbat-2019-midweek,pm-peak,4.615385,13.033333333333333,1,3,off,free-flow,8,5,940GZZLUEUS,0,3900,3475,1800,1798.6,6deb7e792c26e583,391,391,0,0,239,152,7.966666666666667,80,115,10.6,37,true,1675,85,154,114,80,3,2,0,1,1,2,true,971.4,281.4764705882353,1063.25,1986259.4501293683,1379325.123384105,59.01677425552939,0
profile,tfl-numbat-2019-midweek,pm-peak,4.2857140000000005,14,1,1,off,free-flow,8,6,940GZZLUEUS,0,3900,2899,1800,1799,f409929b4fc11402,420,420,0,0,275,145,9.166666666666666,89,121,12.4,24,true,1099,75,146,114,77,5,3,0,0,2,2,true,603,216.6670238095238,847.6333333333333,1977699.9287085382,1250081.6800256986,61.27118152470315,0
profile,tfl-numbat-2019-midweek,pm-peak,4.2857140000000005,14,1,2,off,free-flow,8,10,940GZZLUEUS,0,3900,3784,1800,1799,d94723ccd810e119,420,420,0,0,254,166,8.466666666666667,89,121,11,45,true,1984,100,171,114,79,3,3,0,0,2,2,true,1273,295.05880952380954,1281.1,2083448.0521203398,1489005.1337333897,58.31981396902326,0
profile,tfl-numbat-2019-midweek,pm-peak,4.2857140000000005,14,1,3,off,free-flow,8,9,940GZZLUEUS,0,3900,3320,1800,1799,353b1b896f065073,420,420,0,0,248,172,8.266666666666667,81,129,11.133333333333333,43,true,1520,102,174,114,77,3,2,0,0,1,1,true,1030,311.70785714285716,1029.2166666666667,2108153.174545875,1489923.9453702408,58.59110586809833,0
profile,tfl-numbat-2019-midweek,pm-peak,4,14.966666666666667,1,1,off,free-flow,8,11,940GZZLUEUS,0,3900,3303,1800,1796,a8eb787e9f460846,449,449,0,0,279,170,9.3,96,128,12.2,42,true,1503,110,172,114,73,4,4,1,0,2,2,true,990,296.94643652561246,989.95,2124853.15287704,1532411.4923462425,58.099518602031985,0
profile,tfl-numbat-2019-midweek,pm-peak,4,14.966666666666667,1,2,off,free-flow,8,14,940GZZLUEUS,0,3900,3439,1800,1796,58fb90118990c167,449,449,0,0,272,177,9.066666666666666,89,135,12.2,42,true,1639,106,180,114,77,3,3,0,1,2,1,true,850,317.3363771343727,1034.9833333333333,2191819.1673315,1493543.9140896145,59.473629026703975,0
profile,tfl-numbat-2019-midweek,pm-peak,4,14.966666666666667,1,3,off,free-flow,8,11,940GZZLUEUS,0,3900,3245,1800,1796,a145bdb7ecc3531e,449,449,0,0,250,199,8.333333333333334,83,141,11.133333333333333,58,true,1445,132,200,114,75,3,2,0,0,2,1,true,1061,395.9770601336303,1156.7333333333333,2257998.2643488515,1612313.7653903528,58.341504431646655,0
profile,tfl-numbat-2019-midweek,evening,60,0.9666666666666667,1,1,off,free-flow,8,0,940GZZLUEUS,0,3900,2233,1800,1740,3eeae1ba9ba23568,29,29,0,0,22,7,0.7333333333333333,6,8,1.0666666666666667,-1,true,433,2,10,10,10,0,0,0,0,1,1,true,0,41.29367816091954,205.88333333333333,163553.32244815503,17133.765424216253,90.51743783910075,0
profile,tfl-numbat-2019-midweek,evening,60,0.9666666666666667,1,2,off,free-flow,8,0,940GZZLUEUS,0,3900,2239,1800,1740,5cc10fa37241c278,29,29,0,0,23,6,0.7666666666666667,7,7,1.0666666666666667,-1,true,439,2,11,11,11,1,0,0,0,1,0,true,0,24.96206896551724,172.7,162749.2848214683,53136.139096257866,75.38687970128636,0
profile,tfl-numbat-2019-midweek,evening,60,0.9666666666666667,1,3,off,free-flow,8,0,940GZZLUEUS,0,3900,2182,1800,1740,c779019d55d17d00,29,29,0,0,23,6,0.7666666666666667,8,6,1,0,true,382,2,9,9,8,0,0,0,0,1,1,true,38,29.93448275862069,147.28333333333333,140133.3778639682,47441.149576390104,74.7081065730129,0
profile,tfl-numbat-2019-midweek,evening,30,1.9666666666666666,1,1,off,free-flow,8,0,940GZZLUEUS,0,3900,2443,1800,1770,68545f5ecc1ebff5,59,59,0,0,47,12,1.5666666666666667,14,15,2.2,-3,true,643,5,18,18,16,1,0,0,0,1,1,true,82,52.08220338983051,255.35,301629.250625377,79702.79941301973,79.09884589952658,0
profile,tfl-numbat-2019-midweek,evening,30,1.9666666666666666,1,2,off,free-flow,8,0,940GZZLUEUS,0,3900,2354,1800,1770,fc357df6b5d5694e,59,59,0,0,46,13,1.5333333333333334,15,14,2.066666666666667,-1,true,554,4,19,19,17,1,1,0,0,2,1,true,77,33.82203389830509,182.31666666666666,311712.08882840234,113648.9009605219,73.28177625858036,0
profile,tfl-numbat-2019-midweek,evening,30,1.9666666666666666,1,3,off,free-flow,8,0,940GZZLUEUS,0,3900,2673,1800,1770,4a24af1062605094,59,59,0,0,46,13,1.5333333333333334,16,13,2,0,true,873,5,17,17,16,1,1,0,0,1,1,true,122,56.83474576271187,217.86666666666667,293688.5452048545,167992.68881499593,63.612840107819295,0
profile,tfl-numbat-2019-midweek,evening,20,2.966666666666667,1,1,off,free-flow,8,0,940GZZLUEUS,0,3900,2408,1800,1780,4fbd0b1ddcda5daa,89,89,0,0,67,22,2.2333333333333334,22,22,3,0,true,608,7,25,25,23,1,1,0,1,1,1,true,221,74.20355805243445,240.4,469282.5120980381,163618.07229919505,74.14790310945551,0
profile,tfl-numbat-2019-midweek,evening,20,2.966666666666667,1,2,off,free-flow,8,0,940GZZLUEUS,0,3900,2362,1800,1780,58312b729793399f,89,89,0,0,67,22,2.2333333333333334,24,20,2.8666666666666667,2,true,562,6,24,24,23,1,1,0,0,1,1,true,92,47.74138576779026,217.65,469853.8210978549,184211.3905164044,71.8359290105396,0
profile,tfl-numbat-2019-midweek,evening,20,2.966666666666667,1,3,off,free-flow,8,0,940GZZLUEUS,0,3900,2520,1800,1780,dbba58b1409deafa,89,89,0,0,68,21,2.2666666666666666,23,21,3,0,true,720,8,25,24,22,0,1,0,0,1,1,true,124,69.38258426966291,224.7,438107.8985543412,226286.13846050604,65.94097390199045,0
profile,tfl-numbat-2019-midweek,evening,15,3.966666666666667,1,1,off,free-flow,8,0,940GZZLUEUS,0,3900,2452,1800,1785,873015319cd46809,119,119,0,0,82,37,2.7333333333333334,30,29,3.466666666666667,8,true,652,11,39,39,34,1,2,0,0,1,1,true,115,91.42394957983194,295.96666666666664,636459.1852359825,268530.7888157708,70.32776091280604,0
profile,tfl-numbat-2019-midweek,evening,15,3.966666666666667,1,2,off,free-flow,8,0,940GZZLUEUS,0,3900,2583,1800,1785,7ee478a9b78eebf3,119,119,0,0,87,32,2.9,32,27,3.6666666666666665,5,true,783,10,34,34,28,1,2,0,0,2,2,true,158,64.55826330532213,287.65,644655.6374199552,268516.5488007795,70.59518972954429,0
profile,tfl-numbat-2019-midweek,evening,15,3.966666666666667,1,3,off,free-flow,8,0,940GZZLUEUS,0,3900,2669,1800,1785,3efe4dd7383dc66b,119,119,0,0,85,34,2.8333333333333335,30,29,3.6666666666666665,5,true,869,11,34,34,29,1,1,0,0,1,1,true,154,79.40546218487394,272.15,592541.7423308144,299713.7951848749,66.4094216753903,0
profile,tfl-numbat-2019-midweek,evening,12,4.966666666666667,1,1,off,free-flow,8,0,940GZZLUEUS,0,3900,2432,1800,1788,25b3fdeb13f94c9d,149,149,0,0,105,44,3.5,36,38,4.6,6,true,632,14,48,47,39,1,1,0,0,1,1,true,122,94.3397091722595,292.81666666666666,776546.949426435,355937.01338018547,68.57023807223977,0
profile,tfl-numbat-2019-midweek,evening,12,4.966666666666667,1,2,off,free-flow,8,0,940GZZLUEUS,0,3900,2597,1800,1788,735db4462c7d6518,149,149,0,0,104,45,3.466666666666667,41,33,4.2,12,true,797,16,46,46,35,1,2,0,1,2,2,true,229,84.1923937360179,278.05,806091.2688312522,313231.36911058315,72.01598909081834,0
profile,tfl-numbat-2019-midweek,evening,12,4.966666666666667,1,3,off,free-flow,8,1,940GZZLUEUS,0,3900,2465,1800,1788,2fcc7c73295d9f40,149,149,0,0,109,40,3.6333333333333333,39,35,4.666666666666667,5,true,665,13,45,43,35,2,2,0,0,1,2,true,157,89.81163310961968,299,728290.847944433,351066.0409474243,67.4745170424721,0
profile,tfl-numbat-2019-midweek,evening,10,5.966666666666667,1,1,off,free-flow,8,0,940GZZLUEUS,0,3900,2802,1800,1790,20f452e1bbe11c01,179,179,0,0,131,48,4.366666666666666,43,46,5.866666666666666,2,true,1002,18,59,58,45,1,3,0,0,1,1,true,205,116.92811918063315,361.4,937869.1074988946,520446.419065779,64.31180978428003,0
profile,tfl-numbat-2019-midweek,evening,10,5.966666666666667,1,2,off,free-flow,8,0,940GZZLUEUS,0,3900,2616,1800,1790,2c882ff5d2d3fc38,179,179,0,0,124,55,4.133333333333334,47,42,5.133333333333334,13,true,816,19,59,58,44,2,2,0,1,2,1,true,207,101.46806331471136,356.18333333333334,951122.3183392149,401770.68477428355,70.30284849949973,0
profile,tfl-numbat-2019-midweek,evening,10,5.966666666666667,1,3,off,free-flow,8,1,940GZZLUEUS,0,3900,2523,1800,1790,422dc303f2c9a139,179,179,0,0,131,48,4.366666666666666,47,42,5.6,6,true,723,18,52,50,38,1,1,0,0,1,1,true,267,100.79059590316574,303.73333333333335,867982.3786729467,409710.3972207067,67.93357488194735,0
profile,tfl-numbat-2019-midweek,evening,8.571429,7,1,1,off,free-flow,8,0,940GZZLUEUS,0,3900,2711,1800,1799,8fa5bf61b989b665,210,210,0,0,146,64,4.866666666666666,50,55,6.4,9,true,911,24,69,66,52,1,3,0,0,1,1,true,327,130.3429365079365,367.46666666666664,1090588.2093136723,568046.1670751766,65.75217690158351,0
profile,tfl-numbat-2019-midweek,evening,8.571429,7,1,2,off,free-flow,8,0,940GZZLUEUS,0,3900,2836,1800,1799,fa205d26eb72d298,210,210,0,0,148,62,4.933333333333334,53,52,6.333333333333333,10,true,1036,23,71,68,52,2,2,0,0,1,2,true,227,118.58444444444444,344.9,1173849.6043776814,550801.5073727081,68.06301844935544,0
profile,tfl-numbat-2019-midweek,evening,8.571429,7,1,3,off,free-flow,8,0,940GZZLUEUS,0,3900,2662,1800,1799,17620ed2eaa95023,210,210,0,0,150,60,5,53,52,6.466666666666667,8,true,862,24,63,60,47,2,2,0,1,1,2,true,252,118.36666666666666,376.55,1029052.7718471854,485364.11062388925,67.95042922184541,0
profile,tfl-numbat-2019-midweek,evening,7.5,7.966666666666667,1,1,off,free-flow,8,1,940GZZLUEUS,0,3900,2670,1800,1792.5,587d4087c93cef8a,239,239,0,0,163,76,5.433333333333334,56,63,7.133333333333334,13,true,870,28,78,74,56,1,3,0,0,1,1,true,258.5,139.26715481171547,382.78333333333336,1254320.7854961236,645596.4684562418,66.01975864405576,0
profile,tfl-numbat-2019-midweek,evening,7.5,7.966666666666667,1,2,off,free-flow,8,0,940GZZLUEUS,0,3900,2768,1800,1792.5,2f9a395554770741,239,239,0,0,164,75,5.466666666666667,57,62,7.133333333333334,13,true,968,27,78,76,59,2,2,0,0,1,2,true,332.5,124.84267782426778,477.48333333333335,1328051.718391879,598266.3131818644,68.94249530057614,0
profile,tfl-numbat-2019-midweek,evening,7.5,7.966666666666667,1,3,off,free-flow,8,2,940GZZLUEUS,0,3900,2526,1800,1792.5,3f9e14e4a9ea6f4c,239,239,0,0,170,69,5.666666666666667,57,62,7.533333333333333,7,true,726,28,74,70,52,1,2,0,1,1,1,true,316.5,132.85822873082287,385.76666666666665,1186000.8255970376,559683.2017199163,67.93903175134581,0
profile,tfl-numbat-2019-midweek,evening,6.666667,8.966666666666667,1,1,off,free-flow,8,2,940GZZLUEUS,0,3900,2691,1800,1793.3333333333333,6b585277ba4a284f,269,269,0,0,185,84,6.166666666666667,65,69,8,15,true,891,33,91,87,63,2,3,0,0,1,1,true,257.6666666666667,154.9267657992565,441.6,1403869.5791744739,772675.0638008217,64.49992118036278,0
profile,tfl-numbat-2019-midweek,evening,6.666667,8.966666666666667,1,2,off,free-flow,8,0,940GZZLUEUS,0,3900,2605,1800,1793.3333333333333,550d0bff2169bd1a,269,269,0,0,179,90,5.966666666666667,59,75,8,15,true,805,33,91,87,71,3,2,0,1,2,1,true,391.6666666666667,138.9491325898389,472.1166666666667,1476877.7831494005,638118.1830387933,69.82886997232158,0
profile,tfl-numbat-2019-midweek,evening,6.666667,8.966666666666667,1,3,off,free-flow,8,0,940GZZLUEUS,0,3900,2607,1800,1793.3333333333333,1a7011d452329f9f,269,269,0,0,190,79,6.333333333333333,62,72,8.533333333333333,7,true,807,36,86,84,61,1,2,0,0,1,1,true,314.6666666666667,147.5586741016109,475.43333333333334,1373593.5775081431,652631.309438378,67.7907761550654,0
profile,tfl-numbat-2019-midweek,evening,6,9.966666666666667,1,1,off,free-flow,8,2,940GZZLUEUS,0,3900,2788,1800,1794,dbe77387ac8e7ea1,299,299,0,0,197,102,6.566666666666666,67,82,8.666666666666666,20,true,988,45,107,103,71,3,3,0,1,1,2,true,336,179.77474916387962,575.9333333333333,1594995.7553859798,956846.2092048739,62.50370428568884,0
profile,tfl-numbat-2019-midweek,evening,6,9.966666666666667,1,2,off,free-flow,8,3,940GZZLUEUS,0,3900,2899,1800,1794,94fb12000179d5a1,299,299,0,0,195,104,6.5,64,85,8.733333333333333,19,true,1099,39,108,103,75,2,2,1,1,2,2,true,497,175.26984392419175,556.6166666666667,1634467.7828654845,907508.8208756206,64.29908837319698,0
profile,tfl-numbat-2019-midweek,evening,6,9.966666666666667,1,3,off,free-flow,8,4,940GZZLUEUS,0,3900,2684,1800,1794,644175ba2387c632,299,299,0,0,207,92,6.9,69,80,9.2,12,true,884,42,97,93,66,2,2,0,0,2,2,true,448,157.88517279821627,495.45,1501067.9485160117,774071.2110701652,65.97697297729427,0
profile,tfl-numbat-2019-midweek,evening,5.4545449999999995,11,1,1,off,free-flow,8,1,940GZZLUEUS,0,3900,2995,1800,1798.5,1b439c7c84b85436,330,330,0,0,212,118,7.066666666666666,69,96,9.533333333333333,22,true,1195,49,119,114,81,4,4,1,2,2,2,true,477.5,198.2893434343434,848.0833333333334,1783705.7005013018,1114665.2503556903,61.54166360154468,0
profile,tfl-numbat-2019-midweek,evening,5.4545449999999995,11,1,2,off,free-flow,8,3,940GZZLUEUS,0,3900,2820,1800,1798.5,3445851c09ebc1ba,330,330,0,0,212,118,7.066666666666666,74,91,9.2,27,true,1020,52,122,114,78,3,3,0,1,2,2,true,559.5,194.48479797979797,876.6833333333333,1786107.2824090433,1024357.1822041305,63.55203223161476,0
profile,tfl-numbat-2019-midweek,evening,5.4545449999999995,11,1,3,off,free-flow,8,2,940GZZLUEUS,0,3900,2955,1800,1798.5,8ed279d12330b0cd,330,330,0,0,219,111,7.3,73,92,9.733333333333333,19,true,1155,48,111,108,72,4,2,0,0,1,1,true,710.5,189.23974747474747,798.25,1669912.914449251,1091445.6533761392,60.47432354155772,0
profile,tfl-numbat-2019-midweek,evening,5,11.966666666666667,1,1,off,free-flow,8,6,940GZZLUEUS,0,3900,2994,1800,1795,a190a3a06673b595,359,359,0,0,228,131,7.6,74,105,10.266666666666667,26,true,1194,66,136,114,77,3,4,0,0,2,2,true,659,244.194243268338,883.4333333333333,1936728.5988206298,1221662.044518276,61.32010943311335,0
profile,tfl-numbat-2019-midweek,evening,5,11.966666666666667,1,2,off,free-flow,8,2,940GZZLUEUS,0,3900,3351,1800,1795,140deb2d9657264b,359,359,0,0,217,142,7.233333333333333,75,104,9.466666666666667,38,true,1551,78,145,114,76,4,3,1,1,2,2,true,849,259.8892293407614,1023.2166666666667,1955216.02355615,1274846.3699034639,60.53183454026045,0
profile,tfl-numbat-2019-midweek,evening,5,11.966666666666667,1,3,off,free-flow,8,3,940GZZLUEUS,0,3900,3025,1800,1795,3de16aff2dc2b065,359,359,0,0,234,125,7.8,76,103,10.533333333333333,22,true,1225,57,131,114,83,3,2,0,0,1,2,true,574,208.6363974001857,766.25,1836687.6839120768,1242450.8198722303,59.64940133919796,0
profile,tfl-numbat-2019-midweek,evening,4.615385,13.033333333333333,1,1,off,free-flow,8,6,940GZZLUEUS,0,3900,3571,1800,1798.6,e963afde427cc29f,391,391,0,0,228,163,7.6,78,117,10,46,true,1771,94,163,114,85,4,4,0,1,1,1,true,970.4,304.5745950554135,970.2833333333333,2093775.5138017244,1424951.2268202677,59.50378270725323,0
profile,tfl-numbat-2019-midweek,evening,4.615385,13.033333333333333,1,2,off,free-flow,8,7,940GZZLUEUS,0,3900,3166,1800,1798.6,5c39f262c2e4a004,391,391,0,0,232,159,7.733333333333333,78,117,10.266666666666667,42,true,1366,87,161,114,77,3,3,0,0,2,1,true,776.4,280.7466325660699,822.7833333333333,2092715.0648402243,1284391.95139003,61.9676857968288,0
profile,tfl-numbat-2019-midweek,evening,4.615385,13.033333333333333,1,3,off,free-flow,8,4,940GZZLUEUS,0,3900,3049,1800,1798.6,a6a90c310b40c11b,391,391,0,0,244,147,8.133333333333333,79,116,11,31,true,1249,73,149,114,79,3,2,0,1,1,2,true,660.4,260.4762574595055,834.8166666666667,2000499.5619105317,1346846.4230035774,59.76375226601691,0
profile,tfl-numbat-2019-midweek,evening,4.2857140000000005,14,1,1,off,free-flow,8,12,940GZZLUEUS,0,3900,3400,1800,1799,e5a5471b5e211a7c,420,420,0,0,236,184,7.866666666666666,80,130,10.4,54,true,1600,106,184,114,78,3,4,0,0,1,2,true,1138,347.87059523809523,1279.1,2197293.3430477837,1532720.1738806888,58.90845523951809,0
profile,tfl-numbat-2019-midweek,evening,4.2857140000000005,14,1,2,off,free-flow,8,14,940GZZLUEUS,0,3900,3480,1800,1799,3cfb7a1e8de1cdca,420,420,0,0,233,187,7.766666666666667,81,129,10.133333333333333,58,true,1680,118,187,114,75,3,5,1,1,2,2,true,1097,354.17876984126985,1210.55,2214155.727608423,1541344.2013705082,58.95768258502994,0
profile,tfl-numbat-2019-midweek,evening,4.2857140000000005,14,1,3,off,free-flow,8,7,940GZZLUEUS,0,3900,3223,1800,1799,8d1eb005ae7b2be2,420,420,0,0,253,167,8.433333333333334,84,126,11.266666666666667,41,true,1423,100,169,114,76,3,3,0,1,2,1,true,881,297.3972619047619,1062.6,2124575.8796780715,1461904.100072133,59.238470357390554,0
profile,tfl-numbat-2019-midweek,evening,4,14.966666666666667,1,1,off,free-flow,8,14,940GZZLUEUS,0,3900,3420,1800,1796,9acce1466eaaacf4,449,449,0,0,243,206,8.1,82,142,10.733333333333333,64,true,1620,135,206,114,81,3,7,1,1,2,2,true,1134,411.4193392724573,1165.6333333333334,2355353.6428029514,1603796.347290887,59.491397110396555,0
profile,tfl-numbat-2019-midweek,evening,4,14.966666666666667,1,2,off,free-flow,8,18,940GZZLUEUS,0,3900,3598,1800,1796,120f96969b81f894,449,449,0,0,242,207,8.066666666666666,84,140,10.533333333333333,67,true,1798,137,209,114,74,3,4,0,1,2,2,true,1221,411.85441722345956,1307.05,2359125.2966493396,1623322.5761651632,59.23807095514052,0
profile,tfl-numbat-2019-midweek,evening,4,14.966666666666667,1,3,off,free-flow,8,17,940GZZLUEUS,0,3900,3326,1800,1796,e59e69d0a95354cc,449,449,0,0,255,194,8.5,90,134,11,60,true,1526,122,196,114,75,4,3,0,1,2,1,true,933,358.9329250185598,1112.8166666666666,2236052.338071858,1558066.110464368,58.93470033689984,0
profile,tfl-numbat-2019-midweek,late,60,0.9666666666666667,1,1,off,free-flow,8,0,940GZZLUEUS,0,3900,2363,1800,1740,3f43491072734442,29,29,0,0,24,5,0.8,6,8,1.2,-3,true,563,2,10,10,10,1,0,0,0,1,1,true,0,40.54655172413793,150.4,159049.1878895678,41343.45237978257,79.36877705477991,0
profile,tfl-numbat-2019-midweek,late,60,0.9666666666666667,1,2,off,free-flow,8,0,940GZZLUEUS,0,3900,2390,1800,1740,9611b15078e17182,29,29,0,0,24,5,0.8,8,6,1.0666666666666667,-1,true,590,2,10,10,10,0,0,0,0,1,0,true,0,47.78103448275862,162.81666666666666,165840.76108551992,38885.03164652217,81.00628595566494,0
profile,tfl-numbat-2019-midweek,late,60,0.9666666666666667,1,3,off,free-flow,8,0,940GZZLUEUS,0,3900,2171,1800,1740,f9d41282ed87e336,29,29,0,0,21,8,0.7,7,7,0.9333333333333333,1,true,371,2,10,10,9,1,1,0,1,2,1,true,0,47.90862068965517,150.3,173312.5723753194,68925.49644139514,71.54638130245891,0
profile,tfl-numbat-2019-midweek,late,30,1.9666666666666666,1,1,off,free-flow,8,0,940GZZLUEUS,0,3900,2453,1800,1770,7b78c0c6c5b6751f,59,59,0,0,44,15,1.4666666666666666,14,15,2,0,true,653,6,18,18,16,1,0,0,0,1,1,true,110,70.55084745762711,187.78333333333333,305891.00811986474,119067.53698332695,71.9813759823528,0
profile,tfl-numbat-2019-midweek,late,30,1.9666666666666666,1,2,off,free-flow,8,0,940GZZLUEUS,0,3900,2387,1800,1770,dcdfc76528b14094,59,59,0,0,43,16,1.4333333333333333,13,16,2,0,true,587,7,19,19,16,1,0,0,0,1,1,true,118,77.51158192090396,249,323999.8969888468,153403.69173101734,67.86708450550984,0
profile,tfl-numbat-2019-midweek,late,30,1.9666666666666666,1,3,off,free-flow,8,0,940GZZLUEUS,0,3900,2439,1800,1770,ce3fa968a97b9b41,59,59,0,0,45,14,1.5,11,18,2.2666666666666666,-4,true,639,5,19,19,19,1,1,0,0,2,1,true,143,62.12655367231638,172.98333333333332,334019.8664270274,154596.25748756103,68.36038560311921,0
profile,tfl-numbat-2019-midweek,late,20,2.966666666666667,1,1,off,free-flow,8,0,940GZZLUEUS,0,3900,2418,1800,1780,696ec036853324f3,89,89,0,0,65,24,2.1666666666666665,21,23,2.933333333333333,1,true,618,8,28,28,23,1,1,0,0,1,1,true,203,87.78501872659176,218.9,466538.29697709193,199726.45357414713,70.02295958042174,0
profile,tfl-numbat-2019-midweek,late,20,2.966666666666667,1,2,off,free-flow,8,0,940GZZLUEUS,0,3900,2431,1800,1780,a00e982a26c3858a,89,89,0,0,64,25,2.1333333333333333,20,24,2.933333333333333,1,true,631,8,28,28,22,1,0,0,0,1,1,true,111,86.47116104868914,326.65,507770.77882961504,215909.09890392385,70.16510952603518,0
profile,tfl-numbat-2019-midweek,late,20,2.966666666666667,1,3,off,free-flow,8,0,940GZZLUEUS,0,3900,2739,1800,1780,0c012ee02aa5d7cd,89,89,0,0,67,22,2.2333333333333334,18,26,3.2666666666666666,-4,true,939,9,28,28,25,1,1,0,0,2,1,true,190,82.34719101123595,229.68333333333334,474800.9580344157,259401.0862615265,64.66897793641023,0
profile,tfl-numbat-2019-midweek,late,15,3.966666666666667,1,1,off,free-flow,8,0,940GZZLUEUS,0,3900,2664,1800,1785,1908eda44fdc9049,119,119,0,0,87,32,2.9,26,33,4.066666666666666,-1,true,864,11,37,36,29,1,1,0,0,1,1,true,232,105.95014005602242,307.78333333333336,619341.4070534977,321825.01685372496,65.80572694915331,0
profile,tfl-numbat-2019-midweek,late,15,3.966666666666667,1,2,off,free-flow,8,0,940GZZLUEUS,0,3900,2659,1800,1785,c990a351ec0e59e2,119,119,0,0,82,37,2.7333333333333334,24,35,3.8666666666666667,2,true,859,11,42,40,34,1,2,0,0,1,1,true,161,96.51148459383754,355.4166666666667,681885.2058577273,288596.5377357706,70.26254850841853,0
profile,tfl-numbat-2019-midweek,late,15,3.966666666666667,1,3,off,free-flow,8,0,940GZZLUEUS,0,3900,2491,1800,1785,3252cce4e219d7d2,119,119,0,0,88,31,2.933333333333333,27,32,4.066666666666666,-1,true,691,11,37,36,30,1,2,0,0,2,2,true,132,90.91218487394958,251.51666666666668,633868.8087176972,310776.9178597162,67.10122015946598,0
profile,tfl-numbat-2019-midweek,late,12,4.966666666666667,1,1,off,free-flow,8,0,940GZZLUEUS,0,3900,2606,1800,1788,f319e0476eefe869,149,149,0,0,107,42,3.566666666666667,37,37,4.666666666666667,5,true,806,15,48,46,37,1,2,0,0,2,1,true,227,114.70257270693513,339.03333333333336,811650.8505083545,349582.4185075621,69.89559050406689,0
profile,tfl-numbat-2019-midweek,late,12,4.966666666666667,1,2,off,free-flow,8,0,940GZZLUEUS,0,3900,2636,1800,1788,25b0287529ffabe9,149,149,0,0,98,51,3.2666666666666666,34,40,4.266666666666667,11,true,836,18,52,51,39,1,2,0,0,1,1,true,311,121.24049217002238,401.18333333333334,871223.6727990728,369932.10255378194,70.19454689733753,0
profile,tfl-numbat-2019-midweek,late,12,4.966666666666667,1,3,off,free-flow,8,0,940GZZLUEUS,0,3900,2569,1800,1788,04c7ef6a02d9c80e,149,149,0,0,108,41,3.6,36,38,4.8,3,true,769,15,46,45,37,1,2,0,1,2,1,true,218,96.47125279642059,271.8833333333333,803200.9447015771,341471.5970144569,70.16862163020524,0
profile,tfl-numbat-2019-midweek,late,10,5.966666666666667,1,1,off,free-flow,8,0,940GZZLUEUS,0,3900,2565,1800,1790,6ce0ab44737101c7,179,179,0,0,116,63,3.8666666666666667,41,48,5,15,true,765,21,64,62,46,1,2,0,0,1,1,true,369,135.06582867783985,408.71666666666664,984060.4855885524,414473.7617734573,70.36370310163944,0
profile,tfl-numbat-2019-midweek,late,10,5.966666666666667,1,2,off,free-flow,8,0,940GZZLUEUS,0,3900,2673,1800,1790,a6ba80452bf89cc8,179,179,0,0,123,56,4.1,41,48,5.466666666666667,8,true,873,20,60,58,44,1,2,0,1,2,1,true,360,132.94944134078213,385.4,1038278.5444730024,493970.69174063625,67.76172700459007,0
profile,tfl-numbat-2019-midweek,late,10,5.966666666666667,1,3,off,free-flow,8,0,940GZZLUEUS,0,3900,2596,1800,1790,6b141e3b4a5792f4,179,179,0,0,126,53,4.2,40,49,5.733333333333333,4,true,796,17,56,54,44,2,1,0,1,1,1,true,371,115.25437616387336,392.18333333333334,935210.0361751531,453387.9429374028,67.3492292400454,0
profile,tfl-numbat-2019-midweek,late,8.571429,7,1,1,off,free-flow,8,0,940GZZLUEUS,0,3900,2675,1800,1799,ff106fd3f52d9cd6,210,210,0,0,137,73,4.566666666666666,46,59,6.066666666666666,14,true,875,26,78,75,52,3,2,0,0,2,2,true,383,155.01944444444445,478.4,1144873.638172107,592061.718135748,65.91342815461633,0
profile,tfl-numbat-2019-midweek,late,8.571429,7,1,2,off,free-flow,8,0,940GZZLUEUS,0,3900,2783,1800,1799,1a27ca72858d2a15,210,210,0,0,135,75,4.5,46,59,5.933333333333334,16,true,983,29,76,73,50,2,4,1,1,2,2,true,466,168.06150793650795,503.5,1217439.1106599856,670188.1897783197,64.49573548641182,0
profile,tfl-numbat-2019-midweek,late,8.571429,7,1,3,off,free-flow,8,0,940GZZLUEUS,0,3900,2601,1800,1799,a7d9d942eff35942,210,210,0,0,150,60,5,46,59,6.933333333333334,1,true,801,23,65,63,50,2,3,0,0,1,2,true,276,124.51269841269841,343.56666666666666,1097109.667995658,520318.4281438459,67.83050638320505,0
profile,tfl-numbat-2019-midweek,late,7.5,7.966666666666667,1,1,off,free-flow,8,1,940GZZLUEUS,0,3900,2976,1800,1792.5,4c95945b07ad4db4,239,239,0,0,152,87,5.066666666666666,53,66,6.6,21,true,1176,35,91,87,59,2,2,0,1,2,2,true,545.5,179.61415620641563,546.3666666666667,1314086.503220951,802616.496722047,62.08176127006665,0
profile,tfl-numbat-2019-midweek,late,7.5,7.966666666666667,1,2,off,free-flow,8,0,940GZZLUEUS,0,3900,2731,1800,1792.5,bc66ba7eac15925a,239,239,0,0,146,93,4.866666666666666,50,69,6.4,24,true,931,40,94,91,57,2,3,0,0,1,1,true,478.5,198.63598326359835,544.45,1348432.2170605008,850252.2356895561,61.329046802232895,0
profile,tfl-numbat-2019-midweek,late,7.5,7.966666666666667,1,3,off,free-flow,8,1,940GZZLUEUS,0,3900,2662,1800,1792.5,0ae3f856fd211af2,239,239,0,0,163,76,5.433333333333334,51,68,7.466666666666667,8,true,862,29,78,76,56,3,3,0,0,1,2,true,460.5,150.68542538354254,484.81666666666666,1252650.945242702,636096.5689833873,66.32177862883772,0
profile,tfl-numbat-2019-midweek,late,6.666667,8.966666666666667,1,1,off,free-flow,8,0,940GZZLUEUS,0,3900,2941,1800,1793.3333333333333,cde8843fbd18461c,269,269,0,0,173,96,5.766666666666667,56,78,7.8,18,true,1141,45,106,101,63,2,3,0,0,2,2,true,537.6666666666666,203.34665427509293,650.6833333333333,1496588.5062722573,998100.3121112097,59.990989467056316,0
profile,tfl-numbat-2019-midweek,late,6.666667,8.966666666666667,1,2,off,free-flow,8,1,940GZZLUEUS,0,3900,2794,1800,1793.3333333333333,83a165183527ecc2,269,269,0,0,162,107,5.4,54,80,7.2,27,true,994,45,108,105,66,2,3,0,0,1,1,true,495.6666666666667,208.15,562.1333333333333,1507349.2025127546,977641.6151143293,60.65813973317299,0
profile,tfl-numbat-2019-midweek,late,6.666667,8.966666666666667,1,3,off,free-flow,8,1,940GZZLUEUS,0,3900,2742,1800,1793.3333333333333,83299e1e302850ba,269,269,0,0,183,86,6.1,56,78,8.466666666666667,8,true,942,37,92,87,60,2,2,0,1,2,1,true,424.6666666666667,173.9706939281289,537.7833333333333,1423009.593661092,804854.8603724336,63.87325723900068,0
profile,tfl-numbat-2019-midweek,late,6,9.966666666666667,1,1,off,free-flow,8,1,940GZZLUEUS,0,3900,2974,1800,1794,98fed7f7e0b5d5be,299,299,0,0,188,111,6.266666666666667,61,88,8.466666666666667,23,true,1174,52,117,112,74,2,2,0,1,1,1,true,548,220.99364548494984,701.1833333333333,1640089.1505384916,1157223.7095943694,58.63088015334095,0
profile,tfl-numbat-2019-midweek,late,6,9.966666666666667,1,2,off,free-flow,8,1,940GZZLUEUS,0,3900,3429,1800,1794,37d7a79f46029bb5,299,299,0,0,184,115,6.133333333333334,57,92,8.466666666666667,23,true,1629,55,124,114,71,2,3,0,2,1,2,true,678,234.2550724637681,743.4833333333333,1667490.2912950527,1228677.622265499,57.5757463331965,0
profile,tfl-numbat-2019-midweek,late,6,9.966666666666667,1,3,off,free-flow,8,3,940GZZLUEUS,0,3900,2694,1800,1794,fc6ee2bcadca4be9,299,299,0,0,200,99,6.666666666666667,62,87,9.2,12,true,894,40,102,97,64,2,2,0,0,2,2,true,378,185.81532887402452,520.8833333333333,1550541.949357811,912039.1092704027,62.96409792989896,0
profile,tfl-numbat-2019-midweek,late,5.4545449999999995,11,1,1,off,free-flow,8,2,940GZZLUEUS,0,3900,3144,1800,1798.5,a742cd2d2261b9db,330,330,0,0,202,128,6.733333333333333,67,98,9,30,true,1344,66,133,114,74,2,2,0,0,1,1,true,773.5,255.56838383838385,816.5833333333334,1805054.2281363143,1297449.823674593,58.18055989589179,0
profile,tfl-numbat-2019-midweek,late,5.4545449999999995,11,1,2,off,free-flow,8,6,940GZZLUEUS,0,3900,2973,1800,1798.5,be1a4b815253bd7f,330,330,0,0,202,128,6.733333333333333,60,105,9.466666666666667,23,true,1173,65,134,114,72,3,3,0,0,2,1,true,789.5,252.66797979797983,947.0666666666667,1820629.330433035,1292365.9482673602,58.48480859865313,0
profile,tfl-numbat-2019-midweek,late,5.4545449999999995,11,1,3,off,free-flow,8,3,940GZZLUEUS,0,3900,2878,1800,1798.5,aeaa655b97568ddc,330,330,0,0,214,116,7.133333333333334,68,97,9.733333333333333,19,true,1078,53,118,113,75,2,3,0,1,2,1,true,547.5,204.8421212121212,674.5333333333333,1716316.3942568908,1158814.2972112724,59.69524791864216,0
profile,tfl-numbat-2019-midweek,late,5,11.966666666666667,1,1,off,free-flow,8,3,940GZZLUEUS,0,3900,3241,1800,1795,c4d654bacd1c393f,359,359,0,0,210,149,7,71,108,9.266666666666667,41,true,1441,85,151,114,76,2,2,0,1,1,1,true,744,304.58932219127206,932.1166666666667,1966335.7941870617,1400869.121677969,58.39667746154714,0
profile,tfl-numbat-2019-midweek,late,5,11.966666666666667,1,2,off,free-flow,8,6,940GZZLUEUS,0,3900,3245,1800,1795,9df3d2223b4cc3f6,359,359,0,0,212,147,7.066666666666666,62,117,10,30,true,1445,82,150,114,73,3,3,0,0,1,1,true,662,304.4300835654596,936.65,1974709.1969635275,1437666.5109097331,57.86904391586621,0
profile,tfl-numbat-2019-midweek,late,5,11.966666666666667,1,3,off,free-flow,8,5,940GZZLUEUS,0,3900,3055,1800,1795,fb2a73a1032500d7,359,359,0,0,226,133,7.533333333333333,72,107,10.266666666666667,26,true,1255,63,138,114,78,2,3,0,2,2,2,true,766,251.57000928505107,980.4666666666667,1850534.3380113165,1278303.5237862675,59.14446256886398,0
profile,tfl-numbat-2019-midweek,late,4.615385,13.033333333333333,1,1,off,free-flow,8,8,940GZZLUEUS,0,3900,3279,1800,1798.6,5901994003b35650,391,391,0,0,221,170,7.366666666666666,70,125,10.066666666666666,45,true,1479,99,172,114,78,3,2,0,0,2,2,true,769.4,337.22067348678604,903.95,2118125.512090745,1511397.0463710872,58.35824073203702,0
profile,tfl-numbat-2019-midweek,late,4.615385,13.033333333333333,1,2,off,free-flow,8,7,940GZZLUEUS,0,3900,3608,1800,1798.6,fe98d1722db6b27e,391,391,0,0,218,173,7.266666666666667,68,127,10,46,true,1808,108,175,114,76,3,4,0,0,2,2,true,1106.4,372.3388746803069,1140.0666666666666,2128766.8186543994,1708821.5067536694,55.471474221457505,0
profile,tfl-numbat-2019-midweek,late,4.615385,13.033333333333333,1,3,off,free-flow,8,6,940GZZLUEUS,0,3900,2958,1800,1798.6,882b92859d36cd3a,391,391,0,0,234,157,7.8,78,117,10.4,40,true,1158,92,157,114,76,3,3,0,1,2,1,true,842.4,312.8843989769821,887.6333333333333,1987494.802115006,1408462.4542423764,58.5253185502947,0
profile,tfl-numbat-2019-midweek,late,4.2857140000000005,14,1,1,off,free-flow,8,11,940GZZLUEUS,0,3900,3353,1800,1799,1619796da1e5bece,420,420,0,0,221,199,7.366666666666666,74,136,9.8,63,true,1553,128,199,114,80,2,2,0,0,1,1,true,1041,409.366626984127,1282.3666666666666,2254938.0714907795,1656091.0090314336,57.655875859396396,0
profile,tfl-numbat-2019-midweek,late,4.2857140000000005,14,1,2,off,free-flow,8,16,940GZZLUEUS,0,3900,3900,1800,1799,c6732daafdeff25c,420,419,1,0,224,196,7.466666666666667,72,138,10.133333333333333,58,false,0,135,196,114,74,3,3,0,0,1,1,true,1195,422.77956349206346,1224.9666666666667,2273835.1050527934,1778677.6155950325,56.109265085522125,0
profile,tfl-numbat-2019-midweek,late,4.2857140000000005,14,1,3,off,free-flow,8,10,940GZZLUEUS,0,3900,3720,1800,1799,5d715f71ce359391,420,420,0,0,246,174,8.2,78,132,11.2,42,true,1920,107,174,114,75,3,2,0,1,1,1,true,1159,348.2784126984127,1158.45,2134407.5350820883,1572873.4978910405,57.57339452009003,0
profile,tfl-numbat-2019-midweek,late,4,14.966666666666667,1,1,off,free-flow,8,20,940GZZLUEUS,0,3900,3449,1800,1796,e9538827e0405203,449,449,0,0,225,224,7.5,74,150,10.066666666666666,74,true,1649,142,225,114,79,3,2,0,0,2,2,true,1087,454.4125463994061,1163.9333333333334,2383020.092133298,1704846.7123924722,58.29495446121195,0
profile,tfl-numbat-2019-midweek,late,4,14.966666666666667,1,2,off,free-flow,8,19,940GZZLUEUS,0,3900,3823,1800,1796,6622936b54de5f60,449,449,0,0,239,210,7.966666666666667,72,152,11.133333333333333,58,true,2023,146,210,114,78,4,4,0,0,2,1,true,1170,448.94974016332594,1279.2666666666667,2400432.851775058,1749183.660132781,57.84710092816332,0
profile,tfl-numbat-2019-midweek,late,4,14.966666666666667,1,3,off,free-flow,8,19,940GZZLUEUS,0,3900,3654,1800,1796,a42f9a1146943fd9,449,449,0,0,243,206,8.1,81,143,10.8,63,true,1854,139,210,114,73,5,2,0,0,1,1,true,1100,409.17011878247956,1208.9666666666667,2237877.6677258094,1713285.2060658715,56.6384565559116,0
profile,tfl-numbat-2019-midweek,night,60,0.9666666666666667,1,1,off,free-flow,8,0,940GZZLUEUS,0,3900,2284,1800,1740,ca2265641b46fb7e,29,29,0,0,22,7,0.7333333333333333,9,5,0.8666666666666667,2,true,484,3,9,9,9,1,1,0,0,1,1,true,158,52.74367816091954,165.28333333333333,144848.7384353437,74529.64291916759,66.02689724529915,0
profile,tfl-numbat-2019-midweek,night,60,0.9666666666666667,1,2,off,free-flow,8,0,940GZZLUEUS,0,3900,2774,1800,1740,c81386e7d7872707,29,29,0,0,21,8,0.7,9,5,0.8,3,true,974,3,9,9,8,0,0,0,0,1,1,true,67,55.54252873563219,133.9,140371.27930934585,134676.84989844353,51.03516963145755,0
profile,tfl-numbat-2019-midweek,night,60,0.9666666666666667,1,3,off,free-flow,8,0,940GZZLUEUS,0,3900,2834,1800,1740,59d46cdde352f10e,29,29,0,0,23,6,0.7666666666666667,8,6,1,0,true,1034,2,10,10,10,1,1,0,0,1,1,true,0,39.45287356321839,258.31666666666666,170110.6173579565,95863.50479099632,63.957582032243685,0
profile,tfl-numbat-2019-midweek,night,30,1.9666666666666666,1,1,off,free-flow,8,1,940GZZLUEUS,0,3900,2729,1800,1770,175bf1e8ac6f44d7,59,59,0,0,43,16,1.4333333333333333,16,13,1.8,3,true,929,6,18,18,16,1,1,0,0,1,1,true,33,69.01299435028248,221.83333333333334,319029.3234333859,216222.51903824921,59.60359182701784,0
profile,tfl-numbat-2019-midweek,night,30,1.9666666666666666,1,2,off,free-flow,8,1,940GZZLUEUS,0,3900,2968,1800,1770,332bbea8045ea8af,59,59,0,0,42,17,1.4,17,12,1.6666666666666667,5,true,1168,5,19,19,16,1,0,0,0,1,1,true,226,74.9867231638418,227.18333333333334,320263.6284170868,252384.80833781225,55.92674455412226,0
profile,tfl-numbat-2019-midweek,night,30,1.9666666666666666,1,3,off,free-flow,8,0,940GZZLUEUS,0,3900,2694,1800,1770,a1a4f419a9f155b7,59,59,0,0,42,17,1.4,14,15,1.8666666666666667,2,true,894,5,20,20,17,0,1,0,0,2,1,true,100,71.23418079096045,258.31666666666666,335439.61133191455,254599.66635590018,56.85038674821798,0
profile,tfl-numbat-2019-midweek,night,20,2.966666666666667,1,1,off,free-flow,8,1,940GZZLUEUS,0,3900,3196,1800,1780,8c76375d5400f0a2,89,89,0,0,63,26,2.1,25,19,2.533333333333333,7,true,1396,7,28,27,24,1,1,0,0,1,1,true,449,80.78220973782771,488.76666666666665,480560.7408336444,346313.0864052382,58.11778351218887,0
profile,tfl-numbat-2019-midweek,night,20,2.966666666666667,1,2,off,free-flow,8,1,940GZZLUEUS,0,3900,3126,1800,1780,afec5a831dfb0ad9,89,89,0,0,63,26,2.1,22,22,2.7333333333333334,4,true,1326,9,30,28,24,1,1,0,0,2,1,true,374,101.25861423220974,416.55,510162.9346802167,411388.63024652505,55.359130633213326,0
profile,tfl-numbat-2019-midweek,night,20,2.966666666666667,1,3,off,free-flow,8,2,940GZZLUEUS,0,3900,2766,1800,1780,094cd0a41dfbd30a,89,89,0,0,62,27,2.066666666666667,22,22,2.6666666666666665,5,true,966,8,28,27,23,1,1,0,0,1,1,true,163,80.67284644194756,258.31666666666666,527914.6670761578,417634.8059331631,55.83152253218524,0
profile,tfl-numbat-2019-midweek,night,15,3.966666666666667,1,1,off,free-flow,8,6,940GZZLUEUS,0,3900,3167,1800,1785,f9e1bd3d2523c995,119,119,0,0,84,35,2.8,29,30,3.6666666666666665,5,true,1367,12,35,33,29,1,1,0,0,1,1,true,415,91.47871148459383,429.9166666666667,636174.8005009238,421363.25462711556,60.156208792306785,0
profile,tfl-numbat-2019-midweek,night,15,3.966666666666667,1,2,off,free-flow,8,7,940GZZLUEUS,0,3900,2766,1800,1785,690a196e2f9a4ff9,119,119,0,0,75,44,2.5,28,31,3.1333333333333333,13,true,966,12,44,38,32,1,2,1,0,2,2,true,202,98.45014005602242,338.1,649689.1336893131,492287.25995226076,56.891643059062005,0
profile,tfl-numbat-2019-midweek,night,15,3.966666666666667,1,3,off,free-flow,8,2,940GZZLUEUS,0,3900,3212,1800,1785,db99ebd72e363b57,119,119,0,0,80,39,2.6666666666666665,27,32,3.533333333333333,7,true,1412,11,40,39,33,1,2,0,0,1,1,true,455,110.6015406162465,532.2833333333333,718151.5613712942,540886.2532743649,57.0397134238108,0
profile,tfl-numbat-2019-midweek,night,12,4.966666666666667,1,1,off,free-flow,8,7,940GZZLUEUS,0,3900,2844,1800,1788,c19eeed41d417052,149,149,0,0,103,46,3.433333333333333,33,41,4.666666666666667,5,true,1044,14,50,46,37,1,1,0,0,1,1,true,255,109.32639821029082,378.45,785241.1341006382,598018.2365646268,56.76745451744051,0
profile,tfl-numbat-2019-midweek,night,12,4.966666666666667,1,2,off,free-flow,8,6,940GZZLUEUS,0,3900,2901,1800,1788,8ad3f9dbd58a4a5d,149,149,0,0,95,54,3.1666666666666665,33,41,4.133333333333334,13,true,1101,17,58,52,40,1,2,0,0,1,2,true,408,125.35413870246086,479.65,802554.8139805503,706313.0241844635,53.18920542150099,0
profile,tfl-numbat-2019-midweek,night,12,4.966666666666667,1,3,off,free-flow,8,8,940GZZLUEUS,0,3900,3091,1800,1788,f3a80d553036d591,149,149,0,0,98,51,3.2666666666666666,33,41,4.333333333333333,10,true,1291,15,52,49,40,1,2,0,0,1,1,true,331,110.22281879194631,558.8333333333334,844482.0935443473,636919.747893511,57.00560576627119,0
profile,tfl-numbat-2019-midweek,night,10,5.966666666666667,1,1,off,free-flow,8,10,940GZZLUEUS,0,3900,2785,1800,1790,6e42c7acb2ed4782,179,179,0,0,122,57,4.066666666666666,43,46,5.266666666666667,11,true,985,18,59,56,41,3,1,0,0,1,1,true,207,115.76154562383613,394.56666666666666,922937.7393463684,705985.4243887191,56.659378409850284,0
profile,tfl-numbat-2019-midweek,night,10,5.966666666666667,1,2,off,free-flow,8,10,940GZZLUEUS,0,3900,2765,1800,1790,d7ddc3217005eedc,179,179,0,0,116,63,3.8666666666666667,38,51,5.2,12,true,965,21,69,62,50,3,2,0,0,1,2,true,190,122.80493482309126,468.93333333333334,961022.2310892113,739166.5304193726,56.52444321749854,0
profile,tfl-numbat-2019-midweek,night,10,5.966666666666667,1,3,off,free-flow,8,8,940GZZLUEUS,0,3900,3246,1800,1790,aa670b5f8d7371c6,179,179,0,0,114,65,3.8,38,51,5.066666666666666,14,true,1446,20,65,64,47,2,2,0,0,2,2,true,597,137.8586592178771,636.1333333333333,1029415.113454368,854245.969571962,54.64969907434132,0
profile,tfl-numbat-2019-midweek,night,8.571429,7,1,1,off,free-flow,8,11,940GZZLUEUS,0,3900,3322,1800,1799,e91f11a6d7b085ac,210,210,0,0,141,69,4.7,49,56,6.133333333333334,13,true,1522,22,71,66,51,3,1,0,0,1,1,true,581,135.43190476190478,597.7,1097929.6775862048,926215.1673691758,54.2416556958604,0
profile,tfl-numbat-2019-midweek,night,8.571429,7,1,2,off,free-flow,8,12,940GZZLUEUS,0,3900,2764,1800,1799,2eea3e3fe02210bb,210,210,0,0,141,69,4.7,47,58,6.266666666666667,11,true,964,26,78,71,55,2,2,0,0,1,2,true,228,136.52960317460318,457.4166666666667,1139253.491046957,852185.3867863491,57.20755498589389,0
profile,tfl-numbat-2019-midweek,night,8.571429,7,1,3,off,free-flow,8,13,940GZZLUEUS,0,3900,3208,1800,1799,cd9753e4db035a1b,210,210,0,0,143,67,4.766666666666667,47,58,6.4,9,true,1408,27,76,71,51,2,2,0,0,2,2,true,578,147.28960317460317,594.6333333333333,1173703.100241107,945897.1619524806,55.37379482235175,0
profile,tfl-numbat-2019-midweek,night,7.5,7.966666666666667,1,1,off,free-flow,8,23,940GZZLUEUS,0,3900,3164,1800,1792.5,ac698127e9c870b6,239,239,0,0,160,79,5.333333333333333,58,61,6.8,18,true,1364,26,81,74,58,4,1,0,0,2,1,true,399.5,130.21680613668062,402.1166666666667,1227624.1089662868,952329.982579679,56.31421843822814,0
profile,tfl-numbat-2019-midweek,night,7.5,7.966666666666667,1,2,off,free-flow,8,21,940GZZLUEUS,0,3900,2677,1800,1792.5,363a18a5ce685250,239,239,0,0,159,80,5.3,51,68,7.2,12,true,877,30,88,76,58,2,2,0,0,1,1,true,287.5,140.57894002789402,488.3833333333333,1241827.1425541798,927346.6318558049,57.24885471160358,0
profile,tfl-numbat-2019-midweek,night,7.5,7.966666666666667,1,3,off,free-flow,8,17,940GZZLUEUS,0,3900,3048,1800,1792.5,d38bd377032d4c52,239,239,0,0,160,79,5.333333333333333,47,72,7.533333333333333,7,true,1248,35,83,74,53,3,2,0,0,2,1,true,333.5,160.6165969316597,483.31666666666666,1290081.2337884246,1050521.1530211938,55.11748774839467,0
profile,tfl-numbat-2019-midweek,night,6.666667,8.966666666666667,1,1,off,free-flow,8,27,940GZZLUEUS,0,3900,3019,1800,1793.3333333333333,8ba338bafbc5514f,269,269,0,0,184,85,6.133333333333334,64,70,8,15,true,1219,28,92,84,64,2,1,0,0,2,1,true,243.66666666666666,139.00068153655513,407.35,1390527.979124134,1109584.9684235223,55.61860637088789,0
profile,tfl-numbat-2019-midweek,night,6.666667,8.966666666666667,1,2,off,free-flow,8,19,940GZZLUEUS,0,3900,2927,1800,1793.3333333333333,c43a7f45f4cd834d,269,269,0,0,176,93,5.866666666666666,53,81,8.2,12,true,1127,36,99,89,64,4,2,0,0,2,1,true,453.6666666666667,167.71629491945478,584.9666666666667,1394417.6262248321,1168388.0720759728,54.40980668762212,0
profile,tfl-numbat-2019-midweek,night,6.666667,8.966666666666667,1,3,off,free-flow,8,26,940GZZLUEUS,0,3900,3286,1800,1793.3333333333333,c77ab3603993635e,269,269,0,0,175,94,5.833333333333333,54,80,8.066666666666666,14,true,1486,36,95,85,62,3,2,0,0,2,1,true,511.6666666666667,158.06710037174722,618.2333333333333,1399065.5259864049,1173705.0257066186,54.379724031967925,0
profile,tfl-numbat-2019-midweek,night,6,9.966666666666667,1,1,off,free-flow,8,41,940GZZLUEUS,0,3900,3027,1800,1794,436349ce9314f077,299,299,0,0,197,102,6.566666666666666,65,84,8.8,18,true,1227,37,102,91,62,4,2,0,0,2,1,true,545,146.68428093645485,604.3666666666667,1444338.0234924047,1152638.5403798397,55.61613622491888,0
profile,tfl-numbat-2019-midweek,night,6,9.966666666666667,1,2,off,free-flow,8,18,940GZZLUEUS,0,3900,2983,1800,1794,cf673c15ac76cbab,299,299,0,0,186,113,6.2,58,91,8.533333333333333,22,true,1183,45,116,105,77,4,2,0,0,2,2,true,556,194.89459308807136,627.7666666666667,1631115.925180791,1378293.792780782,54.200526948707704,0
profile,tfl-numbat-2019-midweek,night,6,9.966666666666667,1,3,off,free-flow,8,29,940GZZLUEUS,0,3900,2954,1800,1794,a1953c90166778c3,299,299,0,0,192,107,6.4,58,91,8.933333333333334,16,true,1154,46,110,101,62,5,2,0,0,2,1,true,611,182.13717948717948,712.9333333333333,1551346.573834883,1185163.7434742355,56.69068974533822,0
profile,tfl-numbat-2019-midweek,night,5.4545449999999995,11,1,1,off,free-flow,8,37,940GZZLUEUS,0,3900,3160,1800,1798.5,d042e9976f1d18e7,330,330,0,0,218,112,7.266666666666667,71,94,9.8,18,true,1360,45,114,102,71,5,2,0,0,1,2,true,599.5,176.00919191919192,773.2166666666667,1635167.5178674306,1389359.87336398,54.063571141992064,0
profile,tfl-numbat-2019-midweek,night,5.4545449999999995,11,1,2,off,free-flow,8,31,940GZZLUEUS,0,3900,2958,1800,1798.5,50bea3e032ab06ac,330,330,0,0,202,128,6.733333333333333,63,102,9.266666666666667,26,true,1158,47,131,114,76,5,2,0,0,2,1,true,902.5,214.2767171717172,918.1666666666666,1705352.3645329191,1461498.078884255,53.850107385960655,0
profile,tfl-numbat-2019-midweek,night,5.4545449999999995,11,1,3,off,free-flow,8,38,940GZZLUEUS,0,3900,3217,1800,1798.5,c4a341f4642e795c,330,330,0,0,210,120,7,62,103,9.866666666666667,17,true,1417,50,124,105,70,3,2,0,0,2,2,true,650.5,195.03121212121212,809.2833333333333,1674108.6041802051,1386797.8722560536,54.69322950792441,0
profile,tfl-numbat-2019-midweek,night,5,11.966666666666667,1,1,off,free-flow,8,47,940GZZLUEUS,0,3900,3267,1800,1795,2be3e529710e9875,359,359,0,0,234,125,7.8,82,97,10.133333333333333,28,true,1467,51,127,111,75,6,2,0,1,2,1,true,580,183.79285051067782,746.1,1755912.8106035483,1425563.6756084242,55.19175823594495,0
profile,tfl-numbat-2019-midweek,night,5,11.966666666666667,1,2,off,free-flow,8,50,940GZZLUEUS,0,3900,3705,1800,1795,4211505d27680b8b,359,359,0,0,231,128,7.7,67,112,10.933333333333334,16,true,1905,52,132,114,72,3,2,0,1,2,2,true,960,212.17762302692665,1012.8833333333333,1804687.5625102962,1633127.6852366938,52.495187566958926,0
profile,tfl-numbat-2019-midweek,night,5,11.966666666666667,1,3,off,free-flow,8,51,940GZZLUEUS,0,3900,3262,1800,1795,e593d26bccbd6209,359,359,0,0,220,139,7.333333333333333,70,109,10,30,true,1462,62,144,114,75,4,2,0,0,2,1,true,859,220.53393686165273,948.55,1789268.2074183004,1556045.57864666,53.48581095356643,0
profile,tfl-numbat-2019-midweek,night,4.615385,13.033333333333333,1,1,off,free-flow,8,53,940GZZLUEUS,0,3900,3764,1800,1798.6,86aba24f394e3624,391,391,0,0,247,144,8.233333333333333,80,115,11.133333333333333,29,true,1964,67,145,114,82,4,2,0,0,2,2,true,998.4,223.9237851662404,1016.6333333333333,1925818.0413777162,1701654.598341473,53.08980198198816,0
profile,tfl-numbat-2019-midweek,night,4.615385,13.033333333333333,1,2,off,free-flow,8,66,940GZZLUEUS,0,3900,3503,1800,1798.6,09112042b1d9f956,391,391,0,0,245,146,8.166666666666666,70,125,11.666666666666666,21,true,1703,62,156,114,77,4,3,0,0,2,2,true,825.4,227.62046035805628,970.65,1878182.4224445126,1636842.2378509536,53.432979963407604,0
profile,tfl-numbat-2019-midweek,night,4.615385,13.033333333333333,1,3,off,free-flow,8,67,940GZZLUEUS,0,3900,3375,1800,1798.6,de8c84346b576f9d,391,391,0,0,235,156,7.833333333333333,73,122,10.8,34,true,1575,75,161,114,71,3,3,0,0,2,2,true,860.4,257.4133418584825,1107.6666666666667,1895699.9480922287,1695807.382376308,52.782850587831646,0
profile,tfl-numbat-2019-midweek,night,4.2857140000000005,14,1,1,off,free-flow,8,79,940GZZLUEUS,0,3900,3623,1800,1799,def6a6a41e8ad6fd,420,420,0,0,256,164,8.533333333333333,92,118,10.933333333333334,46,true,1823,84,164,114,76,5,2,0,1,2,2,true,978,242.4920238095238,1151.6166666666666,1998930.9666508094,1756853.7922139694,53.22272427706972,0
profile,tfl-numbat-2019-midweek,night,4.2857140000000005,14,1,2,off,free-flow,8,74,940GZZLUEUS,0,3900,3650,1800,1799,5d8b702387ea3569,420,420,0,0,255,165,8.5,81,129,11.6,36,true,1850,83,165,114,74,3,2,0,1,2,2,true,1121,260.42404761904766,1180.85,1988457.4980702624,1788206.2360621647,52.651166162852725,0
profile,tfl-numbat-2019-midweek,night,4.2857140000000005,14,1,3,off,free-flow,8,90,940GZZLUEUS,0,3900,3583,1800,1799,543bacff6e8e87de,420,420,0,0,240,180,8,79,131,10.733333333333333,49,true,1783,94,182,114,71,4,3,0,0,2,2,true,818,284.5947619047619,1074.8666666666666,1945085.5527732195,1780179.4670502287,52.21334703498231,0
profile,tfl-numbat-2019-midweek,night,4,14.966666666666667,1,1,off,free-flow,8,104,940GZZLUEUS,0,3900,3538,1800,1796,496c456e64d1b538,449,449,0,0,274,175,9.133333333333333,97,127,11.8,48,true,1738,97,182,114,81,4,2,0,0,2,1,true,940,253.2436896807721,1150.6666666666667,2032628.1354833394,1826896.563292001,52.665244923249475,0
profile,tfl-numbat-2019-midweek,night,4,14.966666666666667,1,2,off,free-flow,8,108,940GZZLUEUS,0,3900,3697,1800,1796,916284cd6b4ace08,449,449,0,0,254,195,8.466666666666667,86,138,11.2,57,true,1897,91,195,114,70,3,3,0,1,2,2,true,1181,284.3752783964365,1214.5333333333333,1945036.9403280958,1952788.6235939157,49.90056400499847,0
profile,tfl-numbat-2019-midweek,night,4,14.966666666666667,1,3,off,free-flow,8,110,940GZZLUEUS,0,3900,3768,1800,1796,b5e14fc27a619533,449,449,0,0,263,186,8.766666666666667,89,135,11.6,51,true,1968,97,188,114,69,4,2,0,1,2,2,true,1046,274.87123236822566,1182.1333333333334,1996277.45546313,1823875.5755416786,52.256478713316156,0
