pattern,demand_profile,demand_band,request_every_seconds,offered_per_minute,burst_size,seed,policy,routing_policy,platoon_policy,shared_ride_party_limit,sharing_mode,sharing_join,shared_parties,full_pod_refusals,full_departures,departure_backlog,departures_demand_over_four,departures_over_four_aboard,join_eligible_assigned,join_eligible_existing_stop,join_eligible_added_stop_only,reassigned_parties,focus_station,window_start_seconds,window_end_seconds,actual_end_seconds,arrival_window_seconds,arrival_end_seconds,schedule_id,scheduled,served,remaining,skipped,completed_at_arrival_end,backlog_at_arrival_end,arrival_throughput_per_minute,completed_at_arrival_midpoint,backlog_at_arrival_midpoint,late_arrival_throughput_per_minute,late_backlog_change,drained,drain_seconds,peak_pending,peak_outstanding,peak_active_vehicles,peak_passenger_vehicles,peak_stopped_vehicles,peak_focus_approaching,peak_focus_entrance_stopped,peak_focus_exit_stopped,peak_focus_occupied_berths,peak_focus_reserved_empty_berths,stopped_pod_seconds,junction_wait_seconds,track_wait_seconds,peak_node_throughput_per_minute,peak_node,queue_cleared,queue_clear_seconds,wait_average_seconds,wait_maximum_seconds,wait_p95_seconds,journey_average_seconds,journey_p95_seconds,journey_maximum_seconds,passenger_distance_meters,empty_distance_meters,loaded_distance_percent,occupancy,rider_distance_meters,direct_distance_meters,detour_ratio_mean,detour_ratio_max,intermediate_stops,positioning_moves,coupled_time_percent
profile,tfl-numbat-2019-midweek,early,60,0.9666666666666667,1,1,off,free-flow,virtual,4,drop-offs,unassigned,0,0,0,9,0,0,6,2,4,0,940GZZLUEUS,0,3900,2588,1800,1740,9528258c1baa82ba,29,29,0,0,19,10,0.6333333333333333,6,8,0.8666666666666667,2,true,788,4,10,10,9,1,0,0,0,1,0,3,1,2,2,940GZZLULVT-01-arrival,true,215,108.86724137931034,274.26666666666665,254.53333333333333,554.3074712643678,868.65,907.1666666666666,175363.26653690037,205991.72869473742,45.984258428392536,1,175363.2665354108,175363.2665354108,1,1,0,0,0
profile,tfl-numbat-2019-midweek,early,60,0.9666666666666667,1,1,off,free-flow,virtual,4,drop-offs,reassign-existing,2,0,0,7,0,0,6,2,4,2,940GZZLUEUS,0,3900,2513,1800,1740,9528258c1baa82ba,29,29,0,0,19,10,0.6333333333333333,7,7,0.8,3,true,713,4,10,10,9,1,0,0,0,1,0,3,1,2,3,london-link-030-a-arrival,true,135,96.70517241379311,236.65,229.86666666666667,542.1448275862069,832.7833333333333,868.65,164134.15329261418,188789.2312551702,46.50702120601224,1.0684142393215914,175363.2665354108,175363.2665354108,1,1,0,0,0
profile,tfl-numbat-2019-midweek,early,60,0.9666666666666667,1,2,off,free-flow,virtual,4,drop-offs,unassigned,1,0,0,17,0,0,11,1,10,0,940GZZLUEUS,0,3900,2511,1800,1740,bb5eef7e7cabdb3b,29,29,0,0,20,9,0.6666666666666666,6,8,0.9333333333333333,1,true,711,4,13,12,9,0,0,0,0,1,1,0,0,0,3,london-link-009-a-arrival,true,185,131.95344827586206,295.9166666666667,280.31666666666666,608.4040229885057,890.6333333333333,913.75,181115.29620128524,189945.2210433735,48.81017725792337,1.0362918174495146,187688.29946667125,186992.10622258438,1.0029548948628195,1.085691951021767,1,0,0
profile,tfl-numbat-2019-midweek,early,60,0.9666666666666667,1,2,off,free-flow,virtual,4,drop-offs,reassign-existing,2,0,0,12,0,0,10,2,8,2,940GZZLUEUS,0,3900,2490,1800,1740,bb5eef7e7cabdb3b,29,29,0,0,20,9,0.6666666666666666,6,8,0.9333333333333333,1,true,690,4,12,11,10,1,0,0,0,1,1,1,0,1,2,940GZZLULVT-01-arrival,true,185,120.4522988505747,280.31666666666666,279.6166666666667,594.2609195402299,869.6666666666666,918.4,173741.94878324773,179112.76664557788,49.23894769894134,1.0754000834730038,186842.1062225844,186842.1062225844,1,1,0,0,0
profile,tfl-numbat-2019-midweek,early,60,0.9666666666666667,1,3,off,free-flow,virtual,4,drop-offs,unassigned,1,0,0,11,0,0,8,1,7,0,940GZZLUEUS,0,3900,2555,1800,1740,47735eda4f594ac0,29,29,0,0,22,7,0.7333333333333333,6,8,1.0666666666666667,-1,true,755,4,12,12,10,1,0,0,0,1,0,1,0,1,3,london-link-013-a-arrival,true,220,109.19827586206897,279.6166666666667,249.18333333333334,568.4436781609195,870.0833333333334,874.3333333333334,172901.9303355624,193672.19624757537,47.1669760076067,1.045267930086737,180728.84282819697,180728.84282819697,1,1,0,0,0
profile,tfl-numbat-2019-midweek,early,60,0.9666666666666667,1,3,off,free-flow,virtual,4,drop-offs,reassign-existing,2,0,0,9,0,0,8,1,7,1,940GZZLUEUS,0,3900,2519,1800,1740,47735eda4f594ac0,29,29,0,0,22,7,0.7333333333333333,6,8,1.0666666666666667,-1,true,719,4,12,11,10,1,0,0,0,1,0,1,0,1,2,940GZZLUFCN-01-arrival,true,190,101.06206896551724,249.18333333333334,242,560.8701149425287,824.5833333333334,838.5333333333333,166403.92706846353,183633.252797403,47.538929188101996,1.0865359130341758,180803.84282819697,180803.84282819697,1,1,0,0,0
profile,tfl-numbat-2019-midweek,early,30,1.9666666666666666,1,1,off,free-flow,virtual,4,drop-offs,unassigned,2,0,0,48,4,0,25,13,12,0,940GZZLUEUS,0,3900,2514,1800,1770,383a7529680b260f,59,59,0,0,35,24,1.1666666666666667,12,17,1.5333333333333334,7,true,714,9,26,25,19,1,0,0,0,1,1,18,14,4,5,london-link-009-a-arrival,true,263,156.13870056497174,363.6666666666667,354.65,613.7398305084746,932.0666666666667,953.0166666666667,354443.1105145786,374541.85326800845,48.621456974287874,1.0323982949080177,365926.4629326151,364411.60168360017,1.0032870796832105,1.1142946344023401,2,0,0
profile,tfl-numbat-2019-midweek,early,30,1.9666666666666666,1,1,off,free-flow,virtual,4,drop-offs,reassign-existing,10,0,0,18,1,0,20,8,12,8,940GZZLUEUS,0,3900,2423,1800,1770,383a7529680b260f,59,59,0,0,40,19,1.3333333333333333,12,17,1.8666666666666667,2,true,623,8,23,19,14,1,0,0,0,1,1,5,4,1,3,london-link-009-a-arrival,true,238,120.45254237288137,296.2,288.06666666666666,576.7649717514124,859.3666666666667,924.45,296427.94414932636,314281.1502776357,48.538321576407725,1.2323577344944519,365305.2696885282,364486.60168360017,1.00193719719326,1.1142946344023401,1,0,0
profile,tfl-numbat-2019-midweek,early,30,1.9666666666666666,1,2,off,free-flow,virtual,4,drop-offs,unassigned,1,0,0,105,13,0,32,16,16,0,940GZZLUEUS,0,3900,2596,1800,1770,d1340ee5a623df89,59,59,0,0,36,23,1.2,11,18,1.6666666666666667,5,true,796,10,26,26,17,1,0,0,0,1,1,16,12,4,4,london-link-010-a-departure,true,258,186.56214689265536,377.55,355.4,650.4581920903955,945.65,978.3333333333334,362302.9778726146,427570.3616660735,45.868490520798105,1.0222172380162884,370352.3493613477,369593.250302165,1.0014718535935703,1.0868393620206458,1,0,0
profile,tfl-numbat-2019-midweek,early,30,1.9666666666666666,1,2,off,free-flow,virtual,4,drop-offs,reassign-existing,16,1,1,24,2,0,24,12,12,12,940GZZLUEUS,0,3900,2345,1800,1770,d1340ee5a623df89,59,59,0,0,38,21,1.2666666666666666,11,18,1.8,3,true,545,8,22,18,13,1,0,0,0,1,1,9,6,3,3,london-link-009-a-arrival,true,115,104.47175141242937,297.25,274.26666666666665,573.0966101694914,850.9166666666666,929.9833333333333,264023.1794244788,277333.1692433959,48.770681284918034,1.4191915238977875,374699.4583475512,369518.250302165,1.0115295285559252,1.1007669338610058,4,0,0
profile,tfl-numbat-2019-midweek,early,30,1.9666666666666666,1,3,off,free-flow,virtual,4,drop-offs,unassigned,0,0,0,65,4,0,26,12,14,0,940GZZLUEUS,0,3900,2719,1800,1770,badaff981b31ddb7,59,59,0,0,40,19,1.3333333333333333,11,18,1.9333333333333333,1,true,919,8,22,22,16,1,0,0,0,1,1,18,14,4,4,london-link-009-a-arrival,true,372,162.00536723163842,371.68333333333334,361.48333333333335,618.55,947.1666666666666,950.1166666666667,364992.5610805288,408717.21492391557,47.17435043478528,1,364992.56107588904,364992.56107588904,1,1,0,0,0
profile,tfl-numbat-2019-midweek,early,30,1.9666666666666666,1,3,off,free-flow,virtual,4,drop-offs,reassign-existing,8,0,0,32,1,0,25,8,17,8,940GZZLUEUS,0,3900,2672,1800,1770,badaff981b31ddb7,59,59,0,0,40,19,1.3333333333333333,12,17,1.8666666666666667,2,true,872,8,21,20,15,1,0,0,0,1,1,13,10,3,4,london-link-069-a-departure,true,325,120.1641242937853,324.65,298.9166666666667,576.495197740113,874.3333333333334,910.6333333333333,306621.45978058875,348531.3213333287,46.80151998427885,1.1896348068439084,364767.56107588904,364767.56107588904,1,1,0,0,0
profile,tfl-numbat-2019-midweek,early,20,2.966666666666667,1,1,off,free-flow,virtual,4,drop-offs,unassigned,4,0,0,169,22,0,50,31,19,0,940GZZLUEUS,0,3900,2684,1800,1780,4a2d770f2630dd23,89,89,0,0,51,38,1.7,18,26,2.2,12,true,884,16,38,37,26,2,0,0,0,1,1,43,34,9,5,london-link-069-a-departure,true,285,192.61198501872659,410.25,404.28333333333336,651.4095505617977,1009.7333333333333,1043.0666666666666,529660.3234974149,593915.347642046,47.140600949490675,1.0426843874942353,552268.549979768,550876.1634915941,1.001925661820714,1.085691951021767,2,0,0.002437597503900156
profile,tfl-numbat-2019-midweek,early,20,2.966666666666667,1,1,off,free-flow,virtual,4,drop-offs,reassign-existing,23,0,0,54,8,0,43,18,25,18,940GZZLUEUS,0,3900,2574,1800,1780,4a2d770f2630dd23,89,89,0,0,54,35,1.8,18,26,2.4,9,true,774,10,36,26,20,1,0,0,0,1,1,24,15,9,5,london-link-009-a-arrival,true,162,120.67228464419476,317.75,296.2,579.8078651685394,899.6666666666666,953.4333333333333,394995.4914877674,440688.7128304942,47.266119120918255,1.399945119183572,552972.0104008149,551176.1634915944,1.0024836450642876,1.1105222053607933,1,0,0
profile,tfl-numbat-2019-midweek,early,20,2.966666666666667,1,2,off,free-flow,virtual,4,drop-offs,unassigned,5,0,0,149,21,0,43,28,15,0,940GZZLUEUS,0,3900,2690,1800,1780,19332ce46bf440c5,89,89,0,0,59,30,1.9666666666666666,14,30,3,0,true,890,14,36,35,26,1,0,0,0,1,1,31,24,7,6,london-link-069-a-departure,true,276,179.4320224719101,388.3666666666667,372.18333333333334,635.1550561797753,977.7166666666667,1010.6666666666666,512615.3264218923,566351.69307321,47.50982348485205,1.0689188769784443,547944.1990334049,544411.9494171848,1.0051307877556817,1.1259876259352548,4,0,0.30476577480348954
profile,tfl-numbat-2019-midweek,early,20,2.966666666666667,1,2,off,free-flow,virtual,4,drop-offs,reassign-existing,23,1,1,60,9,0,43,20,23,20,940GZZLUEUS,0,3900,2713,1800,1780,19332ce46bf440c5,89,89,0,0,62,27,2.066666666666667,15,29,3.1333333333333333,-2,true,913,10,33,26,21,1,0,0,0,1,1,55,44,11,5,london-link-069-a-departure,true,294,121.11985018726591,353.8833333333333,292.93333333333334,577.0880149812734,873.3666666666667,992.6666666666666,384071.3125230672,436040.18734593457,46.831596994361824,1.4257719554185921,547598.1062691896,543511.9494171848,1.0056890335648283,1.1115519957498883,3,0,0.6165228113440198
profile,tfl-numbat-2019-midweek,early,20,2.966666666666667,1,3,off,free-flow,virtual,4,drop-offs,unassigned,3,0,0,168,24,0,44,23,21,0,940GZZLUEUS,0,3900,2742,1800,1780,1023c2b2435ed2d7,89,89,0,0,55,34,1.8333333333333333,19,25,2.4,9,true,942,14,37,35,27,1,0,0,0,1,1,44,33,11,5,940GZZLUPAC-01-arrival,true,329,176.05917602996254,389.4,369.01666666666665,635.1996254681649,965.7333333333333,1021.8,532062.4121225614,565771.65953822,48.4647385116831,1.0391540418759355,552894.8060818585,552894.8060818585,1,1,0,0,0.5916938171741003
profile,tfl-numbat-2019-midweek,early,20,2.966666666666667,1,3,off,free-flow,virtual,4,drop-offs,reassign-existing,21,0,1,47,7,0,40,18,22,18,940GZZLUEUS,0,3900,2656,1800,1780,1023c2b2435ed2d7,89,89,0,0,59,30,1.9666666666666666,19,25,2.6666666666666665,5,true,856,12,35,26,20,1,0,0,0,1,1,32,23,9,4,940GZZLUPAC-01-arrival,true,237,107.97883895131085,300.28333333333336,286.8,570.2331460674158,870.0833333333334,935.7166666666667,398764.1526303817,417652.71595171525,48.84320351230995,1.3949743005431365,556265.7448901434,552594.8060818585,1.0050768854548155,1.1129607013696479,2,0,0.793916655500469
profile,tfl-numbat-2019-midweek,early,15,3.966666666666667,1,1,off,free-flow,virtual,4,drop-offs,unassigned,5,0,0,357,37,0,75,54,21,0,940GZZLUEUS,0,3900,2860,1800,1785,1609c532807f9008,119,119,0,0,73,46,2.433333333333333,20,39,3.533333333333333,7,true,1060,23,50,49,32,3,0,0,0,1,1,243,196,47,6,london-link-033-a-departure,true,490,235.00812324929973,495.96666666666664,480.8,709.2341736694679,1089.6833333333334,1119.5833333333333,726367.2242058298,805550.1695811582,47.41556086194753,1.0475275056996403,760889.6466348439,757646.2214140517,1.0032260554924737,1.1058955185161006,4,0,1.3526742012992792
profile,tfl-numbat-2019-midweek,early,15,3.966666666666667,1,1,off,free-flow,virtual,4,drop-offs,reassign-existing,41,0,2,76,14,0,66,36,30,36,940GZZLUEUS,0,3900,2707,1800,1785,1609c532807f9008,119,119,0,0,83,36,2.7666666666666666,21,38,4.133333333333334,-2,true,907,15,44,32,24,1,0,0,0,1,1,21,16,5,4,940GZZLUOVL-01-arrival,true,360,126.53179271708683,359.25,313.81666666666666,600.1670868347338,917.7166666666667,960.5166666666667,476900.3299034737,576543.0406544451,45.27061854790547,1.599251445069641,762683.5417421986,756896.2214140513,1.0064938331539155,1.1817013652118589,5,0,0.3121991830788043
profile,tfl-numbat-2019-midweek,early,15,3.966666666666667,1,2,off,free-flow,virtual,4,drop-offs,unassigned,7,0,0,343,40,0,67,55,12,0,940GZZLUEUS,0,3900,2797,1800,1785,c5ea67b17f25e70e,119,119,0,0,76,43,2.533333333333333,18,41,3.8666666666666667,2,true,997,18,47,45,32,1,0,0,0,1,1,55,40,15,5,london-link-009-a-arrival,true,410,209.90084033613445,441.8,430.35,663.3152661064426,1028.3833333333334,1080.4333333333334,686152.355758202,759097.8776257435,47.47637052108461,1.0621765274859556,728814.9265968951,725756.8819520401,1.0031012746305672,1.096802756601761,4,0,0
profile,tfl-numbat-2019-midweek,early,15,3.966666666666667,1,2,off,free-flow,virtual,4,drop-offs,reassign-existing,42,0,1,75,13,0,60,37,23,37,940GZZLUEUS,0,3900,2798,1800,1785,c5ea67b17f25e70e,119,119,0,0,86,33,2.8666666666666667,22,37,4.266666666666667,-4,true,998,14,42,30,22,1,0,0,0,1,1,29,22,7,4,940GZZLUPAC-01-arrival,true,374,117.95756302521008,391.6166666666667,304.96666666666664,570.703781512605,875.6333333333333,1030.4,446317.9762452833,553218.8039671446,44.652481537540716,1.633357570990868,728996.8455599581,725756.8819520404,1.0038915577755945,1.180458617807708,3,0,0
profile,tfl-numbat-2019-midweek,early,15,3.966666666666667,1,3,off,free-flow,virtual,4,drop-offs,unassigned,7,0,0,288,36,0,58,41,17,0,940GZZLUEUS,0,3900,2808,1800,1785,a02f25ab84cc8d7d,119,119,0,0,76,43,2.533333333333333,22,37,3.6,6,true,1008,18,48,45,31,1,0,0,0,1,1,65,46,19,5,940GZZLUPAC-01-arrival,true,375,186.96344537815128,415.53333333333336,403.03333333333336,652.9838935574229,1022.3,1099.6166666666666,694068.89682912,734685.1116590446,48.578614142510695,1.0785214760021322,748568.2110890704,744407.9728173974,1.0041213875624708,1.1105222053607933,5,0,0.23954849898910532
profile,tfl-numbat-2019-midweek,early,15,3.966666666666667,1,3,off,free-flow,virtual,4,drop-offs,reassign-existing,33,1,2,80,16,0,60,30,30,30,940GZZLUEUS,0,3900,2711,1800,1785,a02f25ab84cc8d7d,119,119,0,0,81,38,2.7,25,34,3.7333333333333334,4,true,911,13,46,32,24,2,0,0,0,1,1,80,66,14,5,london-link-069-a-departure,true,292,115.96008403361344,353.56666666666666,291.81666666666666,582.7162464985995,874.4666666666667,991.8166666666667,505917.1477885133,513920.51888183865,49.607615439452466,1.4796426618976795,748576.5952434912,743732.9728173977,1.0055894925722952,1.1559109732048354,3,0,1.477211796246649
profile,tfl-numbat-2019-midweek,early,12,4.966666666666667,1,1,off,free-flow,virtual,4,drop-offs,unassigned,13,0,0,564,51,0,92,72,20,0,940GZZLUEUS,0,3900,2811,1800,1788,fde388a840555436,149,149,0,0,88,61,2.933333333333333,25,49,4.2,12,true,1011,27,65,60,36,2,0,0,0,1,1,230,189,41,6,london-link-009-a-arrival,true,408,235.80581655480987,502.55,481.1333333333333,714.9008948545861,1116.3333333333333,1187.9,863987.0859522705,924628.9706211005,48.30478194451056,1.1127296505325022,961384.0482936881,950908.6494512907,1.0083051197164294,1.166482428927728,12,0,0.7413339434847271
profile,tfl-numbat-2019-midweek,early,12,4.966666666666667,1,1,off,free-flow,virtual,4,drop-offs,reassign-existing,58,0,5,117,22,0,91,55,36,55,940GZZLUEUS,0,3900,2642,1800,1788,fde388a840555436,149,149,0,0,96,53,3.2,25,49,4.733333333333333,4,true,842,16,55,36,24,2,0,0,0,1,1,82,58,24,5,940GZZLUPAC-01-arrival,true,277,121.19082774049217,325.8666666666667,269.8666666666667,594.1620805369128,867.25,961.1,547341.0788289348,611091.9402728133,47.24840105588016,1.7399735024990228,952358.9739884698,949858.6494512906,1.001927327913055,1.1001662485122718,2,0,0.33052778204053684
profile,tfl-numbat-2019-midweek,early,12,4.966666666666667,1,2,off,free-flow,virtual,4,drop-offs,unassigned,14,0,0,498,47,0,86,68,18,0,940GZZLUEUS,0,3900,2782,1800,1788,0db4ec5e24e7ed35,149,149,0,0,96,53,3.2,22,52,4.933333333333334,1,true,982,28,58,52,36,3,0,0,0,1,1,227,184,43,6,940GZZLUPAC-01-departure,true,381,223.2191275167785,486.8333333333333,475.8333333333333,680.8326621923937,1073.2333333333333,1124.2833333333333,833054.1837156945,921739.6912656184,47.47305057265291,1.102568553612233,918499.3464891305,911421.5062785232,1.00633961543081,1.16410454218367,8,0,1.229979785414399
profile,tfl-numbat-2019-midweek,early,12,4.966666666666667,1,2,off,free-flow,virtual,4,drop-offs,reassign-existing,55,3,2,144,24,0,85,49,36,49,940GZZLUEUS,0,3900,2583,1800,1788,0db4ec5e24e7ed35,149,149,0,0,102,47,3.4,25,49,5.133333333333334,-2,true,783,20,53,38,27,1,1,0,0,1,1,56,44,12,4,940GZZLUPAC-diverge,true,232,127.62897091722594,357.73333333333335,311.5833333333333,581.1880313199105,878.2833333333333,992.9666666666667,545898.6835103867,621339.7574368006,46.76839490202211,1.6724963331372296,913013.5464318306,910671.506278523,1.0023442243839935,1.1480806081212382,3,0,0
profile,tfl-numbat-2019-midweek,early,12,4.966666666666667,1,3,off,free-flow,virtual,4,drop-offs,unassigned,11,0,0,529,49,0,80,64,16,0,940GZZLUEUS,0,3900,2859,1800,1788,8d13d145a9ef1806,149,149,0,0,90,59,3,26,48,4.266666666666667,11,true,1059,25,61,54,36,2,0,0,0,1,1,198,153,45,6,940GZZLUPAC-01-departure,true,482,221.5195749440716,508,465.56666666666666,687.6578299776286,1094.35,1175.15,859408.2251604561,934366.9684686224,47.91058702410436,1.0882137642115386,935219.8597702442,930942.5919286269,1.0039517208366444,1.1559109732048352,6,0,2.4561163231299505
profile,tfl-numbat-2019-midweek,early,12,4.966666666666667,1,3,off,free-flow,virtual,4,drop-offs,reassign-existing,54,3,6,135,22,0,81,47,34,47,940GZZLUEUS,0,3900,2461,1800,1788,8d13d145a9ef1806,149,149,0,0,100,49,3.3333333333333335,31,43,4.6,6,true,661,18,55,38,27,1,0,0,0,1,1,46,36,10,5,london-link-009-a-arrival,true,195,120.81331096196868,323.5833333333333,297.73333333333335,583.203355704698,870.25,954.3166666666667,556064.20192616,576143.3285217535,49.11327534680634,1.675691521767626,931792.068726298,929517.5919286268,1.002485062941304,1.1559710172386208,2,0,0
profile,tfl-numbat-2019-midweek,early,10,5.966666666666667,1,1,off,free-flow,virtual,4,drop-offs,unassigned,24,0,3,685,59,0,106,87,19,0,940GZZLUEUS,0,3900,2930,1800,1790,aadad49ab1254db9,179,179,0,0,101,78,3.3666666666666667,27,62,4.933333333333334,16,true,1130,33,78,65,41,3,1,0,0,1,1,328,239,89,6,940GZZLUPAC-01-arrival,true,504,237.5441340782123,523.95,488.1166666666667,721.3933891992551,1128.2,1204.6666666666667,980457.9917117471,1146316.6900222548,46.10069887198206,1.1861482863241093,1162968.5667949645,1145151.488624008,1.011951831022296,1.1895599476918954,15,0,3.486392380757316
profile,tfl-numbat-2019-midweek,early,10,5.966666666666667,1,1,off,free-flow,virtual,4,drop-offs,reassign-existing,76,6,12,157,26,0,117,74,43,74,940GZZLUEUS,0,3900,2750,1800,1790,aadad49ab1254db9,179,179,0,0,119,60,3.966666666666667,27,62,6.133333333333334,-2,true,950,23,68,42,28,1,0,0,0,1,1,54,40,14,5,london-link-069-a-departure,true,331,119.67188081936685,355.4,282.18333333333334,594.1862197392924,859.8833333333333,987.8333333333334,621224.7048139556,707454.0042481376,46.75507333540963,1.8483602958689092,1148247.0792183948,1144251.4886240077,1.0026484459052327,1.104154917680003,2,0,0.31914674573269913
profile,tfl-numbat-2019-midweek,early,10,5.966666666666667,1,2,off,free-flow,virtual,4,drop-offs,unassigned,15,0,0,792,67,0,118,99,19,0,940GZZLUEUS,0,3900,2908,1800,1790,2b255de325ea94d8,179,179,0,0,105,74,3.5,24,65,5.4,9,true,1108,35,75,70,43,2,2,0,0,1,2,282,222,60,7,london-link-069-a-departure,true,523,258.95316573556795,532.8833333333333,493,717.7540968342645,1110.2166666666667,1155.5666666666666,1005141.0134739487,1204822.6271024714,45.48224210656153,1.0970430758427951,1102682.9891867726,1094168.1971933101,1.0066260290552234,1.184440149101361,10,0,1.334731388392031
profile,tfl-numbat-2019-midweek,early,10,5.966666666666667,1,2,off,free-flow,virtual,4,drop-offs,reassign-existing,77,5,9,149,30,0,108,70,38,70,940GZZLUEUS,0,3900,2734,1800,1790,2b255de325ea94d8,179,179,0,0,126,53,4.2,32,57,6.266666666666667,-4,true,934,21,64,42,30,2,0,0,0,1,1,63,49,14,5,london-link-009-a-arrival,true,355,118.70940409683426,364.15,305.76666666666665,571.807635009311,880.0833333333334,966.8833333333333,598035.5068325902,704601.3064216791,45.909612007553186,1.8314545663429116,1095274.8598415393,1093043.1971933101,1.0023079173601466,1.16410454218367,2,0,0.21210912069218976
profile,tfl-numbat-2019-midweek,early,10,5.966666666666667,1,3,off,free-flow,virtual,4,drop-offs,unassigned,23,0,1,708,62,0,99,81,18,0,940GZZLUEUS,0,3900,2891,1800,1790,26744e71f4c37b72,179,179,0,0,106,73,3.533333333333333,29,60,5.133333333333334,13,true,1091,32,76,63,37,2,0,0,0,1,1,210,160,49,6,london-link-068-a-arrival,true,468,224.4688081936685,514.25,478,701.2435754189944,1104.9166666666667,1220.85,983480.2632222916,1066356.5911578124,47.978465267652155,1.168174481514993,1148876.5466817482,1131604.1332244077,1.0118384513000747,1.2046466221312568,16,0,0.4234128674904133
profile,tfl-numbat-2019-midweek,early,10,5.966666666666667,1,3,off,free-flow,virtual,4,drop-offs,reassign-existing,73,9,11,163,28,0,103,66,37,66,940GZZLUEUS,0,3900,2629,1800,1790,26744e71f4c37b72,179,179,0,0,117,62,3.9,33,56,5.6,6,true,829,19,66,44,30,1,1,0,0,1,1,53,35,18,4,940GZZLULVT-01-departure,true,268,113.27253258845438,337.8333333333333,271.68333333333334,586.5265363128492,858.75,1018.75,617894.8654766878,659682.1021131574,48.3645902479245,1.8491786425698826,1142597.9886190444,1130029.1332244072,1.0084584389663402,1.1181392995449786,6,0,0.004279997432001541
profile,tfl-numbat-2019-midweek,early,8.571429,7,1,1,off,free-flow,virtual,4,drop-offs,unassigned,42,1,3,820,72,0,122,104,18,0,940GZZLUEUS,0,3900,2926,1800,1799,3563668f01b58088,210,210,0,0,117,93,3.9,29,76,5.866666666666666,17,true,1126,37,94,73,46,5,2,0,0,1,2,520,422,97,7,london-link-009-a-arrival,true,545,241.54714285714286,580.4333333333333,550.95,734.7529365079365,1167.0666666666666,1297.8,1096428.7514159516,1243165.235357042,46.86406092743716,1.2659914518312547,1388069.426957781,1361831.202767958,1.0156562988060631,1.2747856031503002,26,0,3.1359572738883084
profile,tfl-numbat-2019-midweek,early,8.571429,7,1,1,off,free-flow,virtual,4,drop-offs,reassign-existing,102,16,16,216,32,0,137,94,43,94,940GZZLUEUS,0,3900,2648,1800,1799,3563668f01b58088,210,210,0,0,124,86,4.133333333333334,39,66,5.666666666666667,20,true,848,25,86,47,31,2,1,0,0,1,1,156,122,34,5,940GZZLUPAC-merge,true,254,117.07412698412698,333.8833333333333,262.96666666666664,599.1725396825397,869.8,955.4666666666667,653174.9428837486,763596.2454367148,46.10306507277765,2.089257190618906,1364650.4461983296,1360331.2027679577,1.0031218481966366,1.1559109732048354,3,0,0.007704382830782862
profile,tfl-numbat-2019-midweek,early,8.571429,7,1,2,off,free-flow,virtual,4,drop-offs,unassigned,31,0,1,906,72,0,135,118,17,0,940GZZLUEUS,0,3900,2905,1800,1799,2c5e275a02e8aba7,210,210,0,0,124,86,4.133333333333334,29,76,6.333333333333333,10,true,1105,41,87,79,46,3,2,0,0,1,2,287,224,63,8,london-link-069-b-arrival,true,538,256.5622222222222,583.2833333333333,537.1833333333333,721.3653174603174,1146.7666666666667,1236.4833333333333,1106913.8189855407,1278704.882677745,46.399444228609774,1.1836266840862415,1310172.733246235,1293281.7027547231,1.0098527739836025,1.1980423813242134,18,0,2.0185591014929463
profile,tfl-numbat-2019-midweek,early,8.571429,7,1,2,off,free-flow,virtual,4,drop-offs,reassign-existing,97,10,14,209,33,0,133,90,43,90,940GZZLUEUS,0,3900,2796,1800,1799,2c5e275a02e8aba7,210,210,0,0,139,71,4.633333333333334,39,66,6.666666666666667,5,true,996,25,76,49,30,2,1,0,0,1,1,138,109,29,6,940GZZLUPAC-exit,true,404,135.27349206349206,442.6666666666667,363.03333333333336,592.8625396825397,899.6166666666667,1021.8666666666667,666052.2990811012,803222.03652757,45.33205834601188,1.9444336266026703,1295094.487458348,1292681.702754723,1.001456955932065,1.1095112540447287,3,0,0.7359705611775529
profile,tfl-numbat-2019-midweek,early,8.571429,7,1,3,off,free-flow,virtual,4,drop-offs,unassigned,36,0,1,864,73,0,112,95,17,0,940GZZLUEUS,0,3900,2886,1800,1799,ddd650abd105cd58,210,210,0,0,127,83,4.233333333333333,32,73,6.333333333333333,10,true,1086,37,87,77,44,2,2,0,0,1,2,422,338,84,7,london-link-048-b-departure,true,504,228.30436507936508,564.1,545.55,705.6530158730159,1136.3166666666666,1259.95,1102927.4069011533,1149736.509259279,48.961027829710396,1.2215896947346139,1347324.7544281874,1322721.0729633423,1.0154934328827803,1.1903092773325137,26,0,2.817309608197127
profile,tfl-numbat-2019-midweek,early,8.571429,7,1,3,off,free-flow,virtual,4,drop-offs,reassign-existing,89,17,13,215,35,0,122,77,45,77,940GZZLUEUS,0,3900,2829,1800,1799,ddd650abd105cd58,210,210,0,0,145,65,4.833333333333333,40,65,7,0,true,1029,23,78,50,36,2,1,0,0,1,1,132,98,26,5,london-link-009-a-arrival,true,435,111.7038888888889,434.8,273.43333333333334,579.7007936507937,834.15,1029.5166666666667,713930.838819074,742700.5185472064,49.01245845139053,1.8607469621543922,1328444.6395879274,1319121.0729633418,1.005736051214622,1.1873205138424665,7,0,0.5004686035613871
profile,tfl-numbat-2019-midweek,early,7.5,7.966666666666667,1,1,off,free-flow,virtual,4,drop-offs,unassigned,51,2,7,961,80,0,138,121,17,0,940GZZLUEUS,0,3900,2878,1800,1792.5,63b1ce4d79486c0c,239,239,0,0,130,109,4.333333333333333,31,88,6.6,21,true,1078,45,110,82,53,3,2,0,0,1,2,496,389,107,7,london-link-069-a-departure,true,503.5,247.15634588563458,606.0833333333334,582.1,743.3087866108787,1198.1,1373.8166666666666,1217287.8488346068,1308701.3560020935,48.190540422887594,1.3067384681452938,1590676.858965936,1552733.584971387,1.019858924675568,1.2944558459332471,33,0,2.2887494483968527
profile,tfl-numbat-2019-midweek,early,7.5,7.966666666666667,1,1,off,free-flow,virtual,4,drop-offs,reassign-existing,115,28,22,289,39,0,157,106,51,106,940GZZLUEUS,0,3900,2792,1800,1792.5,63b1ce4d79486c0c,239,239,0,0,164,75,5.466666666666667,36,83,8.533333333333333,-8,true,992,29,92,55,33,2,1,0,0,1,1,232,192,40,6,940GZZLUPAC-01-departure,true,183.5,126.94421199442121,325.6,273.71666666666664,610.9174337517434,893.25,1096.1333333333334,749890.2823028418,882764.1515747724,45.93074117477664,2.0816056092870636,1560975.8180831987,1551458.5849713874,1.0049559335747542,1.1761782053909076,6,0,0.7352879738638547
profile,tfl-numbat-2019-midweek,early,7.5,7.966666666666667,1,2,off,free-flow,virtual,4,drop-offs,unassigned,47,0,4,992,88,0,150,136,14,0,940GZZLUEUS,0,3900,2975,1800,1792.5,b14207684481cacc,239,239,0,0,140,99,4.666666666666667,33,86,7.133333333333334,13,true,1175,44,101,80,50,4,2,0,0,1,2,409,308,101,6,940GZZLULVT-01-departure,true,587.5,252.22566248256626,586.9666666666667,551.1666666666666,724.2937238493724,1157.4833333333333,1228.7666666666667,1193595.505899692,1359271.1124551473,46.75510648765851,1.2681766305374491,1513689.926990319,1483818.6865510899,1.0158498894668606,1.2934205984570486,29,0,1.8429371844696425
profile,tfl-numbat-2019-midweek,early,7.5,7.966666666666667,1,2,off,free-flow,virtual,4,drop-offs,reassign-existing,121,22,22,236,38,0,158,113,45,113,940GZZLUEUS,0,3900,2689,1800,1792.5,b14207684481cacc,239,239,0,0,159,80,5.3,52,67,7.133333333333334,13,true,889,28,88,54,33,2,1,0,0,1,1,142,102,40,4,940GZZLUOVL-01-arrival,true,335.5,129.2594142259414,428.56666666666666,329.78333333333336,591.6899581589958,900.5166666666667,1024.35,694169.5190203885,857009.8057773489,44.75108118855975,2.1476971767468687,1490865.9162507746,1482543.6865510899,1.0045323749556372,1.192826172563563,5,0,0.573408615200605
profile,tfl-numbat-2019-midweek,early,7.5,7.966666666666667,1,3,off,free-flow,virtual,4,drop-offs,unassigned,55,1,4,943,72,0,126,102,24,0,940GZZLUEUS,0,3900,2816,1800,1792.5,93ce2d6fb7cde873,239,239,0,0,144,95,4.8,38,81,7.066666666666666,14,true,1016,39,100,78,46,2,2,0,0,1,2,357,275,82,8,london-link-009-a-arrival,true,439.5,216.2986750348675,585.8333333333334,520.2166666666667,698.1006276150628,1122.0333333333333,1254.8166666666666,1150156.519192393,1232790.5655359067,48.26613761436219,1.3425399408577998,1544131.0653654402,1508073.5933517055,1.0190407755086393,1.2025395663720042,30,0,2.028932555404588
profile,tfl-numbat-2019-midweek,early,7.5,7.966666666666667,1,3,off,free-flow,virtual,4,drop-offs,reassign-existing,107,19,18,244,33,0,146,92,54,92,940GZZLUEUS,0,3900,2660,1800,1792.5,93ce2d6fb7cde873,239,239,0,0,156,83,5.2,46,73,7.333333333333333,10,true,860,24,87,53,36,2,1,0,0,1,1,128,101,26,6,london-link-009-a-arrival,true,290.5,119.7884239888424,322.5833333333333,270.0833333333333,591.4673640167365,840.4666666666667,911.9333333333333,778506.2331070188,833163.2780277843,48.30433458773193,1.9547757394615706,1521805.0975958055,1504923.593351705,1.0096062067511484,1.1728406381508452,12,0,0
profile,tfl-numbat-2019-midweek,early,6.666667,8.966666666666667,1,1,off,free-flow,virtual,4,drop-offs,unassigned,67,2,7,999,90,0,141,127,14,0,940GZZLUEUS,0,3900,3065,1800,1793.3333333333333,4a2c0b0e2de5a8b9,269,269,0,0,153,116,5.1,35,99,7.866666666666666,17,true,1265,44,118,88,52,2,2,0,0,1,2,454,339,115,6,940GZZLULVT-01-departure,true,666.6666666666666,241.05353159851302,666.6333333333333,581,735.769950433705,1199.0333333333333,1310.3666666666666,1307671.7935416023,1354837.5566955982,49.114261079500174,1.3641749356989492,1783893.0849283282,1744802.5896569216,1.0181308502816258,1.280956619594185,37,0,2.022575208131161
profile,tfl-numbat-2019-midweek,early,6.666667,8.966666666666667,1,1,off,free-flow,virtual,4,drop-offs,reassign-existing,134,35,26,279,44,0,173,119,54,119,940GZZLUEUS,0,3900,2725,1800,1793.3333333333333,4a2c0b0e2de5a8b9,269,269,0,0,173,96,5.766666666666667,45,89,8.533333333333333,7,true,925,28,103,54,37,2,1,0,0,1,1,170,124,35,6,london-link-009-a-arrival,true,359.6666666666667,117.94541511771995,387.9,254.86666666666667,602.851610904585,871.9333333333333,1096.1333333333334,828205.089732124,854187.2568858649,49.22782081106197,2.1219467862134422,1757407.128613228,1743752.5896569216,1.0066273179100256,1.166482428927728,10,0,0.9156915497066546
profile,tfl-numbat-2019-midweek,early,6.666667,8.966666666666667,1,2,off,free-flow,virtual,4,drop-offs,unassigned,61,1,4,1223,98,0,162,143,19,0,940GZZLUEUS,0,3900,3069,1800,1793.3333333333333,d22cf29e05f827ac,269,269,0,0,153,116,5.1,38,96,7.666666666666667,20,true,1269,51,118,91,52,3,2,0,0,1,2,801,592,209,8,london-link-057-b-departure,true,645.6666666666666,264.8302354399009,658.55,613.1833333333333,741.7297397769516,1210.45,1309.0333333333333,1290158.3314222135,1467742.0957614821,46.780453663430244,1.3277181743880435,1712966.6645311436,1671482.6817698611,1.0196474698950209,1.1986526523914152,36,0,4.856351746754904
profile,tfl-numbat-2019-midweek,early,6.666667,8.966666666666667,1,2,off,free-flow,virtual,4,drop-offs,reassign-existing,142,32,29,314,44,0,179,129,50,129,940GZZLUEUS,0,3900,2797,1800,1793.3333333333333,d22cf29e05f827ac,269,269,0,0,177,92,5.9,53,81,8.266666666666667,11,true,997,32,99,59,33,3,1,0,0,1,1,292,229,61,7,london-link-069-a-departure,true,391.6666666666667,125.72589838909542,418.15,309.98333333333335,591.456195786865,877.65,1062.6333333333334,744986.8066248053,935666.5597939361,44.3272135414977,2.2565410331156515,1681093.2983736247,1668932.6817698614,1.0060141474391977,1.1751777120211824,7,0,1.3229269556487524
profile,tfl-numbat-2019-midweek,early,6.666667,8.966666666666667,1,3,off,free-flow,virtual,4,drop-offs,unassigned,66,0,2,1114,87,0,144,124,20,0,940GZZLUEUS,0,3900,2910,1800,1793.3333333333333,d987e36c0704b230,269,269,0,0,162,107,5.4,42,92,8,15,true,1110,46,115,88,50,5,2,0,0,1,2,645,510,134,7,london-link-009-a-arrival,true,564.6666666666666,236.47187112763322,816.4333333333333,580.2333333333333,719.6118339529121,1189.7666666666667,1326.3166666666666,1280119.1809815522,1371071.4244189234,48.28469059802601,1.355611137119022,1735343.8186468254,1693677.2864348313,1.0197546825689074,1.2234829067304414,39,0,3.7843450152417195
profile,tfl-numbat-2019-midweek,early,6.666667,8.966666666666667,1,3,off,free-flow,virtual,4,drop-offs,reassign-existing,129,32,22,313,37,0,158,103,55,103,940GZZLUEUS,0,3900,2510,1800,1793.3333333333333,d987e36c0704b230,269,269,0,0,182,87,6.066666666666666,48,86,8.933333333333334,1,true,710,30,100,59,38,2,1,0,0,1,1,260,204,56,6,london-link-009-a-arrival,true,203.66666666666666,111.67143742255266,339.65,266.8333333333333,587.4390334572491,856.65,956.9666666666667,829120.8841000058,881243.4920319241,48.47627182080943,2.069293365086487,1715694.3444493269,1691277.2864348302,1.0118847844383025,1.2069302128827228,18,0,1.2956147811364847
profile,tfl-numbat-2019-midweek,early,6,9.966666666666667,1,1,off,free-flow,virtual,4,drop-offs,unassigned,85,4,7,1190,101,0,153,139,14,0,940GZZLUEUS,0,3900,3001,1800,1794,813f7f4fec7f70d2,299,299,0,0,178,121,5.933333333333334,46,103,8.8,18,true,1201,53,124,93,54,5,2,0,0,1,2,683,483,195,8,london-link-009-b-departure,true,574,238.04710144927537,651.05,606.3333333333334,739.858082497213,1244.75,1424.2333333333333,1401444.975809879,1399769.6822798732,50.0299029837854,1.4300236763830665,2004099.4965883743,1944770.7559318675,1.0245101780518016,1.2750275159785756,53,0,2.865684349029131
profile,tfl-numbat-2019-midweek,early,6,9.966666666666667,1,1,off,free-flow,virtual,4,drop-offs,reassign-existing,157,41,35,309,46,0,192,136,56,136,940GZZLUEUS,0,3900,2773,1800,1794,813f7f4fec7f70d2,299,299,0,0,198,101,6.6,50,99,9.866666666666667,2,true,973,30,117,59,43,2,1,0,0,1,1,215,169,45,5,940GZZLUPAC-01-arrival,true,358,119.99425863991081,417.4,296.6,605.3172798216276,896.2,1096.1333333333334,864146.3150006501,951807.4992567031,47.58635975299013,2.265485412613486,1957710.8711564008,1942895.755931867,1.0063792495232418,1.167470328609608,11,0,0.4476423667963528
profile,tfl-numbat-2019-midweek,early,6,9.966666666666667,1,2,off,free-flow,virtual,4,drop-offs,unassigned,75,3,7,1327,110,0,179,157,22,0,940GZZLUEUS,0,3900,2947,1800,1794,a6937e018b1fcc1f,299,299,0,0,168,131,5.6,42,107,8.4,24,true,1147,58,131,99,56,4,2,0,0,1,2,832,602,228,9,london-link-010-a-departure,true,567,264.7213489409142,677.6666666666666,626.5,742.5610367892976,1231.95,1329.2,1384064.9272036077,1548760.5799332245,47.19220164430443,1.3732565223243016,1900676.1886383449,1849174.415084611,1.0221460230935875,1.2907118910939726,47,0,5.285188104754134
profile,tfl-numbat-2019-midweek,early,6,9.966666666666667,1,2,off,free-flow,virtual,4,drop-offs,reassign-existing,160,52,33,385,51,0,207,146,61,146,940GZZLUEUS,0,3900,2732,1800,1794,a6937e018b1fcc1f,299,299,0,0,202,97,6.733333333333333,62,87,9.333333333333334,10,true,932,39,107,63,37,4,2,0,0,2,2,390,326,62,6,940GZZLUPAC-exit,true,365,133.41616499442586,462.28333333333336,294.35,596.9246376811594,867.0833333333334,1051.6333333333334,814782.3425878839,1012238.9148688982,44.59621579455856,2.2781010143372455,1856156.4812472947,1845949.4150846112,1.005109850141835,1.2978202053892265,8,0,2.251169849500443
profile,tfl-numbat-2019-midweek,early,6,9.966666666666667,1,3,off,free-flow,virtual,4,drop-offs,unassigned,90,8,11,1151,90,0,151,129,22,0,940GZZLUEUS,0,3900,2908,1800,1794,569e16cc1ad11ec7,299,299,0,0,188,111,6.266666666666667,48,101,9.333333333333334,10,true,1108,49,120,92,52,5,2,0,0,1,2,714,529,183,8,london-link-009-a-arrival,true,546,217.09258639910814,652.8833333333333,589.1833333333333,710.1520624303233,1198.2,1313,1332875.8463155788,1390027.6277567537,48.950536036525385,1.4761764987011439,1967560.0000715384,1899124.5306804895,1.0291741708097084,1.2602275196997421,58,0,4.779658489299829
profile,tfl-numbat-2019-midweek,early,6,9.966666666666667,1,3,off,free-flow,virtual,4,drop-offs,reassign-existing,149,61,28,423,47,0,196,132,64,132,940GZZLUEUS,0,3900,2644,1800,1794,569e16cc1ad11ec7,299,299,0,0,194,105,6.466666666666667,57,92,9.133333333333333,13,true,844,38,112,65,40,2,1,0,0,1,1,311,249,62,6,london-link-030-b-departure,true,340,127.27792642140467,387.78333333333336,282.76666666666665,604.4753065774805,867.6833333333333,1030.65,885993.0520190619,981849.5726118723,47.43403112958324,2.1667213382364285,1919700.0515004557,1897849.5306804895,1.0096588627845307,1.195971572214744,13,0,1.1049401612221397
profile,tfl-numbat-2019-midweek,early,5.4545449999999995,11,1,1,off,free-flow,virtual,4,drop-offs,unassigned,105,7,14,1326,107,0,163,147,16,0,940GZZLUEUS,0,3900,3514,1800,1798.5,20e33643790350cf,330,330,0,0,185,145,6.166666666666667,47,118,9.2,27,true,1714,60,149,103,62,5,2,0,0,2,2,904,717,187,8,london-link-009-a-arrival,true,749.5,240.53444444444446,865.2166666666667,649.75,746.6917171717172,1287.3666666666666,1831.5666666666666,1468040.719441121,1594111.3996460617,47.941469344074875,1.514772848336338,2223748.2220700057,2142222.0907105505,1.0315667165482196,1.2973325477924411,65,0,3.765141408162003
profile,tfl-numbat-2019-midweek,early,5.4545449999999995,11,1,1,off,free-flow,virtual,4,drop-offs,reassign-existing,173,54,39,411,50,0,218,158,60,158,940GZZLUEUS,0,3900,3175,1800,1798.5,20e33643790350cf,330,330,0,0,208,122,6.933333333333334,59,106,9.933333333333334,16,true,1375,37,125,71,44,3,1,0,0,1,1,764,349,237,7,london-link-069-a-departure,true,562.5,134.88414141414142,573.2833333333333,305.65,621.1576262626262,893.0333333333333,1408.9833333333333,952027.8041053877,1132811.60433828,45.6643231248241,2.2609306017700037,2152468.796240507,2140122.090710551,1.0056962329243724,1.1993633544468763,9,0,3.711458184324486
profile,tfl-numbat-2019-midweek,early,5.4545449999999995,11,1,2,off,free-flow,virtual,4,drop-offs,unassigned,84,3,7,1849,132,0,196,177,19,0,940GZZLUEUS,0,3900,3172,1800,1798.5,9a5fd55d60a95da3,330,330,0,0,181,149,6.033333333333333,46,119,9,30,true,1372,70,149,114,69,7,2,0,0,1,2,1755,1054,698,12,london-link-009-a-arrival,true,743.5,286.31217171717174,781.7833333333333,690.3666666666667,766.4000505050504,1310.6833333333334,1412.3833333333334,1532724.1173154484,1857558.899851379,45.20932646491285,1.3634611851805565,2089809.8415417685,2044536.6204109523,1.0186995422405614,1.2900010471067682,42,0,6.751959300436633
profile,tfl-numbat-2019-midweek,early,5.4545449999999995,11,1,2,off,free-flow,virtual,4,drop-offs,reassign-existing,185,44,37,388,51,0,224,167,57,167,940GZZLUEUS,0,3900,2772,1800,1798.5,9a5fd55d60a95da3,330,330,0,0,219,111,7.3,67,98,10.133333333333333,13,true,972,36,120,64,41,2,1,0,0,1,1,273,212,60,7,london-link-010-a-departure,true,363.5,120.20373737373737,449.76666666666665,295.56666666666666,585.0181818181818,869.9833333333333,1071.4,852814.8618321009,1056895.0319148859,44.656775598455816,2.4148802114584056,2059445.7340372514,2040261.6204109525,1.008036438258503,1.1993633544468763,15,0,0.8966628177165747
profile,tfl-numbat-2019-midweek,early,5.4545449999999995,11,1,3,off,free-flow,virtual,4,drop-offs,unassigned,107,5,16,1174,101,0,167,149,18,0,940GZZLUEUS,0,3900,2964,1800,1798.5,3aa6ead3ecd2761f,330,330,0,0,200,130,6.666666666666667,53,112,9.8,18,true,1164,48,136,93,53,4,2,0,0,1,2,610,463,147,7,london-link-010-a-departure,true,578.5,221.0780808080808,688.1833333333333,590.2166666666667,715.5022727272727,1241.2,1358.1333333333334,1410474.3147646463,1430225.700352394,49.65235002846765,1.5373086215992748,2168334.324659862,2083360.0067648394,1.0334150967884617,1.2863627042936565,66,0,3.4444958129381877
profile,tfl-numbat-2019-midweek,early,5.4545449999999995,11,1,3,off,free-flow,virtual,4,drop-offs,reassign-existing,176,65,34,480,50,0,228,158,70,158,940GZZLUEUS,0,3900,2747,1800,1798.5,3aa6ead3ecd2761f,330,330,0,0,218,112,7.266666666666667,64,101,10.266666666666667,11,true,947,35,124,67,43,3,1,0,0,1,1,353,278,73,6,940GZZLUPAC-exit,true,309.5,124.76575757575758,344.1333333333333,266.1166666666667,597.8364141414141,853.0333333333333,947.8833333333333,921159.3112003036,1074166.973705836,46.1658485716603,2.278998340188734,2099320.54146098,2081410.0067648396,1.0085543908721775,1.1869062441939247,11,0,1.2528784183346733
profile,tfl-numbat-2019-midweek,early,5,11.966666666666667,1,1,off,free-flow,virtual,4,drop-offs,unassigned,114,16,16,1627,123,0,187,169,18,0,940GZZLUEUS,0,3900,3389,1800,1795,5608ed1bb22ab7e5,359,359,0,0,208,151,6.933333333333334,50,129,10.533333333333333,22,true,1589,67,153,112,63,5,2,0,0,2,2,1458,1088,365,8,london-link-009-a-arrival,true,925,260.8218198700093,929.8666666666667,687.2833333333333,767.1213091922006,1314.85,1783.9166666666667,1597115.8398027467,1851197.1366314108,46.31586084898528,1.5099069672973033,2411496.3340586815,2324331.8144697566,1.030946574491134,1.2715327232353122,68,0,5.284131165765688
profile,tfl-numbat-2019-midweek,early,5,11.966666666666667,1,1,off,free-flow,virtual,4,drop-offs,reassign-existing,191,83,42,552,56,0,244,173,71,173,940GZZLUEUS,0,3900,3078,1800,1795,5608ed1bb22ab7e5,359,359,0,0,238,121,7.933333333333334,64,115,11.6,6,true,1278,40,140,71,49,3,0,0,0,1,1,861,493,218,7,london-link-068-a-arrival,true,467,133.4681522748375,485.65,298.43333333333334,619.3642989786443,887.6166666666667,1457.3666666666666,1015184.8307818562,1187747.8539874274,46.08333417542343,2.300873274310906,2335811.6458679205,2320956.814469755,1.005627091699012,1.175556071610166,9,0,4.430387528277762
profile,tfl-numbat-2019-midweek,early,5,11.966666666666667,1,2,off,free-flow,virtual,4,drop-offs,unassigned,110,2,10,1888,133,0,197,175,22,0,940GZZLUEUS,0,3900,3026,1800,1795,706d8f75a32eac66,359,359,0,0,207,152,6.9,51,128,10.4,24,true,1226,76,155,114,64,7,2,0,0,1,2,3078,1886,1192,11,london-link-009-a-arrival,true,584,278.67140204271124,837.3833333333333,737.5166666666667,758.8009285051068,1383.05,1571.9666666666667,1574077.885716068,1849025.6531187398,45.98394024189725,1.4443991563421155,2273596.7701245,2209431.4692169083,1.0242775540600482,1.3249566356672553,56,0,8.492791815824967
profile,tfl-numbat-2019-midweek,early,5,11.966666666666667,1,2,off,free-flow,virtual,4,drop-offs,reassign-existing,206,68,47,443,57,0,253,188,65,188,940GZZLUEUS,0,3900,2783,1800,1795,706d8f75a32eac66,359,359,0,0,234,125,7.8,75,104,10.6,21,true,983,44,136,69,43,2,1,0,0,1,1,435,344,91,7,london-link-033-b-departure,true,354,121.2847260909935,443.76666666666665,298.26666666666665,584.5732126276695,860.3333333333334,1077.2,886418.4092223905,1125336.7355900803,44.06194319960442,2.5056135366523207,2221021.9654666944,2204331.4692169093,1.005749699764597,1.1583985866266315,10,0,2.2434167925750055
profile,tfl-numbat-2019-midweek,early,5,11.966666666666667,1,3,off,free-flow,virtual,4,drop-offs,unassigned,116,18,20,1582,118,0,193,169,24,0,940GZZLUEUS,0,3900,3083,1800,1795,e90e4c4c349d670e,359,359,0,0,213,146,7.1,52,127,10.733333333333333,19,true,1283,64,152,106,57,6,2,0,0,1,2,1682,1220,460,8,london-link-009-a-arrival,true,658,249.9650417827298,694.65,669.7333333333333,748.8534818941505,1293.6333333333334,1475.85,1569501.294377748,1722567.0073698766,47.67523485295137,1.5121927487369862,2373388.476455148,2271462.518991435,1.0376606370708021,1.2785181235853302,76,0,5.5719265021590605
profile,tfl-numbat-2019-midweek,early,5,11.966666666666667,1,3,off,free-flow,virtual,4,drop-offs,reassign-existing,199,82,41,612,54,0,244,170,74,170,940GZZLUEUS,0,3900,2695,1800,1795,e90e4c4c349d670e,359,359,0,0,232,127,7.733333333333333,67,112,11,15,true,895,44,140,72,45,3,0,0,0,1,1,436,349,87,7,940GZZLUPAC-exit,true,329,132.86118848653666,365.21666666666664,292.23333333333335,609.8701021355618,884.2833333333333,934.9666666666667,961451.463993554,1119272.752666181,46.2075394853148,2.3898952282089234,2297768.2661688705,2269887.518991437,1.011005594910677,1.2701909142808576,18,0,2.6928727676385127
profile,tfl-numbat-2019-midweek,early,4.615385,13.033333333333333,1,1,off,free-flow,virtual,4,drop-offs,unassigned,134,28,23,1761,129,0,196,176,20,0,940GZZLUEUS,0,3900,3373,1800,1798.6,90c3c036d47733d8,391,391,0,0,219,172,7.3,50,145,11.266666666666667,27,true,1573,82,172,114,67,6,2,0,0,2,2,1454,1137,317,7,london-link-009-a-arrival,true,694.4,258.99590792838876,915.85,699.9333333333333,761.2038363171356,1314.9333333333334,1882.2,1664353.1161126508,1909277.6184670296,46.57316996990757,1.574513384333956,2620546.2575066932,2519865.504008942,1.0322531867975286,1.2863627042936563,73,0,4.2660458577254055
profile,tfl-numbat-2019-midweek,early,4.615385,13.033333333333333,1,1,off,free-flow,virtual,4,drop-offs,reassign-existing,216,79,55,616,61,0,266,192,74,192,940GZZLUEUS,0,3900,2912,1800,1798.6,90c3c036d47733d8,391,391,0,0,237,154,7.9,65,130,11.466666666666667,24,true,1112,47,157,76,50,3,2,0,0,1,2,1157,741,287,7,london-link-033-a-arrival,true,545.4,132.75831202046035,545.1333333333333,324.28333333333336,617.7751491901108,925.6166666666667,1390.5666666666666,1061227.0257886774,1222266.323231145,46.47383913967621,2.394270404822891,2540864.460898405,2516190.504008944,1.0081660737299711,1.2261850331505735,14,0,3.9711959702736737
profile,tfl-numbat-2019-midweek,early,4.615385,13.033333333333333,1,2,off,free-flow,virtual,4,drop-offs,unassigned,136,4,11,1975,140,0,201,187,14,0,940GZZLUEUS,0,3900,2857,1800,1798.6,dd76da605dc6d0b3,391,391,0,0,216,175,7.2,59,136,10.466666666666667,39,true,1057,76,175,114,78,14,2,0,0,1,2,4550,1840,2710,13,london-link-069-a-departure,true,517.4,263.88955669224214,803.7833333333333,732.9166666666666,759.2097186700768,1407.2666666666667,1579.6333333333334,1625868.308049428,1753208.693227588,48.11575194749875,1.5380073970425874,2500597.4843558213,2412374.7482605577,1.0308298156991802,1.2969810902435661,77,0,9.95332800086976
profile,tfl-numbat-2019-midweek,early,4.615385,13.033333333333333,1,2,off,free-flow,virtual,4,drop-offs,reassign-existing,228,83,53,590,65,0,276,208,68,208,940GZZLUEUS,0,3900,2814,1800,1798.6,dd76da605dc6d0b3,391,391,0,0,247,144,8.233333333333333,79,116,11.2,28,true,1014,45,146,78,45,4,2,0,0,1,2,682,543,139,6,940GZZLUPAC-01-arrival,true,443.4,135.3333759590793,471.96666666666664,296.23333333333335,601.4502131287297,881.2666666666667,1061.3166666666666,958621.23346944,1214981.4185308442,44.102873751430934,2.5319708192043477,2427200.9900413277,2410124.7482605563,1.0069368202618976,1.1873205138424665,12,0,3.2554022974177426
profile,tfl-numbat-2019-midweek,early,4.615385,13.033333333333333,1,3,off,free-flow,virtual,4,drop-offs,unassigned,135,21,25,1942,125,0,203,174,29,0,940GZZLUEUS,0,3900,3028,1800,1798.6,42c18a3a5d04a7c1,391,391,0,0,225,166,7.5,55,140,11.333333333333334,26,true,1228,83,167,114,59,12,2,0,0,1,2,3256,1669,1587,8,london-link-009-b-arrival,true,622.4,258.1286018755328,815.8666666666667,760.05,756.3512787723785,1357.4333333333334,1569.9833333333333,1635452.3675150608,1802857.9143065184,47.565584064990674,1.5760249219313138,2577513.689772597,2473628.395056712,1.034635303715282,1.2942103944131924,77,0,6.6131652227722775
profile,tfl-numbat-2019-midweek,early,4.615385,13.033333333333333,1,3,off,free-flow,virtual,4,drop-offs,reassign-existing,222,95,52,699,64,0,277,195,82,195,940GZZLUEUS,0,3900,2576,1800,1798.6,42c18a3a5d04a7c1,391,391,0,0,264,127,8.8,70,125,12.933333333333334,2,true,776,43,145,76,52,5,0,0,0,1,1,547,439,104,7,london-link-069-a-departure,true,308.4,130.08866155157713,401.5833333333333,290.3833333333333,605.6104433077578,855.05,955.6,1003554.791810827,1141313.4289186187,46.78864566651695,2.4837373418038617,2492566.511215637,2469803.3950567124,1.0092338093351072,1.2348915801954208,14,0,1.9837856980244353
profile,tfl-numbat-2019-midweek,early,4.2857140000000005,14,1,1,off,free-flow,virtual,4,drop-offs,unassigned,159,43,27,1848,143,0,207,187,20,0,940GZZLUEUS,0,3900,3192,1800,1799,c19c8f7ced0a6fad,420,420,0,0,240,180,8,49,161,12.733333333333333,19,true,1392,80,181,114,67,6,2,0,0,1,2,1272,974,298,8,london-link-069-a-departure,true,720,253.19845238095238,881.2666666666667,689.55,757.5293253968254,1301.3833333333334,1804,1706791.074029916,1940305.0930036367,46.79863090690511,1.6530422526742252,2821397.761761753,2701703.0891309218,1.035812816595164,1.302209427544702,89,0,5.092724626194013
profile,tfl-numbat-2019-midweek,early,4.2857140000000005,14,1,1,off,free-flow,virtual,4,drop-offs,reassign-existing,249,126,65,750,70,0,294,218,76,218,940GZZLUEUS,0,3900,2853,1800,1799,c19c8f7ced0a6fad,420,420,0,0,268,152,8.933333333333334,70,140,13.2,12,true,1053,55,161,84,46,5,1,0,0,1,1,1191,799,277,7,london-link-035-a-departure,true,285,135.74003968253967,492.93333333333334,290.25,622.6632142857143,873.1666666666666,1464.65,1047730.2629333147,1235289.0521220192,45.892308313997795,2.605369265434892,2729724.2257989505,2698853.089130924,1.0104715658512762,1.3238031927610092,20,0,4.002719720932983
profile,tfl-numbat-2019-midweek,early,4.2857140000000005,14,1,2,off,free-flow,virtual,4,drop-offs,unassigned,160,28,22,1974,148,0,208,194,14,0,940GZZLUEUS,0,3900,2968,1800,1799,576e1859100cd6b6,420,420,0,0,240,180,8,58,152,12.133333333333333,28,true,1168,78,188,114,74,9,2,0,0,1,2,4036,2219,1811,10,london-link-009-a-arrival,true,539,261.7915476190476,847.6,758.3666666666667,757.3044841269842,1387.5666666666666,1583.7166666666667,1648850.2101066923,1871272.4489851058,46.84070328765477,1.6345002195027813,2695046.030292467,2588258.91305951,1.0355833237207976,1.3613706775821777,87,0,10.87018331462776
profile,tfl-numbat-2019-midweek,early,4.2857140000000005,14,1,2,off,free-flow,virtual,4,drop-offs,reassign-existing,244,102,59,691,71,0,289,213,76,213,940GZZLUEUS,0,3900,2824,1800,1799,576e1859100cd6b6,420,420,0,0,282,138,9.4,81,129,13.4,9,true,1024,55,171,79,55,6,1,0,0,1,1,940,706,234,7,london-link-009-a-arrival,true,432,132.6836111111111,454.53333333333336,319.3,600.177619047619,888.6333333333333,1084.4,1033054.8943459692,1260661.6693497072,45.038472089223305,2.5239701896790834,2607399.757896486,2583833.9130595108,1.0081542471672034,1.3613706775821777,14,0,3.0847299978218508
profile,tfl-numbat-2019-midweek,early,4.2857140000000005,14,1,3,off,free-flow,virtual,4,drop-offs,unassigned,156,37,29,1921,134,0,210,181,29,0,940GZZLUEUS,0,3900,2984,1800,1799,880a3a3a981d7825,420,420,0,0,239,181,7.966666666666667,59,151,12,30,true,1184,74,181,114,66,9,2,0,0,1,2,2637,1646,991,10,london-link-009-b-departure,true,580,244.41384920634923,767.8833333333333,714.0666666666667,748.4514285714286,1339.7833333333333,1518.45,1693674.435249546,1829915.7993322557,48.06672520054138,1.6389955037424904,2775924.784092205,2657234.3232881357,1.0369498134239614,1.3212839135000576,88,0,8.567645779349737
profile,tfl-numbat-2019-midweek,early,4.2857140000000005,14,1,3,off,free-flow,virtual,4,drop-offs,reassign-existing,241,129,57,989,69,0,300,214,86,214,940GZZLUEUS,0,3900,2763,1800,1799,880a3a3a981d7825,420,420,0,0,266,154,8.866666666666667,73,137,12.866666666666667,17,true,963,55,154,84,50,8,0,0,0,1,1,1616,764,852,10,london-link-033-a-departure,true,371,147.36587301587304,395.8833333333333,321.78333333333336,622.208373015873,899.9666666666667,980.65,1060108.5210509438,1218433.3613497585,46.52574215287187,2.5248015331572256,2676563.619533486,2655509.323288135,1.0079313926915954,1.2348915801954208,14,0,3.687754416763377
profile,tfl-numbat-2019-midweek,early,4,14.966666666666667,1,1,off,free-flow,virtual,4,drop-offs,unassigned,178,74,32,2260,145,0,215,196,19,0,940GZZLUEUS,0,3900,3159,1800,1796,63c82187320d4492,449,449,0,0,255,194,8.5,56,168,13.266666666666667,26,true,1359,84,196,114,63,8,2,0,0,1,2,2799,1603,1196,8,london-link-035-b-departure,true,742,259.2909799554566,893.55,753.1166666666667,768.9229769858946,1356.7166666666667,1862.5666666666666,1781363.558196764,1940263.6237093732,47.86518023238394,1.7020718677393725,3032008.798493469,2893446.6433019787,1.0394940439711366,1.302209427544702,107,0,6.162676263747315
profile,tfl-numbat-2019-midweek,early,4,14.966666666666667,1,1,off,free-flow,virtual,4,drop-offs,reassign-existing,267,153,69,857,72,0,315,231,84,231,940GZZLUEUS,0,3900,2919,1800,1796,63c82187320d4492,449,449,0,0,302,147,10.066666666666666,82,142,14.666666666666666,5,true,1119,48,172,82,51,4,1,0,0,1,1,878,556,221,7,london-link-010-a-departure,true,472,139.441722345954,678.3666666666667,349.7,624.7115812917594,891.05,1622.6333333333334,1117768.846969882,1277769.2917243433,46.66044881168798,2.608737934342121,2915965.9931551344,2888796.6433019787,1.0082165871373523,1.2137284129644215,22,0,2.6495267693177
profile,tfl-numbat-2019-midweek,early,4,14.966666666666667,1,2,off,free-flow,virtual,4,drop-offs,unassigned,187,26,26,2101,146,0,209,196,13,0,940GZZLUEUS,0,3900,2904,1800,1796,3c1cc4bd02bc2287,449,449,0,0,260,189,8.666666666666666,59,165,13.4,24,true,1104,82,194,114,80,11,2,0,0,1,2,5205,2282,2920,11,london-link-069-b-arrival,true,573,245.20649591685228,843.9666666666667,761.25,743.6198589458055,1405.1166666666666,1671.8333333333333,1683131.2377947015,1805811.965832234,48.241864070616,1.7145999100795406,2885896.668911081,2767425.506267039,1.037948845451637,1.3046067842636164,98,0,12.673142651556036
profile,tfl-numbat-2019-midweek,early,4,14.966666666666667,1,2,off,free-flow,virtual,4,drop-offs,reassign-existing,262,110,61,798,73,0,313,228,85,228,940GZZLUEUS,0,3900,2789,1800,1796,3c1cc4bd02bc2287,449,449,0,0,289,160,9.633333333333333,82,142,13.8,18,true,989,65,182,91,65,7,2,0,0,1,2,1516,1110,406,8,london-link-069-a-departure,true,544,136.8230883444692,547.55,344.6333333333333,606.5727542687454,926.3333333333334,1056.3833333333334,1109821.7607203426,1331786.2625923369,45.45454266711408,2.5194142759361875,2796100.7879319033,2765775.5062670396,1.0094799983691116,1.2945468990890994,22,0,6.10741209486601
profile,tfl-numbat-2019-midweek,early,4,14.966666666666667,1,3,off,free-flow,virtual,4,drop-offs,unassigned,178,64,30,2392,154,0,218,188,30,0,940GZZLUEUS,0,3900,3041,1800,1796,518b208a85e38dde,449,449,0,0,261,188,8.7,62,162,13.266666666666667,26,true,1241,83,190,114,71,12,2,0,0,1,2,5217,2518,2695,12,london-link-069-b-arrival,true,624,258.78466963622867,839.65,790.7833333333333,763.1815144766147,1442.8833333333334,1607.9,1751788.489304097,1896662.3373580934,48.01458406681426,1.6823960158683589,2947201.9749508854,2828636.8712767255,1.0343286307010684,1.3039694741787458,88,0,11.329203698716222
profile,tfl-numbat-2019-midweek,early,4,14.966666666666667,1,3,off,free-flow,virtual,4,drop-offs,reassign-existing,263,143,64,1078,76,0,322,232,90,232,940GZZLUEUS,0,3900,2771,1800,1796,518b208a85e38dde,449,449,0,0,301,148,10.033333333333333,80,144,14.733333333333333,4,true,971,72,164,96,52,7,2,0,0,2,2,1182,816,366,9,london-link-069-a-departure,true,455,158.8795471417966,626.6833333333333,375.45,637.2081662954714,932.3666666666667,1061.4833333333333,1107279.1692157828,1293375.03805588,46.12405926108795,2.5729248032871155,2848946.038884044,2826011.8712767255,1.0082828105473358,1.2021632811498402,17,0,3.1069879166456205
profile,tfl-numbat-2019-midweek,morning,60,0.9666666666666667,1,1,off,free-flow,virtual,4,drop-offs,unassigned,0,0,0,0,0,0,0,0,0,0,940GZZLUEUS,0,3900,2307,1800,1740,ec096baf2262cfae,29,29,0,0,23,6,0.7666666666666667,7,7,1.0666666666666667,-1,true,507,1,10,10,10,0,1,0,0,2,1,0,0,0,2,london-link-023-a-arrival,true,0,20.49712643678161,205.85,115.76666666666667,415.63045977011495,811.8166666666667,1048.5666666666666,155331.7207800927,41283.54053107956,79.0028809280769,1,155331.72077894528,155331.72077894528,1,1,0,0,0
profile,tfl-numbat-2019-midweek,morning,60,0.9666666666666667,1,1,off,free-flow,virtual,4,drop-offs,reassign-existing,0,0,0,0,0,0,0,0,0,0,940GZZLUEUS,0,3900,2307,1800,1740,ec096baf2262cfae,29,29,0,0,23,6,0.7666666666666667,7,7,1.0666666666666667,-1,true,507,1,10,10,10,0,1,0,0,2,1,0,0,0,2,london-link-023-a-arrival,true,0,20.49712643678161,205.85,115.76666666666667,415.63045977011495,811.8166666666667,1048.5666666666666,155331.7207800927,41283.54053107956,79.0028809280769,1,155331.72077894528,155331.72077894528,1,1,0,0,0
profile,tfl-numbat-2019-midweek,morning,60,0.9666666666666667,1,2,off,free-flow,virtual,4,drop-offs,unassigned,0,0,0,0,0,0,0,0,0,0,940GZZLUEUS,0,3900,2155,1800,1740,eaf98c10ead9f202,29,29,0,0,23,6,0.7666666666666667,8,6,1,0,true,355,2,9,9,8,0,0,0,0,1,1,0,0,0,2,london-link-084-a-departure,true,0,41.04080459770115,172.65,150.91666666666666,393.2201149425287,708.5166666666667,813.1833333333333,137908.053580545,30776.098725044365,81.75519258662177,1,137908.05357964188,137908.05357964188,1,1,0,0,0
profile,tfl-numbat-2019-midweek,morning,60,0.9666666666666667,1,2,off,free-flow,virtual,4,drop-offs,reassign-existing,0,0,0,0,0,0,0,0,0,0,940GZZLUEUS,0,3900,2155,1800,1740,eaf98c10ead9f202,29,29,0,0,23,6,0.7666666666666667,8,6,1,0,true,355,2,9,9,8,0,0,0,0,1,1,0,0,0,2,london-link-084-a-departure,true,0,41.04080459770115,172.65,150.91666666666666,393.2201149425287,708.5166666666667,813.1833333333333,137908.053580545,30776.098725044365,81.75519258662177,1,137908.05357964188,137908.05357964188,1,1,0,0,0
profile,tfl-numbat-2019-midweek,morning,60,0.9666666666666667,1,3,off,free-flow,virtual,4,drop-offs,unassigned,0,0,0,0,0,0,0,0,0,0,940GZZLUEUS,0,3900,2488,1800,1740,5214e5eaa55ec074,29,29,0,0,21,8,0.7,7,7,0.9333333333333333,1,true,688,3,10,10,10,1,0,0,0,1,1,5,4,1,2,940GZZLUBNK-01-arrival,true,164,53.166091954022995,343.9,327.81666666666666,468.3086206896552,859.2333333333333,891.2333333333333,163234.2424259688,85610.58622028808,65.59679914345858,1,163234.24242449424,163234.24242449424,1,1,0,0,0
profile,tfl-numbat-2019-midweek,morning,60,0.9666666666666667,1,3,off,free-flow,virtual,4,drop-offs,reassign-existing,0,0,0,0,0,0,0,0,0,0,940GZZLUEUS,0,3900,2488,1800,1740,5214e5eaa55ec074,29,29,0,0,21,8,0.7,7,7,0.9333333333333333,1,true,688,3,10,10,10,1,0,0,0,1,1,5,4,1,2,940GZZLUBNK-01-arrival,true,164,53.166091954022995,343.9,327.81666666666666,468.3086206896552,859.2333333333333,891.2333333333333,163234.2424259688,85610.58622028808,65.59679914345858,1,163234.24242449424,163234.24242449424,1,1,0,0,0
profile,tfl-numbat-2019-midweek,morning,30,1.9666666666666666,1,1,off,free-flow,virtual,4,drop-offs,unassigned,1,0,0,1,0,0,1,0,1,0,940GZZLUEUS,0,3900,2677,1800,1770,97c3b096389d787f,59,59,0,0,43,16,1.4333333333333333,15,14,1.8666666666666667,2,true,877,4,17,17,15,1,1,0,0,2,1,9,8,1,2,940GZZLUKSX-01-departure,true,267,55.52146892655367,356.85,215.46666666666667,444.5533898305085,996.4,1048.5666666666666,307048.907314655,134229.35173066444,69.58169840021985,1.0120422624022292,310746.4708232852,310746.4708232852,1,1,0,0,0
profile,tfl-numbat-2019-midweek,morning,30,1.9666666666666666,1,1,off,free-flow,virtual,4,drop-offs,reassign-existing,1,0,0,1,0,0,1,0,1,0,940GZZLUEUS,0,3900,2677,1800,1770,97c3b096389d787f,59,59,0,0,43,16,1.4333333333333333,15,14,1.8666666666666667,2,true,877,4,17,17,15,1,1,0,0,2,1,9,8,1,2,940GZZLUKSX-01-departure,true,267,55.52146892655367,356.85,215.46666666666667,444.5533898305085,996.4,1048.5666666666666,307048.907314655,134229.35173066444,69.58169840021985,1.0120422624022292,310746.4708232852,310746.4708232852,1,1,0,0,0
profile,tfl-numbat-2019-midweek,morning,30,1.9666666666666666,1,2,off,free-flow,virtual,4,drop-offs,unassigned,0,0,0,1,0,0,1,0,1,0,940GZZLUEUS,0,3900,2839,1800,1770,2eb0fa6013c87d49,59,59,0,0,43,16,1.4333333333333333,16,13,1.8,3,true,1039,5,17,16,14,1,1,0,0,1,1,8,7,1,2,940GZZLUBXN-01-arrival,true,363,65.44774011299435,362.2,309.9166666666667,452.65677966101697,946.4166666666666,1068.65,309161.27625129337,122939.95968260306,71.548343430008,1,309161.2762475908,309161.2762475908,1,1,0,0,0
profile,tfl-numbat-2019-midweek,morning,30,1.9666666666666666,1,2,off,free-flow,virtual,4,drop-offs,reassign-existing,0,0,0,1,0,0,1,0,1,0,940GZZLUEUS,0,3900,2839,1800,1770,2eb0fa6013c87d49,59,59,0,0,43,16,1.4333333333333333,16,13,1.8,3,true,1039,5,17,16,14,1,1,0,0,1,1,8,7,1,2,940GZZLUBXN-01-arrival,true,363,65.44774011299435,362.2,309.9166666666667,452.65677966101697,946.4166666666666,1068.65,309161.27625129337,122939.95968260306,71.548343430008,1,309161.2762475908,309161.2762475908,1,1,0,0,0
profile,tfl-numbat-2019-midweek,morning,30,1.9666666666666666,1,3,off,free-flow,virtual,4,drop-offs,unassigned,0,0,0,2,0,0,2,0,2,0,940GZZLUEUS,0,3900,2499,1800,1770,e15aaff78f8f0841,59,59,0,0,41,18,1.3666666666666667,17,12,1.6,6,true,699,5,19,19,16,0,0,0,0,1,1,0,0,0,3,london-link-048-b-departure,true,112,72.12994350282487,354.6166666666667,327.81666666666666,508.30593220338983,876.85,908.4166666666666,349832.3785112889,154533.77148276402,69.36079642050004,1,349832.3785069095,349832.3785069095,1,1,0,0,0
profile,tfl-numbat-2019-midweek,morning,30,1.9666666666666666,1,3,off,free-flow,virtual,4,drop-offs,reassign-existing,0,0,0,2,0,0,2,0,2,0,940GZZLUEUS,0,3900,2499,1800,1770,e15aaff78f8f0841,59,59,0,0,41,18,1.3666666666666667,17,12,1.6,6,true,699,5,19,19,16,0,0,0,0,1,1,0,0,0,3,london-link-048-b-departure,true,112,72.12994350282487,354.6166666666667,327.81666666666666,508.30593220338983,876.85,908.4166666666666,349832.3785112889,154533.77148276402,69.36079642050004,1,349832.3785069095,349832.3785069095,1,1,0,0,0
profile,tfl-numbat-2019-midweek,morning,20,2.966666666666667,1,1,off,free-flow,virtual,4,drop-offs,unassigned,1,0,0,3,0,0,3,1,2,0,940GZZLUEUS,0,3900,2564,1800,1780,d2d7fedf7433e695,89,89,0,0,67,22,2.2333333333333334,23,21,2.933333333333333,1,true,764,8,26,26,21,1,2,0,0,2,1,12,10,2,3,london-link-030-a-arrival,true,357,84.7876404494382,456.45,347.9,468.5239700374532,983.7833333333333,1071.05,459924.7537217557,243005.63357598966,65.42963030661271,1.0045120028872216,461999.9355324262,461324.9473413209,1.0015054204283889,1.1339824181265996,1,0,0
profile,tfl-numbat-2019-midweek,morning,20,2.966666666666667,1,1,off,free-flow,virtual,4,drop-offs,reassign-existing,2,0,0,2,0,0,3,1,2,1,940GZZLUEUS,0,3900,2550,1800,1780,d2d7fedf7433e695,89,89,0,0,67,22,2.2333333333333334,23,21,2.933333333333333,1,true,750,8,26,25,20,1,2,0,0,2,1,3,2,1,3,london-link-030-a-arrival,true,252,77.78483146067417,428.3333333333333,298.6,461.50880149812735,969.1666666666666,1071.05,456302.19020954054,215712.96287191787,67.90058053262824,1.012651145343512,462074.9355324262,461399.9473413209,1.0015054204283889,1.1339824181265996,1,0,0
profile,tfl-numbat-2019-midweek,morning,20,2.966666666666667,1,2,off,free-flow,virtual,4,drop-offs,unassigned,0,0,0,5,0,0,4,0,4,0,940GZZLUEUS,0,3900,2667,1800,1780,102a127340b7005c,89,89,0,0,61,28,2.033333333333333,24,20,2.466666666666667,8,true,867,10,30,30,23,1,1,0,0,1,1,6,5,1,3,940GZZLUVIC-01-arrival,true,343,100.98614232209738,449.5,349.26666666666665,526.0056179775281,986.3333333333334,1353.9333333333334,513840.67737405194,225782.83406831473,69.47327517644655,1,513840.6773670815,513840.6773670815,1,1,0,0,0
profile,tfl-numbat-2019-midweek,morning,20,2.966666666666667,1,2,off,free-flow,virtual,4,drop-offs,reassign-existing,0,0,0,5,0,0,4,0,4,0,940GZZLUEUS,0,3900,2667,1800,1780,102a127340b7005c,89,89,0,0,61,28,2.033333333333333,24,20,2.466666666666667,8,true,867,10,30,30,23,1,1,0,0,1,1,6,5,1,3,940GZZLUVIC-01-arrival,true,343,100.98614232209738,449.5,349.26666666666665,526.0056179775281,986.3333333333334,1353.9333333333334,513840.67737405194,225782.83406831473,69.47327517644655,1,513840.6773670815,513840.6773670815,1,1,0,0,0
profile,tfl-numbat-2019-midweek,morning,20,2.966666666666667,1,3,off,free-flow,virtual,4,drop-offs,unassigned,0,0,0,4,0,0,4,1,3,0,940GZZLUEUS,0,3900,2984,1800,1780,d207b3f7842d888c,89,89,0,0,64,25,2.1333333333333333,24,20,2.6666666666666665,5,true,1184,9,31,31,26,1,1,0,0,1,1,3,2,1,3,london-link-022-a-departure,true,334,93.39007490636705,362.0833333333333,327.81666666666666,530.3837078651685,906.9666666666667,1203.4,528508.2426451987,304526.12778363226,63.44374991071884,1,528508.2426390685,528508.2426390685,1,1,0,0,0
profile,tfl-numbat-2019-midweek,morning,20,2.966666666666667,1,3,off,free-flow,virtual,4,drop-offs,reassign-existing,1,0,0,3,0,0,4,1,3,1,940GZZLUEUS,0,3900,2984,1800,1780,d207b3f7842d888c,89,89,0,0,64,25,2.1333333333333333,24,20,2.6666666666666665,5,true,1184,9,31,31,26,1,1,0,0,1,1,3,2,1,3,london-link-022-a-departure,true,334,91.5501872659176,362.0833333333333,327.81666666666666,528.3958801498127,901.1833333333333,1203.4,522935.9980787423,294013.7999681244,64.01078736159289,1.010512270311621,528433.2426390685,528433.2426390685,1,1,0,0,0
profile,tfl-numbat-2019-midweek,morning,15,3.966666666666667,1,1,off,free-flow,virtual,4,drop-offs,unassigned,1,0,0,9,0,0,8,1,7,0,940GZZLUEUS,0,3900,2869,1800,1785,9b3980983f12907c,119,119,0,0,82,37,2.7333333333333334,30,29,3.466666666666667,8,true,1069,12,39,38,30,1,2,0,0,2,1,12,11,1,3,london-link-009-a-arrival,true,356,95.68361344537814,433.7,311.43333333333334,504.8648459383753,1027.0666666666666,1129.4833333333333,653639.855806039,334469.0025344797,66.15059163661337,1.0099663535512984,660154.2617271176,659451.4338500937,1.0006890925488514,1.082002013313308,1,0,0
profile,tfl-numbat-2019-midweek,morning,15,3.966666666666667,1,1,off,free-flow,virtual,4,drop-offs,reassign-existing,2,0,0,8,0,0,8,1,7,1,940GZZLUEUS,0,3900,2869,1800,1785,9b3980983f12907c,119,119,0,0,82,37,2.7333333333333334,30,29,3.466666666666667,8,true,1069,13,39,38,30,1,2,0,0,2,1,8,7,1,3,940GZZLULNB-01-arrival,true,356,96.69215686274511,433.7,339.85,505.81414565826327,1048.5666666666666,1134.85,650092.2922946776,333493.9176950893,66.09408363924105,1.0157084917499597,660304.2617271176,659601.4338500937,1.0006890925488514,1.082002013313308,1,0,0
profile,tfl-numbat-2019-midweek,morning,15,3.966666666666667,1,2,off,free-flow,virtual,4,drop-offs,unassigned,0,0,0,7,0,0,6,0,6,0,940GZZLUEUS,0,3900,2759,1800,1785,69d4d38d8565a9e6,119,119,0,0,76,43,2.533333333333333,30,29,3.066666666666667,14,true,959,16,44,44,35,1,1,0,0,1,1,10,7,2,3,940GZZLUVIC-01-arrival,true,281,122.33557422969189,474.15,375.68333333333334,546.0449579831933,1042.8166666666666,1353.9333333333334,684506.4628764675,325239.3867880228,67.78997537884503,1,684506.4629060702,684506.4629060702,1,1,0,0,0
profile,tfl-numbat-2019-midweek,morning,15,3.966666666666667,1,2,off,free-flow,virtual,4,drop-offs,reassign-existing,0,0,0,7,0,0,6,0,6,0,940GZZLUEUS,0,3900,2759,1800,1785,69d4d38d8565a9e6,119,119,0,0,76,43,2.533333333333333,30,29,3.066666666666667,14,true,959,16,44,44,35,1,1,0,0,1,1,10,7,2,3,940GZZLUVIC-01-arrival,true,281,122.33557422969189,474.15,375.68333333333334,546.0449579831933,1042.8166666666666,1353.9333333333334,684506.4628764675,325239.3867880228,67.78997537884503,1,684506.4629060702,684506.4629060702,1,1,0,0,0
profile,tfl-numbat-2019-midweek,morning,15,3.966666666666667,1,3,off,free-flow,virtual,4,drop-offs,unassigned,0,0,0,10,0,0,9,4,5,0,940GZZLUEUS,0,3900,2642,1800,1785,4bba75f61683de00,119,119,0,0,83,36,2.7666666666666666,24,35,3.933333333333333,1,true,842,13,39,39,33,1,1,0,0,2,1,29,23,6,4,london-link-048-a-arrival,true,309,113.51680672268908,466.28333333333336,359.96666666666664,534.0445378151261,924.05,1306.6666666666667,678566.6398540812,358013.70302587433,65.46204011247248,1,678566.6398821606,678566.6398821606,1,1,0,0,0
profile,tfl-numbat-2019-midweek,morning,15,3.966666666666667,1,3,off,free-flow,virtual,4,drop-offs,reassign-existing,5,0,0,6,0,0,10,5,5,5,940GZZLUEUS,0,3900,2710,1800,1785,4bba75f61683de00,119,119,0,0,88,31,2.933333333333333,24,35,4.266666666666667,-4,true,910,11,39,39,33,1,1,0,0,2,1,22,16,6,4,london-link-048-a-arrival,true,309,106.2219887955182,480.98333333333335,359.96666666666664,526.8557422969188,932.55,1306.6666666666667,656336.4632849961,332585.1174490641,66.36890892782503,1.033527280296318,678341.6398821607,678341.6398821607,1,1,0,0,0
profile,tfl-numbat-2019-midweek,morning,12,4.966666666666667,1,1,off,free-flow,virtual,4,drop-offs,unassigned,2,0,0,10,0,0,9,2,7,0,940GZZLUEUS,0,3900,2751,1800,1788,55e19f59b2536a66,149,149,0,0,100,49,3.3333333333333335,36,38,4.266666666666667,11,true,951,15,49,48,41,2,2,0,1,2,1,49,39,10,4,940GZZLULNB-01-arrival,true,284,99.12460850111856,426.8,342.85,515.97774049217,996.4,1134.85,831618.3896154872,432849.7518630573,65.7682358563083,1.0119614366335181,841565.7403501252,840025.5166271534,1.0011465125674812,1.0935917389180152,2,0,0
profile,tfl-numbat-2019-midweek,morning,12,4.966666666666667,1,1,off,free-flow,virtual,4,drop-offs,reassign-existing,4,0,0,8,0,0,9,2,7,2,940GZZLUEUS,0,3900,2751,1800,1788,55e19f59b2536a66,149,149,0,0,101,48,3.3666666666666667,37,37,4.266666666666667,11,true,951,15,48,46,40,2,2,0,1,2,2,59,46,13,4,london-link-072-a-arrival,true,284,97.75111856823266,433.7,311.43333333333334,514.8673378076063,996.4,1134.85,822648.5815381029,447166.6853147132,64.78490241946791,1.0233601068315454,841865.7403501251,840325.5166271533,1.0011465125674812,1.0935917389180152,2,0,0
profile,tfl-numbat-2019-midweek,morning,12,4.966666666666667,1,2,off,free-flow,virtual,4,drop-offs,unassigned,2,0,0,12,0,0,10,0,10,0,940GZZLUEUS,0,3900,2706,1800,1788,04314078e25fbbdc,149,149,0,0,96,53,3.2,40,34,3.7333333333333334,19,true,906,18,55,54,44,1,1,0,0,2,1,10,6,4,4,london-link-075-b-departure,true,424,118.53087248322147,533.4666666666667,379.23333333333335,536.6397091722595,1042.8166666666666,1364.6333333333334,839138.5856589454,426449.6613594925,66.3042334373638,1.0074535035517864,845393.1081530845,843886.0736728343,1.001620228572465,1.1447778931536958,2,0,0
profile,tfl-numbat-2019-midweek,morning,12,4.966666666666667,1,2,off,free-flow,virtual,4,drop-offs,reassign-existing,2,0,0,12,0,0,10,0,10,0,940GZZLUEUS,0,3900,2706,1800,1788,04314078e25fbbdc,149,149,0,0,96,53,3.2,40,34,3.7333333333333334,19,true,906,18,55,54,44,1,1,0,0,2,1,10,6,4,4,london-link-075-b-departure,true,424,118.53087248322147,533.4666666666667,379.23333333333335,536.6397091722595,1042.8166666666666,1364.6333333333334,839138.5856589454,426449.6613594925,66.3042334373638,1.0074535035517864,845393.1081530845,843886.0736728343,1.001620228572465,1.1447778931536958,2,0,0
profile,tfl-numbat-2019-midweek,morning,12,4.966666666666667,1,3,off,free-flow,virtual,4,drop-offs,unassigned,2,0,0,21,0,0,16,6,10,0,940GZZLUEUS,0,3900,2980,1800,1788,6cc4332fc789a716,149,149,0,0,106,43,3.533333333333333,29,45,5.133333333333334,-2,true,1180,18,48,47,39,2,1,0,0,2,1,40,30,10,4,london-link-048-a-arrival,true,526,126.40425055928411,548.5666666666667,406.46666666666664,557.7885906040268,1008.8333333333334,1285.2666666666667,865072.6958235755,429807.6990907989,66.80715062341952,1.0076543125685713,871694.2327034168,870955.4199653681,1.001232478877568,1.183639352757603,1,0,0.0782530534552953
profile,tfl-numbat-2019-midweek,morning,12,4.966666666666667,1,3,off,free-flow,virtual,4,drop-offs,reassign-existing,6,0,0,14,0,0,15,5,10,5,940GZZLUEUS,0,3900,2956,1800,1788,6cc4332fc789a716,149,149,0,0,106,43,3.533333333333333,29,45,5.133333333333334,-2,true,1156,17,48,46,38,2,1,0,0,2,1,49,39,10,3,940GZZLUBNK-01-departure,true,507,120.14541387024609,542.35,390.93333333333334,551.0948545861297,999.9166666666666,1276.6833333333334,840701.6641156474,409289.371653682,67.25661545230382,1.0362539496267111,871180.4199653681,871180.4199653681,1,1,0,0,0.08107989656834816
profile,tfl-numbat-2019-midweek,morning,10,5.966666666666667,1,1,off,free-flow,virtual,4,drop-offs,unassigned,3,0,0,17,0,0,13,3,10,0,940GZZLUEUS,0,3900,2924,1800,1790,944d0fed765eed8b,179,179,0,0,118,61,3.933333333333333,43,46,5,15,true,1124,19,65,64,50,2,2,0,0,2,1,41,32,9,4,london-link-082-a-departure,true,341,124.96508379888269,472.95,368.43333333333334,545.7716014897579,1048.5666666666666,1153.9833333333333,1007363.827650022,537373.5789163356,65.21262600154095,1.0134458124076442,1020908.6528075779,1020167.255607713,1.0013848070043665,1.2478804537816155,1,0,0.044317204825257264
profile,tfl-numbat-2019-midweek,morning,10,5.966666666666667,1,1,off,free-flow,virtual,4,drop-offs,reassign-existing,5,0,0,15,0,0,12,2,10,2,940GZZLUEUS,0,3900,2924,1800,1790,944d0fed765eed8b,179,179,0,0,118,61,3.933333333333333,44,45,4.933333333333334,16,true,1124,19,65,62,48,1,2,0,0,2,1,22,16,6,4,940GZZLULNB-01-arrival,true,371,122.77048417132215,472.95,368.43333333333334,543.3022346368715,1048.5666666666666,1153.9833333333333,998169.0195724801,517261.1449321316,65.86704177811967,1.022781345328885,1020908.652807578,1020167.2556077131,1.0013848070043665,1.2478804537816155,1,0,0
profile,tfl-numbat-2019-midweek,morning,10,5.966666666666667,1,2,off,free-flow,virtual,4,drop-offs,unassigned,5,0,0,14,0,0,16,1,15,0,940GZZLUEUS,0,3900,3128,1800,1790,ad331b2234d47096,179,179,0,0,123,56,4.1,44,45,5.266666666666667,11,true,1328,23,67,65,54,1,2,0,1,2,1,68,53,15,5,london-link-070-a-departure,true,387,131.2810055865922,496.65,438.76666666666665,559.2112662942271,1042.8166666666666,1487.65,1021920.4519198196,530291.0943954071,65.83641607007384,1.014573000372041,1036812.8991538639,1032969.4813110208,1.003828816718157,1.1879481766937212,5,0,0.005286110744020087
profile,tfl-numbat-2019-midweek,morning,10,5.966666666666667,1,2,off,free-flow,virtual,4,drop-offs,reassign-existing,5,0,0,13,0,0,16,1,15,1,940GZZLUEUS,0,3900,3128,1800,1790,ad331b2234d47096,179,179,0,0,124,55,4.133333333333334,44,45,5.333333333333333,10,true,1328,22,66,64,54,1,2,0,1,2,1,67,52,15,5,london-link-070-a-departure,true,387,128.90567970204842,496.65,438.76666666666665,556.7470204841712,1042.8166666666666,1487.65,1015241.4703092132,523618.47589922417,65.97361071165987,1.0208160415934893,1036374.7790897134,1033269.4813110208,1.0030119544300498,1.1879481766937212,4,0,0.005331674590127516
profile,tfl-numbat-2019-midweek,morning,10,5.966666666666667,1,3,off,free-flow,virtual,4,drop-offs,unassigned,2,0,0,32,0,0,24,8,16,0,940GZZLUEUS,0,3900,3257,1800,1790,6a65d9c30f59177b,179,179,0,0,119,60,3.966666666666667,35,54,5.6,6,true,1457,24,62,60,44,2,1,0,0,2,1,93,76,16,4,940GZZLUKSX-01-arrival,true,458,147.54031657355682,567.6833333333333,463.68333333333334,572.0724394785847,1075.0666666666666,1576.7166666666667,1022056.2461423174,578191.0117428667,63.86864536753036,1.0067323635261771,1028937.1004428826,1027351.7887624792,1.0013084433741495,1.13715011663561,2,0,0
profile,tfl-numbat-2019-midweek,morning,10,5.966666666666667,1,3,off,free-flow,virtual,4,drop-offs,reassign-existing,8,0,0,27,0,0,24,8,16,8,940GZZLUEUS,0,3900,3209,1800,1790,6a65d9c30f59177b,179,179,0,0,117,62,3.9,36,53,5.4,9,true,1409,24,62,60,42,2,1,0,0,2,1,92,64,23,4,london-link-048-a-arrival,true,416,141.61769087523277,559.2833333333333,436.45,565.336033519553,1047.9666666666667,1528.8166666666666,992151.3117884261,539586.198396186,64.77293303790984,1.0357813132419527,1027651.7887624792,1027651.7887624792,1,1,0,0,0
profile,tfl-numbat-2019-midweek,morning,8.571429,7,1,1,off,free-flow,virtual,4,drop-offs,unassigned,4,0,0,38,1,0,28,6,22,0,940GZZLUEUS,0,3900,3075,1800,1799,cda90f11c595fc68,210,210,0,0,142,68,4.733333333333333,46,59,6.4,9,true,1275,25,73,73,55,1,3,0,0,2,1,110,90,17,5,london-link-118-a-arrival,true,409,146.7934126984127,600.8,434.25,573.6897619047619,1082.1666666666667,1441.9333333333334,1201115.8518559071,615627.5817772445,66.11367514090293,1.0103737877174186,1213575.9728006767,1210562.4102557492,1.0031002545481138,1.2628890892905584,4,0,0
profile,tfl-numbat-2019-midweek,morning,8.571429,7,1,1,off,free-flow,virtual,4,drop-offs,reassign-existing,9,0,0,28,1,0,27,6,21,6,940GZZLUEUS,0,3900,2956,1800,1799,cda90f11c595fc68,210,210,0,0,140,70,4.666666666666667,47,58,6.2,12,true,1156,23,74,71,52,1,3,0,0,2,1,82,64,17,5,940GZZLULNB-diverge,true,394,139.00380952380954,598.1,420.9,565.1215079365079,1072.5833333333333,1439.2333333333333,1170026.174630092,624990.6928168153,65.18190418423457,1.0359660713718635,1212107.419617093,1209737.4102557497,1.0021398363914356,1.1892191222399857,3,0,0.4878085961021044
profile,tfl-numbat-2019-midweek,morning,8.571429,7,1,2,off,free-flow,virtual,4,drop-offs,unassigned,4,0,0,31,0,0,26,3,23,0,940GZZLUEUS,0,3900,2879,1800,1799,7f2bdfec1fd345fe,210,210,0,0,141,69,4.7,45,60,6.4,9,true,1079,26,77,76,60,3,1,0,0,2,2,61,47,14,4,940GZZLUKSX-01-arrival,true,290,137.03063492063492,504.1333333333333,433.6166666666667,560.2242063492063,1060.0666666666666,1473.7666666666667,1190423.9660385372,573467.9456563322,67.48848714288255,1.0112504853227136,1203816.8134726826,1200858.1211410828,1.0021781177830784,1.2090545336455947,4,0,0
profile,tfl-numbat-2019-midweek,morning,8.571429,7,1,2,off,free-flow,virtual,4,drop-offs,reassign-existing,6,0,0,26,0,0,27,3,24,3,940GZZLUEUS,0,3900,2950,1800,1799,7f2bdfec1fd345fe,210,210,0,0,143,67,4.766666666666667,45,60,6.533333333333333,7,true,1150,26,76,76,60,3,1,0,0,2,2,90,72,18,4,940GZZLUKSX-01-arrival,true,230,133.42801587301588,504.3333333333333,432.93333333333334,556.615,1037.45,1544.4833333333333,1169957.9732376467,577938.2931570421,66.93520638103251,1.028438983545628,1203230.3888706884,1201008.1211410828,1.0017625314423209,1.2090545336455947,3,0,0
profile,tfl-numbat-2019-midweek,morning,8.571429,7,1,3,off,free-flow,virtual,4,drop-offs,unassigned,2,0,0,42,1,0,30,9,21,0,940GZZLUEUS,0,3900,2991,1800,1799,7ea8c132a695c16b,210,210,0,0,137,73,4.566666666666666,42,63,6.333333333333333,10,true,1191,26,74,73,55,2,2,0,0,2,2,106,85,21,5,london-link-048-a-arrival,true,373,148.19753968253968,565.3166666666667,484.8666666666667,573.1324603174603,1095.7666666666667,1491.7333333333333,1200922.5456459494,603473.9945660356,66.55535625804636,1.0057920922700179,1207878.399912715,1205993.0882323117,1.0015810338209215,1.1685658361244649,2,0,0
profile,tfl-numbat-2019-midweek,morning,8.571429,7,1,3,off,free-flow,virtual,4,drop-offs,reassign-existing,10,0,0,27,1,0,27,8,19,8,940GZZLUEUS,0,3900,2991,1800,1799,7ea8c132a695c16b,210,210,0,0,136,74,4.533333333333333,41,64,6.333333333333333,10,true,1191,25,75,72,54,2,1,0,0,2,1,136,109,27,5,940GZZLUKSX-01-arrival,true,367,142.49801587301587,565.3166666666667,484.48333333333335,567.4227777777778,1082.7833333333333,1519.6333333333334,1162723.106287395,582660.9282887151,66.61703574994473,1.0390502458990265,1208127.729586314,1206443.0882323117,1.0014335813876378,1.1708317924777043,2,0,0
profile,tfl-numbat-2019-midweek,morning,7.5,7.966666666666667,1,1,off,free-flow,virtual,4,drop-offs,unassigned,7,0,0,56,3,0,38,12,26,0,940GZZLUEUS,0,3900,2961,1800,1792.5,4731b4d993884c61,239,239,0,0,154,85,5.133333333333334,54,65,6.666666666666667,20,true,1161,29,87,84,64,2,3,0,1,2,1,121,91,28,5,london-link-088-a-arrival,true,436.5,152.7260111576011,516.6,415.3666666666667,578.8544630404464,1075.15,1302.95,1345648.3764770387,685569.40392253,66.24835551667587,1.0236362896045597,1377454.5112448803,1371857.1519005888,1.0037690329172984,1.2203595586751894,7,0,0.4251883745963401
profile,tfl-numbat-2019-midweek,morning,7.5,7.966666666666667,1,1,off,free-flow,virtual,4,drop-offs,reassign-existing,15,0,0,37,1,0,38,9,29,9,940GZZLUEUS,0,3900,2964,1800,1792.5,4731b4d993884c61,239,239,0,0,157,82,5.233333333333333,57,62,6.666666666666667,20,true,1164,29,84,78,60,2,3,0,1,2,1,111,91,20,4,london-link-075-a-arrival,true,406.5,144.3007670850767,516.6,407.95,569.1898186889819,1071,1305.9666666666667,1305654.3593164284,670514.3101697536,66.06998580014468,1.0533031724233255,1375249.878804444,1370357.1519005888,1.0046818758172855,1.3076722397124267,5,0,0
profile,tfl-numbat-2019-midweek,morning,7.5,7.966666666666667,1,2,off,free-flow,virtual,4,drop-offs,unassigned,5,0,0,45,1,0,37,4,33,0,940GZZLUEUS,0,3900,3188,1800,1792.5,f9f836c87071a85e,239,239,0,0,165,74,5.5,51,68,7.6,6,true,1388,32,88,84,65,1,3,0,0,1,1,92,73,19,4,940GZZLUWLO-diverge,true,354.5,147.863179916318,561.6166666666667,430.51666666666665,567.0478382147837,1042.8166666666666,1447.75,1333061.1154678273,682691.1109773294,66.13219114825056,1.0168641995281955,1355542.1241411685,1351449.638245744,1.0025696217839164,1.1749741054059761,5,0,0.0013556289101421377
profile,tfl-numbat-2019-midweek,morning,7.5,7.966666666666667,1,2,off,free-flow,virtual,4,drop-offs,reassign-existing,11,0,0,34,1,0,34,4,30,4,940GZZLUEUS,0,3900,3167,1800,1792.5,f9f836c87071a85e,239,239,0,0,166,73,5.533333333333333,51,68,7.666666666666667,5,true,1367,31,87,83,64,1,3,0,0,2,2,91,72,19,4,940GZZLUWLO-diverge,true,329.5,139.43988842398886,561.6166666666667,406.21666666666664,559.0683403068341,1039.6,1426.6666666666667,1301079.9110886133,663743.5867621186,66.21866607926005,1.042897408929793,1356892.8681332178,1351224.6382457437,1.0035450182312662,1.2097077018855134,7,0,0.001390897963725381
profile,tfl-numbat-2019-midweek,morning,7.5,7.966666666666667,1,3,off,free-flow,virtual,4,drop-offs,unassigned,3,0,0,61,1,0,42,13,29,0,940GZZLUEUS,0,3900,3153,1800,1792.5,15f7af9d566e1cbd,239,239,0,0,157,82,5.233333333333333,45,74,7.466666666666667,8,true,1353,32,89,85,61,1,2,0,0,2,1,99,81,18,4,940GZZLULNB-01-arrival,true,528.5,169.2010460251046,612.0666666666667,496.98333333333335,596.2482566248257,1157.4833333333333,1632.1,1371217.4176208107,775845.5696748357,63.86479696843643,1.0087624017568142,1383232.5755584582,1381547.934204456,1.0009693552932442,1.1302202989262484,2,0,0
profile,tfl-numbat-2019-midweek,morning,7.5,7.966666666666667,1,3,off,free-flow,virtual,4,drop-offs,reassign-existing,15,0,0,39,1,0,38,13,25,13,940GZZLUEUS,0,3900,3069,1800,1792.5,15f7af9d566e1cbd,239,239,0,0,158,81,5.266666666666667,47,72,7.4,9,true,1269,31,87,82,60,2,1,0,0,2,1,69,49,20,5,london-link-048-a-departure,true,519.5,158.3110181311018,608.9333333333333,486.3333333333333,585.3299163179917,1094.15,1574.95,1316001.0829020794,717414.5897062325,64.7187439651241,1.0512707198401403,1383473.4057777855,1381922.9342044562,1.0011283335955705,1.184860055662908,2,0,0
profile,tfl-numbat-2019-midweek,morning,6.666667,8.966666666666667,1,1,off,free-flow,virtual,4,drop-offs,unassigned,7,0,0,62,0,0,50,10,40,0,940GZZLUEUS,0,3900,2924,1800,1793.3333333333333,34ba04f18e7fc846,269,269,0,0,172,97,5.733333333333333,58,76,7.6,21,true,1124,37,99,94,71,2,3,0,0,2,2,188,158,28,5,london-link-009-a-arrival,true,331.6666666666667,164.65501858736062,606.15,478.71666666666664,587.0485130111524,1111.6166666666666,1468.6833333333334,1501357.52835093,786593.7456614295,65.62017056062618,1.0229506672372775,1535814.685383155,1530137.0275102868,1.0028892051872624,1.230182852318834,6,0,0.18503817158410582
profile,tfl-numbat-2019-midweek,morning,6.666667,8.966666666666667,1,1,off,free-flow,virtual,4,drop-offs,reassign-existing,15,0,0,46,0,0,43,7,36,7,940GZZLUEUS,0,3900,2924,1800,1793.3333333333333,34ba04f18e7fc846,269,269,0,0,179,90,5.966666666666667,60,74,7.933333333333334,16,true,1124,32,96,90,67,2,3,0,0,2,2,109,82,26,5,london-link-048-a-departure,true,288.6666666666667,150.1280049566295,606.15,458.8833333333333,572.0064436183395,1065.8666666666666,1444.2666666666667,1471170.084918185,752011.0657894217,66.17409851868942,1.0440172277619384,1535926.9136247658,1529162.0275102865,1.0047391912209824,1.2540480677537886,6,0,0.004919928169048732
profile,tfl-numbat-2019-midweek,morning,6.666667,8.966666666666667,1,2,off,free-flow,virtual,4,drop-offs,unassigned,8,0,0,70,3,0,50,7,43,0,940GZZLUEUS,0,3900,2934,1800,1793.3333333333333,b3b95630ed092780,269,269,0,0,182,87,6.066666666666666,54,80,8.533333333333333,7,true,1134,35,100,95,71,3,2,0,1,2,1,200,160,40,5,940GZZLUWLO-01-arrival,true,449.6666666666667,160.9772614622057,590.1333333333333,436.35,592.2715613382899,1125.1666666666667,1384.2833333333333,1541896.5062247878,785107.3334793558,66.26102114300014,1.0181151100149253,1569828.1310499408,1564996.5068356884,1.0024502713888286,1.1749741054059761,6,0,0.43673505327111034
profile,tfl-numbat-2019-midweek,morning,6.666667,8.966666666666667,1,2,off,free-flow,virtual,4,drop-offs,reassign-existing,12,0,0,56,3,0,51,6,45,6,940GZZLUEUS,0,3900,2931,1800,1793.3333333333333,b3b95630ed092780,269,269,0,0,181,88,6.033333333333333,54,80,8.466666666666667,8,true,1131,34,98,93,70,3,3,0,1,2,1,206,166,40,5,940GZZLUWLO-01-arrival,true,378.6666666666667,152.44039653035938,618.2,428.3333333333333,583.0521685254027,1118.1333333333334,1384.2833333333333,1504195.2436444848,751757.0509434012,66.67673103075387,1.042302262316007,1567826.1054086932,1564621.5068356884,1.0016612319782354,1.1749741054059761,4,0,0.3668836082942334
profile,tfl-numbat-2019-midweek,morning,6.666667,8.966666666666667,1,3,off,free-flow,virtual,4,drop-offs,unassigned,4,0,0,79,2,0,49,15,34,0,940GZZLUEUS,0,3900,2899,1800,1793.3333333333333,8e5746ead23083f4,269,269,0,0,178,91,5.933333333333334,54,80,8.266666666666667,11,true,1099,37,96,93,68,3,2,0,0,2,1,204,167,34,5,london-link-049-a-departure,true,473.6666666666667,174.28531598513013,602.0166666666667,473.03333333333336,595.4455390334573,1093.4333333333334,1611.05,1519175.8700251984,885151.6353817479,63.18506387373667,1.0090935254301903,1532990.5344219925,1529681.691227845,1.0023831377441437,1.2888590053008755,4,0,0
profile,tfl-numbat-2019-midweek,morning,6.666667,8.966666666666667,1,3,off,free-flow,virtual,4,drop-offs,reassign-existing,18,0,0,44,1,0,45,15,30,15,940GZZLUEUS,0,3900,2923,1800,1793.3333333333333,8e5746ead23083f4,269,269,0,0,178,91,5.933333333333334,55,79,8.2,12,true,1123,38,96,91,67,3,1,0,1,2,1,227,185,42,5,london-link-013-a-arrival,true,401.6666666666667,161.77707558859976,576.6666666666666,447.71666666666664,583.2038413878563,1084.8833333333334,1565.9833333333333,1444072.9347576983,819370.2848398156,63.79983037588563,1.061204356169792,1532456.4890015395,1529831.691227845,1.0012983081242064,1.1285199924090845,3,0,0.32517872764019184
profile,tfl-numbat-2019-midweek,morning,6,9.966666666666667,1,1,off,free-flow,virtual,4,drop-offs,unassigned,13,0,1,65,1,0,50,13,37,0,940GZZLUEUS,0,3900,3460,1800,1794,1c08fe1ead694371,299,299,0,0,191,108,6.366666666666666,65,84,8.4,24,true,1660,41,112,104,74,2,2,1,0,2,2,166,134,30,5,london-link-082-a-departure,true,712,178.88389074693424,831.05,466.3333333333333,601.9185061315496,1141.0833333333333,1785.6166666666666,1648794.4292674616,964328.6208672067,63.09670067708792,1.0368727141609677,1709589.9549225655,1698546.691771871,1.0072473130670156,1.2866062756813923,11,0,0.3880611065494464
profile,tfl-numbat-2019-midweek,morning,6,9.966666666666667,1,1,off,free-flow,virtual,4,drop-offs,reassign-existing,21,0,1,49,1,0,47,10,37,10,940GZZLUEUS,0,3900,3434,1800,1794,1c08fe1ead694371,299,299,0,0,193,106,6.433333333333334,68,81,8.333333333333334,25,true,1634,40,107,101,72,2,2,1,0,2,2,156,124,30,6,london-link-084-a-arrival,true,688,166.54726867335563,807.6833333333333,440.5833333333333,588.0071348940915,1138.35,1759.6166666666666,1622680.0626749655,900183.8056577884,64.31897031952505,1.050946773431019,1705350.3761399332,1698471.6917718712,1.003597429167744,1.230836867155875,8,0,0.011925153400836929
profile,tfl-numbat-2019-midweek,morning,6,9.966666666666667,1,2,off,free-flow,virtual,4,drop-offs,unassigned,11,0,0,77,3,0,57,8,49,0,940GZZLUEUS,0,3900,2956,1800,1794,5d52463e8423e3e8,299,299,0,0,200,99,6.666666666666667,57,92,9.533333333333333,7,true,1156,41,108,102,72,2,2,0,1,2,2,227,178,45,5,london-link-088-a-arrival,true,537,172.04743589743592,571.3333333333334,475.3833333333333,597.2454292084727,1106.8666666666666,1563.9333333333334,1682549.1304962118,892099.8451023333,65.3506224127139,1.021633741362936,1718948.963161948,1711223.1629208708,1.004415323765313,1.2126210841356782,10,0,0
profile,tfl-numbat-2019-midweek,morning,6,9.966666666666667,1,2,off,free-flow,virtual,4,drop-offs,reassign-existing,19,0,0,57,3,0,54,7,47,7,940GZZLUEUS,0,3900,2724,1800,1794,5d52463e8423e3e8,299,299,0,0,203,96,6.766666666666667,57,92,9.733333333333333,4,true,924,37,107,99,70,2,3,0,1,1,1,250,202,45,5,london-link-070-a-departure,true,374,159.17040133779264,552.2166666666667,416.68333333333334,584.8238573021182,1076.3833333333334,1527.4166666666667,1615885.3935721067,770113.1084071707,67.72365499105166,1.0641730612113076,1719581.7058064856,1711073.1629208708,1.0046173707903523,1.1780665512752242,10,0,0.020578719317701128
profile,tfl-numbat-2019-midweek,morning,6,9.966666666666667,1,3,off,free-flow,virtual,4,drop-offs,unassigned,9,0,0,95,3,0,55,16,39,0,940GZZLUEUS,0,3900,2945,1800,1794,c3759d12dff30a69,299,299,0,0,197,102,6.566666666666666,59,90,9.2,12,true,1145,47,111,104,73,2,2,0,0,2,1,192,151,37,5,london-link-013-b-departure,true,355,187.7418060200669,620.1666666666666,504.35,612.6329988851728,1111.75,1581.75,1677510.9246471124,997804.8909773697,62.70328590180078,1.0248416064596435,1719182.9908163918,1715342.4876762228,1.0019629731984778,1.1704546318087818,5,0,0.0030650714672497115
profile,tfl-numbat-2019-midweek,morning,6,9.966666666666667,1,3,off,free-flow,virtual,4,drop-offs,reassign-existing,24,0,0,67,2,0,53,15,38,15,940GZZLUEUS,0,3900,2927,1800,1794,c3759d12dff30a69,299,299,0,0,198,101,6.6,61,88,9.133333333333333,13,true,1127,48,111,101,75,2,2,0,0,2,1,230,189,41,5,london-link-048-a-arrival,true,292,170.84030100334448,624.8666666666667,476.1333333333333,596.358807134894,1108.5666666666666,1600.3833333333334,1607267.0583007545,934933.4301985975,63.223458007024306,1.070397473037859,1720414.5976668578,1716392.4876762228,1.0031494960105225,1.3327710785494125,4,0,0.26221474743024176
profile,tfl-numbat-2019-midweek,morning,5.4545449999999995,11,1,1,off,free-flow,virtual,4,drop-offs,unassigned,15,0,0,101,5,0,71,15,56,0,940GZZLUEUS,0,3900,3327,1800,1798.5,c64244c66b891430,330,330,0,0,207,123,6.9,70,95,9.133333333333333,28,true,1527,54,124,114,78,2,2,0,0,2,2,302,243,59,5,london-link-013-a-arrival,true,645.5,207.8780303030303,856.2833333333333,544.5166666666667,630.7192424242425,1155.9666666666667,1805.4833333333333,1820857.8848731723,1196309.670214438,60.34990936458946,1.035506047791912,1885509.351863567,1874557.5257109422,1.0047705459859602,1.2331540192339667,12,0,0.10865284059270125
profile,tfl-numbat-2019-midweek,morning,5.4545449999999995,11,1,1,off,free-flow,virtual,4,drop-offs,reassign-existing,23,0,0,78,3,0,72,15,57,15,940GZZLUEUS,0,3900,3342,1800,1798.5,c64244c66b891430,330,330,0,0,215,115,7.166666666666667,72,93,9.533333333333333,22,true,1542,48,124,114,74,2,2,0,0,2,2,228,175,46,6,london-link-070-a-departure,true,678.5,197.28040404040402,869.2666666666667,506.81666666666666,619.219191919192,1157.0833333333333,1820.5666666666666,1783819.1220332752,1126421.3326474405,61.29456138802039,1.055458544823431,1882747.13468634,1875382.5257109422,1.0028379954819064,1.211244016220273,7,0,0.10241473268815184
profile,tfl-numbat-2019-midweek,morning,5.4545449999999995,11,1,2,off,free-flow,virtual,4,drop-offs,unassigned,12,0,0,100,3,0,69,12,57,0,940GZZLUEUS,0,3900,3149,1800,1798.5,c421d6886132d7aa,330,330,0,0,212,118,7.066666666666666,61,104,10.066666666666666,14,true,1349,53,130,114,75,2,3,0,1,2,2,296,240,56,5,london-link-009-a-arrival,true,566.5,215.78525252525253,768.3166666666667,581.5,642.6083333333333,1185.4666666666667,1495.9,1843009.0463664122,1199094.282181961,60.58338088226137,1.0319770400172406,1901943.0202977422,1892516.7977947874,1.004363959699219,1.2080981893994183,12,0,0.42581097226838666
profile,tfl-numbat-2019-midweek,morning,5.4545449999999995,11,1,2,off,free-flow,virtual,4,drop-offs,reassign-existing,19,0,0,77,3,0,70,11,59,11,940GZZLUEUS,0,3900,3571,1800,1798.5,c421d6886132d7aa,330,330,0,0,216,114,7.2,61,104,10.333333333333334,10,true,1771,50,126,114,77,2,3,0,0,2,1,199,159,40,5,940GZZLUWLO-diverge,true,953.5,197.43333333333334,974.8,548.5666666666667,623.0654545454546,1138.7166666666667,1793.7833333333333,1790072.1219376433,1130241.8167642695,61.297249525622405,1.0618050043175207,1900707.5370770798,1894391.7977947872,1.0035269161644276,1.2434497545902414,8,0,0
profile,tfl-numbat-2019-midweek,morning,5.4545449999999995,11,1,3,off,free-flow,virtual,4,drop-offs,unassigned,16,0,0,104,4,0,65,20,45,0,940GZZLUEUS,0,3900,2984,1800,1798.5,bd64ac0fbdcacbce,330,330,0,0,203,127,6.766666666666667,59,106,9.6,21,true,1184,57,131,114,78,3,2,0,0,2,1,306,252,52,5,940GZZLUVIC-01-arrival,true,643.5,221.5718181818182,802.0833333333334,534.0333333333333,649.055,1159.5666666666666,1643.3833333333334,1836586.6397583438,1183991.9725915545,60.80247778519319,1.037277775686545,1905050.5044478702,1894218.4265613402,1.0047617295263984,1.2326460419870309,13,0,0.06151508024099437
profile,tfl-numbat-2019-midweek,morning,5.4545449999999995,11,1,3,off,free-flow,virtual,4,drop-offs,reassign-existing,27,0,0,71,3,0,66,19,47,19,940GZZLUEUS,0,3900,2876,1800,1798.5,bd64ac0fbdcacbce,330,330,0,0,209,121,6.966666666666667,61,104,9.866666666666667,17,true,1076,57,124,114,81,2,2,0,0,2,1,198,156,42,4,940GZZLUKSX-01-arrival,true,415.5,191.84742424242424,690.55,496.8833333333333,617.3937878787879,1119.0166666666667,1611.2666666666667,1773458.3296638925,1051723.3424682242,62.773249138541004,1.0711776641963777,1899688.9510371939,1894143.4265613398,1.0024546038519528,1.2054082355103077,7,0,0.09773421132845952
profile,tfl-numbat-2019-midweek,morning,5,11.966666666666667,1,1,off,free-flow,virtual,4,drop-offs,unassigned,28,0,2,127,7,0,83,24,59,0,940GZZLUEUS,0,3900,3304,1800,1795,5960e07ad149c806,359,359,0,0,212,147,7.066666666666666,74,105,9.2,42,true,1504,71,148,114,73,4,2,0,0,2,2,368,303,65,6,london-link-087-a-arrival,true,675,254.26935933147632,953.9333333333333,654.7666666666667,679.9149489322192,1233.6166666666666,1908.5,1940886.469109244,1313845.5882136754,59.63275731845223,1.063428588048388,2063994.1572804048,2041355.8808961778,1.0096914550925205,1.3305351603595565,24,0,0.25788783979032964
profile,tfl-numbat-2019-midweek,morning,5,11.966666666666667,1,1,off,free-flow,virtual,4,drop-offs,reassign-existing,38,0,1,87,7,0,82,19,63,19,940GZZLUEUS,0,3900,3080,1800,1795,5960e07ad149c806,359,359,0,0,228,131,7.6,76,103,10.133333333333333,28,true,1280,61,135,114,81,2,2,0,0,2,2,228,179,46,5,940GZZLULNB-01-arrival,true,608,211.055756731662,776.8666666666667,587.0333333333333,634.7622562674095,1167.4833333333333,1633.2666666666667,1893653.3724695465,1148515.5186994139,62.246819299434286,1.0854284608182745,2055425.2652865406,2041205.8808961776,1.005230727073927,1.2540480677537886,14,0,0.3119872327991189
profile,tfl-numbat-2019-midweek,morning,5,11.966666666666667,1,2,off,free-flow,virtual,4,drop-offs,unassigned,23,0,0,115,4,0,78,12,66,0,940GZZLUEUS,0,3900,3276,1800,1795,fd71a29997bbff89,359,359,0,0,223,136,7.433333333333334,69,110,10.266666666666667,26,true,1476,69,142,114,76,3,4,0,0,2,2,373,294,78,5,940GZZLUKSX-01-arrival,true,870,250.9266016713092,1057.5,689.5666666666667,681.8332404828227,1315.3333333333333,1836.3333333333333,1984483.8670192852,1336002.693794562,59.764851646708394,1.053167677388573,2089994.264905871,2071206.631244381,1.0077998293566715,1.2534205766754565,21,0,0.38930842198399146
profile,tfl-numbat-2019-midweek,morning,5,11.966666666666667,1,2,off,free-flow,virtual,4,drop-offs,reassign-existing,28,1,1,95,5,0,83,11,72,11,940GZZLUEUS,0,3900,3202,1800,1795,fd71a29997bbff89,359,359,0,0,224,135,7.466666666666667,69,110,10.333333333333334,25,true,1402,66,138,114,75,3,4,0,1,2,2,323,250,69,5,940GZZLUKSX-01-arrival,true,588,229.36369545032497,934.6,589.4,659.2655988857939,1187.4666666666667,1592.05,1932314.5806961572,1294401.00210064,59.884874607426624,1.0789332757310028,2084838.5001662564,2069856.6312443807,1.0058542359474236,1.2080981893994183,16,0,0.13429984028063158
profile,tfl-numbat-2019-midweek,morning,5,11.966666666666667,1,3,off,free-flow,virtual,4,drop-offs,unassigned,25,0,0,131,10,0,78,19,59,0,940GZZLUEUS,0,3900,3336,1800,1795,53029c581d4402c7,359,359,0,0,207,152,6.9,66,113,9.4,39,true,1536,73,152,114,82,3,2,0,1,2,2,323,264,57,6,london-link-048-a-departure,true,912,274.19289693593316,1019.8166666666667,687.25,703.4357474466109,1287.7666666666667,1710.6,1962612.006697733,1359536.5377305637,59.07658795056907,1.0616581917693326,2083623.1140421182,2068456.2037020111,1.0062897482954427,1.2784468328511587,18,0,0.7020373898694277
profile,tfl-numbat-2019-midweek,morning,5,11.966666666666667,1,3,off,free-flow,virtual,4,drop-offs,reassign-existing,41,1,1,80,6,0,69,19,50,19,940GZZLUEUS,0,3900,3127,1800,1795,53029c581d4402c7,359,359,0,0,221,138,7.366666666666666,71,108,10,30,true,1327,57,142,114,80,4,2,0,0,2,1,379,309,70,5,london-link-009-a-arrival,true,724,215.99661095636026,813.3,552.45,645.7360724233984,1172.0333333333333,1678.3,1894298.9472579518,1232461.9653724446,60.5834280326975,1.0996804406032548,2083123.5008363666,2068231.2037020107,1.0072639571068605,1.337353058555123,18,0,0.2952287367616552
profile,tfl-numbat-2019-midweek,morning,4.615385,13.033333333333333,1,1,off,free-flow,virtual,4,drop-offs,unassigned,39,0,0,129,6,0,85,19,66,0,940GZZLUEUS,0,3900,3463,1800,1798.6,b9bdf89a2a5e69f2,391,391,0,0,243,148,8.1,80,115,10.866666666666667,33,true,1663,74,154,114,81,2,2,0,0,2,2,351,289,59,5,london-link-009-a-arrival,true,976.4,250.9575021312873,1036,662.8333333333334,678.1916453537938,1280.6166666666666,1741.45,2062431.2637541166,1377078.6333931903,59.96294022775382,1.0937545339462935,2255793.5455186204,2231184.0814835313,1.0086404133272169,1.2474452828183515,28,0,0.18131140631647588
profile,tfl-numbat-2019-midweek,morning,4.615385,13.033333333333333,1,1,off,free-flow,virtual,4,drop-offs,reassign-existing,50,0,0,107,9,0,84,18,66,18,940GZZLUEUS,0,3900,3645,1800,1798.6,b9bdf89a2a5e69f2,391,391,0,0,246,145,8.2,80,115,11.066666666666666,30,true,1845,76,148,114,79,2,4,0,1,2,2,275,224,50,5,london-link-072-a-arrival,true,967.4,231.4900682011935,1003.7666666666667,609.1166666666667,658.3668371696505,1245.9333333333334,1882.3333333333333,2017206.8417723984,1349757.0490739697,59.91174563102679,1.11794056269923,2255117.3516153623,2230884.0814835313,1.0083675442691105,1.1757774488392354,26,0,0.05526006769358292
profile,tfl-numbat-2019-midweek,morning,4.615385,13.033333333333333,1,2,off,free-flow,virtual,4,drop-offs,unassigned,27,0,1,108,4,0,86,14,72,0,940GZZLUEUS,0,3900,3332,1800,1798.6,8b758b26ca8b1088,391,391,0,0,233,158,7.766666666666667,73,122,10.666666666666666,36,true,1532,92,160,114,79,3,4,0,1,2,1,454,376,78,5,940GZZLUWLO-01-arrival,true,939.4,300.33955669224207,1281.0333333333333,732.45,732.4627024722934,1366.65,2059.866666666667,2164783.8356982367,1451580.407620794,59.860779778959404,1.0537883698758372,2281224.0291676726,2255870.2265195916,1.0105697661334954,1.3974876936034333,26,0,0.36545867520285413
profile,tfl-numbat-2019-midweek,morning,4.615385,13.033333333333333,1,2,off,free-flow,virtual,4,drop-offs,reassign-existing,43,1,3,81,4,0,79,12,67,12,940GZZLUEUS,0,3900,3278,1800,1798.6,8b758b26ca8b1088,391,391,0,0,241,150,8.033333333333333,73,122,11.2,28,true,1478,75,156,114,77,2,4,0,0,2,2,334,255,79,5,940GZZLUWLO-01-arrival,true,934.4,254.01572890025577,933.4666666666667,668.3166666666667,687.2003410059675,1232.35,1755.25,2070573.8780163233,1401089.760296968,59.64212244427897,1.1049346827510504,2287848.8908496834,2258045.2265195907,1.0115693413389488,1.2616124745642265,27,0,0.2817234382080025
profile,tfl-numbat-2019-midweek,morning,4.615385,13.033333333333333,1,3,off,free-flow,virtual,4,drop-offs,unassigned,48,0,3,116,8,0,73,19,54,0,940GZZLUEUS,0,3900,3251,1800,1798.6,7433030a10576159,391,391,0,0,217,174,7.233333333333333,72,123,9.666666666666666,51,true,1451,98,174,114,75,3,3,0,0,2,2,449,361,86,6,london-link-030-a-arrival,true,994.4,315.4643222506394,1053.8833333333334,773.1666666666666,747.4069906223359,1366.8166666666666,1705.6166666666666,2067318.3732510528,1483541.7667806072,58.220214024893146,1.0999771938396363,2274003.0628142194,2234636.451437548,1.0167993521967502,1.4035981954087842,39,0,0.5431813810348144
profile,tfl-numbat-2019-midweek,morning,4.615385,13.033333333333333,1,3,off,free-flow,virtual,4,drop-offs,reassign-existing,53,3,4,88,6,0,79,17,62,17,940GZZLUEUS,0,3900,3136,1800,1798.6,7433030a10576159,391,391,0,0,230,161,7.666666666666667,73,122,10.466666666666667,39,true,1336,76,161,114,76,2,2,0,0,2,1,346,286,59,5,london-link-031-b-departure,true,864.4,267.65848252344415,971.35,678.6833333333333,696.3514492753624,1272.65,1702.65,2025031.1500561065,1355264.7109288895,59.9069203802186,1.1172405019408778,2262446.8183768643,2234336.451437547,1.0125305106557576,1.337353058555123,29,0,0.13109076417014287
profile,tfl-numbat-2019-midweek,morning,4.2857140000000005,14,1,1,off,free-flow,virtual,4,drop-offs,unassigned,60,0,3,133,10,0,85,20,65,0,940GZZLUEUS,0,3900,3815,1800,1799,8f257d775b622b3f,420,420,0,0,250,170,8.333333333333334,80,130,11.333333333333334,40,true,2015,91,176,114,78,2,2,0,1,2,2,377,304,69,5,london-link-016-a-departure,true,1300,302.2400396825397,1307.9166666666667,781.2166666666667,741.7176587301587,1366.2333333333333,2024.2,2215809.7628786387,1549101.6363386193,58.85423394928538,1.1236794752284687,2489859.9513426474,2446835.9951138436,1.0165696018946708,1.2576855241768814,44,0,0.12717977042234585
profile,tfl-numbat-2019-midweek,morning,4.2857140000000005,14,1,1,off,free-flow,virtual,4,drop-offs,reassign-existing,58,2,3,106,7,0,94,18,76,18,940GZZLUEUS,0,3900,3619,1800,1799,8f257d775b622b3f,420,420,0,0,252,168,8.4,81,129,11.4,39,true,1819,92,169,114,75,2,3,0,0,2,2,309,254,55,6,london-link-009-a-arrival,true,978,288.31,1093.6333333333334,755.5333333333333,725.7493650793651,1402.6333333333334,1977.5666666666666,2188983.802737785,1520555.455109431,59.00958719083981,1.1338233322669506,2481920.9092896376,2446835.9951138436,1.0128383824195775,1.311034150595363,32,0,0.27096169251385266
profile,tfl-numbat-2019-midweek,morning,4.2857140000000005,14,1,2,off,free-flow,virtual,4,drop-offs,unassigned,51,0,2,110,4,0,83,18,65,0,940GZZLUEUS,0,3900,3511,1800,1799,147acec647511cf7,420,420,0,0,241,179,8.033333333333333,74,136,11.133333333333333,43,true,1711,105,180,114,77,3,3,0,0,2,2,400,296,103,6,london-link-030-a-departure,true,953,330.9875396825397,1141.4333333333334,826.0333333333333,760.8839682539682,1427.9166666666667,1938.8333333333333,2222081.675048739,1542070.2019792395,59.03273161239192,1.0966398141731446,2436823.2349916296,2395343.123522488,1.0159624760958872,1.3220252570892248,45,0,0.4819600921063145
profile,tfl-numbat-2019-midweek,morning,4.2857140000000005,14,1,2,off,free-flow,virtual,4,drop-offs,reassign-existing,61,0,4,85,5,0,93,18,75,18,940GZZLUEUS,0,3900,3278,1800,1799,147acec647511cf7,420,420,0,0,237,183,7.9,75,135,10.8,48,true,1478,102,183,114,76,3,3,0,1,2,1,537,446,90,5,940GZZLUWLO-01-arrival,true,794,306.47249999999997,1147.4,740.3333333333334,736.0390873015873,1352.2166666666667,1880.7666666666667,2108832.479542523,1512405.455393845,58.23512614836173,1.1532080736477903,2431922.64119257,2394893.123522487,1.0128827876389237,1.2585856725199562,35,0,0.44861830091006505
profile,tfl-numbat-2019-midweek,morning,4.2857140000000005,14,1,3,off,free-flow,virtual,4,drop-offs,unassigned,63,1,1,124,7,0,83,22,61,0,940GZZLUEUS,0,3900,3501,1800,1799,a415c0f5b05ea09e,420,420,0,0,228,192,7.6,74,136,10.266666666666667,56,true,1701,95,192,114,77,5,3,0,1,1,2,418,342,74,6,london-link-030-a-departure,true,1014,325.5392857142857,1180.7833333333333,839.5333333333333,755.3817460317459,1385.8333333333333,1868.1333333333334,2141372.035704471,1602487.730152454,57.19690826118153,1.1355313398490352,2431595.0566247404,2385095.873810968,1.0177592001281648,1.3310176896156674,48,0,0.5234187934357297
profile,tfl-numbat-2019-midweek,morning,4.2857140000000005,14,1,3,off,free-flow,virtual,4,drop-offs,reassign-existing,75,1,5,93,10,0,86,24,62,24,940GZZLUEUS,0,3900,3322,1800,1799,a415c0f5b05ea09e,420,420,0,0,242,178,8.066666666666666,79,131,10.866666666666667,47,true,1522,87,178,114,82,5,4,1,1,2,1,349,280,68,6,london-link-022-a-arrival,true,719,273.4405952380952,963.1833333333333,702.8666666666667,701.1830158730158,1276.15,1786.4333333333334,2060414.6112554208,1425590.8545006989,59.10531786296307,1.1757476474181807,2422527.631713123,2384870.8738109698,1.0147638994078378,1.3493454102974838,38,0,0.10271649854354278
profile,tfl-numbat-2019-midweek,morning,4,14.966666666666667,1,1,off,free-flow,virtual,4,drop-offs,unassigned,72,2,5,134,16,0,98,25,73,0,940GZZLUEUS,0,3900,3723,1800,1796,770f9d7a64f87d13,449,449,0,0,251,198,8.366666666666667,83,141,11.2,57,true,1923,128,208,114,75,4,3,0,0,2,2,657,555,98,5,940GZZLUWLO-exit,true,1356,369.11518188567186,1419.6,891.3666666666667,812.5756124721604,1507.3333333333333,2046.4333333333334,2333639.314421782,1725622.5478853937,57.48925281443666,1.1492919237270243,2682032.8167022867,2622973.8415156608,1.0204443832117858,1.3495142318305022,56,0,0.2342330214713603
profile,tfl-numbat-2019-midweek,morning,4,14.966666666666667,1,1,off,free-flow,virtual,4,drop-offs,reassign-existing,87,3,5,91,9,0,91,24,67,24,940GZZLUEUS,0,3900,3526,1800,1796,770f9d7a64f87d13,449,449,0,0,261,188,8.7,84,140,11.8,48,true,1726,107,191,114,76,3,3,0,0,2,2,367,296,67,6,london-link-031-b-departure,true,1070,299.06043058648845,1181.3666666666666,822.6333333333333,740.3381959910913,1406.9166666666667,2006.9166666666667,2243228.165578717,1532076.015944401,59.41847484918959,1.1919230901796438,2673755.4468576885,2625973.8415156584,1.017200082630472,1.3590171848577757,50,0,0.13008660361633512
profile,tfl-numbat-2019-midweek,morning,4,14.966666666666667,1,2,off,free-flow,virtual,4,drop-offs,unassigned,67,0,3,119,8,0,93,19,74,0,940GZZLUEUS,0,3900,3453,1800,1796,7d616be7f0c36e85,449,449,0,0,250,199,8.333333333333334,78,146,11.466666666666667,53,true,1653,118,201,114,76,4,3,0,0,2,2,492,387,101,7,london-link-048-a-departure,true,1026,367.000853749072,1189.2,899.5333333333333,795.9493689680772,1506.3666666666666,1996.4666666666667,2294585.3225014443,1645082.9322710435,58.243110183752115,1.1290379498010328,2590673.907923343,2538542.118513584,1.0195495552538119,1.4047150381919238,56,0,0.3487993121095077
profile,tfl-numbat-2019-midweek,morning,4,14.966666666666667,1,2,off,free-flow,virtual,4,drop-offs,reassign-existing,76,0,4,85,4,0,95,23,72,23,940GZZLUEUS,0,3900,3378,1800,1796,7d616be7f0c36e85,449,449,0,0,251,198,8.366666666666667,80,144,11.4,54,true,1578,111,200,114,78,3,4,0,0,2,2,480,391,87,7,london-link-048-a-departure,true,1041,333.15642167780254,1151.6666666666667,776.3666666666667,760.1460653303637,1393.45,1927.4833333333333,2207051.150913792,1588968.0643454003,58.14120070946729,1.1692571967045264,2580610.4414802743,2537192.118513583,1.0148434083180793,1.2696356996594818,44,0,0.31954630182731547
profile,tfl-numbat-2019-midweek,morning,4,14.966666666666667,1,3,off,free-flow,virtual,4,drop-offs,unassigned,77,0,2,119,10,0,87,22,65,0,940GZZLUEUS,0,3900,3683,1800,1796,a0ab47d20ba11e88,449,449,0,0,242,207,8.066666666666666,76,148,11.066666666666666,59,true,1883,112,209,114,78,2,3,0,1,2,2,385,304,75,5,940GZZLUWLO-exit,true,1086,358.259725315516,1204.25,874.5333333333333,788.9341128433556,1485.4,2008.1666666666667,2233639.110032241,1639853.1603649394,57.6647364731467,1.1665121649034829,2605567.1936290907,2553169.076327581,1.0192848903978358,1.3150732875089262,55,0,0.15598642000578772
profile,tfl-numbat-2019-midweek,morning,4,14.966666666666667,1,3,off,free-flow,virtual,4,drop-offs,reassign-existing,95,6,9,90,11,0,90,24,66,24,940GZZLUEUS,0,3900,3429,1800,1796,a0ab47d20ba11e88,449,449,0,0,247,202,8.233333333333333,81,143,11.066666666666666,59,true,1629,112,203,114,75,4,3,0,0,2,1,409,327,82,7,london-link-057-a-arrival,true,1095,340.7197847067557,1182.9,820.4833333333333,772.4564959168523,1385.6833333333334,1856.5166666666667,2156656.2916277307,1584760.220393198,57.642774727126316,1.2105666853155088,2610776.2581086033,2552344.0763275824,1.021598240906399,1.4035981954087842,55,0,0.8622012436156921
profile,tfl-numbat-2019-midweek,am-peak,60,0.9666666666666667,1,1,off,free-flow,virtual,4,drop-offs,unassigned,0,0,0,0,0,0,0,0,0,0,940GZZLUEUS,0,3900,2434,1800,1740,91f17b3654b28322,29,29,0,0,23,6,0.7666666666666667,7,7,1.0666666666666667,-1,true,634,2,9,9,9,0,1,0,0,2,1,0,0,0,2,940GZZLUBNK-01-arrival,true,0,15.32183908045977,205.88333333333333,111.53333333333333,446.6649425287356,757.05,826.5333333333333,170038.47935630876,26973.178481395626,86.30884142723383,1,170038.47935483302,170038.47935483302,1,1,0,0,0
profile,tfl-numbat-2019-midweek,am-peak,60,0.9666666666666667,1,1,off,free-flow,virtual,4,drop-offs,reassign-existing,0,0,0,0,0,0,0,0,0,0,940GZZLUEUS,0,3900,2434,1800,1740,91f17b3654b28322,29,29,0,0,23,6,0.7666666666666667,7,7,1.0666666666666667,-1,true,634,2,9,9,9,0,1,0,0,2,1,0,0,0,2,940GZZLUBNK-01-arrival,true,0,15.32183908045977,205.88333333333333,111.53333333333333,446.6649425287356,757.05,826.5333333333333,170038.47935630876,26973.178481395626,86.30884142723383,1,170038.47935483302,170038.47935483302,1,1,0,0,0
profile,tfl-numbat-2019-midweek,am-peak,60,0.9666666666666667,1,2,off,free-flow,virtual,4,drop-offs,unassigned,0,0,0,0,0,0,0,0,0,0,940GZZLUEUS,0,3900,2352,1800,1740,13a4fdcb6e345e29,29,29,0,0,22,7,0.7333333333333333,9,5,0.8666666666666667,2,true,552,3,8,8,8,0,1,0,0,1,1,0,0,0,1,940GZZLUBKF-01-departure,true,0,35.66149425287357,161.31666666666666,126.98333333333333,390.50632183908044,765.3166666666667,971.75,139007.43371350633,52748.269490098595,72.49194229488401,1,139007.43371262972,139007.43371262972,1,1,0,0,0
profile,tfl-numbat-2019-midweek,am-peak,60,0.9666666666666667,1,2,off,free-flow,virtual,4,drop-offs,reassign-existing,0,0,0,0,0,0,0,0,0,0,940GZZLUEUS,0,3900,2352,1800,1740,13a4fdcb6e345e29,29,29,0,0,22,7,0.7333333333333333,9,5,0.8666666666666667,2,true,552,3,8,8,8,0,1,0,0,1,1,0,0,0,1,940GZZLUBKF-01-departure,true,0,35.66149425287357,161.31666666666666,126.98333333333333,390.50632183908044,765.3166666666667,971.75,139007.43371350633,52748.269490098595,72.49194229488401,1,139007.43371262972,139007.43371262972,1,1,0,0,0
profile,tfl-numbat-2019-midweek,am-peak,60,0.9666666666666667,1,3,off,free-flow,virtual,4,drop-offs,unassigned,0,0,0,0,0,0,0,0,0,0,940GZZLUEUS,0,3900,2652,1800,1740,2a25d7a620a8b34d,29,29,0,0,20,9,0.6666666666666666,7,7,0.8666666666666667,2,true,852,2,10,10,9,1,0,0,0,1,1,8,7,1,2,940GZZLUOXC-01-arrival,true,0,40.935057471264365,207.15,205.88333333333333,460.2614942528736,821.8833333333333,911.8333333333334,165121.07575321395,77354.64328737644,68.09798375134325,1,165121.07575183813,165121.07575183813,1,1,0,0,0
profile,tfl-numbat-2019-midweek,am-peak,60,0.9666666666666667,1,3,off,free-flow,virtual,4,drop-offs,reassign-existing,0,0,0,0,0,0,0,0,0,0,940GZZLUEUS,0,3900,2652,1800,1740,2a25d7a620a8b34d,29,29,0,0,20,9,0.6666666666666666,7,7,0.8666666666666667,2,true,852,2,10,10,9,1,0,0,0,1,1,8,7,1,2,940GZZLUOXC-01-arrival,true,0,40.935057471264365,207.15,205.88333333333333,460.2614942528736,821.8833333333333,911.8333333333334,165121.07575321395,77354.64328737644,68.09798375134325,1,165121.07575183813,165121.07575183813,1,1,0,0,0
profile,tfl-numbat-2019-midweek,am-peak,30,1.9666666666666666,1,1,off,free-flow,virtual,4,drop-offs,unassigned,0,0,0,0,0,0,0,0,0,0,940GZZLUEUS,0,3900,2416,1800,1770,b005b6d375179000,59,59,0,0,48,11,1.6,16,13,2.1333333333333333,-2,true,616,2,18,18,17,1,1,0,0,2,1,1,1,0,3,london-link-087-a-arrival,true,88,22.951412429378532,207.15,136.5,421.20593220338986,757.05,826.5333333333333,318439.65233857644,83579.30168585772,79.210109162968,1,318439.65233473416,318439.65233473416,1,1,0,0,0
profile,tfl-numbat-2019-midweek,am-peak,30,1.9666666666666666,1,1,off,free-flow,virtual,4,drop-offs,reassign-existing,0,0,0,0,0,0,0,0,0,0,940GZZLUEUS,0,3900,2416,1800,1770,b005b6d375179000,59,59,0,0,48,11,1.6,16,13,2.1333333333333333,-2,true,616,2,18,18,17,1,1,0,0,2,1,1,1,0,3,london-link-087-a-arrival,true,88,22.951412429378532,207.15,136.5,421.20593220338986,757.05,826.5333333333333,318439.65233857644,83579.30168585772,79.210109162968,1,318439.65233473416,318439.65233473416,1,1,0,0,0
profile,tfl-numbat-2019-midweek,am-peak,30,1.9666666666666666,1,2,off,free-flow,virtual,4,drop-offs,unassigned,0,0,0,1,0,0,1,1,0,0,940GZZLUEUS,0,3900,2522,1800,1770,81208d9b58d5f9ff,59,59,0,0,44,15,1.4666666666666666,19,10,1.6666666666666667,5,true,722,5,17,17,16,1,1,0,0,1,1,9,8,1,3,london-link-075-a-arrival,true,211,47.07118644067796,240.4,176.01666666666668,422.4737288135593,781.2333333333333,971.75,299285.06624609604,154044.9133985241,66.01925301316166,1,299285.0662425115,299285.0662425115,1,1,0,0,0
profile,tfl-numbat-2019-midweek,am-peak,30,1.9666666666666666,1,2,off,free-flow,virtual,4,drop-offs,reassign-existing,1,0,0,0,0,0,1,1,0,1,940GZZLUEUS,0,3900,2522,1800,1770,81208d9b58d5f9ff,59,59,0,0,44,15,1.4666666666666666,19,10,1.6666666666666667,5,true,722,5,17,17,16,1,1,0,0,1,1,9,8,1,3,london-link-075-a-arrival,true,211,45.440677966101696,240.4,176.01666666666668,421.0762711864407,781.2333333333333,971.75,296851.23368254537,141395.27554156733,67.7361319336237,1.0089567846175358,299510.0662425115,299510.0662425115,1,1,0,0,0
profile,tfl-numbat-2019-midweek,am-peak,30,1.9666666666666666,1,3,off,free-flow,virtual,4,drop-offs,unassigned,0,0,0,1,0,0,1,0,1,0,940GZZLUEUS,0,3900,2632,1800,1770,dbc46e79bcf53e4f,59,59,0,0,44,15,1.4666666666666666,15,14,1.9333333333333333,1,true,832,5,21,20,20,1,0,0,0,1,1,12,10,2,3,london-link-070-a-departure,true,103,58.93022598870057,271.8833333333333,245.75,470.46666666666664,891.7333333333333,947.7,329065.43679483025,194231.391368696,62.8831323036416,1,329065.4367908913,329065.4367908913,1,1,0,0,0
profile,tfl-numbat-2019-midweek,am-peak,30,1.9666666666666666,1,3,off,free-flow,virtual,4,drop-offs,reassign-existing,0,0,0,1,0,0,1,0,1,0,940GZZLUEUS,0,3900,2632,1800,1770,dbc46e79bcf53e4f,59,59,0,0,44,15,1.4666666666666666,15,14,1.9333333333333333,1,true,832,5,21,20,20,1,0,0,0,1,1,12,10,2,3,london-link-070-a-departure,true,103,58.93022598870057,271.8833333333333,245.75,470.46666666666664,891.7333333333333,947.7,329065.43679483025,194231.391368696,62.8831323036416,1,329065.4367908913,329065.4367908913,1,1,0,0,0
profile,tfl-numbat-2019-midweek,am-peak,20,2.966666666666667,1,1,off,free-flow,virtual,4,drop-offs,unassigned,0,0,0,1,0,0,1,1,0,0,940GZZLUEUS,0,3900,2697,1800,1780,66f80c9375c76554,89,89,0,0,68,21,2.2666666666666666,22,22,3.066666666666667,-1,true,897,6,27,27,24,1,1,0,0,2,1,8,5,3,3,london-link-070-a-departure,true,352,53.92378277153558,391.53333333333336,207.15,460.77546816479406,842.0833333333334,951.7833333333333,490565.84760020924,229479.91170061615,68.12981553791187,1,490565.8475936576,490565.8475936576,1,1,0,0,0
profile,tfl-numbat-2019-midweek,am-peak,20,2.966666666666667,1,1,off,free-flow,virtual,4,drop-offs,reassign-existing,1,0,0,0,0,0,1,1,0,1,940GZZLUEUS,0,3900,2697,1800,1780,66f80c9375c76554,89,89,0,0,68,21,2.2666666666666666,22,22,3.066666666666667,-1,true,897,6,27,27,24,1,1,0,0,2,1,8,5,3,3,london-link-070-a-departure,true,338,52.235205992509364,357.8,207.15,459.02659176029965,831.9,951.7833333333333,483120.7282804966,227773.3558873095,67.95959328400548,1.015255233088263,490490.8475936576,490490.8475936576,1,1,0,0,0
profile,tfl-numbat-2019-midweek,am-peak,20,2.966666666666667,1,2,off,free-flow,virtual,4,drop-offs,unassigned,1,0,0,2,0,0,2,1,1,0,940GZZLUEUS,0,3900,2717,1800,1780,e9fa7be6e6bf2313,89,89,0,0,65,24,2.1666666666666665,25,19,2.6666666666666665,5,true,917,8,28,27,22,1,1,0,0,2,1,14,11,3,3,london-link-049-a-departure,true,282,74.69662921348315,356.85,273.21666666666664,455.4582397003745,828.8,1036.6333333333334,454686.0888934219,235163.38475319502,65.91091336054855,1.0078800404511374,458269.03366033616,457473.89123383217,1.0009954772589245,1.0885974760442667,1,0,0
profile,tfl-numbat-2019-midweek,am-peak,20,2.966666666666667,1,2,off,free-flow,virtual,4,drop-offs,reassign-existing,2,0,0,1,0,0,2,1,1,1,940GZZLUEUS,0,3900,2717,1800,1780,e9fa7be6e6bf2313,89,89,0,0,65,24,2.1666666666666665,26,18,2.6,6,true,917,8,28,27,22,1,1,0,0,2,1,14,11,3,3,london-link-049-a-departure,true,282,73.14494382022471,356.85,273.21666666666664,454.0610486891386,828.8,1036.6333333333334,452252.25632987753,232569.33758763983,66.03942696122819,1.0138015394046924,458494.03366033616,457698.89123383217,1.0009954772589245,1.0885974760442667,1,0,0
profile,tfl-numbat-2019-midweek,am-peak,20,2.966666666666667,1,3,off,free-flow,virtual,4,drop-offs,unassigned,0,0,0,3,0,0,3,1,2,0,940GZZLUEUS,0,3900,2503,1800,1780,06bdf1662b8a1f89,89,89,0,0,66,23,2.2,21,23,3,0,true,703,8,29,29,26,1,2,0,0,1,1,10,9,1,3,london-link-070-a-departure,true,272,73.54550561797753,386.1666666666667,258.31666666666666,466.6220973782772,862.5166666666667,1038.1833333333334,473934.72717816423,235606.73304839572,66.7945079667134,1,473934.72717189684,473934.72717189684,1,1,0,0,0
profile,tfl-numbat-2019-midweek,am-peak,20,2.966666666666667,1,3,off,free-flow,virtual,4,drop-offs,reassign-existing,1,0,0,2,0,0,3,1,2,1,940GZZLUEUS,0,3900,2503,1800,1780,06bdf1662b8a1f89,89,89,0,0,66,23,2.2,21,23,3,0,true,703,8,29,29,26,1,2,0,0,1,1,12,10,2,3,london-link-070-a-departure,true,272,70.51404494382022,386.1666666666667,258.31666666666666,463.59063670411985,862.5166666666667,1038.1833333333334,470988.18790498126,231257.09898277378,67.06889981310229,1.0062560789183603,473934.72717189684,473934.72717189684,1,1,0,0,0
profile,tfl-numbat-2019-midweek,am-peak,15,3.966666666666667,1,1,off,free-flow,virtual,4,drop-offs,unassigned,0,0,0,4,0,0,4,1,3,0,940GZZLUEUS,0,3900,2528,1800,1785,a78b0f070e897eab,119,119,0,0,86,33,2.8666666666666667,26,33,4,0,true,728,12,35,35,32,1,2,0,0,2,1,27,21,6,3,940GZZLUKSX-01-arrival,true,182,66.19313725490196,433.7,256.26666666666665,462.0403361344538,885.4333333333333,997.9,637674.0092436471,298034.1403438079,68.14881429907302,1,637674.0092624289,637674.0092624289,1,1,0,0,0
profile,tfl-numbat-2019-midweek,am-peak,15,3.966666666666667,1,1,off,free-flow,virtual,4,drop-offs,reassign-existing,1,0,0,3,0,0,4,1,3,1,940GZZLUEUS,0,3900,2528,1800,1785,a78b0f070e897eab,119,119,0,0,86,33,2.8666666666666667,26,33,4,0,true,728,12,35,35,32,1,2,0,0,2,1,27,21,6,3,940GZZLUKSX-01-arrival,true,182,65.41554621848739,386.1666666666667,256.26666666666665,461.2626050420168,882,997.9,630303.8899257455,294495.0570104167,68.15577504861224,1.0116929618191959,637674.0092624289,637674.0092624289,1,1,0,0,0
profile,tfl-numbat-2019-midweek,am-peak,15,3.966666666666667,1,2,off,free-flow,virtual,4,drop-offs,unassigned,2,0,0,6,0,0,6,2,4,0,940GZZLUEUS,0,3900,2853,1800,1785,5a5f0ba061327b6a,119,119,0,0,83,36,2.7666666666666666,32,27,3.4,9,true,1053,14,38,37,29,1,1,0,0,2,1,40,34,6,4,london-link-013-a-arrival,true,219,96.43151260504202,548.5666666666667,368.55,495.18767507002804,974.75,1397.8333333333333,634517.6908457954,351067.37888148427,64.37979940395934,1.011495793766631,641811.9753792455,640089.2376034359,1.0026785523401271,1.2062491145175098,2,0,0.016649785634009963
profile,tfl-numbat-2019-midweek,am-peak,15,3.966666666666667,1,2,off,free-flow,virtual,4,drop-offs,reassign-existing,4,0,0,4,0,0,6,2,4,2,940GZZLUEUS,0,3900,2853,1800,1785,5a5f0ba061327b6a,119,119,0,0,83,36,2.7666666666666666,32,27,3.4,9,true,1053,14,38,36,29,1,1,0,0,2,1,32,25,7,4,london-link-072-a-arrival,true,219,94.41288515406161,548.5666666666667,368.55,493.3892156862745,974.75,1397.8333333333333,629249.6543289504,338518.5864312446,65.02069688034672,1.020440728007798,642111.9753792455,640389.2376034359,1.0026785523401271,1.2062491145175098,2,0,0
profile,tfl-numbat-2019-midweek,am-peak,15,3.966666666666667,1,3,off,free-flow,virtual,4,drop-offs,unassigned,0,0,0,4,0,0,4,1,3,0,940GZZLUEUS,0,3900,2762,1800,1785,c3c03c914bb6c564,119,119,0,0,89,30,2.966666666666667,27,32,4.133333333333334,-2,true,962,13,35,35,30,2,2,0,0,2,1,39,31,8,4,london-link-081-a-departure,true,312,92.78697478991597,391.53333333333336,291.23333333333335,492.78935574229695,908.8166666666667,1246.1666666666667,644545.7968098928,333229.9738274521,65.91959180884157,1,644545.7968304347,644545.7968304347,1,1,0,0,0
profile,tfl-numbat-2019-midweek,am-peak,15,3.966666666666667,1,3,off,free-flow,virtual,4,drop-offs,reassign-existing,1,0,0,3,0,0,4,1,3,1,940GZZLUEUS,0,3900,2762,1800,1785,c3c03c914bb6c564,119,119,0,0,89,30,2.966666666666667,27,32,4.133333333333334,-2,true,962,12,35,35,31,2,2,0,0,2,1,46,38,8,4,london-link-081-a-departure,true,312,88.18865546218487,391.53333333333336,290.7,488.31554621848744,908.8166666666667,1246.1666666666667,641749.2575374533,313998.05443731265,67.1463314096558,1.0045914182812237,644695.7968304347,644695.7968304347,1,1,0,0,0
profile,tfl-numbat-2019-midweek,am-peak,12,4.966666666666667,1,1,off,free-flow,virtual,4,drop-offs,unassigned,1,0,0,7,0,0,7,1,6,0,940GZZLUEUS,0,3900,2819,1800,1788,f2c28309e2ce7687,149,149,0,0,112,37,3.7333333333333334,32,42,5.333333333333333,-5,true,1019,15,45,45,38,2,2,0,0,2,1,60,51,9,4,london-link-030-a-arrival,true,279,78.98747203579418,463.68333333333334,271.8833333333333,487.265548098434,885.4333333333333,1212.25,821161.3183375427,396619.33936218213,67.43097068799241,1.0029070918390026,823548.5097655542,822790.953963216,1.0010539799070544,1.157043006151102,1,0,0.37065741146342285
profile,tfl-numbat-2019-midweek,am-peak,12,4.966666666666667,1,1,off,free-flow,virtual,4,drop-offs,reassign-existing,2,0,0,6,0,0,7,1,6,1,940GZZLUEUS,0,3900,2819,1800,1788,f2c28309e2ce7687,149,149,0,0,112,37,3.7333333333333334,32,42,5.333333333333333,-5,true,1019,15,45,44,38,2,2,0,0,2,1,58,50,8,4,london-link-030-a-arrival,true,279,77.79183445190156,416.15,271.8833333333333,486.0338926174497,874.2833333333333,1212.25,813716.1990196705,393179.8094928757,67.42222969338883,1.0119910488421633,823473.5097655542,822715.953963216,1.0010539799070544,1.157043006151102,1,0,0.37404787812840046
profile,tfl-numbat-2019-midweek,am-peak,12,4.966666666666667,1,2,off,free-flow,virtual,4,drop-offs,unassigned,1,0,0,11,0,0,12,5,7,0,940GZZLUEUS,0,3900,2596,1800,1788,4f469d7049de7204,149,149,0,0,107,42,3.566666666666667,38,36,4.6,6,true,796,15,47,47,41,1,1,0,0,2,1,31,24,7,3,940GZZLUWLO-01-arrival,true,150,101.47673378076063,533.1166666666667,295.23333333333335,500.4052572706935,894.9833333333333,1377.3833333333334,800641.0051135638,409544.401410982,66.15854073243814,1.004381420324904,804148.949942654,803353.80751615,1.000553209436041,1.0824282059701054,1,0,0
profile,tfl-numbat-2019-midweek,am-peak,12,4.966666666666667,1,2,off,free-flow,virtual,4,drop-offs,reassign-existing,6,0,0,6,0,0,12,5,7,5,940GZZLUEUS,0,3900,2558,1800,1788,4f469d7049de7204,149,149,0,0,108,41,3.6,38,36,4.666666666666667,5,true,758,15,46,44,39,1,1,0,0,2,1,23,17,6,5,london-link-075-a-arrival,true,150,93.58702460850112,533.1166666666667,295.23333333333335,492.5891498881432,860.4666666666667,1377.3833333333334,780204.2120594063,380193.194779125,67.23594929301417,1.030978732819714,804373.949942654,803578.80751615,1.000553209436041,1.0824282059701054,1,0,0
profile,tfl-numbat-2019-midweek,am-peak,12,4.966666666666667,1,3,off,free-flow,virtual,4,drop-offs,unassigned,0,0,0,9,0,0,9,2,7,0,940GZZLUEUS,0,3900,2742,1800,1788,fb7bde77c7f4ae02,149,149,0,0,102,47,3.4,34,40,4.533333333333333,7,true,942,19,48,47,37,1,2,0,0,1,2,28,20,8,4,london-link-057-b-departure,true,466,109.87885906040268,477.73333333333335,405,503.0734899328859,907.3666666666667,1323.9833333333333,792965.537800214,405558.6763519258,66.16182872543578,1,792965.5378546047,792965.5378546047,1,1,0,0,0
profile,tfl-numbat-2019-midweek,am-peak,12,4.966666666666667,1,3,off,free-flow,virtual,4,drop-offs,reassign-existing,2,0,0,7,0,0,9,2,7,2,940GZZLUEUS,0,3900,2696,1800,1788,fb7bde77c7f4ae02,149,149,0,0,102,47,3.4,34,40,4.533333333333333,7,true,896,19,48,46,37,1,2,0,0,1,2,27,19,8,4,london-link-057-b-departure,true,466,105.2993288590604,465.51666666666665,322.3,498.5200223713647,906.4666666666667,1313.4166666666667,780522.5138449623,403147.4406165926,65.94089094708988,1.0162301839249792,793190.5378546047,793190.5378546047,1,1,0,0,0
profile,tfl-numbat-2019-midweek,am-peak,10,5.966666666666667,1,1,off,free-flow,virtual,4,drop-offs,unassigned,1,0,0,12,0,0,12,1,11,0,940GZZLUEUS,0,3900,2689,1800,1790,523cd75d5a7198e9,179,179,0,0,128,51,4.266666666666667,45,44,5.533333333333333,7,true,889,16,54,54,43,1,2,0,0,2,2,87,70,17,4,london-link-017-a-arrival,true,289,95.53780260707636,450.8833333333333,299.95,502.39757914338924,918.0166666666667,1323.1666666666667,981737.2023816278,467627.90176867554,67.73567264524252,1.0030465857768345,984728.1490764457,983928.667994653,1.0009875298360693,1.1767678406564142,1,0,0
profile,tfl-numbat-2019-midweek,am-peak,10,5.966666666666667,1,1,off,free-flow,virtual,4,drop-offs,reassign-existing,2,0,0,11,0,0,12,1,11,1,940GZZLUEUS,0,3900,2689,1800,1790,523cd75d5a7198e9,179,179,0,0,129,50,4.3,45,44,5.6,6,true,889,16,54,53,42,1,2,0,0,2,2,82,66,16,4,london-link-017-a-arrival,true,289,95.04124767225326,450.8833333333333,299.95,501.8710428305401,915.9833333333333,1323.1666666666667,974292.0830637539,467664.63371481147,67.56735980538946,1.0106344556179263,984653.1490764457,983853.667994653,1.0009875298360693,1.1767678406564142,1,0,0
profile,tfl-numbat-2019-midweek,am-peak,10,5.966666666666667,1,2,off,free-flow,virtual,4,drop-offs,unassigned,0,0,0,17,1,0,15,5,10,0,940GZZLUEUS,0,3900,3042,1800,1790,1b0e7b93da5a461c,179,179,0,0,122,57,4.066666666666666,41,48,5.4,9,true,1242,20,57,57,47,1,2,0,0,2,1,76,65,11,4,london-link-072-a-arrival,true,246,112.00772811918064,541.3833333333333,392.18333333333334,523.835009310987,999.4333333333333,1441.95,996777.3200693368,509326.55710982234,66.18250807084037,1,996777.3201702276,996777.3201702276,1,1,0,0,0.2757569710273761
profile,tfl-numbat-2019-midweek,am-peak,10,5.966666666666667,1,2,off,free-flow,virtual,4,drop-offs,reassign-existing,4,0,0,12,1,0,14,4,10,4,940GZZLUEUS,0,3900,2998,1800,1790,1b0e7b93da5a461c,179,179,0,0,122,57,4.066666666666666,41,48,5.4,9,true,1198,20,58,57,47,2,1,0,0,2,1,51,40,11,4,london-link-072-a-arrival,true,315,109.15297951582868,528.1166666666667,391.53333333333336,520.7175977653632,999.4333333333333,1397.55,983905.4273079946,482436.9283327911,67.09929802703078,1.0134635833843941,997152.3201702274,997152.3201702274,1,1,0,0,0.0074567740131425645
profile,tfl-numbat-2019-midweek,am-peak,10,5.966666666666667,1,3,off,free-flow,virtual,4,drop-offs,unassigned,1,0,0,18,0,0,17,6,11,0,940GZZLUEUS,0,3900,2547,1800,1790,03cb8a2c06b5ed7f,179,179,0,0,124,55,4.133333333333334,42,47,5.466666666666667,8,true,747,19,61,60,45,4,2,0,0,2,2,1701,100,783,4,london-link-075-b-departure,true,282,113.69618249534452,488.3833333333333,375.9166666666667,502.00716945996277,889.4,1300.0166666666667,933317.4969878626,415586.9103445753,69.19078119357394,1.005098038236726,938075.5853607473,937327.5506177747,1.0004860613104136,1.0870049745640236,1,0,0.00994965474698028
profile,tfl-numbat-2019-midweek,am-peak,10,5.966666666666667,1,3,off,free-flow,virtual,4,drop-offs,reassign-existing,7,0,0,10,0,0,16,6,10,6,940GZZLUEUS,0,3900,2547,1800,1790,03cb8a2c06b5ed7f,179,179,0,0,125,54,4.166666666666667,43,46,5.466666666666667,8,true,747,19,61,58,44,3,2,0,0,2,2,1647,65,764,3,940GZZLUCHX-01-arrival,true,282,106.81089385474861,488.3833333333333,314.2,494.7135009310987,867.8666666666667,1277.9166666666667,908689.5085361629,405175.0866609168,69.16157965272362,1.032008817608665,937775.5853607473,937027.5506177747,1.0004860613104136,1.0870049745640236,1,0,0
profile,tfl-numbat-2019-midweek,am-peak,8.571429,7,1,1,off,free-flow,virtual,4,drop-offs,unassigned,2,0,0,20,0,0,19,2,17,0,940GZZLUEUS,0,3900,3025,1800,1799,1cdd19da9c40d2c2,210,210,0,0,142,68,4.733333333333333,50,55,6.133333333333334,13,true,1225,23,68,67,48,1,2,0,0,2,1,80,61,19,4,london-link-017-a-arrival,true,479,118.63436507936508,607.3,362.2,531.5479365079365,1024.2166666666667,1355.4833333333333,1158885.45381099,591182.9409811684,66.2194378950899,1.0118955031886214,1172670.9795067678,1170877.699605775,1.0008939687209382,1.1092624286679245,2,0,0.2325817353094976
profile,tfl-numbat-2019-midweek,am-peak,8.571429,7,1,1,off,free-flow,virtual,4,drop-offs,reassign-existing,4,0,0,16,0,0,18,2,16,2,940GZZLUEUS,0,3900,3025,1800,1799,1cdd19da9c40d2c2,210,210,0,0,145,65,4.833333333333333,50,55,6.333333333333333,10,true,1225,22,65,63,48,1,2,0,0,2,1,80,60,20,4,london-link-017-a-arrival,true,492,115.1595238095238,607.3,359.96666666666664,527.9302380952381,1017.3333333333334,1355.4833333333333,1148306.1305341057,581665.5771428501,66.37716243788036,1.0208915098913558,1172295.9795067678,1170502.699605775,1.0008939687209382,1.1092624286679245,2,0,0.23528854429030502
profile,tfl-numbat-2019-midweek,am-peak,8.571429,7,1,2,off,free-flow,virtual,4,drop-offs,unassigned,1,0,0,22,0,0,20,7,13,0,940GZZLUEUS,0,3900,2763,1800,1799,b57b46766d35932b,210,210,0,0,144,66,4.8,48,57,6.4,9,true,963,24,69,69,58,1,2,0,0,2,1,71,54,17,4,940GZZLUWLO-01-arrival,true,208,111.94039682539683,553.9333333333333,362.2,519.6289682539682,959.1333333333333,1408.5666666666666,1150798.9550452908,528148.7092972398,68.542872388815,1.0064043500271957,1158169.0744508996,1157418.3186499553,1.0004219028977983,1.088599608537648,1,0,0.31241355744667004
profile,tfl-numbat-2019-midweek,am-peak,8.571429,7,1,2,off,free-flow,virtual,4,drop-offs,reassign-existing,8,0,0,12,0,0,18,7,11,7,940GZZLUEUS,0,3900,2768,1800,1799,b57b46766d35932b,210,210,0,0,145,65,4.833333333333333,49,56,6.4,9,true,968,23,68,67,56,1,2,0,0,2,1,57,42,15,4,london-link-075-a-arrival,true,186,102.89214285714284,478.26666666666665,349.26666666666665,510.5257936507937,952.9166666666666,1396.6833333333334,1120050.0708006253,525341.5488987556,68.0719445383624,1.0339663418135738,1158094.0744508996,1157193.3186499553,1.0005061985297337,1.106301691244081,1,0,0.3188839063278525
profile,tfl-numbat-2019-midweek,am-peak,8.571429,7,1,3,off,free-flow,virtual,4,drop-offs,unassigned,1,0,0,21,0,0,20,6,14,0,940GZZLUEUS,0,3900,2786,1800,1799,4467f8d100e65ee9,210,210,0,0,148,62,4.933333333333334,49,56,6.6,6,true,986,23,69,69,54,2,2,0,0,2,2,92,72,20,5,940GZZLUWLO-01-arrival,true,314,119.33785714285713,511.71666666666664,356.43333333333334,509.713492063492,945.3666666666667,1246.1666666666667,1105778.0204878408,500924.15840821114,68.8228369272275,1.0020814452073137,1108079.6369464037,1107182.2862450127,1.0007608774438925,1.1597842632174205,1,0,0
profile,tfl-numbat-2019-midweek,am-peak,8.571429,7,1,3,off,free-flow,virtual,4,drop-offs,reassign-existing,7,0,0,12,0,0,18,6,12,6,940GZZLUEUS,0,3900,2786,1800,1799,4467f8d100e65ee9,210,210,0,0,149,61,4.966666666666667,50,55,6.6,6,true,986,23,69,67,54,1,2,0,0,2,2,58,45,13,4,london-link-022-a-arrival,true,318,112.67587301587302,511.71666666666664,354.6166666666667,502.85111111111115,945.3666666666667,1244.7833333333333,1081225.0320242387,476843.0912271046,69.39523477111908,1.024629104975508,1107854.6369464037,1106957.2862450127,1.0007608774438925,1.1597842632174205,1,0,0
profile,tfl-numbat-2019-midweek,am-peak,7.5,7.966666666666667,1,1,off,free-flow,virtual,4,drop-offs,unassigned,3,0,0,28,0,0,26,2,24,0,940GZZLUEUS,0,3900,2812,1800,1792.5,c5bb3efd32d68016,239,239,0,0,159,80,5.3,55,64,6.933333333333334,16,true,1012,31,80,78,56,2,3,0,0,2,2,148,107,41,5,london-link-072-a-arrival,true,317.5,130.35969316596933,601.9333333333333,395.31666666666666,544.3989539748954,994.2833333333333,1348.6666666666667,1324968.2545093738,668072.7036324472,66.47973033854187,1.0098918898828602,1338074.6946218857,1335773.5669824155,1.0023170601521247,1.3271664450883998,3,0,0.02877895025352885
profile,tfl-numbat-2019-midweek,am-peak,7.5,7.966666666666667,1,1,off,free-flow,virtual,4,drop-offs,reassign-existing,4,0,0,23,0,0,24,2,22,2,940GZZLUEUS,0,3900,2812,1800,1792.5,c5bb3efd32d68016,239,239,0,0,161,78,5.366666666666666,55,64,7.066666666666666,14,true,1012,30,78,78,55,2,3,0,0,2,2,178,137,41,5,london-link-072-a-arrival,true,311.5,127.45174337517435,601.9333333333333,373.8,540.9112273361228,983.0666666666667,1348.6666666666667,1320901.6250283516,656818.4572014874,66.78910918167256,1.0120550903778092,1336825.2135400928,1335323.5669824153,1.0019451335236795,1.3271664450883998,2,0,0.02900031762252634
profile,tfl-numbat-2019-midweek,am-peak,7.5,7.966666666666667,1,2,off,free-flow,virtual,4,drop-offs,unassigned,2,0,0,28,1,0,25,7,18,0,940GZZLUEUS,0,3900,2601,1800,1792.5,68d8ac9c4adb685f,239,239,0,0,166,73,5.533333333333333,54,65,7.466666666666667,8,true,801,26,84,80,69,2,2,0,0,2,2,107,82,25,4,940GZZLUWLO-01-arrival,true,153.5,119.2626220362622,562.3166666666667,363.06666666666666,513.8575313807531,958.3666666666667,1411.5833333333333,1268619.1041582236,595965.6718932686,68.03761998125364,1.0046452702207047,1274512.1827599262,1274512.1827599262,1,1,0,0,0
profile,tfl-numbat-2019-midweek,am-peak,7.5,7.966666666666667,1,2,off,free-flow,virtual,4,drop-offs,reassign-existing,9,0,0,19,1,0,22,6,16,6,940GZZLUEUS,0,3900,2607,1800,1792.5,68d8ac9c4adb685f,239,239,0,0,169,70,5.633333333333334,55,64,7.6,6,true,807,24,82,77,65,2,2,0,0,2,2,73,57,16,4,london-link-020-a-departure,true,190.5,108.62635983263598,548.5666666666667,352.68333333333334,502.6560669456067,962.7833333333333,1397.8333333333333,1236623.8763159434,554754.595652426,69.0319715050019,1.0303352596505817,1274137.1827599262,1274137.1827599262,1,1,0,0,0
profile,tfl-numbat-2019-midweek,am-peak,7.5,7.966666666666667,1,3,off,free-flow,virtual,4,drop-offs,unassigned,6,0,0,28,0,0,26,9,17,0,940GZZLUEUS,0,3900,2827,1800,1792.5,e058693e89b7cdb5,239,239,0,0,168,71,5.6,55,64,7.533333333333333,7,true,1027,27,76,74,58,2,3,0,0,2,2,93,72,21,4,940GZZLUWLO-diverge,true,311.5,121.47768479776848,533.4666666666667,354.6166666666667,511.7939330543933,955.1,1242.25,1240375.3437835206,600456.7999176258,67.38123016961464,1.0151318621580279,1259144.5325726792,1253669.3296993321,1.004423339007187,1.2428431128234836,6,0,0.01779069250270567
profile,tfl-numbat-2019-midweek,am-peak,7.5,7.966666666666667,1,3,off,free-flow,virtual,4,drop-offs,reassign-existing,16,0,0,14,0,0,22,9,13,9,940GZZLUEUS,0,3900,2827,1800,1792.5,e058693e89b7cdb5,239,239,0,0,170,69,5.666666666666667,57,62,7.533333333333333,7,true,1027,25,76,71,55,1,3,0,0,2,2,99,78,21,4,940GZZLUWLO-01-arrival,true,306.5,110.5718270571827,474.15,315.26666666666665,501.3117154811716,918.6,1230.65,1196216.8830376482,550483.8670688645,68.48436304642932,1.0533645269527847,1260052.4312116362,1253669.329699332,1.0049361712864606,1.2677536567834953,7,0,0.029674749131232674
profile,tfl-numbat-2019-midweek,am-peak,6.666667,8.966666666666667,1,1,off,free-flow,virtual,4,drop-offs,unassigned,4,0,0,49,0,0,40,4,36,0,940GZZLUEUS,0,3900,3047,1800,1793.3333333333333,49a37ab7a7c4d1c5,269,269,0,0,180,89,6,66,68,7.6,21,true,1247,35,93,90,61,2,4,1,0,2,2,117,88,29,5,london-link-084-a-arrival,true,497.6666666666667,145.3407063197026,637.2833333333333,428.3333333333333,548.355638166047,985.7666666666667,1392.6833333333334,1441522.9843158815,735702.6556036378,66.20916812136967,1.0164016218724437,1465166.2992348585,1462740.8914668586,1.0013212294955154,1.187096609609939,3,0,0.0037633127187425516
profile,tfl-numbat-2019-midweek,am-peak,6.666667,8.966666666666667,1,1,off,free-flow,virtual,4,drop-offs,reassign-existing,9,0,0,42,0,0,40,5,35,5,940GZZLUEUS,0,3900,3031,1800,1793.3333333333333,49a37ab7a7c4d1c5,269,269,0,0,181,88,6.033333333333333,66,68,7.666666666666667,20,true,1231,33,91,88,59,2,4,1,0,2,2,91,68,23,4,london-link-017-a-arrival,true,515.6666666666666,142.22905824039654,661.9666666666667,404.1,545.0195786864932,984.7666666666667,1377.5333333333333,1419539.3681222284,740173.2292385586,65.72816076810102,1.032247736219492,1465316.2992348587,1462740.8914668586,1.0014601947413855,1.224478260748962,3,0,0.012654463545654141
profile,tfl-numbat-2019-midweek,am-peak,6.666667,8.966666666666667,1,2,off,free-flow,virtual,4,drop-offs,unassigned,3,0,0,31,1,0,28,12,16,0,940GZZLUEUS,0,3900,2717,1800,1793.3333333333333,5298a0fc6c131c1b,269,269,0,0,190,79,6.333333333333333,56,78,8.933333333333334,1,true,917,32,92,88,71,1,2,0,1,2,2,145,119,26,4,london-link-020-a-departure,true,436.6666666666667,131.8541511771995,567.6833333333333,365.3333333333333,531.305142503098,962.45,1422.3166666666666,1438223.393576534,658250.599695554,68.60201453450017,1.009545681665416,1451952.2162666284,1449451.5292867548,1.00179195943034,1.3092587288541757,3,0,0
profile,tfl-numbat-2019-midweek,am-peak,6.666667,8.966666666666667,1,2,off,free-flow,virtual,4,drop-offs,reassign-existing,15,0,0,18,1,0,26,11,15,11,940GZZLUEUS,0,3900,2742,1800,1793.3333333333333,5298a0fc6c131c1b,269,269,0,0,192,77,6.4,57,77,9,0,true,942,31,90,82,68,1,2,0,0,2,1,104,82,22,4,london-link-020-a-departure,true,238.66666666666666,117.3219950433705,474.5,355.46666666666664,516.7390954151177,941.3833333333333,1325.6166666666666,1389619.542856227,621566.2371457176,69.09453898659144,1.0449098990484582,1452027.2162666284,1449526.5292867548,1.00179195943034,1.3092587288541757,3,0,0
profile,tfl-numbat-2019-midweek,am-peak,6.666667,8.966666666666667,1,3,off,free-flow,virtual,4,drop-offs,unassigned,3,0,0,44,0,0,36,8,28,0,940GZZLUEUS,0,3900,3103,1800,1793.3333333333333,211dd28cc9405e83,269,269,0,0,189,80,6.3,64,70,8.333333333333334,10,true,1303,32,86,85,62,3,3,0,0,1,1,213,179,34,5,940GZZLUWLO-01-arrival,true,452.6666666666667,138.17193308550185,631.9166666666666,399,530.6604708798017,992.75,1489.1333333333334,1415938.7656386683,675523.5665770731,67.70089730177409,1.006501244647541,1425144.1299761403,1422683.763646423,1.0015475683007224,1.1843623158757828,3,0,0.007822787780805486
profile,tfl-numbat-2019-midweek,am-peak,6.666667,8.966666666666667,1,3,off,free-flow,virtual,4,drop-offs,reassign-existing,11,0,0,30,0,0,33,8,25,8,940GZZLUEUS,0,3900,3109,1800,1793.3333333333333,211dd28cc9405e83,269,269,0,0,196,73,6.533333333333333,64,70,8.8,3,true,1309,32,88,82,64,2,3,0,0,2,1,184,160,21,5,london-link-020-a-departure,true,458.6666666666667,132.02571251548946,637.95,375.9166666666667,524.151239157373,961.8,1495.1666666666667,1381260.2409044572,656066.0528727355,67.79769372846053,1.0305220463148468,1423419.12997614,1420958.763646423,1.0012464142705075,1.1197904443105975,3,0,0.44454561279005933
profile,tfl-numbat-2019-midweek,am-peak,6,9.966666666666667,1,1,off,free-flow,virtual,4,drop-offs,unassigned,7,0,0,62,2,0,47,7,40,0,940GZZLUEUS,0,3900,2904,1800,1794,ec993b94e97e8c08,299,299,0,0,199,100,6.633333333333334,67,82,8.8,18,true,1104,43,103,99,67,2,3,0,0,2,2,287,236,50,6,london-link-075-a-arrival,true,291,154.9515607580825,607.3,429.06666666666666,552.7244704570792,1022.3166666666667,1354.5666666666666,1579776.6171926814,804964.595534178,66.24520131416138,1.0159593449068829,1604988.8170762847,1599432.321244175,1.0033891790887641,1.2478804537816155,7,0,0.5154344621081384
profile,tfl-numbat-2019-midweek,am-peak,6,9.966666666666667,1,1,off,free-flow,virtual,4,drop-offs,reassign-existing,14,0,0,50,2,0,47,7,40,7,940GZZLUEUS,0,3900,2904,1800,1794,ec993b94e97e8c08,299,299,0,0,199,100,6.633333333333334,67,82,8.8,18,true,1104,40,102,97,65,2,3,0,0,2,2,207,170,36,5,940GZZLUTCR-01-departure,true,286,146.0128762541806,607.3,396.6166666666667,543.6620401337793,1017.4833333333333,1360.2,1546599.7698374488,763514.8385541898,66.94904937700176,1.037607691654144,1604763.8170762847,1599057.3212441748,1.0035569093455314,1.2980318005550049,7,0,0.15703128228439192
profile,tfl-numbat-2019-midweek,am-peak,6,9.966666666666667,1,2,off,free-flow,virtual,4,drop-offs,unassigned,7,0,0,42,1,0,37,12,25,0,940GZZLUEUS,0,3900,2786,1800,1794,cff3592b57bdace5,299,299,0,0,208,91,6.933333333333334,59,90,9.933333333333334,1,true,986,35,104,101,75,2,2,0,1,2,2,237,199,38,5,940GZZLUWLO-exit,true,442,145.04554069119285,611.5166666666667,423.7,543.3542363433668,1040.7,1502.4333333333334,1584084.52993764,750955.5530518917,67.83971467888253,1.01429269707497,1606725.3702380622,1602489.5758664159,1.0023494012142147,1.1733558815581808,5,0,0.011674128380389798
profile,tfl-numbat-2019-midweek,am-peak,6,9.966666666666667,1,2,off,free-flow,virtual,4,drop-offs,reassign-existing,15,0,0,24,1,0,30,11,19,11,940GZZLUEUS,0,3900,2885,1800,1794,cff3592b57bdace5,299,299,0,0,219,80,7.3,60,89,10.6,-9,true,1085,35,100,95,73,4,3,0,0,2,2,1440,119,667,4,london-link-047-a-departure,true,667,130.85022296544037,786.6,393.5833333333333,527.6059085841695,1016.5333333333333,1469.5833333333333,1543286.7101997444,696696.684238801,68.89723888272714,1.0379778318722312,1601897.3933938185,1600239.5758664163,1.0009474884111382,1.1764069596289919,2,0,0
profile,tfl-numbat-2019-midweek,am-peak,6,9.966666666666667,1,3,off,free-flow,virtual,4,drop-offs,unassigned,3,0,0,46,0,0,40,9,31,0,940GZZLUEUS,0,3900,3043,1800,1794,44eaa9db7e5a8804,299,299,0,0,206,93,6.866666666666666,70,79,9.066666666666666,14,true,1243,36,100,96,71,3,3,0,0,1,1,257,217,39,5,940GZZLUWLO-01-arrival,true,392,151.1774247491639,733.2833333333333,410.18333333333334,542.8894648829432,1024.55,1590.5,1560245.1978297064,825955.1070613677,65.38617879779916,1.0110326862516765,1577458.893551603,1574951.620928904,1.001201476861237,1.1616140345585095,3,0,0.028529856494821832
profile,tfl-numbat-2019-midweek,am-peak,6,9.966666666666667,1,3,off,free-flow,virtual,4,drop-offs,reassign-existing,13,0,0,34,0,0,39,9,30,9,940GZZLUEUS,0,3900,2910,1800,1794,44eaa9db7e5a8804,299,299,0,0,208,91,6.933333333333334,71,78,9.133333333333333,13,true,1110,35,96,90,69,2,3,0,1,1,1,186,150,34,5,london-link-027-a-departure,true,259,137.06644370122632,600.65,358.3833333333333,528.3777591973245,995.1333333333333,1457.8666666666666,1524947.847071138,766234.6306650017,66.55724115775803,1.0348108270781466,1578032.5428665767,1574876.6209289038,1.001668956996843,1.142143303694807,4,0,0.829041428282564
profile,tfl-numbat-2019-midweek,am-peak,5.4545449999999995,11,1,1,off,free-flow,virtual,4,drop-offs,unassigned,10,0,0,78,2,0,59,10,49,0,940GZZLUEUS,0,3900,3230,1800,1798.5,d27211c532c656cc,330,330,0,0,222,108,7.4,76,89,9.733333333333333,19,true,1430,46,117,109,75,2,3,1,1,2,2,310,252,57,5,940GZZLUWLO-01-arrival,true,589.5,168.51065656565657,831.4,450.0833333333333,571.0641919191919,1047.5333333333333,1484.55,1753752.1675977316,986081.2583305973,64.00944491738629,1.0216177346196844,1791664.3164732126,1784248.4405093037,1.0038501462189346,1.1964877401340694,9,0,0.05967595953969943
profile,tfl-numbat-2019-midweek,am-peak,5.4545449999999995,11,1,1,off,free-flow,virtual,4,drop-offs,reassign-existing,19,0,0,62,2,0,57,9,48,9,940GZZLUEUS,0,3900,3242,1800,1798.5,d27211c532c656cc,330,330,0,0,226,104,7.533333333333333,76,89,10,15,true,1442,41,116,104,72,2,3,1,1,2,2,217,178,38,5,london-link-024-a-arrival,true,601.5,158.45656565656566,831.35,415.01666666666665,560.4894949494949,1047.3,1484.55,1715912.2455119705,941493.45541487,64.5709552332751,1.0435740071103092,1790681.4178342551,1784173.4405093035,1.0034891478862973,1.1964877401340694,8,0,0.061620305944819015
profile,tfl-numbat-2019-midweek,am-peak,5.4545449999999995,11,1,2,off,free-flow,virtual,4,drop-offs,unassigned,5,0,0,71,1,0,58,16,42,0,940GZZLUEUS,0,3900,3023,1800,1798.5,b1938ab1a755350f,330,330,0,0,225,105,7.5,62,103,10.866666666666667,2,true,1223,42,116,113,83,2,3,0,0,1,2,188,147,40,5,london-link-041-a-departure,true,577.5,174.62429292929292,802.0166666666667,471.4,571.5520202020201,1088.7166666666667,1526.4,1758346.2456795261,1020078.3808999596,63.285727777478826,1.005735090303,1768430.520110446,1765395.757905004,1.0023528546660125,1.2649924107744963,4,0,0.12774152975395017
profile,tfl-numbat-2019-midweek,am-peak,5.4545449999999995,11,1,2,off,free-flow,virtual,4,drop-offs,reassign-existing,25,0,0,29,1,0,44,16,28,16,940GZZLUEUS,0,3900,2654,1800,1798.5,b1938ab1a755350f,330,330,0,0,237,93,7.9,64,101,11.533333333333333,-8,true,854,40,114,107,82,2,3,0,0,2,2,202,162,40,4,london-link-017-a-arrival,true,381.5,136.4720707070707,521.0666666666667,385.55,534.3651010101011,1013.8666666666667,1326.9833333333333,1665448.5909910353,786145.4891423106,67.93329305561258,1.0637256065796938,1771580.312628092,1764870.7579050036,1.0035829612317082,1.3173556183629407,8,0,0
profile,tfl-numbat-2019-midweek,am-peak,5.4545449999999995,11,1,3,off,free-flow,virtual,4,drop-offs,unassigned,7,0,0,50,0,0,41,9,32,0,940GZZLUEUS,0,3900,2860,1800,1798.5,8d37e544ed24f656,330,330,0,0,228,102,7.6,73,92,10.333333333333334,10,true,1060,41,110,104,77,2,3,0,0,1,2,246,195,49,6,london-link-084-a-departure,true,459.5,159.99136363636362,670.0833333333334,411.18333333333334,548.5327272727272,1029.5833333333333,1393.7166666666667,1695383.4940252597,940590.3551367279,64.31715908578704,1.019194854795534,1727926.1339575765,1723588.2711538316,1.001990004830471,1.2440008390367427,5,0,0.3473227206946454
profile,tfl-numbat-2019-midweek,am-peak,5.4545449999999995,11,1,3,off,free-flow,virtual,4,drop-offs,reassign-existing,13,0,0,42,0,0,45,9,36,9,940GZZLUEUS,0,3900,2738,1800,1798.5,8d37e544ed24f656,330,330,0,0,222,108,7.4,72,93,10,15,true,938,47,112,104,76,3,3,0,0,1,2,273,221,52,5,london-link-020-a-departure,true,432.5,162.9281818181818,611.45,441.18333333333334,551.3389393939394,972.3666666666667,1416.7666666666667,1666092.8355986485,920886.160950478,64.40302908609291,1.036864958977961,1727513.279586145,1723138.2711538319,1.001790368531025,1.1945961528302254,4,0,0.29278413489133814
profile,tfl-numbat-2019-midweek,am-peak,5,11.966666666666667,1,1,off,free-flow,virtual,4,drop-offs,unassigned,16,0,0,101,3,0,70,12,58,0,940GZZLUEUS,0,3900,3477,1800,1795,03cdebea63353488,359,359,0,0,231,128,7.7,78,101,10.2,27,true,1677,61,132,114,76,3,7,1,1,2,2,311,240,65,6,london-link-031-b-departure,true,846,210.60942432683382,1015.5,576.1666666666666,609.4304085422469,1217.65,1851.9833333333333,1870370.9252763207,1271254.6758851614,59.535131257678536,1.0314219893558418,1929141.7004775824,1919488.5136882407,1.0046682223017656,1.2418167362831427,12,0,0.2024010146110947
profile,tfl-numbat-2019-midweek,am-peak,5,11.966666666666667,1,1,off,free-flow,virtual,4,drop-offs,reassign-existing,21,0,0,83,3,0,72,11,61,11,940GZZLUEUS,0,3900,3135,1800,1795,03cdebea63353488,359,359,0,0,231,128,7.7,78,101,10.2,27,true,1335,55,131,114,74,3,8,0,1,2,2,267,207,60,5,london-link-030-a-departure,true,592,195.90362116991642,911.85,550.6833333333333,593.7987465181059,1124.85,1693.8333333333333,1837886.5810447696,1172093.9776577333,61.05974923097238,1.0478948154272052,1925911.8195229247,1919413.513688241,1.0029774790759405,1.180463768331852,8,0,0.1088045552840479
profile,tfl-numbat-2019-midweek,am-peak,5,11.966666666666667,1,2,off,free-flow,virtual,4,drop-offs,unassigned,10,0,0,69,1,0,59,18,41,0,940GZZLUEUS,0,3900,2928,1800,1795,1ce863a45082331f,359,359,0,0,241,118,8.033333333333333,67,112,11.6,6,true,1128,52,129,114,82,2,3,0,0,1,2,278,222,56,4,940GZZLUBXN-01-arrival,true,589,203.95626740947077,789.4666666666667,545.6,597.9699628597957,1177.0833333333333,1676.35,1877672.6582829626,1092853.8684588433,63.21009563050327,1.0153471634516487,1906489.6073736148,1898413.4427678548,1.0043566705789884,1.258231496057529,10,0,0.12862858954157688
profile,tfl-numbat-2019-midweek,am-peak,5,11.966666666666667,1,2,off,free-flow,virtual,4,drop-offs,reassign-existing,23,0,0,43,1,0,51,15,36,15,940GZZLUEUS,0,3900,2934,1800,1795,1ce863a45082331f,359,359,0,0,247,112,8.233333333333333,72,107,11.666666666666666,5,true,1134,45,124,114,84,3,5,0,0,2,2,243,191,52,5,london-link-017-a-arrival,true,501,167.3545496750232,700.2666666666667,470.98333333333335,560.168755803157,1075.5,1607.6166666666666,1816002.4331089035,970214.9392677997,65.17806008652565,1.0473529291653012,1901995.4675965945,1896388.4427678548,1.0029371076144653,1.313454348348634,7,0,0.003915120194189961
profile,tfl-numbat-2019-midweek,am-peak,5,11.966666666666667,1,3,off,free-flow,virtual,4,drop-offs,unassigned,14,0,0,69,0,0,57,11,46,0,940GZZLUEUS,0,3900,3203,1800,1795,274627ca8e822360,359,359,0,0,236,123,7.866666666666666,77,102,10.6,21,true,1403,57,129,114,72,3,3,0,0,2,2,427,342,85,5,940GZZLUWLO-01-arrival,true,673,212.419452181987,773.3333333333334,565.3166666666667,607.2875116063138,1192.5666666666666,1502.6333333333334,1859208.2638758163,1240860.0818464414,59.97313789682452,1.025779552096222,1907137.8200708511,1895985.7907085281,1.0055079014500552,1.3327710785494125,14,0,0.2136846085526605
profile,tfl-numbat-2019-midweek,am-peak,5,11.966666666666667,1,3,off,free-flow,virtual,4,drop-offs,reassign-existing,20,0,1,64,0,0,63,11,52,11,940GZZLUEUS,0,3900,3105,1800,1795,274627ca8e822360,359,359,0,0,242,117,8.066666666666666,77,102,11,15,true,1305,53,128,114,76,3,3,0,0,1,2,412,352,57,5,940GZZLULVT-01-arrival,true,521,199.9719591457753,698.2666666666667,540.6166666666667,593.4196378830084,1139.4,1452.8,1828065.4487262932,1211051.1484236696,60.151211389540805,1.0408877841619015,1902810.9941338485,1895910.790708528,1.003882331376586,1.4683269400065286,9,0,0.15387583162484803
profile,tfl-numbat-2019-midweek,am-peak,4.615385,13.033333333333333,1,1,off,free-flow,virtual,4,drop-offs,unassigned,26,0,0,107,3,0,77,14,63,0,940GZZLUEUS,0,3900,3225,1800,1798.6,ea9a92c10a2e02f6,391,391,0,0,247,144,8.233333333333333,82,113,11,31,true,1425,79,148,114,79,3,5,0,1,2,1,351,289,62,5,london-link-009-a-arrival,true,606.4,241.41317135549872,870.3666666666667,613.9166666666666,643.1892583120205,1235.5,1696.3666666666666,2027216.3819049657,1314150.3584460355,60.67027475385753,1.0449238474447997,2118286.7412350154,2099604.6753855934,1.0094673662032219,1.3271664450883998,22,0,0.08746868089872026
profile,tfl-numbat-2019-midweek,am-peak,4.615385,13.033333333333333,1,1,off,free-flow,virtual,4,drop-offs,reassign-existing,32,2,1,85,4,0,80,12,68,12,940GZZLUEUS,0,3900,3318,1800,1798.6,ea9a92c10a2e02f6,391,391,0,0,251,140,8.366666666666667,82,113,11.266666666666667,27,true,1518,75,141,114,79,2,5,0,0,2,2,359,300,59,5,london-link-009-a-arrival,true,976.4,231.44352088661552,998.6666666666666,609.1166666666667,632.1825660699062,1269.6,1822.6333333333334,1994833.2355167104,1288763.8604102626,60.75146180361573,1.0591091981230534,2112746.228316169,2099004.6753855934,1.007136669558031,1.3271664450883998,17,0,0.08068541008151722
profile,tfl-numbat-2019-midweek,am-peak,4.615385,13.033333333333333,1,2,off,free-flow,virtual,4,drop-offs,unassigned,28,0,0,82,0,0,69,23,46,0,940GZZLUEUS,0,3900,3316,1800,1798.6,0e4f347011d2dd56,391,391,0,0,243,148,8.1,72,123,11.4,25,true,1516,78,148,114,78,2,3,0,0,1,2,373,282,87,6,london-link-017-a-departure,true,832.4,263.44305200341006,914.3333333333334,642.7666666666667,663.0997016197783,1281.6,1771.7,2016363.0447508376,1361477.1923732937,59.693854747480735,1.0447220896100038,2106539.0133796446,2082563.0081689255,1.011127397418082,1.2610911407601897,28,0,0.6275423146283672
profile,tfl-numbat-2019-midweek,am-peak,4.615385,13.033333333333333,1,2,off,free-flow,virtual,4,drop-offs,reassign-existing,38,0,0,46,0,0,64,20,44,20,940GZZLUEUS,0,3900,3326,1800,1798.6,0e4f347011d2dd56,391,391,0,0,259,132,8.633333333333333,77,118,12.133333333333333,14,true,1526,58,135,114,82,2,4,0,1,2,2,312,259,53,5,london-link-010-a-departure,true,750.4,198.26841432225063,881.8,523.0833333333334,595.6205456095481,1145.2833333333333,1678.4833333333333,1952031.6423792348,1145948.6836398458,63.00981403867095,1.0734704013132415,2095448.1903898248,2080538.008168925,1.0064031158421207,1.2610911407601897,17,0,0.011459802538787024
profile,tfl-numbat-2019-midweek,am-peak,4.615385,13.033333333333333,1,3,off,free-flow,virtual,4,drop-offs,unassigned,22,0,0,100,2,0,76,13,63,0,940GZZLUEUS,0,3900,3268,1800,1798.6,629b0a4814791cff,391,391,0,0,246,145,8.2,77,118,11.266666666666667,27,true,1468,78,147,114,74,3,3,0,1,1,1,527,443,81,6,london-link-030-a-departure,true,1041.4,260.3221653878943,1054.3666666666666,684.1,652.4583120204604,1313.8166666666666,1671.55,1978146.4648194232,1430976.7863501883,58.025079150211276,1.0417744009438386,2060782.348232345,2044386.34773021,1.0075484702934114,1.2916031263643482,18,0,0.7115503002102671
profile,tfl-numbat-2019-midweek,am-peak,4.615385,13.033333333333333,1,3,off,free-flow,virtual,4,drop-offs,reassign-existing,26,0,0,76,1,0,77,13,64,13,940GZZLUEUS,0,3900,3205,1800,1798.6,629b0a4814791cff,391,391,0,0,247,144,8.233333333333333,80,115,11.133333333333333,29,true,1405,76,144,114,75,4,3,0,1,1,2,662,538,123,7,london-link-063-b-departure,true,914.4,241.46453537936912,927.75,668.5166666666667,632.4057544757034,1278.75,1745.1,1951874.8293976022,1385053.7973383018,58.49315486579271,1.051809163567391,2052999.8315674237,2044161.3477302105,1.0046801006727735,1.4683269400065286,10,0,0.7167639495489612
profile,tfl-numbat-2019-midweek,am-peak,4.2857140000000005,14,1,1,off,free-flow,virtual,4,drop-offs,unassigned,41,0,1,91,1,0,73,10,63,0,940GZZLUEUS,0,3900,3314,1800,1799,24df56c9a0e2d1b9,420,420,0,0,260,160,8.666666666666666,87,123,11.533333333333333,37,true,1514,89,162,114,79,3,6,1,0,2,2,543,447,94,6,london-link-048-a-departure,true,866,264.8473015873016,1043.2333333333333,666.6,670.206746031746,1303.15,1882.2,2129254.1618295508,1399663.2043324208,60.33731994538921,1.0747556315937286,2288427.901339486,2258884.9966667467,1.0119720026310288,1.3787652122134353,33,0,0.4751805106452024
profile,tfl-numbat-2019-midweek,am-peak,4.2857140000000005,14,1,1,off,free-flow,virtual,4,drop-offs,reassign-existing,52,2,3,75,2,0,72,10,62,10,940GZZLUEUS,0,3900,3230,1800,1799,24df56c9a0e2d1b9,420,420,0,0,258,162,8.6,87,123,11.4,39,true,1430,83,162,114,79,3,5,0,0,2,2,433,360,73,5,london-link-048-a-departure,true,809,245.79761904761907,998.7833333333333,679.9833333333333,650.5924206349206,1323.9,1837.6166666666666,2090286.2044276774,1369339.1998204875,60.419437372062305,1.0953632521096803,2289622.6945477575,2257759.9966667467,1.0137063115640226,1.3787652122134353,33,0,0.05524818272941808
profile,tfl-numbat-2019-midweek,am-peak,4.2857140000000005,14,1,2,off,free-flow,virtual,4,drop-offs,unassigned,35,0,0,80,1,0,68,20,48,0,940GZZLUEUS,0,3900,3447,1800,1799,ad09ad1e7b111875,420,420,0,0,259,161,8.633333333333333,80,130,11.933333333333334,31,true,1647,84,164,114,82,3,5,0,1,1,2,369,296,71,6,london-link-017-a-departure,true,963,281.37583333333333,1163.8666666666666,697.3166666666667,677.9153968253969,1268.6666666666667,1849.2333333333333,2104950.068333152,1428784.8242228127,59.567288784661294,1.0662138658003328,2244326.949502507,2220712.4355341885,1.0094250583168005,1.313454348348634,28,0,0.4388879444899473
profile,tfl-numbat-2019-midweek,am-peak,4.2857140000000005,14,1,2,off,free-flow,virtual,4,drop-offs,reassign-existing,52,0,3,54,1,0,70,22,48,22,940GZZLUEUS,0,3900,3506,1800,1799,ad09ad1e7b111875,420,420,0,0,261,159,8.7,83,127,11.866666666666667,32,true,1706,82,159,114,80,3,6,0,1,1,2,401,321,77,5,london-link-063-a-arrival,true,941,256.9453571428572,1005.9,647.3833333333333,653.219007936508,1243.2,1801.1333333333334,2037686.210813675,1356651.5378248503,60.03192262263807,1.1002033735177876,2241869.2431488847,2218537.435534187,1.0110055055794178,1.313454348348634,26,0,0.2743506297594001
profile,tfl-numbat-2019-midweek,am-peak,4.2857140000000005,14,1,3,off,free-flow,virtual,4,drop-offs,unassigned,42,0,0,90,0,0,73,18,55,0,940GZZLUEUS,0,3900,3212,1800,1799,faba3276afd301f0,420,420,0,0,259,161,8.633333333333333,84,126,11.666666666666666,35,true,1412,91,162,114,76,3,4,0,0,1,2,596,481,115,7,london-link-048-a-departure,true,993,273.4579761904762,1137.95,720.6166666666667,669.6586507936508,1293.2,1710.0333333333333,2073848.370758371,1471263.2153113086,58.49881789073844,1.0772386854256917,2234029.6925224313,2204224.205050145,1.0129223340066285,1.3691964394183023,32,0,0.6110778028870544
profile,tfl-numbat-2019-midweek,am-peak,4.2857140000000005,14,1,3,off,free-flow,virtual,4,drop-offs,reassign-existing,49,0,3,76,1,0,81,20,61,20,940GZZLUEUS,0,3900,3161,1800,1799,faba3276afd301f0,420,420,0,0,259,161,8.633333333333333,83,127,11.733333333333333,34,true,1361,88,162,114,76,3,5,1,1,2,2,619,482,135,6,940GZZLUWLO-exit,true,643,265.15964285714284,989.8166666666667,664.0333333333333,659.9236904761905,1247.3333333333333,1681.9333333333334,2020674.4000691704,1439174.7439165947,58.40354061626347,1.1023201730844254,2227430.154276791,2203849.2050501443,1.0095941391241858,1.303548929849519,25,0,0.2827740210229488
profile,tfl-numbat-2019-midweek,am-peak,4,14.966666666666667,1,1,off,free-flow,virtual,4,drop-offs,unassigned,64,4,5,110,3,0,81,8,73,0,940GZZLUEUS,0,3900,3522,1800,1796,e9e681de5348b2c1,449,449,0,0,260,189,8.666666666666666,93,131,11.133333333333333,58,true,1722,108,194,114,73,3,5,0,1,2,1,586,472,111,6,london-link-048-a-departure,true,851,318.0847438752784,1187.55,786.15,720.2211952487008,1342.6666666666667,2021.0166666666667,2176505.4717507907,1524730.5579620628,58.80482774614206,1.1153462394350502,2427557.1928261546,2383468.9782817517,1.0175440724285016,1.3805432059138336,44,0,0.5187150014736222
profile,tfl-numbat-2019-midweek,am-peak,4,14.966666666666667,1,1,off,free-flow,virtual,4,drop-offs,reassign-existing,63,5,7,100,5,0,86,11,75,11,940GZZLUEUS,0,3900,3547,1800,1796,e9e681de5348b2c1,449,449,0,0,260,189,8.666666666666666,93,131,11.133333333333333,58,true,1747,112,193,114,72,3,5,0,1,2,1,430,346,78,5,london-link-010-a-arrival,true,889,323.7660356347439,1159.7833333333333,780.4,724.4321455085375,1455.9333333333334,2034.4666666666667,2177519.821358301,1560316.5721183517,58.25615656047848,1.112091852398957,2421602.0515685896,2384218.9782817517,1.014718875868322,1.3805432059138336,36,0,0.043127709187664016
profile,tfl-numbat-2019-midweek,am-peak,4,14.966666666666667,1,2,off,free-flow,virtual,4,drop-offs,unassigned,60,0,1,98,6,0,78,28,50,0,940GZZLUEUS,0,3900,3741,1800,1796,15fe1f6c8c9c1257,449,449,0,0,255,194,8.5,84,140,11.4,54,true,1941,102,194,114,77,4,2,0,0,2,1,436,348,87,7,london-link-017-a-departure,true,1125,316.7433184855234,1156.4,711.2333333333333,715.994840386043,1358.1833333333334,2020.9833333333333,2157604.3581089233,1443013.774256367,59.92316537859478,1.1169736779166999,2409987.2751707113,2368735.328527404,1.016461478439668,1.3866091236141063,44,0,0.5165825263309385
profile,tfl-numbat-2019-midweek,am-peak,4,14.966666666666667,1,2,off,free-flow,virtual,4,drop-offs,reassign-existing,71,1,3,66,3,0,84,27,57,27,940GZZLUEUS,0,3900,3597,1800,1796,15fe1f6c8c9c1257,449,449,0,0,272,177,9.066666666666666,85,139,12.466666666666667,38,true,1797,95,179,114,80,3,5,0,1,2,2,443,359,84,6,london-link-017-a-departure,true,982,283.2021529324425,1114,666.75,681.1152561247216,1242.0666666666666,1876.1333333333334,2114561.6819806076,1456805.1172711498,59.20875118242216,1.1360357472099547,2402217.660224505,2368435.3285274035,1.0137781522208018,1.3798793285083335,38,0,0.692514952895989
profile,tfl-numbat-2019-midweek,am-peak,4,14.966666666666667,1,3,off,free-flow,virtual,4,drop-offs,unassigned,59,2,3,94,5,0,77,17,60,0,940GZZLUEUS,0,3900,3314,1800,1796,57f343b118d7dc71,449,449,0,0,259,190,8.633333333333333,88,136,11.4,54,true,1514,113,190,114,75,3,4,0,1,2,2,489,377,112,6,london-link-048-a-departure,true,840,319.918856718634,1110.75,818.7166666666667,719.4120267260579,1423.4166666666667,1942.1666666666667,2185723.449918733,1530192.2812814887,58.8205871184478,1.1035156572266367,2411980.049151012,2370531.442003044,1.0165808983992195,1.3574114792562268,45,0,0.49861943367406886
profile,tfl-numbat-2019-midweek,am-peak,4,14.966666666666667,1,3,off,free-flow,virtual,4,drop-offs,reassign-existing,66,2,4,75,3,0,78,17,61,17,940GZZLUEUS,0,3900,3297,1800,1796,57f343b118d7dc71,449,449,0,0,263,186,8.766666666666667,88,136,11.666666666666666,50,true,1497,110,188,114,73,3,6,0,1,2,2,539,449,90,5,940GZZLUEUS-exit,true,977,303.22078693392723,1024.8,776.7666666666667,701.7824053452116,1364.05,1783.8,2149621.2927366365,1518839.1073944443,58.597369421238035,1.1187093243926185,2404801.383903046,2370006.442003044,1.0148354967269142,1.3672433854015433,36,0,0.574101479129329
profile,tfl-numbat-2019-midweek,interpeak,60,0.9666666666666667,1,1,off,free-flow,virtual,4,drop-offs,unassigned,0,0,0,0,0,0,0,0,0,0,940GZZLUEUS,0,3900,2269,1800,1740,2c08c203aad74678,29,29,0,0,24,5,0.8,7,7,1.1333333333333333,-2,true,469,2,9,9,9,0,0,0,0,1,1,0,0,0,2,london-link-114-a-arrival,true,0,33.50689655172414,205.88333333333333,123.51666666666667,395.5850574712644,626,746.1666666666666,142008.84649967361,34596.459244340076,80.41029452734163,1,142008.846498793,142008.846498793,1,1,0,0,0
profile,tfl-numbat-2019-midweek,interpeak,60,0.9666666666666667,1,1,off,free-flow,virtual,4,drop-offs,reassign-existing,0,0,0,0,0,0,0,0,0,0,940GZZLUEUS,0,3900,2269,1800,1740,2c08c203aad74678,29,29,0,0,24,5,0.8,7,7,1.1333333333333333,-2,true,469,2,9,9,9,0,0,0,0,1,1,0,0,0,2,london-link-114-a-arrival,true,0,33.50689655172414,205.88333333333333,123.51666666666667,395.5850574712644,626,746.1666666666666,142008.84649967361,34596.459244340076,80.41029452734163,1,142008.846498793,142008.846498793,1,1,0,0,0
profile,tfl-numbat-2019-midweek,interpeak,60,0.9666666666666667,1,2,off,free-flow,virtual,4,drop-offs,unassigned,0,0,0,0,0,0,0,0,0,0,940GZZLUEUS,0,3900,2141,1800,1740,dbceb7018c3ce1a4,29,29,0,0,23,6,0.7666666666666667,9,5,0.9333333333333333,1,true,341,2,8,8,8,0,1,0,0,2,1,0,0,0,2,940GZZLUGPK-01-arrival,true,0,33.244827586206895,122.75,116.26666666666667,372.9270114942529,654.2,710.4666666666667,132883.3756310494,44485.521463630954,74.9192095162635,1,132883.3756302048,132883.3756302048,1,1,0,0,0
profile,tfl-numbat-2019-midweek,interpeak,60,0.9666666666666667,1,2,off,free-flow,virtual,4,drop-offs,reassign-existing,0,0,0,0,0,0,0,0,0,0,940GZZLUEUS,0,3900,2141,1800,1740,dbceb7018c3ce1a4,29,29,0,0,23,6,0.7666666666666667,9,5,0.9333333333333333,1,true,341,2,8,8,8,0,1,0,0,2,1,0,0,0,2,940GZZLUGPK-01-arrival,true,0,33.244827586206895,122.75,116.26666666666667,372.9270114942529,654.2,710.4666666666667,132883.3756310494,44485.521463630954,74.9192095162635,1,132883.3756302048,132883.3756302048,1,1,0,0,0
profile,tfl-numbat-2019-midweek,interpeak,60,0.9666666666666667,1,3,off,free-flow,virtual,4,drop-offs,unassigned,0,0,0,0,0,0,0,0,0,0,940GZZLUEUS,0,3900,2204,1800,1740,6e32fb4454e823d6,29,29,0,0,23,6,0.7666666666666667,7,7,1.0666666666666667,-1,true,404,2,9,9,8,0,2,0,0,2,1,0,0,0,2,940GZZLUEUS-01-arrival,true,0,22.107471264367817,149.66666666666666,125.46666666666667,368.0637931034483,690.5,731.0833333333334,135333.7822177885,60451.6033972607,69.12353636235143,1,135333.78221685975,135333.78221685975,1,1,0,0,0
profile,tfl-numbat-2019-midweek,interpeak,60,0.9666666666666667,1,3,off,free-flow,virtual,4,drop-offs,reassign-existing,0,0,0,0,0,0,0,0,0,0,940GZZLUEUS,0,3900,2204,1800,1740,6e32fb4454e823d6,29,29,0,0,23,6,0.7666666666666667,7,7,1.0666666666666667,-1,true,404,2,9,9,8,0,2,0,0,2,1,0,0,0,2,940GZZLUEUS-01-arrival,true,0,22.107471264367817,149.66666666666666,125.46666666666667,368.0637931034483,690.5,731.0833333333334,135333.7822177885,60451.6033972607,69.12353636235143,1,135333.78221685975,135333.78221685975,1,1,0,0,0
profile,tfl-numbat-2019-midweek,interpeak,30,1.9666666666666666,1,1,off,free-flow,virtual,4,drop-offs,unassigned,0,0,0,2,0,0,2,0,2,0,940GZZLUEUS,0,3900,2374,1800,1770,5c50291a262c6011,59,59,0,0,49,10,1.6333333333333333,15,14,2.2666666666666666,-4,true,574,4,16,16,15,1,0,0,0,1,1,6,5,1,3,940GZZLULVT-01-arrival,true,0,39.94406779661017,205.88333333333333,149.66666666666666,396.78757062146894,712.4,757.05,284493.14340539655,72024.60249994078,79.79775107209818,1,284493.1434021371,284493.1434021371,1,1,0,0,0
profile,tfl-numbat-2019-midweek,interpeak,30,1.9666666666666666,1,1,off,free-flow,virtual,4,drop-offs,reassign-existing,0,0,0,2,0,0,2,0,2,0,940GZZLUEUS,0,3900,2374,1800,1770,5c50291a262c6011,59,59,0,0,49,10,1.6333333333333333,15,14,2.2666666666666666,-4,true,574,4,16,16,15,1,0,0,0,1,1,6,5,1,3,940GZZLULVT-01-arrival,true,0,39.94406779661017,205.88333333333333,149.66666666666666,396.78757062146894,712.4,757.05,284493.14340539655,72024.60249994078,79.79775107209818,1,284493.1434021371,284493.1434021371,1,1,0,0,0
profile,tfl-numbat-2019-midweek,interpeak,30,1.9666666666666666,1,2,off,free-flow,virtual,4,drop-offs,unassigned,0,0,0,0,0,0,0,0,0,0,940GZZLUEUS,0,3900,2498,1800,1770,4be260785c883112,59,59,0,0,48,11,1.6,15,14,2.2,-3,true,698,4,15,15,15,1,1,0,0,2,1,8,7,1,2,940GZZLUBST-01-arrival,true,114,40.13757062146893,168.25,127.43333333333334,406.7621468926554,742.1666666666666,986.3,292404.32282980904,58514.1192852463,83.32543626588274,1,292404.3228264709,292404.3228264709,1,1,0,0,0
profile,tfl-numbat-2019-midweek,interpeak,30,1.9666666666666666,1,2,off,free-flow,virtual,4,drop-offs,reassign-existing,0,0,0,0,0,0,0,0,0,0,940GZZLUEUS,0,3900,2498,1800,1770,4be260785c883112,59,59,0,0,48,11,1.6,15,14,2.2,-3,true,698,4,15,15,15,1,1,0,0,2,1,8,7,1,2,940GZZLUBST-01-arrival,true,114,40.13757062146893,168.25,127.43333333333334,406.7621468926554,742.1666666666666,986.3,292404.32282980904,58514.1192852463,83.32543626588274,1,292404.3228264709,292404.3228264709,1,1,0,0,0
profile,tfl-numbat-2019-midweek,interpeak,30,1.9666666666666666,1,3,off,free-flow,virtual,4,drop-offs,unassigned,0,0,0,0,0,0,0,0,0,0,940GZZLUEUS,0,3900,2660,1800,1770,7241b35501f39f8e,59,59,0,0,45,14,1.5,21,8,1.6,6,true,860,4,17,17,16,1,2,0,1,2,1,2,1,1,2,940GZZLUBST-01-arrival,true,106,30.952542372881354,160.5,136.93333333333334,407.6062146892655,831.1666666666666,911.4166666666666,300435.89641602524,144065.56466602097,67.58940582212635,1,300435.89641252824,300435.89641252824,1,1,0,0,0
profile,tfl-numbat-2019-midweek,interpeak,30,1.9666666666666666,1,3,off,free-flow,virtual,4,drop-offs,reassign-existing,0,0,0,0,0,0,0,0,0,0,940GZZLUEUS,0,3900,2660,1800,1770,7241b35501f39f8e,59,59,0,0,45,14,1.5,21,8,1.6,6,true,860,4,17,17,16,1,2,0,1,2,1,2,1,1,2,940GZZLUBST-01-arrival,true,106,30.952542372881354,160.5,136.93333333333334,407.6062146892655,831.1666666666666,911.4166666666666,300435.89641602524,144065.56466602097,67.58940582212635,1,300435.89641252824,300435.89641252824,1,1,0,0,0
profile,tfl-numbat-2019-midweek,interpeak,20,2.966666666666667,1,1,off,free-flow,virtual,4,drop-offs,unassigned,0,0,0,2,0,0,2,0,2,0,940GZZLUEUS,0,3900,2503,1800,1780,016a76ba6d0b3cca,89,89,0,0,68,21,2.2666666666666666,27,17,2.7333333333333334,4,true,703,5,24,24,23,1,1,0,0,1,1,5,4,1,3,london-link-082-a-arrival,true,105,44.34325842696629,266.95,161.31666666666666,417.16647940074904,709.3666666666667,788.5166666666667,448852.7228849647,145964.5769380715,75.46060328415173,1,448852.7228790486,448852.7228790486,1,1,0,0,0
profile,tfl-numbat-2019-midweek,interpeak,20,2.966666666666667,1,1,off,free-flow,virtual,4,drop-offs,reassign-existing,0,0,0,2,0,0,2,0,2,0,940GZZLUEUS,0,3900,2503,1800,1780,016a76ba6d0b3cca,89,89,0,0,68,21,2.2666666666666666,27,17,2.7333333333333334,4,true,703,5,24,24,23,1,1,0,0,1,1,5,4,1,3,london-link-082-a-arrival,true,105,44.34325842696629,266.95,161.31666666666666,417.16647940074904,709.3666666666667,788.5166666666667,448852.7228849647,145964.5769380715,75.46060328415173,1,448852.7228790486,448852.7228790486,1,1,0,0,0
profile,tfl-numbat-2019-midweek,interpeak,20,2.966666666666667,1,2,off,free-flow,virtual,4,drop-offs,unassigned,0,0,0,0,0,0,0,0,0,0,940GZZLUEUS,0,3900,2487,1800,1780,ed9a2bc8a5a94c22,89,89,0,0,67,22,2.2333333333333334,21,23,3.066666666666667,-1,true,687,7,26,26,22,1,1,0,0,2,1,15,12,3,3,london-link-057-a-arrival,true,159,56.746629213483146,278.1333333333333,178.95,433.80898876404495,756.7833333333333,986.3,453788.0439817284,119971.4189949248,79.09029362713858,1,453788.04397575924,453788.04397575924,1,1,0,0,0
profile,tfl-numbat-2019-midweek,interpeak,20,2.966666666666667,1,2,off,free-flow,virtual,4,drop-offs,reassign-existing,0,0,0,0,0,0,0,0,0,0,940GZZLUEUS,0,3900,2487,1800,1780,ed9a2bc8a5a94c22,89,89,0,0,67,22,2.2333333333333334,21,23,3.066666666666667,-1,true,687,7,26,26,22,1,1,0,0,2,1,15,12,3,3,london-link-057-a-arrival,true,159,56.746629213483146,278.1333333333333,178.95,433.80898876404495,756.7833333333333,986.3,453788.0439817284,119971.4189949248,79.09029362713858,1,453788.04397575924,453788.04397575924,1,1,0,0,0
profile,tfl-numbat-2019-midweek,interpeak,20,2.966666666666667,1,3,off,free-flow,virtual,4,drop-offs,unassigned,0,0,0,0,0,0,0,0,0,0,940GZZLUEUS,0,3900,2577,1800,1780,93ff18cb310a4748,89,89,0,0,64,25,2.1333333333333333,24,20,2.6666666666666665,5,true,777,8,26,26,23,1,2,0,0,2,1,29,23,6,3,london-link-046-a-departure,true,278,50.55018726591761,343.9,169.26666666666668,433.2679775280899,807.45,911.4166666666666,460631.3039608765,177264.8150310342,72.21102155141311,1,460631.303954819,460631.303954819,1,1,0,0,0
profile,tfl-numbat-2019-midweek,interpeak,20,2.966666666666667,1,3,off,free-flow,virtual,4,drop-offs,reassign-existing,0,0,0,0,0,0,0,0,0,0,940GZZLUEUS,0,3900,2577,1800,1780,93ff18cb310a4748,89,89,0,0,64,25,2.1333333333333333,24,20,2.6666666666666665,5,true,777,8,26,26,23,1,2,0,0,2,1,29,23,6,3,london-link-046-a-departure,true,278,50.55018726591761,343.9,169.26666666666668,433.2679775280899,807.45,911.4166666666666,460631.3039608765,177264.8150310342,72.21102155141311,1,460631.303954819,460631.303954819,1,1,0,0,0
profile,tfl-numbat-2019-midweek,interpeak,15,3.966666666666667,1,1,off,free-flow,virtual,4,drop-offs,unassigned,1,0,0,3,0,0,3,0,3,0,940GZZLUEUS,0,3900,2293,1800,1785,4ea77286324758fc,119,119,0,0,93,26,3.1,33,26,4,0,true,493,6,32,32,30,1,1,0,0,1,1,44,36,8,3,940GZZLUKSX-01-arrival,true,118,42.54817927170868,236.96666666666667,136.38333333333333,415.7955182072829,709.3666666666667,801.5666666666667,596869.0134450281,176875.8653131806,77.14028613707265,1.0038070294754113,599141.3113816709,598403.1913175203,1.0015135258643437,1.1801095778569033,1,0,0
profile,tfl-numbat-2019-midweek,interpeak,15,3.966666666666667,1,1,off,free-flow,virtual,4,drop-offs,reassign-existing,1,0,0,3,0,0,3,0,3,0,940GZZLUEUS,0,3900,2293,1800,1785,4ea77286324758fc,119,119,0,0,93,26,3.1,33,26,4,0,true,493,6,32,32,30,1,1,0,0,1,1,44,36,8,3,940GZZLUKSX-01-arrival,true,118,42.54817927170868,236.96666666666667,136.38333333333333,415.7955182072829,709.3666666666667,801.5666666666667,596869.0134450281,176875.8653131806,77.14028613707265,1.0038070294754113,599141.3113816709,598403.1913175203,1.0015135258643437,1.1801095778569033,1,0,0
profile,tfl-numbat-2019-midweek,interpeak,15,3.966666666666667,1,2,off,free-flow,virtual,4,drop-offs,unassigned,0,0,0,0,0,0,0,0,0,0,940GZZLUEUS,0,3900,2553,1800,1785,b737ae9d8f011316,119,119,0,0,90,29,3,34,25,3.7333333333333334,4,true,753,9,35,35,29,1,1,0,0,2,1,8,7,1,4,london-link-030-a-arrival,true,250,68.08697478991597,428.3333333333333,205.85,442.2931372549019,787.9,1078.0166666666667,602265.0191910288,202965.46317167152,74.79411576966982,1,602265.0192017225,602265.0192017225,1,1,0,0,0
profile,tfl-numbat-2019-midweek,interpeak,15,3.966666666666667,1,2,off,free-flow,virtual,4,drop-offs,reassign-existing,0,0,0,0,0,0,0,0,0,0,940GZZLUEUS,0,3900,2553,1800,1785,b737ae9d8f011316,119,119,0,0,90,29,3,34,25,3.7333333333333334,4,true,753,9,35,35,29,1,1,0,0,2,1,8,7,1,4,london-link-030-a-arrival,true,250,68.08697478991597,428.3333333333333,205.85,442.2931372549019,787.9,1078.0166666666667,602265.0191910288,202965.46317167152,74.79411576966982,1,602265.0192017225,602265.0192017225,1,1,0,0,0
profile,tfl-numbat-2019-midweek,interpeak,15,3.966666666666667,1,3,off,free-flow,virtual,4,drop-offs,unassigned,0,0,0,0,0,0,0,0,0,0,940GZZLUEUS,0,3900,2328,1800,1785,54ac03234b7a10bc,119,119,0,0,87,32,2.9,33,26,3.6,6,true,528,8,33,33,29,1,1,0,0,2,1,23,20,3,3,london-link-036-a-arrival,true,107,50.739635854341735,354.6166666666667,217.86666666666667,427.7233893557423,796.4666666666667,1012.5,606439.6271324672,193498.94952422346,75.81077408056203,1,606439.6271441431,606439.6271441431,1,1,0,0,0
profile,tfl-numbat-2019-midweek,interpeak,15,3.966666666666667,1,3,off,free-flow,virtual,4,drop-offs,reassign-existing,0,0,0,0,0,0,0,0,0,0,940GZZLUEUS,0,3900,2328,1800,1785,54ac03234b7a10bc,119,119,0,0,87,32,2.9,33,26,3.6,6,true,528,8,33,33,29,1,1,0,0,2,1,23,20,3,3,london-link-036-a-arrival,true,107,50.739635854341735,354.6166666666667,217.86666666666667,427.7233893557423,796.4666666666667,1012.5,606439.6271324672,193498.94952422346,75.81077408056203,1,606439.6271441431,606439.6271441431,1,1,0,0,0
profile,tfl-numbat-2019-midweek,interpeak,12,4.966666666666667,1,1,off,free-flow,virtual,4,drop-offs,unassigned,0,0,0,7,0,0,7,0,7,0,940GZZLUEUS,0,3900,2592,1800,1788,b497ea2af025e0c1,149,149,0,0,115,34,3.8333333333333335,42,32,4.866666666666666,2,true,792,8,39,39,37,1,1,0,0,2,1,16,11,5,3,940GZZLUOXC-01-arrival,true,182,50.64675615212528,272.3,168.25,420.12975391498884,757.05,897.7833333333333,743467.8495548741,279770.67075153685,72.65831326719807,1,743467.8495975875,743467.8495975875,1,1,0,0,0
profile,tfl-numbat-2019-midweek,interpeak,12,4.966666666666667,1,1,off,free-flow,virtual,4,drop-offs,reassign-existing,0,0,0,7,0,0,7,0,7,0,940GZZLUEUS,0,3900,2592,1800,1788,b497ea2af025e0c1,149,149,0,0,115,34,3.8333333333333335,42,32,4.866666666666666,2,true,792,8,39,39,37,1,1,0,0,2,1,16,11,5,3,940GZZLUOXC-01-arrival,true,182,50.64675615212528,272.3,168.25,420.12975391498884,757.05,897.7833333333333,743467.8495548741,279770.67075153685,72.65831326719807,1,743467.8495975875,743467.8495975875,1,1,0,0,0
profile,tfl-numbat-2019-midweek,interpeak,12,4.966666666666667,1,2,off,free-flow,virtual,4,drop-offs,unassigned,0,0,0,2,0,0,2,0,2,0,940GZZLUEUS,0,3900,2438,1800,1788,430d9157d388d3e5,149,149,0,0,109,40,3.6333333333333333,41,33,4.533333333333333,7,true,638,10,44,44,38,1,1,0,0,2,2,25,18,7,4,london-link-084-a-departure,true,123,74.31957494407159,428.3333333333333,206.3,448.50671140939596,789.95,1078.0166666666667,753630.4193968846,242901.0112832836,75.62535372140796,1,753630.4194421499,753630.4194421499,1,1,0,0,0
profile,tfl-numbat-2019-midweek,interpeak,12,4.966666666666667,1,2,off,free-flow,virtual,4,drop-offs,reassign-existing,0,0,0,2,0,0,2,0,2,0,940GZZLUEUS,0,3900,2438,1800,1788,430d9157d388d3e5,149,149,0,0,109,40,3.6333333333333333,41,33,4.533333333333333,7,true,638,10,44,44,38,1,1,0,0,2,2,25,18,7,4,london-link-084-a-departure,true,123,74.31957494407159,428.3333333333333,206.3,448.50671140939596,789.95,1078.0166666666667,753630.4193968846,242901.0112832836,75.62535372140796,1,753630.4194421499,753630.4194421499,1,1,0,0,0
profile,tfl-numbat-2019-midweek,interpeak,12,4.966666666666667,1,3,off,free-flow,virtual,4,drop-offs,unassigned,0,0,0,2,0,0,2,0,2,0,940GZZLUEUS,0,3900,2829,1800,1788,5f97c3f949109a0b,149,149,0,0,113,36,3.7666666666666666,43,31,4.666666666666667,5,true,1029,11,43,42,37,1,1,0,0,2,1,25,18,7,3,london-link-017-a-departure,true,116,59.88624161073825,354.6166666666667,210.81666666666666,445.76252796420584,832.35,1160.6166666666666,777603.6360982613,279609.74573900184,73.55219385767838,1,777603.6361489375,777603.6361489375,1,1,0,0,0
profile,tfl-numbat-2019-midweek,interpeak,12,4.966666666666667,1,3,off,free-flow,virtual,4,drop-offs,reassign-existing,0,0,0,2,0,0,2,0,2,0,940GZZLUEUS,0,3900,2829,1800,1788,5f97c3f949109a0b,149,149,0,0,113,36,3.7666666666666666,43,31,4.666666666666667,5,true,1029,11,43,42,37,1,1,0,0,2,1,25,18,7,3,london-link-017-a-departure,true,116,59.88624161073825,354.6166666666667,210.81666666666666,445.76252796420584,832.35,1160.6166666666666,777603.6360982613,279609.74573900184,73.55219385767838,1,777603.6361489375,777603.6361489375,1,1,0,0,0
profile,tfl-numbat-2019-midweek,interpeak,10,5.966666666666667,1,1,off,free-flow,virtual,4,drop-offs,unassigned,0,0,0,11,0,0,11,1,10,0,940GZZLUEUS,0,3900,2680,1800,1790,0b930e4ca4da8510,179,179,0,0,140,39,4.666666666666667,49,40,6.066666666666666,-1,true,880,11,48,48,44,1,2,0,0,1,2,62,51,11,4,940GZZLULVT-diverge,true,284,65.88836126629423,343.93333333333334,205.85,435.5312849162012,776.6833333333333,1019.3833333333333,892438.6184711724,314901.25715456076,73.91776222156535,1,892438.6185477083,892438.6185477083,1,1,0,0,0
profile,tfl-numbat-2019-midweek,interpeak,10,5.966666666666667,1,1,off,free-flow,virtual,4,drop-offs,reassign-existing,1,0,0,10,0,0,11,1,10,1,940GZZLUEUS,0,3900,2680,1800,1790,0b930e4ca4da8510,179,179,0,0,140,39,4.666666666666667,49,40,6.066666666666666,-1,true,880,10,48,47,43,1,2,0,0,1,2,52,42,10,4,940GZZLULVT-diverge,true,284,63.278584729981375,343.93333333333334,180.65,432.88007448789574,776.6833333333333,1019.3833333333333,889739.4656466197,300485.74532436935,74.7538749343721,1.0032022327152454,892588.6185477081,892588.6185477081,1,1,0,0,0
profile,tfl-numbat-2019-midweek,interpeak,10,5.966666666666667,1,2,off,free-flow,virtual,4,drop-offs,unassigned,1,0,0,1,0,0,1,0,1,0,940GZZLUEUS,0,3900,2491,1800,1790,43a17175be512ece,179,179,0,0,135,44,4.5,47,42,5.866666666666666,2,true,691,13,53,53,46,2,1,0,0,2,1,64,53,11,3,london-link-017-a-arrival,true,274,75.8728119180633,428.3333333333333,231,446.93873370577285,809.9333333333333,1078.0166666666667,888903.944992795,285204.95773729036,75.7088156750945,1.0086717077558067,896612.2603034206,895846.2664270903,1.000504066438669,1.0902278925217794,1,0,0
profile,tfl-numbat-2019-midweek,interpeak,10,5.966666666666667,1,2,off,free-flow,virtual,4,drop-offs,reassign-existing,1,0,0,1,0,0,1,0,1,0,940GZZLUEUS,0,3900,2491,1800,1790,43a17175be512ece,179,179,0,0,135,44,4.5,47,42,5.866666666666666,2,true,691,13,53,53,46,2,1,0,0,2,1,64,53,11,3,london-link-017-a-arrival,true,274,75.8728119180633,428.3333333333333,231,446.93873370577285,809.9333333333333,1078.0166666666667,888903.944992795,285204.95773729036,75.7088156750945,1.0086717077558067,896612.2603034206,895846.2664270903,1.000504066438669,1.0902278925217794,1,0,0
profile,tfl-numbat-2019-midweek,interpeak,10,5.966666666666667,1,3,off,free-flow,virtual,4,drop-offs,unassigned,0,0,0,2,0,0,2,0,2,0,940GZZLUEUS,0,3900,2531,1800,1790,2cca81f5af10a5a2,179,179,0,0,135,44,4.5,48,41,5.8,3,true,731,11,51,51,42,1,2,0,0,2,1,40,31,9,4,london-link-070-a-departure,true,90,62.22811918063314,354.6166666666667,210.95,439.40335195530724,796.4666666666667,1160.6166666666666,912303.2580397819,307992.7031805837,74.76081926284722,1,912303.2581211702,912303.2581211702,1,1,0,0,0
profile,tfl-numbat-2019-midweek,interpeak,10,5.966666666666667,1,3,off,free-flow,virtual,4,drop-offs,reassign-existing,0,0,0,2,0,0,2,0,2,0,940GZZLUEUS,0,3900,2531,1800,1790,2cca81f5af10a5a2,179,179,0,0,135,44,4.5,48,41,5.8,3,true,731,11,51,51,42,1,2,0,0,2,1,40,31,9,4,london-link-070-a-departure,true,90,62.22811918063314,354.6166666666667,210.95,439.40335195530724,796.4666666666667,1160.6166666666666,912303.2580397819,307992.7031805837,74.76081926284722,1,912303.2581211702,912303.2581211702,1,1,0,0,0
profile,tfl-numbat-2019-midweek,interpeak,8.571429,7,1,1,off,free-flow,virtual,4,drop-offs,unassigned,2,0,0,11,0,0,11,1,10,0,940GZZLUEUS,0,3900,2564,1800,1799,377f35b408a2d0b6,210,210,0,0,161,49,5.366666666666666,52,53,7.266666666666667,-4,true,764,14,57,56,46,1,3,0,1,1,2,48,35,11,5,940GZZLULVT-exit,true,455,71.3379365079365,489.03333333333336,195.9,432.812380952381,783.3333333333334,1050.7166666666667,1017757.1114681828,385405.8001048155,72.53306819001072,1.0058084001096852,1023668.652091732,1021903.0249840997,1.0019419735350132,1.2415725477453607,2,0,0.08161678973960358
profile,tfl-numbat-2019-midweek,interpeak,8.571429,7,1,1,off,free-flow,virtual,4,drop-offs,reassign-existing,2,0,0,10,0,0,11,1,10,1,940GZZLUEUS,0,3900,2564,1800,1799,377f35b408a2d0b6,210,210,0,0,161,49,5.366666666666666,52,53,7.266666666666667,-4,true,764,13,57,55,45,1,3,0,1,1,2,45,34,9,5,940GZZLULVT-exit,true,455,70.12468253968254,489.03333333333336,195.9,431.17563492063493,783.3333333333334,1050.7166666666667,1017424.6063940561,365088.32506533974,73.59241156030645,1.0049888406021035,1022500.3756854907,1021753.0249840997,1.0009580551830142,1.2011915884329776,1,0,0.08281736798517175
profile,tfl-numbat-2019-midweek,interpeak,8.571429,7,1,2,off,free-flow,virtual,4,drop-offs,unassigned,1,0,0,5,0,0,5,1,4,0,940GZZLUEUS,0,3900,2667,1800,1799,0e4e63e12088df38,210,210,0,0,153,57,5.1,48,57,7,0,true,867,16,61,61,50,1,3,0,0,2,2,71,52,17,5,london-link-088-a-arrival,true,146,85.36404761904761,350.51666666666665,234.4,456.76166666666666,831.1833333333333,983.9666666666667,1049553.623197204,410806.90673882223,71.8694871356994,1.0030271165720444,1052730.7444755472,1051872.288591594,1.000759758620363,1.1595493102762238,1,0,0
profile,tfl-numbat-2019-midweek,interpeak,8.571429,7,1,2,off,free-flow,virtual,4,drop-offs,reassign-existing,2,0,0,4,0,0,5,1,4,1,940GZZLUEUS,0,3900,2667,1800,1799,0e4e63e12088df38,210,210,0,0,153,57,5.1,48,57,7,0,true,867,16,61,61,50,1,3,0,0,2,2,71,52,17,5,london-link-088-a-arrival,true,144,84.88809523809525,350.51666666666665,234.4,456.24563492063487,831.1833333333333,983.9666666666667,1045161.063171287,412973.19993078616,71.67797161200943,1.0071708385014306,1052655.7444755472,1051797.288591594,1.000759758620363,1.1595493102762238,1,0,0
profile,tfl-numbat-2019-midweek,interpeak,8.571429,7,1,3,off,free-flow,virtual,4,drop-offs,unassigned,1,0,0,6,0,0,5,1,4,0,940GZZLUEUS,0,3900,2852,1800,1799,d32fc6ced69f7580,210,210,0,0,162,48,5.4,53,52,7.266666666666667,-4,true,1052,12,58,57,53,1,3,0,1,2,2,75,63,12,4,london-link-081-a-departure,true,233,63.727380952380955,354.6166666666667,208.35,438.9834126984127,805.75,1163.05,1061015.0248850682,366416.9020344296,74.33034142474423,1.0027135168793528,1063894.1071737707,1063894.1071737707,1,1,0,0,0
profile,tfl-numbat-2019-midweek,interpeak,8.571429,7,1,3,off,free-flow,virtual,4,drop-offs,reassign-existing,2,0,0,4,0,0,5,1,4,1,940GZZLUEUS,0,3900,2852,1800,1799,d32fc6ced69f7580,210,210,0,0,162,48,5.4,53,52,7.266666666666667,-4,true,1052,12,57,57,53,1,3,0,1,2,2,68,56,12,4,london-link-081-a-departure,true,233,63.50365079365079,354.6166666666667,208.35,438.71269841269844,805.75,1163.05,1057955.820929735,367513.85653502896,74.21805161168618,1.0054711983421025,1063744.1071737707,1063744.1071737707,1,1,0,0,0
profile,tfl-numbat-2019-midweek,interpeak,7.5,7.966666666666667,1,1,off,free-flow,virtual,4,drop-offs,unassigned,1,0,0,13,0,0,13,2,11,0,940GZZLUEUS,0,3900,2588,1800,1792.5,f9552f5f1b0bf1c2,239,239,0,0,177,62,5.9,60,59,7.8,3,true,788,17,66,65,53,1,2,0,0,1,1,57,44,13,5,london-link-074-a-departure,true,242.5,83.20788005578801,489.03333333333336,225.56666666666666,452.84246861924686,795.8166666666667,991.95,1188447.0548160733,393503.3341797968,75.1254314347007,1.003037513654762,1192056.9790487702,1191188.7026425288,1.0006955727807842,1.16624189460741,1,0,0.17579084336518824
profile,tfl-numbat-2019-midweek,interpeak,7.5,7.966666666666667,1,1,off,free-flow,virtual,4,drop-offs,reassign-existing,4,0,0,10,0,0,13,3,10,3,940GZZLUEUS,0,3900,2642,1800,1792.5,f9552f5f1b0bf1c2,239,239,0,0,178,61,5.933333333333334,60,59,7.866666666666666,2,true,842,19,66,65,53,1,2,0,0,2,1,63,51,12,5,london-link-074-a-departure,true,242.5,81.58905160390516,489.03333333333336,218,451.14735006973496,795.8166666666667,991.95,1174902.343982668,394968.64289201354,74.84069415931293,1.0146647379452987,1192131.9790487702,1191263.7026425288,1.0006955727807842,1.16624189460741,1,0,0.17719100147659167
profile,tfl-numbat-2019-midweek,interpeak,7.5,7.966666666666667,1,2,off,free-flow,virtual,4,drop-offs,unassigned,0,0,0,8,0,0,8,1,7,0,940GZZLUEUS,0,3900,2478,1800,1792.5,8b0ec28e29fb5d6c,239,239,0,0,177,62,5.9,54,65,8.2,-3,true,678,19,69,68,58,2,2,0,0,2,2,88,71,17,4,london-link-020-a-arrival,true,208.5,89.857880055788,463.68333333333334,238.41666666666666,453.502580195258,860.5833333333334,1124.0666666666666,1172461.0807987049,391916.7588093849,74.94743604220523,1,1172461.0808787462,1172461.0808787462,1,1,0,0,0.0034829249603817287
profile,tfl-numbat-2019-midweek,interpeak,7.5,7.966666666666667,1,2,off,free-flow,virtual,4,drop-offs,reassign-existing,1,0,0,7,0,0,8,1,7,1,940GZZLUEUS,0,3900,2478,1800,1792.5,8b0ec28e29fb5d6c,239,239,0,0,177,62,5.9,54,65,8.2,-3,true,678,19,69,68,57,2,2,0,0,2,2,88,71,17,4,london-link-020-a-arrival,true,208.5,89.63493723849372,463.68333333333334,238.41666666666666,453.23472803347283,860.5833333333334,1124.0666666666666,1168068.5207711381,386398.67085299327,75.14269371942947,1.0036321157112598,1172311.0808787462,1172311.0808787462,1,1,0,0,0.0035050209425001315
profile,tfl-numbat-2019-midweek,interpeak,7.5,7.966666666666667,1,3,off,free-flow,virtual,4,drop-offs,unassigned,2,0,0,6,0,0,6,0,6,0,940GZZLUEUS,0,3900,3148,1800,1792.5,32aa5186f5b4a850,239,239,0,0,178,61,5.933333333333334,57,62,8.066666666666666,-1,true,1348,16,68,68,59,1,3,1,1,2,2,91,76,13,4,london-link-070-a-departure,true,344.5,74.94665271966527,433.7,217.86666666666667,456.9436541143654,899.85,1445.0666666666666,1225450.8529590867,423781.65237700345,74.30431118681821,1.0065443450911715,1233470.626299481,1232721.2135856568,1.0004811149842894,1.1149864812451513,1,0,0
profile,tfl-numbat-2019-midweek,interpeak,7.5,7.966666666666667,1,3,off,free-flow,virtual,4,drop-offs,reassign-existing,2,0,0,6,0,0,6,0,6,0,940GZZLUEUS,0,3900,3148,1800,1792.5,32aa5186f5b4a850,239,239,0,0,178,61,5.933333333333334,57,62,8.066666666666666,-1,true,1348,16,68,68,59,1,3,1,1,2,2,91,76,13,4,london-link-070-a-departure,true,344.5,74.94665271966527,433.7,217.86666666666667,456.9436541143654,899.85,1445.0666666666666,1225450.8529590867,423781.65237700345,74.30431118681821,1.0065443450911715,1233470.626299481,1232721.2135856568,1.0004811149842894,1.1149864812451513,1,0,0
profile,tfl-numbat-2019-midweek,interpeak,6.666667,8.966666666666667,1,1,off,free-flow,virtual,4,drop-offs,unassigned,3,0,0,18,0,0,17,2,15,0,940GZZLUEUS,0,3900,2805,1800,1793.3333333333333,2ce7017da63f1ce0,269,269,0,0,197,72,6.566666666666666,64,70,8.866666666666667,2,true,1005,23,76,73,60,2,2,0,0,2,2,124,98,25,5,940GZZLULVT-01-arrival,true,472.6666666666667,95.27812887236679,593.75,251.88333333333333,468.1580545229244,820.7666666666667,1144.2166666666667,1338829.2238368217,532037.0646321069,71.56199414617103,1.0097507798778558,1351883.852928812,1350365.6088481122,1.0008995468690214,1.1247598436147177,2,0,0.1485591942848404
profile,tfl-numbat-2019-midweek,interpeak,6.666667,8.966666666666667,1,1,off,free-flow,virtual,4,drop-offs,reassign-existing,6,0,0,13,0,0,16,3,13,3,940GZZLUEUS,0,3900,2757,1800,1793.3333333333333,2ce7017da63f1ce0,269,269,0,0,197,72,6.566666666666666,65,69,8.8,3,true,957,24,77,74,59,3,2,0,0,2,1,159,129,30,5,940GZZLULVT-01-arrival,true,397.6666666666667,95.0358116480793,572.65,251.91666666666666,467.7986988847584,835.2166666666667,1132.55,1320128.4116397377,511517.6725297481,72.07333463867923,1.023563998514405,1351235.9156120273,1349690.6088481122,1.0008237919570553,1.1247598436147177,2,0,0.1516164994425864
profile,tfl-numbat-2019-midweek,interpeak,6.666667,8.966666666666667,1,2,off,free-flow,virtual,4,drop-offs,unassigned,2,0,0,9,0,0,9,1,8,0,940GZZLUEUS,0,3900,2469,1800,1793.3333333333333,2a8809aeeb74e8bf,269,269,0,0,200,69,6.666666666666667,60,74,9.333333333333334,-5,true,669,23,77,75,63,2,2,0,1,2,1,79,63,16,4,london-link-048-a-arrival,true,196.66666666666666,95.57936802973977,375.53333333333336,238.43333333333334,451.9395291201983,807.6,1098.1833333333334,1284747.9886840263,462019.3133210221,73.55003652800876,1.0057091182764089,1292082.7669580572,1290557.2132641263,1.001086684771468,1.1758204095225453,2,0,0
profile,tfl-numbat-2019-midweek,interpeak,6.666667,8.966666666666667,1,2,off,free-flow,virtual,4,drop-offs,reassign-existing,3,0,0,8,0,0,9,1,8,1,940GZZLUEUS,0,3900,2469,1800,1793.3333333333333,2a8809aeeb74e8bf,269,269,0,0,200,69,6.666666666666667,60,74,9.333333333333334,-5,true,669,23,77,75,63,2,2,0,1,2,1,79,63,16,4,london-link-048-a-arrival,true,196.66666666666666,95.90130111524164,375.53333333333336,238.43333333333334,452.27063197026024,807.6,1098.1833333333334,1280355.4286563897,464129.07576426084,73.39448561519899,1.0091008621420345,1292007.7669580572,1290482.2132641263,1.001086684771468,1.1758204095225453,2,0,0
profile,tfl-numbat-2019-midweek,interpeak,6.666667,8.966666666666667,1,3,off,free-flow,virtual,4,drop-offs,unassigned,5,0,0,10,0,0,9,0,9,0,940GZZLUEUS,0,3900,2794,1800,1793.3333333333333,974cc1866ce0a089,269,269,0,0,201,68,6.7,61,73,9.333333333333334,-5,true,994,22,75,74,67,2,3,0,0,2,1,76,59,17,4,london-link-057-a-arrival,true,384.6666666666667,81.91623296158612,437.53333333333336,238.65,456.91654275092935,899.85,1280.4,1344871.7615637896,469058.53389258747,74.14131430146413,1.0124157452024074,1361569.346720799,1359145.5135333668,1.0021197401942117,1.2628890892905584,3,0,0
profile,tfl-numbat-2019-midweek,interpeak,6.666667,8.966666666666667,1,3,off,free-flow,virtual,4,drop-offs,reassign-existing,5,0,0,10,0,0,9,0,9,0,940GZZLUEUS,0,3900,2794,1800,1793.3333333333333,974cc1866ce0a089,269,269,0,0,201,68,6.7,61,73,9.333333333333334,-5,true,994,22,75,74,67,2,3,0,0,2,1,76,59,17,4,london-link-057-a-arrival,true,384.6666666666667,81.91623296158612,437.53333333333336,238.65,456.91654275092935,899.85,1280.4,1344871.7615637896,469058.53389258747,74.14131430146413,1.0124157452024074,1361569.346720799,1359145.5135333668,1.0021197401942117,1.2628890892905584,3,0,0
profile,tfl-numbat-2019-midweek,interpeak,6,9.966666666666667,1,1,off,free-flow,virtual,4,drop-offs,unassigned,3,0,0,24,0,0,22,5,17,0,940GZZLUEUS,0,3900,2633,1800,1794,ee9fd27577dc17b2,299,299,0,0,216,83,7.2,69,80,9.8,3,true,833,26,88,83,67,2,3,0,0,2,2,158,122,36,4,940GZZLULVT-diverge,true,321,109.55111482720177,573,272.1666666666667,480.9702341137124,821.0333333333333,1045.5833333333333,1481839.246264328,590452.8255195216,71.5072583850956,1.009570515648058,1496021.2119577338,1493685.9987477777,1.0011565315666509,1.154036038806401,3,0,0.06304135118629375
profile,tfl-numbat-2019-midweek,interpeak,6,9.966666666666667,1,1,off,free-flow,virtual,4,drop-offs,reassign-existing,7,0,0,15,0,0,19,4,15,4,940GZZLUEUS,0,3900,2486,1800,1794,ee9fd27577dc17b2,299,299,0,0,219,80,7.3,70,79,9.933333333333334,1,true,686,26,86,80,66,2,3,0,0,1,2,127,91,33,4,940GZZLULVT-diverge,true,218,99.94520624303233,459.18333333333334,252.71666666666667,471.5034002229654,808.8666666666667,1055.3,1469336.7049008787,528445.6813588418,73.54838620095123,1.0183650942389648,1496321.211957734,1493835.9987477777,1.0012523628236232,1.1835753859463904,3,0,0.13616279623918356
profile,tfl-numbat-2019-midweek,interpeak,6,9.966666666666667,1,2,off,free-flow,virtual,4,drop-offs,unassigned,6,0,0,18,0,0,18,2,16,0,940GZZLUEUS,0,3900,2616,1800,1794,9c6d663f282f98ba,299,299,0,0,227,72,7.566666666666666,67,82,10.666666666666666,-10,true,816,25,85,83,67,3,3,0,0,1,1,188,149,32,4,london-link-017-a-arrival,true,332,105.12396878483835,553.1166666666667,265.51666666666665,463.3220178372352,807.6,1119.5833333333333,1420761.0827020644,591628.4199186933,70.60070035407118,1.0132550347812552,1439593.3202843082,1435574.7469562532,1.002274028126823,1.1618047408065815,5,0,0.135080372821829
profile,tfl-numbat-2019-midweek,interpeak,6,9.966666666666667,1,2,off,free-flow,virtual,4,drop-offs,reassign-existing,8,0,0,15,0,0,17,2,15,2,940GZZLUEUS,0,3900,2744,1800,1794,9c6d663f282f98ba,299,299,0,0,227,72,7.566666666666666,67,82,10.666666666666666,-10,true,944,24,85,82,63,2,2,0,0,1,1,157,117,33,4,940GZZLUCHL-01-arrival,true,460,104.85345596432553,553.1166666666667,263.26666666666665,463.1675585284281,807.6,1119.5833333333333,1411908.4905996737,611230.6983000252,69.78800560763948,1.0199268081848045,1440043.3202843082,1436024.7469562532,1.002274028126823,1.1618047408065815,5,0,0.25533172967089085
profile,tfl-numbat-2019-midweek,interpeak,6,9.966666666666667,1,3,off,free-flow,virtual,4,drop-offs,unassigned,2,0,0,21,0,0,19,2,17,0,940GZZLUEUS,0,3900,2707,1800,1794,cae5e030155a2225,299,299,0,0,224,75,7.466666666666667,69,80,10.333333333333334,-5,true,907,24,86,84,75,2,3,0,0,2,2,175,145,30,4,940GZZLUOXC-01-arrival,true,331,97.19459308807134,466.35,271.23333333333335,466.9824414715719,907.1333333333333,1344.3333333333333,1485410.6268926258,568369.6122833333,72.3256850250258,1.0032196973862482,1490193.199604015,1489448.1183075474,1.0008792277233798,1.2628890892905584,1,0,0.07423609730231324
profile,tfl-numbat-2019-midweek,interpeak,6,9.966666666666667,1,3,off,free-flow,virtual,4,drop-offs,reassign-existing,4,0,0,14,0,0,15,2,13,2,940GZZLUEUS,0,3900,2705,1800,1794,cae5e030155a2225,299,299,0,0,225,74,7.5,69,80,10.4,-6,true,905,25,85,83,71,2,3,0,0,2,2,190,157,33,5,london-link-072-a-arrival,true,344,95.17229654403567,463.98333333333335,260.78333333333336,465.0253623188406,898.6166666666667,1342.3666666666666,1478628.2507407598,564040.0391471221,72.38709574435694,1.007922849341778,1490343.1996040146,1489598.118307547,1.0008792277233798,1.2628890892905584,1,0,0.21720590586855712
profile,tfl-numbat-2019-midweek,interpeak,5.4545449999999995,11,1,1,off,free-flow,virtual,4,drop-offs,unassigned,8,0,0,40,0,0,35,7,28,0,940GZZLUEUS,0,3900,3097,1800,1798.5,df2e08305f707806,330,330,0,0,228,102,7.6,74,91,10.266666666666667,11,true,1297,36,104,98,71,2,4,0,0,1,2,185,145,37,5,london-link-048-a-arrival,true,593.5,136.56530303030303,631.5833333333334,347.85,509.69020202020204,886.05,1335.9333333333334,1635752.2349843662,778797.0558258988,67.74565510880281,1.0144993589631894,1659469.593772659,1654524.8838769053,1.0030558555734457,1.3587681653163473,6,0,0
profile,tfl-numbat-2019-midweek,interpeak,5.4545449999999995,11,1,1,off,free-flow,virtual,4,drop-offs,reassign-existing,15,0,0,30,0,0,33,6,27,6,940GZZLUEUS,0,3900,2928,1800,1798.5,df2e08305f707806,330,330,0,0,230,100,7.666666666666667,74,91,10.4,9,true,1128,31,102,94,71,3,4,0,0,1,2,137,105,29,4,940GZZLUOXC-diverge,true,558.5,121.9659595959596,590.2833333333333,309.23333333333335,494.7826767676767,856.7333333333333,1167.4,1608204.002197533,745257.1416435795,68.33356932219257,1.031411183868068,1658719.5937726593,1653624.8838769053,1.0031089895372578,1.3587681653163473,6,0,0.07769827556215282
profile,tfl-numbat-2019-midweek,interpeak,5.4545449999999995,11,1,2,off,free-flow,virtual,4,drop-offs,unassigned,4,0,0,23,0,0,22,2,20,0,940GZZLUEUS,0,3900,2762,1800,1798.5,aaf9361694744c1c,330,330,0,0,250,80,8.333333333333334,74,91,11.733333333333333,-11,true,962,33,101,97,77,3,3,0,1,2,2,307,236,69,6,london-link-048-b-departure,true,256.5,122.53176767676767,598.5333333333333,299.56666666666666,480.7470707070707,846.6666666666666,1116.8666666666666,1575640.5258998023,729041.8177545993,68.36692832042964,1.0069525295906627,1586595.213254387,1584171.4254348453,1.0016563161656404,1.209828697335007,3,0,0.6126395980989894
profile,tfl-numbat-2019-midweek,interpeak,5.4545449999999995,11,1,2,off,free-flow,virtual,4,drop-offs,reassign-existing,6,0,0,20,0,0,22,2,20,2,940GZZLUEUS,0,3900,2727,1800,1798.5,aaf9361694744c1c,330,330,0,0,250,80,8.333333333333334,74,91,11.733333333333333,-11,true,927,33,101,96,77,3,3,0,1,2,2,302,232,68,6,london-link-048-b-departure,true,220.5,121.84949494949495,598.5333333333333,296.78333333333336,480.0731818181818,846.6666666666666,1119.3333333333333,1568653.9187061293,710241.9537618929,68.83394444026493,1.0113895706118037,1586520.213254387,1584096.425434845,1.0016563161656404,1.209828697335007,3,0,0.6194516154034186
profile,tfl-numbat-2019-midweek,interpeak,5.4545449999999995,11,1,3,off,free-flow,virtual,4,drop-offs,unassigned,4,0,0,22,0,0,21,2,19,0,940GZZLUEUS,0,3900,2681,1800,1798.5,2868a608737b17cf,330,330,0,0,248,82,8.266666666666667,76,89,11.466666666666667,-7,true,881,27,97,93,78,2,2,0,0,2,1,194,156,36,5,london-link-090-a-departure,true,266.5,104.69929292929292,495.98333333333335,290.43333333333334,470.01853535353536,872.1666666666666,1443.55,1612930.470802857,567598.7842507485,73.96967809832046,1.006258312752916,1623024.6941034785,1620609.4591255558,1.0024255148070933,1.4480304929766543,3,0,0.0012475983731317214
profile,tfl-numbat-2019-midweek,interpeak,5.4545449999999995,11,1,3,off,free-flow,virtual,4,drop-offs,reassign-existing,8,0,0,20,0,0,22,2,20,2,940GZZLUEUS,0,3900,2635,1800,1798.5,2868a608737b17cf,330,330,0,0,245,85,8.166666666666666,76,89,11.266666666666667,-4,true,835,30,95,91,75,2,2,0,0,2,1,215,175,37,5,london-link-090-a-departure,true,243.5,108.06560606060606,516.15,296.3666666666667,473.7676262626263,899.85,1396.8666666666666,1600333.7748020068,558725.7256085852,74.12180046439983,1.0147942623460982,1624009.532476429,1620759.4591255558,1.0026066019551214,1.2962363477392533,4,0,0.00377774279867779
profile,tfl-numbat-2019-midweek,interpeak,5,11.966666666666667,1,1,off,free-flow,virtual,4,drop-offs,unassigned,10,0,0,56,0,0,44,7,37,0,940GZZLUEUS,0,3900,3113,1800,1795,63115a88eefe4876,359,359,0,0,244,115,8.133333333333333,81,98,10.866666666666667,17,true,1313,40,121,114,81,2,5,0,0,2,1,227,176,50,6,london-link-081-a-arrival,true,786,161.3489322191272,850.8166666666667,442.15,536.05617455896,945.7833333333333,1417.1833333333334,1774209.164833239,953216.4725780291,65.05068884360956,1.0214260283068708,1812223.4205425268,1807240.094645519,1.0029099303776126,1.2536398079693678,6,0,0.17893021721528604
profile,tfl-numbat-2019-midweek,interpeak,5,11.966666666666667,1,1,off,free-flow,virtual,4,drop-offs,reassign-existing,19,0,0,39,0,0,45,9,36,9,940GZZLUEUS,0,3900,3089,1800,1795,63115a88eefe4876,359,359,0,0,249,110,8.3,81,98,11.2,12,true,1289,36,116,104,83,2,5,0,1,2,2,277,220,57,6,london-link-048-a-arrival,true,674,139.19995357474465,673.75,383.53333333333336,514.8971680594243,911.75,1393.3,1732300.0671985343,812809.7078269527,68.06386444298603,1.0477013521544236,1814933.1226718626,1807615.094645519,1.0033294294662376,1.262288115123994,8,0,0.882593648535162
profile,tfl-numbat-2019-midweek,interpeak,5,11.966666666666667,1,2,off,free-flow,virtual,4,drop-offs,unassigned,5,0,0,35,0,0,31,5,26,0,940GZZLUEUS,0,3900,2816,1800,1795,a51bec993e64d97a,359,359,0,0,266,93,8.866666666666667,78,101,12.533333333333333,-8,true,1016,39,109,103,79,2,3,0,1,1,2,360,298,62,5,london-link-017-a-arrival,true,266,141.64721448467967,598.5333333333333,319.3,503.10714948932224,879.5833333333334,1119.9833333333333,1726492.7623826782,867307.6359372365,66.56228303075984,1.008994134229066,1742021.0699685488,1737805.373954049,1.002507135713357,1.2628890892905584,5,0,0.482838798873027
profile,tfl-numbat-2019-midweek,interpeak,5,11.966666666666667,1,2,off,free-flow,virtual,4,drop-offs,reassign-existing,12,0,0,26,0,0,29,5,24,5,940GZZLUEUS,0,3900,2690,1800,1795,a51bec993e64d97a,359,359,0,0,266,93,8.866666666666667,79,100,12.466666666666667,-7,true,890,37,110,102,77,2,3,0,1,2,2,447,370,77,5,london-link-048-a-arrival,true,272,128.85979572887652,598.5333333333333,307.76666666666665,490.7351439182915,863.3833333333333,1134.65,1701819.9883486414,826628.5491406546,67.30688653993798,1.024353107261498,1743264.5930061764,1737730.373954049,1.003485805387662,1.2628890892905584,7,0,0.6250604117666011
profile,tfl-numbat-2019-midweek,interpeak,5,11.966666666666667,1,3,off,free-flow,virtual,4,drop-offs,unassigned,6,0,0,41,0,0,38,4,34,0,940GZZLUEUS,0,3900,2900,1800,1795,ae2973bdc228cca9,359,359,0,0,251,108,8.366666666666667,79,100,11.466666666666667,8,true,1100,40,111,105,78,2,3,0,1,2,2,355,284,71,7,london-link-048-a-departure,true,255,133.9088207985144,603.3333333333334,340.3666666666667,502.87609099350044,893.7,1453.05,1757906.6443365104,799462.0525362125,68.73888174537232,1.0121087484284284,1779192.6935809962,1774445.5001916823,1.0026364598947604,1.3373565010275852,6,0,0.06162018592297477
profile,tfl-numbat-2019-midweek,interpeak,5,11.966666666666667,1,3,off,free-flow,virtual,4,drop-offs,reassign-existing,10,0,0,34,0,0,35,3,32,3,940GZZLUEUS,0,3900,2887,1800,1795,ae2973bdc228cca9,359,359,0,0,256,103,8.533333333333333,79,100,11.8,3,true,1087,37,107,101,78,2,3,0,1,2,2,315,252,63,5,london-link-048-a-departure,true,247,130.11378830083567,477.18333333333334,336.3333333333333,498.39517177344476,886.8,1404.7833333333333,1744407.7016720509,728976.5389939899,70.52716165128922,1.019235450826959,1777962.1701700112,1773020.5001916823,1.003172712869568,1.4683269400065286,6,0,0.037392633651170716
profile,tfl-numbat-2019-midweek,interpeak,4.615385,13.033333333333333,1,1,off,free-flow,virtual,4,drop-offs,unassigned,11,0,0,53,0,0,47,8,39,0,940GZZLUEUS,0,3900,3079,1800,1798.6,05b036e7516e55eb,391,391,0,0,265,126,8.833333333333334,88,107,11.8,19,true,1279,52,129,114,82,2,4,0,1,2,2,369,304,63,5,940GZZLUTCR-diverge,true,688.4,180.1304347826087,1074,506.26666666666665,556.5260017050298,980.2666666666667,1519.2666666666667,1929073.3938736853,1092322.0719941107,63.847100310638176,1.0254810674664088,1978228.243050654,1969720.863330688,1.003759911023065,1.289337291135541,9,0,0.09385265133740028
profile,tfl-numbat-2019-midweek,interpeak,4.615385,13.033333333333333,1,1,off,free-flow,virtual,4,drop-offs,reassign-existing,17,0,1,50,1,0,52,9,43,9,940GZZLUEUS,0,3900,2952,1800,1798.6,05b036e7516e55eb,391,391,0,0,261,130,8.7,89,106,11.466666666666667,24,true,1152,53,132,114,81,2,5,0,1,2,2,284,233,51,5,940GZZLUTCR-diverge,true,458.4,168.61312872975276,722.9833333333333,432.23333333333335,544.4793691389599,927.3666666666667,1391.7,1905119.8796993878,1001329.5038583198,65.54801506184778,1.0379489618860802,1977417.2012874268,1970095.8633306883,1.0033279320848758,1.2011915884329776,8,0,0.06004794453071124
profile,tfl-numbat-2019-midweek,interpeak,4.615385,13.033333333333333,1,2,off,free-flow,virtual,4,drop-offs,unassigned,5,0,0,40,0,0,37,7,30,0,940GZZLUEUS,0,3900,3085,1800,1798.6,e6b2cb534b8b4e2b,391,391,0,0,277,114,9.233333333333333,83,112,12.933333333333334,2,true,1285,49,123,114,83,2,4,0,0,2,2,323,254,67,5,london-link-047-a-arrival,true,595.4,162.9484654731458,834.45,430.3833333333333,526.836146632566,931.5333333333333,1403.9333333333334,1900026.5784244835,1079588.8576081616,63.76751024469006,1.0070186239138619,1913362.1502955137,1909310.2209372309,1.0020117972406528,1.1905537707484286,5,0,0.3318872314844868
profile,tfl-numbat-2019-midweek,interpeak,4.615385,13.033333333333333,1,2,off,free-flow,virtual,4,drop-offs,reassign-existing,12,0,0,34,0,0,38,6,32,6,940GZZLUEUS,0,3900,2756,1800,1798.6,e6b2cb534b8b4e2b,391,391,0,0,282,109,9.4,86,109,13.066666666666666,0,true,956,44,124,114,82,4,4,0,1,1,2,348,296,52,6,london-link-063-a-departure,true,408.4,155.0760443307758,823.7666666666667,418.95,519.2632992327366,921.1333333333333,1412.25,1875614.8554680047,971652.4696542289,65.87420994575858,1.0201226686375064,1913357.231591981,1908560.2209372306,1.0027111954086403,1.2628890892905584,6,0,0.18645210332315018
profile,tfl-numbat-2019-midweek,interpeak,4.615385,13.033333333333333,1,3,off,free-flow,virtual,4,drop-offs,unassigned,8,0,0,47,0,0,40,4,36,0,940GZZLUEUS,0,3900,3018,1800,1798.6,b778aea546f63062,391,391,0,0,273,118,9.1,88,107,12.333333333333334,11,true,1218,45,121,114,83,3,2,0,1,2,2,346,282,64,5,london-link-057-b-departure,true,489.4,142.9453537936914,755.2,401.3833333333333,510.4693094629156,949.9833333333333,1566.5333333333333,1910103.8397311165,940312.7960679033,67.0113910977678,1.0110539978086572,1931218.1232780071,1924312.4740162492,1.0038117199587695,1.2561117433206577,8,0,0.2568644395533041
profile,tfl-numbat-2019-midweek,interpeak,4.615385,13.033333333333333,1,3,off,free-flow,virtual,4,drop-offs,reassign-existing,11,0,0,46,0,0,44,4,40,4,940GZZLUEUS,0,3900,2834,1800,1798.6,b778aea546f63062,391,391,0,0,270,121,9,89,106,12.066666666666666,15,true,1034,52,124,114,83,3,2,0,1,2,2,420,355,65,6,london-link-057-b-departure,true,449.4,151.89654731457802,827.6,398.9,519.6401108269395,941.3166666666667,1447.4833333333333,1894747.8257442457,941890.1755361009,66.79554546223491,1.0188439765564767,1930452.409244425,1925362.4740162494,1.0024758207939934,1.2126434221321838,6,0,0.36742838504192327
profile,tfl-numbat-2019-midweek,interpeak,4.2857140000000005,14,1,1,off,free-flow,virtual,4,drop-offs,unassigned,22,0,0,68,0,0,54,10,44,0,940GZZLUEUS,0,3900,3195,1800,1799,d7e9ab1e06ba3f03,420,420,0,0,266,154,8.866666666666667,90,120,11.733333333333333,34,true,1395,81,156,114,77,3,4,0,1,2,1,572,465,107,6,london-link-030-a-departure,true,700,230.99055555555555,998.05,594.7333333333333,609.4697619047619,1063.95,1559.9,2036752.7404238833,1296650.640789158,61.10129820780044,1.0473295472348612,2133151.325306114,2118254.119850509,1.0060731752707173,1.26379429782505,17,0,0.596628497688626
profile,tfl-numbat-2019-midweek,interpeak,4.2857140000000005,14,1,1,off,free-flow,virtual,4,drop-offs,reassign-existing,26,0,0,50,0,0,53,9,44,9,940GZZLUEUS,0,3900,3025,1800,1799,d7e9ab1e06ba3f03,420,420,0,0,286,134,9.533333333333333,91,119,13,15,true,1225,74,137,114,81,3,4,0,1,2,2,410,337,73,6,london-link-031-b-departure,true,646,194.66242063492064,1075.65,534.4,572.0642857142857,1037.8666666666666,1544.4,2022571.93081338,1155205.1150525087,63.647383111556984,1.0545801835123465,2132964.2778152036,2121479.119850509,1.0048478370484493,1.289337291135541,13,0,0.2941718804272782
profile,tfl-numbat-2019-midweek,interpeak,4.2857140000000005,14,1,2,off,free-flow,virtual,4,drop-offs,unassigned,17,0,0,51,0,0,46,9,37,0,940GZZLUEUS,0,3900,3309,1800,1799,91e7e36c6e9c5c40,420,420,0,0,284,136,9.466666666666667,89,121,13,15,true,1509,65,141,114,81,2,3,1,1,1,2,376,305,69,6,london-link-083-a-arrival,true,637,213.82107142857143,837.9166666666666,564.9166666666666,581.9928174603175,1089.45,1565.6666666666667,2017864.7081083015,1305061.9301039819,60.72552685646716,1.029948876706335,2078297.4893183466,2066056.033856567,1.0055111892012931,1.2116018884563424,16,0,0.16502801781645765
profile,tfl-numbat-2019-midweek,interpeak,4.2857140000000005,14,1,2,off,free-flow,virtual,4,drop-offs,reassign-existing,24,0,0,40,0,0,47,9,38,9,940GZZLUEUS,0,3900,3170,1800,1799,91e7e36c6e9c5c40,420,420,0,0,292,128,9.733333333333333,90,120,13.466666666666667,8,true,1370,55,133,114,81,4,4,1,1,1,2,404,336,66,5,london-link-017-a-departure,true,845,179.87424603174605,883.0166666666667,466.68333333333334,548.4425,967.3166666666667,1469.3333333333333,1978866.2300854058,1169349.6217846589,62.856751988906474,1.050704547731661,2079203.7471675957,2067631.0338565672,1.0057199333914428,1.4341162717249565,13,0,0.5167757349122261
profile,tfl-numbat-2019-midweek,interpeak,4.2857140000000005,14,1,3,off,free-flow,virtual,4,drop-offs,unassigned,12,0,0,50,0,0,45,5,40,0,940GZZLUEUS,0,3900,3432,1800,1799,f9d9788dd6aa402d,420,420,0,0,278,142,9.266666666666667,93,117,12.333333333333334,25,true,1632,66,145,114,82,3,4,0,1,1,2,305,247,57,5,940GZZLUVIC-exit,true,723,202.53861111111112,832.85,486.85,570.3559523809524,1048.95,1696.45,2036057.675570392,1174870.2540743551,63.41025772558086,1.0205826231395183,2077965.08324997,2069616.8027369091,1.0039113059398743,1.3972301976575856,10,0,0.19623167230160213
profile,tfl-numbat-2019-midweek,interpeak,4.2857140000000005,14,1,3,off,free-flow,virtual,4,drop-offs,reassign-existing,19,0,0,40,0,0,41,5,36,5,940GZZLUEUS,0,3900,3279,1800,1799,f9d9788dd6aa402d,420,420,0,0,281,139,9.366666666666667,94,116,12.466666666666667,23,true,1479,66,142,114,83,2,3,0,0,1,1,268,213,55,5,london-link-020-a-departure,true,570,189.74249999999998,702.5666666666667,463.23333333333335,557.9694444444444,1017.2333333333333,1604.4,2016918.9993674993,1192075.7132073261,62.85205118799241,1.0308266445681251,2079093.8443416387,2069316.8027369096,1.0045240968901015,1.2950819758489949,12,0,0.1542737658098735
profile,tfl-numbat-2019-midweek,interpeak,4,14.966666666666667,1,1,off,free-flow,virtual,4,drop-offs,unassigned,30,0,0,82,1,0,61,13,48,0,940GZZLUEUS,0,3900,3237,1800,1796,36d46c523aa62ecf,449,449,0,0,274,175,9.133333333333333,93,131,12.066666666666666,44,true,1437,107,177,114,81,4,3,0,1,2,2,415,332,83,6,london-link-030-a-departure,true,882,289.6342613214551,982.6666666666666,739.0666666666667,667.9078693392726,1207.7833333333333,1708.3666666666666,2160440.0978634637,1426992.6054134609,60.222456462807486,1.056367564304224,2282218.8438172857,2263347.792482738,1.0077452917939707,1.2578863326728427,21,0,0.5634638196915777
profile,tfl-numbat-2019-midweek,interpeak,4,14.966666666666667,1,1,off,free-flow,virtual,4,drop-offs,reassign-existing,39,0,0,62,1,0,62,12,50,12,940GZZLUEUS,0,3900,3279,1800,1796,36d46c523aa62ecf,449,449,0,0,279,170,9.3,93,131,12.4,39,true,1479,95,171,114,82,3,3,0,1,2,2,528,420,107,6,london-link-048-a-arrival,true,920,261.4879732739421,1129.7666666666667,625.85,639.8570155902004,1127.9,1634.1333333333334,2113154.958627217,1358510.2063968112,60.868628113005,1.0800045387604265,2282216.9462432005,2266422.792482739,1.0059175996890244,1.2578863326728427,18,0,0.3819250908691249
profile,tfl-numbat-2019-midweek,interpeak,4,14.966666666666667,1,2,off,free-flow,virtual,4,drop-offs,unassigned,30,0,0,53,0,0,47,10,37,0,940GZZLUEUS,0,3900,3170,1800,1796,8d49fb9d3816ddc8,449,449,0,0,292,157,9.733333333333333,96,128,13.066666666666666,29,true,1370,89,158,114,77,3,4,0,1,2,2,500,407,92,6,london-link-048-a-departure,true,615,249.23942093541203,862.5833333333334,622.2333333333333,618.4505196733481,1132.5166666666667,1734.8833333333334,2110068.4256009995,1281642.7815779466,62.21250267814069,1.0544807373180956,2225026.5090481713,2202849.367633916,1.00924611382465,1.2798377144753803,27,0,0.298603307111896
profile,tfl-numbat-2019-midweek,interpeak,4,14.966666666666667,1,2,off,free-flow,virtual,4,drop-offs,reassign-existing,37,0,0,41,0,0,46,9,37,9,940GZZLUEUS,0,3900,3243,1800,1796,8d49fb9d3816ddc8,449,449,0,0,292,157,9.733333333333333,96,128,13.066666666666666,29,true,1443,84,161,114,76,4,4,0,1,2,2,485,398,87,6,london-link-048-a-departure,true,688,245.45590200445434,871.9,610.9,615.0136599851522,1133.8166666666666,1532.5666666666666,2072191.0250932267,1352631.7217389094,60.50505904312697,1.0740543168724572,2225645.7157210647,2202999.3676339164,1.010395809599234,1.442778917869207,25,0,0.5776391585245536
profile,tfl-numbat-2019-midweek,interpeak,4,14.966666666666667,1,3,off,free-flow,virtual,4,drop-offs,unassigned,31,0,0,46,0,0,46,8,38,0,940GZZLUEUS,0,3900,3394,1800,1796,1a5ec5d35ff01181,449,449,0,0,286,163,9.533333333333333,93,131,12.866666666666667,32,true,1594,83,167,114,83,3,4,0,1,2,2,466,383,83,6,london-link-048-a-departure,true,875,241.25074239049738,958.3333333333334,597.1333333333333,612.7742761692651,1093.45,1748.7666666666667,2126004.8333974634,1256734.902519158,62.84860791459558,1.05259661909747,2237825.499644278,2212680.685901037,1.010465334638482,1.3972301976575856,29,0,0.2873135379402758
profile,tfl-numbat-2019-midweek,interpeak,4,14.966666666666667,1,3,off,free-flow,virtual,4,drop-offs,reassign-existing,33,0,0,53,0,0,52,4,48,4,940GZZLUEUS,0,3900,3581,1800,1796,1a5ec5d35ff01181,449,449,0,0,285,164,9.5,97,127,12.533333333333333,37,true,1781,90,167,114,83,3,3,1,1,2,2,448,353,91,5,london-link-048-a-arrival,true,1062,247.89038604305864,1145.7,626.25,618.6427616926503,1160.2666666666667,1868.7333333333333,2114625.2356143943,1300603.300145798,61.91753241320649,1.055861731844015,2232751.8633036567,2211255.6859010383,1.0090097647755523,1.3869169782924529,24,0,0.2029675531045263
profile,tfl-numbat-2019-midweek,pm-peak,60,0.9666666666666667,1,1,off,free-flow,virtual,4,drop-offs,unassigned,0,0,0,0,0,0,0,0,0,0,940GZZLUEUS,0,3900,2204,1800,1740,2c415a5861bb3fb7,29,29,0,0,22,7,0.7333333333333333,9,5,0.8666666666666667,2,true,404,3,9,9,9,0,1,0,0,1,1,0,0,0,2,940GZZLUBNK-01-departure,true,0,42.15459770114943,192.35,168.25,377.85689655172416,703.35,943.1666666666666,131267.39955796878,37471.92254563283,77.79301109042856,1,131267.39955727046,131267.39955727046,1,1,0,0,0
profile,tfl-numbat-2019-midweek,pm-peak,60,0.9666666666666667,1,1,off,free-flow,virtual,4,drop-offs,reassign-existing,0,0,0,0,0,0,0,0,0,0,940GZZLUEUS,0,3900,2204,1800,1740,2c415a5861bb3fb7,29,29,0,0,22,7,0.7333333333333333,9,5,0.8666666666666667,2,true,404,3,9,9,9,0,1,0,0,1,1,0,0,0,2,940GZZLUBNK-01-departure,true,0,42.15459770114943,192.35,168.25,377.85689655172416,703.35,943.1666666666666,131267.39955796878,37471.92254563283,77.79301109042856,1,131267.39955727046,131267.39955727046,1,1,0,0,0
profile,tfl-numbat-2019-midweek,pm-peak,60,0.9666666666666667,1,2,off,free-flow,virtual,4,drop-offs,unassigned,0,0,0,0,0,0,0,0,0,0,940GZZLUEUS,0,3900,2320,1800,1740,42d62660e617f50f,29,29,0,0,25,4,0.8333333333333334,8,6,1.1333333333333333,-2,true,520,2,8,8,7,0,1,0,0,2,1,0,0,0,3,940GZZLUTCR-01-arrival,true,0,20.366666666666667,105.91666666666667,104.43333333333334,350.2385057471264,690.9,699.7833333333333,128802.70380285068,62852.55740678784,67.20540985408287,1,128802.70380212447,128802.70380212447,1,1,0,0,0
profile,tfl-numbat-2019-midweek,pm-peak,60,0.9666666666666667,1,2,off,free-flow,virtual,4,drop-offs,reassign-existing,0,0,0,0,0,0,0,0,0,0,940GZZLUEUS,0,3900,2320,1800,1740,42d62660e617f50f,29,29,0,0,25,4,0.8333333333333334,8,6,1.1333333333333333,-2,true,520,2,8,8,7,0,1,0,0,2,1,0,0,0,3,940GZZLUTCR-01-arrival,true,0,20.366666666666667,105.91666666666667,104.43333333333334,350.2385057471264,690.9,699.7833333333333,128802.70380285068,62852.55740678784,67.20540985408287,1,128802.70380212447,128802.70380212447,1,1,0,0,0
profile,tfl-numbat-2019-midweek,pm-peak,60,0.9666666666666667,1,3,off,free-flow,virtual,4,drop-offs,unassigned,0,0,0,0,0,0,0,0,0,0,940GZZLUEUS,0,3900,2192,1800,1740,36bbc24bd6f4e5a1,29,29,0,0,23,6,0.7666666666666667,7,7,1.0666666666666667,-1,true,392,2,10,10,9,0,1,0,0,1,1,0,0,0,2,940GZZLUKSX-01-arrival,true,0,29.633333333333333,125.43333333333334,123.51666666666667,411.90000000000003,695.6333333333333,723.1,150107.48061761967,40639.634224577014,78.6944959779875,1,150107.48061648617,150107.48061648617,1,1,0,0,0
profile,tfl-numbat-2019-midweek,pm-peak,60,0.9666666666666667,1,3,off,free-flow,virtual,4,drop-offs,reassign-existing,0,0,0,0,0,0,0,0,0,0,940GZZLUEUS,0,3900,2192,1800,1740,36bbc24bd6f4e5a1,29,29,0,0,23,6,0.7666666666666667,7,7,1.0666666666666667,-1,true,392,2,10,10,9,0,1,0,0,1,1,0,0,0,2,940GZZLUKSX-01-arrival,true,0,29.633333333333333,125.43333333333334,123.51666666666667,411.90000000000003,695.6333333333333,723.1,150107.48061761967,40639.634224577014,78.6944959779875,1,150107.48061648617,150107.48061648617,1,1,0,0,0
profile,tfl-numbat-2019-midweek,pm-peak,30,1.9666666666666666,1,1,off,free-flow,virtual,4,drop-offs,unassigned,0,0,0,0,0,0,0,0,0,0,940GZZLUEUS,0,3900,2509,1800,1770,af2d0ae536676bd0,59,59,0,0,44,15,1.4666666666666666,18,11,1.7333333333333334,4,true,709,5,16,16,14,1,1,0,0,2,1,5,5,0,3,london-link-030-a-arrival,true,99,50.89576271186441,197.7,168.25,402.3898305084746,853.1,943.1666666666666,279945.8872068711,122185.61354115253,69.61550803310128,1,279945.8872037958,279945.8872037958,1,1,0,0,0
profile,tfl-numbat-2019-midweek,pm-peak,30,1.9666666666666666,1,1,off,free-flow,virtual,4,drop-offs,reassign-existing,0,0,0,0,0,0,0,0,0,0,940GZZLUEUS,0,3900,2509,1800,1770,af2d0ae536676bd0,59,59,0,0,44,15,1.4666666666666666,18,11,1.7333333333333334,4,true,709,5,16,16,14,1,1,0,0,2,1,5,5,0,3,london-link-030-a-arrival,true,99,50.89576271186441,197.7,168.25,402.3898305084746,853.1,943.1666666666666,279945.8872068711,122185.61354115253,69.61550803310128,1,279945.8872037958,279945.8872037958,1,1,0,0,0
profile,tfl-numbat-2019-midweek,pm-peak,30,1.9666666666666666,1,2,off,free-flow,virtual,4,drop-offs,unassigned,0,0,0,3,0,0,3,1,2,0,940GZZLUEUS,0,3900,2712,1800,1770,491be4b064701a89,59,59,0,0,43,16,1.4333333333333333,19,10,1.6,6,true,912,4,17,17,16,1,1,0,0,2,1,13,10,3,2,940GZZLUBNK-01-arrival,true,55,36.59378531073446,150.4,112.25,414.77683615819205,699.7833333333333,971.6833333333333,301663.43136114074,157622.02973436873,65.68103214972206,1,301663.43135761685,301663.43135761685,1,1,0,0,0
profile,tfl-numbat-2019-midweek,pm-peak,30,1.9666666666666666,1,2,off,free-flow,virtual,4,drop-offs,reassign-existing,1,0,0,2,0,0,3,1,2,1,940GZZLUEUS,0,3900,2712,1800,1770,491be4b064701a89,59,59,0,0,44,15,1.4666666666666666,20,9,1.6,6,true,912,4,17,17,16,1,1,0,0,2,1,13,10,3,2,940GZZLUBNK-01-arrival,true,55,33.04435028248587,150.4,108.03333333333333,411.1748587570621,699.7833333333333,971.6833333333333,298784.3491815284,156270.4081146178,65.65898815273385,1.0096359872513034,301663.43135761685,301663.43135761685,1,1,0,0,0
profile,tfl-numbat-2019-midweek,pm-peak,30,1.9666666666666666,1,3,off,free-flow,virtual,4,drop-offs,unassigned,0,0,0,0,0,0,0,0,0,0,940GZZLUEUS,0,3900,2492,1800,1770,97a0bbc389019b5e,59,59,0,0,44,15,1.4666666666666666,16,13,1.8666666666666667,2,true,692,5,17,17,15,1,1,0,0,2,1,14,12,2,3,940GZZLUKSX-01-arrival,true,106,55.77655367231638,194.1,158.31666666666666,420.90112994350284,778.65,795.9666666666667,290771.7058823621,152413.75295452072,65.60948697312347,1,290771.7058789175,290771.7058789175,1,1,0,0,0
profile,tfl-numbat-2019-midweek,pm-peak,30,1.9666666666666666,1,3,off,free-flow,virtual,4,drop-offs,reassign-existing,0,0,0,0,0,0,0,0,0,0,940GZZLUEUS,0,3900,2492,1800,1770,97a0bbc389019b5e,59,59,0,0,44,15,1.4666666666666666,16,13,1.8666666666666667,2,true,692,5,17,17,15,1,1,0,0,2,1,14,12,2,3,940GZZLUKSX-01-arrival,true,106,55.77655367231638,194.1,158.31666666666666,420.90112994350284,778.65,795.9666666666667,290771.7058823621,152413.75295452072,65.60948697312347,1,290771.7058789175,290771.7058789175,1,1,0,0,0
profile,tfl-numbat-2019-midweek,pm-peak,20,2.966666666666667,1,1,off,free-flow,virtual,4,drop-offs,unassigned,0,0,0,1,0,0,1,1,0,0,940GZZLUEUS,0,3900,2512,1800,1780,2436c9d379b10cb9,89,89,0,0,68,21,2.2666666666666666,25,19,2.8666666666666667,2,true,712,6,25,25,23,1,1,0,0,2,1,19,16,3,4,940GZZLUKSX-01-arrival,true,226,48.466479400749066,245.53333333333333,158.31666666666666,407.223595505618,835.1833333333333,943.1666666666666,430792.38444089034,204544.41963548798,67.80535641519387,1,430792.38443536265,430792.38443536265,1,1,0,0,0
profile,tfl-numbat-2019-midweek,pm-peak,20,2.966666666666667,1,1,off,free-flow,virtual,4,drop-offs,reassign-existing,1,0,0,0,0,0,1,1,0,1,940GZZLUEUS,0,3900,2512,1800,1780,2436c9d379b10cb9,89,89,0,0,68,21,2.2666666666666666,25,19,2.8666666666666667,2,true,712,6,25,25,23,1,1,0,0,2,1,19,16,3,4,940GZZLUKSX-01-arrival,true,226,47.03651685393258,245.53333333333333,158.31666666666666,405.71985018726593,835.1833333333333,943.1666666666666,428469.822970462,203852.98366544998,67.76124765292114,1.0052455537121492,430717.38443536265,430717.38443536265,1,1,0,0,0
profile,tfl-numbat-2019-midweek,pm-peak,20,2.966666666666667,1,2,off,free-flow,virtual,4,drop-offs,unassigned,1,0,0,2,0,0,2,1,1,0,940GZZLUEUS,0,3900,2225,1800,1780,fe3e8bbb848e718e,89,89,0,0,68,21,2.2666666666666666,26,18,2.8,3,true,425,6,27,27,23,1,1,0,0,2,1,10,7,3,3,london-link-030-a-arrival,true,96,37.151685393258425,159.33333333333334,148.33333333333334,398.4784644194757,690.9,966.3166666666667,431155.64566061867,169282.39239111138,71.80685072178471,1.006677593598931,434034.7278345552,434034.7278345552,1,1,0,0,0
profile,tfl-numbat-2019-midweek,pm-peak,20,2.966666666666667,1,2,off,free-flow,virtual,4,drop-offs,reassign-existing,2,0,0,1,0,0,2,1,1,1,940GZZLUEUS,0,3900,2222,1800,1780,fe3e8bbb848e718e,89,89,0,0,68,21,2.2666666666666666,26,18,2.8,3,true,422,6,27,27,23,1,1,0,0,2,1,7,6,1,3,london-link-030-a-arrival,true,96,38.00580524344569,229.2,150.4,399.19176029962546,690.9,966.3166666666667,428201.56348100374,157406.21780618024,73.12088007775502,1.0136224732852295,434034.7278345552,434034.7278345552,1,1,0,0,0
profile,tfl-numbat-2019-midweek,pm-peak,20,2.966666666666667,1,3,off,free-flow,virtual,4,drop-offs,unassigned,0,0,0,4,0,0,3,1,2,0,940GZZLUEUS,0,3900,2374,1800,1780,46810ad37025e12d,89,89,0,0,69,20,2.3,24,20,3,0,true,574,6,27,27,24,1,1,0,0,2,1,9,6,3,3,940GZZLUWLO-01-arrival,true,88,61.49288389513109,210.26666666666668,163.68333333333334,424.22715355805246,765.45,901.6166666666667,435441.292907866,184742.860489701,70.21161223200875,1,435441.2929021865,435441.2929021865,1,1,0,0,0
profile,tfl-numbat-2019-midweek,pm-peak,20,2.966666666666667,1,3,off,free-flow,virtual,4,drop-offs,reassign-existing,1,0,0,2,0,0,3,1,2,1,940GZZLUEUS,0,3900,2374,1800,1780,46810ad37025e12d,89,89,0,0,69,20,2.3,24,20,3,0,true,574,6,27,27,24,1,1,0,0,2,1,9,6,3,3,940GZZLUWLO-01-arrival,true,88,60.92715355805243,210.26666666666668,163.68333333333334,423.6878277153558,765.45,901.6166666666667,428349.70012615557,189344.14999342943,69.34660269698774,1.0165556151424862,435441.2929021865,435441.2929021865,1,1,0,0,0
profile,tfl-numbat-2019-midweek,pm-peak,15,3.966666666666667,1,1,off,free-flow,virtual,4,drop-offs,unassigned,0,0,0,2,0,0,2,1,1,0,940GZZLUEUS,0,3900,2417,1800,1785,0208aa8245ceb755,119,119,0,0,92,27,3.066666666666667,32,27,4,0,true,617,6,33,33,29,1,1,0,0,2,1,20,15,5,3,940GZZLUKSX-01-departure,true,172,52.63977591036414,216.5,165.28333333333333,412.9550420168067,829.8333333333334,943.1666666666666,578578.932636765,201976.84871997748,74.12396992705551,1,578578.9326420825,578578.9326420825,1,1,0,0,0
profile,tfl-numbat-2019-midweek,pm-peak,15,3.966666666666667,1,1,off,free-flow,virtual,4,drop-offs,reassign-existing,1,0,0,1,0,0,2,1,1,1,940GZZLUEUS,0,3900,2417,1800,1785,0208aa8245ceb755,119,119,0,0,92,27,3.066666666666667,32,27,4,0,true,617,6,33,33,29,1,1,0,0,2,1,20,15,5,3,940GZZLUKSX-01-departure,true,172,51.06456582633053,216.5,165.28333333333333,411.4247899159664,829.8333333333334,943.1666666666666,576406.371166879,200397.5079111886,74.20230339876444,1.0038992654883898,578653.9326420825,578653.9326420825,1,1,0,0,0
profile,tfl-numbat-2019-midweek,pm-peak,15,3.966666666666667,1,2,off,free-flow,virtual,4,drop-offs,unassigned,0,0,0,5,0,0,4,3,1,0,940GZZLUEUS,0,3900,2512,1800,1785,613074b0e2e84676,119,119,0,0,92,27,3.066666666666667,32,27,4,0,true,712,7,36,36,33,1,1,0,0,2,1,51,46,5,4,london-link-120-a-arrival,true,150,50.42955182072829,174.75,149.23333333333332,420.4889355742297,720.3833333333333,966.3166666666667,593687.9612781276,263237.4852363733,69.28116835518446,1,593687.9612868837,593687.9612868837,1,1,0,0,0.015929654645087294
profile,tfl-numbat-2019-midweek,pm-peak,15,3.966666666666667,1,2,off,free-flow,virtual,4,drop-offs,reassign-existing,2,0,0,1,0,0,3,2,1,2,940GZZLUEUS,0,3900,2512,1800,1785,613074b0e2e84676,119,119,0,0,92,27,3.066666666666667,32,27,4,0,true,712,7,36,36,34,1,1,0,0,2,1,41,36,5,4,london-link-120-a-arrival,true,202,46.90140056022408,216.58333333333334,149.23333333333332,416.9126050420168,717.7,966.3166666666667,588154.796920315,245248.5310560274,70.57264798167579,1.0097902191552555,593912.9612868839,593912.9612868839,1,1,0,0,0
profile,tfl-numbat-2019-midweek,pm-peak,15,3.966666666666667,1,3,off,free-flow,virtual,4,drop-offs,unassigned,1,0,0,3,0,0,3,1,2,0,940GZZLUEUS,0,3900,2624,1800,1785,51241ebba9303aac,119,119,0,0,87,32,2.9,33,26,3.6,6,true,824,9,35,35,31,1,1,0,0,2,1,11,9,2,4,london-link-044-a-departure,true,160,68.96890756302521,218.25,172.98333333333332,452.7312324929972,795.9666666666667,939.2,615948.4382234473,257321.371836527,70.53357749549882,1.0024402573898306,617451.5109655195,616569.1479486354,1.0010455782637686,1.124423813388458,1,0,0
profile,tfl-numbat-2019-midweek,pm-peak,15,3.966666666666667,1,3,off,free-flow,virtual,4,drop-offs,reassign-existing,2,0,0,2,0,0,3,1,2,1,940GZZLUEUS,0,3900,2624,1800,1785,51241ebba9303aac,119,119,0,0,88,31,2.933333333333333,33,26,3.6666666666666665,5,true,824,9,35,35,30,1,1,0,0,2,1,16,14,2,4,london-link-044-a-departure,true,160,67.77633053221288,218.25,172.98333333333332,452.1616246498599,795.9666666666667,939.2,609006.8454434712,243842.7922298352,71.40846622212649,1.015561448278223,618483.8739824039,616719.1479486353,1.0020911565275372,1.124423813388458,1,0,0
profile,tfl-numbat-2019-midweek,pm-peak,12,4.966666666666667,1,1,off,free-flow,virtual,4,drop-offs,unassigned,0,0,0,4,0,0,4,1,3,0,940GZZLUEUS,0,3900,2262,1800,1788,d813e5a9585edb2f,149,149,0,0,112,37,3.7333333333333334,40,34,4.8,3,true,462,8,41,40,37,1,1,0,0,2,1,31,23,8,4,london-link-048-a-arrival,true,61,53.705033557046974,252.53333333333333,166.78333333333333,410.02852348993287,789.6666666666666,943.1666666666666,715789.9795161893,232355.14963538497,75.49371478148048,1,715789.9795526684,715789.9795526684,1,1,0,0,0
profile,tfl-numbat-2019-midweek,pm-peak,12,4.966666666666667,1,1,off,free-flow,virtual,4,drop-offs,reassign-existing,1,0,0,3,0,0,4,1,3,1,940GZZLUEUS,0,3900,2262,1800,1788,d813e5a9585edb2f,149,149,0,0,112,37,3.7333333333333334,41,33,4.733333333333333,4,true,462,8,41,40,37,1,1,0,0,2,1,31,23,8,4,london-link-048-a-arrival,true,61,52.50749440715883,252.53333333333333,166.78333333333333,408.83087248322147,789.6666666666666,943.1666666666666,713467.4180463082,230775.808826579,75.55970725987046,1.0032553153956778,715789.9795526684,715789.9795526684,1,1,0,0,0
profile,tfl-numbat-2019-midweek,pm-peak,12,4.966666666666667,1,2,off,free-flow,virtual,4,drop-offs,unassigned,0,0,0,7,0,0,4,3,1,0,940GZZLUEUS,0,3900,2268,1800,1788,297a5298546de8ab,149,149,0,0,110,39,3.6666666666666665,36,38,4.933333333333334,1,true,468,10,44,43,36,1,1,0,0,2,1,20,15,5,3,london-link-010-a-departure,true,162,68.0976510067114,219.31666666666666,184.35,430.926062639821,699.7833333333333,971.6833333333333,729968.9479192976,248746.3739439565,74.58439973429667,1,729968.9479590331,729968.9479590331,1,1,0,0,0
profile,tfl-numbat-2019-midweek,pm-peak,12,4.966666666666667,1,2,off,free-flow,virtual,4,drop-offs,reassign-existing,2,0,0,2,0,0,4,2,2,2,940GZZLUEUS,0,3900,2427,1800,1788,297a5298546de8ab,149,149,0,0,109,40,3.6333333333333333,36,38,4.866666666666666,2,true,627,11,44,43,38,1,1,0,0,2,1,8,6,2,3,london-link-024-a-arrival,true,162,61.57404921700223,219.31666666666666,183.91666666666666,424.63557046979867,699.7833333333333,971.6833333333333,724360.7835614288,235729.88735342826,75.44712239222109,1.0080528439573275,730193.947959033,730193.947959033,1,1,0,0,0
profile,tfl-numbat-2019-midweek,pm-peak,12,4.966666666666667,1,3,off,free-flow,virtual,4,drop-offs,unassigned,0,0,0,6,0,0,5,1,4,0,940GZZLUEUS,0,3900,2779,1800,1788,48123429dd3fca57,149,149,0,0,108,41,3.6,39,35,4.6,6,true,979,11,47,45,37,1,1,0,0,2,1,47,41,6,3,940GZZLUKSX-01-arrival,true,227,82.9582774049217,306.5,187.9,459.77483221476507,808.3333333333334,1074.9,758196.3758365477,304762.2033821076,71.32887307743187,1,758196.3758827227,758196.3758827227,1,1,0,0,0
profile,tfl-numbat-2019-midweek,pm-peak,12,4.966666666666667,1,3,off,free-flow,virtual,4,drop-offs,reassign-existing,1,0,0,4,0,0,5,1,4,1,940GZZLUEUS,0,3900,2779,1800,1788,48123429dd3fca57,149,149,0,0,108,41,3.6,39,35,4.6,6,true,979,11,47,45,36,1,1,0,0,2,1,35,29,6,3,940GZZLUKSX-01-arrival,true,227,81.66543624161073,306.5,187.9,458.3147651006711,808.3333333333334,1074.9,751254.7830564489,293734.43280712573,71.89115176041459,1.0093398310924981,758271.3758827227,758271.3758827227,1,1,0,0,0
profile,tfl-numbat-2019-midweek,pm-peak,10,5.966666666666667,1,1,off,free-flow,virtual,4,drop-offs,unassigned,0,0,0,4,0,0,4,1,3,0,940GZZLUEUS,0,3900,2671,1800,1790,7f3d0ffd68c0d35b,179,179,0,0,134,45,4.466666666666667,50,39,5.6,6,true,871,12,48,48,42,1,1,0,0,2,1,20,12,8,4,940GZZLUVIC-01-arrival,true,147,62.48202979515828,258.31666666666666,170.65,415.8134078212291,789.2833333333333,943.1666666666666,852443.7446752338,309455.06712931104,73.3664357011695,1,852443.7447427212,852443.7447427212,1,1,0,0,0
profile,tfl-numbat-2019-midweek,pm-peak,10,5.966666666666667,1,1,off,free-flow,virtual,4,drop-offs,reassign-existing,1,0,0,3,0,0,4,1,3,1,940GZZLUEUS,0,3900,2671,1800,1790,7f3d0ffd68c0d35b,179,179,0,0,134,45,4.466666666666667,50,39,5.6,6,true,871,12,48,48,42,1,1,0,0,2,1,22,13,9,4,940GZZLUVIC-01-arrival,true,147,61.81527001862197,258.31666666666666,170.65,415.0524208566108,789.2833333333333,943.1666666666666,849896.1832054151,308990.44244133774,73.33730188931158,1.002732759031174,852218.7447427212,852218.7447427212,1,1,0,0,0
profile,tfl-numbat-2019-midweek,pm-peak,10,5.966666666666667,1,2,off,free-flow,virtual,4,drop-offs,unassigned,0,0,0,9,0,0,6,3,3,0,940GZZLUEUS,0,3900,2676,1800,1790,d381100ff1da349a,179,179,0,0,134,45,4.466666666666667,40,49,6.266666666666667,-4,true,876,13,52,50,41,2,1,0,0,2,1,65,52,13,4,london-link-048-a-arrival,true,188,78.04916201117318,324.8,196.31666666666666,452.18351955307264,762.45,1025.2,904429.2589292651,382681.7627411607,70.26816208562084,1,904429.2590089331,904429.2590089331,1,1,0,0,0
profile,tfl-numbat-2019-midweek,pm-peak,10,5.966666666666667,1,2,off,free-flow,virtual,4,drop-offs,reassign-existing,2,0,0,4,0,0,6,2,4,2,940GZZLUEUS,0,3900,2676,1800,1790,d381100ff1da349a,179,179,0,0,133,46,4.433333333333334,41,48,6.133333333333334,-2,true,876,13,50,49,40,2,1,0,0,2,1,82,67,15,4,london-link-084-a-arrival,true,171,73.76331471135941,324.8,196.16666666666666,448.3511173184358,772.4333333333333,1025.2,898746.094571445,369431.0037434868,70.86913143011635,1.00640688665399,904504.2590089331,904504.2590089331,1,1,0,0,0
profile,tfl-numbat-2019-midweek,pm-peak,10,5.966666666666667,1,3,off,free-flow,virtual,4,drop-offs,unassigned,2,0,0,5,0,0,5,0,5,0,940GZZLUEUS,0,3900,2567,1800,1790,21d3f2b5bd5d97ab,179,179,0,0,131,48,4.366666666666666,43,46,5.866666666666666,2,true,767,17,55,53,44,2,2,0,0,2,2,65,53,12,5,london-link-081-a-arrival,true,140,89.2050279329609,304.3333333333333,225.43333333333334,469.1989757914339,801.3166666666667,1072.5333333333333,912535.2466460629,335482.4281157976,73.11877588754402,1.0059865246440338,917998.1614702048,916484.2092580349,1.0011626294151263,1.1391412272152763,2,0,0.1026525865175656
profile,tfl-numbat-2019-midweek,pm-peak,10,5.966666666666667,1,3,off,free-flow,virtual,4,drop-offs,reassign-existing,2,0,0,5,0,0,5,0,5,0,940GZZLUEUS,0,3900,2567,1800,1790,21d3f2b5bd5d97ab,179,179,0,0,131,48,4.366666666666666,43,46,5.866666666666666,2,true,767,17,55,53,44,2,2,0,0,2,2,65,53,12,5,london-link-081-a-arrival,true,140,89.2050279329609,304.3333333333333,225.43333333333334,469.1989757914339,801.3166666666667,1072.5333333333333,912535.2466460629,335482.4281157976,73.11877588754402,1.0059865246440338,917998.1614702048,916484.2092580349,1.0011626294151263,1.1391412272152763,2,0,0.1026525865175656
profile,tfl-numbat-2019-midweek,pm-peak,8.571429,7,1,1,off,free-flow,virtual,4,drop-offs,unassigned,2,0,0,10,0,0,10,2,8,0,940GZZLUEUS,0,3900,2416,1800,1799,a956252f9cc231f2,210,210,0,0,159,51,5.3,54,51,7,0,true,616,17,56,56,47,1,1,0,0,2,1,57,47,9,3,940GZZLUFPK-01-departure,true,218,77.95674603174602,369.98333333333335,178.73333333333332,422.13126984126984,770.3,943.1666666666666,967310.7059440628,330942.79852068797,74.50861504455324,1.0060304892143686,973144.062817207,972383.1295049078,1.0004850499051363,1.101860480078655,1,0,0
profile,tfl-numbat-2019-midweek,pm-peak,8.571429,7,1,1,off,free-flow,virtual,4,drop-offs,reassign-existing,5,0,0,7,0,0,9,2,7,2,940GZZLUEUS,0,3900,2416,1800,1799,a956252f9cc231f2,210,210,0,0,157,53,5.233333333333333,56,49,6.733333333333333,4,true,616,15,57,55,47,1,1,0,0,2,1,72,58,14,4,london-link-048-a-arrival,true,203,79.3,369.98333333333335,187.7,424.21698412698413,785.2333333333333,943.1666666666666,959646.3502730186,350598.5083605122,73.24175660371182,1.0155863386805706,974603.7233950758,972908.1295049078,1.0016537162168637,1.2253405416785947,2,0,0
profile,tfl-numbat-2019-midweek,pm-peak,8.571429,7,1,2,off,free-flow,virtual,4,drop-offs,unassigned,0,0,0,12,0,0,8,4,4,0,940GZZLUEUS,0,3900,2599,1800,1799,6d4c4c3b2c45e61e,210,210,0,0,151,59,5.033333333333333,48,57,6.866666666666666,2,true,799,21,62,60,46,2,1,0,0,2,1,110,92,18,5,london-link-048-a-arrival,true,226,98.25587301587302,440.1666666666667,247.7,474.07198412698415,806.6833333333333,1025.2,1064306.6992445865,439417.1819997481,70.77806720498916,1,1064306.6993527254,1064306.6993527254,1,1,0,0,0.07337488223784332
profile,tfl-numbat-2019-midweek,pm-peak,8.571429,7,1,2,off,free-flow,virtual,4,drop-offs,reassign-existing,2,0,0,6,0,0,7,2,5,2,940GZZLUEUS,0,3900,2596,1800,1799,6d4c4c3b2c45e61e,210,210,0,0,151,59,5.033333333333333,50,55,6.733333333333333,4,true,796,21,61,59,46,2,1,0,0,2,1,120,102,18,5,london-link-048-a-arrival,true,176,97.73174603174603,440.1666666666667,239.81666666666666,472.9473015873016,794.7833333333333,1025.2,1056448.5348833082,426387.66788473714,71.24512693385896,1.005521484640208,1062281.6993527256,1062281.6993527256,1,1,0,0,0.323119572600929
profile,tfl-numbat-2019-midweek,pm-peak,8.571429,7,1,3,off,free-flow,virtual,4,drop-offs,unassigned,1,0,0,7,0,0,7,1,6,0,940GZZLUEUS,0,3900,2638,1800,1799,8a8893745def8e7a,210,210,0,0,151,59,5.033333333333333,47,58,6.933333333333334,1,true,838,21,64,63,47,2,2,0,0,1,1,69,59,10,4,940GZZLUKSX-01-arrival,true,259,107.48428571428572,335.1333333333333,239.15,484.66309523809525,854.3166666666667,1045.3,1066495.2178539832,452529.88658391696,70.20918974532873,1.0027698972576877,1069449.3001410943,1068553.7573374284,1.0003945037708977,1.0828457918885008,1,0,0
profile,tfl-numbat-2019-midweek,pm-peak,8.571429,7,1,3,off,free-flow,virtual,4,drop-offs,reassign-existing,2,0,0,6,0,0,7,1,6,1,940GZZLUEUS,0,3900,2612,1800,1799,8a8893745def8e7a,210,210,0,0,151,59,5.033333333333333,47,58,6.933333333333334,1,true,812,21,64,63,47,2,2,0,0,1,1,69,59,10,4,940GZZLUKSX-01-arrival,true,259,106.17603174603174,336.76666666666665,238.83333333333334,483.32984126984127,847.1833333333333,1045.3,1057840.4063857242,443456.8062044309,70.46175783945242,1.010832346330595,1069299.3001410938,1068403.7573374282,1.0003945037708977,1.0828457918885008,1,0,0
profile,tfl-numbat-2019-midweek,pm-peak,7.5,7.966666666666667,1,1,off,free-flow,virtual,4,drop-offs,unassigned,3,0,0,16,0,0,14,4,10,0,940GZZLUEUS,0,3900,2509,1800,1792.5,812d6bdfeff7cdd8,239,239,0,0,183,56,6.1,59,60,8.266666666666667,-4,true,709,21,67,64,51,1,2,0,0,1,1,65,53,12,3,940GZZLUBXN-01-arrival,true,241.5,98.2907949790795,428.6333333333333,236.65,446.4981171548117,814.4333333333333,943.1666666666666,1109992.1720257734,484013.4888716293,69.63539711652362,1.0092763893842516,1120288.8917240323,1118501.0120411178,1.0012725872009902,1.15855558656336,2,0,0.0034164673727365906
profile,tfl-numbat-2019-midweek,pm-peak,7.5,7.966666666666667,1,1,off,free-flow,virtual,4,drop-offs,reassign-existing,7,0,0,11,0,0,13,4,9,4,940GZZLUEUS,0,3900,2501,1800,1792.5,812d6bdfeff7cdd8,239,239,0,0,183,56,6.1,59,60,8.266666666666667,-4,true,701,23,66,65,51,2,2,0,0,1,1,97,76,21,4,london-link-070-a-departure,true,170.5,93.87043235704324,428.6333333333333,238.3,441.99065550906556,799.65,943.1666666666666,1094470.3213099644,462875.6638149005,70.2779171593146,1.0225459133745616,1119146.1544676216,1118351.0120411175,1.000617656803749,1.147619976095987,1,0,0
profile,tfl-numbat-2019-midweek,pm-peak,7.5,7.966666666666667,1,2,off,free-flow,virtual,4,drop-offs,unassigned,2,0,0,15,0,0,9,5,4,0,940GZZLUEUS,0,3900,2505,1800,1792.5,fe5cdc606d6c3375,239,239,0,0,167,72,5.566666666666666,61,58,7.066666666666666,14,true,705,22,73,71,56,1,1,0,1,2,1,145,121,24,5,london-link-048-a-arrival,true,223.5,105.25571827057183,339.55,289.2,478.7069735006973,806.5166666666667,1025.2,1197226.742004987,500259.92747583054,70.5293751951032,1.0044700335048282,1202578.3857283194,1201682.8429246536,1.0010114655115,1.2417402572485177,1,0,0.03370921786588547
profile,tfl-numbat-2019-midweek,pm-peak,7.5,7.966666666666667,1,2,off,free-flow,virtual,4,drop-offs,reassign-existing,5,0,0,5,0,0,9,4,5,4,940GZZLUEUS,0,3900,2550,1800,1792.5,fe5cdc606d6c3375,239,239,0,0,167,72,5.566666666666666,62,57,7,15,true,750,25,72,70,56,2,2,0,1,2,1,173,144,29,5,london-link-048-a-arrival,true,268.5,103.3860529986053,485.28333333333336,273.5833333333333,476.70271966527196,821.8833333333333,1025.2,1188453.646575707,505397.4309293863,70.16281787453262,1.011257650907194,1201832.8429246533,1201832.8429246533,1,1,0,0,0
profile,tfl-numbat-2019-midweek,pm-peak,7.5,7.966666666666667,1,3,off,free-flow,virtual,4,drop-offs,unassigned,4,0,0,16,0,0,16,6,10,0,940GZZLUEUS,0,3900,2646,1800,1792.5,1d267e2d1193cfce,239,239,0,0,170,69,5.666666666666667,55,64,7.666666666666667,5,true,846,25,75,71,53,2,1,0,0,1,1,121,98,23,4,940GZZLUKSX-01-arrival,true,259.5,119.07203626220362,354.35,289.23333333333335,493.9665969316597,834.7333333333333,1006.7166666666667,1190734.837602806,524716.9045387106,69.41231911987974,1.014194560844431,1207636.7957806902,1206893.8231010346,1.0011698522876065,1.2795946967379324,1,0,0.22541113721506129
profile,tfl-numbat-2019-midweek,pm-peak,7.5,7.966666666666667,1,3,off,free-flow,virtual,4,drop-offs,reassign-existing,8,0,0,11,0,0,18,6,12,6,940GZZLUEUS,0,3900,2609,1800,1792.5,1d267e2d1193cfce,239,239,0,0,170,69,5.666666666666667,55,64,7.666666666666667,5,true,809,26,76,72,54,2,2,0,0,1,1,115,98,17,4,940GZZLUKSX-01-arrival,true,246.5,120.76813110181311,374.9,286.7,495.05592747559274,838.8666666666667,1005.1,1167328.3177530733,510863.29437378433,69.55870291078733,1.033572821517356,1206518.8231010344,1206518.8231010344,1,1,0,0,0.0016234556877770022
profile,tfl-numbat-2019-midweek,pm-peak,6.666667,8.966666666666667,1,1,off,free-flow,virtual,4,drop-offs,unassigned,5,0,0,20,0,0,17,5,12,0,940GZZLUEUS,0,3900,2582,1800,1793.3333333333333,5a33a9c6710baada,269,269,0,0,202,67,6.733333333333333,65,69,9.133333333333333,-2,true,782,24,76,72,57,2,1,0,0,2,1,245,202,41,5,london-link-048-a-arrival,true,268.6666666666667,107.21047087980173,449.1,265.4,458.5376703841388,813.1166666666667,943.1666666666666,1252679.5312579826,579769.0713662525,68.36096409274617,1.013076392307381,1269060.0603040792,1266427.1604566963,1.0020870833893158,1.2426979892562182,3,0,0.23427364050858138
profile,tfl-numbat-2019-midweek,pm-peak,6.666667,8.966666666666667,1,1,off,free-flow,virtual,4,drop-offs,reassign-existing,11,0,0,15,0,0,20,6,14,6,940GZZLUEUS,0,3900,2609,1800,1793.3333333333333,5a33a9c6710baada,269,269,0,0,202,67,6.733333333333333,66,68,9.066666666666666,-1,true,809,25,76,71,56,2,2,0,0,2,1,160,124,34,5,london-link-070-a-departure,true,248.66666666666666,109.65638166047088,449.1,257.96666666666664,460.7363073110285,825.8166666666667,943.1666666666666,1232412.1259827346,549144.4908993676,69.17614148797449,1.0297184356584592,1269037.4865195537,1267327.1604566963,1.0012959047236192,1.2426979892562182,2,0,0.0809222078021223
profile,tfl-numbat-2019-midweek,pm-peak,6.666667,8.966666666666667,1,2,off,free-flow,virtual,4,drop-offs,unassigned,1,0,0,21,0,0,14,8,6,0,940GZZLUEUS,0,3900,2558,1800,1793.3333333333333,6c68acf7e422f94a,269,269,0,0,187,82,6.233333333333333,68,66,7.933333333333334,16,true,758,31,87,84,67,3,2,0,0,2,2,262,226,36,6,london-link-048-a-arrival,true,395.6666666666667,122.6305452292441,450.4166666666667,307.8,494.6944237918215,830.7333333333333,1093.5666666666666,1343068.5676964968,600349.1138345586,69.10859052380371,1.0021995021330572,1346022.649911549,1345277.107107883,1.0007481401012646,1.2012496872402003,1,0,0.004198975449990202
profile,tfl-numbat-2019-midweek,pm-peak,6.666667,8.966666666666667,1,2,off,free-flow,virtual,4,drop-offs,reassign-existing,8,0,0,8,0,0,15,7,8,7,940GZZLUEUS,0,3900,2460,1800,1793.3333333333333,6c68acf7e422f94a,269,269,0,0,191,78,6.366666666666666,68,66,8.2,12,true,660,29,82,78,66,2,2,0,1,2,2,172,142,30,5,london-link-048-a-arrival,true,217.66666666666666,109.3184634448575,385.75,292.1,480.5907063197026,815.25,1085.7833333333333,1318135.4387753797,567672.3822957112,69.89765468395991,1.0201721612978405,1344725.0795013593,1343927.1071078833,1.0007211998449945,1.1940027583035504,1,0,0.13706535853412205
profile,tfl-numbat-2019-midweek,pm-peak,6.666667,8.966666666666667,1,3,off,free-flow,virtual,4,drop-offs,unassigned,7,0,0,16,0,0,16,3,13,0,940GZZLUEUS,0,3900,2788,1800,1793.3333333333333,43d49a40dceca89e,269,269,0,0,188,81,6.266666666666667,65,69,8.2,12,true,988,29,86,82,64,3,2,0,1,1,1,231,191,40,5,940GZZLUVIC-01-arrival,true,255.66666666666666,129.8265179677819,460.21666666666664,324.15,511.96821561338294,894.85,1114.7333333333333,1360869.2369778354,637043.1067696573,68.11456174424785,1.0164514177894046,1383257.4653835653,1380867.4909884317,1.001629943177259,1.1594410414035916,3,0,0.11174174030947011
profile,tfl-numbat-2019-midweek,pm-peak,6.666667,8.966666666666667,1,3,off,free-flow,virtual,4,drop-offs,reassign-existing,10,0,0,13,0,0,16,3,13,3,940GZZLUEUS,0,3900,2788,1800,1793.3333333333333,43d49a40dceca89e,269,269,0,0,188,81,6.266666666666667,65,69,8.2,12,true,988,28,86,80,62,2,2,0,1,1,2,205,171,34,5,940GZZLUVIC-01-arrival,true,249.66666666666666,126.87397769516728,452.03333333333336,315.5,508.89745972738535,891.65,1040.8166666666666,1341056.248071185,603059.8792585526,68.98025427694687,1.0315804928661145,1383407.4653835653,1381167.490988432,1.001531791755582,1.1569741897217634,3,0,0.11486041657912062
profile,tfl-numbat-2019-midweek,pm-peak,6,9.966666666666667,1,1,off,free-flow,virtual,4,drop-offs,unassigned,7,0,0,30,0,0,24,9,15,0,940GZZLUEUS,0,3900,2402,1800,1794,458ea89b24e1b419,299,299,0,0,218,81,7.266666666666667,73,76,9.666666666666666,5,true,602,30,86,83,62,2,2,0,0,1,1,182,145,35,5,940GZZLUVIC-01-arrival,true,340,118.68294314381271,415.43333333333334,328.4166666666667,467.1218506131549,796.3166666666667,946.45,1376653.1115977736,569732.6418523401,70.72868824474047,1.0158588520377416,1398485.2496287376,1394422.7816948886,1.00255992135863,1.2426979892562182,5,0,0.11015980143347184
profile,tfl-numbat-2019-midweek,pm-peak,6,9.966666666666667,1,1,off,free-flow,virtual,4,drop-offs,reassign-existing,15,0,0,15,0,0,22,9,13,9,940GZZLUEUS,0,3900,2405,1800,1794,458ea89b24e1b419,299,299,0,0,217,82,7.233333333333333,73,76,9.6,6,true,605,30,85,82,64,3,2,0,0,1,2,127,107,20,4,940GZZLUVIC-01-arrival,true,302,111.9834448160535,415.03333333333336,319.26666666666665,460.1081382385731,797.7166666666667,946.45,1349712.6292328183,537456.0307937582,71.52050888836881,1.0363578285471065,1398785.2496287376,1394872.7816948881,1.0024686625043713,1.2426979892562182,5,0,0.007200460829493088
profile,tfl-numbat-2019-midweek,pm-peak,6,9.966666666666667,1,2,off,free-flow,virtual,4,drop-offs,unassigned,3,0,0,27,1,0,20,9,11,0,940GZZLUEUS,0,3900,2747,1800,1794,09e4876ac860d23a,299,299,0,0,205,94,6.833333333333333,74,75,8.733333333333333,19,true,947,36,98,93,73,2,3,0,0,2,2,202,158,44,5,london-link-048-a-arrival,true,446,132.11655518394647,485.28333333333336,343.3833333333333,502.919397993311,845.2166666666667,1152.6166666666666,1484450.7458371932,714122.8665505609,67.51881026285083,1.0053817423737894,1492439.6773166507,1490903.9528992388,1.0006082965650593,1.0954239967566846,2,0,0.0037167582434600543
profile,tfl-numbat-2019-midweek,pm-peak,6,9.966666666666667,1,2,off,free-flow,virtual,4,drop-offs,reassign-existing,10,0,1,11,1,0,19,9,10,9,940GZZLUEUS,0,3900,2613,1800,1794,09e4876ac860d23a,299,299,0,0,207,92,6.9,75,74,8.8,18,true,813,35,94,88,70,1,2,0,0,2,1,73,51,22,5,london-link-048-a-arrival,true,310,123.56081382385732,485.28333333333336,334.81666666666666,493.6313266443701,828.0833333333334,1150.0833333333333,1458296.2158305214,642025.3757032296,69.43204420260264,1.0232301261570618,1492172.620904167,1491353.9528992388,1.0004165554119104,1.1245500681612322,1,0,0.0038933734783398654
profile,tfl-numbat-2019-midweek,pm-peak,6,9.966666666666667,1,3,off,free-flow,virtual,4,drop-offs,unassigned,6,0,0,36,0,0,29,11,18,0,940GZZLUEUS,0,3900,2794,1800,1794,a1f05cb25706b91b,299,299,0,0,205,94,6.833333333333333,72,77,8.866666666666667,17,true,994,38,102,98,73,2,2,0,1,1,2,192,152,40,5,940GZZLUWLO-merge,true,322,159.2818283166109,453.43333333333334,358.8333333333333,540.6520066889633,947.2833333333333,1102.7166666666667,1516800.5660165774,836864.9593985454,64.44418502280841,1.01281914912086,1536244.6586489773,1533102.6020305057,1.0020750923738713,1.163705613826677,4,0,0.002315176561152495
profile,tfl-numbat-2019-midweek,pm-peak,6,9.966666666666667,1,3,off,free-flow,virtual,4,drop-offs,reassign-existing,14,0,0,23,0,0,28,8,20,8,940GZZLUEUS,0,3900,2690,1800,1794,a1f05cb25706b91b,299,299,0,0,207,92,6.9,72,77,9,15,true,890,37,103,97,67,2,2,0,0,1,2,269,226,43,5,london-link-048-a-arrival,true,318,150.59648829431438,496.31666666666666,344.18333333333334,531.3707915273133,917.7,1138.5666666666666,1475382.913599192,773857.3632535998,65.59472230612883,1.0400199188153183,1534427.618023581,1532127.6020305057,1.0013208046890383,1.1447778931536958,3,0,0.5108216723962621
profile,tfl-numbat-2019-midweek,pm-peak,5.4545449999999995,11,1,1,off,free-flow,virtual,4,drop-offs,unassigned,4,0,0,49,0,0,40,14,26,0,940GZZLUEUS,0,3900,2664,1800,1798.5,e6be3aeada4a3529,330,330,0,0,234,96,7.8,80,85,10.266666666666667,11,true,864,43,101,96,70,3,2,0,0,1,2,275,223,52,6,london-link-127-a-arrival,true,422.5,151.17060606060608,505.8666666666667,359.6333333333333,499.75631313131316,835.2166666666667,1006.2166666666667,1532413.8497919696,820177.5496011692,65.13727161407044,1.007499280661418,1543905.851327242,1542510.5807057447,1.001086993780033,1.217574039697647,2,0,0.0866931755132236
profile,tfl-numbat-2019-midweek,pm-peak,5.4545449999999995,11,1,1,off,free-flow,virtual,4,drop-offs,reassign-existing,16,0,1,27,0,0,37,13,24,13,940GZZLUEUS,0,3900,2741,1800,1798.5,e6be3aeada4a3529,330,330,0,0,239,91,7.966666666666667,79,86,10.666666666666666,5,true,941,40,99,93,66,2,2,0,0,1,1,164,130,32,5,london-link-082-a-arrival,true,320.5,130.48878787878786,555.3666666666667,342.6666666666667,478.2564646464646,835.2166666666667,954.4333333333333,1488559.5252835983,775476.1010100488,65.74806102854721,1.0357267694216166,1541740.9482109733,1540260.580705745,1.0008133177283862,1.1411339077133023,2,0,0.19126093886265902
profile,tfl-numbat-2019-midweek,pm-peak,5.4545449999999995,11,1,2,off,free-flow,virtual,4,drop-offs,unassigned,2,0,0,42,1,0,31,13,18,0,940GZZLUEUS,0,3900,2680,1800,1798.5,c43d60b6b9d35f14,330,330,0,0,228,102,7.6,78,87,10,15,true,880,42,112,107,76,4,3,0,0,2,2,379,307,71,5,london-link-048-a-arrival,true,304.5,161.8381313131313,818.55,412.51666666666665,536.409494949495,893.95,1380.7666666666667,1657192.9530835112,864948.1198855075,65.70579936405754,1.004154411925597,1664077.615204584,1663180.937138634,1.000318915208272,1.1052420187298075,1,0,0.06265393423497385
profile,tfl-numbat-2019-midweek,pm-peak,5.4545449999999995,11,1,2,off,free-flow,virtual,4,drop-offs,reassign-existing,15,0,2,19,2,0,29,12,17,12,940GZZLUEUS,0,3900,2703,1800,1798.5,c43d60b6b9d35f14,330,330,0,0,225,105,7.5,80,85,9.666666666666666,20,true,903,42,111,103,76,3,3,0,1,2,2,268,213,55,5,940GZZLUKSX-01-arrival,true,307.5,149.09838383838385,619.8333333333334,391.46666666666664,523.8410606060605,882.5833333333334,1222.6666666666667,1614235.894322944,847103.6549437372,65.58363289631782,1.031078892656387,1664404.558368523,1662055.9371386343,1.0012706729482042,1.1574951036578023,3,0,0.35977594261296963
profile,tfl-numbat-2019-midweek,pm-peak,5.4545449999999995,11,1,3,off,free-flow,virtual,4,drop-offs,unassigned,7,0,0,44,0,0,37,12,25,0,940GZZLUEUS,0,3900,2550,1800,1798.5,1578ce5338dc3b09,330,330,0,0,229,101,7.633333333333334,74,91,10.333333333333334,10,true,750,42,111,105,76,3,2,0,1,2,1,307,235,72,5,940GZZLUKSX-diverge,true,287.5,163.05378787878786,580.3166666666667,375.96666666666664,545.330404040404,925.5333333333333,1115.9833333333333,1669809.2482292368,850446.074190924,66.25555884654361,1.0163051500270692,1697035.7384876944,1694597.3579453093,1.0015080677274981,1.2042888434999062,3,0,0.2591722685672633
profile,tfl-numbat-2019-midweek,pm-peak,5.4545449999999995,11,1,3,off,free-flow,virtual,4,drop-offs,reassign-existing,17,0,0,30,0,0,38,11,27,11,940GZZLUEUS,0,3900,2622,1800,1798.5,1578ce5338dc3b09,330,330,0,0,230,100,7.666666666666667,75,90,10.333333333333334,10,true,822,40,109,100,77,2,3,0,1,1,2,257,203,54,5,940GZZLUKSX-diverge,true,336.5,153.7767171717172,603.2,368.56666666666666,536.3297979797981,944.0666666666667,1094.3,1630621.456702262,852556.3089680058,65.66672266663595,1.0429473678495365,1700652.3561854798,1697222.3579453093,1.0018731903158309,1.2297940356331634,4,0,0.3421521590130226
profile,tfl-numbat-2019-midweek,pm-peak,5,11.966666666666667,1,1,off,free-flow,virtual,4,drop-offs,unassigned,7,0,0,46,0,0,42,13,29,0,940GZZLUEUS,0,3900,2695,1800,1795,d59afaee7896bf92,359,359,0,0,250,109,8.333333333333334,81,98,11.266666666666667,11,true,895,49,113,109,73,2,3,0,0,2,2,240,190,50,5,940GZZLUPAC-diverge,true,374,160.89698235840297,692.9333333333333,375.26666666666665,513.2887650882079,839.8166666666667,1097.3666666666666,1674633.3097381692,956971.2812733919,63.635445669079715,1.0140585175712558,1698176.171496583,1693210.9800040603,1.0026960209619151,1.2669045025822703,6,0,0.0010337894067599489
profile,tfl-numbat-2019-midweek,pm-peak,5,11.966666666666667,1,1,off,free-flow,virtual,4,drop-offs,reassign-existing,17,0,0,27,0,0,36,12,24,12,940GZZLUEUS,0,3900,2965,1800,1795,d59afaee7896bf92,359,359,0,0,256,103,8.533333333333333,82,97,11.6,6,true,1165,45,108,101,72,3,2,0,1,2,2,216,167,49,5,940GZZLUTCR-01-arrival,true,634,146.7761374187558,728.7833333333333,359.21666666666664,498.60431754874656,827.9666666666667,1264.3166666666666,1640677.8036411854,927242.4370500573,63.8913069667437,1.0342953250059732,1696945.3821034015,1692760.9800040612,1.0023025015182014,1.260479710243098,5,0,0.0031818254132395755
profile,tfl-numbat-2019-midweek,pm-peak,5,11.966666666666667,1,2,off,free-flow,virtual,4,drop-offs,unassigned,9,0,0,40,1,0,33,11,22,0,940GZZLUEUS,0,3900,2816,1800,1795,230748c929bd6af8,359,359,0,0,249,110,8.3,79,100,11.333333333333334,10,true,1016,49,120,112,81,3,3,0,1,2,2,262,206,56,5,london-link-017-b-arrival,true,507,163.60389972144847,673.4833333333333,431.53333333333336,538.7412720519962,937.45,1308.25,1781493.4754029247,1044104.8860308315,63.0483617105074,1.0165685536423046,1811010.2455342275,1805379.5484652687,1.0040662526637656,1.3415856305524652,6,0,0.16883499032816698
profile,tfl-numbat-2019-midweek,pm-peak,5,11.966666666666667,1,2,off,free-flow,virtual,4,drop-offs,reassign-existing,17,0,3,21,1,0,30,9,21,9,940GZZLUEUS,0,3900,2732,1800,1795,230748c929bd6af8,359,359,0,0,245,114,8.166666666666666,79,100,11.066666666666666,14,true,932,54,125,113,81,3,2,0,1,2,1,304,236,68,5,london-link-048-a-arrival,true,495,164.56499535747446,755.2833333333333,407.75,540.105896007428,947.9333333333333,1308.9,1759162.9464179196,999825.4266910623,63.76115838558597,1.0299832726494114,1811908.4086006281,1805229.5484652694,1.0059172160744452,1.4174074039413553,6,0,0.13722905899368648
profile,tfl-numbat-2019-midweek,pm-peak,5,11.966666666666667,1,3,off,free-flow,virtual,4,drop-offs,unassigned,13,0,0,51,0,0,40,15,25,0,940GZZLUEUS,0,3900,3480,1800,1795,d94d85fd65c7879d,359,359,0,0,234,125,7.8,75,104,10.6,21,true,1680,52,127,114,80,3,2,0,1,2,2,259,202,57,5,940GZZLUWLO-01-arrival,true,791,195.1908077994429,902.1666666666666,441.3833333333333,579.0646703806871,973.2166666666667,1764.3,1805171.205133453,1280285.0892633114,58.50581025606071,1.0269383478583027,1853799.5349148284,1845069.2224273477,1.0035864674986539,1.1989728322400246,10,0,0.36265374086178914
profile,tfl-numbat-2019-midweek,pm-peak,5,11.966666666666667,1,3,off,free-flow,virtual,4,drop-offs,reassign-existing,23,0,1,28,0,0,39,14,25,14,940GZZLUEUS,0,3900,2999,1800,1795,d94d85fd65c7879d,359,359,0,0,240,119,8,78,101,10.8,18,true,1199,49,123,112,83,3,2,0,0,1,2,336,278,58,5,london-link-013-a-departure,true,532,167.2213556174559,614.4833333333333,390.21666666666664,550.9444289693593,927.4666666666667,1238.4166666666667,1762339.0636572472,1044970.5627067582,62.77679694134088,1.0513156523962193,1852774.6423753283,1845444.2224273481,1.003256614653789,1.2032089218253252,8,0,0.45125258985021327
profile,tfl-numbat-2019-midweek,pm-peak,4.615385,13.033333333333333,1,1,off,free-flow,virtual,4,drop-offs,unassigned,7,0,0,59,0,0,52,17,35,0,940GZZLUEUS,0,3900,3155,1800,1798.6,b844ac8346e1443b,391,391,0,0,271,120,9.033333333333333,86,109,12.333333333333334,11,true,1355,53,124,114,83,2,2,0,0,2,1,383,312,68,5,london-link-048-a-arrival,true,592.4,173.20652173913044,713.5333333333333,415.3666666666667,529.0176044330776,850.7666666666667,1402.3666666666666,1840553.0923067115,1160753.6851500494,61.325057009545496,1.013437084096366,1865284.758897457,1861877.0997676312,1.0013799827947918,1.222161899620633,4,0,0.06259213062705522
profile,tfl-numbat-2019-midweek,pm-peak,4.615385,13.033333333333333,1,1,off,free-flow,virtual,4,drop-offs,reassign-existing,23,0,1,35,0,0,48,14,34,14,940GZZLUEUS,0,3900,2966,1800,1798.6,b844ac8346e1443b,391,391,0,0,277,114,9.233333333333333,85,110,12.8,4,true,1166,48,121,114,75,2,3,0,1,2,2,205,154,46,5,940GZZLUGPK-01-departure,true,418.4,161.84531116794545,633.8666666666667,398.46666666666664,516.4783034953111,850.7666666666667,1213.3,1778567.9405488896,1115695.1054157245,61.45149602171422,1.0479340373703165,1863821.8825952206,1860602.0997676314,1.001434532220003,1.1885004726742032,4,0,0.13753927170129485
profile,tfl-numbat-2019-midweek,pm-peak,4.615385,13.033333333333333,1,2,off,free-flow,virtual,4,drop-offs,unassigned,17,0,0,48,2,0,35,11,24,0,940GZZLUEUS,0,3900,2997,1800,1798.6,a2527f46405d2d08,391,391,0,0,252,139,8.4,86,109,11.066666666666666,30,true,1197,61,142,114,79,4,3,0,1,2,1,496,424,72,6,london-link-048-a-departure,true,598.4,213.4956095481671,797.7666666666667,564.8,591.935379369139,1002.1833333333333,1324.1333333333334,1932361.827823055,1209567.6760954198,61.502392889881826,1.0296073360553113,1989573.9137193935,1982164.121235378,1.0035752738079196,1.3349276619326031,9,0,0.2636428679834356
profile,tfl-numbat-2019-midweek,pm-peak,4.615385,13.033333333333333,1,2,off,free-flow,virtual,4,drop-offs,reassign-existing,28,1,3,26,2,0,39,13,26,13,940GZZLUEUS,0,3900,3249,1800,1798.6,a2527f46405d2d08,391,391,0,0,260,131,8.666666666666666,87,108,11.533333333333333,23,true,1449,55,134,114,81,3,4,0,1,2,1,388,316,72,5,london-link-013-a-arrival,true,759.4,191.2690537084399,928.9166666666666,499.78333333333336,570.1936061381075,983.8333333333334,1521.4,1905549.7906206008,1236058.4809251563,60.65523215862359,1.0460090623908613,1993222.349711169,1981714.1212353786,1.007670031882999,1.383594053850971,12,0,0.23536564182734063
profile,tfl-numbat-2019-midweek,pm-peak,4.615385,13.033333333333333,1,3,off,free-flow,virtual,4,drop-offs,unassigned,17,0,0,55,0,0,43,16,27,0,940GZZLUEUS,0,3900,3440,1800,1798.6,6deb7e792c26e583,391,391,0,0,241,150,8.033333333333333,80,115,10.733333333333333,35,true,1640,80,150,114,79,3,2,0,1,1,2,644,487,157,7,london-link-048-b-departure,true,747.4,265.17881500426256,967.3833333333333,632.7833333333333,649.697357203751,1100.8333333333333,1861.3166666666666,1948489.5858786306,1394874.7703300028,58.27930725708318,1.0345090457227801,2015730.1019631564,2004077.9476999117,1.0045908204997447,1.204230088181778,13,0,0.99569319948872
profile,tfl-numbat-2019-midweek,pm-peak,4.615385,13.033333333333333,1,3,off,free-flow,virtual,4,drop-offs,reassign-existing,29,0,1,37,0,0,41,12,29,12,940GZZLUEUS,0,3900,2887,1800,1798.6,6deb7e792c26e583,391,391,0,0,249,142,8.3,84,111,11,31,true,1087,67,145,114,81,4,2,0,0,1,2,381,300,81,6,london-link-048-b-departure,true,684.4,230.07745098039217,873.1333333333333,517.1666666666666,612.7378516624041,1011.2166666666667,1212.05,1896390.9798510042,1242880.3153260774,60.408636321571294,1.0609275184020266,2011933.3760592951,2002952.9476999121,1.0042133829839521,1.20046803595866,11,0,0.3718376424798443
profile,tfl-numbat-2019-midweek,pm-peak,4.2857140000000005,14,1,1,off,free-flow,virtual,4,drop-offs,unassigned,15,0,0,71,0,0,61,20,41,0,940GZZLUEUS,0,3900,2984,1800,1799,f409929b4fc11402,420,420,0,0,272,148,9.066666666666666,89,121,12.2,27,true,1184,80,148,114,74,4,5,0,1,1,2,540,430,110,6,london-link-084-a-departure,true,692,222.53535714285715,870.1333333333333,528.6833333333333,579.8421428571429,988.9,1481.55,1955558.465190198,1319864.0401187674,59.70400649139258,1.0298345060710472,2013901.5859648606,2006559.7564357363,1.0041486508158317,1.2960913444515874,9,0,0.5489413866899374
profile,tfl-numbat-2019-midweek,pm-peak,4.2857140000000005,14,1,1,off,free-flow,virtual,4,drop-offs,reassign-existing,33,0,1,43,0,0,61,20,41,20,940GZZLUEUS,0,3900,3077,1800,1799,f409929b4fc11402,420,420,0,0,279,141,9.3,90,120,12.6,21,true,1277,68,144,114,80,4,4,0,1,1,1,498,395,101,6,london-link-030-b-departure,true,726,203.0072222222222,887.4833333333333,514.2666666666667,560.203253968254,957.05,1358.5166666666667,1887446.2481034235,1312963.4933031464,58.97514382873665,1.0672961526396298,2014464.118800733,2006934.7564357363,1.0038337025567667,1.291107749710081,9,0,1.2762679694614907
profile,tfl-numbat-2019-midweek,pm-peak,4.2857140000000005,14,1,2,off,free-flow,virtual,4,drop-offs,unassigned,27,0,0,52,1,0,41,15,26,0,940GZZLUEUS,0,3900,3368,1800,1799,d94723ccd810e119,420,420,0,0,274,146,9.133333333333333,90,120,12.266666666666667,26,true,1568,74,152,114,83,2,3,0,1,2,2,456,370,85,5,940GZZLUVIC-01-arrival,true,852,239.90682539682538,877.3833333333333,605.05,620.5499603174603,1109.8333333333333,1577.2333333333333,2042061.0039726137,1368060.8875071718,59.8823464074618,1.050982492212426,2146170.3630510787,2130407.0642887875,1.0077041339879211,1.3415856305524652,18,0,0.09596391756699481
profile,tfl-numbat-2019-midweek,pm-peak,4.2857140000000005,14,1,2,off,free-flow,virtual,4,drop-offs,reassign-existing,37,0,2,31,1,0,45,16,29,16,940GZZLUEUS,0,3900,3224,1800,1799,d94723ccd810e119,420,420,0,0,269,151,8.966666666666667,87,123,12.133333333333333,28,true,1424,70,152,114,80,2,2,0,0,2,2,367,299,67,5,london-link-017-a-arrival,true,800,232.06861111111112,868.4333333333333,559.1,610.9087301587301,1071.7833333333333,1556.7666666666667,1994826.354105901,1295166.16646488,60.633157724012655,1.0727763656897236,2140002.5661962642,2128157.064288788,1.0048758194854515,1.3251390274185517,14,0,0.0928759194301399
profile,tfl-numbat-2019-midweek,pm-peak,4.2857140000000005,14,1,3,off,free-flow,virtual,4,drop-offs,unassigned,25,0,0,63,1,0,51,17,34,0,940GZZLUEUS,0,3900,3005,1800,1799,353b1b896f065073,420,420,0,0,249,171,8.3,81,129,11.2,42,true,1205,92,173,114,76,2,2,0,0,2,1,461,371,90,6,london-link-017-a-departure,true,626,287.7111904761905,921.8166666666667,630.2,669.99373015873,1106.8833333333334,1510.7166666666667,2061735.7613620881,1362091.1063836499,60.21729021361245,1.047947242024079,2160590.3047441137,2144899.063792848,1.0061150718347904,1.24240771390211,17,0,0.40302507755843264
profile,tfl-numbat-2019-midweek,pm-peak,4.2857140000000005,14,1,3,off,free-flow,virtual,4,drop-offs,reassign-existing,39,0,2,39,0,0,51,17,34,17,940GZZLUEUS,0,3900,3182,1800,1799,353b1b896f065073,420,420,0,0,269,151,8.966666666666667,85,125,12.266666666666667,26,true,1382,78,160,114,79,3,2,0,1,1,2,417,324,93,6,london-link-048-a-departure,true,762,251.5897222222222,890.4,556.4,634.594246031746,1058.6,1592.4,2003890.514968459,1372597.9186429603,59.34836011936641,1.0787798701936897,2161756.749474265,2145799.0637928476,1.0056544830853669,1.2160990253968054,18,0,0.046856570422193856
profile,tfl-numbat-2019-midweek,pm-peak,4,14.966666666666667,1,1,off,free-flow,virtual,4,drop-offs,unassigned,28,0,1,67,0,0,58,17,41,0,940GZZLUEUS,0,3900,3262,1800,1796,a8eb787e9f460846,449,449,0,0,290,159,9.666666666666666,95,129,13,30,true,1462,88,161,114,76,2,4,0,1,2,1,377,307,69,5,london-link-010-a-departure,true,882,255.6727913882702,931.9333333333333,602.2833333333333,618.3688195991091,1031.95,1693.3166666666666,2074255.652440832,1511813.458837021,57.842043420677285,1.053074589458927,2184345.919464543,2166438.683358431,1.0062231474162024,1.2191429910037301,20,0,0.2305436035563063
profile,tfl-numbat-2019-midweek,pm-peak,4,14.966666666666667,1,1,off,free-flow,virtual,4,drop-offs,reassign-existing,37,0,1,45,0,0,62,19,43,19,940GZZLUEUS,0,3900,3378,1800,1796,a8eb787e9f460846,449,449,0,0,297,152,9.9,97,127,13.333333333333334,25,true,1578,79,155,114,77,2,3,0,1,2,1,445,362,83,5,940GZZLUWLO-01-arrival,true,859,230.18366740905716,858.7,536.4833333333333,590.9227171492205,976.9333333333333,1621.4666666666667,2033106.7557498855,1400381.353508837,59.214032233501044,1.0696410748957568,2174694.4954457465,2164113.6833584313,1.0038067720148536,1.2075005137601276,13,0,0.3683460547676602
profile,tfl-numbat-2019-midweek,pm-peak,4,14.966666666666667,1,2,off,free-flow,virtual,4,drop-offs,unassigned,46,0,1,53,2,0,40,16,24,0,940GZZLUEUS,0,3900,3121,1800,1796,58fb90118990c167,449,449,0,0,271,178,9.033333333333333,93,131,11.866666666666667,47,true,1321,98,178,114,79,4,3,0,1,2,1,611,510,101,6,london-link-017-a-arrival,true,924,286.3300296956199,999.0666666666667,647.0666666666667,668.2784706755754,1188.0166666666667,1626.6333333333334,2108352.4918185268,1386384.2203123078,60.32936571444914,1.090417623707134,2298984.7138892147,2267499.2382068904,1.013197612477822,1.3305551701672562,33,0,0.5483357154262258
profile,tfl-numbat-2019-midweek,pm-peak,4,14.966666666666667,1,2,off,free-flow,virtual,4,drop-offs,reassign-existing,49,1,3,31,2,0,42,17,25,17,940GZZLUEUS,0,3900,3353,1800,1796,58fb90118990c167,449,449,0,0,289,160,9.633333333333333,93,131,13.066666666666666,29,true,1553,93,167,114,82,4,4,0,0,2,1,469,388,81,6,london-link-017-a-arrival,true,861,263.1484780994803,1035.1166666666666,657.8666666666667,642.5654788418709,1164.9,1863.5166666666667,2097540.967322157,1418828.130932107,59.65076215586987,1.0901198123716709,2286570.965564902,2265849.2382068913,1.00846418065879,1.3349276619326031,23,0,0.4544397053121365
profile,tfl-numbat-2019-midweek,pm-peak,4,14.966666666666667,1,3,off,free-flow,virtual,4,drop-offs,unassigned,36,0,1,65,1,0,55,17,38,0,940GZZLUEUS,0,3900,3444,1800,1796,a145bdb7ecc3531e,449,449,0,0,255,194,8.5,83,141,11.466666666666667,53,true,1644,108,196,114,77,3,2,0,0,2,2,464,348,116,6,940GZZLUKSX-exit,true,971,352.78489235337787,1123.1833333333334,778.5,736.6804008908686,1232.3333333333333,1827.3833333333334,2185360.7672620867,1629507.76002499,57.28534945911215,1.059900735037026,2316265.4833487035,2293010.316476062,1.0101389783208625,1.36281384055888,26,0,0.21382496388575026
profile,tfl-numbat-2019-midweek,pm-peak,4,14.966666666666667,1,3,off,free-flow,virtual,4,drop-offs,reassign-existing,48,2,1,47,2,0,55,18,37,18,940GZZLUEUS,0,3900,3163,1800,1796,a145bdb7ecc3531e,449,449,0,0,264,185,8.8,87,137,11.8,48,true,1363,107,187,114,78,3,2,0,0,2,2,437,340,97,6,940GZZLUKSX-exit,true,928,314.665441722346,1035.8333333333333,714.5333333333333,698.5939866369711,1186.3333333333333,1678.3,2124955.4628166417,1436611.8787344343,59.66349247495109,1.0902127406263098,2316653.518643324,2294285.3164760624,1.0083146373771619,1.270819797077615,23,0,0.6723281083688769
profile,tfl-numbat-2019-midweek,evening,60,0.9666666666666667,1,1,off,free-flow,virtual,4,drop-offs,unassigned,0,0,0,0,0,0,0,0,0,0,940GZZLUEUS,0,3900,2233,1800,1740,3eeae1ba9ba23568,29,29,0,0,22,7,0.7333333333333333,6,8,1.0666666666666667,-1,true,433,2,10,10,10,0,0,0,0,1,1,0,0,0,2,940GZZLUVIC-01-departure,true,0,41.29367816091954,205.88333333333333,168.25,456.4810344827587,740.8,818.05,163553.32244815503,17133.765424216253,90.51743783910075,1,163553.3224467993,163553.3224467993,1,1,0,0,0
profile,tfl-numbat-2019-midweek,evening,60,0.9666666666666667,1,1,off,free-flow,virtual,4,drop-offs,reassign-existing,0,0,0,0,0,0,0,0,0,0,940GZZLUEUS,0,3900,2233,1800,1740,3eeae1ba9ba23568,29,29,0,0,22,7,0.7333333333333333,6,8,1.0666666666666667,-1,true,433,2,10,10,10,0,0,0,0,1,1,0,0,0,2,940GZZLUVIC-01-departure,true,0,41.29367816091954,205.88333333333333,168.25,456.4810344827587,740.8,818.05,163553.32244815503,17133.765424216253,90.51743783910075,1,163553.3224467993,163553.3224467993,1,1,0,0,0
profile,tfl-numbat-2019-midweek,evening,60,0.9666666666666667,1,2,off,free-flow,virtual,4,drop-offs,unassigned,0,0,0,0,0,0,0,0,0,0,940GZZLUEUS,0,3900,2239,1800,1740,5cc10fa37241c278,29,29,0,0,23,6,0.7666666666666667,7,7,1.0666666666666667,-1,true,439,2,11,11,11,1,0,0,0,1,0,6,6,0,2,940GZZLUWLO-01-arrival,true,0,24.96206896551724,172.7,127.63333333333334,438.90459770114944,687.8333333333334,715.9666666666667,162749.2848214683,53136.139096257866,75.38687970128636,1,162749.2848200558,162749.2848200558,1,1,0,0,0
profile,tfl-numbat-2019-midweek,evening,60,0.9666666666666667,1,2,off,free-flow,virtual,4,drop-offs,reassign-existing,0,0,0,0,0,0,0,0,0,0,940GZZLUEUS,0,3900,2239,1800,1740,5cc10fa37241c278,29,29,0,0,23,6,0.7666666666666667,7,7,1.0666666666666667,-1,true,439,2,11,11,11,1,0,0,0,1,0,6,6,0,2,940GZZLUWLO-01-arrival,true,0,24.96206896551724,172.7,127.63333333333334,438.90459770114944,687.8333333333334,715.9666666666667,162749.2848214683,53136.139096257866,75.38687970128636,1,162749.2848200558,162749.2848200558,1,1,0,0,0
profile,tfl-numbat-2019-midweek,evening,60,0.9666666666666667,1,3,off,free-flow,virtual,4,drop-offs,unassigned,0,0,0,0,0,0,0,0,0,0,940GZZLUEUS,0,3900,2182,1800,1740,c779019d55d17d00,29,29,0,0,23,6,0.7666666666666667,8,6,1,0,true,382,2,9,9,8,0,0,0,0,1,1,0,0,0,2,940GZZLUBNK-01-arrival,true,38,29.93448275862069,147.28333333333333,123.01666666666667,387.71494252873566,692.6,706.9333333333333,140133.3778639682,47441.149576390104,74.7081065730129,1,140133.37786308146,140133.37786308146,1,1,0,0,0
profile,tfl-numbat-2019-midweek,evening,60,0.9666666666666667,1,3,off,free-flow,virtual,4,drop-offs,reassign-existing,0,0,0,0,0,0,0,0,0,0,940GZZLUEUS,0,3900,2182,1800,1740,c779019d55d17d00,29,29,0,0,23,6,0.7666666666666667,8,6,1,0,true,382,2,9,9,8,0,0,0,0,1,1,0,0,0,2,940GZZLUBNK-01-arrival,true,38,29.93448275862069,147.28333333333333,123.01666666666667,387.71494252873566,692.6,706.9333333333333,140133.3778639682,47441.149576390104,74.7081065730129,1,140133.37786308146,140133.37786308146,1,1,0,0,0
profile,tfl-numbat-2019-midweek,evening,30,1.9666666666666666,1,1,off,free-flow,virtual,4,drop-offs,unassigned,0,0,0,0,0,0,0,0,0,0,940GZZLUEUS,0,3900,2443,1800,1770,68545f5ecc1ebff5,59,59,0,0,47,12,1.5666666666666667,14,15,2.2,-3,true,643,5,18,18,16,1,0,0,0,1,1,4,4,0,3,london-link-082-a-arrival,true,82,52.08220338983051,255.35,173.25,429.73757062146893,740.8,1001.3166666666667,301629.250625377,79702.79941301973,79.09884589952658,1,301629.250621828,301629.250621828,1,1,0,0,0
profile,tfl-numbat-2019-midweek,evening,30,1.9666666666666666,1,1,off,free-flow,virtual,4,drop-offs,reassign-existing,0,0,0,0,0,0,0,0,0,0,940GZZLUEUS,0,3900,2443,1800,1770,68545f5ecc1ebff5,59,59,0,0,47,12,1.5666666666666667,14,15,2.2,-3,true,643,5,18,18,16,1,0,0,0,1,1,4,4,0,3,london-link-082-a-arrival,true,82,52.08220338983051,255.35,173.25,429.73757062146893,740.8,1001.3166666666667,301629.250625377,79702.79941301973,79.09884589952658,1,301629.250621828,301629.250621828,1,1,0,0,0
profile,tfl-numbat-2019-midweek,evening,30,1.9666666666666666,1,2,off,free-flow,virtual,4,drop-offs,unassigned,0,0,0,0,0,0,0,0,0,0,940GZZLUEUS,0,3900,2354,1800,1770,fc357df6b5d5694e,59,59,0,0,46,13,1.5333333333333334,15,14,2.066666666666667,-1,true,554,4,19,19,17,1,1,0,0,2,1,22,19,3,3,london-link-048-a-departure,true,77,33.82203389830509,182.31666666666666,150.4,424.4949152542373,693.0166666666667,829.6666666666666,311712.08882840234,113648.9009605219,73.28177625858036,1,311712.08882461314,311712.08882461314,1,1,0,0,0
profile,tfl-numbat-2019-midweek,evening,30,1.9666666666666666,1,2,off,free-flow,virtual,4,drop-offs,reassign-existing,0,0,0,0,0,0,0,0,0,0,940GZZLUEUS,0,3900,2354,1800,1770,fc357df6b5d5694e,59,59,0,0,46,13,1.5333333333333334,15,14,2.066666666666667,-1,true,554,4,19,19,17,1,1,0,0,2,1,22,19,3,3,london-link-048-a-departure,true,77,33.82203389830509,182.31666666666666,150.4,424.4949152542373,693.0166666666667,829.6666666666666,311712.08882840234,113648.9009605219,73.28177625858036,1,311712.08882461314,311712.08882461314,1,1,0,0,0
profile,tfl-numbat-2019-midweek,evening,30,1.9666666666666666,1,3,off,free-flow,virtual,4,drop-offs,unassigned,0,0,0,0,0,0,0,0,0,0,940GZZLUEUS,0,3900,2673,1800,1770,4a24af1062605094,59,59,0,0,46,13,1.5333333333333334,16,13,2,0,true,873,5,17,17,16,1,1,0,0,1,1,19,15,4,2,940GZZLUBNK-01-arrival,true,122,56.83474576271187,217.86666666666667,163.38333333333333,425.3581920903955,724.3166666666667,902.75,293688.5452048545,167992.68881499593,63.612840107819295,1,293688.54520146066,293688.54520146066,1,1,0,0,0
profile,tfl-numbat-2019-midweek,evening,30,1.9666666666666666,1,3,off,free-flow,virtual,4,drop-offs,reassign-existing,0,0,0,0,0,0,0,0,0,0,940GZZLUEUS,0,3900,2673,1800,1770,4a24af1062605094,59,59,0,0,46,13,1.5333333333333334,16,13,2,0,true,873,5,17,17,16,1,1,0,0,1,1,19,15,4,2,940GZZLUBNK-01-arrival,true,122,56.83474576271187,217.86666666666667,163.38333333333333,425.3581920903955,724.3166666666667,902.75,293688.5452048545,167992.68881499593,63.612840107819295,1,293688.54520146066,293688.54520146066,1,1,0,0,0
profile,tfl-numbat-2019-midweek,evening,20,2.966666666666667,1,1,off,free-flow,virtual,4,drop-offs,unassigned,0,0,0,1,0,0,1,0,1,0,940GZZLUEUS,0,3900,2408,1800,1780,4fbd0b1ddcda5daa,89,89,0,0,67,22,2.2333333333333334,22,22,3,0,true,608,7,25,25,23,1,1,0,1,1,1,38,33,5,3,london-link-070-a-departure,true,221,74.20355805243445,240.4,200.61666666666667,464.413670411985,737.85,1001.3166666666667,469282.5120980387,163618.07229919505,74.14790310945553,1,469282.51209181396,469282.51209181396,1,1,0,0,0.004309416074121957
profile,tfl-numbat-2019-midweek,evening,20,2.966666666666667,1,1,off,free-flow,virtual,4,drop-offs,reassign-existing,0,0,0,1,0,0,1,0,1,0,940GZZLUEUS,0,3900,2408,1800,1780,4fbd0b1ddcda5daa,89,89,0,0,67,22,2.2333333333333334,22,22,3,0,true,608,7,25,25,23,1,1,0,1,1,1,38,33,5,3,london-link-070-a-departure,true,221,74.20355805243445,240.4,200.61666666666667,464.413670411985,737.85,1001.3166666666667,469282.5120980387,163618.07229919505,74.14790310945553,1,469282.51209181396,469282.51209181396,1,1,0,0,0.004309416074121957
profile,tfl-numbat-2019-midweek,evening,20,2.966666666666667,1,2,off,free-flow,virtual,4,drop-offs,unassigned,0,0,0,0,0,0,0,0,0,0,940GZZLUEUS,0,3900,2362,1800,1780,58312b729793399f,89,89,0,0,67,22,2.2333333333333334,24,20,2.8666666666666667,2,true,562,6,24,24,23,1,1,0,0,1,1,14,11,3,3,london-link-087-a-arrival,true,92,47.74138576779026,217.65,159.03333333333333,437.8434456928839,687.8333333333334,1155.6833333333334,469853.8210978549,184211.3905164044,71.8359290105396,1,469853.82109156065,469853.82109156065,1,1,0,0,0
profile,tfl-numbat-2019-midweek,evening,20,2.966666666666667,1,2,off,free-flow,virtual,4,drop-offs,reassign-existing,0,0,0,0,0,0,0,0,0,0,940GZZLUEUS,0,3900,2362,1800,1780,58312b729793399f,89,89,0,0,67,22,2.2333333333333334,24,20,2.8666666666666667,2,true,562,6,24,24,23,1,1,0,0,1,1,14,11,3,3,london-link-087-a-arrival,true,92,47.74138576779026,217.65,159.03333333333333,437.8434456928839,687.8333333333334,1155.6833333333334,469853.8210978549,184211.3905164044,71.8359290105396,1,469853.82109156065,469853.82109156065,1,1,0,0,0
profile,tfl-numbat-2019-midweek,evening,20,2.966666666666667,1,3,off,free-flow,virtual,4,drop-offs,unassigned,0,0,0,0,0,0,0,0,0,0,940GZZLUEUS,0,3900,2520,1800,1780,dbba58b1409deafa,89,89,0,0,68,21,2.2666666666666666,23,21,3,0,true,720,8,25,24,22,0,1,0,0,1,1,0,0,0,3,london-link-025-a-departure,true,124,69.38258426966291,224.7,207.15,433.87284644194756,724.3166666666667,899.7333333333333,438107.8985543412,226286.13846050604,65.94097390199045,1,438107.89854865626,438107.89854865626,1,1,0,0,0
profile,tfl-numbat-2019-midweek,evening,20,2.966666666666667,1,3,off,free-flow,virtual,4,drop-offs,reassign-existing,0,0,0,0,0,0,0,0,0,0,940GZZLUEUS,0,3900,2520,1800,1780,dbba58b1409deafa,89,89,0,0,68,21,2.2666666666666666,23,21,3,0,true,720,8,25,24,22,0,1,0,0,1,1,0,0,0,3,london-link-025-a-departure,true,124,69.38258426966291,224.7,207.15,433.87284644194756,724.3166666666667,899.7333333333333,438107.8985543412,226286.13846050604,65.94097390199045,1,438107.89854865626,438107.89854865626,1,1,0,0,0
profile,tfl-numbat-2019-midweek,evening,15,3.966666666666667,1,1,off,free-flow,virtual,4,drop-offs,unassigned,0,0,0,2,0,0,2,0,2,0,940GZZLUEUS,0,3900,2452,1800,1785,873015319cd46809,119,119,0,0,82,37,2.7333333333333334,30,29,3.466666666666667,8,true,652,11,39,39,34,1,2,0,0,1,1,19,15,4,3,940GZZLUBXN-01-arrival,true,115,91.42394957983194,295.96666666666664,215.68333333333334,486.56596638655463,786.3666666666667,1001.3166666666667,636459.1852359825,268530.7888157708,70.32776091280604,1,636459.1852545666,636459.1852545666,1,1,0,0,0
profile,tfl-numbat-2019-midweek,evening,15,3.966666666666667,1,1,off,free-flow,virtual,4,drop-offs,reassign-existing,0,0,0,2,0,0,2,0,2,0,940GZZLUEUS,0,3900,2452,1800,1785,873015319cd46809,119,119,0,0,82,37,2.7333333333333334,30,29,3.466666666666667,8,true,652,11,39,39,34,1,2,0,0,1,1,19,15,4,3,940GZZLUBXN-01-arrival,true,115,91.42394957983194,295.96666666666664,215.68333333333334,486.56596638655463,786.3666666666667,1001.3166666666667,636459.1852359825,268530.7888157708,70.32776091280604,1,636459.1852545666,636459.1852545666,1,1,0,0,0
profile,tfl-numbat-2019-midweek,evening,15,3.966666666666667,1,2,off,free-flow,virtual,4,drop-offs,unassigned,0,0,0,0,0,0,0,0,0,0,940GZZLUEUS,0,3900,2583,1800,1785,7ee478a9b78eebf3,119,119,0,0,87,32,2.9,32,27,3.6666666666666665,5,true,783,10,34,34,28,1,2,0,0,2,2,23,17,6,3,940GZZLUVIC-01-arrival,true,158,64.55826330532213,287.65,199.98333333333332,464.61652661064426,757.3833333333333,1153.3333333333333,644655.637419955,268516.5488007795,70.59518972954429,1,644655.6374404277,644655.6374404277,1,1,0,0,0.017978336104993484
profile,tfl-numbat-2019-midweek,evening,15,3.966666666666667,1,2,off,free-flow,virtual,4,drop-offs,reassign-existing,0,0,0,0,0,0,0,0,0,0,940GZZLUEUS,0,3900,2583,1800,1785,7ee478a9b78eebf3,119,119,0,0,87,32,2.9,32,27,3.6666666666666665,5,true,783,10,34,34,28,1,2,0,0,2,2,23,17,6,3,940GZZLUVIC-01-arrival,true,158,64.55826330532213,287.65,199.98333333333332,464.61652661064426,757.3833333333333,1153.3333333333333,644655.637419955,268516.5488007795,70.59518972954429,1,644655.6374404277,644655.6374404277,1,1,0,0,0.017978336104993484
profile,tfl-numbat-2019-midweek,evening,15,3.966666666666667,1,3,off,free-flow,virtual,4,drop-offs,unassigned,0,0,0,2,0,0,2,1,1,0,940GZZLUEUS,0,3900,2669,1800,1785,3efe4dd7383dc66b,119,119,0,0,85,34,2.8333333333333335,30,29,3.6666666666666665,5,true,869,11,34,34,29,1,1,0,0,1,1,6,2,4,4,london-link-057-a-arrival,true,154,79.40546218487394,272.15,217.86666666666667,448.13207282913163,748.9166666666666,958.35,592541.7423308144,299713.7951848749,66.4094216753903,1,592541.7423392629,592541.7423392629,1,1,0,0,0
profile,tfl-numbat-2019-midweek,evening,15,3.966666666666667,1,3,off,free-flow,virtual,4,drop-offs,reassign-existing,1,0,0,1,0,0,2,1,1,1,940GZZLUEUS,0,3900,2669,1800,1785,3efe4dd7383dc66b,119,119,0,0,85,34,2.8333333333333335,30,29,3.6666666666666665,5,true,869,11,34,33,29,1,1,0,0,1,1,6,2,4,4,london-link-057-a-arrival,true,153,78.28837535014006,272.15,217.86666666666667,447.0089635854342,748.9166666666666,958.35,587118.2618867307,307544.01992888725,65.62456849027313,1.009237458272614,592541.7423392627,592541.7423392627,1,1,0,0,0
profile,tfl-numbat-2019-midweek,evening,12,4.966666666666667,1,1,off,free-flow,virtual,4,drop-offs,unassigned,0,0,0,4,0,0,4,1,3,0,940GZZLUEUS,0,3900,2432,1800,1788,25b3fdeb13f94c9d,149,149,0,0,105,44,3.5,36,38,4.6,6,true,632,14,48,47,39,1,1,0,0,1,1,59,49,10,4,940GZZLUVIC-01-arrival,true,122,94.3397091722595,292.81666666666666,230.8,480.26006711409394,819.8666666666667,995.9666666666667,776546.949426435,355940.3786274862,68.57003431207146,1,776546.9494768147,776546.9494768147,1,1,0,0,0.4022642418402987
profile,tfl-numbat-2019-midweek,evening,12,4.966666666666667,1,1,off,free-flow,virtual,4,drop-offs,reassign-existing,1,0,0,3,0,0,4,1,3,1,940GZZLUEUS,0,3900,2432,1800,1788,25b3fdeb13f94c9d,149,149,0,0,105,44,3.5,36,38,4.6,6,true,632,14,48,47,38,1,1,0,0,1,1,59,49,10,4,940GZZLUVIC-01-arrival,true,122,94.23389261744965,292.81666666666666,230.8,480.0927293064877,819.8666666666667,995.9666666666667,773592.8672475064,347664.99529401574,68.99330591930266,1.0037217020751854,776471.9494768147,776471.9494768147,1,1,0,0,0.40625684190040623
profile,tfl-numbat-2019-midweek,evening,12,4.966666666666667,1,2,off,free-flow,virtual,4,drop-offs,unassigned,0,0,0,3,0,0,3,0,3,0,940GZZLUEUS,0,3900,2597,1800,1788,735db4462c7d6518,149,149,0,0,104,45,3.466666666666667,41,33,4.2,12,true,797,16,46,46,35,1,2,0,1,2,2,40,32,8,4,london-link-020-a-departure,true,229,84.1923937360179,278.05,237.55,483.8567114093959,787.4,1153.3333333333333,806091.2688312522,313231.36911058315,72.01598909081834,1,806091.2688884836,806091.2688884836,1,1,0,0,0
profile,tfl-numbat-2019-midweek,evening,12,4.966666666666667,1,2,off,free-flow,virtual,4,drop-offs,reassign-existing,0,0,0,3,0,0,3,0,3,0,940GZZLUEUS,0,3900,2597,1800,1788,735db4462c7d6518,149,149,0,0,104,45,3.466666666666667,41,33,4.2,12,true,797,16,46,46,35,1,2,0,1,2,2,40,32,8,4,london-link-020-a-departure,true,229,84.1923937360179,278.05,237.55,483.8567114093959,787.4,1153.3333333333333,806091.2688312522,313231.36911058315,72.01598909081834,1,806091.2688884836,806091.2688884836,1,1,0,0,0
profile,tfl-numbat-2019-midweek,evening,12,4.966666666666667,1,3,off,free-flow,virtual,4,drop-offs,unassigned,1,0,0,3,0,0,3,0,3,0,940GZZLUEUS,0,3900,2465,1800,1788,2fcc7c73295d9f40,149,149,0,0,109,40,3.6333333333333333,39,35,4.666666666666667,5,true,665,13,45,43,35,2,2,0,0,1,2,52,42,10,4,940GZZLUKSX-01-arrival,true,157,89.81163310961968,299,217.86666666666667,454.6900447427293,752.6666666666666,963.7166666666667,728290.847944433,351066.0409474243,67.4745170424721,1.0073438797976686,733639.3284290691,733639.3284290691,1,1,0,0,0
profile,tfl-numbat-2019-midweek,evening,12,4.966666666666667,1,3,off,free-flow,virtual,4,drop-offs,reassign-existing,1,0,0,3,0,0,3,0,3,0,940GZZLUEUS,0,3900,2465,1800,1788,2fcc7c73295d9f40,149,149,0,0,109,40,3.6333333333333333,39,35,4.666666666666667,5,true,665,13,45,43,35,2,2,0,0,1,2,52,42,10,4,940GZZLUKSX-01-arrival,true,157,89.81163310961968,299,217.86666666666667,454.6900447427293,752.6666666666666,963.7166666666667,728290.847944433,351066.0409474243,67.4745170424721,1.0073438797976686,733639.3284290691,733639.3284290691,1,1,0,0,0
profile,tfl-numbat-2019-midweek,evening,10,5.966666666666667,1,1,off,free-flow,virtual,4,drop-offs,unassigned,0,0,0,6,0,0,6,1,5,0,940GZZLUEUS,0,3900,2802,1800,1790,20f452e1bbe11c01,179,179,0,0,131,48,4.366666666666666,43,46,5.866666666666666,2,true,1002,18,59,58,45,1,3,0,0,1,1,56,46,10,5,london-link-072-a-arrival,true,205,116.92811918063315,361.4,273.95,504.59422718808196,838.4833333333333,1101.7,937869.1074988936,520446.419065779,64.31180978428,1,937869.1075859802,937869.1075859802,1,1,0,0,0.005620766859958594
profile,tfl-numbat-2019-midweek,evening,10,5.966666666666667,1,1,off,free-flow,virtual,4,drop-offs,reassign-existing,1,0,0,5,0,0,6,1,5,1,940GZZLUEUS,0,3900,2802,1800,1790,20f452e1bbe11c01,179,179,0,0,131,48,4.366666666666666,43,46,5.866666666666666,2,true,1002,18,59,57,45,1,3,0,0,1,1,51,42,9,5,london-link-072-a-arrival,true,205,116.10530726256982,359.3666666666667,274.06666666666666,503.74143389199253,838.4833333333333,1101.7,934915.0253199876,519487.68726992485,64.28171628304705,1.003079512149585,937794.1075859802,937794.1075859802,1,1,0,0,0.005637084499896653
profile,tfl-numbat-2019-midweek,evening,10,5.966666666666667,1,2,off,free-flow,virtual,4,drop-offs,unassigned,0,0,0,7,0,0,6,2,4,0,940GZZLUEUS,0,3900,2616,1800,1790,2c882ff5d2d3fc38,179,179,0,0,124,55,4.133333333333334,47,42,5.133333333333334,13,true,816,19,59,58,44,2,2,0,1,2,1,61,50,11,4,london-link-009-a-departure,true,207,101.46806331471136,356.18333333333334,271.2,494.33798882681566,789.4,1158.7,951122.3183392144,401770.68477428355,70.30284849949972,1,951122.318429369,951122.318429369,1,1,0,0,0.002018468991270122
profile,tfl-numbat-2019-midweek,evening,10,5.966666666666667,1,2,off,free-flow,virtual,4,drop-offs,reassign-existing,2,0,0,6,0,0,7,2,5,2,940GZZLUEUS,0,3900,2646,1800,1790,2c882ff5d2d3fc38,179,179,0,0,124,55,4.133333333333334,47,42,5.133333333333334,13,true,846,19,58,57,43,1,2,0,1,2,2,65,53,12,4,london-link-009-a-departure,true,199,99.02607076350093,343.95,262.5833333333333,492.0995344506518,789.4,1158.7,943045.2245017644,418060.79269742704,69.28521456707028,1.0086444357352085,951197.3184293689,951197.3184293689,1,1,0,0,0.00200648093341493
profile,tfl-numbat-2019-midweek,evening,10,5.966666666666667,1,3,off,free-flow,virtual,4,drop-offs,unassigned,1,0,0,5,0,0,5,2,3,0,940GZZLUEUS,0,3900,2523,1800,1790,422dc303f2c9a139,179,179,0,0,131,48,4.366666666666666,47,42,5.6,6,true,723,18,52,50,38,1,1,0,0,1,1,74,58,16,5,london-link-046-a-departure,true,267,100.79059590316574,303.73333333333335,253.48333333333332,462.02681564245813,754.1,963.7166666666667,867982.3786729483,409710.3972207067,67.93357488194738,1.003527536885678,871044.2186010272,871044.2186010272,1,1,0,0,0.17475810920250628
profile,tfl-numbat-2019-midweek,evening,10,5.966666666666667,1,3,off,free-flow,virtual,4,drop-offs,reassign-existing,3,0,0,3,0,0,5,2,3,2,940GZZLUEUS,0,3900,2541,1800,1790,422dc303f2c9a139,179,179,0,0,131,48,4.366666666666666,47,42,5.6,6,true,741,16,52,49,38,1,1,0,0,1,1,76,62,14,5,london-link-046-a-departure,true,225,99.00623836126628,305,230.73333333333332,460.0010242085661,754.1,963.7166666666667,859454.8160499171,404787.4952432373,67.98181079470496,1.0131355392631578,870744.2186010272,870744.2186010272,1,1,0,0,0.17663467855719625
profile,tfl-numbat-2019-midweek,evening,8.571429,7,1,1,off,free-flow,virtual,4,drop-offs,unassigned,2,0,0,10,0,0,10,2,8,0,940GZZLUEUS,0,3900,2711,1800,1799,8fa5bf61b989b665,210,210,0,0,146,64,4.866666666666666,50,55,6.4,9,true,911,23,69,65,51,2,3,0,0,1,1,100,80,20,4,940GZZLULVT-01-arrival,true,327,127.6931746031746,335.51666666666665,294.7,512.9761904761905,848.4666666666667,1098.6833333333334,1084543.4928995387,590114.8660760993,64.76207443068786,1.0068918862834852,1092018.0434255488,1090213.2094150507,1.0012082905013793,1.1339878090218087,2,0,0
profile,tfl-numbat-2019-midweek,evening,8.571429,7,1,1,off,free-flow,virtual,4,drop-offs,reassign-existing,4,0,0,7,0,0,9,2,7,2,940GZZLUEUS,0,3900,2615,1800,1799,8fa5bf61b989b665,210,210,0,0,147,63,4.9,50,55,6.466666666666667,8,true,815,22,68,65,51,1,3,0,0,1,1,67,52,15,4,940GZZLULVT-01-arrival,true,231,124.54738095238095,333.4,280.28333333333336,509.7931746031746,840.0833333333334,1098.6833333333334,1076796.1710204252,569634.5188243048,65.40185248380998,1.0143452147346244,1092243.0434255488,1090588.2094150507,1.0011151533922185,1.1339878090218087,2,0,0.01658484808279156
profile,tfl-numbat-2019-midweek,evening,8.571429,7,1,2,off,free-flow,virtual,4,drop-offs,unassigned,1,0,0,12,0,0,11,4,7,0,940GZZLUEUS,0,3900,2920,1800,1799,fa205d26eb72d298,210,210,0,0,148,62,4.933333333333334,53,52,6.333333333333333,10,true,1120,23,71,68,52,2,2,0,0,1,2,158,131,27,4,940GZZLULNB-01-departure,true,233,118.64611111111111,344.9,299,532.5327777777778,917.1833333333333,1158.7,1173325.3674528599,567021.0803053244,67.41906871268483,1.0013069756216775,1174858.8751841036,1173924.6044570464,1.0004088069583819,1.0858494612602183,1,0,0.19133653273109374
profile,tfl-numbat-2019-midweek,evening,8.571429,7,1,2,off,free-flow,virtual,4,drop-offs,reassign-existing,5,0,0,7,0,0,9,3,6,3,940GZZLUEUS,0,3900,2725,1800,1799,fa205d26eb72d298,210,210,0,0,150,60,5,53,52,6.466666666666667,8,true,925,22,69,67,51,2,2,0,0,1,2,164,137,27,5,london-link-084-a-departure,true,255,110.7552380952381,344.9,280.6,524.515,886.2333333333333,1158.7,1149477.5644446188,520880.21929284494,68.81624856877289,1.021884994913824,1174633.8751841034,1173699.6044570461,1.0004116438827775,1.0864452153832673,1,0,0
profile,tfl-numbat-2019-midweek,evening,8.571429,7,1,3,off,free-flow,virtual,4,drop-offs,unassigned,0,0,0,10,0,0,10,5,5,0,940GZZLUEUS,0,3900,2662,1800,1799,17620ed2eaa95023,210,210,0,0,150,60,5,53,52,6.466666666666667,8,true,862,24,63,60,47,2,2,0,1,1,2,72,55,17,4,london-link-025-a-departure,true,252,118.36666666666666,376.55,298.43333333333334,481.613253968254,810.65,963.7166666666667,1029052.7718471854,485364.11062388925,67.95042922184541,1,1029052.7719549612,1029052.7719549612,1,1,0,0,0
profile,tfl-numbat-2019-midweek,evening,8.571429,7,1,3,off,free-flow,virtual,4,drop-offs,reassign-existing,5,0,0,5,0,0,10,5,5,5,940GZZLUEUS,0,3900,2662,1800,1799,17620ed2eaa95023,210,210,0,0,150,60,5,53,52,6.466666666666667,8,true,862,23,63,58,46,2,2,0,1,1,1,78,58,20,4,london-link-025-a-departure,true,236,115.82626984126983,373.8666666666667,272.95,479.1987301587302,804.7166666666667,963.7166666666667,1010647.6467017024,501926.6814296454,66.8163955916314,1.0180627988473436,1028902.7719549612,1028902.7719549612,1,1,0,0,0
profile,tfl-numbat-2019-midweek,evening,7.5,7.966666666666667,1,1,off,free-flow,virtual,4,drop-offs,unassigned,5,0,0,14,0,0,15,3,12,0,940GZZLUEUS,0,3900,2667,1800,1792.5,587d4087c93cef8a,239,239,0,0,168,71,5.6,56,63,7.466666666666667,8,true,867,27,77,73,57,2,3,0,0,1,1,115,91,24,5,940GZZLUVIC-01-arrival,true,255.5,132.7765690376569,381.65,303.73333333333335,523.249790794979,900.2666666666667,1141.4166666666667,1240667.880311049,651353.4824710964,65.57367187898419,1.0150313783415306,1259316.828678969,1255321.3201056917,1.0029371034724484,1.199968063925261,5,0,0.4540769624413484
profile,tfl-numbat-2019-midweek,evening,7.5,7.966666666666667,1,1,off,free-flow,virtual,4,drop-offs,reassign-existing,6,0,0,11,0,0,14,3,11,3,940GZZLUEUS,0,3900,2667,1800,1792.5,587d4087c93cef8a,239,239,0,0,165,74,5.5,56,63,7.266666666666667,11,true,867,26,77,73,57,2,3,0,1,1,2,104,82,22,4,london-link-048-a-departure,true,242.5,128.68389121338913,367.2,299.1333333333333,518.5507670850767,889.3666666666667,1117.7833333333333,1234154.9105543313,640899.5750419041,65.81968257641809,1.0196051176397993,1258350.6628264948,1256671.3201056914,1.0011633241236773,1.1594410414035916,2,0,0.014558477765564832
profile,tfl-numbat-2019-midweek,evening,7.5,7.966666666666667,1,2,off,free-flow,virtual,4,drop-offs,unassigned,1,0,0,15,0,0,14,5,9,0,940GZZLUEUS,0,3900,2768,1800,1792.5,2f9a395554770741,239,239,0,0,164,75,5.466666666666667,57,62,7.133333333333334,13,true,968,26,78,76,59,2,2,0,0,1,2,127,101,26,5,london-link-025-b-departure,true,332.5,123.93138075313807,477.48333333333335,309.81666666666666,535.270990237099,921,1185.45,1327452.4814671907,598288.0237235707,68.9320538197692,1.0010987268259917,1328910.9891583775,1327976.7184313203,1.0003592027667791,1.0858494612602183,1,0,0.024098605824774785
profile,tfl-numbat-2019-midweek,evening,7.5,7.966666666666667,1,2,off,free-flow,virtual,4,drop-offs,reassign-existing,8,0,0,8,0,0,12,5,7,5,940GZZLUEUS,0,3900,2768,1800,1792.5,2f9a395554770741,239,239,0,0,166,73,5.533333333333333,58,61,7.2,12,true,968,26,78,74,58,1,2,0,0,2,1,146,117,29,5,london-link-025-b-departure,true,254.5,117.65278940027893,417.6333333333333,289.2,529.4582984658299,897.2833333333333,1185.4833333333333,1305248.9229044016,597712.0351072222,68.59042049229623,1.0189896511652654,1330035.1446802854,1327751.71843132,1.001180354490739,1.1060742411197813,3,0,0.028694404591104734
profile,tfl-numbat-2019-midweek,evening,7.5,7.966666666666667,1,3,off,free-flow,virtual,4,drop-offs,unassigned,2,0,0,15,0,0,14,6,8,0,940GZZLUEUS,0,3900,2526,1800,1792.5,3f9e14e4a9ea6f4c,239,239,0,0,170,69,5.666666666666667,57,62,7.533333333333333,7,true,726,28,74,70,52,1,2,0,1,1,1,112,93,19,5,london-link-087-a-departure,true,316.5,132.85822873082287,385.76666666666665,316.85,502.57454672245467,865.0833333333334,974.2666666666667,1186000.825597026,559683.2017199163,67.9390317513456,1.0047741235772707,1191662.9401777866,1191662.9401777866,1,1,0,0,0.1576868432967479
profile,tfl-numbat-2019-midweek,evening,7.5,7.966666666666667,1,3,off,free-flow,virtual,4,drop-offs,reassign-existing,7,0,0,8,0,0,14,6,8,6,940GZZLUEUS,0,3900,2506,1800,1792.5,3f9e14e4a9ea6f4c,239,239,0,0,165,74,5.5,57,62,7.2,12,true,706,27,74,70,51,2,2,0,1,2,1,110,88,22,4,london-link-025-a-departure,true,273.5,129.84449093444908,381.65,310.3666666666667,499.71457461645747,847.7666666666667,974.2666666666667,1165778.6790760271,539582.0499120484,68.35965313730281,1.0223320785374428,1191812.9401777866,1191812.9401777866,1,1,0,0,0.16143211060497084
profile,tfl-numbat-2019-midweek,evening,6.666667,8.966666666666667,1,1,off,free-flow,virtual,4,drop-offs,unassigned,6,0,0,20,0,0,20,3,17,0,940GZZLUEUS,0,3900,2691,1800,1793.3333333333333,6b585277ba4a284f,269,269,0,0,185,84,6.166666666666667,65,69,8,15,true,891,34,90,84,63,2,3,0,0,1,1,154,125,29,5,london-link-120-a-departure,true,184.66666666666666,152.06648079306072,439.8833333333333,333.01666666666665,541.4826517967782,916.9333333333333,1140.8333333333333,1394025.7998701865,733968.0228526009,65.50892135986173,1.013643875108453,1413045.7138035744,1409521.2228438798,1.0037201569345149,1.3667150609851388,4,0,0.6509941115788529
profile,tfl-numbat-2019-midweek,evening,6.666667,8.966666666666667,1,1,off,free-flow,virtual,4,drop-offs,reassign-existing,8,0,0,18,0,0,22,4,18,4,940GZZLUEUS,0,3900,2691,1800,1793.3333333333333,6b585277ba4a284f,269,269,0,0,183,86,6.1,65,69,7.866666666666666,17,true,891,34,90,86,62,3,3,0,0,1,2,248,197,49,4,940GZZLUBXN-01-arrival,true,249.66666666666666,150.14448574969023,439.8833333333333,334.48333333333335,538.9516109045849,915.1333333333333,1157.45,1379966.8727848688,753082.0644948459,64.6945716371958,1.0214158300294984,1409520.0088048505,1408621.22284388,1.0009165466111185,1.2465510383908283,1,0,0.0868061096182446
profile,tfl-numbat-2019-midweek,evening,6.666667,8.966666666666667,1,2,off,free-flow,virtual,4,drop-offs,unassigned,2,0,0,15,0,0,14,6,8,0,940GZZLUEUS,0,3900,2605,1800,1793.3333333333333,550d0bff2169bd1a,269,269,0,0,180,89,6,59,75,8.066666666666666,14,true,805,32,91,86,70,3,2,0,1,2,1,226,183,42,7,london-link-020-a-arrival,true,391.6666666666667,134.81555142503097,472.1166666666667,328.1333333333333,542.0444237918216,940.6166666666667,1198.1333333333334,1466243.1212476816,629052.1752541772,69.97787489408327,1.0080741992482243,1478081.8603587395,1476577.7831498403,1.0008956703487686,1.1750111593634849,2,0,0.5228996214831099
profile,tfl-numbat-2019-midweek,evening,6.666667,8.966666666666667,1,2,off,free-flow,virtual,4,drop-offs,reassign-existing,6,0,0,11,0,0,16,6,10,6,940GZZLUEUS,0,3900,2611,1800,1793.3333333333333,550d0bff2169bd1a,269,269,0,0,179,90,5.966666666666667,60,74,7.933333333333334,16,true,811,31,90,86,72,3,2,0,0,2,2,189,151,38,5,london-link-020-a-arrival,true,381.6666666666667,131.75068153655513,451.65,336.65,538.230049566295,946.1333333333333,1203.7833333333333,1448151.9493810122,625389.7886231133,69.8395370027575,1.0198879915689378,1476952.7831498403,1476952.7831498403,1,1,0,0,0.6711144447514903
profile,tfl-numbat-2019-midweek,evening,6.666667,8.966666666666667,1,3,off,free-flow,virtual,4,drop-offs,unassigned,3,0,0,22,0,0,21,10,11,0,940GZZLUEUS,0,3900,2735,1800,1793.3333333333333,1a7011d452329f9f,269,269,0,0,191,78,6.366666666666666,62,72,8.6,6,true,935,35,86,83,62,1,2,0,0,1,1,117,93,24,5,london-link-106-a-departure,true,306.6666666666667,145.44368029739778,475.43333333333334,352.15,523.9066294919455,909.3833333333333,1125.7166666666667,1366112.2906684638,661312.2037224418,67.38166054755501,1.0065406669615302,1375047.576223005,1373443.577535386,1.0008584831923975,1.1573558931746688,2,0,0.09958014856281623
profile,tfl-numbat-2019-midweek,evening,6.666667,8.966666666666667,1,3,off,free-flow,virtual,4,drop-offs,reassign-existing,13,0,0,11,0,0,22,11,11,11,940GZZLUEUS,0,3900,2607,1800,1793.3333333333333,1a7011d452329f9f,269,269,0,0,194,75,6.466666666666667,63,71,8.733333333333333,4,true,807,33,85,79,59,1,2,0,0,1,1,116,95,21,5,london-link-106-a-departure,true,279.6666666666667,135.61171003717473,472.1166666666667,328.8,514.097335811648,850.4166666666666,1070.1333333333334,1327203.9741102578,629552.1289473077,67.82674509288155,1.0349215796308187,1373552.0334193397,1372843.5775353864,1.0004827536458567,1.1298607307354487,1,0,0.10453253052349891
profile,tfl-numbat-2019-midweek,evening,6,9.966666666666667,1,1,off,free-flow,virtual,4,drop-offs,unassigned,3,0,0,36,0,0,33,6,27,0,940GZZLUEUS,0,3900,2770,1800,1794,dbe77387ac8e7ea1,299,299,0,0,198,101,6.6,67,82,8.733333333333333,19,true,970,44,106,103,70,2,3,0,1,1,2,225,176,45,5,london-link-070-a-departure,true,340,176.2885172798216,527.2333333333333,427.7,573.0120958751394,951.2166666666667,1101.7,1594428.3341656546,958593.4481799162,62.452594223492476,1.0040700808122034,1600917.7863045263,1600216.9717453248,1.0006292698393005,1.1881516819508395,1,0,0.23187104977747858
profile,tfl-numbat-2019-midweek,evening,6,9.966666666666667,1,1,off,free-flow,virtual,4,drop-offs,reassign-existing,11,0,0,25,0,0,33,8,25,8,940GZZLUEUS,0,3900,2710,1800,1794,dbe77387ac8e7ea1,299,299,0,0,199,100,6.633333333333334,67,82,8.8,18,true,910,41,103,97,69,2,3,0,1,1,2,175,140,35,5,london-link-070-a-departure,true,244,166.76794871794874,575.9333333333333,387.75,563.6714046822742,914.5833333333334,1101.7,1560780.2325652218,876425.8557747367,64.03973139704028,1.0264311274210713,1602033.4137461241,1600441.971745325,1.0013879090841737,1.23054691633813,2,0,0.1893101381739973
profile,tfl-numbat-2019-midweek,evening,6,9.966666666666667,1,2,off,free-flow,virtual,4,drop-offs,unassigned,9,0,0,23,0,0,22,9,13,0,940GZZLUEUS,0,3900,2899,1800,1794,94fb12000179d5a1,299,299,0,0,194,105,6.466666666666667,64,85,8.666666666666666,20,true,1099,40,108,100,75,2,3,0,0,2,2,214,169,45,5,london-link-020-a-arrival,true,471,165.95585284280935,597.7833333333333,391.1333333333333,575.2808249721294,978.2166666666667,1240.55,1617377.215172658,904548.9517335894,64.13261563310405,1.0219655721198786,1652903.8310007385,1648154.402987505,1.0022890019393482,1.209797463160339,6,0,0.06932108660803259
profile,tfl-numbat-2019-midweek,evening,6,9.966666666666667,1,2,off,free-flow,virtual,4,drop-offs,reassign-existing,13,0,0,14,0,0,21,8,13,8,940GZZLUEUS,0,3900,2735,1800,1794,94fb12000179d5a1,299,299,0,0,194,105,6.466666666666667,65,84,8.6,21,true,935,40,107,101,70,3,2,0,0,2,2,226,185,41,5,london-link-020-a-departure,true,743,169.10947603121517,766.5166666666667,416.23333333333335,577.3829431438127,989.6833333333333,1333.1333333333334,1595250.066991999,818621.544766582,66.08678188272862,1.0330743705460144,1648011.9587898431,1647254.402987505,1.0003510764742236,1.1049718657929197,1,0,0.005655308921249823
profile,tfl-numbat-2019-midweek,evening,6,9.966666666666667,1,3,off,free-flow,virtual,4,drop-offs,unassigned,6,0,0,29,0,0,27,14,13,0,940GZZLUEUS,0,3900,2570,1800,1794,644175ba2387c632,299,299,0,0,204,95,6.8,69,80,9,15,true,770,39,96,93,67,2,2,0,0,1,1,234,193,41,4,940GZZLUOXC-diverge,true,402,157.56694537346712,446.31666666666666,364.5,534.5396321070234,867.8,1031.7333333333333,1500625.0948504044,734782.1793656729,67.12982963592844,1.0119017288048067,1518485.127761204,1515214.391274468,1.0022106378307793,1.2076565382457216,4,0,0.09258920848409537
profile,tfl-numbat-2019-midweek,evening,6,9.966666666666667,1,3,off,free-flow,virtual,4,drop-offs,reassign-existing,20,0,0,10,0,0,21,11,10,11,940GZZLUEUS,0,3900,2648,1800,1794,644175ba2387c632,299,299,0,0,205,94,6.833333333333333,69,80,9.066666666666666,14,true,848,38,96,89,66,1,2,0,0,1,1,116,90,26,4,london-link-019-a-departure,true,285,143.23734671125976,423.1,332.75,519.8552396878484,854.0333333333333,1171.5333333333333,1444535.0888764143,713723.2470251474,66.93059235992682,1.0516442312426255,1519136.9930536607,1514239.3912744678,1.0029698424092979,1.2076565382457216,6,0,0.005055388095824881
profile,tfl-numbat-2019-midweek,evening,5.4545449999999995,11,1,1,off,free-flow,virtual,4,drop-offs,unassigned,6,0,0,41,0,0,39,7,32,0,940GZZLUEUS,0,3900,3002,1800,1798.5,1b439c7c84b85436,330,330,0,0,213,117,7.1,69,96,9.6,21,true,1202,51,119,114,81,3,4,0,1,1,2,336,271,65,5,london-link-020-a-arrival,true,519.5,194.5340909090909,894.2833333333333,440.4166666666667,596.950202020202,1002.8333333333334,1749.35,1772665.231304957,1088800.7026663902,61.949548665243945,1.010349215165046,1791010.925122261,1787078.2618923194,1.002036818466568,1.2020936957463486,5,0,0.35236787396769087
profile,tfl-numbat-2019-midweek,evening,5.4545449999999995,11,1,1,off,free-flow,virtual,4,drop-offs,reassign-existing,12,0,0,27,0,0,35,6,29,6,940GZZLUEUS,0,3900,2927,1800,1798.5,1b439c7c84b85436,330,330,0,0,213,117,7.1,69,96,9.6,21,true,1127,49,117,111,82,2,4,0,1,2,2,248,202,46,5,london-link-020-a-arrival,true,483.5,183.93575757575758,894.2833333333333,413.1333333333333,585.819797979798,976.2833333333333,1749.35,1747025.3721306631,1054210.19122725,62.36624277454406,1.0250152146584277,1790727.5867560308,1786778.2618923192,1.0017326204066939,1.1686735061586424,5,0,0.4116009031811288
profile,tfl-numbat-2019-midweek,evening,5.4545449999999995,11,1,2,off,free-flow,virtual,4,drop-offs,unassigned,9,0,0,38,0,0,35,11,24,0,940GZZLUEUS,0,3900,2885,1800,1798.5,3445851c09ebc1ba,330,330,0,0,214,116,7.133333333333334,74,91,9.333333333333334,25,true,1085,49,121,113,78,2,3,0,1,2,2,300,248,52,4,940GZZLUBND-01-arrival,true,520.5,192.55585858585857,645.85,490.95,597.839393939394,1024.4,1315.0833333333333,1774910.9743143893,1017956.536053849,63.551563678735626,1.017110972482563,1805281.4270767567,1799843.5742761234,1.0026623494991393,1.19087107058483,7,0,0.01564210855623338
profile,tfl-numbat-2019-midweek,evening,5.4545449999999995,11,1,2,off,free-flow,virtual,4,drop-offs,reassign-existing,19,0,0,21,0,0,33,13,20,13,940GZZLUEUS,0,3900,2780,1800,1798.5,3445851c09ebc1ba,330,330,0,0,215,115,7.166666666666667,74,91,9.4,24,true,980,50,116,106,78,3,3,0,1,2,2,253,207,46,5,london-link-048-a-arrival,true,429.5,172.8192929292929,500.8666666666667,415.76666666666665,577.5125757575757,975.7166666666667,1198.7166666666667,1726191.0500090276,915709.9083549652,65.33897663892662,1.0447920616473478,1803510.7058692577,1799693.5742761234,1.0015855204888824,1.1447778931536958,5,0,0.009300739408782998
profile,tfl-numbat-2019-midweek,evening,5.4545449999999995,11,1,3,off,free-flow,virtual,4,drop-offs,unassigned,7,0,0,52,0,0,43,17,26,0,940GZZLUEUS,0,3900,2874,1800,1798.5,8ed279d12330b0cd,330,330,0,0,221,109,7.366666666666666,73,92,9.866666666666667,17,true,1074,47,110,104,72,2,2,0,0,1,1,233,184,49,5,london-link-048-a-arrival,true,641.5,179.11833333333334,777.75,408.95,557.1844444444445,932.7666666666667,1290.85,1653207.0698933715,1029432.4801404736,61.626134971152354,1.0167921700902605,1680968.0041600242,1676237.6017757892,1.0026898130219677,1.1959461617706177,6,0,0.08643481797844214
profile,tfl-numbat-2019-midweek,evening,5.4545449999999995,11,1,3,off,free-flow,virtual,4,drop-offs,reassign-existing,20,0,1,22,0,0,35,13,22,13,940GZZLUEUS,0,3900,2883,1800,1798.5,8ed279d12330b0cd,330,330,0,0,223,107,7.433333333333334,73,92,10,15,true,1083,43,107,99,71,4,3,0,0,1,2,252,201,51,5,london-link-057-b-departure,true,542.5,164.0640404040404,565.8666666666667,403.31666666666666,542.6517171717172,891.0166666666667,1319,1601400.1317009528,935726.9769765052,63.11864022199988,1.0507665838320668,1682697.7457024269,1676237.6017757887,1.003629727009444,1.1939185026838985,5,0,0.16340396254609174
profile,tfl-numbat-2019-midweek,evening,5,11.966666666666667,1,1,off,free-flow,virtual,4,drop-offs,unassigned,11,0,0,53,0,0,47,10,37,0,940GZZLUEUS,0,3900,2996,1800,1795,a190a3a06673b595,359,359,0,0,228,131,7.6,74,105,10.266666666666667,26,true,1196,65,134,114,76,3,4,0,0,2,2,328,268,60,6,london-link-048-a-departure,true,643,231.87488393686166,893.7666666666667,494.15,638.675487465181,1068.85,1754.1833333333334,1931344.5620614546,1210611.7220833537,61.46949185154359,1.0211565167453864,1972205.0855104183,1964082.8186560583,1.0042470671489365,1.2661525241659297,10,0,0.48163024011962513
profile,tfl-numbat-2019-midweek,evening,5,11.966666666666667,1,1,off,free-flow,virtual,4,drop-offs,reassign-existing,19,0,0,33,0,0,42,8,34,8,940GZZLUEUS,0,3900,3058,1800,1795,a190a3a06673b595,359,359,0,0,230,129,7.666666666666667,74,105,10.4,24,true,1258,61,133,114,78,3,4,0,0,2,2,352,284,66,6,london-link-020-a-departure,true,675,214.13788300835657,854.95,507.4,621.1910399257196,1082.6833333333334,1715.3666666666666,1901023.0308606585,1176302.895919234,61.77516051573664,1.0373980967231808,1972117.6739279472,1964832.8186560583,1.0038652162863098,1.2661525241659297,9,0,0.3591969951619269
profile,tfl-numbat-2019-midweek,evening,5,11.966666666666667,1,2,off,free-flow,virtual,4,drop-offs,unassigned,8,0,0,50,1,0,43,14,29,0,940GZZLUEUS,0,3900,3000,1800,1795,140deb2d9657264b,359,359,0,0,218,141,7.266666666666667,75,104,9.533333333333333,37,true,1200,72,142,114,79,3,3,0,1,2,2,348,296,49,5,london-link-017-a-departure,true,706,244.6894614670381,776.0666666666667,596.7666666666667,650.5385329619313,1162.75,1494.35,1940126.18759211,1193558.8812268574,61.91197089002025,1.0131627446782727,1965663.5731220695,1960649.7675151397,1.0025184043645354,1.1996290282052704,6,0,0.6424813554002868
profile,tfl-numbat-2019-midweek,evening,5,11.966666666666667,1,2,off,free-flow,virtual,4,drop-offs,reassign-existing,20,0,1,32,1,0,43,14,29,14,940GZZLUEUS,0,3900,3064,1800,1795,140deb2d9657264b,359,359,0,0,225,134,7.5,77,102,9.866666666666667,32,true,1264,56,136,114,80,3,3,1,0,2,2,405,347,54,6,london-link-048-a-arrival,true,728,211.18156917363046,817.5666666666667,513.9,616.7290157845869,1076.6833333333334,1553.3333333333333,1876817.6237661745,1143754.3068822634,62.134511836083675,1.046232544336618,1963587.6776611975,1960274.76751514,1.001731717376611,1.1972417778467188,4,0,0.18487463330184287
profile,tfl-numbat-2019-midweek,evening,5,11.966666666666667,1,3,off,free-flow,virtual,4,drop-offs,unassigned,11,0,0,54,1,0,42,20,22,0,940GZZLUEUS,0,3900,3155,1800,1795,3de16aff2dc2b065,359,359,0,0,236,123,7.866666666666666,78,101,10.533333333333333,22,true,1355,51,127,114,84,2,2,0,0,1,1,312,254,58,5,london-link-048-a-departure,true,724,186.28779015784588,804.0333333333333,423.06666666666666,570.8833797585887,983.7666666666667,1459.6833333333334,1822924.0310223487,1203652.2074895944,60.23056706209435,1.0201806854674726,1859711.8874321925,1851942.8560292465,1.0045065019219654,1.312648462716758,10,0,0.582508525888517
profile,tfl-numbat-2019-midweek,evening,5,11.966666666666667,1,3,off,free-flow,virtual,4,drop-offs,reassign-existing,25,0,1,21,0,0,39,18,21,18,940GZZLUEUS,0,3900,2735,1800,1795,3de16aff2dc2b065,359,359,0,0,239,120,7.966666666666667,78,101,10.733333333333333,19,true,935,47,122,112,77,3,2,0,0,1,1,291,251,40,5,london-link-020-a-arrival,true,386,173.583426183844,521.0666666666667,408.15,557.8857938718663,933.4,1295.0833333333333,1751664.9244872197,998659.1030332575,63.68940193808411,1.0606064962174973,1857827.1980319305,1850367.8560292465,1.0037725704028457,1.2012496872402003,6,0,0.15412673082831968
profile,tfl-numbat-2019-midweek,evening,4.615385,13.033333333333333,1,1,off,free-flow,virtual,4,drop-offs,unassigned,16,0,0,60,0,0,53,8,45,0,940GZZLUEUS,0,3900,3332,1800,1798.6,e963afde427cc29f,391,391,0,0,232,159,7.733333333333333,78,117,10.266666666666667,42,true,1532,83,161,114,79,4,4,0,1,1,1,374,302,72,6,london-link-048-a-departure,true,759.4,283.1072890025576,937.5833333333334,619.7166666666667,687.2154305200341,1176.9833333333333,1754.9833333333333,2059693.4416037423,1344072.3106970422,60.51219712201073,1.0346121334695426,2130983.8257550453,2122968.9676957848,1.0032142795688972,1.1734982720034715,9,0,0.12672695554530689
profile,tfl-numbat-2019-midweek,evening,4.615385,13.033333333333333,1,1,off,free-flow,virtual,4,drop-offs,reassign-existing,29,0,1,40,0,0,48,10,38,10,940GZZLUEUS,0,3900,3007,1800,1798.6,e963afde427cc29f,391,391,0,0,233,158,7.766666666666667,79,116,10.266666666666667,42,true,1207,76,158,114,81,4,4,0,0,1,1,468,390,78,6,london-link-087-a-departure,true,634.4,253.3039641943734,955.5166666666667,558.6833333333333,658.3962489343563,1113.5333333333333,1810.5833333333333,2004184.7232520739,1228290.8763931375,62.00154220721877,1.064865779195107,2134187.7268312606,2121693.9676957843,1.0051241585896493,1.1760398672890884,14,0,0.10213685494456333
profile,tfl-numbat-2019-midweek,evening,4.615385,13.033333333333333,1,2,off,free-flow,virtual,4,drop-offs,unassigned,17,0,0,50,1,0,46,15,31,0,940GZZLUEUS,0,3900,3100,1800,1798.6,5c39f262c2e4a004,391,391,0,0,232,159,7.733333333333333,78,117,10.266666666666667,42,true,1300,84,161,114,82,3,3,0,0,2,2,411,334,77,5,london-link-020-a-departure,true,811.4,265.5035379369139,867.8833333333333,637.5833333333334,672.8254901960785,1203.6833333333334,1584.3666666666666,2066444.4826781475,1251728.475696838,62.27657535037447,1.0389440854557754,2146920.2730427124,2135032.0881017614,1.005085427923729,1.2055730109753626,14,0,0.13252555850056796
profile,tfl-numbat-2019-midweek,evening,4.615385,13.033333333333333,1,2,off,free-flow,virtual,4,drop-offs,reassign-existing,31,0,2,34,1,0,48,16,32,16,940GZZLUEUS,0,3900,3047,1800,1798.6,5c39f262c2e4a004,391,391,0,0,236,155,7.866666666666666,81,114,10.333333333333334,41,true,1247,77,157,114,76,2,3,0,1,2,2,234,181,53,5,london-link-020-a-departure,true,706.4,249.9667945439045,845.1,621.0166666666667,656.3546035805626,1105.1,1475.6,2002241.9584397096,1235263.5252726113,61.84520670352091,1.07193724801048,2146277.7346361564,2133982.088101761,1.0050728946467027,1.2339586137455063,13,0,0.23327064888964016
profile,tfl-numbat-2019-midweek,evening,4.615385,13.033333333333333,1,3,off,free-flow,virtual,4,drop-offs,unassigned,14,0,0,61,1,0,51,21,30,0,940GZZLUEUS,0,3900,2987,1800,1798.6,a6a90c310b40c11b,391,391,0,0,245,146,8.166666666666666,79,116,11.066666666666666,30,true,1187,66,146,114,77,3,2,0,0,1,1,435,359,75,6,london-link-048-a-departure,true,775.4,234.72468030690536,811.3166666666667,501.0833333333333,619.7358908780903,1026.0166666666667,1441.7166666666667,1967050.791127989,1257977.931161005,60.9932797662607,1.029278744446185,2024643.5684238637,2014688.8096797979,1.004100740992974,1.2561439216383448,12,0,0.7031035429826971
profile,tfl-numbat-2019-midweek,evening,4.615385,13.033333333333333,1,3,off,free-flow,virtual,4,drop-offs,reassign-existing,29,0,0,30,0,0,48,19,29,19,940GZZLUEUS,0,3900,3166,1800,1798.6,a6a90c310b40c11b,391,391,0,0,258,133,8.6,80,115,11.866666666666667,18,true,1366,60,138,114,78,4,2,0,1,1,1,481,410,70,5,940GZZLUKSX-diverge,true,769.4,208.5992327365729,1013.5,496.35,593.4821824381927,1003.25,1606.3333333333333,1903246.838820924,1243329.4785594274,60.486276093422454,1.064019379418854,2025091.5202060947,2015288.8096797979,1.0037523408236384,1.1641937116267276,10,0,0.09187870277673042
profile,tfl-numbat-2019-midweek,evening,4.2857140000000005,14,1,1,off,free-flow,virtual,4,drop-offs,unassigned,35,0,2,62,0,0,56,12,44,0,940GZZLUEUS,0,3900,3292,1800,1799,e5a5471b5e211a7c,420,420,0,0,249,171,8.3,80,130,11.266666666666667,41,true,1492,95,173,114,78,3,4,0,1,1,2,449,357,90,5,940GZZLUHAI-diverge,true,1033,316.39369047619044,1173.7833333333333,704.9333333333333,718.9859523809523,1189.5833333333333,1818.5166666666667,2115425.755911352,1492409.9638229632,58.6342040004841,1.076187261943645,2276594.2519215797,2251955.944851485,1.0088473466707621,1.3545836091055683,26,0,0.04615914310469423
profile,tfl-numbat-2019-midweek,evening,4.2857140000000005,14,1,1,off,free-flow,virtual,4,drop-offs,reassign-existing,45,0,1,44,0,0,52,9,43,9,940GZZLUEUS,0,3900,3098,1800,1799,e5a5471b5e211a7c,420,420,0,0,245,175,8.166666666666666,83,127,10.8,48,true,1298,97,176,114,79,3,4,0,0,1,2,468,383,84,6,london-link-088-a-departure,true,881,298.6811111111111,1004.5,671.0666666666667,701.9309126984127,1141.5333333333333,1638.9,2077520.121731766,1401435.5984820437,59.71677390605264,1.0962741996841983,2277531.7086086045,2252405.944851484,1.0102489622966502,1.4207464323448464,26,0,0.3239431648384402
profile,tfl-numbat-2019-midweek,evening,4.2857140000000005,14,1,2,off,free-flow,virtual,4,drop-offs,unassigned,32,0,0,50,1,0,48,18,30,0,940GZZLUEUS,0,3900,3553,1800,1799,3cfb7a1e8de1cdca,420,420,0,0,244,176,8.133333333333333,81,129,10.866666666666667,47,true,1753,98,176,114,78,2,3,0,1,2,2,351,285,64,5,london-link-048-a-arrival,true,1167,303.6562301587301,1179.65,682.8,711.745992063492,1216.3833333333334,1765.95,2165070.1594157843,1411585.241416981,60.533373131548636,1.0675925130004853,2311412.6921234727,2288479.61707813,1.0087715153722177,1.2339586137455063,25,0,0.5305303392259914
profile,tfl-numbat-2019-midweek,evening,4.2857140000000005,14,1,2,off,free-flow,virtual,4,drop-offs,reassign-existing,40,1,2,35,1,0,46,13,33,13,940GZZLUEUS,0,3900,3212,1800,1799,3cfb7a1e8de1cdca,420,420,0,0,251,169,8.366666666666667,82,128,11.266666666666667,41,true,1412,91,171,114,81,2,4,0,1,2,2,463,391,70,5,london-link-048-a-arrival,true,904,287.26043650793656,1014.6666666666666,651.3,694.6968650793651,1176.5166666666667,1622.8,2129546.667819377,1344145.462415333,61.30499157608099,1.0827309609583968,2305726.1098708296,2288479.617078132,1.0066912959234948,1.3199571183109697,19,0,0.10615669514549365
profile,tfl-numbat-2019-midweek,evening,4.2857140000000005,14,1,3,off,free-flow,virtual,4,drop-offs,unassigned,29,0,0,50,1,0,46,19,27,0,940GZZLUEUS,0,3900,3381,1800,1799,8d1eb005ae7b2be2,420,420,0,0,266,154,8.866666666666667,84,126,12.133333333333333,28,true,1581,79,161,114,77,3,3,0,1,2,1,471,374,91,5,940GZZLULSQ-01-arrival,true,921,254.63325396825397,1267.1666666666667,585.6,639.7901984126985,1088.5666666666666,1928.1833333333334,2068962.2176028253,1385504.5340938517,59.89237605447049,1.0512585323911166,2175014.1842888435,2157578.807128211,1.0075014235344126,1.4050017684399945,21,0,0.35203207754177424
profile,tfl-numbat-2019-midweek,evening,4.2857140000000005,14,1,3,off,free-flow,virtual,4,drop-offs,reassign-existing,38,1,1,37,1,0,53,15,38,15,940GZZLUEUS,0,3900,3092,1800,1799,8d1eb005ae7b2be2,420,420,0,0,264,156,8.8,86,124,11.866666666666667,32,true,1292,79,159,114,75,2,3,0,1,2,2,375,315,60,5,940GZZLUKSX-01-departure,true,725,244.48472222222225,758.9666666666667,575.2833333333333,628.8455555555556,1047.15,1466.1,2015430.844663147,1358260.7107086945,59.73962976710271,1.0784109722954267,2173462.736637613,2157128.8071282106,1.0065948419413184,1.321131357353991,17,0,0.17076309251151234
profile,tfl-numbat-2019-midweek,evening,4,14.966666666666667,1,1,off,free-flow,virtual,4,drop-offs,unassigned,48,0,1,69,0,0,63,15,48,0,940GZZLUEUS,0,3900,3229,1800,1796,9acce1466eaaacf4,449,449,0,0,247,202,8.233333333333333,82,142,11,60,true,1429,120,204,114,79,3,5,0,1,1,2,486,386,100,5,940GZZLUCGN-01-departure,true,959,350.9238307349666,980.3333333333334,788.4833333333333,756.8912769116556,1314.25,1805.85,2233288.3560544886,1466645.0871498366,60.36023053756206,1.0989217764174366,2454209.2072730036,2421997.8103276375,1.0114041957613114,1.2916145938266779,36,0,0.4644356553887437
profile,tfl-numbat-2019-midweek,evening,4,14.966666666666667,1,1,off,free-flow,virtual,4,drop-offs,reassign-existing,58,0,3,45,0,0,57,14,43,14,940GZZLUEUS,0,3900,3236,1800,1796,9acce1466eaaacf4,449,449,0,0,256,193,8.533333333333333,84,140,11.466666666666667,53,true,1436,107,194,114,79,2,4,0,1,1,2,285,221,64,5,940GZZLUVIC-01-arrival,true,953,323.4432071269488,968.9,720.4333333333333,729.0774684484038,1278.2,1720.15,2210411.128148247,1441680.5396837497,60.524524825534314,1.109650928540151,2452784.7605941035,2419372.8103276384,1.0134179261138183,1.335967886168244,33,0,0.3247895229186155
profile,tfl-numbat-2019-midweek,evening,4,14.966666666666667,1,2,off,free-flow,virtual,4,drop-offs,unassigned,45,0,1,62,1,0,53,20,33,0,940GZZLUEUS,0,3900,3630,1800,1796,120f96969b81f894,449,449,0,0,246,203,8.2,85,139,10.733333333333333,64,true,1830,126,206,114,73,2,6,1,1,1,2,435,339,94,5,940GZZLUVIC-diverge,true,1212,370.274276169265,1263.0833333333333,824.7333333333333,781.5218634001484,1367.6333333333334,1886,2271625.4003244317,1650614.5845850247,57.916532620756286,1.0940152833050645,2485192.905674436,2450344.3676017392,1.012473484206862,1.3896601242885815,36,0,0.25571348940914157
profile,tfl-numbat-2019-midweek,evening,4,14.966666666666667,1,2,off,free-flow,virtual,4,drop-offs,reassign-existing,59,2,2,38,1,0,54,21,33,21,940GZZLUEUS,0,3900,3295,1800,1796,120f96969b81f894,449,449,0,0,251,198,8.366666666666667,87,137,10.933333333333334,61,true,1495,117,201,114,76,3,3,0,0,2,2,395,332,63,5,london-link-025-a-arrival,true,930,332.2138827023014,1165.2,753.6666666666666,742.7208982925019,1260.7666666666667,1734.3166666666666,2200592.7726765284,1460370.740683785,60.10966142234659,1.1275427631692692,2481262.4553037463,2448244.3676017374,1.0115854672915705,1.3577282857995832,32,0,0.005974875647900578
profile,tfl-numbat-2019-midweek,evening,4,14.966666666666667,1,3,off,free-flow,virtual,4,drop-offs,unassigned,45,4,2,55,3,0,46,17,29,0,940GZZLUEUS,0,3900,3237,1800,1796,e59e69d0a95354cc,449,449,0,0,263,186,8.766666666666667,90,134,11.533333333333333,52,true,1437,111,186,114,79,3,3,0,1,2,2,462,381,81,6,london-link-081-a-arrival,true,852,314.6381959910913,1011.2166666666667,715.5666666666667,701.897141796585,1166.15,1677.5833333333333,2172341.321223847,1489095.7574536176,59.33029230174593,1.0759610810315745,2337354.7161595062,2305742.4587631635,1.0124207504266685,1.435299052144652,32,0,0.05292425123365684
profile,tfl-numbat-2019-midweek,evening,4,14.966666666666667,1,3,off,free-flow,virtual,4,drop-offs,reassign-existing,52,1,2,43,2,0,60,21,39,21,940GZZLUEUS,0,3900,3056,1800,1796,e59e69d0a95354cc,449,449,0,0,276,173,9.2,92,132,12.266666666666667,41,true,1256,90,180,114,79,2,3,0,1,2,1,484,393,91,6,london-link-048-a-departure,true,759,275.6304008908686,943,608.4666666666667,661.4873793615442,1075.9833333333333,1518.05,2115698.7527734875,1376833.287882071,60.577790787464465,1.101235343043458,2329882.241605274,2307242.458763165,1.0076973322215965,1.2397001734770163,24,0,0.42289654849252806
profile,tfl-numbat-2019-midweek,late,60,0.9666666666666667,1,1,off,free-flow,virtual,4,drop-offs,unassigned,0,0,0,0,0,0,0,0,0,0,940GZZLUEUS,0,3900,2363,1800,1740,3f43491072734442,29,29,0,0,24,5,0.8,6,8,1.2,-3,true,563,2,10,10,10,1,0,0,0,1,1,2,2,0,3,london-link-030-a-arrival,true,0,40.54655172413793,150.4,123.41666666666667,444.6764367816092,786.3666666666667,881.1833333333333,159049.1878895678,41343.45237978257,79.36877705477991,1,159049.1878883184,159049.1878883184,1,1,0,0,0
profile,tfl-numbat-2019-midweek,late,60,0.9666666666666667,1,1,off,free-flow,virtual,4,drop-offs,reassign-existing,0,0,0,0,0,0,0,0,0,0,940GZZLUEUS,0,3900,2363,1800,1740,3f43491072734442,29,29,0,0,24,5,0.8,6,8,1.2,-3,true,563,2,10,10,10,1,0,0,0,1,1,2,2,0,3,london-link-030-a-arrival,true,0,40.54655172413793,150.4,123.41666666666667,444.6764367816092,786.3666666666667,881.1833333333333,159049.1878895678,41343.45237978257,79.36877705477991,1,159049.1878883184,159049.1878883184,1,1,0,0,0
profile,tfl-numbat-2019-midweek,late,60,0.9666666666666667,1,2,off,free-flow,virtual,4,drop-offs,unassigned,0,0,0,0,0,0,0,0,0,0,940GZZLUEUS,0,3900,2390,1800,1740,9611b15078e17182,29,29,0,0,24,5,0.8,8,6,1.0666666666666667,-1,true,590,2,10,10,10,0,0,0,0,1,0,0,0,0,2,london-link-017-a-departure,true,0,47.78103448275862,162.81666666666666,141.81666666666666,469.1465517241379,729.0833333333334,769.2666666666667,165840.76108551992,38885.03164652217,81.00628595566494,1,165840.7610841979,165840.7610841979,1,1,0,0,0
profile,tfl-numbat-2019-midweek,late,60,0.9666666666666667,1,2,off,free-flow,virtual,4,drop-offs,reassign-existing,0,0,0,0,0,0,0,0,0,0,940GZZLUEUS,0,3900,2390,1800,1740,9611b15078e17182,29,29,0,0,24,5,0.8,8,6,1.0666666666666667,-1,true,590,2,10,10,10,0,0,0,0,1,0,0,0,0,2,london-link-017-a-departure,true,0,47.78103448275862,162.81666666666666,141.81666666666666,469.1465517241379,729.0833333333334,769.2666666666667,165840.76108551992,38885.03164652217,81.00628595566494,1,165840.7610841979,165840.7610841979,1,1,0,0,0
profile,tfl-numbat-2019-midweek,late,60,0.9666666666666667,1,3,off,free-flow,virtual,4,drop-offs,unassigned,0,0,0,0,0,0,0,0,0,0,940GZZLUEUS,0,3900,2171,1800,1740,f9d41282ed87e336,29,29,0,0,21,8,0.7,7,7,0.9333333333333333,1,true,371,2,10,10,9,1,1,0,1,2,1,5,4,1,3,london-link-072-a-departure,true,0,47.90862068965517,150.3,150.01666666666668,487.58563218390805,789.0333333333333,863.3833333333333,173312.5723753194,68925.49644139514,71.54638130245891,1,173312.5723738372,173312.5723738372,1,1,0,0,0
profile,tfl-numbat-2019-midweek,late,60,0.9666666666666667,1,3,off,free-flow,virtual,4,drop-offs,reassign-existing,0,0,0,0,0,0,0,0,0,0,940GZZLUEUS,0,3900,2171,1800,1740,f9d41282ed87e336,29,29,0,0,21,8,0.7,7,7,0.9333333333333333,1,true,371,2,10,10,9,1,1,0,1,2,1,5,4,1,3,london-link-072-a-departure,true,0,47.90862068965517,150.3,150.01666666666668,487.58563218390805,789.0333333333333,863.3833333333333,173312.5723753194,68925.49644139514,71.54638130245891,1,173312.5723738372,173312.5723738372,1,1,0,0,0
profile,tfl-numbat-2019-midweek,late,30,1.9666666666666666,1,1,off,free-flow,virtual,4,drop-offs,unassigned,0,0,0,0,0,0,0,0,0,0,940GZZLUEUS,0,3900,2453,1800,1770,7b78c0c6c5b6751f,59,59,0,0,44,15,1.4666666666666666,14,15,2,0,true,653,6,18,18,16,1,0,0,0,1,1,10,8,2,3,940GZZLUMYB-01-arrival,true,110,70.55084745762711,187.78333333333333,151.61666666666667,453.8209039548023,847.1833333333333,881.1833333333333,305891.00811986474,119067.53698332695,71.9813759823528,1,305891.0081162517,305891.0081162517,1,1,0,0,0
profile,tfl-numbat-2019-midweek,late,30,1.9666666666666666,1,1,off,free-flow,virtual,4,drop-offs,reassign-existing,0,0,0,0,0,0,0,0,0,0,940GZZLUEUS,0,3900,2453,1800,1770,7b78c0c6c5b6751f,59,59,0,0,44,15,1.4666666666666666,14,15,2,0,true,653,6,18,18,16,1,0,0,0,1,1,10,8,2,3,940GZZLUMYB-01-arrival,true,110,70.55084745762711,187.78333333333333,151.61666666666667,453.8209039548023,847.1833333333333,881.1833333333333,305891.00811986474,119067.53698332695,71.9813759823528,1,305891.0081162517,305891.0081162517,1,1,0,0,0
profile,tfl-numbat-2019-midweek,late,30,1.9666666666666666,1,2,off,free-flow,virtual,4,drop-offs,unassigned,0,0,0,2,0,0,2,0,2,0,940GZZLUEUS,0,3900,2387,1800,1770,dcdfc76528b14094,59,59,0,0,43,16,1.4333333333333333,13,16,2,0,true,587,7,19,19,16,1,0,0,0,1,1,9,7,2,3,london-link-020-a-arrival,true,118,77.51158192090396,249,187.78333333333333,482.61214689265535,766.9333333333333,832.2333333333333,323999.8969888468,153403.69173101734,67.86708450550984,1,323999.89698494296,323999.89698494296,1,1,0,0,0
profile,tfl-numbat-2019-midweek,late,30,1.9666666666666666,1,2,off,free-flow,virtual,4,drop-offs,reassign-existing,0,0,0,2,0,0,2,0,2,0,940GZZLUEUS,0,3900,2387,1800,1770,dcdfc76528b14094,59,59,0,0,43,16,1.4333333333333333,13,16,2,0,true,587,7,19,19,16,1,0,0,0,1,1,9,7,2,3,london-link-020-a-arrival,true,118,77.51158192090396,249,187.78333333333333,482.61214689265535,766.9333333333333,832.2333333333333,323999.8969888468,153403.69173101734,67.86708450550984,1,323999.89698494296,323999.89698494296,1,1,0,0,0
profile,tfl-numbat-2019-midweek,late,30,1.9666666666666666,1,3,off,free-flow,virtual,4,drop-offs,unassigned,0,0,0,1,0,0,1,0,1,0,940GZZLUEUS,0,3900,2439,1800,1770,ce3fa968a97b9b41,59,59,0,0,45,14,1.5,11,18,2.2666666666666666,-4,true,639,5,19,19,19,1,1,0,0,2,1,2,1,1,3,london-link-088-b-departure,true,143,62.12655367231638,172.98333333333332,167.66666666666666,479.4426553672316,786.5166666666667,863.3833333333333,334019.8664270274,154596.25748756103,68.36038560311921,1,334019.86642290343,334019.86642290343,1,1,0,0,0
profile,tfl-numbat-2019-midweek,late,30,1.9666666666666666,1,3,off,free-flow,virtual,4,drop-offs,reassign-existing,0,0,0,1,0,0,1,0,1,0,940GZZLUEUS,0,3900,2439,1800,1770,ce3fa968a97b9b41,59,59,0,0,45,14,1.5,11,18,2.2666666666666666,-4,true,639,5,19,19,19,1,1,0,0,2,1,2,1,1,3,london-link-088-b-departure,true,143,62.12655367231638,172.98333333333332,167.66666666666666,479.4426553672316,786.5166666666667,863.3833333333333,334019.8664270274,154596.25748756103,68.36038560311921,1,334019.86642290343,334019.86642290343,1,1,0,0,0
profile,tfl-numbat-2019-midweek,late,20,2.966666666666667,1,1,off,free-flow,virtual,4,drop-offs,unassigned,0,0,0,1,0,0,1,1,0,0,940GZZLUEUS,0,3900,2418,1800,1780,696ec036853324f3,89,89,0,0,65,24,2.1666666666666665,21,23,2.933333333333333,1,true,618,8,28,28,23,1,1,0,0,1,1,13,11,2,3,london-link-020-a-arrival,true,203,87.78501872659176,218.9,205.18333333333334,475.42790262172286,822.4,881.1833333333333,466538.29697709193,199726.45357414713,70.02295958042174,1,466538.2969709361,466538.2969709361,1,1,0,0,0
profile,tfl-numbat-2019-midweek,late,20,2.966666666666667,1,1,off,free-flow,virtual,4,drop-offs,reassign-existing,1,0,0,0,0,0,1,1,0,1,940GZZLUEUS,0,3900,2418,1800,1780,696ec036853324f3,89,89,0,0,65,24,2.1666666666666665,21,23,2.933333333333333,1,true,618,8,28,28,23,1,1,0,0,1,1,8,5,3,3,london-link-020-a-arrival,true,203,86.93632958801498,225.51666666666668,205.18333333333334,474.3647940074906,822.4,881.1833333333333,461001.8821601666,209571.00357431016,68.7474683166219,1.011521460155466,466313.2969709361,466313.2969709361,1,1,0,0,0
profile,tfl-numbat-2019-midweek,late,20,2.966666666666667,1,2,off,free-flow,virtual,4,drop-offs,unassigned,0,0,0,4,0,0,4,0,4,0,940GZZLUEUS,0,3900,2431,1800,1780,a00e982a26c3858a,89,89,0,0,64,25,2.1333333333333333,20,24,2.933333333333333,1,true,631,8,28,28,22,1,0,0,0,1,1,14,13,1,4,london-link-088-b-departure,true,111,86.47116104868914,326.65,245.98333333333332,506.96367041198505,832.25,944.7333333333333,507770.77882961504,215909.09890392385,70.16510952603518,1,507770.7788227978,507770.7788227978,1,1,0,0,0
profile,tfl-numbat-2019-midweek,late,20,2.966666666666667,1,2,off,free-flow,virtual,4,drop-offs,reassign-existing,0,0,0,4,0,0,4,0,4,0,940GZZLUEUS,0,3900,2431,1800,1780,a00e982a26c3858a,89,89,0,0,64,25,2.1333333333333333,20,24,2.933333333333333,1,true,631,8,28,28,22,1,0,0,0,1,1,14,13,1,4,london-link-088-b-departure,true,111,86.47116104868914,326.65,245.98333333333332,506.96367041198505,832.25,944.7333333333333,507770.77882961504,215909.09890392385,70.16510952603518,1,507770.7788227978,507770.7788227978,1,1,0,0,0
profile,tfl-numbat-2019-midweek,late,20,2.966666666666667,1,3,off,free-flow,virtual,4,drop-offs,unassigned,0,0,0,3,0,0,3,0,3,0,940GZZLUEUS,0,3900,2739,1800,1780,0c012ee02aa5d7cd,89,89,0,0,67,22,2.2333333333333334,18,26,3.2666666666666666,-4,true,939,9,28,28,25,1,1,0,0,2,1,14,10,4,3,london-link-013-a-arrival,true,190,82.34719101123595,229.68333333333334,205.18333333333334,476.62003745318356,787.2166666666667,998.0833333333334,474800.9580344157,259401.0862615265,64.66897793641023,1,474800.95802805026,474800.95802805026,1,1,0,0,0
profile,tfl-numbat-2019-midweek,late,20,2.966666666666667,1,3,off,free-flow,virtual,4,drop-offs,reassign-existing,0,0,0,3,0,0,3,0,3,0,940GZZLUEUS,0,3900,2739,1800,1780,0c012ee02aa5d7cd,89,89,0,0,67,22,2.2333333333333334,18,26,3.2666666666666666,-4,true,939,9,28,28,25,1,1,0,0,2,1,14,10,4,3,london-link-013-a-arrival,true,190,82.34719101123595,229.68333333333334,205.18333333333334,476.62003745318356,787.2166666666667,998.0833333333334,474800.9580344157,259401.0862615265,64.66897793641023,1,474800.95802805026,474800.95802805026,1,1,0,0,0
profile,tfl-numbat-2019-midweek,late,15,3.966666666666667,1,1,off,free-flow,virtual,4,drop-offs,unassigned,0,0,0,4,0,0,4,2,2,0,940GZZLUEUS,0,3900,2664,1800,1785,1908eda44fdc9049,119,119,0,0,87,32,2.9,26,33,4.066666666666666,-1,true,864,11,37,36,29,1,1,0,0,1,1,20,18,2,3,940GZZLUWLO-01-departure,true,232,105.95014005602242,307.78333333333336,244.88333333333333,490.61036414565825,873.4833333333333,1028.2,619341.4070534977,321825.01685372496,65.80572694915331,1,619341.4070680974,619341.4070680974,1,1,0,0,0
profile,tfl-numbat-2019-midweek,late,15,3.966666666666667,1,1,off,free-flow,virtual,4,drop-offs,reassign-existing,2,0,0,2,0,0,4,2,2,2,940GZZLUEUS,0,3900,2664,1800,1785,1908eda44fdc9049,119,119,0,0,88,31,2.933333333333333,26,33,4.133333333333334,-2,true,864,11,37,36,29,1,1,0,0,1,1,24,19,2,3,940GZZLUWLO-01-departure,true,203,102.13697478991597,307.78333333333336,237.53333333333333,486.65070028011206,873.4833333333333,1028.2,610880.8394133396,317278.7188333615,65.81636034296702,1.013481463340301,619116.4070680974,619116.4070680974,1,1,0,0,0
profile,tfl-numbat-2019-midweek,late,15,3.966666666666667,1,2,off,free-flow,virtual,4,drop-offs,unassigned,0,0,0,5,0,0,5,0,5,0,940GZZLUEUS,0,3900,2659,1800,1785,c990a351ec0e59e2,119,119,0,0,82,37,2.7333333333333334,24,35,3.8666666666666667,2,true,859,11,42,40,34,1,2,0,0,1,1,7,4,3,3,940GZZLUVIC-01-arrival,true,161,96.51148459383754,355.4166666666667,235.58333333333334,518.7936974789916,853.1,984.0833333333334,681885.2058577273,288596.5377357706,70.26254850841853,1,681885.2058867038,681885.2058867038,1,1,0,0,0
profile,tfl-numbat-2019-midweek,late,15,3.966666666666667,1,2,off,free-flow,virtual,4,drop-offs,reassign-existing,0,0,0,5,0,0,5,0,5,0,940GZZLUEUS,0,3900,2659,1800,1785,c990a351ec0e59e2,119,119,0,0,82,37,2.7333333333333334,24,35,3.8666666666666667,2,true,859,11,42,40,34,1,2,0,0,1,1,7,4,3,3,940GZZLUVIC-01-arrival,true,161,96.51148459383754,355.4166666666667,235.58333333333334,518.7936974789916,853.1,984.0833333333334,681885.2058577273,288596.5377357706,70.26254850841853,1,681885.2058867038,681885.2058867038,1,1,0,0,0
profile,tfl-numbat-2019-midweek,late,15,3.966666666666667,1,3,off,free-flow,virtual,4,drop-offs,unassigned,0,0,0,6,0,0,6,1,5,0,940GZZLUEUS,0,3900,2491,1800,1785,3252cce4e219d7d2,119,119,0,0,88,31,2.933333333333333,27,32,4.066666666666666,-1,true,691,11,37,36,30,1,2,0,0,2,2,14,9,5,3,940GZZLUOXC-01-arrival,true,132,90.91218487394958,251.51666666666668,224.53333333333333,484.81484593837536,790.3833333333333,1002.3666666666667,633868.8087176972,310776.9178597162,67.10122015946598,1,633868.8087356831,633868.8087356831,1,1,0,0,0
profile,tfl-numbat-2019-midweek,late,15,3.966666666666667,1,3,off,free-flow,virtual,4,drop-offs,reassign-existing,1,0,0,5,0,0,6,1,5,1,940GZZLUEUS,0,3900,2491,1800,1785,3252cce4e219d7d2,119,119,0,0,88,31,2.933333333333333,27,32,4.066666666666666,-1,true,691,11,37,36,30,1,2,0,0,2,2,14,9,5,3,940GZZLUOXC-01-arrival,true,132,89.43543417366946,251.51666666666668,224.53333333333333,483.31848739495797,790.3833333333333,1002.3666666666667,629096.3028093791,306012.7032235299,67.27518382891496,1.0075862882804376,633868.8087356831,633868.8087356831,1,1,0,0,0
profile,tfl-numbat-2019-midweek,late,12,4.966666666666667,1,1,off,free-flow,virtual,4,drop-offs,unassigned,1,0,0,4,0,0,4,2,2,0,940GZZLUEUS,0,3900,2606,1800,1788,f319e0476eefe869,149,149,0,0,107,42,3.566666666666667,37,37,4.666666666666667,5,true,806,16,47,45,37,1,2,0,0,2,1,27,18,9,3,940GZZLUKSX-01-arrival,true,226,113.21610738255033,339.03333333333336,265.65,515.6902684563759,847.2833333333333,987.05,810192.7314285022,351572.01271829737,69.73810623109483,1.0027270077014012,812402.1333052835,811650.8505670988,1.0005923240056243,1.0882562768380446,1,0,0
profile,tfl-numbat-2019-midweek,late,12,4.966666666666667,1,1,off,free-flow,virtual,4,drop-offs,reassign-existing,3,0,0,2,0,0,4,2,2,2,940GZZLUEUS,0,3900,2606,1800,1788,f319e0476eefe869,149,149,0,0,106,43,3.533333333333333,37,37,4.6,6,true,806,16,47,45,36,1,2,0,0,2,1,11,5,6,3,940GZZLUKSX-01-arrival,true,227,113.06879194630872,339.03333333333336,265.65,515.6513422818792,847.2833333333333,981.6833333333333,801882.1637883453,357827.4797060862,69.14508026096239,1.0131190964641956,812402.1333052835,811650.8505670988,1.0005923240056243,1.0882562768380446,1,0,0
profile,tfl-numbat-2019-midweek,late,12,4.966666666666667,1,2,off,free-flow,virtual,4,drop-offs,unassigned,0,0,0,6,0,0,6,0,6,0,940GZZLUEUS,0,3900,2636,1800,1788,25b0287529ffabe9,149,149,0,0,98,51,3.2666666666666666,34,40,4.266666666666667,11,true,836,18,52,51,39,1,2,0,0,1,1,32,26,6,3,940GZZLUBNK-01-departure,true,311,121.24049217002238,401.18333333333334,312.46666666666664,551.8847874720358,881.5166666666667,1020.2833333333333,871223.6727990728,369932.10255378194,70.19454689733753,1,871223.672871359,871223.672871359,1,1,0,0,0
profile,tfl-numbat-2019-midweek,late,12,4.966666666666667,1,2,off,free-flow,virtual,4,drop-offs,reassign-existing,0,0,0,6,0,0,6,0,6,0,940GZZLUEUS,0,3900,2636,1800,1788,25b0287529ffabe9,149,149,0,0,98,51,3.2666666666666666,34,40,4.266666666666667,11,true,836,18,52,51,39,1,2,0,0,1,1,32,26,6,3,940GZZLUBNK-01-departure,true,311,121.24049217002238,401.18333333333334,312.46666666666664,551.8847874720358,881.5166666666667,1020.2833333333333,871223.6727990728,369932.10255378194,70.19454689733753,1,871223.672871359,871223.672871359,1,1,0,0,0
profile,tfl-numbat-2019-midweek,late,12,4.966666666666667,1,3,off,free-flow,virtual,4,drop-offs,unassigned,1,0,0,7,0,0,7,1,6,0,940GZZLUEUS,0,3900,2569,1800,1788,04c7ef6a02d9c80e,149,149,0,0,109,40,3.6333333333333333,36,38,4.866666666666666,2,true,769,15,46,45,36,1,2,0,1,2,1,56,43,13,3,940GZZLUKSX-01-departure,true,218,95.38736017897092,271.8833333333333,232.26666666666668,494.40212527964206,802.1,1002.3666666666667,800887.7251892565,348911.91643008444,69.65454642700287,1.0035574934355607,803736.878070585,802975.9447582858,1.0010700741033798,1.1594410414035916,1,0,0.007122591673690334
profile,tfl-numbat-2019-midweek,late,12,4.966666666666667,1,3,off,free-flow,virtual,4,drop-offs,reassign-existing,1,0,0,6,0,0,7,1,6,1,940GZZLUEUS,0,3900,2569,1800,1788,04c7ef6a02d9c80e,149,149,0,0,108,41,3.6,36,38,4.8,3,true,769,15,46,45,38,1,2,0,1,2,1,59,45,14,3,940GZZLUKSX-01-departure,true,174,94.61073825503355,271.8833333333333,230.75,493.26800894854586,802.1,1002.3666666666667,798278.4387933274,341544.7531199449,70.0352865652226,1.0059784978237412,803050.9447582858,803050.9447582858,1,1,0,0,0.00718330599686329
profile,tfl-numbat-2019-midweek,late,10,5.966666666666667,1,1,off,free-flow,virtual,4,drop-offs,unassigned,0,0,0,5,0,0,5,2,3,0,940GZZLUEUS,0,3900,2565,1800,1790,6ce0ab44737101c7,179,179,0,0,116,63,3.8666666666666667,41,48,5,15,true,765,21,64,62,46,1,2,0,0,1,1,33,23,10,3,940GZZLUEUS-01-departure,true,369,135.06582867783985,408.71666666666664,316.6,540.8087523277467,886.5333333333333,1021.6333333333333,984060.4855885524,414473.7617734573,70.36370310163944,1,984060.4856865162,984060.4856865162,1,1,0,0,0
profile,tfl-numbat-2019-midweek,late,10,5.966666666666667,1,1,off,free-flow,virtual,4,drop-offs,reassign-existing,2,0,0,3,0,0,5,2,3,2,940GZZLUEUS,0,3900,2580,1800,1790,6ce0ab44737101c7,179,179,0,0,116,63,3.8666666666666667,41,48,5,15,true,780,21,64,62,46,1,2,0,0,1,1,32,23,9,3,940GZZLUEUS-01-departure,true,379,134.21945996275605,408.71666666666664,319.1166666666667,540.149720670391,873.4833333333333,1021.6333333333333,975899.9179484368,426045.0354049744,69.61043053895324,1.0085157990981979,984210.4856865162,984210.4856865162,1,1,0,0,0
profile,tfl-numbat-2019-midweek,late,10,5.966666666666667,1,2,off,free-flow,virtual,4,drop-offs,unassigned,1,0,0,10,0,0,10,0,10,0,940GZZLUEUS,0,3900,2713,1800,1790,a6ba80452bf89cc8,179,179,0,0,122,57,4.066666666666666,42,47,5.333333333333333,10,true,913,21,60,59,44,1,2,0,0,2,2,55,46,9,4,london-link-020-a-arrival,true,290,133.57988826815642,370.2,313.8833333333333,561.8511173184357,941.0833333333334,1025.0333333333333,1036382.232543223,498793.71309284936,67.50901976345237,1.0027810639277426,1039264.4778955288,1038503.5445832296,1.0005722632760374,1.102435126410673,1,0,0.08017745944356842
profile,tfl-numbat-2019-midweek,late,10,5.966666666666667,1,2,off,free-flow,virtual,4,drop-offs,reassign-existing,1,0,0,10,0,0,10,0,10,0,940GZZLUEUS,0,3900,2713,1800,1790,a6ba80452bf89cc8,179,179,0,0,122,57,4.066666666666666,42,47,5.333333333333333,10,true,913,21,60,59,44,1,2,0,0,2,2,55,46,9,4,london-link-020-a-arrival,true,290,133.57988826815642,370.2,313.8833333333333,561.8511173184357,941.0833333333334,1025.0333333333333,1036382.232543223,498793.71309284936,67.50901976345237,1.0027810639277426,1039264.4778955288,1038503.5445832296,1.0005722632760374,1.102435126410673,1,0,0.08017745944356842
profile,tfl-numbat-2019-midweek,late,10,5.966666666666667,1,3,off,free-flow,virtual,4,drop-offs,unassigned,0,0,0,16,0,0,13,2,11,0,940GZZLUEUS,0,3900,2596,1800,1790,6b141e3b4a5792f4,179,179,0,0,126,53,4.2,40,49,5.733333333333333,4,true,796,17,56,54,44,2,1,0,1,1,1,83,67,16,4,london-link-048-a-arrival,true,371,115.25437616387336,392.18333333333334,277.6,502.23938547486034,794.35,1006.9333333333333,935210.0361751531,453387.9429374028,67.3492292400454,1,935210.0362618536,935210.0362618536,1,1,0,0,0
profile,tfl-numbat-2019-midweek,late,10,5.966666666666667,1,3,off,free-flow,virtual,4,drop-offs,reassign-existing,3,0,0,11,0,0,12,2,10,2,940GZZLUEUS,0,3900,2596,1800,1790,6b141e3b4a5792f4,179,179,0,0,128,51,4.266666666666667,40,49,5.866666666666666,2,true,796,16,55,52,43,3,1,0,1,1,1,83,67,16,4,london-link-048-a-arrival,true,371,110.33538175046554,380.03333333333336,277.6,497.9342644320298,789.0333333333333,1006.9333333333333,924451.8536198403,447549.1399551816,67.37982391769242,1.012647019302584,936143.4141420969,935360.0362618538,1.0005945521341026,1.1064248320043804,1,0,0
profile,tfl-numbat-2019-midweek,late,8.571429,7,1,1,off,free-flow,virtual,4,drop-offs,unassigned,1,0,0,9,0,0,10,2,8,0,940GZZLUEUS,0,3900,2678,1800,1799,ff106fd3f52d9cd6,210,210,0,0,137,73,4.566666666666666,46,59,6.066666666666666,14,true,878,27,77,74,50,3,2,0,0,2,2,80,65,15,4,940GZZLUPCC-01-departure,true,383,156.63801587301586,478.4,359.43333333333334,559.9696825396825,931.4333333333333,1048.2,1144627.9284606637,603580.712735654,65.47433192398493,1.0012476305116673,1146056.001276463,1145173.6382595787,1.0004476870570969,1.09401428199032,1,0,0
profile,tfl-numbat-2019-midweek,late,8.571429,7,1,1,off,free-flow,virtual,4,drop-offs,reassign-existing,3,0,0,9,0,0,11,2,9,2,940GZZLUEUS,0,3900,2895,1800,1799,ff106fd3f52d9cd6,210,210,0,0,137,73,4.566666666666666,47,58,6,15,true,1095,30,76,74,49,2,2,0,0,2,1,73,58,15,4,940GZZLUPCC-01-arrival,true,296,157.87928571428571,428.81666666666666,368.3,561.2246825396826,918.8,1172.9166666666667,1136092.3608164007,650513.2268727323,63.58943286894496,1.0085060341066545,1145756.001276463,1144873.638259579,1.0004476870570969,1.09401428199032,1,0,0
profile,tfl-numbat-2019-midweek,late,8.571429,7,1,2,off,free-flow,virtual,4,drop-offs,unassigned,1,0,0,16,0,0,16,2,14,0,940GZZLUEUS,0,3900,2783,1800,1799,1a27ca72858d2a15,210,210,0,0,136,74,4.533333333333333,46,59,6,15,true,983,29,76,72,50,2,3,0,0,2,2,77,61,16,4,940GZZLUEUS-01-arrival,true,466,167.389126984127,499.5833333333333,398.4,595.3175396825396,953.75,1059.2166666666667,1212806.8042736726,665172.2956502233,64.58042074711167,1.0043232274741547,1218050.0440409782,1217139.110728679,1.0006182171051727,1.1298255920863005,1,0,0
profile,tfl-numbat-2019-midweek,late,8.571429,7,1,2,off,free-flow,virtual,4,drop-offs,reassign-existing,3,0,0,14,0,0,16,2,14,2,940GZZLUEUS,0,3900,2713,1800,1799,1a27ca72858d2a15,210,210,0,0,136,74,4.533333333333333,46,59,6,15,true,913,29,76,72,50,2,3,0,0,2,2,81,65,16,4,940GZZLUEUS-01-arrival,true,466,165.32603174603173,499.5833333333333,365.25,593.2911904761904,952.9833333333333,1059.2166666666667,1200728.9884480478,650666.8116153028,64.85533716814965,1.0144879116654295,1218125.0440409784,1217214.1107286792,1.0006182171051727,1.1298255920863005,1,0,0
profile,tfl-numbat-2019-midweek,late,8.571429,7,1,3,off,free-flow,virtual,4,drop-offs,unassigned,1,0,0,26,0,0,22,4,18,0,940GZZLUEUS,0,3900,2600,1800,1799,a7d9d942eff35942,210,210,0,0,151,59,5.033333333333333,46,59,7,0,true,800,23,65,62,50,1,3,0,0,1,2,113,90,23,4,940GZZLUVIC-01-arrival,true,276,122.5068253968254,345.25,307.76666666666665,509.713492063492,805.7333333333333,1017.2833333333333,1095336.4889967248,511535.07525228435,68.16577711415557,1.002660575677763,1098250.714718801,1097334.6680956872,1.00064397059937,1.135233825867699,1,0,0.13746054373281744
profile,tfl-numbat-2019-midweek,late,8.571429,7,1,3,off,free-flow,virtual,4,drop-offs,reassign-existing,6,0,0,18,0,0,19,3,16,3,940GZZLUEUS,0,3900,2605,1800,1799,a7d9d942eff35942,210,210,0,0,149,61,4.966666666666667,46,59,6.866666666666666,2,true,805,22,65,61,50,1,3,0,0,1,2,99,72,25,5,london-link-017-a-departure,true,304,114.90857142857142,363.6166666666667,303.01666666666665,502.7919841269841,805.7333333333333,1007.45,1077714.0605330588,509315.8692247456,67.90760781036613,1.0196327778198366,1098872.5813433991,1096434.668095687,1.0021867007345595,1.1619866641949002,2,0,0.08248910885984585
profile,tfl-numbat-2019-midweek,late,7.5,7.966666666666667,1,1,off,free-flow,virtual,4,drop-offs,unassigned,3,0,0,19,0,0,19,3,16,0,940GZZLUEUS,0,3900,2712,1800,1792.5,4c95945b07ad4db4,239,239,0,0,154,85,5.133333333333334,53,66,6.733333333333333,19,true,912,34,91,85,59,1,2,0,1,2,2,71,54,17,4,940GZZLULSQ-01-arrival,true,323.5,174.72182705718268,475.6666666666667,378.06666666666666,583.0151324965133,907.5,1117.6833333333334,1308425.458808335,722248.308137535,64.43307044716516,1.0091455493950305,1320391.7285167493,1318822.0725842575,1.0014773259463872,1.2394379185430509,2,0,0
profile,tfl-numbat-2019-midweek,late,7.5,7.966666666666667,1,1,off,free-flow,virtual,4,drop-offs,reassign-existing,6,0,0,16,0,0,19,3,16,3,940GZZLUEUS,0,3900,2629,1800,1792.5,4c95945b07ad4db4,239,239,0,0,155,84,5.166666666666667,54,65,6.733333333333333,19,true,829,35,90,85,60,2,2,0,1,2,2,137,110,27,4,940GZZLULVT-01-arrival,true,303.5,171.98563458856344,520.0333333333333,395.01666666666665,580.4313110181312,897.9,1056.4333333333334,1292679.035001996,688148.2986538488,65.2595515539564,1.0213801668599376,1320316.7285167493,1318747.0725842575,1.0014773259463872,1.2394379185430509,2,0,0.23013373939765594
profile,tfl-numbat-2019-midweek,late,7.5,7.966666666666667,1,2,off,free-flow,virtual,4,drop-offs,unassigned,0,0,0,25,0,0,24,3,21,0,940GZZLUEUS,0,3900,2731,1800,1792.5,bc66ba7eac15925a,239,239,0,0,146,93,4.866666666666666,50,69,6.4,24,true,931,40,94,91,57,2,3,0,0,1,1,153,122,31,5,london-link-063-a-departure,true,478.5,198.63598326359835,544.45,424.43333333333334,615.2951882845188,976.2,1259.75,1348432.2170605008,850252.2356895561,61.329046802232895,1,1348432.2170951061,1348432.2170951061,1,1,0,0,0
profile,tfl-numbat-2019-midweek,late,7.5,7.966666666666667,1,2,off,free-flow,virtual,4,drop-offs,reassign-existing,3,0,0,23,0,0,25,3,22,3,940GZZLUEUS,0,3900,2654,1800,1792.5,bc66ba7eac15925a,239,239,0,0,146,93,4.866666666666666,50,69,6.4,24,true,854,39,93,90,56,2,3,0,1,1,2,110,84,26,5,london-link-048-a-departure,true,445.5,190.92977684797768,544.45,418.1666666666667,607.8502789400279,968.3166666666667,1269.1333333333334,1326707.9165468344,809275.6585826115,62.11227146100282,1.0164876535625964,1348582.2170951066,1348582.2170951066,1,1,0,0,0
profile,tfl-numbat-2019-midweek,late,7.5,7.966666666666667,1,3,off,free-flow,virtual,4,drop-offs,unassigned,6,0,0,29,0,0,24,6,18,0,940GZZLUEUS,0,3900,2656,1800,1792.5,0ae3f856fd211af2,239,239,0,0,168,71,5.6,51,68,7.8,3,true,856,29,77,73,57,3,2,0,0,1,2,128,105,22,4,940GZZLUTCR-01-arrival,true,318.5,137.98124128312415,395.8333333333333,340.5,527.9667364016736,839.4166666666666,1016.0166666666667,1237450.95192546,602468.2952072504,67.25572080697978,1.0177548846161706,1259421.7508594114,1254697.527378037,1.0032926639513742,1.2115303575638559,5,0,0
profile,tfl-numbat-2019-midweek,late,7.5,7.966666666666667,1,3,off,free-flow,virtual,4,drop-offs,reassign-existing,11,0,0,19,0,0,26,7,19,7,940GZZLUEUS,0,3900,2640,1800,1792.5,0ae3f856fd211af2,239,239,0,0,167,72,5.566666666666666,51,68,7.733333333333333,4,true,840,25,78,71,56,2,3,0,1,1,1,115,92,22,4,940GZZLUTCR-01-arrival,true,396.5,132.11471408647142,428.76666666666665,338.1333333333333,520.8038354253836,838.4666666666667,1036.3666666666666,1210947.4380371957,587326.9955776667,67.33941246125424,1.0374154752444633,1256255.6120001858,1253872.5273780369,1.00172983122435,1.157097535844244,3,0,0
profile,tfl-numbat-2019-midweek,late,6.666667,8.966666666666667,1,1,off,free-flow,virtual,4,drop-offs,unassigned,2,0,0,30,0,0,28,5,23,0,940GZZLUEUS,0,3900,2941,1800,1793.3333333333333,cde8843fbd18461c,269,269,0,0,172,97,5.733333333333333,56,78,7.733333333333333,19,true,1141,44,105,99,63,2,3,0,0,2,2,170,138,32,5,london-link-045-a-departure,true,614.6666666666666,200.96003717472118,694.45,428.15,613.1295539033457,961.3166666666667,1216.8,1487942.7078529084,979868.6038669439,60.29402251243999,1.0068290845186756,1498103.9943617138,1496438.506267687,1.0007140091006763,1.1050094331482203,2,0,0
profile,tfl-numbat-2019-midweek,late,6.666667,8.966666666666667,1,1,off,free-flow,virtual,4,drop-offs,reassign-existing,8,0,0,21,0,0,27,6,21,6,940GZZLUEUS,0,3900,2963,1800,1793.3333333333333,cde8843fbd18461c,269,269,0,0,171,98,5.7,58,76,7.533333333333333,22,true,1163,45,104,97,65,2,3,0,1,2,2,125,99,26,5,london-link-013-a-arrival,true,434.6666666666667,203.89770755886,583.4333333333333,453.95,615.7338289962825,989.4833333333333,1186.1666666666667,1457440.450420397,996557.9756012673,59.39043949523424,1.0283604007357001,1498774.0456487723,1496588.5062676864,1.0012146834664237,1.1935833363789825,2,0,0.006690529555414311
profile,tfl-numbat-2019-midweek,late,6.666667,8.966666666666667,1,2,off,free-flow,virtual,4,drop-offs,unassigned,2,0,0,36,0,0,33,9,24,0,940GZZLUEUS,0,3900,2800,1800,1793.3333333333333,83a165183527ecc2,269,269,0,0,163,106,5.433333333333334,54,80,7.266666666666667,26,true,1000,50,109,105,63,2,3,0,0,2,2,256,208,46,5,london-link-063-a-departure,true,492.6666666666667,213.58122676579927,601.2166666666667,491.8666666666667,629.5349442379182,998.3,1155.0166666666667,1499542.5780131302,1009327.3625062741,59.76964185328331,1.0078285326241385,1511281.7960019782,1509553.2846858806,1.0007975906103732,1.1085797700482047,2,0,0.10128015943457357
profile,tfl-numbat-2019-midweek,late,6.666667,8.966666666666667,1,2,off,free-flow,virtual,4,drop-offs,reassign-existing,14,0,0,26,0,0,33,9,24,9,940GZZLUEUS,0,3900,2739,1800,1793.3333333333333,83a165183527ecc2,269,269,0,0,163,106,5.433333333333334,54,80,7.266666666666667,26,true,939,46,107,99,63,2,2,0,0,1,1,156,122,34,5,london-link-048-a-departure,true,436.6666666666667,190.02843866171003,597.2166666666667,471.95,605.9932465923172,989.4166666666666,1155.0166666666667,1445800.0360967056,909392.6496918546,61.38776011070305,1.0465348939617818,1513080.1874763505,1509028.2846858813,1.0024524132357808,1.2355334395398747,5,0,0.00464457397645201
profile,tfl-numbat-2019-midweek,late,6.666667,8.966666666666667,1,3,off,free-flow,virtual,4,drop-offs,unassigned,6,0,0,36,0,0,33,6,27,0,940GZZLUEUS,0,3900,2742,1800,1793.3333333333333,83299e1e302850ba,269,269,0,0,183,86,6.1,57,77,8.4,9,true,942,38,92,88,67,2,2,0,1,1,1,182,144,37,4,940GZZLUPCC-01-departure,true,405.6666666666667,165.35997521685255,503.46666666666664,367.1166666666667,559.4314126394052,927.2333333333333,1140.7166666666667,1406230.643101101,765691.2164134551,64.74591325377637,1.0176584634307775,1431062.5155071942,1426993.1127053206,1.002955645759846,1.196291553160177,4,0,0.006284802091582136
profile,tfl-numbat-2019-midweek,late,6.666667,8.966666666666667,1,3,off,free-flow,virtual,4,drop-offs,reassign-existing,12,0,0,27,0,0,31,5,26,5,940GZZLUEUS,0,3900,2649,1800,1793.3333333333333,83299e1e302850ba,269,269,0,0,186,83,6.2,58,76,8.533333333333333,7,true,849,32,89,84,61,2,2,0,1,2,2,148,117,31,4,940GZZLUTCR-01-arrival,true,299.6666666666667,154.22893432465924,425.75,352.98333333333335,548.51697645601,880.5,1067.3,1387876.0155394408,680223.3105621843,67.10876977826749,1.0316339407431587,1431780.003198229,1426993.1127053208,1.0034795226619775,1.196291553160177,5,0,0
profile,tfl-numbat-2019-midweek,late,6,9.966666666666667,1,1,off,free-flow,virtual,4,drop-offs,unassigned,5,0,0,33,0,0,32,6,26,0,940GZZLUEUS,0,3900,3129,1800,1794,98fed7f7e0b5d5be,299,299,0,0,186,113,6.2,61,88,8.333333333333334,25,true,1329,52,117,111,76,2,2,0,1,1,1,211,172,39,5,london-link-106-a-departure,true,643,211.4046822742475,738.7166666666667,467.93333333333334,619.8796544035674,958.7333333333333,1430.5166666666667,1628764.6802066292,1143557.9004111856,58.750907689957835,1.0138955042278672,1651397.186667756,1648076.6638854921,1.0014092324756878,1.1255239289399073,4,0,0.018747009112033114
profile,tfl-numbat-2019-midweek,late,6,9.966666666666667,1,1,off,free-flow,virtual,4,drop-offs,reassign-existing,11,0,0,23,0,0,28,6,22,6,940GZZLUEUS,0,3900,2785,1800,1794,98fed7f7e0b5d5be,299,299,0,0,186,113,6.2,63,86,8.2,27,true,985,53,116,111,69,2,3,0,0,1,2,236,193,43,5,london-link-081-a-arrival,true,659,209.12469342251953,670.3833333333333,445.23333333333335,617.7336677814939,965.8333333333334,1213.35,1600581.9449229056,1037495.4704438077,60.67228867506196,1.03132250376148,1650716.1788814184,1648301.6638854914,1.0013434321580763,1.1970706095491508,3,0,0.21229113917496414
profile,tfl-numbat-2019-midweek,late,6,9.966666666666667,1,2,off,free-flow,virtual,4,drop-offs,unassigned,5,0,0,40,0,0,38,9,29,0,940GZZLUEUS,0,3900,2949,1800,1794,37d7a79f46029bb5,299,299,0,0,184,115,6.133333333333334,58,91,8.4,24,true,1149,54,120,114,70,3,3,0,1,2,1,291,242,49,5,london-link-048-a-arrival,true,576,226.33829431438127,791,513.7833333333333,640.7255295429208,1051.7666666666667,1285.1833333333334,1649515.5156265912,1174401.5327568685,58.412321869399456,1.0137026440798964,1672118.2395972912,1668163.0471118293,1.0022875825072814,1.2908187465500698,5,0,0.2836508674101611
profile,tfl-numbat-2019-midweek,late,6,9.966666666666667,1,2,off,free-flow,virtual,4,drop-offs,reassign-existing,13,0,0,33,0,0,40,9,31,9,940GZZLUEUS,0,3900,2799,1800,1794,37d7a79f46029bb5,299,299,0,0,192,107,6.4,58,91,8.933333333333334,16,true,999,55,121,114,72,2,3,0,1,2,1,279,228,51,5,london-link-017-a-departure,true,409,213.87357859531772,605.95,476.53333333333336,627.8529542920847,1007.1,1278.1666666666667,1616233.367891919,1074387.4836390733,60.069160876838694,1.034129062511405,1671393.8975019436,1668313.0471118295,1.0014313694958383,1.1571066124011156,4,0,0.39468470939623906
profile,tfl-numbat-2019-midweek,late,6,9.966666666666667,1,3,off,free-flow,virtual,4,drop-offs,unassigned,7,0,0,43,0,0,38,7,31,0,940GZZLUEUS,0,3900,2613,1800,1794,fc6ee2bcadca4be9,299,299,0,0,206,93,6.866666666666666,62,87,9.6,6,true,813,39,100,95,64,3,2,0,0,2,2,335,276,59,5,940GZZLUPCC-01-arrival,true,402,177.63812709030103,505.5833333333333,402.1166666666667,567.9423076923077,911.5666666666667,1109.1,1537896.6875297967,819780.3369015118,65.22931985990533,1.0222032307216091,1572042.9624941987,1567931.9163514625,1.0021433379122935,1.19087107058483,5,0,0.2870708377616561
profile,tfl-numbat-2019-midweek,late,6,9.966666666666667,1,3,off,free-flow,virtual,4,drop-offs,reassign-existing,14,0,0,33,0,0,36,7,29,7,940GZZLUEUS,0,3900,2888,1800,1794,fc6ee2bcadca4be9,299,299,0,0,202,97,6.733333333333333,62,87,9.333333333333334,10,true,1088,39,101,94,66,2,2,0,1,2,2,254,199,52,5,940GZZLUWLO-01-arrival,true,378,173.79230769230767,516.6333333333333,379.1333333333333,563.4779264214046,915.4,1201.5666666666666,1513507.3928660578,882818.3256608804,63.159502114613886,1.0379785655261862,1570988.2325513232,1567631.9163514622,1.0015266426497036,1.1304815621119806,4,0,0.14569875643834837
profile,tfl-numbat-2019-midweek,late,5.4545449999999995,11,1,1,off,free-flow,virtual,4,drop-offs,unassigned,10,0,0,47,0,0,41,10,31,0,940GZZLUEUS,0,3900,3109,1800,1798.5,a742cd2d2261b9db,330,330,0,0,200,130,6.666666666666667,67,98,8.866666666666667,32,true,1309,63,132,114,73,3,2,0,0,1,1,279,224,53,6,london-link-106-a-arrival,true,712.5,244.07595959595957,805.6166666666667,544.9166666666666,652.5457575757576,1086.7166666666667,1468.3666666666666,1785526.2104669334,1281586.7331459115,58.21520900249954,1.0197075082755438,1820714.4829553664,1812746.461207461,1.004217452975244,1.2451302768674728,10,0,0
profile,tfl-numbat-2019-midweek,late,5.4545449999999995,11,1,1,off,free-flow,virtual,4,drop-offs,reassign-existing,14,0,0,30,0,0,37,7,30,7,940GZZLUEUS,0,3900,3055,1800,1798.5,a742cd2d2261b9db,330,330,0,0,202,128,6.733333333333333,68,97,8.933333333333334,31,true,1255,62,133,114,77,2,2,0,1,1,1,255,204,48,5,london-link-044-a-departure,true,620.5,229.00015151515152,641.5833333333334,501.6333333333333,637.0887878787878,1055.8833333333334,1414.25,1754874.482558441,1155721.3300917028,60.29262032644099,1.0367528511607829,1819371.1231478578,1813721.4612074608,1.0028194434604156,1.193941587331484,7,0,0.11080852662221805
profile,tfl-numbat-2019-midweek,late,5.4545449999999995,11,1,2,off,free-flow,virtual,4,drop-offs,unassigned,10,0,0,56,0,0,47,13,34,0,940GZZLUEUS,0,3900,3385,1800,1798.5,be1a4b815253bd7f,330,330,0,0,204,126,6.8,60,105,9.6,21,true,1585,65,131,114,71,3,3,0,0,2,2,377,312,65,6,london-link-063-b-departure,true,764.5,246.39934343434342,857.9666666666667,558.8,661.8318686868687,1068.0666666666666,1814.7,1813742.5292507794,1319469.5570800004,57.88763988124418,1.020137979572146,1850267.639166743,1843758.5479831481,1.0041391187867283,1.2831365793340015,8,0,0.3929967199385861
profile,tfl-numbat-2019-midweek,late,5.4545449999999995,11,1,2,off,free-flow,virtual,4,drop-offs,reassign-existing,20,0,0,41,0,0,47,11,36,11,940GZZLUEUS,0,3900,2914,1800,1798.5,be1a4b815253bd7f,330,330,0,0,206,124,6.866666666666666,61,104,9.666666666666666,20,true,1114,60,129,114,77,2,3,0,1,2,1,373,305,67,5,london-link-020-a-arrival,true,656.5,221.64444444444445,891.95,540.5166666666667,636.1833838383839,1048.2166666666667,1305.0333333333333,1766964.0241711566,1164353.5480511955,60.278833003806845,1.0460529971043475,1848338.0131823404,1844358.5479831484,1.0026104385929295,1.2908187465500698,5,0,0.24514830074010552
profile,tfl-numbat-2019-midweek,late,5.4545449999999995,11,1,3,off,free-flow,virtual,4,drop-offs,unassigned,9,0,0,64,1,0,49,10,39,0,940GZZLUEUS,0,3900,2954,1800,1798.5,aeaa655b97568ddc,330,330,0,0,216,114,7.2,68,97,9.866666666666667,17,true,1154,52,117,110,73,3,3,0,1,2,1,304,247,53,5,london-link-017-a-arrival,true,600.5,199.54828282828282,643.5833333333334,476.8833333333333,589.7236868686869,954.8333333333334,1296.8833333333334,1699215.136840144,1160750.9068673046,59.4138220829156,1.0212549024606699,1735331.788775496,1729446.4213049773,1.0027732766980944,1.240991610409692,7,0,0.0963938212514972
profile,tfl-numbat-2019-midweek,late,5.4545449999999995,11,1,3,off,free-flow,virtual,4,drop-offs,reassign-existing,19,0,0,51,1,0,53,11,42,11,940GZZLUEUS,0,3900,2615,1800,1798.5,aeaa655b97568ddc,330,330,0,0,215,115,7.166666666666667,72,93,9.533333333333333,22,true,815,53,118,109,76,2,3,0,1,2,2,340,277,63,5,940GZZLUPCC-01-arrival,true,391.5,192.50424242424242,582.2833333333333,424.43333333333334,583.7463131313131,965.8666666666667,1122.4833333333333,1668884.4449814635,971909.9873417524,63.19630276989326,1.0408162497399676,1737002.0492238936,1731096.4213049777,1.0025709215377612,1.1936360551050362,7,0,0.3631505372461428
profile,tfl-numbat-2019-midweek,late,5,11.966666666666667,1,1,off,free-flow,virtual,4,drop-offs,unassigned,17,0,0,47,0,0,43,10,33,0,940GZZLUEUS,0,3900,3349,1800,1795,c4d654bacd1c393f,359,359,0,0,218,141,7.266666666666667,71,108,9.8,33,true,1549,73,146,114,82,3,2,0,1,1,2,321,258,63,5,london-link-020-a-arrival,true,819,270.722191272052,829.1166666666667,587.1333333333333,681.5751624883937,1130.7666666666667,1843.3166666666666,1924165.8032714142,1436152.3990063039,57.26141655177658,1.0353425917889874,1992170.8096723203,1978639.2345721603,1.0056794448788493,1.2112839457580828,14,0,0.5110781062440235
profile,tfl-numbat-2019-midweek,late,5,11.966666666666667,1,1,off,free-flow,virtual,4,drop-offs,reassign-existing,28,0,1,31,0,0,43,13,30,13,940GZZLUEUS,0,3900,3329,1800,1795,c4d654bacd1c393f,359,359,0,0,214,145,7.133333333333334,72,107,9.466666666666667,38,true,1529,78,149,114,78,3,2,0,1,1,1,370,308,58,5,940GZZLUWLO-01-arrival,true,1009,271.8744196843083,1048.4833333333333,602.3333333333334,683.3028319405757,1119.4666666666667,1706.8166666666666,1873429.3462548393,1365383.255703666,57.84309178993497,1.0648263966250449,1994877.0199962931,1981039.234572161,1.006002252632815,1.2641287486686148,14,0,0.5143168411318348
profile,tfl-numbat-2019-midweek,late,5,11.966666666666667,1,2,off,free-flow,virtual,4,drop-offs,unassigned,15,0,0,67,0,0,56,13,43,0,940GZZLUEUS,0,3900,3221,1800,1795,9df3d2223b4cc3f6,359,359,0,0,207,152,6.9,62,117,9.666666666666666,35,true,1421,82,153,114,73,4,3,0,0,2,2,411,326,85,6,london-link-030-a-departure,true,1022,299.2121634168988,1021.2,686.5166666666667,712.2828226555246,1138.9833333333333,1763.9833333333333,1952735.2663367423,1429000.427458405,57.743580313495414,1.0253479163410077,2002233.0363790798,1992622.0675805744,1.0056164142930664,1.2791415903177243,11,0,0.6828420776177296
profile,tfl-numbat-2019-midweek,late,5,11.966666666666667,1,2,off,free-flow,virtual,4,drop-offs,reassign-existing,23,0,0,49,0,0,56,14,42,14,940GZZLUEUS,0,3900,3377,1800,1795,9df3d2223b4cc3f6,359,359,0,0,221,138,7.366666666666666,63,116,10.533333333333333,22,true,1577,69,143,114,73,3,2,0,1,2,2,272,206,66,5,940GZZLUPCC-01-arrival,true,961,264.42929433611886,979.9333333333333,584.4,676.0947539461467,1108.1666666666667,1936.6666666666667,1904079.1204275673,1366360.741273985,58.22088773822945,1.0486844890087614,1996778.2393228132,1992772.0675805751,1.001908583566199,1.2118706886990065,5,0,0.3112241483167124
profile,tfl-numbat-2019-midweek,late,5,11.966666666666667,1,3,off,free-flow,virtual,4,drop-offs,unassigned,17,0,0,70,0,0,59,12,47,0,940GZZLUEUS,0,3900,2852,1800,1795,fb2a73a1032500d7,359,359,0,0,228,131,7.6,74,105,10.266666666666667,26,true,1052,56,134,114,77,2,3,0,1,2,2,230,173,57,5,london-link-017-a-arrival,true,657,227.47047353760445,696.8833333333333,519.4,617.2396935933148,972.25,1169.7,1818313.092311538,1218007.896867306,59.8854040396859,1.037554987806027,1886599.8182302783,1876253.1219969606,1.0050951537158959,1.270419078639102,13,0,0.05303942897211385
profile,tfl-numbat-2019-midweek,late,5,11.966666666666667,1,3,off,free-flow,virtual,4,drop-offs,reassign-existing,24,0,0,57,0,0,61,12,49,12,940GZZLUEUS,0,3900,2831,1800,1795,fb2a73a1032500d7,359,359,0,0,236,123,7.866666666666666,73,106,10.866666666666667,17,true,1031,54,128,114,78,4,3,1,1,2,2,284,221,60,6,london-link-020-a-departure,true,572,203.15362116991642,710.75,454,592.8862581244197,963.3,1182.0666666666666,1789241.3596276988,1122131.4183195564,61.45696535945676,1.0532551654132922,1884527.7041153414,1877078.1219969606,1.0043105818501108,1.270419078639102,9,0,0.1528120224624298
profile,tfl-numbat-2019-midweek,late,4.615385,13.033333333333333,1,1,off,free-flow,virtual,4,drop-offs,unassigned,23,0,0,57,0,0,49,13,36,0,940GZZLUEUS,0,3900,3495,1800,1798.6,5901994003b35650,391,391,0,0,226,165,7.533333333333333,71,124,10.333333333333334,41,true,1695,92,167,114,77,3,2,0,0,1,2,320,255,62,5,london-link-017-a-arrival,true,838.4,322.30583972719523,972,702.1666666666666,733.5205029838022,1190.65,1866.8833333333334,2080824.8377063952,1513651.320780527,57.889515633407576,1.0424163882410362,2169085.911721153,2151608.1187956533,1.0071945673999454,1.3135664272810816,20,0,0.18185484331188867
profile,tfl-numbat-2019-midweek,late,4.615385,13.033333333333333,1,1,off,free-flow,virtual,4,drop-offs,reassign-existing,40,0,1,32,0,0,47,14,33,14,940GZZLUEUS,0,3900,3261,1800,1798.6,5901994003b35650,391,391,0,0,229,162,7.633333333333334,75,120,10.266666666666667,42,true,1461,78,162,114,79,2,2,0,0,1,2,247,201,46,5,london-link-031-b-departure,true,825.4,271.3972293265132,994.6166666666667,620.4166666666666,682.6130008525149,1092.4833333333333,1768.2,2006804.6647545227,1377228.1415483505,59.30216341333283,1.0816389758420386,2170638.142152088,2150858.1187956515,1.0081738401763172,1.2581080518649383,23,0,0.18596753653655676
profile,tfl-numbat-2019-midweek,late,4.615385,13.033333333333333,1,2,off,free-flow,virtual,4,drop-offs,unassigned,27,0,0,65,1,0,59,14,45,0,940GZZLUEUS,0,3900,3571,1800,1798.6,fe98d1722db6b27e,391,391,0,0,230,161,7.666666666666667,67,128,10.866666666666667,33,true,1771,95,164,114,76,3,4,0,1,2,2,364,276,88,6,london-link-048-a-arrival,true,1190.4,321.7595907928389,1222.05,700.65,734.0809036658143,1173.8166666666666,1785.2666666666667,2057838.9841425912,1600139.2838122714,56.25618397380769,1.0559850451291573,2173047.192380916,2157503.3091643583,1.006892059008158,1.2908187465500698,19,0,0.5992319072311302
profile,tfl-numbat-2019-midweek,late,4.615385,13.033333333333333,1,2,off,free-flow,virtual,4,drop-offs,reassign-existing,38,0,1,45,0,0,56,15,41,15,940GZZLUEUS,0,3900,3672,1800,1798.6,fe98d1722db6b27e,391,391,0,0,243,148,8.1,70,125,11.533333333333333,23,true,1872,90,160,114,76,2,3,0,0,1,1,341,281,60,5,london-link-030-a-departure,true,1139.4,289.3480818414322,1171.1833333333334,625.5166666666667,701.3102728047741,1125.6666666666667,1886.8333333333333,2007046.0349158999,1520650.2603301513,56.89395761252491,1.0833606716999915,2174354.7403718065,2158253.3091643583,1.0076798088640027,1.334574336889217,18,0,0.10698503759981394
profile,tfl-numbat-2019-midweek,late,4.615385,13.033333333333333,1,3,off,free-flow,virtual,4,drop-offs,unassigned,24,0,0,76,0,0,65,15,50,0,940GZZLUEUS,0,3900,3115,1800,1798.6,882b92859d36cd3a,391,391,0,0,240,151,8,80,115,10.666666666666666,36,true,1315,82,153,114,78,3,3,0,0,2,1,548,445,100,6,london-link-016-a-departure,true,857.4,274.21005967604435,897.9333333333333,610.7166666666667,660.4413469735721,1077.5666666666666,1486,1940276.0399523864,1400865.7310604567,58.07224514643105,1.045709371418872,2028964.8379938558,2012313.3200649053,1.0078359802752082,1.327207496863187,19,0,0.34825160566826385
profile,tfl-numbat-2019-midweek,late,4.615385,13.033333333333333,1,3,off,free-flow,virtual,4,drop-offs,reassign-existing,37,0,1,57,0,0,68,16,52,16,940GZZLUEUS,0,3900,3016,1800,1798.6,882b92859d36cd3a,391,391,0,0,240,151,8,82,113,10.533333333333333,38,true,1216,73,152,114,78,3,3,0,0,1,1,477,385,91,6,london-link-017-a-departure,true,902.4,251.1496589940324,1016.2166666666667,598.35,637.0621909633419,1056.9333333333334,1429.2666666666667,1880073.3863399862,1351783.7707946966,58.173158494629504,1.078732857482635,2028096.936212295,2013063.3200649058,1.0073068221104085,1.321879086920389,16,0,0.6108338641569607
profile,tfl-numbat-2019-midweek,late,4.2857140000000005,14,1,1,off,free-flow,virtual,4,drop-offs,unassigned,42,0,3,58,0,0,50,11,39,0,940GZZLUEUS,0,3900,3572,1800,1799,1619796da1e5bece,420,420,0,0,234,186,7.8,75,135,10.6,51,true,1772,109,186,114,76,3,2,0,1,1,2,346,267,76,6,london-link-045-a-arrival,true,1037,344.69142857142856,1151.9833333333333,726.9333333333333,757.6122222222223,1301.3666666666666,1944.0333333333333,2146267.470503483,1646346.1081288913,56.59072367919518,1.0896357446521365,2338649.753257003,2313268.121795569,1.0095903479365904,1.3095349871873183,27,0,0.28920285308350824
profile,tfl-numbat-2019-midweek,late,4.2857140000000005,14,1,1,off,free-flow,virtual,4,drop-offs,reassign-existing,52,0,2,38,0,0,52,15,37,15,940GZZLUEUS,0,3900,3385,1800,1799,1619796da1e5bece,420,420,0,0,236,184,7.866666666666666,77,133,10.6,51,true,1585,109,185,114,76,3,2,0,0,2,2,416,332,76,5,london-link-075-a-arrival,true,1055,330.97857142857146,1169.9666666666667,684.9333333333333,742.6269047619047,1271.15,1749.0166666666667,2101411.3743557814,1569130.730320046,57.25070887155434,1.1104599338994994,2333533.1356838224,2311543.1217955705,1.0080982022709501,1.272855761027983,24,0,0.036523826206217996
profile,tfl-numbat-2019-midweek,late,4.2857140000000005,14,1,2,off,free-flow,virtual,4,drop-offs,unassigned,37,0,0,76,1,0,65,19,46,0,940GZZLUEUS,0,3900,3893,1800,1799,c6732daafdeff25c,420,420,0,0,236,184,7.866666666666666,73,137,10.866666666666667,47,true,2093,115,188,114,77,3,3,0,0,2,1,471,386,85,6,london-link-025-a-departure,true,1148,366.25075396825395,1177.45,770.8666666666667,785.0612698412699,1244.55,2123.4333333333334,2207996.826786447,1672360.6117513278,56.901892718895525,1.0753197342671774,2374302.5608402533,2354050.735736946,1.0079590423194904,1.240991610409692,25,0,0.5812130797600471
profile,tfl-numbat-2019-midweek,late,4.2857140000000005,14,1,2,off,free-flow,virtual,4,drop-offs,reassign-existing,53,0,1,55,1,0,68,19,49,19,940GZZLUEUS,0,3900,3864,1800,1799,c6732daafdeff25c,420,420,0,0,245,175,8.166666666666666,75,135,11.333333333333334,40,true,2064,102,178,114,76,3,4,0,0,2,1,425,326,97,6,london-link-048-a-departure,true,1114,334.0161507936508,1143.3,734.3,752.8087698412699,1212.7833333333333,2094.633333333333,2129982.7093395367,1632657.6187987437,56.60872482046224,1.1145765130378633,2374028.7008198854,2353600.735736946,1.0084500199273896,1.3339691880408324,22,0,0.945835996977974
profile,tfl-numbat-2019-midweek,late,4.2857140000000005,14,1,3,off,free-flow,virtual,4,drop-offs,unassigned,43,0,0,81,1,0,66,19,47,0,940GZZLUEUS,0,3900,3378,1800,1799,5d715f71ce359391,420,420,0,0,253,167,8.433333333333334,79,131,11.6,36,true,1578,87,170,114,77,3,2,0,0,1,1,576,482,93,6,london-link-020-a-departure,true,789,294.94488095238097,860.9833333333333,662.5833333333334,687.0264682539682,1100.2333333333333,1600.35,2033723.0022597413,1452211.8055841818,58.340821454363756,1.087082667145766,2210825.0253774375,2180973.170257876,1.0115282445862224,1.3487685625392971,34,0,0.19470770385662006
profile,tfl-numbat-2019-midweek,late,4.2857140000000005,14,1,3,off,free-flow,virtual,4,drop-offs,reassign-existing,58,0,1,66,1,0,76,19,57,19,940GZZLUEUS,0,3900,3408,1800,1799,5d715f71ce359391,420,420,0,0,247,173,8.233333333333333,84,126,10.866666666666667,47,true,1608,90,173,114,76,4,2,0,0,1,1,402,313,88,5,london-link-020-a-departure,true,849,290.15281746031746,877.55,668.9166666666666,679.7578968253968,1120.65,1624.8833333333334,1978124.2017007843,1435057.421601132,57.95543337618068,1.1136775469382378,2202992.508345341,2180298.170257877,1.0085953048750542,1.2777682289491874,27,0,0.3775607336836969
profile,tfl-numbat-2019-midweek,late,4,14.966666666666667,1,1,off,free-flow,virtual,4,drop-offs,unassigned,58,0,1,63,1,0,52,16,36,0,940GZZLUEUS,0,3900,3356,1800,1796,e9538827e0405203,449,449,0,0,238,211,7.933333333333334,78,146,10.666666666666666,65,true,1556,135,213,114,76,3,2,0,0,1,2,443,346,94,5,940GZZLUWLO-01-arrival,true,901,394.95419450631033,1096.3,877.9333333333333,811.3943207126948,1423.4666666666667,2001.2,2268680.089547878,1684278.781030736,57.391947749150255,1.111150042650452,2520843.978034478,2478378.3216505707,1.0148174636283225,1.2694062592474142,44,0,0.06153782328964609
profile,tfl-numbat-2019-midweek,late,4,14.966666666666667,1,1,off,free-flow,virtual,4,drop-offs,reassign-existing,71,0,3,39,1,0,53,17,36,17,940GZZLUEUS,0,3900,3183,1800,1796,e9538827e0405203,449,449,0,0,236,213,7.866666666666666,80,144,10.4,69,true,1383,129,213,114,77,2,2,0,0,2,2,390,318,71,5,london-link-020-a-arrival,true,1069,368.94480326651814,1240.0833333333333,811.6333333333333,786.1602078693393,1321.0166666666667,1805.4166666666667,2206760.1548392707,1535740.1321485445,58.96486267514495,1.1433469595127395,2523092.5131930127,2478603.321650571,1.015878356439137,1.3303428077238924,44,0,0.20009858872072006
profile,tfl-numbat-2019-midweek,late,4,14.966666666666667,1,2,off,free-flow,virtual,4,drop-offs,unassigned,51,0,0,79,1,0,68,22,46,0,940GZZLUEUS,0,3900,3790,1800,1796,6622936b54de5f60,449,449,0,0,247,202,8.233333333333333,72,152,11.666666666666666,50,true,1990,130,205,114,78,3,3,0,0,2,2,455,366,89,5,940GZZLUPAC-01-arrival,true,1179,397.6147735708983,1211.6833333333334,824.9,816.9869339272458,1352.9333333333334,2138,2313249.6018478423,1745641.483327106,56.99215754512259,1.0977599759546812,2539392.827064668,2505981.5236395192,1.0124464922668155,1.2302323356588694,39,0,0.18050784670303766
profile,tfl-numbat-2019-midweek,late,4,14.966666666666667,1,2,off,free-flow,virtual,4,drop-offs,reassign-existing,65,0,2,53,1,0,69,20,49,20,940GZZLUEUS,0,3900,3644,1800,1796,6622936b54de5f60,449,449,0,0,249,200,8.3,72,152,11.8,48,true,1844,129,200,114,78,3,4,0,1,2,1,451,373,78,6,london-link-030-a-departure,true,902,384.3812546399406,1172.1833333333334,826.25,803.8887527839644,1342.4166666666667,2128.9166666666665,2262490.380468567,1689229.6939168482,57.2533058486041,1.1225751805731103,2539815.5471719587,2506131.5236395206,1.0138402870105965,1.3994310022389513,35,0,0.6442839693705602
profile,tfl-numbat-2019-midweek,late,4,14.966666666666667,1,3,off,free-flow,virtual,4,drop-offs,unassigned,50,0,0,108,2,0,81,22,59,0,940GZZLUEUS,0,3900,3541,1800,1796,a42f9a1146943fd9,449,449,0,0,257,192,8.566666666666666,81,143,11.733333333333333,49,true,1741,117,194,114,82,4,2,0,0,2,2,503,418,80,6,london-link-087-a-arrival,true,1061,359.42609502598367,1076.5,795.8833333333333,750.9244246473645,1261.6166666666666,1760.8666666666666,2167212.934146938,1638710.0393736404,56.943163306907636,1.0906249345029315,2363616.464164637,2329227.7222087677,1.0134371168993974,1.3243277584414792,41,0,0.27785446162560995
profile,tfl-numbat-2019-midweek,late,4,14.966666666666667,1,3,off,free-flow,virtual,4,drop-offs,reassign-existing,65,1,3,68,3,0,74,19,55,19,940GZZLUEUS,0,3900,3374,1800,1796,a42f9a1146943fd9,449,449,0,0,266,183,8.866666666666667,87,137,11.933333333333334,46,true,1574,104,188,114,79,4,3,0,0,1,2,463,369,87,6,london-link-031-a-arrival,true,888,312.62138084632517,949.9,715.2,703.6802524127692,1167.0166666666667,1593.4166666666667,2102290.8565262184,1471459.292433555,58.82590469113072,1.1241296129612701,2363247.406697915,2330802.7222087686,1.012292456499083,1.3544480836205233,34,0,0.2749760350747209
profile,tfl-numbat-2019-midweek,night,60,0.9666666666666667,1,1,off,free-flow,virtual,4,drop-offs,unassigned,0,0,0,1,0,0,1,1,0,0,940GZZLUEUS,0,3900,2284,1800,1740,ca2265641b46fb7e,29,29,0,0,22,7,0.7333333333333333,9,5,0.8666666666666667,2,true,484,3,9,9,9,1,1,0,0,1,1,1,1,0,2,940GZZLUOVL-01-arrival,true,158,52.74367816091954,165.28333333333333,157.9,422.60057471264366,969.3666666666667,1083.95,144848.7384353437,74529.64291916759,66.02689724529915,1,144848.73843440652,144848.73843440652,1,1,0,0,0
profile,tfl-numbat-2019-midweek,night,60,0.9666666666666667,1,1,off,free-flow,virtual,4,drop-offs,reassign-existing,1,0,0,0,0,0,1,1,0,1,940GZZLUEUS,0,3900,2284,1800,1740,ca2265641b46fb7e,29,29,0,0,22,7,0.7333333333333333,9,5,0.8666666666666667,2,true,484,3,9,9,9,1,1,0,0,1,1,1,1,0,2,940GZZLUOVL-01-arrival,true,67,49.60114942528735,165.28333333333333,153.88333333333333,419.0885057471265,969.3666666666667,1083.95,143036.6110452135,74529.64291916759,65.74393245224086,1.0116202934197502,144698.73843440652,144698.73843440652,1,1,0,0,0
profile,tfl-numbat-2019-midweek,night,60,0.9666666666666667,1,2,off,free-flow,virtual,4,drop-offs,unassigned,0,0,0,0,0,0,0,0,0,0,940GZZLUEUS,0,3900,2774,1800,1740,c81386e7d7872707,29,29,0,0,21,8,0.7,9,5,0.8,3,true,974,3,9,9,8,0,0,0,0,1,1,0,0,0,2,940GZZLUOVL-01-arrival,true,67,55.54252873563219,133.9,131.65,414.5942528735632,927.75,1093.1166666666666,140371.27930934585,134676.84989844353,51.03516963145755,1,140371.27930844465,140371.27930844465,1,1,0,0,0
profile,tfl-numbat-2019-midweek,night,60,0.9666666666666667,1,2,off,free-flow,virtual,4,drop-offs,reassign-existing,0,0,0,0,0,0,0,0,0,0,940GZZLUEUS,0,3900,2774,1800,1740,c81386e7d7872707,29,29,0,0,21,8,0.7,9,5,0.8,3,true,974,3,9,9,8,0,0,0,0,1,1,0,0,0,2,940GZZLUOVL-01-arrival,true,67,55.54252873563219,133.9,131.65,414.5942528735632,927.75,1093.1166666666666,140371.27930934585,134676.84989844353,51.03516963145755,1,140371.27930844465,140371.27930844465,1,1,0,0,0
profile,tfl-numbat-2019-midweek,night,60,0.9666666666666667,1,3,off,free-flow,virtual,4,drop-offs,unassigned,0,0,0,1,0,0,1,1,0,0,940GZZLUEUS,0,3900,2834,1800,1740,59d46cdde352f10e,29,29,0,0,23,6,0.7666666666666667,8,6,1,0,true,1034,2,10,10,10,1,1,0,0,1,1,3,1,2,3,london-link-030-a-arrival,true,0,39.45287356321839,258.31666666666666,159.96666666666667,471.2298850574712,1083.95,1093.1166666666666,170110.6173579565,95863.50479099632,63.957582032243685,1,170110.61735650408,170110.61735650408,1,1,0,0,0
profile,tfl-numbat-2019-midweek,night,60,0.9666666666666667,1,3,off,free-flow,virtual,4,drop-offs,reassign-existing,1,0,0,0,0,0,1,1,0,1,940GZZLUEUS,0,3900,2834,1800,1740,59d46cdde352f10e,29,29,0,0,23,6,0.7666666666666667,8,6,1,0,true,1034,2,10,10,10,1,1,0,0,1,1,3,1,2,3,london-link-030-a-arrival,true,0,31.383333333333333,155.03333333333333,149.23333333333332,462.9758620689655,1083.95,1093.1166666666666,165303.86302879485,94417.53740267016,63.6466085406062,1.0286245840986066,170035.61735650408,170035.61735650408,1,1,0,0,0
profile,tfl-numbat-2019-midweek,night,30,1.9666666666666666,1,1,off,free-flow,virtual,4,drop-offs,unassigned,1,0,0,5,0,0,5,5,0,0,940GZZLUEUS,0,3900,2729,1800,1770,175bf1e8ac6f44d7,59,59,0,0,43,16,1.4333333333333333,16,13,1.8,3,true,929,6,18,18,16,1,1,0,0,1,1,4,2,2,3,940GZZLUOVL-01-arrival,true,33,69.01299435028248,221.83333333333334,205.78333333333333,485.01638418079096,1093.1166666666666,1193.55,319029.3234333859,216222.51903824921,59.60359182701784,1.041774708539878,332356.68043160497,332356.68043160497,1,1,0,0,0
profile,tfl-numbat-2019-midweek,night,30,1.9666666666666666,1,1,off,free-flow,virtual,4,drop-offs,reassign-existing,4,0,0,0,0,0,4,4,0,4,940GZZLUEUS,0,3900,2729,1800,1770,175bf1e8ac6f44d7,59,59,0,0,43,16,1.4333333333333333,16,13,1.8,3,true,929,6,17,16,16,1,1,0,0,1,1,5,2,3,3,940GZZLUOVL-01-arrival,true,33,61.545480225988705,191.46666666666667,180.06666666666666,477.23841807909605,1083.95,1157.8166666666666,310673.95867592376,197893.20956340575,61.08808788256696,1.0690682986465143,332131.6804316049,332131.6804316049,1,1,0,0,0
profile,tfl-numbat-2019-midweek,night,30,1.9666666666666666,1,2,off,free-flow,virtual,4,drop-offs,unassigned,1,0,0,8,0,0,8,8,0,0,940GZZLUEUS,0,3900,2968,1800,1770,332bbea8045ea8af,59,59,0,0,42,17,1.4,17,12,1.6666666666666667,5,true,1168,5,19,19,16,1,0,0,0,1,1,14,12,2,3,940GZZLUWIG-01-departure,true,226,74.9867231638418,227.18333333333334,221.83333333333334,482.2607344632769,1193.55,1198.9,320263.6284170868,252384.80833781225,55.92674455412226,1.0147725484800207,324994.73839049326,324994.73839049326,1,1,0,0,0
profile,tfl-numbat-2019-midweek,night,30,1.9666666666666666,1,2,off,free-flow,virtual,4,drop-offs,reassign-existing,6,0,0,0,0,0,5,5,0,5,940GZZLUEUS,0,3900,2939,1800,1770,332bbea8045ea8af,59,59,0,0,43,16,1.4333333333333333,17,12,1.7333333333333334,4,true,1139,5,18,17,14,1,0,0,0,1,1,8,6,2,2,940GZZLUBST-01-arrival,true,198,61.12118644067797,227.18333333333334,197.18333333333334,468.40112994350284,1129.6166666666666,1198.9,276089.2829150165,234660.73184255752,54.05565833337498,1.1779513313965488,325219.73839049326,325219.73839049326,1,1,0,0,0
profile,tfl-numbat-2019-midweek,night,30,1.9666666666666666,1,3,off,free-flow,virtual,4,drop-offs,unassigned,0,0,0,7,0,0,6,6,0,0,940GZZLUEUS,0,3900,2694,1800,1770,a1a4f419a9f155b7,59,59,0,0,42,17,1.4,14,15,1.8666666666666667,2,true,894,5,20,20,17,0,1,0,0,2,1,0,0,0,3,london-link-013-a-arrival,true,100,71.23418079096045,258.31666666666666,216.46666666666667,490.4223163841808,1103.8333333333333,1182.8166666666666,335439.61133191455,254599.66635590018,56.85038674821798,1,335439.6113278676,335439.6113278676,1,1,0,0,0
profile,tfl-numbat-2019-midweek,night,30,1.9666666666666666,1,3,off,free-flow,virtual,4,drop-offs,reassign-existing,5,0,0,0,0,0,5,5,0,5,940GZZLUEUS,0,3900,2670,1800,1770,a1a4f419a9f155b7,59,59,0,0,42,17,1.4,14,15,1.8666666666666667,2,true,870,5,19,17,15,1,1,0,0,1,1,4,3,1,3,london-link-063-a-departure,true,100,55.97118644067796,182.53333333333333,155.03333333333333,474.6776836158192,1079.1,1093.1166666666666,297175.0338384602,211886.01601545658,58.377091298526835,1.1277515711965929,335139.6113278677,335139.6113278677,1,1,0,0,0
profile,tfl-numbat-2019-midweek,night,20,2.966666666666667,1,1,off,free-flow,virtual,4,drop-offs,unassigned,1,0,0,16,0,0,13,12,1,0,940GZZLUEUS,0,3900,3196,1800,1780,8c76375d5400f0a2,89,89,0,0,63,26,2.1,25,19,2.533333333333333,7,true,1396,7,28,27,24,1,1,0,0,1,1,8,5,3,4,london-link-048-a-departure,true,449,80.78220973782771,488.76666666666665,225.51666666666668,481.48932584269664,1182.8166666666666,1455.1166666666666,480560.7408336444,346313.0864052382,58.11778351218887,1.0036147925590233,482297.86821747106,482297.86821747106,1,1,0,0,0
profile,tfl-numbat-2019-midweek,night,20,2.966666666666667,1,1,off,free-flow,virtual,4,drop-offs,reassign-existing,9,0,0,1,0,0,10,9,1,9,940GZZLUEUS,0,3900,2792,1800,1780,8c76375d5400f0a2,89,89,0,0,68,21,2.2666666666666666,25,19,2.8666666666666667,2,true,992,7,27,25,22,1,1,0,0,1,1,5,2,2,3,940GZZLUOVL-01-departure,true,83,58.22865168539326,211.46666666666667,152.48333333333332,457.73501872659176,1083.95,1177.8166666666666,427931.7840494738,282701.8870485039,60.218337725017996,1.1251159324215494,481472.86821747106,481472.86821747106,1,1,0,0,0
profile,tfl-numbat-2019-midweek,night,20,2.966666666666667,1,2,off,free-flow,virtual,4,drop-offs,unassigned,1,0,0,34,0,0,23,23,0,0,940GZZLUEUS,0,3900,3126,1800,1780,afec5a831dfb0ad9,89,89,0,0,63,26,2.1,22,22,2.7333333333333334,4,true,1326,9,30,28,24,1,1,0,0,2,1,10,8,2,3,940GZZLUCWR-01-arrival,true,374,101.25861423220974,416.55,333.68333333333334,534.9565543071161,1221.85,1382.9,510162.9346802167,411388.63024652505,55.359130633213326,1.0261237265511625,523490.29167542496,523490.29167542496,1,1,0,0,0
profile,tfl-numbat-2019-midweek,night,20,2.966666666666667,1,2,off,free-flow,virtual,4,drop-offs,reassign-existing,15,0,1,0,0,0,14,14,0,14,940GZZLUEUS,0,3900,2804,1800,1780,afec5a831dfb0ad9,89,89,0,0,65,24,2.1666666666666665,22,22,2.8666666666666667,2,true,1004,7,29,22,19,0,2,0,0,2,2,0,0,0,3,940GZZLUKBN-diverge,true,0,55.52453183520599,261.53333333333336,133.9,488.51816479400753,1089.2,1129.6166666666666,395782.8987074882,315878.0263410969,55.6139707516565,1.3215333289790991,523040.29167542484,523040.29167542484,1,1,0,0,0
profile,tfl-numbat-2019-midweek,night,20,2.966666666666667,1,3,off,free-flow,virtual,4,drop-offs,unassigned,2,0,0,11,0,0,10,10,0,0,940GZZLUEUS,0,3900,2766,1800,1780,094cd0a41dfbd30a,89,89,0,0,62,27,2.066666666666667,22,22,2.6666666666666665,5,true,966,8,28,27,23,1,1,0,0,1,1,28,22,6,3,940GZZLULSQ-01-arrival,true,163,80.67284644194756,258.31666666666666,219.38333333333333,532.8593632958801,1109.2,1212.8833333333334,527914.6670761578,417634.8059331631,55.83152253218524,1.034207170411273,545973.1340490241,545973.1340490241,1,1,0,0,0
profile,tfl-numbat-2019-midweek,night,20,2.966666666666667,1,3,off,free-flow,virtual,4,drop-offs,reassign-existing,10,0,0,0,0,0,8,8,0,8,940GZZLUEUS,0,3900,2721,1800,1780,094cd0a41dfbd30a,89,89,0,0,63,26,2.1,22,22,2.7333333333333334,4,true,921,7,28,25,22,1,2,0,0,2,2,15,12,3,4,london-link-098-a-arrival,true,118,64.39943820224718,246.45,169.86666666666667,515.7528089887641,1093.1166666666666,1219.8666666666666,468554.1670262576,335029.7445781009,58.30805722463847,1.1637888902301028,545298.1340490242,545298.1340490242,1,1,0,0,0
profile,tfl-numbat-2019-midweek,night,15,3.966666666666667,1,1,off,free-flow,virtual,4,drop-offs,unassigned,6,0,0,38,2,0,28,26,2,0,940GZZLUEUS,0,3900,3167,1800,1785,f9e1bd3d2523c995,119,119,0,0,84,35,2.8,29,30,3.6666666666666665,5,true,1367,12,35,33,29,1,1,0,0,1,1,34,25,6,4,london-link-098-a-departure,true,415,91.47871148459383,429.9166666666667,227.08333333333334,512.691456582633,1148.5333333333333,1396.2666666666667,636174.8005009238,421363.25462711556,60.156208792306785,1.0672930950587873,678984.9718449648,678984.9718449648,1,1,0,0,0
profile,tfl-numbat-2019-midweek,night,15,3.966666666666667,1,1,off,free-flow,virtual,4,drop-offs,reassign-existing,22,0,3,2,0,0,21,19,2,19,940GZZLUEUS,0,3900,2953,1800,1785,f9e1bd3d2523c995,119,119,0,0,85,34,2.8333333333333335,30,29,3.6666666666666665,5,true,1153,9,35,29,26,1,1,0,0,1,1,10,9,1,4,london-link-063-a-arrival,true,202,67.18809523809524,246.58333333333334,185.98333333333332,488.1766106442577,1083.95,1182.8166666666666,549231.9817142081,327082.83462094225,62.675190636529415,1.2354250925607646,678534.9718449648,678534.9718449648,1,1,0,0,0
profile,tfl-numbat-2019-midweek,night,15,3.966666666666667,1,2,off,free-flow,virtual,4,drop-offs,unassigned,7,0,0,37,4,0,23,23,0,0,940GZZLUEUS,0,3900,2766,1800,1785,690a196e2f9a4ff9,119,119,0,0,75,44,2.5,28,31,3.1333333333333333,13,true,966,12,44,38,32,1,2,1,0,2,2,32,23,9,4,940GZZLUWHP-01-arrival,true,202,98.45014005602242,338.1,253.78333333333333,544.7823529411764,1193.55,1309.8166666666666,649689.1336893131,492287.25995226076,56.891643059062005,1.1084838574606561,720169.9170863044,720169.9170863044,1,1,0,0,0
profile,tfl-numbat-2019-midweek,night,15,3.966666666666667,1,2,off,free-flow,virtual,4,drop-offs,reassign-existing,19,0,2,0,0,0,17,17,0,17,940GZZLUEUS,0,3900,2678,1800,1785,690a196e2f9a4ff9,119,119,0,0,79,40,2.6333333333333333,28,31,3.4,9,true,878,11,41,31,26,1,1,0,0,2,1,19,15,4,3,940GZZLUOVL-01-arrival,true,232,66.10266106442576,246.45,156.53333333333333,511.54285714285714,1073.8333333333333,1109.2,548106.5456038153,433088.35275798454,55.86112876442105,1.312965376641625,719644.9170863045,719644.9170863045,1,1,0,0,0
profile,tfl-numbat-2019-midweek,night,15,3.966666666666667,1,3,off,free-flow,virtual,4,drop-offs,unassigned,2,0,0,33,1,0,21,21,0,0,940GZZLUEUS,0,3900,3212,1800,1785,db99ebd72e363b57,119,119,0,0,80,39,2.6666666666666665,27,32,3.533333333333333,7,true,1412,11,40,39,33,1,2,0,0,1,1,33,24,9,4,london-link-063-a-departure,true,455,110.6015406162465,532.2833333333333,487.43333333333334,561.5662464985994,1223.65,1501.4833333333333,718151.5613712942,540886.2532743649,57.0397134238108,1.0131757980664786,727613.781362984,727613.781362984,1,1,0,0,0
profile,tfl-numbat-2019-midweek,night,15,3.966666666666667,1,3,off,free-flow,virtual,4,drop-offs,reassign-existing,16,1,1,1,1,0,16,16,0,16,940GZZLUEUS,0,3900,3023,1800,1785,db99ebd72e363b57,119,119,0,0,84,35,2.8,27,32,3.8,3,true,1223,8,38,32,26,1,2,0,0,1,2,14,10,4,4,london-link-022-a-arrival,true,272,69.88375350140056,346.23333333333335,205.88333333333333,519.5710084033614,1092.8833333333334,1312.5833333333333,607214.4470072058,408913.34863889695,59.75768496925229,1.1964286833578386,726488.781362984,726488.781362984,1,1,0,0,0
profile,tfl-numbat-2019-midweek,night,12,4.966666666666667,1,1,off,free-flow,virtual,4,drop-offs,unassigned,11,0,0,70,4,0,41,39,2,0,940GZZLUEUS,0,3900,2844,1800,1788,c19eeed41d417052,149,149,0,0,104,45,3.466666666666667,34,40,4.666666666666667,5,true,1044,14,50,45,35,2,1,0,0,1,1,51,42,6,5,london-link-048-a-departure,true,221,107.70659955257271,378.45,265.15,520.5958612975392,1170.5166666666667,1295.8333333333333,769545.046662507,591665.2277422315,56.53388467105359,1.0809863096202386,831867.660131153,830123.3046612646,1.002414408606341,1.1869062441939247,2,0,0
profile,tfl-numbat-2019-midweek,night,12,4.966666666666667,1,1,off,free-flow,virtual,4,drop-offs,reassign-existing,36,1,3,4,1,0,34,31,3,31,940GZZLUEUS,0,3900,2609,1800,1788,c19eeed41d417052,149,149,0,0,109,40,3.6333333333333333,35,39,4.933333333333334,1,true,809,12,49,36,32,1,1,0,0,1,1,30,25,5,4,london-link-048-a-departure,true,142,67.74116331096197,221.73333333333332,165.16666666666666,480.0019015659956,1062.8166666666666,1198.3666666666666,639502.9136299383,368296.6023772885,63.45537018747214,1.2988098136903956,830592.6601311528,828848.3046612648,1.002414408606341,1.1869062441939247,2,0,0
profile,tfl-numbat-2019-midweek,night,12,4.966666666666667,1,2,off,free-flow,virtual,4,drop-offs,unassigned,6,0,0,87,9,0,40,40,0,0,940GZZLUEUS,0,3900,2901,1800,1788,8ad3f9dbd58a4a5d,149,149,0,0,95,54,3.1666666666666665,33,41,4.133333333333334,13,true,1101,17,58,52,40,1,2,0,0,1,2,27,19,8,5,london-link-048-a-departure,true,408,125.35413870246086,479.65,317.5,552.2194630872483,1285.0833333333333,1375.35,802554.8139805503,706313.0241844635,53.18920542150099,1.0734048921647967,861466.2636177011,861466.2636177011,1,1,0,0,0
profile,tfl-numbat-2019-midweek,night,12,4.966666666666667,1,2,off,free-flow,virtual,4,drop-offs,reassign-existing,31,2,4,2,2,0,29,29,0,29,940GZZLUEUS,0,3900,2882,1800,1788,8ad3f9dbd58a4a5d,149,149,0,0,100,49,3.3333333333333335,36,38,4.266666666666667,11,true,1082,12,54,39,32,1,2,0,0,2,1,39,32,6,4,940GZZLUOVL-01-departure,true,291,78.61375838926173,362.78333333333336,165,504.97337807606266,1079.8333333333333,1117.7833333333333,641265.3673979484,505420.428937233,55.92337233507544,1.3417475936404297,860416.263617701,860416.263617701,1,1,0,0,0.344494641856695
profile,tfl-numbat-2019-midweek,night,12,4.966666666666667,1,3,off,free-flow,virtual,4,drop-offs,unassigned,9,0,0,49,1,0,31,31,0,0,940GZZLUEUS,0,3900,3091,1800,1788,f3a80d553036d591,149,149,0,0,98,51,3.2666666666666666,33,41,4.333333333333333,10,true,1291,15,52,48,41,1,2,0,0,1,1,48,34,14,5,london-link-099-b-departure,true,331,109.04597315436241,558.8333333333334,397.9,555.9285234899329,1302.0666666666666,1530.55,843358.3624387562,606227.8448286601,58.179248547663335,1.0702557259318677,902609.1164833172,901885.8484063895,1.0009227245069747,1.137485951539261,1,0,0.2589131318094626
profile,tfl-numbat-2019-midweek,night,12,4.966666666666667,1,3,off,free-flow,virtual,4,drop-offs,reassign-existing,27,0,2,0,0,0,22,22,0,22,940GZZLUEUS,0,3900,2871,1800,1788,f3a80d553036d591,149,149,0,0,101,48,3.3666666666666667,34,40,4.466666666666667,8,true,1071,10,48,38,33,1,2,0,0,1,1,64,53,11,4,london-link-030-a-arrival,true,111,67.70872483221476,324.8,166.78333333333333,514.4930648769574,1086.8666666666666,1221.1833333333334,707905.6669014065,456993.3997981585,60.76969989400635,1.2742998942037782,902084.1164833171,901360.8484063894,1.0009097543735925,1.1355534016652749,1,0,0
profile,tfl-numbat-2019-midweek,night,10,5.966666666666667,1,1,off,free-flow,virtual,4,drop-offs,unassigned,10,0,0,96,4,0,62,57,5,0,940GZZLUEUS,0,3900,2785,1800,1790,6e42c7acb2ed4782,179,179,0,0,122,57,4.066666666666666,43,46,5.266666666666667,11,true,985,18,59,56,41,3,1,0,0,1,1,146,108,38,6,london-link-048-a-departure,true,207,115.76154562383613,394.56666666666666,276.05,526.0758845437616,1148.8333333333333,1360.9166666666667,922862.7393467649,706209.0022040616,56.64960700062403,1.0737308242506556,990906.1698781917,990906.1698781917,1,1,0,0,0.27823871540872597
profile,tfl-numbat-2019-midweek,night,10,5.966666666666667,1,1,off,free-flow,virtual,4,drop-offs,reassign-existing,44,1,4,6,1,0,44,39,5,39,940GZZLUEUS,0,3900,2763,1800,1790,6e42c7acb2ed4782,179,179,0,0,128,51,4.266666666666667,47,42,5.4,9,true,963,15,56,43,34,1,1,0,0,2,1,21,13,7,4,london-link-048-a-departure,true,182,71.75689013035382,280.9,190.23333333333332,481.04869646182493,1077.25,1247.25,746699.0899649836,516817.45666801074,59.09689841061278,1.3278738782042034,991522.2165013057,990756.1698781919,1.0003063096269673,1.0548294232271564,1,0,0
profile,tfl-numbat-2019-midweek,night,10,5.966666666666667,1,2,off,free-flow,virtual,4,drop-offs,unassigned,10,0,1,92,8,0,48,46,2,0,940GZZLUEUS,0,3900,2765,1800,1790,d7ddc3217005eedc,179,179,0,0,117,62,3.9,38,51,5.266666666666667,11,true,965,21,69,62,50,2,2,0,0,1,2,126,79,47,6,london-link-063-b-arrival,true,199,122.76778398510241,468.93333333333334,291.45,553.3343575418995,1223.1166666666666,1385.1833333333334,960947.2310891245,739746.2210522869,56.50325929573946,1.0835671852901008,1041250.8865037481,1041250.8865037481,1,1,0,0,0.20412099392458774
profile,tfl-numbat-2019-midweek,night,10,5.966666666666667,1,2,off,free-flow,virtual,4,drop-offs,reassign-existing,37,2,5,3,2,0,35,34,1,34,940GZZLUEUS,0,3900,2760,1800,1790,d7ddc3217005eedc,179,179,0,0,124,55,4.133333333333334,43,46,5.4,9,true,960,14,63,46,37,1,3,0,0,2,1,28,23,5,3,940GZZLUBST-01-arrival,true,126,80.41620111731844,363.95,187.78333333333333,509.36815642458095,1069.8,1109.2,783945.580158178,574579.0089227518,57.70565998282987,1.3277399768288398,1040875.886503748,1040875.886503748,1,1,0,0,0
profile,tfl-numbat-2019-midweek,night,10,5.966666666666667,1,3,off,free-flow,virtual,4,drop-offs,unassigned,8,0,0,89,5,0,49,47,2,0,940GZZLUEUS,0,3900,3246,1800,1790,aa670b5f8d7371c6,179,179,0,0,114,65,3.8,38,51,5.066666666666666,14,true,1446,20,65,64,47,2,2,0,0,2,2,169,131,33,6,london-link-022-a-arrival,true,597,137.69869646182497,636.1333333333333,450.1166666666667,578.9024208566109,1364.15,1565.4166666666667,1029415.1134544122,854245.9695720219,54.64969907434065,1.0371580404039562,1067666.1619449875,1067666.1619449875,1,1,0,0,0.28625191621682494
profile,tfl-numbat-2019-midweek,night,10,5.966666666666667,1,3,off,free-flow,virtual,4,drop-offs,reassign-existing,35,1,3,3,1,0,33,31,2,31,940GZZLUEUS,0,3900,2743,1800,1790,aa670b5f8d7371c6,179,179,0,0,126,53,4.2,38,51,5.866666666666666,2,true,943,14,58,44,35,2,2,0,0,2,2,55,40,15,5,london-link-098-a-arrival,true,284,78.59869646182496,332.95,205.2,518.5938547486033,1094.6666666666667,1304.6666666666667,823136.2369379469,546835.6785180437,60.08416870822996,1.2963497324748192,1067072.4406242936,1066316.1619449877,1.0008850358575792,1.1584214185066632,1,0,0.2753089744740701
profile,tfl-numbat-2019-midweek,night,8.571429,7,1,1,off,free-flow,virtual,4,drop-offs,unassigned,13,0,0,136,8,0,78,74,4,0,940GZZLUEUS,0,3900,3218,1800,1799,e91f11a6d7b085ac,210,210,0,0,142,68,4.733333333333333,49,56,6.2,12,true,1418,22,71,64,50,3,1,0,0,1,1,177,134,40,6,london-link-048-a-departure,true,555,132.50761904761904,572,290.8333333333333,547.3873015873015,1190.7666666666667,1514.7,1086522.5302048451,910371.8371213193,54.41061620398557,1.0799135691545898,1173350.4236698656,1172584.3770467518,1.0002625016237365,1.0551253409846588,1,0,0.4345954367479141
profile,tfl-numbat-2019-midweek,night,8.571429,7,1,1,off,free-flow,virtual,4,drop-offs,reassign-existing,56,0,3,3,0,0,55,52,3,52,940GZZLUEUS,0,3900,2867,1800,1799,e91f11a6d7b085ac,210,210,0,0,150,60,5,55,50,6.333333333333333,10,true,1067,20,65,49,40,4,1,0,0,2,1,1274,101,579,4,london-link-048-a-departure,true,160,78.8963492063492,661.9833333333333,203.63333333333333,492.884126984127,1039.9,1312.5833333333333,863483.0809441344,609449.9872879466,58.62337532964402,1.3593971857723661,1173816.4702929796,1172284.377046752,1.0005221849831158,1.0548294232271564,1,0,0.020178858060077964
profile,tfl-numbat-2019-midweek,night,8.571429,7,1,2,off,free-flow,virtual,4,drop-offs,unassigned,12,0,0,141,11,0,64,61,3,0,940GZZLUEUS,0,3900,2764,1800,1799,2eea3e3fe02210bb,210,210,0,0,141,69,4.7,47,58,6.266666666666667,11,true,964,26,78,71,55,2,2,0,0,1,2,212,174,36,5,940GZZLUWHP-01-arrival,true,228,136.87722222222223,457.4166666666667,367.8333333333333,566.6753174603175,1325.5,1433.1,1139403.4910469016,852138.3480539729,57.212129249632554,1.0698565984810056,1218998.3433242075,1218998.3433242075,1,1,0,0,0.4469702682507147
profile,tfl-numbat-2019-midweek,night,8.571429,7,1,2,off,free-flow,virtual,4,drop-offs,reassign-existing,43,6,5,8,4,0,40,38,2,38,940GZZLUEUS,0,3900,2760,1800,1799,2eea3e3fe02210bb,210,210,0,0,148,62,4.933333333333334,53,52,6.333333333333333,10,true,960,18,72,55,43,1,3,0,0,2,1,64,51,13,4,940GZZLUOVL-01-arrival,true,171,83.33738095238095,294.0833333333333,188.03333333333333,511.7655555555555,1091.45,1159.75,930113.6650316081,661909.1784171836,58.42338687909196,1.308085194707691,1216667.9147348672,1215923.3433242077,1.0007542789839363,1.1583985866266315,1,0,0
profile,tfl-numbat-2019-midweek,night,8.571429,7,1,3,off,free-flow,virtual,4,drop-offs,unassigned,15,0,0,135,10,0,64,63,1,0,940GZZLUEUS,0,3900,3195,1800,1799,cd9753e4db035a1b,210,210,0,0,143,67,4.766666666666667,47,58,6.4,9,true,1395,28,76,70,51,2,2,0,0,2,2,100,78,22,5,london-link-022-a-arrival,true,578,146.62928571428571,594.6333333333333,454.45,584.4173809523809,1342.0666666666666,1493.55,1163034.7563108439,917282.3374646106,55.90660961210078,1.0677451501051238,1241824.7205421505,1239573.0911653417,1.0018009272752715,1.1583985866266315,3,0,0.6815161761416711
profile,tfl-numbat-2019-midweek,night,8.571429,7,1,3,off,free-flow,virtual,4,drop-offs,reassign-existing,50,1,4,5,1,0,46,42,4,42,940GZZLUEUS,0,3900,2807,1800,1799,cd9753e4db035a1b,210,210,0,0,149,61,4.966666666666667,50,55,6.6,6,true,1007,19,70,54,40,1,2,0,0,2,2,52,40,10,4,london-link-098-a-departure,true,240,85.54079365079365,454,228.95,521.0304761904762,1088.0166666666667,1221.7666666666667,921807.6405944973,667514.442413094,58.000052377683744,1.3439736078315063,1238885.1405689192,1237998.0911653414,1.0008711452260397,1.182940497468334,1,0,0.005166712593000827
profile,tfl-numbat-2019-midweek,night,7.5,7.966666666666667,1,1,off,free-flow,virtual,4,drop-offs,unassigned,27,0,0,174,16,0,87,81,6,0,940GZZLUEUS,0,3900,3158,1800,1792.5,ac698127e9c870b6,239,239,0,0,161,78,5.366666666666666,57,62,6.933333333333334,16,true,1358,24,82,74,59,2,2,0,0,2,1,177,139,38,8,london-link-048-a-departure,true,393.5,127.50536959553695,402.1166666666667,318.3333333333333,546.0979776847978,1231.0333333333333,1364.9833333333333,1215599.5243264865,944187.99620225,56.2832923503927,1.1095671175079518,1348789.2603259468,1347276.7029673345,1.0014389924432316,1.1879481766937212,2,0,0.5961006663418277
profile,tfl-numbat-2019-midweek,night,7.5,7.966666666666667,1,1,off,free-flow,virtual,4,drop-offs,reassign-existing,72,1,7,7,1,0,61,55,6,55,940GZZLUEUS,0,3900,2892,1800,1792.5,ac698127e9c870b6,239,239,0,0,175,64,5.833333333333333,63,56,7.466666666666667,8,true,1092,19,72,55,43,1,2,0,0,1,2,82,66,16,4,940GZZLUOVL-01-arrival,true,132.5,75.73075313807531,304.76666666666665,195.55,492.4615760111576,1047.1166666666666,1271.1166666666666,959143.7797697061,638736.6558851895,60.02600434722755,1.4036626088743869,1346314.2603259468,1344651.7029673345,1.0015949655123384,1.225225740210285,2,0,0.7117498609863553
profile,tfl-numbat-2019-midweek,night,7.5,7.966666666666667,1,2,off,free-flow,virtual,4,drop-offs,unassigned,22,0,0,138,12,0,72,67,5,0,940GZZLUEUS,0,3900,2692,1800,1792.5,363a18a5ce685250,239,239,0,0,159,80,5.3,51,68,7.2,12,true,892,30,88,75,57,2,2,0,0,1,1,118,85,24,5,london-link-022-a-arrival,true,301.5,141.72252440725245,488.3833333333333,392.45,569.034309623431,1152.6333333333334,1465.45,1237957.3148606238,970198.7207728905,56.06294550219396,1.1138508874153112,1378899.8538102712,1378061.7770196893,1.0007231825864054,1.1728406381508452,1,0,0
profile,tfl-numbat-2019-midweek,night,7.5,7.966666666666667,1,2,off,free-flow,virtual,4,drop-offs,reassign-existing,63,7,7,11,4,0,59,55,4,55,940GZZLUEUS,0,3900,2721,1800,1792.5,363a18a5ce685250,239,239,0,0,174,65,5.8,55,64,7.933333333333334,1,true,921,22,81,62,45,1,2,0,0,2,2,30,20,10,4,london-link-048-a-departure,true,237.5,89.65829846582984,311.6,208.98333333333332,515.5148535564854,1091.05,1191.7833333333333,1016417.8662216974,738885.8570325988,57.90552670493287,1.3552643489726768,1377514.8978916274,1376711.777019689,1.0006022873331788,1.143946672629739,1,0,0
profile,tfl-numbat-2019-midweek,night,7.5,7.966666666666667,1,3,off,free-flow,virtual,4,drop-offs,unassigned,19,0,0,150,11,0,83,77,6,0,940GZZLUEUS,0,3900,3116,1800,1792.5,d38bd377032d4c52,239,239,0,0,161,78,5.366666666666666,47,72,7.6,6,true,1316,34,85,75,52,2,2,0,0,2,1,148,113,35,5,london-link-048-a-departure,true,503.5,161.63563458856345,632.0333333333333,414.9,596.8304741980475,1328.1833333333334,1487.85,1285194.3955663983,1040446.8145241224,55.26193765358908,1.0941003236225626,1406131.6041620604,1403492.6772815129,1.0021904117093046,1.2037758651061488,3,0,0.1706836173155587
profile,tfl-numbat-2019-midweek,night,7.5,7.966666666666667,1,3,off,free-flow,virtual,4,drop-offs,reassign-existing,64,1,3,6,1,0,59,54,5,54,940GZZLUEUS,0,3900,2781,1800,1792.5,d38bd377032d4c52,239,239,0,0,167,72,5.566666666666666,54,65,7.533333333333333,7,true,981,19,78,59,44,1,2,0,0,1,2,138,88,27,5,london-link-022-a-arrival,true,273.5,91.2018131101813,367.1666666666667,227.71666666666667,525.723988842399,1101.1666666666667,1232.5166666666667,1013152.9150312911,708582.2152979464,58.84487672837063,1.3853783457299793,1403600.1095419826,1401167.6772815124,1.0021092162962693,1.1728406381508452,2,0,0.3219743530773928
profile,tfl-numbat-2019-midweek,night,6.666667,8.966666666666667,1,1,off,free-flow,virtual,4,drop-offs,unassigned,30,0,1,216,21,0,98,89,9,0,940GZZLUEUS,0,3900,2918,1800,1793.3333333333333,8ba338bafbc5514f,269,269,0,0,181,88,6.033333333333333,64,70,7.8,18,true,1118,27,90,85,62,2,1,0,0,2,1,237,188,49,6,london-link-048-a-departure,true,401.6666666666667,136.2187112763321,428.0833333333333,339.3833333333333,554.4539033457249,1254.85,1355.4333333333334,1374220.6146631814,1057946.8770050767,56.50189057171322,1.1028611219968407,1515574.4889879616,1512131.5497616618,1.0025074697710608,1.1917196223713216,4,0,0.953593645700695
profile,tfl-numbat-2019-midweek,night,6.666667,8.966666666666667,1,1,off,free-flow,virtual,4,drop-offs,reassign-existing,82,4,12,11,3,0,79,72,7,72,940GZZLUEUS,0,3900,2780,1800,1793.3333333333333,8ba338bafbc5514f,269,269,0,0,191,78,6.366666666666666,67,67,8.266666666666667,11,true,980,18,82,62,50,2,2,0,0,2,2,125,75,20,5,london-link-048-a-departure,true,221.66666666666666,80.94299876084263,354.6166666666667,206.76666666666668,497.68946716232966,1069.7833333333333,1212.8833333333334,1070526.1083973395,754244.9635629671,58.666323948641924,1.4136902470780228,1513392.3188348417,1510856.549761662,1.001784970392592,1.1702079277141308,3,0,0.008982372094764025
profile,tfl-numbat-2019-midweek,night,6.666667,8.966666666666667,1,2,off,free-flow,virtual,4,drop-offs,unassigned,17,1,1,206,14,0,102,93,9,0,940GZZLUEUS,0,3900,3052,1800,1793.3333333333333,c43a7f45f4cd834d,269,269,0,0,175,94,5.833333333333333,53,81,8.133333333333333,13,true,1252,36,100,91,66,3,2,0,0,2,2,306,251,44,7,london-link-075-a-arrival,true,556.6666666666666,179.55607187112764,639.05,497.53333333333336,605.6911400247831,1211.7666666666667,1492.3166666666666,1422764.4104179917,1240419.78825467,53.42343241324056,1.088844657632612,1549169.4273689801,1548413.148689674,1.000627148072266,1.1687028314395012,1,0,1.2332769491004152
profile,tfl-numbat-2019-midweek,night,6.666667,8.966666666666667,1,2,off,free-flow,virtual,4,drop-offs,reassign-existing,71,7,8,13,4,0,69,63,6,63,940GZZLUEUS,0,3900,2939,1800,1793.3333333333333,c43a7f45f4cd834d,269,269,0,0,189,80,6.3,59,75,8.666666666666666,5,true,1139,25,91,68,55,1,2,0,0,2,2,54,36,18,5,london-link-048-a-departure,true,443.6666666666667,100.53500619578686,496.03333333333336,263.05,525.2183395291202,1074.4833333333333,1198.0666666666666,1146107.6612638626,918043.6910647129,55.52440037746916,1.348849154522433,1545926.3500050197,1544288.148689674,1.0009730820916043,1.1687028314395012,2,0,0.0013251176041873716
profile,tfl-numbat-2019-midweek,night,6.666667,8.966666666666667,1,3,off,free-flow,virtual,4,drop-offs,unassigned,24,0,0,187,19,0,92,83,9,0,940GZZLUEUS,0,3900,3302,1800,1793.3333333333333,c77ab3603993635e,269,269,0,0,177,92,5.9,54,80,8.2,12,true,1502,38,95,87,61,2,2,0,0,2,1,315,242,70,6,london-link-048-a-departure,true,542.6666666666666,160.94064436183396,648.3833333333333,424.53333333333336,598.440644361834,1271.0666666666666,1614.7333333333333,1409959.0246236548,1179871.5813872528,54.442133062725745,1.1268623400909672,1588829.7259394147,1588073.4472601085,1.0006735825889257,1.181193716421034,1,0,0.41296379314891485
profile,tfl-numbat-2019-midweek,night,6.666667,8.966666666666667,1,3,off,free-flow,virtual,4,drop-offs,reassign-existing,75,4,6,13,2,0,74,65,9,65,940GZZLUEUS,0,3900,2858,1800,1793.3333333333333,c77ab3603993635e,269,269,0,0,187,82,6.233333333333333,60,74,8.466666666666667,8,true,1058,25,89,66,50,2,2,0,0,2,1,85,71,14,4,940GZZLUOVL-01-arrival,true,461.6666666666667,95.82342007434944,474.28333333333336,244.76666666666668,531.1405204460966,1097.1666666666667,1212.8833333333334,1119972.2163377374,816896.2813353211,57.823864536145074,1.4163563190820114,1586279.7259394145,1585373.4472601083,1.0006948187516502,1.1869062441939247,1,0,0
profile,tfl-numbat-2019-midweek,night,6,9.966666666666667,1,1,off,free-flow,virtual,4,drop-offs,unassigned,38,0,1,260,25,0,116,103,13,0,940GZZLUEUS,0,3900,3180,1800,1794,436349ce9314f077,299,299,0,0,201,98,6.7,65,84,9.066666666666666,14,true,1380,39,105,91,64,3,1,0,0,2,1,453,333,115,7,london-link-048-a-departure,true,529,157.5591415830546,588.5166666666667,380.46666666666664,572.4591415830546,1223.6166666666666,1541.3166666666666,1452379.1549086361,1250966.371304814,53.7252504655951,1.1443926119394778,1662091.974619967,1658846.7690601132,1.002404224311703,1.2021632811498402,4,0,0.9050844896622932
profile,tfl-numbat-2019-midweek,night,6,9.966666666666667,1,1,off,free-flow,virtual,4,drop-offs,reassign-existing,95,5,9,20,3,0,90,76,14,76,940GZZLUEUS,0,3900,2995,1800,1794,436349ce9314f077,299,299,0,0,213,86,7.1,72,77,9.4,9,true,1195,22,90,65,52,3,2,0,0,2,2,170,135,35,6,london-link-075-a-arrival,true,300,84.55289855072463,359.96666666666664,216.46666666666667,496.8400780379041,1059.1,1356.2666666666667,1164065.3966089562,842525.9741412736,58.012080265935374,1.4246638259914381,1658401.8617542994,1656896.7690601137,1.000873893062796,1.1879481766937212,2,0,0.010876732629518092
profile,tfl-numbat-2019-midweek,night,6,9.966666666666667,1,2,off,free-flow,virtual,4,drop-offs,unassigned,22,0,0,295,25,0,119,110,9,0,940GZZLUEUS,0,3900,3081,1800,1794,cf673c15ac76cbab,299,299,0,0,187,112,6.233333333333333,58,91,8.6,21,true,1281,45,116,104,72,3,2,0,0,2,2,439,332,107,8,london-link-099-b-departure,true,483,191.41833890746932,632.0333333333333,488.35,626.4879598662208,1370.3666666666666,1513.4666666666667,1620232.4992602705,1376727.6451851977,54.062530736793114,1.080299783915616,1750336.8188045493,1747215.0394447423,1.0019569718113182,1.2370832310183666,3,0,1.0284262665258403
profile,tfl-numbat-2019-midweek,night,6,9.966666666666667,1,2,off,free-flow,virtual,4,drop-offs,reassign-existing,88,9,12,17,6,0,82,74,8,74,940GZZLUEUS,0,3900,2944,1800,1794,cf673c15ac76cbab,299,299,0,0,213,86,7.1,63,86,10,0,true,1144,25,102,72,55,1,2,0,0,2,1,72,51,19,5,940GZZLULSQ-diverge,true,295,100.31566332218507,513.3,256.3833333333333,532.0202341137124,1077.4666666666667,1252,1257193.2514080664,977089.0025009208,56.26832729877994,1.3894911330820294,1746858.8754826605,1744590.0394447425,1.0015649265943674,1.1559710172386208,1,0,0
profile,tfl-numbat-2019-midweek,night,6,9.966666666666667,1,3,off,free-flow,virtual,4,drop-offs,unassigned,35,0,0,235,22,0,111,103,8,0,940GZZLUEUS,0,3900,2837,1800,1794,a1953c90166778c3,299,299,0,0,196,103,6.533333333333333,58,91,9.2,12,true,1037,44,108,97,64,3,2,0,0,2,1,379,314,61,6,london-link-013-a-arrival,true,583,172.99866220735785,658.1833333333333,426.76666666666665,605.3986622073579,1253.2166666666667,1436.35,1541224.1631126755,1071139.8441178778,58.99729742282639,1.1298237889525218,1741311.7235753348,1735431.1693801603,1.0034364460933705,1.2021632811498402,7,0,1.469038001899573
profile,tfl-numbat-2019-midweek,night,6,9.966666666666667,1,3,off,free-flow,virtual,4,drop-offs,reassign-existing,100,5,16,12,4,0,91,84,7,84,940GZZLUEUS,0,3900,2813,1800,1794,a1953c90166778c3,299,299,0,0,205,94,6.833333333333333,65,84,9.333333333333334,10,true,1013,31,98,72,52,2,2,0,0,2,2,162,140,22,5,940GZZLUWHP-exit,true,415,102.42151616499443,486.01666666666665,265.03333333333336,533.0405239687849,1101.2666666666667,1290.8166666666666,1164537.9685496697,811074.6960185289,58.94566224620745,1.494192511267685,1740043.9118168207,1732656.1693801605,1.0043141612756845,1.1903092773325137,8,0,0.024882843279558746
profile,tfl-numbat-2019-midweek,night,5.4545449999999995,11,1,1,off,free-flow,virtual,4,drop-offs,unassigned,43,0,0,329,33,0,142,128,14,0,940GZZLUEUS,0,3900,2954,1800,1798.5,d042e9976f1d18e7,330,330,0,0,220,110,7.333333333333333,71,94,9.933333333333334,16,true,1154,43,118,101,71,3,1,0,0,2,1,496,392,99,7,london-link-048-a-departure,true,579.5,173.4312121212121,616.5666666666667,388.3666666666667,588.534797979798,1226.4666666666667,1465.6,1615958.0668514166,1313652.369774543,55.1594862801117,1.1379731415568022,1838916.8779189656,1835005.7616491881,1.0021794629813503,1.1840592862965176,5,0,0.9833079296628128
profile,tfl-numbat-2019-midweek,night,5.4545449999999995,11,1,1,off,free-flow,virtual,4,drop-offs,reassign-existing,111,11,17,26,6,0,103,90,13,90,940GZZLUEUS,0,3900,2878,1800,1798.5,d042e9976f1d18e7,330,330,0,0,237,93,7.9,81,84,10.4,9,true,1078,24,101,69,55,2,1,0,0,1,1,164,132,32,7,london-link-063-a-departure,true,468.5,85.43580808080809,468.06666666666666,213.41666666666666,498.28737373737374,1062.2166666666667,1228.2,1242693.9806341697,903863.921580899,57.89240436290179,1.4764046479656152,1834719.1690977667,1831555.761649189,1.0021291082141244,1.1903092773325137,4,0,0.03432276107544651
profile,tfl-numbat-2019-midweek,night,5.4545449999999995,11,1,2,off,free-flow,virtual,4,drop-offs,unassigned,38,0,0,350,33,0,141,131,10,0,940GZZLUEUS,0,3900,3198,1800,1798.5,50bea3e032ab06ac,330,330,0,0,204,126,6.8,63,102,9.4,24,true,1398,46,133,114,79,3,2,0,0,2,2,424,322,101,6,london-link-048-a-departure,true,953.5,209.53035353535356,969.6166666666667,535.2666666666667,644.9391414141414,1331.2666666666667,1524.85,1734570.5528386459,1511734.1890132297,53.432154118998355,1.1174570669231594,1938308.1222721047,1934348.2859768695,1.001661648410733,1.175556071610166,4,0,1.3911454957192286
profile,tfl-numbat-2019-midweek,night,5.4545449999999995,11,1,2,off,free-flow,virtual,4,drop-offs,reassign-existing,104,14,14,24,7,0,90,84,6,84,940GZZLUEUS,0,3900,2950,1800,1798.5,50bea3e032ab06ac,330,330,0,0,228,102,7.6,72,93,10.4,9,true,1150,29,111,84,61,2,2,0,0,2,1,114,91,23,5,london-link-013-a-arrival,true,356.5,107.51742424242425,557.0166666666667,275.73333333333335,540.7752020202021,1096.7333333333333,1412.3666666666666,1376770.63706109,1066888.301081672,56.34053981802664,1.404892772757146,1934215.1177885842,1930073.2859768695,1.0025423125601178,1.2069773101380075,5,0,0.23177825427306165
profile,tfl-numbat-2019-midweek,night,5.4545449999999995,11,1,3,off,free-flow,virtual,4,drop-offs,unassigned,46,0,2,304,36,0,119,108,11,0,940GZZLUEUS,0,3900,2914,1800,1798.5,c4a341f4642e795c,330,330,0,0,207,123,6.9,63,102,9.6,21,true,1114,48,124,104,70,3,2,0,0,2,1,389,324,65,6,london-link-048-a-departure,true,480.5,181.6160606060606,632.0333333333333,457.28333333333336,621.8038888888889,1260.9833333333333,1574.0666666666666,1661888.6791316797,1232231.2224734337,57.42293808248845,1.1774500439081044,1956790.8981570674,1950524.0828854851,1.0032640123291694,1.1898426570345046,8,0,0.680894404783236
profile,tfl-numbat-2019-midweek,night,5.4545449999999995,11,1,3,off,free-flow,virtual,4,drop-offs,reassign-existing,108,8,11,21,5,0,105,93,12,93,940GZZLUEUS,0,3900,2931,1800,1798.5,c4a341f4642e795c,330,330,0,0,229,101,7.633333333333334,72,93,10.466666666666667,8,true,1131,31,107,76,55,2,2,0,0,2,2,190,158,32,6,london-link-022-b-departure,true,238.5,103.45580808080808,408.98333333333335,261.78333333333336,540.5483838383839,1109.9833333333333,1240.6666666666667,1318982.2897995696,936276.7612751952,58.48473545294038,1.479667521311095,1951655.255463079,1947599.0828854847,1.0020475072429063,1.1869062441939247,5,0,0.004846986688962805
profile,tfl-numbat-2019-midweek,night,5,11.966666666666667,1,1,off,free-flow,virtual,4,drop-offs,unassigned,52,1,2,328,35,0,139,127,12,0,940GZZLUEUS,0,3900,3680,1800,1795,2be3e529710e9875,359,359,0,0,234,125,7.8,83,96,10.066666666666666,29,true,1880,51,126,109,75,4,2,0,1,2,1,518,416,100,7,london-link-048-a-departure,true,918,180.3183844011142,997.8666666666667,462.26666666666665,601.7644846796658,1261.35,1964.2166666666667,1751572.7553476347,1438529.0522988401,54.906484525014974,1.1600452525937743,2031903.6593326444,2027037.4828660896,1.0025205685241265,1.1887282126396161,6,0,0.7707392517335224
profile,tfl-numbat-2019-midweek,night,5,11.966666666666667,1,1,off,free-flow,virtual,4,drop-offs,reassign-existing,120,13,18,30,11,0,110,96,14,96,940GZZLUEUS,0,3900,2828,1800,1795,2be3e529710e9875,359,359,0,0,258,101,8.6,83,96,11.666666666666666,5,true,1028,30,105,78,61,2,2,0,0,2,2,253,211,42,5,london-link-048-a-departure,true,262,90.53259052924791,395.31666666666666,239.16666666666666,509.0005571030641,1074.75,1215.5,1342630.2760711592,909745.5009607779,59.60951497358079,1.5090945440825347,2026156.024392702,2022837.48286609,1.0017745415480135,1.1917196223713216,4,0,0.3823929813946453
profile,tfl-numbat-2019-midweek,night,5,11.966666666666667,1,2,off,free-flow,virtual,4,drop-offs,unassigned,45,0,0,369,37,0,161,149,12,0,940GZZLUEUS,0,3900,3626,1800,1795,4211505d27680b8b,359,359,0,0,226,133,7.533333333333333,68,111,10.533333333333333,22,true,1826,66,136,114,76,3,2,0,0,2,2,565,428,135,6,london-link-048-a-departure,true,859,234.8066852367688,939.8666666666667,595.85,671.6604456824513,1356.1333333333334,1906.2166666666667,1831503.6450137305,1719522.4647615752,51.576743971888746,1.1517837813300311,2109496.1936674905,2104286.5417951196,1.0028813695898453,1.1903092773325137,5,0,1.4337675520216546
profile,tfl-numbat-2019-midweek,night,5,11.966666666666667,1,2,off,free-flow,virtual,4,drop-offs,reassign-existing,120,8,18,12,6,0,97,93,4,93,940GZZLUEUS,0,3900,3199,1800,1795,4211505d27680b8b,359,359,0,0,254,105,8.466666666666667,85,94,11.266666666666667,11,true,1399,34,117,89,65,2,3,0,0,2,2,189,145,37,6,london-link-048-a-departure,true,391,105.48356545961002,515.8833333333333,292.55,539.3486072423398,1093.1166666666666,1413.3,1426488.2798104612,1093959.119323788,56.5966296420408,1.475387326235927,2104622.729076722,2098586.5417951196,1.003272091661412,1.365398728644671,4,0,0.49436521230058705
profile,tfl-numbat-2019-midweek,night,5,11.966666666666667,1,3,off,free-flow,virtual,4,drop-offs,unassigned,60,0,0,406,47,0,140,121,19,0,940GZZLUEUS,0,3900,3132,1800,1795,e593d26bccbd6209,359,359,0,0,225,134,7.5,69,110,10.4,24,true,1332,62,144,114,74,5,3,0,0,2,2,841,652,181,7,london-link-048-a-departure,true,870,216.09809656453112,959.1333333333333,551.75,655.20547818013,1425.0666666666666,1613.6666666666667,1781863.2965479975,1513730.3146388459,54.06805288429645,1.1890871840747088,2118790.8096053624,2113844.8898687335,1.0027767730154546,1.1898426570345046,6,0,1.22988928516818
profile,tfl-numbat-2019-midweek,night,5,11.966666666666667,1,3,off,free-flow,virtual,4,drop-offs,reassign-existing,124,10,19,27,7,0,114,99,15,99,940GZZLUEUS,0,3900,2973,1800,1795,e593d26bccbd6209,359,359,0,0,244,115,8.133333333333333,85,94,10.6,21,true,1173,34,122,85,57,2,2,0,0,2,2,150,116,34,5,london-link-098-a-departure,true,326,110.49837511606314,468.93333333333334,284.55,546.7811977715878,1110.6666666666667,1231.35,1376357.149733224,944195.2810563071,59.31161612517155,1.5379020451623533,2116702.4754901603,2110244.889868733,1.0037538973580855,1.3698467416622593,5,0,0.09892769445474942
profile,tfl-numbat-2019-midweek,night,4.615385,13.033333333333333,1,1,off,free-flow,virtual,4,drop-offs,unassigned,63,0,0,463,52,0,166,148,18,0,940GZZLUEUS,0,3900,3761,1800,1798.6,86aba24f394e3624,391,391,0,0,250,141,8.333333333333334,84,111,11.066666666666666,30,true,1961,60,143,114,78,5,2,0,0,2,2,624,472,150,7,london-link-063-a-arrival,true,990.4,215.07186700767264,1008.25,593.8333333333334,641.4786445012787,1257.2833333333333,1979.9666666666667,1898997.7023767428,1627417.4543294876,53.85065620437213,1.1797641398235177,2240369.39074207,2232006.455069236,1.004177688426078,1.228183917662986,10,0,1.4630809718320201
profile,tfl-numbat-2019-midweek,night,4.615385,13.033333333333333,1,1,off,free-flow,virtual,4,drop-offs,reassign-existing,144,20,23,40,11,0,129,114,15,114,940GZZLUEUS,0,3900,3579,1800,1798.6,86aba24f394e3624,391,391,0,0,270,121,9,94,101,11.733333333333333,20,true,1779,38,121,84,65,3,2,0,0,2,2,4549,166,2207,6,london-link-063-a-departure,true,1158.4,97.59454390451833,1231.4833333333333,243.86666666666667,520.6110826939471,1076.1,1853.85,1411067.6673144784,1002113.9509621002,58.47333066966673,1.5808449999682102,2230679.2665174776,2226756.4550692365,1.001333367738562,1.1879481766937212,4,0,0.477563872789337
profile,tfl-numbat-2019-midweek,night,4.615385,13.033333333333333,1,2,off,free-flow,virtual,4,drop-offs,unassigned,73,7,5,400,38,0,170,149,21,0,940GZZLUEUS,0,3900,3576,1800,1798.6,09112042b1d9f956,391,391,0,0,234,157,7.8,70,125,10.933333333333334,32,true,1776,70,162,114,72,4,3,0,1,2,1,513,433,79,6,london-link-048-a-departure,true,896.4,247.49727195225918,1158.0333333333333,635.4833333333333,678.2852088661551,1394.3666666666666,2008.6,1869655.2147550196,1755577.5788666275,51.57338359193241,1.2140915728609578,2269932.640267916,2260763.634045649,1.0042551477165773,1.2718137438468866,10,0,0.6145360988086526
profile,tfl-numbat-2019-midweek,night,4.615385,13.033333333333333,1,2,off,free-flow,virtual,4,drop-offs,reassign-existing,135,12,19,28,10,0,132,119,13,119,940GZZLUEUS,0,3900,3083,1800,1798.6,09112042b1d9f956,391,391,0,0,276,115,9.2,83,112,12.866666666666667,3,true,1283,35,130,88,67,2,2,0,0,2,2,379,174,88,5,london-link-048-a-departure,true,585.4,109.2843989769821,644.7666666666667,310.8,537.5890878090366,1075.5,1500.1166666666666,1489554.9224441806,1122536.0247990554,57.025385123601296,1.517446506114882,2260319.912724955,2259413.634045649,1.0005170416397695,1.2021632811498402,1,0,0.37979312506530144
profile,tfl-numbat-2019-midweek,night,4.615385,13.033333333333333,1,3,off,free-flow,virtual,4,drop-offs,unassigned,86,3,6,423,44,0,146,125,21,0,940GZZLUEUS,0,3900,3399,1800,1798.6,de8c84346b576f9d,391,391,0,0,233,158,7.766666666666667,73,122,10.666666666666666,36,true,1599,78,167,114,69,3,3,0,1,2,2,531,418,110,6,london-link-022-a-arrival,true,997.4,252.7332907075874,1001.7166666666667,669.3166666666667,694.1091219096335,1410.2333333333333,1710.0833333333333,1816765.6845374538,1729149.1278277016,51.23545772171711,1.2785020304063957,2322738.616341528,2308198.3613001863,1.0072253611580457,1.221104619462378,14,0,0.8889865091384114
profile,tfl-numbat-2019-midweek,night,4.615385,13.033333333333333,1,3,off,free-flow,virtual,4,drop-offs,reassign-existing,140,23,25,46,15,0,130,110,20,110,940GZZLUEUS,0,3900,2963,1800,1798.6,de8c84346b576f9d,391,391,0,0,275,116,9.166666666666666,94,101,12.066666666666666,15,true,1163,43,132,91,60,2,2,0,0,2,2,339,280,58,6,london-link-048-a-departure,true,274.4,118.84838022165387,486.3,303.05,556.8302642796249,1117.2,1273.95,1485800.619959174,1105085.3138952306,57.347203153354606,1.5566874974674543,2312927.2488172944,2307373.361300183,1.002694164875655,1.1845091508977326,7,0,0.37287296513005785
profile,tfl-numbat-2019-midweek,night,4.2857140000000005,14,1,1,off,free-flow,virtual,4,drop-offs,unassigned,88,2,8,473,60,0,172,152,20,0,940GZZLUEUS,0,3900,3767,1800,1799,def6a6a41e8ad6fd,420,420,0,0,262,158,8.733333333333333,94,116,11.2,42,true,1967,78,159,114,75,3,2,0,0,2,1,783,625,153,6,london-link-048-a-arrival,true,992,238.02781746031744,1026.2666666666667,710.65,666.0428571428571,1352.5833333333333,2001.7,1979313.240033216,1789994.9793854458,52.51131307957842,1.2200099575414172,2414781.861775961,2401805.7205081712,1.0062645763932512,1.3847312352602879,13,0,1.0912221181355546
profile,tfl-numbat-2019-midweek,night,4.2857140000000005,14,1,1,off,free-flow,virtual,4,drop-offs,reassign-existing,160,37,27,62,17,0,154,134,20,134,940GZZLUEUS,0,3900,2884,1800,1799,def6a6a41e8ad6fd,420,420,0,0,287,133,9.566666666666666,100,110,12.466666666666667,23,true,1084,40,133,95,68,3,2,0,0,2,2,447,343,104,7,london-link-048-a-departure,true,205,101.53488095238095,386.46666666666664,278,527.0745238095237,1074.8,1350.9,1496486.4790824323,1038297.6394266001,59.03802490141331,1.6074829923091913,2405576.5633379067,2399855.72050817,1.002444446927141,1.221104619462378,5,0,0.35932582097087795
profile,tfl-numbat-2019-midweek,night,4.2857140000000005,14,1,2,off,free-flow,virtual,4,drop-offs,unassigned,83,2,7,418,49,0,176,156,20,0,940GZZLUEUS,0,3900,3674,1800,1799,5d8b702387ea3569,420,420,0,0,252,168,8.4,81,129,11.4,39,true,1874,74,168,114,74,4,2,0,0,2,2,544,342,202,6,london-link-048-a-departure,true,993,252.6395238095238,1030.9166666666667,668.85,681.439007936508,1347.3333333333333,1895.9,1938905.0318791973,1853575.2799519068,51.124986089724636,1.250684100243894,2424957.6951077715,2418577.6157660517,1.002505028499602,1.2279764331400824,8,0,0.7082377717195321
profile,tfl-numbat-2019-midweek,night,4.2857140000000005,14,1,2,off,free-flow,virtual,4,drop-offs,reassign-existing,157,17,23,31,8,0,143,131,12,131,940GZZLUEUS,0,3900,2982,1800,1799,5d8b702387ea3569,420,420,0,0,291,129,9.7,91,119,13.333333333333334,10,true,1182,41,137,95,71,2,2,1,0,2,2,156,119,35,5,london-link-048-a-arrival,true,362,109.87059523809525,726.7666666666667,284.7,536.7505555555556,1089.6666666666667,1582.1166666666666,1547943.5112572168,1122092.9576143352,57.97462054559241,1.565846577881318,2423842.0498284562,2416027.6157660545,1.0034099081857102,1.2165379926899318,5,0,0.13305494145582575
profile,tfl-numbat-2019-midweek,night,4.2857140000000005,14,1,3,off,free-flow,virtual,4,drop-offs,unassigned,95,10,11,453,48,0,155,137,18,0,940GZZLUEUS,0,3900,3425,1800,1799,543bacff6e8e87de,420,420,0,0,251,169,8.366666666666667,79,131,11.466666666666667,38,true,1625,83,179,114,74,4,2,0,0,2,1,378,299,79,7,london-link-048-a-departure,true,956,261.61281746031744,992.65,739.85,699.6146428571429,1456.0666666666666,1835.0666666666666,1959422.7007608383,1768759.4133712756,52.557054370638596,1.2653490798904863,2479353.7113672565,2462410.6916881935,1.0071711719975676,1.2700282542237022,17,0,0.9260449216239934
profile,tfl-numbat-2019-midweek,night,4.2857140000000005,14,1,3,off,free-flow,virtual,4,drop-offs,reassign-existing,150,28,25,55,17,0,150,127,23,127,940GZZLUEUS,0,3900,2948,1800,1799,543bacff6e8e87de,420,420,0,0,291,129,9.7,100,110,12.733333333333333,19,true,1148,43,142,96,65,2,2,0,0,2,2,287,233,49,5,940GZZLUECT-exit,true,331,119.17690476190477,475.76666666666665,317,554.9636111111112,1149.8833333333334,1247.4833333333333,1587877.4129699827,1061485.9757495578,59.934300433487046,1.5556317483672402,2470152.5160877807,2463985.6916881925,1.0028607512390888,1.1869062441939247,8,0,0.31313896056406215
profile,tfl-numbat-2019-midweek,night,4,14.966666666666667,1,1,off,free-flow,virtual,4,drop-offs,unassigned,113,1,9,506,65,0,179,161,18,0,940GZZLUEUS,0,3900,3482,1800,1796,496c456e64d1b538,449,449,0,0,277,172,9.233333333333333,96,128,12.066666666666666,44,true,1682,84,174,114,79,3,2,0,0,2,1,533,430,97,6,london-link-048-a-departure,true,983,239.9304380103935,1149.3166666666666,747.4,671.5366740905716,1377.05,1857.8166666666666,1999742.7498390824,1840832.1788547707,52.06883831112176,1.3010381962297537,2601741.6999976556,2583224.204825037,1.0076530654279672,1.365398728644671,17,0,0.7791015784811433
profile,tfl-numbat-2019-midweek,night,4,14.966666666666667,1,1,off,free-flow,virtual,4,drop-offs,reassign-existing,179,38,29,62,21,0,168,149,19,149,940GZZLUEUS,0,3900,2850,1800,1796,496c456e64d1b538,449,449,0,0,305,144,10.166666666666666,107,117,13.2,27,true,1050,41,148,99,67,3,2,0,0,2,2,355,307,48,5,london-link-048-a-departure,true,418,104.09996288047513,518,276.56666666666666,531.8412769116555,1069.9,1389.0833333333333,1577887.070053367,1016431.5832663222,60.820865934657,1.6403002647807643,2588208.5787592074,2580674.2048250367,1.003353841882794,1.2021632811498402,8,0,0.9459913485363908
profile,tfl-numbat-2019-midweek,night,4,14.966666666666667,1,2,off,free-flow,virtual,4,drop-offs,unassigned,108,6,9,443,55,0,174,154,20,0,940GZZLUEUS,0,3900,3740,1800,1796,916284cd6b4ace08,449,449,0,0,273,176,9.1,87,137,12.4,39,true,1940,83,179,114,78,3,2,0,1,2,2,298,234,64,7,london-link-063-b-arrival,true,1079,255.76484780994804,1090.55,815.6333333333333,679.2038975501114,1407.1333333333334,2015.6333333333334,2004550.7219526612,1945202.1695229483,50.75129449943311,1.2804678550688489,2566762.7631415115,2552902.748473809,1.0051658579723743,1.2370832310183666,16,0,0.4158299779079486
profile,tfl-numbat-2019-midweek,night,4,14.966666666666667,1,2,off,free-flow,virtual,4,drop-offs,reassign-existing,173,32,27,60,16,0,165,147,18,147,940GZZLUEUS,0,3900,3203,1800,1796,916284cd6b4ace08,449,449,0,0,304,145,10.133333333333333,94,130,14,15,true,1403,45,147,102,69,3,4,0,0,2,2,299,222,74,5,london-link-048-a-arrival,true,509,120.61317743132888,663.7333333333333,372.0833333333333,543.0267631774313,1095.6,1566.3333333333333,1626660.091586655,1210025.5009145108,57.34368644472842,1.5731943976871163,2559052.542966365,2552452.7484738105,1.0023900890633186,1.2037758651061488,5,0,0.30170775249378057
profile,tfl-numbat-2019-midweek,night,4,14.966666666666667,1,3,off,free-flow,virtual,4,drop-offs,unassigned,121,12,12,419,47,0,160,139,21,0,940GZZLUEUS,0,3900,3498,1800,1796,b5e14fc27a619533,449,449,0,0,261,188,8.7,89,135,11.466666666666667,53,true,1698,91,192,114,69,6,2,0,0,2,1,1025,613,412,7,london-link-048-a-departure,true,897,278.2533407572383,1048.6666666666667,748.7,720.6026726057906,1494.7,1791.3833333333334,1982744.2020566377,1872024.554550585,51.4361386440662,1.3407134694275602,2658291.8579507535,2637159.4824900166,1.0081821013351686,1.2232852067943651,22,0,1.5972305712123676
profile,tfl-numbat-2019-midweek,night,4,14.966666666666667,1,3,off,free-flow,virtual,4,drop-offs,reassign-existing,170,41,34,73,19,0,162,137,25,137,940GZZLUEUS,0,3900,3091,1800,1796,b5e14fc27a619533,449,449,0,0,306,143,10.2,104,120,13.466666666666667,23,true,1291,50,156,107,70,2,2,0,0,2,2,236,184,50,5,london-link-048-a-departure,true,445,127.10423162583518,523.5333333333333,341.2,563.9292501855977,1170.2833333333333,1318.9333333333334,1670191.3848087578,1190474.6320228777,58.38470394592229,1.5829356568366888,2643805.496677661,2633559.4824900134,1.004701253185986,1.1898426570345046,10,0,0.6605700757937342
