pattern,demand_profile,demand_band,request_every_seconds,offered_per_minute,burst_size,seed,policy,routing_policy,platoon_policy,shared_ride_party_limit,sharing_mode,shared_parties,focus_station,window_start_seconds,window_end_seconds,actual_end_seconds,arrival_window_seconds,arrival_end_seconds,schedule_id,scheduled,served,remaining,skipped,completed_at_arrival_end,backlog_at_arrival_end,arrival_throughput_per_minute,completed_at_arrival_midpoint,backlog_at_arrival_midpoint,late_arrival_throughput_per_minute,late_backlog_change,drained,drain_seconds,peak_pending,peak_outstanding,peak_active_vehicles,peak_passenger_vehicles,peak_stopped_vehicles,peak_focus_approaching,peak_focus_entrance_stopped,peak_focus_exit_stopped,peak_focus_occupied_berths,peak_focus_reserved_empty_berths,stopped_pod_seconds,junction_wait_seconds,track_wait_seconds,peak_node_throughput_per_minute,peak_node,queue_cleared,queue_clear_seconds,wait_average_seconds,wait_maximum_seconds,wait_p95_seconds,journey_average_seconds,journey_p95_seconds,journey_maximum_seconds,passenger_distance_meters,empty_distance_meters,loaded_distance_percent,occupancy,rider_distance_meters,direct_distance_meters,detour_ratio_mean,detour_ratio_max,intermediate_stops,positioning_moves,coupled_time_percent
profile,tfl-numbat-2019-midweek,early,60,0.9666666666666667,1,1,off,free-flow,virtual,1,destination,0,940GZZLUEUS,0,3900,2588,1800,1740,9528258c1baa82ba,29,29,0,0,19,10,0.6333333333333333,6,8,0.8666666666666667,2,true,788,4,10,10,9,1,0,0,0,1,0,3,1,2,2,940GZZLULVT-01-arrival,true,215,108.86724137931034,274.26666666666665,254.53333333333333,554.3074712643678,868.65,907.1666666666666,175363.26653690037,205991.72869473742,45.984258428392536,1,175363.2665354108,175363.2665354108,1,1,0,0,0
profile,tfl-numbat-2019-midweek,early,60,0.9666666666666667,1,2,off,free-flow,virtual,1,destination,0,940GZZLUEUS,0,3900,2502,1800,1740,bb5eef7e7cabdb3b,29,29,0,0,19,10,0.6333333333333333,6,8,0.8666666666666667,2,true,702,4,13,13,10,0,0,0,0,1,1,0,0,0,2,940GZZLULVT-01-arrival,true,205,142.69655172413792,295.9166666666667,291.9,616.9637931034483,881.25,934.7,186917.10622428585,197944.3849706932,48.56737046980615,1,186917.10622258438,186917.10622258438,1,1,0,0,0
profile,tfl-numbat-2019-midweek,early,60,0.9666666666666667,1,3,off,free-flow,virtual,1,destination,0,940GZZLUEUS,0,3900,2550,1800,1740,47735eda4f594ac0,29,29,0,0,22,7,0.7333333333333333,6,8,1.0666666666666667,-1,true,750,4,13,13,11,1,0,0,0,1,0,10,8,2,3,london-link-069-a-departure,true,221,121.15402298850576,280.31666666666666,279.6166666666667,580.1637931034483,869.6666666666666,893.3166666666667,180728.84282990475,209967.26038299812,46.258163658064376,1,180728.84282819697,180728.84282819697,1,1,0,0,0
profile,tfl-numbat-2019-midweek,early,30,1.9666666666666666,1,1,off,free-flow,virtual,1,destination,0,940GZZLUEUS,0,3900,2524,1800,1770,383a7529680b260f,59,59,0,0,35,24,1.1666666666666667,12,17,1.5333333333333334,7,true,724,10,27,27,20,1,0,0,0,1,1,18,14,4,4,london-link-009-a-arrival,true,238,166.2189265536723,369.01666666666665,349.3,621.5324858757061,932.5666666666667,963.7333333333333,364111.601688135,396930.5629243967,47.843814524194556,1,364111.60168360017,364111.60168360017,1,1,0,0,0
profile,tfl-numbat-2019-midweek,early,30,1.9666666666666666,1,2,off,free-flow,virtual,1,destination,0,940GZZLUEUS,0,3900,2547,1800,1770,d1340ee5a623df89,59,59,0,0,35,24,1.1666666666666667,11,18,1.6,6,true,747,10,26,26,17,1,0,0,0,1,1,12,9,3,5,london-link-068-a-arrival,true,215,195.8997175141243,377.55,369.01666666666665,658.4064971751412,940.3333333333334,1010.2666666666667,369743.25030686636,435086.42673242086,45.940558711382806,1,369743.250302165,369743.250302165,1,1,0,0,0
profile,tfl-numbat-2019-midweek,early,30,1.9666666666666666,1,3,off,free-flow,virtual,1,destination,0,940GZZLUEUS,0,3900,2719,1800,1770,badaff981b31ddb7,59,59,0,0,40,19,1.3333333333333333,11,18,1.9333333333333333,1,true,919,8,22,22,16,1,0,0,0,1,1,18,14,4,4,london-link-009-a-arrival,true,372,162.00536723163842,371.68333333333334,361.48333333333335,618.55,947.1666666666666,950.1166666666667,364992.5610805288,408717.21492391557,47.17435043478528,1,364992.56107588904,364992.56107588904,1,1,0,0,0
profile,tfl-numbat-2019-midweek,early,20,2.966666666666667,1,1,off,free-flow,virtual,1,destination,0,940GZZLUEUS,0,3900,2695,1800,1780,4a2d770f2630dd23,89,89,0,0,51,38,1.7,18,26,2.2,12,true,895,17,38,38,26,1,0,0,0,1,1,29,19,10,4,london-link-009-a-arrival,true,287,205.42696629213484,415.8,406.9,663.2503745318352,1004.1,1054.5833333333333,551401.1634924907,622818.3162534513,46.95895213829987,1,551401.1634915941,551401.1634915941,1,1,0,0,0
profile,tfl-numbat-2019-midweek,early,20,2.966666666666667,1,2,off,free-flow,virtual,1,destination,0,940GZZLUEUS,0,3900,2748,1800,1780,19332ce46bf440c5,89,89,0,0,57,32,1.9,14,30,2.8666666666666667,2,true,948,15,37,37,26,1,0,0,0,1,1,44,36,8,5,london-link-009-a-arrival,true,329,208.88426966292135,408.05,397.6333333333333,661.0485018726591,1002.7666666666667,1031.0666666666666,543886.9494199198,606459.6192818714,47.2802687657613,1,543886.9494171848,543886.9494171848,1,1,0,0,0
profile,tfl-numbat-2019-midweek,early,20,2.966666666666667,1,3,off,free-flow,virtual,1,destination,0,940GZZLUEUS,0,3900,2716,1800,1780,1023c2b2435ed2d7,89,89,0,0,55,34,1.8333333333333333,18,26,2.466666666666667,8,true,916,14,37,36,26,1,0,0,0,1,1,15,9,6,5,940GZZLUPAC-01-arrival,true,303,187.93876404494384,384.1166666666667,377.55,646.4705992509363,979.6333333333333,1016.6333333333333,552594.8060825728,578328.3922279478,48.862275255127045,1,552594.8060818585,552594.8060818585,1,1,0,0,0
profile,tfl-numbat-2019-midweek,early,15,3.966666666666667,1,1,off,free-flow,virtual,1,destination,0,940GZZLUEUS,0,3900,2860,1800,1785,1609c532807f9008,119,119,0,0,71,48,2.3666666666666667,22,37,3.2666666666666666,11,true,1060,24,52,52,33,2,0,0,0,1,1,126,93,33,5,940GZZLUPAC-01-departure,true,452,256.39607843137253,507.9166666666667,480.4,727.2714285714286,1104.4,1126.7666666666667,757346.2213682027,873841.6163849294,46.42912384703676,1,757346.2214140515,757346.2214140515,1,1,0,0,1.01931330472103
profile,tfl-numbat-2019-midweek,early,15,3.966666666666667,1,2,off,free-flow,virtual,1,destination,0,940GZZLUEUS,0,3900,2839,1800,1785,c5ea67b17f25e70e,119,119,0,0,77,42,2.566666666666667,17,42,4,0,true,1039,21,48,48,32,2,0,0,0,1,1,145,113,32,6,london-link-009-a-arrival,true,428,234.5752100840336,486.21666666666664,453.7,686.8313725490196,1068.95,1092.4833333333333,726281.881913136,823339.6776750904,46.8683387514386,1,726281.8819520401,726281.8819520401,1,1,0,0,0.6294242619251215
profile,tfl-numbat-2019-midweek,early,15,3.966666666666667,1,3,off,free-flow,virtual,1,destination,0,940GZZLUEUS,0,3900,2870,1800,1785,a02f25ab84cc8d7d,119,119,0,0,75,44,2.5,21,38,3.6,6,true,1070,19,48,47,31,1,0,0,0,1,1,79,53,26,5,940GZZLUPAC-01-arrival,true,446,219.1233893557423,450.5,432.5,681.6669467787115,1040.4833333333333,1084.65,744182.9727746296,783867.7563803947,48.701457260266814,1,744182.9728173974,744182.9728173974,1,1,0,0,1.0968135058604251
profile,tfl-numbat-2019-midweek,early,12,4.966666666666667,1,1,off,free-flow,virtual,1,destination,0,940GZZLUEUS,0,3900,2884,1800,1788,fde388a840555436,149,149,0,0,87,62,2.9,25,49,4.133333333333334,13,true,1084,35,67,65,37,3,0,0,0,1,1,249,202,47,6,london-link-009-a-arrival,true,475,287.71073825503356,527.6,513.5,760.5814317673378,1141.8,1166.3833333333334,950833.6493619707,1075468.8751687312,46.92456520440781,1,950833.6494512905,950833.6494512905,1,1,0,0,0.9358333839006991
profile,tfl-numbat-2019-midweek,early,12,4.966666666666667,1,2,off,free-flow,virtual,1,destination,0,940GZZLUEUS,0,3900,2788,1800,1788,0db4ec5e24e7ed35,149,149,0,0,91,58,3.033333333333333,22,52,4.6,6,true,988,32,60,59,40,4,1,0,0,1,1,443,323,120,7,london-link-033-a-departure,true,401,274.8225950782998,535.5,524.2833333333333,729.8024608501119,1127.0333333333333,1173.9,911346.5061986272,1062031.1294970512,46.1820631648817,1,911346.5062785232,911346.5062785232,1,1,0,0,1.669400752677796
profile,tfl-numbat-2019-midweek,early,12,4.966666666666667,1,3,off,free-flow,virtual,1,destination,0,940GZZLUEUS,0,3900,2875,1800,1788,8d13d145a9ef1806,149,149,0,0,90,59,3,26,48,4.266666666666667,11,true,1075,32,62,62,40,3,0,0,0,1,1,241,192,49,6,london-link-030-b-departure,true,492,261.18959731543623,514.2666666666667,491.9,724.6374720357942,1106.75,1141.3833333333334,931467.5918435676,1024550.6850895251,47.62059755924403,1,931467.5919286269,931467.5919286269,1,1,0,0,2.866853230792851
profile,tfl-numbat-2019-midweek,early,10,5.966666666666667,1,1,off,free-flow,virtual,1,destination,0,940GZZLUEUS,0,3900,3013,1800,1790,aadad49ab1254db9,179,179,0,0,94,85,3.1333333333333333,27,62,4.466666666666667,23,true,1213,46,86,83,48,4,2,0,0,1,2,729,509,220,7,london-link-017-a-departure,true,626,335.59422718808196,635.55,591.7333333333333,810.7520484171322,1215.7666666666667,1251.35,1145301.4885381018,1315562.9440759507,46.540616921408606,1,1145301.4886240084,1145301.4886240084,1,1,0,0,3.320262881758436
profile,tfl-numbat-2019-midweek,early,10,5.966666666666667,1,2,off,free-flow,virtual,1,destination,0,940GZZLUEUS,0,3900,2917,1800,1790,2b255de325ea94d8,179,179,0,0,101,78,3.3666666666666667,23,66,5.2,12,true,1117,45,80,79,49,4,2,0,0,1,2,517,352,165,9,london-link-069-a-departure,true,538,311.2201117318436,570.5,552.9166666666666,768.2882681564246,1146.6666666666667,1220.3833333333334,1094318.1970949457,1307889.6517820375,45.55468410473026,1,1094318.1971933101,1094318.1971933101,1,1,0,0,1.1980794492005253
profile,tfl-numbat-2019-midweek,early,10,5.966666666666667,1,3,off,free-flow,virtual,1,destination,0,940GZZLUEUS,0,3900,3067,1800,1790,26744e71f4c37b72,179,179,0,0,94,85,3.1333333333333333,28,61,4.4,24,true,1267,42,86,83,44,3,2,0,0,1,2,262,184,78,6,london-link-033-a-departure,true,631,313.236592178771,639.5166666666667,586.8833333333333,782.2372439478585,1181.6,1276.8,1131304.1331353162,1286397.4011274986,46.79254726453504,1,1131304.1332244077,1131304.1332244077,1,1,0,0,1.4683881603089204
profile,tfl-numbat-2019-midweek,early,8.571429,7,1,1,off,free-flow,virtual,1,destination,0,940GZZLUEUS,0,3900,3065,1800,1799,3563668f01b58088,210,210,0,0,106,104,3.533333333333333,28,77,5.2,27,true,1265,60,104,101,56,5,2,0,0,1,2,1303,906,397,7,london-link-033-a-departure,true,689,380.39214285714286,688.75,647.2166666666667,862.7712698412698,1255.65,1292.9333333333334,1362581.2027384907,1560547.2942956164,46.61379765278899,1,1362581.2027679584,1362581.2027679584,1,1,0,0,4.590253400487469
profile,tfl-numbat-2019-midweek,early,8.571429,7,1,2,off,free-flow,virtual,1,destination,0,940GZZLUEUS,0,3900,3101,1800,1799,2c5e275a02e8aba7,210,210,0,0,106,104,3.533333333333333,28,77,5.2,27,true,1301,59,104,103,55,5,2,0,0,1,2,1042,641,401,9,london-link-033-a-departure,true,733,372.4915873015873,732.1333333333333,669.5833333333334,831.2286507936508,1246.9166666666667,1327.6166666666666,1293731.7027075125,1587092.0334102742,44.90839500131835,1,1293731.702754723,1293731.702754723,1,1,0,0,3.7953252128109862
profile,tfl-numbat-2019-midweek,early,8.571429,7,1,3,off,free-flow,virtual,1,destination,0,940GZZLUEUS,0,3900,3128,1800,1799,ddd650abd105cd58,210,210,0,0,104,106,3.466666666666667,30,75,4.933333333333334,31,true,1328,55,106,104,55,5,2,0,0,1,2,989,735,254,9,london-link-069-a-arrival,true,754,357.58484126984126,890.8166666666667,679.8333333333334,827.7043650793651,1261.4166666666667,1346.75,1322946.072924456,1512120.849544661,46.663662943528536,1,1322946.0729633425,1322946.0729633425,1,1,0,0,4.8001299656928795
profile,tfl-numbat-2019-midweek,early,7.5,7.966666666666667,1,1,off,free-flow,virtual,1,destination,0,940GZZLUEUS,0,3900,3377,1800,1792.5,63b1ce4d79486c0c,239,239,0,0,116,123,3.8666666666666667,30,89,5.733333333333333,34,true,1577,73,124,114,62,9,2,0,0,1,2,3299,1646,1653,10,london-link-068-a-departure,true,751.5,428.8813110181311,799.5166666666667,765.8666666666667,913.2016039051604,1369.2666666666667,1681.35,1552358.5849898462,1907796.059386931,44.86384987193103,1,1552358.5849713876,1552358.5849713876,1,1,0,0,6.606061542263965
profile,tfl-numbat-2019-midweek,early,7.5,7.966666666666667,1,2,off,free-flow,virtual,1,destination,0,940GZZLUEUS,0,3900,3155,1800,1792.5,b14207684481cacc,239,239,0,0,120,119,4,33,86,5.8,33,true,1355,68,120,114,59,8,2,0,0,1,2,2190,1206,983,9,london-link-033-a-departure,true,754.5,414.1344490934449,753.8833333333333,731.0333333333333,878.081520223152,1326.1333333333334,1377.8,1484268.6865506757,1830138.9698410016,44.78232132032202,1,1484268.68655109,1484268.68655109,1,1,0,0,7.50238148320801
profile,tfl-numbat-2019-midweek,early,7.5,7.966666666666667,1,3,off,free-flow,virtual,1,destination,0,940GZZLUEUS,0,3900,3158,1800,1792.5,93ce2d6fb7cde873,239,239,0,0,120,119,4,34,85,5.733333333333333,34,true,1358,70,126,114,57,7,2,0,0,1,2,1900,1321,577,9,london-link-069-a-departure,true,761.5,396.4589958158996,874.4333333333333,734.5666666666667,868.0818688981869,1350.8166666666666,1387.1,1508673.5933579071,1780915.3205736063,45.86207069730284,1,1508673.5933517057,1508673.5933517057,1,1,0,0,6.900831015854423
profile,tfl-numbat-2019-midweek,early,6.666667,8.966666666666667,1,1,off,free-flow,virtual,1,destination,0,940GZZLUEUS,0,3900,3412,1800,1793.3333333333333,4a2c0b0e2de5a8b9,269,269,0,0,121,148,4.033333333333333,34,100,5.8,48,true,1612,93,148,114,59,14,2,0,0,1,2,6140,2251,3889,10,london-link-068-a-departure,true,942.6666666666666,493.15408921933084,946.9666666666667,908.6833333333333,975.4136307311028,1503.0666666666666,1904.8333333333333,1744202.5897240108,2012910.9028545532,46.42400590691068,1,1744202.5896569223,1744202.5896569223,1,1,0,0,8.943092280514819
profile,tfl-numbat-2019-midweek,early,6.666667,8.966666666666667,1,2,off,free-flow,virtual,1,destination,0,940GZZLUEUS,0,3900,3302,1800,1793.3333333333333,d22cf29e05f827ac,269,269,0,0,127,142,4.233333333333333,35,99,6.133333333333334,43,true,1502,88,142,114,63,7,2,0,0,1,2,3558,1931,1627,8,london-link-033-a-departure,true,882.6666666666666,463.5268897149938,886.3166666666667,836.0833333333334,937.7117719950434,1457.2,1521.7166666666667,1670882.681817004,2029567.1791273884,45.15350145537651,1,1670882.6817698614,1670882.6817698614,1,1,0,0,8.378120105189039
profile,tfl-numbat-2019-midweek,early,6.666667,8.966666666666667,1,3,off,free-flow,virtual,1,destination,0,940GZZLUEUS,0,3900,3253,1800,1793.3333333333333,d987e36c0704b230,269,269,0,0,126,143,4.2,41,93,5.666666666666667,50,true,1453,87,143,114,62,8,2,0,0,1,2,3012,1810,1202,8,london-link-033-a-departure,true,873.6666666666666,457.14907063197023,1120.85,803.0166666666667,929.2696406443619,1415.2333333333333,1492.2333333333333,1693527.2864899018,1976541.2639663753,46.14429575925376,1,1693527.2864348309,1693527.2864348309,1,1,0,0,9.356780515872003
profile,tfl-numbat-2019-midweek,early,6,9.966666666666667,1,1,off,free-flow,virtual,1,destination,0,940GZZLUEUS,0,3900,3507,1800,1794,813f7f4fec7f70d2,299,299,0,0,125,174,4.166666666666667,40,109,5.666666666666667,65,true,1707,115,176,114,62,16,2,0,0,1,2,8390,2692,5698,11,london-link-009-a-arrival,true,1132,577.1019509476031,1135.65,1079.75,1066.209977703456,1676.6166666666666,2013.8166666666666,1943945.7560451322,2169811.6939342245,47.25474896569041,1,1943945.7559318678,1943945.7559318678,1,1,0,0,12.572370460829784
profile,tfl-numbat-2019-midweek,early,6,9.966666666666667,1,2,off,free-flow,virtual,1,destination,0,940GZZLUEUS,0,3900,3364,1800,1794,a6937e018b1fcc1f,299,299,0,0,132,167,4.4,41,108,6.066666666666666,59,true,1564,108,168,114,63,8,2,0,0,1,2,3849,2091,1757,10,london-link-010-a-departure,true,999,533.0643255295429,1022.1,974.7333333333333,1001.9507246376811,1547.45,1650.7333333333333,1849999.4151720055,2204867.2603331194,45.62417369595873,1,1849999.415084611,1849999.415084611,1,1,0,0,10.201987753550029
profile,tfl-numbat-2019-midweek,early,6,9.966666666666667,1,3,off,free-flow,virtual,1,destination,0,940GZZLUEUS,0,3900,3477,1800,1794,569e16cc1ad11ec7,299,299,0,0,135,164,4.5,42,107,6.2,57,true,1677,108,165,114,61,9,2,0,0,1,2,4543,2444,2099,9,london-link-033-a-departure,true,1066,525.8557413600892,1066,993.6833333333333,1004.6866778149387,1563.7333333333333,1700.1333333333334,1899349.530784187,2186410.1230140976,46.48705973241662,1,1899349.53068049,1899349.53068049,1,1,0,0,9.632643525999182
profile,tfl-numbat-2019-midweek,early,5.4545449999999995,11,1,1,off,free-flow,virtual,1,destination,0,940GZZLUEUS,0,3900,3900,1800,1798.5,20e33643790350cf,330,329,1,0,131,199,4.366666666666666,42,123,5.933333333333334,76,false,0,141,201,114,61,15,2,0,0,1,2,9859,3145,6713,10,london-link-033-a-departure,true,1446.5,681.059898989899,1478.8333333333333,1278.1833333333334,1162.3915906788247,1856.9333333333334,2048.75,2137378.983875146,2435581.6922639078,46.739500626533555,1,2128294.733708604,2128294.733708604,1,1,0,0,12.353734160150983
profile,tfl-numbat-2019-midweek,early,5.4545449999999995,11,1,2,off,free-flow,virtual,1,destination,0,940GZZLUEUS,0,3900,3651,1800,1798.5,9a5fd55d60a95da3,330,330,0,0,144,186,4.8,41,124,6.866666666666666,62,true,1851,133,188,114,63,7,2,0,0,1,2,3177,2190,979,12,london-link-069-b-arrival,true,1212.5,609.539494949495,1229.3,1098.2,1077.1262121212121,1688.1666666666667,1868.8166666666666,2044836.6205475011,2421281.2534800423,45.78554973748304,1,2044836.6204109523,2044836.6204109523,1,1,0,0,11.371100287099102
profile,tfl-numbat-2019-midweek,early,5.4545449999999995,11,1,3,off,free-flow,virtual,1,destination,0,940GZZLUEUS,0,3900,3751,1800,1798.5,3aa6ead3ecd2761f,330,330,0,0,137,193,4.566666666666666,48,117,5.933333333333334,76,true,1951,137,193,114,60,11,2,0,0,2,2,6595,2916,3678,11,london-link-069-b-departure,true,1314.5,626.1312121212121,1313.55,1204.0833333333333,1099.106313131313,1765.5333333333333,1952.3333333333333,2082535.0069161924,2411353.296337305,46.34149463413394,1,2082535.00676484,2082535.00676484,1,1,0,0,12.477134146341463
profile,tfl-numbat-2019-midweek,early,5,11.966666666666667,1,1,off,free-flow,virtual,1,destination,0,940GZZLUEUS,0,3900,3900,1800,1795,5608ed1bb22ab7e5,359,356,3,0,136,223,4.533333333333333,43,136,6.2,87,false,0,164,223,114,64,14,2,0,0,1,2,8193,3229,4964,10,london-link-035-b-departure,true,1689,766.1604456824513,1688.35,1484.8,1240.763202247191,2002.8666666666666,2163.4333333333334,2318715.1124574183,2559188.9904955733,47.53506964299917,1,2295189.7589932224,2295189.7589932224,1,1,0,0,11.682721924371263
profile,tfl-numbat-2019-midweek,early,5,11.966666666666667,1,2,off,free-flow,virtual,1,destination,0,940GZZLUEUS,0,3900,3806,1800,1795,706d8f75a32eac66,359,359,0,0,143,216,4.766666666666667,45,134,6.533333333333333,82,true,2006,162,216,114,66,12,2,0,0,1,2,6145,2988,3155,11,london-link-108-b-departure,true,1440,712.2263231197771,1466.35,1312.1166666666666,1181.5603528319407,1845.05,2072.9333333333334,2207406.469392181,2591003.4732886073,46.00287378028692,1,2207406.469216909,2207406.469216909,1,1,0,0,12.541490096001276
profile,tfl-numbat-2019-midweek,early,5,11.966666666666667,1,3,off,free-flow,virtual,1,destination,0,940GZZLUEUS,0,3900,3873,1800,1795,e90e4c4c349d670e,359,359,0,0,150,209,5,49,130,6.733333333333333,79,true,2073,156,212,114,63,10,2,0,0,1,2,6789,3206,3581,10,london-link-069-a-arrival,true,1500,704.7010213556174,1499.1,1375,1179.166713091922,1938.4333333333334,2092.8166666666666,2271687.519188811,2535740.1918233694,47.253701058991446,1,2271687.5189914363,2271687.5189914363,1,1,0,0,11.714299024699038
profile,tfl-numbat-2019-midweek,morning,60,0.9666666666666667,1,1,off,free-flow,virtual,1,destination,0,940GZZLUEUS,0,3900,2307,1800,1740,ec096baf2262cfae,29,29,0,0,23,6,0.7666666666666667,7,7,1.0666666666666667,-1,true,507,1,10,10,10,0,1,0,0,2,1,0,0,0,2,london-link-023-a-arrival,true,0,20.49712643678161,205.85,115.76666666666667,415.63045977011495,811.8166666666667,1048.5666666666666,155331.7207800927,41283.54053107956,79.0028809280769,1,155331.72077894528,155331.72077894528,1,1,0,0,0
profile,tfl-numbat-2019-midweek,morning,60,0.9666666666666667,1,2,off,free-flow,virtual,1,destination,0,940GZZLUEUS,0,3900,2155,1800,1740,eaf98c10ead9f202,29,29,0,0,23,6,0.7666666666666667,8,6,1,0,true,355,2,9,9,8,0,0,0,0,1,1,0,0,0,2,london-link-084-a-departure,true,0,41.04080459770115,172.65,150.91666666666666,393.2201149425287,708.5166666666667,813.1833333333333,137908.053580545,30776.098725044365,81.75519258662177,1,137908.05357964188,137908.05357964188,1,1,0,0,0
profile,tfl-numbat-2019-midweek,morning,60,0.9666666666666667,1,3,off,free-flow,virtual,1,destination,0,940GZZLUEUS,0,3900,2488,1800,1740,5214e5eaa55ec074,29,29,0,0,21,8,0.7,7,7,0.9333333333333333,1,true,688,3,10,10,10,1,0,0,0,1,1,5,4,1,2,940GZZLUBNK-01-arrival,true,164,53.166091954022995,343.9,327.81666666666666,468.3086206896552,859.2333333333333,891.2333333333333,163234.2424259688,85610.58622028808,65.59679914345858,1,163234.24242449424,163234.24242449424,1,1,0,0,0
profile,tfl-numbat-2019-midweek,morning,30,1.9666666666666666,1,1,off,free-flow,virtual,1,destination,0,940GZZLUEUS,0,3900,2677,1800,1770,97c3b096389d787f,59,59,0,0,42,17,1.4,15,14,1.8,3,true,877,5,18,18,16,1,1,0,0,2,1,9,8,1,2,940GZZLUKSX-01-departure,true,267,61.76977401129943,385.5833333333333,223.23333333333332,450.77288135593216,996.4,1048.5666666666666,310821.4708268752,139108.3555669802,69.08221073452268,1,310821.4708232852,310821.4708232852,1,1,0,0,0
profile,tfl-numbat-2019-midweek,morning,30,1.9666666666666666,1,2,off,free-flow,virtual,1,destination,0,940GZZLUEUS,0,3900,2839,1800,1770,2eb0fa6013c87d49,59,59,0,0,43,16,1.4333333333333333,16,13,1.8,3,true,1039,5,17,16,14,1,1,0,0,1,1,8,7,1,2,940GZZLUBXN-01-arrival,true,363,65.44774011299435,362.2,309.9166666666667,452.65677966101697,946.4166666666666,1068.65,309161.27625129337,122939.95968260306,71.548343430008,1,309161.2762475908,309161.2762475908,1,1,0,0,0
profile,tfl-numbat-2019-midweek,morning,30,1.9666666666666666,1,3,off,free-flow,virtual,1,destination,0,940GZZLUEUS,0,3900,2499,1800,1770,e15aaff78f8f0841,59,59,0,0,41,18,1.3666666666666667,17,12,1.6,6,true,699,5,19,19,16,0,0,0,0,1,1,0,0,0,3,london-link-048-b-departure,true,112,72.12994350282487,354.6166666666667,327.81666666666666,508.30593220338983,876.85,908.4166666666666,349832.3785112889,154533.77148276402,69.36079642050004,1,349832.3785069095,349832.3785069095,1,1,0,0,0
profile,tfl-numbat-2019-midweek,morning,20,2.966666666666667,1,1,off,free-flow,virtual,1,destination,0,940GZZLUEUS,0,3900,2564,1800,1780,d2d7fedf7433e695,89,89,0,0,67,22,2.2333333333333334,23,21,2.933333333333333,1,true,764,8,27,27,22,1,2,0,0,2,1,3,2,1,3,940GZZLULNB-01-departure,true,357,88.25711610486891,456.45,347.9,471.30898876404495,983.7833333333333,1071.05,461474.9473473517,254648.25650947168,64.44071981776138,1,461474.9473413209,461474.9473413209,1,1,0,0,0
profile,tfl-numbat-2019-midweek,morning,20,2.966666666666667,1,2,off,free-flow,virtual,1,destination,0,940GZZLUEUS,0,3900,2667,1800,1780,102a127340b7005c,89,89,0,0,61,28,2.033333333333333,24,20,2.466666666666667,8,true,867,10,30,30,23,1,1,0,0,1,1,6,5,1,3,940GZZLUVIC-01-arrival,true,343,100.98614232209738,449.5,349.26666666666665,526.0056179775281,986.3333333333334,1353.9333333333334,513840.67737405194,225782.83406831473,69.47327517644655,1,513840.6773670815,513840.6773670815,1,1,0,0,0
profile,tfl-numbat-2019-midweek,morning,20,2.966666666666667,1,3,off,free-flow,virtual,1,destination,0,940GZZLUEUS,0,3900,2984,1800,1780,d207b3f7842d888c,89,89,0,0,64,25,2.1333333333333333,24,20,2.6666666666666665,5,true,1184,9,31,31,26,1,1,0,0,1,1,3,2,1,3,london-link-022-a-departure,true,334,93.39007490636705,362.0833333333333,327.81666666666666,530.3837078651685,906.9666666666667,1203.4,528508.2426451987,304526.12778363226,63.44374991071884,1,528508.2426390685,528508.2426390685,1,1,0,0,0
profile,tfl-numbat-2019-midweek,morning,15,3.966666666666667,1,1,off,free-flow,virtual,1,destination,0,940GZZLUEUS,0,3900,2869,1800,1785,9b3980983f12907c,119,119,0,0,82,37,2.7333333333333334,30,29,3.466666666666667,8,true,1069,12,39,38,30,1,2,0,0,2,1,12,11,1,3,london-link-009-a-arrival,true,356,97.706162464986,433.7,311.43333333333334,506.2796918767507,1027.0666666666666,1129.4833333333333,659301.433826102,335770.1416811106,66.25668444905983,1,659301.4338500937,659301.4338500937,1,1,0,0,0
profile,tfl-numbat-2019-midweek,morning,15,3.966666666666667,1,2,off,free-flow,virtual,1,destination,0,940GZZLUEUS,0,3900,2759,1800,1785,69d4d38d8565a9e6,119,119,0,0,76,43,2.533333333333333,30,29,3.066666666666667,14,true,959,16,44,44,35,1,1,0,0,1,1,10,7,2,3,940GZZLUVIC-01-arrival,true,281,122.33557422969189,474.15,375.68333333333334,546.0449579831933,1042.8166666666666,1353.9333333333334,684506.4628764675,325239.3867880228,67.78997537884503,1,684506.4629060702,684506.4629060702,1,1,0,0,0
profile,tfl-numbat-2019-midweek,morning,15,3.966666666666667,1,3,off,free-flow,virtual,1,destination,0,940GZZLUEUS,0,3900,2642,1800,1785,4bba75f61683de00,119,119,0,0,83,36,2.7666666666666666,24,35,3.933333333333333,1,true,842,13,39,39,33,1,1,0,0,2,1,29,23,6,4,london-link-048-a-arrival,true,309,113.51680672268908,466.28333333333336,359.96666666666664,534.0445378151261,924.05,1306.6666666666667,678566.6398540812,358013.70302587433,65.46204011247248,1,678566.6398821606,678566.6398821606,1,1,0,0,0
profile,tfl-numbat-2019-midweek,morning,12,4.966666666666667,1,1,off,free-flow,virtual,1,destination,0,940GZZLUEUS,0,3900,2751,1800,1788,55e19f59b2536a66,149,149,0,0,100,49,3.3333333333333335,36,38,4.266666666666667,11,true,951,15,49,49,42,2,2,0,1,2,1,56,45,11,4,940GZZLULNB-01-arrival,true,284,104.08870246085012,426.8,344.6,520.0379194630872,1031.3,1134.85,840025.5165619276,436729.5440373335,65.79378789911755,1,840025.5166271534,840025.5166271534,1,1,0,0,0
profile,tfl-numbat-2019-midweek,morning,12,4.966666666666667,1,2,off,free-flow,virtual,1,destination,0,940GZZLUEUS,0,3900,2627,1800,1788,04314078e25fbbdc,149,149,0,0,96,53,3.2,39,35,3.8,18,true,827,19,55,55,45,1,1,0,0,2,1,25,18,7,4,london-link-075-b-departure,true,344,122.29485458612976,543.9833333333333,383.78333333333336,540.2395973154362,1042.8166666666666,1364.6333333333334,844336.0736067737,423453.1911422821,66.59908685801187,1,844336.0736728343,844336.0736728343,1,1,0,0,0.006478851947434914
profile,tfl-numbat-2019-midweek,morning,12,4.966666666666667,1,3,off,free-flow,virtual,1,destination,0,940GZZLUEUS,0,3900,2971,1800,1788,6cc4332fc789a716,149,149,0,0,106,43,3.533333333333333,29,45,5.133333333333334,-2,true,1171,18,48,47,39,2,1,0,0,2,1,56,41,15,4,london-link-048-a-arrival,true,517,128.14328859060404,548.5666666666667,411.8333333333333,559.0614093959731,1008.8333333333334,1289.0666666666666,870805.4198932113,419638.1942374856,67.4810902512642,1,870805.4199653681,870805.4199653681,1,1,0,0,0.07845631891433417
profile,tfl-numbat-2019-midweek,morning,10,5.966666666666667,1,1,off,free-flow,virtual,1,destination,0,940GZZLUEUS,0,3900,2924,1800,1790,944d0fed765eed8b,179,179,0,0,117,62,3.9,43,46,4.933333333333334,16,true,1124,21,65,64,46,2,2,0,0,2,1,33,24,9,4,london-link-082-a-departure,true,371,131.06806331471137,472.95,376.05,551.7627560521415,1060.8166666666666,1225.8,1020542.2555013087,550436.0661131223,64.96221121960096,1,1020542.2556077131,1020542.2556077131,1,1,0,0,0.04532419876404396
profile,tfl-numbat-2019-midweek,morning,10,5.966666666666667,1,2,off,free-flow,virtual,1,destination,0,940GZZLUEUS,0,3900,3132,1800,1790,ad331b2234d47096,179,179,0,0,124,55,4.133333333333334,44,45,5.333333333333333,10,true,1332,23,66,65,55,2,1,0,0,2,1,86,69,17,4,london-link-015-a-arrival,true,319,136.31964618249535,532.2833333333333,446.3,562.435009310987,1066.8,1491.8166666666666,1033944.4812015883,539006.7858707275,65.7327727085936,1,1033944.4813110209,1033944.4813110209,1,1,0,0,0.01912960306073649
profile,tfl-numbat-2019-midweek,morning,10,5.966666666666667,1,3,off,free-flow,virtual,1,destination,0,940GZZLUEUS,0,3900,3257,1800,1790,6a65d9c30f59177b,179,179,0,0,118,61,3.933333333333333,35,54,5.533333333333333,7,true,1457,25,62,61,44,2,1,0,0,2,1,101,82,18,4,940GZZLUKSX-01-arrival,true,458,150.43026070763503,567.6833333333333,463.68333333333334,574.3192737430168,1075.0666666666666,1576.7166666666667,1027276.7886547694,585229.944897975,63.70682163859427,1,1027276.7887624792,1027276.7887624792,1,1,0,0,0
profile,tfl-numbat-2019-midweek,morning,8.571429,7,1,1,off,free-flow,virtual,1,destination,0,940GZZLUEUS,0,3900,3048,1800,1799,cda90f11c595fc68,210,210,0,0,141,69,4.7,46,59,6.333333333333333,10,true,1248,25,74,73,53,2,3,0,0,2,1,139,114,24,5,940GZZLULNB-diverge,true,424,149.49230158730157,600.8,435.93333333333334,575.2830158730159,1082.1666666666667,1452.65,1210562.4101855238,628166.1433718211,65.83692888455325,1,1210562.4102557492,1210562.4102557492,1,1,0,0,0.4981116364825884
profile,tfl-numbat-2019-midweek,morning,8.571429,7,1,2,off,free-flow,virtual,1,destination,0,940GZZLUEUS,0,3900,2879,1800,1799,7f2bdfec1fd345fe,210,210,0,0,143,67,4.766666666666667,44,61,6.6,6,true,1079,27,78,77,61,2,1,0,1,2,1,99,80,19,4,london-link-023-a-departure,true,263,139.43603174603174,498.76666666666665,433.6166666666667,561.7104761904761,1042.8166666666666,1473.7666666666667,1201908.1210683892,591996.6158595842,66.99955110919844,1,1201908.1211410828,1201908.1211410828,1,1,0,0,0
profile,tfl-numbat-2019-midweek,morning,8.571429,7,1,3,off,free-flow,virtual,1,destination,0,940GZZLUEUS,0,3900,2991,1800,1799,7ea8c132a695c16b,210,210,0,0,137,73,4.566666666666666,42,63,6.333333333333333,10,true,1191,29,74,73,54,2,2,0,0,2,1,83,66,17,5,london-link-048-a-arrival,true,373,153.4568253968254,571.5333333333333,474.65,577.3726190476191,1065.9666666666667,1530.7833333333333,1205843.088160747,615316.5116406613,66.21292764743082,1,1205843.0882323114,1205843.0882323114,1,1,0,0,0
profile,tfl-numbat-2019-midweek,morning,7.5,7.966666666666667,1,1,off,free-flow,virtual,1,destination,0,940GZZLUEUS,0,3900,2954,1800,1792.5,4731b4d993884c61,239,239,0,0,155,84,5.166666666666667,54,65,6.733333333333333,19,true,1154,30,85,84,65,2,3,0,1,2,1,165,127,35,5,london-link-022-a-departure,true,418.5,163.0976290097629,567.3333333333334,457.8,587.2365411436541,1098.1,1313.5833333333333,1371782.1518723199,733570.7263980985,65.15687541174862,1,1371782.1519005885,1371782.1519005885,1,1,0,0,0.4489483449895548
profile,tfl-numbat-2019-midweek,morning,7.5,7.966666666666667,1,2,off,free-flow,virtual,1,destination,0,940GZZLUEUS,0,3900,3326,1800,1792.5,f9f836c87071a85e,239,239,0,0,162,77,5.4,51,68,7.4,9,true,1526,33,89,86,65,1,3,0,0,1,2,92,71,21,4,940GZZLUWLO-diverge,true,487.5,155.1294979079498,556.2666666666667,435.93333333333334,572.9595536959554,1076.3833333333334,1585.1833333333334,1351599.6382122813,720771.7012034655,65.21995418993446,1,1351599.6382457442,1351599.6382457442,1,1,0,0,0.0026386268585827937
profile,tfl-numbat-2019-midweek,morning,7.5,7.966666666666667,1,3,off,free-flow,virtual,1,destination,0,940GZZLUEUS,0,3900,3102,1800,1792.5,15f7af9d566e1cbd,239,239,0,0,154,85,5.133333333333334,45,74,7.266666666666667,11,true,1302,35,89,87,63,2,2,0,0,2,1,142,121,21,5,940GZZLUWLO-01-arrival,true,502.5,176.36269177126917,612.9,503.1333333333333,603.1493723849372,1154.55,1585.75,1382297.9341791957,784757.0971013422,63.786932690970005,1,1382297.934204456,1382297.934204456,1,1,0,0,0.05047828171929027
profile,tfl-numbat-2019-midweek,morning,6.666667,8.966666666666667,1,1,off,free-flow,virtual,1,destination,0,940GZZLUEUS,0,3900,2924,1800,1793.3333333333333,34ba04f18e7fc846,269,269,0,0,174,95,5.8,58,76,7.733333333333333,19,true,1124,40,100,97,73,2,3,0,0,2,2,202,152,50,5,940GZZLULNB-01-arrival,true,402.6666666666667,175.02193308550187,606.15,480.98333333333335,596.0335192069392,1116.1666666666667,1474.45,1530287.027523571,863410.4365024713,63.92984286952155,1,1530287.0275102865,1530287.0275102865,1,1,0,0,0.0752999161432752
profile,tfl-numbat-2019-midweek,morning,6.666667,8.966666666666667,1,2,off,free-flow,virtual,1,destination,0,940GZZLUEUS,0,3900,3031,1800,1793.3333333333333,b3b95630ed092780,269,269,0,0,178,91,5.933333333333334,54,80,8.266666666666667,11,true,1231,37,102,99,69,2,3,0,1,2,2,209,170,37,5,940GZZLUWLO-diverge,true,552.6666666666666,170.36437422552666,592.4333333333333,450.1666666666667,600.6718711276333,1068.4333333333334,1509.15,1565596.5068579023,830094.1457836278,65.35052867245813,1,1565596.5068356886,1565596.5068356886,1,1,0,0,0.4756201881950385
profile,tfl-numbat-2019-midweek,morning,6.666667,8.966666666666667,1,3,off,free-flow,virtual,1,destination,0,940GZZLUEUS,0,3900,2899,1800,1793.3333333333333,8e5746ead23083f4,269,269,0,0,175,94,5.833333333333333,55,79,8,15,true,1099,37,96,94,67,2,2,0,1,2,1,173,139,33,5,london-link-049-a-departure,true,538.6666666666666,178.48674101610905,599.5666666666667,480.1,598.8074969021065,1085.9833333333333,1613.3166666666666,1530131.6912406664,880720.2301186832,63.468505787693,1,1530131.691227845,1530131.691227845,1,1,0,0,0
profile,tfl-numbat-2019-midweek,morning,6,9.966666666666667,1,1,off,free-flow,virtual,1,destination,0,940GZZLUEUS,0,3900,3642,1800,1794,1c08fe1ead694371,299,299,0,0,187,112,6.233333333333333,65,84,8.133333333333333,28,true,1842,48,116,112,81,3,2,1,1,2,2,181,148,31,5,london-link-082-a-departure,true,894,195.62486064659979,1013.3833333333333,494.7,615.8425863991081,1120.7,1967.95,1699821.691828573,1058748.653084953,61.61966088567728,1,1699821.6917718714,1699821.6917718714,1,1,0,0,0.0634360534845226
profile,tfl-numbat-2019-midweek,morning,6,9.966666666666667,1,2,off,free-flow,virtual,1,destination,0,940GZZLUEUS,0,3900,2933,1800,1794,5d52463e8423e3e8,299,299,0,0,198,101,6.6,57,92,9.4,9,true,1133,45,112,107,73,3,2,0,1,1,2,345,287,58,5,london-link-070-b-arrival,true,512,194.68104793756967,598.75,485.43333333333334,618.4838350055741,1130.3666666666666,1540.05,1711598.1629810014,964770.8960420485,63.952247438019,1,1711598.162920871,1711598.162920871,1,1,0,0,0.03365732760818791
profile,tfl-numbat-2019-midweek,morning,6,9.966666666666667,1,3,off,free-flow,virtual,1,destination,0,940GZZLUEUS,0,3900,3061,1800,1794,c3759d12dff30a69,299,299,0,0,190,109,6.333333333333333,58,91,8.8,18,true,1261,50,113,109,75,2,2,0,1,2,2,315,251,64,7,london-link-048-a-departure,true,499,212.77391304347827,807.1,529,637.0555741360089,1154.2333333333333,1660.3166666666666,1716542.4877370503,1124478.3699385165,60.41991853384248,1,1716542.4876762226,1716542.4876762226,1,1,0,0,0.471521268925739
profile,tfl-numbat-2019-midweek,morning,5.4545449999999995,11,1,1,off,free-flow,virtual,1,destination,0,940GZZLUEUS,0,3900,3348,1800,1798.5,c64244c66b891430,330,330,0,0,206,124,6.866666666666666,70,95,9.066666666666666,29,true,1548,55,128,114,75,3,2,0,0,2,2,278,216,62,5,london-link-022-a-departure,true,620.5,235.1910101010101,874.9333333333333,630.3166666666667,656.2877272727274,1239.7333333333333,1827.45,1878157.525814291,1276896.9329291089,59.52852955071739,1,1878157.525710942,1878157.525710942,1,1,0,0,0.4610911044952049
profile,tfl-numbat-2019-midweek,morning,5.4545449999999995,11,1,2,off,free-flow,virtual,1,destination,0,940GZZLUEUS,0,3900,3473,1800,1798.5,c421d6886132d7aa,330,330,0,0,208,122,6.933333333333334,59,106,9.933333333333334,16,true,1673,60,131,114,74,3,3,0,0,2,2,329,269,60,6,london-link-048-a-departure,true,920.5,242.6498484848485,919.8333333333334,599.6833333333333,667.115505050505,1247.1333333333334,1674.3833333333334,1894016.797901973,1335321.0069156745,58.65031509173203,1,1894016.7977947874,1894016.7977947874,1,1,0,0,0.3472913393163443
profile,tfl-numbat-2019-midweek,morning,5.4545449999999995,11,1,3,off,free-flow,virtual,1,destination,0,940GZZLUEUS,0,3900,3124,1800,1798.5,bd64ac0fbdcacbce,330,330,0,0,196,134,6.533333333333333,59,106,9.133333333333333,28,true,1324,69,134,114,79,2,3,0,0,2,1,310,260,47,5,london-link-009-a-arrival,true,673.5,279.14126262626263,837.3833333333333,652.3,703.4452525252525,1219.2333333333333,1630.45,1894743.4266696682,1377552.9338228079,57.902561930072615,1,1894743.4265613402,1894743.4265613402,1,1,0,0,0
profile,tfl-numbat-2019-midweek,morning,5,11.966666666666667,1,1,off,free-flow,virtual,1,destination,0,940GZZLUEUS,0,3900,3443,1800,1795,5960e07ad149c806,359,359,0,0,205,154,6.833333333333333,73,106,8.8,48,true,1643,87,154,114,74,3,2,0,1,2,2,451,372,78,6,london-link-075-a-arrival,true,1078,316.34192200557106,1182.5166666666667,728.8333333333334,737.1844011142061,1338.0666666666666,2047.4333333333334,2042555.8810418248,1499869.5465724801,57.659813107693616,1,2042555.8808961776,2042555.8808961776,1,1,0,0,0.5718872278519113
profile,tfl-numbat-2019-midweek,morning,5,11.966666666666667,1,2,off,free-flow,virtual,1,destination,0,940GZZLUEUS,0,3900,3435,1800,1795,fd71a29997bbff89,359,359,0,0,215,144,7.166666666666667,68,111,9.8,33,true,1635,93,146,114,77,3,3,0,0,2,1,363,276,86,5,london-link-048-a-departure,true,945,325.11643454039,949.25,771.6833333333333,752.0381151346332,1370,1739.7166666666667,2069856.6313974748,1548783.201503579,57.199852070883665,1,2069856.6312443814,2069856.6312443814,1,1,0,0,0.2894902930049924
profile,tfl-numbat-2019-midweek,morning,5,11.966666666666667,1,3,off,free-flow,virtual,1,destination,0,940GZZLUEUS,0,3900,3345,1800,1795,53029c581d4402c7,359,359,0,0,198,161,6.6,62,117,9.066666666666666,44,true,1545,91,161,114,74,3,2,0,1,2,1,449,368,80,6,london-link-030-a-arrival,true,942,345.0730733519034,1031.55,747.85,770.7829619312905,1367.2833333333333,1644.9666666666667,2068006.2038553897,1572696.6269741955,56.80238953708193,1,2068006.203702011,2068006.203702011,1,1,0,0,1.1201724960463395
profile,tfl-numbat-2019-midweek,morning,4.615385,13.033333333333333,1,1,off,free-flow,virtual,1,destination,0,940GZZLUEUS,0,3900,3633,1800,1798.6,b9bdf89a2a5e69f2,391,391,0,0,220,171,7.333333333333333,78,117,9.466666666666667,54,true,1833,114,173,114,75,3,2,0,1,2,2,465,377,88,5,london-link-009-a-arrival,true,981.4,373.9469309462916,1001.55,876.5833333333334,795.8452259164535,1524.4166666666667,1990.5333333333333,2229984.081677915,1645133.303806672,57.54623305170028,1,2229984.081483531,2229984.081483531,1,1,0,0,0.5412958637091823
profile,tfl-numbat-2019-midweek,morning,4.615385,13.033333333333333,1,2,off,free-flow,virtual,1,destination,0,940GZZLUEUS,0,3900,3469,1800,1798.6,8b758b26ca8b1088,391,391,0,0,217,174,7.233333333333333,73,122,9.6,52,true,1669,114,174,114,76,3,4,0,0,2,2,399,328,71,5,940GZZLUWLO-01-arrival,true,1042.4,372.80183290707583,1082.6166666666666,827.0333333333333,798.7143648763853,1473.8166666666666,1825.3333333333333,2254295.2267199038,1624887.0243768035,58.11264026284349,1,2254295.2265195916,2254295.2265195916,1,1,0,0,0.4795173070816132
profile,tfl-numbat-2019-midweek,morning,4.615385,13.033333333333333,1,3,off,free-flow,virtual,1,destination,0,940GZZLUEUS,0,3900,3561,1800,1798.6,7433030a10576159,391,391,0,0,210,181,7,66,129,9.6,52,true,1761,115,181,114,71,2,4,1,1,2,2,487,396,91,6,london-link-082-a-arrival,true,1204.4,410.06598465473144,1245.75,976.8166666666667,833.222463768116,1534.2833333333333,1815.3833333333334,2234636.45163363,1711432.2783286048,56.62943563719977,1,2234636.451437548,2234636.451437548,1,1,0,0,0.31112928149231184
profile,tfl-numbat-2019-midweek,morning,4.2857140000000005,14,1,1,off,free-flow,virtual,1,destination,0,940GZZLUEUS,0,3900,3866,1800,1799,8f257d775b622b3f,420,420,0,0,218,202,7.266666666666667,79,131,9.266666666666667,71,true,2066,141,205,114,73,3,2,0,1,2,2,593,500,91,6,london-link-010-a-departure,true,1469,481.38654761904763,1468.7,1075.9,912.8520238095238,1710.65,2126.6833333333334,2447510.995364528,1901395.3369500844,56.278770070954664,1,2447510.995113844,2447510.995113844,1,1,0,0,0.49385046082224526
profile,tfl-numbat-2019-midweek,morning,4.2857140000000005,14,1,2,off,free-flow,virtual,1,destination,0,940GZZLUEUS,0,3900,3600,1800,1799,147acec647511cf7,420,420,0,0,217,203,7.233333333333333,76,134,9.4,69,true,1800,144,204,114,76,2,3,0,0,2,2,562,456,106,7,london-link-082-a-arrival,true,1119,472.30678571428575,1204.4333333333334,1015.4833333333333,894.8179761904762,1585.2333333333333,2027.8333333333333,2397668.1237608115,1813548.5489820896,56.93528284307283,1,2397668.1235224875,2397668.1235224875,1,1,0,0,0.3184465263034883
profile,tfl-numbat-2019-midweek,morning,4.2857140000000005,14,1,3,off,free-flow,virtual,1,destination,0,940GZZLUEUS,0,3900,3900,1800,1799,a415c0f5b05ea09e,420,419,1,0,208,212,6.933333333333334,71,139,9.133333333333333,73,false,0,146,212,114,80,4,4,0,1,2,2,520,428,92,5,london-link-026-a-arrival,true,1430,507.3122222222222,1596.1833333333334,1044.1833333333334,924.2832537788386,1628.8666666666666,2026.2833333333333,2382781.9513439764,1914925.7591526844,55.443089941279716,1,2373466.7011091933,2373466.7011091933,1,1,0,0,0.09928337767142294
profile,tfl-numbat-2019-midweek,morning,4,14.966666666666667,1,1,off,free-flow,virtual,1,destination,0,940GZZLUEUS,0,3900,3900,1800,1796,770f9d7a64f87d13,449,447,2,0,222,227,7.4,81,143,9.4,84,false,0,170,227,114,71,3,3,0,1,2,2,575,482,93,6,london-link-070-b-departure,true,1458,538.1086117297698,1593.0666666666666,1179.5166666666667,965.1515659955257,1804.2333333333333,2349.9666666666667,2622480.538770109,1967641.6297743048,57.13313159160927,1,2602072.2718071598,2602072.2718071598,1,1,0,0,0.41045498547918685
profile,tfl-numbat-2019-midweek,morning,4,14.966666666666667,1,2,off,free-flow,virtual,1,destination,0,940GZZLUEUS,0,3900,3775,1800,1796,7d616be7f0c36e85,449,449,0,0,220,229,7.333333333333333,77,147,9.533333333333333,82,true,1975,171,231,114,74,3,3,0,0,2,2,633,528,100,8,london-link-048-a-departure,true,1561,548.4979213066073,1588.6166666666666,1149.4166666666667,967.4246844840386,1713.0666666666666,2087.05,2538317.1187880794,2007857.114172981,55.83413632466076,1,2538317.118513584,2538317.118513584,1,1,0,0,0.5204183790966788
profile,tfl-numbat-2019-midweek,morning,4,14.966666666666667,1,3,off,free-flow,virtual,1,destination,0,940GZZLUEUS,0,3900,3900,1800,1796,a0ab47d20ba11e88,449,447,2,0,210,239,7,72,152,9.2,87,false,0,170,240,114,73,3,3,0,0,2,2,576,469,106,5,london-link-048-a-arrival,true,1480,586.0170749814403,1502.6333333333334,1216.7,1001.5025354213275,1744.2833333333333,2109.6833333333334,2552432.528169246,2080919.0206758308,55.08825525672605,1,2532607.1278903564,2532607.1278903564,1,1,0,0,0.16241963919215424
profile,tfl-numbat-2019-midweek,am-peak,60,0.9666666666666667,1,1,off,free-flow,virtual,1,destination,0,940GZZLUEUS,0,3900,2434,1800,1740,91f17b3654b28322,29,29,0,0,23,6,0.7666666666666667,7,7,1.0666666666666667,-1,true,634,2,9,9,9,0,1,0,0,2,1,0,0,0,2,940GZZLUBNK-01-arrival,true,0,15.32183908045977,205.88333333333333,111.53333333333333,446.6649425287356,757.05,826.5333333333333,170038.47935630876,26973.178481395626,86.30884142723383,1,170038.47935483302,170038.47935483302,1,1,0,0,0
profile,tfl-numbat-2019-midweek,am-peak,60,0.9666666666666667,1,2,off,free-flow,virtual,1,destination,0,940GZZLUEUS,0,3900,2352,1800,1740,13a4fdcb6e345e29,29,29,0,0,22,7,0.7333333333333333,9,5,0.8666666666666667,2,true,552,3,8,8,8,0,1,0,0,1,1,0,0,0,1,940GZZLUBKF-01-departure,true,0,35.66149425287357,161.31666666666666,126.98333333333333,390.50632183908044,765.3166666666667,971.75,139007.43371350633,52748.269490098595,72.49194229488401,1,139007.43371262972,139007.43371262972,1,1,0,0,0
profile,tfl-numbat-2019-midweek,am-peak,60,0.9666666666666667,1,3,off,free-flow,virtual,1,destination,0,940GZZLUEUS,0,3900,2652,1800,1740,2a25d7a620a8b34d,29,29,0,0,20,9,0.6666666666666666,7,7,0.8666666666666667,2,true,852,2,10,10,9,1,0,0,0,1,1,8,7,1,2,940GZZLUOXC-01-arrival,true,0,40.935057471264365,207.15,205.88333333333333,460.2614942528736,821.8833333333333,911.8333333333334,165121.07575321395,77354.64328737644,68.09798375134325,1,165121.07575183813,165121.07575183813,1,1,0,0,0
profile,tfl-numbat-2019-midweek,am-peak,30,1.9666666666666666,1,1,off,free-flow,virtual,1,destination,0,940GZZLUEUS,0,3900,2416,1800,1770,b005b6d375179000,59,59,0,0,48,11,1.6,16,13,2.1333333333333333,-2,true,616,2,18,18,17,1,1,0,0,2,1,1,1,0,3,london-link-087-a-arrival,true,88,22.951412429378532,207.15,136.5,421.20593220338986,757.05,826.5333333333333,318439.65233857644,83579.30168585772,79.210109162968,1,318439.65233473416,318439.65233473416,1,1,0,0,0
profile,tfl-numbat-2019-midweek,am-peak,30,1.9666666666666666,1,2,off,free-flow,virtual,1,destination,0,940GZZLUEUS,0,3900,2522,1800,1770,81208d9b58d5f9ff,59,59,0,0,44,15,1.4666666666666666,19,10,1.6666666666666667,5,true,722,5,17,17,16,1,1,0,0,1,1,9,8,1,3,london-link-075-a-arrival,true,211,47.07118644067796,240.4,176.01666666666668,422.4737288135593,781.2333333333333,971.75,299285.06624609604,154044.9133985241,66.01925301316166,1,299285.0662425115,299285.0662425115,1,1,0,0,0
profile,tfl-numbat-2019-midweek,am-peak,30,1.9666666666666666,1,3,off,free-flow,virtual,1,destination,0,940GZZLUEUS,0,3900,2632,1800,1770,dbc46e79bcf53e4f,59,59,0,0,44,15,1.4666666666666666,15,14,1.9333333333333333,1,true,832,5,21,20,20,1,0,0,0,1,1,12,10,2,3,london-link-070-a-departure,true,103,58.93022598870057,271.8833333333333,245.75,470.46666666666664,891.7333333333333,947.7,329065.43679483025,194231.391368696,62.8831323036416,1,329065.4367908913,329065.4367908913,1,1,0,0,0
profile,tfl-numbat-2019-midweek,am-peak,20,2.966666666666667,1,1,off,free-flow,virtual,1,destination,0,940GZZLUEUS,0,3900,2697,1800,1780,66f80c9375c76554,89,89,0,0,68,21,2.2666666666666666,22,22,3.066666666666667,-1,true,897,6,27,27,24,1,1,0,0,2,1,8,5,3,3,london-link-070-a-departure,true,352,53.92378277153558,391.53333333333336,207.15,460.77546816479406,842.0833333333334,951.7833333333333,490565.84760020924,229479.91170061615,68.12981553791187,1,490565.8475936576,490565.8475936576,1,1,0,0,0
profile,tfl-numbat-2019-midweek,am-peak,20,2.966666666666667,1,2,off,free-flow,virtual,1,destination,0,940GZZLUEUS,0,3900,2810,1800,1780,e9fa7be6e6bf2313,89,89,0,0,65,24,2.1666666666666665,25,19,2.6666666666666665,5,true,1010,9,28,27,22,1,1,0,0,2,1,14,11,3,3,london-link-049-a-departure,true,322,78.11947565543072,421.1666666666667,273.21666666666664,458.20131086142317,831.4333333333333,1129.95,457548.8912399655,239083.79428280643,65.68007800216961,1,457548.89123383217,457548.89123383217,1,1,0,0,0
profile,tfl-numbat-2019-midweek,am-peak,20,2.966666666666667,1,3,off,free-flow,virtual,1,destination,0,940GZZLUEUS,0,3900,2503,1800,1780,06bdf1662b8a1f89,89,89,0,0,66,23,2.2,21,23,3,0,true,703,8,29,29,26,1,2,0,0,1,1,10,9,1,3,london-link-070-a-departure,true,272,73.54550561797753,386.1666666666667,258.31666666666666,466.6220973782772,862.5166666666667,1038.1833333333334,473934.72717816423,235606.73304839572,66.7945079667134,1,473934.72717189684,473934.72717189684,1,1,0,0,0
profile,tfl-numbat-2019-midweek,am-peak,15,3.966666666666667,1,1,off,free-flow,virtual,1,destination,0,940GZZLUEUS,0,3900,2528,1800,1785,a78b0f070e897eab,119,119,0,0,86,33,2.8666666666666667,26,33,4,0,true,728,12,35,35,32,1,2,0,0,2,1,27,21,6,3,940GZZLUKSX-01-arrival,true,182,66.19313725490196,433.7,256.26666666666665,462.0403361344538,885.4333333333333,997.9,637674.0092436471,298034.1403438079,68.14881429907302,1,637674.0092624289,637674.0092624289,1,1,0,0,0
profile,tfl-numbat-2019-midweek,am-peak,15,3.966666666666667,1,2,off,free-flow,virtual,1,destination,0,940GZZLUEUS,0,3900,2853,1800,1785,5a5f0ba061327b6a,119,119,0,0,83,36,2.7666666666666666,33,26,3.3333333333333335,10,true,1053,14,38,38,30,1,1,0,0,2,1,38,33,5,3,940GZZLUBNK-01-arrival,true,219,98.09677871148459,548.5666666666667,368.55,495.7219887955182,974.75,1397.8333333333333,640314.23758406,353378.23697646137,64.43786724532161,1,640314.2376034359,640314.2376034359,1,1,0,0,0.01376500385420108
profile,tfl-numbat-2019-midweek,am-peak,15,3.966666666666667,1,3,off,free-flow,virtual,1,destination,0,940GZZLUEUS,0,3900,2762,1800,1785,c3c03c914bb6c564,119,119,0,0,89,30,2.966666666666667,27,32,4.133333333333334,-2,true,962,13,35,35,30,2,2,0,0,2,1,39,31,8,4,london-link-081-a-departure,true,312,92.78697478991597,391.53333333333336,291.23333333333335,492.78935574229695,908.8166666666667,1246.1666666666667,644545.7968098928,333229.9738274521,65.91959180884157,1,644545.7968304347,644545.7968304347,1,1,0,0,0
profile,tfl-numbat-2019-midweek,am-peak,12,4.966666666666667,1,1,off,free-flow,virtual,1,destination,0,940GZZLUEUS,0,3900,2819,1800,1788,f2c28309e2ce7687,149,149,0,0,112,37,3.7333333333333334,32,42,5.333333333333333,-5,true,1019,15,45,45,38,2,2,0,0,2,1,60,51,9,4,london-link-030-a-arrival,true,279,80.04608501118568,463.68333333333334,271.8833333333333,487.98165548098433,885.4333333333333,1212.25,822865.9539020788,398436.65237703576,67.37609087800656,1,822865.953963216,822865.953963216,1,1,0,0,0.3695532884643381
profile,tfl-numbat-2019-midweek,am-peak,12,4.966666666666667,1,2,off,free-flow,virtual,1,destination,0,940GZZLUEUS,0,3900,2596,1800,1788,4f469d7049de7204,149,149,0,0,106,43,3.533333333333333,38,36,4.533333333333333,7,true,796,15,47,47,41,1,1,0,0,2,1,35,27,8,4,london-link-082-a-departure,true,150,103.66152125279642,551.7333333333333,354.6166666666667,502.4248322147651,927.25,1411.9166666666667,803503.8074594449,418344.4656418241,65.76134084308265,1,803503.80751615,803503.80751615,1,1,0,0,0.004477127475012032
profile,tfl-numbat-2019-midweek,am-peak,12,4.966666666666667,1,3,off,free-flow,virtual,1,destination,0,940GZZLUEUS,0,3900,2742,1800,1788,fb7bde77c7f4ae02,149,149,0,0,102,47,3.4,34,40,4.533333333333333,7,true,942,19,48,47,37,1,2,0,0,1,2,28,20,8,4,london-link-057-b-departure,true,466,109.87885906040268,477.73333333333335,405,503.0734899328859,907.3666666666667,1323.9833333333333,792965.537800214,405558.6763519258,66.16182872543578,1,792965.5378546047,792965.5378546047,1,1,0,0,0
profile,tfl-numbat-2019-midweek,am-peak,10,5.966666666666667,1,1,off,free-flow,virtual,1,destination,0,940GZZLUEUS,0,3900,2689,1800,1790,523cd75d5a7198e9,179,179,0,0,128,51,4.266666666666667,45,44,5.533333333333333,7,true,889,16,54,54,43,1,2,0,0,2,2,80,65,15,4,london-link-017-a-arrival,true,289,96.56266294227187,450.8833333333333,299.95,503.06173184357544,918.0166666666667,1323.1666666666667,983928.6678970043,464139.1167452707,67.94769404666165,1,983928.667994653,983928.667994653,1,1,0,0,0
profile,tfl-numbat-2019-midweek,am-peak,10,5.966666666666667,1,2,off,free-flow,virtual,1,destination,0,940GZZLUEUS,0,3900,3042,1800,1790,1b0e7b93da5a461c,179,179,0,0,122,57,4.066666666666666,41,48,5.4,9,true,1242,20,57,57,47,1,2,0,0,2,1,76,65,11,4,london-link-072-a-arrival,true,246,112.00772811918064,541.3833333333333,392.18333333333334,523.835009310987,999.4333333333333,1441.95,996777.3200693368,509326.55710982234,66.18250807084037,1,996777.3201702276,996777.3201702276,1,1,0,0,0.2757569710273761
profile,tfl-numbat-2019-midweek,am-peak,10,5.966666666666667,1,3,off,free-flow,virtual,1,destination,0,940GZZLUEUS,0,3900,2547,1800,1790,03cb8a2c06b5ed7f,179,179,0,0,124,55,4.133333333333334,42,47,5.466666666666667,8,true,747,19,61,60,45,4,2,0,0,2,2,1694,94,782,5,940GZZLUWLO-01-arrival,true,282,114.69143389199255,488.3833333333333,375.9166666666667,502.78891992551206,889.4,1300.0166666666667,937552.5505310736,416413.4009604888,69.24491339669528,1,937552.5506177747,937552.5506177747,1,1,0,0,0.009913553810770085
profile,tfl-numbat-2019-midweek,am-peak,8.571429,7,1,1,off,free-flow,virtual,1,destination,0,940GZZLUEUS,0,3900,3025,1800,1799,1cdd19da9c40d2c2,210,210,0,0,142,68,4.733333333333333,50,55,6.133333333333334,13,true,1225,23,68,67,49,1,2,0,0,2,2,94,74,20,4,london-link-017-a-arrival,true,479,120.47190476190477,607.3,362.2,532.6192857142858,1023.15,1355.4833333333333,1170652.6995251968,603747.0484429502,65.97457539462025,1,1170652.699605775,1170652.699605775,1,1,0,0,0.22933485197127929
profile,tfl-numbat-2019-midweek,am-peak,8.571429,7,1,2,off,free-flow,virtual,1,destination,0,940GZZLUEUS,0,3900,2774,1800,1799,b57b46766d35932b,210,210,0,0,143,67,4.766666666666667,48,57,6.333333333333333,10,true,974,25,70,70,59,1,2,0,0,2,1,77,57,20,4,940GZZLUWLO-01-arrival,true,208,115.39150793650794,562.3166666666667,365.0833333333333,522.9280952380952,966.4,1411.5833333333333,1157418.3185658976,537516.3033354902,68.28690048631485,1,1157418.3186499553,1157418.3186499553,1,1,0,0,0.31098936513051884
profile,tfl-numbat-2019-midweek,am-peak,8.571429,7,1,3,off,free-flow,virtual,1,destination,0,940GZZLUEUS,0,3900,2786,1800,1799,4467f8d100e65ee9,210,210,0,0,148,62,4.933333333333334,49,56,6.6,6,true,986,23,68,68,52,2,2,0,0,2,2,64,53,11,5,940GZZLUWLO-01-arrival,true,314,121.78095238095239,511.71666666666664,361.8,511.7239682539683,945.3666666666667,1246.1666666666667,1107182.2861482194,496390.3750735198,69.04472200870978,1,1107182.2862450127,1107182.2862450127,1,1,0,0,0
profile,tfl-numbat-2019-midweek,am-peak,7.5,7.966666666666667,1,1,off,free-flow,virtual,1,destination,0,940GZZLUEUS,0,3900,2812,1800,1792.5,c5bb3efd32d68016,239,239,0,0,160,79,5.333333333333333,56,63,6.933333333333334,16,true,1012,31,80,78,56,1,3,0,0,2,2,102,77,23,4,london-link-017-a-arrival,true,312.5,132.46889818688982,601.9333333333333,379.4166666666667,545.4595536959554,999.2,1348.6666666666667,1335473.5669449705,666889.3186699823,66.69488215842696,1,1335473.5669824155,1335473.5669824155,1,1,0,0,0.019104673139511877
profile,tfl-numbat-2019-midweek,am-peak,7.5,7.966666666666667,1,2,off,free-flow,virtual,1,destination,0,940GZZLUEUS,0,3900,2601,1800,1792.5,68d8ac9c4adb685f,239,239,0,0,163,76,5.433333333333334,54,65,7.266666666666667,11,true,801,26,84,82,68,2,2,0,0,2,2,124,95,29,5,london-link-075-b-departure,true,235.5,122.8907949790795,562.3166666666667,363.06666666666666,517.5162482566249,958.3666666666667,1411.5833333333333,1274362.1827059905,593096.2374680345,68.2404582045385,1,1274362.1827599262,1274362.1827599262,1,1,0,0,0.47488237528858235
profile,tfl-numbat-2019-midweek,am-peak,7.5,7.966666666666667,1,3,off,free-flow,virtual,1,destination,0,940GZZLUEUS,0,3900,2827,1800,1792.5,e058693e89b7cdb5,239,239,0,0,167,72,5.566666666666666,55,64,7.466666666666667,8,true,1027,28,79,77,58,2,3,0,0,2,2,159,131,28,5,940GZZLUWLO-exit,true,311.5,128.70739191073918,533.4666666666667,356.43333333333334,517.5831241283124,955.1,1242.25,1253894.3296409096,602879.2417326444,67.53081522553865,1,1253894.329699332,1253894.329699332,1,1,0,0,0.014686120881460976
profile,tfl-numbat-2019-midweek,am-peak,6.666667,8.966666666666667,1,1,off,free-flow,virtual,1,destination,0,940GZZLUEUS,0,3900,2970,1800,1793.3333333333333,49a37ab7a7c4d1c5,269,269,0,0,178,91,5.933333333333334,66,68,7.466666666666667,23,true,1170,34,93,90,63,2,4,1,0,2,2,93,68,25,4,940GZZLUVIC-01-arrival,true,509.6666666666667,147.72441140024785,597.8666666666667,426.8666666666667,549.7732342007434,990.1333333333333,1344.6,1462740.8914626935,740273.5227109231,66.39724561272965,1,1462740.8914668586,1462740.8914668586,1,1,0,0,0.002480758615984768
profile,tfl-numbat-2019-midweek,am-peak,6.666667,8.966666666666667,1,2,off,free-flow,virtual,1,destination,0,940GZZLUEUS,0,3900,2767,1800,1793.3333333333333,5298a0fc6c131c1b,269,269,0,0,187,82,6.233333333333333,56,78,8.733333333333333,4,true,967,32,93,91,72,1,2,0,1,2,2,106,83,23,4,london-link-020-a-departure,true,486.6666666666667,136.94578686493185,567.6833333333333,372.51666666666665,535.5183395291201,970.9833333333333,1429.1,1449676.5292786146,673146.4017145006,68.29003531634247,1,1449676.5292867548,1449676.5292867548,1,1,0,0,0.12736559070617146
profile,tfl-numbat-2019-midweek,am-peak,6.666667,8.966666666666667,1,3,off,free-flow,virtual,1,destination,0,940GZZLUEUS,0,3900,3077,1800,1793.3333333333333,211dd28cc9405e83,269,269,0,0,190,79,6.333333333333333,64,70,8.4,9,true,1277,33,88,87,63,2,3,0,0,1,1,261,210,48,5,940GZZLUWLO-01-arrival,true,426.6666666666667,142.56121437422553,606.15,406.8666666666667,534.3684014869889,992.75,1463.3666666666666,1422083.7636322437,697423.9491953234,67.0950030059144,1,1422083.763646423,1422083.763646423,1,1,0,0,0.2894449089856564
profile,tfl-numbat-2019-midweek,am-peak,6,9.966666666666667,1,1,off,free-flow,virtual,1,destination,0,940GZZLUEUS,0,3900,2940,1800,1794,ec993b94e97e8c08,299,299,0,0,196,103,6.533333333333333,67,82,8.6,21,true,1140,44,104,102,69,2,4,0,1,2,2,250,202,48,5,940GZZLUVIC-01-arrival,true,407,161.08801560758084,754.2833333333333,429.06666666666666,557.9521181716833,1036.2833333333333,1391.3166666666666,1600182.3212752608,838687.1293332673,65.61164316835391,1,1600182.321244175,1600182.321244175,1,1,0,0,0.33412674466682313
profile,tfl-numbat-2019-midweek,am-peak,6,9.966666666666667,1,2,off,free-flow,virtual,1,destination,0,940GZZLUEUS,0,3900,2866,1800,1794,cff3592b57bdace5,299,299,0,0,211,88,7.033333333333333,58,91,10.2,-3,true,1066,36,104,102,77,2,2,0,0,1,2,229,193,36,5,london-link-050-a-arrival,true,493,148.10039018952062,567.6833333333333,413.68333333333334,545.5410256410256,1055.9,1539,1602639.5758968967,792083.7464013313,66.92378868882588,1,1602639.5758664163,1602639.5758664163,1,1,0,0,0.15487015390221545
profile,tfl-numbat-2019-midweek,am-peak,6,9.966666666666667,1,3,off,free-flow,virtual,1,destination,0,940GZZLUEUS,0,3900,2910,1800,1794,44eaa9db7e5a8804,299,299,0,0,204,95,6.8,70,79,8.933333333333334,16,true,1110,39,102,99,72,2,3,0,0,1,1,249,201,45,5,940GZZLUWLO-01-arrival,true,425,160.65735785953177,600.65,421.21666666666664,551.3615384615384,1017.6,1457.8666666666666,1574501.6209536388,878542.4926170355,64.18562194797954,1,1574501.620928904,1574501.620928904,1,1,0,0,0.02888295183767781
profile,tfl-numbat-2019-midweek,am-peak,5.4545449999999995,11,1,1,off,free-flow,virtual,1,destination,0,940GZZLUEUS,0,3900,3334,1800,1798.5,d27211c532c656cc,330,330,0,0,216,114,7.2,75,90,9.4,24,true,1534,52,117,114,74,3,4,0,1,2,2,257,208,49,5,london-link-017-a-arrival,true,699.5,187.30171717171717,1040.2333333333333,477.6666666666667,587.6908080808081,1114.7166666666667,1562.6333333333334,1783948.4405882966,1080908.9740348586,62.27006033467666,1,1783948.440509304,1783948.440509304,1,1,0,0,0
profile,tfl-numbat-2019-midweek,am-peak,5.4545449999999995,11,1,2,off,free-flow,virtual,1,destination,0,940GZZLUEUS,0,3900,2998,1800,1798.5,b1938ab1a755350f,330,330,0,0,225,105,7.5,62,103,10.866666666666667,2,true,1198,43,117,112,80,3,3,0,0,1,1,255,206,49,5,london-link-041-a-departure,true,552.5,172.71060606060607,678.7333333333333,477.71666666666664,568.7883838383838,1091.45,1526.4,1765470.7579789264,988062.2900225644,64.11656323719455,1,1765470.7579050043,1765470.7579050043,1,1,0,0,0.5164935933976059
profile,tfl-numbat-2019-midweek,am-peak,5.4545449999999995,11,1,3,off,free-flow,virtual,1,destination,0,940GZZLUEUS,0,3900,2860,1800,1798.5,8d37e544ed24f656,330,330,0,0,224,106,7.466666666666667,72,93,10.133333333333333,13,true,1060,43,114,109,77,3,3,0,0,1,2,247,195,52,6,london-link-084-a-departure,true,452.5,177.6429292929293,665.65,454.71666666666664,565.0886363636364,1066.3333333333333,1395,1723438.271217701,1024580.2219527774,62.71567223804649,1,1723438.2711538316,1723438.2711538316,1,1,0,0,0.2351470413144422
profile,tfl-numbat-2019-midweek,am-peak,5,11.966666666666667,1,1,off,free-flow,virtual,1,destination,0,940GZZLUEUS,0,3900,3433,1800,1795,03cdebea63353488,359,359,0,0,222,137,7.4,77,102,9.666666666666666,35,true,1633,75,138,114,73,3,6,0,1,2,2,412,337,75,5,london-link-022-a-departure,true,909,245.105617455896,971.1166666666667,663.3,641.7124419684308,1238.2333333333333,1807.6,1920838.5138022362,1371235.737895079,58.34736299802162,1,1920838.5136882411,1920838.5136882411,1,1,0,0,0.6137335318291333
profile,tfl-numbat-2019-midweek,am-peak,5,11.966666666666667,1,2,off,free-flow,virtual,1,destination,0,940GZZLUEUS,0,3900,3472,1800,1795,1ce863a45082331f,359,359,0,0,236,123,7.866666666666666,67,112,11.266666666666667,11,true,1672,63,131,114,82,3,3,0,0,1,2,365,307,58,5,london-link-017-a-arrival,true,878,231.44958217270195,982.25,597.9166666666666,623.858635097493,1220.5833333333333,1681.6,1897963.4428759275,1244064.4204026696,60.405684655369946,1,1897963.442767855,1897963.442767855,1,1,0,0,0.19107173875282266
profile,tfl-numbat-2019-midweek,am-peak,5,11.966666666666667,1,3,off,free-flow,virtual,1,destination,0,940GZZLUEUS,0,3900,3300,1800,1795,274627ca8e822360,359,359,0,0,234,125,7.8,75,104,10.6,21,true,1500,67,131,114,75,5,3,0,0,1,2,529,440,89,7,london-link-048-a-departure,true,592,236.49990714948933,850.8833333333333,597.1166666666667,628.8872794800371,1223.3,1564.3333333333333,1897635.7908179562,1327324.846186238,58.84213807275342,1,1897635.790708528,1897635.790708528,1,1,0,0,0.2766696420639386
profile,tfl-numbat-2019-midweek,am-peak,4.615385,13.033333333333333,1,1,off,free-flow,virtual,1,destination,0,940GZZLUEUS,0,3900,3540,1800,1798.6,ea9a92c10a2e02f6,391,391,0,0,232,159,7.733333333333333,82,113,10,46,true,1740,95,163,114,74,3,6,1,1,2,2,407,323,72,5,london-link-020-a-departure,true,1001.4,304.7790281329923,1024.2,758.15,703.1728047740835,1348.9166666666667,1800.9,2100879.6755468496,1508806.5179320513,58.201172150149944,1,2100879.6753855934,2100879.6753855934,1,1,0,0,0.031783629160723005
profile,tfl-numbat-2019-midweek,am-peak,4.615385,13.033333333333333,1,2,off,free-flow,virtual,1,destination,0,940GZZLUEUS,0,3900,3548,1800,1798.6,0e4f347011d2dd56,391,391,0,0,230,161,7.666666666666667,72,123,10.533333333333333,38,true,1748,97,162,114,74,4,5,0,0,1,2,454,370,83,6,london-link-020-a-departure,true,950.4,327.7757885763001,1102,770.7166666666667,722.7248081841433,1363.0666666666666,1927.9166666666667,2083313.0083240627,1509839.5269724322,57.98008817769699,1,2083313.0081689255,2083313.0081689255,1,1,0,0,0.32013018120432823
profile,tfl-numbat-2019-midweek,am-peak,4.615385,13.033333333333333,1,3,off,free-flow,virtual,1,destination,0,940GZZLUEUS,0,3900,3416,1800,1798.6,629b0a4814791cff,391,391,0,0,237,154,7.9,77,118,10.666666666666666,36,true,1616,96,163,114,73,3,3,0,1,1,2,420,349,71,6,london-link-030-a-departure,true,865.4,317.76675191815855,1089.95,775.6833333333333,706.0934356351236,1351.7,1858.3166666666666,2045136.3478772412,1545018.4074635804,56.96513067674409,1,2045136.3477302103,2045136.3477302103,1,1,0,0,0.3281219107873405
profile,tfl-numbat-2019-midweek,am-peak,4.2857140000000005,14,1,1,off,free-flow,virtual,1,destination,0,940GZZLUEUS,0,3900,3659,1800,1799,24df56c9a0e2d1b9,420,420,0,0,228,192,7.6,86,124,9.466666666666667,68,true,1859,124,193,114,71,3,6,0,1,2,2,459,370,88,5,london-link-017-a-departure,true,1177,391.4279761904762,1321.8333333333333,907.95,790.160357142857,1510.05,2047.8,2257759.996867926,1739175.878763546,56.487270927538326,1,2257759.996666746,2257759.996666746,1,1,0,0,0.07383353272944795
profile,tfl-numbat-2019-midweek,am-peak,4.2857140000000005,14,1,2,off,free-flow,virtual,1,destination,0,940GZZLUEUS,0,3900,3777,1800,1799,ad09ad1e7b111875,420,420,0,0,237,183,7.9,79,131,10.533333333333333,52,true,1977,122,183,114,77,4,6,1,0,1,2,487,392,92,7,london-link-084-a-arrival,true,1287,383.4567063492064,1303.7666666666667,824.1666666666666,775.787619047619,1385.7833333333333,2029.0166666666667,2220262.435725855,1660663.6080360003,57.209604375086535,1,2220262.435534188,2220262.435534188,1,1,0,0,0.34340321025705983
profile,tfl-numbat-2019-midweek,am-peak,4.2857140000000005,14,1,3,off,free-flow,virtual,1,destination,0,940GZZLUEUS,0,3900,3495,1800,1799,faba3276afd301f0,420,420,0,0,242,178,8.066666666666666,84,126,10.533333333333333,52,true,1695,118,184,114,76,3,5,0,0,1,2,689,564,125,6,london-link-048-a-departure,true,1126,371.81956349206354,1168.6666666666667,824.6333333333333,762.0878174603175,1423.8666666666666,1939.35,2203999.205237811,1664939.4255675464,56.966507240230555,1,2203999.205050145,2203999.205050145,1,1,0,0,0.8843570970537872
profile,tfl-numbat-2019-midweek,am-peak,4,14.966666666666667,1,1,off,free-flow,virtual,1,destination,0,940GZZLUEUS,0,3900,3841,1800,1796,e9e681de5348b2c1,449,449,0,0,231,218,7.7,91,133,9.333333333333334,85,true,2041,155,220,114,68,3,4,0,1,2,2,635,506,128,5,london-link-010-a-departure,true,1275,474.90612472160353,1459.25,1040.0333333333333,868.905419450631,1619.7333333333333,2328.5833333333335,2383618.9785155565,1857252.8523245698,56.20587166019955,1,2383618.978281753,2383618.978281753,1,1,0,0,0.1519023190849816
profile,tfl-numbat-2019-midweek,am-peak,4,14.966666666666667,1,2,off,free-flow,virtual,1,destination,0,940GZZLUEUS,0,3900,3900,1800,1796,15fe1f6c8c9c1257,449,447,2,0,246,203,8.2,83,141,10.866666666666667,62,false,0,157,204,114,76,3,4,0,0,2,2,585,479,104,6,london-link-050-a-arrival,true,1491,457.9121009651077,1502.9,1005.3166666666667,843.9196122296793,1551.8833333333334,2090.4166666666665,2368890.093595247,1823911.1660151144,56.49898354150439,1,2349409.793366473,2349409.793366473,1,1,0,0,0.32493537107098436
profile,tfl-numbat-2019-midweek,am-peak,4,14.966666666666667,1,3,off,free-flow,virtual,1,destination,0,940GZZLUEUS,0,3900,3610,1800,1796,57f343b118d7dc71,449,449,0,0,240,209,8,82,142,10.533333333333333,67,true,1810,144,210,114,71,3,4,0,1,2,2,704,585,119,5,940GZZLUBNK-01-arrival,true,1313,435.551707498144,1388.5833333333333,956.6333333333333,827.896585003712,1540.7166666666667,1991.1833333333334,2371656.442233185,1767458.0152983833,57.29864362454869,1,2371656.4420030443,2371656.4420030443,1,1,0,0,0.4817308040818613
profile,tfl-numbat-2019-midweek,interpeak,60,0.9666666666666667,1,1,off,free-flow,virtual,1,destination,0,940GZZLUEUS,0,3900,2269,1800,1740,2c08c203aad74678,29,29,0,0,24,5,0.8,7,7,1.1333333333333333,-2,true,469,2,9,9,9,0,0,0,0,1,1,0,0,0,2,london-link-114-a-arrival,true,0,33.50689655172414,205.88333333333333,123.51666666666667,395.5850574712644,626,746.1666666666666,142008.84649967361,34596.459244340076,80.41029452734163,1,142008.846498793,142008.846498793,1,1,0,0,0
profile,tfl-numbat-2019-midweek,interpeak,60,0.9666666666666667,1,2,off,free-flow,virtual,1,destination,0,940GZZLUEUS,0,3900,2141,1800,1740,dbceb7018c3ce1a4,29,29,0,0,23,6,0.7666666666666667,9,5,0.9333333333333333,1,true,341,2,8,8,8,0,1,0,0,2,1,0,0,0,2,940GZZLUGPK-01-arrival,true,0,33.244827586206895,122.75,116.26666666666667,372.9270114942529,654.2,710.4666666666667,132883.3756310494,44485.521463630954,74.9192095162635,1,132883.3756302048,132883.3756302048,1,1,0,0,0
profile,tfl-numbat-2019-midweek,interpeak,60,0.9666666666666667,1,3,off,free-flow,virtual,1,destination,0,940GZZLUEUS,0,3900,2204,1800,1740,6e32fb4454e823d6,29,29,0,0,23,6,0.7666666666666667,7,7,1.0666666666666667,-1,true,404,2,9,9,8,0,2,0,0,2,1,0,0,0,2,940GZZLUEUS-01-arrival,true,0,22.107471264367817,149.66666666666666,125.46666666666667,368.0637931034483,690.5,731.0833333333334,135333.7822177885,60451.6033972607,69.12353636235143,1,135333.78221685975,135333.78221685975,1,1,0,0,0
profile,tfl-numbat-2019-midweek,interpeak,30,1.9666666666666666,1,1,off,free-flow,virtual,1,destination,0,940GZZLUEUS,0,3900,2374,1800,1770,5c50291a262c6011,59,59,0,0,49,10,1.6333333333333333,15,14,2.2666666666666666,-4,true,574,4,16,16,15,1,0,0,0,1,1,6,5,1,3,940GZZLULVT-01-arrival,true,0,39.94406779661017,205.88333333333333,149.66666666666666,396.78757062146894,712.4,757.05,284493.14340539655,72024.60249994078,79.79775107209818,1,284493.1434021371,284493.1434021371,1,1,0,0,0
profile,tfl-numbat-2019-midweek,interpeak,30,1.9666666666666666,1,2,off,free-flow,virtual,1,destination,0,940GZZLUEUS,0,3900,2498,1800,1770,4be260785c883112,59,59,0,0,48,11,1.6,15,14,2.2,-3,true,698,4,15,15,15,1,1,0,0,2,1,8,7,1,2,940GZZLUBST-01-arrival,true,114,40.13757062146893,168.25,127.43333333333334,406.7621468926554,742.1666666666666,986.3,292404.32282980904,58514.1192852463,83.32543626588274,1,292404.3228264709,292404.3228264709,1,1,0,0,0
profile,tfl-numbat-2019-midweek,interpeak,30,1.9666666666666666,1,3,off,free-flow,virtual,1,destination,0,940GZZLUEUS,0,3900,2660,1800,1770,7241b35501f39f8e,59,59,0,0,45,14,1.5,21,8,1.6,6,true,860,4,17,17,16,1,2,0,1,2,1,2,1,1,2,940GZZLUBST-01-arrival,true,106,30.952542372881354,160.5,136.93333333333334,407.6062146892655,831.1666666666666,911.4166666666666,300435.89641602524,144065.56466602097,67.58940582212635,1,300435.89641252824,300435.89641252824,1,1,0,0,0
profile,tfl-numbat-2019-midweek,interpeak,20,2.966666666666667,1,1,off,free-flow,virtual,1,destination,0,940GZZLUEUS,0,3900,2503,1800,1780,016a76ba6d0b3cca,89,89,0,0,68,21,2.2666666666666666,27,17,2.7333333333333334,4,true,703,5,24,24,23,1,1,0,0,1,1,5,4,1,3,london-link-082-a-arrival,true,105,44.34325842696629,266.95,161.31666666666666,417.16647940074904,709.3666666666667,788.5166666666667,448852.7228849647,145964.5769380715,75.46060328415173,1,448852.7228790486,448852.7228790486,1,1,0,0,0
profile,tfl-numbat-2019-midweek,interpeak,20,2.966666666666667,1,2,off,free-flow,virtual,1,destination,0,940GZZLUEUS,0,3900,2487,1800,1780,ed9a2bc8a5a94c22,89,89,0,0,67,22,2.2333333333333334,21,23,3.066666666666667,-1,true,687,7,26,26,22,1,1,0,0,2,1,15,12,3,3,london-link-057-a-arrival,true,159,56.746629213483146,278.1333333333333,178.95,433.80898876404495,756.7833333333333,986.3,453788.0439817284,119971.4189949248,79.09029362713858,1,453788.04397575924,453788.04397575924,1,1,0,0,0
profile,tfl-numbat-2019-midweek,interpeak,20,2.966666666666667,1,3,off,free-flow,virtual,1,destination,0,940GZZLUEUS,0,3900,2577,1800,1780,93ff18cb310a4748,89,89,0,0,64,25,2.1333333333333333,24,20,2.6666666666666665,5,true,777,8,26,26,23,1,2,0,0,2,1,29,23,6,3,london-link-046-a-departure,true,278,50.55018726591761,343.9,169.26666666666668,433.2679775280899,807.45,911.4166666666666,460631.3039608765,177264.8150310342,72.21102155141311,1,460631.303954819,460631.303954819,1,1,0,0,0
profile,tfl-numbat-2019-midweek,interpeak,15,3.966666666666667,1,1,off,free-flow,virtual,1,destination,0,940GZZLUEUS,0,3900,2293,1800,1785,4ea77286324758fc,119,119,0,0,93,26,3.1,32,27,4.066666666666666,-1,true,493,6,32,32,30,1,1,0,0,1,1,35,30,5,3,london-link-009-a-departure,true,118,43.53263305322129,206.4,136.38333333333333,416.1393557422969,709.3666666666667,801.5666666666667,598403.1913077412,178162.4865890891,77.05764088472134,1,598403.1913175202,598403.1913175202,1,1,0,0,0
profile,tfl-numbat-2019-midweek,interpeak,15,3.966666666666667,1,2,off,free-flow,virtual,1,destination,0,940GZZLUEUS,0,3900,2553,1800,1785,b737ae9d8f011316,119,119,0,0,90,29,3,34,25,3.7333333333333334,4,true,753,9,35,35,29,1,1,0,0,2,1,8,7,1,4,london-link-030-a-arrival,true,250,68.08697478991597,428.3333333333333,205.85,442.2931372549019,787.9,1078.0166666666667,602265.0191910288,202965.46317167152,74.79411576966982,1,602265.0192017225,602265.0192017225,1,1,0,0,0
profile,tfl-numbat-2019-midweek,interpeak,15,3.966666666666667,1,3,off,free-flow,virtual,1,destination,0,940GZZLUEUS,0,3900,2328,1800,1785,54ac03234b7a10bc,119,119,0,0,87,32,2.9,33,26,3.6,6,true,528,8,33,33,29,1,1,0,0,2,1,23,20,3,3,london-link-036-a-arrival,true,107,50.739635854341735,354.6166666666667,217.86666666666667,427.7233893557423,796.4666666666667,1012.5,606439.6271324672,193498.94952422346,75.81077408056203,1,606439.6271441431,606439.6271441431,1,1,0,0,0
profile,tfl-numbat-2019-midweek,interpeak,12,4.966666666666667,1,1,off,free-flow,virtual,1,destination,0,940GZZLUEUS,0,3900,2592,1800,1788,b497ea2af025e0c1,149,149,0,0,115,34,3.8333333333333335,42,32,4.866666666666666,2,true,792,8,39,39,37,1,1,0,0,2,1,16,11,5,3,940GZZLUOXC-01-arrival,true,182,50.64675615212528,272.3,168.25,420.12975391498884,757.05,897.7833333333333,743467.8495548741,279770.67075153685,72.65831326719807,1,743467.8495975875,743467.8495975875,1,1,0,0,0
profile,tfl-numbat-2019-midweek,interpeak,12,4.966666666666667,1,2,off,free-flow,virtual,1,destination,0,940GZZLUEUS,0,3900,2438,1800,1788,430d9157d388d3e5,149,149,0,0,109,40,3.6333333333333333,41,33,4.533333333333333,7,true,638,10,44,44,38,1,1,0,0,2,2,25,18,7,4,london-link-084-a-departure,true,123,74.31957494407159,428.3333333333333,206.3,448.50671140939596,789.95,1078.0166666666667,753630.4193968846,242901.0112832836,75.62535372140796,1,753630.4194421499,753630.4194421499,1,1,0,0,0
profile,tfl-numbat-2019-midweek,interpeak,12,4.966666666666667,1,3,off,free-flow,virtual,1,destination,0,940GZZLUEUS,0,3900,2829,1800,1788,5f97c3f949109a0b,149,149,0,0,113,36,3.7666666666666666,43,31,4.666666666666667,5,true,1029,11,43,42,37,1,1,0,0,2,1,25,18,7,3,london-link-017-a-departure,true,116,59.88624161073825,354.6166666666667,210.81666666666666,445.76252796420584,832.35,1160.6166666666666,777603.6360982613,279609.74573900184,73.55219385767838,1,777603.6361489375,777603.6361489375,1,1,0,0,0
profile,tfl-numbat-2019-midweek,interpeak,10,5.966666666666667,1,1,off,free-flow,virtual,1,destination,0,940GZZLUEUS,0,3900,2680,1800,1790,0b930e4ca4da8510,179,179,0,0,140,39,4.666666666666667,49,40,6.066666666666666,-1,true,880,11,48,48,44,1,2,0,0,1,2,62,51,11,4,940GZZLULVT-diverge,true,284,65.88836126629423,343.93333333333334,205.85,435.5312849162012,776.6833333333333,1019.3833333333333,892438.6184711724,314901.25715456076,73.91776222156535,1,892438.6185477083,892438.6185477083,1,1,0,0,0
profile,tfl-numbat-2019-midweek,interpeak,10,5.966666666666667,1,2,off,free-flow,virtual,1,destination,0,940GZZLUEUS,0,3900,2531,1800,1790,43a17175be512ece,179,179,0,0,135,44,4.5,47,42,5.866666666666666,2,true,731,13,53,53,46,2,1,0,0,2,1,64,53,11,3,london-link-017-a-arrival,true,274,77.68491620111732,428.3333333333333,258.5,448.3347299813781,820.2,1078.0166666666667,895696.2663495012,295240.838975129,75.20936767734253,1,895696.2664270903,895696.2664270903,1,1,0,0,0
profile,tfl-numbat-2019-midweek,interpeak,10,5.966666666666667,1,3,off,free-flow,virtual,1,destination,0,940GZZLUEUS,0,3900,2531,1800,1790,2cca81f5af10a5a2,179,179,0,0,135,44,4.5,48,41,5.8,3,true,731,11,51,51,42,1,2,0,0,2,1,40,31,9,4,london-link-070-a-departure,true,90,62.22811918063314,354.6166666666667,210.95,439.40335195530724,796.4666666666667,1160.6166666666666,912303.2580397819,307992.7031805837,74.76081926284722,1,912303.2581211702,912303.2581211702,1,1,0,0,0
profile,tfl-numbat-2019-midweek,interpeak,8.571429,7,1,1,off,free-flow,virtual,1,destination,0,940GZZLUEUS,0,3900,2556,1800,1799,377f35b408a2d0b6,210,210,0,0,161,49,5.366666666666666,52,53,7.266666666666667,-4,true,756,14,57,56,46,1,3,0,1,1,2,46,34,10,5,940GZZLULVT-exit,true,447,72.76047619047618,481.23333333333335,195.9,433.45769841269845,783.3333333333334,1050.7166666666667,1021753.0248781246,386707.7571374648,72.54394569765276,1,1021753.0249840997,1021753.0249840997,1,1,0,0,0.08131812813413619
profile,tfl-numbat-2019-midweek,interpeak,8.571429,7,1,2,off,free-flow,virtual,1,destination,0,940GZZLUEUS,0,3900,2667,1800,1799,0e4e63e12088df38,210,210,0,0,153,57,5.1,48,57,7,0,true,867,16,61,61,50,1,3,0,0,2,2,64,47,15,5,london-link-088-a-arrival,true,155,85.75007936507936,350.51666666666665,234.4,456.76912698412696,831.1833333333333,983.9666666666667,1051797.288480152,413885.2796593862,71.761601819093,1,1051797.288591594,1051797.288591594,1,1,0,0,0
profile,tfl-numbat-2019-midweek,interpeak,8.571429,7,1,3,off,free-flow,virtual,1,destination,0,940GZZLUEUS,0,3900,2852,1800,1799,d32fc6ced69f7580,210,210,0,0,161,49,5.366666666666666,53,52,7.2,-3,true,1052,12,58,57,54,1,3,0,1,2,2,83,69,14,4,london-link-081-a-departure,true,233,64.82595238095239,354.6166666666667,208.35,440.16103174603177,805.75,1163.05,1063969.107065429,378393.6022757406,73.76571095292806,1,1063969.1071737707,1063969.1071737707,1,1,0,0,0
profile,tfl-numbat-2019-midweek,interpeak,7.5,7.966666666666667,1,1,off,free-flow,virtual,1,destination,0,940GZZLUEUS,0,3900,2623,1800,1792.5,f9552f5f1b0bf1c2,239,239,0,0,176,63,5.866666666666666,60,59,7.733333333333333,4,true,823,19,66,65,53,1,2,0,0,1,1,54,42,12,5,london-link-074-a-departure,true,222.5,84.74114365411437,469.5,225.88333333333333,453.9113668061367,796.8333333333334,991.95,1190963.7025676565,399451.04965005885,74.88384403545967,1,1190963.702642529,1190963.702642529,1,1,0,0,0.17485064840448783
profile,tfl-numbat-2019-midweek,interpeak,7.5,7.966666666666667,1,2,off,free-flow,virtual,1,destination,0,940GZZLUEUS,0,3900,2478,1800,1792.5,8b0ec28e29fb5d6c,239,239,0,0,177,62,5.9,54,65,8.2,-3,true,678,19,69,68,58,2,2,0,0,2,2,88,71,17,4,london-link-020-a-arrival,true,208.5,89.857880055788,463.68333333333334,238.41666666666666,453.502580195258,860.5833333333334,1124.0666666666666,1172461.0807987049,391916.7588093849,74.94743604220523,1,1172461.0808787462,1172461.0808787462,1,1,0,0,0.0034829249603817287
profile,tfl-numbat-2019-midweek,interpeak,7.5,7.966666666666667,1,3,off,free-flow,virtual,1,destination,0,940GZZLUEUS,0,3900,3148,1800,1792.5,32aa5186f5b4a850,239,239,0,0,177,62,5.9,57,62,8,0,true,1348,17,69,69,60,1,3,1,1,2,2,93,78,13,5,london-link-070-a-departure,true,344.5,77.16234309623431,433.7,217.86666666666667,459.00355648535566,908.3,1445.0666666666666,1232796.2135216072,458234.6232346465,72.90205398538828,1,1232796.213585657,1232796.213585657,1,1,0,0,0
profile,tfl-numbat-2019-midweek,interpeak,6.666667,8.966666666666667,1,1,off,free-flow,virtual,1,destination,0,940GZZLUEUS,0,3900,2762,1800,1793.3333333333333,2ce7017da63f1ce0,269,269,0,0,200,69,6.666666666666667,64,70,9.066666666666666,-1,true,962,23,76,76,61,2,2,0,0,2,2,115,89,26,4,940GZZLULVT-01-arrival,true,340.6666666666667,98.54281288723668,570,272.1666666666667,471.06009913258987,845.8833333333333,1144.2166666666667,1351040.6088151175,534540.9478016194,71.65113617462741,1,1351040.6088481124,1351040.6088481124,1,1,0,0,0.0650246732510169
profile,tfl-numbat-2019-midweek,interpeak,6.666667,8.966666666666667,1,2,off,free-flow,virtual,1,destination,0,940GZZLUEUS,0,3900,2469,1800,1793.3333333333333,2a8809aeeb74e8bf,269,269,0,0,201,68,6.7,59,75,9.466666666666667,-7,true,669,23,78,76,64,1,2,0,1,2,2,65,50,15,4,london-link-048-a-arrival,true,192.66666666666666,95.78847583643122,421.8666666666667,234.88333333333333,451.6514869888476,824.4166666666666,1098.1833333333334,1290257.2132145732,461235.008608858,73.66616860401021,1,1290257.213264126,1290257.213264126,1,1,0,0,0
profile,tfl-numbat-2019-midweek,interpeak,6.666667,8.966666666666667,1,3,off,free-flow,virtual,1,destination,0,940GZZLUEUS,0,3900,2845,1800,1793.3333333333333,974cc1866ce0a089,269,269,0,0,202,67,6.733333333333333,61,73,9.4,-6,true,1045,20,76,75,68,1,3,0,0,2,1,59,46,13,4,london-link-057-a-arrival,true,410.6666666666667,83.08574969021065,475.45,238.65,457.5420693928129,910.55,1331,1360045.5135022635,492110.60519690585,73.43039281469797,1,1360045.5135333668,1360045.5135333668,1,1,0,0,0
profile,tfl-numbat-2019-midweek,interpeak,6,9.966666666666667,1,1,off,free-flow,virtual,1,destination,0,940GZZLUEUS,0,3900,2662,1800,1794,ee9fd27577dc17b2,299,299,0,0,217,82,7.233333333333333,69,80,9.866666666666667,2,true,862,26,88,85,67,2,2,0,0,2,2,164,130,34,5,london-link-108-a-departure,true,321,110.52709030100335,573,279.2,481.353065774805,827.3166666666667,1072.4333333333334,1493910.9987516718,617833.9389894969,70.742965784004,1,1493910.9987477777,1493910.9987477777,1,1,0,0,0.06187799721549012
profile,tfl-numbat-2019-midweek,interpeak,6,9.966666666666667,1,2,off,free-flow,virtual,1,destination,0,940GZZLUEUS,0,3900,2546,1800,1794,9c6d663f282f98ba,299,299,0,0,223,76,7.433333333333334,65,84,10.533333333333333,-8,true,746,26,87,86,69,2,3,1,0,1,2,157,112,35,4,940GZZLUKSX-01-arrival,true,198,109.44130434782609,462.9,278.1333333333333,466.4933110367893,807.6,1106.8,1436024.7469447895,586558.0974228072,70.99955143710284,1,1436024.7469562534,1436024.7469562534,1,1,0,0,0.09008282241583307
profile,tfl-numbat-2019-midweek,interpeak,6,9.966666666666667,1,3,off,free-flow,virtual,1,destination,0,940GZZLUEUS,0,3900,2707,1800,1794,cae5e030155a2225,299,299,0,0,222,77,7.4,69,80,10.2,-3,true,907,25,86,85,75,2,3,0,0,2,2,194,160,34,4,940GZZLUOXC-01-arrival,true,334,99.51064659977705,533.4666666666667,275.45,469.08138238573025,917,1344.3333333333333,1489298.1183101195,586522.7013527972,71.74502270152392,1,1489298.1183075472,1489298.1183075472,1,1,0,0,0.07210608772033326
profile,tfl-numbat-2019-midweek,interpeak,5.4545449999999995,11,1,1,off,free-flow,virtual,1,destination,0,940GZZLUEUS,0,3900,3029,1800,1798.5,df2e08305f707806,330,330,0,0,227,103,7.566666666666666,74,91,10.2,12,true,1229,35,103,100,74,2,4,0,0,2,2,189,143,39,5,940GZZLUWLO-exit,true,523.5,140.38616161616162,591.7,375.4,512.2905555555556,908.3833333333333,1268.6166666666666,1653699.8839223678,836829.638058325,66.3995294706323,1,1653699.8838769053,1653699.8838769053,1,1,0,0,0.007657219116794469
profile,tfl-numbat-2019-midweek,interpeak,5.4545449999999995,11,1,2,off,free-flow,virtual,1,destination,0,940GZZLUEUS,0,3900,2766,1800,1798.5,aaf9361694744c1c,330,330,0,0,243,87,8.1,73,92,11.333333333333334,-5,true,966,35,103,99,76,2,2,0,1,2,2,226,180,44,5,london-link-048-a-arrival,true,259.5,131.79141414141412,672.3333333333334,313.3,488.8556060606061,885.45,1191.9166666666667,1584321.4254613896,763311.7121891255,67.48590314443086,1,1584321.425434845,1584321.425434845,1,1,0,0,0.01853965458306055
profile,tfl-numbat-2019-midweek,interpeak,5.4545449999999995,11,1,3,off,free-flow,virtual,1,destination,0,940GZZLUEUS,0,3900,2632,1800,1798.5,2868a608737b17cf,330,330,0,0,245,85,8.166666666666666,76,89,11.266666666666667,-4,true,832,27,98,94,80,2,2,0,0,2,1,187,151,36,5,london-link-090-a-departure,true,243.5,108.42853535353535,484.05,297.85,473.20212121212126,872.1666666666666,1394.6166666666666,1620759.459161797,566778.2916907155,74.09058236961468,1,1620759.4591255558,1620759.4591255558,1,1,0,0,0
profile,tfl-numbat-2019-midweek,interpeak,5,11.966666666666667,1,1,off,free-flow,virtual,1,destination,0,940GZZLUEUS,0,3900,3359,1800,1795,63115a88eefe4876,359,359,0,0,246,113,8.2,79,100,11.133333333333333,13,true,1559,48,121,114,78,2,5,0,0,2,2,321,260,60,6,london-link-009-a-arrival,true,740,175.44948932219128,910.4833333333333,455.95,549.8221448467966,991.4,1663.6833333333334,1808590.0947309162,1020558.1786375537,63.92701689606229,1,1808590.094645519,1808590.094645519,1,1,0,0,0.9751214088723534
profile,tfl-numbat-2019-midweek,interpeak,5,11.966666666666667,1,2,off,free-flow,virtual,1,destination,0,940GZZLUEUS,0,3900,2703,1800,1795,a51bec993e64d97a,359,359,0,0,264,95,8.8,78,101,12.4,-6,true,903,40,111,107,81,2,3,0,0,1,2,325,259,66,5,london-link-017-a-arrival,true,281,144.76870937790156,598.5333333333333,328.8833333333333,505.0328690807799,887.35,1116.85,1738030.3740209716,874447.898521559,66.52803172711083,1,1738030.373954049,1738030.373954049,1,1,0,0,0.7487754401655625
profile,tfl-numbat-2019-midweek,interpeak,5,11.966666666666667,1,3,off,free-flow,virtual,1,destination,0,940GZZLUEUS,0,3900,2908,1800,1795,ae2973bdc228cca9,359,359,0,0,255,104,8.5,79,100,11.733333333333333,4,true,1108,41,108,105,80,2,3,0,1,1,1,333,268,64,5,london-link-075-a-arrival,true,216,135.70064995357475,702.8,343.9,502.8576601671309,910.55,1457.9666666666667,1773770.5002680537,783903.7625451846,69.35091485485127,1,1773770.5001916823,1773770.5001916823,1,1,0,0,0.040403181218900186
profile,tfl-numbat-2019-midweek,interpeak,4.615385,13.033333333333333,1,1,off,free-flow,virtual,1,destination,0,940GZZLUEUS,0,3900,3030,1800,1798.6,05b036e7516e55eb,391,391,0,0,258,133,8.6,88,107,11.333333333333334,26,true,1230,68,134,114,81,3,4,0,0,2,2,373,308,65,6,london-link-075-a-arrival,true,632.4,202.73167092924126,779.0166666666667,539.4166666666666,577.1632139812447,1032,1470.4333333333334,1970920.8634580958,1188800.102833046,62.376421351267254,1,1970920.8633306883,1970920.8633306883,1,1,0,0,0.5706195668125588
profile,tfl-numbat-2019-midweek,interpeak,4.615385,13.033333333333333,1,2,off,free-flow,virtual,1,destination,0,940GZZLUEUS,0,3900,3071,1800,1798.6,e6b2cb534b8b4e2b,391,391,0,0,273,118,9.1,83,112,12.666666666666666,6,true,1271,54,125,114,80,3,4,1,1,1,2,427,346,80,6,london-link-046-a-departure,true,641.4,184.6426683716965,777.5666666666667,491.15,547.6168797953965,977.6,1447.9666666666667,1908185.2210478242,1149367.6405664035,62.40890370217189,1,1908185.2209372309,1908185.2209372309,1,1,0,0,0.9023051982755549
profile,tfl-numbat-2019-midweek,interpeak,4.615385,13.033333333333333,1,3,off,free-flow,virtual,1,destination,0,940GZZLUEUS,0,3900,3048,1800,1798.6,b778aea546f63062,391,391,0,0,269,122,8.966666666666667,88,107,12.066666666666666,15,true,1248,47,123,114,83,4,3,0,1,2,2,389,309,80,7,london-link-057-b-departure,true,604.4,154.71014492753622,801.25,407.53333333333336,520.9463341858483,1012.8333333333334,1568.3,1925287.4741307893,947368.2854405327,67.02116909469494,1,1925287.4740162496,1925287.4740162496,1,1,0,0,0.6081215485313202
profile,tfl-numbat-2019-midweek,interpeak,4.2857140000000005,14,1,1,off,free-flow,virtual,1,destination,0,940GZZLUEUS,0,3900,3504,1800,1799,d7e9ab1e06ba3f03,420,420,0,0,267,153,8.9,90,120,11.8,33,true,1704,88,155,114,82,4,4,0,1,2,1,428,346,82,6,london-link-030-a-departure,true,1009,250.89904761904762,1115.2333333333333,630.35,626.0576587301588,1102.6833333333334,1811.3666666666666,2119979.1200168887,1255973.4752811636,62.796471815674956,1,2119979.1198505093,2119979.1198505093,1,1,0,0,0.6097782587802012
profile,tfl-numbat-2019-midweek,interpeak,4.2857140000000005,14,1,2,off,free-flow,virtual,1,destination,0,940GZZLUEUS,0,3900,3302,1800,1799,91e7e36c6e9c5c40,420,420,0,0,266,154,8.866666666666667,88,122,11.866666666666667,32,true,1502,90,155,114,76,2,4,1,0,1,2,507,412,92,7,london-link-020-a-departure,true,744,272.2584126984127,930.1666666666666,639.6,638.5386507936508,1141.9833333333333,1576.2333333333333,2066881.034008078,1442100.6759021305,58.90258784110242,1,2066881.033856567,2066881.033856567,1,1,0,0,0.1406622784180545
profile,tfl-numbat-2019-midweek,interpeak,4.2857140000000005,14,1,3,off,free-flow,virtual,1,destination,0,940GZZLUEUS,0,3900,3391,1800,1799,f9d9788dd6aa402d,420,420,0,0,265,155,8.833333333333334,92,118,11.533333333333333,37,true,1591,83,159,114,81,4,4,0,1,1,2,421,343,74,6,london-link-070-a-departure,true,865,240.79063492063494,950.3333333333334,612.1833333333333,607.2667857142857,1161.4833333333333,1671.4666666666667,2070216.8028896009,1307090.1616927069,61.29785727503859,1,2070216.8027369084,2070216.8027369084,1,1,0,0,0.06863501112290915
profile,tfl-numbat-2019-midweek,interpeak,4,14.966666666666667,1,1,off,free-flow,virtual,1,destination,0,940GZZLUEUS,0,3900,3520,1800,1796,36d46c523aa62ecf,449,449,0,0,254,195,8.466666666666667,92,132,10.8,63,true,1720,127,195,114,74,4,4,0,0,2,2,682,511,165,7,london-link-030-a-departure,true,1160,360.839420935412,1308.0333333333333,832.4166666666666,736.3655159613957,1346.2333333333333,1808.6333333333334,2266047.792687708,1569156.21715764,59.08545638955683,1,2266047.792482737,2266047.792482737,1,1,0,0,0.8746624982236748
profile,tfl-numbat-2019-midweek,interpeak,4,14.966666666666667,1,2,off,free-flow,virtual,1,destination,0,940GZZLUEUS,0,3900,3290,1800,1796,8d49fb9d3816ddc8,449,449,0,0,282,167,9.4,93,131,12.6,36,true,1490,105,170,114,85,3,4,0,1,2,2,514,420,91,5,london-link-046-a-departure,true,837,305.8988864142539,1017.9333333333333,692.7166666666667,670.7170378619154,1184.5166666666667,1708.6666666666667,2201649.3678207262,1416714.4105810109,60.84654563928932,1,2201649.367633916,2201649.367633916,1,1,0,0,0.17780657507618935
profile,tfl-numbat-2019-midweek,interpeak,4,14.966666666666667,1,3,off,free-flow,virtual,1,destination,0,940GZZLUEUS,0,3900,3446,1800,1796,1a5ec5d35ff01181,449,449,0,0,270,179,9,93,131,11.8,48,true,1646,102,179,114,83,2,4,0,1,2,2,368,292,76,5,london-link-048-a-departure,true,1081,300.1917965850037,1136.9,708,666.4929844097995,1231.8166666666666,1747.2333333333333,2211405.68608971,1425816.740171014,60.79929756627954,1,2211405.685901038,2211405.685901038,1,1,0,0,0.17261306155531875
profile,tfl-numbat-2019-midweek,pm-peak,60,0.9666666666666667,1,1,off,free-flow,virtual,1,destination,0,940GZZLUEUS,0,3900,2204,1800,1740,2c415a5861bb3fb7,29,29,0,0,22,7,0.7333333333333333,9,5,0.8666666666666667,2,true,404,3,9,9,9,0,1,0,0,1,1,0,0,0,2,940GZZLUBNK-01-departure,true,0,42.15459770114943,192.35,168.25,377.85689655172416,703.35,943.1666666666666,131267.39955796878,37471.92254563283,77.79301109042856,1,131267.39955727046,131267.39955727046,1,1,0,0,0
profile,tfl-numbat-2019-midweek,pm-peak,60,0.9666666666666667,1,2,off,free-flow,virtual,1,destination,0,940GZZLUEUS,0,3900,2320,1800,1740,42d62660e617f50f,29,29,0,0,25,4,0.8333333333333334,8,6,1.1333333333333333,-2,true,520,2,8,8,7,0,1,0,0,2,1,0,0,0,3,940GZZLUTCR-01-arrival,true,0,20.366666666666667,105.91666666666667,104.43333333333334,350.2385057471264,690.9,699.7833333333333,128802.70380285068,62852.55740678784,67.20540985408287,1,128802.70380212447,128802.70380212447,1,1,0,0,0
profile,tfl-numbat-2019-midweek,pm-peak,60,0.9666666666666667,1,3,off,free-flow,virtual,1,destination,0,940GZZLUEUS,0,3900,2192,1800,1740,36bbc24bd6f4e5a1,29,29,0,0,23,6,0.7666666666666667,7,7,1.0666666666666667,-1,true,392,2,10,10,9,0,1,0,0,1,1,0,0,0,2,940GZZLUKSX-01-arrival,true,0,29.633333333333333,125.43333333333334,123.51666666666667,411.90000000000003,695.6333333333333,723.1,150107.48061761967,40639.634224577014,78.6944959779875,1,150107.48061648617,150107.48061648617,1,1,0,0,0
profile,tfl-numbat-2019-midweek,pm-peak,30,1.9666666666666666,1,1,off,free-flow,virtual,1,destination,0,940GZZLUEUS,0,3900,2509,1800,1770,af2d0ae536676bd0,59,59,0,0,44,15,1.4666666666666666,18,11,1.7333333333333334,4,true,709,5,16,16,14,1,1,0,0,2,1,5,5,0,3,london-link-030-a-arrival,true,99,50.89576271186441,197.7,168.25,402.3898305084746,853.1,943.1666666666666,279945.8872068711,122185.61354115253,69.61550803310128,1,279945.8872037958,279945.8872037958,1,1,0,0,0
profile,tfl-numbat-2019-midweek,pm-peak,30,1.9666666666666666,1,2,off,free-flow,virtual,1,destination,0,940GZZLUEUS,0,3900,2712,1800,1770,491be4b064701a89,59,59,0,0,43,16,1.4333333333333333,19,10,1.6,6,true,912,4,17,17,16,1,1,0,0,2,1,13,10,3,2,940GZZLUBNK-01-arrival,true,55,36.59378531073446,150.4,112.25,414.77683615819205,699.7833333333333,971.6833333333333,301663.43136114074,157622.02973436873,65.68103214972206,1,301663.43135761685,301663.43135761685,1,1,0,0,0
profile,tfl-numbat-2019-midweek,pm-peak,30,1.9666666666666666,1,3,off,free-flow,virtual,1,destination,0,940GZZLUEUS,0,3900,2492,1800,1770,97a0bbc389019b5e,59,59,0,0,44,15,1.4666666666666666,16,13,1.8666666666666667,2,true,692,5,17,17,15,1,1,0,0,2,1,14,12,2,3,940GZZLUKSX-01-arrival,true,106,55.77655367231638,194.1,158.31666666666666,420.90112994350284,778.65,795.9666666666667,290771.7058823621,152413.75295452072,65.60948697312347,1,290771.7058789175,290771.7058789175,1,1,0,0,0
profile,tfl-numbat-2019-midweek,pm-peak,20,2.966666666666667,1,1,off,free-flow,virtual,1,destination,0,940GZZLUEUS,0,3900,2512,1800,1780,2436c9d379b10cb9,89,89,0,0,68,21,2.2666666666666666,25,19,2.8666666666666667,2,true,712,6,25,25,23,1,1,0,0,2,1,19,16,3,4,940GZZLUKSX-01-arrival,true,226,48.466479400749066,245.53333333333333,158.31666666666666,407.223595505618,835.1833333333333,943.1666666666666,430792.38444089034,204544.41963548798,67.80535641519387,1,430792.38443536265,430792.38443536265,1,1,0,0,0
profile,tfl-numbat-2019-midweek,pm-peak,20,2.966666666666667,1,2,off,free-flow,virtual,1,destination,0,940GZZLUEUS,0,3900,2225,1800,1780,fe3e8bbb848e718e,89,89,0,0,68,21,2.2666666666666666,26,18,2.8,3,true,425,6,27,27,23,1,1,0,0,2,1,10,7,3,3,940GZZLUWLO-01-departure,true,96,38.47134831460674,159.33333333333334,148.33333333333334,399.6477528089888,690.9,966.3166666666667,433809.72784021276,182870.7703724057,70.34594560677095,1,433809.7278345552,433809.7278345552,1,1,0,0,0
profile,tfl-numbat-2019-midweek,pm-peak,20,2.966666666666667,1,3,off,free-flow,virtual,1,destination,0,940GZZLUEUS,0,3900,2374,1800,1780,46810ad37025e12d,89,89,0,0,69,20,2.3,24,20,3,0,true,574,6,27,27,24,1,1,0,0,2,1,9,6,3,3,940GZZLUWLO-01-arrival,true,88,61.49288389513109,210.26666666666668,163.68333333333334,424.22715355805246,765.45,901.6166666666667,435441.292907866,184742.860489701,70.21161223200875,1,435441.2929021865,435441.2929021865,1,1,0,0,0
profile,tfl-numbat-2019-midweek,pm-peak,15,3.966666666666667,1,1,off,free-flow,virtual,1,destination,0,940GZZLUEUS,0,3900,2417,1800,1785,0208aa8245ceb755,119,119,0,0,92,27,3.066666666666667,32,27,4,0,true,617,6,33,33,29,1,1,0,0,2,1,20,15,5,3,940GZZLUKSX-01-departure,true,172,52.63977591036414,216.5,165.28333333333333,412.9550420168067,829.8333333333334,943.1666666666666,578578.932636765,201976.84871997748,74.12396992705551,1,578578.9326420825,578578.9326420825,1,1,0,0,0
profile,tfl-numbat-2019-midweek,pm-peak,15,3.966666666666667,1,2,off,free-flow,virtual,1,destination,0,940GZZLUEUS,0,3900,2512,1800,1785,613074b0e2e84676,119,119,0,0,92,27,3.066666666666667,32,27,4,0,true,712,7,36,36,33,1,1,0,0,2,1,51,46,5,4,london-link-120-a-arrival,true,150,50.42955182072829,174.75,149.23333333333332,420.4889355742297,720.3833333333333,966.3166666666667,593687.9612781276,263237.4852363733,69.28116835518446,1,593687.9612868837,593687.9612868837,1,1,0,0,0.015929654645087294
profile,tfl-numbat-2019-midweek,pm-peak,15,3.966666666666667,1,3,off,free-flow,virtual,1,destination,0,940GZZLUEUS,0,3900,2624,1800,1785,51241ebba9303aac,119,119,0,0,87,32,2.9,33,26,3.6,6,true,824,9,35,35,31,1,1,0,0,2,1,11,9,2,4,london-link-044-a-departure,true,160,70.20196078431373,218.25,172.98333333333332,453.4235294117647,795.9666666666667,939.2,616569.1479345827,253389.26554899916,70.87340479479353,1,616569.1479486354,616569.1479486354,1,1,0,0,0
profile,tfl-numbat-2019-midweek,pm-peak,12,4.966666666666667,1,1,off,free-flow,virtual,1,destination,0,940GZZLUEUS,0,3900,2262,1800,1788,d813e5a9585edb2f,149,149,0,0,112,37,3.7333333333333334,40,34,4.8,3,true,462,8,41,40,37,1,1,0,0,2,1,31,23,8,4,london-link-048-a-arrival,true,61,53.705033557046974,252.53333333333333,166.78333333333333,410.02852348993287,789.6666666666666,943.1666666666666,715789.9795161893,232355.14963538497,75.49371478148048,1,715789.9795526684,715789.9795526684,1,1,0,0,0
profile,tfl-numbat-2019-midweek,pm-peak,12,4.966666666666667,1,2,off,free-flow,virtual,1,destination,0,940GZZLUEUS,0,3900,2268,1800,1788,297a5298546de8ab,149,149,0,0,110,39,3.6666666666666665,36,38,4.933333333333334,1,true,468,10,44,43,36,1,1,0,0,2,1,20,15,5,3,london-link-010-a-departure,true,162,68.0976510067114,219.31666666666666,184.35,430.926062639821,699.7833333333333,971.6833333333333,729968.9479192976,248746.3739439565,74.58439973429667,1,729968.9479590331,729968.9479590331,1,1,0,0,0
profile,tfl-numbat-2019-midweek,pm-peak,12,4.966666666666667,1,3,off,free-flow,virtual,1,destination,0,940GZZLUEUS,0,3900,2779,1800,1788,48123429dd3fca57,149,149,0,0,108,41,3.6,39,35,4.6,6,true,979,11,47,45,37,1,1,0,0,2,1,47,41,6,3,940GZZLUKSX-01-arrival,true,227,82.9582774049217,306.5,187.9,459.77483221476507,808.3333333333334,1074.9,758196.3758365477,304762.2033821076,71.32887307743187,1,758196.3758827227,758196.3758827227,1,1,0,0,0
profile,tfl-numbat-2019-midweek,pm-peak,10,5.966666666666667,1,1,off,free-flow,virtual,1,destination,0,940GZZLUEUS,0,3900,2671,1800,1790,7f3d0ffd68c0d35b,179,179,0,0,134,45,4.466666666666667,50,39,5.6,6,true,871,12,48,48,42,1,1,0,0,2,1,20,12,8,4,940GZZLUVIC-01-arrival,true,147,62.48202979515828,258.31666666666666,170.65,415.8134078212291,789.2833333333333,943.1666666666666,852443.7446752338,309455.06712931104,73.3664357011695,1,852443.7447427212,852443.7447427212,1,1,0,0,0
profile,tfl-numbat-2019-midweek,pm-peak,10,5.966666666666667,1,2,off,free-flow,virtual,1,destination,0,940GZZLUEUS,0,3900,2676,1800,1790,d381100ff1da349a,179,179,0,0,134,45,4.466666666666667,40,49,6.266666666666667,-4,true,876,13,52,50,41,2,1,0,0,2,1,65,52,13,4,london-link-048-a-arrival,true,188,78.04916201117318,324.8,196.31666666666666,452.18351955307264,762.45,1025.2,904429.2589292651,382681.7627411607,70.26816208562084,1,904429.2590089331,904429.2590089331,1,1,0,0,0
profile,tfl-numbat-2019-midweek,pm-peak,10,5.966666666666667,1,3,off,free-flow,virtual,1,destination,0,940GZZLUEUS,0,3900,2567,1800,1790,21d3f2b5bd5d97ab,179,179,0,0,131,48,4.366666666666666,43,46,5.866666666666666,2,true,767,17,55,54,43,2,2,0,0,2,2,71,56,15,4,london-link-010-a-arrival,true,140,91.69487895716946,324.28333333333336,225.91666666666666,471.2810986964618,801.3166666666667,1078.3,916934.2091758649,346960.58516755333,72.54830174786849,1,916934.2092580349,916934.2092580349,1,1,0,0,0
profile,tfl-numbat-2019-midweek,pm-peak,8.571429,7,1,1,off,free-flow,virtual,1,destination,0,940GZZLUEUS,0,3900,2416,1800,1799,a956252f9cc231f2,210,210,0,0,161,49,5.366666666666666,54,51,7.133333333333334,-2,true,616,17,57,56,48,2,1,0,0,2,1,82,70,12,4,london-link-020-a-arrival,true,203,78.61666666666666,369.98333333333335,185.3,422.51380952380947,770.3,943.1666666666666,971633.1294106286,351812.4807111575,73.41692941360974,1,971633.1295049078,971633.1295049078,1,1,0,0,0
profile,tfl-numbat-2019-midweek,pm-peak,8.571429,7,1,2,off,free-flow,virtual,1,destination,0,940GZZLUEUS,0,3900,2599,1800,1799,6d4c4c3b2c45e61e,210,210,0,0,151,59,5.033333333333333,48,57,6.866666666666666,2,true,799,21,62,60,46,2,1,0,0,2,1,110,92,18,5,london-link-048-a-arrival,true,226,98.25587301587302,440.1666666666667,247.7,474.07198412698415,806.6833333333333,1025.2,1064306.6992445865,439417.1819997481,70.77806720498916,1,1064306.6993527254,1064306.6993527254,1,1,0,0,0.07337488223784332
profile,tfl-numbat-2019-midweek,pm-peak,8.571429,7,1,3,off,free-flow,virtual,1,destination,0,940GZZLUEUS,0,3900,2628,1800,1799,8a8893745def8e7a,210,210,0,0,150,60,5,46,59,6.933333333333334,1,true,828,23,66,65,49,2,2,0,0,1,1,106,88,18,4,940GZZLUKSX-01-arrival,true,231,109.85912698412699,394.93333333333334,251.48333333333332,487.0127777777778,859.3,1078.3666666666666,1068853.757230541,438931.6105709725,70.88898592967683,1,1068853.7573374282,1068853.7573374282,1,1,0,0,0.010844614745061182
profile,tfl-numbat-2019-midweek,pm-peak,7.5,7.966666666666667,1,1,off,free-flow,virtual,1,destination,0,940GZZLUEUS,0,3900,2501,1800,1792.5,812d6bdfeff7cdd8,239,239,0,0,183,56,6.1,58,61,8.333333333333334,-5,true,701,20,66,64,52,1,2,0,0,1,1,129,112,17,4,940GZZLUVIC-01-arrival,true,241.5,96.7336820083682,428.6333333333333,244.16666666666666,444.22608089260814,815.25,943.1666666666666,1117901.0119470456,478693.2748549064,70.01785119663995,1,1117901.0120411178,1117901.0120411178,1,1,0,0,0.028972663439907287
profile,tfl-numbat-2019-midweek,pm-peak,7.5,7.966666666666667,1,2,off,free-flow,virtual,1,destination,0,940GZZLUEUS,0,3900,2506,1800,1792.5,fe5cdc606d6c3375,239,239,0,0,168,71,5.6,62,57,7.066666666666666,14,true,706,22,72,70,55,2,1,0,1,2,1,222,184,38,5,london-link-048-a-arrival,true,201.5,105.80041841004184,485.28333333333336,268.6,479.51255230125525,808.6666666666666,1025.2,1201682.8428525554,494843.80022447277,70.83194642160387,1,1201682.8429246536,1201682.8429246536,1,1,0,0,0.2630734680782804
profile,tfl-numbat-2019-midweek,pm-peak,7.5,7.966666666666667,1,3,off,free-flow,virtual,1,destination,0,940GZZLUEUS,0,3900,2698,1800,1792.5,1d267e2d1193cfce,239,239,0,0,170,69,5.666666666666667,54,65,7.733333333333333,4,true,898,27,76,73,51,2,1,0,1,1,1,122,103,19,5,london-link-084-a-departure,true,242.5,130.46317991631798,473.26666666666665,303.6666666666667,505.1926778242678,873.05,1015.8,1207718.823030979,555032.2822973293,68.513292624261,1,1207718.8231010344,1207718.8231010344,1,1,0,0,0.28441146920163846
profile,tfl-numbat-2019-midweek,pm-peak,6.666667,8.966666666666667,1,1,off,free-flow,virtual,1,destination,0,940GZZLUEUS,0,3900,2591,1800,1793.3333333333333,5a33a9c6710baada,269,269,0,0,201,68,6.7,64,70,9.133333333333333,-2,true,791,28,78,76,58,2,2,0,0,2,2,200,162,36,4,940GZZLUOXC-diverge,true,260.6666666666667,115.74027261462206,449.1,303,466.4868649318463,810.55,943.1666666666666,1268152.160402155,597149.0344856401,67.98645515682733,1,1268152.1604566965,1268152.1604566965,1,1,0,0,0.09618958091948494
profile,tfl-numbat-2019-midweek,pm-peak,6.666667,8.966666666666667,1,2,off,free-flow,virtual,1,destination,0,940GZZLUEUS,0,3900,2518,1800,1793.3333333333333,6c68acf7e422f94a,269,269,0,0,188,81,6.266666666666667,68,66,8,15,true,718,30,87,83,69,3,2,0,0,2,2,188,157,31,5,london-link-121-a-arrival,true,231.66666666666666,119.44368029739778,402.26666666666665,307.8,490.94807930607186,830.7333333333333,1085.7833333333333,1345127.1070727324,596890.5105901626,69.2644131978326,1,1345127.1071078833,1345127.1071078833,1,1,0,0,0.13038083822261476
profile,tfl-numbat-2019-midweek,pm-peak,6.666667,8.966666666666667,1,3,off,free-flow,virtual,1,destination,0,940GZZLUEUS,0,3900,2754,1800,1793.3333333333333,43d49a40dceca89e,269,269,0,0,186,83,6.2,64,70,8.133333333333333,13,true,954,33,89,85,65,2,2,0,0,1,2,222,184,38,7,london-link-057-a-arrival,true,363.6666666666667,147.2921933085502,494.05,329.6166666666667,529.0107187112764,917.2833333333333,1058.7833333333333,1381167.4909624204,676337.9127707945,67.1282558216556,1,1381167.4909884317,1381167.4909884317,1,1,0,0,0.48875014880755546
profile,tfl-numbat-2019-midweek,pm-peak,6,9.966666666666667,1,1,off,free-flow,virtual,1,destination,0,940GZZLUEUS,0,3900,2433,1800,1794,458ea89b24e1b419,299,299,0,0,214,85,7.133333333333334,72,77,9.466666666666667,8,true,633,33,87,84,66,2,1,0,0,1,1,130,102,27,4,940GZZLUWLO-01-arrival,true,320,122.1979375696767,415.03333333333336,325.95,469.2652173913043,810.7666666666667,955.8,1395172.7816731678,631178.9870049673,68.8514602073899,1,1395172.7816948886,1395172.7816948886,1,1,0,0,0.08724129600300647
profile,tfl-numbat-2019-midweek,pm-peak,6,9.966666666666667,1,2,off,free-flow,virtual,1,destination,0,940GZZLUEUS,0,3900,2638,1800,1794,09e4876ac860d23a,299,299,0,0,205,94,6.833333333333333,74,75,8.733333333333333,19,true,838,36,97,93,74,2,3,0,0,2,1,255,203,52,5,london-link-048-a-arrival,true,226,133.6278706800446,485.28333333333336,329.46666666666664,504.2299331103679,843.2333333333333,1147.3166666666666,1490978.9529021124,713251.6145471593,67.64169660470085,1,1490978.952899239,1490978.952899239,1,1,0,0,0.1963314420482679
profile,tfl-numbat-2019-midweek,pm-peak,6,9.966666666666667,1,3,off,free-flow,virtual,1,destination,0,940GZZLUEUS,0,3900,2769,1800,1794,a1f05cb25706b91b,299,299,0,0,203,96,6.766666666666667,71,78,8.8,18,true,969,39,104,99,70,2,2,0,1,1,2,167,138,29,5,940GZZLUWLO-01-arrival,true,318,169.47040133779265,471.1,385.9166666666667,549.5154960981048,960.3166666666667,1100.6833333333334,1532727.6020445665,865246.5370476515,63.917603491120175,1,1532727.602030506,1532727.602030506,1,1,0,0,0
profile,tfl-numbat-2019-midweek,pm-peak,5.4545449999999995,11,1,1,off,free-flow,virtual,1,destination,0,940GZZLUEUS,0,3900,2661,1800,1798.5,e6be3aeada4a3529,330,330,0,0,236,94,7.866666666666666,79,86,10.466666666666667,8,true,861,41,100,95,70,3,2,0,0,1,2,224,175,49,5,940GZZLUVIC-01-arrival,true,341.5,139.6312626262626,551.3833333333333,345.6,487.8232828282828,835.4833333333333,1004.7666666666667,1542885.5807224642,819807.605912089,65.3019862862587,1,1542885.5807057447,1542885.5807057447,1,1,0,0,0
profile,tfl-numbat-2019-midweek,pm-peak,5.4545449999999995,11,1,2,off,free-flow,virtual,1,destination,0,940GZZLUEUS,0,3900,2680,1800,1798.5,c43d60b6b9d35f14,330,330,0,0,228,102,7.6,78,87,10,15,true,880,42,113,108,76,4,3,0,0,2,1,379,309,69,5,london-link-048-a-arrival,true,311.5,163.28792929292928,818.55,410.9,537.7336363636364,893.95,1380.7666666666667,1663855.9371865059,868536.1618684886,65.70293509474311,1,1663855.937138634,1663855.937138634,1,1,0,0,0.24424622601921692
profile,tfl-numbat-2019-midweek,pm-peak,5.4545449999999995,11,1,3,off,free-flow,virtual,1,destination,0,940GZZLUEUS,0,3900,2634,1800,1798.5,1578ce5338dc3b09,330,330,0,0,221,109,7.366666666666666,74,91,9.8,18,true,834,45,114,109,76,3,2,0,1,1,1,340,276,64,5,940GZZLUBNK-01-arrival,true,422.5,174.71429292929295,580.3166666666667,394.56666666666666,556.7387878787879,926.05,1119.4833333333333,1695722.3580018147,946449.4900723132,64.17910928987538,1,1695722.3579453093,1695722.3579453093,1,1,0,0,0.27925333223418125
profile,tfl-numbat-2019-midweek,pm-peak,5,11.966666666666667,1,1,off,free-flow,virtual,1,destination,0,940GZZLUEUS,0,3900,2704,1800,1795,d59afaee7896bf92,359,359,0,0,252,107,8.4,81,98,11.4,9,true,904,50,113,108,79,2,3,0,1,2,2,233,191,42,5,940GZZLUVIC-01-arrival,true,369,163.13166202414112,582.6666666666666,390.4,514.263556174559,861.5333333333333,1035.9,1693210.9800597948,971977.4322580182,63.53062966333677,1,1693210.9800040608,1693210.9800040608,1,1,0,0,0.25430090230862323
profile,tfl-numbat-2019-midweek,pm-peak,5,11.966666666666667,1,2,off,free-flow,virtual,1,destination,0,940GZZLUEUS,0,3900,2873,1800,1795,230748c929bd6af8,359,359,0,0,241,118,8.033333333333333,77,102,10.933333333333334,16,true,1073,52,122,114,79,3,3,0,1,2,2,436,351,85,6,london-link-057-b-departure,true,641,181.56843082636954,673.4833333333333,425.51666666666665,555.9074280408543,959.3,1320.7,1806204.5485497864,1109266.5619659277,61.95240769270696,1,1806204.5484652694,1806204.5484652694,1,1,0,0,0.3437694129296534
profile,tfl-numbat-2019-midweek,pm-peak,5,11.966666666666667,1,3,off,free-flow,virtual,1,destination,0,940GZZLUEUS,0,3900,3039,1800,1795,d94d85fd65c7879d,359,359,0,0,231,128,7.7,74,105,10.466666666666667,23,true,1239,63,131,114,80,3,3,0,1,2,2,341,271,70,5,940GZZLUKSX-01-arrival,true,767,218.60376044568244,805.0666666666667,495.48333333333335,600.8162952646239,973.8,1508.5,1845969.2225222546,1244783.4687287349,59.72555577635344,1,1845969.2224273486,1845969.2224273486,1,1,0,0,0.0882515168229454
profile,tfl-numbat-2019-midweek,pm-peak,4.615385,13.033333333333333,1,1,off,free-flow,virtual,1,destination,0,940GZZLUEUS,0,3900,3050,1800,1798.6,b844ac8346e1443b,391,391,0,0,266,125,8.866666666666667,86,109,12,16,true,1250,63,130,114,82,4,3,0,1,2,2,395,318,72,5,london-link-020-a-arrival,true,789.4,200.79970161977835,821.4166666666666,478.35,555.5520460358057,950.8166666666667,1305.2166666666667,1862027.0998669283,1237948.0471320003,60.065871872216384,1,1862027.0997676316,1862027.0997676316,1,1,0,0,0.23553813432704646
profile,tfl-numbat-2019-midweek,pm-peak,4.615385,13.033333333333333,1,2,off,free-flow,virtual,1,destination,0,940GZZLUEUS,0,3900,2918,1800,1798.6,a2527f46405d2d08,391,391,0,0,249,142,8.3,84,111,11,31,true,1118,78,149,114,79,3,3,0,0,2,2,413,334,79,5,940GZZLUVIC-01-departure,true,692.4,249.66496163682865,916.5666666666667,617.6666666666666,626.5700341005968,1039.6333333333334,1747.0666666666666,1982464.1213657048,1291227.558582002,60.55744752961501,1,1982464.1212353786,1982464.1212353786,1,1,0,0,0.31238025423587623
profile,tfl-numbat-2019-midweek,pm-peak,4.615385,13.033333333333333,1,3,off,free-flow,virtual,1,destination,0,940GZZLUEUS,0,3900,3040,1800,1798.6,6deb7e792c26e583,391,391,0,0,232,159,7.733333333333333,80,115,10.133333333333333,44,true,1240,92,159,114,78,3,2,0,1,1,2,579,455,123,6,london-link-084-a-departure,true,776.4,289.1316709292413,958.7833333333333,663.5833333333334,669.8994032395567,1081.35,1335.3,2002952.9478356047,1401702.3096417647,58.82983140324357,1,2002952.9476999117,2002952.9476999117,1,1,0,0,0.41015421798596274
profile,tfl-numbat-2019-midweek,pm-peak,4.2857140000000005,14,1,1,off,free-flow,virtual,1,destination,0,940GZZLUEUS,0,3900,3320,1800,1799,f409929b4fc11402,420,420,0,0,270,150,9,89,121,12.066666666666666,29,true,1520,82,154,114,78,2,4,0,0,2,2,450,372,78,6,london-link-084-a-departure,true,699,240.8204761904762,869.0833333333334,548.5666666666667,597.0192857142857,1007.9166666666666,1687.4,2006709.756572834,1402609.7097315174,58.859540046215606,1,2006709.7564357365,2006709.7564357365,1,1,0,0,0.31446289577572845
profile,tfl-numbat-2019-midweek,pm-peak,4.2857140000000005,14,1,2,off,free-flow,virtual,1,destination,0,940GZZLUEUS,0,3900,3657,1800,1799,d94723ccd810e119,420,420,0,0,258,162,8.6,88,122,11.333333333333334,40,true,1857,97,168,114,76,3,4,0,0,2,1,478,368,110,6,london-link-050-a-departure,true,995,315.6014682539682,1084.2333333333333,716.5833333333334,692.4099603174603,1203.6833333333334,2024.85,2129282.0644578836,1559741.2864196924,57.71939784418421,1,2129282.0642887875,2129282.0642887875,1,1,0,0,0.3675926747729357
profile,tfl-numbat-2019-midweek,pm-peak,4.2857140000000005,14,1,3,off,free-flow,virtual,1,destination,0,940GZZLUEUS,0,3900,3328,1800,1799,353b1b896f065073,420,420,0,0,247,173,8.233333333333333,80,130,11.133333333333333,43,true,1528,107,174,114,81,3,3,0,0,2,2,595,466,129,7,london-link-087-a-arrival,true,938,335.6072222222222,1020.6166666666667,746.3666666666667,716.022380952381,1172.55,1596.75,2146549.0639655204,1520056.381388088,58.543224678992054,1,2146549.063792849,2146549.063792849,1,1,0,0,0.23632492447635078
profile,tfl-numbat-2019-midweek,pm-peak,4,14.966666666666667,1,1,off,free-flow,virtual,1,destination,0,940GZZLUEUS,0,3900,3516,1800,1796,a8eb787e9f460846,449,449,0,0,277,172,9.233333333333333,93,131,12.266666666666667,41,true,1716,104,174,114,76,3,4,0,0,2,1,499,399,99,6,london-link-057-b-departure,true,882,302.09209354120264,988.35,701.7166666666667,660.7796956198961,1132.9,1835.5333333333333,2163738.683535658,1543566.084775997,58.36419767887189,1,2163738.6833584313,2163738.6833584313,1,1,0,0,0.783356971215673
profile,tfl-numbat-2019-midweek,pm-peak,4,14.966666666666667,1,2,off,free-flow,virtual,1,destination,0,940GZZLUEUS,0,3900,3435,1800,1796,58fb90118990c167,449,449,0,0,263,186,8.766666666666667,89,135,11.6,51,true,1635,118,187,114,80,3,3,0,0,2,2,572,472,100,7,london-link-048-a-departure,true,1016,360.07138084632516,1195.7333333333333,807.8666666666667,735.2950631031923,1287.5,1818.05,2266674.2384106833,1553848.471153354,59.32890367950031,1,2266674.23820689,2266674.23820689,1,1,0,0,0.3730691176523039
profile,tfl-numbat-2019-midweek,pm-peak,4,14.966666666666667,1,3,off,free-flow,virtual,1,destination,0,940GZZLUEUS,0,3900,3413,1800,1796,a145bdb7ecc3531e,449,449,0,0,248,201,8.266666666666667,83,141,11,60,true,1613,136,201,114,81,3,2,0,0,2,1,595,454,141,6,940GZZLUKSX-exit,true,1113,411.17702301410543,1213.0666666666666,833.0666666666667,791.2633259094283,1359.9166666666667,1793.7166666666667,2293910.31668669,1648136.2266105718,58.190848116369146,1,2293910.3164760633,2293910.3164760633,1,1,0,0,0.33817895129946474
profile,tfl-numbat-2019-midweek,evening,60,0.9666666666666667,1,1,off,free-flow,virtual,1,destination,0,940GZZLUEUS,0,3900,2233,1800,1740,3eeae1ba9ba23568,29,29,0,0,22,7,0.7333333333333333,6,8,1.0666666666666667,-1,true,433,2,10,10,10,0,0,0,0,1,1,0,0,0,2,940GZZLUVIC-01-departure,true,0,41.29367816091954,205.88333333333333,168.25,456.4810344827587,740.8,818.05,163553.32244815503,17133.765424216253,90.51743783910075,1,163553.3224467993,163553.3224467993,1,1,0,0,0
profile,tfl-numbat-2019-midweek,evening,60,0.9666666666666667,1,2,off,free-flow,virtual,1,destination,0,940GZZLUEUS,0,3900,2239,1800,1740,5cc10fa37241c278,29,29,0,0,23,6,0.7666666666666667,7,7,1.0666666666666667,-1,true,439,2,11,11,11,1,0,0,0,1,0,6,6,0,2,940GZZLUWLO-01-arrival,true,0,24.96206896551724,172.7,127.63333333333334,438.90459770114944,687.8333333333334,715.9666666666667,162749.2848214683,53136.139096257866,75.38687970128636,1,162749.2848200558,162749.2848200558,1,1,0,0,0
profile,tfl-numbat-2019-midweek,evening,60,0.9666666666666667,1,3,off,free-flow,virtual,1,destination,0,940GZZLUEUS,0,3900,2182,1800,1740,c779019d55d17d00,29,29,0,0,23,6,0.7666666666666667,8,6,1,0,true,382,2,9,9,8,0,0,0,0,1,1,0,0,0,2,940GZZLUBNK-01-arrival,true,38,29.93448275862069,147.28333333333333,123.01666666666667,387.71494252873566,692.6,706.9333333333333,140133.3778639682,47441.149576390104,74.7081065730129,1,140133.37786308146,140133.37786308146,1,1,0,0,0
profile,tfl-numbat-2019-midweek,evening,30,1.9666666666666666,1,1,off,free-flow,virtual,1,destination,0,940GZZLUEUS,0,3900,2443,1800,1770,68545f5ecc1ebff5,59,59,0,0,47,12,1.5666666666666667,14,15,2.2,-3,true,643,5,18,18,16,1,0,0,0,1,1,4,4,0,3,london-link-082-a-arrival,true,82,52.08220338983051,255.35,173.25,429.73757062146893,740.8,1001.3166666666667,301629.250625377,79702.79941301973,79.09884589952658,1,301629.250621828,301629.250621828,1,1,0,0,0
profile,tfl-numbat-2019-midweek,evening,30,1.9666666666666666,1,2,off,free-flow,virtual,1,destination,0,940GZZLUEUS,0,3900,2354,1800,1770,fc357df6b5d5694e,59,59,0,0,46,13,1.5333333333333334,15,14,2.066666666666667,-1,true,554,4,19,19,17,1,1,0,0,2,1,22,19,3,3,london-link-048-a-departure,true,77,33.82203389830509,182.31666666666666,150.4,424.4949152542373,693.0166666666667,829.6666666666666,311712.08882840234,113648.9009605219,73.28177625858036,1,311712.08882461314,311712.08882461314,1,1,0,0,0
profile,tfl-numbat-2019-midweek,evening,30,1.9666666666666666,1,3,off,free-flow,virtual,1,destination,0,940GZZLUEUS,0,3900,2673,1800,1770,4a24af1062605094,59,59,0,0,46,13,1.5333333333333334,16,13,2,0,true,873,5,17,17,16,1,1,0,0,1,1,19,15,4,2,940GZZLUBNK-01-arrival,true,122,56.83474576271187,217.86666666666667,163.38333333333333,425.3581920903955,724.3166666666667,902.75,293688.5452048545,167992.68881499593,63.612840107819295,1,293688.54520146066,293688.54520146066,1,1,0,0,0
profile,tfl-numbat-2019-midweek,evening,20,2.966666666666667,1,1,off,free-flow,virtual,1,destination,0,940GZZLUEUS,0,3900,2408,1800,1780,4fbd0b1ddcda5daa,89,89,0,0,67,22,2.2333333333333334,22,22,3,0,true,608,7,25,25,23,1,1,0,1,1,1,38,33,5,3,london-link-070-a-departure,true,221,74.20355805243445,240.4,200.61666666666667,464.413670411985,737.85,1001.3166666666667,469282.5120980387,163618.07229919505,74.14790310945553,1,469282.51209181396,469282.51209181396,1,1,0,0,0.004309416074121957
profile,tfl-numbat-2019-midweek,evening,20,2.966666666666667,1,2,off,free-flow,virtual,1,destination,0,940GZZLUEUS,0,3900,2362,1800,1780,58312b729793399f,89,89,0,0,67,22,2.2333333333333334,24,20,2.8666666666666667,2,true,562,6,24,24,23,1,1,0,0,1,1,14,11,3,3,london-link-087-a-arrival,true,92,47.74138576779026,217.65,159.03333333333333,437.8434456928839,687.8333333333334,1155.6833333333334,469853.8210978549,184211.3905164044,71.8359290105396,1,469853.82109156065,469853.82109156065,1,1,0,0,0
profile,tfl-numbat-2019-midweek,evening,20,2.966666666666667,1,3,off,free-flow,virtual,1,destination,0,940GZZLUEUS,0,3900,2520,1800,1780,dbba58b1409deafa,89,89,0,0,68,21,2.2666666666666666,23,21,3,0,true,720,8,25,24,22,0,1,0,0,1,1,0,0,0,3,london-link-025-a-departure,true,124,69.38258426966291,224.7,207.15,433.87284644194756,724.3166666666667,899.7333333333333,438107.8985543412,226286.13846050604,65.94097390199045,1,438107.89854865626,438107.89854865626,1,1,0,0,0
profile,tfl-numbat-2019-midweek,evening,15,3.966666666666667,1,1,off,free-flow,virtual,1,destination,0,940GZZLUEUS,0,3900,2452,1800,1785,873015319cd46809,119,119,0,0,82,37,2.7333333333333334,30,29,3.466666666666667,8,true,652,11,39,39,34,1,2,0,0,1,1,19,15,4,3,940GZZLUBXN-01-arrival,true,115,91.42394957983194,295.96666666666664,215.68333333333334,486.56596638655463,786.3666666666667,1001.3166666666667,636459.1852359825,268530.7888157708,70.32776091280604,1,636459.1852545666,636459.1852545666,1,1,0,0,0
profile,tfl-numbat-2019-midweek,evening,15,3.966666666666667,1,2,off,free-flow,virtual,1,destination,0,940GZZLUEUS,0,3900,2583,1800,1785,7ee478a9b78eebf3,119,119,0,0,87,32,2.9,32,27,3.6666666666666665,5,true,783,10,34,34,28,1,2,0,0,2,2,23,17,6,3,940GZZLUVIC-01-arrival,true,158,64.55826330532213,287.65,199.98333333333332,464.61652661064426,757.3833333333333,1153.3333333333333,644655.637419955,268516.5488007795,70.59518972954429,1,644655.6374404277,644655.6374404277,1,1,0,0,0.017978336104993484
profile,tfl-numbat-2019-midweek,evening,15,3.966666666666667,1,3,off,free-flow,virtual,1,destination,0,940GZZLUEUS,0,3900,2669,1800,1785,3efe4dd7383dc66b,119,119,0,0,85,34,2.8333333333333335,30,29,3.6666666666666665,5,true,869,11,34,34,29,1,1,0,0,1,1,6,2,4,4,london-link-057-a-arrival,true,154,79.40546218487394,272.15,217.86666666666667,448.13207282913163,748.9166666666666,958.35,592541.7423308144,299713.7951848749,66.4094216753903,1,592541.7423392629,592541.7423392629,1,1,0,0,0
profile,tfl-numbat-2019-midweek,evening,12,4.966666666666667,1,1,off,free-flow,virtual,1,destination,0,940GZZLUEUS,0,3900,2432,1800,1788,25b3fdeb13f94c9d,149,149,0,0,105,44,3.5,36,38,4.6,6,true,632,14,48,47,39,1,1,0,0,1,1,59,49,10,4,940GZZLUVIC-01-arrival,true,122,94.3397091722595,292.81666666666666,230.8,480.26006711409394,819.8666666666667,995.9666666666667,776546.949426435,355940.3786274862,68.57003431207146,1,776546.9494768147,776546.9494768147,1,1,0,0,0.4022642418402987
profile,tfl-numbat-2019-midweek,evening,12,4.966666666666667,1,2,off,free-flow,virtual,1,destination,0,940GZZLUEUS,0,3900,2597,1800,1788,735db4462c7d6518,149,149,0,0,104,45,3.466666666666667,41,33,4.2,12,true,797,16,46,46,35,1,2,0,1,2,2,40,32,8,4,london-link-020-a-departure,true,229,84.1923937360179,278.05,237.55,483.8567114093959,787.4,1153.3333333333333,806091.2688312522,313231.36911058315,72.01598909081834,1,806091.2688884836,806091.2688884836,1,1,0,0,0
profile,tfl-numbat-2019-midweek,evening,12,4.966666666666667,1,3,off,free-flow,virtual,1,destination,0,940GZZLUEUS,0,3900,2465,1800,1788,2fcc7c73295d9f40,149,149,0,0,108,41,3.6,39,35,4.6,6,true,665,13,45,43,35,2,2,0,0,1,1,52,42,10,4,940GZZLUKSX-01-arrival,true,157,91.76118568232663,299,217.86666666666667,456.81554809843396,755.4166666666666,963.7166666666667,734014.3283884682,348208.90265214944,67.82466937830125,1,734014.3284290693,734014.3284290693,1,1,0,0,0
profile,tfl-numbat-2019-midweek,evening,10,5.966666666666667,1,1,off,free-flow,virtual,1,destination,0,940GZZLUEUS,0,3900,2802,1800,1790,20f452e1bbe11c01,179,179,0,0,131,48,4.366666666666666,43,46,5.866666666666666,2,true,1002,18,59,58,45,1,3,0,0,1,1,56,46,10,5,london-link-072-a-arrival,true,205,116.92811918063315,361.4,273.95,504.59422718808196,838.4833333333333,1101.7,937869.1074988936,520446.419065779,64.31180978428,1,937869.1075859802,937869.1075859802,1,1,0,0,0.005620766859958594
profile,tfl-numbat-2019-midweek,evening,10,5.966666666666667,1,2,off,free-flow,virtual,1,destination,0,940GZZLUEUS,0,3900,2616,1800,1790,2c882ff5d2d3fc38,179,179,0,0,124,55,4.133333333333334,47,42,5.133333333333334,13,true,816,19,59,58,44,2,2,0,1,2,1,61,50,11,4,london-link-009-a-departure,true,207,101.46806331471136,356.18333333333334,271.2,494.33798882681566,789.4,1158.7,951122.3183392144,401770.68477428355,70.30284849949972,1,951122.318429369,951122.318429369,1,1,0,0,0.002018468991270122
profile,tfl-numbat-2019-midweek,evening,10,5.966666666666667,1,3,off,free-flow,virtual,1,destination,0,940GZZLUEUS,0,3900,2523,1800,1790,422dc303f2c9a139,179,179,0,0,131,48,4.366666666666666,47,42,5.6,6,true,723,18,52,50,39,1,1,0,0,1,1,78,64,14,5,london-link-046-a-departure,true,180,102.4191806331471,331.1333333333333,242.9,463.82700186219745,754.1,963.7166666666667,871494.2185292663,408213.1872261759,68.10105299146896,1,871494.2186010272,871494.2186010272,1,1,0,0,0.1745107845536674
profile,tfl-numbat-2019-midweek,evening,8.571429,7,1,1,off,free-flow,virtual,1,destination,0,940GZZLUEUS,0,3900,2711,1800,1799,8fa5bf61b989b665,210,210,0,0,146,64,4.866666666666666,50,55,6.4,9,true,911,24,69,66,52,1,3,0,0,1,1,73,59,14,4,940GZZLUVIC-01-arrival,true,327,130.3429365079365,367.46666666666664,298.6,514.683253968254,865.6,1106.7333333333333,1090588.2093136723,568046.1670751766,65.75217690158351,1,1090588.2094150507,1090588.2094150507,1,1,0,0,0
profile,tfl-numbat-2019-midweek,evening,8.571429,7,1,2,off,free-flow,virtual,1,destination,0,940GZZLUEUS,0,3900,2836,1800,1799,fa205d26eb72d298,210,210,0,0,148,62,4.933333333333334,53,52,6.333333333333333,10,true,1036,23,71,68,52,2,2,0,0,1,2,159,133,26,5,london-link-048-a-arrival,true,227,118.48333333333333,344.9,301.6166666666667,532.0550793650793,921,1158.7,1173849.6043776688,550801.5073727041,68.06301844935537,1,1173849.6044570464,1173849.6044570464,1,1,0,0,0.19306088538988012
profile,tfl-numbat-2019-midweek,evening,8.571429,7,1,3,off,free-flow,virtual,1,destination,0,940GZZLUEUS,0,3900,2662,1800,1799,17620ed2eaa95023,210,210,0,0,150,60,5,53,52,6.466666666666667,8,true,862,24,63,60,47,2,2,0,1,1,2,72,55,17,4,london-link-025-a-departure,true,252,118.36666666666666,376.55,298.43333333333334,481.613253968254,810.65,963.7166666666667,1029052.7718471854,485364.11062388925,67.95042922184541,1,1029052.7719549612,1029052.7719549612,1,1,0,0,0
profile,tfl-numbat-2019-midweek,evening,7.5,7.966666666666667,1,1,off,free-flow,virtual,1,destination,0,940GZZLUEUS,0,3900,2692,1800,1792.5,587d4087c93cef8a,239,239,0,0,163,76,5.433333333333334,56,63,7.133333333333334,13,true,892,28,78,75,56,1,3,0,0,1,1,108,86,22,5,london-link-063-a-departure,true,252.5,141.48591352859137,382.78333333333336,319.0833333333333,531.1854253835426,909.05,1141.4166666666667,1257496.32004803,663163.4482640285,65.47210186805552,1,1257496.3201056917,1257496.3201056917,1,1,0,0,0.07247303576757472
profile,tfl-numbat-2019-midweek,evening,7.5,7.966666666666667,1,2,off,free-flow,virtual,1,destination,0,940GZZLUEUS,0,3900,2768,1800,1792.5,2f9a395554770741,239,239,0,0,164,75,5.466666666666667,57,62,7.133333333333334,13,true,968,27,78,76,59,2,2,0,0,1,2,131,107,24,5,london-link-025-b-departure,true,332.5,124.84267782426778,477.48333333333335,309.81666666666666,535.8792189679219,923.2333333333333,1185.45,1328051.7183918795,598266.3131818644,68.94249530057616,1,1328051.7184313203,1328051.7184313203,1,1,0,0,0.024090921973755067
profile,tfl-numbat-2019-midweek,evening,7.5,7.966666666666667,1,3,off,free-flow,virtual,1,destination,0,940GZZLUEUS,0,3900,2550,1800,1792.5,3f9e14e4a9ea6f4c,239,239,0,0,168,71,5.6,57,62,7.4,9,true,750,29,74,72,53,1,2,0,1,1,1,131,111,20,4,940GZZLUBNK-01-arrival,true,269.5,134.70404463040447,379.76666666666665,314.5833333333333,504.5861227336122,867.8,974.2666666666667,1192262.9401032862,558712.929228312,68.09134043397239,1,1192262.9401777866,1192262.9401777866,1,1,0,0,0.16962736447318252
profile,tfl-numbat-2019-midweek,evening,6.666667,8.966666666666667,1,1,off,free-flow,virtual,1,destination,0,940GZZLUEUS,0,3900,2693,1800,1793.3333333333333,6b585277ba4a284f,269,269,0,0,183,86,6.1,65,69,7.866666666666666,17,true,893,37,91,89,64,2,3,0,0,1,1,209,173,36,4,940GZZLUBXN-01-arrival,true,362.6666666666667,159.8173482032218,487,338.05,548.2825898389095,904.8333333333334,1141.2166666666667,1409596.2228256837,782866.0507689688,64.29283823044214,1,1409596.22284388,1409596.22284388,1,1,0,0,0.19525541771600907
profile,tfl-numbat-2019-midweek,evening,6.666667,8.966666666666667,1,2,off,free-flow,virtual,1,destination,0,940GZZLUEUS,0,3900,2605,1800,1793.3333333333333,550d0bff2169bd1a,269,269,0,0,179,90,5.966666666666667,59,75,8,15,true,805,33,91,87,71,2,2,0,1,2,1,244,195,48,6,london-link-020-a-arrival,true,391.6666666666667,138.7110285006196,472.1166666666667,331.0833333333333,545.7394052044609,964.55,1198.1333333333334,1476877.783149074,638955.8497052612,69.80122445434017,1,1476877.7831498403,1476877.7831498403,1,1,0,0,0.5525075341936481
profile,tfl-numbat-2019-midweek,evening,6.666667,8.966666666666667,1,3,off,free-flow,virtual,1,destination,0,940GZZLUEUS,0,3900,2607,1800,1793.3333333333333,1a7011d452329f9f,269,269,0,0,190,79,6.333333333333333,62,72,8.533333333333333,7,true,807,36,86,84,61,1,2,0,0,1,1,129,105,24,5,london-link-106-a-departure,true,314.6666666666667,147.5586741016109,475.43333333333334,360.1,525.7566294919454,858.4,1094.0333333333333,1373593.57750814,652631.309438378,67.79077615506534,1,1373593.577535386,1373593.577535386,1,1,0,0,0.11036710521888354
profile,tfl-numbat-2019-midweek,evening,6,9.966666666666667,1,1,off,free-flow,virtual,1,destination,0,940GZZLUEUS,0,3900,2702,1800,1794,dbe77387ac8e7ea1,299,299,0,0,201,98,6.7,67,82,8.933333333333334,16,true,902,40,106,102,70,2,3,0,1,1,2,216,176,36,5,940GZZLUOXC-merge,true,344,175.36516164994424,581.2833333333333,402.18333333333334,571.6836677814938,930.15,1101.7,1599616.9717774973,955218.8026323614,62.61134229447655,1,1599616.9717453255,1599616.9717453255,1,1,0,0,0.37164597517020426
profile,tfl-numbat-2019-midweek,evening,6,9.966666666666667,1,2,off,free-flow,virtual,1,destination,0,940GZZLUEUS,0,3900,2899,1800,1794,94fb12000179d5a1,299,299,0,0,196,103,6.533333333333333,64,85,8.8,18,true,1099,42,109,104,72,3,3,1,1,2,2,403,336,67,6,london-link-048-a-arrival,true,488,177.82396878483834,547.0333333333333,408.6666666666667,586.5833890746934,996.2166666666667,1317.6833333333334,1647629.4030312316,922080.0522332081,64.11734212425505,1,1647629.402987505,1647629.402987505,1,1,0,0,0.1829860135038374
profile,tfl-numbat-2019-midweek,evening,6,9.966666666666667,1,3,off,free-flow,virtual,1,destination,0,940GZZLUEUS,0,3900,2684,1800,1794,644175ba2387c632,299,299,0,0,201,98,6.7,68,81,8.866666666666667,17,true,884,42,102,97,71,3,2,0,0,2,2,229,185,44,5,940GZZLUVIC-01-arrival,true,516,169.89921962095875,545.1666666666666,410.6333333333333,545.9847826086957,888.35,1117.5166666666667,1514989.3912840309,803348.8711198926,65.34807348230164,1,1514989.391274468,1514989.391274468,1,1,0,0,0.0905073111100663
profile,tfl-numbat-2019-midweek,evening,5.4545449999999995,11,1,1,off,free-flow,virtual,1,destination,0,940GZZLUEUS,0,3900,2962,1800,1798.5,1b439c7c84b85436,330,330,0,0,212,118,7.066666666666666,69,96,9.533333333333333,22,true,1162,51,120,114,83,3,4,1,1,2,2,346,290,56,6,london-link-121-a-arrival,true,563.5,199.98843434343434,774.6666666666666,446.3833333333333,601.3666666666667,1002.8333333333334,1629.7333333333333,1786403.2619729727,1119139.2651746578,61.48260592580911,1,1786403.2618923201,1786403.2618923201,1,1,0,0,0.5269758070197686
profile,tfl-numbat-2019-midweek,evening,5.4545449999999995,11,1,2,off,free-flow,virtual,1,destination,0,940GZZLUEUS,0,3900,2817,1800,1798.5,3445851c09ebc1ba,330,330,0,0,209,121,6.966666666666667,74,91,9,30,true,1017,53,122,114,79,3,3,0,1,2,2,297,235,62,5,london-link-063-b-departure,true,560.5,199.1540404040404,876.6833333333333,484.78333333333336,603.2026767676767,1022.55,1386.8,1798493.5743587113,1033773.0654231628,63.50015034238519,1,1798493.5742761234,1798493.5742761234,1,1,0,0,0.0057824079874329
profile,tfl-numbat-2019-midweek,evening,5.4545449999999995,11,1,3,off,free-flow,virtual,1,destination,0,940GZZLUEUS,0,3900,2961,1800,1798.5,8ed279d12330b0cd,330,330,0,0,218,112,7.266666666666667,73,92,9.666666666666666,20,true,1161,48,112,108,72,3,2,0,0,2,2,267,209,56,5,940GZZLUOXC-01-arrival,true,710.5,190.50979797979798,803.6166666666667,452.03333333333336,567.655404040404,951.1666666666666,1325.2166666666667,1676612.6018272021,1088298.290387273,60.6389380051365,1,1676612.601775789,1676612.601775789,1,1,0,0,0.2131848934815758
profile,tfl-numbat-2019-midweek,evening,5,11.966666666666667,1,1,off,free-flow,virtual,1,destination,0,940GZZLUEUS,0,3900,3098,1800,1795,a190a3a06673b595,359,359,0,0,223,136,7.433333333333334,74,105,9.933333333333334,31,true,1298,69,141,114,77,3,4,0,0,1,2,364,289,73,6,london-link-048-a-departure,true,692,256.95236768802226,872.3166666666667,584.9166666666666,662.0398328690808,1137.45,1727.3833333333334,1962282.8187812562,1246883.39968566,61.14618829929845,1,1962282.8186560587,1962282.8186560587,1,1,0,0,0.12503083243316804
profile,tfl-numbat-2019-midweek,evening,5,11.966666666666667,1,2,off,free-flow,virtual,1,destination,0,940GZZLUEUS,0,3900,3174,1800,1795,140deb2d9657264b,359,359,0,0,216,143,7.2,75,104,9.4,39,true,1374,72,145,114,76,4,3,0,1,2,2,527,452,75,5,london-link-020-a-departure,true,960,257.2857938718663,959.8833333333333,647.7,662.6793871866295,1189.3,1495.9333333333334,1961399.76763946,1272836.1228055805,60.64491997736026,1,1961399.76751514,1961399.76751514,1,1,0,0,0.22194373768444325
profile,tfl-numbat-2019-midweek,evening,5,11.966666666666667,1,3,off,free-flow,virtual,1,destination,0,940GZZLUEUS,0,3900,3119,1800,1795,3de16aff2dc2b065,359,359,0,0,230,129,7.666666666666667,76,103,10.266666666666667,26,true,1319,57,132,114,80,3,2,0,0,1,2,386,315,70,6,london-link-057-b-departure,true,733,216.79925719591458,802.2833333333333,467.73333333333335,600.0567316620242,1042.2666666666667,1555.65,1851492.8561263958,1274631.8382302984,59.226455664699685,1,1851492.8560292465,1851492.8560292465,1,1,0,0,0.33352661891204927
profile,tfl-numbat-2019-midweek,evening,4.615385,13.033333333333333,1,1,off,free-flow,virtual,1,destination,0,940GZZLUEUS,0,3900,3190,1800,1798.6,e963afde427cc29f,391,391,0,0,226,165,7.533333333333333,77,118,9.933333333333334,47,true,1390,93,165,114,77,4,4,0,0,1,1,539,413,124,6,940GZZLUVIC-exit,true,931.4,307.8656010230179,1056.1333333333334,659.3833333333333,710.2814151747656,1202.2166666666667,1911.2,2123043.967863177,1371464.3831992506,60.753724260458924,1,2123043.9676957834,2123043.9676957834,1,1,0,0,0.0601172677092198
profile,tfl-numbat-2019-midweek,evening,4.615385,13.033333333333333,1,2,off,free-flow,virtual,1,destination,0,940GZZLUEUS,0,3900,3363,1800,1798.6,5c39f262c2e4a004,391,391,0,0,224,167,7.466666666666667,78,117,9.733333333333333,50,true,1563,99,170,114,78,3,4,0,1,1,1,425,344,78,6,london-link-072-b-departure,true,1069.4,314.2712276214834,1215.7166666666667,706.4166666666666,718.9756180733164,1254.0166666666667,1642.0333333333333,2135032.088271934,1436360.3902603886,59.78150262413426,1,2135032.0881017605,2135032.0881017605,1,1,0,0,0.28387136265905594
profile,tfl-numbat-2019-midweek,evening,4.615385,13.033333333333333,1,3,off,free-flow,virtual,1,destination,0,940GZZLUEUS,0,3900,3201,1800,1798.6,a6a90c310b40c11b,391,391,0,0,239,152,7.966666666666667,79,116,10.666666666666666,36,true,1401,79,153,114,75,3,2,0,0,2,2,455,373,82,6,london-link-048-a-departure,true,769.4,267.16265984654734,985.75,583.2333333333333,650.4358908780903,1121.1,1641.4,2017088.8098189195,1402370.585863199,58.988529367126695,1,2017088.8096797983,2017088.8096797983,1,1,0,0,0.22732076555252903
profile,tfl-numbat-2019-midweek,evening,4.2857140000000005,14,1,1,off,free-flow,virtual,1,destination,0,940GZZLUEUS,0,3900,3493,1800,1799,e5a5471b5e211a7c,420,420,0,0,234,186,7.8,80,130,10.266666666666667,56,true,1693,111,187,114,81,3,4,0,1,1,2,412,336,74,5,940GZZLUVIC-01-arrival,true,974,360.4420634920635,1058.85,765.9166666666666,757.748492063492,1323.2,1838.5,2250980.9450517013,1554499.3255224442,59.15103442940957,1,2250980.9448514855,2250980.9448514855,1,1,0,0,0.26420458624700255
profile,tfl-numbat-2019-midweek,evening,4.2857140000000005,14,1,2,off,free-flow,virtual,1,destination,0,940GZZLUEUS,0,3900,3577,1800,1799,3cfb7a1e8de1cdca,420,420,0,0,229,191,7.633333333333334,81,129,9.866666666666667,62,true,1777,121,192,114,74,3,2,0,0,2,2,579,467,110,6,london-link-048-a-arrival,true,1203,381.7672619047619,1292.6333333333334,848.7833333333333,786.3531349206348,1346.6,1867.7833333333333,2289754.61728775,1541407.6665148411,59.76657859074221,1,2289754.6170781306,2289754.6170781306,1,1,0,0,0.22808186713518483
profile,tfl-numbat-2019-midweek,evening,4.2857140000000005,14,1,3,off,free-flow,virtual,1,destination,0,940GZZLUEUS,0,3900,3479,1800,1799,8d1eb005ae7b2be2,420,420,0,0,250,170,8.333333333333334,84,126,11.066666666666666,44,true,1679,109,172,114,74,4,3,0,0,2,1,780,612,164,5,london-link-020-a-departure,true,1112,318.1486111111111,1145.6,750.5,699.864246031746,1202.7166666666667,1772.2333333333333,2157653.8073042175,1579321.350150214,57.73797567265545,1,2157653.80712821,2157653.80712821,1,1,0,0,0.3797385239443196
profile,tfl-numbat-2019-midweek,evening,4,14.966666666666667,1,1,off,free-flow,virtual,1,destination,0,940GZZLUEUS,0,3900,3735,1800,1796,9acce1466eaaacf4,449,449,0,0,240,209,8,81,143,10.6,66,true,1935,138,210,114,79,3,7,0,1,1,2,551,456,95,5,940GZZLULNB-01-departure,true,1333,445.8011878247959,1360.9,928.6333333333333,845.7426874536006,1479,1992.45,2420872.810572375,1744855.8367986013,58.11403035337423,1,2420872.8103276375,2420872.8103276375,1,1,0,0,0.3855029896150215
profile,tfl-numbat-2019-midweek,evening,4,14.966666666666667,1,2,off,free-flow,virtual,1,destination,0,940GZZLUEUS,0,3900,3772,1800,1796,120f96969b81f894,449,449,0,0,228,221,7.6,83,141,9.666666666666666,80,true,1972,147,221,114,77,2,6,0,1,2,2,531,422,109,6,london-link-046-a-departure,true,1395,462.5399777282851,1522.3666666666666,1011.1666666666666,867.3218262806236,1507.5166666666667,2103.3,2450044.367854101,1769449.1011016774,58.064892999121696,1,2450044.367601737,2450044.367601737,1,1,0,0,0.2464218638689204
profile,tfl-numbat-2019-midweek,evening,4,14.966666666666667,1,3,off,free-flow,virtual,1,destination,0,940GZZLUEUS,0,3900,3330,1800,1796,e59e69d0a95354cc,449,449,0,0,248,201,8.266666666666667,89,135,10.6,66,true,1530,139,202,114,75,4,3,0,0,2,1,576,472,104,5,london-link-020-a-departure,true,935,396.85775798069784,1126.0833333333333,823.5666666666667,778.9612843355604,1350.1666666666667,1789.4333333333334,2306942.4589772834,1625490.1538183244,58.66451344826107,1,2306942.458763163,2306942.458763163,1,1,0,0,0.04924519599241208
profile,tfl-numbat-2019-midweek,late,60,0.9666666666666667,1,1,off,free-flow,virtual,1,destination,0,940GZZLUEUS,0,3900,2363,1800,1740,3f43491072734442,29,29,0,0,24,5,0.8,6,8,1.2,-3,true,563,2,10,10,10,1,0,0,0,1,1,2,2,0,3,london-link-030-a-arrival,true,0,40.54655172413793,150.4,123.41666666666667,444.6764367816092,786.3666666666667,881.1833333333333,159049.1878895678,41343.45237978257,79.36877705477991,1,159049.1878883184,159049.1878883184,1,1,0,0,0
profile,tfl-numbat-2019-midweek,late,60,0.9666666666666667,1,2,off,free-flow,virtual,1,destination,0,940GZZLUEUS,0,3900,2390,1800,1740,9611b15078e17182,29,29,0,0,24,5,0.8,8,6,1.0666666666666667,-1,true,590,2,10,10,10,0,0,0,0,1,0,0,0,0,2,london-link-017-a-departure,true,0,47.78103448275862,162.81666666666666,141.81666666666666,469.1465517241379,729.0833333333334,769.2666666666667,165840.76108551992,38885.03164652217,81.00628595566494,1,165840.7610841979,165840.7610841979,1,1,0,0,0
profile,tfl-numbat-2019-midweek,late,60,0.9666666666666667,1,3,off,free-flow,virtual,1,destination,0,940GZZLUEUS,0,3900,2171,1800,1740,f9d41282ed87e336,29,29,0,0,21,8,0.7,7,7,0.9333333333333333,1,true,371,2,10,10,9,1,1,0,1,2,1,5,4,1,3,london-link-072-a-departure,true,0,47.90862068965517,150.3,150.01666666666668,487.58563218390805,789.0333333333333,863.3833333333333,173312.5723753194,68925.49644139514,71.54638130245891,1,173312.5723738372,173312.5723738372,1,1,0,0,0
profile,tfl-numbat-2019-midweek,late,30,1.9666666666666666,1,1,off,free-flow,virtual,1,destination,0,940GZZLUEUS,0,3900,2453,1800,1770,7b78c0c6c5b6751f,59,59,0,0,44,15,1.4666666666666666,14,15,2,0,true,653,6,18,18,16,1,0,0,0,1,1,10,8,2,3,940GZZLUMYB-01-arrival,true,110,70.55084745762711,187.78333333333333,151.61666666666667,453.8209039548023,847.1833333333333,881.1833333333333,305891.00811986474,119067.53698332695,71.9813759823528,1,305891.0081162517,305891.0081162517,1,1,0,0,0
profile,tfl-numbat-2019-midweek,late,30,1.9666666666666666,1,2,off,free-flow,virtual,1,destination,0,940GZZLUEUS,0,3900,2387,1800,1770,dcdfc76528b14094,59,59,0,0,43,16,1.4333333333333333,13,16,2,0,true,587,7,19,19,16,1,0,0,0,1,1,9,7,2,3,london-link-020-a-arrival,true,118,77.51158192090396,249,187.78333333333333,482.61214689265535,766.9333333333333,832.2333333333333,323999.8969888468,153403.69173101734,67.86708450550984,1,323999.89698494296,323999.89698494296,1,1,0,0,0
profile,tfl-numbat-2019-midweek,late,30,1.9666666666666666,1,3,off,free-flow,virtual,1,destination,0,940GZZLUEUS,0,3900,2439,1800,1770,ce3fa968a97b9b41,59,59,0,0,45,14,1.5,11,18,2.2666666666666666,-4,true,639,5,19,19,19,1,1,0,0,2,1,2,1,1,3,london-link-088-b-departure,true,143,62.12655367231638,172.98333333333332,167.66666666666666,479.4426553672316,786.5166666666667,863.3833333333333,334019.8664270274,154596.25748756103,68.36038560311921,1,334019.86642290343,334019.86642290343,1,1,0,0,0
profile,tfl-numbat-2019-midweek,late,20,2.966666666666667,1,1,off,free-flow,virtual,1,destination,0,940GZZLUEUS,0,3900,2418,1800,1780,696ec036853324f3,89,89,0,0,65,24,2.1666666666666665,21,23,2.933333333333333,1,true,618,8,28,28,23,1,1,0,0,1,1,13,11,2,3,london-link-020-a-arrival,true,203,87.78501872659176,218.9,205.18333333333334,475.42790262172286,822.4,881.1833333333333,466538.29697709193,199726.45357414713,70.02295958042174,1,466538.2969709361,466538.2969709361,1,1,0,0,0
profile,tfl-numbat-2019-midweek,late,20,2.966666666666667,1,2,off,free-flow,virtual,1,destination,0,940GZZLUEUS,0,3900,2431,1800,1780,a00e982a26c3858a,89,89,0,0,64,25,2.1333333333333333,20,24,2.933333333333333,1,true,631,8,28,28,22,1,0,0,0,1,1,14,13,1,4,london-link-088-b-departure,true,111,86.47116104868914,326.65,245.98333333333332,506.96367041198505,832.25,944.7333333333333,507770.77882961504,215909.09890392385,70.16510952603518,1,507770.7788227978,507770.7788227978,1,1,0,0,0
profile,tfl-numbat-2019-midweek,late,20,2.966666666666667,1,3,off,free-flow,virtual,1,destination,0,940GZZLUEUS,0,3900,2739,1800,1780,0c012ee02aa5d7cd,89,89,0,0,67,22,2.2333333333333334,18,26,3.2666666666666666,-4,true,939,9,28,28,25,1,1,0,0,2,1,14,10,4,3,london-link-013-a-arrival,true,190,82.34719101123595,229.68333333333334,205.18333333333334,476.62003745318356,787.2166666666667,998.0833333333334,474800.9580344157,259401.0862615265,64.66897793641023,1,474800.95802805026,474800.95802805026,1,1,0,0,0
profile,tfl-numbat-2019-midweek,late,15,3.966666666666667,1,1,off,free-flow,virtual,1,destination,0,940GZZLUEUS,0,3900,2664,1800,1785,1908eda44fdc9049,119,119,0,0,87,32,2.9,26,33,4.066666666666666,-1,true,864,11,37,36,29,1,1,0,0,1,1,20,18,2,3,940GZZLUWLO-01-departure,true,232,105.95014005602242,307.78333333333336,244.88333333333333,490.61036414565825,873.4833333333333,1028.2,619341.4070534977,321825.01685372496,65.80572694915331,1,619341.4070680974,619341.4070680974,1,1,0,0,0
profile,tfl-numbat-2019-midweek,late,15,3.966666666666667,1,2,off,free-flow,virtual,1,destination,0,940GZZLUEUS,0,3900,2659,1800,1785,c990a351ec0e59e2,119,119,0,0,82,37,2.7333333333333334,24,35,3.8666666666666667,2,true,859,11,42,40,34,1,2,0,0,1,1,7,4,3,3,940GZZLUVIC-01-arrival,true,161,96.51148459383754,355.4166666666667,235.58333333333334,518.7936974789916,853.1,984.0833333333334,681885.2058577273,288596.5377357706,70.26254850841853,1,681885.2058867038,681885.2058867038,1,1,0,0,0
profile,tfl-numbat-2019-midweek,late,15,3.966666666666667,1,3,off,free-flow,virtual,1,destination,0,940GZZLUEUS,0,3900,2491,1800,1785,3252cce4e219d7d2,119,119,0,0,88,31,2.933333333333333,27,32,4.066666666666666,-1,true,691,11,37,36,30,1,2,0,0,2,2,14,9,5,3,940GZZLUOXC-01-arrival,true,132,90.91218487394958,251.51666666666668,224.53333333333333,484.81484593837536,790.3833333333333,1002.3666666666667,633868.8087176972,310776.9178597162,67.10122015946598,1,633868.8087356831,633868.8087356831,1,1,0,0,0
profile,tfl-numbat-2019-midweek,late,12,4.966666666666667,1,1,off,free-flow,virtual,1,destination,0,940GZZLUEUS,0,3900,2606,1800,1788,f319e0476eefe869,149,149,0,0,107,42,3.566666666666667,37,37,4.666666666666667,5,true,806,15,48,46,37,1,2,0,0,2,1,33,25,8,3,940GZZLUKSX-01-arrival,true,227,114.70257270693513,339.03333333333336,265.65,516.7365771812081,844.1666666666666,987.05,811650.8505083545,349582.4185075621,69.89559050406689,1,811650.8505670988,811650.8505670988,1,1,0,0,0
profile,tfl-numbat-2019-midweek,late,12,4.966666666666667,1,2,off,free-flow,virtual,1,destination,0,940GZZLUEUS,0,3900,2636,1800,1788,25b0287529ffabe9,149,149,0,0,98,51,3.2666666666666666,34,40,4.266666666666667,11,true,836,18,52,51,39,1,2,0,0,1,1,32,26,6,3,940GZZLUBNK-01-departure,true,311,121.24049217002238,401.18333333333334,312.46666666666664,551.8847874720358,881.5166666666667,1020.2833333333333,871223.6727990728,369932.10255378194,70.19454689733753,1,871223.672871359,871223.672871359,1,1,0,0,0
profile,tfl-numbat-2019-midweek,late,12,4.966666666666667,1,3,off,free-flow,virtual,1,destination,0,940GZZLUEUS,0,3900,2569,1800,1788,04c7ef6a02d9c80e,149,149,0,0,108,41,3.6,36,38,4.8,3,true,769,15,46,45,37,1,2,0,1,2,1,53,41,12,3,940GZZLUKSX-01-departure,true,218,96.47125279642059,271.8833333333333,232.26666666666668,495.09977628635346,802.1,1002.3666666666667,803200.9447015757,341471.30339632917,70.16863962905101,1,803200.9447582858,803200.9447582858,1,1,0,0,0.0071546964620026
profile,tfl-numbat-2019-midweek,late,10,5.966666666666667,1,1,off,free-flow,virtual,1,destination,0,940GZZLUEUS,0,3900,2565,1800,1790,6ce0ab44737101c7,179,179,0,0,116,63,3.8666666666666667,41,48,5,15,true,765,21,64,62,46,1,2,0,0,1,1,33,23,10,3,940GZZLUEUS-01-departure,true,369,135.06582867783985,408.71666666666664,316.6,540.8087523277467,886.5333333333333,1021.6333333333333,984060.4855885524,414473.7617734573,70.36370310163944,1,984060.4856865162,984060.4856865162,1,1,0,0,0
profile,tfl-numbat-2019-midweek,late,10,5.966666666666667,1,2,off,free-flow,virtual,1,destination,0,940GZZLUEUS,0,3900,2673,1800,1790,a6ba80452bf89cc8,179,179,0,0,123,56,4.1,41,48,5.466666666666667,8,true,873,20,60,58,44,1,2,0,1,2,1,42,32,10,4,london-link-063-a-departure,true,360,132.94944134078213,385.4,310.8833333333333,560.6299813780261,935.4833333333333,1032.15,1038278.5444729778,493970.69174063625,67.76172700458956,1,1038278.5445832298,1038278.5445832298,1,1,0,0,0.08929847121017288
profile,tfl-numbat-2019-midweek,late,10,5.966666666666667,1,3,off,free-flow,virtual,1,destination,0,940GZZLUEUS,0,3900,2596,1800,1790,6b141e3b4a5792f4,179,179,0,0,126,53,4.2,40,49,5.733333333333333,4,true,796,17,56,54,44,2,1,0,1,1,1,83,67,16,4,london-link-048-a-arrival,true,371,115.25437616387336,392.18333333333334,277.6,502.23938547486034,794.35,1006.9333333333333,935210.0361751531,453387.9429374028,67.3492292400454,1,935210.0362618536,935210.0362618536,1,1,0,0,0
profile,tfl-numbat-2019-midweek,late,8.571429,7,1,1,off,free-flow,virtual,1,destination,0,940GZZLUEUS,0,3900,2675,1800,1799,ff106fd3f52d9cd6,210,210,0,0,137,73,4.566666666666666,46,59,6.066666666666666,14,true,875,26,78,75,52,3,2,0,0,2,2,83,68,15,4,940GZZLUPCC-01-arrival,true,383,155.01944444444445,478.4,355.1,558.0673015873016,908.3833333333333,1048.2,1144873.638172107,592061.718135748,65.91342815461633,1,1144873.6382595787,1144873.6382595787,1,1,0,0,0
profile,tfl-numbat-2019-midweek,late,8.571429,7,1,2,off,free-flow,virtual,1,destination,0,940GZZLUEUS,0,3900,2783,1800,1799,1a27ca72858d2a15,210,210,0,0,135,75,4.5,46,59,5.933333333333334,16,true,983,29,76,73,50,2,4,1,1,2,2,93,74,19,4,940GZZLUEUS-01-arrival,true,466,168.06150793650795,503.5,398.4,595.922380952381,953.75,1074.1333333333334,1217439.1106599856,670188.1897783197,64.49573548641182,1,1217439.110728679,1217439.110728679,1,1,0,0,0
profile,tfl-numbat-2019-midweek,late,8.571429,7,1,3,off,free-flow,virtual,1,destination,0,940GZZLUEUS,0,3900,2600,1800,1799,a7d9d942eff35942,210,210,0,0,150,60,5,46,59,6.933333333333334,1,true,800,23,65,63,50,1,3,0,0,1,2,102,80,22,4,940GZZLUVIC-01-arrival,true,276,124.46555555555555,345.25,308.8833333333333,511.2525396825397,801.7,1007.45,1097409.667995923,515843.5091117677,68.02464012272432,1,1097409.668095687,1097409.668095687,1,1,0,0,0.66617070201542
profile,tfl-numbat-2019-midweek,late,7.5,7.966666666666667,1,1,off,free-flow,virtual,1,destination,0,940GZZLUEUS,0,3900,2976,1800,1792.5,4c95945b07ad4db4,239,239,0,0,152,87,5.066666666666666,53,66,6.6,21,true,1176,36,91,87,59,2,2,0,1,2,2,83,62,21,4,940GZZLULSQ-01-arrival,true,545.5,180.56652719665271,546.3666666666667,386.48333333333335,588.5463040446305,930.4333333333333,1182.5166666666667,1319272.0725422648,813071.4666958745,61.869583782621866,1,1319272.0725842575,1319272.0725842575,1,1,0,0,0
profile,tfl-numbat-2019-midweek,late,7.5,7.966666666666667,1,2,off,free-flow,virtual,1,destination,0,940GZZLUEUS,0,3900,2731,1800,1792.5,bc66ba7eac15925a,239,239,0,0,146,93,4.866666666666666,50,69,6.4,24,true,931,40,94,91,57,2,3,0,0,1,1,153,122,31,5,london-link-063-a-departure,true,478.5,198.63598326359835,544.45,424.43333333333334,615.2951882845188,976.2,1259.75,1348432.2170605008,850252.2356895561,61.329046802232895,1,1348432.2170951061,1348432.2170951061,1,1,0,0,0
profile,tfl-numbat-2019-midweek,late,7.5,7.966666666666667,1,3,off,free-flow,virtual,1,destination,0,940GZZLUEUS,0,3900,2662,1800,1792.5,0ae3f856fd211af2,239,239,0,0,162,77,5.4,51,68,7.4,9,true,862,31,78,76,59,3,3,0,0,1,2,136,108,28,4,london-link-020-a-departure,true,431.5,151.6594839609484,490.18333333333334,363.8333333333333,540.4314504881451,864.1666666666666,1095.7166666666667,1256347.5273196113,626364.9263417234,66.73071742189714,1,1256347.527378037,1256347.527378037,1,1,0,0,0
profile,tfl-numbat-2019-midweek,late,6.666667,8.966666666666667,1,1,off,free-flow,virtual,1,destination,0,940GZZLUEUS,0,3900,2941,1800,1793.3333333333333,cde8843fbd18461c,269,269,0,0,173,96,5.766666666666667,56,78,7.8,18,true,1141,45,106,101,63,2,3,0,0,2,2,194,157,37,5,london-link-045-a-departure,true,537.6666666666666,203.34665427509293,650.6833333333333,432.43333333333334,615.051239157373,961.3166666666667,1216.8,1496588.5062722573,998100.3121112097,59.990989467056316,1,1496588.5062676866,1496588.5062676866,1,1,0,0,0
profile,tfl-numbat-2019-midweek,late,6.666667,8.966666666666667,1,2,off,free-flow,virtual,1,destination,0,940GZZLUEUS,0,3900,2794,1800,1793.3333333333333,83a165183527ecc2,269,269,0,0,162,107,5.4,54,80,7.2,27,true,994,45,108,106,67,2,3,0,0,1,1,203,162,39,5,london-link-063-a-departure,true,525.6666666666666,208.87292441140025,562.1333333333333,476.4,624.1345105328376,997.4666666666667,1212.2166666666667,1510153.2846930027,995901.1802934894,60.260194093632464,1,1510153.2846858809,1510153.2846858809,1,1,0,0,0.001091047951557471
profile,tfl-numbat-2019-midweek,late,6.666667,8.966666666666667,1,3,off,free-flow,virtual,1,destination,0,940GZZLUEUS,0,3900,2706,1800,1793.3333333333333,83299e1e302850ba,269,269,0,0,182,87,6.066666666666666,55,79,8.466666666666667,8,true,906,37,96,91,63,4,2,0,1,1,1,343,283,60,5,london-link-075-b-departure,true,352.6666666666667,177.63959107806693,488.8666666666667,385.95,571.3690210656753,921.2333333333333,1132.4166666666667,1426993.112691956,808377.6662354475,63.836976225334276,1,1426993.1127053208,1426993.1127053208,1,1,0,0,0.17544287141499548
profile,tfl-numbat-2019-midweek,late,6,9.966666666666667,1,1,off,free-flow,virtual,1,destination,0,940GZZLUEUS,0,3900,3027,1800,1794,98fed7f7e0b5d5be,299,299,0,0,183,116,6.1,61,88,8.133333333333333,28,true,1227,54,119,114,71,2,2,0,1,1,1,167,136,31,5,london-link-088-a-departure,true,777,231.4088071348941,788.0166666666667,496.46666666666664,638.7858416945373,1014.7333333333333,1340.6166666666666,1647776.6639291206,1181611.8835476825,58.2379067519227,1,1647776.6638854926,1647776.6638854926,1,1,0,0,0.10637732035530024
profile,tfl-numbat-2019-midweek,late,6,9.966666666666667,1,2,off,free-flow,virtual,1,destination,0,940GZZLUEUS,0,3900,3378,1800,1794,37d7a79f46029bb5,299,299,0,0,183,116,6.1,57,92,8.4,24,true,1578,56,125,114,71,2,3,0,2,1,2,262,207,53,5,london-link-031-a-arrival,true,667,241.44264214046822,865.5833333333334,544.4333333333333,655.1027870680044,1049.8166666666666,1649.7833333333333,1669213.0471608106,1257955.771515085,57.0248301536595,1,1669213.047111829,1669213.047111829,1,1,0,0,0.4125088761819337
profile,tfl-numbat-2019-midweek,late,6,9.966666666666667,1,3,off,free-flow,virtual,1,destination,0,940GZZLUEUS,0,3900,2904,1800,1794,fc6ee2bcadca4be9,299,299,0,0,201,98,6.7,61,88,9.333333333333334,10,true,1104,44,104,101,65,2,2,0,0,2,1,244,200,44,5,london-link-048-a-arrival,true,381,191.4183946488294,545.6666666666666,420.1666666666667,579.8588628762542,953.4833333333333,1217.65,1567256.9163740452,1004068.3492702723,60.95132876864278,1,1567256.916351462,1567256.916351462,1,1,0,0,0
profile,tfl-numbat-2019-midweek,late,5.4545449999999995,11,1,1,off,free-flow,virtual,1,destination,0,940GZZLUEUS,0,3900,3138,1800,1798.5,a742cd2d2261b9db,330,330,0,0,201,129,6.7,67,98,8.933333333333334,31,true,1338,66,133,114,74,3,2,0,0,1,1,315,252,60,5,london-link-020-a-departure,true,685.5,257.00666666666666,805.5166666666667,524.9,664.1161616161617,1064.8666666666666,1646.5666666666666,1814171.4612938408,1279538.9327056538,58.640636331460605,1,1814171.461207461,1814171.461207461,1,1,0,0,0.44890204568550346
profile,tfl-numbat-2019-midweek,late,5.4545449999999995,11,1,2,off,free-flow,virtual,1,destination,0,940GZZLUEUS,0,3900,2887,1800,1798.5,be1a4b815253bd7f,330,330,0,0,205,125,6.833333333333333,60,105,9.666666666666666,20,true,1087,66,137,114,76,3,3,0,0,1,1,310,247,63,6,london-link-023-a-arrival,true,606.5,260.80055555555555,943.7833333333333,590.4,674.0782828282829,1073.9166666666667,1415.1333333333334,1843158.5480769938,1229530.3732929677,59.985198477404595,1,1843158.5479831481,1843158.5479831481,1,1,0,0,0.19573737382724396
profile,tfl-numbat-2019-midweek,late,5.4545449999999995,11,1,3,off,free-flow,virtual,1,destination,0,940GZZLUEUS,0,3900,2912,1800,1798.5,aeaa655b97568ddc,330,330,0,0,212,118,7.066666666666666,67,98,9.666666666666666,20,true,1112,52,121,114,74,3,3,0,1,2,1,360,299,60,5,940GZZLUPCC-01-departure,true,619.5,220.61525252525252,695.7833333333333,505.3833333333333,610.0694949494949,983.6,1380.0666666666666,1730796.4213697722,1234965.1169763335,58.359257782234664,1,1730796.4213049775,1730796.4213049775,1,1,0,0,0.003680885621080432
profile,tfl-numbat-2019-midweek,late,5,11.966666666666667,1,1,off,free-flow,virtual,1,destination,0,940GZZLUEUS,0,3900,3554,1800,1795,c4d654bacd1c393f,359,359,0,0,210,149,7,71,108,9.266666666666667,41,true,1754,87,151,114,76,2,2,0,1,1,1,240,197,43,5,london-link-013-a-departure,true,1064,311.4373723305478,1128.9333333333334,655.9,718.8120241411327,1167.6833333333334,1823.6333333333334,1978864.234701002,1451974.554780598,57.678729783745055,1,1978864.2345721608,1978864.2345721608,1,1,0,0,0.1787459851975981
profile,tfl-numbat-2019-midweek,late,5,11.966666666666667,1,2,off,free-flow,virtual,1,destination,0,940GZZLUEUS,0,3900,3128,1800,1795,9df3d2223b4cc3f6,359,359,0,0,211,148,7.033333333333333,62,117,9.933333333333334,31,true,1328,89,153,114,73,4,3,0,1,1,1,353,280,73,6,london-link-048-a-departure,true,768,322.49526462395545,911.5333333333333,697.6833333333333,733.5409006499536,1189.8,1635.5,1992547.0677136055,1449924.86354458,57.88128726979486,1,1992547.0675805742,1992547.0675805742,1,1,0,0,0.6941245612084439
profile,tfl-numbat-2019-midweek,late,5,11.966666666666667,1,3,off,free-flow,virtual,1,destination,0,940GZZLUEUS,0,3900,3046,1800,1795,fb2a73a1032500d7,359,359,0,0,225,134,7.5,71,108,10.266666666666667,26,true,1246,74,140,114,76,3,3,0,1,2,2,338,281,57,6,london-link-020-a-departure,true,703,266.2425719591458,927.8666666666667,611.95,654.4863045496751,1065.0166666666667,1435.15,1877828.1221007216,1320517.090622371,58.712490278744056,1,1877828.1219969608,1877828.1219969608,1,1,0,0,0.11352578657152125
profile,tfl-numbat-2019-midweek,late,4.615385,13.033333333333333,1,1,off,free-flow,virtual,1,destination,0,940GZZLUEUS,0,3900,3383,1800,1798.6,5901994003b35650,391,391,0,0,216,175,7.2,70,125,9.733333333333333,50,true,1583,111,175,114,76,3,2,0,1,1,2,332,260,72,6,london-link-087-a-departure,true,899.4,370.83461210571187,1089.8,772.1666666666666,778.4107843137255,1326.7833333333333,1882.8666666666666,2152508.1189704016,1586941.1763073672,57.56216889178362,1,2152508.118795653,2152508.118795653,1,1,0,0,0.1031395382859818
profile,tfl-numbat-2019-midweek,late,4.615385,13.033333333333333,1,2,off,free-flow,virtual,1,destination,0,940GZZLUEUS,0,3900,3652,1800,1798.6,fe98d1722db6b27e,391,391,0,0,214,177,7.133333333333334,68,127,9.733333333333333,50,true,1852,112,177,114,78,3,4,0,0,2,2,529,439,89,5,london-link-020-a-arrival,true,1154.4,390.34872122762147,1186.4166666666667,815.75,799.1756180733163,1289.8333333333333,1866.6333333333334,2157278.309338985,1696645.2430711992,55.97615728495332,1,2157278.3091643583,2157278.3091643583,1,1,0,0,0.31257973972952285
profile,tfl-numbat-2019-midweek,late,4.615385,13.033333333333333,1,3,off,free-flow,virtual,1,destination,0,940GZZLUEUS,0,3900,2972,1800,1798.6,882b92859d36cd3a,391,391,0,0,231,160,7.7,75,120,10.4,40,true,1172,91,162,114,80,3,3,0,1,2,2,486,390,96,6,london-link-048-a-arrival,true,854.4,321.85268542199486,943.5666666666667,664.3833333333333,704.4900682011935,1091.6,1638.55,2013363.3202023846,1432287.5392238812,58.43201770412772,1,2013363.3200649065,2013363.3200649065,1,1,0,0,0.3371333378178926
profile,tfl-numbat-2019-midweek,late,4.2857140000000005,14,1,1,off,free-flow,virtual,1,destination,0,940GZZLUEUS,0,3900,3502,1800,1799,1619796da1e5bece,420,420,0,0,216,204,7.2,74,136,9.466666666666667,68,true,1702,135,204,114,82,2,2,0,1,1,1,463,378,84,6,london-link-017-a-arrival,true,1057,423.05369047619047,1185.9666666666667,850.5666666666667,830.8034523809524,1370.2833333333333,1820.1166666666666,2312818.122011996,1706720.1803488142,57.53939751372937,1,2312818.121795569,2312818.121795569,1,1,0,0,0.22723870950184377
profile,tfl-numbat-2019-midweek,late,4.2857140000000005,14,1,2,off,free-flow,virtual,1,destination,0,940GZZLUEUS,0,3900,3900,1800,1799,c6732daafdeff25c,420,419,1,0,216,204,7.2,73,137,9.533333333333333,67,false,0,147,205,114,75,3,3,0,0,2,1,492,398,94,6,london-link-045-a-departure,true,1221,465.63154761904764,1250.1166666666666,964.75,877.1303500397772,1445.4166666666667,2100.2,2353067.0804833234,1894466.273094021,55.398436801009,1,2340825.83025702,2340825.83025702,1,1,0,0,0.4634087432573867
profile,tfl-numbat-2019-midweek,late,4.2857140000000005,14,1,3,off,free-flow,virtual,1,destination,0,940GZZLUEUS,0,3900,3753,1800,1799,5d715f71ce359391,420,420,0,0,227,193,7.566666666666666,75,135,10.133333333333333,58,true,1953,118,193,114,75,3,2,0,0,1,1,708,588,117,6,london-link-030-a-departure,true,1192,399.13067460317455,1191.5666666666666,805.7,784.9023412698413,1238.8,1953.9666666666667,2179698.1704387697,1716484.606269068,55.94445372197225,1,2179698.170257877,2179698.170257877,1,1,0,0,0.41948598098143625
profile,tfl-numbat-2019-midweek,late,4,14.966666666666667,1,1,off,free-flow,virtual,1,destination,0,940GZZLUEUS,0,3900,3752,1800,1796,e9538827e0405203,449,449,0,0,216,233,7.2,74,150,9.466666666666667,83,true,1952,164,233,114,76,3,2,0,1,2,2,618,505,112,5,london-link-087-a-departure,true,1214,518.442019302153,1373.3166666666666,1027.4166666666667,927.2268745360059,1570.5,2231.516666666667,2478378.3219095534,1893041.4383662248,56.695043208415214,1,2478378.3216505707,2478378.3216505707,1,1,0,0,0.08878523664079181
profile,tfl-numbat-2019-midweek,late,4,14.966666666666667,1,2,off,free-flow,virtual,1,destination,0,940GZZLUEUS,0,3900,3900,1800,1796,6622936b54de5f60,449,448,1,0,225,224,7.5,72,152,10.2,72,false,0,159,225,114,78,3,3,0,0,2,2,636,524,108,5,london-link-048-a-arrival,true,1240,512.2386785449146,1499.4666666666667,1046.4666666666667,922.4854166666667,1536.3166666666666,2065.8166666666666,2504784.235091178,1952700.0347231028,56.192777887145276,1,2492306.6181595935,2492306.6181595935,1,1,0,0,0.310131683383745
profile,tfl-numbat-2019-midweek,late,4,14.966666666666667,1,3,off,free-flow,virtual,1,destination,0,940GZZLUEUS,0,3900,3804,1800,1796,a42f9a1146943fd9,449,449,0,0,230,219,7.666666666666667,81,143,9.933333333333334,76,true,2004,149,220,114,79,3,2,0,0,2,1,503,402,98,6,london-link-048-a-departure,true,1318,479.33054936896804,1349.75,927.8333333333334,864.6083518930958,1398.6833333333334,2069.65,2329527.72242832,1878527.5175930555,55.35877239141202,1,2329527.7222087677,2329527.7222087677,1,1,0,0,0.2886864119522662
profile,tfl-numbat-2019-midweek,night,60,0.9666666666666667,1,1,off,free-flow,virtual,1,destination,0,940GZZLUEUS,0,3900,2284,1800,1740,ca2265641b46fb7e,29,29,0,0,22,7,0.7333333333333333,9,5,0.8666666666666667,2,true,484,3,9,9,9,1,1,0,0,1,1,1,1,0,2,940GZZLUOVL-01-arrival,true,158,52.74367816091954,165.28333333333333,157.9,422.60057471264366,969.3666666666667,1083.95,144848.7384353437,74529.64291916759,66.02689724529915,1,144848.73843440652,144848.73843440652,1,1,0,0,0
profile,tfl-numbat-2019-midweek,night,60,0.9666666666666667,1,2,off,free-flow,virtual,1,destination,0,940GZZLUEUS,0,3900,2774,1800,1740,c81386e7d7872707,29,29,0,0,21,8,0.7,9,5,0.8,3,true,974,3,9,9,8,0,0,0,0,1,1,0,0,0,2,940GZZLUOVL-01-arrival,true,67,55.54252873563219,133.9,131.65,414.5942528735632,927.75,1093.1166666666666,140371.27930934585,134676.84989844353,51.03516963145755,1,140371.27930844465,140371.27930844465,1,1,0,0,0
profile,tfl-numbat-2019-midweek,night,60,0.9666666666666667,1,3,off,free-flow,virtual,1,destination,0,940GZZLUEUS,0,3900,2834,1800,1740,59d46cdde352f10e,29,29,0,0,23,6,0.7666666666666667,8,6,1,0,true,1034,2,10,10,10,1,1,0,0,1,1,3,1,2,3,london-link-030-a-arrival,true,0,39.45287356321839,258.31666666666666,159.96666666666667,471.2298850574712,1083.95,1093.1166666666666,170110.6173579565,95863.50479099632,63.957582032243685,1,170110.61735650408,170110.61735650408,1,1,0,0,0
profile,tfl-numbat-2019-midweek,night,30,1.9666666666666666,1,1,off,free-flow,virtual,1,destination,0,940GZZLUEUS,0,3900,2729,1800,1770,175bf1e8ac6f44d7,59,59,0,0,43,16,1.4333333333333333,16,13,1.8,3,true,929,6,18,18,17,1,1,0,0,1,1,4,2,2,3,940GZZLUOVL-01-arrival,true,33,71.4364406779661,221.83333333333334,205.78333333333333,487.4398305084746,1116.1,1193.55,332356.6804355455,222209.2409042875,59.930959989854905,1,332356.68043160497,332356.68043160497,1,1,0,0,0
profile,tfl-numbat-2019-midweek,night,30,1.9666666666666666,1,2,off,free-flow,virtual,1,destination,0,940GZZLUEUS,0,3900,2968,1800,1770,332bbea8045ea8af,59,59,0,0,42,17,1.4,17,12,1.6666666666666667,5,true,1168,5,19,19,16,1,0,0,0,1,1,14,12,2,3,940GZZLUWIG-01-departure,true,226,77.65141242937852,227.18333333333334,221.83333333333334,485.01638418079096,1193.55,1198.9,325069.73839428986,264084.0388273846,55.1757030103839,1,325069.73839049326,325069.73839049326,1,1,0,0,0
profile,tfl-numbat-2019-midweek,night,30,1.9666666666666666,1,3,off,free-flow,virtual,1,destination,0,940GZZLUEUS,0,3900,2694,1800,1770,a1a4f419a9f155b7,59,59,0,0,42,17,1.4,14,15,1.8666666666666667,2,true,894,5,20,20,17,0,1,0,0,2,1,0,0,0,3,london-link-013-a-arrival,true,100,71.23418079096045,258.31666666666666,216.46666666666667,490.4223163841808,1103.8333333333333,1182.8166666666666,335439.61133191455,254599.66635590018,56.85038674821798,1,335439.6113278676,335439.6113278676,1,1,0,0,0
profile,tfl-numbat-2019-midweek,night,20,2.966666666666667,1,1,off,free-flow,virtual,1,destination,0,940GZZLUEUS,0,3900,2961,1800,1780,8c76375d5400f0a2,89,89,0,0,64,25,2.1333333333333333,24,20,2.6666666666666665,5,true,1161,7,27,27,24,1,1,0,0,1,1,6,3,3,4,london-link-048-a-departure,true,210,77.78295880149813,249.01666666666668,216.46666666666667,478.41872659176033,1152.8,1220.7333333333333,482372.86822377867,324657.298839406,59.77135526161965,1,482372.86821747106,482372.86821747106,1,1,0,0,0
profile,tfl-numbat-2019-midweek,night,20,2.966666666666667,1,2,off,free-flow,virtual,1,destination,0,940GZZLUEUS,0,3900,3127,1800,1780,afec5a831dfb0ad9,89,89,0,0,63,26,2.1,22,22,2.7333333333333334,4,true,1327,9,30,29,24,1,1,0,0,2,1,13,11,2,3,940GZZLUCWR-01-arrival,true,373,107.11910112359551,453.3833333333333,379.05,541.2185393258427,1346.2666666666667,1425.1,523940.29168238654,420592.217408847,55.47085850824627,1,523940.29167542496,523940.29167542496,1,1,0,0,0
profile,tfl-numbat-2019-midweek,night,20,2.966666666666667,1,3,off,free-flow,virtual,1,destination,0,940GZZLUEUS,0,3900,2762,1800,1780,094cd0a41dfbd30a,89,89,0,0,61,28,2.033333333333333,22,22,2.6,6,true,962,8,29,29,24,1,1,0,0,1,1,30,24,6,4,london-link-063-a-departure,true,173,87.80973782771535,334.78333333333336,236.23333333333332,540.2250936329588,1129.6166666666666,1301.1333333333334,546123.134051081,431641.1824621854,55.854271303187936,1,546123.1340490242,546123.1340490242,1,1,0,0,0
profile,tfl-numbat-2019-midweek,night,15,3.966666666666667,1,1,off,free-flow,virtual,1,destination,0,940GZZLUEUS,0,3900,3236,1800,1785,f9e1bd3d2523c995,119,119,0,0,83,36,2.7666666666666666,28,31,3.6666666666666665,5,true,1436,12,36,36,31,1,1,0,0,1,1,47,38,6,4,940GZZLUOVL-01-arrival,true,480,106.94789915966386,494.1333333333333,260.75,528.4921568627451,1176.5,1465.85,678759.9718167643,473933.1855080644,58.88470557004356,1,678759.9718449647,678759.9718449647,1,1,0,0,0
profile,tfl-numbat-2019-midweek,night,15,3.966666666666667,1,2,off,free-flow,virtual,1,destination,0,940GZZLUEUS,0,3900,2915,1800,1785,690a196e2f9a4ff9,119,119,0,0,77,42,2.566666666666667,28,31,3.2666666666666666,11,true,1115,16,44,43,34,1,2,0,0,2,1,23,16,7,4,940GZZLUWHP-01-arrival,true,202,123.50574229691877,472.35,408.03333333333336,569.8256302521008,1375.5,1444.0666666666666,720394.9170482176,565286.9549406699,56.032128378212384,1,720394.9170863045,720394.9170863045,1,1,0,0,0
profile,tfl-numbat-2019-midweek,night,15,3.966666666666667,1,3,off,free-flow,virtual,1,destination,0,940GZZLUEUS,0,3900,3260,1800,1785,db99ebd72e363b57,119,119,0,0,80,39,2.6666666666666665,27,32,3.533333333333333,7,true,1460,11,40,40,33,1,2,0,0,1,1,30,23,7,4,london-link-022-a-arrival,true,503,115.16778711484594,577.35,507.85,566.3971988795518,1215.8333333333333,1549.0666666666666,727763.7813234957,547243.5466099359,57.07918420383324,1,727763.781362984,727763.781362984,1,1,0,0,0.290250798189695
profile,tfl-numbat-2019-midweek,night,12,4.966666666666667,1,1,off,free-flow,virtual,1,destination,0,940GZZLUEUS,0,3900,2936,1800,1788,c19eeed41d417052,149,149,0,0,102,47,3.4,32,42,4.666666666666667,5,true,1136,16,50,50,38,1,1,0,0,1,1,24,15,6,5,london-link-048-a-departure,true,277,124.40749440715884,456.1166666666667,340.56666666666666,536.3124161073825,1202.5833333333333,1427.8333333333333,830198.3045985838,667887.2516431477,55.41728248694381,1,830198.3046612648,830198.3046612648,1,1,0,0,0
profile,tfl-numbat-2019-midweek,night,12,4.966666666666667,1,2,off,free-flow,virtual,1,destination,0,940GZZLUEUS,0,3900,3004,1800,1788,8ad3f9dbd58a4a5d,149,149,0,0,92,57,3.066666666666667,33,41,3.933333333333333,16,true,1204,21,58,58,47,1,2,0,0,1,1,38,23,15,5,london-link-048-a-departure,true,402,147.85682326621924,493.35,420.03333333333336,575.0371364653245,1354.8166666666666,1465.0666666666666,861316.2635478278,771878.4680277288,52.73812405192545,1,861316.263617701,861316.263617701,1,1,0,0,0
profile,tfl-numbat-2019-midweek,night,12,4.966666666666667,1,3,off,free-flow,virtual,1,destination,0,940GZZLUEUS,0,3900,3384,1800,1788,f3a80d553036d591,149,149,0,0,97,52,3.2333333333333334,33,41,4.266666666666667,11,true,1584,18,53,52,40,2,2,0,0,1,1,78,59,13,5,london-link-048-a-departure,true,625,134.26409395973153,636.1333333333333,449.6166666666667,581.2917225950782,1397.8166666666666,1607.85,902260.8483269842,710716.8698937661,55.937589102114416,1,902260.8484063895,902260.8484063895,1,1,0,0,0.6217194108953779
profile,tfl-numbat-2019-midweek,night,10,5.966666666666667,1,1,off,free-flow,virtual,1,destination,0,940GZZLUEUS,0,3900,2889,1800,1790,6e42c7acb2ed4782,179,179,0,0,117,62,3.9,43,46,4.933333333333334,16,true,1089,24,63,62,46,3,1,0,0,1,1,179,122,57,6,london-link-048-a-departure,true,253,142.7887337057728,417.48333333333335,362.1166666666667,554.557355679702,1214.6333333333334,1389.2,992106.1697793256,840712.2863556623,54.13008399486875,1,992106.1698781919,992106.1698781919,1,1,0,0,0.9284767620210564
profile,tfl-numbat-2019-midweek,night,10,5.966666666666667,1,2,off,free-flow,virtual,1,destination,0,940GZZLUEUS,0,3900,2774,1800,1790,d7ddc3217005eedc,179,179,0,0,114,65,3.8,38,51,5.066666666666666,14,true,974,25,70,69,56,2,2,0,0,1,2,168,140,28,6,london-link-048-a-departure,true,471,153.29553072625697,600.6833333333333,428.8,584.6641527001863,1397.0166666666667,1457.8333333333333,1041700.8863930124,817764.3575404128,56.021530372326154,1,1041700.886503748,1041700.886503748,1,1,0,0,0.4201742400869731
profile,tfl-numbat-2019-midweek,night,10,5.966666666666667,1,3,off,free-flow,virtual,1,destination,0,940GZZLUEUS,0,3900,3168,1800,1790,aa670b5f8d7371c6,179,179,0,0,115,64,3.8333333333333335,38,51,5.133333333333334,13,true,1368,23,66,65,49,2,2,0,0,2,2,165,133,26,6,london-link-063-b-arrival,true,574,153.86024208566107,613.5166666666667,480,595.314990689013,1393.25,1518.0166666666667,1068191.1618374526,883540.003782251,54.730445496487526,1,1068191.1619449877,1068191.1619449877,1,1,0,0,0.28324242466733035
profile,tfl-numbat-2019-midweek,night,8.571429,7,1,1,off,free-flow,virtual,1,destination,0,940GZZLUEUS,0,3900,3268,1800,1799,e91f11a6d7b085ac,210,210,0,0,138,72,4.6,48,57,6,15,true,1468,26,73,72,52,2,1,0,0,1,1,235,195,37,8,london-link-048-a-departure,true,546,163.90642857142856,609.6333333333333,390.3,579.0195238095239,1253.0333333333333,1547.0666666666666,1173034.376968782,1053227.0831527112,52.69077320795763,1,1173034.3770467518,1173034.3770467518,1,1,0,0,0.6851665726962959
profile,tfl-numbat-2019-midweek,night,8.571429,7,1,2,off,free-flow,virtual,1,destination,0,940GZZLUEUS,0,3900,3006,1800,1799,2eea3e3fe02210bb,210,210,0,0,135,75,4.5,46,59,5.933333333333334,16,true,1206,30,82,79,62,1,2,0,0,1,2,198,157,40,6,940GZZLUWHP-01-arrival,true,275,161.4379365079365,520.15,452.6166666666667,591.4251587301587,1403.9666666666667,1463.5666666666666,1218998.3432569206,1002657.3501281387,54.8689136163838,1,1218998.343324208,1218998.343324208,1,1,0,0,0.7709806332616047
profile,tfl-numbat-2019-midweek,night,8.571429,7,1,3,off,free-flow,virtual,1,destination,0,940GZZLUEUS,0,3900,3205,1800,1799,cd9753e4db035a1b,210,210,0,0,138,72,4.6,45,60,6.2,12,true,1405,29,79,78,53,3,2,0,0,2,2,154,118,36,6,london-link-075-a-arrival,true,668,175.6325396825397,684.5666666666667,459.1166666666667,612.6761111111111,1360.4,1571.55,1239798.0911034676,1042986.1861257304,54.310786326613034,1,1239798.0911653414,1239798.0911653414,1,1,0,0,1.1358394488542758
profile,tfl-numbat-2019-midweek,night,7.5,7.966666666666667,1,1,off,free-flow,virtual,1,destination,0,940GZZLUEUS,0,3900,3246,1800,1792.5,ac698127e9c870b6,239,239,0,0,152,87,5.066666666666666,56,63,6.4,24,true,1446,31,90,89,63,4,1,0,0,2,1,424,318,105,8,london-link-048-a-departure,true,469.5,176.11094839609484,561.2666666666667,394.6166666666667,596.2523012552301,1280.45,1522.1,1347126.7029354963,1144131.5817408743,54.074148442239746,1,1347126.7029673348,1347126.7029673348,1,1,0,0,2.2559102882187707
profile,tfl-numbat-2019-midweek,night,7.5,7.966666666666667,1,2,off,free-flow,virtual,1,destination,0,940GZZLUEUS,0,3900,3077,1800,1792.5,363a18a5ce685250,239,239,0,0,148,91,4.933333333333334,51,68,6.466666666666667,23,true,1277,35,95,92,66,2,2,0,0,1,1,247,206,38,6,london-link-048-a-departure,true,508.5,183.55404463040446,545.5333333333333,453.18333333333334,611.2510460251046,1392.2833333333333,1532.5333333333333,1379486.77699365,1204424.586881562,53.38754247842191,1,1379486.7770196896,1379486.7770196896,1,1,0,0,0.028551034975017844
profile,tfl-numbat-2019-midweek,night,7.5,7.966666666666667,1,3,off,free-flow,virtual,1,destination,0,940GZZLUEUS,0,3900,3137,1800,1792.5,d38bd377032d4c52,239,239,0,0,154,85,5.133333333333334,47,72,7.133333333333334,13,true,1337,41,89,87,58,3,2,0,0,2,1,388,304,84,7,london-link-048-a-departure,true,406.5,206.2802649930265,583.6,519.3833333333333,642.3020920502092,1428.3,1563.85,1404092.6772623982,1259266.1532525443,52.71886991626008,1,1404092.6772815129,1404092.6772815129,1,1,0,0,0.5479030396306271
profile,tfl-numbat-2019-midweek,night,6.666667,8.966666666666667,1,1,off,free-flow,virtual,1,destination,0,940GZZLUEUS,0,3900,3188,1800,1793.3333333333333,8ba338bafbc5514f,269,269,0,0,171,98,5.7,62,72,7.266666666666667,26,true,1388,40,102,99,68,6,1,0,0,2,1,668,369,299,10,london-link-048-a-departure,true,673.6666666666666,197.32973977695167,806.0333333333333,454.55,617.4783767038414,1312.4333333333334,1570.6333333333334,1512056.5497714924,1341521.5620930954,52.98809040778222,1,1512056.5497616613,1512056.5497616613,1,1,0,0,1.7371359906157462
profile,tfl-numbat-2019-midweek,night,6.666667,8.966666666666667,1,2,off,free-flow,virtual,1,destination,0,940GZZLUEUS,0,3900,2976,1800,1793.3333333333333,c43a7f45f4cd834d,269,269,0,0,164,105,5.466666666666667,52,82,7.466666666666667,23,true,1176,44,109,105,76,3,2,0,0,2,2,553,463,85,7,london-link-048-a-departure,true,597.6666666666666,215.18463444857497,617.4,488.35,643.2650557620817,1316.55,1541.1166666666666,1549538.1487076064,1314820.7307489738,54.09720687659018,1,1549538.1486896742,1549538.1486896742,1,1,0,0,1.839282741563414
profile,tfl-numbat-2019-midweek,night,6.666667,8.966666666666667,1,3,off,free-flow,virtual,1,destination,0,940GZZLUEUS,0,3900,3489,1800,1793.3333333333333,c77ab3603993635e,269,269,0,0,165,104,5.5,52,82,7.533333333333333,22,true,1689,50,105,104,66,3,2,0,0,2,1,360,284,75,7,london-link-048-a-departure,true,728.6666666666666,227.6941140024783,735.1666666666666,510.2,665.757063197026,1442.7833333333333,1701.5166666666667,1587848.4472884303,1435447.6030550827,52.52044195632167,1,1587848.4472601088,1587848.4472601088,1,1,0,0,1.1798250370531034
profile,tfl-numbat-2019-midweek,night,6,9.966666666666667,1,1,off,free-flow,virtual,1,destination,0,940GZZLUEUS,0,3900,3417,1800,1794,436349ce9314f077,299,299,0,0,187,112,6.233333333333333,64,85,8.2,27,true,1617,51,116,113,68,3,2,0,0,2,2,751,580,164,7,london-link-048-a-departure,true,747,235.33639910813824,897.1833333333333,513.2,649.7457636566332,1345.1,1814.9,1660046.7691071439,1543175.2277789805,51.824281012083695,1,1660046.7690601128,1660046.7690601128,1,1,0,0,1.1973176011204958
profile,tfl-numbat-2019-midweek,night,6,9.966666666666667,1,2,off,free-flow,virtual,1,destination,0,940GZZLUEUS,0,3900,3787,1800,1794,cf673c15ac76cbab,299,299,0,0,173,126,5.766666666666667,58,91,7.666666666666667,35,true,1987,51,128,114,80,6,2,0,0,2,2,498,303,193,8,london-link-048-a-departure,true,1026,258.38327759197324,1037.9,554.6833333333333,693.2595317725753,1459.7,2004.25,1747065.0395122385,1686167.08209715,50.88688960224661,1,1747065.0394447423,1747065.0394447423,1,1,0,0,1.095414368814686
profile,tfl-numbat-2019-midweek,night,6,9.966666666666667,1,3,off,free-flow,virtual,1,destination,0,940GZZLUEUS,0,3900,3538,1800,1794,a1953c90166778c3,299,299,0,0,174,125,5.8,58,91,7.733333333333333,34,true,1738,65,127,114,70,3,2,0,0,2,1,449,348,81,6,london-link-098-a-arrival,true,878,275.95390189520623,920.8833333333333,666.3166666666667,706.698104793757,1466.5333333333333,1809.05,1735581.1694474241,1661292.0233321365,51.0934930728824,1,1735581.1693801612,1735581.1693801612,1,1,0,0,0.7866194266043055
profile,tfl-numbat-2019-midweek,night,5.4545449999999995,11,1,1,off,free-flow,virtual,1,destination,0,940GZZLUEUS,0,3900,3584,1800,1798.5,d042e9976f1d18e7,330,330,0,0,189,141,6.3,66,99,8.2,42,true,1784,82,142,114,70,6,1,0,0,1,1,1092,761,327,8,london-link-048-a-departure,true,1061.5,313.25742424242424,1100.2666666666667,801.2833333333333,729.5029292929294,1384.3666666666666,1905.85,1834705.7617418051,1946436.9711957355,48.522520606262226,1,1834705.761649188,1834705.761649188,1,1,0,0,1.6043280886912856
profile,tfl-numbat-2019-midweek,night,5.4545449999999995,11,1,2,off,free-flow,virtual,1,destination,0,940GZZLUEUS,0,3900,3593,1800,1798.5,50bea3e032ab06ac,330,330,0,0,185,145,6.166666666666667,61,104,8.266666666666667,41,true,1793,77,147,114,75,3,2,0,0,2,1,567,468,99,7,london-link-063-a-departure,true,985.5,330.900101010101,1028.9,764.9333333333333,765.9367676767677,1522.8333333333333,1919.7,1934798.2860927046,1954933.9709691273,49.741168754740556,1,1934798.2859768705,1934798.2859768705,1,1,0,0,1.7879356511838749
profile,tfl-numbat-2019-midweek,night,5.4545449999999995,11,1,3,off,free-flow,virtual,1,destination,0,940GZZLUEUS,0,3900,3724,1800,1798.5,c4a341f4642e795c,330,330,0,0,190,140,6.333333333333333,61,104,8.6,36,true,1924,76,141,114,69,3,2,0,0,2,1,436,350,81,6,london-link-048-a-departure,true,965.5,313.9001515151515,1053.25,735.8666666666667,751.4718181818182,1567.2166666666667,2032.4,1949774.0830069666,1840994.724386174,51.434792836859906,1,1949774.0828854851,1949774.0828854851,1,1,0,0,0.987804922061939
profile,tfl-numbat-2019-midweek,night,5,11.966666666666667,1,1,off,free-flow,virtual,1,destination,0,940GZZLUEUS,0,3900,3900,1800,1795,2be3e529710e9875,359,358,1,0,199,160,6.633333333333334,69,110,8.666666666666666,50,false,0,105,161,114,76,4,2,0,0,2,2,834,643,180,7,london-link-048-a-departure,true,1189,376.5180594243268,1268.9,870.1666666666666,793.6529795158286,1454.3,2128.116666666667,2027494.6426725704,2017207.1569793308,50.12717236279477,1,2014760.1258641412,2014760.1258641412,1,1,0,0,1.9359035283729176
profile,tfl-numbat-2019-midweek,night,5,11.966666666666667,1,2,off,free-flow,virtual,1,destination,0,940GZZLUEUS,0,3900,3900,1800,1795,4211505d27680b8b,359,357,2,0,184,175,6.133333333333334,65,114,7.933333333333334,61,false,0,114,175,114,68,4,2,0,0,2,2,686,527,158,7,london-link-063-a-departure,true,1196,431.5051532033427,1393.8666666666666,1004.0666666666667,858.758309990663,1618.6333333333334,2205.3333333333335,2101287.6111430833,2221141.170788049,48.61358548987569,1,2075906.8277912238,2075906.8277912238,1,1,0,0,1.358578698194891
profile,tfl-numbat-2019-midweek,night,5,11.966666666666667,1,3,off,free-flow,virtual,1,destination,0,940GZZLUEUS,0,3900,3897,1800,1795,e593d26bccbd6209,359,359,0,0,193,166,6.433333333333334,64,115,8.6,51,true,2097,107,166,114,72,3,3,0,0,2,1,764,623,137,7,london-link-048-a-departure,true,1187,401.36662024141134,1342.0833333333333,947.3166666666667,838.986025998143,1701.45,2144.2833333333333,2112644.8900338016,2127810.911331598,49.82117463300863,1,2112644.8898687335,2112644.8898687335,1,1,0,0,1.708295086719165
profile,tfl-numbat-2019-midweek,night,4.615385,13.033333333333333,1,1,off,free-flow,virtual,1,destination,0,940GZZLUEUS,0,3900,3900,1800,1798.6,86aba24f394e3624,391,389,2,0,197,194,6.566666666666666,73,122,8.266666666666667,72,false,0,136,194,114,71,5,2,0,0,2,1,1143,897,244,7,london-link-048-a-departure,true,1547.4,476.99245524296674,1565.2166666666667,1119.5,895.732176520994,1742.5333333333333,2281.9333333333334,2226209.3577822833,2251828.4907508325,49.713946891081534,1,2205351.74106534,2205351.74106534,1,1,0,0,1.7801483355582652
profile,tfl-numbat-2019-midweek,night,4.615385,13.033333333333333,1,2,off,free-flow,virtual,1,destination,0,940GZZLUEUS,0,3900,3900,1800,1798.6,09112042b1d9f956,391,388,3,0,189,202,6.3,68,127,8.066666666666666,75,false,0,141,202,114,75,4,2,0,0,2,1,807,601,205,8,london-link-063-a-departure,true,1347.4,518.3959931798806,1457.55,1195.1,937.432560137457,1731.95,2166.8166666666666,2259521.940714369,2338682.1928164787,49.13922642619474,1,2220437.4686197657,2220437.4686197657,1,1,0,0,0.7635698675349003
profile,tfl-numbat-2019-midweek,night,4.615385,13.033333333333333,1,3,off,free-flow,virtual,1,destination,0,940GZZLUEUS,0,3900,3900,1800,1798.6,de8c84346b576f9d,391,389,2,0,191,200,6.366666666666666,67,128,8.266666666666667,72,false,0,139,200,114,67,3,2,0,0,2,1,547,443,100,6,london-link-022-b-departure,true,1338.4,503.49569479965896,1434.95,1162.5166666666667,934.0738217652099,1747.1833333333334,2243.2,2306807.0792825506,2240835.9351363336,50.72533336430594,1,2281543.6472962885,2281543.6472962885,1,1,0,0,1.0772014438955073
