project,nominal_rate,source_commit,seed_group,selection_phase,artifact,project_sha256,safety_samples,pattern,demand_profile,demand_band,request_every_seconds,offered_per_minute,burst_size,seed,policy,shared_ride_party_limit,sharing_mode,shared_parties,full_pod_refusals,full_departures,departure_backlog,departures_demand_over_four,departures_over_four_aboard,join_eligible_assigned,join_eligible_existing_stop,join_eligible_added_stop_only,reassigned_parties,routing_policy,platoon_policy,focus_station,window_start_seconds,window_end_seconds,actual_end_seconds,arrival_window_seconds,arrival_end_seconds,schedule_id,scheduled,served,remaining,skipped,completed_at_arrival_end,backlog_at_arrival_end,arrival_throughput_per_minute,completed_at_arrival_midpoint,backlog_at_arrival_midpoint,late_arrival_throughput_per_minute,late_backlog_change,drained,drain_seconds,peak_pending,peak_outstanding,peak_active_vehicles,peak_passenger_vehicles,peak_stopped_vehicles,peak_focus_approaching,peak_focus_entrance_stopped,peak_focus_exit_stopped,peak_focus_occupied_berths,peak_focus_reserved_empty_berths,stopped_pod_seconds,junction_wait_seconds,track_wait_seconds,peak_node_throughput_per_minute,peak_node,queue_cleared,queue_clear_seconds,wait_average_seconds,wait_maximum_seconds,wait_p95_seconds,journey_average_seconds,journey_p95_seconds,journey_maximum_seconds,passenger_distance_meters,empty_distance_meters,loaded_distance_percent,occupancy,rider_distance_meters,direct_distance_meters,detour_ratio_mean,detour_ratio_max,intermediate_stops,positioning_moves,coupled_time_percent
fleet287-local.json,10,c804c000282937a9e432d728ff24f126fee595b1,1-3,screen,raw/replay/fleet287-local-am-peak-r10-s1.json,c93efb13400fd6e655b2f3196ca519c59498f47cfbe8ee0ae5ed01f8c1ad1b0a,6769,profile,tfl-numbat-2024-twt,am-peak,6,9.983333333333333,1,1,off,1,destination,0,0,0,0,0,0,0,0,0,0,free-flow,virtual,940GZZNEUGST,0,7200,6769,3600,3594,e322e62405fcf19e,599,599,0,0,437,162,7.283333333333333,168,131,8.966666666666667,31,true,3169,47,165,164,124,2,2,0,0,1,1,287,228,59,5,london-link-176-a-departure,true,1048,176.08439065108513,1354.0333333333333,626.55,885.6109905397884,1864.6666666666667,3186.55,5831595.980530834,2789309.4922281913,67.64481989691156,1,5831595.979390816,5831595.979390816,1,1,0,0,0.08290772434302031
fleet287-local.json,10,c804c000282937a9e432d728ff24f126fee595b1,1-3,screen,raw/replay/fleet287-local-am-peak-r10-s2.json,c93efb13400fd6e655b2f3196ca519c59498f47cfbe8ee0ae5ed01f8c1ad1b0a,6081,profile,tfl-numbat-2024-twt,am-peak,6,9.983333333333333,1,2,off,1,destination,0,0,0,0,0,0,0,0,0,0,free-flow,virtual,940GZZNEUGST,0,7200,6081,3600,3594,56437d285c16cf39,599,599,0,0,428,171,7.133333333333334,172,127,8.533333333333333,44,true,2481,55,173,171,133,3,1,0,0,2,1,310,246,64,4,940GZZLUFCN-01-arrival,true,1157,195.47248191430162,1379.8666666666666,738.4833333333333,926.2725097384529,2110.383333333333,3474.7166666666667,6010153.67019013,2620227.4084297563,69.63949349906615,1,6010153.669002446,6010153.669002446,1,1,0,0,0.0025581581261491728
fleet287-local.json,10,c804c000282937a9e432d728ff24f126fee595b1,1-3,screen,raw/replay/fleet287-local-am-peak-r10-s3.json,c93efb13400fd6e655b2f3196ca519c59498f47cfbe8ee0ae5ed01f8c1ad1b0a,7095,profile,tfl-numbat-2024-twt,am-peak,6,9.983333333333333,1,3,off,1,destination,0,0,0,0,0,0,0,0,0,0,free-flow,virtual,940GZZNEUGST,0,7200,7095,3600,3594,8d3de711a4ae70d3,599,599,0,0,440,159,7.333333333333333,167,132,9.1,27,true,3495,55,160,158,120,2,1,0,0,1,1,356,287,69,5,london-link-020-a-departure,true,1336,172.7173344462994,1431.9666666666667,623.1833333333333,901.2489148580968,2068.866666666667,3920.25,5990721.235420165,2705038.1159970006,68.8924450794955,1,5990721.23423746,5990721.23423746,1,1,0,0,0.2265591409791226
fleet287-local.json,10,c804c000282937a9e432d728ff24f126fee595b1,1-3,screen,raw/replay/fleet287-local-evening-r10-s1.json,c93efb13400fd6e655b2f3196ca519c59498f47cfbe8ee0ae5ed01f8c1ad1b0a,5591,profile,tfl-numbat-2024-twt,evening,6,9.983333333333333,1,1,off,1,destination,0,0,0,0,0,0,0,0,0,0,free-flow,virtual,940GZZNEUGST,0,7200,5591,3600,3594,3ca285d0bfd50a3a,599,599,0,0,436,163,7.266666666666667,163,136,9.1,27,true,1991,63,174,169,120,2,1,0,0,1,1,376,300,76,5,london-link-020-a-departure,true,662,237.15550918196996,940.45,628.7333333333333,889.3190873678352,1706.9333333333334,2867.7166666666667,5351306.41360386,2362568.0454835235,69.37248514979028,1,5351306.412590238,5351306.412590238,1,1,0,0,0.13507573889645266
fleet287-local.json,10,c804c000282937a9e432d728ff24f126fee595b1,1-3,screen,raw/replay/fleet287-local-evening-r10-s2.json,c93efb13400fd6e655b2f3196ca519c59498f47cfbe8ee0ae5ed01f8c1ad1b0a,6369,profile,tfl-numbat-2024-twt,evening,6,9.983333333333333,1,2,off,1,destination,0,0,0,0,0,0,0,0,0,0,free-flow,virtual,940GZZNEUGST,0,7200,6369,3600,3594,04e7f45963245a4b,599,599,0,0,413,186,6.883333333333334,147,152,8.866666666666667,34,true,2769,80,187,183,124,2,1,0,0,1,1,340,273,67,5,london-link-151-a-arrival,true,1699,307.4099053978854,1752.2,766.2833333333333,1009.5941291040623,1894.9333333333334,3067.65,5772866.077935764,2918070.895830433,66.42397816669595,1,5772866.076811153,5772866.076811153,1,1,0,0,0.004764907409907513
fleet287-local.json,10,c804c000282937a9e432d728ff24f126fee595b1,1-3,screen,raw/replay/fleet287-local-evening-r10-s3.json,c93efb13400fd6e655b2f3196ca519c59498f47cfbe8ee0ae5ed01f8c1ad1b0a,5659,profile,tfl-numbat-2024-twt,evening,6,9.983333333333333,1,3,off,1,destination,0,0,0,0,0,0,0,0,0,0,free-flow,virtual,940GZZNEUGST,0,7200,5659,3600,3594,cc100567b4b703b1,599,599,0,0,430,169,7.166666666666667,164,135,8.866666666666667,34,true,2059,81,176,172,116,3,0,0,0,1,1,463,378,85,5,london-link-051-a-departure,true,583,267.4117974401781,966.2166666666667,663.9166666666666,905.899916527546,1751.8833333333334,2797.05,5238042.73348538,2438483.316238272,68.23454645443358,1,5238042.732501895,5238042.732501895,1,1,0,0,0.00430716550821861
fleet287-local.json,15,c804c000282937a9e432d728ff24f126fee595b1,1-3,candidate-next,raw/replay/fleet287-local-evening-r15-s1.json,c93efb13400fd6e655b2f3196ca519c59498f47cfbe8ee0ae5ed01f8c1ad1b0a,7200,profile,tfl-numbat-2024-twt,evening,4,14.983333333333333,1,1,off,1,destination,0,0,0,0,0,0,0,0,0,0,free-flow,virtual,940GZZNEUGST,0,7200,7200,3600,3596,f40e38b16cb25537,899,898,1,0,610,289,10.166666666666666,216,233,13.133333333333333,56,false,0,141,295,287,167,5,2,0,0,1,1,1340,1092,246,7,london-link-151-a-departure,true,2203,415.6796625880608,2218.95,1017.5333333333333,1062.746380846325,2054.233333333333,3251.516666666667,7988860.976284119,5492163.259766614,59.26004461085708,1,7969337.157917307,7969337.157917307,1,1,0,0,0.2667677863077601
fleet287-local.json,15,c804c000282937a9e432d728ff24f126fee595b1,1-3,candidate-next,raw/replay/fleet287-local-evening-r15-s2.json,c93efb13400fd6e655b2f3196ca519c59498f47cfbe8ee0ae5ed01f8c1ad1b0a,7200,profile,tfl-numbat-2024-twt,evening,4,14.983333333333333,1,2,off,1,destination,0,0,0,0,0,0,0,0,0,0,free-flow,virtual,940GZZNEUGST,0,7200,7200,3600,3596,468e308778e5cf08,899,898,1,0,573,326,9.55,193,256,12.666666666666666,70,false,0,192,335,287,162,4,1,0,0,2,1,1223,977,244,7,london-link-060-a-arrival,true,3327,532.7295884315906,3798.116666666667,1263.9833333333333,1208.9313103192278,2247.0833333333335,3929.866666666667,8361395.268021101,6460197.826464266,56.41360692280848,1,8357595.782890971,8357595.782890971,1,1,0,0,0.32208923147404944
fleet287-local.json,15,c804c000282937a9e432d728ff24f126fee595b1,1-3,candidate-next,raw/replay/fleet287-local-evening-r15-s3.json,c93efb13400fd6e655b2f3196ca519c59498f47cfbe8ee0ae5ed01f8c1ad1b0a,6842,profile,tfl-numbat-2024-twt,evening,4,14.983333333333333,1,3,off,1,destination,0,0,0,0,0,0,0,0,0,0,free-flow,virtual,940GZZNEUGST,0,7200,6842,3600,3596,02b95066e9600803,899,899,0,0,602,297,10.033333333333333,218,231,12.8,66,true,3242,148,300,287,163,4,1,0,0,1,1,1076,888,185,7,london-link-183-a-departure,true,2001,434.6011308861698,2552.5833333333335,1006.0166666666667,1073.9232480533926,2038.7666666666667,3765.0833333333335,7861280.691584613,5641781.648917743,58.21850253927028,1,7861280.689916633,7861280.689916633,1,1,0,0,0.073953390977482
fleet287-local.json,15,c804c000282937a9e432d728ff24f126fee595b1,1-3,screen,raw/replay/fleet287-local-interpeak-r15-s1.json,c93efb13400fd6e655b2f3196ca519c59498f47cfbe8ee0ae5ed01f8c1ad1b0a,5734,profile,tfl-numbat-2024-twt,interpeak,4,14.983333333333333,1,1,off,1,destination,0,0,0,0,0,0,0,0,0,0,free-flow,virtual,940GZZNEUGST,0,7200,5734,3600,3596,eda692728d4ad935,899,899,0,0,721,178,12.016666666666667,264,185,15.233333333333333,-7,true,2134,44,192,189,160,2,2,0,0,2,2,589,480,109,6,london-link-200-a-arrival,true,311,108.06742677048572,679.5666666666667,299.28333333333336,713.0629588431591,1596.4,2953.3333333333335,7434449.997352597,1750285.1063066989,80.94354288335037,1,7434449.9957966,7434449.9957966,1,1,0,0,0.02571816479960765
fleet287-local.json,15,c804c000282937a9e432d728ff24f126fee595b1,1-3,screen,raw/replay/fleet287-local-interpeak-r15-s2.json,c93efb13400fd6e655b2f3196ca519c59498f47cfbe8ee0ae5ed01f8c1ad1b0a,6295,profile,tfl-numbat-2024-twt,interpeak,4,14.983333333333333,1,2,off,1,destination,0,0,0,0,0,0,0,0,0,0,free-flow,virtual,940GZZNEUGST,0,7200,6295,3600,3596,f0c8e51f2012245f,899,899,0,0,695,204,11.583333333333334,261,188,14.466666666666667,16,true,2695,44,206,203,167,3,1,0,0,2,1,831,698,133,5,london-link-024-a-departure,true,392,114.72949573600296,976.45,324.1,756.9664441972562,1726.65,3273.133333333333,7899746.344946124,1776419.3115366383,81.64128876455844,1,7899746.343267135,7899746.343267135,1,1,0,0,0.03663882778472843
fleet287-local.json,15,c804c000282937a9e432d728ff24f126fee595b1,1-3,screen,raw/replay/fleet287-local-interpeak-r15-s3.json,c93efb13400fd6e655b2f3196ca519c59498f47cfbe8ee0ae5ed01f8c1ad1b0a,5627,profile,tfl-numbat-2024-twt,interpeak,4,14.983333333333333,1,3,off,1,destination,0,0,0,0,0,0,0,0,0,0,free-flow,virtual,940GZZNEUGST,0,7200,5627,3600,3596,2a90e4f005c4fd05,899,899,0,0,710,189,11.833333333333334,270,179,14.666666666666666,10,true,2027,44,202,198,174,3,2,0,0,1,1,576,476,100,4,940GZZLUKSX-01-arrival,true,418,106.38075639599555,1007.75,321.0833333333333,740.870226177234,1702.6833333333334,2835.5333333333333,7807677.205846552,1795315.1985384114,81.30462752715886,1,7807677.204190024,7807677.204190024,1,1,0,0,0.19904914652308398
fleet287-local.json,10,c804c000282937a9e432d728ff24f126fee595b1,1-3,screen,raw/replay/fleet287-local-late-r10-s1.json,c93efb13400fd6e655b2f3196ca519c59498f47cfbe8ee0ae5ed01f8c1ad1b0a,6435,profile,tfl-numbat-2024-twt,late,6,9.983333333333333,1,1,off,1,destination,0,0,0,0,0,0,0,0,0,0,free-flow,virtual,940GZZNEUGST,0,7200,6435,3600,3594,0a7fa62dbee2bf6f,599,599,0,0,422,177,7.033333333333333,151,148,9.033333333333333,29,true,2835,78,182,177,124,3,1,0,0,1,1,499,419,80,5,london-link-051-a-departure,true,949,309.8366165831942,1027.9666666666667,739.0333333333333,995.0508625486923,1851.2166666666667,3433.7,5628788.715039041,2713228.397960199,67.4751518582692,1,5628788.713952923,5628788.713952923,1,1,0,0,0.20363299780168923
fleet287-local.json,10,c804c000282937a9e432d728ff24f126fee595b1,1-3,screen,raw/replay/fleet287-local-late-r10-s2.json,c93efb13400fd6e655b2f3196ca519c59498f47cfbe8ee0ae5ed01f8c1ad1b0a,5666,profile,tfl-numbat-2024-twt,late,6,9.983333333333333,1,2,off,1,destination,0,0,0,0,0,0,0,0,0,0,free-flow,virtual,940GZZNEUGST,0,7200,5666,3600,3594,4f58435ca85140d4,599,599,0,0,419,180,6.983333333333333,154,145,8.833333333333334,35,true,2066,83,189,185,118,2,1,0,0,2,1,468,386,82,5,london-link-090-a-departure,true,1034,310.6875904284919,1141.5833333333333,706.6,1002.6961880912633,1972.7333333333333,2806.516666666667,5685271.010346908,2920435.9049418285,66.06396274368306,1,5685271.009246229,5685271.009246229,1,1,0,0,0.02595787773519119
fleet287-local.json,10,c804c000282937a9e432d728ff24f126fee595b1,1-3,screen,raw/replay/fleet287-local-late-r10-s3.json,c93efb13400fd6e655b2f3196ca519c59498f47cfbe8ee0ae5ed01f8c1ad1b0a,6293,profile,tfl-numbat-2024-twt,late,6,9.983333333333333,1,3,off,1,destination,0,0,0,0,0,0,0,0,0,0,free-flow,virtual,940GZZNEUGST,0,7200,6293,3600,3594,1c4f8cedf07eadeb,599,599,0,0,402,197,6.7,157,142,8.166666666666666,55,true,2693,97,206,201,121,3,1,0,0,1,1,360,287,73,5,london-link-021-a-departure,true,1001,345.0331385642738,1125.7666666666667,814.2666666666667,1046.4153589315526,1965.8,2939.1,5766429.028703214,3208621.9489229685,64.24954067757709,1,5766429.0275803115,5766429.0275803115,1,1,0,0,0.22608602034774183
fleet287-local.json,15,c804c000282937a9e432d728ff24f126fee595b1,1-3,candidate-next,raw/replay/fleet287-local-late-r15-s1.json,c93efb13400fd6e655b2f3196ca519c59498f47cfbe8ee0ae5ed01f8c1ad1b0a,7120,profile,tfl-numbat-2024-twt,late,4,14.983333333333333,1,1,off,1,destination,0,0,0,0,0,0,0,0,0,0,free-flow,virtual,940GZZNEUGST,0,7200,7120,3600,3596,afd2f00ce72e4025,899,899,0,0,563,336,9.383333333333333,200,249,12.1,87,true,3520,186,343,287,164,4,4,0,0,1,1,1457,1176,278,6,940GZZLULVT-exit,true,1915,553.9650166852058,2498.9,1267.65,1240.9899332591767,2344.233333333333,4026.366666666667,8453843.27016053,6684320.33259234,55.844575947264836,1,8453843.268597884,8453843.268597884,1,1,0,0,0.4353091588062851
fleet287-local.json,15,c804c000282937a9e432d728ff24f126fee595b1,1-3,candidate-next,raw/replay/fleet287-local-late-r15-s2.json,c93efb13400fd6e655b2f3196ca519c59498f47cfbe8ee0ae5ed01f8c1ad1b0a,7175,profile,tfl-numbat-2024-twt,late,4,14.983333333333333,1,2,off,1,destination,0,0,0,0,0,0,0,0,0,0,free-flow,virtual,940GZZNEUGST,0,7200,7175,3600,3596,26c072c6141f4444,899,899,0,0,563,336,9.383333333333333,206,243,11.9,93,true,3575,185,340,287,165,4,1,0,0,1,1,1437,1145,292,6,london-link-048-a-departure,true,1980,526.2972376714869,2234.2833333333333,1149.9,1231.7174823878383,2338.7166666666667,4166.35,8687127.030435864,6481700.377699517,57.26960164222558,1,8687127.02973044,8687127.02973044,1,1,0,0,0.40592322293761807
fleet287-local.json,15,c804c000282937a9e432d728ff24f126fee595b1,1-3,candidate-next,raw/replay/fleet287-local-late-r15-s3.json,c93efb13400fd6e655b2f3196ca519c59498f47cfbe8ee0ae5ed01f8c1ad1b0a,7200,profile,tfl-numbat-2024-twt,late,4,14.983333333333333,1,3,off,1,destination,0,0,0,0,0,0,0,0,0,0,free-flow,virtual,940GZZNEUGST,0,7200,7200,3600,3596,aff21d370283b97d,899,898,1,0,539,360,8.983333333333333,193,256,11.533333333333333,104,false,0,211,363,287,160,4,1,0,0,1,1,1447,1167,280,6,london-link-010-a-departure,true,2586,614.9355394883204,2625.3333333333335,1384.9166666666667,1314.3476057906457,2393.366666666667,3932.1833333333334,8649011.453034155,7092183.908496008,54.94507408358222,1,8605906.268857438,8605906.268857438,1,1,0,0,0.40455053593739726
fleet287-local.json,2,c804c000282937a9e432d728ff24f126fee595b1,1-3,screen,raw/replay/fleet287-local-morning-r2-s1.json,c93efb13400fd6e655b2f3196ca519c59498f47cfbe8ee0ae5ed01f8c1ad1b0a,5562,profile,tfl-numbat-2024-twt,morning,30,1.9833333333333334,1,1,off,1,destination,0,0,0,0,0,0,0,0,0,0,free-flow,virtual,940GZZNEUGST,0,7200,5562,3600,3570,ca01f1581c185676,119,119,0,0,85,34,1.4166666666666667,21,38,2.1333333333333333,-4,true,1962,5,41,41,39,1,0,0,0,1,0,4,2,2,3,london-link-008-a-departure,true,350,58.041876750700276,476.45,310.71666666666664,1129.9844537815125,2257.4666666666667,3219.9666666666667,1765010.2858621988,302789.06968291826,85.35694148124462,1,1765010.2857874492,1765010.2857874492,1,1,0,0,0
fleet287-local.json,2,c804c000282937a9e432d728ff24f126fee595b1,1-3,screen,raw/replay/fleet287-local-morning-r2-s2.json,c93efb13400fd6e655b2f3196ca519c59498f47cfbe8ee0ae5ed01f8c1ad1b0a,5961,profile,tfl-numbat-2024-twt,morning,30,1.9833333333333334,1,2,off,1,destination,0,0,0,0,0,0,0,0,0,0,free-flow,virtual,940GZZNEUGST,0,7200,5961,3600,3570,db3b198f324b1e35,119,119,0,0,81,38,1.35,26,33,1.8333333333333333,5,true,2361,6,40,40,39,1,0,0,0,1,0,28,23,5,3,london-link-060-a-arrival,true,353,70.92871148459383,626.55,336.06666666666666,1087.539075630252,2220.4333333333334,2720.133333333333,1672375.9799789013,324918.86428033747,83.73205312103812,1,1672375.9799287,1672375.9799287,1,1,0,0,0
fleet287-local.json,2,c804c000282937a9e432d728ff24f126fee595b1,1-3,screen,raw/replay/fleet287-local-morning-r2-s3.json,c93efb13400fd6e655b2f3196ca519c59498f47cfbe8ee0ae5ed01f8c1ad1b0a,6536,profile,tfl-numbat-2024-twt,morning,30,1.9833333333333334,1,3,off,1,destination,0,0,0,0,0,0,0,0,0,0,free-flow,virtual,940GZZNEUGST,0,7200,6536,3600,3570,910e80ca8588ed65,119,119,0,0,80,39,1.3333333333333333,23,36,1.9,3,true,2936,6,41,41,38,1,0,0,0,1,0,28,22,6,4,london-link-008-a-departure,true,647,70.06638655462186,796.5833333333334,329.4166666666667,1148.9892156862745,2630.2833333333333,3092.8333333333335,1775108.236173004,374720.0432236688,82.56976862687702,1,1775108.2360955756,1775108.2360955756,1,1,0,0,0
fleet287-local.json,5,c804c000282937a9e432d728ff24f126fee595b1,1-3,candidate-next,raw/replay/fleet287-local-morning-r5-s1.json,c93efb13400fd6e655b2f3196ca519c59498f47cfbe8ee0ae5ed01f8c1ad1b0a,6482,profile,tfl-numbat-2024-twt,morning,12,4.983333333333333,1,1,off,1,destination,0,0,0,0,0,0,0,0,0,0,free-flow,virtual,940GZZNEUGST,0,7200,6482,3600,3588,b798061e95a55b97,299,299,0,0,198,101,3.3,62,87,4.533333333333333,14,true,2882,25,106,106,87,2,0,0,0,1,1,98,77,21,4,london-link-020-a-departure,true,1094,162.68924191750278,1126.5,583.5333333333333,1174.3110367892978,2344.3333333333335,3783.05,4178255.374315895,1270632.1760317646,76.68088826772184,1,4178255.373605919,4178255.373605919,1,1,0,0,0
fleet287-local.json,5,c804c000282937a9e432d728ff24f126fee595b1,1-3,candidate-next,raw/replay/fleet287-local-morning-r5-s2.json,c93efb13400fd6e655b2f3196ca519c59498f47cfbe8ee0ae5ed01f8c1ad1b0a,6862,profile,tfl-numbat-2024-twt,morning,12,4.983333333333333,1,2,off,1,destination,0,0,0,0,0,0,0,0,0,0,free-flow,virtual,940GZZNEUGST,0,7200,6862,3600,3588,34d4ed437ad80640,299,299,0,0,194,105,3.2333333333333334,63,86,4.366666666666666,19,true,3262,37,108,108,78,2,0,0,0,1,0,110,88,22,4,london-link-060-a-arrival,true,1217,214.41198439241916,1996.1,824.0166666666667,1242.0875696767002,2439.85,4053.766666666667,4244455.149298639,1447506.87384032,74.56928089196808,1,4244455.148571313,4244455.148571313,1,1,0,0,0
fleet287-local.json,5,c804c000282937a9e432d728ff24f126fee595b1,1-3,candidate-next,raw/replay/fleet287-local-morning-r5-s3.json,c93efb13400fd6e655b2f3196ca519c59498f47cfbe8ee0ae5ed01f8c1ad1b0a,7200,profile,tfl-numbat-2024-twt,morning,12,4.983333333333333,1,3,off,1,destination,0,0,0,0,0,0,0,0,0,0,free-flow,virtual,940GZZNEUGST,0,7200,7200,3600,3588,00ff4695150d8f61,299,298,1,0,194,105,3.2333333333333334,60,89,4.466666666666667,16,false,0,34,110,108,88,1,0,0,0,1,0,104,83,21,4,london-link-060-a-arrival,true,1444,208.79921962095875,1587.2833333333333,789.2166666666667,1254.3961409395972,2672.8166666666666,3682.116666666667,4354066.554135494,1681989.1768205331,72.13430008284351,1,4313735.236712275,4313735.236712275,1,1,0,0,0
fleet287-local.json,10,c804c000282937a9e432d728ff24f126fee595b1,1-3,screen,raw/replay/fleet287-local-pm-peak-r10-s1.json,c93efb13400fd6e655b2f3196ca519c59498f47cfbe8ee0ae5ed01f8c1ad1b0a,6307,profile,tfl-numbat-2024-twt,pm-peak,6,9.983333333333333,1,1,off,1,destination,0,0,0,0,0,0,0,0,0,0,free-flow,virtual,940GZZNEUGST,0,7200,6307,3600,3594,1e05a1d1b9c870e7,599,599,0,0,429,170,7.15,155,144,9.133333333333333,26,true,2707,59,172,168,123,2,1,0,0,1,1,284,222,62,5,london-link-008-a-departure,true,732,200.39802448525322,905.1,566.8666666666667,921.8676961602671,1923.4833333333333,3081.25,5935538.036968287,2066742.8700624036,74.17307772529465,1,5935538.03579932,5935538.03579932,1,1,0,0,0
fleet287-local.json,10,c804c000282937a9e432d728ff24f126fee595b1,1-3,screen,raw/replay/fleet287-local-pm-peak-r10-s2.json,c93efb13400fd6e655b2f3196ca519c59498f47cfbe8ee0ae5ed01f8c1ad1b0a,6413,profile,tfl-numbat-2024-twt,pm-peak,6,9.983333333333333,1,2,off,1,destination,0,0,0,0,0,0,0,0,0,0,free-flow,virtual,940GZZNEUGST,0,7200,6413,3600,3594,d9bc2d34343c4048,599,599,0,0,453,146,7.55,167,132,9.533333333333333,14,true,2813,42,151,148,118,2,1,0,0,1,1,352,287,65,5,london-link-047-a-departure,true,475,160.09404563160825,773.7333333333333,451.3666666666667,838.1431830829159,1752.4333333333334,3286.0666666666666,5569451.415183071,1823620.2842503374,75.33338836156429,1,5569451.414111193,5569451.414111193,1,1,0,0,0.025722657560597363
fleet287-local.json,10,c804c000282937a9e432d728ff24f126fee595b1,1-3,screen,raw/replay/fleet287-local-pm-peak-r10-s3.json,c93efb13400fd6e655b2f3196ca519c59498f47cfbe8ee0ae5ed01f8c1ad1b0a,5440,profile,tfl-numbat-2024-twt,pm-peak,6,9.983333333333333,1,3,off,1,destination,0,0,0,0,0,0,0,0,0,0,free-flow,virtual,940GZZNEUGST,0,7200,5440,3600,3594,9fa279271ab253e4,599,599,0,0,456,143,7.6,162,137,9.8,6,true,1840,41,148,145,118,2,1,0,0,1,1,284,222,62,5,london-link-045-a-departure,true,451,154.05656649972175,537.3,408.21666666666664,828.7599610461881,1762.2833333333333,2681.55,5542424.452991015,1643972.559978485,77.12382773994311,1,5542424.451927665,5542424.451927665,1,1,0,0,0.12881188289619716
fleet287-local.json,15,c804c000282937a9e432d728ff24f126fee595b1,1-3,candidate-next,raw/replay/fleet287-local-pm-peak-r15-s1.json,c93efb13400fd6e655b2f3196ca519c59498f47cfbe8ee0ae5ed01f8c1ad1b0a,7031,profile,tfl-numbat-2024-twt,pm-peak,4,14.983333333333333,1,1,off,1,destination,0,0,0,0,0,0,0,0,0,0,free-flow,virtual,940GZZNEUGST,0,7200,7031,3600,3596,3f0f0c4d29ac28f4,899,899,0,0,604,295,10.066666666666666,220,229,12.8,66,true,3431,149,307,287,170,3,4,0,0,1,1,1102,896,206,6,london-link-045-a-departure,true,2271,390.5196514645903,2623,1027.4833333333333,1101.699480904709,2245.983333333333,3938.9166666666665,8766861.600772372,4907279.863915281,64.11270223737316,1,8766861.60036309,8766861.60036309,1,1,0,0,0.2092799618977273
fleet287-local.json,15,c804c000282937a9e432d728ff24f126fee595b1,1-3,candidate-next,raw/replay/fleet287-local-pm-peak-r15-s2.json,c93efb13400fd6e655b2f3196ca519c59498f47cfbe8ee0ae5ed01f8c1ad1b0a,7200,profile,tfl-numbat-2024-twt,pm-peak,4,14.983333333333333,1,2,off,1,destination,0,0,0,0,0,0,0,0,0,0,free-flow,virtual,940GZZNEUGST,0,7200,7200,3600,3596,55941e6f517da673,899,898,1,0,614,285,10.233333333333333,238,211,12.533333333333333,74,false,0,117,285,280,177,5,1,0,0,1,1,1094,899,194,5,940GZZLUWLO-01-arrival,true,2270,324.9177604746014,2393.0333333333333,887.5,996.607126948775,2022.15,3657.2833333333333,8307759.7080155695,4305825.135038183,65.8635892284866,1,8263812.889562102,8263812.889562102,1,1,0,0,0.2574063011577277
fleet287-local.json,15,c804c000282937a9e432d728ff24f126fee595b1,1-3,candidate-next,raw/replay/fleet287-local-pm-peak-r15-s3.json,c93efb13400fd6e655b2f3196ca519c59498f47cfbe8ee0ae5ed01f8c1ad1b0a,7200,profile,tfl-numbat-2024-twt,pm-peak,4,14.983333333333333,1,3,off,1,destination,0,0,0,0,0,0,0,0,0,0,free-flow,virtual,940GZZNEUGST,0,7200,7200,3600,3596,d3c67ad21983f770,899,896,3,0,626,273,10.433333333333334,231,218,13.166666666666666,55,false,0,112,277,270,174,3,2,0,0,2,1,780,630,148,6,london-link-149-a-departure,true,2496,313.5055061179088,2583.4166666666665,819.8833333333333,985.6311569940477,1977.9666666666667,2728.0333333333333,8391851.230064314,4227344.821101861,66.50068036060664,1,8302374.778269234,8302374.778269234,1,1,0,0,0.0777959277328278
fleet300-local.json,10,c804c000282937a9e432d728ff24f126fee595b1,1-3,screen,raw/replay/fleet300-local-am-peak-r10-s1.json,b0de75747b7730dc418f6bf77e1f11531ee0ef9fa5063e477578c31a653bb604,6307,profile,tfl-numbat-2024-twt,am-peak,6,9.983333333333333,1,1,off,1,destination,0,0,0,0,0,0,0,0,0,0,free-flow,virtual,940GZZNEUGST,0,7200,6307,3600,3594,e322e62405fcf19e,599,599,0,0,439,160,7.316666666666666,168,131,9.033333333333333,29,true,2707,45,163,163,122,2,2,0,0,1,1,272,222,50,5,london-link-020-a-arrival,true,875,166.44048414023374,1354.0333333333333,591.3333333333334,875.7242904841402,1856.5,3137.883333333333,5830845.980530612,2840655.771296867,67.24147843597898,1,5830845.979390816,5830845.979390816,1,1,0,0,0.12985049688502026
fleet300-local.json,10,c804c000282937a9e432d728ff24f126fee595b1,1-3,screen,raw/replay/fleet300-local-am-peak-r10-s2.json,b0de75747b7730dc418f6bf77e1f11531ee0ef9fa5063e477578c31a653bb604,6100,profile,tfl-numbat-2024-twt,am-peak,6,9.983333333333333,1,2,off,1,destination,0,0,0,0,0,0,0,0,0,0,free-flow,virtual,940GZZNEUGST,0,7200,6100,3600,3594,56437d285c16cf39,599,599,0,0,432,167,7.2,173,126,8.633333333333333,41,true,2500,54,172,171,132,3,1,0,0,2,1,461,372,89,5,london-link-008-a-arrival,true,1157,183.5718141346689,1379.8666666666666,716.9166666666666,915.0358653311073,2022.6333333333334,3476,6012328.67019049,2692858.5695034126,69.06604653803976,1,6012328.669002446,6012328.669002446,1,1,0,0,0.18661711332791542
fleet300-local.json,10,c804c000282937a9e432d728ff24f126fee595b1,1-3,screen,raw/replay/fleet300-local-am-peak-r10-s3.json,b0de75747b7730dc418f6bf77e1f11531ee0ef9fa5063e477578c31a653bb604,7095,profile,tfl-numbat-2024-twt,am-peak,6,9.983333333333333,1,3,off,1,destination,0,0,0,0,0,0,0,0,0,0,free-flow,virtual,940GZZNEUGST,0,7200,7095,3600,3594,8d3de711a4ae70d3,599,599,0,0,440,159,7.333333333333333,168,131,9.066666666666666,28,true,3495,54,160,159,116,2,1,0,0,1,1,385,307,78,6,london-link-024-a-departure,true,1339,167.6632164718976,1431.9666666666667,613.85,896.4883695047301,2080.0666666666666,3920.25,5990721.23541914,2837711.0120599032,67.85713553082755,1,5990721.2342374595,5990721.2342374595,1,1,0,0,0.06218312774883016
fleet300-local.json,15,c804c000282937a9e432d728ff24f126fee595b1,1-3,candidate-next,raw/followup-01/fleet300-local-am-peak-r15-s1.json,b0de75747b7730dc418f6bf77e1f11531ee0ef9fa5063e477578c31a653bb604,7200,profile,tfl-numbat-2024-twt,am-peak,4,14.983333333333333,1,1,off,1,destination,0,0,0,0,0,0,0,0,0,0,free-flow,virtual,940GZZNEUGST,0,7200,7200,3600,3596,60b9276e32153023,899,898,1,0,652,247,10.866666666666667,230,219,14.066666666666666,28,false,0,102,250,247,167,3,2,0,0,1,1,790,640,150,6,london-link-064-a-departure,true,1575,273.3448832035595,1914.8833333333334,939.9666666666667,984.0376391982184,2201.633333333333,3839.1,8806627.87855569,4477674.3417349085,66.29349236803981,1,8763541.594956301,8763541.594956301,1,1,0,0,0.3213031457819622
fleet300-local.json,15,c804c000282937a9e432d728ff24f126fee595b1,1-3,candidate-next,raw/followup-01/fleet300-local-am-peak-r15-s2.json,b0de75747b7730dc418f6bf77e1f11531ee0ef9fa5063e477578c31a653bb604,7200,profile,tfl-numbat-2024-twt,am-peak,4,14.983333333333333,1,2,off,1,destination,0,0,0,0,0,0,0,0,0,0,free-flow,virtual,940GZZNEUGST,0,7200,7200,3600,3596,ec25ba5d5ea6a9be,899,898,1,0,630,269,10.5,237,212,13.1,57,false,0,111,273,267,176,3,1,0,0,2,1,949,777,172,5,940GZZLUVIC-diverge,true,1763,293.7437893956248,1973.1666666666667,1012.7666666666667,1014.7680772086117,2292.7833333333333,3474.7166666666667,8924698.210682211,4565596.371750998,66.1564368083094,1,8898429.427520236,8898429.427520236,1,1,0,0,0.14467580767108731
fleet300-local.json,15,c804c000282937a9e432d728ff24f126fee595b1,1-3,candidate-next,raw/followup-01/fleet300-local-am-peak-r15-s3.json,b0de75747b7730dc418f6bf77e1f11531ee0ef9fa5063e477578c31a653bb604,7007,profile,tfl-numbat-2024-twt,am-peak,4,14.983333333333333,1,3,off,1,destination,0,0,0,0,0,0,0,0,0,0,free-flow,virtual,940GZZNEUGST,0,7200,7007,3600,3596,492cb3c7e6b6c644,899,899,0,0,625,274,10.416666666666666,245,204,12.666666666666666,70,true,3407,108,278,274,178,3,1,0,0,1,1,749,599,150,7,london-link-129-a-arrival,true,1219,276.3025769373378,2007,961.85,1003.4730997404523,2337.2166666666667,4019,8968105.297603983,4569081.272719163,66.24792567507552,1,8968105.297938349,8968105.297938349,1,1,0,0,0.17228942177591575
fleet300-local.json,10,c804c000282937a9e432d728ff24f126fee595b1,1-3,screen,raw/replay/fleet300-local-evening-r10-s1.json,b0de75747b7730dc418f6bf77e1f11531ee0ef9fa5063e477578c31a653bb604,5490,profile,tfl-numbat-2024-twt,evening,6,9.983333333333333,1,1,off,1,destination,0,0,0,0,0,0,0,0,0,0,free-flow,virtual,940GZZNEUGST,0,7200,5490,3600,3594,3ca285d0bfd50a3a,599,599,0,0,436,163,7.266666666666667,166,133,9,30,true,1890,60,166,162,117,2,1,0,0,1,1,303,240,63,4,940GZZLUMGT-01-arrival,true,792,215.32362270450753,797.0666666666667,568.7333333333333,866.9278241513633,1695.9666666666667,2809.75,5349281.41360316,2271755.9320204374,70.19098806378373,1,5349281.412590236,5349281.412590236,1,1,0,0,0.11212343705354075
fleet300-local.json,10,c804c000282937a9e432d728ff24f126fee595b1,1-3,screen,raw/replay/fleet300-local-evening-r10-s2.json,b0de75747b7730dc418f6bf77e1f11531ee0ef9fa5063e477578c31a653bb604,6369,profile,tfl-numbat-2024-twt,evening,6,9.983333333333333,1,2,off,1,destination,0,0,0,0,0,0,0,0,0,0,free-flow,virtual,940GZZNEUGST,0,7200,6369,3600,3594,04e7f45963245a4b,599,599,0,0,420,179,7,155,144,8.833333333333334,35,true,2769,71,182,178,129,3,1,0,0,1,1,433,354,79,5,london-link-008-a-arrival,true,817,267.49585420144683,941.7166666666667,687.3333333333334,969.7774067890929,1805.45,2864.7166666666667,5771366.077935754,2800860.7023097957,67.32633452063706,1,5771366.076811154,5771366.076811154,1,1,0,0,0.008047991784609985
fleet300-local.json,10,c804c000282937a9e432d728ff24f126fee595b1,1-3,screen,raw/replay/fleet300-local-evening-r10-s3.json,b0de75747b7730dc418f6bf77e1f11531ee0ef9fa5063e477578c31a653bb604,5569,profile,tfl-numbat-2024-twt,evening,6,9.983333333333333,1,3,off,1,destination,0,0,0,0,0,0,0,0,0,0,free-flow,virtual,940GZZNEUGST,0,7200,5569,3600,3594,cc100567b4b703b1,599,599,0,0,433,166,7.216666666666667,173,126,8.666666666666666,40,true,1969,73,171,166,109,3,0,0,0,1,1,452,368,84,5,london-link-020-a-departure,true,634,241.6323594880356,914.8,626.3166666666667,879.9635225375627,1743.7,2794.0333333333333,5235792.733484881,2353343.8249564674,68.99062486444708,1,5235792.732501896,5235792.732501896,1,1,0,0,0.09220705202438041
fleet300-local.json,15,c804c000282937a9e432d728ff24f126fee595b1,1-3,candidate-next,raw/replay/fleet300-local-evening-r15-s1.json,b0de75747b7730dc418f6bf77e1f11531ee0ef9fa5063e477578c31a653bb604,7200,profile,tfl-numbat-2024-twt,evening,4,14.983333333333333,1,1,off,1,destination,0,0,0,0,0,0,0,0,0,0,free-flow,virtual,940GZZNEUGST,0,7200,7200,3600,3596,f40e38b16cb25537,899,898,1,0,627,272,10.45,223,226,13.466666666666667,46,false,0,130,280,274,165,4,3,0,0,1,1,1127,929,198,6,london-link-129-a-arrival,true,1126,359.28014460511685,2053.0833333333335,857.6833333333333,1005.4183927245731,1901.0333333333333,2873.733333333333,7993307.768316671,4724293.695909497,62.852321570237564,1,7958693.816615791,7958693.816615791,1,1,0,0,0.23287905669900977
fleet300-local.json,15,c804c000282937a9e432d728ff24f126fee595b1,1-3,candidate-next,raw/replay/fleet300-local-evening-r15-s2.json,b0de75747b7730dc418f6bf77e1f11531ee0ef9fa5063e477578c31a653bb604,7200,profile,tfl-numbat-2024-twt,evening,4,14.983333333333333,1,2,off,1,destination,0,0,0,0,0,0,0,0,0,0,free-flow,virtual,940GZZNEUGST,0,7200,7200,3600,3596,468e308778e5cf08,899,897,2,0,595,304,9.916666666666666,197,252,13.266666666666667,52,false,0,166,320,300,167,4,1,0,0,2,1,1299,1076,223,6,london-link-048-a-arrival,true,3291,467.4370226177234,4058.5,1073.1333333333334,1140.2029914529915,2155.9,3498.6,8364121.829507719,6109994.56964668,57.786752564711755,1,8343391.327710699,8343391.327710699,1,1,0,0,0.2900191662354025
fleet300-local.json,15,c804c000282937a9e432d728ff24f126fee595b1,1-3,candidate-next,raw/replay/fleet300-local-evening-r15-s3.json,b0de75747b7730dc418f6bf77e1f11531ee0ef9fa5063e477578c31a653bb604,6803,profile,tfl-numbat-2024-twt,evening,4,14.983333333333333,1,3,off,1,destination,0,0,0,0,0,0,0,0,0,0,free-flow,virtual,940GZZNEUGST,0,7200,6803,3600,3596,02b95066e9600803,899,899,0,0,618,281,10.3,228,221,13,60,true,3203,138,286,278,170,3,1,0,0,2,1,1147,946,198,6,london-link-129-b-departure,true,1449,385.17402669632924,1908.7333333333333,901.7833333333333,1024.8340192806822,1969.2,3711.733333333333,7863830.691582741,5068163.137599537,60.80911261987504,1,7863830.689916629,7863830.689916629,1,1,0,0,0.21566444147278355
fleet300-local.json,15,c804c000282937a9e432d728ff24f126fee595b1,1-3,screen,raw/replay/fleet300-local-interpeak-r15-s1.json,b0de75747b7730dc418f6bf77e1f11531ee0ef9fa5063e477578c31a653bb604,5734,profile,tfl-numbat-2024-twt,interpeak,4,14.983333333333333,1,1,off,1,destination,0,0,0,0,0,0,0,0,0,0,free-flow,virtual,940GZZNEUGST,0,7200,5734,3600,3596,eda692728d4ad935,899,899,0,0,724,175,12.066666666666666,267,182,15.233333333333333,-7,true,2134,37,188,186,163,3,2,0,0,2,2,552,447,105,6,london-link-147-b-departure,true,311,98.1996106785317,664.9166666666666,287.55,702.9783092324806,1585.9333333333334,2958.6833333333334,7435424.99735441,1702058.1838372576,81.37278996758401,1,7435424.9957966,7435424.9957966,1,1,0,0,0.006014196510863894
fleet300-local.json,15,c804c000282937a9e432d728ff24f126fee595b1,1-3,screen,raw/replay/fleet300-local-interpeak-r15-s2.json,b0de75747b7730dc418f6bf77e1f11531ee0ef9fa5063e477578c31a653bb604,6187,profile,tfl-numbat-2024-twt,interpeak,4,14.983333333333333,1,2,off,1,destination,0,0,0,0,0,0,0,0,0,0,free-flow,virtual,940GZZNEUGST,0,7200,6187,3600,3596,f0c8e51f2012245f,899,899,0,0,700,199,11.666666666666666,269,180,14.366666666666667,19,true,2587,40,203,200,168,3,1,0,0,2,1,659,548,111,5,london-link-090-a-departure,true,386,100.13819058212829,896.6,306.06666666666666,742.4717649239897,1724.8833333333334,3279.5,7904696.344948267,1648565.2266437346,82.74343045786603,1,7904696.343267134,7904696.343267134,1,1,0,0,0.05382611574054085
fleet300-local.json,15,c804c000282937a9e432d728ff24f126fee595b1,1-3,screen,raw/replay/fleet300-local-interpeak-r15-s3.json,b0de75747b7730dc418f6bf77e1f11531ee0ef9fa5063e477578c31a653bb604,5329,profile,tfl-numbat-2024-twt,interpeak,4,14.983333333333333,1,3,off,1,destination,0,0,0,0,0,0,0,0,0,0,free-flow,virtual,940GZZNEUGST,0,7200,5329,3600,3596,2a90e4f005c4fd05,899,899,0,0,708,191,11.8,275,174,14.433333333333334,17,true,1729,37,202,199,175,2,2,0,0,1,2,471,375,96,4,940GZZLUKSX-01-arrival,true,404,94.9374675565443,968.7666666666667,283.18333333333334,729.5101594364108,1708.5166666666667,2835.5333333333333,7810977.205847564,1746137.6085668334,81.72944824380217,1,7810977.204190024,7810977.204190024,1,1,0,0,0.12005527724995682
fleet300-local.json,20,c804c000282937a9e432d728ff24f126fee595b1,1-3,candidate-next,raw/replay/fleet300-local-interpeak-r20-s1.json,b0de75747b7730dc418f6bf77e1f11531ee0ef9fa5063e477578c31a653bb604,6916,profile,tfl-numbat-2024-twt,interpeak,3,19.983333333333334,1,1,off,1,destination,0,0,0,0,0,0,0,0,0,0,free-flow,virtual,940GZZNEUGST,0,7200,6916,3600,3597,61949351adc2f5ca,1199,1199,0,0,903,296,15.05,346,253,18.566666666666666,43,true,3316,112,302,294,202,4,4,0,0,1,1,1563,1267,296,6,940GZZLUVIC-01-departure,true,1916,235.33628023352793,1978.1166666666666,687.1166666666667,840.1181679177092,1789.2833333333333,3822.7,9897422.131536147,4327628.658045997,69.57741155331847,1,9897422.135292107,9897422.135292107,1,1,0,0,0.2688164253307562
fleet300-local.json,20,c804c000282937a9e432d728ff24f126fee595b1,1-3,candidate-next,raw/replay/fleet300-local-interpeak-r20-s2.json,b0de75747b7730dc418f6bf77e1f11531ee0ef9fa5063e477578c31a653bb604,7200,profile,tfl-numbat-2024-twt,interpeak,3,19.983333333333334,1,2,off,1,destination,0,0,0,0,0,0,0,0,0,0,free-flow,virtual,940GZZNEUGST,0,7200,7200,3600,3597,d524029aee6494f5,1199,1197,2,0,863,336,14.383333333333333,332,267,17.7,69,false,0,155,339,300,200,4,1,0,0,1,1,1910,1550,357,6,london-link-151-a-departure,true,3037,295.9965387823186,3162.9333333333334,960.5333333333333,937.4954191033138,2064.2,4016.15,10582323.04393081,5114105.061099995,67.41866985992252,1,10555865.616859743,10555865.616859743,1,1,0,0,0.5478522805852054
fleet300-local.json,20,c804c000282937a9e432d728ff24f126fee595b1,1-3,candidate-next,raw/replay/fleet300-local-interpeak-r20-s3.json,b0de75747b7730dc418f6bf77e1f11531ee0ef9fa5063e477578c31a653bb604,7200,profile,tfl-numbat-2024-twt,interpeak,3,19.983333333333334,1,3,off,1,destination,0,0,0,0,0,0,0,0,0,0,free-flow,virtual,940GZZNEUGST,0,7200,7200,3600,3597,cd6f4a36f96b564d,1199,1198,1,0,898,301,14.966666666666667,339,260,18.633333333333333,41,false,0,115,310,300,205,4,3,0,0,1,1,1711,1416,295,6,london-link-048-a-arrival,true,2228,243.69020016680568,2335.75,849.05,874.1454646633279,1992.1166666666666,4322.483333333334,10365401.886663117,4303413.185107599,70.66284383536016,1,10346239.275484597,10346239.275484597,1,1,0,0,0.39019855708996587
fleet300-local.json,10,c804c000282937a9e432d728ff24f126fee595b1,1-3,screen,raw/replay/fleet300-local-late-r10-s1.json,b0de75747b7730dc418f6bf77e1f11531ee0ef9fa5063e477578c31a653bb604,6491,profile,tfl-numbat-2024-twt,late,6,9.983333333333333,1,1,off,1,destination,0,0,0,0,0,0,0,0,0,0,free-flow,virtual,940GZZNEUGST,0,7200,6491,3600,3594,0a7fa62dbee2bf6f,599,599,0,0,423,176,7.05,156,143,8.9,33,true,2891,71,176,172,115,2,1,0,0,1,1,525,433,92,6,london-link-051-a-arrival,true,899,285.8075959933222,1020.5666666666667,681.5666666666667,971.8881190873677,1836.2,3263.5,5632913.715038965,2695890.141773184,67.63172493769069,1,5632913.713952926,5632913.713952926,1,1,0,0,0.19212534316962135
fleet300-local.json,10,c804c000282937a9e432d728ff24f126fee595b1,1-3,screen,raw/replay/fleet300-local-late-r10-s2.json,b0de75747b7730dc418f6bf77e1f11531ee0ef9fa5063e477578c31a653bb604,5736,profile,tfl-numbat-2024-twt,late,6,9.983333333333333,1,2,off,1,destination,0,0,0,0,0,0,0,0,0,0,free-flow,virtual,940GZZNEUGST,0,7200,5736,3600,3594,4f58435ca85140d4,599,599,0,0,420,179,7,160,139,8.666666666666666,40,true,2136,78,183,180,116,2,1,0,0,2,1,369,279,90,5,london-link-048-a-departure,true,937,280.2319977740679,983.5666666666667,677.55,972.2995548135782,1879.5833333333333,3064.2166666666667,5686021.010347104,2750815.767972779,67.39517617501453,1,5686021.009246231,5686021.009246231,1,1,0,0,0.0029421956625497723
fleet300-local.json,10,c804c000282937a9e432d728ff24f126fee595b1,1-3,screen,raw/replay/fleet300-local-late-r10-s3.json,b0de75747b7730dc418f6bf77e1f11531ee0ef9fa5063e477578c31a653bb604,6504,profile,tfl-numbat-2024-twt,late,6,9.983333333333333,1,3,off,1,destination,0,0,0,0,0,0,0,0,0,0,free-flow,virtual,940GZZNEUGST,0,7200,6504,3600,3594,1c4f8cedf07eadeb,599,599,0,0,415,184,6.916666666666667,158,141,8.566666666666666,43,true,2904,87,195,191,116,3,1,0,0,1,1,408,319,89,5,london-link-048-a-departure,true,783,305.85105731775184,981.0166666666667,773.15,1007.5270728992766,1847.8333333333333,3113.866666666667,5766054.028702393,3042814.8124627755,65.45737179962035,1,5766054.0275803115,5766054.0275803115,1,1,0,0,0.1234262371600688
fleet300-local.json,15,c804c000282937a9e432d728ff24f126fee595b1,1-3,candidate-next,raw/replay/fleet300-local-late-r15-s1.json,b0de75747b7730dc418f6bf77e1f11531ee0ef9fa5063e477578c31a653bb604,7200,profile,tfl-numbat-2024-twt,late,4,14.983333333333333,1,1,off,1,destination,0,0,0,0,0,0,0,0,0,0,free-flow,virtual,940GZZNEUGST,0,7200,7200,3600,3596,afd2f00ce72e4025,899,898,1,0,574,325,9.566666666666666,207,242,12.233333333333333,83,false,0,169,329,300,168,4,4,0,0,1,1,1380,1140,240,6,london-link-048-a-arrival,true,2585,510.6927882832777,3215.866666666667,1129.95,1194.14070155902,2211.483333333333,4037.6833333333334,8455885.197075684,6401490.249455531,56.91372091596366,1,8439678.212187095,8439678.212187095,1,1,0,0,0.3230404241588553
fleet300-local.json,15,c804c000282937a9e432d728ff24f126fee595b1,1-3,candidate-next,raw/replay/fleet300-local-late-r15-s2.json,b0de75747b7730dc418f6bf77e1f11531ee0ef9fa5063e477578c31a653bb604,7200,profile,tfl-numbat-2024-twt,late,4,14.983333333333333,1,2,off,1,destination,0,0,0,0,0,0,0,0,0,0,free-flow,virtual,940GZZNEUGST,0,7200,7200,3600,3596,26c072c6141f4444,899,898,1,0,573,326,9.55,213,236,12,90,false,0,168,329,300,165,4,1,0,0,2,1,1324,1082,242,6,london-link-138-b-departure,true,2627,480.8748609566185,3102.4333333333334,1080.8,1182.9478099480327,2255.0333333333333,3991.266666666667,8679489.778138068,6342691.573147095,57.777825837494156,1,8662117.294074418,8662117.294074418,1,1,0,0,0.3773675012099822
fleet300-local.json,15,c804c000282937a9e432d728ff24f126fee595b1,1-3,candidate-next,raw/replay/fleet300-local-late-r15-s3.json,b0de75747b7730dc418f6bf77e1f11531ee0ef9fa5063e477578c31a653bb604,7118,profile,tfl-numbat-2024-twt,late,4,14.983333333333333,1,3,off,1,destination,0,0,0,0,0,0,0,0,0,0,free-flow,virtual,940GZZNEUGST,0,7200,7118,3600,3596,aff21d370283b97d,899,899,0,0,557,342,9.283333333333333,215,234,11.4,108,true,3518,188,345,300,161,3,1,0,0,2,1,1059,835,223,6,london-link-010-a-arrival,true,2158,541.5330367074528,2525.633333333333,1279.4833333333333,1244.1302002224695,2307.05,4249.233333333334,8655880.535439325,6763448.901462875,56.13655620278597,1,8655880.53462167,8655880.53462167,1,1,0,0,0.526426050569131
fleet300-local.json,2,c804c000282937a9e432d728ff24f126fee595b1,1-3,screen,raw/replay/fleet300-local-morning-r2-s1.json,b0de75747b7730dc418f6bf77e1f11531ee0ef9fa5063e477578c31a653bb604,5562,profile,tfl-numbat-2024-twt,morning,30,1.9833333333333334,1,1,off,1,destination,0,0,0,0,0,0,0,0,0,0,free-flow,virtual,940GZZNEUGST,0,7200,5562,3600,3570,ca01f1581c185676,119,119,0,0,85,34,1.4166666666666667,21,38,2.1333333333333333,-4,true,1962,5,41,41,39,1,0,0,0,1,0,2,1,1,3,london-link-008-a-departure,true,350,52.871288515406164,476.45,279.73333333333335,1125.199719887955,2257.4666666666667,3219.9666666666667,1765385.2858622766,360718.44754700933,83.03382653072228,1,1765385.285787449,1765385.285787449,1,1,0,0,0
fleet300-local.json,2,c804c000282937a9e432d728ff24f126fee595b1,1-3,screen,raw/replay/fleet300-local-morning-r2-s2.json,b0de75747b7730dc418f6bf77e1f11531ee0ef9fa5063e477578c31a653bb604,5961,profile,tfl-numbat-2024-twt,morning,30,1.9833333333333334,1,2,off,1,destination,0,0,0,0,0,0,0,0,0,0,free-flow,virtual,940GZZNEUGST,0,7200,5961,3600,3570,db3b198f324b1e35,119,119,0,0,81,38,1.35,26,33,1.8333333333333333,5,true,2361,6,40,40,39,1,0,0,0,1,0,29,23,6,3,london-link-060-a-arrival,true,277,60.121708683473386,626.55,318.03333333333336,1076.9065826330532,2220.4333333333334,2720.133333333333,1672600.9799789507,311581.70284448157,84.29672300127577,1,1672600.9799287,1672600.9799287,1,1,0,0,0
fleet300-local.json,2,c804c000282937a9e432d728ff24f126fee595b1,1-3,screen,raw/replay/fleet300-local-morning-r2-s3.json,b0de75747b7730dc418f6bf77e1f11531ee0ef9fa5063e477578c31a653bb604,6536,profile,tfl-numbat-2024-twt,morning,30,1.9833333333333334,1,3,off,1,destination,0,0,0,0,0,0,0,0,0,0,free-flow,virtual,940GZZNEUGST,0,7200,6536,3600,3570,910e80ca8588ed65,119,119,0,0,80,39,1.3333333333333333,23,36,1.9,3,true,2936,6,41,41,38,1,0,0,0,1,0,28,22,6,4,london-link-008-a-departure,true,647,68.69943977591036,796.5833333333334,329.4166666666667,1147.7848739495798,2630.2833333333333,3092.8333333333335,1775258.236173138,428996.21047907014,80.53780900246686,1,1775258.2360955756,1775258.2360955756,1,1,0,0,0
fleet300-local.json,5,c804c000282937a9e432d728ff24f126fee595b1,1-3,candidate-next,raw/replay/fleet300-local-morning-r5-s1.json,b0de75747b7730dc418f6bf77e1f11531ee0ef9fa5063e477578c31a653bb604,6482,profile,tfl-numbat-2024-twt,morning,12,4.983333333333333,1,1,off,1,destination,0,0,0,0,0,0,0,0,0,0,free-flow,virtual,940GZZNEUGST,0,7200,6482,3600,3588,b798061e95a55b97,299,299,0,0,199,100,3.316666666666667,62,87,4.566666666666666,13,true,2882,24,105,105,86,1,0,0,0,1,1,85,65,20,4,london-link-008-a-arrival,true,1094,157.7314938684504,1151.1166666666666,545.8666666666667,1169.3093088071348,2344.3333333333335,3783.05,4178180.3743159324,1406756.5476479651,74.8115947001011,1,4178180.373605919,4178180.373605919,1,1,0,0,0
fleet300-local.json,5,c804c000282937a9e432d728ff24f126fee595b1,1-3,candidate-next,raw/replay/fleet300-local-morning-r5-s2.json,b0de75747b7730dc418f6bf77e1f11531ee0ef9fa5063e477578c31a653bb604,6834,profile,tfl-numbat-2024-twt,morning,12,4.983333333333333,1,2,off,1,destination,0,0,0,0,0,0,0,0,0,0,free-flow,virtual,940GZZNEUGST,0,7200,6834,3600,3588,34d4ed437ad80640,299,299,0,0,192,107,3.2,63,86,4.3,21,true,3234,36,109,108,80,2,0,0,0,1,0,102,84,18,4,london-link-060-a-arrival,true,1188,197.67904124860647,1967.6833333333334,788.6833333333333,1225.4746376811595,2439.85,4025.35,4244905.149298484,1425243.6644611019,74.86408714701625,1,4244905.148571312,4244905.148571312,1,1,0,0,0
fleet300-local.json,5,c804c000282937a9e432d728ff24f126fee595b1,1-3,candidate-next,raw/replay/fleet300-local-morning-r5-s3.json,b0de75747b7730dc418f6bf77e1f11531ee0ef9fa5063e477578c31a653bb604,7200,profile,tfl-numbat-2024-twt,morning,12,4.983333333333333,1,3,off,1,destination,0,0,0,0,0,0,0,0,0,0,free-flow,virtual,940GZZNEUGST,0,7200,7200,3600,3588,00ff4695150d8f61,299,298,1,0,196,103,3.2666666666666666,60,89,4.533333333333333,14,false,0,28,109,108,88,1,0,0,0,1,0,86,68,18,4,london-link-020-a-departure,true,1201,189.25139353400223,1344.5166666666667,734.0333333333333,1234.9723713646533,2653.4333333333334,3687.4666666666667,4354591.554135747,1782643.620075151,70.9536367847537,1,4314260.236712275,4314260.236712275,1,1,0,0,0
fleet300-local.json,10,c804c000282937a9e432d728ff24f126fee595b1,1-3,screen,raw/replay/fleet300-local-pm-peak-r10-s1.json,b0de75747b7730dc418f6bf77e1f11531ee0ef9fa5063e477578c31a653bb604,6307,profile,tfl-numbat-2024-twt,pm-peak,6,9.983333333333333,1,1,off,1,destination,0,0,0,0,0,0,0,0,0,0,free-flow,virtual,940GZZNEUGST,0,7200,6307,3600,3594,1e05a1d1b9c870e7,599,599,0,0,437,162,7.283333333333333,157,142,9.333333333333334,20,true,2707,49,165,161,121,2,1,0,0,1,1,303,239,64,4,940GZZLUKSX-01-departure,true,606,165.73503060656648,771.0333333333333,489.45,887.3044518642182,1848.9166666666667,3045.9166666666665,5934938.036967609,1865094.0913803922,76.0886357813579,1,5934938.035799321,5934938.035799321,1,1,0,0,0.0035368182782768622
fleet300-local.json,10,c804c000282937a9e432d728ff24f126fee595b1,1-3,screen,raw/replay/fleet300-local-pm-peak-r10-s2.json,b0de75747b7730dc418f6bf77e1f11531ee0ef9fa5063e477578c31a653bb604,6413,profile,tfl-numbat-2024-twt,pm-peak,6,9.983333333333333,1,2,off,1,destination,0,0,0,0,0,0,0,0,0,0,free-flow,virtual,940GZZNEUGST,0,7200,6413,3600,3594,d9bc2d34343c4048,599,599,0,0,456,143,7.6,169,130,9.566666666666666,13,true,2813,38,149,147,123,2,1,0,0,1,1,310,251,59,5,london-link-090-a-departure,true,285,139.1007512520868,610.2333333333333,397.21666666666664,817.1092932665554,1798.9666666666667,3367.016666666667,5571101.415183887,1714203.383069814,76.47039580992259,1,5571101.414111194,5571101.414111194,1,1,0,0,0
fleet300-local.json,10,c804c000282937a9e432d728ff24f126fee595b1,1-3,screen,raw/replay/fleet300-local-pm-peak-r10-s3.json,b0de75747b7730dc418f6bf77e1f11531ee0ef9fa5063e477578c31a653bb604,5314,profile,tfl-numbat-2024-twt,pm-peak,6,9.983333333333333,1,3,off,1,destination,0,0,0,0,0,0,0,0,0,0,free-flow,virtual,940GZZNEUGST,0,7200,5314,3600,3594,9fa279271ab253e4,599,599,0,0,462,137,7.7,163,136,9.966666666666667,1,true,1714,36,142,139,116,2,1,0,0,1,1,285,231,54,4,940GZZLUKSX-01-arrival,true,437,138.81711185308848,569.6166666666667,369.98333333333335,813.5230105731775,1737.2833333333333,2443.25,5542124.452991422,1562214.8411845814,78.01041340374532,1,5542124.451927664,5542124.451927664,1,1,0,0,0.004652948224318634
fleet300-local.json,15,c804c000282937a9e432d728ff24f126fee595b1,1-3,candidate-next,raw/replay/fleet300-local-pm-peak-r15-s1.json,b0de75747b7730dc418f6bf77e1f11531ee0ef9fa5063e477578c31a653bb604,7200,profile,tfl-numbat-2024-twt,pm-peak,4,14.983333333333333,1,1,off,1,destination,0,0,0,0,0,0,0,0,0,0,free-flow,virtual,940GZZNEUGST,0,7200,7200,3600,3596,3f0f0c4d29ac28f4,899,898,1,0,629,270,10.483333333333333,227,222,13.4,48,false,0,118,293,286,179,3,3,0,0,2,2,728,587,141,6,london-link-024-a-arrival,true,1440,313.72651093807934,1550.95,833.6,1021.0716035634745,2066.05,3650.6,8761451.713886227,4087369.8833906874,68.18875682531903,1,8717380.996789612,8717380.996789612,1,1,0,0,0.20551872539734695
fleet300-local.json,15,c804c000282937a9e432d728ff24f126fee595b1,1-3,candidate-next,raw/replay/fleet300-local-pm-peak-r15-s2.json,b0de75747b7730dc418f6bf77e1f11531ee0ef9fa5063e477578c31a653bb604,7200,profile,tfl-numbat-2024-twt,pm-peak,4,14.983333333333333,1,2,off,1,destination,0,0,0,0,0,0,0,0,0,0,free-flow,virtual,940GZZNEUGST,0,7200,7200,3600,3596,55941e6f517da673,899,898,1,0,630,269,10.5,242,207,12.933333333333334,62,false,0,113,279,273,176,3,1,0,0,1,1,947,785,160,6,london-link-010-a-arrival,true,1061,281.13624397478685,1304.2333333333333,774.0166666666667,952.3294914625093,1898.9333333333334,3387.016666666667,8304238.531344632,3900181.6391956354,68.0428763948154,1,8260887.889562103,8260887.889562103,1,1,0,0,0.1667165198349766
fleet300-local.json,15,c804c000282937a9e432d728ff24f126fee595b1,1-3,candidate-next,raw/replay/fleet300-local-pm-peak-r15-s3.json,b0de75747b7730dc418f6bf77e1f11531ee0ef9fa5063e477578c31a653bb604,7134,profile,tfl-numbat-2024-twt,pm-peak,4,14.983333333333333,1,3,off,1,destination,0,0,0,0,0,0,0,0,0,0,free-flow,virtual,940GZZNEUGST,0,7200,7134,3600,3596,d3c67ad21983f770,899,899,0,0,643,256,10.716666666666667,239,210,13.466666666666667,46,true,3534,100,265,259,178,3,1,0,0,1,1,728,586,142,6,london-link-051-a-departure,true,1281,266.5079532814238,1368.75,711.6666666666666,947.8522432332221,1934.9666666666667,3786,8393399.058104772,3658240.1539530037,69.64528982669096,1,8393399.05631486,8393399.05631486,1,1,0,0,0.1925920673569026
fleet300.json,10,c804c000282937a9e432d728ff24f126fee595b1,1-3,screen,raw/replay/fleet300-am-peak-r10-s1.json,06570fb40f6fe6b847cf80232d11b41df2c69ac9f01f4ad5ae12c2aae8265ef5,6307,profile,tfl-numbat-2024-twt,am-peak,6,9.983333333333333,1,1,off,1,destination,0,0,0,0,0,0,0,0,0,0,free-flow,virtual,940GZZNEUGST,0,7200,6307,3600,3594,e322e62405fcf19e,599,599,0,0,438,161,7.3,168,131,9,30,true,2707,45,164,163,125,2,2,0,0,1,1,301,245,56,5,london-link-020-a-departure,true,875,172.38219254312745,1354.0333333333333,613.4333333333333,881.8329159710628,1865.55,3209.2166666666667,5831145.980530832,2785589.292038899,67.67233524155645,1,5831145.979390816,5831145.979390816,1,1,0,0,0.13226920145271936
fleet300.json,10,c804c000282937a9e432d728ff24f126fee595b1,1-3,screen,raw/replay/fleet300-am-peak-r10-s2.json,06570fb40f6fe6b847cf80232d11b41df2c69ac9f01f4ad5ae12c2aae8265ef5,6132,profile,tfl-numbat-2024-twt,am-peak,6,9.983333333333333,1,2,off,1,destination,0,0,0,0,0,0,0,0,0,0,free-flow,virtual,940GZZNEUGST,0,7200,6132,3600,3594,56437d285c16cf39,599,599,0,0,435,164,7.25,172,127,8.766666666666667,37,true,2532,52,172,171,131,3,1,0,0,2,1,351,284,67,5,london-link-020-a-departure,true,926,179.25831942125765,1385.2166666666667,665.2833333333333,910.4063995548136,1924.4166666666667,3474.7166666666667,6011803.670190152,2685622.657628759,69.12163947812084,1,6011803.669002446,6011803.669002446,1,1,0,0,0.04408387988887057
fleet300.json,10,c804c000282937a9e432d728ff24f126fee595b1,1-3,screen,raw/replay/fleet300-am-peak-r10-s3.json,06570fb40f6fe6b847cf80232d11b41df2c69ac9f01f4ad5ae12c2aae8265ef5,7095,profile,tfl-numbat-2024-twt,am-peak,6,9.983333333333333,1,3,off,1,destination,0,0,0,0,0,0,0,0,0,0,free-flow,virtual,940GZZNEUGST,0,7200,7095,3600,3594,8d3de711a4ae70d3,599,599,0,0,440,159,7.333333333333333,167,132,9.1,27,true,3495,54,161,159,119,2,1,0,0,1,1,427,354,73,5,london-link-024-a-departure,true,1344,172.90801335559266,1431.9666666666667,613.85,901.8860322760155,2070.7,3920.25,5993946.235420917,2763328.298336913,68.44533892725705,1,5993946.234237461,5993946.234237461,1,1,0,0,0.11215795368443604
fleet300.json,15,c804c000282937a9e432d728ff24f126fee595b1,1-3,candidate-next,raw/followup-01/fleet300-am-peak-r15-s1.json,06570fb40f6fe6b847cf80232d11b41df2c69ac9f01f4ad5ae12c2aae8265ef5,7200,profile,tfl-numbat-2024-twt,am-peak,4,14.983333333333333,1,1,off,1,destination,0,0,0,0,0,0,0,0,0,0,free-flow,virtual,940GZZNEUGST,0,7200,7200,3600,3596,60b9276e32153023,899,897,2,0,662,237,11.033333333333333,226,223,14.533333333333333,14,false,0,103,247,245,168,3,2,0,0,1,1,728,607,121,6,london-link-064-a-departure,true,2201,275.6393585465332,2900.45,946.6333333333333,980.4801003344481,2188.7833333333333,3905.95,8780185.434271382,4496697.188437464,66.13137800324986,1,8717465.200575776,8717465.200575776,1,1,0,0,0.16639695541350993
fleet300.json,15,c804c000282937a9e432d728ff24f126fee595b1,1-3,candidate-next,raw/followup-01/fleet300-am-peak-r15-s2.json,06570fb40f6fe6b847cf80232d11b41df2c69ac9f01f4ad5ae12c2aae8265ef5,7120,profile,tfl-numbat-2024-twt,am-peak,4,14.983333333333333,1,2,off,1,destination,0,0,0,0,0,0,0,0,0,0,free-flow,virtual,940GZZNEUGST,0,7200,7120,3600,3596,ec25ba5d5ea6a9be,899,899,0,0,631,268,10.516666666666667,231,218,13.333333333333334,50,true,3520,105,269,264,175,4,1,0,0,2,1,849,673,176,6,london-link-081-a-departure,true,1525,289.4636077122729,1776.6,1000.4333333333333,1013.6308120133482,2213.9666666666667,3775.3166666666666,8926659.985427478,4502532.436009596,66.47205360746649,1,8926659.985603774,8926659.985603774,1,1,0,0,0.173060993222291
fleet300.json,15,c804c000282937a9e432d728ff24f126fee595b1,1-3,candidate-next,raw/followup-01/fleet300-am-peak-r15-s3.json,06570fb40f6fe6b847cf80232d11b41df2c69ac9f01f4ad5ae12c2aae8265ef5,6824,profile,tfl-numbat-2024-twt,am-peak,4,14.983333333333333,1,3,off,1,destination,0,0,0,0,0,0,0,0,0,0,free-flow,virtual,940GZZNEUGST,0,7200,6824,3600,3596,492cb3c7e6b6c644,899,899,0,0,626,273,10.433333333333334,246,203,12.666666666666666,70,true,3224,103,278,275,183,3,1,0,0,1,1,821,655,166,5,london-link-048-a-departure,true,1216,267.7990174267705,2003.4333333333334,938.0833333333334,994.9695216907675,2222.3333333333335,4015.4333333333334,8966605.29761204,4366442.819363604,67.2509783130217,1,8966605.297938349,8966605.297938349,1,1,0,0,0.19418620161242792
fleet300.json,10,c804c000282937a9e432d728ff24f126fee595b1,1-3,screen,raw/replay/fleet300-evening-r10-s1.json,06570fb40f6fe6b847cf80232d11b41df2c69ac9f01f4ad5ae12c2aae8265ef5,5551,profile,tfl-numbat-2024-twt,evening,6,9.983333333333333,1,1,off,1,destination,0,0,0,0,0,0,0,0,0,0,free-flow,virtual,940GZZNEUGST,0,7200,5551,3600,3594,3ca285d0bfd50a3a,599,599,0,0,437,162,7.283333333333333,157,142,9.333333333333334,20,true,1951,62,171,167,120,2,1,0,0,1,1,394,322,72,5,london-link-051-a-departure,true,902,229.94504730105731,907.15,593.3833333333333,882.2607122982748,1701.7333333333333,2854.116666666667,5351981.41360323,2365621.0992840403,69.34772041791737,1,5351981.412590239,5351981.412590239,1,1,0,0,0.05997622371131444
fleet300.json,10,c804c000282937a9e432d728ff24f126fee595b1,1-3,screen,raw/replay/fleet300-evening-r10-s2.json,06570fb40f6fe6b847cf80232d11b41df2c69ac9f01f4ad5ae12c2aae8265ef5,5973,profile,tfl-numbat-2024-twt,evening,6,9.983333333333333,1,2,off,1,destination,0,0,0,0,0,0,0,0,0,0,free-flow,virtual,940GZZNEUGST,0,7200,5973,3600,3594,04e7f45963245a4b,599,599,0,0,423,176,7.05,149,150,9.133333333333333,26,true,2373,71,184,180,125,2,1,0,0,1,1,335,271,64,4,london-link-020-a-arrival,true,1310,282.5030884808013,1363.2,704.8833333333333,984.4666666666667,1882.3833333333334,2764.2166666666667,5771741.077935488,2768564.5329401717,67.58237164938758,1,5771741.0768111525,5771741.0768111525,1,1,0,0,0.12606121726650796
fleet300.json,10,c804c000282937a9e432d728ff24f126fee595b1,1-3,screen,raw/replay/fleet300-evening-r10-s3.json,06570fb40f6fe6b847cf80232d11b41df2c69ac9f01f4ad5ae12c2aae8265ef5,5642,profile,tfl-numbat-2024-twt,evening,6,9.983333333333333,1,3,off,1,destination,0,0,0,0,0,0,0,0,0,0,free-flow,virtual,940GZZNEUGST,0,7200,5642,3600,3594,cc100567b4b703b1,599,599,0,0,439,160,7.316666666666666,162,137,9.233333333333333,23,true,2042,71,171,167,110,2,1,0,0,1,1,491,406,85,5,london-link-154-a-departure,true,636,246.4445186421814,882.1,602.45,884.5984696716749,1729.9833333333333,2794.0333333333333,5233617.733483611,2428575.7367452844,68.30443206398526,1,5233617.732501896,5233617.732501896,1,1,0,0,0.093120916971377
fleet300.json,15,c804c000282937a9e432d728ff24f126fee595b1,1-3,candidate-next,raw/replay/fleet300-evening-r15-s1.json,06570fb40f6fe6b847cf80232d11b41df2c69ac9f01f4ad5ae12c2aae8265ef5,6391,profile,tfl-numbat-2024-twt,evening,4,14.983333333333333,1,1,off,1,destination,0,0,0,0,0,0,0,0,0,0,free-flow,virtual,940GZZNEUGST,0,7200,6391,3600,3596,f40e38b16cb25537,899,899,0,0,625,274,10.416666666666666,216,233,13.633333333333333,41,true,2791,128,282,277,168,4,3,0,0,1,1,1397,1160,237,7,london-link-151-a-departure,true,1408,369.63324063774564,1499.9,908.0833333333334,1020.4181312569522,1973.4,2995.483333333333,7996336.695359628,4896735.8896872485,62.02041167932008,1,7996336.693659796,7996336.693659796,1,1,0,0,0.41229517387195463
fleet300.json,15,c804c000282937a9e432d728ff24f126fee595b1,1-3,candidate-next,raw/replay/fleet300-evening-r15-s2.json,06570fb40f6fe6b847cf80232d11b41df2c69ac9f01f4ad5ae12c2aae8265ef5,6619,profile,tfl-numbat-2024-twt,evening,4,14.983333333333333,1,2,off,1,destination,0,0,0,0,0,0,0,0,0,0,free-flow,virtual,940GZZNEUGST,0,7200,6619,3600,3596,468e308778e5cf08,899,899,0,0,595,304,9.916666666666666,195,254,13.333333333333334,50,true,3019,150,307,300,172,3,2,0,0,2,1,963,775,188,7,london-link-183-a-arrival,true,2015,445.8091954022988,2294.8333333333335,1043.2833333333333,1126.0180385613644,2117.7833333333333,3913.7,8379179.420152509,5780385.084952293,59.17681590511947,1,8379179.418348599,8379179.418348599,1,1,0,0,0.26497436502143473
fleet300.json,15,c804c000282937a9e432d728ff24f126fee595b1,1-3,candidate-next,raw/replay/fleet300-evening-r15-s3.json,06570fb40f6fe6b847cf80232d11b41df2c69ac9f01f4ad5ae12c2aae8265ef5,6561,profile,tfl-numbat-2024-twt,evening,4,14.983333333333333,1,3,off,1,destination,0,0,0,0,0,0,0,0,0,0,free-flow,virtual,940GZZNEUGST,0,7200,6561,3600,3596,02b95066e9600803,899,899,0,0,610,289,10.166666666666666,224,225,12.866666666666667,64,true,2961,138,289,284,170,3,1,0,0,1,1,1155,941,214,6,london-link-010-a-arrival,true,1718,401.5082499073044,1749.2166666666667,976.1,1040.6541156840935,1970.0833333333333,3517.55,7857980.691582228,5256490.543816546,59.91839511128631,1,7857980.689916628,7857980.689916628,1,1,0,0,0.25320631691975043
fleet300.json,15,c804c000282937a9e432d728ff24f126fee595b1,4-10,candidate-confirmation,raw/replay/fleet300-evening-r15-s4.json,06570fb40f6fe6b847cf80232d11b41df2c69ac9f01f4ad5ae12c2aae8265ef5,6377,profile,tfl-numbat-2024-twt,evening,4,14.983333333333333,1,4,off,1,destination,0,0,0,0,0,0,0,0,0,0,free-flow,virtual,940GZZNEUGST,0,7200,6377,3600,3596,1deea9b39e0c3155,899,899,0,0,611,288,10.183333333333334,213,236,13.266666666666667,52,true,2777,144,295,287,164,5,2,0,0,2,2,1286,1047,239,6,london-link-008-a-departure,true,1378,405.8338524286244,1674.1666666666667,992.9833333333333,1066.9350574712644,2038.7333333333333,3359.1,8129889.61531825,5397541.329283516,60.099287504125456,1,8129889.613581828,8129889.613581828,1,1,0,0,0.22156264795874211
fleet300.json,15,c804c000282937a9e432d728ff24f126fee595b1,4-10,candidate-confirmation,raw/replay/fleet300-evening-r15-s5.json,06570fb40f6fe6b847cf80232d11b41df2c69ac9f01f4ad5ae12c2aae8265ef5,6408,profile,tfl-numbat-2024-twt,evening,4,14.983333333333333,1,5,off,1,destination,0,0,0,0,0,0,0,0,0,0,free-flow,virtual,940GZZNEUGST,0,7200,6408,3600,3596,2f2e9fbbdb058b78,899,899,0,0,607,292,10.116666666666667,230,219,12.566666666666666,73,true,2808,129,292,289,183,3,1,0,0,1,1,989,805,184,7,london-link-048-a-departure,true,1911,368.9616981831665,1922.7666666666667,888.1,1023.8248424175009,1968.7333333333333,3337.2,8058313.045215693,4928914.181116724,62.04798687803782,1,8058313.043495399,8058313.043495399,1,1,0,0,0.3454913170901482
fleet300.json,15,c804c000282937a9e432d728ff24f126fee595b1,4-10,candidate-confirmation,raw/replay/fleet300-evening-r15-s6.json,06570fb40f6fe6b847cf80232d11b41df2c69ac9f01f4ad5ae12c2aae8265ef5,6402,profile,tfl-numbat-2024-twt,evening,4,14.983333333333333,1,6,off,1,destination,0,0,0,0,0,0,0,0,0,0,free-flow,virtual,940GZZNEUGST,0,7200,6402,3600,3596,726794c52ae9d8f8,899,899,0,0,608,291,10.133333333333333,211,238,13.233333333333333,53,true,2802,127,298,290,184,3,2,0,0,1,1,1196,973,223,6,london-link-010-a-departure,true,1569,410.5515572858732,1714.7166666666667,971.1166666666667,1087.929940674824,2033.85,3695.7166666666667,8336241.943170958,5483801.689747542,60.319939390889765,1,8336241.941378628,8336241.941378628,1,1,0,0,0.2461597385201092
fleet300.json,15,c804c000282937a9e432d728ff24f126fee595b1,4-10,candidate-confirmation,raw/replay/fleet300-evening-r15-s7.json,06570fb40f6fe6b847cf80232d11b41df2c69ac9f01f4ad5ae12c2aae8265ef5,7154,profile,tfl-numbat-2024-twt,evening,4,14.983333333333333,1,7,off,1,destination,0,0,0,0,0,0,0,0,0,0,free-flow,virtual,940GZZNEUGST,0,7200,7154,3600,3596,681c2ce65e30e9ea,899,899,0,0,605,294,10.083333333333334,224,225,12.7,69,true,3554,141,303,296,173,3,2,0,0,1,1,1043,853,187,6,london-link-048-a-departure,true,2462,395.2739340007416,2583.3333333333335,947.4666666666667,1062.6024100852799,2018.6666666666667,3633.8166666666666,8211539.913374132,5144167.473973869,61.48337692058909,1,8211539.911614112,8211539.911614112,1,1,0,0,0.3084036909357389
fleet300.json,15,c804c000282937a9e432d728ff24f126fee595b1,4-10,candidate-confirmation,raw/replay/fleet300-evening-r15-s8.json,06570fb40f6fe6b847cf80232d11b41df2c69ac9f01f4ad5ae12c2aae8265ef5,7200,profile,tfl-numbat-2024-twt,evening,4,14.983333333333333,1,8,off,1,destination,0,0,0,0,0,0,0,0,0,0,free-flow,virtual,940GZZNEUGST,0,7200,7200,3600,3596,2801b30465ef9fb9,899,898,1,0,611,288,10.183333333333334,224,225,12.9,63,false,0,127,293,285,177,5,1,0,0,2,1,1055,871,180,5,london-link-020-a-arrival,true,1881,363.17226548016316,2160.8,892.2833333333333,1019.5760950259837,1904.05,3361.8,8114309.64015336,5032802.730819423,61.719329775173776,1,8064922.888419953,8064922.888419953,1,1,0,0,0.2501491354338452
fleet300.json,15,c804c000282937a9e432d728ff24f126fee595b1,4-10,candidate-confirmation,raw/replay/fleet300-evening-r15-s9.json,06570fb40f6fe6b847cf80232d11b41df2c69ac9f01f4ad5ae12c2aae8265ef5,6981,profile,tfl-numbat-2024-twt,evening,4,14.983333333333333,1,9,off,1,destination,0,0,0,0,0,0,0,0,0,0,free-flow,virtual,940GZZNEUGST,0,7200,6981,3600,3596,cb90db609c266200,899,899,0,0,602,297,10.033333333333333,218,231,12.8,66,true,3381,136,304,297,173,4,1,0,0,1,1,1189,996,191,6,london-link-129-a-departure,true,2137,405.9459399332592,2275.9,1035.6166666666666,1089.123711531331,2095.9,3873.4333333333334,8411531.215423869,5354785.457083448,61.10226442939905,1,8411531.213702796,8411531.213702796,1,1,0,0,0.39701179517636676
fleet300.json,15,c804c000282937a9e432d728ff24f126fee595b1,4-10,candidate-confirmation,raw/replay/fleet300-evening-r15-s10.json,06570fb40f6fe6b847cf80232d11b41df2c69ac9f01f4ad5ae12c2aae8265ef5,6385,profile,tfl-numbat-2024-twt,evening,4,14.983333333333333,1,10,off,1,destination,0,0,0,0,0,0,0,0,0,0,free-flow,virtual,940GZZNEUGST,0,7200,6385,3600,3596,ff339046f78c0673,899,899,0,0,628,271,10.466666666666667,216,233,13.733333333333333,38,true,2785,128,273,267,167,4,1,0,0,1,1,1370,1144,223,6,london-link-154-a-departure,true,1497,369.9256210604375,1508.2666666666667,864.5,1025.2168705969596,1865.35,3216.733333333333,8055605.276651468,4767818.131040989,62.81945951982766,1,8055605.2749349885,8055605.2749349885,1,1,0,0,0.2563824521886451
fleet300.json,15,c804c000282937a9e432d728ff24f126fee595b1,1-3,screen,raw/replay/fleet300-interpeak-r15-s1.json,06570fb40f6fe6b847cf80232d11b41df2c69ac9f01f4ad5ae12c2aae8265ef5,5726,profile,tfl-numbat-2024-twt,interpeak,4,14.983333333333333,1,1,off,1,destination,0,0,0,0,0,0,0,0,0,0,free-flow,virtual,940GZZNEUGST,0,7200,5726,3600,3596,eda692728d4ad935,899,899,0,0,722,177,12.033333333333333,262,187,15.333333333333334,-10,true,2126,39,191,189,164,3,2,0,0,2,1,533,430,103,5,940GZZLUKSX-01-arrival,true,265,106.8989803485354,750.6,294.55,711.3536707452724,1585.9333333333334,2958.6833333333334,7431524.997353225,1787372.6836750223,80.61186114091176,1,7431524.9957965985,7431524.9957965985,1,1,0,0,0.05811978039664515
fleet300.json,15,c804c000282937a9e432d728ff24f126fee595b1,1-3,screen,raw/replay/fleet300-interpeak-r15-s2.json,06570fb40f6fe6b847cf80232d11b41df2c69ac9f01f4ad5ae12c2aae8265ef5,6330,profile,tfl-numbat-2024-twt,interpeak,4,14.983333333333333,1,2,off,1,destination,0,0,0,0,0,0,0,0,0,0,free-flow,virtual,940GZZNEUGST,0,7200,6330,3600,3596,f0c8e51f2012245f,899,899,0,0,701,198,11.683333333333334,263,186,14.6,12,true,2730,40,201,199,169,3,1,0,0,2,1,706,586,120,5,london-link-024-a-departure,true,387,107.35207638116427,972.4166666666666,311.56666666666666,749.4038190582128,1726.65,3357.25,7901546.3449479705,1708928.1316596435,82.21806700783335,1,7901546.343267133,7901546.343267133,1,1,0,0,0.06894716815956835
fleet300.json,15,c804c000282937a9e432d728ff24f126fee595b1,1-3,screen,raw/replay/fleet300-interpeak-r15-s3.json,06570fb40f6fe6b847cf80232d11b41df2c69ac9f01f4ad5ae12c2aae8265ef5,5329,profile,tfl-numbat-2024-twt,interpeak,4,14.983333333333333,1,3,off,1,destination,0,0,0,0,0,0,0,0,0,0,free-flow,virtual,940GZZNEUGST,0,7200,5329,3600,3596,2a90e4f005c4fd05,899,899,0,0,708,191,11.8,275,174,14.433333333333334,17,true,1729,41,199,197,171,3,2,0,0,1,1,563,460,103,5,940GZZLUKSX-01-arrival,true,404,98.45207638116426,1002.3833333333333,283.18333333333334,732.7317945865776,1721.95,2835.5333333333333,7805577.205845761,1749649.386828924,81.68908534131198,1,7805577.204190025,7805577.204190025,1,1,0,0,0.0138136452914895
fleet300.json,10,c804c000282937a9e432d728ff24f126fee595b1,1-3,screen,raw/replay/fleet300-late-r10-s1.json,06570fb40f6fe6b847cf80232d11b41df2c69ac9f01f4ad5ae12c2aae8265ef5,6661,profile,tfl-numbat-2024-twt,late,6,9.983333333333333,1,1,off,1,destination,0,0,0,0,0,0,0,0,0,0,free-flow,virtual,940GZZNEUGST,0,7200,6661,3600,3594,0a7fa62dbee2bf6f,599,599,0,0,425,174,7.083333333333333,150,149,9.166666666666666,25,true,3061,74,180,175,116,3,1,0,0,1,1,528,431,97,5,london-link-008-a-departure,true,842,310.2405119643851,1017.1666666666666,695.7833333333333,996.3728992765721,1865.4833333333333,3540.116666666667,5632613.715038399,2915707.0525187594,65.8914641623588,1,5632613.713952922,5632613.713952922,1,1,0,0,0.1783404981279085
fleet300.json,10,c804c000282937a9e432d728ff24f126fee595b1,1-3,screen,raw/replay/fleet300-late-r10-s2.json,06570fb40f6fe6b847cf80232d11b41df2c69ac9f01f4ad5ae12c2aae8265ef5,5765,profile,tfl-numbat-2024-twt,late,6,9.983333333333333,1,2,off,1,destination,0,0,0,0,0,0,0,0,0,0,free-flow,virtual,940GZZNEUGST,0,7200,5765,3600,3594,4f58435ca85140d4,599,599,0,0,420,179,7,152,147,8.933333333333334,32,true,2165,74,181,176,120,2,1,0,0,2,1,362,293,69,5,london-link-090-a-arrival,true,941,286.5848080133556,940.2833333333333,657.5333333333333,978.1253478018921,1902.65,2808.883333333333,5683021.010347251,2850418.812670284,66.59707138284666,1,5683021.009246227,5683021.009246227,1,1,0,0,0
fleet300.json,10,c804c000282937a9e432d728ff24f126fee595b1,1-3,screen,raw/replay/fleet300-late-r10-s3.json,06570fb40f6fe6b847cf80232d11b41df2c69ac9f01f4ad5ae12c2aae8265ef5,6152,profile,tfl-numbat-2024-twt,late,6,9.983333333333333,1,3,off,1,destination,0,0,0,0,0,0,0,0,0,0,free-flow,virtual,940GZZNEUGST,0,7200,6152,3600,3594,1c4f8cedf07eadeb,599,599,0,0,416,183,6.933333333333334,153,146,8.766666666666667,37,true,2552,84,197,193,120,3,1,0,0,1,1,395,322,72,5,london-link-008-a-arrival,true,905,315.0391764051197,1066.0166666666667,754.1833333333333,1016.622982749026,1922.8833333333334,2939.1,5768229.028703349,2975917.9757875074,65.96674353417065,1,5768229.0275803115,5768229.0275803115,1,1,0,0,0.12119853993633921
fleet300.json,2,c804c000282937a9e432d728ff24f126fee595b1,1-3,screen,raw/replay/fleet300-morning-r2-s1.json,06570fb40f6fe6b847cf80232d11b41df2c69ac9f01f4ad5ae12c2aae8265ef5,5562,profile,tfl-numbat-2024-twt,morning,30,1.9833333333333334,1,1,off,1,destination,0,0,0,0,0,0,0,0,0,0,free-flow,virtual,940GZZNEUGST,0,7200,5562,3600,3570,ca01f1581c185676,119,119,0,0,85,34,1.4166666666666667,21,38,2.1333333333333333,-4,true,1962,5,41,41,39,1,0,0,0,1,0,2,1,1,3,london-link-008-a-departure,true,350,58.90364145658263,476.45,310.71666666666664,1130.170588235294,2257.4666666666667,3219.9666666666667,1763885.2858619324,294504.60535044776,85.69247708571935,1,1763885.2857874492,1763885.2857874492,1,1,0,0,0
fleet300.json,2,c804c000282937a9e432d728ff24f126fee595b1,1-3,screen,raw/replay/fleet300-morning-r2-s2.json,06570fb40f6fe6b847cf80232d11b41df2c69ac9f01f4ad5ae12c2aae8265ef5,5961,profile,tfl-numbat-2024-twt,morning,30,1.9833333333333334,1,2,off,1,destination,0,0,0,0,0,0,0,0,0,0,free-flow,virtual,940GZZNEUGST,0,7200,5961,3600,3570,db3b198f324b1e35,119,119,0,0,81,38,1.35,26,33,1.8333333333333333,5,true,2361,6,40,40,39,1,0,0,0,1,0,24,21,3,3,london-link-008-a-arrival,true,353,70.44397759103641,626.55,334.8333333333333,1087.0591036414567,2220.4333333333334,2720.133333333333,1672300.979978852,294474.28662303207,85.02755797149041,1,1672300.9799287,1672300.9799287,1,1,0,0,0
fleet300.json,2,c804c000282937a9e432d728ff24f126fee595b1,1-3,screen,raw/replay/fleet300-morning-r2-s3.json,06570fb40f6fe6b847cf80232d11b41df2c69ac9f01f4ad5ae12c2aae8265ef5,6536,profile,tfl-numbat-2024-twt,morning,30,1.9833333333333334,1,3,off,1,destination,0,0,0,0,0,0,0,0,0,0,free-flow,virtual,940GZZNEUGST,0,7200,6536,3600,3570,910e80ca8588ed65,119,119,0,0,80,39,1.3333333333333333,23,36,1.9,3,true,2936,6,41,41,38,1,0,0,0,1,0,24,19,5,4,london-link-008-a-departure,true,435,67.05602240896359,584.0333333333333,292.46666666666664,1145.7474789915968,2630.2833333333333,3092.8333333333335,1775108.2361731143,347775.05183549115,83.6177968991538,1,1775108.2360955756,1775108.2360955756,1,1,0,0,0
fleet300.json,5,c804c000282937a9e432d728ff24f126fee595b1,1-3,candidate-next,raw/replay/fleet300-morning-r5-s1.json,06570fb40f6fe6b847cf80232d11b41df2c69ac9f01f4ad5ae12c2aae8265ef5,6482,profile,tfl-numbat-2024-twt,morning,12,4.983333333333333,1,1,off,1,destination,0,0,0,0,0,0,0,0,0,0,free-flow,virtual,940GZZNEUGST,0,7200,6482,3600,3588,b798061e95a55b97,299,299,0,0,199,100,3.316666666666667,61,88,4.6,12,true,2882,22,104,104,88,1,0,0,0,1,1,119,98,21,4,london-link-008-a-arrival,true,862,154.12764771460425,1020.4833333333333,545.8666666666667,1165.706856187291,2331.0333333333333,3783.05,4177055.3743153196,1409833.144061438,74.76532528930687,1,4177055.373605919,4177055.373605919,1,1,0,0,0.00099172160391135
fleet300.json,5,c804c000282937a9e432d728ff24f126fee595b1,1-3,candidate-next,raw/replay/fleet300-morning-r5-s2.json,06570fb40f6fe6b847cf80232d11b41df2c69ac9f01f4ad5ae12c2aae8265ef5,6534,profile,tfl-numbat-2024-twt,morning,12,4.983333333333333,1,2,off,1,destination,0,0,0,0,0,0,0,0,0,0,free-flow,virtual,940GZZNEUGST,0,7200,6534,3600,3588,34d4ed437ad80640,299,299,0,0,194,105,3.2333333333333334,63,86,4.366666666666666,19,true,2934,33,109,108,81,1,0,0,0,1,0,125,100,25,4,london-link-154-a-arrival,true,1009,197.99414715719064,1668.1,785.9166666666666,1225.6614269788183,2439.85,3751.1833333333334,4244455.1492986595,1383525.863642781,75.41701259365679,1,4244455.148571312,4244455.148571312,1,1,0,0,0
fleet300.json,5,c804c000282937a9e432d728ff24f126fee595b1,1-3,candidate-next,raw/replay/fleet300-morning-r5-s3.json,06570fb40f6fe6b847cf80232d11b41df2c69ac9f01f4ad5ae12c2aae8265ef5,7200,profile,tfl-numbat-2024-twt,morning,12,4.983333333333333,1,3,off,1,destination,0,0,0,0,0,0,0,0,0,0,free-flow,virtual,940GZZNEUGST,0,7200,7200,3600,3588,00ff4695150d8f61,299,298,1,0,195,104,3.25,60,89,4.5,15,false,0,27,106,106,90,1,0,0,0,1,0,89,71,18,4,london-link-008-a-arrival,true,1236,181.63372352285396,1379.5333333333333,679.6,1227.1569351230426,2669.2166666666667,3682.116666666667,4354216.554135449,1696668.100797551,71.95999928019884,1,4313885.236712275,4313885.236712275,1,1,0,0,0
fleet300.json,10,c804c000282937a9e432d728ff24f126fee595b1,1-3,screen,raw/replay/fleet300-pm-peak-r10-s1.json,06570fb40f6fe6b847cf80232d11b41df2c69ac9f01f4ad5ae12c2aae8265ef5,6302,profile,tfl-numbat-2024-twt,pm-peak,6,9.983333333333333,1,1,off,1,destination,0,0,0,0,0,0,0,0,0,0,free-flow,virtual,940GZZNEUGST,0,7200,6302,3600,3594,1e05a1d1b9c870e7,599,599,0,0,434,165,7.233333333333333,156,143,9.266666666666667,22,true,2702,50,165,163,123,2,1,0,0,1,1,321,257,64,5,london-link-048-a-arrival,true,689,185.34218141346688,736.2166666666667,532.6666666666666,906.5760712298274,1925.2833333333333,3045.9166666666665,5933138.036967273,1931477.1849501904,75.44091947985626,1,5933138.03579932,5933138.03579932,1,1,0,0,0.020694892395328568
fleet300.json,10,c804c000282937a9e432d728ff24f126fee595b1,1-3,screen,raw/replay/fleet300-pm-peak-r10-s2.json,06570fb40f6fe6b847cf80232d11b41df2c69ac9f01f4ad5ae12c2aae8265ef5,6413,profile,tfl-numbat-2024-twt,pm-peak,6,9.983333333333333,1,2,off,1,destination,0,0,0,0,0,0,0,0,0,0,free-flow,virtual,940GZZNEUGST,0,7200,6413,3600,3594,d9bc2d34343c4048,599,599,0,0,455,144,7.583333333333333,167,132,9.6,12,true,2813,41,149,147,121,2,1,0,0,1,1,446,356,89,5,london-link-008-a-arrival,true,437,156.58542014468557,654.7333333333333,402.6,835.1847523650529,1750.45,3278.7833333333333,5570126.415182397,1801951.6878827147,75.55707274542424,1,5570126.414111193,5570126.414111193,1,1,0,0,0.023532268155798557
fleet300.json,10,c804c000282937a9e432d728ff24f126fee595b1,1-3,screen,raw/replay/fleet300-pm-peak-r10-s3.json,06570fb40f6fe6b847cf80232d11b41df2c69ac9f01f4ad5ae12c2aae8265ef5,5443,profile,tfl-numbat-2024-twt,pm-peak,6,9.983333333333333,1,3,off,1,destination,0,0,0,0,0,0,0,0,0,0,free-flow,virtual,940GZZNEUGST,0,7200,5443,3600,3594,9fa279271ab253e4,599,599,0,0,457,142,7.616666666666666,158,141,9.966666666666667,1,true,1843,38,149,147,118,2,1,0,0,1,1,360,298,62,4,london-link-045-a-arrival,true,564,154.28592097941012,593.8666666666667,411.1666666666667,829.0983583750696,1762.2833333333333,2462.3333333333335,5543249.452992138,1668478.5790054775,76.86437187311242,1,5543249.451927665,5543249.451927665,1,1,0,0,0.04850938675731938
fleet300.json,15,c804c000282937a9e432d728ff24f126fee595b1,1-3,candidate-next,raw/replay/fleet300-pm-peak-r15-s1.json,06570fb40f6fe6b847cf80232d11b41df2c69ac9f01f4ad5ae12c2aae8265ef5,6997,profile,tfl-numbat-2024-twt,pm-peak,4,14.983333333333333,1,1,off,1,destination,0,0,0,0,0,0,0,0,0,0,free-flow,virtual,940GZZNEUGST,0,7200,6997,3600,3596,3f0f0c4d29ac28f4,899,899,0,0,616,283,10.266666666666667,218,231,13.266666666666667,52,true,3397,124,296,290,185,4,3,0,0,1,2,1070,870,200,6,london-link-129-b-departure,true,1518,335.94427141268073,1605.75,881.1333333333333,1047.2188357434186,2114.3333333333335,3500.05,8765136.600779386,4433953.849224775,66.40712580901075,1,8765136.600363096,8765136.600363096,1,1,0,0,0.668404092525761
fleet300.json,15,c804c000282937a9e432d728ff24f126fee595b1,1-3,candidate-next,raw/replay/fleet300-pm-peak-r15-s2.json,06570fb40f6fe6b847cf80232d11b41df2c69ac9f01f4ad5ae12c2aae8265ef5,7122,profile,tfl-numbat-2024-twt,pm-peak,4,14.983333333333333,1,2,off,1,destination,0,0,0,0,0,0,0,0,0,0,free-flow,virtual,940GZZNEUGST,0,7200,7122,3600,3596,55941e6f517da673,899,899,0,0,628,271,10.466666666666667,240,209,12.933333333333334,62,true,3522,111,273,268,172,4,1,0,0,1,1,953,784,165,6,london-link-051-a-departure,true,1945,291.32860585836113,2068.2166666666667,809.6833333333333,965.9516870596959,1975.5166666666667,3941.2,8304357.181038494,4022047.826433581,67.37047156899779,1,8304357.179252928,8304357.179252928,1,1,0,0,0.09835929981591163
fleet300.json,15,c804c000282937a9e432d728ff24f126fee595b1,1-3,candidate-next,raw/replay/fleet300-pm-peak-r15-s3.json,06570fb40f6fe6b847cf80232d11b41df2c69ac9f01f4ad5ae12c2aae8265ef5,7154,profile,tfl-numbat-2024-twt,pm-peak,4,14.983333333333333,1,3,off,1,destination,0,0,0,0,0,0,0,0,0,0,free-flow,virtual,940GZZNEUGST,0,7200,7154,3600,3596,d3c67ad21983f770,899,899,0,0,633,266,10.55,234,215,13.3,51,true,3554,102,268,262,176,4,2,0,0,2,1,819,667,152,5,london-link-024-a-arrival,true,1891,277.3979050797182,1978.1166666666666,695.0166666666667,958.8180756395996,1957.2,3791.366666666667,8392724.058107687,3837789.4972728137,68.62119092632479,1,8392724.05631486,8392724.05631486,1,1,0,0,0.24028063155618037
fleet300.json,15,c804c000282937a9e432d728ff24f126fee595b1,4-10,candidate-confirmation,raw/replay/fleet300-pm-peak-r15-s4.json,06570fb40f6fe6b847cf80232d11b41df2c69ac9f01f4ad5ae12c2aae8265ef5,6014,profile,tfl-numbat-2024-twt,pm-peak,4,14.983333333333333,1,4,off,1,destination,0,0,0,0,0,0,0,0,0,0,free-flow,virtual,940GZZNEUGST,0,7200,6014,3600,3596,026927034c430dde,899,899,0,0,642,257,10.7,215,234,14.233333333333333,23,true,2414,109,268,261,173,4,2,0,0,1,1,1166,977,186,6,london-link-085-a-departure,true,1135,293.2440489432703,1162.4833333333333,758.25,969.5593251761217,1895.1333333333334,3166.9,8325983.4449297255,3896569.981971264,68.11983678144384,1,8325983.443139809,8325983.443139809,1,1,0,0,0.2700212231950146
fleet300.json,15,c804c000282937a9e432d728ff24f126fee595b1,4-10,candidate-confirmation,raw/replay/fleet300-pm-peak-r15-s5.json,06570fb40f6fe6b847cf80232d11b41df2c69ac9f01f4ad5ae12c2aae8265ef5,7005,profile,tfl-numbat-2024-twt,pm-peak,4,14.983333333333333,1,5,off,1,destination,0,0,0,0,0,0,0,0,0,0,free-flow,virtual,940GZZNEUGST,0,7200,7005,3600,3596,d59972af76bebe66,899,899,0,0,610,289,10.166666666666666,223,226,12.9,63,true,3405,132,290,285,171,3,1,0,0,1,1,952,766,186,5,london-link-008-a-departure,true,1593,352.6117352614016,1790.1,923.7,1075.53049684835,2121.6,4208.15,8914671.607292853,4593805.34830172,65.99316589573644,1,8914671.607425777,8914671.607425777,1,1,0,0,0.14134506579081746
fleet300.json,15,c804c000282937a9e432d728ff24f126fee595b1,4-10,candidate-confirmation,raw/replay/fleet300-pm-peak-r15-s6.json,06570fb40f6fe6b847cf80232d11b41df2c69ac9f01f4ad5ae12c2aae8265ef5,7200,profile,tfl-numbat-2024-twt,pm-peak,4,14.983333333333333,1,6,off,1,destination,0,0,0,0,0,0,0,0,0,0,free-flow,virtual,940GZZNEUGST,0,7200,7200,3600,3596,5e3d325b017544ee,899,898,1,0,650,249,10.833333333333334,219,230,14.366666666666667,19,false,0,100,271,266,175,4,2,0,0,1,1,1205,1016,184,6,london-link-008-a-arrival,true,864,279.76583240637746,1242.2666666666667,719.2833333333333,978.1913511507053,1893.4,3639.15,8641956.23624241,3855349.0768414102,69.15055701803873,1,8599900.352039892,8599900.352039892,1,1,0,0,0.3767426689997752
fleet300.json,15,c804c000282937a9e432d728ff24f126fee595b1,4-10,candidate-confirmation,raw/replay/fleet300-pm-peak-r15-s7.json,06570fb40f6fe6b847cf80232d11b41df2c69ac9f01f4ad5ae12c2aae8265ef5,6308,profile,tfl-numbat-2024-twt,pm-peak,4,14.983333333333333,1,7,off,1,destination,0,0,0,0,0,0,0,0,0,0,free-flow,virtual,940GZZNEUGST,0,7200,6308,3600,3596,6701ae51d786cb32,899,899,0,0,639,260,10.65,235,214,13.466666666666667,46,true,2708,103,270,265,179,3,2,0,0,1,1,1010,825,182,5,940GZZLUBNK-01-arrival,true,831,272.4302929180571,1540.05,731.1166666666667,964.6643492769745,1882.15,3777.4166666666665,8521686.285975486,3744214.1383875557,69.47460839523333,1,8521686.284661746,8521686.284661746,1,1,0,0,0.24188522242996952
fleet300.json,15,c804c000282937a9e432d728ff24f126fee595b1,4-10,candidate-confirmation,raw/replay/fleet300-pm-peak-r15-s8.json,06570fb40f6fe6b847cf80232d11b41df2c69ac9f01f4ad5ae12c2aae8265ef5,6080,profile,tfl-numbat-2024-twt,pm-peak,4,14.983333333333333,1,8,off,1,destination,0,0,0,0,0,0,0,0,0,0,free-flow,virtual,940GZZNEUGST,0,7200,6080,3600,3596,92afa591ce980879,899,899,0,0,615,284,10.25,223,226,13.066666666666666,58,true,2480,127,285,279,169,3,2,0,0,1,1,882,708,174,6,london-link-051-a-departure,true,1445,335.3496848350018,2102.95,877.6666666666666,1012.9746570263255,2040.0333333333333,3049.1,8344808.560187406,4459342.376524496,65.17268190162672,1,8344808.558391882,8344808.558391882,1,1,0,0,0.07969534837636882
fleet300.json,15,c804c000282937a9e432d728ff24f126fee595b1,4-10,candidate-confirmation,raw/replay/fleet300-pm-peak-r15-s9.json,06570fb40f6fe6b847cf80232d11b41df2c69ac9f01f4ad5ae12c2aae8265ef5,6340,profile,tfl-numbat-2024-twt,pm-peak,4,14.983333333333333,1,9,off,1,destination,0,0,0,0,0,0,0,0,0,0,free-flow,virtual,940GZZNEUGST,0,7200,6340,3600,3596,a384d30882269f6e,899,899,0,0,610,289,10.166666666666666,214,235,13.2,54,true,2740,123,292,287,178,3,1,0,0,1,1,990,812,178,5,london-link-008-a-arrival,true,1496,350.5928809788654,1671.7833333333333,910.35,1055.6453281423805,2000.1833333333334,3735.4,8689208.104879599,4694272.074330673,64.92487744986767,1,8689208.104179079,8689208.104179079,1,1,0,0,0.25185542426921737
fleet300.json,15,c804c000282937a9e432d728ff24f126fee595b1,4-10,candidate-confirmation,raw/replay/fleet300-pm-peak-r15-s10.json,06570fb40f6fe6b847cf80232d11b41df2c69ac9f01f4ad5ae12c2aae8265ef5,6063,profile,tfl-numbat-2024-twt,pm-peak,4,14.983333333333333,1,10,off,1,destination,0,0,0,0,0,0,0,0,0,0,free-flow,virtual,940GZZNEUGST,0,7200,6063,3600,3596,057582463c84f100,899,899,0,0,645,254,10.75,225,224,14,30,true,2463,101,261,254,173,4,1,0,0,1,1,963,788,175,6,london-link-045-a-arrival,true,996,293.3905821282907,1470.65,773.8166666666667,955.357063403782,1888.05,3558,8145525.828898183,3897592.184299414,67.6363531435282,1,8145525.827156596,8145525.827156596,1,1,0,0,0.46763967734005635
full.json,5,c804c000282937a9e432d728ff24f126fee595b1,1-3,initial,raw/replay/full-am-peak-r5-s1.json,0383116025818e73cd371cba29f97fd820fcc11fdb0d5ea9ed158e22fee86926,5550,profile,tfl-numbat-2024-twt,am-peak,12,4.983333333333333,1,1,off,1,destination,0,0,0,0,0,0,0,0,0,0,free-flow,virtual,940GZZNEUGST,0,7200,5550,3600,3588,c4cfb5aa5e407691,299,299,0,0,229,70,3.816666666666667,86,63,4.766666666666667,7,true,1950,15,73,73,64,1,0,0,0,1,1,54,44,10,4,london-link-008-a-arrival,true,415,81.9819955406912,743.8,293.76666666666665,797.3666109253065,1588.95,2918.95,2939255.103914957,1030259.2725252297,74.04571000825662,1,2939255.103532284,2939255.103532284,1,1,0,0,0
full.json,5,c804c000282937a9e432d728ff24f126fee595b1,1-3,initial,raw/replay/full-am-peak-r5-s2.json,0383116025818e73cd371cba29f97fd820fcc11fdb0d5ea9ed158e22fee86926,5937,profile,tfl-numbat-2024-twt,am-peak,12,4.983333333333333,1,2,off,1,destination,0,0,0,0,0,0,0,0,0,0,free-flow,virtual,940GZZNEUGST,0,7200,5937,3600,3588,918c91477a5367d7,299,299,0,0,227,72,3.783333333333333,91,58,4.533333333333333,14,true,2337,16,74,74,63,2,1,0,0,2,1,64,54,10,4,london-link-056-a-arrival,true,483,91.08316610925307,653.9333333333333,420.3333333333333,808.389353400223,1650.9,2912.6,2947699.8782004355,989575.9916710627,74.86648067402604,1,2947699.877814873,2947699.877814873,1,1,0,0,0
full.json,5,c804c000282937a9e432d728ff24f126fee595b1,1-3,initial,raw/replay/full-am-peak-r5-s3.json,0383116025818e73cd371cba29f97fd820fcc11fdb0d5ea9ed158e22fee86926,5266,profile,tfl-numbat-2024-twt,am-peak,12,4.983333333333333,1,3,off,1,destination,0,0,0,0,0,0,0,0,0,0,free-flow,virtual,940GZZNEUGST,0,7200,5266,3600,3588,90b5d2f2e7e9a76d,299,299,0,0,228,71,3.8,88,61,4.666666666666667,10,true,1666,19,72,72,64,2,1,0,0,1,1,53,41,12,4,london-link-024-a-departure,true,309,87.0520624303233,594.6166666666667,364.68333333333334,786.177480490524,1807.0166666666667,2751.016666666667,2871516.2194798607,978891.2782785589,74.57694337941017,1,2871516.2191148647,2871516.2191148647,1,1,0,0,0
full.json,10,c804c000282937a9e432d728ff24f126fee595b1,1-3,initial,raw/replay/full-am-peak-r10-s1.json,0383116025818e73cd371cba29f97fd820fcc11fdb0d5ea9ed158e22fee86926,6307,profile,tfl-numbat-2024-twt,am-peak,6,9.983333333333333,1,1,off,1,destination,0,0,0,0,0,0,0,0,0,0,free-flow,virtual,940GZZNEUGST,0,7200,6307,3600,3594,e322e62405fcf19e,599,599,0,0,436,163,7.266666666666667,168,131,8.933333333333334,32,true,2707,45,166,165,123,2,2,0,0,1,1,373,311,62,5,london-link-020-a-departure,true,728,173.15848636616585,1288.5666666666666,603.3,882.542877017251,1865.55,3164.1666666666665,5830920.980530618,2650217.4813171295,68.7516305359347,1,5830920.979390817,5830920.979390817,1,1,0,0,0.10832333050326434
full.json,10,c804c000282937a9e432d728ff24f126fee595b1,1-3,initial,raw/replay/full-am-peak-r10-s2.json,0383116025818e73cd371cba29f97fd820fcc11fdb0d5ea9ed158e22fee86926,6090,profile,tfl-numbat-2024-twt,am-peak,6,9.983333333333333,1,2,off,1,destination,0,0,0,0,0,0,0,0,0,0,free-flow,virtual,940GZZNEUGST,0,7200,6090,3600,3594,56437d285c16cf39,599,599,0,0,435,164,7.25,172,127,8.766666666666667,37,true,2490,56,172,171,129,2,1,0,0,2,1,352,271,81,5,london-link-055-a-departure,true,841,189.40467445742902,1379.8666666666666,724.3666666666667,920.5468558708959,1976.7333333333333,3474.7166666666667,6012103.670190179,2536027.778938524,70.33237270588513,1,6012103.669002448,6012103.669002448,1,1,0,0,0.06260720273277212
full.json,10,c804c000282937a9e432d728ff24f126fee595b1,1-3,initial,raw/replay/full-am-peak-r10-s3.json,0383116025818e73cd371cba29f97fd820fcc11fdb0d5ea9ed158e22fee86926,7095,profile,tfl-numbat-2024-twt,am-peak,6,9.983333333333333,1,3,off,1,destination,0,0,0,0,0,0,0,0,0,0,free-flow,virtual,940GZZNEUGST,0,7200,7095,3600,3594,8d3de711a4ae70d3,599,599,0,0,439,160,7.316666666666666,166,133,9.1,27,true,3495,54,160,160,119,2,1,0,0,1,1,511,419,92,5,london-link-024-a-departure,true,1336,178.01271563717307,1431.9666666666667,627.65,907.0755982192543,2073.7,3920.25,5992596.235419675,2681373.623386837,69.08712311624544,1,5992596.23423746,5992596.23423746,1,1,0,0,0.10744348091447753
full.json,10,c804c000282937a9e432d728ff24f126fee595b1,4-10,boundary,raw/replay/full-am-peak-r10-s4.json,0383116025818e73cd371cba29f97fd820fcc11fdb0d5ea9ed158e22fee86926,6772,profile,tfl-numbat-2024-twt,am-peak,6,9.983333333333333,1,4,off,1,destination,0,0,0,0,0,0,0,0,0,0,free-flow,virtual,940GZZNEUGST,0,7200,6772,3600,3594,3f9916929220aff1,599,599,0,0,443,156,7.383333333333334,160,139,9.433333333333334,17,true,3172,51,163,162,130,2,1,0,0,1,1,384,307,76,6,london-link-008-a-arrival,true,1184,181.29805230940457,1545.7166666666667,639.05,924.2680856983862,2030.5666666666666,3578.9166666666665,6110804.8971523605,2657131.6919890274,69.69490295721641,1,6110804.895938547,6110804.895938547,1,1,0,0,0.26146299716512444
full.json,10,c804c000282937a9e432d728ff24f126fee595b1,4-10,boundary,raw/replay/full-am-peak-r10-s5.json,0383116025818e73cd371cba29f97fd820fcc11fdb0d5ea9ed158e22fee86926,6552,profile,tfl-numbat-2024-twt,am-peak,6,9.983333333333333,1,5,off,1,destination,0,0,0,0,0,0,0,0,0,0,free-flow,virtual,940GZZNEUGST,0,7200,6552,3600,3594,8e4db06ff5b411c4,599,599,0,0,439,160,7.316666666666666,165,134,9.133333333333333,26,true,2952,49,165,164,123,3,1,0,0,1,1,382,299,83,5,london-link-020-a-departure,true,928,180.74410127991095,1226.8833333333334,628.9,903.7988313856428,1877.0666666666666,3575.8166666666666,5945408.121975395,2602745.3880119226,69.55195780034857,1,5945408.120805208,5945408.120805208,1,1,0,0,0.11116453318963153
full.json,10,c804c000282937a9e432d728ff24f126fee595b1,4-10,boundary,raw/replay/full-am-peak-r10-s6.json,0383116025818e73cd371cba29f97fd820fcc11fdb0d5ea9ed158e22fee86926,7022,profile,tfl-numbat-2024-twt,am-peak,6,9.983333333333333,1,6,off,1,destination,0,0,0,0,0,0,0,0,0,0,free-flow,virtual,940GZZNEUGST,0,7200,7022,3600,3594,4b0dbb7f21b4fd79,599,599,0,0,437,162,7.283333333333333,162,137,9.166666666666666,25,true,3422,53,163,163,120,2,1,0,0,1,1,350,281,69,6,london-link-154-a-departure,true,1069,187.87584863661658,1464.5,659.5333333333333,910.8635225375626,2044.95,3823.3166666666666,5944750.951385733,2548252.504457959,69.99586167947913,1,5944750.950215657,5944750.950215657,1,1,0,0,0.06530002274130145
full.json,10,c804c000282937a9e432d728ff24f126fee595b1,4-10,boundary,raw/replay/full-am-peak-r10-s7.json,0383116025818e73cd371cba29f97fd820fcc11fdb0d5ea9ed158e22fee86926,6672,profile,tfl-numbat-2024-twt,am-peak,6,9.983333333333333,1,7,off,1,destination,0,0,0,0,0,0,0,0,0,0,free-flow,virtual,940GZZNEUGST,0,7200,6672,3600,3594,28a9cfb8b457eaab,599,599,0,0,451,148,7.516666666666667,161,138,9.666666666666666,10,true,3072,43,151,151,124,2,1,0,0,1,1,320,260,60,6,london-link-020-a-departure,true,944,157.10052865887593,1035.15,666.6,867.6081246521981,1952.7666666666667,3437.5333333333333,5841075.2581659965,2280126.271642799,71.92378168090502,1,5841075.257023318,5841075.257023318,1,1,0,0,0.17590836464649381
full.json,10,c804c000282937a9e432d728ff24f126fee595b1,4-10,boundary,raw/replay/full-am-peak-r10-s8.json,0383116025818e73cd371cba29f97fd820fcc11fdb0d5ea9ed158e22fee86926,7200,profile,tfl-numbat-2024-twt,am-peak,6,9.983333333333333,1,8,off,1,destination,0,0,0,0,0,0,0,0,0,0,free-flow,virtual,940GZZNEUGST,0,7200,7200,3600,3594,317477cf646509bc,599,598,1,0,458,141,7.633333333333334,170,129,9.6,12,false,0,47,155,154,124,3,1,0,0,1,2,293,233,60,5,london-link-151-a-arrival,true,1339,178.32687813021704,1528.1333333333334,724.6,885.5701783723523,1981.6666666666667,3201.266666666667,5854155.604724532,2633579.954839259,68.97193678622799,1,5822501.486911778,5822501.486911778,1,1,0,0,0.09652415541364014
full.json,10,c804c000282937a9e432d728ff24f126fee595b1,4-10,boundary,raw/replay/full-am-peak-r10-s9.json,0383116025818e73cd371cba29f97fd820fcc11fdb0d5ea9ed158e22fee86926,6559,profile,tfl-numbat-2024-twt,am-peak,6,9.983333333333333,1,9,off,1,destination,0,0,0,0,0,0,0,0,0,0,free-flow,virtual,940GZZNEUGST,0,7200,6559,3600,3594,046b72925d38a9b7,599,599,0,0,442,157,7.366666666666666,172,127,9,30,true,2959,46,157,156,118,2,1,0,0,1,1,310,244,66,5,london-link-024-a-departure,true,1279,169.87807456872568,1362.25,645.45,874.2989705063995,1959.7,3299.6833333333334,5789763.1179241715,2639569.7140329736,68.68589997981951,1,5789763.116794692,5789763.116794692,1,1,0,0,0.06937081975366814
full.json,10,c804c000282937a9e432d728ff24f126fee595b1,4-10,boundary,raw/replay/full-am-peak-r10-s10.json,0383116025818e73cd371cba29f97fd820fcc11fdb0d5ea9ed158e22fee86926,6636,profile,tfl-numbat-2024-twt,am-peak,6,9.983333333333333,1,10,off,1,destination,0,0,0,0,0,0,0,0,0,0,free-flow,virtual,940GZZNEUGST,0,7200,6636,3600,3594,f0f19634d70d65fa,599,599,0,0,436,163,7.266666666666667,166,133,9,30,true,3036,53,165,164,118,2,0,0,0,1,1,283,227,56,5,london-link-183-a-arrival,true,994,182.7323038397329,1250,605.7166666666667,893.7456872565386,1915.8166666666666,4523.65,5845034.962713241,2560500.138685841,69.53792818901377,1,5845034.961568839,5845034.961568839,1,1,0,0,0.0525078228451692
full.json,15,c804c000282937a9e432d728ff24f126fee595b1,1-3,initial,raw/replay/full-am-peak-r15-s1.json,0383116025818e73cd371cba29f97fd820fcc11fdb0d5ea9ed158e22fee86926,7200,profile,tfl-numbat-2024-twt,am-peak,4,14.983333333333333,1,1,off,1,destination,0,0,0,0,0,0,0,0,0,0,free-flow,virtual,940GZZNEUGST,0,7200,7200,3600,3596,60b9276e32153023,899,896,3,0,655,244,10.916666666666666,225,224,14.333333333333334,20,false,0,107,254,250,162,3,2,0,0,1,1,881,717,164,6,london-link-151-b-departure,true,1695,287.69334445680386,2178.9,987,990.5040364583334,2187.733333333333,3571.85,8793942.430260805,4410128.234454318,66.60023755977478,1,8694477.679951774,8694477.679951774,1,1,0,0,0.14176460394644264
full.json,15,c804c000282937a9e432d728ff24f126fee595b1,1-3,initial,raw/replay/full-am-peak-r15-s2.json,0383116025818e73cd371cba29f97fd820fcc11fdb0d5ea9ed158e22fee86926,7031,profile,tfl-numbat-2024-twt,am-peak,4,14.983333333333333,1,2,off,1,destination,0,0,0,0,0,0,0,0,0,0,free-flow,virtual,940GZZNEUGST,0,7200,7031,3600,3596,ec25ba5d5ea6a9be,899,899,0,0,622,277,10.366666666666667,230,219,13.066666666666666,58,true,3431,114,278,271,174,4,1,0,0,1,2,1181,942,239,7,london-link-020-a-departure,true,1763,309.53492769744156,1798.6333333333334,1009.8666666666667,1034.3913422321098,2235.7166666666667,3686.633333333333,8927559.985426364,4565218.967407526,66.16546536954351,1,8927559.98560377,8927559.98560377,1,1,0,0,0.6213139795134861
full.json,15,c804c000282937a9e432d728ff24f126fee595b1,1-3,initial,raw/replay/full-am-peak-r15-s3.json,0383116025818e73cd371cba29f97fd820fcc11fdb0d5ea9ed158e22fee86926,7007,profile,tfl-numbat-2024-twt,am-peak,4,14.983333333333333,1,3,off,1,destination,0,0,0,0,0,0,0,0,0,0,free-flow,virtual,940GZZNEUGST,0,7200,7007,3600,3596,492cb3c7e6b6c644,899,899,0,0,624,275,10.4,240,209,12.8,66,true,3407,114,278,272,178,3,1,0,0,1,1,837,672,165,5,london-link-008-a-arrival,true,1278,286.92154245457914,2007,974.7666666666667,1014.3737300704486,2286.8333333333335,4019,8967655.297604352,4445413.699409973,66.85759463103115,1,8967655.297938349,8967655.297938349,1,1,0,0,0.147283881716551
full.json,15,c804c000282937a9e432d728ff24f126fee595b1,4-10,boundary,raw/replay/full-am-peak-r15-s4.json,0383116025818e73cd371cba29f97fd820fcc11fdb0d5ea9ed158e22fee86926,7169,profile,tfl-numbat-2024-twt,am-peak,4,14.983333333333333,1,4,off,1,destination,0,0,0,0,0,0,0,0,0,0,free-flow,virtual,940GZZNEUGST,0,7200,7169,3600,3596,fc82cb4e32fcc27f,899,899,0,0,639,260,10.65,224,225,13.833333333333334,35,true,3569,94,262,257,177,3,1,0,0,1,1,732,593,139,5,london-link-060-a-arrival,true,1645,280.2474786800148,1873.2666666666667,982.1333333333333,1026.4695216907676,2317.366666666667,3833.25,9207370.522527514,4399381.777067883,67.66765734980932,1,9207370.523748618,9207370.523748618,1,1,0,0,0.10036547224996072
full.json,15,c804c000282937a9e432d728ff24f126fee595b1,4-10,boundary,raw/replay/full-am-peak-r15-s5.json,0383116025818e73cd371cba29f97fd820fcc11fdb0d5ea9ed158e22fee86926,6962,profile,tfl-numbat-2024-twt,am-peak,4,14.983333333333333,1,5,off,1,destination,0,0,0,0,0,0,0,0,0,0,free-flow,virtual,940GZZNEUGST,0,7200,6962,3600,3596,d8614f8187758aeb,899,899,0,0,653,246,10.883333333333333,235,214,13.933333333333334,32,true,3362,100,265,261,178,3,1,0,0,1,1,762,621,138,5,london-link-095-a-arrival,true,1390,277.03876529477196,2039.6833333333334,963.45,1008.1431219873933,2247.8,4243.983333333334,9015513.763400542,4250736.336248524,67.95826775223415,1,9015513.763914282,9015513.763914282,1,1,0,0,0.05986356096729537
full.json,15,c804c000282937a9e432d728ff24f126fee595b1,4-10,boundary,raw/replay/full-am-peak-r15-s6.json,0383116025818e73cd371cba29f97fd820fcc11fdb0d5ea9ed158e22fee86926,7008,profile,tfl-numbat-2024-twt,am-peak,4,14.983333333333333,1,6,off,1,destination,0,0,0,0,0,0,0,0,0,0,free-flow,virtual,940GZZNEUGST,0,7200,7008,3600,3596,257dee7b2f853a4d,899,899,0,0,638,261,10.633333333333333,244,205,13.133333333333333,56,true,3408,97,262,257,180,3,1,0,0,1,1,789,619,169,5,london-link-024-a-arrival,true,1476,273.4377456433074,1662.2333333333333,954.6333333333333,996.7187986651835,2264.6666666666665,3563.0833333333335,8917599.149564885,4230138.530578165,67.82611097446127,1,8917599.149711072,8917599.149711072,1,1,0,0,0.219336872918816
full.json,15,c804c000282937a9e432d728ff24f126fee595b1,4-10,boundary,raw/replay/full-am-peak-r15-s7.json,0383116025818e73cd371cba29f97fd820fcc11fdb0d5ea9ed158e22fee86926,7180,profile,tfl-numbat-2024-twt,am-peak,4,14.983333333333333,1,7,off,1,destination,0,0,0,0,0,0,0,0,0,0,free-flow,virtual,940GZZNEUGST,0,7200,7180,3600,3596,492a7c681af2522c,899,899,0,0,644,255,10.733333333333333,236,213,13.6,42,true,3580,99,262,254,170,3,1,0,0,1,1,865,722,140,6,london-link-081-a-arrival,true,1527,258.0269744160178,1606.1833333333334,898.0833333333334,968.4027808676307,2114.45,3663.25,8752382.453467686,3838124.922245584,69.51572476221874,1,8752382.453003755,8752382.453003755,1,1,0,0,0.2602063705697622
full.json,15,c804c000282937a9e432d728ff24f126fee595b1,4-10,boundary,raw/replay/full-am-peak-r15-s8.json,0383116025818e73cd371cba29f97fd820fcc11fdb0d5ea9ed158e22fee86926,7164,profile,tfl-numbat-2024-twt,am-peak,4,14.983333333333333,1,8,off,1,destination,0,0,0,0,0,0,0,0,0,0,free-flow,virtual,940GZZNEUGST,0,7200,7164,3600,3596,0570e63a865ecabd,899,899,0,0,652,247,10.866666666666667,234,215,13.933333333333334,32,true,3564,101,257,253,169,4,2,0,0,1,1,846,678,165,5,940GZZLUWLO-merge,true,1522,269.1216536892844,1888.45,905.35,974.0906006674081,2165.116666666667,4028.1,8688623.255294463,4056434.467837022,68.17249041975819,1,8688623.25459676,8688623.25459676,1,1,0,0,0.29794981124079445
full.json,15,c804c000282937a9e432d728ff24f126fee595b1,4-10,boundary,raw/replay/full-am-peak-r15-s9.json,0383116025818e73cd371cba29f97fd820fcc11fdb0d5ea9ed158e22fee86926,7200,profile,tfl-numbat-2024-twt,am-peak,4,14.983333333333333,1,9,off,1,destination,0,0,0,0,0,0,0,0,0,0,free-flow,virtual,940GZZNEUGST,0,7200,7200,3600,3596,631118a91f1cc260,899,898,1,0,644,255,10.733333333333333,246,203,13.266666666666667,52,false,0,96,262,258,170,3,1,0,0,1,1,784,650,134,5,london-link-010-a-arrival,true,2206,266.7586021505376,2333.7833333333333,899.6,974.345564216778,2201.5,3452.35,8758830.886214493,4153949.0263012717,67.83071457544908,1,8739346.73577429,8739346.73577429,1,1,0,0,0.2135093789332431
full.json,15,c804c000282937a9e432d728ff24f126fee595b1,4-10,boundary,raw/replay/full-am-peak-r15-s10.json,0383116025818e73cd371cba29f97fd820fcc11fdb0d5ea9ed158e22fee86926,7110,profile,tfl-numbat-2024-twt,am-peak,4,14.983333333333333,1,10,off,1,destination,0,0,0,0,0,0,0,0,0,0,free-flow,virtual,940GZZNEUGST,0,7200,7110,3600,3596,abdb37ad8df9d07d,899,899,0,0,649,250,10.816666666666666,244,205,13.5,45,true,3510,95,262,256,172,3,1,0,0,1,1,998,777,221,7,london-link-081-a-departure,true,1696,270.35852799406746,1695.8833333333334,889.5,981.3732480533927,2164.2,4521.316666666667,8765458.38422591,3945472.827479927,68.96000173577814,1,8765458.383812048,8765458.383812048,1,1,0,0,0.364268125617771
full.json,20,c804c000282937a9e432d728ff24f126fee595b1,1-3,initial,raw/replay/full-am-peak-r20-s1.json,0383116025818e73cd371cba29f97fd820fcc11fdb0d5ea9ed158e22fee86926,7200,profile,tfl-numbat-2024-twt,am-peak,3,19.983333333333334,1,1,off,1,destination,0,0,0,0,0,0,0,0,0,0,free-flow,virtual,940GZZNEUGST,0,7200,7200,3600,3597,2afb738ab31b68cf,1199,1181,18,0,708,491,11.8,299,300,13.633333333333333,191,false,0,370,491,287,188,4,3,0,0,1,1,1870,1506,364,6,london-link-008-a-departure,true,3462,774.6691687517375,3686.15,2024.7166666666667,1435.296232006774,3069.1,4900,11504159.743344212,8987144.609228715,56.141666462046025,1,11211153.753007347,11211153.753007347,1,1,0,0,0.5164826655084526
full.json,20,c804c000282937a9e432d728ff24f126fee595b1,1-3,initial,raw/replay/full-am-peak-r20-s2.json,0383116025818e73cd371cba29f97fd820fcc11fdb0d5ea9ed158e22fee86926,7200,profile,tfl-numbat-2024-twt,am-peak,3,19.983333333333334,1,2,off,1,destination,0,0,0,0,0,0,0,0,0,0,free-flow,virtual,940GZZNEUGST,0,7200,7200,3600,3597,68f92bce2004d9fd,1199,1182,17,0,683,516,11.383333333333333,281,318,13.4,198,false,0,368,517,287,176,5,1,0,0,1,1,2557,2101,453,6,london-link-010-a-departure,false,0,814.7486099527383,3797.4666666666667,2228.4,1501.1036802030458,3176.7166666666667,5337.583333333333,11814902.569371495,8782720.350692939,57.36051492554722,1,11573782.524766997,11573782.524766997,1,1,0,0,0.7149726639909569
full.json,20,c804c000282937a9e432d728ff24f126fee595b1,1-3,initial,raw/replay/full-am-peak-r20-s3.json,0383116025818e73cd371cba29f97fd820fcc11fdb0d5ea9ed158e22fee86926,7200,profile,tfl-numbat-2024-twt,am-peak,3,19.983333333333334,1,3,off,1,destination,0,0,0,0,0,0,0,0,0,0,free-flow,virtual,940GZZNEUGST,0,7200,7200,3600,3597,b5e56b284d588edf,1199,1187,12,0,697,502,11.616666666666667,301,298,13.2,204,false,0,359,505,287,184,5,1,0,0,1,1,2500,2035,465,6,london-link-051-a-arrival,true,3384,742.2754656658326,3819,2028.1333333333334,1437.3713423195732,3032.483333333333,4957.133333333333,11816585.252949167,8478585.627796905,58.22363025363586,1,11651038.254943414,11651038.254943414,1,1,0,0,0.5052741985446364
full.json,30,c804c000282937a9e432d728ff24f126fee595b1,1-3,initial,raw/replay/full-am-peak-r30-s1.json,0383116025818e73cd371cba29f97fd820fcc11fdb0d5ea9ed158e22fee86926,7200,profile,tfl-numbat-2024-twt,am-peak,2,29.983333333333334,1,1,off,1,destination,0,0,0,0,0,0,0,0,0,0,free-flow,virtual,940GZZNEUGST,0,7200,7200,3600,3598,a1ba70edaa1e743f,1799,1400,399,0,702,1097,11.7,331,568,12.366666666666667,529,false,0,972,1097,287,190,5,3,0,0,1,1,3593,2932,657,7,london-link-269-a-arrival,false,0,2105.097619047619,5407.266666666666,4087.8,2256.5018095238092,4227.316666666667,5603.45,13643736.927374253,13449915.869874677,50.35768720251567,1,12700225.637080258,12700225.637080258,1,1,0,0,0.6425448562569243
full.json,30,c804c000282937a9e432d728ff24f126fee595b1,1-3,initial,raw/replay/full-am-peak-r30-s2.json,0383116025818e73cd371cba29f97fd820fcc11fdb0d5ea9ed158e22fee86926,7200,profile,tfl-numbat-2024-twt,am-peak,2,29.983333333333334,1,2,off,1,destination,0,0,0,0,0,0,0,0,0,0,free-flow,virtual,940GZZNEUGST,0,7200,7200,3600,3598,a8ba694b77631331,1799,1408,391,0,673,1126,11.216666666666667,309,590,12.133333333333333,536,false,0,983,1128,287,177,6,1,0,0,1,1,4100,3382,718,6,london-link-024-a-arrival,false,0,2157.920974615527,5100,4069.0833333333335,2356.861351799242,4326.983333333334,5868.533333333334,13987287.758826213,13114531.073328838,51.610144121511674,1,13167760.597102817,13167760.597102817,1,1,0,0,0.5004538254818559
full.json,30,c804c000282937a9e432d728ff24f126fee595b1,1-3,initial,raw/replay/full-am-peak-r30-s3.json,0383116025818e73cd371cba29f97fd820fcc11fdb0d5ea9ed158e22fee86926,7200,profile,tfl-numbat-2024-twt,am-peak,2,29.983333333333334,1,3,off,1,destination,0,0,0,0,0,0,0,0,0,0,free-flow,virtual,940GZZNEUGST,0,7200,7200,3600,3598,5ffb76312cdbfcf5,1799,1398,401,0,675,1124,11.25,322,577,11.766666666666667,547,false,0,964,1124,287,182,5,2,0,0,1,1,3565,2925,640,7,london-link-154-a-departure,false,0,2107.7193996664814,4974,4062,2281.589473056748,4211.55,5281.966666666666,14043308.909484603,13081956.249704963,51.77206131283467,1,13106994.961307982,13106994.961307982,1,1,0,0,0.6682686271110878
full.json,40,c804c000282937a9e432d728ff24f126fee595b1,1-3,initial,raw/replay/full-am-peak-r40-s1.json,0383116025818e73cd371cba29f97fd820fcc11fdb0d5ea9ed158e22fee86926,7200,profile,tfl-numbat-2024-twt,am-peak,1.5,39.983333333333334,1,1,off,1,destination,0,0,0,0,0,0,0,0,0,0,free-flow,virtual,940GZZNEUGST,0,7200,7200,3600,3598.5,50377b383d1d860b,2399,1389,1010,0,703,1696,11.716666666666667,332,867,12.366666666666667,829,false,0,1572,1697,287,187,4,4,0,0,1,1,3073,2560,511,7,london-link-025-a-departure,false,0,2934.655717660136,5334.266666666666,4795.766666666666,2599.125965922726,4800.55,5794.433333333333,13606310.02083363,13880607.455379775,49.50104002243337,1,12567294.934265576,12567294.934265576,1,1,0,0,0.5918719399783916
full.json,40,c804c000282937a9e432d728ff24f126fee595b1,1-3,initial,raw/replay/full-am-peak-r40-s2.json,0383116025818e73cd371cba29f97fd820fcc11fdb0d5ea9ed158e22fee86926,7200,profile,tfl-numbat-2024-twt,am-peak,1.5,39.983333333333334,1,2,off,1,destination,0,0,0,0,0,0,0,0,0,0,free-flow,virtual,940GZZNEUGST,0,7200,7200,3600,3598.5,61fa72cdf42cd501,2399,1403,996,0,658,1741,10.966666666666667,313,886,11.5,855,false,0,1594,1741,287,185,6,1,0,0,1,1,3309,2715,588,7,london-link-008-a-arrival,false,0,2961.1383562595524,5431.5,4785,2688.0333927298648,4867.65,6173.366666666667,13937961.486337587,13543231.101551652,50.71818277813731,1,13092463.757396858,13092463.757396858,1,1,0,0,0.7850754359020689
full.json,40,c804c000282937a9e432d728ff24f126fee595b1,1-3,initial,raw/replay/full-am-peak-r40-s3.json,0383116025818e73cd371cba29f97fd820fcc11fdb0d5ea9ed158e22fee86926,7200,profile,tfl-numbat-2024-twt,am-peak,1.5,39.983333333333334,1,3,off,1,destination,0,0,0,0,0,0,0,0,0,0,free-flow,virtual,940GZZNEUGST,0,7200,7200,3600,3598.5,984247851634de97,2399,1409,990,0,679,1720,11.316666666666666,323,876,11.866666666666667,844,false,0,1564,1720,287,183,5,2,0,0,1,1,3408,2787,621,6,940GZZLUWLO-01-departure,false,0,2911.09138529943,5663.366666666667,4771.5,2623.0071918618405,4839.15,5652.45,14079569.637332022,13404015.92089859,51.22901306854978,1,13184309.298546135,13184309.298546135,1,1,0,0,0.8215123736192711
full.json,5,c804c000282937a9e432d728ff24f126fee595b1,1-3,initial,raw/replay/full-evening-r5-s1.json,0383116025818e73cd371cba29f97fd820fcc11fdb0d5ea9ed158e22fee86926,5556,profile,tfl-numbat-2024-twt,evening,12,4.983333333333333,1,1,off,1,destination,0,0,0,0,0,0,0,0,0,0,free-flow,virtual,940GZZNEUGST,0,7200,5556,3600,3588,65bf9421eb1f2964,299,299,0,0,218,81,3.6333333333333333,87,62,4.366666666666666,19,true,1956,22,82,81,70,1,0,0,0,1,1,103,90,13,4,london-link-081-a-departure,true,409,137.0593088071349,526.6666666666666,367.46666666666664,810.4478818283166,1631.6166666666666,2389.05,2763996.763729446,727894.0548269205,79.15473041256628,1,2763996.7633930556,2763996.7633930556,1,1,0,0,0
full.json,5,c804c000282937a9e432d728ff24f126fee595b1,1-3,initial,raw/replay/full-evening-r5-s2.json,0383116025818e73cd371cba29f97fd820fcc11fdb0d5ea9ed158e22fee86926,5348,profile,tfl-numbat-2024-twt,evening,12,4.983333333333333,1,2,off,1,destination,0,0,0,0,0,0,0,0,0,0,free-flow,virtual,940GZZNEUGST,0,7200,5348,3600,3588,c35c8d1bce3dc842,299,299,0,0,223,76,3.716666666666667,79,70,4.8,6,true,1748,23,82,81,65,1,1,0,0,1,1,67,52,13,3,london-link-007-a-arrival,true,580,159.65568561872908,591.35,448.6666666666667,881.0634336677815,1729.0166666666667,2764.2166666666667,2965961.3981688316,982928.6612768634,75.10873570851356,1,2965961.3977795374,2965961.3977795374,1,1,0,0,0
full.json,5,c804c000282937a9e432d728ff24f126fee595b1,1-3,initial,raw/replay/full-evening-r5-s3.json,0383116025818e73cd371cba29f97fd820fcc11fdb0d5ea9ed158e22fee86926,5402,profile,tfl-numbat-2024-twt,evening,12,4.983333333333333,1,3,off,1,destination,0,0,0,0,0,0,0,0,0,0,free-flow,virtual,940GZZNEUGST,0,7200,5402,3600,3588,fa14d70eccf7ee75,299,299,0,0,232,67,3.8666666666666667,89,60,4.766666666666667,7,true,1802,22,75,75,66,1,0,0,0,1,1,89,67,22,4,london-link-051-a-departure,true,361,147.44988851727982,461.93333333333334,373.3666666666667,812.0428651059086,1770.5,2411.883333333333,2728028.340800733,814611.2941173752,77.00552757079382,1,2728028.340473229,2728028.340473229,1,1,0,0,0
full.json,10,c804c000282937a9e432d728ff24f126fee595b1,1-3,initial,raw/replay/full-evening-r10-s1.json,0383116025818e73cd371cba29f97fd820fcc11fdb0d5ea9ed158e22fee86926,5719,profile,tfl-numbat-2024-twt,evening,6,9.983333333333333,1,1,off,1,destination,0,0,0,0,0,0,0,0,0,0,free-flow,virtual,940GZZNEUGST,0,7200,5719,3600,3594,3ca285d0bfd50a3a,599,599,0,0,430,169,7.166666666666667,154,145,9.2,24,true,2119,65,171,167,118,2,2,0,0,1,1,475,393,82,6,london-link-090-a-arrival,true,1053,254.98138564273788,1097.6166666666666,614.7833333333333,907.4290484140233,1787.8333333333333,2842.9666666666667,5352056.413603072,2556682.7797249355,67.67268818420752,1,5352056.412590236,5352056.412590236,1,1,0,0,0.07072985897581073
full.json,10,c804c000282937a9e432d728ff24f126fee595b1,1-3,initial,raw/replay/full-evening-r10-s2.json,0383116025818e73cd371cba29f97fd820fcc11fdb0d5ea9ed158e22fee86926,6463,profile,tfl-numbat-2024-twt,evening,6,9.983333333333333,1,2,off,1,destination,0,0,0,0,0,0,0,0,0,0,free-flow,virtual,940GZZNEUGST,0,7200,6463,3600,3594,04e7f45963245a4b,599,599,0,0,419,180,6.983333333333333,145,154,9.133333333333333,26,true,2863,78,187,182,124,3,1,0,0,1,1,482,399,83,5,london-link-294-a-arrival,true,1699,314.50498052309405,1752.2,746.2666666666667,1017.0249304396216,1912.9833333333333,2958.85,5771066.077934151,2964437.3460311876,66.0644933422105,1,5771066.076811153,5771066.076811153,1,1,0,0,0.11715962129968231
full.json,10,c804c000282937a9e432d728ff24f126fee595b1,1-3,initial,raw/replay/full-evening-r10-s3.json,0383116025818e73cd371cba29f97fd820fcc11fdb0d5ea9ed158e22fee86926,5656,profile,tfl-numbat-2024-twt,evening,6,9.983333333333333,1,3,off,1,destination,0,0,0,0,0,0,0,0,0,0,free-flow,virtual,940GZZNEUGST,0,7200,5656,3600,3594,cc100567b4b703b1,599,599,0,0,434,165,7.233333333333333,163,136,9.033333333333333,29,true,2056,73,179,175,116,3,1,0,0,1,1,502,412,90,5,london-link-048-a-departure,true,573,278.71605453533664,938.9,641.7333333333333,917.3953533667222,1748.2,2794.0333333333333,5238417.733485265,2577073.2452979735,67.02608636752355,1,5238417.732501895,5238417.732501895,1,1,0,0,0.06168466096347915
full.json,10,c804c000282937a9e432d728ff24f126fee595b1,4-10,boundary,raw/replay/full-evening-r10-s4.json,0383116025818e73cd371cba29f97fd820fcc11fdb0d5ea9ed158e22fee86926,5522,profile,tfl-numbat-2024-twt,evening,6,9.983333333333333,1,4,off,1,destination,0,0,0,0,0,0,0,0,0,0,free-flow,virtual,940GZZNEUGST,0,7200,5522,3600,3594,77ba2ba76ce22f66,599,599,0,0,424,175,7.066666666666666,146,153,9.266666666666667,22,true,1922,74,182,180,113,3,1,0,0,1,1,423,329,94,5,london-link-048-a-arrival,true,718,279.1445742904842,941.7833333333333,683.8833333333333,952.6961046188092,1784.0166666666667,3335.266666666667,5531203.550401431,2563646.666954606,68.32990607463084,1,5531203.54934135,5531203.54934135,1,1,0,0,0.0578960901408067
full.json,10,c804c000282937a9e432d728ff24f126fee595b1,4-10,boundary,raw/replay/full-evening-r10-s5.json,0383116025818e73cd371cba29f97fd820fcc11fdb0d5ea9ed158e22fee86926,5956,profile,tfl-numbat-2024-twt,evening,6,9.983333333333333,1,5,off,1,destination,0,0,0,0,0,0,0,0,0,0,free-flow,virtual,940GZZNEUGST,0,7200,5956,3600,3594,d6bac659e840ccc3,599,599,0,0,436,163,7.266666666666667,163,136,9.1,27,true,2356,65,170,166,118,3,1,0,0,1,1,430,356,74,6,london-link-048-a-departure,true,566,234.1550083472454,780.1,576.1333333333333,883.3717584863662,1731.4,3306.3166666666666,5325675.8802421475,2338757.9747918285,69.48557428992959,1,5325675.879235621,5325675.879235621,1,1,0,0,0.04815466992489309
full.json,10,c804c000282937a9e432d728ff24f126fee595b1,4-10,boundary,raw/replay/full-evening-r10-s6.json,0383116025818e73cd371cba29f97fd820fcc11fdb0d5ea9ed158e22fee86926,5653,profile,tfl-numbat-2024-twt,evening,6,9.983333333333333,1,6,off,1,destination,0,0,0,0,0,0,0,0,0,0,free-flow,virtual,940GZZNEUGST,0,7200,5653,3600,3594,be38e554b409908e,599,599,0,0,434,165,7.233333333333333,144,155,9.666666666666666,10,true,2053,66,169,165,117,2,1,0,0,1,1,337,262,75,5,london-link-048-a-departure,true,672,268.3344462993879,797.7666666666667,610.6666666666666,938.9937673900947,1807.3833333333334,3324.2,5508936.542767353,2609005.4123452837,67.86124578407282,1,5508936.541712479,5508936.541712479,1,1,0,0,0.001018722420212811
full.json,10,c804c000282937a9e432d728ff24f126fee595b1,4-10,boundary,raw/replay/full-evening-r10-s7.json,0383116025818e73cd371cba29f97fd820fcc11fdb0d5ea9ed158e22fee86926,5867,profile,tfl-numbat-2024-twt,evening,6,9.983333333333333,1,7,off,1,destination,0,0,0,0,0,0,0,0,0,0,free-flow,virtual,940GZZNEUGST,0,7200,5867,3600,3594,2477f4e1ea6dc55a,599,599,0,0,427,172,7.116666666666666,160,139,8.9,33,true,2267,76,179,174,115,2,2,0,0,1,1,351,275,76,5,london-link-129-a-arrival,true,863,265.75489705063995,983.7333333333333,662.5166666666667,945.700528658876,1759.0166666666667,2568.133333333333,5586491.261310508,2701586.2472122046,67.40394567456522,1,5586491.260235138,5586491.260235138,1,1,0,0,0.07420952710561214
full.json,10,c804c000282937a9e432d728ff24f126fee595b1,4-10,boundary,raw/replay/full-evening-r10-s8.json,0383116025818e73cd371cba29f97fd820fcc11fdb0d5ea9ed158e22fee86926,5957,profile,tfl-numbat-2024-twt,evening,6,9.983333333333333,1,8,off,1,destination,0,0,0,0,0,0,0,0,0,0,free-flow,virtual,940GZZNEUGST,0,7200,5957,3600,3594,59588a5bf16b9c4d,599,599,0,0,437,162,7.283333333333333,164,135,9.1,27,true,2357,63,162,161,111,2,2,0,0,2,1,461,384,77,5,london-link-090-a-arrival,true,632,236.93747913188648,886.7333333333333,589.7666666666667,890.8152198107957,1783.0166666666667,2886.6666666666665,5364305.430653216,2345836.176504512,69.57466806670907,1,5364305.429636612,5364305.429636612,1,1,0,0,0.06825292174320106
full.json,10,c804c000282937a9e432d728ff24f126fee595b1,4-10,boundary,raw/replay/full-evening-r10-s9.json,0383116025818e73cd371cba29f97fd820fcc11fdb0d5ea9ed158e22fee86926,5647,profile,tfl-numbat-2024-twt,evening,6,9.983333333333333,1,9,off,1,destination,0,0,0,0,0,0,0,0,0,0,free-flow,virtual,940GZZNEUGST,0,7200,5647,3600,3594,c21bd157bb2f2e55,599,599,0,0,429,170,7.15,148,151,9.366666666666667,19,true,2047,56,179,176,130,2,1,0,0,1,1,355,284,71,5,london-link-129-a-arrival,true,605,247.7732609905398,787.75,608.9833333333333,949.7572621035058,1855.1833333333334,2781.6,5769829.09044797,2532968.207899314,69.49259247358098,1,5769829.089323217,5769829.089323217,1,1,0,0,0.033552587867915755
full.json,10,c804c000282937a9e432d728ff24f126fee595b1,4-10,boundary,raw/replay/full-evening-r10-s10.json,0383116025818e73cd371cba29f97fd820fcc11fdb0d5ea9ed158e22fee86926,5927,profile,tfl-numbat-2024-twt,evening,6,9.983333333333333,1,10,off,1,destination,0,0,0,0,0,0,0,0,0,0,free-flow,virtual,940GZZNEUGST,0,7200,5927,3600,3594,c6fe893f4cb1eb08,599,599,0,0,437,162,7.283333333333333,148,151,9.633333333333333,11,true,2327,64,167,164,125,2,1,0,0,1,1,401,322,78,5,london-link-048-a-departure,true,671,262.468836950473,847.7666666666667,592.8666666666667,921.3986922648859,1729.1833333333334,2906.6666666666665,5408481.996168717,2551352.2134544216,67.94716892005196,1,5408481.995140901,5408481.995140901,1,1,0,0,0.0913921728142904
full.json,15,c804c000282937a9e432d728ff24f126fee595b1,1-3,initial,raw/replay/full-evening-r15-s1.json,0383116025818e73cd371cba29f97fd820fcc11fdb0d5ea9ed158e22fee86926,7200,profile,tfl-numbat-2024-twt,evening,4,14.983333333333333,1,1,off,1,destination,0,0,0,0,0,0,0,0,0,0,free-flow,virtual,940GZZNEUGST,0,7200,7200,3600,3596,f40e38b16cb25537,899,898,1,0,612,287,10.2,207,242,13.5,45,false,0,143,295,287,166,4,3,0,0,1,2,1304,1069,235,6,london-link-008-a-arrival,true,2680,430.3643492769744,3083.9166666666665,966.05,1078.3654974016333,2059.1,3886.766666666667,8000271.04853869,5543583.292135256,59.06938193002299,1,7977297.163502864,7977297.163502864,1,1,0,0,0.38962677214056674
full.json,15,c804c000282937a9e432d728ff24f126fee595b1,1-3,initial,raw/replay/full-evening-r15-s2.json,0383116025818e73cd371cba29f97fd820fcc11fdb0d5ea9ed158e22fee86926,7200,profile,tfl-numbat-2024-twt,evening,4,14.983333333333333,1,2,off,1,destination,0,0,0,0,0,0,0,0,0,0,free-flow,virtual,940GZZNEUGST,0,7200,7200,3600,3596,468e308778e5cf08,899,897,2,0,577,322,9.616666666666667,187,262,13,60,false,0,175,335,287,162,3,2,0,0,2,1,1043,858,185,5,london-link-020-a-departure,true,2962,533.3519466073415,3433.3,1165.1833333333334,1206.2423076923078,2260.8,3723.1833333333334,8366405.629510551,6436313.603959855,56.51938334811676,1,8342116.327710702,8342116.327710702,1,1,0,0,0.0943875766549304
full.json,15,c804c000282937a9e432d728ff24f126fee595b1,1-3,initial,raw/replay/full-evening-r15-s3.json,0383116025818e73cd371cba29f97fd820fcc11fdb0d5ea9ed158e22fee86926,7200,profile,tfl-numbat-2024-twt,evening,4,14.983333333333333,1,3,off,1,destination,0,0,0,0,0,0,0,0,0,0,free-flow,virtual,940GZZNEUGST,0,7200,7200,3600,3596,02b95066e9600803,899,898,1,0,605,294,10.083333333333334,207,242,13.266666666666667,52,false,0,143,296,287,173,3,1,0,0,2,1,1124,937,187,6,london-link-090-a-departure,true,3112,442.33687430478307,3355.0333333333333,1034.15,1077.839847809948,2018.1666666666667,4209.133333333333,7854074.179055656,5717452.158906353,57.87170863078527,1,7847263.527389697,7847263.527389697,1,1,0,0,0.25353346387681625
full.json,15,c804c000282937a9e432d728ff24f126fee595b1,4-10,boundary,raw/replay/full-evening-r15-s4.json,0383116025818e73cd371cba29f97fd820fcc11fdb0d5ea9ed158e22fee86926,7200,profile,tfl-numbat-2024-twt,evening,4,14.983333333333333,1,4,off,1,destination,0,0,0,0,0,0,0,0,0,0,free-flow,virtual,940GZZNEUGST,0,7200,7200,3600,3596,1deea9b39e0c3155,899,898,1,0,607,292,10.116666666666667,198,251,13.633333333333333,41,false,0,159,304,287,161,5,2,0,0,1,1,1281,1022,259,6,london-link-008-a-departure,true,2339,466.7461809417872,2366.3166666666666,1125.8166666666666,1124.4721603563473,2144.983333333333,4051.65,8123744.976451827,6097425.928497583,57.124304536868415,1,8106116.291384542,8106116.291384542,1,1,0,0,0.27892285558059
full.json,15,c804c000282937a9e432d728ff24f126fee595b1,4-10,boundary,raw/replay/full-evening-r15-s5.json,0383116025818e73cd371cba29f97fd820fcc11fdb0d5ea9ed158e22fee86926,7200,profile,tfl-numbat-2024-twt,evening,4,14.983333333333333,1,5,off,1,destination,0,0,0,0,0,0,0,0,0,0,free-flow,virtual,940GZZNEUGST,0,7200,7200,3600,3596,2f2e9fbbdb058b78,899,898,1,0,607,292,10.116666666666667,223,226,12.8,66,false,0,142,296,287,175,3,1,0,0,1,1,1278,1048,224,6,london-link-008-a-departure,true,2736,401.4194104560623,3059.3,959.1333333333333,1053.609892353378,2020.4333333333334,3395.266666666667,8056710.983432352,5475279.434545558,59.53825516110784,1,8044640.065047256,8044640.065047256,1,1,0,0,0.3190468094810043
full.json,15,c804c000282937a9e432d728ff24f126fee595b1,4-10,boundary,raw/replay/full-evening-r15-s6.json,0383116025818e73cd371cba29f97fd820fcc11fdb0d5ea9ed158e22fee86926,6676,profile,tfl-numbat-2024-twt,evening,4,14.983333333333333,1,6,off,1,destination,0,0,0,0,0,0,0,0,0,0,free-flow,virtual,940GZZNEUGST,0,7200,6676,3600,3596,726794c52ae9d8f8,899,899,0,0,590,309,9.833333333333334,194,255,13.2,54,true,3076,140,311,287,186,3,1,0,0,1,1,1072,880,191,7,london-link-245-b-departure,true,2343,467.2637931034482,2454.35,1048.6166666666666,1144.2762699295513,2178.116666666667,3802.6666666666665,8333391.943168831,6026701.149214629,58.03160111537739,1,8333391.941378627,8333391.941378627,1,1,0,0,0.34621820969449413
full.json,15,c804c000282937a9e432d728ff24f126fee595b1,4-10,boundary,raw/replay/full-evening-r15-s7.json,0383116025818e73cd371cba29f97fd820fcc11fdb0d5ea9ed158e22fee86926,7200,profile,tfl-numbat-2024-twt,evening,4,14.983333333333333,1,7,off,1,destination,0,0,0,0,0,0,0,0,0,0,free-flow,virtual,940GZZNEUGST,0,7200,7200,3600,3596,681c2ce65e30e9ea,899,898,1,0,588,311,9.8,213,236,12.5,75,false,0,163,314,287,159,4,2,0,0,1,1,1370,1124,246,6,london-link-088-a-departure,true,1481,459.17035595105676,2264.65,1126.5666666666666,1123.6695991091315,2118.85,4072.75,8209286.282033382,5794043.892273104,58.623814334506655,1,8166242.696942198,8166242.696942198,1,1,0,0,0.16874014903082707
full.json,15,c804c000282937a9e432d728ff24f126fee595b1,4-10,boundary,raw/replay/full-evening-r15-s8.json,0383116025818e73cd371cba29f97fd820fcc11fdb0d5ea9ed158e22fee86926,7200,profile,tfl-numbat-2024-twt,evening,4,14.983333333333333,1,8,off,1,destination,0,0,0,0,0,0,0,0,0,0,free-flow,virtual,940GZZNEUGST,0,7200,7200,3600,3596,2801b30465ef9fb9,899,898,1,0,599,300,9.983333333333333,221,228,12.6,72,false,0,149,301,287,160,4,1,0,0,2,1,1344,1120,224,6,london-link-048-a-departure,true,2450,425.32415647015205,2481.1833333333334,1024.0833333333333,1080.7056978470675,2006.4666666666667,3274.983333333333,8098575.873483122,5563116.79089161,59.279447081997276,1,8072722.888419953,8072722.888419953,1,1,0,0,0.3775667628241025
full.json,15,c804c000282937a9e432d728ff24f126fee595b1,4-10,boundary,raw/replay/full-evening-r15-s9.json,0383116025818e73cd371cba29f97fd820fcc11fdb0d5ea9ed158e22fee86926,7168,profile,tfl-numbat-2024-twt,evening,4,14.983333333333333,1,9,off,1,destination,0,0,0,0,0,0,0,0,0,0,free-flow,virtual,940GZZNEUGST,0,7200,7168,3600,3596,cb90db609c266200,899,899,0,0,597,302,9.95,210,239,12.9,63,true,3568,166,314,287,169,4,1,0,0,1,1,1260,1027,230,7,london-link-154-a-departure,true,2434,462.83969225064885,3191,1114.2166666666667,1146.6396737115313,2179.55,3675.366666666667,8416631.215405336,5919656.492175445,58.708581936136554,1,8416631.213702794,8416631.213702794,1,1,0,0,0.3750527853849654
full.json,15,c804c000282937a9e432d728ff24f126fee595b1,4-10,boundary,raw/replay/full-evening-r15-s10.json,0383116025818e73cd371cba29f97fd820fcc11fdb0d5ea9ed158e22fee86926,6208,profile,tfl-numbat-2024-twt,evening,4,14.983333333333333,1,10,off,1,destination,0,0,0,0,0,0,0,0,0,0,free-flow,virtual,940GZZNEUGST,0,7200,6208,3600,3596,ff339046f78c0673,899,899,0,0,611,288,10.183333333333334,200,249,13.7,39,true,2608,140,292,284,164,4,1,0,0,1,1,1454,1181,265,5,london-link-008-a-departure,true,1508,433.9093807934742,1842.9666666666667,1009.6,1089.2632925472747,2012.9333333333334,3231.55,8056130.276651358,5579797.969962727,59.08017504163505,1,8056130.2749349885,8056130.2749349885,1,1,0,0,0.43133672960067254
full.json,20,c804c000282937a9e432d728ff24f126fee595b1,1-3,initial,raw/replay/full-evening-r20-s1.json,0383116025818e73cd371cba29f97fd820fcc11fdb0d5ea9ed158e22fee86926,7200,profile,tfl-numbat-2024-twt,evening,3,19.983333333333334,1,1,off,1,destination,0,0,0,0,0,0,0,0,0,0,free-flow,virtual,940GZZNEUGST,0,7200,7200,3600,3597,623e983a66c81115,1199,1193,6,0,671,528,11.183333333333334,246,353,14.166666666666666,175,false,0,379,528,287,179,5,3,0,0,1,1,2183,1787,396,6,london-link-024-a-arrival,true,2571,847.5131498470948,3232.5,1744.8833333333334,1486.0529477507685,2615.2,4784.333333333333,10680896.127104178,8579623.083671588,55.4548712327988,1,10574550.033738116,10574550.033738116,1,1,0,0,0.5327594822167719
full.json,20,c804c000282937a9e432d728ff24f126fee595b1,1-3,initial,raw/replay/full-evening-r20-s2.json,0383116025818e73cd371cba29f97fd820fcc11fdb0d5ea9ed158e22fee86926,7200,profile,tfl-numbat-2024-twt,evening,3,19.983333333333334,1,2,off,1,destination,0,0,0,0,0,0,0,0,0,0,free-flow,virtual,940GZZNEUGST,0,7200,7200,3600,3597,e86805bc178a326d,1199,1188,11,0,614,585,10.233333333333333,208,391,13.533333333333333,194,false,0,436,588,287,169,5,1,0,0,1,1,2423,1999,420,7,london-link-154-a-departure,true,3343,1036.2987211565194,4132.833333333333,2031.0333333333333,1691.5115039281707,2976.733333333333,4379.65,11082784.503682155,9367797.357377995,54.19300330414965,1,10879822.810606373,10879822.810606373,1,1,0,0,0.575481157948471
full.json,20,c804c000282937a9e432d728ff24f126fee595b1,1-3,initial,raw/replay/full-evening-r20-s3.json,0383116025818e73cd371cba29f97fd820fcc11fdb0d5ea9ed158e22fee86926,7200,profile,tfl-numbat-2024-twt,evening,3,19.983333333333334,1,3,off,1,destination,0,0,0,0,0,0,0,0,0,0,free-flow,virtual,940GZZNEUGST,0,7200,7200,3600,3597,1a988ecf7cb220b9,1199,1191,8,0,664,535,11.066666666666666,248,351,13.866666666666667,184,false,0,381,537,287,162,4,1,0,0,1,1,2218,1803,415,7,london-link-048-a-departure,true,3233,892.1909229913817,3241.2166666666667,1820.1666666666667,1526.4523789532607,2713.05,4439.933333333333,10660566.002366405,8916768.935365193,54.45361197667506,1,10507293.542260252,10507293.542260252,1,1,0,0,0.3942386784905405
full.json,30,c804c000282937a9e432d728ff24f126fee595b1,1-3,initial,raw/replay/full-evening-r30-s1.json,0383116025818e73cd371cba29f97fd820fcc11fdb0d5ea9ed158e22fee86926,7200,profile,tfl-numbat-2024-twt,evening,2,29.983333333333334,1,1,off,1,destination,0,0,0,0,0,0,0,0,0,0,free-flow,virtual,940GZZNEUGST,0,7200,7200,3600,3598,85f2e28fe913ac9d,1799,1566,233,0,725,1074,12.083333333333334,267,632,15.266666666666667,442,false,0,928,1074,287,176,6,3,0,0,1,1,3825,3103,722,7,london-link-090-a-departure,false,0,1947.7133129516399,4328,3682.233333333333,2325.735153256705,3928.6,5297.6,14379732.503672749,12600137.77737244,53.29800460076816,1,13407604.154639661,13407604.154639661,1,1,0,0,0.6803210772414068
full.json,30,c804c000282937a9e432d728ff24f126fee595b1,1-3,initial,raw/replay/full-evening-r30-s2.json,0383116025818e73cd371cba29f97fd820fcc11fdb0d5ea9ed158e22fee86926,7200,profile,tfl-numbat-2024-twt,evening,2,29.983333333333334,1,2,off,1,destination,0,0,0,0,0,0,0,0,0,0,free-flow,virtual,940GZZNEUGST,0,7200,7200,3600,3598,f0bb753beade4181,1799,1499,300,0,667,1132,11.116666666666667,237,662,14.333333333333334,470,false,0,999,1132,287,173,5,2,0,0,1,1,3681,3041,640,7,london-link-008-a-departure,false,0,2126.247924773022,4600.816666666667,3842.2166666666667,2450.0143873693573,4072.3166666666666,5086.733333333334,14209848.61156926,12864900.153099792,52.48376904650089,1,13134949.881979462,13134949.881979462,1,1,0,0,0.6595197901754715
full.json,30,c804c000282937a9e432d728ff24f126fee595b1,1-3,initial,raw/replay/full-evening-r30-s3.json,0383116025818e73cd371cba29f97fd820fcc11fdb0d5ea9ed158e22fee86926,7200,profile,tfl-numbat-2024-twt,evening,2,29.983333333333334,1,3,off,1,destination,0,0,0,0,0,0,0,0,0,0,free-flow,virtual,940GZZNEUGST,0,7200,7200,3600,3598,5e22d3fb4b93aeae,1799,1561,238,0,708,1091,11.8,272,627,14.533333333333333,464,false,0,939,1091,287,170,4,2,0,0,1,1,3726,3094,628,7,london-link-008-b-arrival,false,0,1973.4088938299055,4806,3726,2341.1651932521886,3981.1666666666665,5399.7,14165114.086008476,12840506.324651288,52.45246682211814,1,13310446.850513143,13310446.850513143,1,1,0,0,0.7393625758977901
full.json,40,c804c000282937a9e432d728ff24f126fee595b1,1-3,initial,raw/replay/full-evening-r40-s1.json,0383116025818e73cd371cba29f97fd820fcc11fdb0d5ea9ed158e22fee86926,7200,profile,tfl-numbat-2024-twt,evening,1.5,39.983333333333334,1,1,off,1,destination,0,0,0,0,0,0,0,0,0,0,free-flow,virtual,940GZZNEUGST,0,7200,7200,3600,3598.5,d8e6f11659602602,2399,1575,824,0,749,1650,12.483333333333333,279,920,15.666666666666666,730,false,0,1516,1652,287,175,6,2,0,0,1,1,4048,3336,710,7,london-link-008-a-departure,false,0,2759.5332499652636,5083.5,4498.633333333333,2663.0530899470896,4620.85,5316.683333333333,14576275.263516814,12810597.011440592,53.223585070885875,1,13517797.177632505,13517797.177632505,1,1,0,0,0.729966655099054
full.json,40,c804c000282937a9e432d728ff24f126fee595b1,1-3,initial,raw/replay/full-evening-r40-s2.json,0383116025818e73cd371cba29f97fd820fcc11fdb0d5ea9ed158e22fee86926,7200,profile,tfl-numbat-2024-twt,evening,1.5,39.983333333333334,1,2,off,1,destination,0,0,0,0,0,0,0,0,0,0,free-flow,virtual,940GZZNEUGST,0,7200,7200,3600,3598.5,0f08e835f920e132,2399,1507,892,0,677,1722,11.283333333333333,254,945,14.1,777,false,0,1578,1724,287,166,4,2,0,0,1,1,3288,2686,599,7,london-link-048-a-arrival,false,0,2917.720244546339,5097.883333333333,4599,2800.7046007520457,4752.033333333334,5602.766666666666,14281783.90750757,13150661.893202493,52.061649957357794,1,13279572.48548457,13279572.48548457,1,1,0,0,0.6401184819946882
full.json,40,c804c000282937a9e432d728ff24f126fee595b1,1-3,initial,raw/replay/full-evening-r40-s3.json,0383116025818e73cd371cba29f97fd820fcc11fdb0d5ea9ed158e22fee86926,7200,profile,tfl-numbat-2024-twt,evening,1.5,39.983333333333334,1,3,off,1,destination,0,0,0,0,0,0,0,0,0,0,free-flow,virtual,940GZZNEUGST,0,7200,7200,3600,3598.5,4c399a15ebf6c7c5,2399,1562,837,0,733,1666,12.216666666666667,288,911,14.833333333333334,755,false,0,1527,1666,287,169,5,2,0,0,1,2,4181,3442,738,7,london-link-090-a-arrival,false,0,2799.176295678755,5154,4543.5,2687.609432351686,4684,5700.4,14132578.915315626,13264889.558984002,51.58352104163486,1,13293568.46737819,13293568.46737819,1,1,0,0,0.9338131760355468
full.json,5,c804c000282937a9e432d728ff24f126fee595b1,1-3,initial,raw/replay/full-interpeak-r5-s1.json,0383116025818e73cd371cba29f97fd820fcc11fdb0d5ea9ed158e22fee86926,5437,profile,tfl-numbat-2024-twt,interpeak,12,4.983333333333333,1,1,off,1,destination,0,0,0,0,0,0,0,0,0,0,free-flow,virtual,940GZZNEUGST,0,7200,5437,3600,3588,7b8b560864ab893d,299,299,0,0,242,57,4.033333333333333,95,54,4.9,3,true,1837,12,69,69,65,2,1,0,0,2,1,41,30,11,3,940GZZLUGPK-01-departure,true,50,52.09437012263099,264.43333333333334,177.51666666666668,698.3157190635451,1761.4166666666667,2958.6833333333334,2652162.7281046277,386028.692030414,87.29412868879552,1,2652162.727797351,2652162.727797351,1,1,0,0,0
full.json,5,c804c000282937a9e432d728ff24f126fee595b1,1-3,initial,raw/replay/full-interpeak-r5-s2.json,0383116025818e73cd371cba29f97fd820fcc11fdb0d5ea9ed158e22fee86926,5940,profile,tfl-numbat-2024-twt,interpeak,12,4.983333333333333,1,2,off,1,destination,0,0,0,0,0,0,0,0,0,0,free-flow,virtual,940GZZNEUGST,0,7200,5940,3600,3588,be11e9381e6aab0b,299,299,0,0,243,56,4.05,93,56,5,0,true,2340,9,69,69,63,1,0,0,0,1,0,65,51,14,4,london-link-149-b-departure,true,204,49.81850613154961,285.21666666666664,182.01666666666668,698.5611482720178,1721.2333333333333,3252.25,2661832.5151018873,471668.1001322331,84.94756637866521,1,2661832.5147916116,2661832.5147916116,1,1,0,0,0
full.json,5,c804c000282937a9e432d728ff24f126fee595b1,1-3,initial,raw/replay/full-interpeak-r5-s3.json,0383116025818e73cd371cba29f97fd820fcc11fdb0d5ea9ed158e22fee86926,5363,profile,tfl-numbat-2024-twt,interpeak,12,4.983333333333333,1,3,off,1,destination,0,0,0,0,0,0,0,0,0,0,free-flow,virtual,940GZZNEUGST,0,7200,5363,3600,3588,4f6098c3ede1395a,299,299,0,0,240,59,4,94,55,4.866666666666666,4,true,1763,14,62,62,60,1,0,0,0,1,1,40,31,9,4,london-link-048-a-departure,true,221,48.51036789297659,367.4166666666667,177.6,685.5330546265329,1697.05,2835.5333333333333,2612878.3666423713,383940.4688113987,87.18839910276847,1,2612878.366345167,2612878.366345167,1,1,0,0,0
full.json,10,c804c000282937a9e432d728ff24f126fee595b1,1-3,initial,raw/replay/full-interpeak-r10-s1.json,0383116025818e73cd371cba29f97fd820fcc11fdb0d5ea9ed158e22fee86926,5788,profile,tfl-numbat-2024-twt,interpeak,6,9.983333333333333,1,1,off,1,destination,0,0,0,0,0,0,0,0,0,0,free-flow,virtual,940GZZNEUGST,0,7200,5788,3600,3594,b488ee2ec63351cf,599,599,0,0,489,110,8.15,178,121,10.366666666666667,-11,true,2188,24,131,130,117,2,1,0,0,2,1,133,110,23,4,london-link-090-a-departure,true,409,86.52927100723427,528.8333333333334,262.6166666666667,700.6326377295493,1640.3333333333333,2961.5,5041611.805072069,1008935.6608951454,83.32488644093529,1,5041611.8041388355,5041611.8041388355,1,1,0,0,0
full.json,10,c804c000282937a9e432d728ff24f126fee595b1,1-3,initial,raw/replay/full-interpeak-r10-s2.json,0383116025818e73cd371cba29f97fd820fcc11fdb0d5ea9ed158e22fee86926,5584,profile,tfl-numbat-2024-twt,interpeak,6,9.983333333333333,1,2,off,1,destination,0,0,0,0,0,0,0,0,0,0,free-flow,virtual,940GZZNEUGST,0,7200,5584,3600,3594,ac05aaa4422cb153,599,599,0,0,484,115,8.066666666666666,181,118,10.1,-3,true,1984,21,129,128,114,3,1,0,0,2,1,194,152,42,5,london-link-051-a-departure,true,663,81.56811352253756,1022.15,263.45,714.7959933222037,1640.55,3255.266666666667,5198507.251693481,1035186.9079730951,83.3936846842601,1,5198507.250719336,5198507.250719336,1,1,0,0,0.025627147102033603
full.json,10,c804c000282937a9e432d728ff24f126fee595b1,1-3,initial,raw/replay/full-interpeak-r10-s3.json,0383116025818e73cd371cba29f97fd820fcc11fdb0d5ea9ed158e22fee86926,5655,profile,tfl-numbat-2024-twt,interpeak,6,9.983333333333333,1,3,off,1,destination,0,0,0,0,0,0,0,0,0,0,free-flow,virtual,940GZZNEUGST,0,7200,5655,3600,3594,a00a6c9a0faae489,599,599,0,0,481,118,8.016666666666667,181,118,10,0,true,2055,26,124,124,113,2,0,0,0,1,1,218,170,48,4,940GZZLUKSX-01-arrival,true,696,80.93208124652197,899.4833333333333,234.66666666666666,713.5532554257096,1703.6833333333334,2835.5333333333333,5192061.397518835,1141552.4205879343,81.97628631344048,1,5192061.396546134,5192061.396546134,1,1,0,0,0.010433194948594779
full.json,15,c804c000282937a9e432d728ff24f126fee595b1,1-3,initial,raw/replay/full-interpeak-r15-s1.json,0383116025818e73cd371cba29f97fd820fcc11fdb0d5ea9ed158e22fee86926,5733,profile,tfl-numbat-2024-twt,interpeak,4,14.983333333333333,1,1,off,1,destination,0,0,0,0,0,0,0,0,0,0,free-flow,virtual,940GZZNEUGST,0,7200,5733,3600,3596,eda692728d4ad935,899,899,0,0,712,187,11.866666666666667,255,194,15.233333333333333,-7,true,2133,49,200,198,163,3,2,0,0,2,1,710,585,125,6,940GZZLUKSX-exit,true,287,133.2692250648869,802.4666666666667,359,738.5120504263997,1628.8,2953.3333333333335,7434449.997350532,1982777.2028181276,78.94521220872087,1,7434449.995796598,7434449.995796598,1,1,0,0,0.30323926598603057
full.json,15,c804c000282937a9e432d728ff24f126fee595b1,1-3,initial,raw/replay/full-interpeak-r15-s2.json,0383116025818e73cd371cba29f97fd820fcc11fdb0d5ea9ed158e22fee86926,6260,profile,tfl-numbat-2024-twt,interpeak,4,14.983333333333333,1,2,off,1,destination,0,0,0,0,0,0,0,0,0,0,free-flow,virtual,940GZZNEUGST,0,7200,6260,3600,3596,f0c8e51f2012245f,899,899,0,0,698,201,11.633333333333333,260,189,14.6,12,true,2660,46,203,202,168,3,1,0,0,2,1,731,599,132,5,london-link-024-a-departure,true,392,128.6349833147942,981.1,348.95,770.6167593622544,1735.7666666666667,3287.2,7899896.34494624,1865213.561775329,80.89920564548427,1,7899896.343267133,7899896.343267133,1,1,0,0,0.08220489288026801
full.json,15,c804c000282937a9e432d728ff24f126fee595b1,1-3,initial,raw/replay/full-interpeak-r15-s3.json,0383116025818e73cd371cba29f97fd820fcc11fdb0d5ea9ed158e22fee86926,5627,profile,tfl-numbat-2024-twt,interpeak,4,14.983333333333333,1,3,off,1,destination,0,0,0,0,0,0,0,0,0,0,free-flow,virtual,940GZZNEUGST,0,7200,5627,3600,3596,2a90e4f005c4fd05,899,899,0,0,703,196,11.716666666666667,261,188,14.733333333333333,8,true,2027,52,201,199,175,3,2,0,0,1,1,714,579,135,5,940GZZLUKSX-01-arrival,true,578,126.10202076381164,1002.3833333333333,356.73333333333335,760.8255098257323,1726.6666666666667,2835.5333333333333,7808727.205845853,1988665.7566591713,79.70209254370151,1,7808727.204190021,7808727.204190021,1,1,0,0,0.14059586266506333
full.json,15,c804c000282937a9e432d728ff24f126fee595b1,4-10,boundary,raw/replay/full-interpeak-r15-s4.json,0383116025818e73cd371cba29f97fd820fcc11fdb0d5ea9ed158e22fee86926,5622,profile,tfl-numbat-2024-twt,interpeak,4,14.983333333333333,1,4,off,1,destination,0,0,0,0,0,0,0,0,0,0,free-flow,virtual,940GZZNEUGST,0,7200,5622,3600,3596,096235b082e5759f,899,899,0,0,716,183,11.933333333333334,263,186,15.1,-3,true,2022,42,199,196,165,3,1,0,0,1,1,556,431,125,5,london-link-024-a-departure,true,802,127.42973674453097,1069.7166666666667,339.81666666666666,757.4602521319986,1736.6166666666666,3315.383333333333,7751449.418692486,1835881.125863509,80.85096662380141,1,7751449.417052564,7751449.417052564,1,1,0,0,0.2614806340905377
full.json,15,c804c000282937a9e432d728ff24f126fee595b1,4-10,boundary,raw/replay/full-interpeak-r15-s5.json,0383116025818e73cd371cba29f97fd820fcc11fdb0d5ea9ed158e22fee86926,5674,profile,tfl-numbat-2024-twt,interpeak,4,14.983333333333333,1,5,off,1,destination,0,0,0,0,0,0,0,0,0,0,free-flow,virtual,940GZZNEUGST,0,7200,5674,3600,3596,478f05cde6170bde,899,899,0,0,719,180,11.983333333333333,258,191,15.366666666666667,-11,true,2074,49,198,196,164,3,1,0,0,1,1,743,612,131,5,london-link-008-a-departure,true,747,136.52584352984798,884.1333333333333,375.1666666666667,740.8535595105673,1689.25,2670.883333333333,7425371.690239777,2000360.8608169048,78.77766157716142,1,7425371.68868544,7425371.68868544,1,1,0,0,0.1812412402495418
full.json,15,c804c000282937a9e432d728ff24f126fee595b1,4-10,boundary,raw/replay/full-interpeak-r15-s6.json,0383116025818e73cd371cba29f97fd820fcc11fdb0d5ea9ed158e22fee86926,5845,profile,tfl-numbat-2024-twt,interpeak,4,14.983333333333333,1,6,off,1,destination,0,0,0,0,0,0,0,0,0,0,free-flow,virtual,940GZZNEUGST,0,7200,5845,3600,3596,1128660b9623eddc,899,899,0,0,716,183,11.933333333333334,264,185,15.066666666666666,-2,true,2245,48,203,200,169,3,1,0,0,1,1,624,516,108,6,london-link-291-a-arrival,true,252,125.30467185761957,898.7166666666667,367.3,746.3448090470893,1623.7833333333333,2573.366666666667,7635539.71946291,1972137.1143517534,79.47331963320492,1,7635539.717854473,7635539.717854473,1,1,0,0,0.020875244676455153
full.json,15,c804c000282937a9e432d728ff24f126fee595b1,4-10,boundary,raw/replay/full-interpeak-r15-s7.json,0383116025818e73cd371cba29f97fd820fcc11fdb0d5ea9ed158e22fee86926,6654,profile,tfl-numbat-2024-twt,interpeak,4,14.983333333333333,1,7,off,1,destination,0,0,0,0,0,0,0,0,0,0,free-flow,virtual,940GZZNEUGST,0,7200,6654,3600,3596,ba5e569b5d017e58,899,899,0,0,700,199,11.666666666666666,255,194,14.833333333333334,5,true,3054,58,217,213,170,3,1,0,0,1,1,843,701,142,5,london-link-008-a-arrival,true,1094,149.48511308861697,1898.45,468.9,780.115609936967,1825.9,3921.45,7754016.34978081,2226026.814660737,77.6952185678718,1,7754016.348139477,7754016.348139477,1,1,0,0,0.21396441361496593
full.json,15,c804c000282937a9e432d728ff24f126fee595b1,4-10,boundary,raw/replay/full-interpeak-r15-s8.json,0383116025818e73cd371cba29f97fd820fcc11fdb0d5ea9ed158e22fee86926,6055,profile,tfl-numbat-2024-twt,interpeak,4,14.983333333333333,1,8,off,1,destination,0,0,0,0,0,0,0,0,0,0,free-flow,virtual,940GZZNEUGST,0,7200,6055,3600,3596,ceb220a362bc073e,899,899,0,0,679,220,11.316666666666666,262,187,13.9,33,true,2455,68,225,222,178,2,2,0,0,1,2,556,465,91,5,london-link-008-a-departure,true,709,158.1803114571746,1086.8333333333333,453.4,803.6632925472748,1773.8333333333333,3256,7946834.80535779,2181852.837525561,78.45868177148714,1,7946834.803665366,7946834.803665366,1,1,0,0,0.07821071269511944
full.json,15,c804c000282937a9e432d728ff24f126fee595b1,4-10,boundary,raw/replay/full-interpeak-r15-s9.json,0383116025818e73cd371cba29f97fd820fcc11fdb0d5ea9ed158e22fee86926,5665,profile,tfl-numbat-2024-twt,interpeak,4,14.983333333333333,1,9,off,1,destination,0,0,0,0,0,0,0,0,0,0,free-flow,virtual,940GZZNEUGST,0,7200,5665,3600,3596,fbeed48a92067346,899,899,0,0,703,196,11.716666666666667,255,194,14.933333333333334,2,true,2065,57,210,205,174,4,1,0,0,1,1,790,625,159,6,london-link-010-a-arrival,true,579,146.31049314052652,929.1166666666667,413.68333333333334,795.6213385242863,1668,3496.483333333333,7987092.406750415,2200469.9363196655,78.40042728360335,1,7987092.405050341,7987092.405050341,1,1,0,0,0.26768270963981566
full.json,15,c804c000282937a9e432d728ff24f126fee595b1,4-10,boundary,raw/replay/full-interpeak-r15-s10.json,0383116025818e73cd371cba29f97fd820fcc11fdb0d5ea9ed158e22fee86926,7200,profile,tfl-numbat-2024-twt,interpeak,4,14.983333333333333,1,10,off,1,destination,0,0,0,0,0,0,0,0,0,0,free-flow,virtual,940GZZNEUGST,0,7200,7200,3600,3596,99d818f8a0f9aa7f,899,898,1,0,700,199,11.666666666666666,260,189,14.666666666666666,10,false,0,47,205,202,172,3,2,0,0,1,1,545,434,110,5,london-link-051-a-departure,true,913,136.9953652206155,2004.75,391.45,761.6735337787677,1790.4666666666667,4320.4,7739453.028985994,2071043.6814766447,78.88951250278764,1,7701866.410681712,7701866.410681712,1,1,0,0,0.08045390579884841
full.json,20,c804c000282937a9e432d728ff24f126fee595b1,1-3,initial,raw/replay/full-interpeak-r20-s1.json,0383116025818e73cd371cba29f97fd820fcc11fdb0d5ea9ed158e22fee86926,7200,profile,tfl-numbat-2024-twt,interpeak,3,19.983333333333334,1,1,off,1,destination,0,0,0,0,0,0,0,0,0,0,free-flow,virtual,940GZZNEUGST,0,7200,7200,3600,3597,61949351adc2f5ca,1199,1195,4,0,834,365,13.9,317,282,17.233333333333334,83,false,0,211,367,287,178,4,4,0,0,1,2,1878,1531,344,6,london-link-024-a-arrival,true,3062,414.4054211843203,3850.5,1285.4166666666667,1007.4384379358438,2228.95,4224.383333333333,9868861.427910974,6351195.696943049,60.843567639406764,1,9799117.39822871,9799117.39822871,1,1,0,0,0.5898561043021054
full.json,20,c804c000282937a9e432d728ff24f126fee595b1,1-3,initial,raw/replay/full-interpeak-r20-s2.json,0383116025818e73cd371cba29f97fd820fcc11fdb0d5ea9ed158e22fee86926,7200,profile,tfl-numbat-2024-twt,interpeak,3,19.983333333333334,1,2,off,1,destination,0,0,0,0,0,0,0,0,0,0,free-flow,virtual,940GZZNEUGST,0,7200,7200,3600,3597,d524029aee6494f5,1199,1194,5,0,782,417,13.033333333333333,312,287,15.666666666666666,130,false,0,271,418,287,182,6,1,0,0,1,1,2270,1902,368,7,london-link-183-a-departure,true,2705,513.1660272449263,3277.4333333333334,1550.9333333333334,1146.7233668341707,2549.616666666667,4314.1,10576805.70666838,6871299.5948149,60.61864898172775,1,10476095.196266226,10476095.196266226,1,1,0,0,0.6089009239667034
full.json,20,c804c000282937a9e432d728ff24f126fee595b1,1-3,initial,raw/replay/full-interpeak-r20-s3.json,0383116025818e73cd371cba29f97fd820fcc11fdb0d5ea9ed158e22fee86926,7200,profile,tfl-numbat-2024-twt,interpeak,3,19.983333333333334,1,3,off,1,destination,0,0,0,0,0,0,0,0,0,0,free-flow,virtual,940GZZNEUGST,0,7200,7200,3600,3597,cd6f4a36f96b564d,1199,1194,5,0,822,377,13.7,330,269,16.4,108,false,0,218,379,287,192,4,3,0,0,1,1,1876,1568,306,7,london-link-300-a-departure,true,3226,410.5190297470114,3354.5666666666666,1279.2166666666667,1029.6470965940814,2308.0833333333335,4348.783333333334,10329287.671526214,6005863.678912845,63.233498422704116,1,10234287.29353829,10234287.29353829,1,1,0,0,0.5778812537444733
full.json,20,c804c000282937a9e432d728ff24f126fee595b1,4-10,boundary,raw/replay/full-interpeak-r20-s4.json,0383116025818e73cd371cba29f97fd820fcc11fdb0d5ea9ed158e22fee86926,7200,profile,tfl-numbat-2024-twt,interpeak,3,19.983333333333334,1,4,off,1,destination,0,0,0,0,0,0,0,0,0,0,free-flow,virtual,940GZZNEUGST,0,7200,7200,3600,3597,214c7ffb8fd74c77,1199,1195,4,0,816,383,13.6,319,280,16.566666666666666,103,false,0,231,384,287,186,4,2,0,0,1,1,1669,1353,314,7,london-link-183-a-departure,true,3523,430.5227967750904,3684.516666666667,1239.7333333333333,1047.8348675034867,2301.6833333333334,4254.95,10254735.339640109,6541857.152260358,61.05247445030933,1,10195337.544699708,10195337.544699708,1,1,0,0,0.33863717387117526
full.json,20,c804c000282937a9e432d728ff24f126fee595b1,4-10,boundary,raw/replay/full-interpeak-r20-s5.json,0383116025818e73cd371cba29f97fd820fcc11fdb0d5ea9ed158e22fee86926,7200,profile,tfl-numbat-2024-twt,interpeak,3,19.983333333333334,1,5,off,1,destination,0,0,0,0,0,0,0,0,0,0,free-flow,virtual,940GZZNEUGST,0,7200,7200,3600,3597,fc8efc637201ea1e,1199,1196,3,0,804,395,13.4,305,294,16.633333333333333,101,false,0,239,396,287,174,5,1,0,0,1,1,2035,1628,407,7,london-link-154-a-departure,true,2897,499.8941061996108,3228.616666666667,1489.7166666666667,1105.4792781493868,2566.85,4391.116666666667,10022253.682699429,7154253.111163853,58.34861420297705,1,9966046.836935977,9966046.836935977,1,1,0,0,0.730664332132395
full.json,20,c804c000282937a9e432d728ff24f126fee595b1,4-10,boundary,raw/replay/full-interpeak-r20-s6.json,0383116025818e73cd371cba29f97fd820fcc11fdb0d5ea9ed158e22fee86926,7200,profile,tfl-numbat-2024-twt,interpeak,3,19.983333333333334,1,6,off,1,destination,0,0,0,0,0,0,0,0,0,0,free-flow,virtual,940GZZNEUGST,0,7200,7200,3600,3597,21fc7aba59736c27,1199,1196,3,0,831,368,13.85,328,271,16.766666666666666,97,false,0,218,369,287,187,4,2,0,0,1,1,2123,1776,347,7,london-link-025-a-departure,true,2623,418.7178204058938,3061.383333333333,1222.5,1032.2754598662207,2185.75,4214.566666666667,10151193.045287613,6212399.292267064,62.035235514823235,1,10093836.460688896,10093836.460688896,1,1,0,0,0.5367354881771084
full.json,20,c804c000282937a9e432d728ff24f126fee595b1,4-10,boundary,raw/replay/full-interpeak-r20-s7.json,0383116025818e73cd371cba29f97fd820fcc11fdb0d5ea9ed158e22fee86926,7200,profile,tfl-numbat-2024-twt,interpeak,3,19.983333333333334,1,7,off,1,destination,0,0,0,0,0,0,0,0,0,0,free-flow,virtual,940GZZNEUGST,0,7200,7200,3600,3597,384cb03834ca742b,1199,1195,4,0,776,423,12.933333333333334,313,286,15.433333333333334,137,false,0,265,427,287,174,5,2,0,0,1,1,2106,1785,319,8,london-link-008-b-arrival,true,2786,519.6746316374757,3033.483333333333,1458.1333333333334,1147.1832914923293,2515.7166666666667,4306.3,10429684.77543105,6759909.829620769,60.674408065248315,1,10339737.347819287,10339737.347819287,1,1,0,0,0.4079173300364489
full.json,20,c804c000282937a9e432d728ff24f126fee595b1,4-10,boundary,raw/replay/full-interpeak-r20-s8.json,0383116025818e73cd371cba29f97fd820fcc11fdb0d5ea9ed158e22fee86926,7200,profile,tfl-numbat-2024-twt,interpeak,3,19.983333333333334,1,8,off,1,destination,0,0,0,0,0,0,0,0,0,0,free-flow,virtual,940GZZNEUGST,0,7200,7200,3600,3597,16e9ff1d84857782,1199,1196,3,0,805,394,13.416666666666666,323,276,16.066666666666666,118,false,0,229,394,287,193,4,2,0,0,1,1,1773,1468,301,6,london-link-151-a-arrival,true,2400,424.09563525159854,2892.9666666666667,1391.0333333333333,1055.6570234113713,2382.9333333333334,4049.4166666666665,10469043.283414867,6137068.424985818,63.04331481835568,1,10404512.27260636,10404512.27260636,1,1,0,0,0.4303942959072737
full.json,20,c804c000282937a9e432d728ff24f126fee595b1,4-10,boundary,raw/replay/full-interpeak-r20-s9.json,0383116025818e73cd371cba29f97fd820fcc11fdb0d5ea9ed158e22fee86926,7200,profile,tfl-numbat-2024-twt,interpeak,3,19.983333333333334,1,9,off,1,destination,0,0,0,0,0,0,0,0,0,0,free-flow,virtual,940GZZNEUGST,0,7200,7200,3600,3597,83504097d88a2d0e,1199,1193,6,0,775,424,12.916666666666666,300,299,15.833333333333334,125,false,0,270,426,287,183,8,1,0,0,1,1,2313,1829,482,9,london-link-090-a-departure,true,3051,553.5085209897136,3573.8333333333335,1656.5833333333333,1189.4274378317966,2617.7166666666667,5235.3,10624633.675300755,7337780.185418652,59.14925331129873,1,10513148.429323832,10513148.429323832,1,1,0,0,0.5145923862410372
full.json,20,c804c000282937a9e432d728ff24f126fee595b1,4-10,boundary,raw/replay/full-interpeak-r20-s10.json,0383116025818e73cd371cba29f97fd820fcc11fdb0d5ea9ed158e22fee86926,7200,profile,tfl-numbat-2024-twt,interpeak,3,19.983333333333334,1,10,off,1,destination,0,0,0,0,0,0,0,0,0,0,free-flow,virtual,940GZZNEUGST,0,7200,7200,3600,3597,7bee109e2338bc8f,1199,1195,4,0,832,367,13.866666666666667,323,276,16.966666666666665,91,false,0,210,370,287,191,6,3,0,0,1,1,1829,1430,397,7,london-link-048-a-departure,true,2796,412.3505699193773,3125.366666666667,1230.9166666666667,1033.0634588563457,2340.616666666667,4994.983333333334,10340733.31618422,6196998.194529511,62.528124304625,1,10231300.45492026,10231300.45492026,1,1,0,0,0.49897441361765604
full.json,30,c804c000282937a9e432d728ff24f126fee595b1,1-3,initial,raw/replay/full-interpeak-r30-s1.json,0383116025818e73cd371cba29f97fd820fcc11fdb0d5ea9ed158e22fee86926,7200,profile,tfl-numbat-2024-twt,interpeak,2,29.983333333333334,1,1,off,1,destination,0,0,0,0,0,0,0,0,0,0,free-flow,virtual,940GZZNEUGST,0,7200,7200,3600,3598,6bf7a5fd28d9e718,1799,1670,129,0,815,984,13.583333333333334,346,553,15.633333333333333,431,false,0,842,985,287,177,5,4,0,0,1,1,3674,3033,641,9,london-link-008-a-arrival,false,0,1602.050852325366,4416.6,3392.75,2046.7882734530938,3707.983333333333,5159,14263208.487039726,12086657.890864378,54.130097976512914,1,13306421.70868924,13306421.70868924,1,1,0,0,0.4920249818209002
full.json,30,c804c000282937a9e432d728ff24f126fee595b1,1-3,initial,raw/replay/full-interpeak-r30-s2.json,0383116025818e73cd371cba29f97fd820fcc11fdb0d5ea9ed158e22fee86926,7200,profile,tfl-numbat-2024-twt,interpeak,2,29.983333333333334,1,2,off,1,destination,0,0,0,0,0,0,0,0,0,0,free-flow,virtual,940GZZNEUGST,0,7200,7200,3600,3598,80392a7ab1df60ea,1799,1639,160,0,793,1006,13.216666666666667,354,545,14.633333333333333,461,false,0,855,1008,287,174,5,2,0,0,1,1,3688,2995,686,7,london-link-008-a-departure,false,0,1652.860830090791,4454,3494.0833333333335,2082.15403701444,3793.366666666667,4925.283333333334,14668293.847965548,11868856.350238858,55.274563162995754,1,13569228.868406566,13569228.868406566,1,1,0,0,0.7075879448902743
full.json,30,c804c000282937a9e432d728ff24f126fee595b1,1-3,initial,raw/replay/full-interpeak-r30-s3.json,0383116025818e73cd371cba29f97fd820fcc11fdb0d5ea9ed158e22fee86926,7200,profile,tfl-numbat-2024-twt,interpeak,2,29.983333333333334,1,3,off,1,destination,0,0,0,0,0,0,0,0,0,0,free-flow,virtual,940GZZNEUGST,0,7200,7200,3600,3598,219f444986d93c58,1799,1653,146,0,787,1012,13.116666666666667,362,537,14.166666666666666,475,false,0,843,1012,287,177,5,2,0,0,1,1,3476,2798,676,6,london-link-020-a-arrival,false,0,1609.6825088011858,4486,3395.3166666666666,2052.656221012301,3767.7833333333333,4996.55,14679981.105464475,11833212.507825173,55.36858863394784,1,13671751.072298698,13671751.072298698,1,1,0,0,0.777541928012923
full.json,40,c804c000282937a9e432d728ff24f126fee595b1,1-3,initial,raw/replay/full-interpeak-r40-s1.json,0383116025818e73cd371cba29f97fd820fcc11fdb0d5ea9ed158e22fee86926,7200,profile,tfl-numbat-2024-twt,interpeak,1.5,39.983333333333334,1,1,off,1,destination,0,0,0,0,0,0,0,0,0,0,free-flow,virtual,940GZZNEUGST,0,7200,7200,3600,3598.5,6e1a63b153ac7186,2399,1701,698,0,827,1572,13.783333333333333,372,827,15.166666666666666,745,false,0,1434,1572,287,180,6,4,0,0,1,1,4092,3354,735,6,london-link-008-a-departure,false,0,2504.9785674586633,5041.5,4318.5,2449.3925827944345,4441.616666666667,5533.983333333334,14469739.011826284,12923016.424549699,52.82323293629422,1,13462232.842908844,13462232.842908844,1,1,0,0,0.6013261456447223
full.json,40,c804c000282937a9e432d728ff24f126fee595b1,1-3,initial,raw/replay/full-interpeak-r40-s2.json,0383116025818e73cd371cba29f97fd820fcc11fdb0d5ea9ed158e22fee86926,7200,profile,tfl-numbat-2024-twt,interpeak,1.5,39.983333333333334,1,2,off,1,destination,0,0,0,0,0,0,0,0,0,0,free-flow,virtual,940GZZNEUGST,0,7200,7200,3600,3598.5,463dd6f718b68589,2399,1635,764,0,791,1608,13.183333333333334,362,837,14.3,771,false,0,1453,1609,287,171,5,3,0,0,1,1,3549,2919,629,8,london-link-008-a-departure,false,0,2580.8420800333474,5130.25,4401,2482.0463200815493,4510.7,5406.4,14721053.004220543,12676235.517059837,53.73178806649503,1,13552819.239620265,13552819.239620265,1,1,0,0,0.7105580916066236
full.json,40,c804c000282937a9e432d728ff24f126fee595b1,1-3,initial,raw/replay/full-interpeak-r40-s3.json,0383116025818e73cd371cba29f97fd820fcc11fdb0d5ea9ed158e22fee86926,7200,profile,tfl-numbat-2024-twt,interpeak,1.5,39.983333333333334,1,3,off,1,destination,0,0,0,0,0,0,0,0,0,0,free-flow,virtual,940GZZNEUGST,0,7200,7200,3600,3598.5,d1b2c017880b3c30,2399,1668,731,0,800,1599,13.333333333333334,358,841,14.733333333333333,758,false,0,1439,1599,287,173,6,4,0,0,1,1,4501,3650,851,7,london-link-025-a-arrival,false,0,2538.5078852299566,5083.316666666667,4375.5,2469.0696742605915,4504.35,5446.066666666667,14777565.855763538,12613211.489828665,53.95088160264128,1,13780255.341510663,13780255.341510663,1,1,0,0,0.6796435227242449
full.json,5,c804c000282937a9e432d728ff24f126fee595b1,1-3,initial,raw/replay/full-late-r5-s1.json,0383116025818e73cd371cba29f97fd820fcc11fdb0d5ea9ed158e22fee86926,6004,profile,tfl-numbat-2024-twt,late,12,4.983333333333333,1,1,off,1,destination,0,0,0,0,0,0,0,0,0,0,free-flow,virtual,940GZZNEUGST,0,7200,6004,3600,3588,143710096f9514db,299,299,0,0,220,79,3.6666666666666665,80,69,4.666666666666667,10,true,2404,27,80,79,62,1,0,0,0,1,1,95,74,21,4,london-link-008-a-arrival,true,424,191.04208472686733,543.05,461.95,870.1229096989966,1620.5833333333333,2523.3,2788190.181981024,1083089.1475295199,72.02244903194683,1,2788190.1816387107,2788190.1816387107,1,1,0,0,0
full.json,5,c804c000282937a9e432d728ff24f126fee595b1,1-3,initial,raw/replay/full-late-r5-s2.json,0383116025818e73cd371cba29f97fd820fcc11fdb0d5ea9ed158e22fee86926,6433,profile,tfl-numbat-2024-twt,late,12,4.983333333333333,1,2,off,1,destination,0,0,0,0,0,0,0,0,0,0,free-flow,virtual,940GZZNEUGST,0,7200,6433,3600,3588,8a4afd03b9b6e681,299,299,0,0,225,74,3.75,83,66,4.733333333333333,8,true,2833,26,79,77,62,2,1,0,0,2,1,147,124,23,4,london-link-090-a-departure,true,500,171.62547380156076,583.9833333333333,477.3833333333333,857.2340579710145,1805.0833333333333,3024.5,2813850.4501338415,1142703.576457886,71.11871672223218,1,2813850.4497840493,2813850.4497840493,1,1,0,0,0.002091065920853155
full.json,5,c804c000282937a9e432d728ff24f126fee595b1,1-3,initial,raw/replay/full-late-r5-s3.json,0383116025818e73cd371cba29f97fd820fcc11fdb0d5ea9ed158e22fee86926,5844,profile,tfl-numbat-2024-twt,late,12,4.983333333333333,1,3,off,1,destination,0,0,0,0,0,0,0,0,0,0,free-flow,virtual,940GZZNEUGST,0,7200,5844,3600,3588,c17df658969099a3,299,299,0,0,217,82,3.6166666666666667,82,67,4.5,15,true,2244,25,82,81,64,1,0,0,0,1,1,50,34,16,3,london-link-045-a-arrival,true,540,165.59147157190637,551.35,427.46666666666664,885.6480490523969,1801.7833333333333,2939.1,2959502.611707894,1257730.8534150552,70.17639967489,1,2959502.611319973,2959502.611319973,1,1,0,0,0
full.json,10,c804c000282937a9e432d728ff24f126fee595b1,1-3,initial,raw/replay/full-late-r10-s1.json,0383116025818e73cd371cba29f97fd820fcc11fdb0d5ea9ed158e22fee86926,6563,profile,tfl-numbat-2024-twt,late,6,9.983333333333333,1,1,off,1,destination,0,0,0,0,0,0,0,0,0,0,free-flow,virtual,940GZZNEUGST,0,7200,6563,3600,3594,0a7fa62dbee2bf6f,599,599,0,0,416,183,6.933333333333334,151,148,8.833333333333334,35,true,2963,79,184,180,111,4,1,0,0,1,1,551,445,106,5,london-link-051-a-departure,true,1075,341.3502225932109,1116.4833333333333,753.0666666666667,1027.1068447412354,1915.8,3442.1666666666665,5632313.715039816,2973731.750047091,65.44601394321054,1,5632313.713952924,5632313.713952924,1,1,0,0,0.05510586252689214
full.json,10,c804c000282937a9e432d728ff24f126fee595b1,1-3,initial,raw/replay/full-late-r10-s2.json,0383116025818e73cd371cba29f97fd820fcc11fdb0d5ea9ed158e22fee86926,5681,profile,tfl-numbat-2024-twt,late,6,9.983333333333333,1,2,off,1,destination,0,0,0,0,0,0,0,0,0,0,free-flow,virtual,940GZZNEUGST,0,7200,5681,3600,3594,4f58435ca85140d4,599,599,0,0,420,179,7,147,152,9.1,27,true,2081,85,190,186,121,2,1,0,0,1,1,376,290,86,5,london-link-045-a-departure,true,823,322.60114079020593,945.6833333333333,735.4666666666667,1014.834001112966,1964.65,2835.15,5686321.010347596,3027625.795170988,65.25540191209822,1,5686321.00924623,5686321.00924623,1,1,0,0,0.10254576183746814
full.json,10,c804c000282937a9e432d728ff24f126fee595b1,1-3,initial,raw/replay/full-late-r10-s3.json,0383116025818e73cd371cba29f97fd820fcc11fdb0d5ea9ed158e22fee86926,5996,profile,tfl-numbat-2024-twt,late,6,9.983333333333333,1,3,off,1,destination,0,0,0,0,0,0,0,0,0,0,free-flow,virtual,940GZZNEUGST,0,7200,5996,3600,3594,1c4f8cedf07eadeb,599,599,0,0,402,197,6.7,149,150,8.433333333333334,47,true,2396,97,205,201,120,2,1,0,0,1,1,458,355,103,5,london-link-024-a-arrival,true,980,358.51789092932665,1123.8,796.55,1060.2238731218697,1980.2333333333333,2939.1,5766804.028702168,3240790.5718942527,64.02157606338466,1,5766804.02758031,5766804.02758031,1,1,0,0,0.11179481210814386
full.json,10,c804c000282937a9e432d728ff24f126fee595b1,4-10,boundary,raw/replay/full-late-r10-s4.json,0383116025818e73cd371cba29f97fd820fcc11fdb0d5ea9ed158e22fee86926,5793,profile,tfl-numbat-2024-twt,late,6,9.983333333333333,1,4,off,1,destination,0,0,0,0,0,0,0,0,0,0,free-flow,virtual,940GZZNEUGST,0,7200,5793,3600,3594,fd6b3078c6ce8ae2,599,599,0,0,424,175,7.066666666666666,152,147,9.066666666666666,28,true,2193,82,179,175,109,3,1,0,0,1,1,521,425,96,5,london-link-050-a-arrival,true,1004,329.5410684474124,1015.2666666666667,725.4,1000.4129382303839,1856.7,2552.2166666666667,5505299.361238181,2965919.0708827227,64.98828244545503,1,5505299.360185416,5505299.360185416,1,1,0,0,0.09014740891287758
full.json,10,c804c000282937a9e432d728ff24f126fee595b1,4-10,boundary,raw/replay/full-late-r10-s5.json,0383116025818e73cd371cba29f97fd820fcc11fdb0d5ea9ed158e22fee86926,5979,profile,tfl-numbat-2024-twt,late,6,9.983333333333333,1,5,off,1,destination,0,0,0,0,0,0,0,0,0,0,free-flow,virtual,940GZZNEUGST,0,7200,5979,3600,3594,ff156760f8a48eb7,599,599,0,0,407,192,6.783333333333333,144,155,8.766666666666667,37,true,2379,86,194,190,117,3,1,0,0,1,1,443,366,77,4,940GZZLUHBN-01-departure,true,985,347.81867000556485,1036.1333333333334,801.8333333333334,1063.2535614913745,1936.85,3951.8333333333335,5882566.552993909,3171776.512167603,64.96955671613902,1,5882566.551839512,5882566.551839512,1,1,0,0,0.13198805096628666
full.json,10,c804c000282937a9e432d728ff24f126fee595b1,4-10,boundary,raw/replay/full-late-r10-s6.json,0383116025818e73cd371cba29f97fd820fcc11fdb0d5ea9ed158e22fee86926,6525,profile,tfl-numbat-2024-twt,late,6,9.983333333333333,1,6,off,1,destination,0,0,0,0,0,0,0,0,0,0,free-flow,virtual,940GZZNEUGST,0,7200,6525,3600,3594,77bb82106b849f17,599,599,0,0,408,191,6.8,142,157,8.866666666666667,34,true,2925,87,197,192,113,3,1,0,0,1,1,420,333,86,5,london-link-008-a-arrival,true,976,369.1856149137451,1136.2833333333333,803.8,1074.4711185308847,1933.8833333333334,3680.4166666666665,5797513.688462755,3318299.1872410784,63.59842800102593,1,5797513.687331839,5797513.687331839,1,1,0,0,0.08357229154617823
full.json,10,c804c000282937a9e432d728ff24f126fee595b1,4-10,boundary,raw/replay/full-late-r10-s7.json,0383116025818e73cd371cba29f97fd820fcc11fdb0d5ea9ed158e22fee86926,5841,profile,tfl-numbat-2024-twt,late,6,9.983333333333333,1,7,off,1,destination,0,0,0,0,0,0,0,0,0,0,free-flow,virtual,940GZZNEUGST,0,7200,5841,3600,3594,1640bdf8363ec51d,599,599,0,0,412,187,6.866666666666666,143,156,8.966666666666667,31,true,2241,89,188,184,117,2,1,0,0,2,1,400,312,88,5,london-link-045-a-arrival,true,1076,336.6887033945465,1099.3166666666666,737.15,1024.3428491930997,1915.4666666666667,3015.05,5650911.784309213,3077378.117619674,64.74248504349522,1,5650911.783216568,5650911.783216568,1,1,0,0,0.1902480493254411
full.json,10,c804c000282937a9e432d728ff24f126fee595b1,4-10,boundary,raw/replay/full-late-r10-s8.json,0383116025818e73cd371cba29f97fd820fcc11fdb0d5ea9ed158e22fee86926,7055,profile,tfl-numbat-2024-twt,late,6,9.983333333333333,1,8,off,1,destination,0,0,0,0,0,0,0,0,0,0,free-flow,virtual,940GZZNEUGST,0,7200,7055,3600,3594,c24c0f7b7fa61521,599,599,0,0,419,180,6.983333333333333,139,160,9.333333333333334,20,true,3455,79,189,184,120,2,1,0,0,1,1,505,406,99,5,london-link-024-a-arrival,true,724,314.938592097941,1051.4833333333333,720.2333333333333,1010.8408180300502,1818.8666666666666,3688.516666666667,5715529.536731371,3052232.151894709,65.18801194318274,1,5715529.535622971,5715529.535622971,1,1,0,0,0.025475583540256926
full.json,10,c804c000282937a9e432d728ff24f126fee595b1,4-10,boundary,raw/replay/full-late-r10-s9.json,0383116025818e73cd371cba29f97fd820fcc11fdb0d5ea9ed158e22fee86926,5994,profile,tfl-numbat-2024-twt,late,6,9.983333333333333,1,9,off,1,destination,0,0,0,0,0,0,0,0,0,0,free-flow,virtual,940GZZNEUGST,0,7200,5994,3600,3594,92a60d79c8ccc23a,599,599,0,0,415,184,6.916666666666667,154,145,8.7,39,true,2394,84,193,188,118,3,2,0,0,2,2,449,363,86,5,london-link-138-a-departure,true,1274,315.26382860322764,1399.3833333333334,744.4333333333333,1009.0654145798553,1903.3833333333334,3469.6833333333334,5699791.221650635,2893545.489043156,66.32803314407143,1,5699791.220545088,5699791.220545088,1,1,0,0,0.12742472071678812
full.json,10,c804c000282937a9e432d728ff24f126fee595b1,4-10,boundary,raw/replay/full-late-r10-s10.json,0383116025818e73cd371cba29f97fd820fcc11fdb0d5ea9ed158e22fee86926,5764,profile,tfl-numbat-2024-twt,late,6,9.983333333333333,1,10,off,1,destination,0,0,0,0,0,0,0,0,0,0,free-flow,virtual,940GZZNEUGST,0,7200,5764,3600,3594,2f9847fda35881a0,599,599,0,0,412,187,6.866666666666666,155,144,8.566666666666666,43,true,2164,87,193,189,113,3,1,0,0,1,1,429,343,86,6,london-link-020-a-arrival,true,969,352.97504173622707,1049,816.0666666666667,1014.70856983862,1790.4833333333333,2861,5431801.236625729,3323702.450605559,62.038706517219254,1,5431801.235591741,5431801.235591741,1,1,0,0,0.18275343253483736
full.json,15,c804c000282937a9e432d728ff24f126fee595b1,1-3,initial,raw/replay/full-late-r15-s1.json,0383116025818e73cd371cba29f97fd820fcc11fdb0d5ea9ed158e22fee86926,7200,profile,tfl-numbat-2024-twt,late,4,14.983333333333333,1,1,off,1,destination,0,0,0,0,0,0,0,0,0,0,free-flow,virtual,940GZZNEUGST,0,7200,7200,3600,3596,afd2f00ce72e4025,899,898,1,0,553,346,9.216666666666667,192,257,12.033333333333333,89,false,0,196,351,287,166,5,3,0,0,1,1,1782,1481,299,7,london-link-008-a-departure,true,2402,584.3146273637375,2813.4333333333334,1233.95,1268.4862100965108,2286.766666666667,4144.283333333334,8449432.39067492,6829881.215233404,55.299816527148366,1,8422272.505764028,8422272.505764028,1,1,0,0,0.4454184244620154
full.json,15,c804c000282937a9e432d728ff24f126fee595b1,1-3,initial,raw/replay/full-late-r15-s2.json,0383116025818e73cd371cba29f97fd820fcc11fdb0d5ea9ed158e22fee86926,7137,profile,tfl-numbat-2024-twt,late,4,14.983333333333333,1,2,off,1,destination,0,0,0,0,0,0,0,0,0,0,free-flow,virtual,940GZZNEUGST,0,7200,7137,3600,3596,26c072c6141f4444,899,899,0,0,555,344,9.25,196,253,11.966666666666667,91,true,3537,201,347,287,164,5,1,0,0,1,1,1435,1172,263,6,london-link-082-a-departure,true,2048,574.7774378939562,2715.3166666666666,1253.05,1279.9248238783834,2356.9,4976.3,8685402.030441485,6893358.689343623,55.75155936127178,1,8685402.029730437,8685402.029730437,1,1,0,0,0.3512246801552298
full.json,15,c804c000282937a9e432d728ff24f126fee595b1,1-3,initial,raw/replay/full-late-r15-s3.json,0383116025818e73cd371cba29f97fd820fcc11fdb0d5ea9ed158e22fee86926,7200,profile,tfl-numbat-2024-twt,late,4,14.983333333333333,1,3,off,1,destination,0,0,0,0,0,0,0,0,0,0,free-flow,virtual,940GZZNEUGST,0,7200,7200,3600,3596,aff21d370283b97d,899,898,1,0,548,351,9.133333333333333,189,260,11.966666666666667,91,false,0,204,355,287,161,3,1,0,0,1,1,1214,982,231,5,940GZZLUTCR-01-departure,true,2637,600.4194660734149,2740.1666666666665,1281.85,1300.0937082405344,2336.65,4133.016666666666,8654345.226994088,7047693.969025528,55.11605925164114,1,8626645.409502337,8626645.409502337,1,1,0,0,0.325523237716378
full.json,15,c804c000282937a9e432d728ff24f126fee595b1,4-10,boundary,raw/replay/full-late-r15-s4.json,0383116025818e73cd371cba29f97fd820fcc11fdb0d5ea9ed158e22fee86926,7200,profile,tfl-numbat-2024-twt,late,4,14.983333333333333,1,4,off,1,destination,0,0,0,0,0,0,0,0,0,0,free-flow,virtual,940GZZNEUGST,0,7200,7200,3600,3596,8b49bdd0b07e9791,899,898,1,0,563,336,9.383333333333333,199,250,12.133333333333333,86,false,0,197,340,287,156,5,1,0,0,1,1,1530,1261,266,7,london-link-048-a-departure,true,2796,569.0702632554691,3155.8,1223.5833333333333,1237.631829992576,2185.3166666666666,3664.633333333333,8261016.74226695,7161754.3923328575,53.56376406140133,1,8249792.823828344,8249792.823828344,1,1,0,0,0.4834590124057407
full.json,15,c804c000282937a9e432d728ff24f126fee595b1,4-10,boundary,raw/replay/full-late-r15-s5.json,0383116025818e73cd371cba29f97fd820fcc11fdb0d5ea9ed158e22fee86926,7142,profile,tfl-numbat-2024-twt,late,4,14.983333333333333,1,5,off,1,destination,0,0,0,0,0,0,0,0,0,0,free-flow,virtual,940GZZNEUGST,0,7200,7142,3600,3596,8a76521b4ec3d24d,899,899,0,0,546,353,9.1,192,257,11.8,96,true,3542,207,357,287,158,4,1,0,0,1,1,1530,1255,271,6,london-link-151-a-departure,true,2655,607.5652020763812,2906.8333333333335,1288.6666666666667,1313.2116611049316,2392.65,4209.35,8691836.651905522,7178474.9578500725,54.76790163693187,1,8691836.651216438,8691836.651216438,1,1,0,0,0.3215520780422636
full.json,15,c804c000282937a9e432d728ff24f126fee595b1,4-10,boundary,raw/replay/full-late-r15-s6.json,0383116025818e73cd371cba29f97fd820fcc11fdb0d5ea9ed158e22fee86926,7200,profile,tfl-numbat-2024-twt,late,4,14.983333333333333,1,6,off,1,destination,0,0,0,0,0,0,0,0,0,0,free-flow,virtual,940GZZNEUGST,0,7200,7200,3600,3596,0a9b8e26395569b6,899,898,1,0,540,359,9,177,272,12.1,87,false,0,214,361,287,155,4,2,0,0,1,1,1259,1007,252,5,940GZZLUWLO-01-arrival,true,2302,637.8350018539118,2618.4666666666667,1410.4333333333334,1322.301670378619,2362.95,4280.4,8475295.116432033,7301573.864180563,53.71975343679978,1,8433717.564947752,8433717.564947752,1,1,0,0,0.2838055844260373
full.json,15,c804c000282937a9e432d728ff24f126fee595b1,4-10,boundary,raw/replay/full-late-r15-s7.json,0383116025818e73cd371cba29f97fd820fcc11fdb0d5ea9ed158e22fee86926,7200,profile,tfl-numbat-2024-twt,late,4,14.983333333333333,1,7,off,1,destination,0,0,0,0,0,0,0,0,0,0,free-flow,virtual,940GZZNEUGST,0,7200,7200,3600,3596,48271a53f1efbda4,899,897,2,0,537,362,8.95,191,258,11.533333333333333,104,false,0,211,364,287,161,4,2,0,0,1,1,1361,1100,260,6,london-link-045-a-arrival,true,2806,601.7385799035966,3020.45,1300.5666666666666,1278.2804347826088,2303.8,3918.9333333333334,8393397.780203113,6981772.550205115,54.590600297956236,1,8370140.51175024,8370140.51175024,1,1,0,0,0.3165297998272006
full.json,15,c804c000282937a9e432d728ff24f126fee595b1,4-10,boundary,raw/replay/full-late-r15-s8.json,0383116025818e73cd371cba29f97fd820fcc11fdb0d5ea9ed158e22fee86926,7200,profile,tfl-numbat-2024-twt,late,4,14.983333333333333,1,8,off,1,destination,0,0,0,0,0,0,0,0,0,0,free-flow,virtual,940GZZNEUGST,0,7200,7200,3600,3596,2b2d2cf51a658356,899,896,3,0,557,342,9.283333333333333,184,265,12.433333333333334,77,false,0,186,346,287,164,4,1,0,0,1,1,1312,1063,249,6,london-link-090-a-arrival,true,2756,569.5595291064145,3284.1833333333334,1300.5333333333333,1253.7396391369045,2260.766666666667,4503.583333333333,8520388.793777524,6996487.336338153,54.91046472453863,1,8463876.742460838,8463876.742460838,1,1,0,0,0.44166680748538967
full.json,15,c804c000282937a9e432d728ff24f126fee595b1,4-10,boundary,raw/replay/full-late-r15-s9.json,0383116025818e73cd371cba29f97fd820fcc11fdb0d5ea9ed158e22fee86926,7200,profile,tfl-numbat-2024-twt,late,4,14.983333333333333,1,9,off,1,destination,0,0,0,0,0,0,0,0,0,0,free-flow,virtual,940GZZNEUGST,0,7200,7200,3600,3596,fcbc9801439747db,899,897,2,0,558,341,9.3,196,253,12.066666666666666,88,false,0,205,347,287,161,4,2,0,0,1,1,1685,1397,288,6,940GZZLULSQ-exit,true,2191,549.9601223581758,2536.6833333333334,1159.1,1235.7557785209958,2129.116666666667,3619.7833333333333,8509842.648666723,6743872.60743616,55.78865545731232,1,8453638.480644442,8453638.480644442,1,1,0,0,0.2967329548022292
full.json,15,c804c000282937a9e432d728ff24f126fee595b1,4-10,boundary,raw/replay/full-late-r15-s10.json,0383116025818e73cd371cba29f97fd820fcc11fdb0d5ea9ed158e22fee86926,7200,profile,tfl-numbat-2024-twt,late,4,14.983333333333333,1,10,off,1,destination,0,0,0,0,0,0,0,0,0,0,free-flow,virtual,940GZZNEUGST,0,7200,7200,3600,3596,5a107763a9f8ddb1,899,898,1,0,557,342,9.283333333333333,194,255,12.1,87,false,0,190,345,287,162,4,1,0,0,1,1,1598,1317,280,7,london-link-313-a-arrival,true,1969,574.0732109751575,2698.016666666667,1256.4166666666667,1240.938047512992,2155.883333333333,3708.1833333333334,8230325.984951069,7014097.151847043,53.98909431399933,1,8207521.266522946,8207521.266522946,1,1,0,0,0.376052390483107
full.json,20,c804c000282937a9e432d728ff24f126fee595b1,1-3,initial,raw/replay/full-late-r20-s1.json,0383116025818e73cd371cba29f97fd820fcc11fdb0d5ea9ed158e22fee86926,7200,profile,tfl-numbat-2024-twt,late,3,19.983333333333334,1,1,off,1,destination,0,0,0,0,0,0,0,0,0,0,free-flow,virtual,940GZZNEUGST,0,7200,7200,3600,3597,0912e7339fd866d8,1199,1192,7,0,608,591,10.133333333333333,214,385,13.133333333333333,206,false,0,431,592,287,167,5,4,0,0,1,1,2882,2377,504,8,london-link-129-b-departure,false,0,1056.1435362802335,3797.8166666666666,2032.6333333333334,1719.0703998881431,2950.25,4474.516666666666,11075621.422042817,9748413.506197697,53.18672130645831,1,10958796.926404644,10958796.926404644,1,1,0,0,0.8247507256099457
full.json,20,c804c000282937a9e432d728ff24f126fee595b1,1-3,initial,raw/replay/full-late-r20-s2.json,0383116025818e73cd371cba29f97fd820fcc11fdb0d5ea9ed158e22fee86926,7200,profile,tfl-numbat-2024-twt,late,3,19.983333333333334,1,2,off,1,destination,0,0,0,0,0,0,0,0,0,0,free-flow,virtual,940GZZNEUGST,0,7200,7200,3600,3597,5dd8936f24194bd8,1199,1190,9,0,602,597,10.033333333333333,226,373,12.533333333333333,224,false,0,444,598,287,167,5,1,0,0,2,1,2465,2017,447,6,london-link-008-a-arrival,false,0,1069.4976369196552,3651,2115.55,1755.6558823529413,3105.7,5113.033333333334,11510672.233051896,9533163.94084161,54.69854516037228,1,11395675.175862543,11395675.175862543,1,1,0,0,0.5047734222143566
full.json,20,c804c000282937a9e432d728ff24f126fee595b1,1-3,initial,raw/replay/full-late-r20-s3.json,0383116025818e73cd371cba29f97fd820fcc11fdb0d5ea9ed158e22fee86926,7200,profile,tfl-numbat-2024-twt,late,3,19.983333333333334,1,3,off,1,destination,0,0,0,0,0,0,0,0,0,0,free-flow,virtual,940GZZNEUGST,0,7200,7200,3600,3597,5c4df959c91a4a2e,1199,1195,4,0,608,591,10.133333333333333,220,379,12.933333333333334,212,false,0,441,591,287,165,5,1,0,0,2,1,2142,1738,397,6,london-link-048-a-departure,true,3297,1067.7628996385877,3793.5833333333335,2107.95,1752.2134728033473,3105.8333333333335,4337.216666666666,11353069.176634422,9621362.724498201,54.12813672451055,1,11297910.843218386,11297910.843218386,1,1,0,0,0.3522537331988783
full.json,30,c804c000282937a9e432d728ff24f126fee595b1,1-3,initial,raw/replay/full-late-r30-s1.json,0383116025818e73cd371cba29f97fd820fcc11fdb0d5ea9ed158e22fee86926,7200,profile,tfl-numbat-2024-twt,late,2,29.983333333333334,1,1,off,1,destination,0,0,0,0,0,0,0,0,0,0,free-flow,virtual,940GZZNEUGST,0,7200,7200,3600,3598,7617505ca2806e15,1799,1447,352,0,639,1160,10.65,238,661,13.366666666666667,499,false,0,983,1161,287,179,5,3,0,0,1,1,3883,3169,711,7,london-link-129-b-departure,false,0,2211.805327033537,5061.983333333334,3968,2480.2822967058282,4178.5,5068.9,13897629.10725986,13192647.239852093,51.30117142101971,1,13076711.535811415,13076711.535811415,1,1,0,0,0.6568465162876679
full.json,30,c804c000282937a9e432d728ff24f126fee595b1,1-3,initial,raw/replay/full-late-r30-s2.json,0383116025818e73cd371cba29f97fd820fcc11fdb0d5ea9ed158e22fee86926,7200,profile,tfl-numbat-2024-twt,late,2,29.983333333333334,1,2,off,1,destination,0,0,0,0,0,0,0,0,0,0,free-flow,virtual,940GZZNEUGST,0,7200,7200,3600,3598,24d3583f8fcc5322,1799,1437,362,0,654,1145,10.9,254,645,13.333333333333334,500,false,0,997,1145,287,170,5,1,0,0,1,1,3839,3119,717,7,london-link-129-b-departure,false,0,2193.7305910691125,4562,3960,2461.4058455114823,4170.8,5129.433333333333,14203233.988608386,12874498.364802727,52.453557791441625,1,13247775.90111416,13247775.90111416,1,1,0,0,0.5951814524849691
full.json,30,c804c000282937a9e432d728ff24f126fee595b1,1-3,initial,raw/replay/full-late-r30-s3.json,0383116025818e73cd371cba29f97fd820fcc11fdb0d5ea9ed158e22fee86926,7200,profile,tfl-numbat-2024-twt,late,2,29.983333333333334,1,3,off,1,destination,0,0,0,0,0,0,0,0,0,0,free-flow,virtual,940GZZNEUGST,0,7200,7200,3600,3598,10fd58a2d408053f,1799,1466,333,0,643,1156,10.716666666666667,247,652,13.2,504,false,0,1007,1158,287,174,6,2,0,0,1,1,3462,2815,645,7,london-link-129-b-departure,false,0,2198.3198350935704,4791.783333333334,3913.85,2493.8869713506137,4094.133333333333,5563.733333333334,14078339.920480907,13022000.131143399,51.9489419456089,1,13115288.417141607,13115288.417141607,1,1,0,0,0.6407446023955445
full.json,40,c804c000282937a9e432d728ff24f126fee595b1,1-3,initial,raw/replay/full-late-r40-s1.json,0383116025818e73cd371cba29f97fd820fcc11fdb0d5ea9ed158e22fee86926,7200,profile,tfl-numbat-2024-twt,late,1.5,39.983333333333334,1,1,off,1,destination,0,0,0,0,0,0,0,0,0,0,free-flow,virtual,940GZZNEUGST,0,7200,7200,3600,3598.5,37fa6be9356690fd,2399,1481,918,0,658,1741,10.966666666666667,246,953,13.733333333333333,788,false,0,1571,1742,287,176,5,3,0,0,1,1,4195,3384,811,7,london-link-090-a-departure,false,0,2949.836042795609,5479.5,4644.85,2812.7889376547378,4799.916666666667,5402.183333333333,14208775.807107698,13199198.93750003,51.84175751586004,1,13260195.138751447,13260195.138751447,1,1,0,0,0.7907525464060905
full.json,40,c804c000282937a9e432d728ff24f126fee595b1,1-3,initial,raw/replay/full-late-r40-s2.json,0383116025818e73cd371cba29f97fd820fcc11fdb0d5ea9ed158e22fee86926,7200,profile,tfl-numbat-2024-twt,late,1.5,39.983333333333334,1,2,off,1,destination,0,0,0,0,0,0,0,0,0,0,free-flow,virtual,940GZZNEUGST,0,7200,7200,3600,3598.5,53f35b87ecc3f611,2399,1446,953,0,655,1744,10.916666666666666,262,937,13.1,807,false,0,1588,1744,287,167,5,1,0,0,1,1,3808,3098,709,7,london-link-048-a-departure,false,0,2965.2478602195356,5280.9,4689,2789.9610534808667,4823.633333333333,5392.166666666667,14304818.983392257,13119237.71773668,52.16157164232885,1,13295147.846134903,13295147.846134903,1,1,0,0,0.7240116457016897
full.json,40,c804c000282937a9e432d728ff24f126fee595b1,1-3,initial,raw/replay/full-late-r40-s3.json,0383116025818e73cd371cba29f97fd820fcc11fdb0d5ea9ed158e22fee86926,7200,profile,tfl-numbat-2024-twt,late,1.5,39.983333333333334,1,3,off,1,destination,0,0,0,0,0,0,0,0,0,0,free-flow,virtual,940GZZNEUGST,0,7200,7200,3600,3598.5,549d064bd95434ef,2399,1494,905,0,672,1727,11.2,258,941,13.8,786,false,0,1582,1729,287,166,5,2,0,0,1,1,2998,2444,552,7,london-link-045-a-departure,false,0,2933.4634639433093,5254.5,4632.616666666667,2810.88067826863,4777.65,5451.45,14317695.237808086,13128580.352806328,52.16625909966522,1,13379265.644809052,13379265.644809052,1,1,0,0,0.6204003136917612
full.json,1,c804c000282937a9e432d728ff24f126fee595b1,1-3,edge,raw/replay/full-morning-r1-s1.json,0383116025818e73cd371cba29f97fd820fcc11fdb0d5ea9ed158e22fee86926,5558,profile,tfl-numbat-2024-twt,morning,60,0.9833333333333333,1,1,off,1,destination,0,0,0,0,0,0,0,0,0,0,free-flow,virtual,940GZZNEUGST,0,7200,5558,3600,3540,819b25c433e49b54,59,59,0,0,45,14,0.75,11,18,1.1333333333333333,-4,true,1958,2,24,24,24,0,0,0,0,1,0,0,0,0,2,940GZZLUGPK-01-arrival,true,0,33.46638418079096,310.71666666666664,207.05,1111.9468926553673,2257.4666666666667,3110.7166666666667,880732.8913518183,74332.65938897146,92.2170096773655,1,880732.891427152,880732.891427152,1,1,0,0,0
full.json,1,c804c000282937a9e432d728ff24f126fee595b1,1-3,edge,raw/replay/full-morning-r1-s2.json,0383116025818e73cd371cba29f97fd820fcc11fdb0d5ea9ed158e22fee86926,5560,profile,tfl-numbat-2024-twt,morning,60,0.9833333333333333,1,2,off,1,destination,0,0,0,0,0,0,0,0,0,0,free-flow,virtual,940GZZNEUGST,0,7200,5560,3600,3540,3a178092aad3c47e,59,59,0,0,37,22,0.6166666666666667,14,15,0.7666666666666667,7,true,1960,3,23,23,22,1,0,0,0,1,0,6,5,1,2,940GZZLUGPK-01-arrival,true,94,38.66581920903955,294.26666666666665,179.65,1101.3463276836158,2199.5,2606.45,867502.2267213231,69800.66556854112,92.55302996046288,1,867502.2267936347,867502.2267936347,1,1,0,0,0
full.json,1,c804c000282937a9e432d728ff24f126fee595b1,1-3,edge,raw/replay/full-morning-r1-s3.json,0383116025818e73cd371cba29f97fd820fcc11fdb0d5ea9ed158e22fee86926,5334,profile,tfl-numbat-2024-twt,morning,60,0.9833333333333333,1,3,off,1,destination,0,0,0,0,0,0,0,0,0,0,free-flow,virtual,940GZZNEUGST,0,7200,5334,3600,3540,7b822578e9e99e03,59,59,0,0,40,19,0.6666666666666666,11,18,0.9666666666666667,1,true,1734,3,23,23,22,1,0,0,0,1,0,4,3,1,3,940GZZLUPAC-01-arrival,true,170,36.78983050847457,289.8833333333333,236.16666666666666,1167.4889830508475,2678.1833333333334,3092.8333333333335,923635.8718379204,72299.8940274633,92.74050631521996,1,923635.8719230362,923635.8719230362,1,1,0,0,0
full.json,2,c804c000282937a9e432d728ff24f126fee595b1,1-3,edge,raw/replay/full-morning-r2-s1.json,0383116025818e73cd371cba29f97fd820fcc11fdb0d5ea9ed158e22fee86926,5562,profile,tfl-numbat-2024-twt,morning,30,1.9833333333333334,1,1,off,1,destination,0,0,0,0,0,0,0,0,0,0,free-flow,virtual,940GZZNEUGST,0,7200,5562,3600,3570,ca01f1581c185676,119,119,0,0,85,34,1.4166666666666667,21,38,2.1333333333333333,-4,true,1962,5,42,42,39,1,0,0,0,1,0,3,1,2,3,london-link-008-a-departure,true,350,58.90364145658263,476.45,310.71666666666664,1129.5456582633053,2257.4666666666667,3219.9666666666667,1762910.2858616856,271669.7593800846,86.64737914758217,1,1762910.2857874492,1762910.2857874492,1,1,0,0,0
full.json,2,c804c000282937a9e432d728ff24f126fee595b1,1-3,edge,raw/replay/full-morning-r2-s2.json,0383116025818e73cd371cba29f97fd820fcc11fdb0d5ea9ed158e22fee86926,5961,profile,tfl-numbat-2024-twt,morning,30,1.9833333333333334,1,2,off,1,destination,0,0,0,0,0,0,0,0,0,0,free-flow,virtual,940GZZNEUGST,0,7200,5961,3600,3570,db3b198f324b1e35,119,119,0,0,81,38,1.35,26,33,1.8333333333333333,5,true,2361,6,40,40,39,1,0,0,0,1,0,16,14,2,2,940GZZLUBNK-01-departure,true,353,70.49929971988794,626.55,334.8333333333333,1086.9481792717086,2220.4333333333334,2720.133333333333,1672300.97997894,244813.7406396686,87.23009437011297,1,1672300.9799287,1672300.9799287,1,1,0,0,0
full.json,2,c804c000282937a9e432d728ff24f126fee595b1,1-3,edge,raw/replay/full-morning-r2-s3.json,0383116025818e73cd371cba29f97fd820fcc11fdb0d5ea9ed158e22fee86926,6536,profile,tfl-numbat-2024-twt,morning,30,1.9833333333333334,1,3,off,1,destination,0,0,0,0,0,0,0,0,0,0,free-flow,virtual,940GZZNEUGST,0,7200,6536,3600,3570,910e80ca8588ed65,119,119,0,0,80,39,1.3333333333333333,23,36,1.9,3,true,2936,6,41,41,38,1,0,0,0,1,0,21,15,6,4,london-link-008-a-departure,true,435,73.43893557422969,584.0333333333333,292.46666666666664,1151.8358543417366,2630.2833333333333,3092.8333333333335,1774733.2361729797,334687.6946282729,84.13366958954258,1,1774733.2360955756,1774733.2360955756,1,1,0,0,0
full.json,2,c804c000282937a9e432d728ff24f126fee595b1,4-10,boundary,raw/replay/full-morning-r2-s4.json,0383116025818e73cd371cba29f97fd820fcc11fdb0d5ea9ed158e22fee86926,6287,profile,tfl-numbat-2024-twt,morning,30,1.9833333333333334,1,4,off,1,destination,0,0,0,0,0,0,0,0,0,0,free-flow,virtual,940GZZNEUGST,0,7200,6287,3600,3570,2729ccfc24bed48a,119,119,0,0,83,36,1.3833333333333333,27,32,1.8666666666666667,4,true,2687,5,38,38,36,1,0,0,0,1,1,3,2,1,3,london-link-008-a-departure,true,604,68.66176470588236,873.5333333333333,384.53333333333336,1091.6757703081232,2191.483333333333,2746.7166666666667,1683306.2192257834,237719.65611954435,87.62537979469894,1,1683306.21917244,1683306.21917244,1,1,0,0,0
full.json,2,c804c000282937a9e432d728ff24f126fee595b1,4-10,boundary,raw/replay/full-morning-r2-s5.json,0383116025818e73cd371cba29f97fd820fcc11fdb0d5ea9ed158e22fee86926,5213,profile,tfl-numbat-2024-twt,morning,30,1.9833333333333334,1,5,off,1,destination,0,0,0,0,0,0,0,0,0,0,free-flow,virtual,940GZZNEUGST,0,7200,5213,3600,3570,d6fa23d57c43dea0,119,119,0,0,84,35,1.4,27,32,1.9,3,true,1613,7,39,39,35,1,0,0,0,1,0,16,11,5,3,london-link-020-a-departure,true,222,68.89187675070028,455.0833333333333,301.28333333333336,999.7128851540616,1949.2666666666667,2987.383333333333,1529439.0352089282,264088.37440638104,85.27547597039374,1,1529439.035196476,1529439.035196476,1,1,0,0,0
full.json,2,c804c000282937a9e432d728ff24f126fee595b1,4-10,boundary,raw/replay/full-morning-r2-s6.json,0383116025818e73cd371cba29f97fd820fcc11fdb0d5ea9ed158e22fee86926,5927,profile,tfl-numbat-2024-twt,morning,30,1.9833333333333334,1,6,off,1,destination,0,0,0,0,0,0,0,0,0,0,free-flow,virtual,940GZZNEUGST,0,7200,5927,3600,3570,e527778af5cc1c29,119,119,0,0,83,36,1.3833333333333333,23,36,2,0,true,2327,6,40,40,38,0,0,0,0,1,0,0,0,0,2,940GZZBPSUST-01-arrival,true,94,55.43641456582633,489.6166666666667,192.38333333333333,1092.0442577030813,2011.25,3573.5666666666666,1706435.5189476358,220503.41060092335,88.55680337245651,1,1706435.5188881175,1706435.5188881175,1,1,0,0,0
full.json,2,c804c000282937a9e432d728ff24f126fee595b1,4-10,boundary,raw/replay/full-morning-r2-s7.json,0383116025818e73cd371cba29f97fd820fcc11fdb0d5ea9ed158e22fee86926,6147,profile,tfl-numbat-2024-twt,morning,30,1.9833333333333334,1,7,off,1,destination,0,0,0,0,0,0,0,0,0,0,free-flow,virtual,940GZZNEUGST,0,7200,6147,3600,3570,928052b0709d0caa,119,119,0,0,79,40,1.3166666666666667,29,30,1.6666666666666667,10,true,2547,6,41,41,38,1,0,0,0,1,1,28,26,2,3,london-link-048-a-arrival,true,115,59.05140056022409,562.6,294.6666666666667,1050.8724089635855,2469.4166666666665,3206.4,1630869.4018166882,238139.1742613872,87.25852961246983,1,1630869.4017776411,1630869.4017776411,1,1,0,0,0.013350342658794909
full.json,2,c804c000282937a9e432d728ff24f126fee595b1,4-10,boundary,raw/replay/full-morning-r2-s8.json,0383116025818e73cd371cba29f97fd820fcc11fdb0d5ea9ed158e22fee86926,6259,profile,tfl-numbat-2024-twt,morning,30,1.9833333333333334,1,8,off,1,destination,0,0,0,0,0,0,0,0,0,0,free-flow,virtual,940GZZNEUGST,0,7200,6259,3600,3570,bdf9515568a6415b,119,119,0,0,78,41,1.3,28,31,1.6666666666666667,10,true,2659,6,42,42,38,2,0,0,0,1,0,39,33,6,3,london-link-008-a-departure,true,385,74.16400560224089,578.6666666666666,357.3833333333333,1079.4114845938375,2261.866666666667,2958.5666666666666,1653396.148036334,260319.41227782864,86.39717324370328,1,1653396.147991389,1653396.147991389,1,1,0,0,0
full.json,2,c804c000282937a9e432d728ff24f126fee595b1,4-10,boundary,raw/replay/full-morning-r2-s9.json,0383116025818e73cd371cba29f97fd820fcc11fdb0d5ea9ed158e22fee86926,5916,profile,tfl-numbat-2024-twt,morning,30,1.9833333333333334,1,9,off,1,destination,0,0,0,0,0,0,0,0,0,0,free-flow,virtual,940GZZNEUGST,0,7200,5916,3600,3570,029f5d850bbcc916,119,119,0,0,87,32,1.45,28,31,1.9666666666666666,1,true,2316,6,36,36,34,1,0,0,0,1,0,13,11,2,3,london-link-020-a-arrival,true,577,69.35056022408963,606.8166666666667,454.8666666666667,1023.5124649859945,2113.9333333333334,2525.383333333333,1568426.8416154943,216256.45456833264,87.88264253771234,1,1568426.841592751,1568426.841592751,1,1,0,0,0
full.json,2,c804c000282937a9e432d728ff24f126fee595b1,4-10,boundary,raw/replay/full-morning-r2-s10.json,0383116025818e73cd371cba29f97fd820fcc11fdb0d5ea9ed158e22fee86926,6078,profile,tfl-numbat-2024-twt,morning,30,1.9833333333333334,1,10,off,1,destination,0,0,0,0,0,0,0,0,0,0,free-flow,virtual,940GZZNEUGST,0,7200,6078,3600,3570,396a013822f2fdc9,119,119,0,0,79,40,1.3166666666666667,29,30,1.6666666666666667,10,true,2478,7,41,41,39,0,0,0,0,1,0,0,0,0,3,940GZZLUBNK-01-arrival,true,301,91.63921568627451,589.3833333333333,455.56666666666666,1116.1563025210085,2452.133333333333,3287.516666666667,1685882.4985612454,338637.34632393747,83.27320193084388,1,1685882.4985071146,1685882.4985071146,1,1,0,0,0
full.json,5,c804c000282937a9e432d728ff24f126fee595b1,1-3,initial,raw/replay/full-morning-r5-s1.json,0383116025818e73cd371cba29f97fd820fcc11fdb0d5ea9ed158e22fee86926,6482,profile,tfl-numbat-2024-twt,morning,12,4.983333333333333,1,1,off,1,destination,0,0,0,0,0,0,0,0,0,0,free-flow,virtual,940GZZNEUGST,0,7200,6482,3600,3588,b798061e95a55b97,299,299,0,0,199,100,3.316666666666667,61,88,4.6,12,true,2882,22,104,104,88,1,0,0,0,1,1,96,77,19,4,london-link-008-a-departure,true,862,155.11917502787068,1153.7333333333333,545.8666666666667,1166.2348383500557,2331.0333333333333,3783.05,4175930.3743152125,1301191.7654015252,76.24314864249459,1,4175930.373605919,4175930.373605919,1,1,0,0,0
full.json,5,c804c000282937a9e432d728ff24f126fee595b1,1-3,initial,raw/replay/full-morning-r5-s2.json,0383116025818e73cd371cba29f97fd820fcc11fdb0d5ea9ed158e22fee86926,6539,profile,tfl-numbat-2024-twt,morning,12,4.983333333333333,1,2,off,1,destination,0,0,0,0,0,0,0,0,0,0,free-flow,virtual,940GZZNEUGST,0,7200,6539,3600,3588,34d4ed437ad80640,299,299,0,0,193,106,3.216666666666667,62,87,4.366666666666666,19,true,2939,34,108,107,80,2,0,0,0,1,0,85,68,17,3,london-link-008-a-arrival,true,1052,205.7561872909699,1673.1,855.9,1233.1222408026756,2439.85,3751.1833333333334,4244530.149299008,1293014.3590066647,76.65004123998834,1,4244530.148571313,4244530.148571313,1,1,0,0,0
full.json,5,c804c000282937a9e432d728ff24f126fee595b1,1-3,initial,raw/replay/full-morning-r5-s3.json,0383116025818e73cd371cba29f97fd820fcc11fdb0d5ea9ed158e22fee86926,7200,profile,tfl-numbat-2024-twt,morning,12,4.983333333333333,1,3,off,1,destination,0,0,0,0,0,0,0,0,0,0,free-flow,virtual,940GZZNEUGST,0,7200,7200,3600,3588,00ff4695150d8f61,299,298,1,0,195,104,3.25,60,89,4.5,15,false,0,30,106,106,90,1,0,0,0,1,0,99,83,16,4,london-link-020-a-departure,true,1365,195.17552954292083,1508.3833333333334,725.25,1240.487975391499,2669.2166666666667,3682.116666666667,4353616.554135455,1589952.588033082,73.24919505432084,1,4313285.236712275,4313285.236712275,1,1,0,0,0
full.json,5,c804c000282937a9e432d728ff24f126fee595b1,4-10,boundary,raw/replay/full-morning-r5-s4.json,0383116025818e73cd371cba29f97fd820fcc11fdb0d5ea9ed158e22fee86926,7199,profile,tfl-numbat-2024-twt,morning,12,4.983333333333333,1,4,off,1,destination,0,0,0,0,0,0,0,0,0,0,free-flow,virtual,940GZZNEUGST,0,7200,7199,3600,3588,44ba0710582cd4c1,299,299,0,0,195,104,3.25,65,84,4.333333333333333,20,true,3599,29,110,109,84,1,0,0,0,1,1,94,72,22,4,london-link-008-a-arrival,true,1665,213.16103678929767,1796.1,987.85,1194.2535117056855,2615.516666666667,3742.35,4050771.9047488226,1402724.0650391157,74.27844317094707,1,4050771.904072624,4050771.904072624,1,1,0,0,0
full.json,5,c804c000282937a9e432d728ff24f126fee595b1,4-10,boundary,raw/replay/full-morning-r5-s5.json,0383116025818e73cd371cba29f97fd820fcc11fdb0d5ea9ed158e22fee86926,7139,profile,tfl-numbat-2024-twt,morning,12,4.983333333333333,1,5,off,1,destination,0,0,0,0,0,0,0,0,0,0,free-flow,virtual,940GZZNEUGST,0,7200,7139,3600,3588,2abbcd005d975177,299,299,0,0,210,89,3.5,62,87,4.933333333333334,2,true,3539,30,92,91,82,1,0,0,0,1,0,54,38,16,4,london-link-008-a-departure,true,1602,190.90479375696768,1937.0833333333333,841.45,1107.729877369008,2174.9666666666667,3886.883333333333,3782348.8803523895,1347651.3285945414,73.72999466463604,1,3782348.8797472157,3782348.8797472157,1,1,0,0,0
full.json,5,c804c000282937a9e432d728ff24f126fee595b1,4-10,boundary,raw/replay/full-morning-r5-s6.json,0383116025818e73cd371cba29f97fd820fcc11fdb0d5ea9ed158e22fee86926,6815,profile,tfl-numbat-2024-twt,morning,12,4.983333333333333,1,6,off,1,destination,0,0,0,0,0,0,0,0,0,0,free-flow,virtual,940GZZNEUGST,0,7200,6815,3600,3588,b7d61dbcc83b17c3,299,299,0,0,192,107,3.2,60,89,4.4,18,true,3215,22,109,109,94,2,0,0,0,1,1,116,96,20,4,london-link-024-a-departure,true,574,147.72190635451503,1089.65,573.3166666666667,1188.358695652174,2299.8166666666666,3576.5833333333335,4298433.077019855,1381174.3066342797,75.68187000725986,1,4298433.0762785915,4298433.0762785915,1,1,0,0,0
full.json,5,c804c000282937a9e432d728ff24f126fee595b1,4-10,boundary,raw/replay/full-morning-r5-s7.json,0383116025818e73cd371cba29f97fd820fcc11fdb0d5ea9ed158e22fee86926,6717,profile,tfl-numbat-2024-twt,morning,12,4.983333333333333,1,7,off,1,destination,0,0,0,0,0,0,0,0,0,0,free-flow,virtual,940GZZNEUGST,0,7200,6717,3600,3588,f5dfe1d62263e247,299,299,0,0,201,98,3.35,62,87,4.633333333333334,11,true,3117,29,103,102,85,2,0,0,0,1,1,105,86,19,4,940GZZLULNB-01-arrival,true,1181,164.6384615384615,1696.3833333333334,597.95,1158.4299331103678,2380.5333333333333,3644.266666666667,4103316.4861849155,1190699.54750975,77.5085768548614,1,4103316.48549524,4103316.48549524,1,1,0,0,0.021972215610212894
full.json,5,c804c000282937a9e432d728ff24f126fee595b1,4-10,boundary,raw/replay/full-morning-r5-s8.json,0383116025818e73cd371cba29f97fd820fcc11fdb0d5ea9ed158e22fee86926,6600,profile,tfl-numbat-2024-twt,morning,12,4.983333333333333,1,8,off,1,destination,0,0,0,0,0,0,0,0,0,0,free-flow,virtual,940GZZNEUGST,0,7200,6600,3600,3588,c8ecb19a8e478fc4,299,299,0,0,200,99,3.3333333333333335,66,83,4.466666666666667,16,true,3000,32,105,104,83,1,0,0,0,1,0,62,49,13,4,london-link-020-a-arrival,true,998,202.44409141583054,1525.4,743.8,1195.1929765886289,2364.233333333333,3539.616666666667,4100290.083031867,1464990.1456733025,73.67625554384436,1,4100290.082342792,4100290.082342792,1,1,0,0,0
full.json,5,c804c000282937a9e432d728ff24f126fee595b1,4-10,boundary,raw/replay/full-morning-r5-s9.json,0383116025818e73cd371cba29f97fd820fcc11fdb0d5ea9ed158e22fee86926,7200,profile,tfl-numbat-2024-twt,morning,12,4.983333333333333,1,9,off,1,destination,0,0,0,0,0,0,0,0,0,0,free-flow,virtual,940GZZNEUGST,0,7200,7200,3600,3588,8353678ecb1f405c,299,297,2,0,201,98,3.35,68,81,4.433333333333334,17,false,0,31,105,105,84,1,0,0,0,1,1,90,73,17,5,london-link-239-a-arrival,true,1476,206.18991081382384,1969.1,897.4333333333333,1176.9900112233445,2293.3166666666666,4151.016666666666,4085286.262360214,1188929.6055397429,77.45769920461863,1,4018195.461675182,4018195.461675182,1,1,0,0,0
full.json,5,c804c000282937a9e432d728ff24f126fee595b1,4-10,boundary,raw/replay/full-morning-r5-s10.json,0383116025818e73cd371cba29f97fd820fcc11fdb0d5ea9ed158e22fee86926,6317,profile,tfl-numbat-2024-twt,morning,12,4.983333333333333,1,10,off,1,destination,0,0,0,0,0,0,0,0,0,0,free-flow,virtual,940GZZNEUGST,0,7200,6317,3600,3588,93a20e5cabeb4851,299,299,0,0,203,96,3.3833333333333333,57,92,4.866666666666666,4,true,2717,28,105,105,89,1,0,0,0,1,0,76,62,14,4,london-link-008-a-departure,true,1224,194.66020066889632,1307.25,768.6833333333333,1200.9333333333334,2478.85,3717,4156334.006853656,1307801.8999799967,76.06571428165961,1,4156334.006149181,4156334.006149181,1,1,0,0,0
full.json,10,c804c000282937a9e432d728ff24f126fee595b1,1-3,initial,raw/replay/full-morning-r10-s1.json,0383116025818e73cd371cba29f97fd820fcc11fdb0d5ea9ed158e22fee86926,7200,profile,tfl-numbat-2024-twt,morning,6,9.983333333333333,1,1,off,1,destination,0,0,0,0,0,0,0,0,0,0,free-flow,virtual,940GZZNEUGST,0,7200,7200,3600,3594,b089e8e76c5be097,599,597,2,0,361,238,6.016666666666667,121,178,8,60,false,0,86,239,235,156,3,1,0,0,2,1,428,339,89,7,london-link-008-a-arrival,true,2843,354.4803283249861,2944.2,1216.3333333333333,1349.6770519262982,2714.8166666666666,3786.116666666667,8297941.729537855,3806207.171181737,68.55452454855823,1,8248896.461079153,8248896.461079153,1,1,0,0,0.42533670582555705
full.json,10,c804c000282937a9e432d728ff24f126fee595b1,1-3,initial,raw/replay/full-morning-r10-s2.json,0383116025818e73cd371cba29f97fd820fcc11fdb0d5ea9ed158e22fee86926,7200,profile,tfl-numbat-2024-twt,morning,6,9.983333333333333,1,2,off,1,destination,0,0,0,0,0,0,0,0,0,0,free-flow,virtual,940GZZNEUGST,0,7200,7200,3600,3594,4d7d0807bd2d28b3,599,592,7,0,358,241,5.966666666666667,122,177,7.866666666666666,64,false,0,106,244,241,147,4,0,0,0,1,1,560,457,103,5,london-link-008-a-arrival,true,1995,439.12668336115746,2785.6666666666665,1407.9666666666667,1412.3317567567567,2940.85,4700.65,8297191.968269353,4353403.056824116,65.5873652726311,1,8086522.883144139,8086522.883144139,1,1,0,0,0.2109459838161628
full.json,10,c804c000282937a9e432d728ff24f126fee595b1,1-3,initial,raw/replay/full-morning-r10-s3.json,0383116025818e73cd371cba29f97fd820fcc11fdb0d5ea9ed158e22fee86926,7200,profile,tfl-numbat-2024-twt,morning,6,9.983333333333333,1,3,off,1,destination,0,0,0,0,0,0,0,0,0,0,free-flow,virtual,940GZZNEUGST,0,7200,7200,3600,3594,aeffb372e10249c8,599,594,5,0,355,244,5.916666666666667,104,195,8.366666666666667,49,false,0,94,247,243,155,3,1,0,0,1,1,575,478,97,5,london-link-010-a-departure,true,2503,392.1722593210907,2787.4333333333334,1192.3666666666666,1409.7373456790122,2869.15,4099.35,8576625.101491999,4078052.9830496954,67.77434435071694,1,8455413.450371016,8455413.450371016,1,1,0,0,0.03305669332364254
full.json,15,c804c000282937a9e432d728ff24f126fee595b1,1-3,initial,raw/replay/full-morning-r15-s1.json,0383116025818e73cd371cba29f97fd820fcc11fdb0d5ea9ed158e22fee86926,7200,profile,tfl-numbat-2024-twt,morning,4,14.983333333333333,1,1,off,1,destination,0,0,0,0,0,0,0,0,0,0,free-flow,virtual,940GZZNEUGST,0,7200,7200,3600,3596,b0ea37ec1f1a0e2c,899,865,34,0,460,439,7.666666666666667,164,285,9.866666666666667,154,false,0,300,440,287,183,4,2,0,0,1,1,1455,1197,258,6,london-link-008-a-departure,false,0,892.9492213570634,4290.4,2425.55,1785.025125240848,3482.0333333333333,4594.016666666666,12073719.308333391,8808389.545049574,57.8184865958948,1,11633468.4402101,11633468.4402101,1,1,0,0,0.3618349061921784
full.json,15,c804c000282937a9e432d728ff24f126fee595b1,1-3,initial,raw/replay/full-morning-r15-s2.json,0383116025818e73cd371cba29f97fd820fcc11fdb0d5ea9ed158e22fee86926,7200,profile,tfl-numbat-2024-twt,morning,4,14.983333333333333,1,2,off,1,destination,0,0,0,0,0,0,0,0,0,0,free-flow,virtual,940GZZNEUGST,0,7200,7200,3600,3596,16a007faafe19a85,899,864,35,0,452,447,7.533333333333333,156,293,9.866666666666667,154,false,0,325,447,287,162,6,0,0,0,1,1,1884,1547,337,7,london-link-008-a-arrival,false,0,999.6533555802744,3632,2563.016666666667,1903.8998070987655,3698.6833333333334,4922.116666666667,12229073.343662145,9281672.894695206,56.85099534973645,1,11654319.346799906,11654319.346799906,1,1,0,0,0.9965582219110235
full.json,15,c804c000282937a9e432d728ff24f126fee595b1,1-3,initial,raw/replay/full-morning-r15-s3.json,0383116025818e73cd371cba29f97fd820fcc11fdb0d5ea9ed158e22fee86926,7200,profile,tfl-numbat-2024-twt,morning,4,14.983333333333333,1,3,off,1,destination,0,0,0,0,0,0,0,0,0,0,free-flow,virtual,940GZZNEUGST,0,7200,7200,3600,3596,f7548341be220377,899,867,32,0,436,463,7.266666666666667,158,291,9.266666666666667,172,false,0,309,464,287,175,4,1,0,0,1,1,1844,1488,356,6,london-link-008-a-arrival,false,0,953.3760289210234,4060,2469.1833333333334,1890.5836216839677,3626.75,4643.483333333334,12540064.758517638,8667743.43914074,59.129470813972304,1,12024482.580545856,12024482.580545856,1,1,0,0,0.48844026873681945
full.json,20,c804c000282937a9e432d728ff24f126fee595b1,1-3,initial,raw/replay/full-morning-r20-s1.json,0383116025818e73cd371cba29f97fd820fcc11fdb0d5ea9ed158e22fee86926,7200,profile,tfl-numbat-2024-twt,morning,3,19.983333333333334,1,1,off,1,destination,0,0,0,0,0,0,0,0,0,0,free-flow,virtual,940GZZNEUGST,0,7200,7200,3600,3597,3d86c74880b14e26,1199,981,218,0,462,737,7.7,186,413,9.2,324,false,0,588,737,287,186,5,3,0,0,1,1,2653,2165,488,7,london-link-008-a-departure,false,0,1781.3643174867946,4659.216666666666,3850.866666666667,2303.5830445124025,4134.216666666666,5400.7,13997092.539379222,12443494.38525554,52.937904061191986,1,12677704.730871785,12677704.730871785,1,1,0,0,0.9260538612269507
full.json,20,c804c000282937a9e432d728ff24f126fee595b1,1-3,initial,raw/replay/full-morning-r20-s2.json,0383116025818e73cd371cba29f97fd820fcc11fdb0d5ea9ed158e22fee86926,7200,profile,tfl-numbat-2024-twt,morning,3,19.983333333333334,1,2,off,1,destination,0,0,0,0,0,0,0,0,0,0,free-flow,virtual,940GZZNEUGST,0,7200,7200,3600,3597,1a61cc4bdb1c8151,1199,965,234,0,462,737,7.7,183,416,9.3,321,false,0,593,738,287,167,4,0,0,0,1,1,2476,2011,465,7,london-link-008-a-arrival,false,0,1839.8567973311094,4812,3876,2351.3113816925734,4207.733333333334,5329.966666666666,13993960.954621907,12518612.755388802,52.78235567653705,1,12628447.84905243,12628447.84905243,1,1,0,0,1.0857402149967181
full.json,20,c804c000282937a9e432d728ff24f126fee595b1,1-3,initial,raw/replay/full-morning-r20-s3.json,0383116025818e73cd371cba29f97fd820fcc11fdb0d5ea9ed158e22fee86926,7200,profile,tfl-numbat-2024-twt,morning,3,19.983333333333334,1,3,off,1,destination,0,0,0,0,0,0,0,0,0,0,free-flow,virtual,940GZZNEUGST,0,7200,7200,3600,3597,9a3d9a447f0c0275,1199,977,222,0,453,746,7.55,189,410,8.8,336,false,0,597,747,287,191,4,1,0,0,1,1,2234,1801,433,6,london-link-008-a-arrival,false,0,1808.3046427578536,4845,3846.866666666667,2354.911975435005,4226.566666666667,5369.283333333334,14325961.666640233,12147317.74678457,54.114797955010545,1,12999380.876731139,12999380.876731139,1,1,0,0,0.9101808435179432
full.json,30,c804c000282937a9e432d728ff24f126fee595b1,1-3,initial,raw/replay/full-morning-r30-s1.json,0383116025818e73cd371cba29f97fd820fcc11fdb0d5ea9ed158e22fee86926,7200,profile,tfl-numbat-2024-twt,morning,2,29.983333333333334,1,1,off,1,destination,0,0,0,0,0,0,0,0,0,0,free-flow,virtual,940GZZNEUGST,0,7200,7200,3600,3598,db726ee2fbd49fd6,1799,992,807,0,475,1324,7.916666666666667,213,686,8.733333333333333,638,false,0,1186,1325,287,195,3,3,0,0,1,1,2533,2094,439,6,london-link-008-a-arrival,false,0,2940.9538632573654,5520,4834.666666666667,2760.2977318548387,5020.433333333333,5805.866666666667,14125425.039878728,13219378.615386358,51.656706765780555,1,12883705.857587198,12883705.857587198,1,1,0,0,0.7722633228586198
full.json,30,c804c000282937a9e432d728ff24f126fee595b1,1-3,initial,raw/replay/full-morning-r30-s2.json,0383116025818e73cd371cba29f97fd820fcc11fdb0d5ea9ed158e22fee86926,7200,profile,tfl-numbat-2024-twt,morning,2,29.983333333333334,1,2,off,1,destination,0,0,0,0,0,0,0,0,0,0,free-flow,virtual,940GZZNEUGST,0,7200,7200,3600,3598,8795cede4e913e45,1799,973,826,0,475,1324,7.916666666666667,202,697,9.1,627,false,0,1179,1324,287,176,4,0,0,0,1,1,2767,2204,563,8,london-link-008-a-arrival,false,0,2960.8659440429865,5264,4862,2761.627183967112,5072.533333333334,6368.833333333333,14256860.822590984,13062442.930976275,52.18603281838533,1,12789072.865202274,12789072.865202274,1,1,0,0,1.320823626609366
full.json,30,c804c000282937a9e432d728ff24f126fee595b1,1-3,initial,raw/replay/full-morning-r30-s3.json,0383116025818e73cd371cba29f97fd820fcc11fdb0d5ea9ed158e22fee86926,7200,profile,tfl-numbat-2024-twt,morning,2,29.983333333333334,1,3,off,1,destination,0,0,0,0,0,0,0,0,0,0,free-flow,virtual,940GZZNEUGST,0,7200,7200,3600,3598,1c897438024e50d6,1799,987,812,0,470,1329,7.833333333333333,209,690,8.7,639,false,0,1183,1329,287,195,3,1,0,0,1,1,2450,2011,439,6,london-link-129-a-departure,false,0,2937.742292014082,5313.916666666667,4823.533333333334,2766.564336372847,4972.55,5703.433333333333,14530019.279970592,12805235.840038331,53.1548698418215,1,13063536.93153751,13063536.93153751,1,1,0,0,0.8912668613262926
full.json,40,c804c000282937a9e432d728ff24f126fee595b1,1-3,initial,raw/replay/full-morning-r40-s1.json,0383116025818e73cd371cba29f97fd820fcc11fdb0d5ea9ed158e22fee86926,7200,profile,tfl-numbat-2024-twt,morning,1.5,39.983333333333334,1,1,off,1,destination,0,0,0,0,0,0,0,0,0,0,free-flow,virtual,940GZZNEUGST,0,7200,7200,3600,3598.5,03ca9dd41734019b,2399,1010,1389,0,479,1920,7.983333333333333,221,978,8.6,942,false,0,1763,1920,287,198,4,4,0,0,1,1,2769,2312,457,7,london-link-008-a-arrival,false,0,3517.137758788384,5940,5334,2980.9889273927397,5416.533333333334,6026.816666666667,14343546.748555882,13297467.59532972,51.89225898190955,1,13040180.990456916,13040180.990456916,1,1,0,0,0.8538072311478653
full.json,40,c804c000282937a9e432d728ff24f126fee595b1,1-3,initial,raw/replay/full-morning-r40-s2.json,0383116025818e73cd371cba29f97fd820fcc11fdb0d5ea9ed158e22fee86926,7200,profile,tfl-numbat-2024-twt,morning,1.5,39.983333333333334,1,2,off,1,destination,0,0,0,0,0,0,0,0,0,0,free-flow,virtual,940GZZNEUGST,0,7200,7200,3600,3598.5,b36380e8d66872bf,2399,1003,1396,0,484,1915,8.066666666666666,215,984,8.966666666666667,931,false,0,1754,1915,287,179,4,0,0,0,1,1,3133,2578,555,8,london-link-008-a-arrival,false,0,3520.5762956787553,5847,5338.5,2993.719757394483,5436.25,6367.7,14564139.728848971,13056638.022699624,52.728926968873694,1,13283570.434700277,13283570.434700277,1,1,0,0,1.289579625593635
full.json,40,c804c000282937a9e432d728ff24f126fee595b1,1-3,initial,raw/replay/full-morning-r40-s3.json,0383116025818e73cd371cba29f97fd820fcc11fdb0d5ea9ed158e22fee86926,7200,profile,tfl-numbat-2024-twt,morning,1.5,39.983333333333334,1,3,off,1,destination,0,0,0,0,0,0,0,0,0,0,free-flow,virtual,940GZZNEUGST,0,7200,7200,3600,3598.5,af73e757e3b5faf8,2399,1019,1380,0,487,1912,8.116666666666667,221,978,8.866666666666667,934,false,0,1768,1912,287,198,4,1,0,0,1,1,2342,1922,420,6,london-link-008-b-arrival,false,0,3509.764589412255,6022.5,5331,3022.14605822702,5459.166666666667,5935.55,14826710.508212639,12822921.344866158,53.623536787024804,1,13469814.594966998,13469814.594966998,1,1,0,0,0.7003031207614682
full.json,5,c804c000282937a9e432d728ff24f126fee595b1,1-3,initial,raw/replay/full-pm-peak-r5-s1.json,0383116025818e73cd371cba29f97fd820fcc11fdb0d5ea9ed158e22fee86926,6010,profile,tfl-numbat-2024-twt,pm-peak,12,4.983333333333333,1,1,off,1,destination,0,0,0,0,0,0,0,0,0,0,free-flow,virtual,940GZZNEUGST,0,7200,6010,3600,3588,7c98bb0ae60e7beb,299,299,0,0,225,74,3.75,86,63,4.633333333333334,11,true,2410,17,77,77,66,1,0,0,0,1,1,70,57,13,3,940GZZLUKSX-01-arrival,true,527,101.23745819397995,538.7333333333333,295.76666666666665,812.5523968784838,1696.4666666666667,3045.9166666666665,2922691.5608064984,719397.6043978625,80.24766633198294,1,2922691.560428135,2922691.560428135,1,1,0,0,0
full.json,5,c804c000282937a9e432d728ff24f126fee595b1,1-3,initial,raw/replay/full-pm-peak-r5-s2.json,0383116025818e73cd371cba29f97fd820fcc11fdb0d5ea9ed158e22fee86926,5303,profile,tfl-numbat-2024-twt,pm-peak,12,4.983333333333333,1,2,off,1,destination,0,0,0,0,0,0,0,0,0,0,free-flow,virtual,940GZZNEUGST,0,7200,5303,3600,3588,d6811e4837e45754,299,299,0,0,237,62,3.95,90,59,4.9,3,true,1703,16,75,74,66,1,0,0,0,1,1,97,81,16,4,london-link-051-a-departure,true,341,95.81605351170568,424.75,293.4,750.99375696767,1802.9,2580.9333333333334,2687352.0277879164,632600.2640920545,80.94550136641166,1,2687352.0274713864,2687352.0274713864,1,1,0,0,0.004152030758243857
full.json,5,c804c000282937a9e432d728ff24f126fee595b1,1-3,initial,raw/replay/full-pm-peak-r5-s3.json,0383116025818e73cd371cba29f97fd820fcc11fdb0d5ea9ed158e22fee86926,5698,profile,tfl-numbat-2024-twt,pm-peak,12,4.983333333333333,1,3,off,1,destination,0,0,0,0,0,0,0,0,0,0,free-flow,virtual,940GZZNEUGST,0,7200,5698,3600,3588,d8b526937a7dee3f,299,299,0,0,240,59,4,89,60,5.033333333333333,-1,true,2098,14,79,79,67,2,1,0,0,1,1,65,48,17,4,london-link-151-a-departure,true,177,96.09208472686734,333.98333333333335,269.7,782.3957079152732,1675.6333333333334,2389.516666666667,2819630.0439392673,618670.1596579257,82.00651126941547,1,2819630.043587945,2819630.043587945,1,1,0,0,0
full.json,10,c804c000282937a9e432d728ff24f126fee595b1,1-3,initial,raw/replay/full-pm-peak-r10-s1.json,0383116025818e73cd371cba29f97fd820fcc11fdb0d5ea9ed158e22fee86926,6458,profile,tfl-numbat-2024-twt,pm-peak,6,9.983333333333333,1,1,off,1,destination,0,0,0,0,0,0,0,0,0,0,free-flow,virtual,940GZZNEUGST,0,7200,6458,3600,3594,1e05a1d1b9c870e7,599,599,0,0,428,171,7.133333333333334,152,147,9.2,24,true,2858,59,173,169,132,2,1,0,0,1,1,371,303,68,5,london-link-088-a-arrival,true,771,221.2946855870896,825,626.7333333333333,943.2919031719532,1925.2833333333333,3081.25,5938313.036968102,2193702.2188185574,73.02387969258245,1,5938313.035799323,5938313.035799323,1,1,0,0,0.13400755531204253
full.json,10,c804c000282937a9e432d728ff24f126fee595b1,1-3,initial,raw/replay/full-pm-peak-r10-s2.json,0383116025818e73cd371cba29f97fd820fcc11fdb0d5ea9ed158e22fee86926,6413,profile,tfl-numbat-2024-twt,pm-peak,6,9.983333333333333,1,2,off,1,destination,0,0,0,0,0,0,0,0,0,0,free-flow,virtual,940GZZNEUGST,0,7200,6413,3600,3594,d9bc2d34343c4048,599,599,0,0,447,152,7.45,164,135,9.433333333333334,17,true,2813,44,154,151,123,2,1,0,0,1,1,316,251,65,6,london-link-048-a-departure,true,493,176.11046188091262,685.55,449.5833333333333,854.1797718419589,1797.2833333333333,3446.5333333333333,5568476.415181935,1931579.6798535597,74.24579689301086,1,5568476.414111192,5568476.414111192,1,1,0,0,0.29645793383147084
full.json,10,c804c000282937a9e432d728ff24f126fee595b1,1-3,initial,raw/replay/full-pm-peak-r10-s3.json,0383116025818e73cd371cba29f97fd820fcc11fdb0d5ea9ed158e22fee86926,5651,profile,tfl-numbat-2024-twt,pm-peak,6,9.983333333333333,1,3,off,1,destination,0,0,0,0,0,0,0,0,0,0,free-flow,virtual,940GZZNEUGST,0,7200,5651,3600,3594,9fa279271ab253e4,599,599,0,0,458,141,7.633333333333334,154,145,10.133333333333333,-4,true,2051,42,149,146,120,2,1,0,0,1,1,305,250,55,4,940GZZLUKSX-01-arrival,true,507,175.2873956594324,651.4333333333333,437.55,850.0676405119643,1779.65,2722.2,5544149.452992456,1807820.2842132752,75.41039546089897,1,5544149.451927666,5544149.451927666,1,1,0,0,0.10532727357915944
full.json,10,c804c000282937a9e432d728ff24f126fee595b1,4-10,boundary,raw/replay/full-pm-peak-r10-s4.json,0383116025818e73cd371cba29f97fd820fcc11fdb0d5ea9ed158e22fee86926,6360,profile,tfl-numbat-2024-twt,pm-peak,6,9.983333333333333,1,4,off,1,destination,0,0,0,0,0,0,0,0,0,0,free-flow,virtual,940GZZNEUGST,0,7200,6360,3600,3594,266eb9ba43c1be27,599,599,0,0,449,150,7.483333333333333,158,141,9.7,9,true,2760,49,156,153,120,2,1,0,0,2,1,248,194,54,5,london-link-020-a-arrival,true,632,193.13539232053424,765.3166666666667,499.06666666666666,871.1218141346689,1794.1333333333334,2914.6833333333334,5572943.492442935,2078615.7467014214,72.8340893439405,1,5572943.491370673,5572943.491370673,1,1,0,0,0.18057600501720159
full.json,10,c804c000282937a9e432d728ff24f126fee595b1,4-10,boundary,raw/replay/full-pm-peak-r10-s5.json,0383116025818e73cd371cba29f97fd820fcc11fdb0d5ea9ed158e22fee86926,6381,profile,tfl-numbat-2024-twt,pm-peak,6,9.983333333333333,1,5,off,1,destination,0,0,0,0,0,0,0,0,0,0,free-flow,virtual,940GZZNEUGST,0,7200,6381,3600,3594,7c09f64dc479fa7b,599,599,0,0,443,156,7.383333333333334,160,139,9.433333333333334,17,true,2781,53,166,162,125,2,1,0,0,2,1,343,277,66,5,london-link-051-a-departure,true,512,202.54949916527545,787.75,499.03333333333336,931.001752921536,1836.8166666666666,4142.366666666667,5992708.625965718,2123906.9284911463,73.83260406703751,1,5992708.624783164,5992708.624783164,1,1,0,0,0.032294855429530075
full.json,10,c804c000282937a9e432d728ff24f126fee595b1,4-10,boundary,raw/replay/full-pm-peak-r10-s6.json,0383116025818e73cd371cba29f97fd820fcc11fdb0d5ea9ed158e22fee86926,5712,profile,tfl-numbat-2024-twt,pm-peak,6,9.983333333333333,1,6,off,1,destination,0,0,0,0,0,0,0,0,0,0,free-flow,virtual,940GZZNEUGST,0,7200,5712,3600,3594,3d149538bebd7fa0,599,599,0,0,450,149,7.5,157,142,9.766666666666667,7,true,2112,44,157,154,122,2,1,0,0,1,1,345,277,68,5,london-link-048-a-arrival,true,561,166.96402337228713,809.35,440.23333333333335,867.3291597106289,1710.4833333333333,3197.866666666667,5755524.313045611,1918035.5360654534,75.00461879778462,1,5755524.311925351,5755524.311925351,1,1,0,0,0.22419470447796586
full.json,10,c804c000282937a9e432d728ff24f126fee595b1,4-10,boundary,raw/replay/full-pm-peak-r10-s7.json,0383116025818e73cd371cba29f97fd820fcc11fdb0d5ea9ed158e22fee86926,5822,profile,tfl-numbat-2024-twt,pm-peak,6,9.983333333333333,1,7,off,1,destination,0,0,0,0,0,0,0,0,0,0,free-flow,virtual,940GZZNEUGST,0,7200,5822,3600,3594,092522b72f8afe65,599,599,0,0,455,144,7.583333333333333,162,137,9.766666666666667,7,true,2222,51,160,155,124,3,1,0,0,1,1,412,325,87,5,london-link-008-a-departure,true,322,164.6570673344463,608.4666666666667,453.5,859.4135225375626,1793.65,3241.0333333333333,5709366.142932506,1661478.8056557719,77.45877416707849,1,5709366.141824964,5709366.141824964,1,1,0,0,0.11284425437785263
full.json,10,c804c000282937a9e432d728ff24f126fee595b1,4-10,boundary,raw/replay/full-pm-peak-r10-s8.json,0383116025818e73cd371cba29f97fd820fcc11fdb0d5ea9ed158e22fee86926,5821,profile,tfl-numbat-2024-twt,pm-peak,6,9.983333333333333,1,8,off,1,destination,0,0,0,0,0,0,0,0,0,0,free-flow,virtual,940GZZNEUGST,0,7200,5821,3600,3594,ee3eb4b5d27e2ab3,599,599,0,0,442,157,7.366666666666666,167,132,9.166666666666666,25,true,2221,57,158,155,119,3,2,0,0,1,2,366,303,63,5,london-link-090-a-departure,true,756,195.03903728436282,821.8333333333334,524.5833333333334,876.7956594323873,1925.1666666666667,2788.766666666667,5601969.862188891,2061109.8362023085,73.10337465712352,1,5601969.861109094,5601969.861109094,1,1,0,0,0.03956421812113125
full.json,10,c804c000282937a9e432d728ff24f126fee595b1,4-10,boundary,raw/replay/full-pm-peak-r10-s9.json,0383116025818e73cd371cba29f97fd820fcc11fdb0d5ea9ed158e22fee86926,5838,profile,tfl-numbat-2024-twt,pm-peak,6,9.983333333333333,1,9,off,1,destination,0,0,0,0,0,0,0,0,0,0,free-flow,virtual,940GZZNEUGST,0,7200,5838,3600,3594,a8a2484ea7f13b9c,599,599,0,0,442,157,7.366666666666666,147,152,9.833333333333334,5,true,2238,55,167,163,123,3,1,0,0,1,1,484,379,105,6,london-link-149-a-arrival,true,689,216.33976071229827,781.1333333333333,558.2,912.1266277128548,1764.6,2897.4333333333334,5717194.768892597,2543940.134606888,69.20592431520208,1,5717194.767782899,5717194.767782899,1,1,0,0,0.1929071575897953
full.json,10,c804c000282937a9e432d728ff24f126fee595b1,4-10,boundary,raw/replay/full-pm-peak-r10-s10.json,0383116025818e73cd371cba29f97fd820fcc11fdb0d5ea9ed158e22fee86926,5537,profile,tfl-numbat-2024-twt,pm-peak,6,9.983333333333333,1,10,off,1,destination,0,0,0,0,0,0,0,0,0,0,free-flow,virtual,940GZZNEUGST,0,7200,5537,3600,3594,140c437a01ae9824,599,599,0,0,447,152,7.45,164,135,9.433333333333334,17,true,1937,48,159,157,129,2,1,0,0,1,1,287,229,58,5,940GZZLUVIC-01-arrival,true,544,189.0168892598776,895.4833333333333,496.95,849.0555648302727,1717.6,3311.2166666666667,5419604.055491611,2031926.7195542553,72.73141880647005,1,5419604.054459757,5419604.054459757,1,1,0,0,0.052503531047334524
full.json,15,c804c000282937a9e432d728ff24f126fee595b1,1-3,initial,raw/replay/full-pm-peak-r15-s1.json,0383116025818e73cd371cba29f97fd820fcc11fdb0d5ea9ed158e22fee86926,7056,profile,tfl-numbat-2024-twt,pm-peak,4,14.983333333333333,1,1,off,1,destination,0,0,0,0,0,0,0,0,0,0,free-flow,virtual,940GZZNEUGST,0,7200,7056,3600,3596,3f0f0c4d29ac28f4,899,899,0,0,602,297,10.033333333333333,201,248,13.366666666666667,49,true,3456,135,308,287,177,3,5,0,0,1,2,1080,874,206,6,london-link-178-b-departure,true,2307,402.706340378198,2658.133333333333,962.4,1114.090730441231,2231.483333333333,3827.866666666667,8763786.600781523,5067023.529499141,63.36423187239346,1,8763786.600363092,8763786.600363092,1,1,0,0,0.2139759728425087
full.json,15,c804c000282937a9e432d728ff24f126fee595b1,1-3,initial,raw/replay/full-pm-peak-r15-s2.json,0383116025818e73cd371cba29f97fd820fcc11fdb0d5ea9ed158e22fee86926,7200,profile,tfl-numbat-2024-twt,pm-peak,4,14.983333333333333,1,2,off,1,destination,0,0,0,0,0,0,0,0,0,0,free-flow,virtual,940GZZNEUGST,0,7200,7200,3600,3596,55941e6f517da673,899,898,1,0,624,275,10.4,234,215,13,60,false,0,122,279,272,170,3,1,0,0,1,1,1027,819,208,6,london-link-008-a-arrival,true,2033,330.33066370040785,2156.5,809.5333333333333,1002.3463251670379,1973.5333333333333,3593.8,8310410.274934473,4347198.875947112,65.6554502186984,1,8266737.889562104,8266737.889562104,1,1,0,0,0.37060619418458474
full.json,15,c804c000282937a9e432d728ff24f126fee595b1,1-3,initial,raw/replay/full-pm-peak-r15-s3.json,0383116025818e73cd371cba29f97fd820fcc11fdb0d5ea9ed158e22fee86926,7200,profile,tfl-numbat-2024-twt,pm-peak,4,14.983333333333333,1,3,off,1,destination,0,0,0,0,0,0,0,0,0,0,free-flow,virtual,940GZZNEUGST,0,7200,7200,3600,3596,d3c67ad21983f770,899,897,2,0,634,265,10.566666666666666,220,229,13.8,36,false,0,108,273,266,176,4,1,0,0,1,1,948,755,193,6,london-link-048-a-arrival,true,1973,314.9072117167223,2060.383333333333,748.0666666666667,990.3649386845038,1945.7333333333333,3192.75,8391331.588030254,4253244.235397939,66.36309280128307,1,8320609.186235223,8320609.186235223,1,1,0,0,0.2240991616990989
full.json,15,c804c000282937a9e432d728ff24f126fee595b1,4-10,boundary,raw/replay/full-pm-peak-r15-s4.json,0383116025818e73cd371cba29f97fd820fcc11fdb0d5ea9ed158e22fee86926,6251,profile,tfl-numbat-2024-twt,pm-peak,4,14.983333333333333,1,4,off,1,destination,0,0,0,0,0,0,0,0,0,0,free-flow,virtual,940GZZNEUGST,0,7200,6251,3600,3596,026927034c430dde,899,899,0,0,625,274,10.416666666666666,209,240,13.866666666666667,34,true,2651,120,284,277,176,3,2,0,0,1,2,1050,856,189,6,london-link-048-a-departure,true,1697,357.0806822395254,1900.9,925.8666666666667,1034.2230070448645,2109.633333333333,3262.366666666667,8335358.44493077,4631242.1529730465,64.28329755354896,1,8335358.443139809,8335358.443139809,1,1,0,0,0.27228206806839145
full.json,15,c804c000282937a9e432d728ff24f126fee595b1,4-10,boundary,raw/replay/full-pm-peak-r15-s5.json,0383116025818e73cd371cba29f97fd820fcc11fdb0d5ea9ed158e22fee86926,6765,profile,tfl-numbat-2024-twt,pm-peak,4,14.983333333333333,1,5,off,1,destination,0,0,0,0,0,0,0,0,0,0,free-flow,virtual,940GZZNEUGST,0,7200,6765,3600,3596,d59972af76bebe66,899,899,0,0,589,310,9.816666666666666,217,232,12.4,78,true,3165,157,311,287,166,4,1,0,0,1,1,1091,882,209,6,london-link-008-a-departure,true,2171,421.68524286243974,2306.1,1102.9666666666667,1145.4138116425659,2279.266666666667,4249.866666666667,8921571.607264262,5328950.901073872,62.60522448944699,1,8921571.607425781,8921571.607425781,1,1,0,0,0.37874091409264915
full.json,15,c804c000282937a9e432d728ff24f126fee595b1,4-10,boundary,raw/replay/full-pm-peak-r15-s6.json,0383116025818e73cd371cba29f97fd820fcc11fdb0d5ea9ed158e22fee86926,7200,profile,tfl-numbat-2024-twt,pm-peak,4,14.983333333333333,1,6,off,1,destination,0,0,0,0,0,0,0,0,0,0,free-flow,virtual,940GZZNEUGST,0,7200,7200,3600,3596,5e3d325b017544ee,899,898,1,0,621,278,10.35,208,241,13.766666666666667,37,false,0,120,281,275,171,4,2,0,0,1,1,1106,907,196,6,london-link-025-a-departure,true,1867,359.3863922877271,2379.866666666667,949.6,1057.2093170007424,2193.8166666666666,3393.4166666666665,8637544.702927394,4714267.385506489,64.69192829945335,1,8599450.35203989,8599450.35203989,1,1,0,0,0.29408120275907645
full.json,15,c804c000282937a9e432d728ff24f126fee595b1,4-10,boundary,raw/replay/full-pm-peak-r15-s7.json,0383116025818e73cd371cba29f97fd820fcc11fdb0d5ea9ed158e22fee86926,7200,profile,tfl-numbat-2024-twt,pm-peak,4,14.983333333333333,1,7,off,1,destination,0,0,0,0,0,0,0,0,0,0,free-flow,virtual,940GZZNEUGST,0,7200,7200,3600,3596,6701ae51d786cb32,899,898,1,0,622,277,10.366666666666667,227,222,13.166666666666666,55,false,0,117,281,275,169,3,2,0,0,1,1,800,652,147,6,940GZZLUKSX-01-departure,true,1751,334.76392287727106,1886.1833333333334,870.4,1023.1004083147735,2057.866666666667,3375.0833333333335,8519074.83183594,4396519.909972259,65.95960156801311,1,8493212.280511662,8493212.280511662,1,1,0,0,0.47726937852479984
full.json,15,c804c000282937a9e432d728ff24f126fee595b1,4-10,boundary,raw/replay/full-pm-peak-r15-s8.json,0383116025818e73cd371cba29f97fd820fcc11fdb0d5ea9ed158e22fee86926,7200,profile,tfl-numbat-2024-twt,pm-peak,4,14.983333333333333,1,8,off,1,destination,0,0,0,0,0,0,0,0,0,0,free-flow,virtual,940GZZNEUGST,0,7200,7200,3600,3596,92afa591ce980879,899,898,1,0,611,288,10.183333333333334,221,228,13,60,false,0,131,298,287,181,4,1,0,0,1,1,1031,837,191,6,london-link-008-a-arrival,true,2070,359.2028179458658,2282.8,900.7,1034.251150705271,2055.5333333333333,3206.2833333333333,8346401.7598268455,4878052.3143941965,63.11339366436926,1,8322038.374698332,8322038.374698332,1,1,0,0,0.5604697309849564
full.json,15,c804c000282937a9e432d728ff24f126fee595b1,4-10,boundary,raw/replay/full-pm-peak-r15-s9.json,0383116025818e73cd371cba29f97fd820fcc11fdb0d5ea9ed158e22fee86926,6925,profile,tfl-numbat-2024-twt,pm-peak,4,14.983333333333333,1,9,off,1,destination,0,0,0,0,0,0,0,0,0,0,free-flow,virtual,940GZZNEUGST,0,7200,6925,3600,3596,a384d30882269f6e,899,899,0,0,596,303,9.933333333333334,207,242,12.966666666666667,61,true,3325,142,308,287,174,5,1,0,0,1,1,1436,1185,250,7,london-link-063-b-departure,true,2658,423.5890619206526,2861.383333333333,1051.55,1129.6785687801262,2187.9,3532.366666666667,8696708.104847249,5504071.271489051,61.241062017618205,1,8696708.104179086,8696708.104179086,1,1,0,0,0.40302340370789297
full.json,15,c804c000282937a9e432d728ff24f126fee595b1,4-10,boundary,raw/replay/full-pm-peak-r15-s10.json,0383116025818e73cd371cba29f97fd820fcc11fdb0d5ea9ed158e22fee86926,6256,profile,tfl-numbat-2024-twt,pm-peak,4,14.983333333333333,1,10,off,1,destination,0,0,0,0,0,0,0,0,0,0,free-flow,virtual,940GZZNEUGST,0,7200,6256,3600,3596,057582463c84f100,899,899,0,0,640,259,10.666666666666666,222,227,13.933333333333334,32,true,2656,114,275,267,176,5,2,0,0,1,1,1049,858,191,6,london-link-008-b-arrival,true,972,325.6119021134594,1659.0166666666667,858.2666666666667,988.0774564330737,1977.7,3718.5833333333335,8149950.828899299,4236706.899363525,65.7962059474965,1,8149950.827156601,8149950.827156601,1,1,0,0,0.5770723559098482
full.json,20,c804c000282937a9e432d728ff24f126fee595b1,1-3,initial,raw/replay/full-pm-peak-r20-s1.json,0383116025818e73cd371cba29f97fd820fcc11fdb0d5ea9ed158e22fee86926,7200,profile,tfl-numbat-2024-twt,pm-peak,3,19.983333333333334,1,1,off,1,destination,0,0,0,0,0,0,0,0,0,0,free-flow,virtual,940GZZNEUGST,0,7200,7200,3600,3597,c1f07e354ee1a735,1199,1189,10,0,644,555,10.733333333333333,247,352,13.233333333333333,203,false,0,398,556,287,180,4,5,0,0,1,1,2415,1967,448,6,london-link-010-a-arrival,true,2960,913.5441061996108,3210.233333333333,1925.7166666666667,1609.646551724138,3065.3333333333335,5136.316666666667,11756112.638675716,8491405.138159392,58.06199440469545,1,11559166.01592818,11559166.01592818,1,1,0,0,0.5894858449149524
full.json,20,c804c000282937a9e432d728ff24f126fee595b1,1-3,initial,raw/replay/full-pm-peak-r20-s2.json,0383116025818e73cd371cba29f97fd820fcc11fdb0d5ea9ed158e22fee86926,7200,profile,tfl-numbat-2024-twt,pm-peak,3,19.983333333333334,1,2,off,1,destination,0,0,0,0,0,0,0,0,0,0,free-flow,virtual,940GZZNEUGST,0,7200,7200,3600,3597,65fb1f8e41bcb159,1199,1188,11,0,677,522,11.283333333333333,269,330,13.6,192,false,0,355,522,287,174,5,1,0,0,1,1,2184,1753,426,7,london-link-008-b-arrival,true,3069,791.6979010286349,3628.6833333333334,1756.25,1439.4976711560046,2625.05,5471.733333333334,10981246.433135599,8238887.742336445,57.134077904354186,1,10796219.290848296,10796219.290848296,1,1,0,0,0.49755739984837305
full.json,20,c804c000282937a9e432d728ff24f126fee595b1,1-3,initial,raw/replay/full-pm-peak-r20-s3.json,0383116025818e73cd371cba29f97fd820fcc11fdb0d5ea9ed158e22fee86926,7200,profile,tfl-numbat-2024-twt,pm-peak,3,19.983333333333334,1,3,off,1,destination,0,0,0,0,0,0,0,0,0,0,free-flow,virtual,940GZZNEUGST,0,7200,7200,3600,3597,f9260ae34a3b5457,1199,1194,5,0,690,509,11.5,265,334,14.166666666666666,175,false,0,348,510,287,173,5,1,0,0,1,1,1878,1520,358,6,london-link-008-a-departure,true,3428,761.1670419794274,3628.8,1683.7833333333333,1425.5544667783363,2685.0666666666666,4687.35,11075215.814831562,8169104.465108784,57.550568966449845,1,10994507.881524459,10994507.881524459,1,1,0,0,0.4870091457621528
full.json,30,c804c000282937a9e432d728ff24f126fee595b1,1-3,initial,raw/replay/full-pm-peak-r30-s1.json,0383116025818e73cd371cba29f97fd820fcc11fdb0d5ea9ed158e22fee86926,7200,profile,tfl-numbat-2024-twt,pm-peak,2,29.983333333333334,1,1,off,1,destination,0,0,0,0,0,0,0,0,0,0,free-flow,virtual,940GZZNEUGST,0,7200,7200,3600,3598,4766002ec5aa68a8,1799,1484,315,0,682,1117,11.366666666666667,266,633,13.866666666666667,484,false,0,952,1117,287,173,5,5,0,1,1,1,3088,2537,551,6,london-link-008-b-departure,false,0,2049.9186677783955,5394.716666666666,3860.55,2367.422944743935,4084.233333333333,4933.566666666667,14806143.247411605,12268129.514054317,54.6871318681726,1,13770927.084036244,13770927.084036244,1,1,0,0,0.5688541281290035
full.json,30,c804c000282937a9e432d728ff24f126fee595b1,1-3,initial,raw/replay/full-pm-peak-r30-s2.json,0383116025818e73cd371cba29f97fd820fcc11fdb0d5ea9ed158e22fee86926,7200,profile,tfl-numbat-2024-twt,pm-peak,2,29.983333333333334,1,2,off,1,destination,0,0,0,0,0,0,0,0,0,0,free-flow,virtual,940GZZNEUGST,0,7200,7200,3600,3598,02c359239362a9ed,1799,1571,228,0,723,1076,12.05,294,605,14.3,471,false,0,923,1076,287,185,4,3,0,0,1,1,3913,3196,717,6,london-link-024-a-arrival,false,0,1873.6329905503057,4669.783333333334,3694.233333333333,2262.1824633991087,3933.1666666666665,5390.7,14720377.658417566,12229299.127729142,54.62172246156389,1,13724743.264472218,13724743.264472218,1,1,0,0,0.6015053733764492
full.json,30,c804c000282937a9e432d728ff24f126fee595b1,1-3,initial,raw/replay/full-pm-peak-r30-s3.json,0383116025818e73cd371cba29f97fd820fcc11fdb0d5ea9ed158e22fee86926,7200,profile,tfl-numbat-2024-twt,pm-peak,2,29.983333333333334,1,3,off,1,destination,0,0,0,0,0,0,0,0,0,0,free-flow,virtual,940GZZNEUGST,0,7200,7200,3600,3598,53cfd0ddd987a69c,1799,1559,240,0,698,1101,11.633333333333333,287,612,13.7,489,false,0,948,1102,287,182,4,1,0,0,1,1,3813,3068,738,8,london-link-051-a-departure,false,0,1936.6753566796367,4840.933333333333,3714,2321.765790036348,4039.1,5397.616666666667,14825318.488956207,12211548.154783923,54.83371532769211,1,13685738.027865984,13685738.027865984,1,1,0,0,0.692425062454325
full.json,40,c804c000282937a9e432d728ff24f126fee595b1,1-3,initial,raw/replay/full-pm-peak-r40-s1.json,0383116025818e73cd371cba29f97fd820fcc11fdb0d5ea9ed158e22fee86926,7200,profile,tfl-numbat-2024-twt,pm-peak,1.5,39.983333333333334,1,1,off,1,destination,0,0,0,0,0,0,0,0,0,0,free-flow,virtual,940GZZNEUGST,0,7200,7200,3600,3598.5,a337e282db9883b4,2399,1481,918,0,680,1719,11.333333333333334,276,923,13.466666666666667,796,false,0,1554,1720,287,174,4,4,0,0,1,1,3173,2614,559,7,london-link-048-a-departure,false,0,2881.985674586633,5147.1,4630.466666666666,2728.3208867882063,4739.75,5643.75,14806727.388428388,12633834.990517942,53.95927089230793,1,13768016.235006135,13768016.235006135,1,1,0,0,0.6237788144481775
full.json,40,c804c000282937a9e432d728ff24f126fee595b1,1-3,initial,raw/replay/full-pm-peak-r40-s2.json,0383116025818e73cd371cba29f97fd820fcc11fdb0d5ea9ed158e22fee86926,7200,profile,tfl-numbat-2024-twt,pm-peak,1.5,39.983333333333334,1,2,off,1,destination,0,0,0,0,0,0,0,0,0,0,free-flow,virtual,940GZZNEUGST,0,7200,7200,3600,3598.5,764671ec0264b88d,2399,1575,824,0,737,1662,12.283333333333333,307,892,14.333333333333334,770,false,0,1503,1662,287,179,5,2,0,0,1,1,4155,3372,782,7,london-link-008-a-departure,false,0,2716.1575170209812,5296.65,4485,2605.768994708995,4596.233333333334,5658.083333333333,14827170.738202702,12562443.365637533,54.13428127168765,1,13647294.635004623,13647294.635004623,1,1,0,0,0.9464433071859994
full.json,40,c804c000282937a9e432d728ff24f126fee595b1,1-3,initial,raw/replay/full-pm-peak-r40-s3.json,0383116025818e73cd371cba29f97fd820fcc11fdb0d5ea9ed158e22fee86926,7200,profile,tfl-numbat-2024-twt,pm-peak,1.5,39.983333333333334,1,3,off,1,destination,0,0,0,0,0,0,0,0,0,0,free-flow,virtual,940GZZNEUGST,0,7200,7200,3600,3598.5,8b99e1243c26c746,2399,1604,795,0,728,1671,12.133333333333333,293,906,14.5,765,false,0,1503,1671,287,181,5,1,0,0,1,1,3644,2993,646,6,london-link-008-a-departure,false,0,2725.8241697929693,5373.866666666667,4449.083333333333,2678.3437551953452,4632.916666666667,5723.583333333333,15172405.975532686,12257254.654440893,55.31386691293272,1,14164994.174093472,14164994.174093472,1,1,0,0,0.5497100706482961
