pattern,demand_profile,demand_band,request_every_seconds,offered_per_minute,burst_size,seed,policy,routing_policy,shared_ride_party_limit,sharing_mode,shared_parties,focus_station,window_start_seconds,window_end_seconds,actual_end_seconds,arrival_window_seconds,arrival_end_seconds,schedule_id,scheduled,served,remaining,skipped,completed_at_arrival_end,backlog_at_arrival_end,arrival_throughput_per_minute,completed_at_arrival_midpoint,backlog_at_arrival_midpoint,late_arrival_throughput_per_minute,late_backlog_change,drained,drain_seconds,peak_pending,peak_outstanding,peak_active_vehicles,peak_passenger_vehicles,peak_stopped_vehicles,peak_focus_approaching,peak_focus_entrance_stopped,peak_focus_exit_stopped,peak_focus_occupied_berths,peak_focus_reserved_empty_berths,stopped_pod_seconds,junction_wait_seconds,track_wait_seconds,peak_node_throughput_per_minute,peak_node,queue_cleared,queue_clear_seconds,wait_average_seconds,wait_maximum_seconds,wait_p95_seconds,journey_average_seconds,journey_p95_seconds,journey_maximum_seconds,passenger_distance_meters,empty_distance_meters,loaded_distance_percent,occupancy,rider_distance_meters,direct_distance_meters,detour_ratio_mean,detour_ratio_max,intermediate_stops,positioning_moves
profile,tfl-numbat-2019-midweek,early,7.5,7.966666666666667,1,4,off,free-flow,4,destination,34,940GZZLUEUS,0,3900,3028,1800,1792.5,3e060366d76f5e31,239,239,0,0,141,98,4.7,30,89,7.4,9,true,1228,51,102,87,49,5,2,0,0,1,2,1432,848,584,7,london-link-009-a-departure,true,607.5,291.8912133891214,649.45,615.4833333333333,760.9510460251046,1213.7166666666667,1265.3833333333334,1277442.3599300287,1405180.6297015408,47.6191535250159,1.1711130790093551,1496029.455456013,1496029.455456013,1,1,0,0
profile,tfl-numbat-2019-midweek,early,7.5,7.966666666666667,1,5,off,free-flow,4,destination,37,940GZZLUEUS,0,3900,2944,1800,1792.5,689dd7df7a467eda,239,239,0,0,124,115,4.133333333333334,31,88,6.2,27,true,1144,49,120,95,51,6,1,0,0,1,1,2218,1058,1160,7,london-link-009-a-arrival,true,583.5,298.705230125523,665.8333333333334,639.9666666666667,780.5098326359833,1271.5833333333333,1332.5833333333333,1272257.734055357,1376558.8840930527,48.0311745757884,1.210029545552635,1539469.4478291941,1539469.4478291941,1,1,0,0
profile,tfl-numbat-2019-midweek,early,7.5,7.966666666666667,1,6,off,free-flow,4,destination,26,940GZZLUEUS,0,3900,2987,1800,1792.5,c445dd01380b7d1a,239,239,0,0,129,110,4.3,32,87,6.466666666666667,23,true,1187,57,117,100,55,6,2,0,0,1,2,1193,676,517,8,london-link-069-a-departure,true,626.5,334.1940027894003,707.6333333333333,657.2666666666667,799.6190376569039,1249.2666666666667,1637.8166666666666,1323772.504937916,1565429.3896428817,45.81793011491798,1.1295069456959865,1495210.2388941646,1495210.2388941646,1,1,0,0
profile,tfl-numbat-2019-midweek,early,7.5,7.966666666666667,1,7,off,free-flow,4,destination,25,940GZZLUEUS,0,3900,3103,1800,1792.5,498bf99df3239db7,239,239,0,0,133,106,4.433333333333334,26,93,7.133333333333334,13,true,1303,49,112,96,52,6,2,0,0,1,2,1511,836,675,7,london-link-009-a-arrival,true,670.5,337.7377266387727,675.3666666666667,655.1333333333333,815.5472803347279,1254.0166666666667,1311.5,1359899.5372620455,1521762.814105018,47.191494750136414,1.1293063084013861,1535743.126257543,1535743.126257543,1,1,0,0
profile,tfl-numbat-2019-midweek,early,7.5,7.966666666666667,1,8,off,free-flow,4,destination,31,940GZZLUEUS,0,3900,3481,1800,1792.5,4ffa19fdea474f53,239,239,0,0,132,107,4.4,37,82,6.333333333333333,25,true,1681,52,109,92,50,4,2,0,0,2,2,883,573,310,7,london-link-069-a-departure,true,721.5,310.9174337517434,781.3666666666667,619.05,777.8516736401673,1235.85,1747.7166666666667,1287970.433659878,1526528.1270522007,45.76198586983881,1.162560159351464,1497343.1126519945,1497343.1126519945,1,1,0,0
profile,tfl-numbat-2019-midweek,early,7.5,7.966666666666667,1,9,off,free-flow,4,destination,23,940GZZLUEUS,0,3900,3113,1800,1792.5,ad358f6c757c6b73,239,239,0,0,130,109,4.333333333333333,29,90,6.733333333333333,19,true,1313,65,110,100,51,12,2,0,0,1,2,5682,1465,4217,7,london-link-069-a-departure,true,714.5,363.4200139470014,766.0166666666667,732.0833333333334,835.3414225941423,1359.85,1444.9166666666667,1360563.922980142,1527648.8234427704,47.10746895862216,1.1050546141953794,1503497.4410320853,1503497.4410320853,1,1,0,0
profile,tfl-numbat-2019-midweek,early,7.5,7.966666666666667,1,10,off,free-flow,4,destination,22,940GZZLUEUS,0,3900,3021,1800,1792.5,3bcbf15e1c472dc0,239,239,0,0,137,102,4.566666666666666,35,84,6.8,18,true,1221,54,109,97,52,4,2,0,0,1,2,1150,604,546,6,940GZZLUPAC-01-arrival,true,660.5,318.39686192468616,776.2333333333333,624.85,773.0441422594142,1220.1333333333334,1270.1333333333334,1312577.4446669968,1467090.8587153312,47.22065014267493,1.1109242058045354,1458174.0553205463,1458174.0553205463,1,1,0,0
profile,tfl-numbat-2019-midweek,early,7.5,7.966666666666667,1,1,off,free-flow,4,drop-offs,50,940GZZLUEUS,0,3900,2878,1800,1792.5,63b1ce4d79486c0c,239,239,0,0,130,109,4.333333333333333,31,88,6.6,21,true,1078,45,110,82,51,4,2,0,0,1,2,748,467,281,7,london-link-069-a-departure,true,503.5,250.76464435146445,633.2833333333333,586.1166666666667,746.3393305439331,1210.8333333333333,1323.05,1222247.1088903048,1308029.4743258895,48.304881648026246,1.29719495006331,1585492.7774674937,1552283.5849713872,1.0174878758108883,1.2944558459332471,31,0
profile,tfl-numbat-2019-midweek,early,7.5,7.966666666666667,1,2,off,free-flow,4,drop-offs,46,940GZZLUEUS,0,3900,2989,1800,1792.5,b14207684481cacc,239,239,0,0,141,98,4.7,33,86,7.2,12,true,1189,44,99,82,51,3,2,0,0,1,2,639,432,207,6,london-link-009-a-arrival,true,597.5,259.00934449093444,616.2666666666667,570.2666666666667,730.7801255230127,1173.7333333333333,1225.9833333333333,1200544.3931188015,1379032.697455986,46.5403572355069,1.258137171432749,1510449.5270275022,1483968.68655109,1.0137724553835907,1.1980423813242134,26,0
profile,tfl-numbat-2019-midweek,early,7.5,7.966666666666667,1,3,off,free-flow,4,drop-offs,56,940GZZLUEUS,0,3900,2816,1800,1792.5,93ce2d6fb7cde873,239,239,0,0,145,94,4.833333333333333,38,81,7.133333333333334,13,true,1016,38,100,77,45,4,2,0,0,1,2,456,334,122,7,london-link-009-a-arrival,true,439.5,215.16408647140864,585.8333333333334,524.4333333333333,697.0733612273361,1122.0333333333333,1254.7333333333333,1146937.8369867709,1223407.6232011525,48.3869484955092,1.344560667045403,1542127.5032726945,1507923.5933517055,1.0181201270942308,1.1912004176097335,31,0
profile,tfl-numbat-2019-midweek,early,7.5,7.966666666666667,1,4,off,free-flow,4,drop-offs,59,940GZZLUEUS,0,3900,2895,1800,1792.5,3e060366d76f5e31,239,239,0,0,149,90,4.966666666666667,35,84,7.6,6,true,1095,41,98,81,46,4,2,0,0,1,2,590,378,212,8,london-link-010-a-departure,true,478.5,224.04986052998603,591.9333333333333,551.8166666666667,706.9693165969317,1149.9333333333334,1283.5833333333333,1163829.9451031203,1256306.4786799385,48.08943552379864,1.3219035806001873,1538470.9717489742,1494679.4554560138,1.0243843256668235,1.2543096906302535,40,0
profile,tfl-numbat-2019-midweek,early,7.5,7.966666666666667,1,5,off,free-flow,4,drop-offs,62,940GZZLUEUS,0,3900,2796,1800,1792.5,689dd7df7a467eda,239,239,0,0,139,100,4.633333333333334,32,87,7.133333333333334,13,true,996,38,103,73,48,3,2,0,0,1,2,871,411,460,8,london-link-069-a-departure,true,435.5,210.1194560669456,590.4833333333333,514.2833333333333,710.9707112970711,1177.0333333333333,1318.1166666666666,1136301.926222301,1212866.2071392522,48.370395889727334,1.396150666202214,1586448.6914232823,1538344.4478291944,1.0246907626272257,1.2839266576232256,43,0
profile,tfl-numbat-2019-midweek,early,7.5,7.966666666666667,1,6,off,free-flow,4,drop-offs,48,940GZZLUEUS,0,3900,2907,1800,1792.5,c445dd01380b7d1a,239,239,0,0,141,98,4.7,34,85,7.133333333333334,13,true,1107,47,112,86,55,3,2,0,0,1,2,375,248,127,7,london-link-069-a-departure,true,546.5,258.9781032078103,626,581.5833333333334,732.0278242677824,1174.95,1249.9666666666667,1199835.406843246,1348704.0105731904,47.07933487878208,1.2642808081454167,1516928.8778955808,1494610.238894164,1.0122414782618059,1.2012500363605054,24,0
profile,tfl-numbat-2019-midweek,early,7.5,7.966666666666667,1,7,off,free-flow,4,drop-offs,49,940GZZLUEUS,0,3900,3030,1800,1792.5,498bf99df3239db7,239,239,0,0,149,90,4.966666666666667,27,92,8.133333333333333,-2,true,1230,45,105,83,54,4,2,0,0,1,2,800,505,295,7,london-link-069-a-departure,true,593.5,262.10097629009766,618.85,589.7833333333333,757.5870990237099,1190.1333333333334,1257.9,1231058.4520264291,1342777.8666328865,47.82971019181494,1.2759330394365032,1570748.1524981926,1535668.126257543,1.0187881534748857,1.2945468990890991,33,0
profile,tfl-numbat-2019-midweek,early,7.5,7.966666666666667,1,8,off,free-flow,4,drop-offs,49,940GZZLUEUS,0,3900,2982,1800,1792.5,4ffa19fdea474f53,239,239,0,0,147,92,4.9,37,82,7.333333333333333,10,true,1182,42,103,79,50,3,2,0,0,1,2,479,294,185,7,london-link-009-a-arrival,true,541.5,248.4458158995816,633.4166666666666,553.1,728.4142956764296,1193.1333333333334,1365.75,1198102.8855849016,1384676.9295547667,46.388115570746486,1.279353896295739,1532797.594926976,1497043.112651995,1.0198438141919275,1.288840914525852,33,0
profile,tfl-numbat-2019-midweek,early,7.5,7.966666666666667,1,9,off,free-flow,4,drop-offs,52,940GZZLUEUS,0,3900,2867,1800,1792.5,ad358f6c757c6b73,239,239,0,0,143,96,4.766666666666667,29,90,7.6,6,true,1067,47,97,78,53,5,2,0,0,1,2,983,549,433,6,london-link-009-a-arrival,true,521.5,238.16959553695955,611.2833333333333,575.5333333333333,720.5027196652719,1145.1666666666667,1256.75,1180496.9797184723,1273917.4973961166,48.09688790241595,1.3059122224760094,1541625.434510371,1505447.4410320853,1.0185508349622743,1.2255652081894712,33,0
profile,tfl-numbat-2019-midweek,early,7.5,7.966666666666667,1,10,off,free-flow,4,drop-offs,49,940GZZLUEUS,0,3900,2887,1800,1792.5,3bcbf15e1c472dc0,239,239,0,0,141,98,4.7,35,84,7.066666666666666,14,true,1087,41,103,82,56,3,2,0,0,1,2,666,405,260,7,london-link-068-b-departure,true,520.5,228.21415620641562,613.7166666666667,547.8666666666667,698.2139470013947,1150.2666666666667,1267.5333333333333,1164452.5449371678,1252465.5779405625,48.17923014912477,1.2828670202195875,1493837.766612738,1458849.0553205467,1.01932588147534,1.2907118910939726,34,0
profile,tfl-numbat-2019-midweek,early,6.666667,8.966666666666667,1,4,off,free-flow,4,destination,41,940GZZLUEUS,0,3900,3116,1800,1793.3333333333333,0a85e657299aeea2,269,269,0,0,151,118,5.033333333333333,39,95,7.466666666666667,23,true,1316,55,124,104,55,7,2,0,0,1,2,2353,1139,1214,8,london-link-069-a-departure,true,684.6666666666666,315.5403965303594,710.3666666666667,655.0833333333334,791.6928128872366,1260.1,1349.15,1434929.4710552124,1599811.0404457,47.2834321622289,1.1888077118996048,1705855.2212356322,1705855.2212356322,1,1,0,0
profile,tfl-numbat-2019-midweek,early,6.666667,8.966666666666667,1,5,off,free-flow,4,destination,36,940GZZLUEUS,0,3900,3165,1800,1793.3333333333333,0569104fb8cd27d3,269,269,0,0,141,128,4.7,35,99,7.066666666666666,29,true,1365,64,132,112,54,11,2,0,0,1,2,3982,1638,2344,8,london-link-069-a-departure,true,741.6666666666666,340.3061957868649,755,720.0833333333334,821.1807930607187,1319.3833333333334,1402.4166666666667,1457601.4473014176,1709750.9124331798,46.01955456018649,1.1831282539243282,1724529.455270833,1724529.455270833,1,1,0,0
profile,tfl-numbat-2019-midweek,early,6.666667,8.966666666666667,1,6,off,free-flow,4,destination,31,940GZZLUEUS,0,3900,3050,1800,1793.3333333333333,e0af68d99f2d0a3b,269,269,0,0,137,132,4.566666666666666,32,102,7,30,true,1250,71,133,114,63,8,2,0,0,1,2,3281,1495,1785,7,london-link-069-a-departure,true,648.6666666666666,368.0199504337051,852.2333333333333,725.8166666666667,838.8294299876085,1327.7,1816.25,1481505.2812090975,1816269.6570575256,44.92439020073961,1.1306308550062676,1675035.5827893503,1675035.5827893503,1,1,0,0
profile,tfl-numbat-2019-midweek,early,6.666667,8.966666666666667,1,7,off,free-flow,4,destination,26,940GZZLUEUS,0,3900,3152,1800,1793.3333333333333,6c07ca35468fff29,269,269,0,0,141,128,4.7,28,106,7.533333333333333,22,true,1352,71,129,114,60,12,1,0,0,1,1,5431,1984,3446,7,london-link-010-a-departure,true,742.6666666666666,379.9388475836431,806.5,750.4,867.9614002478315,1395.6333333333334,1446.7666666666667,1544354.533752938,1827482.4660477121,45.80157741445518,1.115765996003719,1723138.2745197066,1723138.2745197066,1,1,0,0
profile,tfl-numbat-2019-midweek,early,6.666667,8.966666666666667,1,8,off,free-flow,4,destination,34,940GZZLUEUS,0,3900,3321,1800,1793.3333333333333,59bdb17b2d78d037,269,269,0,0,146,123,4.866666666666666,38,96,7.2,27,true,1521,67,125,113,54,9,2,0,0,1,2,2757,1294,1463,7,london-link-009-a-arrival,true,891.6666666666666,353.9527261462206,911.2833333333333,692.2166666666667,824.894361833953,1304.2833333333333,1780.5333333333333,1472660.9358721818,1841539.3137336334,44.434880965546284,1.1490534079114645,1692166.0670639493,1692166.0670639493,1,1,0,0
profile,tfl-numbat-2019-midweek,early,6.666667,8.966666666666667,1,9,off,free-flow,4,destination,35,940GZZLUEUS,0,3900,3480,1800,1793.3333333333333,741c57b6e8500cf2,269,269,0,0,139,130,4.633333333333334,32,102,7.133333333333334,28,true,1680,69,131,114,52,15,2,0,0,2,2,6687,1987,4700,7,london-link-074-a-departure,true,874.6666666666666,378.3137546468401,890.0666666666667,792.85,850.9119578686493,1414.4833333333333,1799.3166666666666,1484894.4618433998,1819754.0127315824,44.93350724797968,1.1406633666390225,1693764.715949807,1693764.715949807,1,1,0,0
profile,tfl-numbat-2019-midweek,early,6.666667,8.966666666666667,1,10,off,free-flow,4,destination,41,940GZZLUEUS,0,3900,3066,1800,1793.3333333333333,e0f33ee37b626539,269,269,0,0,151,118,5.033333333333333,37,97,7.6,21,true,1266,58,121,104,54,8,2,0,0,1,2,2628,1235,1391,7,london-link-057-b-departure,true,648.6666666666666,312.46548946716234,686.4166666666666,654.75,775.5852540272614,1247,1310.8333333333333,1388522.7332452547,1584845.224523306,46.69865125900216,1.1982395763415645,1663782.891651865,1663782.891651865,1,1,0,0
profile,tfl-numbat-2019-midweek,early,6.666667,8.966666666666667,1,1,off,free-flow,4,drop-offs,66,940GZZLUEUS,0,3900,3064,1800,1793.3333333333333,4a2c0b0e2de5a8b9,269,269,0,0,151,118,5.033333333333333,35,99,7.733333333333333,19,true,1264,43,119,89,53,4,2,0,0,1,2,708,443,265,6,london-link-009-a-arrival,true,676.6666666666666,243.77205700123918,676.3333333333334,595.4333333333333,739.1346964064436,1214.9,1299.8,1316935.9549031847,1368659.9344389094,49.03701112030679,1.3552795396144333,1784816.3547178046,1745177.5896569218,1.0183817051615034,1.2783866974377407,37,0
profile,tfl-numbat-2019-midweek,early,6.666667,8.966666666666667,1,2,off,free-flow,4,drop-offs,63,940GZZLUEUS,0,3900,3003,1800,1793.3333333333333,d22cf29e05f827ac,269,269,0,0,153,116,5.1,38,96,7.666666666666667,20,true,1203,49,118,90,52,3,2,0,0,1,2,1030,650,380,7,london-link-069-a-departure,true,582.6666666666666,260.7048327137546,664.8666666666667,608.95,739.4295539033457,1210.9833333333333,1369.8166666666666,1280197.2469346956,1430581.8959965522,47.2261729721876,1.341900979007404,1717897.9390532195,1671332.6817698607,1.022093169238932,1.2050199400722055,42,0
profile,tfl-numbat-2019-midweek,early,6.666667,8.966666666666667,1,3,off,free-flow,4,drop-offs,67,940GZZLUEUS,0,3900,2755,1800,1793.3333333333333,d987e36c0704b230,269,269,0,0,161,108,5.366666666666666,41,93,8,15,true,955,46,116,88,53,3,2,0,0,1,2,774,523,251,8,london-link-010-a-departure,true,399.6666666666667,234.74392812887237,819.25,586.9833333333333,721.5874225526642,1196.7666666666667,1330.9166666666667,1270756.402276368,1310418.4077374246,49.23170632792507,1.3698826962974466,1740787.206760472,1694127.2864348316,1.0218045349161442,1.2166773766309618,40,0
profile,tfl-numbat-2019-midweek,early,6.666667,8.966666666666667,1,4,off,free-flow,4,drop-offs,71,940GZZLUEUS,0,3900,2941,1800,1793.3333333333333,0a85e657299aeea2,269,269,0,0,163,106,5.433333333333334,37,97,8.4,9,true,1141,46,110,88,51,4,2,0,0,1,2,821,501,319,8,london-link-069-a-departure,true,514.6666666666666,235.56059479553903,655.9,586.3666666666667,725.7228004956629,1187.3666666666666,1351.3166666666666,1266053.0405233854,1316430.5635042642,49.02463034223509,1.3813102674492403,1748812.0640853401,1704505.2212356317,1.0218483435765955,1.3288116553894662,39,0
profile,tfl-numbat-2019-midweek,early,6.666667,8.966666666666667,1,5,off,free-flow,4,drop-offs,71,940GZZLUEUS,0,3900,2977,1800,1793.3333333333333,0569104fb8cd27d3,269,269,0,0,154,115,5.133333333333334,36,98,7.866666666666666,17,true,1177,48,115,85,57,6,2,0,0,1,2,1539,680,859,8,london-link-069-a-departure,true,548.6666666666666,227.57602230483272,630.9666666666667,588.7666666666667,733.1389095415118,1225.6333333333334,1373.6666666666667,1251827.9059274297,1317873.2595561869,48.71492151469046,1.4201988051022936,1777844.4962739535,1724529.455270833,1.0249501340662521,1.3347527755863426,43,0
profile,tfl-numbat-2019-midweek,early,6.666667,8.966666666666667,1,6,off,free-flow,4,drop-offs,60,940GZZLUEUS,0,3900,2982,1800,1793.3333333333333,e0af68d99f2d0a3b,269,269,0,0,157,112,5.233333333333333,33,101,8.266666666666667,11,true,1182,50,118,94,53,4,2,0,0,1,2,606,412,193,7,london-link-009-a-arrival,true,591.6666666666666,266.4048327137546,682.75,611.8333333333334,743.1561338289963,1214.9,1343.3333333333333,1322002.503997421,1430892.0732290994,48.02227135516787,1.2978278726841168,1715731.6974978945,1676235.58278935,1.0194443306936978,1.2980004316504776,39,0
profile,tfl-numbat-2019-midweek,early,6.666667,8.966666666666667,1,7,off,free-flow,4,drop-offs,67,940GZZLUEUS,0,3900,3045,1800,1793.3333333333333,6c07ca35468fff29,269,269,0,0,165,104,5.5,32,102,8.866666666666667,2,true,1245,47,118,88,57,4,2,0,0,1,2,789,517,272,7,london-link-010-a-departure,true,603.6666666666666,247.8816604708798,646.8,602.8666666666667,742.082527881041,1202.85,1336.25,1301106.3251665332,1372003.2190673363,48.67388723268498,1.3599549597860927,1769446.000179711,1723888.2745197066,1.0208736623711696,1.297095936125834,42,0
profile,tfl-numbat-2019-midweek,early,6.666667,8.966666666666667,1,8,off,free-flow,4,drop-offs,69,940GZZLUEUS,0,3900,2898,1800,1793.3333333333333,59bdb17b2d78d037,269,269,0,0,158,111,5.266666666666667,38,96,8,15,true,1098,45,113,85,52,2,2,0,0,1,2,436,277,159,7,london-link-069-a-departure,true,532.6666666666666,238.71889714993804,616.25,550.4833333333333,722.8240396530359,1163.3666666666666,1370.3666666666666,1263506.5105521036,1371627.7199599815,47.94846865567704,1.3742918674861972,1736426.7220419042,1693066.0670639495,1.0205159480537274,1.2880527370539523,39,0
profile,tfl-numbat-2019-midweek,early,6.666667,8.966666666666667,1,9,off,free-flow,4,drop-offs,71,940GZZLUEUS,0,3900,2979,1800,1793.3333333333333,741c57b6e8500cf2,269,269,0,0,169,100,5.633333333333334,33,101,9.066666666666666,-1,true,1179,41,113,81,51,2,2,0,0,1,2,438,284,151,7,london-link-010-a-departure,true,555.6666666666666,225.46654275092936,631.0666666666667,533.0833333333334,710.2364931846345,1159.3,1367.7,1265614.6048735594,1336645.0263858454,48.63521647380915,1.3752813196163909,1740576.1239917586,1693389.7159498073,1.0219678663349752,1.2087907044106063,42,0
profile,tfl-numbat-2019-midweek,early,6.666667,8.966666666666667,1,10,off,free-flow,4,drop-offs,66,940GZZLUEUS,0,3900,2953,1800,1793.3333333333333,e0f33ee37b626539,269,269,0,0,170,99,5.666666666666667,37,97,8.866666666666667,2,true,1153,39,109,82,55,4,2,0,0,1,2,599,374,221,7,london-link-069-a-departure,true,567.6666666666666,223.82540272614622,570.3,547.1833333333333,699.0592936802974,1140.3333333333333,1212.0833333333333,1255201.6295522642,1326989.8412545202,48.60993631739039,1.3587241599660138,1705472.7797793788,1663857.8916518649,1.0205926477678018,1.3648987669090689,36,0
profile,tfl-numbat-2019-midweek,early,6,9.966666666666667,1,4,off,free-flow,4,destination,50,940GZZLUEUS,0,3900,3278,1800,1794,da44e7e2ae4bf491,299,299,0,0,169,130,5.633333333333334,43,106,8.4,24,true,1478,68,132,112,56,13,2,0,0,1,2,5478,1263,4215,8,london-link-009-a-departure,true,845,351.98010033444814,1052.5166666666667,784.6,827.1516722408027,1360.4,1543.65,1566431.979402072,1846649.360812786,45.89495014213354,1.2085352962698197,1893088.336286779,1893088.336286779,1,1,0,0
profile,tfl-numbat-2019-midweek,early,6,9.966666666666667,1,5,off,free-flow,4,destination,51,940GZZLUEUS,0,3900,3132,1800,1794,3bb315370d41ea13,299,299,0,0,149,150,4.966666666666667,39,110,7.333333333333333,40,true,1332,79,154,114,57,15,2,0,0,1,2,9576,2101,7468,8,london-link-009-a-departure,true,760,379.3782608695652,916.2166666666667,881.95,861.3214604236343,1479.7333333333333,1555.5333333333333,1561522.7623111694,1841364.216335096,45.8881758962319,1.2264293787552265,1915097.3912688126,1915097.3912688126,1,1,0,0
profile,tfl-numbat-2019-midweek,early,6,9.966666666666667,1,6,off,free-flow,4,destination,51,940GZZLUEUS,0,3900,3170,1800,1794,c3e85940253de5f5,299,299,0,0,153,146,5.1,34,115,7.933333333333334,31,true,1370,78,149,114,61,10,2,0,0,1,2,5317,2036,3281,8,london-link-069-a-departure,true,758,375.5376811594203,916.8166666666667,766.5333333333333,847.9748049052397,1377.0833333333333,1880.8333333333333,1566948.9574545908,1894648.9157910696,45.266637397872834,1.1960131618101766,1874091.5769736718,1874091.5769736718,1,1,0,0
profile,tfl-numbat-2019-midweek,early,6,9.966666666666667,1,7,off,free-flow,4,destination,47,940GZZLUEUS,0,3900,3117,1800,1794,a9778083b94f29a5,299,299,0,0,164,135,5.466666666666667,30,119,8.933333333333334,16,true,1317,71,137,114,61,13,2,0,0,1,2,7257,2041,5216,9,london-link-069-a-departure,true,741,363.7256967670011,809.3,776,852.3195652173913,1410.0166666666667,1468.4,1592765.9102502335,1845495.863984143,46.324742408681395,1.2008785651744645,1912718.4409276526,1912718.4409276526,1,1,0,0
profile,tfl-numbat-2019-midweek,early,6,9.966666666666667,1,8,off,free-flow,4,destination,48,940GZZLUEUS,0,3900,3273,1800,1794,b243390152f15e31,299,299,0,0,154,145,5.133333333333334,43,106,7.4,39,true,1473,81,146,114,55,12,2,0,0,1,2,8239,1806,6432,7,london-link-009-a-departure,true,821,386.73656633221856,920.3666666666667,846.6333333333333,859.4186176142698,1435.0166666666667,1886.7166666666667,1569711.8718561614,1932268.6450143668,44.82354668434596,1.1989394690257698,1881989.5181385952,1881989.5181385952,1,1,0,0
profile,tfl-numbat-2019-midweek,early,6,9.966666666666667,1,9,off,free-flow,4,destination,45,940GZZLUEUS,0,3900,3531,1800,1794,52b9bced24e3fb85,299,299,0,0,158,141,5.266666666666667,38,111,8,30,true,1731,77,143,114,53,12,2,0,0,2,2,6944,1982,4962,7,london-link-068-b-departure,true,770,370.50317725752507,1051.9166666666667,790.75,843.7183946488294,1421.0333333333333,2018.2666666666667,1577774.02579737,1931337.727711715,44.96220515689214,1.1915828387560858,1880048.4525488536,1880048.4525488536,1,1,0,0
profile,tfl-numbat-2019-midweek,early,6,9.966666666666667,1,10,off,free-flow,4,destination,46,940GZZLUEUS,0,3900,3163,1800,1794,f317b4835e77bee6,299,299,0,0,166,133,5.533333333333333,39,110,8.466666666666667,23,true,1363,65,135,113,57,12,2,0,0,1,2,6793,1604,5189,9,london-link-009-a-departure,true,796,348.9808249721293,854.7333333333333,754.2166666666667,812.7167781493869,1339.6166666666666,1381.55,1540060.144576781,1796749.4727374744,46.15367135678393,1.2055221542856385,1856576.623201514,1856576.623201514,1,1,0,0
profile,tfl-numbat-2019-midweek,early,6,9.966666666666667,1,1,off,free-flow,4,drop-offs,84,940GZZLUEUS,0,3900,3149,1800,1794,813f7f4fec7f70d2,299,299,0,0,177,122,5.9,46,103,8.733333333333333,19,true,1349,54,124,94,54,6,2,0,0,1,2,1487,639,847,8,london-link-010-a-departure,true,654,245.25897435897434,826.5166666666667,645.0166666666667,751.7537346711259,1289.6,1792.8666666666666,1402243.8200302925,1460117.581143117,48.98905566066711,1.4294250753777846,2004402.4781760317,1943795.7559318678,1.0250062615432722,1.2773872093944207,53,0
profile,tfl-numbat-2019-midweek,early,6,9.966666666666667,1,2,off,free-flow,4,drop-offs,76,940GZZLUEUS,0,3900,2984,1800,1794,a6937e018b1fcc1f,299,299,0,0,168,131,5.6,42,107,8.4,24,true,1184,59,131,97,57,6,2,0,0,1,2,2714,1057,1657,9,london-link-069-a-departure,true,619,273.6988294314381,726.95,682.3166666666667,761.1734113712374,1316.7,1473.1,1386804.7082243748,1531882.160780716,47.51467939063647,1.3681731490403763,1897388.9647931326,1848799.415084611,1.0220071239456456,1.3922182754867969,44,0
profile,tfl-numbat-2019-midweek,early,6,9.966666666666667,1,3,off,free-flow,4,drop-offs,91,940GZZLUEUS,0,3900,2931,1800,1794,569e16cc1ad11ec7,299,299,0,0,183,116,6.1,47,102,9.066666666666666,14,true,1131,49,121,90,52,6,2,0,0,1,2,1054,613,441,8,london-link-010-a-departure,true,569,214.58015607580825,652.85,577.4333333333333,712.26878483835,1210.7166666666667,1339.9666666666667,1325641.9606239088,1398488.6445535107,48.66293701573722,1.485169031292928,1968802.386559712,1898974.5306804893,1.0298076375831533,1.2602275196997421,59,0
profile,tfl-numbat-2019-midweek,early,6,9.966666666666667,1,4,off,free-flow,4,drop-offs,87,940GZZLUEUS,0,3900,2985,1800,1794,da44e7e2ae4bf491,299,299,0,0,188,111,6.266666666666667,43,106,9.666666666666666,5,true,1185,54,122,87,55,4,2,0,0,1,2,999,597,401,7,london-link-009-a-arrival,true,604,237.05992196209587,636.55,598.7,728.3253623188406,1203.6,1311.2166666666667,1359403.1108684451,1415227.9794940008,48.99401277489716,1.4310608144167238,1945388.523002553,1893463.3362867793,1.022495430897647,1.2907118910939726,45,0
profile,tfl-numbat-2019-midweek,early,6,9.966666666666667,1,5,off,free-flow,4,drop-offs,97,940GZZLUEUS,0,3900,2808,1800,1794,3bb315370d41ea13,299,299,0,0,173,126,5.766666666666667,39,110,8.933333333333334,16,true,1008,47,128,86,56,4,2,0,0,1,2,801,419,382,7,london-link-069-a-departure,true,419,208.60908584169454,656.3,570.7666666666667,711.8958193979934,1210.0666666666666,1493.2666666666667,1292480.8893180366,1289978.9434630817,50.048441137848414,1.5453320551081662,1997312.148952524,1917197.3912688135,1.0342579102916631,1.3449797254275129,61,0
profile,tfl-numbat-2019-midweek,early,6,9.966666666666667,1,6,off,free-flow,4,drop-offs,70,940GZZLUEUS,0,3900,3042,1800,1794,c3e85940253de5f5,299,299,0,0,177,122,5.9,34,115,9.533333333333333,7,true,1242,56,136,105,59,4,2,0,0,1,2,1156,722,434,8,london-link-069-a-departure,true,648,282.87987736900783,726.95,645.3666666666667,766.1332218506132,1240.3166666666666,1696.3166666666666,1445001.1090134871,1630193.6941877815,46.988929205696024,1.3285016525797262,1919686.3613145277,1876266.5769736709,1.0184201017089316,1.2944557345005965,39,0
profile,tfl-numbat-2019-midweek,early,6,9.966666666666667,1,7,off,free-flow,4,drop-offs,81,940GZZLUEUS,0,3900,2928,1800,1794,a9778083b94f29a5,299,299,0,0,187,112,6.233333333333333,30,119,10.466666666666667,-7,true,1128,55,129,91,64,5,2,0,0,1,2,1440,848,592,7,london-link-010-a-departure,true,558,251.67714604236343,677.7333333333333,631.2666666666667,751.6615384615384,1247.2666666666667,1330.0666666666666,1406632.7840183068,1406144.9604398187,50.0086715628252,1.4037289037277816,1974531.0958820626,1913918.4409276526,1.0261598818581628,1.3009403722858222,50,0
profile,tfl-numbat-2019-midweek,early,6,9.966666666666667,1,8,off,free-flow,4,drop-offs,86,940GZZLUEUS,0,3900,3103,1800,1794,b243390152f15e31,299,299,0,0,180,119,6,44,105,9.066666666666666,14,true,1303,50,127,91,52,5,2,0,0,1,2,1200,733,466,7,london-link-009-a-arrival,true,613,242.51895206243032,750.4166666666666,626.8333333333334,733.2386845039019,1231.7166666666667,1716.7666666666667,1349184.9619823461,1481444.837327356,47.66377299890534,1.444354319340708,1948701.1274765374,1883264.5181385952,1.0270731904699657,1.2888409145258517,56,0
profile,tfl-numbat-2019-midweek,early,6,9.966666666666667,1,9,off,free-flow,4,drop-offs,91,940GZZLUEUS,0,3900,3255,1800,1794,52b9bced24e3fb85,299,299,0,0,177,122,5.9,45,104,8.8,18,true,1455,51,124,90,55,3,2,0,0,2,2,665,388,277,7,london-link-009-a-arrival,true,541,229.6809921962096,776.3333333333334,588.2333333333333,718.403177257525,1216.4833333333333,1742.6833333333334,1330633.1049963827,1437596.978186704,48.0680097033819,1.4630036000537698,1946721.0230180973,1881773.4525488548,1.02759643010481,1.3091748577522084,57,0
profile,tfl-numbat-2019-midweek,early,6,9.966666666666667,1,10,off,free-flow,4,drop-offs,82,940GZZLUEUS,0,3900,2968,1800,1794,f317b4835e77bee6,299,299,0,0,180,119,6,41,108,9.266666666666667,11,true,1168,51,123,94,59,4,2,0,0,1,2,1048,686,362,8,london-link-009-a-arrival,true,574,232.63160535117058,644.85,595.8333333333334,712.736845039019,1200.3333333333333,1373.9666666666667,1347908.1308526979,1404497.2973349197,48.972005252157125,1.4188308272019545,1912453.6083376415,1857026.6232015134,1.0243211974710824,1.306346822170414,50,0
profile,tfl-numbat-2019-midweek,early,4.2857140000000005,14,1,4,off,free-flow,4,destination,144,940GZZLUEUS,0,3900,3139,1800,1799,4852635c7f6ec68a,420,420,0,0,222,198,7.4,50,160,11.466666666666667,38,true,1339,92,198,114,62,12,2,0,0,1,2,7804,2133,5668,8,london-link-069-a-departure,true,852,332.21690476190474,953.9666666666667,851.55,815.2023412698413,1415.65,1665.1,1722444.492746195,1989115.5969028182,46.40756046358607,1.5333530590415052,2641115.531886738,2641115.531886738,1,1,0,0
profile,tfl-numbat-2019-midweek,early,4.2857140000000005,14,1,5,off,free-flow,4,destination,141,940GZZLUEUS,0,3900,3170,1800,1799,9393fa93faf6f47d,420,420,0,0,231,189,7.7,47,163,12.266666666666667,26,true,1370,89,201,114,65,10,2,0,0,1,2,6809,2110,4699,9,london-link-069-a-departure,true,744,318.1771031746032,848.9833333333333,784.8,810.2134126984128,1409.0666666666666,1555.5333333333333,1728561.7563817645,1995780.4545405935,46.41253833529102,1.552624835480329,2683807.912524366,2683807.912524366,1,1,0,0
profile,tfl-numbat-2019-midweek,early,4.2857140000000005,14,1,6,off,free-flow,4,destination,143,940GZZLUEUS,0,3900,3197,1800,1799,66748a806cfe5fd5,420,420,0,0,240,180,8,47,163,12.866666666666667,17,true,1397,89,196,114,64,8,2,0,0,1,2,4714,2149,2564,8,london-link-009-a-departure,true,755,315.96563492063495,835.9833333333333,781.0666666666667,791.9430555555555,1367.0166666666667,1800,1734579.3515783236,2016191.9926183864,46.24593696606191,1.5196875277697315,2636018.6064233384,2636018.6064233384,1,1,0,0
profile,tfl-numbat-2019-midweek,early,4.2857140000000005,14,1,7,off,free-flow,4,destination,145,940GZZLUEUS,0,3900,3101,1800,1799,f1c7a1c7c52db4e5,420,420,0,0,224,196,7.466666666666667,36,174,12.533333333333333,22,true,1301,89,205,114,71,14,2,0,0,1,2,8098,2047,6050,7,london-link-069-a-departure,true,745,321.63,822.2833333333333,793.1333333333333,818.5851587301587,1396.4333333333334,1521.25,1701062.5836896966,1941750.7182403174,46.69639761083692,1.5561610779645203,2647127.383830419,2647127.383830419,1,1,0,0
profile,tfl-numbat-2019-midweek,early,4.2857140000000005,14,1,8,off,free-flow,4,destination,140,940GZZLUEUS,0,3900,3382,1800,1799,70757b80ad96d0f9,420,420,0,0,219,201,7.3,49,161,11.333333333333334,40,true,1582,100,202,114,61,12,2,0,0,1,2,9599,2058,7541,8,london-link-069-a-departure,true,988,355.04714285714283,991.7666666666667,867.05,842.2342063492063,1448.9166666666667,1915.9,1738559.1347245532,2077947.9366903245,45.55367256479429,1.5240287863721664,2649614.1680292403,2649614.1680292403,1,1,0,0
profile,tfl-numbat-2019-midweek,early,4.2857140000000005,14,1,9,off,free-flow,4,destination,145,940GZZLUEUS,0,3900,3135,1800,1799,064a6b5aabb56681,420,420,0,0,220,200,7.333333333333333,51,159,11.266666666666667,41,true,1335,102,203,114,67,16,2,0,0,1,2,9046,2281,6764,8,london-link-069-a-departure,true,713,335.59861111111115,1083.0833333333333,849.7666666666667,819.2217857142857,1463.3166666666666,2054.8,1684670.7556243814,2012589.7408233292,45.56537894051543,1.5612374540085374,2630171.081279738,2630171.081279738,1,1,0,0
profile,tfl-numbat-2019-midweek,early,4.2857140000000005,14,1,10,off,free-flow,4,destination,133,940GZZLUEUS,0,3900,3177,1800,1799,3aef1ec115112242,420,420,0,0,239,181,7.966666666666667,50,160,12.6,21,true,1377,83,189,114,64,9,2,0,0,1,2,6335,2422,3913,8,london-link-069-a-departure,true,806,311.9067460317461,1079.1833333333334,763.4333333333333,787.5725,1355.9166666666667,1434.3,1725145.611819837,2004042.7926933554,46.26061825495345,1.5242954333035055,2629631.5777828936,2629631.5777828936,1,1,0,0
profile,tfl-numbat-2019-midweek,early,4.2857140000000005,14,1,1,off,free-flow,4,drop-offs,161,940GZZLUEUS,0,3900,3090,1800,1799,c19c8f7ced0a6fad,420,420,0,0,244,176,8.133333333333333,49,161,13,15,true,1290,82,183,114,64,8,2,0,0,1,2,4225,1739,2486,8,london-link-010-b-arrival,true,666,261.75158730158734,818.0666666666667,724.9333333333333,776.345753968254,1336.8666666666666,1759.4666666666667,1696229.4838845772,1910081.5527888942,47.03503016337745,1.6677170709292786,2828830.8663986255,2703353.089130922,1.0378912951393633,1.3154440569018022,93,0
profile,tfl-numbat-2019-midweek,early,4.2857140000000005,14,1,2,off,free-flow,4,drop-offs,155,940GZZLUEUS,0,3900,3058,1800,1799,576e1859100cd6b6,420,420,0,0,241,179,8.033333333333333,57,153,12.266666666666667,26,true,1258,78,186,114,71,12,2,0,0,1,2,7682,2141,5538,9,london-link-068-b-departure,true,606,266.33515873015875,900.75,789.6,779.2665476190476,1495.4,1748.1333333333334,1666046.4534327723,1858648.1611094591,47.267824184227926,1.621588109122425,2701641.1180697517,2590658.9130595094,1.0362920183373858,1.3613706775821777,82,0
profile,tfl-numbat-2019-midweek,early,4.2857140000000005,14,1,3,off,free-flow,4,drop-offs,159,940GZZLUEUS,0,3900,2988,1800,1799,880a3a3a981d7825,420,420,0,0,246,174,8.2,56,154,12.666666666666666,20,true,1188,71,178,114,67,10,2,0,0,1,2,5830,2158,3672,8,london-link-010-a-departure,true,618,245.45015873015873,808.05,750.3166666666667,759.3221031746032,1412.9333333333334,1578.5833333333333,1676447.7033464792,1802212.958646109,48.192332228985066,1.6567165569161477,2777398.666861456,2657459.3232881357,1.0379624932628453,1.3249566356672555,86,0
profile,tfl-numbat-2019-midweek,early,4.2857140000000005,14,1,4,off,free-flow,4,drop-offs,166,940GZZLUEUS,0,3900,3108,1800,1799,4852635c7f6ec68a,420,420,0,0,243,177,8.1,54,156,12.6,21,true,1308,81,179,114,63,19,2,0,0,1,2,7714,1939,5773,9,london-link-009-a-departure,true,722,261.39142857142855,903.6833333333333,834.7333333333333,763.7992063492064,1424.5833333333333,1571.3,1661629.3356327573,1839782.4015743579,47.45598233923064,1.6483684044491345,2738977.29668715,2640440.5318867373,1.030863607138283,1.3154440569018022,79,0
profile,tfl-numbat-2019-midweek,early,4.2857140000000005,14,1,5,off,free-flow,4,drop-offs,153,940GZZLUEUS,0,3900,3142,1800,1799,9393fa93faf6f47d,420,420,0,0,254,166,8.466666666666667,50,160,13.6,6,true,1342,71,176,114,65,9,2,0,0,1,2,3756,1399,2357,8,london-link-069-a-departure,true,734,242.8723412698413,807.9,744.95,749.2875,1361.3666666666666,1496,1711165.599630816,1826626.0693863172,48.36818444162968,1.635323983421562,2798310.1445857817,2685232.912524367,1.0343808161710453,1.2885375586915695,86,0
profile,tfl-numbat-2019-midweek,early,4.2857140000000005,14,1,6,off,free-flow,4,drop-offs,150,940GZZLUEUS,0,3900,3264,1800,1799,66748a806cfe5fd5,420,420,0,0,259,161,8.633333333333333,48,162,14.066666666666666,-1,true,1464,81,184,114,73,14,2,0,0,1,2,7529,2259,5270,7,london-link-009-a-arrival,true,839,284.65464285714285,946.2333333333333,842.0166666666667,781.8282142857142,1416.9333333333334,1827.4666666666667,1745650.0247287387,1985229.2117107904,46.78923958939652,1.5599769088249993,2723173.729358616,2635043.606423338,1.0283479138375786,1.3046067842636164,69,0
profile,tfl-numbat-2019-midweek,early,4.2857140000000005,14,1,7,off,free-flow,4,drop-offs,156,940GZZLUEUS,0,3900,3005,1800,1799,f1c7a1c7c52db4e5,420,420,0,0,244,176,8.133333333333333,40,170,13.6,6,true,1205,83,179,114,72,10,2,0,0,1,2,6819,2295,4523,8,london-link-009-a-departure,true,631,267.46281746031747,870.2166666666667,790.8,776.500238095238,1418.2833333333333,1615.6333333333334,1719130.0930053566,1887128.4991233193,47.670738220428085,1.6049080974494372,2759045.8067344376,2649977.3838304183,1.0341682015462408,1.3061491058163912,87,0
profile,tfl-numbat-2019-midweek,early,4.2857140000000005,14,1,8,off,free-flow,4,drop-offs,159,940GZZLUEUS,0,3900,3151,1800,1799,70757b80ad96d0f9,420,420,0,0,235,185,7.833333333333333,55,155,12,30,true,1351,89,185,114,65,15,2,0,0,1,2,7757,2127,5630,8,london-link-069-a-departure,true,708,282.29380952380956,1067.75,835.15,798.9707936507937,1475.8,2031.7666666666667,1711093.113107001,1928036.7177963632,47.01929286986294,1.6135330560626104,2760905.299910231,2650814.1680292394,1.0351501682054762,1.330113133938984,89,0
profile,tfl-numbat-2019-midweek,early,4.2857140000000005,14,1,9,off,free-flow,4,drop-offs,151,940GZZLUEUS,0,3900,3104,1800,1799,064a6b5aabb56681,420,420,0,0,256,164,8.533333333333333,54,156,13.466666666666667,8,true,1304,83,171,114,65,12,2,0,0,1,2,4899,1570,3328,7,london-link-009-a-arrival,true,715,261.1589285714286,921.2666666666667,727.35,759.2141666666666,1332.4333333333334,1855.0833333333333,1693991.5972929746,1911989.57335818,46.97727240176021,1.6140405561788655,2734171.1397720296,2631071.081279738,1.0311149430595363,1.3487097839619933,76,0
profile,tfl-numbat-2019-midweek,early,4.2857140000000005,14,1,10,off,free-flow,4,drop-offs,150,940GZZLUEUS,0,3900,3239,1800,1799,3aef1ec115112242,420,420,0,0,248,172,8.266666666666667,55,155,12.866666666666667,17,true,1439,87,172,114,63,15,2,0,0,1,2,8449,2145,6304,8,london-link-068-a-arrival,true,802,267.9630158730159,968.1666666666666,872.05,764.358373015873,1452.0666666666666,1591.3,1716862.1828984735,1890786.9494370501,47.58949997410112,1.596689673746632,2741296.1185849025,2630081.577782895,1.0347645033065913,1.303522393988335,90,0
profile,tfl-numbat-2019-midweek,early,4,14.966666666666667,1,4,off,free-flow,4,destination,167,940GZZLUEUS,0,3900,3139,1800,1796,44d6917301dbd365,449,449,0,0,258,191,8.6,53,171,13.666666666666666,20,true,1339,92,204,114,64,14,2,0,0,1,2,7733,2257,5476,8,london-link-069-a-departure,true,752,307.5603192279139,847.8166666666667,793.4166666666666,797.7281737193764,1386.25,1687.0166666666667,1729402.4639992132,1997710.6238135456,46.4005900345274,1.6232619640939767,2807273.240316846,2807273.240316846,1,1,0,0
profile,tfl-numbat-2019-midweek,early,4,14.966666666666667,1,5,off,free-flow,4,destination,164,940GZZLUEUS,0,3900,3111,1800,1796,5f900717e62c0ede,449,449,0,0,255,194,8.5,51,173,13.6,21,true,1311,92,212,114,64,14,2,0,0,1,2,8694,2284,6410,8,london-link-009-a-departure,true,752,307.2422420193022,892.0333333333333,819.0666666666667,792.6419079435783,1452.4666666666667,1557.95,1739749.0464626213,1948462.7162166766,47.17053028426932,1.642074150286953,2856796.93707923,2856796.93707923,1,1,0,0
profile,tfl-numbat-2019-midweek,early,4,14.966666666666667,1,6,off,free-flow,4,destination,162,940GZZLUEUS,0,3900,3368,1800,1796,0f8cc1d9de1fb35b,449,449,0,0,247,202,8.233333333333333,45,179,13.466666666666667,23,true,1568,93,215,114,63,9,2,0,0,1,2,5615,2118,3496,7,london-link-009-a-departure,true,810,332.3128062360802,1018.9833333333333,805.3333333333334,814.2266889383816,1410.45,1993.6833333333334,1783648.6644014404,2104393.1701227203,45.875243639700514,1.5890477240245136,2834302.8505033315,2834302.8505033315,1,1,0,0
profile,tfl-numbat-2019-midweek,early,4,14.966666666666667,1,7,off,free-flow,4,destination,165,940GZZLUEUS,0,3900,3198,1800,1796,c7961b354359c069,449,449,0,0,247,202,8.233333333333333,45,179,13.466666666666667,23,true,1398,90,209,114,67,8,2,0,0,1,2,5053,1855,3194,7,london-link-013-a-departure,true,767,303.64795842613216,809.3,755.5666666666667,792.386562731997,1363.9166666666667,1482.5833333333333,1732968.0684308398,2050696.3039314514,45.80131581144654,1.625695481597948,2817278.358495622,2817278.358495622,1,1,0,0
profile,tfl-numbat-2019-midweek,early,4,14.966666666666667,1,8,off,free-flow,4,destination,172,940GZZLUEUS,0,3900,3048,1800,1796,738dbe73010ae418,449,449,0,0,237,212,7.9,56,168,12.066666666666666,44,true,1248,100,215,114,61,11,2,0,0,1,2,7104,2264,4838,8,london-link-069-a-departure,true,757,323.10835189309574,1086.15,835.6333333333333,803.6023756495917,1431.05,2050.1666666666665,1700416.4001843256,1981044.9387127238,46.18862575625372,1.654907112830886,2814031.195347587,2814031.195347587,1,1,0,0
profile,tfl-numbat-2019-midweek,early,4,14.966666666666667,1,9,off,free-flow,4,destination,169,940GZZLUEUS,0,3900,3082,1800,1796,638d69df941ce187,449,449,0,0,233,216,7.766666666666667,52,172,12.066666666666666,44,true,1282,97,218,114,63,12,2,0,0,1,2,7138,2102,5022,8,london-link-009-a-departure,true,764,330.72093541202673,929.5833333333334,845.8333333333334,806.8759836674091,1439.2666666666667,1893.6,1721309.5683153472,2015668.9283909788,46.06153259464735,1.6251093363817195,2797316.250175583,2797316.250175583,1,1,0,0
profile,tfl-numbat-2019-midweek,early,4,14.966666666666667,1,10,off,free-flow,4,destination,155,940GZZLUEUS,0,3900,3140,1800,1796,3ad0cb05255f567b,449,449,0,0,259,190,8.633333333333333,55,169,13.6,21,true,1340,93,204,114,60,14,1,0,0,1,1,10213,2661,7552,8,london-link-069-a-departure,true,927,326.72739420935415,926.8333333333334,832.5666666666667,798.6602078693393,1437.1666666666667,1567.1333333333334,1758817.3080949264,1980247.2135886855,47.038966508739804,1.5906059917041362,2797585.348460937,2797585.348460937,1,1,0,0
profile,tfl-numbat-2019-midweek,early,4,14.966666666666667,1,1,off,free-flow,4,drop-offs,179,940GZZLUEUS,0,3900,3192,1800,1796,63c82187320d4492,449,449,0,0,257,192,8.566666666666666,55,169,13.466666666666667,23,true,1392,87,194,114,63,12,2,0,0,1,2,5129,2022,3107,8,london-link-069-a-departure,true,801,269.9379732739421,996.05,803.8,790.2043801039347,1390.1166666666666,1713.0333333333333,1775700.1961849337,1959285.0495516548,47.542361732535895,1.712268842827801,3040476.120001917,2894046.6433019787,1.0412630112771042,1.303522393988335,106,0
profile,tfl-numbat-2019-midweek,early,4,14.966666666666667,1,2,off,free-flow,4,drop-offs,189,940GZZLUEUS,0,3900,2979,1800,1796,3c1cc4bd02bc2287,449,449,0,0,259,190,8.633333333333333,57,167,13.466666666666667,23,true,1179,88,197,114,73,13,2,0,0,1,2,8640,2247,6390,8,london-link-010-a-departure,true,595,257.61748329621383,955.1166666666667,819.05,768.9555679287305,1481.0166666666667,1789.0833333333333,1663726.2892275716,1801354.1882791189,48.01407355550688,1.7368483373778179,2889640.239226361,2767875.506267038,1.0385993094898212,1.3347527755863426,96,0
profile,tfl-numbat-2019-midweek,early,4,14.966666666666667,1,3,off,free-flow,4,drop-offs,180,940GZZLUEUS,0,3900,3090,1800,1796,518b208a85e38dde,449,449,0,0,263,186,8.766666666666667,57,167,13.733333333333333,19,true,1290,86,189,114,65,11,2,0,0,1,2,7117,2337,4780,9,london-link-069-a-departure,true,705,256.60167037861913,887.8,807.6,764.8183370452858,1439.7833333333333,1586.15,1733039.8637323095,1896722.830591789,47.74526627986683,1.702613768162315,2950697.532658199,2829011.8712767246,1.0355200174873664,1.2969810902435661,92,0
profile,tfl-numbat-2019-midweek,early,4,14.966666666666667,1,4,off,free-flow,4,drop-offs,189,940GZZLUEUS,0,3900,3016,1800,1796,44d6917301dbd365,449,449,0,0,248,201,8.266666666666667,57,167,12.733333333333333,34,true,1216,91,201,114,75,17,2,0,0,1,2,10229,2397,7832,9,london-link-069-a-departure,true,586,261.2363400148478,972.45,856.2,779.9419079435784,1544.2833333333333,1744,1700539.5686295903,1818385.7936334948,48.32553673533849,1.7288913653221822,2940048.1765059666,2808998.240316847,1.0392075354107964,1.2969810902435661,100,0
profile,tfl-numbat-2019-midweek,early,4,14.966666666666667,1,5,off,free-flow,4,drop-offs,181,940GZZLUEUS,0,3900,2944,1800,1796,5f900717e62c0ede,449,449,0,0,267,182,8.9,50,174,14.466666666666667,8,true,1144,73,189,114,68,7,2,0,0,1,2,2905,1523,1382,8,london-link-068-a-arrival,true,544,225.44298440979955,754.7333333333333,681.2166666666667,737.2826280623608,1326.7833333333333,1463.7,1718505.7707212674,1810862.4621654984,48.69159740001555,1.7446479496018157,2998187.56916299,2859346.937079228,1.0394654100144367,1.3091748577522084,100,0
profile,tfl-numbat-2019-midweek,early,4,14.966666666666667,1,6,off,free-flow,4,drop-offs,174,940GZZLUEUS,0,3900,3561,1800,1796,0f8cc1d9de1fb35b,449,449,0,0,265,184,8.833333333333334,47,177,14.533333333333333,7,true,1761,86,198,114,73,14,2,0,0,1,2,8528,2330,6198,9,london-link-069-a-departure,true,844,293.1821455085375,944.9,877.55,803.3832590942835,1490.35,1792.6166666666666,1796806.2230438464,2043605.902166965,46.786807364983375,1.6355806276441627,2938821.449905034,2833027.850503332,1.0320081810098602,1.3339774901168295,81,0
profile,tfl-numbat-2019-midweek,early,4,14.966666666666667,1,7,off,free-flow,4,drop-offs,179,940GZZLUEUS,0,3900,3158,1800,1796,c7961b354359c069,449,449,0,0,256,193,8.533333333333333,51,173,13.666666666666666,20,true,1358,90,194,114,79,13,2,0,0,1,2,6194,2151,4043,8,london-link-069-a-departure,true,726,263.38715664439496,883.55,764,779.1039717891612,1443.1333333333334,1604.3833333333334,1735505.7239878352,1967883.471311956,46.86263399457116,1.6984914799814987,2947741.68554507,2817953.358495623,1.0379972461643634,1.3029730251185312,98,0
profile,tfl-numbat-2019-midweek,early,4,14.966666666666667,1,8,off,free-flow,4,drop-offs,178,940GZZLUEUS,0,3900,3134,1800,1796,738dbe73010ae418,449,449,0,0,257,192,8.566666666666666,59,165,13.2,27,true,1334,93,196,114,67,15,2,0,0,1,2,9789,2136,7653,8,london-link-009-a-departure,true,734,285.1738307349666,1050.75,922.0166666666667,798.0277654046029,1545.9833333333333,1712.8166666666666,1747699.698276686,1883456.5399618845,48.13066647676042,1.678649613181466,2933775.4223591904,2816356.195347589,1.0351866002449184,1.4431768135616874,90,0
profile,tfl-numbat-2019-midweek,early,4,14.966666666666667,1,9,off,free-flow,4,drop-offs,178,940GZZLUEUS,0,3900,3101,1800,1796,638d69df941ce187,449,449,0,0,267,182,8.9,53,171,14.266666666666667,11,true,1301,84,188,114,67,10,2,0,0,1,2,4471,1878,2593,8,london-link-009-a-departure,true,666,257.32761692650337,858.5666666666667,762,757.4624350408316,1341.3,1822.5833333333333,1728821.2904145843,1949581.6376469156,46.999236468248036,1.6874139066627594,2917237.087473426,2797616.2501755855,1.0346994913678917,1.2888409145258517,89,0
profile,tfl-numbat-2019-midweek,early,4,14.966666666666667,1,10,off,free-flow,4,drop-offs,175,940GZZLUEUS,0,3900,3158,1800,1796,3ad0cb05255f567b,449,449,0,0,259,190,8.633333333333333,58,166,13.4,24,true,1358,89,190,114,66,14,2,0,0,1,2,8695,2117,6573,9,london-link-069-a-departure,true,724,266.8214550853749,926.7666666666667,852.1833333333333,768.0156644394951,1477.35,1608.9333333333334,1728369.8645408507,1876076.704774092,47.95104688899142,1.6943038067524128,2928383.640863697,2800810.348460936,1.0376533158873618,1.3243563857359189,91,0
profile,tfl-numbat-2019-midweek,morning,7.5,7.966666666666667,1,4,off,free-flow,4,destination,0,940GZZLUEUS,0,3900,3049,1800,1792.5,5f769b86c588de5e,239,239,0,0,164,75,5.466666666666667,51,68,7.533333333333333,7,true,1249,32,80,79,56,2,2,0,1,2,2,222,162,60,5,london-link-022-a-departure,true,375.5,153.36617852161785,517.2,414.21666666666664,573.6085076708507,1034.8,1398.9666666666667,1357353.7332640395,779473.8917967768,63.52191058113112,1,1357353.7332953657,1357353.7332953657,1,1,0,0
profile,tfl-numbat-2019-midweek,morning,7.5,7.966666666666667,1,5,off,free-flow,4,destination,1,940GZZLUEUS,0,3900,2745,1800,1792.5,594103276dd965d4,239,239,0,0,158,81,5.266666666666667,50,69,7.2,12,true,945,32,83,81,60,2,2,0,0,2,1,112,90,22,5,london-link-048-a-departure,true,462.5,158.10132496513248,570.6666666666666,430.35,573.4017433751743,1009.4666666666667,1303.9333333333334,1338663.6362613633,761343.8184069295,63.745661153989204,1.003061390542454,1342761.8084936875,1342761.8084936875,1,1,0,0
profile,tfl-numbat-2019-midweek,morning,7.5,7.966666666666667,1,6,off,free-flow,4,destination,0,940GZZLUEUS,0,3900,3065,1800,1792.5,1d69b945bda6245e,239,239,0,0,163,76,5.433333333333334,49,70,7.6,6,true,1265,30,84,83,63,1,2,0,1,2,2,78,56,22,5,london-link-070-a-departure,true,457.5,158.58870292887028,567.7166666666667,436.4166666666667,583.9852161785217,1080.4666666666667,1465.9166666666667,1378001.5243668635,772870.2289755006,64.0671170759255,1,1378001.524393269,1378001.524393269,1,1,0,0
profile,tfl-numbat-2019-midweek,morning,7.5,7.966666666666667,1,7,off,free-flow,4,destination,1,940GZZLUEUS,0,3900,2841,1800,1792.5,585597660ff07c5f,239,239,0,0,157,82,5.233333333333333,47,72,7.333333333333333,10,true,1041,30,86,84,64,3,2,0,1,2,1,166,137,29,5,london-link-013-b-departure,true,548.5,160.10306834030683,564.9,414,591.2509762900977,1048.2166666666667,1231.55,1392736.8449838243,756290.7094087137,64.80777047912291,1.002654890279822,1396434.4085188557,1396434.4085188557,1,1,0,0
profile,tfl-numbat-2019-midweek,morning,7.5,7.966666666666667,1,8,off,free-flow,4,destination,1,940GZZLUEUS,0,3900,3031,1800,1792.5,4a097e34054a0534,239,239,0,0,157,82,5.233333333333333,48,71,7.266666666666667,11,true,1231,33,82,81,55,3,2,0,0,2,2,210,140,70,5,london-link-075-a-arrival,true,522.5,167.59832635983264,582.4333333333333,416.15,592.0340306834031,1048.1,1380.0666666666666,1367858.664031723,815880.7524244988,62.638364894813684,1.0038331735837482,1373101.9037584262,1373101.9037584262,1,1,0,0
profile,tfl-numbat-2019-midweek,morning,7.5,7.966666666666667,1,9,off,free-flow,4,destination,0,940GZZLUEUS,0,3900,2729,1800,1792.5,3c1e9197011d8b0e,239,239,0,0,163,76,5.433333333333334,52,67,7.4,9,true,929,32,80,78,57,2,2,0,1,2,2,225,173,52,5,london-link-048-a-departure,true,381.5,142.93598326359833,451.6166666666667,388.93333333333334,544.7672942817294,1040.6,1449.2,1294917.3069751386,678317.8695208577,65.6240737241776,1,1294917.3070230074,1294917.3070230074,1,1,0,0
profile,tfl-numbat-2019-midweek,morning,7.5,7.966666666666667,1,10,off,free-flow,4,destination,0,940GZZLUEUS,0,3900,3099,1800,1792.5,6d24593bd0e38a6d,239,239,0,0,155,84,5.166666666666667,47,72,7.2,12,true,1299,31,87,86,66,2,3,0,1,2,1,79,63,16,4,940GZZLUGPK-01-arrival,true,454.5,162.93284518828452,574.2333333333333,482.81666666666666,603.5778242677825,1092.4833333333333,1433.9333333333334,1428665.2384669634,848939.1240698446,62.72666411982582,1,1428665.2384805218,1428665.2384805218,1,1,0,0
profile,tfl-numbat-2019-midweek,morning,7.5,7.966666666666667,1,1,off,free-flow,4,drop-offs,7,940GZZLUEUS,0,3900,2961,1800,1792.5,4731b4d993884c61,239,239,0,0,154,85,5.133333333333334,54,65,6.666666666666667,20,true,1161,29,87,84,64,2,3,0,1,2,1,131,98,31,4,london-link-022-a-departure,true,436.5,152.7260111576011,516.6,415.3666666666667,578.9180613668061,1075.15,1302.95,1345648.3764770024,685349.699397921,66.25552197519033,1.0236362896045597,1377454.5112448803,1371857.1519005888,1.0037690329172984,1.2203595586751894,7,0
profile,tfl-numbat-2019-midweek,morning,7.5,7.966666666666667,1,2,off,free-flow,4,drop-offs,5,940GZZLUEUS,0,3900,3188,1800,1792.5,f9f836c87071a85e,239,239,0,0,165,74,5.5,51,68,7.6,6,true,1388,32,88,84,65,1,3,0,0,1,1,92,72,20,4,940GZZLUWLO-diverge,true,354.5,147.8576011157601,561.6166666666667,430.51666666666665,567.039539748954,1042.8166666666666,1447.75,1333061.11546783,682691.1109773285,66.13219114825063,1.0168641995281955,1355542.1241411685,1351449.638245744,1.0025696217839164,1.1749741054059761,5,0
profile,tfl-numbat-2019-midweek,morning,7.5,7.966666666666667,1,3,off,free-flow,4,drop-offs,3,940GZZLUEUS,0,3900,3153,1800,1792.5,15f7af9d566e1cbd,239,239,0,0,157,82,5.233333333333333,45,74,7.466666666666667,8,true,1353,32,89,85,61,1,2,0,0,2,1,99,81,18,4,940GZZLULNB-01-arrival,true,528.5,169.2010460251046,612.0666666666667,496.98333333333335,596.2482566248257,1157.4833333333333,1632.1,1371217.4176208107,775845.5696748357,63.86479696843643,1.0087624017568142,1383232.5755584582,1381547.934204456,1.0009693552932442,1.1302202989262484,2,0
profile,tfl-numbat-2019-midweek,morning,7.5,7.966666666666667,1,4,off,free-flow,4,drop-offs,5,940GZZLUEUS,0,3900,2944,1800,1792.5,5f769b86c588de5e,239,239,0,0,165,74,5.5,51,68,7.6,6,true,1144,29,79,77,55,3,2,0,1,2,2,169,136,33,4,london-link-022-a-arrival,true,286.5,146.23403068340306,472.8,407.15,567.6060669456067,1034.8,1293.1,1346638.931837806,753334.8024987715,64.12646547997115,1.0110999387034996,1361586.541471864,1357353.7332953662,1.0028511450166178,1.211008325382142,5,0
profile,tfl-numbat-2019-midweek,morning,7.5,7.966666666666667,1,5,off,free-flow,4,drop-offs,4,940GZZLUEUS,0,3900,2728,1800,1792.5,594103276dd965d4,239,239,0,0,159,80,5.3,50,69,7.266666666666667,11,true,928,31,83,80,62,2,3,0,0,2,1,128,102,26,5,london-link-048-a-departure,true,446.5,155.77175732217574,558.45,421.51666666666665,571.6417015341701,1002.05,1303.9666666666667,1334559.723135296,770802.833932981,63.388593981346084,1.0076490891177852,1344767.8894285988,1342611.8084936875,1.0016055488607838,1.1834671816785196,3,0
profile,tfl-numbat-2019-midweek,morning,7.5,7.966666666666667,1,6,off,free-flow,4,drop-offs,4,940GZZLUEUS,0,3900,3061,1800,1792.5,1d69b945bda6245e,239,239,0,0,163,76,5.433333333333334,50,69,7.533333333333333,7,true,1261,29,83,79,62,1,2,0,0,2,2,87,65,22,5,london-link-013-a-arrival,true,446.5,153.3060669456067,549.6166666666667,422.46666666666664,580.2376569037657,1083.4833333333333,1465.9166666666667,1366129.128034552,750737.718318603,64.53543029350472,1.0121222265105463,1382689.654796963,1378601.524393269,1.0031192319359346,1.2508115229536436,4,0
profile,tfl-numbat-2019-midweek,morning,7.5,7.966666666666667,1,7,off,free-flow,4,drop-offs,8,940GZZLUEUS,0,3900,2786,1800,1792.5,585597660ff07c5f,239,239,0,0,161,78,5.366666666666666,47,72,7.6,6,true,986,29,86,83,64,1,2,0,1,2,1,111,90,21,5,london-link-048-a-departure,true,507.5,147.3004881450488,555.9166666666666,398.8,580.4429567642957,1010.1166666666667,1184.45,1372557.0426155073,701065.7977307357,66.19125792356361,1.0223731529843332,1403265.47133852,1397184.408518856,1.0040812447599514,1.1664910955856977,8,0
profile,tfl-numbat-2019-midweek,morning,7.5,7.966666666666667,1,8,off,free-flow,4,drop-offs,5,940GZZLUEUS,0,3900,3031,1800,1792.5,4a097e34054a0534,239,239,0,0,159,80,5.3,48,71,7.4,9,true,1231,31,82,79,56,3,2,0,0,2,2,294,201,93,6,london-link-119-a-arrival,true,486.5,160.28221757322174,567.6833333333333,416.15,585.6916317991631,1071.6333333333334,1380.0666666666666,1356273.7000504034,788016.9929072662,63.250458741658015,1.0135758671098714,1374686.2915997265,1372351.903758426,1.0012613278434337,1.1365980125497865,3,0
profile,tfl-numbat-2019-midweek,morning,7.5,7.966666666666667,1,9,off,free-flow,4,drop-offs,4,940GZZLUEUS,0,3900,2716,1800,1792.5,3c1e9197011d8b0e,239,239,0,0,163,76,5.433333333333334,52,67,7.4,9,true,916,30,79,77,60,3,1,0,0,2,1,172,141,31,5,london-link-048-a-departure,true,374.5,137.57350069735006,451.6166666666667,375.9166666666667,540.0370990237099,1040.6,1449.2,1283527.5832423072,654158.1614460764,66.24023460773938,1.0107136258936267,1297278.817644587,1294242.3070230072,1.0021523359141347,1.1834671816785196,4,0
profile,tfl-numbat-2019-midweek,morning,7.5,7.966666666666667,1,10,off,free-flow,4,drop-offs,3,940GZZLUEUS,0,3900,3110,1800,1792.5,6d24593bd0e38a6d,239,239,0,0,156,83,5.2,48,71,7.2,12,true,1310,31,87,84,65,2,3,0,1,2,1,99,83,16,4,940GZZLUGPK-01-arrival,true,460.5,160.51541143654114,574.2333333333333,468.78333333333336,601.8811018131103,1089.3666666666666,1439.2833333333333,1418725.414337391,834521.073405551,62.96361370382147,1.0083295383153839,1430542.742051348,1428290.2384805218,1.0015470588057858,1.1250472109947096,3,0
profile,tfl-numbat-2019-midweek,morning,6.666667,8.966666666666667,1,4,off,free-flow,4,destination,2,940GZZLUEUS,0,3900,3232,1800,1793.3333333333333,15a8d206f7b3cc7c,269,269,0,0,177,92,5.9,58,76,7.933333333333334,16,true,1432,35,95,91,67,2,3,0,1,2,2,288,219,68,4,940GZZLUHAI-01-arrival,true,399.6666666666667,161.477385377943,556.65,411.46666666666664,582.4100991325898,1040.6666666666667,1511.6666666666667,1521680.9992984168,885899.3737739999,63.203746646120656,1.0048055400007179,1528993.4981976827,1528993.4981976827,1,1,0,0
profile,tfl-numbat-2019-midweek,morning,6.666667,8.966666666666667,1,5,off,free-flow,4,destination,1,940GZZLUEUS,0,3900,2955,1800,1793.3333333333333,901f3090cdff4483,269,269,0,0,177,92,5.9,57,77,8,15,true,1155,39,95,93,65,4,3,0,0,2,2,374,313,60,5,london-link-048-a-departure,true,430.6666666666667,174.2822800495663,604.7,452.8,592.9066914498142,1096.0333333333333,1376.05,1518237.0080974477,879016.6744912785,63.33234647315034,1.0018006625770222,1520970.84065057,1520970.84065057,1,1,0,0
profile,tfl-numbat-2019-midweek,morning,6.666667,8.966666666666667,1,6,off,free-flow,4,destination,1,940GZZLUEUS,0,3900,2854,1800,1793.3333333333333,f0c317f76b48a24f,269,269,0,0,178,91,5.933333333333334,56,78,8.133333333333333,13,true,1054,34,93,91,68,2,2,0,0,2,1,166,132,34,5,london-link-048-a-departure,true,343.6666666666667,164.9866790582404,546.8833333333333,436.35,594.4603469640645,1068.4333333333334,1495,1561412.855700565,824088.7879474857,65.45427708499751,1.0019351315458433,1564434.3949524784,1564434.3949524784,1,1,0,0
profile,tfl-numbat-2019-midweek,morning,6.666667,8.966666666666667,1,7,off,free-flow,4,destination,1,940GZZLUEUS,0,3900,3231,1800,1793.3333333333333,a6ca55de1a94f7e7,269,269,0,0,185,84,6.166666666666667,50,84,9,0,true,1431,34,97,94,73,3,2,0,0,2,2,213,170,42,5,london-link-048-a-arrival,true,555.6666666666666,162.25322180916976,568.9166666666666,431.48333333333335,593.1224287484511,1021.9833333333333,1450.7833333333333,1563125.6883654068,839215.2666285197,65.06677102249037,1.0041037307195397,1569540.3352496973,1569540.3352496973,1,1,0,0
profile,tfl-numbat-2019-midweek,morning,6.666667,8.966666666666667,1,8,off,free-flow,4,destination,0,940GZZLUEUS,0,3900,2967,1800,1793.3333333333333,146d0a0a0bcdab14,269,269,0,0,174,95,5.8,50,84,8.266666666666667,11,true,1167,40,95,93,64,2,2,0,0,2,2,187,145,39,6,london-link-118-a-departure,true,445.6666666666667,183.0495043370508,601.6166666666667,456.9,603.3934324659232,1079.65,1464.65,1528184.4387474004,912872.0609523895,62.60340303206181,1,1528184.4387343787,1528184.4387343787,1,1,0,0
profile,tfl-numbat-2019-midweek,morning,6.666667,8.966666666666667,1,9,off,free-flow,4,destination,0,940GZZLUEUS,0,3900,2845,1800,1793.3333333333333,943ada9d9a3cb91d,269,269,0,0,179,90,5.966666666666667,54,80,8.333333333333334,10,true,1045,38,92,91,71,2,2,0,0,2,2,259,209,50,5,london-link-075-a-arrival,true,385.6666666666667,156.51263940520445,516.3833333333333,427.55,559.2560718711276,1065.65,1425.15,1462078.921603674,824700.2499360624,63.93616575662728,1,1462078.9216083619,1462078.9216083619,1,1,0,0
profile,tfl-numbat-2019-midweek,morning,6.666667,8.966666666666667,1,10,off,free-flow,4,destination,1,940GZZLUEUS,0,3900,3252,1800,1793.3333333333333,4b807f4c4d191755,269,269,0,0,175,94,5.833333333333333,51,83,8.266666666666667,11,true,1452,38,99,97,70,1,2,0,0,2,2,139,110,29,5,london-link-084-a-departure,true,551.6666666666666,173.39157372986367,672.7166666666667,457.28333333333336,608.9122057001239,1154.9166666666667,1505.0333333333333,1579044.0767468978,921496.0197344593,63.14812063877138,1.00491521231548,1586805.4136141154,1586805.4136141154,1,1,0,0
profile,tfl-numbat-2019-midweek,morning,6.666667,8.966666666666667,1,1,off,free-flow,4,drop-offs,7,940GZZLUEUS,0,3900,2924,1800,1793.3333333333333,34ba04f18e7fc846,269,269,0,0,172,97,5.733333333333333,58,76,7.6,21,true,1124,37,99,94,71,2,3,0,0,2,2,185,152,31,5,london-link-009-a-arrival,true,331.6666666666667,164.65260223048327,606.15,478.71666666666664,587.0320941759603,1111.6166666666666,1468.6833333333334,1501357.5283512052,786602.8456614082,65.61990956679604,1.0229506672372775,1535814.685383155,1530137.0275102868,1.0028892051872624,1.230182852318834,6,0
profile,tfl-numbat-2019-midweek,morning,6.666667,8.966666666666667,1,2,off,free-flow,4,drop-offs,8,940GZZLUEUS,0,3900,2934,1800,1793.3333333333333,b3b95630ed092780,269,269,0,0,182,87,6.066666666666666,54,80,8.533333333333333,7,true,1134,35,100,95,71,3,2,0,1,2,1,188,141,47,5,940GZZLUWLO-01-arrival,true,449.6666666666667,160.97973977695167,590.1333333333333,436.35,592.2944857496902,1125.1666666666667,1384.2833333333333,1541896.506224849,785122.2668126875,66.26059592171485,1.0181151100149253,1569828.1310499408,1564996.5068356884,1.0024502713888286,1.1749741054059761,6,0
profile,tfl-numbat-2019-midweek,morning,6.666667,8.966666666666667,1,3,off,free-flow,4,drop-offs,4,940GZZLUEUS,0,3900,2899,1800,1793.3333333333333,8e5746ead23083f4,269,269,0,0,178,91,5.933333333333334,54,80,8.266666666666667,11,true,1099,37,96,93,68,3,2,0,0,2,1,204,167,34,5,london-link-049-a-departure,true,473.6666666666667,174.28531598513013,602.0166666666667,473.03333333333336,595.4455390334573,1093.4333333333334,1611.05,1519175.8700251984,885151.6353817479,63.18506387373667,1.0090935254301903,1532990.5344219925,1529681.691227845,1.0023831377441437,1.2888590053008755,4,0
profile,tfl-numbat-2019-midweek,morning,6.666667,8.966666666666667,1,4,off,free-flow,4,drop-offs,10,940GZZLUEUS,0,3900,3224,1800,1793.3333333333333,15a8d206f7b3cc7c,269,269,0,0,178,91,5.933333333333334,60,74,7.866666666666666,17,true,1424,33,95,90,65,2,4,0,1,2,2,293,238,55,4,940GZZLUEUS-01-arrival,true,390.6666666666667,151.36003717472119,576.7333333333333,421.51666666666665,575.3387236679058,1030.7166666666667,1503.6666666666667,1505782.7190929123,860023.9809473447,63.647749373069644,1.0214933118968068,1538146.976715898,1529443.4981976824,1.0049284050860534,1.2314423795254414,10,0
profile,tfl-numbat-2019-midweek,morning,6.666667,8.966666666666667,1,5,off,free-flow,4,drop-offs,4,940GZZLUEUS,0,3900,2955,1800,1793.3333333333333,901f3090cdff4483,269,269,0,0,178,91,5.933333333333334,57,77,8.066666666666666,14,true,1155,37,95,92,66,4,3,0,0,2,2,306,254,51,5,london-link-009-a-departure,true,434.6666666666667,169.26939281288725,545.45,452.8,588.7266418835193,1076.95,1376.05,1511870.6222528254,901287.1854961285,62.65112946190334,1.0074950804136629,1523202.2141329122,1520145.84065057,1.0019377371748095,1.1664910955856977,4,0
profile,tfl-numbat-2019-midweek,morning,6.666667,8.966666666666667,1,6,off,free-flow,4,drop-offs,14,940GZZLUEUS,0,3900,2883,1800,1793.3333333333333,f0c317f76b48a24f,269,269,0,0,183,86,6.1,56,78,8.466666666666667,8,true,1083,31,91,86,65,2,2,0,0,2,1,129,103,26,5,london-link-048-a-departure,true,358.6666666666667,147.44058240396532,546.8833333333333,425.95,579.2050185873605,1068.4333333333334,1495,1514034.5814885795,741039.665031409,67.1390125546875,1.0387695140068156,1572732.9663930666,1564284.3949524781,1.0055684173430774,1.2508115229536436,11,0
profile,tfl-numbat-2019-midweek,morning,6.666667,8.966666666666667,1,7,off,free-flow,4,drop-offs,7,940GZZLUEUS,0,3900,3061,1800,1793.3333333333333,a6ca55de1a94f7e7,269,269,0,0,181,88,6.033333333333333,52,82,8.6,6,true,1261,32,97,92,71,4,2,1,0,2,2,2644,149,1199,4,940GZZLUBNK-diverge,true,458.6666666666667,160.41926889714992,551.7333333333333,417.3333333333333,592.0185873605948,1008.7833333333333,1280.2333333333333,1545723.893615913,809554.409534459,65.62807849706697,1.017690618654431,1573068.7055456818,1568415.335249697,1.003489839426557,1.2941565315388703,6,0
profile,tfl-numbat-2019-midweek,morning,6.666667,8.966666666666667,1,8,off,free-flow,4,drop-offs,4,940GZZLUEUS,0,3900,2967,1800,1793.3333333333333,146d0a0a0bcdab14,269,269,0,0,175,94,5.833333333333333,51,83,8.266666666666667,11,true,1167,40,94,92,63,2,2,0,0,2,2,161,119,42,5,london-link-010-a-arrival,true,445.6666666666667,176.25724907063199,645.1166666666667,446.85,596.8685873605948,1066.75,1468.4,1512832.6045048465,887876.722353268,63.016067275613885,1.012133287795046,1531188.2378721682,1528034.438734379,1.0014476886581605,1.133048711879716,4,0
profile,tfl-numbat-2019-midweek,morning,6.666667,8.966666666666667,1,9,off,free-flow,4,drop-offs,7,940GZZLUEUS,0,3900,2790,1800,1793.3333333333333,943ada9d9a3cb91d,269,269,0,0,178,91,5.933333333333334,56,78,8.133333333333333,13,true,990,36,92,89,70,2,2,0,0,2,1,241,172,69,6,london-link-070-a-departure,true,428.6666666666667,146.622614622057,493.26666666666665,393.05,550.7480793060719,1028.0833333333333,1444.5333333333333,1439706.824299516,794763.4225113245,64.43168470711771,1.018659709584609,1466571.3355386488,1461103.921608362,1.0026707100355725,1.1377204670709862,7,0
profile,tfl-numbat-2019-midweek,morning,6.666667,8.966666666666667,1,10,off,free-flow,4,drop-offs,8,940GZZLUEUS,0,3900,3257,1800,1793.3333333333333,4b807f4c4d191755,269,269,0,0,175,94,5.833333333333333,51,83,8.266666666666667,11,true,1457,37,99,95,72,2,2,0,0,2,1,198,163,35,5,london-link-084-a-departure,true,555.6666666666666,165.62670384138787,672.7166666666667,457.28333333333336,603.1425030978935,1159.3333333333333,1509.45,1554104.2170738075,895698.8249829106,63.43792502474273,1.0243713724622001,1591979.8697736922,1586355.4136141154,1.0029256605534376,1.1820788307280836,7,0
profile,tfl-numbat-2019-midweek,morning,6,9.966666666666667,1,4,off,free-flow,4,destination,3,940GZZLUEUS,0,3900,3047,1800,1794,f04a042e0c7246de,299,299,0,0,191,108,6.366666666666666,62,87,8.6,21,true,1247,45,114,107,77,2,3,0,1,2,2,246,191,53,5,940GZZLUFPK-01-arrival,true,618,182.46672240802675,620.1666666666666,476.95,605.9139353400222,1092.9833333333333,1498.6833333333334,1690884.0255230803,989160.738646831,63.09163369690195,1.0114667489389029,1710272.9680730312,1710272.9680730312,1,1,0,0
profile,tfl-numbat-2019-midweek,morning,6,9.966666666666667,1,5,off,free-flow,4,destination,3,940GZZLUEUS,0,3900,3119,1800,1794,17f2c46e4d607a5a,299,299,0,0,192,107,6.4,56,93,9.066666666666666,14,true,1319,44,107,105,71,2,3,0,1,2,2,263,199,64,5,london-link-020-a-arrival,true,634,191.11270903010032,663.7166666666667,494.5833333333333,607.0998885172799,1109.1666666666667,1354.5,1668104.733020539,1039817.1649037945,61.600917452573825,1.0064240217923726,1678820.6741279755,1678820.6741279755,1,1,0,0
profile,tfl-numbat-2019-midweek,morning,6,9.966666666666667,1,6,off,free-flow,4,destination,0,940GZZLUEUS,0,3900,2907,1800,1794,7f61d32cf067085f,299,299,0,0,193,106,6.433333333333334,60,89,8.866666666666667,17,true,1107,40,107,105,75,3,1,0,1,2,1,194,144,45,5,london-link-075-b-departure,true,487,179.06995540691193,612.6333333333333,441.26666666666665,606.2186176142698,1093.3833333333334,1481.75,1728590.397578776,945006.0946552822,64.65412423302386,1,1728590.3975139817,1728590.3975139817,1,1,0,0
profile,tfl-numbat-2019-midweek,morning,6,9.966666666666667,1,7,off,free-flow,4,destination,1,940GZZLUEUS,0,3900,2937,1800,1794,bb174e1f2b42de30,299,299,0,0,196,103,6.533333333333333,61,88,9,15,true,1137,40,109,107,80,3,2,0,0,2,2,191,149,39,5,london-link-048-a-arrival,true,545,182.2408026755853,562.3166666666667,496.05,607.4081939799331,1054.05,1334.4666666666667,1716094.9026695255,941347.8386839029,64.5769286376241,1.003138762785581,1721481.3174254627,1721481.3174254627,1,1,0,0
profile,tfl-numbat-2019-midweek,morning,6,9.966666666666667,1,8,off,free-flow,4,destination,3,940GZZLUEUS,0,3900,3164,1800,1794,dc2e06931bf0180c,299,299,0,0,190,109,6.333333333333333,59,90,8.733333333333333,19,true,1364,47,113,108,72,3,3,0,0,2,2,266,218,46,5,london-link-009-a-departure,true,588,203.6347268673356,667.6333333333333,547.0666666666667,630.0996655518394,1179.95,1686.2,1706099.662017353,1085799.3791148423,61.108931121144,1.0104094960685872,1723859.299682034,1723859.299682034,1,1,0,0
profile,tfl-numbat-2019-midweek,morning,6,9.966666666666667,1,9,off,free-flow,4,destination,0,940GZZLUEUS,0,3900,3079,1800,1794,d242b8b37f88e590,299,299,0,0,191,108,6.366666666666666,61,88,8.666666666666666,20,true,1279,44,112,107,79,2,3,0,1,2,2,176,137,39,4,940GZZLUEUS-diverge,true,499,173.30445930880714,582.9666666666667,434.46666666666664,575.9871237458194,1075.7666666666667,1437.2,1627017.6826463756,941977.1772581541,63.33285083749991,1,1627017.6826080447,1627017.6826080447,1,1,0,0
profile,tfl-numbat-2019-midweek,morning,6,9.966666666666667,1,10,off,free-flow,4,destination,0,940GZZLUEUS,0,3900,3347,1800,1794,99ee16c8b3ff14ba,299,299,0,0,191,108,6.366666666666666,53,96,9.2,12,true,1547,47,115,111,73,2,3,0,1,2,1,226,163,58,5,london-link-010-a-departure,true,646,201.00685618729096,985.05,503.3333333333333,637.4161092530658,1224.3333333333333,1774.6333333333334,1766844.6023517712,1061228.2271725738,62.47521576906978,1,1766844.602277058,1766844.602277058,1,1,0,0
profile,tfl-numbat-2019-midweek,morning,6,9.966666666666667,1,1,off,free-flow,4,drop-offs,12,940GZZLUEUS,0,3900,3460,1800,1794,1c08fe1ead694371,299,299,0,0,191,108,6.366666666666666,65,84,8.4,24,true,1660,41,112,104,74,2,2,1,0,2,2,149,119,28,5,london-link-082-a-departure,true,712,180.25211817168338,831.05,481.3333333333333,602.8236343366779,1141.0833333333333,1785.6166666666666,1650092.0508515483,962892.60635701,63.14970301487861,1.0354651529741705,1708612.8178105692,1698321.691771871,1.0065573394895202,1.2866062756813923,10,0
profile,tfl-numbat-2019-midweek,morning,6,9.966666666666667,1,2,off,free-flow,4,drop-offs,11,940GZZLUEUS,0,3900,2956,1800,1794,5d52463e8423e3e8,299,299,0,0,200,99,6.666666666666667,57,92,9.533333333333333,7,true,1156,41,108,102,72,2,2,0,1,2,2,227,178,45,5,london-link-088-a-arrival,true,537,172.04743589743592,571.3333333333334,475.3833333333333,597.2454292084727,1106.8666666666666,1563.9333333333334,1682549.1304962118,892099.8451023333,65.3506224127139,1.021633741362936,1718948.963161948,1711223.1629208708,1.004415323765313,1.2126210841356782,10,0
profile,tfl-numbat-2019-midweek,morning,6,9.966666666666667,1,3,off,free-flow,4,drop-offs,9,940GZZLUEUS,0,3900,2945,1800,1794,c3759d12dff30a69,299,299,0,0,197,102,6.566666666666666,59,90,9.2,12,true,1145,47,111,104,73,2,2,0,0,2,1,188,147,37,5,london-link-013-b-departure,true,355,187.7418060200669,620.1666666666666,504.35,612.6329988851728,1111.75,1581.75,1677510.9246471124,997804.8909773711,62.703285901800754,1.0248416064596435,1719182.9908163918,1715342.4876762228,1.0019629731984778,1.1704546318087818,5,0
profile,tfl-numbat-2019-midweek,morning,6,9.966666666666667,1,4,off,free-flow,4,drop-offs,13,940GZZLUEUS,0,3900,3170,1800,1794,f04a042e0c7246de,299,299,0,0,195,104,6.5,63,86,8.8,18,true,1370,42,109,104,75,4,4,0,1,2,2,310,253,57,5,london-link-088-a-departure,true,623,174.5676700111483,622.2833333333333,476.51666666666665,600.591861761427,1103.45,1498.6833333333334,1670393.658346111,983639.6316307561,62.937931662517705,1.0291417407212742,1719071.8371888846,1710047.9680730312,1.0049421662953921,1.1980856326977898,11,0
profile,tfl-numbat-2019-midweek,morning,6,9.966666666666667,1,5,off,free-flow,4,drop-offs,11,940GZZLUEUS,0,3900,2949,1800,1794,17f2c46e4d607a5a,299,299,0,0,196,103,6.533333333333333,57,92,9.266666666666667,11,true,1149,44,105,99,76,3,2,0,1,2,2,271,207,64,5,london-link-020-a-arrival,true,464,175.39041248606466,611.4833333333333,463.6333333333333,592.7581939799331,1097.1333333333334,1341.7166666666667,1647498.5612453148,950446.7873630595,63.415443366729036,1.022665216961512,1684839.473534855,1678520.6741279757,1.0031685693692582,1.1733558815581808,8,0
profile,tfl-numbat-2019-midweek,morning,6,9.966666666666667,1,6,off,free-flow,4,drop-offs,8,940GZZLUEUS,0,3900,2977,1800,1794,7f61d32cf067085f,299,299,0,0,190,109,6.333333333333333,61,88,8.6,21,true,1177,41,109,106,70,3,1,0,1,2,1,300,249,48,5,london-link-048-a-arrival,true,427,177.76103678929766,631,443.28333333333336,606.7867335562988,1110.0166666666667,1545.0166666666667,1707088.7740247592,962079.9643735851,63.9558207567316,1.0165352634351206,1735315.9365502265,1728815.3975139821,1.0036547223177184,1.1921276899972968,8,0
profile,tfl-numbat-2019-midweek,morning,6,9.966666666666667,1,7,off,free-flow,4,drop-offs,8,940GZZLUEUS,0,3900,2953,1800,1794,bb174e1f2b42de30,299,299,0,0,200,99,6.666666666666667,62,87,9.2,12,true,1153,38,108,103,78,2,2,0,0,2,2,203,159,41,5,london-link-048-a-arrival,true,548,172.39470457079153,612.9,462.35,599.6831103678929,1019.3333333333334,1339.3,1695029.777053709,897759.6932239578,65.37475550886842,1.0193495225303,1727827.7938582066,1722381.3174254624,1.0030842056108478,1.1616140345585095,7,0
profile,tfl-numbat-2019-midweek,morning,6,9.966666666666667,1,8,off,free-flow,4,drop-offs,8,940GZZLUEUS,0,3900,3064,1800,1794,dc2e06931bf0180c,299,299,0,0,192,107,6.4,59,90,8.866666666666667,17,true,1264,43,109,104,72,2,3,0,0,2,1,215,167,47,6,london-link-084-b-departure,true,502,185.79041248606467,619.9333333333333,498.25,613.5568004459309,1155.9,1523.3833333333334,1686209.0237453636,1007162.1163359536,62.60589187476236,1.0252762330774585,1728830.035991577,1723934.2996820332,1.0018585943170275,1.108291096157508,6,0
profile,tfl-numbat-2019-midweek,morning,6,9.966666666666667,1,9,off,free-flow,4,drop-offs,10,940GZZLUEUS,0,3900,3114,1800,1794,d242b8b37f88e590,299,299,0,0,197,102,6.566666666666666,62,87,9,15,true,1314,42,106,99,79,2,2,0,0,2,1,199,156,43,5,940GZZLUWLO-01-arrival,true,420,152.167502787068,500.6,396.98333333333335,557.2873467112597,1049.65,1381.3666666666666,1583851.5857345867,858045.63108805,64.86151729987525,1.0321898564776018,1634835.5409329864,1626867.6826080445,1.0030952990566615,1.13715011663561,9,0
profile,tfl-numbat-2019-midweek,morning,6,9.966666666666667,1,10,off,free-flow,4,drop-offs,5,940GZZLUEUS,0,3900,3347,1800,1794,99ee16c8b3ff14ba,299,299,0,0,187,112,6.233333333333333,53,96,8.933333333333334,16,true,1547,45,114,110,75,2,3,0,1,1,2,201,154,46,5,940GZZLUVIC-01-arrival,true,646,200.17541806020066,867.1166666666667,541.4333333333333,637.7120958751393,1194.6,1774.6333333333334,1753727.9420560692,1056707.900363963,62.400568466489354,1.0097197471768975,1770773.734198219,1766919.6022770582,1.0024651029251657,1.222661146351879,5,0
profile,tfl-numbat-2019-midweek,morning,4.615385,13.033333333333333,1,4,off,free-flow,4,destination,12,940GZZLUEUS,0,3900,3497,1800,1798.6,611e2017d28bb8d4,391,391,0,0,218,173,7.266666666666667,70,125,9.866666666666667,48,true,1697,111,173,114,73,3,2,0,2,2,2,462,337,123,5,london-link-009-a-departure,true,949.4,351.25306905370843,1155.3333333333333,839.1833333333333,779.8300511508951,1467.2166666666667,1943.05,2198645.431803775,1612895.3325324098,57.68390180622113,1.0298943479863172,2264372.503247943,2264372.503247943,1,1,0,0
profile,tfl-numbat-2019-midweek,morning,4.615385,13.033333333333333,1,5,off,free-flow,4,destination,9,940GZZLUEUS,0,3900,3900,1800,1798.6,1cf0ad16f9a75454,391,390,1,0,213,178,7.1,69,126,9.6,52,false,0,106,181,114,76,3,3,0,1,1,2,400,322,77,6,london-link-084-a-departure,true,1200.4,363.38878942881496,1204.1333333333334,837.3666666666667,774.2185042735043,1417.2333333333333,1889.3333333333333,2150459.0337567013,1685928.835571082,56.05426528818389,1.017630393008305,2175616.2201089156,2175616.2201089156,1,1,0,0
profile,tfl-numbat-2019-midweek,morning,4.615385,13.033333333333333,1,6,off,free-flow,4,destination,11,940GZZLUEUS,0,3900,3616,1800,1798.6,b9c14e11f0858ab7,391,391,0,0,215,176,7.166666666666667,73,122,9.466666666666667,54,true,1816,105,176,114,73,2,3,0,1,2,2,416,345,71,6,london-link-009-a-departure,true,1221.4,357.05980392156863,1276.1666666666667,877.1833333333333,792.8915601023017,1501.1,1872.0333333333333,2266012.287472947,1644734.8785582318,57.943206023533584,1.0173853382911155,2305407.677453814,2305407.677453814,1,1,0,0
profile,tfl-numbat-2019-midweek,morning,4.615385,13.033333333333333,1,7,off,free-flow,4,destination,13,940GZZLUEUS,0,3900,3900,1800,1798.6,aef6a52427b4f4d9,391,390,1,0,218,173,7.266666666666667,70,125,9.866666666666667,48,false,0,101,173,114,77,2,2,0,1,2,2,432,350,80,5,london-link-048-a-departure,true,1099.4,360.75328218243817,1181.4166666666667,837.7833333333333,778.2492735042736,1453.5666666666666,1679.2166666666667,2163768.919958885,1651429.668735967,56.71445062835097,1.028455953340614,2210999.5121153453,2210999.5121153453,1,1,0,0
profile,tfl-numbat-2019-midweek,morning,4.615385,13.033333333333333,1,8,off,free-flow,4,destination,13,940GZZLUEUS,0,3900,3587,1800,1798.6,54a4deef548e35c1,391,391,0,0,213,178,7.1,70,125,9.533333333333333,53,true,1787,102,179,114,75,4,4,0,0,2,1,577,443,130,5,940GZZLULNB-diverge,true,1212.4,374.59603580562657,1377.8,860.8333333333334,805.6553708439898,1508.9166666666667,2045.7666666666667,2195551.2718960247,1722542.2781215806,56.03621362961482,1.0370134359459449,2276816.168070584,2276816.168070584,1,1,0,0
profile,tfl-numbat-2019-midweek,morning,4.615385,13.033333333333333,1,9,off,free-flow,4,destination,9,940GZZLUEUS,0,3900,3398,1800,1798.6,b90438ef99e26e09,391,391,0,0,231,160,7.7,77,118,10.266666666666667,42,true,1598,90,161,114,71,3,5,0,1,2,2,448,320,126,6,london-link-074-a-departure,true,1028.4,305.2004688832055,1096.65,722.95,713.1664535379368,1338.5,1752.9,2113472.7317226795,1518275.5982433434,58.19436094412556,1.017981697973449,2151476.5598918134,2151476.5598918134,1,1,0,0
profile,tfl-numbat-2019-midweek,morning,4.615385,13.033333333333333,1,10,off,free-flow,4,destination,15,940GZZLUEUS,0,3900,3580,1800,1798.6,d2db57ce2d8e45e2,391,391,0,0,220,171,7.333333333333333,65,130,10.333333333333334,41,true,1780,112,172,114,74,2,3,0,1,2,2,367,285,82,6,london-link-048-a-departure,true,1205.4,359.64360613810743,1251.1,807.05,792.1950554134697,1439.2,1875.9333333333334,2204170.8944247793,1640613.6969945794,57.32885268381388,1.0377891328547022,2287464.6009934125,2287464.6009934125,1,1,0,0
profile,tfl-numbat-2019-midweek,morning,4.615385,13.033333333333333,1,1,off,free-flow,4,drop-offs,42,940GZZLUEUS,0,3900,3396,1800,1798.6,b9bdf89a2a5e69f2,391,391,0,0,243,148,8.1,80,115,10.866666666666667,33,true,1596,77,154,114,81,3,2,0,0,2,2,666,458,204,6,london-link-031-b-departure,true,771.4,251.26402387041773,891.3833333333333,614.4,680.565601023018,1255.7333333333333,1809.0166666666667,2050576.589081368,1341599.7041925173,60.45017746121616,1.1027077751505003,2261186.74815831,2230884.0814835303,1.0107877679515918,1.2474452828183515,32,0
profile,tfl-numbat-2019-midweek,morning,4.615385,13.033333333333333,1,2,off,free-flow,4,drop-offs,27,940GZZLUEUS,0,3900,3332,1800,1798.6,8b758b26ca8b1088,391,391,0,0,233,158,7.766666666666667,73,122,10.666666666666666,36,true,1532,92,160,114,79,3,4,0,1,2,1,434,336,98,5,940GZZLUWLO-01-arrival,true,938.4,300.0470588235294,1281.0333333333333,732.45,732.1467178175617,1364.6333333333334,2059.866666666667,2164633.8356984314,1449675.679483058,59.89066034898609,1.05379209718313,2281074.0291676726,2255720.2265195916,1.0105697661334954,1.3974876936034333,26,0
profile,tfl-numbat-2019-midweek,morning,4.615385,13.033333333333333,1,3,off,free-flow,4,drop-offs,48,940GZZLUEUS,0,3900,3244,1800,1798.6,7433030a10576159,391,391,0,0,217,174,7.233333333333333,72,123,9.666666666666666,51,true,1444,98,174,114,75,5,3,0,0,2,2,553,411,140,6,london-link-048-a-departure,true,994.4,315.62855924978686,1053.8833333333334,773.1666666666666,747.5358056265985,1366.8166666666666,1708.6333333333334,2067243.3732509452,1482378.2365340951,58.23841525959536,1.0997994200393935,2273553.062814219,2234636.4514375473,1.0166177170860315,1.4035981954087842,39,0
profile,tfl-numbat-2019-midweek,morning,4.615385,13.033333333333333,1,4,off,free-flow,4,drop-offs,38,940GZZLUEUS,0,3900,3900,1800,1798.6,611e2017d28bb8d4,391,390,1,0,234,157,7.8,71,124,10.866666666666667,33,false,0,81,157,114,75,3,3,0,1,2,1,507,395,108,6,london-link-048-a-departure,true,1307.4,265.30055413469734,1366.7,670.25,695.5668803418803,1302.3833333333334,2103.05,2135533.4529529056,1382866.0904059452,60.69616104242135,1.0725328854935252,2278597.999038492,2253675.35179385,1.0097926942914532,1.2937386418214123,28,0
profile,tfl-numbat-2019-midweek,morning,4.615385,13.033333333333333,1,5,off,free-flow,4,drop-offs,42,940GZZLUEUS,0,3900,3276,1800,1798.6,1cf0ad16f9a75454,391,391,0,0,219,172,7.3,70,125,9.933333333333334,47,true,1476,86,172,114,80,3,2,0,0,1,2,420,335,85,6,london-link-009-a-arrival,true,1007.4,298.0705882352941,1025.4,779.6166666666667,719.4587809036659,1385.35,1602.3166666666666,2059228.5063434422,1500767.988331757,57.84355432437914,1.0784914136765837,2220860.262727102,2188749.498221637,1.0129172865674143,1.2797849061009476,36,0
profile,tfl-numbat-2019-midweek,morning,4.615385,13.033333333333333,1,6,off,free-flow,4,drop-offs,38,940GZZLUEUS,0,3900,3504,1800,1798.6,b9c14e11f0858ab7,391,391,0,0,231,160,7.7,75,120,10.4,40,true,1704,83,162,114,78,4,3,0,0,2,2,629,472,157,5,940GZZLULVT-01-arrival,true,998.4,275.2045609548167,1053.4166666666667,655.9333333333333,718.107757885763,1329.45,1764.35,2158872.47344766,1457942.0612820382,59.68988602311627,1.0821546375398967,2336233.85880712,2304732.6774538155,1.0128529137364384,1.3672433854015433,34,0
profile,tfl-numbat-2019-midweek,morning,4.615385,13.033333333333333,1,7,off,free-flow,4,drop-offs,39,940GZZLUEUS,0,3900,3411,1800,1798.6,aef6a52427b4f4d9,391,391,0,0,241,150,8.033333333333333,75,120,11.066666666666666,30,true,1611,74,151,114,79,3,2,0,1,2,2,430,333,97,4,940GZZLUBXN-01-arrival,true,965.4,247.04126172208012,969.2833333333333,667.3166666666667,674.5409633418585,1272.9333333333334,1694.7666666666667,2080959.4560308072,1366821.2425066957,60.35649126156774,1.0838008725646586,2255345.674049059,2223170.9635373335,1.0122234805081534,1.34268619365834,35,0
profile,tfl-numbat-2019-midweek,morning,4.615385,13.033333333333333,1,8,off,free-flow,4,drop-offs,39,940GZZLUEUS,0,3900,3590,1800,1798.6,54a4deef548e35c1,391,391,0,0,219,172,7.3,70,125,9.933333333333334,47,true,1790,92,172,114,78,3,3,0,0,1,1,540,404,132,6,london-link-010-a-arrival,true,1222.4,327.7475277067349,1281.3166666666666,801.3333333333334,766.0022591645354,1405.9,1909.85,2127996.715993056,1637128.2112630303,56.51862174846555,1.0852727842258527,2309456.920606257,2277866.168070583,1.0137480825514709,1.3959702511976595,32,0
profile,tfl-numbat-2019-midweek,morning,4.615385,13.033333333333333,1,9,off,free-flow,4,drop-offs,38,940GZZLUEUS,0,3900,3528,1800,1798.6,b90438ef99e26e09,391,391,0,0,245,146,8.166666666666666,79,116,11.066666666666666,30,true,1728,73,151,114,80,3,3,0,1,2,2,437,349,87,5,london-link-063-b-departure,true,818.4,251.19364876385336,914.5833333333334,640.9666666666667,665.5433930093777,1304.95,1825.5166666666667,2046193.5366733219,1452694.761912727,58.48124781520513,1.0656011535340544,2180426.192876726,2152376.5598918125,1.0108415225250835,1.277707357618344,34,0
profile,tfl-numbat-2019-midweek,morning,4.615385,13.033333333333333,1,10,off,free-flow,4,drop-offs,36,940GZZLUEUS,0,3900,3328,1800,1798.6,d2db57ce2d8e45e2,391,391,0,0,233,158,7.766666666666667,66,129,11.133333333333333,29,true,1528,93,165,114,75,3,3,0,1,1,2,360,278,81,6,london-link-048-a-departure,true,952.4,320.1126598465473,1018.5166666666667,765.4833333333333,756.9636828644501,1460.9166666666667,1744.8666666666666,2144714.4045112208,1582348.8659809572,57.5443519161938,1.075676204811294,2307018.250863601,2287089.6009934135,1.009580516602412,1.4222427293907194,21,0
profile,tfl-numbat-2019-midweek,morning,4.2857140000000005,14,1,4,off,free-flow,4,destination,22,940GZZLUEUS,0,3900,3894,1800,1799,e8e850a1e767a15a,420,420,0,0,230,190,7.666666666666667,74,136,10.4,54,true,2094,117,191,114,75,3,3,0,1,1,1,557,413,142,5,940GZZLULVT-01-arrival,true,1264,379.7869841269841,1276.2166666666667,861.5333333333333,813.2336507936509,1497.3166666666666,2130.866666666667,2346115.297574137,1648971.6413959712,58.72501233174518,1.0486134737412258,2460168.1117505194,2460168.1117505194,1,1,0,0
profile,tfl-numbat-2019-midweek,morning,4.2857140000000005,14,1,5,off,free-flow,4,destination,19,940GZZLUEUS,0,3900,3900,1800,1799,5b2d4f3c131094f1,420,419,1,0,220,200,7.333333333333333,75,135,9.666666666666666,65,false,0,127,202,114,72,3,3,1,1,2,2,563,444,116,6,london-link-118-a-departure,true,1271,397.3367857142857,1309.4833333333333,858.6666666666666,809.2183770883055,1425.7666666666667,2137.35,2265151.9125582865,1763763.8118690958,56.22237017331073,1.0392470021839122,2342069.764507676,2342069.764507676,1,1,0,0
profile,tfl-numbat-2019-midweek,morning,4.2857140000000005,14,1,6,off,free-flow,4,destination,15,940GZZLUEUS,0,3900,3668,1800,1799,9795c774c61a6efd,420,420,0,0,220,200,7.333333333333333,77,133,9.533333333333333,67,true,1868,136,200,114,74,3,2,0,0,2,1,534,436,95,6,940GZZLUBXN-01-arrival,true,1255,420.65472222222223,1280.2166666666667,915.2666666666667,856.5763888888888,1566.5166666666667,2075.5666666666666,2400063.4353262195,1794230.6263948677,57.22210698649434,1.0312070956859303,2474962.4443581216,2474962.4443581216,1,1,0,0
profile,tfl-numbat-2019-midweek,morning,4.2857140000000005,14,1,7,off,free-flow,4,destination,16,940GZZLUEUS,0,3900,3661,1800,1799,20d05a9f7278ee7d,420,420,0,0,226,194,7.533333333333333,75,135,10.066666666666666,59,true,1861,125,194,114,75,3,3,0,1,2,2,393,310,83,6,london-link-087-a-arrival,true,1157,411.0023412698413,1259.7,896.5833333333334,833.5089682539682,1540.0333333333333,2062.866666666667,2326763.285662813,1734426.9714317676,57.29264423399373,1.0313494925464062,2399706.1337170205,2399706.1337170205,1,1,0,0
profile,tfl-numbat-2019-midweek,morning,4.2857140000000005,14,1,8,off,free-flow,4,destination,24,940GZZLUEUS,0,3900,3509,1800,1799,01aa771e12738d7b,420,420,0,0,215,205,7.166666666666667,76,134,9.266666666666667,71,true,1709,131,205,114,71,3,3,0,0,1,2,460,370,86,6,london-link-017-a-departure,true,1036,421.034126984127,1288.45,890.3833333333333,847.5131349206349,1566.5166666666667,1981.4833333333333,2276193.8055802877,1807394.154722329,55.7400459524229,1.0634137882960972,2420535.877467652,2420535.877467652,1,1,0,0
profile,tfl-numbat-2019-midweek,morning,4.2857140000000005,14,1,9,off,free-flow,4,destination,14,940GZZLUEUS,0,3900,3635,1800,1799,3392c0707ef282d4,420,420,0,0,243,177,8.1,84,126,10.6,51,true,1835,112,182,114,77,3,4,0,0,2,2,480,392,85,5,london-link-031-b-departure,true,1165,360.9646031746032,1176.95,833.7833333333333,772.8821031746032,1432.6833333333334,1898.8,2273930.820298217,1636066.1196438957,58.156843988013,1.026447042111178,2334069.5642478187,2334069.5642478187,1,1,0,0
profile,tfl-numbat-2019-midweek,morning,4.2857140000000005,14,1,10,off,free-flow,4,destination,17,940GZZLUEUS,0,3900,3793,1800,1799,2a82a60a0cb8049b,420,420,0,0,219,201,7.3,68,142,10.066666666666666,59,true,1993,136,202,114,76,2,3,0,1,1,2,231,179,49,5,london-link-048-a-arrival,true,1266,450.1699603174603,1325.1166666666666,1000.3166666666667,883.7641269841271,1607.7666666666667,2032.4166666666667,2374822.5502210543,1828778.8162332575,56.49495142837936,1.0390830646998515,2467637.893359882,2467637.893359882,1,1,0,0
profile,tfl-numbat-2019-midweek,morning,4.2857140000000005,14,1,1,off,free-flow,4,drop-offs,59,940GZZLUEUS,0,3900,3528,1800,1799,8f257d775b622b3f,420,420,0,0,251,169,8.366666666666667,80,130,11.4,39,true,1728,88,175,114,79,2,2,0,1,2,2,264,203,58,5,london-link-031-b-departure,true,931,294.04099206349207,1070.25,755.25,733.0157142857142,1396.8666666666666,1886.6666666666667,2213873.8577479618,1542105.8385608373,58.942647105458356,1.1239792940451976,2488348.375521863,2446985.9951138436,1.0162145952700363,1.3011842229963575,43,0
profile,tfl-numbat-2019-midweek,morning,4.2857140000000005,14,1,2,off,free-flow,4,drop-offs,50,940GZZLUEUS,0,3900,3533,1800,1799,147acec647511cf7,420,420,0,0,240,180,8,74,136,11.066666666666666,44,true,1733,103,181,114,77,3,3,0,1,2,2,527,376,150,6,london-link-031-b-departure,true,832,333.81996031746036,1058.1666666666667,821.3666666666667,764.5261507936508,1394.6333333333334,1960.7833333333333,2222870.541417368,1593870.186285271,58.24001943027846,1.0971040184281748,2438720.2032235446,2396468.123522486,1.0159441483571516,1.3327710785494125,44,0
profile,tfl-numbat-2019-midweek,morning,4.2857140000000005,14,1,3,off,free-flow,4,drop-offs,63,940GZZLUEUS,0,3900,3501,1800,1799,a415c0f5b05ea09e,420,420,0,0,228,192,7.6,74,136,10.266666666666667,56,true,1701,95,192,114,77,5,3,0,1,1,2,472,366,104,6,london-link-031-b-departure,true,1014,326.07138888888886,1180.7833333333333,839.5333333333333,755.9389285714285,1371.4333333333334,1868.1333333333334,2141372.03570457,1603654.6052572445,57.17908685302738,1.1355313398490354,2431595.0566247404,2385095.873810968,1.0177628695483256,1.3310176896156674,48,0
profile,tfl-numbat-2019-midweek,morning,4.2857140000000005,14,1,4,off,free-flow,4,drop-offs,51,940GZZLUEUS,0,3900,3311,1800,1799,e8e850a1e767a15a,420,420,0,0,244,176,8.133333333333333,74,136,11.333333333333334,40,true,1511,97,176,114,80,4,4,1,2,2,2,837,604,231,6,940GZZLUWLO-merge,true,822,295.11904761904765,1021.6333333333333,710.7666666666667,737.4755158730159,1353.25,1802.5,2248896.9650670863,1427257.4599951487,61.175258300772114,1.111140994145902,2498841.609275074,2461143.1117505203,1.012723505534822,1.260557994358983,39,0
profile,tfl-numbat-2019-midweek,morning,4.2857140000000005,14,1,5,off,free-flow,4,drop-offs,60,940GZZLUEUS,0,3900,3635,1800,1799,5b2d4f3c131094f1,420,420,0,0,230,190,7.666666666666667,74,136,10.4,54,true,1835,99,190,114,76,2,3,0,1,2,2,571,463,105,5,london-link-031-b-departure,true,854,313.2730158730159,1034.85,733.45,738.4741666666667,1349.1333333333334,1964.0666666666666,2148425.122486113,1590707.344506691,57.45784995453727,1.1182135700140123,2402398.1259294087,2354286.4755736636,1.0185771123320908,1.3415856305524652,50,0
profile,tfl-numbat-2019-midweek,morning,4.2857140000000005,14,1,6,off,free-flow,4,drop-offs,61,940GZZLUEUS,0,3900,3593,1800,1799,9795c774c61a6efd,420,420,0,0,230,190,7.666666666666667,80,130,10,60,true,1793,92,191,114,84,3,2,0,1,2,2,593,485,107,6,london-link-118-a-departure,true,1135,300.0621031746032,1181.5,758.2166666666667,745.5912301587301,1396.4,1960.3333333333333,2213029.2062226874,1517013.4584589163,59.32986309183655,1.1396324053310591,2522039.7971385457,2477062.4443581216,1.015638344226577,1.3345229066777666,49,0
profile,tfl-numbat-2019-midweek,morning,4.2857140000000005,14,1,7,off,free-flow,4,drop-offs,61,940GZZLUEUS,0,3900,3645,1800,1799,20d05a9f7278ee7d,420,420,0,0,245,175,8.166666666666666,78,132,11.133333333333333,43,true,1845,100,180,114,73,3,3,0,1,2,2,448,348,95,6,london-link-087-a-arrival,true,929,321.3560317460317,1125.2,798.0833333333334,754.8341666666666,1413.0166666666667,2046.4833333333333,2179309.203298461,1598375.7412832526,57.68901417849091,1.1246286315814504,2450913.526894919,2399031.133717019,1.0204176813427015,1.395052453868921,49,0
profile,tfl-numbat-2019-midweek,morning,4.2857140000000005,14,1,8,off,free-flow,4,drop-offs,55,940GZZLUEUS,0,3900,3442,1800,1799,01aa771e12738d7b,420,420,0,0,228,192,7.6,76,134,10.133333333333333,58,true,1642,104,192,114,77,3,3,0,0,1,1,573,414,157,6,london-link-031-b-departure,true,1058,336.18079365079365,1137.0666666666666,834.15,771.2945238095239,1445.2833333333333,1779.1,2187033.6782135516,1656262.8526065385,56.90515058297825,1.1251977076980428,2460845.2811774747,2418510.8774676495,1.016641140816655,1.3119517325602852,40,0
profile,tfl-numbat-2019-midweek,morning,4.2857140000000005,14,1,9,off,free-flow,4,drop-offs,53,940GZZLUEUS,0,3900,3581,1800,1799,3392c0707ef282d4,420,420,0,0,254,166,8.466666666666667,84,126,11.333333333333334,40,true,1781,81,169,114,76,4,3,0,0,2,1,615,513,101,6,london-link-084-a-departure,true,1004,273.15809523809526,1064.8833333333334,682.7166666666667,693.331626984127,1326.1666666666667,1975.8166666666666,2152959.102936821,1478694.8081441035,59.2831573616555,1.1026215265855763,2373899.0525635425,2333919.564247819,1.0167368417421099,1.3652203546064385,44,0
profile,tfl-numbat-2019-midweek,morning,4.2857140000000005,14,1,10,off,free-flow,4,drop-offs,55,940GZZLUEUS,0,3900,3823,1800,1799,2a82a60a0cb8049b,420,420,0,0,237,183,7.9,68,142,11.266666666666667,41,true,2023,114,186,114,79,3,3,0,1,2,2,636,478,158,6,london-link-057-b-departure,true,1054,344.08976190476193,1083.75,812.5333333333333,788.3969444444444,1427.6166666666666,2053.116666666667,2258353.1118827546,1623118.1111598387,58.182915242959986,1.1125511830908823,2512533.4262385014,2469437.8933598814,1.0165100561393487,1.3642374465405451,43,0
profile,tfl-numbat-2019-midweek,morning,4,14.966666666666667,1,4,off,free-flow,4,destination,28,940GZZLUEUS,0,3900,3812,1800,1796,47d4376acce8d95d,449,449,0,0,229,220,7.633333333333334,76,148,10.2,72,true,2012,134,222,114,76,4,4,0,3,1,2,761,510,245,6,london-link-031-b-departure,true,1173,438.45226429101706,1293.7,1025.3333333333333,876.9686340014848,1661.4833333333333,2058.45,2508268.0526674823,1779725.5890247633,58.495143935838506,1.0604498995209102,2659892.604138743,2659892.604138743,1,1,0,0
profile,tfl-numbat-2019-midweek,morning,4,14.966666666666667,1,5,off,free-flow,4,destination,31,940GZZLUEUS,0,3900,3900,1800,1796,acac43e4b5c97120,449,448,1,0,231,218,7.7,78,146,10.2,72,false,0,133,219,114,75,5,3,0,1,1,2,676,444,230,6,london-link-048-a-departure,true,1315,439.25319227913883,1550.0666666666666,1036.1666666666667,851.954724702381,1538.4666666666667,2217.7,2367562.3018355346,1880682.883014416,55.73035921464024,1.0646897426929158,2509041.5854140264,2509041.5854140264,1,1,0,0
profile,tfl-numbat-2019-midweek,morning,4,14.966666666666667,1,6,off,free-flow,4,destination,21,940GZZLUEUS,0,3900,3900,1800,1796,616d4c7891cc7e71,449,448,1,0,221,228,7.366666666666666,81,143,9.333333333333334,85,false,0,156,229,114,73,2,2,0,1,2,1,416,323,90,6,london-link-048-a-departure,true,1469,481.4518559762435,1512.8166666666666,1115.05,912.6532738095239,1706.7166666666667,2060.85,2535986.608103694,1919534.3300380248,56.91784739230488,1.038834975418131,2625328.0889161294,2625328.0889161294,1,1,0,0
profile,tfl-numbat-2019-midweek,morning,4,14.966666666666667,1,7,off,free-flow,4,destination,25,940GZZLUEUS,0,3900,3700,1800,1796,6c42faf7a3152529,449,449,0,0,235,214,7.833333333333333,76,148,10.6,66,true,1900,151,218,114,73,3,3,0,1,2,2,526,424,102,5,london-link-048-a-arrival,true,1323,468.08233110616186,1366.75,1043.2666666666667,890.55998515219,1667.35,2207.6833333333334,2442096.8028862416,1915222.9837306845,56.04584750439706,1.0505857637363436,2565632.1345160883,2565632.1345160883,1,1,0,0
profile,tfl-numbat-2019-midweek,morning,4,14.966666666666667,1,8,off,free-flow,4,destination,30,940GZZLUEUS,0,3900,3900,1800,1796,57afff0a2c6f2abe,449,448,1,0,228,221,7.6,78,146,10,75,false,0,150,222,114,74,3,3,0,0,1,2,530,398,128,5,940GZZLULNB-exit,true,1362,489.5512991833704,1425.5166666666667,1083.3833333333334,914.4615699404761,1721.2666666666667,2135.9666666666667,2424601.5433606617,1955113.0874554603,55.35980646549243,1.0700636210701748,2582856.540771465,2582856.540771465,1,1,0,0
profile,tfl-numbat-2019-midweek,morning,4,14.966666666666667,1,9,off,free-flow,4,destination,16,940GZZLUEUS,0,3900,3792,1800,1796,7dc525d522e45080,449,449,0,0,244,205,8.133333333333333,84,140,10.666666666666666,65,true,1992,142,205,114,75,2,3,1,0,2,2,504,399,102,6,london-link-084-a-departure,true,1340,430.0701187824796,1351.1,985.1833333333333,845.135968819599,1544.5666666666666,2099.1,2437969.072567485,1837044.2502089655,57.028338592033236,1.0321905524061754,2516448.6435057195,2516448.6435057195,1,1,0,0
profile,tfl-numbat-2019-midweek,morning,4,14.966666666666667,1,10,off,free-flow,4,destination,21,940GZZLUEUS,0,3900,3824,1800,1796,755768abfc1e1c6f,449,449,0,0,227,222,7.566666666666666,71,153,10.4,69,true,2024,153,222,114,79,2,3,0,0,2,2,511,409,100,5,london-link-023-a-arrival,true,1279,497.47698589458054,1387.3333333333333,1115.45,931.9004825538233,1674.7833333333333,2120.7833333333333,2529530.818193689,1861755.6916456332,57.60341103970109,1.0426122971610474,2637319.9368125726,2637319.9368125726,1,1,0,0
profile,tfl-numbat-2019-midweek,morning,4,14.966666666666667,1,1,off,free-flow,4,drop-offs,72,940GZZLUEUS,0,3900,3723,1800,1796,770f9d7a64f87d13,449,449,0,0,251,198,8.366666666666667,83,141,11.2,57,true,1923,128,208,114,75,4,3,0,0,2,2,644,533,107,5,940GZZLUWLO-exit,true,1356,369.1121009651077,1419.75,891.3666666666667,812.5704899777284,1507.3333333333333,2046.4333333333334,2333639.3144217734,1725623.7145521091,57.489236291536415,1.1492919237270243,2682032.8167022867,2622973.8415156608,1.0204443832117858,1.3495142318305022,56,0
profile,tfl-numbat-2019-midweek,morning,4,14.966666666666667,1,2,off,free-flow,4,drop-offs,70,940GZZLUEUS,0,3900,3297,1800,1796,7d616be7f0c36e85,449,449,0,0,249,200,8.3,78,146,11.4,54,true,1497,119,203,114,80,3,3,0,1,2,2,386,295,91,7,london-link-048-a-departure,true,951,357.2102078693393,1084.75,820.7666666666667,785.862843355605,1471.05,1869.0333333333333,2272986.7933279425,1565153.1069988306,59.22105114340475,1.1406958795135604,2592786.6691043833,2538917.1185135827,1.020106134608031,1.4047150381919238,57,0
profile,tfl-numbat-2019-midweek,morning,4,14.966666666666667,1,3,off,free-flow,4,drop-offs,77,940GZZLUEUS,0,3900,3512,1800,1796,a0ab47d20ba11e88,449,449,0,0,243,206,8.1,76,148,11.133333333333333,58,true,1712,108,208,114,80,3,3,0,1,2,2,490,354,134,6,london-link-127-b-departure,true,1138,351.50649591685226,1189.7,848.25,784.3283964365256,1426.4166666666667,1866.8666666666666,2234263.4217482824,1632348.639451739,57.78349072481991,1.171137662642596,2616630.0412458433,2556319.076327581,1.0218551583651503,1.3884089626829597,59,0
profile,tfl-numbat-2019-midweek,morning,4,14.966666666666667,1,4,off,free-flow,4,drop-offs,67,940GZZLUEUS,0,3900,3749,1800,1796,47d4376acce8d95d,449,449,0,0,255,194,8.5,77,147,11.866666666666667,47,true,1949,113,194,114,77,4,4,0,1,2,2,633,479,154,5,london-link-017-a-departure,true,1156,327.2694877505568,1255.8666666666666,807.0166666666667,775.6008908685968,1417.3166666666666,2052.5666666666666,2375208.83405051,1556358.785390097,60.413785643815544,1.1412930010215734,2710809.2180007095,2659517.6041387413,1.0174011167314074,1.4101607213807439,50,0
profile,tfl-numbat-2019-midweek,morning,4,14.966666666666667,1,5,off,free-flow,4,drop-offs,74,940GZZLUEUS,0,3900,3568,1800,1796,acac43e4b5c97120,449,449,0,0,233,216,7.766666666666667,79,145,10.266666666666667,71,true,1768,110,216,114,79,3,4,0,0,1,2,630,485,143,6,london-link-048-a-departure,true,1090,354.9171121009651,1181.3166666666666,850.0333333333333,782.4415367483297,1407.85,2087.8,2257275.528017129,1660976.134942876,57.60925336561695,1.1434277870604612,2581031.561556827,2523674.8635267485,1.021393955617686,1.3823405431960933,55,0
profile,tfl-numbat-2019-midweek,morning,4,14.966666666666667,1,6,off,free-flow,4,drop-offs,78,940GZZLUEUS,0,3900,3401,1800,1796,616d4c7891cc7e71,449,449,0,0,251,198,8.366666666666667,82,142,11.266666666666667,56,true,1601,107,199,114,80,3,2,0,1,2,2,414,321,90,6,london-link-022-a-departure,true,967,313.28414996288046,1114.2166666666667,815.4,758.5627691165554,1407.85,1805.55,2281614.1919718045,1512493.1293057827,60.13573151124039,1.1810415981631688,2694681.2714324817,2634532.8386354363,1.0194317768922865,1.3345229066777666,61,0
profile,tfl-numbat-2019-midweek,morning,4,14.966666666666667,1,7,off,free-flow,4,drop-offs,67,940GZZLUEUS,0,3900,3844,1800,1796,6c42faf7a3152529,449,449,0,0,257,192,8.566666666666666,77,147,12,45,true,2044,115,197,114,79,4,3,0,1,2,2,421,329,91,7,london-link-118-a-departure,true,1135,344.26533036377134,1142.0666666666666,880.2666666666667,776.5945434298442,1492.5333333333333,2076.6666666666665,2334843.891954035,1664280.4587172652,58.38387824979996,1.1206144788473997,2616459.870924571,2566382.1345160874,1.018640376205624,1.4079422331305538,55,0
profile,tfl-numbat-2019-midweek,morning,4,14.966666666666667,1,8,off,free-flow,4,drop-offs,74,940GZZLUEUS,0,3900,3702,1800,1796,57afff0a2c6f2abe,449,449,0,0,238,211,7.933333333333334,80,144,10.533333333333333,67,true,1902,117,212,114,77,3,3,0,1,1,2,552,412,140,6,london-link-010-a-arrival,true,1118,374.32776540460287,1276.6333333333334,900.0666666666667,812.0848181143281,1496.7666666666667,1952.1166666666666,2282049.2312402176,1731714.54153815,56.85559391205926,1.1593369707340582,2645664.042570175,2592739.3192843194,1.0205098500065837,1.424810619320681,53,0
profile,tfl-numbat-2019-midweek,morning,4,14.966666666666667,1,9,off,free-flow,4,drop-offs,72,940GZZLUEUS,0,3900,3394,1800,1796,7dc525d522e45080,449,449,0,0,266,183,8.866666666666667,86,138,12,45,true,1594,92,184,114,76,3,4,0,1,2,1,429,320,107,5,940GZZLUOXC-01-departure,true,1037,286.4961395694135,1068.1666666666667,770.6666666666666,712.2015590200446,1397.6,1729.2333333333333,2278410.626942767,1480769.4550923123,60.609243963362374,1.1292544516684369,2572905.342968975,2518173.643505721,1.021004560430848,1.4343265498435085,61,0
profile,tfl-numbat-2019-midweek,morning,4,14.966666666666667,1,10,off,free-flow,4,drop-offs,74,940GZZLUEUS,0,3900,3900,1800,1796,755768abfc1e1c6f,449,448,1,0,252,197,8.4,74,150,11.866666666666667,47,false,0,121,205,114,76,2,3,0,0,2,1,453,333,120,5,london-link-010-a-departure,true,1370,366.68678544914627,1433.1666666666667,859.8333333333334,806.0956845238095,1487.7666666666667,1960.9833333333333,2332449.255467896,1688676.3470413268,58.00488435408295,1.1502114264729975,2671096.36287312,2625149.6897181245,1.0163919171568596,1.3691964394183023,51,0
profile,tfl-numbat-2019-midweek,am-peak,5,11.966666666666667,1,4,off,free-flow,4,destination,10,940GZZLUEUS,0,3900,3291,1800,1795,416d306550ea5a82,359,359,0,0,217,142,7.233333333333333,75,104,9.466666666666667,38,true,1491,74,143,114,74,2,3,0,1,2,1,434,344,90,6,london-link-017-a-departure,true,836,271.22715877437327,982.1,668.75,680.3862581244197,1313.5666666666666,1845.85,1944770.4991626134,1355193.148731908,58.93308856306454,1.0188293518896676,1981389.2671128674,1981389.2671128674,1,1,0,0
profile,tfl-numbat-2019-midweek,am-peak,5,11.966666666666667,1,5,off,free-flow,4,destination,2,940GZZLUEUS,0,3900,3465,1800,1795,d3c1065509fd559b,359,359,0,0,228,131,7.6,78,101,10,30,true,1665,68,131,114,78,4,4,0,1,2,2,475,357,118,6,london-link-084-a-departure,true,807,230.21545961002784,903.4666666666667,603.85,638.2677808727948,1198.1833333333334,1844.2833333333333,1969832.9356953187,1238902.8856504776,61.389688817359186,1.003958845153794,1977631.1991385077,1977631.1991385077,1,1,0,0
profile,tfl-numbat-2019-midweek,am-peak,5,11.966666666666667,1,6,off,free-flow,4,destination,1,940GZZLUEUS,0,3900,3108,1800,1795,1b03caffcc39a195,359,359,0,0,231,128,7.7,75,104,10.4,24,true,1308,66,132,114,73,3,4,0,0,2,2,369,258,111,5,london-link-024-a-departure,true,815,216.91383472609098,937.65,590.25,618.9370937790158,1172.3,1521.4,1942281.6555721767,1233682.023362459,61.15566334888651,1.002698761385524,1947523.410184263,1947523.410184263,1,1,0,0
profile,tfl-numbat-2019-midweek,am-peak,5,11.966666666666667,1,7,off,free-flow,4,destination,2,940GZZLUEUS,0,3900,3167,1800,1795,45110124f4cbb2d5,359,359,0,0,224,135,7.466666666666667,76,103,9.866666666666667,32,true,1367,70,135,114,73,3,2,0,1,2,1,268,218,49,5,london-link-017-a-departure,true,647,243.5674558960074,832.75,607.8333333333334,634.8498142989787,1163.7666666666667,1498.8666666666666,1888173.5195157398,1268621.2612140966,59.81299548015607,1.0037336800115586,1895223.3551370301,1895223.3551370301,1,1,0,0
profile,tfl-numbat-2019-midweek,am-peak,5,11.966666666666667,1,8,off,free-flow,4,destination,4,940GZZLUEUS,0,3900,3345,1800,1795,7c822ed50b5fd5d0,359,359,0,0,226,133,7.533333333333333,77,102,9.933333333333334,31,true,1545,65,135,114,73,4,5,0,1,2,1,500,391,109,6,london-link-009-a-departure,true,789,230.98857938718663,1006.8666666666667,624.9,623.6814763231198,1215.2333333333333,1735.2666666666667,1882899.12421322,1271603.134636875,59.68926219439735,1.0083472106169318,1898616.0796676911,1898616.0796676911,1,1,0,0
profile,tfl-numbat-2019-midweek,am-peak,5,11.966666666666667,1,9,off,free-flow,4,destination,6,940GZZLUEUS,0,3900,3221,1800,1795,5e9b2dd4be07bf9b,359,359,0,0,234,125,7.8,78,101,10.4,24,true,1421,72,129,114,80,4,2,0,0,1,1,423,337,83,5,940GZZLULNB-01-arrival,true,695,227.05701021355617,885.2333333333333,652.8333333333334,633.5506035283194,1265.5666666666666,1749.7333333333333,1952376.7037481216,1294373.3410155482,60.133261779634,1.0084103395847126,1968796.854699637,1968796.854699637,1,1,0,0
profile,tfl-numbat-2019-midweek,am-peak,5,11.966666666666667,1,10,off,free-flow,4,destination,2,940GZZLUEUS,0,3900,3731,1800,1795,666323cf97fd3f44,359,359,0,0,240,119,8,81,98,10.6,21,true,1931,56,125,114,74,2,3,1,1,2,2,375,295,72,5,940GZZLUWLO-01-arrival,true,926,200.64577530176413,960.25,493.68333333333334,583.9318012999072,1127.85,1970.2666666666667,1843074.2170233827,1188091.6353913133,60.80413632118308,1.0043715594950267,1851131.325522321,1851131.325522321,1,1,0,0
profile,tfl-numbat-2019-midweek,am-peak,5,11.966666666666667,1,1,off,free-flow,4,drop-offs,16,940GZZLUEUS,0,3900,3477,1800,1795,03cdebea63353488,359,359,0,0,231,128,7.7,78,101,10.2,27,true,1677,61,132,114,76,3,7,1,1,2,2,332,239,87,6,london-link-031-b-departure,true,846,210.64586815227486,1015.5,576.1666666666666,609.4589600742804,1217.65,1851.9833333333333,1870370.9252763044,1271254.6758849956,59.53513125768146,1.0314219893558418,1929141.7004775824,1919488.5136882407,1.0046682223017656,1.2418167362831427,12,0
profile,tfl-numbat-2019-midweek,am-peak,5,11.966666666666667,1,2,off,free-flow,4,drop-offs,10,940GZZLUEUS,0,3900,3004,1800,1795,1ce863a45082331f,359,359,0,0,241,118,8.033333333333333,67,112,11.6,6,true,1204,52,129,114,82,2,3,0,0,1,2,293,231,62,4,940GZZLUBXN-01-arrival,true,589,203.1569173630455,789.4666666666667,545.15,597.3058031569174,1182.4333333333334,1676.35,1877972.6582827969,1109617.947232479,62.859103078445344,1.0153447117924004,1906789.6073736148,1898713.4427678548,1.0043542024285583,1.258231496057529,10,0
profile,tfl-numbat-2019-midweek,am-peak,5,11.966666666666667,1,3,off,free-flow,4,drop-offs,12,940GZZLUEUS,0,3900,3229,1800,1795,274627ca8e822360,359,359,0,0,236,123,7.866666666666666,77,102,10.6,21,true,1429,61,130,114,74,4,3,0,0,2,2,540,435,105,5,940GZZLUWLO-01-arrival,true,514,223.38732590529247,809.0333333333333,575.4666666666667,618.3587279480037,1211.2,1493.15,1862806.9676440437,1275737.9638176903,59.35256650209775,1.0236672998952427,1906894.5786925228,1897410.7907085281,1.0046163942543378,1.3327710785494125,12,0
profile,tfl-numbat-2019-midweek,am-peak,5,11.966666666666667,1,4,off,free-flow,4,drop-offs,22,940GZZLUEUS,0,3900,3246,1800,1795,416d306550ea5a82,359,359,0,0,231,128,7.7,74,105,10.466666666666667,23,true,1446,59,138,114,74,3,3,0,0,2,1,373,295,78,6,london-link-017-a-departure,true,718,232.6047818012999,818,539.95,644.2996750232127,1226.35,1676.0666666666666,1918667.726937039,1273291.1567706089,60.109412333920595,1.0391385072207964,1993761.5175037563,1981614.2671128674,1.0057988369167792,1.2409142203064294,15,0
profile,tfl-numbat-2019-midweek,am-peak,5,11.966666666666667,1,5,off,free-flow,4,drop-offs,12,940GZZLUEUS,0,3900,3340,1800,1795,d3c1065509fd559b,359,359,0,0,233,126,7.766666666666667,79,100,10.266666666666667,26,true,1540,56,127,114,79,3,4,0,1,2,2,360,276,84,5,940GZZLUWLO-01-arrival,true,719,199.19651810584958,807.3,540.7666666666667,609.2818012999071,1148.7833333333333,1634.5333333333333,1932838.9821082868,1163841.6231934885,62.416478431747386,1.027607931556946,1986200.6683162204,1977406.1991385082,1.0037327656891166,1.2398734914363245,11,0
profile,tfl-numbat-2019-midweek,am-peak,5,11.966666666666667,1,6,off,free-flow,4,drop-offs,10,940GZZLUEUS,0,3900,3080,1800,1795,1b03caffcc39a195,359,359,0,0,233,126,7.766666666666667,74,105,10.6,21,true,1280,61,127,114,74,2,3,0,0,2,1,325,240,85,6,london-link-115-a-departure,true,641,200.75157845868154,758.25,538.4666666666667,604.866295264624,1140.6666666666667,1489.7333333333333,1915969.990154207,1230416.268174567,60.89430326878838,1.0209513077141152,1956112.066873743,1947373.4101842633,1.0048022616568464,1.3532381245877751,10,0
profile,tfl-numbat-2019-midweek,am-peak,5,11.966666666666667,1,7,off,free-flow,4,drop-offs,14,940GZZLUEUS,0,3900,3216,1800,1795,45110124f4cbb2d5,359,359,0,0,229,130,7.633333333333334,76,103,10.2,27,true,1416,63,130,114,76,3,3,0,1,2,2,274,204,65,5,940GZZLUWLO-01-arrival,true,780,223.47126276694522,918.4,589.2,617.5854224698236,1159.0166666666667,1735.8833333333334,1859708.7052045548,1216851.7808547567,60.447656193706386,1.0258892331920506,1907855.1374418205,1895823.3551370301,1.0058158001653223,1.2477502585948401,13,0
profile,tfl-numbat-2019-midweek,am-peak,5,11.966666666666667,1,8,off,free-flow,4,drop-offs,17,940GZZLUEUS,0,3900,2992,1800,1795,7c822ed50b5fd5d0,359,359,0,0,238,121,7.933333333333334,76,103,10.8,18,true,1192,47,123,114,79,3,5,1,1,2,2,397,295,101,5,940GZZLUWLO-01-arrival,true,656,181.57451253481895,784.7,504.1333333333333,576.2203342618385,1073.0666666666666,1524.7833333333333,1843025.4426175363,1103873.176571378,62.54118925627645,1.0353489286160242,1908174.417328046,1897641.079667691,1.0054876991371255,1.2572237240725195,13,0
profile,tfl-numbat-2019-midweek,am-peak,5,11.966666666666667,1,9,off,free-flow,4,drop-offs,11,940GZZLUEUS,0,3900,3177,1800,1795,5e9b2dd4be07bf9b,359,359,0,0,237,122,7.9,78,101,10.6,21,true,1377,62,126,114,80,3,2,0,0,1,1,346,256,90,5,940GZZLULNB-01-arrival,true,611,205.73714020427113,836.2833333333333,594.55,613.6189879294336,1191.7666666666667,1576.8666666666666,1938551.3628184623,1220015.1717641861,61.374403280525144,1.0191516828500267,1975677.883586024,1969171.8546996373,1.0034462404443818,1.3271664450883998,8,0
profile,tfl-numbat-2019-midweek,am-peak,5,11.966666666666667,1,10,off,free-flow,4,drop-offs,8,940GZZLUEUS,0,3900,3243,1800,1795,666323cf97fd3f44,359,359,0,0,245,114,8.166666666666666,82,97,10.866666666666667,17,true,1443,55,124,114,74,3,3,1,1,2,2,487,342,139,5,940GZZLUWLO-exit,true,814,191.0045496750232,1008.05,496.8666666666667,575.8059424326834,1098.3,1628.9333333333334,1827874.9491030143,1107566.5438163297,62.26916644436892,1.0152469092752887,1855744.3925268834,1851656.325522321,1.0021834994720633,1.2522996772416128,5,0
profile,tfl-numbat-2019-midweek,am-peak,4.615385,13.033333333333333,1,4,off,free-flow,4,destination,13,940GZZLUEUS,0,3900,3329,1800,1798.6,0177ab4989eea082,391,391,0,0,239,152,7.966666666666667,75,120,10.933333333333334,32,true,1529,93,158,114,74,4,3,0,0,2,2,408,332,76,5,london-link-017-a-departure,true,956.4,307.92289002557544,1046.75,730.0833333333334,712.9868712702472,1376.1333333333334,1797.95,2093631.8386598849,1471037.7405923258,58.73284443656859,1.0208725470186357,2137331.2674900875,2137331.2674900875,1,1,0,0
profile,tfl-numbat-2019-midweek,am-peak,4.615385,13.033333333333333,1,5,off,free-flow,4,destination,8,940GZZLUEUS,0,3900,3135,1800,1798.6,61f79090e8dffec7,391,391,0,0,228,163,7.6,77,118,10.066666666666666,45,true,1335,93,163,114,78,3,5,1,0,2,1,481,371,105,5,940GZZLUWLO-01-arrival,true,800.4,296.41005967604434,917.55,695.2833333333333,703.3118499573743,1304.45,1581.8833333333334,2118593.652911211,1426887.8823415225,59.75475071146269,1.012980872896654,2146094.8476707693,2146094.8476707693,1,1,0,0
profile,tfl-numbat-2019-midweek,am-peak,4.615385,13.033333333333333,1,6,off,free-flow,4,destination,10,940GZZLUEUS,0,3900,3711,1800,1798.6,4bf771c66c687ff7,391,391,0,0,242,149,8.066666666666666,79,116,10.866666666666667,33,true,1911,88,150,114,79,3,3,0,0,2,2,436,313,120,6,london-link-057-b-departure,true,1008.4,260.54680306905374,1063.0333333333333,623.1166666666667,668.216410912191,1273.8833333333334,1967.2666666666667,2102469.029339683,1498685.4728304911,58.3831942804083,1.0232648636947157,2151382.684564977,2151382.684564977,1,1,0,0
profile,tfl-numbat-2019-midweek,am-peak,4.615385,13.033333333333333,1,7,off,free-flow,4,destination,8,940GZZLUEUS,0,3900,3308,1800,1798.6,3524267fda88ce1a,391,391,0,0,236,155,7.866666666666666,81,114,10.333333333333334,41,true,1508,91,156,114,74,2,3,0,0,2,1,324,263,61,5,london-link-048-a-arrival,true,881.4,294.0693947144075,1036.3166666666666,708.95,683.4196930946291,1270.65,1863.55,2029233.5255329034,1420376.4584987357,58.825013115288215,1.0121543746385377,2053897.5898866793,2053897.5898866793,1,1,0,0
profile,tfl-numbat-2019-midweek,am-peak,4.615385,13.033333333333333,1,8,off,free-flow,4,destination,6,940GZZLUEUS,0,3900,3680,1800,1798.6,2e8a9ca1443e4f3d,391,391,0,0,232,159,7.733333333333333,82,113,10,46,true,1880,92,160,114,76,4,4,0,1,1,2,567,468,99,6,london-link-084-a-departure,true,970.4,301.4411338448423,980.05,784.55,696.6925404944586,1323.8833333333334,1889.95,2062350.7119330089,1563066.0134703934,56.885893902404554,1.0099484258180127,2082867.8548480743,2082867.8548480743,1,1,0,0
profile,tfl-numbat-2019-midweek,am-peak,4.615385,13.033333333333333,1,9,off,free-flow,4,destination,11,940GZZLUEUS,0,3900,3176,1800,1798.6,7e182c45497302c7,391,391,0,0,247,144,8.233333333333333,85,110,10.8,34,true,1376,86,146,114,81,3,3,0,0,1,1,443,333,109,6,london-link-048-a-departure,true,773.4,250.91521739130434,1029.5833333333333,619.0166666666667,654.7468883205456,1223.35,1776.7666666666667,2093349.7347319585,1379969.290119707,60.26943450210016,1.0170602764675836,2129062.859787287,2129062.859787287,1,1,0,0
profile,tfl-numbat-2019-midweek,am-peak,4.615385,13.033333333333333,1,10,off,free-flow,4,destination,7,940GZZLUEUS,0,3900,3413,1800,1798.6,5a41831531f72611,391,391,0,0,240,151,8,88,107,10.133333333333333,44,true,1613,84,151,114,76,3,4,0,1,1,2,483,400,83,5,940GZZLUKSX-01-arrival,true,1039.4,271.0314151747655,1135.8,685.3666666666667,652.800809889173,1224.3666666666666,1756.6166666666666,1979035.833980396,1371016.4153314251,59.0747751587139,1.014429787423363,2007592.9002364122,2007592.9002364122,1,1,0,0
profile,tfl-numbat-2019-midweek,am-peak,4.615385,13.033333333333333,1,1,off,free-flow,4,drop-offs,26,940GZZLUEUS,0,3900,3225,1800,1798.6,ea9a92c10a2e02f6,391,391,0,0,247,144,8.233333333333333,82,113,11,31,true,1425,79,148,114,79,3,5,0,1,2,1,351,286,65,5,london-link-009-a-arrival,true,606.4,241.40967604433078,870.3666666666667,613.9166666666666,643.1857630008525,1235.5,1696.3666666666666,2027216.3819049653,1314150.3584460402,60.67027475385744,1.0449238474447997,2118286.7412350154,2099604.6753855934,1.0094673662032219,1.3271664450883998,22,0
profile,tfl-numbat-2019-midweek,am-peak,4.615385,13.033333333333333,1,2,off,free-flow,4,drop-offs,31,940GZZLUEUS,0,3900,2963,1800,1798.6,0e4f347011d2dd56,391,391,0,0,244,147,8.133333333333333,72,123,11.466666666666667,24,true,1163,81,149,114,77,2,4,0,0,1,2,357,282,71,5,london-link-048-a-arrival,true,572.4,253.70055413469737,942.8333333333334,607.2666666666667,654.2354219948849,1236.9833333333333,1771.7,1998820.3928767543,1218433.958648089,62.12814327003389,1.0556910134429596,2110136.726104832,2083688.0081689253,1.0119372628344356,1.2728551483194512,30,0
profile,tfl-numbat-2019-midweek,am-peak,4.615385,13.033333333333333,1,3,off,free-flow,4,drop-offs,22,940GZZLUEUS,0,3900,3280,1800,1798.6,629b0a4814791cff,391,391,0,0,247,144,8.233333333333333,77,118,11.333333333333334,26,true,1480,78,148,114,72,3,3,0,1,1,1,634,492,139,6,london-link-031-b-departure,true,859.4,263.3132992327366,925.25,705.6166666666667,655.5823529411765,1334.25,1713.2,1979321.5046939494,1446173.208479663,57.78206275087696,1.040991167714423,2060456.2043188154,2044836.34773021,1.0076523402343929,1.2986531638865157,18,0
profile,tfl-numbat-2019-midweek,am-peak,4.615385,13.033333333333333,1,4,off,free-flow,4,drop-offs,35,940GZZLUEUS,0,3900,3283,1800,1798.6,0177ab4989eea082,391,391,0,0,241,150,8.033333333333333,75,120,11.066666666666666,30,true,1483,80,153,114,71,3,3,0,1,2,2,444,332,109,6,london-link-017-a-departure,true,756.4,269.99062233589086,1079,691.35,679.7632139812447,1276.5333333333333,2124.516666666667,2032861.7517340318,1393120.3149303305,59.33661391617517,1.0626114527728092,2160142.1791436546,2140331.2674900866,1.007808770588846,1.3125654738933017,23,0
profile,tfl-numbat-2019-midweek,am-peak,4.615385,13.033333333333333,1,5,off,free-flow,4,drop-offs,25,940GZZLUEUS,0,3900,3235,1800,1798.6,61f79090e8dffec7,391,391,0,0,235,156,7.833333333333333,78,117,10.466666666666667,39,true,1435,80,157,114,75,2,5,0,1,2,2,512,426,86,6,london-link-022-a-departure,true,869.4,261.00558397271953,1006.5333333333333,642.6666666666666,672.4101449275362,1225.0166666666667,1818.9833333333333,2066120.4111246567,1424185.225060726,59.19597383404958,1.0491059029533039,2167579.119363259,2147219.8476707684,1.0086847642003036,1.3226410367695487,21,0
profile,tfl-numbat-2019-midweek,am-peak,4.615385,13.033333333333333,1,6,off,free-flow,4,drop-offs,26,940GZZLUEUS,0,3900,3258,1800,1798.6,4bf771c66c687ff7,391,391,0,0,246,145,8.2,79,116,11.133333333333333,29,true,1458,76,146,114,82,3,3,0,1,2,2,466,358,104,6,london-link-057-b-departure,true,654.4,231.9426683716965,905.4333333333333,621.65,643.7070332480819,1220.2166666666667,1667.7333333333333,2059140.031840398,1386495.5271906874,59.76081905828222,1.0527307756044766,2167720.082640181,2150482.684564976,1.0082677812388587,1.3746099098811202,19,0
profile,tfl-numbat-2019-midweek,am-peak,4.615385,13.033333333333333,1,7,off,free-flow,4,drop-offs,28,940GZZLUEUS,0,3900,3345,1800,1798.6,3524267fda88ce1a,391,391,0,0,244,147,8.133333333333333,83,112,10.733333333333333,35,true,1545,73,149,114,77,2,3,0,0,2,2,485,373,110,5,london-link-009-a-arrival,true,967.4,251.31589940323957,1035.4166666666667,644.9333333333333,645.3114236999147,1216.2666666666667,1612.7666666666667,1963718.820402096,1291960.9768193965,60.31670627062281,1.0551382041379593,2071994.7494586,2054197.5898866795,1.0074322259528408,1.3588574500987731,22,0
profile,tfl-numbat-2019-midweek,am-peak,4.615385,13.033333333333333,1,8,off,free-flow,4,drop-offs,30,940GZZLUEUS,0,3900,3408,1800,1798.6,2e8a9ca1443e4f3d,391,391,0,0,236,155,7.866666666666666,83,112,10.2,43,true,1608,80,156,114,80,3,6,0,1,2,2,486,398,88,6,london-link-084-a-departure,true,776.4,254.75682011935208,959.5166666666667,682.05,654.3319693094629,1260.35,1675.15,1985970.4843935058,1389347.373880791,58.838028528930174,1.058699187285954,2102545.3376621506,2082042.8548480743,1.0090755253239314,1.3524811869773952,24,0
profile,tfl-numbat-2019-midweek,am-peak,4.615385,13.033333333333333,1,9,off,free-flow,4,drop-offs,21,940GZZLUEUS,0,3900,3136,1800,1798.6,7e182c45497302c7,391,391,0,0,246,145,8.2,85,110,10.733333333333333,35,true,1336,80,145,114,82,2,2,0,0,1,1,328,254,71,6,london-link-048-a-departure,true,720.4,229.75763000852515,942.4,593.6,635.4200767263427,1211.7333333333333,1791.95,2062451.6373434635,1307771.3364777816,61.19629630929146,1.0368282357814427,2138408.0923744985,2128087.8597872877,1.004431662151878,1.210411493217815,13,0
profile,tfl-numbat-2019-midweek,am-peak,4.615385,13.033333333333333,1,10,off,free-flow,4,drop-offs,32,940GZZLUEUS,0,3900,3297,1800,1798.6,5a41831531f72611,391,391,0,0,244,147,8.133333333333333,90,105,10.266666666666667,42,true,1497,72,148,114,76,4,3,0,0,2,1,483,369,114,6,london-link-048-a-departure,true,663.4,232.98955669224213,855.85,614.6666666666666,619.5198635976129,1153.5833333333333,1677.1166666666666,1917425.813941883,1279121.4439945302,59.984278636309305,1.0582766646757062,2029166.9950222487,2008867.9002364124,1.0100450632654019,1.3373565010275852,24,0
profile,tfl-numbat-2019-midweek,am-peak,4.2857140000000005,14,1,4,off,free-flow,4,destination,16,940GZZLUEUS,0,3900,3705,1800,1799,0e73023786e4dba5,420,420,0,0,237,183,7.9,75,135,10.8,48,true,1905,114,187,114,73,3,3,0,1,2,2,533,405,126,5,940GZZLUVIC-01-arrival,true,1107,379.8795634920635,1106.05,895.3833333333333,789.5962698412699,1519.8166666666666,2013.2666666666667,2270024.175203908,1681313.6277958297,57.449509213830645,1.0227903612901728,2321758.846084158,2321758.846084158,1,1,0,0
profile,tfl-numbat-2019-midweek,am-peak,4.2857140000000005,14,1,5,off,free-flow,4,destination,17,940GZZLUEUS,0,3900,3490,1800,1799,b4306f7dd75c5c9b,420,420,0,0,233,187,7.766666666666667,80,130,10.2,57,true,1690,116,188,114,76,3,4,0,1,2,1,662,512,146,6,940GZZLULVT-01-arrival,true,1132,346.79773809523806,1226.1333333333334,806.65,753.6713095238096,1412,1804.7333333333333,2245509.363798027,1596476.8334319976,58.44657550870388,1.0260645858519766,2304037.6351879877,2304037.6351879877,1,1,0,0
profile,tfl-numbat-2019-midweek,am-peak,4.2857140000000005,14,1,6,off,free-flow,4,destination,14,940GZZLUEUS,0,3900,3662,1800,1799,bb233719214c467d,420,420,0,0,240,180,8,85,125,10.333333333333334,55,true,1862,117,180,114,75,3,3,0,1,1,2,514,392,122,6,london-link-070-a-departure,true,1042,342.8673015873016,1126.0166666666667,823.7833333333333,749.6286111111111,1423.15,2038.1166666666666,2241020.6239714813,1671142.2138529501,57.2834188368734,1.027434915592579,2302502.835428639,2302502.835428639,1,1,0,0
profile,tfl-numbat-2019-midweek,am-peak,4.2857140000000005,14,1,7,off,free-flow,4,destination,11,940GZZLUEUS,0,3900,3651,1800,1799,382d55a3aa2f0a3e,420,420,0,0,242,178,8.066666666666666,82,128,10.666666666666666,50,true,1851,112,178,114,73,3,2,0,0,2,1,448,345,102,6,940GZZLUWLO-exit,true,1099,340.3876984126984,1265.9,786.9333333333333,734.7125396825397,1358.9333333333334,1910.6833333333334,2193232.505104751,1609146.2322798527,57.68053780495643,1.0168883925233607,2230272.6763580795,2230272.6763580795,1,1,0,0
profile,tfl-numbat-2019-midweek,am-peak,4.2857140000000005,14,1,8,off,free-flow,4,destination,11,940GZZLUEUS,0,3900,3647,1800,1799,5b2d41f35c5217a1,420,420,0,0,245,175,8.166666666666666,83,127,10.8,48,true,1847,108,176,114,76,3,5,0,1,2,2,489,399,89,5,london-link-009-a-departure,true,1233,339.747619047619,1381.55,851.35,735.9905158730159,1386.4,1980.35,2202029.2712220293,1619893.2720618194,57.61574825977544,1.019729987983061,2245475.282089615,2245475.282089615,1,1,0,0
profile,tfl-numbat-2019-midweek,am-peak,4.2857140000000005,14,1,9,off,free-flow,4,destination,10,940GZZLUEUS,0,3900,3514,1800,1799,7af1a1aea9e2759a,420,420,0,0,236,184,7.866666666666666,85,125,10.066666666666666,59,true,1714,120,184,114,74,4,3,0,1,2,2,488,353,132,6,london-link-057-b-departure,true,1123,358.8754365079365,1169.2333333333333,860.5666666666667,763.6172222222223,1386.75,1859.3833333333334,2262754.548642241,1667607.8046334789,57.57114345338596,1.0132866975068346,2292819.0836558584,2292819.0836558584,1,1,0,0
profile,tfl-numbat-2019-midweek,am-peak,4.2857140000000005,14,1,10,off,free-flow,4,destination,11,940GZZLUEUS,0,3900,3353,1800,1799,17e37c43cf12a184,420,420,0,0,254,166,8.466666666666667,91,119,10.866666666666667,47,true,1553,100,168,114,75,4,4,0,1,2,2,676,535,141,6,london-link-050-a-departure,true,942,311.4371031746032,1035.4833333333333,712.4166666666666,692.3803968253968,1239.5666666666666,1844.9166666666667,2099530.5877873125,1490095.286614532,58.4888414906795,1.0229442380776173,2147702.7172804293,2147702.7172804293,1,1,0,0
profile,tfl-numbat-2019-midweek,am-peak,4.2857140000000005,14,1,1,off,free-flow,4,drop-offs,42,940GZZLUEUS,0,3900,3314,1800,1799,24df56c9a0e2d1b9,420,420,0,0,260,160,8.666666666666666,87,123,11.533333333333333,37,true,1514,89,162,114,78,3,6,1,0,2,2,594,466,126,6,london-link-048-a-departure,true,858,264.7015873015873,1043.2333333333333,670.4333333333333,670.4054761904762,1296.75,1882.0666666666666,2128228.9682037476,1389114.4962096245,60.50671450587772,1.0758019573637,2289552.889530591,2259334.9966667467,1.0122503928906266,1.3787652122134353,34,0
profile,tfl-numbat-2019-midweek,am-peak,4.2857140000000005,14,1,2,off,free-flow,4,drop-offs,35,940GZZLUEUS,0,3900,3447,1800,1799,ad09ad1e7b111875,420,420,0,0,259,161,8.633333333333333,80,130,11.933333333333334,31,true,1647,84,164,114,82,3,5,0,1,1,2,361,275,84,6,london-link-084-b-departure,true,963,281.38694444444445,1163.8666666666666,697.3166666666667,677.9346825396825,1268.6666666666667,1849.2333333333333,2104950.0683338013,1428784.8242227945,59.56728878466903,1.0662138658003328,2244326.949502507,2220712.4355341885,1.0094250583168005,1.313454348348634,28,0
profile,tfl-numbat-2019-midweek,am-peak,4.2857140000000005,14,1,3,off,free-flow,4,drop-offs,43,940GZZLUEUS,0,3900,3295,1800,1799,faba3276afd301f0,420,420,0,0,257,163,8.566666666666666,84,126,11.533333333333333,37,true,1495,89,168,114,73,4,4,0,0,1,1,771,591,180,7,london-link-048-a-departure,true,736,278.5652777777778,1050.2333333333333,718,675.3690476190476,1294.45,1838.1833333333334,2063500.29783359,1499992.1101638642,57.90668427418365,1.0832676092291764,2235323.034114451,2203999.2050501443,1.0125590523445789,1.2961234353036977,33,0
profile,tfl-numbat-2019-midweek,am-peak,4.2857140000000005,14,1,4,off,free-flow,4,drop-offs,52,940GZZLUEUS,0,3900,3723,1800,1799,0e73023786e4dba5,420,420,0,0,256,164,8.533333333333333,79,131,11.8,33,true,1923,91,165,114,77,3,4,0,1,2,2,454,364,90,5,london-link-017-a-departure,true,1038,288.74452380952386,1114.7833333333333,737.7166666666667,705.8338888888889,1312.0166666666667,2001.05,2150671.4752511536,1513150.570447114,58.70021656145336,1.09674615578707,2358740.672651392,2323558.8460841575,1.014079513382226,1.4006841205569192,38,0
profile,tfl-numbat-2019-midweek,am-peak,4.2857140000000005,14,1,5,off,free-flow,4,drop-offs,42,940GZZLUEUS,0,3900,3666,1800,1799,b4306f7dd75c5c9b,420,420,0,0,241,179,8.033333333333333,81,129,10.666666666666666,50,true,1866,103,179,114,77,4,5,0,1,2,1,643,487,155,7,london-link-048-a-departure,true,1145,300.31646825396825,1148.5666666666666,746.2,713.4905158730159,1351.9833333333333,1870.7666666666667,2169289.5764062144,1536203.3775007664,58.54253680657977,1.0749991839845143,2331984.5242696865,2302987.6351879863,1.012821514282533,1.441065079869302,29,0
profile,tfl-numbat-2019-midweek,am-peak,4.2857140000000005,14,1,6,off,free-flow,4,drop-offs,51,940GZZLUEUS,0,3900,3318,1800,1799,bb233719214c467d,420,420,0,0,251,169,8.366666666666667,86,124,11,45,true,1518,85,169,114,80,4,5,0,0,2,2,705,527,178,6,london-link-048-a-arrival,true,1012,254.2627380952381,1066.7333333333333,649.2166666666667,668.9399603174603,1333.1333333333334,1549.8,2126762.5119027193,1365826.2072044404,60.89358590284864,1.1007433941397906,2341019.7856964692,2303552.8354286375,1.0141015062063659,1.3303560198056914,41,0
profile,tfl-numbat-2019-midweek,am-peak,4.2857140000000005,14,1,7,off,free-flow,4,drop-offs,44,940GZZLUEUS,0,3900,3503,1800,1799,382d55a3aa2f0a3e,420,420,0,0,251,169,8.366666666666667,85,125,11.066666666666666,44,true,1703,90,172,114,76,4,3,0,0,2,2,445,336,109,7,london-link-048-a-departure,true,916,280.9478174603174,1001.2,727.4333333333333,683.2607936507936,1293.8833333333334,1750.25,2105645.658765665,1449953.8008875246,59.22055289577099,1.077850398451189,2269571.012123427,2233047.676358081,1.0145458403358352,1.3210209483670168,37,0
profile,tfl-numbat-2019-midweek,am-peak,4.2857140000000005,14,1,8,off,free-flow,4,drop-offs,34,940GZZLUEUS,0,3900,3629,1800,1799,5b2d41f35c5217a1,420,420,0,0,252,168,8.4,83,127,11.266666666666667,41,true,1829,97,170,114,73,4,5,0,3,2,2,540,366,172,6,london-link-057-b-departure,true,1056,297.32472222222225,1132.75,770.4,699.2727380952381,1308.3666666666666,1962.7833333333333,2141446.121238341,1531988.630566572,58.295471838343076,1.060983883389438,2272039.8215975873,2246375.282089615,1.0102281029432394,1.3038880520399188,26,0
profile,tfl-numbat-2019-midweek,am-peak,4.2857140000000005,14,1,9,off,free-flow,4,drop-offs,38,940GZZLUEUS,0,3900,3139,1800,1799,7af1a1aea9e2759a,420,420,0,0,245,175,8.166666666666666,86,124,10.6,51,true,1339,93,175,114,78,3,3,0,0,1,2,481,357,122,7,london-link-072-a-arrival,true,944,278.48805555555555,995.3333333333334,692.5666666666667,688.3903174603175,1304.8166666666666,1743.5333333333333,2155991.7946617166,1408853.2918449356,60.47925624657276,1.0740136840864194,2315564.690056189,2291169.08365586,1.0110628677011126,1.4069401932283512,29,0
profile,tfl-numbat-2019-midweek,am-peak,4.2857140000000005,14,1,10,off,free-flow,4,drop-offs,42,940GZZLUEUS,0,3900,3261,1800,1799,17e37c43cf12a184,420,420,0,0,260,160,8.666666666666666,93,117,11.133333333333333,43,true,1461,77,160,114,76,3,4,0,0,2,2,728,564,164,5,940GZZLUKSX-01-arrival,true,1123,257.9839285714286,1128.3166666666666,640.7333333333333,645.265119047619,1192.0833333333333,1657.3833333333334,2031362.1279408494,1341719.1101717316,60.22274545268601,1.0732627903570346,2180185.3855065177,2146877.717280429,1.0161009990077343,1.3373565010275852,34,0
profile,tfl-numbat-2019-midweek,am-peak,4,14.966666666666667,1,4,off,free-flow,4,destination,26,940GZZLUEUS,0,3900,3900,1800,1796,0e20bad31f7bc747,449,448,1,0,243,206,8.1,81,143,10.8,63,false,0,136,210,114,72,3,4,0,1,2,1,712,546,165,6,london-link-048-a-departure,true,1422,444.8331848552338,1456.3,969.4166666666666,849.3141741071429,1565.5166666666667,2069.516666666667,2381508.2824123646,1847756.9313224785,56.31021376191413,1.037209261402153,2458081.570499577,2458081.570499577,1,1,0,0
profile,tfl-numbat-2019-midweek,am-peak,4,14.966666666666667,1,5,off,free-flow,4,destination,24,940GZZLUEUS,0,3900,3900,1800,1796,5f074d17d4df6ad8,449,448,1,0,235,214,7.833333333333333,84,140,10.066666666666666,74,false,0,139,215,114,74,3,3,0,1,1,1,537,421,115,5,940GZZLUWLO-exit,true,1296,425.9893095768374,1407.2,967.2833333333333,833.594494047619,1518.5333333333333,1943.05,2388148.6602627235,1790437.9292755397,57.15206826733763,1.0413240842101954,2475140.2344934316,2475140.2344934316,1,1,0,0
profile,tfl-numbat-2019-midweek,am-peak,4,14.966666666666667,1,6,off,free-flow,4,destination,17,940GZZLUEUS,0,3900,3438,1800,1796,ae5e72e285c3d969,449,449,0,0,240,209,8,88,136,10.133333333333333,73,true,1638,134,210,114,75,3,4,0,0,2,1,621,500,119,7,london-link-048-a-departure,true,1079,392.62720861172977,1163.1333333333334,885.75,796.1669265033407,1457.9833333333333,1877.05,2365634.6579103465,1699604.0394161162,58.19177750782814,1.032967962177448,2443624.8116004188,2443624.8116004188,1,1,0,0
profile,tfl-numbat-2019-midweek,am-peak,4,14.966666666666667,1,7,off,free-flow,4,destination,23,940GZZLUEUS,0,3900,3857,1800,1796,02c467f4245838da,449,449,0,0,247,202,8.233333333333333,85,139,10.8,63,true,2057,133,203,114,75,2,2,0,1,2,2,485,381,104,5,940GZZLUBNK-01-departure,true,1222,405.0189309576837,1238.7,955.3,796.7038975501114,1459.7333333333333,2184.2,2287990.9814688056,1763285.207235988,56.47580848345677,1.0369139061239057,2372449.6655534552,2372449.6655534552,1,1,0,0
profile,tfl-numbat-2019-midweek,am-peak,4,14.966666666666667,1,8,off,free-flow,4,destination,17,940GZZLUEUS,0,3900,3841,1800,1796,bf293d2e7f14a2cd,449,449,0,0,244,205,8.133333333333333,88,136,10.4,69,true,2041,137,205,114,75,4,6,0,1,2,2,636,500,136,6,london-link-024-a-departure,true,1253,413.1576837416481,1312.9666666666667,965.4166666666666,811.8021158129177,1557.5,2112.616666666667,2340750.737705496,1794885.297983874,56.59953432810525,1.029714313290336,2410304.538229552,2410304.538229552,1,1,0,0
profile,tfl-numbat-2019-midweek,am-peak,4,14.966666666666667,1,9,off,free-flow,4,destination,18,940GZZLUEUS,0,3900,3672,1800,1796,06055a9bf3736cdd,449,449,0,0,249,200,8.3,91,133,10.533333333333333,67,true,1872,142,204,114,77,3,2,0,0,1,1,501,402,96,6,london-link-048-a-arrival,true,1144,403.74424647364515,1166.6,916.8666666666667,811.49428359317,1491.3833333333334,2047.4166666666667,2397585.765551949,1697707.787288737,58.544906112746716,1.0304085767702038,2470492.936120561,2470492.936120561,1,1,0,0
profile,tfl-numbat-2019-midweek,am-peak,4,14.966666666666667,1,10,off,free-flow,4,destination,19,940GZZLUEUS,0,3900,3703,1800,1796,54a9ff250f82da76,449,449,0,0,253,196,8.433333333333334,94,130,10.6,66,true,1903,124,196,114,72,4,5,0,1,2,2,609,458,150,5,london-link-010-a-departure,true,1260,372.03489235337787,1333.9833333333333,809.3833333333333,750.6399034892353,1395.1333333333334,1914.85,2212490.17085923,1674924.2523023784,56.91418331107149,1.0327718479909043,2284997.5622235755,2284997.5622235755,1,1,0,0
profile,tfl-numbat-2019-midweek,am-peak,4,14.966666666666667,1,1,off,free-flow,4,drop-offs,64,940GZZLUEUS,0,3900,3522,1800,1796,e9e681de5348b2c1,449,449,0,0,260,189,8.666666666666666,93,131,11.133333333333333,58,true,1722,108,194,114,73,4,5,0,1,2,1,563,413,147,6,london-link-048-a-departure,true,851,318.1129175946548,1195.2,786.15,720.2846325167037,1342.6666666666667,2028.6666666666667,2176505.4717508573,1519166.8347953437,58.89335664029464,1.1153462394350502,2427557.192826155,2383468.9782817517,1.0175440724285016,1.3805432059138336,44,0
profile,tfl-numbat-2019-midweek,am-peak,4,14.966666666666667,1,2,off,free-flow,4,drop-offs,60,940GZZLUEUS,0,3900,3741,1800,1796,15fe1f6c8c9c1257,449,449,0,0,255,194,8.5,84,140,11.4,54,true,1941,102,195,114,77,3,2,0,0,2,1,467,340,126,7,london-link-017-a-departure,true,1122,316.72067557535263,1156.4,710.6666666666666,716.0835560504826,1358.1833333333334,2020.9833333333333,2157679.3581093713,1442619.8680506398,59.930556394633285,1.1169696119623163,2410062.2751707113,2368810.328527404,1.016461478439668,1.3866091236141063,44,0
profile,tfl-numbat-2019-midweek,am-peak,4,14.966666666666667,1,3,off,free-flow,4,drop-offs,55,940GZZLUEUS,0,3900,3563,1800,1796,57f343b118d7dc71,449,449,0,0,260,189,8.666666666666666,88,136,11.466666666666667,53,true,1763,113,191,114,74,3,6,0,1,2,2,688,542,142,6,london-link-048-a-departure,true,1107,329.49168522642907,1186.3166666666666,834.2333333333333,729.2612843355605,1436.25,1942.1666666666667,2202113.150638145,1597899.1155164486,57.95015901005404,1.0946708461627224,2410589.065750078,2371581.442003044,1.015812499155006,1.3672433854015433,41,0
profile,tfl-numbat-2019-midweek,am-peak,4,14.966666666666667,1,4,off,free-flow,4,drop-offs,71,940GZZLUEUS,0,3900,3533,1800,1796,0e20bad31f7bc747,449,449,0,0,268,181,8.933333333333334,84,140,12.266666666666667,41,true,1733,104,185,114,78,3,3,1,1,2,1,514,411,100,6,london-link-063-a-departure,true,905,318.25497401633254,1047.3833333333334,806.0333333333333,735.451410541945,1431.5,2051.9,2230149.878273716,1575212.5955127315,58.605452007168495,1.1298688163736963,2519776.8030818407,2467887.7254137294,1.0184186922382208,1.3220252570892244,54,0
profile,tfl-numbat-2019-midweek,am-peak,4,14.966666666666667,1,5,off,free-flow,4,drop-offs,60,940GZZLUEUS,0,3900,3823,1800,1796,5f074d17d4df6ad8,449,449,0,0,251,198,8.366666666666667,88,136,10.866666666666667,62,true,2023,108,203,114,85,4,4,0,1,2,2,877,661,215,5,940GZZLULVT-01-arrival,true,976,319.91714922048993,1264.9333333333334,765.9833333333333,740.8939495174462,1365.45,2138.016666666667,2280640.2074266286,1572690.4991714258,59.186204898569706,1.1127994089823563,2537895.074694887,2488182.4225979983,1.0194429090265908,1.4138913677556137,49,0
profile,tfl-numbat-2019-midweek,am-peak,4,14.966666666666667,1,6,off,free-flow,4,drop-offs,63,940GZZLUEUS,0,3900,3405,1800,1796,ae5e72e285c3d969,449,449,0,0,264,185,8.8,88,136,11.733333333333333,49,true,1605,95,192,114,81,2,4,0,0,2,2,484,379,102,5,940GZZLULNB-01-departure,true,912,289.47932442464736,1000.0333333333333,718.45,702.0161098737937,1344.2833333333333,1804.55,2243991.5715872804,1486704.6905171603,60.149404130838356,1.1100180334170253,2490871.111077745,2445049.8116004183,1.0162020347337504,1.2650511527155535,48,0
profile,tfl-numbat-2019-midweek,am-peak,4,14.966666666666667,1,7,off,free-flow,4,drop-offs,62,940GZZLUEUS,0,3900,3754,1800,1796,02c467f4245838da,449,449,0,0,275,174,9.166666666666666,87,137,12.533333333333333,37,true,1954,98,182,114,75,3,2,0,0,2,1,379,293,86,5,940GZZLUWLO-01-arrival,true,1018,292.4805864884929,1217.0833333333333,738.6166666666667,692.3174832962138,1316.5333333333333,2081.7166666666667,2170395.3250277992,1514367.4685957464,58.90190078947964,1.1131442651531442,2415963.1089715287,2370949.665553455,1.0183928964056508,1.3566045460903555,48,0
profile,tfl-numbat-2019-midweek,am-peak,4,14.966666666666667,1,8,off,free-flow,4,drop-offs,54,940GZZLUEUS,0,3900,3641,1800,1796,bf293d2e7f14a2cd,449,449,0,0,264,185,8.8,89,135,11.666666666666666,50,true,1841,100,187,114,76,2,6,0,1,2,2,453,370,83,5,london-link-048-a-departure,true,1022,292.61744617668893,1165.2166666666667,786.5,698.586599851522,1378.2166666666667,2084.5333333333333,2218808.981645341,1511480.416594111,59.48088056365092,1.1043418336154736,2450323.579020972,2410529.5382295526,1.0145350488455067,1.2800098294733449,43,0
profile,tfl-numbat-2019-midweek,am-peak,4,14.966666666666667,1,9,off,free-flow,4,drop-offs,55,940GZZLUEUS,0,3900,3659,1800,1796,06055a9bf3736cdd,449,449,0,0,255,194,8.5,90,134,11,60,true,1859,117,195,114,80,3,3,0,0,2,2,587,466,121,5,london-link-017-a-arrival,true,1084,331.0109131403118,1155.6833333333334,779.85,746.1746102449889,1377.6,1934.0666666666666,2276119.399097146,1562847.059381317,59.28990064683357,1.101737484653732,2507686.061304993,2473792.9361205576,1.0138008975387558,1.4069401932283512,36,0
profile,tfl-numbat-2019-midweek,am-peak,4,14.966666666666667,1,10,off,free-flow,4,drop-offs,66,940GZZLUEUS,0,3900,3568,1800,1796,54a9ff250f82da76,449,449,0,0,271,178,9.033333333333333,94,130,11.8,48,true,1768,97,182,114,77,3,6,0,0,1,2,428,329,99,7,london-link-072-a-arrival,true,1091,272.6355233853007,1098.9333333333334,706.9166666666666,660.6281365998515,1257.3333333333333,1779.9,2085930.9731106672,1474882.2333538348,58.580185260034135,1.1203300834469314,2336931.2209927808,2285597.5622235755,1.0216114375421597,1.4013461011109625,55,0
profile,tfl-numbat-2019-midweek,interpeak,4.615385,13.033333333333333,1,4,off,free-flow,4,destination,2,940GZZLUEUS,0,3900,3018,1800,1798.6,6be04c9f5f866184,391,391,0,0,269,122,8.966666666666667,89,106,12,16,true,1218,56,128,114,83,4,4,0,1,2,2,569,439,128,5,940GZZLUKSX-01-arrival,true,526.4,178.44607843137254,719.3666666666667,413.1333333333333,534.9728900255755,953.4,1361.15,1859827.9582316095,1086115.9279763221,63.13181886928645,1.0031829530787697,1865747.7032590816,1865747.7032590816,1,1,0,0
profile,tfl-numbat-2019-midweek,interpeak,4.615385,13.033333333333333,1,5,off,free-flow,4,destination,3,940GZZLUEUS,0,3900,3209,1800,1798.6,a81ab7f6ab0e242d,391,391,0,0,266,125,8.866666666666667,92,103,11.6,22,true,1409,63,127,114,79,3,4,1,1,2,2,468,383,78,6,london-link-048-a-arrival,true,584.4,184.61743393009377,862.8666666666667,449.5,549.0159420289855,1026.9,1777.6166666666666,1900830.1863153498,1102282.6516685558,63.2953301745213,1.0071872418244143,1914491.912421518,1914491.912421518,1,1,0,0
profile,tfl-numbat-2019-midweek,interpeak,4.615385,13.033333333333333,1,6,off,free-flow,4,destination,2,940GZZLUEUS,0,3900,3285,1800,1798.6,4c504f8f59a02630,391,391,0,0,249,142,8.3,78,117,11.4,25,true,1485,83,146,114,79,3,3,0,0,2,1,378,289,89,6,london-link-048-a-departure,true,810.4,247.15012787723785,864.8166666666667,563.5333333333333,618.5148337595907,1050.8166666666666,1545.9,1945660.5546682286,1350737.7827653764,59.023830117054764,1.0038695630790326,1953189.4107931252,1953189.4107931252,1,1,0,0
profile,tfl-numbat-2019-midweek,interpeak,4.615385,13.033333333333333,1,7,off,free-flow,4,destination,0,940GZZLUEUS,0,3900,2932,1800,1798.6,fceda33ee2db4d39,391,391,0,0,262,129,8.733333333333333,91,104,11.4,25,true,1132,52,130,114,81,3,3,0,1,2,2,489,356,127,6,london-link-057-b-departure,true,455.4,174.52084398976982,997.35,447.21666666666664,532.5152600170503,955.2666666666667,1468.55,1878534.5703078206,1118132.1799989366,62.687470006984334,1,1878534.5702045283,1878534.5702045283,1,1,0,0
profile,tfl-numbat-2019-midweek,interpeak,4.615385,13.033333333333333,1,8,off,free-flow,4,destination,1,940GZZLUEUS,0,3900,3016,1800,1798.6,250fa1f9d8249dd8,391,391,0,0,265,126,8.833333333333334,85,110,12,16,true,1216,57,128,114,80,2,4,0,0,2,2,359,284,75,5,940GZZLUKSX-01-arrival,true,714.4,180.85652173913044,911.8,478.31666666666666,556.714620630861,1007.4,1471.7333333333333,1975181.8051818102,1107736.4899350754,64.06857451624171,1.0015108502654724,1978166.0090077692,1978166.0090077692,1,1,0,0
profile,tfl-numbat-2019-midweek,interpeak,4.615385,13.033333333333333,1,9,off,free-flow,4,destination,4,940GZZLUEUS,0,3900,3138,1800,1798.6,9ebed64d902328ab,391,391,0,0,261,130,8.7,89,106,11.466666666666667,24,true,1338,67,137,114,76,5,4,0,0,2,2,556,460,96,6,london-link-048-a-departure,true,628.4,216.8276641091219,881.4,571.4166666666666,578.7281756180734,1062.1833333333334,1609.8,1889633.1705631183,1196693.2245006613,61.22596668924476,1.006122351115299,1901202.1682059758,1901202.1682059758,1,1,0,0
profile,tfl-numbat-2019-midweek,interpeak,4.615385,13.033333333333333,1,10,off,free-flow,4,destination,2,940GZZLUEUS,0,3900,3045,1800,1798.6,ed1aff8a6eb63fcf,391,391,0,0,260,131,8.666666666666666,90,105,11.333333333333334,26,true,1245,67,131,114,73,2,3,1,0,2,2,374,307,67,5,london-link-057-a-arrival,true,747.4,205.53994032395568,889.2333333333333,596.75,573.9109548167092,1100.7333333333333,1450.3166666666666,1925572.8363922643,1175680.5216418994,62.090149178036036,1.005215943960707,1935616.5162834942,1935616.5162834942,1,1,0,0
profile,tfl-numbat-2019-midweek,interpeak,4.615385,13.033333333333333,1,1,off,free-flow,4,drop-offs,11,940GZZLUEUS,0,3900,3079,1800,1798.6,05b036e7516e55eb,391,391,0,0,265,126,8.833333333333334,88,107,11.8,19,true,1279,52,129,114,82,2,4,0,1,2,2,358,288,69,5,940GZZLUTCR-diverge,true,688.4,180.13265132139813,1074,506.26666666666665,556.5168371696504,980.2666666666667,1519.2666666666667,1929073.3938736764,1092299.6719941061,63.84757366332112,1.0254810674664088,1978228.243050654,1969720.863330688,1.003759911023065,1.289337291135541,9,0
profile,tfl-numbat-2019-midweek,interpeak,4.615385,13.033333333333333,1,2,off,free-flow,4,drop-offs,5,940GZZLUEUS,0,3900,2974,1800,1798.6,e6b2cb534b8b4e2b,391,391,0,0,278,113,9.266666666666667,83,112,13,1,true,1174,49,123,114,83,3,4,0,0,2,2,370,287,81,5,london-link-047-a-arrival,true,568.4,163.64228473998295,806.85,430.35,527.9012787723785,937,1403.9333333333334,1899801.578424451,1050443.1020447726,64.39471244541981,1.007019455153502,1913137.1502955137,1909085.2209372309,1.0020117972406528,1.1905537707484286,5,0
profile,tfl-numbat-2019-midweek,interpeak,4.615385,13.033333333333333,1,3,off,free-flow,4,drop-offs,8,940GZZLUEUS,0,3900,3018,1800,1798.6,b778aea546f63062,391,391,0,0,273,118,9.1,88,107,12.333333333333334,11,true,1218,45,121,114,83,3,2,0,1,2,2,359,274,85,5,london-link-057-b-departure,true,489.4,142.93597612958226,755.2,401.3833333333333,510.4874254049446,949.9833333333333,1566.5333333333333,1910103.8397316185,940312.7960679103,67.01139109777343,1.0110539978086572,1931218.1232780071,1924312.4740162492,1.0038117199587695,1.2561117433206577,8,0
profile,tfl-numbat-2019-midweek,interpeak,4.615385,13.033333333333333,1,4,off,free-flow,4,drop-offs,6,940GZZLUEUS,0,3900,3098,1800,1798.6,6be04c9f5f866184,391,391,0,0,274,117,9.133333333333333,89,106,12.333333333333334,11,true,1298,50,123,114,85,3,4,0,1,2,2,465,351,102,5,940GZZLUBNK-01-arrival,true,470.4,155.87902813299235,711.1166666666667,374.8666666666667,512.4951832907076,915.2,1371.7833333333333,1848706.0944412758,1051012.7809110575,63.75466636284343,1.0107842175371249,1868642.9430294842,1865372.703259082,1.00204376536014,1.2481898347388671,4,0
profile,tfl-numbat-2019-midweek,interpeak,4.615385,13.033333333333333,1,5,off,free-flow,4,drop-offs,8,940GZZLUEUS,0,3900,3174,1800,1798.6,a81ab7f6ab0e242d,391,391,0,0,267,124,8.9,92,103,11.666666666666666,21,true,1374,58,129,114,76,3,5,0,1,2,2,372,292,75,5,940GZZLUPAC-01-arrival,true,544.4,184.15946291560104,855.85,503.95,549.7957800511509,1058.9833333333333,1742.9833333333333,1897663.991060438,1129764.6101691546,62.68236979361628,1.012129160838524,1920681.062715769,1913666.9124215178,1.0040246232486139,1.3195456490686115,8,0
profile,tfl-numbat-2019-midweek,interpeak,4.615385,13.033333333333333,1,6,off,free-flow,4,drop-offs,9,940GZZLUEUS,0,3900,3185,1800,1798.6,4c504f8f59a02630,391,391,0,0,249,142,8.3,78,117,11.4,25,true,1385,76,145,114,75,2,3,0,1,1,1,431,332,98,6,london-link-048-a-departure,true,782.4,240.9839727195226,1044.6166666666666,558.0833333333334,613.9940750213128,1050.8166666666666,1477.8833333333334,1917924.105396273,1313895.7622979004,59.345018717415904,1.021453765038016,1959070.7983984342,1953189.4107931252,1.0019539167365945,1.155071476210584,7,0
profile,tfl-numbat-2019-midweek,interpeak,4.615385,13.033333333333333,1,7,off,free-flow,4,drop-offs,5,940GZZLUEUS,0,3900,2927,1800,1798.6,fceda33ee2db4d39,391,391,0,0,267,124,8.9,91,104,11.733333333333333,20,true,1127,47,124,114,82,2,3,0,1,2,2,377,280,91,7,london-link-070-a-departure,true,638.4,163.7596334185848,739.4333333333333,409.15,521.9359761295823,918.15,1175.6666666666667,1866002.6366687594,1085701.059007933,63.21781686291412,1.0083560175392299,1881594.9873279734,1878384.5702045285,1.0023037298754525,1.2726060139676207,4,0
profile,tfl-numbat-2019-midweek,interpeak,4.615385,13.033333333333333,1,8,off,free-flow,4,drop-offs,10,940GZZLUEUS,0,3900,3084,1800,1798.6,250fa1f9d8249dd8,391,391,0,0,267,124,8.9,87,108,12,16,true,1284,56,126,114,80,4,4,0,0,2,2,379,295,82,5,940GZZLUKSX-diverge,true,781.4,170.9835464620631,979.1333333333333,479.51666666666665,548.7719522591646,971.3833333333333,1674.0166666666667,1950457.452952682,1070886.3482647226,64.5559585826272,1.0188288923413953,1987182.4062265335,1979891.0090077687,1.0036342705205479,1.303548929849519,9,0
profile,tfl-numbat-2019-midweek,interpeak,4.615385,13.033333333333333,1,9,off,free-flow,4,drop-offs,10,940GZZLUEUS,0,3900,3074,1800,1798.6,9ebed64d902328ab,391,391,0,0,264,127,8.8,90,105,11.6,22,true,1274,59,135,114,78,2,4,0,1,2,2,273,222,51,5,london-link-048-a-departure,true,651.4,200.34057971014494,887.5833333333334,495.6333333333333,563.7679028132992,1063.6,1610.6166666666666,1873389.3231836844,1174568.119906321,61.463762475779546,1.0190739836373939,1909122.3203769203,1900002.1682059758,1.0037588384163825,1.2514358943208623,10,0
profile,tfl-numbat-2019-midweek,interpeak,4.615385,13.033333333333333,1,10,off,free-flow,4,drop-offs,12,940GZZLUEUS,0,3900,2931,1800,1798.6,ed1aff8a6eb63fcf,391,391,0,0,265,126,8.833333333333334,90,105,11.666666666666666,21,true,1131,49,127,114,81,4,3,0,0,1,2,306,248,58,6,london-link-048-b-arrival,true,530.4,167.38273657289002,666.9666666666667,450.8,536.8967604433077,1014.7833333333333,1389.9333333333334,1898432.7213824266,1031768.2812113541,64.788481053073,1.0234228211764302,1942899.371419742,1934491.5162834937,1.003460958529362,1.2239918369864207,10,0
profile,tfl-numbat-2019-midweek,interpeak,4.2857140000000005,14,1,4,off,free-flow,4,destination,3,940GZZLUEUS,0,3900,3246,1800,1799,a94c9c7396163d75,420,420,0,0,279,141,9.3,96,114,12.2,27,true,1446,68,142,114,79,3,5,0,0,2,2,447,354,92,6,london-link-020-a-departure,true,923,221.5256746031746,1003.6166666666667,531.4,579.109880952381,1099.6166666666666,1639.0666666666666,2004878.086549602,1277007.0558969125,61.08922157632382,1.0050880163148748,2015078.9388269167,2015078.9388269167,1,1,0,0
profile,tfl-numbat-2019-midweek,interpeak,4.2857140000000005,14,1,5,off,free-flow,4,destination,5,940GZZLUEUS,0,3900,3067,1800,1799,5f9a8f8bd77c6409,420,420,0,0,273,147,9.1,98,112,11.666666666666666,35,true,1267,80,147,114,77,3,5,0,1,2,2,513,404,107,5,london-link-017-a-departure,true,848,238.44369047619048,873.6166666666667,628.8333333333334,601.3413492063493,1147,1711.4166666666667,2028669.2487429238,1274870.249878521,61.408959983359665,1.0094220135897154,2047783.3978295012,2047783.3978295012,1,1,0,0
profile,tfl-numbat-2019-midweek,interpeak,4.2857140000000005,14,1,6,off,free-flow,4,destination,7,940GZZLUEUS,0,3900,3726,1800,1799,945ce7079c765de8,420,420,0,0,255,165,8.5,84,126,11.4,39,true,1926,95,170,114,74,2,3,0,0,2,2,336,266,63,5,940GZZLUGPK-01-arrival,true,953,288.140873015873,1004,673.0166666666667,660.9785317460318,1106.2333333333333,1998.9666666666667,2081337.6258450903,1400774.8931199778,59.77226796978095,1.013979651125757,2110433.999570938,2110433.999570938,1,1,0,0
profile,tfl-numbat-2019-midweek,interpeak,4.2857140000000005,14,1,7,off,free-flow,4,destination,4,940GZZLUEUS,0,3900,3195,1800,1799,09e4b8f0644f208a,420,420,0,0,275,145,9.166666666666666,96,114,11.933333333333334,31,true,1395,77,148,114,84,3,3,0,1,1,1,382,302,80,5,940GZZLUVIC-01-departure,true,876,220.81011904761905,913.75,551.5666666666667,580.5187301587301,1063.0833333333333,1416.8333333333333,2014696.7231796428,1291977.2627449664,60.92819345830657,1.0070374968821536,2028875.144948068,2028875.144948068,1,1,0,0
profile,tfl-numbat-2019-midweek,interpeak,4.2857140000000005,14,1,8,off,free-flow,4,destination,2,940GZZLUEUS,0,3900,3503,1800,1799,a397c6d4513ac547,420,420,0,0,259,161,8.633333333333333,89,121,11.333333333333334,40,true,1703,84,161,114,82,3,3,0,1,2,2,521,419,101,6,london-link-084-a-arrival,true,984,246.29714285714286,1043.95,597.9666666666667,621.3407142857143,1085.8166666666666,1763.8,2112022.206934135,1318836.5091475884,61.55957973536752,1.0035238286242518,2119464.611078746,2119464.611078746,1,1,0,0
profile,tfl-numbat-2019-midweek,interpeak,4.2857140000000005,14,1,9,off,free-flow,4,destination,8,940GZZLUEUS,0,3900,3343,1800,1799,88aa1154515a9033,420,420,0,0,270,150,9,91,119,11.933333333333334,31,true,1543,85,152,114,75,4,4,0,1,2,2,529,427,101,6,london-link-048-a-arrival,true,736,255.34690476190477,981,666.3333333333334,617.0025396825397,1110.75,1697.6333333333334,2002952.82486093,1357032.8526032225,59.61194532152285,1.0169088407130868,2036820.4349951611,2036820.4349951611,1,1,0,0
profile,tfl-numbat-2019-midweek,interpeak,4.2857140000000005,14,1,10,off,free-flow,4,destination,4,940GZZLUEUS,0,3900,3301,1800,1799,59ae0996495cd1a9,420,420,0,0,276,144,9.2,93,117,12.2,27,true,1501,90,149,114,76,2,3,0,0,1,2,355,278,73,5,london-link-010-a-arrival,true,1002,246.12396825396826,1023.0666666666667,621.65,614.2590079365079,1138.8,1669.2,2064019.1277760265,1326664.5653817945,60.873243114392615,1.0077031375441814,2079918.5508583908,2079918.5508583908,1,1,0,0
profile,tfl-numbat-2019-midweek,interpeak,4.2857140000000005,14,1,1,off,free-flow,4,drop-offs,17,940GZZLUEUS,0,3900,3303,1800,1799,d7e9ab1e06ba3f03,420,420,0,0,266,154,8.866666666666667,90,120,11.733333333333333,34,true,1503,82,154,114,77,4,4,0,1,2,1,663,486,177,6,london-link-031-b-departure,true,872,241.1656746031746,918.3166666666667,659.0666666666667,619.8656746031746,1125.05,1662.9833333333333,2064123.233493789,1305693.9141589727,61.25327111388074,1.0334831105539193,2133236.4997607805,2121104.119850509,1.005353922947176,1.26379429782505,15,0
profile,tfl-numbat-2019-midweek,interpeak,4.2857140000000005,14,1,2,off,free-flow,4,drop-offs,17,940GZZLUEUS,0,3900,3309,1800,1799,91e7e36c6e9c5c40,420,420,0,0,284,136,9.466666666666667,89,121,13,15,true,1509,65,141,114,81,2,3,1,1,1,2,371,298,71,6,london-link-083-b-departure,true,637,213.8475396825397,837.9166666666666,564.9166666666666,582.0330555555555,1089.45,1565.6666666666667,2017864.7081084407,1305067.063437426,60.725433046424136,1.029948876706335,2078297.4893183466,2066056.033856567,1.0055111892012931,1.2116018884563424,16,0
profile,tfl-numbat-2019-midweek,interpeak,4.2857140000000005,14,1,3,off,free-flow,4,drop-offs,14,940GZZLUEUS,0,3900,3313,1800,1799,f9d9788dd6aa402d,420,420,0,0,277,143,9.233333333333333,93,117,12.266666666666667,26,true,1513,77,149,114,80,3,4,0,1,2,2,436,342,94,7,london-link-087-a-arrival,true,661,213.9595634920635,784.5166666666667,508.81666666666666,582.1069841269841,1014.8,1668.6666666666667,2026331.0083682346,1216178.8495178332,62.49267071432398,1.0253484999863307,2077695.4597614717,2068641.8027369091,1.0037594478026284,1.2090294090603753,11,0
profile,tfl-numbat-2019-midweek,interpeak,4.2857140000000005,14,1,4,off,free-flow,4,drop-offs,13,940GZZLUEUS,0,3900,3016,1800,1799,a94c9c7396163d75,420,420,0,0,279,141,9.3,96,114,12.2,27,true,1216,69,141,114,78,3,5,0,0,1,1,590,462,125,6,london-link-025-b-departure,true,716,208.08988095238095,891.6333333333333,510.3666666666667,568.1256349206349,1036.8833333333334,1639.0666666666666,1986139.4244648544,1244666.7676692076,61.475040790142195,1.0199077870606783,2025679.0650663646,2014103.938826917,1.0055699612598823,1.4222427293907198,13,0
profile,tfl-numbat-2019-midweek,interpeak,4.2857140000000005,14,1,5,off,free-flow,4,drop-offs,19,940GZZLUEUS,0,3900,3131,1800,1799,5f9a8f8bd77c6409,420,420,0,0,275,145,9.166666666666666,97,113,11.866666666666667,32,true,1331,79,148,114,83,3,5,0,1,2,2,339,241,96,6,london-link-048-a-departure,true,623,213.40313492063493,969.7666666666667,527.4,579.4379761904762,1099.8833333333334,1813.9833333333333,2000089.3565990108,1175229.7773717325,62.9886090881799,1.0313077086477476,2062707.571305494,2048308.3978295014,1.0063008801162783,1.3188174604192744,16,0
profile,tfl-numbat-2019-midweek,interpeak,4.2857140000000005,14,1,6,off,free-flow,4,drop-offs,23,940GZZLUEUS,0,3900,3858,1800,1799,945ce7079c765de8,420,420,0,0,265,155,8.833333333333334,85,125,12,30,true,2058,89,161,114,75,3,3,0,0,2,2,343,248,85,5,london-link-020-a-departure,true,915,266.98603174603176,974.45,623.65,643.0948412698413,1079.2833333333333,2131.3333333333335,2028580.289572926,1428858.5712140996,58.67291863293151,1.0479977063566146,2125947.4904836523,2112158.9995709383,1.0052407520479971,1.2126210841356782,16,0
profile,tfl-numbat-2019-midweek,interpeak,4.2857140000000005,14,1,7,off,free-flow,4,drop-offs,18,940GZZLUEUS,0,3900,2909,1800,1799,09e4b8f0644f208a,420,420,0,0,280,140,9.333333333333334,96,114,12.266666666666667,26,true,1109,68,140,114,80,2,3,0,1,1,2,420,327,91,5,london-link-017-a-departure,true,734,195.66579365079366,815.1,523.3666666666667,557.7077380952381,1032.4333333333334,1441.1833333333334,1980743.1383673726,1154921.2953021314,63.168211403584806,1.0297603942027767,2039690.83484619,2029100.144948068,1.005141954452861,1.3448459398852108,13,0
profile,tfl-numbat-2019-midweek,interpeak,4.2857140000000005,14,1,8,off,free-flow,4,drop-offs,15,940GZZLUEUS,0,3900,3074,1800,1799,a397c6d4513ac547,420,420,0,0,276,144,9.2,89,121,12.466666666666667,23,true,1274,75,148,114,81,3,3,0,1,2,2,480,377,101,5,london-link-017-a-departure,true,808,207.57301587301586,807.5,572.0833333333334,584.7763492063492,1091.6833333333334,1494.6333333333334,2080212.8864295182,1174190.1155692907,63.919953526096194,1.023825576764042,2129775.158081885,2117739.6110787457,1.0061444268618331,1.315814003095977,13,0
profile,tfl-numbat-2019-midweek,interpeak,4.2857140000000005,14,1,9,off,free-flow,4,drop-offs,21,940GZZLUEUS,0,3900,3165,1800,1799,88aa1154515a9033,420,420,0,0,270,150,9,91,119,11.933333333333334,31,true,1365,83,153,114,71,3,4,0,1,2,2,509,397,112,5,london-link-045-a-arrival,true,845,242.44107142857143,959.3666666666667,569.75,606.538373015873,1080.9833333333333,1682.4,1982469.5379986595,1324325.2025536888,59.95139382819749,1.0346302818437008,2051123.0167120988,2036145.4349951604,1.0075796188138182,1.3215926564116731,19,0
profile,tfl-numbat-2019-midweek,interpeak,4.2857140000000005,14,1,10,off,free-flow,4,drop-offs,17,940GZZLUEUS,0,3900,2959,1800,1799,59ae0996495cd1a9,420,420,0,0,272,148,9.066666666666666,93,117,11.933333333333334,31,true,1159,80,152,114,77,2,2,0,0,1,2,354,273,77,6,london-link-050-a-departure,true,655,231.9527380952381,879.5833333333334,616.7166666666667,602.3771031746031,1102.1833333333334,1506.0666666666666,2028427.728843933,1260505.8133603684,61.67433007735526,1.0309241049062434,2091155.0405784273,2079318.5508583917,1.004840488407137,1.2492023662839769,13,0
profile,tfl-numbat-2019-midweek,interpeak,4,14.966666666666667,1,4,off,free-flow,4,destination,3,940GZZLUEUS,0,3900,3509,1800,1796,a799697d01b542e9,449,449,0,0,282,167,9.4,101,123,12.066666666666666,44,true,1709,91,168,114,78,4,6,1,1,2,2,792,632,159,5,940GZZLUOXC-01-departure,true,813,258.00939123979214,872.35,595.7666666666667,617.2911655530809,1082.7166666666667,1772.6333333333334,2150243.0299376016,1334468.9101170714,61.70504382935784,1.0051053497244837,2161220.7724240106,2161220.7724240106,1,1,0,0
profile,tfl-numbat-2019-midweek,interpeak,4,14.966666666666667,1,5,off,free-flow,4,destination,6,940GZZLUEUS,0,3900,3682,1800,1796,27a8f4c1ce92a647,449,449,0,0,266,183,8.866666666666667,103,121,10.866666666666667,62,true,1882,120,184,114,76,3,5,0,1,2,2,654,528,124,6,london-link-082-a-departure,true,1083,314.0847809948033,1090.4,751.45,680.9796585003711,1270.15,1893.7666666666667,2180540.506872924,1513188.809140692,59.03357610476528,1.0138508527724264,2210742.8522142023,2210742.8522142023,1,1,0,0
profile,tfl-numbat-2019-midweek,interpeak,4,14.966666666666667,1,6,off,free-flow,4,destination,11,940GZZLUEUS,0,3900,3900,1800,1796,afee3d9a7f693ca4,449,448,1,0,259,190,8.633333333333333,88,136,11.4,54,false,0,118,194,114,78,3,3,0,0,2,2,560,418,140,7,london-link-118-a-departure,true,1076,348.41837416481064,1259.1,805.1166666666667,716.7133928571428,1231.6833333333334,1753.5166666666667,2205594.905355644,1499072.8375145518,59.53556589792467,1.0174709769324854,2229565.01159821,2229565.01159821,1,1,0,0
profile,tfl-numbat-2019-midweek,interpeak,4,14.966666666666667,1,7,off,free-flow,4,destination,10,940GZZLUEUS,0,3900,3232,1800,1796,b20e702a55393288,449,449,0,0,273,176,9.1,98,126,11.666666666666666,50,true,1432,111,177,114,76,3,3,0,0,1,2,616,477,139,6,london-link-070-a-departure,true,913,301.27735708982925,1050.2333333333333,703.7166666666667,659.6689309576836,1246.5166666666667,1619.3333333333333,2115053.134143425,1500853.176556404,58.49302919947818,1.0195212038076549,2156341.5172714395,2156341.5172714395,1,1,0,0
profile,tfl-numbat-2019-midweek,interpeak,4,14.966666666666667,1,8,off,free-flow,4,destination,6,940GZZLUEUS,0,3900,3399,1800,1796,e02b3c1ff188e3b8,449,449,0,0,267,182,8.9,90,134,11.8,48,true,1599,113,186,114,83,3,3,0,0,2,1,581,468,113,6,london-link-023-a-arrival,true,1125,308.80571640682996,1180.3166666666666,723.3833333333333,684.0759094283593,1258.1,1683.4666666666667,2245486.326797591,1398148.7510395343,61.627640497152086,1.0097055618173052,2267280.0329520833,2267280.0329520833,1,1,0,0
profile,tfl-numbat-2019-midweek,interpeak,4,14.966666666666667,1,9,off,free-flow,4,destination,9,940GZZLUEUS,0,3900,3362,1800,1796,93df401a4d0b9ab0,449,449,0,0,275,174,9.166666666666666,91,133,12.266666666666667,41,true,1562,107,179,114,76,3,4,0,1,2,2,596,486,109,6,london-link-009-a-departure,true,1011,314.7791759465479,1234.3833333333334,720.2833333333333,673.6585003711953,1221.7166666666667,1921.05,2127804.987465001,1449613.1780800861,59.478788584414474,1.015717572464645,2161248.9163763872,2161248.9163763872,1,1,0,0
profile,tfl-numbat-2019-midweek,interpeak,4,14.966666666666667,1,10,off,free-flow,4,destination,6,940GZZLUEUS,0,3900,3131,1800,1796,53804d640c2bb1cb,449,449,0,0,278,171,9.266666666666667,92,132,12.4,39,true,1331,109,172,114,80,3,3,0,1,2,2,401,314,87,5,london-link-010-a-arrival,true,1074,296.75308092056423,1141.95,700.2166666666667,660.6052338530067,1185.3,1483.0333333333333,2171144.388201641,1416868.764730326,60.51104875207821,1.0112506358671907,2195571.1429479076,2195571.1429479076,1,1,0,0
profile,tfl-numbat-2019-midweek,interpeak,4,14.966666666666667,1,1,off,free-flow,4,drop-offs,31,940GZZLUEUS,0,3900,3516,1800,1796,36d46c523aa62ecf,449,449,0,0,273,176,9.1,93,131,12,45,true,1716,105,177,114,81,5,3,0,1,2,1,649,481,166,6,london-link-031-b-departure,true,1034,288.17208611729774,1234.4333333333334,723.3833333333333,667.4968077208612,1204.3166666666666,1935.9166666666667,2159725.920854934,1438510.7480133772,60.02178621380661,1.0575214957528605,2283956.5860516755,2264697.792482738,1.008190060734031,1.3160088043217248,21,0
profile,tfl-numbat-2019-midweek,interpeak,4,14.966666666666667,1,2,off,free-flow,4,drop-offs,30,940GZZLUEUS,0,3900,3170,1800,1796,8d49fb9d3816ddc8,449,449,0,0,292,157,9.733333333333333,96,128,13.066666666666666,29,true,1370,89,158,114,77,3,4,0,1,2,2,501,398,102,6,london-link-048-a-departure,true,615,249.2488864142539,862.5833333333334,622.2333333333333,618.4601336302895,1132.5166666666667,1734.8833333333334,2110068.425601089,1281646.5149112581,62.212434199506916,1.0544807373180956,2225026.5090481713,2202849.367633916,1.00924611382465,1.2798377144753803,27,0
profile,tfl-numbat-2019-midweek,interpeak,4,14.966666666666667,1,3,off,free-flow,4,drop-offs,31,940GZZLUEUS,0,3900,3394,1800,1796,1a5ec5d35ff01181,449,449,0,0,286,163,9.533333333333333,93,131,12.866666666666667,32,true,1594,83,167,114,83,3,4,0,1,2,2,457,370,87,5,940GZZLUVIC-01-arrival,true,875,241.30115070527097,958.3333333333334,597.1333333333333,612.8410913140312,1093.45,1748.7666666666667,2126004.8333978313,1256734.902519208,62.848607914598695,1.05259661909747,2237825.499644278,2212680.685901037,1.010465334638482,1.3972301976575856,29,0
profile,tfl-numbat-2019-midweek,interpeak,4,14.966666666666667,1,4,off,free-flow,4,drop-offs,24,940GZZLUEUS,0,3900,3204,1800,1796,a799697d01b542e9,449,449,0,0,297,152,9.9,103,121,12.933333333333334,31,true,1404,81,153,114,82,3,5,0,0,2,2,628,536,92,5,london-link-013-a-departure,true,735,224.7344840386043,975.6,566.2333333333333,587.0907943578322,1057.1666666666667,1717.6833333333334,2104104.200322244,1282223.8977749124,62.13527276062178,1.037338251480703,2182667.7719277316,2162195.7724240106,1.0091206920359077,1.3524811869773952,24,0
profile,tfl-numbat-2019-midweek,interpeak,4,14.966666666666667,1,5,off,free-flow,4,drop-offs,32,940GZZLUEUS,0,3900,3425,1800,1796,27a8f4c1ce92a647,449,449,0,0,275,174,9.166666666666666,102,122,11.533333333333333,52,true,1625,102,176,114,80,3,5,0,0,2,2,601,447,151,5,940GZZLUKSX-01-arrival,true,902,274.1948403860431,971.95,694.0666666666667,645.1866740905716,1245.1666666666667,1721.85,2131177.369516876,1377680.3443386853,60.73707010408014,1.0480760865252852,2233636.0369581217,2210967.8522142023,1.0105883756325245,1.3788191353957995,27,0
profile,tfl-numbat-2019-midweek,interpeak,4,14.966666666666667,1,6,off,free-flow,4,drop-offs,30,940GZZLUEUS,0,3900,3734,1800,1796,afee3d9a7f693ca4,449,449,0,0,276,173,9.2,90,134,12.4,39,true,1934,101,183,114,79,4,4,1,0,2,1,452,332,118,6,london-link-048-a-arrival,true,844,304.97783964365254,1044.6166666666666,727.0333333333333,680.8328878990349,1157.5666666666666,2121.9666666666667,2147506.8237017966,1481107.6315441849,59.18255714924716,1.0565218783684673,2268887.9430045616,2249519.092546157,1.0069975421402177,1.2824393814336792,22,0
profile,tfl-numbat-2019-midweek,interpeak,4,14.966666666666667,1,7,off,free-flow,4,drop-offs,39,940GZZLUEUS,0,3900,3126,1800,1796,b20e702a55393288,449,449,0,0,278,171,9.266666666666667,100,124,11.866666666666667,47,true,1326,83,172,114,81,3,3,0,1,2,2,587,493,94,5,940GZZLUBNK-01-departure,true,818,251.294580549369,941.4,675.1666666666666,614.686562731997,1146.6333333333334,1600.4833333333333,2031469.6817414495,1384359.3595577432,59.472229352813,1.0748804569603194,2183587.059657711,2155516.517271439,1.0110787474062002,1.3262967061339992,31,0
profile,tfl-numbat-2019-midweek,interpeak,4,14.966666666666667,1,8,off,free-flow,4,drop-offs,30,940GZZLUEUS,0,3900,3288,1800,1796,e02b3c1ff188e3b8,449,449,0,0,270,179,9,90,134,12,45,true,1488,95,180,114,86,4,3,0,0,2,2,417,325,91,5,london-link-009-a-departure,true,851,266.7093170007424,867.5,646.0833333333334,645.8140311804009,1105.25,1539.9166666666667,2187064.866941324,1310916.4765985415,62.52362869174343,1.046012107593085,2287696.330720438,2267505.0329520837,1.008649520969955,1.2999397193049413,24,0
profile,tfl-numbat-2019-midweek,interpeak,4,14.966666666666667,1,9,off,free-flow,4,drop-offs,35,940GZZLUEUS,0,3900,3118,1800,1796,93df401a4d0b9ab0,449,449,0,0,280,169,9.333333333333334,91,133,12.6,36,true,1318,97,173,114,74,4,4,0,1,2,2,573,429,143,5,london-link-031-b-departure,true,843,282.7318856718634,982.45,677.8666666666667,645.8108760207868,1162.05,1581.1833333333334,2069154.805393911,1378288.8860613452,60.01997394540378,1.0561916751495357,2185424.0798916817,2161998.916376388,1.0108902637783728,1.4025280919678254,26,0
profile,tfl-numbat-2019-midweek,interpeak,4,14.966666666666667,1,10,off,free-flow,4,drop-offs,36,940GZZLUEUS,0,3900,3287,1800,1796,53804d640c2bb1cb,449,449,0,0,280,169,9.333333333333334,95,129,12.333333333333334,40,true,1487,91,176,114,79,4,3,0,1,2,1,565,409,156,5,london-link-020-a-arrival,true,937,259.1044172234595,962.9,668.6333333333333,627.5667409057164,1159.9333333333334,1580.3833333333334,2090434.755348162,1394861.8945535345,59.97867514109949,1.0627130044924937,2221532.1993843243,2195871.1429479076,1.0103491773763225,1.2795946967379324,30,0
profile,tfl-numbat-2019-midweek,pm-peak,5,11.966666666666667,1,4,off,free-flow,4,destination,0,940GZZLUEUS,0,3900,2914,1800,1795,dff5d7a77d8f4f4d,359,359,0,0,239,120,7.966666666666667,76,103,10.866666666666667,17,true,1114,56,126,114,77,3,3,0,0,2,2,341,257,81,6,london-link-048-a-departure,true,774,209.99340761374188,973.85,495.43333333333334,586.7903899721448,1038.1666666666667,1359.2,1821236.02833358,1193497.7440392189,60.41117278824074,1,1821236.028245025,1821236.028245025,1,1,0,0
profile,tfl-numbat-2019-midweek,pm-peak,5,11.966666666666667,1,5,off,free-flow,4,destination,1,940GZZLUEUS,0,3900,2782,1800,1795,6acd3d750d7bc82b,359,359,0,0,237,122,7.9,90,89,9.8,33,true,982,49,122,114,81,3,3,0,1,2,2,328,250,75,5,london-link-031-b-departure,true,558,170.5340297121634,882.3833333333333,425.3333333333333,537.2037604456824,991.3166666666667,1234.4,1768668.8263069007,1036425.71813158,63.05202189400536,1.0010841766409426,1770586.3756585165,1770586.3756585165,1,1,0,0
profile,tfl-numbat-2019-midweek,pm-peak,5,11.966666666666667,1,6,off,free-flow,4,destination,3,940GZZLUEUS,0,3900,2885,1800,1795,099dc77e02fdbce5,359,359,0,0,242,117,8.066666666666666,89,90,10.2,27,true,1085,49,118,113,80,3,3,0,1,2,2,584,451,132,5,london-link-035-a-departure,true,400,158.6553853296193,776.2333333333333,419.28333333333336,521.1181058495822,956.2833333333333,1386.9333333333334,1736491.733941767,987297.8635686595,63.75278529328916,1.0054394350253988,1745937.2678335558,1745937.2678335558,1,1,0,0
profile,tfl-numbat-2019-midweek,pm-peak,5,11.966666666666667,1,7,off,free-flow,4,destination,2,940GZZLUEUS,0,3900,2992,1800,1795,b7bfc720dc0a2583,359,359,0,0,242,117,8.066666666666666,80,99,10.8,18,true,1192,54,121,114,74,3,2,0,0,2,2,295,241,49,5,940GZZLULVT-01-arrival,true,574,190.94948932219128,761.6333333333333,487.23333333333335,559.5307335190344,973.65,1616.6166666666666,1775323.2716186983,1147664.9470788813,60.73658662947824,1.0032434455467556,1781081.4359020088,1781081.4359020088,1,1,0,0
profile,tfl-numbat-2019-midweek,pm-peak,5,11.966666666666667,1,8,off,free-flow,4,destination,1,940GZZLUEUS,0,3900,3015,1800,1795,ce3c7c163ae1787d,359,359,0,0,243,116,8.1,84,95,10.6,21,true,1215,50,121,114,76,3,2,0,1,2,2,268,202,63,5,london-link-057-a-arrival,true,510,173.02390900649954,779.2,442.65,551.8274373259053,979.15,1314.3,1828712.7884722387,1036607.9277842401,63.822272253747535,1.0016020350061416,1831642.450285608,1831642.450285608,1,1,0,0
profile,tfl-numbat-2019-midweek,pm-peak,5,11.966666666666667,1,9,off,free-flow,4,destination,2,940GZZLUEUS,0,3900,2701,1800,1795,39047e28bb099854,359,359,0,0,252,107,8.4,74,105,11.866666666666667,2,true,901,41,111,107,77,3,4,0,1,2,2,347,291,53,5,london-link-048-a-arrival,true,273,153.8602599814299,519.6166666666667,362.21666666666664,520.2111884865367,884.1166666666667,1231,1765672.4480798177,916812.138880215,65.82227747600196,1.003346127061002,1771580.6123647762,1771580.6123647762,1,1,0,0
profile,tfl-numbat-2019-midweek,pm-peak,5,11.966666666666667,1,10,off,free-flow,4,destination,2,940GZZLUEUS,0,3900,2898,1800,1795,f32f98a0e6086be2,359,359,0,0,240,119,8,80,99,10.666666666666666,20,true,1098,50,119,113,79,2,2,0,0,2,2,336,264,68,6,london-link-057-b-departure,true,354,170.77116991643456,700.1333333333333,418.56666666666666,544.6990714948932,958.4,1420.0333333333333,1799159.5557898604,1078640.6940240264,62.51856972721494,1.0034289079293797,1805328.7081732498,1805328.7081732498,1,1,0,0
profile,tfl-numbat-2019-midweek,pm-peak,5,11.966666666666667,1,1,off,free-flow,4,drop-offs,7,940GZZLUEUS,0,3900,2695,1800,1795,d59afaee7896bf92,359,359,0,0,250,109,8.333333333333334,81,98,11.266666666666667,11,true,895,49,113,109,73,2,3,0,0,2,2,240,190,50,5,940GZZLUPAC-diverge,true,374,160.89531104921076,692.9333333333333,375.26666666666665,513.2870937790158,839.8166666666667,1097.3666666666666,1674633.3097381669,956971.2812733919,63.63544566907968,1.0140585175712558,1698176.171496583,1693210.9800040603,1.0026960209619151,1.2669045025822703,6,0
profile,tfl-numbat-2019-midweek,pm-peak,5,11.966666666666667,1,2,off,free-flow,4,drop-offs,9,940GZZLUEUS,0,3900,2816,1800,1795,230748c929bd6af8,359,359,0,0,249,110,8.3,79,100,11.333333333333334,10,true,1016,49,120,112,81,3,3,0,1,2,2,273,211,62,5,london-link-017-b-arrival,true,507,163.6046425255339,673.4833333333333,431.53333333333336,538.7435004642525,937.45,1308.25,1781493.4754029047,1044101.1526974485,63.04844501352278,1.0165685536423046,1811010.2455342275,1805379.5484652687,1.0040662526637656,1.3415856305524652,6,0
profile,tfl-numbat-2019-midweek,pm-peak,5,11.966666666666667,1,3,off,free-flow,4,drop-offs,13,940GZZLUEUS,0,3900,3443,1800,1795,d94d85fd65c7879d,359,359,0,0,234,125,7.8,75,104,10.6,21,true,1643,52,127,114,81,3,2,0,1,2,2,286,228,58,5,940GZZLUWLO-01-arrival,true,796,196.48217270194985,910.2333333333333,441.3833333333333,580.4925255338904,966.6,1727.85,1805396.2051337832,1266893.021042595,58.76387515054016,1.0269765327572955,1854099.5349148284,1845219.2224273477,1.0036383832339009,1.1989728322400246,10,0
profile,tfl-numbat-2019-midweek,pm-peak,5,11.966666666666667,1,4,off,free-flow,4,drop-offs,6,940GZZLUEUS,0,3900,2927,1800,1795,dff5d7a77d8f4f4d,359,359,0,0,242,117,8.066666666666666,76,103,11.066666666666666,14,true,1127,53,126,114,78,2,3,0,0,2,2,278,224,51,5,london-link-022-a-departure,true,575,194.4020427112349,788.4833333333333,457.5833333333333,572.0132311977716,975.5833333333334,1363.6833333333334,1801037.0472912372,1157582.3050558944,60.87424006952562,1.0128164929148609,1824120.0257628933,1820036.0282450253,1.0016705156388885,1.1662387458253902,5,0
profile,tfl-numbat-2019-midweek,pm-peak,5,11.966666666666667,1,5,off,free-flow,4,drop-offs,7,940GZZLUEUS,0,3900,3085,1800,1795,6acd3d750d7bc82b,359,359,0,0,242,117,8.066666666666666,91,88,10.066666666666666,29,true,1285,49,120,113,83,2,2,0,1,2,2,232,185,46,5,london-link-020-a-departure,true,556,166.01810584958218,669.8333333333334,448.15,533.7564066852367,985.85,1309.3833333333334,1757575.8445948937,1029156.1102935392,63.069425873980705,1.010397232010424,1775849.768354202,1770361.3756585168,1.0031959793733498,1.3365866184906814,6,0
profile,tfl-numbat-2019-midweek,pm-peak,5,11.966666666666667,1,6,off,free-flow,4,drop-offs,6,940GZZLUEUS,0,3900,2924,1800,1795,099dc77e02fdbce5,359,359,0,0,240,119,8,89,90,10.066666666666666,29,true,1124,49,119,114,79,3,4,0,1,1,1,457,344,112,5,london-link-009-a-arrival,true,645,161.49744661095636,764.05,409.6,524.2160167130919,965.45,1488.9833333333333,1726976.644088096,1022750.0534054233,62.80539246545124,1.0121270111149259,1747919.708980796,1744887.2678335558,1.0014636637795755,1.1849977420388509,4,0
profile,tfl-numbat-2019-midweek,pm-peak,5,11.966666666666667,1,7,off,free-flow,4,drop-offs,8,940GZZLUEUS,0,3900,2963,1800,1795,b7bfc720dc0a2583,359,359,0,0,245,114,8.166666666666666,80,99,11,15,true,1163,53,119,112,76,4,3,0,1,2,2,352,290,54,5,940GZZLUTCR-01-arrival,true,535,174.76434540389974,754.6166666666667,447.65,544.1922005571031,932.7833333333333,1587.1333333333334,1763103.633550683,1073532.8173469675,62.15472670079913,1.0120062525318398,1784271.900941385,1780931.4359020088,1.0022656532428678,1.2412252123779053,4,0
profile,tfl-numbat-2019-midweek,pm-peak,5,11.966666666666667,1,8,off,free-flow,4,drop-offs,7,940GZZLUEUS,0,3900,2998,1800,1795,ce3c7c163ae1787d,359,359,0,0,245,114,8.166666666666666,84,95,10.733333333333333,19,true,1198,46,122,113,78,3,2,0,0,2,2,264,203,58,6,london-link-057-b-departure,true,521,162.30622098421543,763.1333333333333,418.01666666666665,542.0553853296193,919.5833333333334,1297.3666666666666,1803753.787294621,965096.7146398212,65.144498990987,1.0186483980142385,1837390.9057549566,1831867.4502856082,1.0021743476178138,1.14977944890438,5,0
profile,tfl-numbat-2019-midweek,pm-peak,5,11.966666666666667,1,9,off,free-flow,4,drop-offs,5,940GZZLUEUS,0,3900,2727,1800,1795,39047e28bb099854,359,359,0,0,255,104,8.5,74,105,12.066666666666666,-1,true,927,41,114,108,77,3,4,0,1,2,2,341,271,70,5,london-link-048-a-arrival,true,296,150.7295728876509,578.8333333333334,362.1166666666667,518.0529247910863,863.2333333333333,1178.4166666666667,1753914.8181727014,901315.0917721912,66.05510172974446,1.0119227877759072,1774826.372255047,1772105.6123647762,1.001156798532353,1.1590322573487752,3,0
profile,tfl-numbat-2019-midweek,pm-peak,5,11.966666666666667,1,10,off,free-flow,4,drop-offs,5,940GZZLUEUS,0,3900,2962,1800,1795,f32f98a0e6086be2,359,359,0,0,243,116,8.1,80,99,10.866666666666667,17,true,1162,50,119,112,78,3,2,0,1,2,2,390,312,74,5,london-link-048-a-departure,true,423,163.77349117920147,667.1833333333333,402.75,538.3809192200557,908.6,1416.8666666666666,1784373.807457639,1076135.9372105603,62.37957450708195,1.0133698763612184,1808230.664565329,1803978.7081732498,1.0019559021446687,1.1987194466489495,5,0
profile,tfl-numbat-2019-midweek,pm-peak,4.615385,13.033333333333333,1,4,off,free-flow,4,destination,1,940GZZLUEUS,0,3900,3643,1800,1798.6,e83a07eb448e6606,391,391,0,0,247,144,8.233333333333333,79,116,11.2,28,true,1843,73,147,114,79,2,3,0,1,2,2,421,328,93,5,london-link-017-a-departure,true,1243.4,259.2104433077579,1284.6333333333334,595.45,632.2925831202045,1120.8666666666666,1884.9833333333333,1958304.267498516,1411410.1396127131,58.11484389792311,1.0014701914444724,1961183.3495547625,1961183.3495547625,1,1,0,0
profile,tfl-numbat-2019-midweek,pm-peak,4.615385,13.033333333333333,1,5,off,free-flow,4,destination,3,940GZZLUEUS,0,3900,3268,1800,1798.6,1857caaa82c10356,391,391,0,0,252,139,8.4,94,101,10.533333333333333,38,true,1468,73,139,114,80,2,2,0,1,2,2,393,302,91,6,london-link-048-a-departure,true,707.4,224.09680306905372,986.6,501.2,592.6341005967604,1034.45,1566.2666666666667,1925548.763507936,1310080.7086897064,59.51079318733308,1.0064673082696984,1938001.8808341986,1938001.8808341986,1,1,0,0
profile,tfl-numbat-2019-midweek,pm-peak,4.615385,13.033333333333333,1,6,off,free-flow,4,destination,2,940GZZLUEUS,0,3900,3021,1800,1798.6,2c816b8f8c6a9482,391,391,0,0,262,129,8.733333333333333,94,101,11.2,28,true,1221,62,129,114,79,2,3,0,1,2,2,382,293,89,6,london-link-057-b-departure,true,798.4,186.10865302642796,852.6833333333333,504.7,550.0553708439897,1036.7333333333333,1525.15,1906540.5683701946,1125921.0038727315,62.87105451958105,1.0035439137970574,1913297.1836841572,1913297.1836841572,1,1,0,0
profile,tfl-numbat-2019-midweek,pm-peak,4.615385,13.033333333333333,1,7,off,free-flow,4,destination,5,940GZZLUEUS,0,3900,2947,1800,1798.6,abf892f62c53a514,391,391,0,0,256,135,8.533333333333333,79,116,11.8,19,true,1147,71,138,114,76,3,3,0,0,2,2,501,342,158,6,london-link-031-b-departure,true,617.4,220.91969309462917,878.95,562.9666666666667,586.958610400682,1038.2333333333333,1681.2333333333333,1907665.4315983744,1246453.449936322,60.48172257445678,1.0085792626969954,1924031.794362781,1924031.794362781,1,1,0,0
profile,tfl-numbat-2019-midweek,pm-peak,4.615385,13.033333333333333,1,8,off,free-flow,4,destination,1,940GZZLUEUS,0,3900,3239,1800,1798.6,42006cd7feab6d6b,391,391,0,0,250,141,8.333333333333334,90,105,10.666666666666666,36,true,1439,72,141,114,80,3,3,0,1,2,2,398,287,111,6,london-link-009-a-departure,true,857.4,225.51108269394715,946.8,557.65,604.0124467178175,1087.4166666666667,1481.0166666666667,1988808.6470755017,1280146.4609821083,60.83927681274393,1.0014730737960484,1991738.3088470444,1991738.3088470444,1,1,0,0
profile,tfl-numbat-2019-midweek,pm-peak,4.615385,13.033333333333333,1,9,off,free-flow,4,destination,3,940GZZLUEUS,0,3900,3128,1800,1798.6,937e09fad3e43d5c,391,391,0,0,262,129,8.733333333333333,78,117,12.266666666666667,12,true,1328,69,134,114,78,5,5,0,1,2,2,651,507,144,6,940GZZLUWLO-01-departure,true,707.4,224.30882352941177,836.1833333333333,548.3,594.0043904518329,1038.1666666666667,1458.0333333333333,1930591.224629728,1254973.0942911594,60.60437119925167,1.0045837543992286,1939440.5805323785,1939440.5805323785,1,1,0,0
profile,tfl-numbat-2019-midweek,pm-peak,4.615385,13.033333333333333,1,10,off,free-flow,4,destination,4,940GZZLUEUS,0,3900,3250,1800,1798.6,ff0ba0aac3c87eb6,391,391,0,0,251,140,8.366666666666667,83,112,11.2,28,true,1450,71,141,114,77,4,3,0,0,2,1,383,307,76,6,london-link-017-a-departure,true,764.4,228.84859335038362,1196.1666666666667,540.95,602.151747655584,1083.2333333333333,1805.3666666666666,1946046.714756189,1323407.3407042655,59.52206948759575,1.008154024563584,1961914.8273483408,1961914.8273483408,1,1,0,0
profile,tfl-numbat-2019-midweek,pm-peak,4.615385,13.033333333333333,1,1,off,free-flow,4,drop-offs,7,940GZZLUEUS,0,3900,3155,1800,1798.6,b844ac8346e1443b,391,391,0,0,271,120,9.033333333333333,86,109,12.333333333333334,11,true,1355,53,124,114,83,2,2,0,0,2,1,374,303,68,5,london-link-048-a-arrival,true,592.4,173.20652173913044,713.5333333333333,415.3666666666667,529.0183290707587,850.7666666666667,1402.3666666666666,1840553.0923067245,1160753.6851500494,61.32505700954567,1.013437084096366,1865284.758897457,1861877.0997676312,1.0013799827947918,1.222161899620633,4,0
profile,tfl-numbat-2019-midweek,pm-peak,4.615385,13.033333333333333,1,2,off,free-flow,4,drop-offs,19,940GZZLUEUS,0,3900,2873,1800,1798.6,a2527f46405d2d08,391,391,0,0,255,136,8.5,86,109,11.266666666666667,27,true,1073,56,138,114,82,3,3,0,1,2,1,401,331,70,5,london-link-017-a-arrival,true,828.4,210.01453537936914,832.1333333333333,555.7833333333333,588.9356351236147,1009.3666666666667,1264.0833333333333,1936906.619824941,1180662.1173749764,62.12875426652493,1.0294900513192642,1994026.0953224858,1983289.1212353783,1.005616340437578,1.3898640365974335,13,0
profile,tfl-numbat-2019-midweek,pm-peak,4.615385,13.033333333333333,1,3,off,free-flow,4,drop-offs,17,940GZZLUEUS,0,3900,3107,1800,1798.6,6deb7e792c26e583,391,391,0,0,241,150,8.033333333333333,80,115,10.733333333333333,35,true,1307,81,150,114,79,3,2,0,1,1,2,628,461,166,6,london-link-057-b-departure,true,697.4,263.72710997442454,825.2833333333333,637.25,647.8513213981245,1104.3166666666666,1425.3166666666666,1948864.585879587,1365691.3736769836,58.797154420054234,1.0345024055014735,2016105.1019631561,2004602.9476999117,1.0045119143971872,1.204230088181778,13,0
profile,tfl-numbat-2019-midweek,pm-peak,4.615385,13.033333333333333,1,4,off,free-flow,4,drop-offs,13,940GZZLUEUS,0,3900,3191,1800,1798.6,e83a07eb448e6606,391,391,0,0,248,143,8.266666666666667,82,113,11.066666666666666,30,true,1391,72,145,114,77,3,3,0,0,2,2,453,367,86,5,london-link-009-a-arrival,true,831.4,242.20404944586528,996.3833333333333,574.8,617.538746803069,1057.0166666666667,1551.1166666666666,1930277.2717962025,1329476.1515932349,59.215438135475054,1.0206791763368317,1970193.8157591757,1961183.3495547625,1.004467262676663,1.343012033861975,10,0
profile,tfl-numbat-2019-midweek,pm-peak,4.615385,13.033333333333333,1,5,off,free-flow,4,drop-offs,10,940GZZLUEUS,0,3900,3076,1800,1798.6,1857caaa82c10356,391,391,0,0,250,141,8.333333333333334,94,101,10.4,40,true,1276,71,142,114,80,2,2,0,1,2,1,524,418,106,6,london-link-048-a-departure,true,838.4,222.41202046035806,930.3,523.35,592.771568627451,1033.9833333333333,1422.2,1911027.6514491432,1265501.647219137,60.16086967150964,1.0184647944727232,1946314.384151456,1939501.8808341986,1.0027710917954156,1.2708484830265971,9,0
profile,tfl-numbat-2019-midweek,pm-peak,4.615385,13.033333333333333,1,6,off,free-flow,4,drop-offs,8,940GZZLUEUS,0,3900,2958,1800,1798.6,2c816b8f8c6a9482,391,391,0,0,267,124,8.9,95,100,11.466666666666667,24,true,1158,56,130,114,79,3,4,0,1,1,2,274,211,63,6,london-link-057-b-departure,true,553.4,173.60890878090368,834.2666666666667,467.7,538.1448849104859,970.65,1459.1666666666667,1885892.4684293827,1103062.2242463925,63.09538492004013,1.0166123558718554,1917221.5851443114,1913297.1836841572,1.001395141682294,1.1412329664575935,5,0
profile,tfl-numbat-2019-midweek,pm-peak,4.615385,13.033333333333333,1,7,off,free-flow,4,drop-offs,10,940GZZLUEUS,0,3900,2977,1800,1798.6,abf892f62c53a514,391,391,0,0,254,137,8.466666666666667,79,116,11.666666666666666,21,true,1177,67,140,114,73,4,3,0,2,2,2,681,510,170,6,london-link-031-b-departure,true,647.4,220.68107416879795,866.2333333333333,536.7333333333333,588.3679454390452,1013.2166666666667,1395,1899552.6743278573,1265866.9948665476,60.009504989627196,1.0157703429206373,1929509.271288027,1922756.7943627816,1.0034169530140997,1.2643811051439415,8,0
profile,tfl-numbat-2019-midweek,pm-peak,4.615385,13.033333333333333,1,8,off,free-flow,4,drop-offs,14,940GZZLUEUS,0,3900,3029,1800,1798.6,42006cd7feab6d6b,391,391,0,0,250,141,8.333333333333334,90,105,10.666666666666666,36,true,1229,62,141,114,83,4,2,0,1,2,2,434,325,109,5,london-link-009-a-departure,true,611.4,200.28618925831202,755.4,506.18333333333334,580.8306479113385,1008.8,1464.7166666666667,1943840.6975678199,1174488.063381738,62.33597694734098,1.0287977947994553,1999819.0229764387,1990463.308847044,1.004213905413771,1.2522934939459551,12,0
profile,tfl-numbat-2019-midweek,pm-peak,4.615385,13.033333333333333,1,9,off,free-flow,4,drop-offs,10,940GZZLUEUS,0,3900,3064,1800,1798.6,937e09fad3e43d5c,391,391,0,0,262,129,8.733333333333333,78,117,12.266666666666667,12,true,1264,64,132,114,75,2,6,0,1,2,2,325,261,63,5,london-link-057-a-arrival,true,609.4,210.93947144075022,798.4666666666667,521.9833333333333,581.186231884058,1026.25,1410.9333333333334,1913591.963969439,1253991.776061719,60.41172455161725,1.0169032365944506,1945937.8615681147,1940340.5805323787,1.002635845487278,1.247117636481682,7,0
profile,tfl-numbat-2019-midweek,pm-peak,4.615385,13.033333333333333,1,10,off,free-flow,4,drop-offs,12,940GZZLUEUS,0,3900,3120,1800,1798.6,ff0ba0aac3c87eb6,391,391,0,0,258,133,8.6,83,112,11.666666666666666,21,true,1320,60,140,114,77,4,3,0,0,2,1,350,274,76,5,london-link-048-a-arrival,true,821.4,201.58849104859334,912.5,510.46666666666664,576.617220801364,969.8833333333333,1758.35,1916283.3796708304,1232487.225296266,60.85814497403995,1.0281061150038615,1970142.6606038492,1963864.827348341,1.0023065511193698,1.1565352358380068,8,0
profile,tfl-numbat-2019-midweek,pm-peak,4.2857140000000005,14,1,4,off,free-flow,4,destination,6,940GZZLUEUS,0,3900,3235,1800,1799,40c3401bbd71d7c4,420,420,0,0,260,160,8.666666666666666,86,124,11.6,36,true,1435,88,162,114,78,2,3,0,1,2,2,394,309,84,5,london-link-048-a-arrival,true,743,279.0496428571429,985.0833333333334,675.5,651.683253968254,1154.85,1777.8166666666666,2087647.4176971072,1421246.8645385774,59.495876757135214,1.0085053140926181,2105403.5145407463,2105403.5145407463,1,1,0,0
profile,tfl-numbat-2019-midweek,pm-peak,4.2857140000000005,14,1,5,off,free-flow,4,destination,6,940GZZLUEUS,0,3900,3285,1800,1799,3d12518434b04325,420,420,0,0,259,161,8.633333333333333,95,115,10.933333333333334,46,true,1485,98,161,114,78,3,3,0,0,2,2,539,425,114,5,london-link-046-a-arrival,true,907,274.3271031746032,921.4833333333333,621.3,643.5545634920635,1104.2,1636.1833333333334,2057933.6285139944,1410515.4505255183,59.33296357010033,1.0116519925622618,2081912.6556960728,2081912.6556960728,1,1,0,0
profile,tfl-numbat-2019-midweek,pm-peak,4.2857140000000005,14,1,6,off,free-flow,4,destination,5,940GZZLUEUS,0,3900,3137,1800,1799,d7bb1b7bde26d094,420,420,0,0,270,150,9,99,111,11.4,39,true,1337,89,150,114,77,3,3,0,1,2,2,427,333,93,6,london-link-048-a-arrival,true,766,244.7895238095238,863.3833333333333,618.8666666666667,609.0474603174603,1156.9666666666667,1575.3166666666666,2038726.1354710162,1385169.109146585,59.544056982348245,1.0077669837502954,2054560.8880912296,2054560.8880912296,1,1,0,0
profile,tfl-numbat-2019-midweek,pm-peak,4.2857140000000005,14,1,7,off,free-flow,4,destination,15,940GZZLUEUS,0,3900,3259,1800,1799,5a11a4c11dfbde93,420,420,0,0,263,157,8.766666666666667,84,126,11.933333333333334,31,true,1459,81,157,114,79,3,3,0,1,2,2,492,357,133,6,london-link-048-a-departure,true,736,242.64333333333335,832.2666666666667,557.2833333333333,612.8007936507937,1040.9333333333334,1478.1666666666667,2046238.6687218698,1293569.361718477,61.268152243231704,1.0216622161743854,2090564.7329584803,2090564.7329584803,1,1,0,0
profile,tfl-numbat-2019-midweek,pm-peak,4.2857140000000005,14,1,8,off,free-flow,4,destination,8,940GZZLUEUS,0,3900,2901,1800,1799,887c2aa66a1caa90,420,420,0,0,263,157,8.766666666666667,97,113,11.066666666666666,44,true,1101,83,159,114,78,3,2,0,1,2,1,505,413,91,5,london-link-048-a-arrival,true,883,249.14805555555554,972.0166666666667,622.2166666666667,625.5387301587301,1031.85,1366.85,2096308.7514876216,1198425.8510120052,63.62602772002359,1.0130766578258759,2123721.4635676383,2123721.4635676383,1,1,0,0
profile,tfl-numbat-2019-midweek,pm-peak,4.2857140000000005,14,1,9,off,free-flow,4,destination,7,940GZZLUEUS,0,3900,3144,1800,1799,920e1fa7223d3e7a,420,420,0,0,265,155,8.833333333333334,89,121,11.733333333333333,34,true,1344,93,157,114,79,3,5,1,1,1,2,483,375,102,6,london-link-081-a-arrival,true,733,270.09829365079366,858.0333333333333,610.6833333333333,641.5385317460318,1089.1833333333334,1511.8,2077419.7786672926,1389464.9999278404,59.92180044440688,1.0102228917183529,2098657.01596151,2098657.01596151,1,1,0,0
profile,tfl-numbat-2019-midweek,pm-peak,4.2857140000000005,14,1,10,off,free-flow,4,destination,8,940GZZLUEUS,0,3900,3072,1800,1799,dd5b23e288149103,420,420,0,0,257,163,8.566666666666666,84,126,11.533333333333333,37,true,1272,93,165,114,75,3,3,0,0,2,2,422,339,83,6,london-link-048-a-departure,true,763,271.3276984126984,992.5666666666667,653.5666666666667,641.1301984126984,1106.0833333333333,1780.3333333333333,2056698.1331830393,1394967.9380525106,59.58566358207498,1.0161199019474991,2089851.905274297,2089851.905274297,1,1,0,0
profile,tfl-numbat-2019-midweek,pm-peak,4.2857140000000005,14,1,1,off,free-flow,4,drop-offs,17,940GZZLUEUS,0,3900,3106,1800,1799,f409929b4fc11402,420,420,0,0,271,149,9.033333333333333,89,121,12.133333333333333,28,true,1306,81,149,114,74,4,2,0,0,2,2,515,360,155,6,london-link-084-a-departure,true,740,226.72706349206348,1120.5666666666666,542.8333333333334,584.0471428571428,988.9,1687.4333333333334,1946250.6488891884,1346996.601447942,59.098224364719364,1.0352736733284758,2014902.0583680267,2007384.756435736,1.0039906539746382,1.2960913444515874,9,0
profile,tfl-numbat-2019-midweek,pm-peak,4.2857140000000005,14,1,2,off,free-flow,4,drop-offs,27,940GZZLUEUS,0,3900,3368,1800,1799,d94723ccd810e119,420,420,0,0,274,146,9.133333333333333,90,120,12.266666666666667,26,true,1568,74,152,114,83,3,3,0,1,2,2,455,367,87,5,940GZZLUVIC-01-arrival,true,852,239.90682539682538,877.3833333333333,605.05,620.5462301587302,1109.8333333333333,1577.2333333333333,2042061.0039726198,1368060.8875071718,59.88234640746187,1.050982492212426,2146170.3630510787,2130407.0642887875,1.0077041339879211,1.3415856305524652,18,0
profile,tfl-numbat-2019-midweek,pm-peak,4.2857140000000005,14,1,3,off,free-flow,4,drop-offs,25,940GZZLUEUS,0,3900,3280,1800,1799,353b1b896f065073,420,420,0,0,250,170,8.333333333333334,81,129,11.266666666666667,41,true,1480,87,172,114,79,2,2,0,0,2,1,455,363,92,5,940GZZLUKSX-01-arrival,true,963,286.273253968254,1056.7,673.5666666666667,668.5989682539682,1116.4666666666667,1549.0666666666666,2064972.059937928,1428626.5993960241,59.10730628490712,1.0467209787308211,2161449.5754711702,2145574.063792848,1.0064169426633205,1.247117636481682,18,0
profile,tfl-numbat-2019-midweek,pm-peak,4.2857140000000005,14,1,4,off,free-flow,4,drop-offs,22,940GZZLUEUS,0,3900,3191,1800,1799,40c3401bbd71d7c4,420,420,0,0,261,159,8.7,86,124,11.666666666666666,35,true,1391,82,160,114,77,3,3,0,1,2,2,436,343,93,5,london-link-020-a-departure,true,786,262.3247619047619,948.5166666666667,612.3833333333333,637.9718253968255,1085.65,1554.2166666666667,2045340.2699783908,1379015.4293748029,59.72920016354384,1.0364614575570599,2119916.357270675,2107878.514540747,1.0052834755718087,1.2791415903177243,15,0
profile,tfl-numbat-2019-midweek,pm-peak,4.2857140000000005,14,1,5,off,free-flow,4,drop-offs,25,940GZZLUEUS,0,3900,3354,1800,1799,3d12518434b04325,420,420,0,0,266,154,8.866666666666667,95,115,11.4,39,true,1554,82,157,114,78,3,3,1,0,2,2,542,438,104,5,london-link-017-a-arrival,true,958,239.78460317460318,1052.1666666666667,601.5666666666667,611.7405555555555,1104.2,1639.6833333333334,1992907.684949719,1362537.7386460404,59.39323795688743,1.051480590417702,2095503.7490797732,2079512.655696073,1.006452265276839,1.3075797660653896,19,0
profile,tfl-numbat-2019-midweek,pm-peak,4.2857140000000005,14,1,6,off,free-flow,4,drop-offs,20,940GZZLUEUS,0,3900,2907,1800,1799,d7bb1b7bde26d094,420,420,0,0,275,145,9.166666666666666,100,110,11.666666666666666,35,true,1107,73,146,114,81,2,4,0,1,1,1,403,326,76,5,london-link-022-a-departure,true,730,202.06190476190477,935.1,544.8666666666667,568.4071031746032,995.7,1530.9666666666667,1994821.4426046002,1195271.790954406,62.53175993790912,1.035338656888556,2065315.752980832,2053735.8880912298,1.004769700480194,1.2451043323563589,13,0
profile,tfl-numbat-2019-midweek,pm-peak,4.2857140000000005,14,1,7,off,free-flow,4,drop-offs,20,940GZZLUEUS,0,3900,3475,1800,1799,5a11a4c11dfbde93,420,420,0,0,267,153,8.9,84,126,12.2,27,true,1675,75,153,114,79,4,2,0,1,2,2,520,370,148,6,london-link-031-b-departure,true,731,230.90130952380954,814.3166666666667,549.1,602.2037301587302,1030.1,1683.8166666666666,2025697.047959591,1363183.0540028224,59.774821976928656,1.0347135035354778,2096016.0894502234,2089664.7329584805,1.003020109560138,1.2490728821261432,8,0
profile,tfl-numbat-2019-midweek,pm-peak,4.2857140000000005,14,1,8,off,free-flow,4,drop-offs,20,940GZZLUEUS,0,3900,3349,1800,1799,887c2aa66a1caa90,420,420,0,0,268,152,8.933333333333334,99,111,11.266666666666667,41,true,1549,73,153,114,79,4,3,0,1,2,2,659,532,127,5,london-link-024-a-arrival,true,872,222.96535714285713,883.8833333333333,552.2833333333333,602.5325,1042.2333333333333,1562.4666666666667,2071109.7523003998,1254130.1586278775,62.28452105045939,1.033705746700848,2140918.0528438147,2127771.4635676383,1.0048389333957777,1.2096375155303596,16,0
profile,tfl-numbat-2019-midweek,pm-peak,4.2857140000000005,14,1,9,off,free-flow,4,drop-offs,24,940GZZLUEUS,0,3900,3076,1800,1799,920e1fa7223d3e7a,420,420,0,0,278,142,9.266666666666667,90,120,12.533333333333333,22,true,1276,75,147,114,82,4,4,1,1,2,2,402,334,66,5,940GZZLUWLO-01-arrival,true,527,227.6993253968254,826.75,564.75,600.4406349206349,1054.0666666666666,1588.9166666666667,2025423.5396348697,1274928.267165132,61.36992836526438,1.0397907383940694,2106016.637690739,2095582.0159615104,1.0051910436430267,1.3092587288541757,13,0
profile,tfl-numbat-2019-midweek,pm-peak,4.2857140000000005,14,1,10,off,free-flow,4,drop-offs,25,940GZZLUEUS,0,3900,3244,1800,1799,dd5b23e288149103,420,420,0,0,266,154,8.866666666666667,86,124,12,30,true,1444,81,161,114,75,3,3,1,0,2,2,350,273,70,6,london-link-020-a-departure,true,577,237.32623015873017,1043.3333333333333,587.1333333333333,610.2175396825397,1094.3666666666666,1844.4833333333333,2010269.08747582,1357286.1156235156,59.69520813276246,1.046254862262378,2103253.8070841962,2088051.905274297,1.007613644981301,1.3220252570892248,18,0
profile,tfl-numbat-2019-midweek,pm-peak,4,14.966666666666667,1,4,off,free-flow,4,destination,8,940GZZLUEUS,0,3900,3437,1800,1796,df34e202ea3552ef,449,449,0,0,254,195,8.466666666666667,86,138,11.2,57,true,1637,123,197,114,75,4,2,0,1,2,2,459,345,114,5,940GZZLUBNK-01-arrival,true,863,366.93745360059387,1047.4166666666667,809.4833333333333,738.0205270972532,1299.7,1787.45,2213857.8113287413,1620024.2635169344,57.74454633996157,1.0128456626790707,2242296.281800239,2242296.281800239,1,1,0,0
profile,tfl-numbat-2019-midweek,pm-peak,4,14.966666666666667,1,5,off,free-flow,4,destination,11,940GZZLUEUS,0,3900,3402,1800,1796,7c44d9b663a16fe4,449,449,0,0,257,192,8.566666666666666,97,127,10.666666666666666,65,true,1602,125,192,114,76,3,2,0,0,2,2,400,315,85,5,london-link-048-a-arrival,true,1047,344.8548255382331,1250.4,759.9333333333333,715.0082776540461,1217.0166666666667,1755.25,2192130.002231885,1574204.1601412874,58.2032795743918,1.020187506753967,2236383.6412689155,2236383.6412689155,1,1,0,0
profile,tfl-numbat-2019-midweek,pm-peak,4,14.966666666666667,1,6,off,free-flow,4,destination,8,940GZZLUEUS,0,3900,3097,1800,1796,26d3c9604d8ad37e,449,449,0,0,284,165,9.466666666666667,104,120,12,45,true,1297,89,167,114,80,3,4,0,1,1,2,486,397,89,6,london-link-046-a-arrival,true,837,254.3070527097253,983.7666666666667,620.4333333333333,619.5764662212323,1179.3166666666666,1562.1,2174070.630848934,1311119.4200323746,62.380260448039884,1.0128736592692669,2202058.8751959046,2202058.8751959046,1,1,0,0
profile,tfl-numbat-2019-midweek,pm-peak,4,14.966666666666667,1,7,off,free-flow,4,destination,17,940GZZLUEUS,0,3900,3685,1800,1796,4bb2d4f6b47bb80b,449,449,0,0,267,182,8.9,89,135,11.866666666666667,47,true,1885,107,183,114,74,3,4,0,1,2,2,398,314,84,5,london-link-046-a-departure,true,1130,311.1288047512992,1173.2333333333333,704.8666666666667,688.1695248700817,1215.4833333333333,1988.8666666666666,2215798.685015223,1565322.9514728659,58.60162401633976,1.028181349789063,2278242.882623989,2278242.882623989,1,1,0,0
profile,tfl-numbat-2019-midweek,pm-peak,4,14.966666666666667,1,8,off,free-flow,4,destination,11,940GZZLUEUS,0,3900,3395,1800,1796,e9811c75b4962a1c,449,449,0,0,267,182,8.9,97,127,11.333333333333334,55,true,1595,113,183,114,77,3,2,0,1,2,1,434,341,91,6,london-link-087-a-arrival,true,1135,324.01933927245733,1158.9666666666667,762.8833333333333,700.5618782479584,1243.55,1704.5,2233172.3761298982,1467696.8029817573,60.341835067672974,1.0200258970949077,2277893.656130329,2277893.656130329,1,1,0,0
profile,tfl-numbat-2019-midweek,pm-peak,4,14.966666666666667,1,9,off,free-flow,4,destination,16,940GZZLUEUS,0,3900,3258,1800,1796,87b04fdb7cbba778,449,449,0,0,263,186,8.766666666666667,93,131,11.333333333333334,55,true,1458,118,188,114,75,3,5,0,1,2,2,656,513,142,6,london-link-088-a-departure,true,1015,326.7806607275427,1150.6166666666666,696.45,696.3701187824796,1218.8833333333334,1686.9,2177999.9632672337,1523755.539556526,58.83694808060174,1.0221920149836152,2226334.170902025,2226334.170902025,1,1,0,0
profile,tfl-numbat-2019-midweek,pm-peak,4,14.966666666666667,1,10,off,free-flow,4,destination,17,940GZZLUEUS,0,3900,3656,1800,1796,16766d6dec059b10,449,449,0,0,256,193,8.533333333333333,86,138,11.333333333333334,55,true,1856,123,195,114,75,2,3,0,0,2,1,472,344,128,6,london-link-048-a-departure,true,1122,337.36759465478843,1177.8166666666666,738.05,705.8183741648107,1226,1915.4,2162456.7244472886,1598847.66344046,57.492202210777954,1.0279595988221646,2222918.146751752,2222918.146751752,1,1,0,0
profile,tfl-numbat-2019-midweek,pm-peak,4,14.966666666666667,1,1,off,free-flow,4,drop-offs,28,940GZZLUEUS,0,3900,3707,1800,1796,a8eb787e9f460846,449,449,0,0,290,159,9.666666666666666,95,129,13,30,true,1907,89,161,114,76,4,4,0,1,2,1,496,389,106,6,london-link-013-a-arrival,true,1132,257.31373422420194,1171.2166666666667,602.2833333333333,620.1355605048254,1041.5666666666666,1950.4,2074105.652440655,1550313.2613598371,57.22588094172011,1.0530784278306171,2184195.9194645435,2166288.6833584313,1.0062316802228333,1.2191429910037301,20,0
profile,tfl-numbat-2019-midweek,pm-peak,4,14.966666666666667,1,2,off,free-flow,4,drop-offs,41,940GZZLUEUS,0,3900,3611,1800,1796,58fb90118990c167,449,449,0,0,280,169,9.333333333333334,93,131,12.466666666666667,38,true,1811,91,169,114,78,4,3,0,1,2,2,596,488,108,5,940GZZLUWLO-01-arrival,true,1103,281.0653303637713,1226.1333333333334,625.0833333333334,661.0837416481069,1186.9833333333333,1938.35,2122751.543699464,1447370.8758362944,59.45878864219722,1.079602800741144,2291728.5116754863,2264424.2382068904,1.0111432681330264,1.3669295705021718,30,0
profile,tfl-numbat-2019-midweek,pm-peak,4,14.966666666666667,1,3,off,free-flow,4,drop-offs,38,940GZZLUEUS,0,3900,3339,1800,1796,a145bdb7ecc3531e,449,449,0,0,258,191,8.6,83,141,11.666666666666666,50,true,1539,113,193,114,76,3,2,0,0,2,1,563,417,146,6,940GZZLUKSX-exit,true,1132,354.88370452858203,1151.35,814.15,739.3689309576838,1261.85,1722.6166666666666,2178171.2331645912,1572706.0658357248,58.070980720833425,1.0644596560663637,2318575.4015152096,2292860.3164760624,1.0107750185734679,1.3501244192534152,28,0
profile,tfl-numbat-2019-midweek,pm-peak,4,14.966666666666667,1,4,off,free-flow,4,drop-offs,41,940GZZLUEUS,0,3900,3255,1800,1796,df34e202ea3552ef,449,449,0,0,267,182,8.9,87,137,12,45,true,1455,102,184,114,75,2,2,0,1,2,2,497,396,99,6,london-link-120-a-departure,true,936,309.77661469933184,1164.8,698.9333333333333,686.4325538233111,1230.7166666666667,1723.4,2114423.4975511436,1481635.5236489829,58.798353561101706,1.0749019115566207,2272797.859181745,2243496.281800239,1.0109759672782377,1.2893522431628783,29,0
profile,tfl-numbat-2019-midweek,pm-peak,4,14.966666666666667,1,5,off,free-flow,4,drop-offs,38,940GZZLUEUS,0,3900,3317,1800,1796,7c44d9b663a16fe4,449,449,0,0,270,179,9,97,127,11.533333333333333,52,true,1517,109,181,114,79,3,3,0,0,2,2,455,350,105,5,940GZZLUVIC-diverge,true,787,298.8214922048998,1142.25,705.2166666666667,673.3309948032664,1216.4666666666667,1768.3,2119940.452964743,1479970.4429581624,58.88869236640525,1.0650306548624011,2257801.5687140264,2235633.641268916,1.0083635755357838,1.278004262870802,26,0
profile,tfl-numbat-2019-midweek,pm-peak,4,14.966666666666667,1,6,off,free-flow,4,drop-offs,27,940GZZLUEUS,0,3900,3085,1800,1796,26d3c9604d8ad37e,449,449,0,0,286,163,9.533333333333333,103,121,12.2,42,true,1285,87,164,114,74,2,3,0,1,2,1,380,300,80,5,london-link-010-a-arrival,true,834,237.66829992576095,881.7666666666667,590.9333333333333,605.8521529324424,1149.3333333333333,1589.0666666666666,2118958.2404422113,1325009.4382513494,61.526658730026746,1.047282499269872,2219147.8817255585,2202658.8751959046,1.006979043718693,1.268736214532933,19,0
profile,tfl-numbat-2019-midweek,pm-peak,4,14.966666666666667,1,7,off,free-flow,4,drop-offs,34,940GZZLUEUS,0,3900,3505,1800,1796,4bb2d4f6b47bb80b,449,449,0,0,280,169,9.333333333333334,90,134,12.666666666666666,35,true,1705,93,170,114,77,3,4,0,1,2,1,586,449,136,5,london-link-017-a-departure,true,773,277.83756495916856,955.2333333333333,654.8666666666667,657.3425018559763,1141.2666666666667,1808.3666666666666,2177560.423446318,1487623.0999485278,59.41204334099404,1.0515821448087772,2289883.6603486305,2277192.882623989,1.0053222437079212,1.2837253572526235,16,0
profile,tfl-numbat-2019-midweek,pm-peak,4,14.966666666666667,1,8,off,free-flow,4,drop-offs,38,940GZZLUEUS,0,3900,3272,1800,1796,e9811c75b4962a1c,449,449,0,0,281,168,9.366666666666667,98,126,12.2,42,true,1472,87,172,114,77,4,2,0,0,1,2,488,388,99,6,london-link-048-a-departure,true,969,262.33325909428356,1072.3,630.1833333333333,643.4104677060134,1139.8,1531.35,2147462.7919195537,1343646.6250428993,61.51233133758436,1.0713975388245793,2300786.3497952144,2276543.6561303283,1.0092691638896403,1.337353058555123,29,0
profile,tfl-numbat-2019-midweek,pm-peak,4,14.966666666666667,1,9,off,free-flow,4,drop-offs,36,940GZZLUEUS,0,3900,2985,1800,1796,87b04fdb7cbba778,449,449,0,0,269,180,8.966666666666667,93,131,11.733333333333333,49,true,1185,97,180,114,76,3,5,0,1,2,1,513,373,139,6,london-link-088-a-departure,true,992,283.68849294729023,1081.7166666666667,688.1833333333333,655.6149962880476,1139.8333333333333,1639.4166666666667,2109889.799087074,1339246.9627051626,61.171532032575456,1.063028208393732,2242872.3728581504,2227684.170902026,1.0055281487004954,1.2285948935939228,18,0
profile,tfl-numbat-2019-midweek,pm-peak,4,14.966666666666667,1,10,off,free-flow,4,drop-offs,40,940GZZLUEUS,0,3900,3209,1800,1796,16766d6dec059b10,449,449,0,0,268,181,8.933333333333334,87,137,12.066666666666666,44,true,1409,104,182,114,77,3,3,0,0,2,2,459,371,84,5,london-link-020-a-departure,true,894,287.91659242761693,957.6166666666667,677.65,659.9309576837417,1163.3666666666666,1868.9166666666667,2094910.4215714985,1432362.4555693676,59.391787778823314,1.0708709208275269,2243378.652028908,2221943.146751752,1.0088218315041044,1.4138907185397005,24,0
profile,tfl-numbat-2019-midweek,evening,4.2857140000000005,14,1,4,off,free-flow,4,destination,10,940GZZLUEUS,0,3900,3326,1800,1799,f5183f8950231198,420,420,0,0,225,195,7.5,76,134,9.933333333333334,61,true,1526,139,195,114,76,3,4,0,0,2,2,475,366,109,5,940GZZLUBNK-merge,true,1014,419.6243650793651,1108.5333333333333,922.6166666666667,831.0873015873017,1384.8666666666666,1826.8666666666666,2290515.722226405,1587753.5990725898,59.06025426463202,1.0183680394215129,2332588.0050941086,2332588.0050941086,1,1,0,0
profile,tfl-numbat-2019-midweek,evening,4.2857140000000005,14,1,5,off,free-flow,4,destination,15,940GZZLUEUS,0,3900,3360,1800,1799,c21abd67af86c91c,420,420,0,0,236,184,7.866666666666666,75,135,10.733333333333333,49,true,1560,113,184,114,73,4,4,0,0,2,2,453,350,103,6,london-link-046-a-departure,true,1014,358.7994841269841,1105.3333333333333,747.3333333333334,736.4169047619047,1211.5166666666667,1765.7333333333333,2084118.6514293312,1558707.3340341435,57.21158956661417,1.0246206787035155,2135431.066966457,2135431.066966457,1,1,0,0
profile,tfl-numbat-2019-midweek,evening,4.2857140000000005,14,1,6,off,free-flow,4,destination,8,940GZZLUEUS,0,3900,3598,1800,1799,e1c7ebdba8c5aabd,420,420,0,0,241,179,8.033333333333333,83,127,10.533333333333333,52,true,1798,108,179,114,75,3,5,1,1,2,2,477,392,84,5,london-link-046-a-arrival,true,1097,339.9065873015873,1405,741.9333333333333,730.306746031746,1188.85,2107.133333333333,2179251.0514296293,1545878.8047190192,58.501344532529174,1.0143222948922883,2210462.9274490857,2210462.9274490857,1,1,0,0
profile,tfl-numbat-2019-midweek,evening,4.2857140000000005,14,1,7,off,free-flow,4,destination,6,940GZZLUEUS,0,3900,3663,1800,1799,249d692ec07713ba,420,420,0,0,245,175,8.166666666666666,74,136,11.4,39,true,1863,108,176,114,81,3,5,0,1,1,2,309,245,64,5,london-link-048-a-arrival,true,1127,345.42579365079365,1143.25,780.5166666666667,740.1683333333334,1205.7666666666667,1880.3833333333334,2212522.6441927343,1625302.7176935924,57.650425320688875,1.011428415351376,2237808.271752341,2237808.271752341,1,1,0,0
profile,tfl-numbat-2019-midweek,evening,4.2857140000000005,14,1,8,off,free-flow,4,destination,8,940GZZLUEUS,0,3900,3262,1800,1799,eb6b7e9ca7253a22,420,420,0,0,240,180,8,81,129,10.6,51,true,1462,114,183,114,77,3,3,0,0,2,1,637,507,130,6,london-link-044-a-departure,true,1048,337.4260714285714,1059.9666666666667,761.4833333333333,731.7746031746032,1298.0166666666667,1579.4333333333334,2195417.604362325,1432015.449993594,60.52262223629485,1.0140267284161586,2226212.1306711785,2226212.1306711785,1,1,0,0
profile,tfl-numbat-2019-midweek,evening,4.2857140000000005,14,1,9,off,free-flow,4,destination,11,940GZZLUEUS,0,3900,3347,1800,1799,03923fc6064a64dd,420,420,0,0,258,162,8.6,83,127,11.666666666666666,35,true,1547,93,164,114,78,4,4,0,1,1,2,539,424,112,5,940GZZLUWLO-01-arrival,true,766,282.27960317460315,963.9666666666667,662.5333333333333,671.9573412698412,1185.1666666666667,1607.1666666666667,2155383.544126497,1458799.5656856936,59.63681082662413,1.0216548078785581,2202057.9605005854,2202057.9605005854,1,1,0,0
profile,tfl-numbat-2019-midweek,evening,4.2857140000000005,14,1,10,off,free-flow,4,destination,9,940GZZLUEUS,0,3900,3378,1800,1799,acb07f20133f1461,420,420,0,0,258,162,8.6,82,128,11.733333333333333,34,true,1578,96,164,114,78,4,3,0,0,1,2,641,484,153,7,london-link-020-a-departure,true,897,296.2634126984127,943.4333333333333,630.0833333333334,681.5919841269842,1179.9333333333334,1822.8333333333333,2142305.890486972,1525955.6386426464,58.40112198857546,1.0161004188356033,2176797.9124233034,2176797.9124233034,1,1,0,0
profile,tfl-numbat-2019-midweek,evening,4.2857140000000005,14,1,1,off,free-flow,4,drop-offs,35,940GZZLUEUS,0,3900,3292,1800,1799,e5a5471b5e211a7c,420,420,0,0,249,171,8.3,80,130,11.266666666666667,41,true,1492,95,173,114,78,3,4,0,1,1,2,477,374,101,5,940GZZLUHAI-diverge,true,1033,316.7713095238095,1173.7833333333333,708.3833333333333,719.5317857142857,1189.5833333333333,1818.5166666666667,2115650.755911514,1490810.0201105233,58.66279677787313,1.0761791594088146,2276819.2519215797,2252180.9448514846,1.0088473466707621,1.3545836091055683,26,0
profile,tfl-numbat-2019-midweek,evening,4.2857140000000005,14,1,2,off,free-flow,4,drop-offs,32,940GZZLUEUS,0,3900,3576,1800,1799,3cfb7a1e8de1cdca,420,420,0,0,245,175,8.166666666666666,81,129,10.933333333333334,46,true,1776,107,175,114,82,3,5,1,1,2,2,452,355,85,5,london-link-009-a-arrival,true,1191,306.4192063492064,1202.8666666666666,715.6666666666666,715.0569841269842,1219.75,1789.1666666666667,2167928.931680128,1483197.941789068,59.376981595280036,1.0662178459780483,2311484.515579868,2289229.61707813,1.0086296538063368,1.2608079986434975,24,0
profile,tfl-numbat-2019-midweek,evening,4.2857140000000005,14,1,3,off,free-flow,4,drop-offs,24,940GZZLUEUS,0,3900,3234,1800,1799,8d1eb005ae7b2be2,420,420,0,0,259,161,8.633333333333333,84,126,11.666666666666666,35,true,1434,90,167,114,76,4,3,0,0,2,2,602,486,113,5,london-link-020-a-departure,true,766,275.8415873015873,989.4833333333333,646.3166666666667,660.1526190476189,1142.2833333333333,1510.1166666666666,2077740.1299316278,1466643.2409889153,58.62063756923675,1.0443280270954207,2169842.2505462184,2156003.807128211,1.0059318295837025,1.36281384055888,17,0
profile,tfl-numbat-2019-midweek,evening,4.2857140000000005,14,1,4,off,free-flow,4,drop-offs,39,940GZZLUEUS,0,3900,3219,1800,1799,f5183f8950231198,420,420,0,0,231,189,7.7,76,134,10.333333333333334,55,true,1419,116,189,114,73,3,5,0,0,2,1,495,393,102,5,940GZZLUOXC-01-arrival,true,1022,365.1595238095238,1109.5166666666667,835.5666666666667,781.300873015873,1325.5666666666666,1767.3,2216722.6451595398,1504085.541216108,59.57637518849897,1.0630762562188167,2356545.210489031,2330863.0050941086,1.0105172529657906,1.3150732875089262,31,0
profile,tfl-numbat-2019-midweek,evening,4.2857140000000005,14,1,5,off,free-flow,4,drop-offs,30,940GZZLUEUS,0,3900,3145,1800,1799,c21abd67af86c91c,420,420,0,0,249,171,8.3,76,134,11.533333333333333,37,true,1345,101,172,114,73,3,3,0,0,2,2,446,330,114,6,london-link-074-a-departure,true,1010,323.23936507936503,1150.8,680.0666666666667,704.0693650793652,1165.5,1862.4666666666667,2046603.6957237327,1524260.8715858657,57.313954566070485,1.0515250685036794,2152055.0911911903,2135206.0669664564,1.006930404732386,1.2389274847387528,19,0
profile,tfl-numbat-2019-midweek,evening,4.2857140000000005,14,1,6,off,free-flow,4,drop-offs,33,940GZZLUEUS,0,3900,3615,1800,1799,e1c7ebdba8c5aabd,420,420,0,0,239,181,7.966666666666667,84,126,10.333333333333334,55,true,1815,112,183,114,72,3,5,0,0,2,1,422,316,105,6,london-link-084-a-arrival,true,1139,335.229126984127,1211.75,730.7666666666667,730.5187698412699,1237.2833333333333,1888.4,2110930.519144626,1592791.498236633,56.994842194911094,1.0585606596676673,2234548.002686015,2211437.9274490853,1.0092057658783884,1.2681562963728443,27,0
profile,tfl-numbat-2019-midweek,evening,4.2857140000000005,14,1,7,off,free-flow,4,drop-offs,35,940GZZLUEUS,0,3900,3628,1800,1799,249d692ec07713ba,420,420,0,0,249,171,8.3,73,137,11.733333333333333,34,true,1828,102,177,114,79,3,4,0,0,1,1,348,282,64,5,london-link-020-a-departure,true,918,311.49412698412704,1037.65,670.3,711.155992063492,1149.5,1948.5833333333333,2127358.7420873293,1560625.1314867751,57.68351530305528,1.0633819725686628,2262194.9353431305,2237283.2717523407,1.0102584625249658,1.407579512625834,29,0
profile,tfl-numbat-2019-midweek,evening,4.2857140000000005,14,1,8,off,free-flow,4,drop-offs,29,940GZZLUEUS,0,3900,3038,1800,1799,eb6b7e9ca7253a22,420,420,0,0,249,171,8.3,81,129,11.2,42,true,1238,95,172,114,78,4,4,0,1,2,2,731,554,177,5,940GZZLUKSX-diverge,true,938,284.3365873015873,1107.1333333333334,651.7333333333333,682.932619047619,1198.9,1741.9,2135639.808484178,1322654.5882740195,61.75413552085459,1.0527601691074535,2248316.525753627,2226962.1306711775,1.0103623982261387,1.3941921218467614,23,0
profile,tfl-numbat-2019-midweek,evening,4.2857140000000005,14,1,9,off,free-flow,4,drop-offs,30,940GZZLUEUS,0,3900,3340,1800,1799,03923fc6064a64dd,420,420,0,0,262,158,8.733333333333333,83,127,11.933333333333334,31,true,1540,88,160,114,78,3,3,0,1,1,2,436,347,89,5,london-link-031-a-arrival,true,829,263.32956349206347,952.7666666666667,640.0833333333334,656.0072619047619,1132.55,1685.6,2099878.9036372798,1380873.0941646039,60.32831138108565,1.0574734988983423,2220566.291322414,2202282.9605005854,1.0066839365495102,1.3244432040466905,20,0
profile,tfl-numbat-2019-midweek,evening,4.2857140000000005,14,1,10,off,free-flow,4,drop-offs,35,940GZZLUEUS,0,3900,3291,1800,1799,acb07f20133f1461,420,420,0,0,257,163,8.566666666666666,82,128,11.666666666666666,35,true,1491,82,164,114,77,3,3,0,1,1,2,682,517,159,6,london-link-020-a-departure,true,935,263.8253174603175,957.2,621.7666666666667,653.834880952381,1138.8166666666666,1503.9166666666667,2065263.320275936,1458300.2764440544,58.61291455611715,1.0653431748858129,2200214.18243698,2178147.9124233034,1.0079335230354942,1.2112681242349237,26,0
profile,tfl-numbat-2019-midweek,evening,4,14.966666666666667,1,4,off,free-flow,4,destination,12,940GZZLUEUS,0,3900,3296,1800,1796,3bcf1e0e360994cc,449,449,0,0,232,217,7.733333333333333,73,151,10.6,66,true,1496,154,217,114,76,3,3,1,1,2,1,555,455,97,7,london-link-020-a-departure,true,1126,455.09090571640684,1323.2333333333333,980.05,861.2123608017816,1460.7333333333333,1781.95,2416241.7671689033,1614621.8912986014,59.943525058040166,1.0182754974579682,2460399.7871960644,2460399.7871960644,1,1,0,0
profile,tfl-numbat-2019-midweek,evening,4,14.966666666666667,1,5,off,free-flow,4,destination,17,940GZZLUEUS,0,3900,3451,1800,1796,3190a81d5a9e5a6d,449,449,0,0,249,200,8.3,81,143,11.2,57,true,1651,132,204,114,78,4,2,0,1,2,1,605,489,109,6,london-link-057-b-departure,true,1287,395.38251670378617,1354.5666666666666,828.6166666666667,775.9501855976245,1278.6166666666666,1895.3166666666666,2228853.947582054,1643383.5861882179,57.559845648515555,1.0320842181636338,2300364.9836915797,2300364.9836915797,1,1,0,0
profile,tfl-numbat-2019-midweek,evening,4,14.966666666666667,1,6,off,free-flow,4,destination,14,940GZZLUEUS,0,3900,3407,1800,1796,ffc73e99530341e6,449,449,0,0,242,207,8.066666666666666,84,140,10.533333333333333,67,true,1607,135,209,114,78,4,4,0,1,1,2,446,320,126,7,london-link-115-a-arrival,true,963,414.2052338530067,1148.1833333333334,858.3,807.2193021529324,1362.55,1862.4833333333333,2323497.8911283566,1583688.7699749912,59.46728663514185,1.0240316294483274,2379335.3312485293,2379335.3312485293,1,1,0,0
profile,tfl-numbat-2019-midweek,evening,4,14.966666666666667,1,7,off,free-flow,4,destination,13,940GZZLUEUS,0,3900,3310,1800,1796,983ea662e3dd0672,449,449,0,0,243,206,8.1,73,151,11.333333333333334,55,true,1510,138,206,114,79,3,3,0,0,1,1,563,456,105,6,london-link-048-a-arrival,true,1059,405.37089829250186,1118.1166666666666,807.7,797.8122123236823,1305.1666666666667,1633.2833333333333,2320889.0915187406,1574155.145811765,59.58569274451623,1.02378011023273,2376080.0897300513,2376080.0897300513,1,1,0,0
profile,tfl-numbat-2019-midweek,evening,4,14.966666666666667,1,8,off,free-flow,4,destination,9,940GZZLUEUS,0,3900,3518,1800,1796,b9c095c6c63e03bd,449,449,0,0,253,196,8.433333333333334,85,139,11.2,57,true,1718,130,197,114,79,6,5,0,1,2,2,812,570,239,7,london-link-047-a-departure,true,1024,381.08314773570896,1103.3166666666666,824.5,774.1856347438752,1379.8666666666666,1826.2666666666667,2336210.0162330028,1607517.9868607018,59.23861925569753,1.0159534068266334,2373480.5248293257,2373480.5248293257,1,1,0,0
profile,tfl-numbat-2019-midweek,evening,4,14.966666666666667,1,9,off,free-flow,4,destination,16,940GZZLUEUS,0,3900,3334,1800,1796,eee554bca31f0325,449,449,0,0,258,191,8.6,88,136,11.333333333333334,55,true,1534,124,191,114,80,3,4,0,1,2,2,587,444,139,5,940GZZLUKSX-exit,true,875,351.32100965107645,1202.7666666666667,795.6833333333333,738.5594654788418,1272.2166666666667,1829.45,2283196.2000342994,1512388.1998661887,60.15400948781853,1.0250006283894304,2340277.5395582635,2340277.5395582635,1,1,0,0
profile,tfl-numbat-2019-midweek,evening,4,14.966666666666667,1,10,off,free-flow,4,destination,15,940GZZLUEUS,0,3900,3584,1800,1796,a643fc66c160c367,449,449,0,0,260,189,8.666666666666666,87,137,11.533333333333333,52,true,1784,116,191,114,77,6,3,0,0,2,2,763,625,136,6,london-link-020-a-departure,true,1040,358.24569413511506,1099.9666666666667,792.6,745.293429844098,1313.2833333333333,1871.7333333333333,2275041.4959362736,1645313.297981316,58.03152050079724,1.0271314882967228,2336766.757446437,2336766.757446437,1,1,0,0
profile,tfl-numbat-2019-midweek,evening,4,14.966666666666667,1,1,off,free-flow,4,drop-offs,49,940GZZLUEUS,0,3900,3385,1800,1796,9acce1466eaaacf4,449,449,0,0,250,199,8.333333333333334,82,142,11.2,57,true,1585,121,200,114,81,3,5,1,1,1,2,454,333,118,6,london-link-048-a-departure,true,936,356.56276911655533,1062.6833333333334,832.7333333333333,762.927988121752,1325.5,1837.35,2235416.8380935225,1534805.3330178028,59.291382222035004,1.0989218605602948,2456548.430630069,2421022.810327637,1.0121349714818964,1.2916145938266779,39,0
profile,tfl-numbat-2019-midweek,evening,4,14.966666666666667,1,2,off,free-flow,4,drop-offs,43,940GZZLUEUS,0,3900,3502,1800,1796,120f96969b81f894,449,449,0,0,246,203,8.2,85,139,10.733333333333333,64,true,1702,127,206,114,74,2,6,1,0,2,2,398,309,87,5,london-link-023-a-arrival,true,1203,374.5269116555308,1234.05,865.2166666666667,785.1195248700817,1394.95,1737.3333333333333,2275466.1507652993,1603595.1702845353,58.66022633922848,1.091254442938191,2483112.5465529608,2450044.3676017392,1.0118296458847302,1.3896601242885815,34,0
profile,tfl-numbat-2019-midweek,evening,4,14.966666666666667,1,3,off,free-flow,4,drop-offs,47,940GZZLUEUS,0,3900,3246,1800,1796,e59e69d0a95354cc,449,449,0,0,263,186,8.766666666666667,90,134,11.533333333333333,52,true,1446,111,186,114,79,3,3,0,1,2,2,425,338,87,6,london-link-081-a-arrival,true,786,312.5028953229399,1011.2166666666667,712.0833333333334,700.0103563474388,1148.5,1677.5833333333333,2161175.1297009196,1514774.0502353965,58.792301631829446,1.0821992457196636,2338822.095038062,2305892.458763163,1.0126355488124636,1.36281384055888,33,0
profile,tfl-numbat-2019-midweek,evening,4,14.966666666666667,1,4,off,free-flow,4,drop-offs,51,940GZZLUEUS,0,3900,3255,1800,1796,3bcf1e0e360994cc,449,449,0,0,241,208,8.033333333333333,74,150,11.133333333333333,58,true,1455,126,208,114,77,3,3,0,0,2,1,460,353,107,6,london-link-057-b-departure,true,1038,374.71599851521904,1153.9833333333333,853.0333333333333,787.5697847067557,1347.45,1746.4333333333334,2303191.4552726997,1528543.458471642,60.108319263193465,1.0841942004787632,2497106.8181688096,2459799.7871960658,1.0140643596875645,1.428310727493513,41,0
profile,tfl-numbat-2019-midweek,evening,4,14.966666666666667,1,5,off,free-flow,4,drop-offs,41,940GZZLUEUS,0,3900,3363,1800,1796,3190a81d5a9e5a6d,449,449,0,0,265,184,8.833333333333334,82,142,12.2,42,true,1563,115,184,114,81,3,4,1,1,2,1,476,364,110,5,940GZZLUPCC-01-arrival,true,921,334.69884929472903,1016.3666666666667,712.6666666666666,718.7413511507052,1228.4833333333333,1638.35,2165644.3788535832,1584366.9817051964,57.750341815788154,1.0705012136882814,2318324.9357901737,2299464.9836915787,1.0069488875762842,1.2418897753181177,23,0
profile,tfl-numbat-2019-midweek,evening,4,14.966666666666667,1,6,off,free-flow,4,drop-offs,50,940GZZLUEUS,0,3900,3596,1800,1796,ffc73e99530341e6,449,449,0,0,254,195,8.466666666666667,85,139,11.266666666666667,56,true,1796,121,196,114,76,3,3,0,0,2,1,454,329,125,5,london-link-031-b-departure,true,1073,362.11815144766143,1223.3166666666666,816.05,761.8735337787676,1315.8166666666666,1924.7,2239467.778149075,1562952.1987167022,58.89585558076629,1.078289173588495,2414793.8595665926,2378435.3312485293,1.0137523593341229,1.3288990305159374,41,0
profile,tfl-numbat-2019-midweek,evening,4,14.966666666666667,1,7,off,free-flow,4,drop-offs,49,940GZZLUEUS,0,3900,3442,1800,1796,983ea662e3dd0672,449,449,0,0,254,195,8.466666666666667,73,151,12.066666666666666,44,true,1642,124,197,114,81,3,3,0,1,1,1,385,306,79,6,london-link-048-a-arrival,true,1079,360.3307720861173,1106.3833333333334,796.3833333333333,759.3939495174462,1261.5,1707.3666666666666,2226423.5170893185,1634674.1566447134,57.66296802681413,1.0837778730499743,2412948.5436503105,2378255.0897300504,1.0127839157516907,1.421785648570624,36,0
profile,tfl-numbat-2019-midweek,evening,4,14.966666666666667,1,8,off,free-flow,4,drop-offs,44,940GZZLUEUS,0,3900,3336,1800,1796,b9c095c6c63e03bd,449,449,0,0,259,190,8.633333333333333,85,139,11.6,51,true,1536,113,194,114,80,2,4,0,0,2,1,423,337,85,5,london-link-017-a-departure,true,1075,332.1123236822569,1169.45,787.6833333333333,730.9809948032665,1298.4,1726,2230411.832274028,1525671.0461524152,59.38132635689942,1.0806382613391348,2410268.3642889843,2373255.524829325,1.0143349661199907,1.3612774452934526,37,0
profile,tfl-numbat-2019-midweek,evening,4,14.966666666666667,1,9,off,free-flow,4,drop-offs,47,940GZZLUEUS,0,3900,3416,1800,1796,eee554bca31f0325,449,449,0,0,273,176,9.1,90,134,12.2,42,true,1616,110,184,114,77,4,3,0,1,2,2,509,398,110,5,940GZZLUBNK-01-arrival,true,954,306.0942093541203,1136.7666666666667,720.2166666666667,699.8783221974758,1209.55,1852,2191096.7925007474,1466274.8781173734,59.90905463896802,1.0836549765446635,2374392.9430852304,2341402.5395582626,1.0114440165794294,1.3196930003688094,31,0
profile,tfl-numbat-2019-midweek,evening,4,14.966666666666667,1,10,off,free-flow,4,drop-offs,44,940GZZLUEUS,0,3900,3286,1800,1796,a643fc66c160c367,449,449,0,0,270,179,9,87,137,12.2,42,true,1486,95,181,114,78,3,3,0,1,2,2,458,372,86,6,london-link-020-a-departure,true,945,296.87126948775057,1104.5333333333333,673.8333333333334,689.0450631031923,1211.1833333333334,1750.0166666666667,2198618.226125564,1508200.279840824,59.31281023299986,1.076509058426332,2366832.4362442,2336916.757446436,1.0111486844774027,1.233776299400874,31,0
profile,tfl-numbat-2019-midweek,late,5.4545449999999995,11,1,4,off,free-flow,4,destination,3,940GZZLUEUS,0,3900,3246,1800,1798.5,a94681e0825f5a88,330,330,0,0,201,129,6.7,66,99,9,30,true,1446,62,129,114,76,4,4,0,0,2,2,363,288,72,4,940GZZLUOXC-01-arrival,true,610.5,250.59010101010102,702.7166666666667,531.6333333333333,643.2941919191919,1080.9,1490.3,1738359.863949435,1346221.8924774646,56.35642045562464,1.0047591836676382,1746633.0377546635,1746633.0377546635,1,1,0,0
profile,tfl-numbat-2019-midweek,late,5.4545449999999995,11,1,5,off,free-flow,4,destination,0,940GZZLUEUS,0,3900,2974,1800,1798.5,cdad40b11b0da5d6,330,330,0,0,202,128,6.733333333333333,67,98,9,30,true,1174,58,132,114,80,3,3,0,0,2,1,287,220,67,5,london-link-048-a-arrival,true,732.5,243.26863636363635,769.3666666666667,532.8333333333334,654.4781818181818,1048.9166666666667,1357.4166666666667,1834020.5338616653,1191428.3457403935,60.61978261232087,1,1834020.5337695437,1834020.5337695437,1,1,0,0
profile,tfl-numbat-2019-midweek,late,5.4545449999999995,11,1,6,off,free-flow,4,destination,0,940GZZLUEUS,0,3900,2939,1800,1798.5,036870b43c446fd8,330,330,0,0,210,120,7,65,100,9.666666666666666,20,true,1139,51,125,114,79,2,2,0,0,1,1,247,186,61,5,london-link-044-a-arrival,true,533.5,210.77343434343436,638.2333333333333,473.8,625.3831818181818,1060.1,1467.05,1850838.7117475132,1098665.6472008643,62.75083832754243,1,1850838.7116512742,1850838.7116512742,1,1,0,0
profile,tfl-numbat-2019-midweek,late,5.4545449999999995,11,1,7,off,free-flow,4,destination,0,940GZZLUEUS,0,3900,3016,1800,1798.5,0d0fc5b72045bbaa,330,330,0,0,199,131,6.633333333333334,51,114,9.866666666666667,17,true,1216,72,135,114,76,3,2,0,1,2,1,313,243,70,5,london-link-084-a-departure,true,731.5,271.75994949494947,850.65,566.7833333333333,686.0350505050505,1105.3333333333333,1336.4166666666667,1848902.4651587629,1298560.264772615,58.742632520356274,1,1848902.4650628732,1848902.4650628732,1,1,0,0
profile,tfl-numbat-2019-midweek,late,5.4545449999999995,11,1,8,off,free-flow,4,destination,1,940GZZLUEUS,0,3900,3169,1800,1798.5,8635079bd45cf1c0,330,330,0,0,198,132,6.6,67,98,8.733333333333333,34,true,1369,64,132,114,72,3,2,0,0,2,2,328,268,59,5,london-link-017-a-departure,true,696.5,238.2927777777778,821.7,558.9666666666667,648.1613131313131,1063.4333333333334,1525.8333333333333,1821540.7564743867,1225360.5574073363,59.78338544065811,1.0027771536395262,1826599.4549273185,1826599.4549273185,1,1,0,0
profile,tfl-numbat-2019-midweek,late,5.4545449999999995,11,1,9,off,free-flow,4,destination,3,940GZZLUEUS,0,3900,2960,1800,1798.5,c41460ff2d58a996,330,330,0,0,190,140,6.333333333333333,58,107,8.8,33,true,1160,69,141,114,75,2,5,0,0,2,1,296,228,65,5,london-link-017-a-arrival,true,650.5,268.8461616161616,796.8833333333333,574.3,693.3438383838384,1093.7166666666667,1560.0166666666667,1877894.8105891426,1223335.6752415316,60.55321651096639,1.0090730508378642,1894933.0455704604,1894933.0455704604,1,1,0,0
profile,tfl-numbat-2019-midweek,late,5.4545449999999995,11,1,10,off,free-flow,4,destination,2,940GZZLUEUS,0,3900,3258,1800,1798.5,1dad15621b1b830e,330,330,0,0,202,128,6.733333333333333,75,90,8.466666666666667,38,true,1458,69,128,114,76,4,2,0,0,2,1,370,285,84,6,london-link-017-a-departure,true,754.5,254.6370202020202,818.55,573.4166666666666,654.8569191919191,1147.45,1496.9833333333333,1767877.2893850915,1374165.0004516477,56.265228991457995,1.0073304689612617,1780836.6589071148,1780836.6589071148,1,1,0,0
profile,tfl-numbat-2019-midweek,late,5.4545449999999995,11,1,1,off,free-flow,4,drop-offs,10,940GZZLUEUS,0,3900,3109,1800,1798.5,a742cd2d2261b9db,330,330,0,0,200,130,6.666666666666667,67,98,8.866666666666667,32,true,1309,63,132,114,73,3,2,0,0,1,1,279,224,53,6,london-link-106-a-arrival,true,712.5,244.07434343434343,805.6166666666667,544.9166666666666,652.5433333333333,1086.7166666666667,1468.3666666666666,1785526.2104669344,1281586.7331459115,58.215209002499556,1.0197075082755438,1820714.4829553664,1812746.461207461,1.004217452975244,1.2451302768674728,10,0
profile,tfl-numbat-2019-midweek,late,5.4545449999999995,11,1,2,off,free-flow,4,drop-offs,10,940GZZLUEUS,0,3900,3385,1800,1798.5,be1a4b815253bd7f,330,330,0,0,204,126,6.8,60,105,9.6,21,true,1585,65,131,114,71,3,3,0,0,2,2,396,298,98,6,london-link-098-a-arrival,true,764.5,246.51797979797982,857.9666666666667,558.8,661.9283333333334,1068.0666666666666,1814.7,1813742.5292513485,1319161.0904130896,57.89333951631798,1.020137979572146,1850267.639166743,1843758.5479831481,1.0041391187867283,1.2831365793340015,8,0
profile,tfl-numbat-2019-midweek,late,5.4545449999999995,11,1,3,off,free-flow,4,drop-offs,9,940GZZLUEUS,0,3900,2954,1800,1798.5,aeaa655b97568ddc,330,330,0,0,216,114,7.2,68,97,9.866666666666667,17,true,1154,52,117,110,73,3,3,0,1,2,1,305,248,53,5,london-link-017-a-arrival,true,600.5,199.54828282828282,643.5833333333334,476.8833333333333,589.7236868686869,954.8333333333334,1296.8833333333334,1699215.136840144,1160750.9068673437,59.41382208291479,1.0212549024606699,1735331.788775496,1729446.4213049773,1.0027732766980944,1.240991610409692,7,0
profile,tfl-numbat-2019-midweek,late,5.4545449999999995,11,1,4,off,free-flow,4,drop-offs,10,940GZZLUEUS,0,3900,3288,1800,1798.5,a94681e0825f5a88,330,330,0,0,203,127,6.766666666666667,65,100,9.2,27,true,1488,57,127,114,75,3,4,0,1,1,2,276,215,56,5,london-link-048-a-departure,true,674.5,236.7910606060606,713.8333333333334,536.9666666666667,631.2628282828283,1071.2666666666667,1532.7333333333333,1725664.170986079,1288000.0543692375,57.26132846742806,1.0170319045235376,1755055.5183212473,1747608.0377546633,1.004745006663758,1.3685243766627488,8,0
profile,tfl-numbat-2019-midweek,late,5.4545449999999995,11,1,5,off,free-flow,4,drop-offs,3,940GZZLUEUS,0,3900,3070,1800,1798.5,cdad40b11b0da5d6,330,330,0,0,201,129,6.7,67,98,8.933333333333334,31,true,1270,58,132,114,78,2,3,0,0,2,1,231,176,55,5,940GZZLUPCC-01-departure,true,713.5,238.6569696969697,729.1333333333333,493.35,650.4096464646465,1038.1833333333334,1295.7333333333333,1824786.4245281194,1147693.333770598,61.389364197807886,1.006217388363447,1836131.830319344,1833645.533769544,1.0011238931252426,1.1534572840689932,3,0
profile,tfl-numbat-2019-midweek,late,5.4545449999999995,11,1,6,off,free-flow,4,drop-offs,7,940GZZLUEUS,0,3900,3051,1800,1798.5,036870b43c446fd8,330,330,0,0,210,120,7,66,99,9.6,21,true,1251,51,125,114,78,3,2,0,1,2,2,302,239,63,5,london-link-017-a-arrival,true,586.5,209.17525252525255,697.9,481,624.7972727272728,1034.0833333333333,1421.1666666666667,1829751.9326974968,1131837.4580979391,61.78276902207752,1.0132653322866432,1854024.1999950986,1848663.7116512745,1.0027454200424968,1.2041894559544135,7,0
profile,tfl-numbat-2019-midweek,late,5.4545449999999995,11,1,7,off,free-flow,4,drop-offs,9,940GZZLUEUS,0,3900,2890,1800,1798.5,0d0fc5b72045bbaa,330,330,0,0,198,132,6.6,52,113,9.733333333333333,19,true,1090,67,133,114,74,2,2,0,0,2,1,228,176,52,5,london-link-048-a-arrival,true,506.5,257.73702020202023,756.5833333333334,562.65,673.6177777777777,1128.1,1354.8166666666666,1827138.5518477056,1227918.3351595388,59.80702223969333,1.0154552278534539,1855377.394395119,1850402.4650628725,1.0026932101384118,1.2665951803080964,6,0
profile,tfl-numbat-2019-midweek,late,5.4545449999999995,11,1,8,off,free-flow,4,drop-offs,5,940GZZLUEUS,0,3900,3020,1800,1798.5,8635079bd45cf1c0,330,330,0,0,202,128,6.733333333333333,68,97,8.933333333333334,31,true,1220,58,130,114,74,3,2,0,0,2,2,354,280,71,6,london-link-031-b-departure,true,757.5,220.80136363636362,860.7166666666667,508.9166666666667,631.1984343434343,1050.1333333333334,1411.8,1801717.3171923384,1138300.6262760959,61.28252792453349,1.0146003451549763,1828023.0118107204,1824949.4549273185,1.0010183879536503,1.1113791963346296,4,0
profile,tfl-numbat-2019-midweek,late,5.4545449999999995,11,1,9,off,free-flow,4,drop-offs,10,940GZZLUEUS,0,3900,3278,1800,1798.5,c41460ff2d58a996,330,330,0,0,194,136,6.466666666666667,58,107,9.066666666666666,29,true,1478,66,137,114,77,2,5,0,0,2,1,260,200,56,6,london-link-048-a-departure,true,823.5,267.31585858585856,974.8833333333333,602.5,694.0576262626263,1181.15,1620.3166666666666,1862379.0919725695,1364511.798960987,57.71434966100677,1.0222461587847507,1903809.8728691747,1895008.0455704601,1.0040831791830844,1.2660329980884977,10,0
profile,tfl-numbat-2019-midweek,late,5.4545449999999995,11,1,10,off,free-flow,4,drop-offs,7,940GZZLUEUS,0,3900,3147,1800,1798.5,1dad15621b1b830e,330,330,0,0,204,126,6.8,76,89,8.533333333333333,37,true,1347,67,127,114,81,2,2,0,0,2,1,376,292,84,6,london-link-088-a-departure,true,708.5,236.72368686868685,756.9666666666667,544.5,638.5954545454546,1100.45,1408.3833333333334,1751574.8433000194,1310847.8287696722,57.19572478596641,1.019738097017973,1786147.5974199707,1781211.658907115,1.0023990700592806,1.2371664757560865,6,0
profile,tfl-numbat-2019-midweek,late,5,11.966666666666667,1,4,off,free-flow,4,destination,5,940GZZLUEUS,0,3900,3219,1800,1795,e75d9f62176c59cf,359,359,0,0,214,145,7.133333333333334,67,112,9.8,33,true,1419,76,148,114,77,3,3,0,1,1,2,422,322,99,5,940GZZLUBXN-01-arrival,true,725,291.96787372330544,821.8166666666667,602.1,690.0901114206129,1153.5,1558.7166666666667,1909389.478903843,1433964.9293214446,57.10999331110043,1.0098894248323556,1928272.2425180348,1928272.2425180348,1,1,0,0
profile,tfl-numbat-2019-midweek,late,5,11.966666666666667,1,5,off,free-flow,4,destination,3,940GZZLUEUS,0,3900,3342,1800,1795,7b5cddb0a020d345,359,359,0,0,212,147,7.066666666666666,66,113,9.733333333333333,34,true,1542,81,152,114,76,2,2,0,0,2,2,418,342,75,5,london-link-013-a-departure,true,981,302.29837511606314,980.3,705.9666666666667,715.2048282265553,1184.6333333333334,2045.2333333333333,1985481.6742046883,1418855.711354027,58.322118207999935,1.0076213004038213,2000613.6263572131,2000613.6263572131,1,1,0,0
profile,tfl-numbat-2019-midweek,late,5,11.966666666666667,1,6,off,free-flow,4,destination,2,940GZZLUEUS,0,3900,3137,1800,1795,6fd3834ccea8758e,359,359,0,0,221,138,7.366666666666666,70,109,10.066666666666666,29,true,1337,71,139,114,83,4,3,0,0,1,1,367,283,84,6,london-link-048-a-departure,true,596,256.34958217270196,883.2666666666667,564.0333333333333,672.5342154131847,1138.8166666666666,1507.5333333333333,2002263.7901278725,1260851.1481254448,61.360504549056614,1.0076524589031275,2017586.03135886,2017586.03135886,1,1,0,0
profile,tfl-numbat-2019-midweek,late,5,11.966666666666667,1,7,off,free-flow,4,destination,2,940GZZLUEUS,0,3900,3357,1800,1795,5e0f47e7bf35be63,359,359,0,0,203,156,6.766666666666667,58,121,9.666666666666666,35,true,1557,91,158,114,74,3,2,0,1,2,1,392,303,87,5,london-link-013-a-departure,true,963,321.988765088208,1012.4166666666666,671.7833333333333,736.8668987929434,1175.3333333333333,1820.85,2006787.1263184922,1451788.2515042159,58.023518561617514,1.0027548767737176,2012315.5774261788,2012315.5774261788,1,1,0,0
profile,tfl-numbat-2019-midweek,late,5,11.966666666666667,1,8,off,free-flow,4,destination,0,940GZZLUEUS,0,3900,3526,1800,1795,f3408a543bf158ee,359,359,0,0,210,149,7,69,110,9.4,39,true,1726,82,152,114,77,3,3,0,0,2,1,279,227,50,6,london-link-020-a-departure,true,825,284.719034354689,995,609.6166666666667,691.9597957288765,1115.45,1900.7333333333333,1975469.0711585097,1368831.7960608967,59.06971739659891,1,1975469.0710302468,1975469.0710302468,1,1,0,0
profile,tfl-numbat-2019-midweek,late,5,11.966666666666667,1,9,off,free-flow,4,destination,4,940GZZLUEUS,0,3900,3493,1800,1795,dac93ab2a4e045ba,359,359,0,0,197,162,6.566666666666666,64,115,8.866666666666667,47,true,1693,99,167,114,72,2,5,1,1,1,2,420,334,79,6,london-link-072-a-arrival,true,994,358.77233054781806,1201.6333333333334,736.7333333333333,779.7521819870009,1274.65,2032.7333333333333,2026160.7749102334,1609887.0172266809,55.72426136124723,1.007963960487198,2042297.039119841,2042297.039119841,1,1,0,0
profile,tfl-numbat-2019-midweek,late,5,11.966666666666667,1,10,off,free-flow,4,destination,4,940GZZLUEUS,0,3900,3057,1800,1795,48101a4fd5612b9c,359,359,0,0,211,148,7.033333333333333,80,99,8.733333333333333,49,true,1257,79,148,114,77,3,2,0,0,2,2,450,352,97,5,940GZZLUPCC-diverge,true,772,278.95612813370474,891.4666666666667,623.9833333333333,677.039600742804,1099.4333333333334,1441.35,1899225.9728274401,1403552.379717869,57.503888244991934,1.0134457661447676,1924762.521004441,1924762.521004441,1,1,0,0
profile,tfl-numbat-2019-midweek,late,5,11.966666666666667,1,1,off,free-flow,4,drop-offs,17,940GZZLUEUS,0,3900,3349,1800,1795,c4d654bacd1c393f,359,359,0,0,218,141,7.266666666666667,71,108,9.8,33,true,1549,73,146,114,82,3,2,0,1,1,2,313,235,78,5,london-link-020-a-departure,true,819,270.71550603528317,829.1166666666667,587.1333333333333,681.603296193129,1130.7666666666667,1843.3166666666666,1924165.8032715954,1436152.3990062997,57.26141655177894,1.0353425917889874,1992170.8096723203,1978639.2345721603,1.0056794448788493,1.2112839457580828,14,0
profile,tfl-numbat-2019-midweek,late,5,11.966666666666667,1,2,off,free-flow,4,drop-offs,15,940GZZLUEUS,0,3900,3204,1800,1795,9df3d2223b4cc3f6,359,359,0,0,207,152,6.9,62,117,9.666666666666666,35,true,1404,82,153,114,72,4,3,0,0,2,2,455,338,117,6,london-link-031-b-departure,true,871,299.02952646239555,940.3166666666667,681.7166666666667,712.1637418755803,1138.9833333333333,1763.9833333333333,1952810.2663366864,1446906.824001668,57.44037560908735,1.025308536635229,2002233.0363790798,1992622.0675805744,1.0056282983841833,1.2791415903177243,11,0
profile,tfl-numbat-2019-midweek,late,5,11.966666666666667,1,3,off,free-flow,4,drop-offs,16,940GZZLUEUS,0,3900,2865,1800,1795,fb2a73a1032500d7,359,359,0,0,227,132,7.566666666666666,74,105,10.2,27,true,1065,59,134,114,74,3,3,0,2,2,2,295,222,73,5,london-link-020-a-departure,true,522,232.3295728876509,684.7166666666667,514.2166666666667,622.4401578458682,979.8666666666667,1203.1666666666667,1817107.8608805914,1248943.650249788,59.26540549903115,1.0385508851361764,1887158.9772150726,1877453.1219969606,1.0048213516012419,1.270419078639102,12,0
profile,tfl-numbat-2019-midweek,late,5,11.966666666666667,1,4,off,free-flow,4,drop-offs,19,940GZZLUEUS,0,3900,3398,1800,1795,e75d9f62176c59cf,359,359,0,0,217,142,7.233333333333333,68,111,9.933333333333334,31,true,1598,74,146,114,72,4,3,0,1,1,2,469,380,89,6,940GZZLUVIC-01-departure,true,756,281.57952646239556,926.7666666666667,609.0166666666667,683.3617455896008,1169.8833333333334,1787.1166666666666,1875495.4515967267,1470719.3100265348,56.04826902045333,1.0353682176800005,1941828.3828792663,1928797.2425180343,1.0064176185823304,1.23054691633813,16,0
profile,tfl-numbat-2019-midweek,late,5,11.966666666666667,1,5,off,free-flow,4,drop-offs,12,940GZZLUEUS,0,3900,3270,1800,1795,7b5cddb0a020d345,359,359,0,0,219,140,7.3,68,111,10.066666666666666,29,true,1470,73,146,114,74,5,2,0,1,2,2,618,441,177,5,london-link-013-a-departure,true,756,268.027669452182,994.1,608.4166666666666,683.0563138347261,1119.7666666666667,2114.9333333333334,1945842.0682105476,1339428.2977711745,59.22928256862295,1.0312456278064017,2006641.1251194172,2000163.6263572134,1.0027475369079815,1.1534572840689932,8,0
profile,tfl-numbat-2019-midweek,late,5,11.966666666666667,1,6,off,free-flow,4,drop-offs,16,940GZZLUEUS,0,3900,3119,1800,1795,6fd3834ccea8758e,359,359,0,0,217,142,7.233333333333333,70,109,9.8,33,true,1319,65,145,114,81,3,3,0,0,1,1,374,319,52,5,london-link-045-a-arrival,true,643,243.14935004642527,784.75,581.5666666666667,661.407938718663,1090.15,1423.8,1962962.2963647204,1228444.8882220117,61.50773570496026,1.0337409267320905,2029194.4632545414,2017361.0313588597,1.0058869412135993,1.3199571183109697,13,0
profile,tfl-numbat-2019-midweek,late,5,11.966666666666667,1,7,off,free-flow,4,drop-offs,21,940GZZLUEUS,0,3900,3477,1800,1795,5e0f47e7bf35be63,359,359,0,0,209,150,6.966666666666667,57,122,10.133333333333333,28,true,1677,79,154,114,75,2,2,0,1,1,1,338,267,71,6,london-link-013-a-departure,true,716,296.3502321262767,1104.6833333333334,613.2666666666667,714.9116527390901,1153.95,2000.0166666666667,1954962.9569999585,1422601.3848484291,57.88085019662708,1.037556770791529,2028385.0525538484,2013440.5774261786,1.006845014546849,1.2665951803080964,17,0
profile,tfl-numbat-2019-midweek,late,5,11.966666666666667,1,8,off,free-flow,4,drop-offs,19,940GZZLUEUS,0,3900,2907,1800,1795,f3408a543bf158ee,359,359,0,0,211,148,7.033333333333333,69,110,9.466666666666667,38,true,1107,76,150,114,78,3,3,0,0,2,1,395,316,76,6,london-link-020-a-departure,true,681,258.3989786443825,853.9333333333333,594.65,669.0285515320335,1079.2333333333333,1351.1333333333334,1910070.9833222216,1235960.515504497,60.71366367547698,1.0414591130241417,1989260.831988142,1974794.0710302473,1.0058251132948162,1.2440347550871855,17,0
profile,tfl-numbat-2019-midweek,late,5,11.966666666666667,1,9,off,free-flow,4,drop-offs,22,940GZZLUEUS,0,3900,3406,1800,1795,dac93ab2a4e045ba,359,359,0,0,205,154,6.833333333333333,64,115,9.4,39,true,1606,78,155,114,75,3,5,1,1,1,1,372,304,66,6,london-link-048-a-departure,true,875,310.83110492107704,1109.3666666666666,696.8166666666667,735.87739090065,1207.0333333333333,1945.4333333333334,1965427.2242573225,1508947.2738181353,56.56923930756519,1.0476957444190393,2059169.738688052,2042447.0391198406,1.0078938432503357,1.3021634416803898,19,0
profile,tfl-numbat-2019-midweek,late,5,11.966666666666667,1,10,off,free-flow,4,drop-offs,17,940GZZLUEUS,0,3900,3012,1800,1795,48101a4fd5612b9c,359,359,0,0,215,144,7.166666666666667,80,99,9,45,true,1212,73,145,114,77,2,2,0,0,2,2,434,338,88,6,london-link-045-a-departure,true,822,260.99791086350973,826.9166666666666,604.9666666666667,660.9867688022284,1059.0833333333333,1386.6333333333334,1855077.840006645,1341033.4164479277,58.04171667241871,1.0433782224923263,1935547.8191892994,1925662.521004441,1.005082291711872,1.335967886168244,12,0
profile,tfl-numbat-2019-midweek,late,4.615385,13.033333333333333,1,4,off,free-flow,4,destination,10,940GZZLUEUS,0,3900,3272,1800,1798.6,0efd5afd711abf75,391,391,0,0,228,163,7.6,71,124,10.466666666666667,39,true,1472,93,165,114,74,3,4,0,1,1,1,367,259,108,6,london-link-031-b-departure,true,810.4,327.23580562659845,919.1166666666667,651.6166666666667,727.898252344416,1227.7166666666667,1804.45,2078543.5473647302,1518088.118223952,57.7913931874512,1.0177557769755026,2115449.702868135,2115449.702868135,1,1,0,0
profile,tfl-numbat-2019-midweek,late,4.615385,13.033333333333333,1,5,off,free-flow,4,destination,10,940GZZLUEUS,0,3900,3467,1800,1798.6,b0e679b782dd8ced,391,391,0,0,217,174,7.233333333333333,69,126,9.866666666666667,48,true,1667,105,177,114,74,3,3,0,0,2,2,499,395,103,5,london-link-025-a-arrival,true,1053.4,364.3673486786019,1063.1333333333334,767.7,774.6900682011935,1300.5333333333333,1905.0166666666667,2114242.8107696753,1569837.9184796477,57.38861241513778,1.0238097719475592,2164582.449766961,2164582.449766961,1,1,0,0
profile,tfl-numbat-2019-midweek,late,4.615385,13.033333333333333,1,6,off,free-flow,4,destination,9,940GZZLUEUS,0,3900,3421,1800,1798.6,7addaa03d46794c3,391,391,0,0,220,171,7.333333333333333,74,121,9.733333333333333,50,true,1621,100,173,114,79,3,4,0,0,2,2,396,317,79,5,london-link-044-a-arrival,true,963.4,324.2670076726343,1018.1333333333333,670.4666666666667,740.3456947996591,1272.65,1723.3333333333333,2158681.0264849635,1498006.9603191803,59.03377685695296,1.0183720331819563,2198340.3857536106,2198340.3857536106,1,1,0,0
profile,tfl-numbat-2019-midweek,late,4.615385,13.033333333333333,1,7,off,free-flow,4,destination,6,940GZZLUEUS,0,3900,3519,1800,1798.6,9a9c040d0fc6c0b2,391,391,0,0,210,181,7,62,133,9.866666666666667,48,true,1719,110,183,114,77,3,2,0,1,2,1,556,431,124,6,london-link-050-b-arrival,true,1076.4,380.9173913043478,1177,750.5166666666667,799.6844416027279,1279.4,1958.3333333333333,2184572.6817518086,1624259.9505337938,57.3554391241626,1.0127401957371902,2212404.5651342184,2212404.5651342184,1,1,0,0
profile,tfl-numbat-2019-midweek,late,4.615385,13.033333333333333,1,8,off,free-flow,4,destination,8,940GZZLUEUS,0,3900,3372,1800,1798.6,670c20fceef1bd49,391,391,0,0,217,174,7.233333333333333,74,121,9.533333333333333,53,true,1572,106,174,114,75,3,3,1,0,2,1,427,351,74,6,london-link-048-a-departure,true,1057.4,332.77971014492755,1098.1333333333334,694.2333333333333,741.1020460358056,1190.1833333333334,1712.1,2124399.738224351,1439248.0395603115,59.61306702271742,1.0157385184617036,2157834.6425548224,2157834.6425548224,1,1,0,0
profile,tfl-numbat-2019-midweek,late,4.615385,13.033333333333333,1,9,off,free-flow,4,destination,9,940GZZLUEUS,0,3900,3114,1800,1798.6,3365f7b890cd8d75,391,391,0,0,216,175,7.2,65,130,10.066666666666666,45,true,1314,111,179,114,72,3,4,0,1,2,2,427,338,87,6,london-link-057-a-arrival,true,1104.4,391.256010230179,1204.7833333333333,820.8166666666667,810.485379369139,1305.3333333333333,1848.3166666666666,2164183.1783956257,1590154.7823895626,57.64486844287734,1.0233005135053241,2214609.7575912406,2214609.7575912406,1,1,0,0
profile,tfl-numbat-2019-midweek,late,4.615385,13.033333333333333,1,10,off,free-flow,4,destination,11,940GZZLUEUS,0,3900,3247,1800,1798.6,01e2dbc6d924fc4d,391,391,0,0,222,169,7.4,81,114,9.4,55,true,1447,95,170,114,78,2,2,0,1,2,1,415,326,88,6,london-link-048-a-departure,true,928.4,315.6832054560955,937.25,707.7833333333333,716.7243819266837,1240.6833333333334,1511.9833333333333,2065435.479564469,1527958.4755232786,57.47868186398263,1.024359008048288,2115747.4388786,2115747.4388786,1,1,0,0
profile,tfl-numbat-2019-midweek,late,4.615385,13.033333333333333,1,1,off,free-flow,4,drop-offs,22,940GZZLUEUS,0,3900,3627,1800,1798.6,5901994003b35650,391,391,0,0,226,165,7.533333333333333,71,124,10.333333333333334,41,true,1827,92,168,114,77,3,2,0,0,1,2,302,238,61,5,london-link-017-a-arrival,true,1110.4,323.07429667519176,1110.3333333333333,687.85,733.9841005967604,1190.9333333333334,1878.6833333333334,2081456.453820809,1567020.0785027416,57.05001622951986,1.0414101984177446,2167649.9784088535,2151083.118795653,1.0066336410965935,1.2875180627301377,19,0
profile,tfl-numbat-2019-midweek,late,4.615385,13.033333333333333,1,2,off,free-flow,4,drop-offs,28,940GZZLUEUS,0,3900,3086,1800,1798.6,fe98d1722db6b27e,391,391,0,0,230,161,7.666666666666667,67,128,10.866666666666667,33,true,1286,92,164,114,76,3,4,0,1,2,1,341,249,92,5,london-link-023-a-arrival,true,843.4,317.45562659846547,907.75,694.15,729.6377664109121,1150.8166666666666,1448.3666666666666,2056031.94254989,1477655.0478015733,58.183759573606025,1.0565758917323091,2172353.7829724117,2157878.3091643583,1.0065296134317412,1.2908187465500698,18,0
profile,tfl-numbat-2019-midweek,late,4.615385,13.033333333333333,1,3,off,free-flow,4,drop-offs,24,940GZZLUEUS,0,3900,3115,1800,1798.6,882b92859d36cd3a,391,391,0,0,240,151,8,80,115,10.666666666666666,36,true,1315,82,153,114,78,3,3,0,0,2,1,556,441,112,6,london-link-016-a-departure,true,857.4,274.2244671781756,897.9333333333333,610.7166666666667,660.4624467178176,1077.5666666666666,1486,1940276.0399524046,1400865.7310604693,58.072245146431065,1.045709371418872,2028964.8379938558,2012313.3200649053,1.0078359802752082,1.327207496863187,19,0
profile,tfl-numbat-2019-midweek,late,4.615385,13.033333333333333,1,4,off,free-flow,4,drop-offs,28,940GZZLUEUS,0,3900,3216,1800,1798.6,0efd5afd711abf75,391,391,0,0,227,164,7.566666666666666,72,123,10.333333333333334,41,true,1416,91,165,114,76,2,4,0,0,2,2,226,170,56,5,940GZZLUVIC-01-arrival,true,778.4,304.9953964194373,847.3833333333333,637.9,708.8952259164536,1192.5,1747.7833333333333,2030104.4855306998,1452047.2034282484,58.30028863956917,1.0505945649698543,2132816.738669169,2116049.702868135,1.0071094439753057,1.2418167362831427,19,0
profile,tfl-numbat-2019-midweek,late,4.615385,13.033333333333333,1,5,off,free-flow,4,drop-offs,32,940GZZLUEUS,0,3900,3212,1800,1798.6,b0e679b782dd8ced,391,391,0,0,222,169,7.4,69,126,10.2,43,true,1412,96,170,114,75,2,3,0,0,2,2,390,321,67,5,london-link-057-a-arrival,true,852.4,318.5471440750213,1006.3333333333334,702.95,733.1590792838875,1179.6166666666666,2127.1666666666665,2040287.5083553104,1412211.0860969236,59.09596926799092,1.0719171669480765,2187019.2055595717,2167657.4497669614,1.0077351471970328,1.2605760379587871,22,0
profile,tfl-numbat-2019-midweek,late,4.615385,13.033333333333333,1,6,off,free-flow,4,drop-offs,25,940GZZLUEUS,0,3900,3320,1800,1798.6,7addaa03d46794c3,391,391,0,0,229,162,7.633333333333334,75,120,10.266666666666667,42,true,1520,90,163,114,77,4,4,0,0,1,2,337,246,89,5,london-link-048-a-arrival,true,823.4,295.73670076726347,924.6166666666667,665.2666666666667,715.9105711849958,1232.1,1525.4,2121857.561134003,1421748.8299929968,59.87847765618159,1.0444391628147245,2216151.1345888413,2200065.38575361,1.0076777828639172,1.4043213099905105,19,0
profile,tfl-numbat-2019-midweek,late,4.615385,13.033333333333333,1,7,off,free-flow,4,drop-offs,26,940GZZLUEUS,0,3900,3538,1800,1798.6,9a9c040d0fc6c0b2,391,391,0,0,218,173,7.266666666666667,61,134,10.466666666666667,39,true,1738,99,176,114,76,4,2,0,1,2,1,452,366,85,5,940GZZLUPCC-01-arrival,true,877.4,352.62395566922424,984.8,734.9,775.0512361466325,1288.7833333333333,1941.15,2130417.249003658,1547137.7701021817,57.93026176183891,1.0467261782866348,2229963.505029565,2212554.565134218,1.0070358245677626,1.2990885564727104,21,0
profile,tfl-numbat-2019-midweek,late,4.615385,13.033333333333333,1,8,off,free-flow,4,drop-offs,30,940GZZLUEUS,0,3900,3389,1800,1798.6,670c20fceef1bd49,391,391,0,0,229,162,7.633333333333334,76,119,10.2,43,true,1589,89,165,114,73,5,3,1,0,2,2,666,497,168,5,london-link-020-a-departure,true,845.4,297.2630008525149,959.8833333333333,697.05,711.0670502983802,1171.45,1613,2071612.005489462,1423228.9757396302,59.276288008986945,1.0515733243955248,2178451.9233093746,2158359.6425548233,1.0080918758485127,1.2125502222924176,24,0
profile,tfl-numbat-2019-midweek,late,4.615385,13.033333333333333,1,9,off,free-flow,4,drop-offs,25,940GZZLUEUS,0,3900,3333,1800,1798.6,3365f7b890cd8d75,391,391,0,0,221,170,7.366666666666666,65,130,10.4,40,true,1533,103,175,114,74,2,4,0,1,2,2,307,244,63,6,london-link-048-a-departure,true,975.4,354.33780903665814,1198.3166666666666,756.6833333333333,777.0483802216539,1282.9,1962.2666666666667,2126135.9819956855,1563119.9434469487,57.630482269689466,1.0497768133526153,2231968.255758323,2214309.75759124,1.0071870974443018,1.2457970676268622,19,0
profile,tfl-numbat-2019-midweek,late,4.615385,13.033333333333333,1,10,off,free-flow,4,drop-offs,22,940GZZLUEUS,0,3900,3339,1800,1798.6,01e2dbc6d924fc4d,391,391,0,0,229,162,7.633333333333334,81,114,9.866666666666667,48,true,1539,82,164,114,80,3,2,0,1,2,1,513,396,116,5,london-link-013-a-departure,true,906.4,290.0387041773231,995.65,655.3833333333333,693.810358056266,1189.8166666666666,1645.6833333333334,2028381.1078871507,1517168.5252092413,57.209214869056254,1.0484581362923826,2126672.6759169605,2115297.4388786,1.005054705184274,1.2831365793340015,12,0
profile,tfl-numbat-2019-midweek,night,6,9.966666666666667,1,4,off,free-flow,4,destination,27,940GZZLUEUS,0,3900,3029,1800,1794,6c55f4df453b5d21,299,299,0,0,185,114,6.166666666666667,65,84,8,30,true,1229,45,115,101,71,4,2,0,0,1,1,613,439,173,7,london-link-048-a-departure,true,391,187.4571348940914,547.8666666666667,414.1166666666667,598.252508361204,1305.2,1436.2833333333333,1513660.5405454822,1306836.1512511023,53.66645332178422,1.0879815939615398,1646834.8076095507,1646834.8076095507,1,1,0,0
profile,tfl-numbat-2019-midweek,night,6,9.966666666666667,1,5,off,free-flow,4,destination,32,940GZZLUEUS,0,3900,3473,1800,1794,766915f15786ebbd,299,299,0,0,188,111,6.266666666666667,60,89,8.533333333333333,22,true,1673,47,112,99,68,3,2,0,0,1,2,520,395,119,7,london-link-098-b-departure,true,672,199.56008918617616,740.3666666666667,481.81666666666666,635.2579710144928,1308.8333333333333,1690.4,1565859.5347744985,1382844.9327164763,53.10330526635902,1.1203186185397298,1754261.5907998385,1754261.5907998385,1,1,0,0
profile,tfl-numbat-2019-midweek,night,6,9.966666666666667,1,6,off,free-flow,4,destination,28,940GZZLUEUS,0,3900,3324,1800,1794,c9c347f5acaa1c78,299,299,0,0,184,115,6.133333333333334,62,87,8.133333333333333,28,true,1524,43,116,103,65,3,2,0,0,2,2,310,229,77,6,london-link-048-a-departure,true,754,213.05395763656634,759.3666666666667,480.1166666666667,647.0600891861761,1378.8166666666666,1607.45,1589462.7186498004,1498269.5815349603,51.47670083169748,1.1017444887718415,1751181.7903489769,1751181.7903489769,1,1,0,0
profile,tfl-numbat-2019-midweek,night,6,9.966666666666667,1,7,off,free-flow,4,destination,25,940GZZLUEUS,0,3900,2855,1800,1794,19ed770586a0f880,299,299,0,0,194,105,6.466666666666667,57,92,9.133333333333333,13,true,1055,48,108,99,69,6,3,0,0,2,2,856,339,517,7,london-link-048-a-departure,true,445,202.2973801560758,656.3166666666667,529.9666666666667,630.9623745819398,1327.6166666666666,1614.3,1586751.5403227115,1284917.5591983655,55.2553753699318,1.0763939914575709,1707969.8239108499,1707969.8239108499,1,1,0,0
profile,tfl-numbat-2019-midweek,night,6,9.966666666666667,1,8,off,free-flow,4,destination,22,940GZZLUEUS,0,3900,3389,1800,1794,d9ca85b61471451b,299,299,0,0,182,117,6.066666666666666,67,82,7.666666666666667,35,true,1589,53,118,108,63,4,2,0,0,1,1,713,488,221,7,london-link-048-a-departure,true,628,219.31298773690077,681.8,611.3166666666667,647.0095317725753,1466.0666666666666,1655.8666666666666,1588699.2479426106,1464786.867858753,52.0290313331151,1.0809445434050369,1717295.7831449877,1717295.7831449877,1,1,0,0
profile,tfl-numbat-2019-midweek,night,6,9.966666666666667,1,9,off,free-flow,4,destination,29,940GZZLUEUS,0,3900,3512,1800,1794,9fc25a99f535443c,299,299,0,0,185,114,6.166666666666667,66,83,7.933333333333334,31,true,1712,44,115,105,67,7,2,0,0,2,2,588,388,199,7,london-link-048-a-departure,true,746,207.31354515050168,841.4833333333333,491.7,640.9210702341137,1337.6833333333334,1813.2,1582832.6974613555,1498432.9779683028,51.369562517215975,1.0988084453238873,1739229.9354752584,1739229.9354752584,1,1,0,0
profile,tfl-numbat-2019-midweek,night,6,9.966666666666667,1,10,off,free-flow,4,destination,31,940GZZLUEUS,0,3900,3006,1800,1794,87ba020dd7ee3ec8,299,299,0,0,187,112,6.233333333333333,65,84,8.133333333333333,28,true,1206,40,113,98,65,2,1,0,0,2,1,246,190,50,6,london-link-048-a-departure,true,698,164.92982162764773,715.85,385.18333333333334,600.0653288740245,1236.4666666666667,1373.8333333333333,1547287.4964252228,1219251.8129704853,55.92862863615681,1.1357373904935792,1757312.2635131842,1757312.2635131842,1,1,0,0
profile,tfl-numbat-2019-midweek,night,6,9.966666666666667,1,1,off,free-flow,4,drop-offs,38,940GZZLUEUS,0,3900,3180,1800,1794,436349ce9314f077,299,299,0,0,201,98,6.7,65,84,9.066666666666666,14,true,1380,39,105,91,64,3,1,0,0,2,1,465,331,129,7,london-link-048-a-departure,true,529,157.62664437012262,588.5166666666667,380.46666666666664,572.8196767001115,1224.6333333333334,1541.3166666666666,1452754.1549089435,1268277.2930272776,53.38983332995992,1.1444069658963756,1662541.974619967,1659146.7690601132,1.0025092729425982,1.2021632811498402,4,0
profile,tfl-numbat-2019-midweek,night,6,9.966666666666667,1,2,off,free-flow,4,drop-offs,22,940GZZLUEUS,0,3900,3081,1800,1794,cf673c15ac76cbab,299,299,0,0,187,112,6.233333333333333,58,91,8.6,21,true,1281,45,116,104,72,4,2,0,0,2,2,540,292,248,6,london-link-048-a-departure,true,483,191.42586399108137,632.0333333333333,488.35,627.4374581939799,1382.55,1513.4666666666667,1620307.499260177,1367957.7788784085,54.22234468652929,1.0802497795282806,1750336.8188045493,1747215.0394447423,1.001959046990227,1.2370832310183666,3,0
profile,tfl-numbat-2019-midweek,night,6,9.966666666666667,1,3,off,free-flow,4,drop-offs,35,940GZZLUEUS,0,3900,2837,1800,1794,a1953c90166778c3,299,299,0,0,196,103,6.533333333333333,58,91,9.2,12,true,1037,44,108,97,65,3,2,0,0,2,1,493,364,125,5,940GZZLUWHP-01-arrival,true,583,172.96722408026756,658.1833333333333,426.76666666666665,605.7246934225194,1263.9166666666667,1436.35,1541224.163112695,1069239.289423343,59.040250558398434,1.1298237889525218,1741311.7235753348,1735431.1693801603,1.0034364460933705,1.2021632811498402,7,0
profile,tfl-numbat-2019-midweek,night,6,9.966666666666667,1,4,off,free-flow,4,drop-offs,34,940GZZLUEUS,0,3900,3151,1800,1794,6c55f4df453b5d21,299,299,0,0,186,113,6.2,65,84,8.066666666666666,29,true,1351,45,114,96,70,3,2,0,0,2,1,582,400,180,7,london-link-048-a-departure,true,386,181.54214046822742,580.8333333333334,426.6166666666667,593.7397993311038,1318.6166666666666,1547.1833333333334,1491275.2684311494,1295819.0113589333,53.506452194486535,1.1071223289767214,1651024.148327187,1646684.8076095507,1.0024990460566003,1.1873205138424665,4,0
profile,tfl-numbat-2019-midweek,night,6,9.966666666666667,1,5,off,free-flow,4,drop-offs,31,940GZZLUEUS,0,3900,3294,1800,1794,766915f15786ebbd,299,299,0,0,189,110,6.3,60,89,8.6,21,true,1494,45,113,101,66,5,2,0,0,2,2,616,424,186,5,london-link-048-a-arrival,true,539,197.79576365663323,653.8166666666667,461.98333333333335,634.2377926421404,1303.7833333333333,1511.3666666666666,1573904.033539766,1371179.6372334573,53.441742560969146,1.1153662398381152,1755479.4237272476,1753136.5907998385,1.0015768890634664,1.2337569554664247,3,0
profile,tfl-numbat-2019-midweek,night,6,9.966666666666667,1,6,off,free-flow,4,drop-offs,31,940GZZLUEUS,0,3900,3367,1800,1794,c9c347f5acaa1c78,299,299,0,0,186,113,6.2,62,87,8.266666666666667,26,true,1567,43,113,100,64,3,2,0,0,2,2,392,289,99,6,london-link-048-a-departure,true,755,207.6278149386845,760.1833333333333,474.7,642.7869565217391,1371.0833333333333,1703.5833333333333,1576895.6898026369,1480752.892869942,51.5721688469618,1.1130675102904704,1755191.3594081905,1751706.7903489764,1.001618741280725,1.1728406381508452,4,0
profile,tfl-numbat-2019-midweek,night,6,9.966666666666667,1,7,off,free-flow,4,drop-offs,28,940GZZLUEUS,0,3900,3112,1800,1794,19ed770586a0f880,299,299,0,0,198,101,6.6,57,92,9.4,9,true,1312,49,113,101,66,3,2,0,0,2,2,768,476,290,6,london-link-048-a-departure,true,658,205.2103121516165,669.4333333333333,535.7666666666667,633.9499999999999,1358.7,1577.5,1586407.9252159395,1403600.8012605235,53.0569663950587,1.079584674021839,1712661.6827789976,1707594.8239108499,1.0037143263431427,1.228183917662986,6,0
profile,tfl-numbat-2019-midweek,night,6,9.966666666666667,1,8,off,free-flow,4,drop-offs,33,940GZZLUEUS,0,3900,3466,1800,1794,d9ca85b61471451b,299,299,0,0,183,116,6.1,67,82,7.733333333333333,34,true,1666,53,117,103,65,5,2,0,0,1,1,528,371,155,7,london-link-048-a-departure,true,706,212.994370122631,759.3666666666667,586.8333333333334,640.5431995540691,1468.65,1725.7166666666667,1545429.068041685,1470036.7806382817,51.250093537560815,1.1128017845333835,1719756.224767324,1715720.783144987,1.0027583522756127,1.250673684372347,5,0
profile,tfl-numbat-2019-midweek,night,6,9.966666666666667,1,9,off,free-flow,4,drop-offs,29,940GZZLUEUS,0,3900,3539,1800,1794,9fc25a99f535443c,299,299,0,0,186,113,6.2,66,83,8,30,true,1739,49,113,105,64,3,2,0,0,2,2,270,204,60,6,london-link-022-a-arrival,true,774,204.9297658862876,869.0833333333334,481.55,636.27497212932,1345.6333333333334,1840.8,1585332.182884647,1493516.2649895141,51.49107563184099,1.0978011922640643,1740379.5604746414,1738854.935475258,1.00073618033033,1.1583985866266315,2,0
profile,tfl-numbat-2019-midweek,night,6,9.966666666666667,1,10,off,free-flow,4,drop-offs,37,940GZZLUEUS,0,3900,3038,1800,1794,87ba020dd7ee3ec8,299,299,0,0,188,111,6.266666666666667,66,83,8.133333333333333,28,true,1238,37,113,94,67,3,2,0,0,2,1,319,243,70,6,london-link-063-a-departure,true,496,155.2969342251951,513.3,378.15,591.1766443701226,1255.1166666666666,1373.8333333333333,1523605.5644773485,1209827.5493725003,55.7396322140642,1.1545278008847035,1759044.9817589386,1754687.2635131842,1.0012677412963655,1.108848349773088,5,0
profile,tfl-numbat-2019-midweek,night,5.4545449999999995,11,1,4,off,free-flow,4,destination,32,940GZZLUEUS,0,3900,3063,1800,1798.5,d940d1fbc880a2e0,330,330,0,0,201,129,6.7,70,95,8.733333333333333,34,true,1263,49,130,114,73,7,3,0,1,2,1,1544,765,772,7,london-link-098-a-arrival,true,765.5,210.0310606060606,787.1333333333333,489.3333333333333,621.9791414141414,1297.7833333333333,1481.0666666666666,1622681.6436843418,1459664.7054256033,52.64436438665972,1.1153892784630675,1809921.7076829704,1809921.7076829704,1,1,0,0
profile,tfl-numbat-2019-midweek,night,5.4545449999999995,11,1,5,off,free-flow,4,destination,38,940GZZLUEUS,0,3900,3389,1800,1798.5,abfca845ba37256f,330,330,0,0,207,123,6.9,61,104,9.733333333333333,19,true,1589,51,126,111,71,4,2,0,1,1,2,792,512,279,7,london-link-022-a-arrival,true,583.5,211.62924242424242,738.0166666666667,475.4166666666667,647.8809595959597,1355.4666666666667,1665.8666666666666,1719317.065186942,1541510.7616987678,52.72639821738135,1.121300152667479,1927870.4876081983,1927870.4876081983,1,1,0,0
profile,tfl-numbat-2019-midweek,night,5.4545449999999995,11,1,6,off,free-flow,4,destination,37,940GZZLUEUS,0,3900,3487,1800,1798.5,59ffb8ce7db2221c,330,330,0,0,196,134,6.533333333333333,71,94,8.333333333333334,40,true,1687,52,135,112,69,3,2,0,0,1,2,384,303,80,6,london-link-048-a-departure,true,707.5,225.01373737373737,832.2666666666667,503.15,663.4809595959596,1360.3666666666666,1813.45,1678066.6586279257,1611709.877644349,51.00853021857174,1.164054136482655,1953360.4352091723,1953360.4352091723,1,1,0,0
profile,tfl-numbat-2019-midweek,night,5.4545449999999995,11,1,7,off,free-flow,4,destination,39,940GZZLUEUS,0,3900,3171,1800,1798.5,773949de82aba9c7,330,330,0,0,216,114,7.2,59,106,10.466666666666667,8,true,1371,49,117,101,69,3,2,0,0,1,2,564,359,205,7,london-link-063-a-departure,true,756.5,203.71813131313132,826.9166666666666,573.1,627.929292929293,1274.8333333333333,1616.4833333333333,1654410.202215499,1478063.894363044,52.81480871693512,1.1371085363909577,1881243.9635806854,1881243.9635806854,1,1,0,0
profile,tfl-numbat-2019-midweek,night,5.4545449999999995,11,1,8,off,free-flow,4,destination,37,940GZZLUEUS,0,3900,3523,1800,1798.5,198511cc7d078efd,330,330,0,0,208,122,6.933333333333334,73,92,9,30,true,1723,60,129,114,65,3,2,0,0,1,1,478,329,147,6,london-link-048-a-departure,true,726.5,211.98181818181817,828.5833333333334,583.9,640.5755555555555,1434.0333333333333,1788.55,1652811.8107281367,1554730.65560474,51.528914365949625,1.1507152220608325,1901915.7097560887,1901915.7097560887,1,1,0,0
profile,tfl-numbat-2019-midweek,night,5.4545449999999995,11,1,9,off,free-flow,4,destination,36,940GZZLUEUS,0,3900,3674,1800,1798.5,015ae9472f5f7646,330,330,0,0,201,129,6.7,72,93,8.6,36,true,1874,54,131,114,66,4,2,0,0,2,1,591,419,171,6,london-link-013-a-departure,true,899.5,229.0640909090909,920.9333333333333,525.1666666666666,665.3460606060606,1397.1166666666666,1897.0333333333333,1731147.0155310093,1681183.79622591,50.73209811799248,1.1201745194531871,1939186.7761509172,1939186.7761509172,1,1,0,0
profile,tfl-numbat-2019-midweek,night,5.4545449999999995,11,1,10,off,free-flow,4,destination,40,940GZZLUEUS,0,3900,3621,1800,1798.5,aea7f63391bbb56d,330,330,0,0,197,133,6.566666666666666,76,89,8.066666666666666,44,true,1821,63,135,114,66,3,2,0,0,2,1,524,436,88,6,london-link-063-a-departure,true,1015.5,214.68626262626265,1102.0666666666666,596.5333333333333,642.3829797979798,1308.1666666666667,1909.6333333333334,1699526.4910412785,1528912.1071797037,52.64236686978639,1.1192582117343945,1902208.9810956721,1902208.9810956721,1,1,0,0
profile,tfl-numbat-2019-midweek,night,5.4545449999999995,11,1,1,off,free-flow,4,drop-offs,41,940GZZLUEUS,0,3900,3244,1800,1798.5,d042e9976f1d18e7,330,330,0,0,217,113,7.233333333333333,71,94,9.733333333333333,19,true,1444,46,117,102,71,4,1,0,0,2,1,665,468,191,6,london-link-048-a-departure,true,487.5,177.7532323232323,851.5666666666667,396.93333333333334,593.1534343434344,1248,1755.8666666666666,1622052.7339774393,1381722.4994262226,54.00046967360623,1.1331887302167105,1838091.8779189659,1834030.7616491884,1.0022761620440954,1.1903092773325137,5,0
profile,tfl-numbat-2019-midweek,night,5.4545449999999995,11,1,2,off,free-flow,4,drop-offs,37,940GZZLUEUS,0,3900,3107,1800,1798.5,50bea3e032ab06ac,330,330,0,0,206,124,6.866666666666666,63,102,9.533333333333333,22,true,1307,45,132,113,77,2,2,0,1,2,1,345,238,107,6,london-link-022-b-departure,true,945.5,215.35904040404043,961.7166666666667,579.0166666666667,650.6025757575758,1321.0166666666667,1560.7666666666667,1734005.850509554,1523438.5132668556,53.23209414693708,1.11768589632804,1938073.8831906344,1934873.2859768698,1.0013831784839275,1.175556071610166,3,0
profile,tfl-numbat-2019-midweek,night,5.4545449999999995,11,1,3,off,free-flow,4,drop-offs,48,940GZZLUEUS,0,3900,3059,1800,1798.5,c4a341f4642e795c,330,330,0,0,210,120,7,63,102,9.8,18,true,1259,47,123,102,68,2,3,0,0,2,2,329,233,96,6,london-link-048-a-departure,true,368.5,180.94621212121214,597,462,621.1023737373737,1302.1333333333334,1582.8,1646113.4082303725,1275575.5151220702,56.3411592203857,1.188833646142987,1956955.0050194457,1949849.082885485,1.003742315563148,1.1898426570345046,8,0
profile,tfl-numbat-2019-midweek,night,5.4545449999999995,11,1,4,off,free-flow,4,drop-offs,36,940GZZLUEUS,0,3900,3229,1800,1798.5,d940d1fbc880a2e0,330,330,0,0,202,128,6.733333333333333,70,95,8.8,33,true,1429,51,130,110,73,6,3,0,1,2,1,1103,557,541,7,london-link-098-a-arrival,true,622.5,200.245,745.9666666666667,484.1666666666667,612.9340404040404,1310.9333333333334,1495.2166666666667,1609400.5131387287,1419460.1209810623,53.135508943825414,1.1275006228094762,1814600.0808760354,1810296.7076829702,1.0027138305170575,1.2069773101380075,5,0
profile,tfl-numbat-2019-midweek,night,5.4545449999999995,11,1,5,off,free-flow,4,drop-offs,45,940GZZLUEUS,0,3900,3380,1800,1798.5,abfca845ba37256f,330,330,0,0,207,123,6.9,61,104,9.733333333333333,19,true,1580,49,128,110,68,5,2,0,1,2,1,784,473,310,7,london-link-048-a-departure,true,574.5,212.92308080808078,794.6,484.1166666666667,651.3325252525252,1375.7,1657.15,1711750.3525369163,1517239.9834420525,53.011937925727665,1.1313302455142114,1936554.9465273896,1929220.4876081976,1.0049176907245938,1.233756955466425,9,0
profile,tfl-numbat-2019-midweek,night,5.4545449999999995,11,1,6,off,free-flow,4,drop-offs,43,940GZZLUEUS,0,3900,3582,1800,1798.5,59ffb8ce7db2221c,330,330,0,0,198,132,6.6,71,94,8.466666666666667,38,true,1782,50,134,109,68,3,2,0,0,1,2,321,248,72,6,london-link-048-a-departure,true,801.5,219.5062626262626,926.8,494.96666666666664,658.8715656565656,1368.65,1907.9833333333333,1649931.2902063963,1591974.8397276355,50.89386379734475,1.1857745814118825,1956446.584950813,1952310.4352091718,1.0019753269168152,1.1898426570345046,5,0
profile,tfl-numbat-2019-midweek,night,5.4545449999999995,11,1,7,off,free-flow,4,drop-offs,45,940GZZLUEUS,0,3900,3159,1800,1798.5,773949de82aba9c7,330,330,0,0,215,115,7.166666666666667,59,106,10.4,9,true,1359,54,124,104,64,8,2,0,0,2,2,1308,516,786,6,940GZZLUWHP-01-departure,true,750.5,210.6998484848485,821.3333333333334,572.3833333333333,641.2732323232323,1323.05,1715.1,1629295.4409427159,1513376.252197069,51.844277736657794,1.1592860706561492,1888819.5096243778,1881993.963580685,1.0037365375973943,1.2069773101380075,7,0
profile,tfl-numbat-2019-midweek,night,5.4545449999999995,11,1,8,off,free-flow,4,drop-offs,38,940GZZLUEUS,0,3900,3479,1800,1798.5,198511cc7d078efd,330,330,0,0,201,129,6.7,73,92,8.533333333333333,37,true,1679,59,132,114,64,3,2,0,0,1,1,487,379,106,6,london-link-063-a-departure,true,730.5,217.7619191919192,926.5333333333333,588.65,646.4521212121213,1417.8166666666666,1898.25,1645653.516467169,1564789.3774358789,51.2593922661708,1.156577062128543,1903325.109307333,1901615.7097560884,1.000740573452039,1.1869062441939247,2,0
profile,tfl-numbat-2019-midweek,night,5.4545449999999995,11,1,9,off,free-flow,4,drop-offs,40,940GZZLUEUS,0,3900,3768,1800,1798.5,015ae9472f5f7646,330,330,0,0,201,129,6.7,72,93,8.6,36,true,1968,56,130,114,65,4,2,0,0,2,1,433,293,139,6,london-link-048-a-departure,true,993.5,232.57328282828283,1014.65,528.7833333333333,669.6674242424242,1383.6333333333334,1990.55,1716284.058417217,1696670.9113331228,50.28733380982066,1.1320674715095151,1942949.3543340757,1940236.7761509179,1.001652680911183,1.2069773101380075,3,0
profile,tfl-numbat-2019-midweek,night,5.4545449999999995,11,1,10,off,free-flow,4,drop-offs,42,940GZZLUEUS,0,3900,3514,1800,1798.5,aea7f63391bbb56d,330,330,0,0,194,136,6.466666666666667,76,89,7.866666666666666,47,true,1714,65,137,114,67,3,1,0,0,2,1,550,424,124,6,london-link-098-a-arrival,true,873.5,221.03853535353534,1077.9333333333334,592.8,649.4919191919192,1299.65,1987.8833333333334,1696195.7895494394,1563999.7594718912,52.02742485979456,1.1223133939347347,1903663.253285569,1900408.9810956724,1.0015067246281995,1.1616596532812775,4,0
profile,tfl-numbat-2019-midweek,night,5,11.966666666666667,1,4,off,free-flow,4,destination,43,940GZZLUEUS,0,3900,3453,1800,1795,14fd782f6192a723,359,359,0,0,215,144,7.166666666666667,78,101,9.133333333333333,43,true,1653,61,145,114,74,6,3,0,1,1,2,1022,549,472,7,london-link-048-a-departure,true,963,228.6596564531105,1047.1,576.35,644.7157845868153,1384.45,1757.5833333333333,1744348.9970435393,1616039.5185779529,51.90914648513278,1.1421474197399457,1992303.7060213936,1992303.7060213936,1,1,0,0
profile,tfl-numbat-2019-midweek,night,5,11.966666666666667,1,5,off,free-flow,4,destination,44,940GZZLUEUS,0,3900,3478,1800,1795,f6ddd26e669cd969,359,359,0,0,218,141,7.266666666666667,71,108,9.8,33,true,1678,60,146,114,73,3,2,0,0,1,2,659,433,226,7,london-link-048-a-departure,true,781,251.5349582172702,812.9,614.0333333333333,684.724930362117,1378.3166666666666,1732.5833333333333,1832771.1952254474,1718916.4476360315,51.60282602297885,1.1399186328707454,2089210.0351228644,2089210.0351228644,1,1,0,0
profile,tfl-numbat-2019-midweek,night,5,11.966666666666667,1,6,off,free-flow,4,destination,50,940GZZLUEUS,0,3900,3681,1800,1795,b5cd0f2d5304d2b6,359,359,0,0,215,144,7.166666666666667,78,101,9.133333333333333,43,true,1881,61,147,114,71,4,2,0,0,1,1,563,414,146,7,london-link-048-a-departure,true,919,249.31759517177346,1113.2666666666667,612.5,689.266713091922,1419.1166666666666,1940.9666666666667,1809606.960890172,1767463.91736799,50.58907196637244,1.1760644732184455,2128214.4570921594,2128214.4570921594,1,1,0,0
profile,tfl-numbat-2019-midweek,night,5,11.966666666666667,1,7,off,free-flow,4,destination,39,940GZZLUEUS,0,3900,3443,1800,1795,221288f488d941de,359,359,0,0,229,130,7.633333333333334,68,111,10.733333333333333,19,true,1643,61,131,114,70,3,2,0,0,2,2,585,429,155,6,london-link-048-a-departure,true,729,236.83491179201485,843.5166666666667,563.4833333333333,660.9337047353761,1405.2,1707.7166666666667,1839394.8437063694,1688161.7668871277,52.14359531984658,1.1129188326449087,2047097.1621268026,2047097.1621268026,1,1,0,0
profile,tfl-numbat-2019-midweek,night,5,11.966666666666667,1,8,off,free-flow,4,destination,50,940GZZLUEUS,0,3900,3382,1800,1795,d682dfc86defe4fe,359,359,0,0,219,140,7.3,77,102,9.466666666666667,38,true,1582,66,145,114,68,4,2,0,0,1,2,785,525,260,7,london-link-013-a-departure,true,889,225.78992571959145,998.4833333333333,634.1166666666667,648.7753946146704,1296.4,1776.8,1737344.9257113324,1608383.5457062484,51.92725412577254,1.17313179173504,2038134.565482977,2038134.565482977,1,1,0,0
profile,tfl-numbat-2019-midweek,night,5,11.966666666666667,1,9,off,free-flow,4,destination,44,940GZZLUEUS,0,3900,3532,1800,1795,17d87c6b527b1399,359,359,0,0,207,152,6.9,74,105,8.866666666666667,47,true,1732,70,153,114,70,3,2,0,0,1,1,585,424,161,7,london-link-048-a-departure,true,1022,271.41977715877437,1046.4,724.3833333333333,710.442061281337,1410.9,1836.9166666666667,1833767.1790371165,1804743.1136515704,50.3988454484225,1.158557043277681,2124523.880897212,2124523.880897212,1,1,0,0
profile,tfl-numbat-2019-midweek,night,5,11.966666666666667,1,10,off,free-flow,4,destination,52,940GZZLUEUS,0,3900,3568,1800,1795,444297ae7214c885,359,359,0,0,211,148,7.033333333333333,72,107,9.266666666666667,41,true,1768,75,150,114,69,6,2,0,1,2,2,711,410,298,7,london-link-048-a-departure,true,1090,250.29456824512536,1114.8666666666666,725.2833333333333,683.4225162488393,1441.0333333333333,1887.2833333333333,1825386.2320732803,1698203.6710933922,51.80472989869775,1.1422122263102163,2084978.471910407,2084978.471910407,1,1,0,0
profile,tfl-numbat-2019-midweek,night,5,11.966666666666667,1,1,off,free-flow,4,drop-offs,52,940GZZLUEUS,0,3900,3680,1800,1795,2be3e529710e9875,359,359,0,0,234,125,7.8,83,96,10.066666666666666,29,true,1880,51,126,109,75,4,2,0,1,2,1,599,356,241,7,london-link-048-a-departure,true,918,180.294243268338,997.8666666666667,462.26666666666665,602.3445682451254,1261.35,1964.2166666666667,1751572.75534786,1442892.696866539,54.83148218534253,1.1600024339327886,2031828.6593326444,2026962.4828660896,1.0025205685241265,1.1887282126396161,6,0
profile,tfl-numbat-2019-midweek,night,5,11.966666666666667,1,2,off,free-flow,4,drop-offs,44,940GZZLUEUS,0,3900,3624,1800,1795,4211505d27680b8b,359,359,0,0,226,133,7.533333333333333,68,111,10.533333333333333,22,true,1824,67,136,114,75,3,2,0,0,2,2,687,479,206,7,london-link-063-a-departure,true,862,239.8489322191272,991.4333333333333,632.0333333333333,676.3882079851439,1402.1666666666667,1898.2666666666667,1843656.0381175275,1764120.1001116682,51.10228482808384,1.1437036790923938,2108596.19366749,2103386.541795119,1.0028813695898453,1.1903092773325137,5,0
profile,tfl-numbat-2019-midweek,night,5,11.966666666666667,1,3,off,free-flow,4,drop-offs,59,940GZZLUEUS,0,3900,3005,1800,1795,e593d26bccbd6209,359,359,0,0,224,135,7.466666666666667,69,110,10.333333333333334,25,true,1205,63,143,114,73,4,2,0,0,2,1,842,510,324,7,london-link-048-a-departure,true,861,218.76573816155988,950.4333333333333,567.1666666666666,657.9341225626741,1411.8166666666666,1595.4833333333333,1786128.0413406796,1489003.7011233552,54.53606699793065,1.185632017830682,2117690.5936645907,2111894.8898687325,1.0032776034058877,1.1898426570345046,7,0
profile,tfl-numbat-2019-midweek,night,5,11.966666666666667,1,4,off,free-flow,4,drop-offs,53,940GZZLUEUS,0,3900,3286,1800,1795,14fd782f6192a723,359,359,0,0,221,138,7.366666666666666,78,101,9.533333333333333,37,true,1486,59,143,114,74,6,3,0,1,1,2,1079,623,456,7,london-link-098-b-departure,true,761,209.2186165273909,835.2833333333333,503.1166666666667,626.5016248839369,1356.1333333333334,1590.1666666666667,1707131.3003669726,1565244.2201161045,52.167952292802916,1.1730230315446766,2002504.3331327518,1991328.7060213932,1.0060034368615849,1.3337492109140654,11,0
profile,tfl-numbat-2019-midweek,night,5,11.966666666666667,1,5,off,free-flow,4,drop-offs,47,940GZZLUEUS,0,3900,3609,1800,1795,f6ddd26e669cd969,359,359,0,0,224,135,7.466666666666667,71,108,10.2,27,true,1809,60,145,114,76,3,2,0,1,1,1,513,352,161,7,london-link-048-a-departure,true,961,238.0817548746518,965.4333333333333,566.5666666666667,671.8854224698235,1391.5666666666666,1896.8333333333333,1835985.3782218257,1695716.3467288953,51.9858561455227,1.1401987977148669,2093388.3207655014,2090260.0351228637,1.0017605044571734,1.1903092773325137,3,0
profile,tfl-numbat-2019-midweek,night,5,11.966666666666667,1,6,off,free-flow,4,drop-offs,55,940GZZLUEUS,0,3900,3647,1800,1795,b5cd0f2d5304d2b6,359,359,0,0,219,140,7.3,78,101,9.4,39,true,1847,58,145,114,71,3,2,0,0,2,2,444,349,93,6,london-link-013-a-departure,true,903,233.96736304549674,939.8,561.75,674.1467966573816,1438.75,1906.15,1811591.9168841275,1685427.2052835922,51.803889358236184,1.1769709325932523,2132191.027793119,2127614.45709216,1.0020273835204594,1.2571109175199207,6,0
profile,tfl-numbat-2019-midweek,night,5,11.966666666666667,1,7,off,free-flow,4,drop-offs,44,940GZZLUEUS,0,3900,3454,1800,1795,221288f488d941de,359,359,0,0,230,129,7.666666666666667,68,111,10.8,18,true,1654,58,129,114,72,3,2,0,0,2,2,487,348,138,6,london-link-048-a-departure,true,954,234.95779944289694,1163.6,615.2333333333333,660.1502321262767,1440.1333333333334,1803.4333333333334,1838555.300634286,1687541.2288430333,52.141377448529994,1.1167722403314135,2053247.5219584699,2046497.1621268026,1.0034045446143216,1.2069773101380075,8,0
profile,tfl-numbat-2019-midweek,night,5,11.966666666666667,1,8,off,free-flow,4,drop-offs,58,940GZZLUEUS,0,3900,3537,1800,1795,d682dfc86defe4fe,359,359,0,0,226,133,7.533333333333333,77,102,9.933333333333334,31,true,1737,62,138,114,70,4,2,0,0,2,1,590,415,173,7,london-link-063-a-departure,true,808,208.9269730733519,937.4333333333333,593.5166666666667,633.4736304549675,1358.8833333333334,1931.4,1739209.7033038689,1617744.2384344912,51.809161921454276,1.1763115858256685,2045852.5240983241,2038734.5654829775,1.00412738726136,1.2445509134624422,9,0
profile,tfl-numbat-2019-midweek,night,5,11.966666666666667,1,9,off,free-flow,4,drop-offs,51,940GZZLUEUS,0,3900,3516,1800,1795,17d87c6b527b1399,359,359,0,0,212,147,7.066666666666666,73,106,9.266666666666667,41,true,1716,63,150,114,75,4,4,0,0,2,2,722,427,295,6,london-link-048-a-departure,true,958,247.72070566388115,962.7833333333333,633.1666666666666,691.3473073351903,1402.25,1780.9166666666667,1849689.0684112571,1777524.9018141949,50.99476026489523,1.1559152714145466,2138083.8414325747,2126173.880897212,1.005559444837933,1.2429572087513785,12,0
profile,tfl-numbat-2019-midweek,night,5,11.966666666666667,1,10,off,free-flow,4,drop-offs,60,940GZZLUEUS,0,3900,3615,1800,1795,444297ae7214c885,359,359,0,0,212,147,7.066666666666666,73,106,9.266666666666667,41,true,1815,74,151,114,71,3,1,0,1,2,2,520,345,169,7,london-link-048-a-departure,true,1061,249.4893686165274,1085.4,682.5333333333333,683.4637883008356,1439.2833333333333,2032.55,1784008.7846577622,1696876.4204366207,51.251583420413006,1.1741009914065317,2094606.4826525496,2083928.4719104078,1.0043791431172904,1.1898426570345046,12,0
