pattern,demand_profile,demand_band,request_every_seconds,offered_per_minute,burst_size,seed,policy,routing_policy,platoon_policy,shared_ride_party_limit,sharing_mode,sharing_join,shared_parties,full_pod_refusals,full_departures,departure_backlog,departures_demand_over_four,departures_over_four_aboard,join_eligible_assigned,join_eligible_existing_stop,join_eligible_added_stop_only,reassigned_parties,focus_station,window_start_seconds,window_end_seconds,actual_end_seconds,arrival_window_seconds,arrival_end_seconds,schedule_id,scheduled,served,remaining,skipped,completed_at_arrival_end,backlog_at_arrival_end,arrival_throughput_per_minute,completed_at_arrival_midpoint,backlog_at_arrival_midpoint,late_arrival_throughput_per_minute,late_backlog_change,drained,drain_seconds,peak_pending,peak_outstanding,peak_active_vehicles,peak_passenger_vehicles,peak_stopped_vehicles,peak_focus_approaching,peak_focus_entrance_stopped,peak_focus_exit_stopped,peak_focus_occupied_berths,peak_focus_reserved_empty_berths,stopped_pod_seconds,junction_wait_seconds,track_wait_seconds,peak_node_throughput_per_minute,peak_node,queue_cleared,queue_clear_seconds,wait_average_seconds,wait_maximum_seconds,wait_p95_seconds,journey_average_seconds,journey_p95_seconds,journey_maximum_seconds,passenger_distance_meters,empty_distance_meters,loaded_distance_percent,occupancy,rider_distance_meters,direct_distance_meters,detour_ratio_mean,detour_ratio_max,intermediate_stops,positioning_moves,coupled_time_percent
profile,tfl-numbat-2019-midweek,early,60,0.9666666666666667,1,1,off,free-flow,virtual,4,drop-offs,unassigned,0,0,0,9,0,0,6,2,4,0,940GZZLUEUS,0,3900,2588,1800,1740,9528258c1baa82ba,29,29,0,0,19,10,0.6333333333333333,6,8,0.8666666666666667,2,true,788,4,10,10,9,1,0,0,0,1,0,3,1,2,2,940GZZLULVT-01-arrival,true,215,108.86724137931034,274.26666666666665,254.53333333333333,554.3074712643678,868.65,907.1666666666666,175363.26653690037,205991.72869473742,45.984258428392536,1,175363.2665354108,175363.2665354108,1,1,0,0,0
profile,tfl-numbat-2019-midweek,early,60,0.9666666666666667,1,1,off,free-flow,virtual,4,drop-offs,reassign-existing,2,0,0,7,0,0,6,2,4,2,940GZZLUEUS,0,3900,2513,1800,1740,9528258c1baa82ba,29,29,0,0,19,10,0.6333333333333333,7,7,0.8,3,true,713,4,10,10,9,1,0,0,0,1,0,3,1,2,3,london-link-030-a-arrival,true,135,96.70517241379311,236.65,229.86666666666667,542.1448275862069,832.7833333333333,868.65,164134.15329261418,188789.2312551702,46.50702120601224,1.0684142393215914,175363.2665354108,175363.2665354108,1,1,0,0,0
profile,tfl-numbat-2019-midweek,early,60,0.9666666666666667,1,2,off,free-flow,virtual,4,drop-offs,unassigned,1,0,0,17,0,0,11,1,10,0,940GZZLUEUS,0,3900,2511,1800,1740,bb5eef7e7cabdb3b,29,29,0,0,20,9,0.6666666666666666,6,8,0.9333333333333333,1,true,711,4,13,12,9,0,0,0,0,1,1,0,0,0,3,london-link-009-a-arrival,true,185,131.95344827586206,295.9166666666667,280.31666666666666,608.4040229885057,890.6333333333333,913.75,181115.29620128524,189945.2210433735,48.81017725792337,1.0362918174495146,187688.29946667125,186992.10622258438,1.0029548948628195,1.085691951021767,1,0,0
profile,tfl-numbat-2019-midweek,early,60,0.9666666666666667,1,2,off,free-flow,virtual,4,drop-offs,reassign-existing,2,0,0,12,0,0,10,2,8,2,940GZZLUEUS,0,3900,2490,1800,1740,bb5eef7e7cabdb3b,29,29,0,0,20,9,0.6666666666666666,6,8,0.9333333333333333,1,true,690,4,12,11,10,1,0,0,0,1,1,1,0,1,2,940GZZLULVT-01-arrival,true,185,120.4522988505747,280.31666666666666,279.6166666666667,594.2609195402299,869.6666666666666,918.4,173741.94878324773,179112.76664557788,49.23894769894134,1.0754000834730038,186842.1062225844,186842.1062225844,1,1,0,0,0
profile,tfl-numbat-2019-midweek,early,60,0.9666666666666667,1,3,off,free-flow,virtual,4,drop-offs,unassigned,1,0,0,11,0,0,8,1,7,0,940GZZLUEUS,0,3900,2555,1800,1740,47735eda4f594ac0,29,29,0,0,22,7,0.7333333333333333,6,8,1.0666666666666667,-1,true,755,4,12,12,10,1,0,0,0,1,0,1,0,1,3,london-link-013-a-arrival,true,220,109.19827586206897,279.6166666666667,249.18333333333334,568.4436781609195,870.0833333333334,874.3333333333334,172901.9303355624,193672.19624757537,47.1669760076067,1.045267930086737,180728.84282819697,180728.84282819697,1,1,0,0,0
profile,tfl-numbat-2019-midweek,early,60,0.9666666666666667,1,3,off,free-flow,virtual,4,drop-offs,reassign-existing,2,0,0,9,0,0,8,1,7,1,940GZZLUEUS,0,3900,2519,1800,1740,47735eda4f594ac0,29,29,0,0,22,7,0.7333333333333333,6,8,1.0666666666666667,-1,true,719,4,12,11,10,1,0,0,0,1,0,1,0,1,2,940GZZLUFCN-01-arrival,true,190,101.06206896551724,249.18333333333334,242,560.8701149425287,824.5833333333334,838.5333333333333,166403.92706846353,183633.252797403,47.538929188101996,1.0865359130341758,180803.84282819697,180803.84282819697,1,1,0,0,0
profile,tfl-numbat-2019-midweek,early,30,1.9666666666666666,1,1,off,free-flow,virtual,4,drop-offs,unassigned,2,0,0,48,4,0,25,13,12,0,940GZZLUEUS,0,3900,2514,1800,1770,383a7529680b260f,59,59,0,0,35,24,1.1666666666666667,12,17,1.5333333333333334,7,true,714,9,26,25,19,1,0,0,0,1,1,18,14,4,5,london-link-009-a-arrival,true,263,156.13870056497174,363.6666666666667,354.65,613.7398305084746,932.0666666666667,953.0166666666667,354443.1105145786,374541.85326800845,48.621456974287874,1.0323982949080177,365926.4629326151,364411.60168360017,1.0032870796832105,1.1142946344023401,2,0,0
profile,tfl-numbat-2019-midweek,early,30,1.9666666666666666,1,1,off,free-flow,virtual,4,drop-offs,reassign-existing,10,0,0,18,1,0,20,8,12,8,940GZZLUEUS,0,3900,2423,1800,1770,383a7529680b260f,59,59,0,0,40,19,1.3333333333333333,12,17,1.8666666666666667,2,true,623,8,23,19,14,1,0,0,0,1,1,5,4,1,3,london-link-009-a-arrival,true,238,120.45254237288137,296.2,288.06666666666666,576.7649717514124,859.3666666666667,924.45,296427.94414932636,314281.1502776357,48.538321576407725,1.2323577344944519,365305.2696885282,364486.60168360017,1.00193719719326,1.1142946344023401,1,0,0
profile,tfl-numbat-2019-midweek,early,30,1.9666666666666666,1,2,off,free-flow,virtual,4,drop-offs,unassigned,1,0,0,105,13,0,32,16,16,0,940GZZLUEUS,0,3900,2596,1800,1770,d1340ee5a623df89,59,59,0,0,36,23,1.2,11,18,1.6666666666666667,5,true,796,10,26,26,17,1,0,0,0,1,1,16,12,4,4,london-link-010-a-departure,true,258,186.56214689265536,377.55,355.4,650.4581920903955,945.65,978.3333333333334,362302.9778726146,427570.3616660735,45.868490520798105,1.0222172380162884,370352.3493613477,369593.250302165,1.0014718535935703,1.0868393620206458,1,0,0
profile,tfl-numbat-2019-midweek,early,30,1.9666666666666666,1,2,off,free-flow,virtual,4,drop-offs,reassign-existing,16,1,1,24,2,0,24,12,12,12,940GZZLUEUS,0,3900,2345,1800,1770,d1340ee5a623df89,59,59,0,0,38,21,1.2666666666666666,11,18,1.8,3,true,545,8,22,18,13,1,0,0,0,1,1,9,6,3,3,london-link-009-a-arrival,true,115,104.47175141242937,297.25,274.26666666666665,573.0966101694914,850.9166666666666,929.9833333333333,264023.1794244788,277333.1692433959,48.770681284918034,1.4191915238977875,374699.4583475512,369518.250302165,1.0115295285559252,1.1007669338610058,4,0,0
profile,tfl-numbat-2019-midweek,early,30,1.9666666666666666,1,3,off,free-flow,virtual,4,drop-offs,unassigned,0,0,0,65,4,0,26,12,14,0,940GZZLUEUS,0,3900,2719,1800,1770,badaff981b31ddb7,59,59,0,0,40,19,1.3333333333333333,11,18,1.9333333333333333,1,true,919,8,22,22,16,1,0,0,0,1,1,18,14,4,4,london-link-009-a-arrival,true,372,162.00536723163842,371.68333333333334,361.48333333333335,618.55,947.1666666666666,950.1166666666667,364992.5610805288,408717.21492391557,47.17435043478528,1,364992.56107588904,364992.56107588904,1,1,0,0,0
profile,tfl-numbat-2019-midweek,early,30,1.9666666666666666,1,3,off,free-flow,virtual,4,drop-offs,reassign-existing,8,0,0,32,1,0,25,8,17,8,940GZZLUEUS,0,3900,2672,1800,1770,badaff981b31ddb7,59,59,0,0,40,19,1.3333333333333333,12,17,1.8666666666666667,2,true,872,8,21,20,15,1,0,0,0,1,1,13,10,3,4,london-link-069-a-departure,true,325,120.1641242937853,324.65,298.9166666666667,576.495197740113,874.3333333333334,910.6333333333333,306621.45978058875,348531.3213333287,46.80151998427885,1.1896348068439084,364767.56107588904,364767.56107588904,1,1,0,0,0
profile,tfl-numbat-2019-midweek,early,20,2.966666666666667,1,1,off,free-flow,virtual,4,drop-offs,unassigned,4,0,0,169,22,0,50,31,19,0,940GZZLUEUS,0,3900,2684,1800,1780,4a2d770f2630dd23,89,89,0,0,51,38,1.7,18,26,2.2,12,true,884,16,38,37,26,2,0,0,0,1,1,43,34,9,5,london-link-069-a-departure,true,285,192.61198501872659,410.25,404.28333333333336,651.4095505617977,1009.7333333333333,1043.0666666666666,529660.3234974149,593915.347642046,47.140600949490675,1.0426843874942353,552268.549979768,550876.1634915941,1.001925661820714,1.085691951021767,2,0,0.002437597503900156
profile,tfl-numbat-2019-midweek,early,20,2.966666666666667,1,1,off,free-flow,virtual,4,drop-offs,reassign-existing,23,0,0,54,8,0,43,18,25,18,940GZZLUEUS,0,3900,2574,1800,1780,4a2d770f2630dd23,89,89,0,0,54,35,1.8,18,26,2.4,9,true,774,10,36,26,20,1,0,0,0,1,1,24,15,9,5,london-link-009-a-arrival,true,162,120.67228464419476,317.75,296.2,579.8078651685394,899.6666666666666,953.4333333333333,394995.4914877674,440688.7128304942,47.266119120918255,1.399945119183572,552972.0104008149,551176.1634915944,1.0024836450642876,1.1105222053607933,1,0,0
profile,tfl-numbat-2019-midweek,early,20,2.966666666666667,1,2,off,free-flow,virtual,4,drop-offs,unassigned,5,0,0,149,21,0,43,28,15,0,940GZZLUEUS,0,3900,2690,1800,1780,19332ce46bf440c5,89,89,0,0,59,30,1.9666666666666666,14,30,3,0,true,890,14,36,35,26,1,0,0,0,1,1,31,24,7,6,london-link-069-a-departure,true,276,179.4320224719101,388.3666666666667,372.18333333333334,635.1550561797753,977.7166666666667,1010.6666666666666,512615.3264218923,566351.69307321,47.50982348485205,1.0689188769784443,547944.1990334049,544411.9494171848,1.0051307877556817,1.1259876259352548,4,0,0.30476577480348954
profile,tfl-numbat-2019-midweek,early,20,2.966666666666667,1,2,off,free-flow,virtual,4,drop-offs,reassign-existing,23,1,1,60,9,0,43,20,23,20,940GZZLUEUS,0,3900,2713,1800,1780,19332ce46bf440c5,89,89,0,0,62,27,2.066666666666667,15,29,3.1333333333333333,-2,true,913,10,33,26,21,1,0,0,0,1,1,55,44,11,5,london-link-069-a-departure,true,294,121.11985018726591,353.8833333333333,292.93333333333334,577.0880149812734,873.3666666666667,992.6666666666666,384071.3125230672,436040.18734593457,46.831596994361824,1.4257719554185921,547598.1062691896,543511.9494171848,1.0056890335648283,1.1115519957498883,3,0,0.6165228113440198
profile,tfl-numbat-2019-midweek,early,20,2.966666666666667,1,3,off,free-flow,virtual,4,drop-offs,unassigned,3,0,0,168,24,0,44,23,21,0,940GZZLUEUS,0,3900,2742,1800,1780,1023c2b2435ed2d7,89,89,0,0,55,34,1.8333333333333333,19,25,2.4,9,true,942,14,37,35,27,1,0,0,0,1,1,44,33,11,5,940GZZLUPAC-01-arrival,true,329,176.05917602996254,389.4,369.01666666666665,635.1996254681649,965.7333333333333,1021.8,532062.4121225614,565771.65953822,48.4647385116831,1.0391540418759355,552894.8060818585,552894.8060818585,1,1,0,0,0.5916938171741003
profile,tfl-numbat-2019-midweek,early,20,2.966666666666667,1,3,off,free-flow,virtual,4,drop-offs,reassign-existing,21,0,1,47,7,0,40,18,22,18,940GZZLUEUS,0,3900,2656,1800,1780,1023c2b2435ed2d7,89,89,0,0,59,30,1.9666666666666666,19,25,2.6666666666666665,5,true,856,12,35,26,20,1,0,0,0,1,1,32,23,9,4,940GZZLUPAC-01-arrival,true,237,107.97883895131085,300.28333333333336,286.8,570.2331460674158,870.0833333333334,935.7166666666667,398764.1526303817,417652.71595171525,48.84320351230995,1.3949743005431365,556265.7448901434,552594.8060818585,1.0050768854548155,1.1129607013696479,2,0,0.793916655500469
profile,tfl-numbat-2019-midweek,early,15,3.966666666666667,1,1,off,free-flow,virtual,4,drop-offs,unassigned,5,0,0,357,37,0,75,54,21,0,940GZZLUEUS,0,3900,2860,1800,1785,1609c532807f9008,119,119,0,0,73,46,2.433333333333333,20,39,3.533333333333333,7,true,1060,23,50,49,32,3,0,0,0,1,1,243,196,47,6,london-link-033-a-departure,true,490,235.00812324929973,495.96666666666664,480.8,709.2341736694679,1089.6833333333334,1119.5833333333333,726367.2242058298,805550.1695811582,47.41556086194753,1.0475275056996403,760889.6466348439,757646.2214140517,1.0032260554924737,1.1058955185161006,4,0,1.3526742012992792
profile,tfl-numbat-2019-midweek,early,15,3.966666666666667,1,1,off,free-flow,virtual,4,drop-offs,reassign-existing,41,0,2,76,14,0,66,36,30,36,940GZZLUEUS,0,3900,2707,1800,1785,1609c532807f9008,119,119,0,0,83,36,2.7666666666666666,21,38,4.133333333333334,-2,true,907,15,44,32,24,1,0,0,0,1,1,21,16,5,4,940GZZLUOVL-01-arrival,true,360,126.53179271708683,359.25,313.81666666666666,600.1670868347338,917.7166666666667,960.5166666666667,476900.3299034737,576543.0406544451,45.27061854790547,1.599251445069641,762683.5417421986,756896.2214140513,1.0064938331539155,1.1817013652118589,5,0,0.3121991830788043
profile,tfl-numbat-2019-midweek,early,15,3.966666666666667,1,2,off,free-flow,virtual,4,drop-offs,unassigned,7,0,0,343,40,0,67,55,12,0,940GZZLUEUS,0,3900,2797,1800,1785,c5ea67b17f25e70e,119,119,0,0,76,43,2.533333333333333,18,41,3.8666666666666667,2,true,997,18,47,45,32,1,0,0,0,1,1,55,40,15,5,london-link-009-a-arrival,true,410,209.90084033613445,441.8,430.35,663.3152661064426,1028.3833333333334,1080.4333333333334,686152.355758202,759097.8776257435,47.47637052108461,1.0621765274859556,728814.9265968951,725756.8819520401,1.0031012746305672,1.096802756601761,4,0,0
profile,tfl-numbat-2019-midweek,early,15,3.966666666666667,1,2,off,free-flow,virtual,4,drop-offs,reassign-existing,42,0,1,75,13,0,60,37,23,37,940GZZLUEUS,0,3900,2798,1800,1785,c5ea67b17f25e70e,119,119,0,0,86,33,2.8666666666666667,22,37,4.266666666666667,-4,true,998,14,42,30,22,1,0,0,0,1,1,29,22,7,4,940GZZLUPAC-01-arrival,true,374,117.95756302521008,391.6166666666667,304.96666666666664,570.703781512605,875.6333333333333,1030.4,446317.9762452833,553218.8039671446,44.652481537540716,1.633357570990868,728996.8455599581,725756.8819520404,1.0038915577755945,1.180458617807708,3,0,0
profile,tfl-numbat-2019-midweek,early,15,3.966666666666667,1,3,off,free-flow,virtual,4,drop-offs,unassigned,7,0,0,288,36,0,58,41,17,0,940GZZLUEUS,0,3900,2808,1800,1785,a02f25ab84cc8d7d,119,119,0,0,76,43,2.533333333333333,22,37,3.6,6,true,1008,18,48,45,31,1,0,0,0,1,1,65,46,19,5,940GZZLUPAC-01-arrival,true,375,186.96344537815128,415.53333333333336,403.03333333333336,652.9838935574229,1022.3,1099.6166666666666,694068.89682912,734685.1116590446,48.578614142510695,1.0785214760021322,748568.2110890704,744407.9728173974,1.0041213875624708,1.1105222053607933,5,0,0.23954849898910532
profile,tfl-numbat-2019-midweek,early,15,3.966666666666667,1,3,off,free-flow,virtual,4,drop-offs,reassign-existing,33,1,2,80,16,0,60,30,30,30,940GZZLUEUS,0,3900,2711,1800,1785,a02f25ab84cc8d7d,119,119,0,0,81,38,2.7,25,34,3.7333333333333334,4,true,911,13,46,32,24,2,0,0,0,1,1,80,66,14,5,london-link-069-a-departure,true,292,115.96008403361344,353.56666666666666,291.81666666666666,582.7162464985995,874.4666666666667,991.8166666666667,505917.1477885133,513920.51888183865,49.607615439452466,1.4796426618976795,748576.5952434912,743732.9728173977,1.0055894925722952,1.1559109732048354,3,0,1.477211796246649
profile,tfl-numbat-2019-midweek,early,12,4.966666666666667,1,1,off,free-flow,virtual,4,drop-offs,unassigned,13,0,0,564,51,0,92,72,20,0,940GZZLUEUS,0,3900,2811,1800,1788,fde388a840555436,149,149,0,0,88,61,2.933333333333333,25,49,4.2,12,true,1011,27,65,60,36,2,0,0,0,1,1,230,189,41,6,london-link-009-a-arrival,true,408,235.80581655480987,502.55,481.1333333333333,714.9008948545861,1116.3333333333333,1187.9,863987.0859522705,924628.9706211005,48.30478194451056,1.1127296505325022,961384.0482936881,950908.6494512907,1.0083051197164294,1.166482428927728,12,0,0.7413339434847271
profile,tfl-numbat-2019-midweek,early,12,4.966666666666667,1,1,off,free-flow,virtual,4,drop-offs,reassign-existing,58,0,5,117,22,0,91,55,36,55,940GZZLUEUS,0,3900,2642,1800,1788,fde388a840555436,149,149,0,0,96,53,3.2,25,49,4.733333333333333,4,true,842,16,55,36,24,2,0,0,0,1,1,82,58,24,5,940GZZLUPAC-01-arrival,true,277,121.19082774049217,325.8666666666667,269.8666666666667,594.1620805369128,867.25,961.1,547341.0788289348,611091.9402728133,47.24840105588016,1.7399735024990228,952358.9739884698,949858.6494512906,1.001927327913055,1.1001662485122718,2,0,0.33052778204053684
profile,tfl-numbat-2019-midweek,early,12,4.966666666666667,1,2,off,free-flow,virtual,4,drop-offs,unassigned,14,0,0,498,47,0,86,68,18,0,940GZZLUEUS,0,3900,2782,1800,1788,0db4ec5e24e7ed35,149,149,0,0,96,53,3.2,22,52,4.933333333333334,1,true,982,28,58,52,36,3,0,0,0,1,1,227,184,43,6,940GZZLUPAC-01-departure,true,381,223.2191275167785,486.8333333333333,475.8333333333333,680.8326621923937,1073.2333333333333,1124.2833333333333,833054.1837156945,921739.6912656184,47.47305057265291,1.102568553612233,918499.3464891305,911421.5062785232,1.00633961543081,1.16410454218367,8,0,1.229979785414399
profile,tfl-numbat-2019-midweek,early,12,4.966666666666667,1,2,off,free-flow,virtual,4,drop-offs,reassign-existing,55,3,2,144,24,0,85,49,36,49,940GZZLUEUS,0,3900,2583,1800,1788,0db4ec5e24e7ed35,149,149,0,0,102,47,3.4,25,49,5.133333333333334,-2,true,783,20,53,38,27,1,1,0,0,1,1,56,44,12,4,940GZZLUPAC-diverge,true,232,127.62897091722594,357.73333333333335,311.5833333333333,581.1880313199105,878.2833333333333,992.9666666666667,545898.6835103867,621339.7574368006,46.76839490202211,1.6724963331372296,913013.5464318306,910671.506278523,1.0023442243839935,1.1480806081212382,3,0,0
profile,tfl-numbat-2019-midweek,early,12,4.966666666666667,1,3,off,free-flow,virtual,4,drop-offs,unassigned,11,0,0,529,49,0,80,64,16,0,940GZZLUEUS,0,3900,2859,1800,1788,8d13d145a9ef1806,149,149,0,0,90,59,3,26,48,4.266666666666667,11,true,1059,25,61,54,36,2,0,0,0,1,1,198,153,45,6,940GZZLUPAC-01-departure,true,482,221.5195749440716,508,465.56666666666666,687.6578299776286,1094.35,1175.15,859408.2251604561,934366.9684686224,47.91058702410436,1.0882137642115386,935219.8597702442,930942.5919286269,1.0039517208366444,1.1559109732048352,6,0,2.4561163231299505
profile,tfl-numbat-2019-midweek,early,12,4.966666666666667,1,3,off,free-flow,virtual,4,drop-offs,reassign-existing,54,3,6,135,22,0,81,47,34,47,940GZZLUEUS,0,3900,2461,1800,1788,8d13d145a9ef1806,149,149,0,0,100,49,3.3333333333333335,31,43,4.6,6,true,661,18,55,38,27,1,0,0,0,1,1,46,36,10,5,london-link-009-a-arrival,true,195,120.81331096196868,323.5833333333333,297.73333333333335,583.203355704698,870.25,954.3166666666667,556064.20192616,576143.3285217535,49.11327534680634,1.675691521767626,931792.068726298,929517.5919286268,1.002485062941304,1.1559710172386208,2,0,0
profile,tfl-numbat-2019-midweek,early,10,5.966666666666667,1,1,off,free-flow,virtual,4,drop-offs,unassigned,24,0,3,685,59,0,106,87,19,0,940GZZLUEUS,0,3900,2930,1800,1790,aadad49ab1254db9,179,179,0,0,101,78,3.3666666666666667,27,62,4.933333333333334,16,true,1130,33,78,65,41,3,1,0,0,1,1,328,239,89,6,940GZZLUPAC-01-arrival,true,504,237.5441340782123,523.95,488.1166666666667,721.3933891992551,1128.2,1204.6666666666667,980457.9917117471,1146316.6900222548,46.10069887198206,1.1861482863241093,1162968.5667949645,1145151.488624008,1.011951831022296,1.1895599476918954,15,0,3.486392380757316
profile,tfl-numbat-2019-midweek,early,10,5.966666666666667,1,1,off,free-flow,virtual,4,drop-offs,reassign-existing,76,6,12,157,26,0,117,74,43,74,940GZZLUEUS,0,3900,2750,1800,1790,aadad49ab1254db9,179,179,0,0,119,60,3.966666666666667,27,62,6.133333333333334,-2,true,950,23,68,42,28,1,0,0,0,1,1,54,40,14,5,london-link-069-a-departure,true,331,119.67188081936685,355.4,282.18333333333334,594.1862197392924,859.8833333333333,987.8333333333334,621224.7048139556,707454.0042481376,46.75507333540963,1.8483602958689092,1148247.0792183948,1144251.4886240077,1.0026484459052327,1.104154917680003,2,0,0.31914674573269913
profile,tfl-numbat-2019-midweek,early,10,5.966666666666667,1,2,off,free-flow,virtual,4,drop-offs,unassigned,15,0,0,792,67,0,118,99,19,0,940GZZLUEUS,0,3900,2908,1800,1790,2b255de325ea94d8,179,179,0,0,105,74,3.5,24,65,5.4,9,true,1108,35,75,70,43,2,2,0,0,1,2,282,222,60,7,london-link-069-a-departure,true,523,258.95316573556795,532.8833333333333,493,717.7540968342645,1110.2166666666667,1155.5666666666666,1005141.0134739487,1204822.6271024714,45.48224210656153,1.0970430758427951,1102682.9891867726,1094168.1971933101,1.0066260290552234,1.184440149101361,10,0,1.334731388392031
profile,tfl-numbat-2019-midweek,early,10,5.966666666666667,1,2,off,free-flow,virtual,4,drop-offs,reassign-existing,77,5,9,149,30,0,108,70,38,70,940GZZLUEUS,0,3900,2734,1800,1790,2b255de325ea94d8,179,179,0,0,126,53,4.2,32,57,6.266666666666667,-4,true,934,21,64,42,30,2,0,0,0,1,1,63,49,14,5,london-link-009-a-arrival,true,355,118.70940409683426,364.15,305.76666666666665,571.807635009311,880.0833333333334,966.8833333333333,598035.5068325902,704601.3064216791,45.909612007553186,1.8314545663429116,1095274.8598415393,1093043.1971933101,1.0023079173601466,1.16410454218367,2,0,0.21210912069218976
profile,tfl-numbat-2019-midweek,early,10,5.966666666666667,1,3,off,free-flow,virtual,4,drop-offs,unassigned,23,0,1,708,62,0,99,81,18,0,940GZZLUEUS,0,3900,2891,1800,1790,26744e71f4c37b72,179,179,0,0,106,73,3.533333333333333,29,60,5.133333333333334,13,true,1091,32,76,63,37,2,0,0,0,1,1,210,160,49,6,london-link-068-a-arrival,true,468,224.4688081936685,514.25,478,701.2435754189944,1104.9166666666667,1220.85,983480.2632222916,1066356.5911578124,47.978465267652155,1.168174481514993,1148876.5466817482,1131604.1332244077,1.0118384513000747,1.2046466221312568,16,0,0.4234128674904133
profile,tfl-numbat-2019-midweek,early,10,5.966666666666667,1,3,off,free-flow,virtual,4,drop-offs,reassign-existing,73,9,11,163,28,0,103,66,37,66,940GZZLUEUS,0,3900,2629,1800,1790,26744e71f4c37b72,179,179,0,0,117,62,3.9,33,56,5.6,6,true,829,19,66,44,30,1,1,0,0,1,1,53,35,18,4,940GZZLULVT-01-departure,true,268,113.27253258845438,337.8333333333333,271.68333333333334,586.5265363128492,858.75,1018.75,617894.8654766878,659682.1021131574,48.3645902479245,1.8491786425698826,1142597.9886190444,1130029.1332244072,1.0084584389663402,1.1181392995449786,6,0,0.004279997432001541
profile,tfl-numbat-2019-midweek,early,8.571429,7,1,1,off,free-flow,virtual,4,drop-offs,unassigned,42,1,3,820,72,0,122,104,18,0,940GZZLUEUS,0,3900,2926,1800,1799,3563668f01b58088,210,210,0,0,117,93,3.9,29,76,5.866666666666666,17,true,1126,37,94,73,46,5,2,0,0,1,2,520,422,97,7,london-link-009-a-arrival,true,545,241.54714285714286,580.4333333333333,550.95,734.7529365079365,1167.0666666666666,1297.8,1096428.7514159516,1243165.235357042,46.86406092743716,1.2659914518312547,1388069.426957781,1361831.202767958,1.0156562988060631,1.2747856031503002,26,0,3.1359572738883084
profile,tfl-numbat-2019-midweek,early,8.571429,7,1,1,off,free-flow,virtual,4,drop-offs,reassign-existing,102,16,16,216,32,0,137,94,43,94,940GZZLUEUS,0,3900,2648,1800,1799,3563668f01b58088,210,210,0,0,124,86,4.133333333333334,39,66,5.666666666666667,20,true,848,25,86,47,31,2,1,0,0,1,1,156,122,34,5,940GZZLUPAC-merge,true,254,117.07412698412698,333.8833333333333,262.96666666666664,599.1725396825397,869.8,955.4666666666667,653174.9428837486,763596.2454367148,46.10306507277765,2.089257190618906,1364650.4461983296,1360331.2027679577,1.0031218481966366,1.1559109732048354,3,0,0.007704382830782862
profile,tfl-numbat-2019-midweek,early,8.571429,7,1,2,off,free-flow,virtual,4,drop-offs,unassigned,31,0,1,906,72,0,135,118,17,0,940GZZLUEUS,0,3900,2905,1800,1799,2c5e275a02e8aba7,210,210,0,0,124,86,4.133333333333334,29,76,6.333333333333333,10,true,1105,41,87,79,46,3,2,0,0,1,2,287,224,63,8,london-link-069-b-arrival,true,538,256.5622222222222,583.2833333333333,537.1833333333333,721.3653174603174,1146.7666666666667,1236.4833333333333,1106913.8189855407,1278704.882677745,46.399444228609774,1.1836266840862415,1310172.733246235,1293281.7027547231,1.0098527739836025,1.1980423813242134,18,0,2.0185591014929463
profile,tfl-numbat-2019-midweek,early,8.571429,7,1,2,off,free-flow,virtual,4,drop-offs,reassign-existing,97,10,14,209,33,0,133,90,43,90,940GZZLUEUS,0,3900,2796,1800,1799,2c5e275a02e8aba7,210,210,0,0,139,71,4.633333333333334,39,66,6.666666666666667,5,true,996,25,76,49,30,2,1,0,0,1,1,138,109,29,6,940GZZLUPAC-exit,true,404,135.27349206349206,442.6666666666667,363.03333333333336,592.8625396825397,899.6166666666667,1021.8666666666667,666052.2990811012,803222.03652757,45.33205834601188,1.9444336266026703,1295094.487458348,1292681.702754723,1.001456955932065,1.1095112540447287,3,0,0.7359705611775529
profile,tfl-numbat-2019-midweek,early,8.571429,7,1,3,off,free-flow,virtual,4,drop-offs,unassigned,36,0,1,864,73,0,112,95,17,0,940GZZLUEUS,0,3900,2886,1800,1799,ddd650abd105cd58,210,210,0,0,127,83,4.233333333333333,32,73,6.333333333333333,10,true,1086,37,87,77,44,2,2,0,0,1,2,422,338,84,7,london-link-048-b-departure,true,504,228.30436507936508,564.1,545.55,705.6530158730159,1136.3166666666666,1259.95,1102927.4069011533,1149736.509259279,48.961027829710396,1.2215896947346139,1347324.7544281874,1322721.0729633423,1.0154934328827803,1.1903092773325137,26,0,2.817309608197127
profile,tfl-numbat-2019-midweek,early,8.571429,7,1,3,off,free-flow,virtual,4,drop-offs,reassign-existing,89,17,13,215,35,0,122,77,45,77,940GZZLUEUS,0,3900,2829,1800,1799,ddd650abd105cd58,210,210,0,0,145,65,4.833333333333333,40,65,7,0,true,1029,23,78,50,36,2,1,0,0,1,1,132,98,26,5,london-link-009-a-arrival,true,435,111.7038888888889,434.8,273.43333333333334,579.7007936507937,834.15,1029.5166666666667,713930.838819074,742700.5185472064,49.01245845139053,1.8607469621543922,1328444.6395879274,1319121.0729633418,1.005736051214622,1.1873205138424665,7,0,0.5004686035613871
profile,tfl-numbat-2019-midweek,early,7.5,7.966666666666667,1,1,off,free-flow,virtual,4,drop-offs,unassigned,51,2,7,961,80,0,138,121,17,0,940GZZLUEUS,0,3900,2878,1800,1792.5,63b1ce4d79486c0c,239,239,0,0,130,109,4.333333333333333,31,88,6.6,21,true,1078,45,110,82,53,3,2,0,0,1,2,496,389,107,7,london-link-069-a-departure,true,503.5,247.15634588563458,606.0833333333334,582.1,743.3087866108787,1198.1,1373.8166666666666,1217287.8488346068,1308701.3560020935,48.190540422887594,1.3067384681452938,1590676.858965936,1552733.584971387,1.019858924675568,1.2944558459332471,33,0,2.2887494483968527
profile,tfl-numbat-2019-midweek,early,7.5,7.966666666666667,1,1,off,free-flow,virtual,4,drop-offs,reassign-existing,115,28,22,289,39,0,157,106,51,106,940GZZLUEUS,0,3900,2792,1800,1792.5,63b1ce4d79486c0c,239,239,0,0,164,75,5.466666666666667,36,83,8.533333333333333,-8,true,992,29,92,55,33,2,1,0,0,1,1,232,192,40,6,940GZZLUPAC-01-departure,true,183.5,126.94421199442121,325.6,273.71666666666664,610.9174337517434,893.25,1096.1333333333334,749890.2823028418,882764.1515747724,45.93074117477664,2.0816056092870636,1560975.8180831987,1551458.5849713874,1.0049559335747542,1.1761782053909076,6,0,0.7352879738638547
profile,tfl-numbat-2019-midweek,early,7.5,7.966666666666667,1,2,off,free-flow,virtual,4,drop-offs,unassigned,47,0,4,992,88,0,150,136,14,0,940GZZLUEUS,0,3900,2975,1800,1792.5,b14207684481cacc,239,239,0,0,140,99,4.666666666666667,33,86,7.133333333333334,13,true,1175,44,101,80,50,4,2,0,0,1,2,409,308,101,6,940GZZLULVT-01-departure,true,587.5,252.22566248256626,586.9666666666667,551.1666666666666,724.2937238493724,1157.4833333333333,1228.7666666666667,1193595.505899692,1359271.1124551473,46.75510648765851,1.2681766305374491,1513689.926990319,1483818.6865510899,1.0158498894668606,1.2934205984570486,29,0,1.8429371844696425
profile,tfl-numbat-2019-midweek,early,7.5,7.966666666666667,1,2,off,free-flow,virtual,4,drop-offs,reassign-existing,121,22,22,236,38,0,158,113,45,113,940GZZLUEUS,0,3900,2689,1800,1792.5,b14207684481cacc,239,239,0,0,159,80,5.3,52,67,7.133333333333334,13,true,889,28,88,54,33,2,1,0,0,1,1,142,102,40,4,940GZZLUOVL-01-arrival,true,335.5,129.2594142259414,428.56666666666666,329.78333333333336,591.6899581589958,900.5166666666667,1024.35,694169.5190203885,857009.8057773489,44.75108118855975,2.1476971767468687,1490865.9162507746,1482543.6865510899,1.0045323749556372,1.192826172563563,5,0,0.573408615200605
profile,tfl-numbat-2019-midweek,early,7.5,7.966666666666667,1,3,off,free-flow,virtual,4,drop-offs,unassigned,55,1,4,943,72,0,126,102,24,0,940GZZLUEUS,0,3900,2816,1800,1792.5,93ce2d6fb7cde873,239,239,0,0,144,95,4.8,38,81,7.066666666666666,14,true,1016,39,100,78,46,2,2,0,0,1,2,357,275,82,8,london-link-009-a-arrival,true,439.5,216.2986750348675,585.8333333333334,520.2166666666667,698.1006276150628,1122.0333333333333,1254.8166666666666,1150156.519192393,1232790.5655359067,48.26613761436219,1.3425399408577998,1544131.0653654402,1508073.5933517055,1.0190407755086393,1.2025395663720042,30,0,2.028932555404588
profile,tfl-numbat-2019-midweek,early,7.5,7.966666666666667,1,3,off,free-flow,virtual,4,drop-offs,reassign-existing,107,19,18,244,33,0,146,92,54,92,940GZZLUEUS,0,3900,2660,1800,1792.5,93ce2d6fb7cde873,239,239,0,0,156,83,5.2,46,73,7.333333333333333,10,true,860,24,87,53,36,2,1,0,0,1,1,128,101,26,6,london-link-009-a-arrival,true,290.5,119.7884239888424,322.5833333333333,270.0833333333333,591.4673640167365,840.4666666666667,911.9333333333333,778506.2331070188,833163.2780277843,48.30433458773193,1.9547757394615706,1521805.0975958055,1504923.593351705,1.0096062067511484,1.1728406381508452,12,0,0
profile,tfl-numbat-2019-midweek,early,6.666667,8.966666666666667,1,1,off,free-flow,virtual,4,drop-offs,unassigned,67,2,7,999,90,0,141,127,14,0,940GZZLUEUS,0,3900,3065,1800,1793.3333333333333,4a2c0b0e2de5a8b9,269,269,0,0,153,116,5.1,35,99,7.866666666666666,17,true,1265,44,118,88,52,2,2,0,0,1,2,454,339,115,6,940GZZLULVT-01-departure,true,666.6666666666666,241.05353159851302,666.6333333333333,581,735.769950433705,1199.0333333333333,1310.3666666666666,1307671.7935416023,1354837.5566955982,49.114261079500174,1.3641749356989492,1783893.0849283282,1744802.5896569216,1.0181308502816258,1.280956619594185,37,0,2.022575208131161
profile,tfl-numbat-2019-midweek,early,6.666667,8.966666666666667,1,1,off,free-flow,virtual,4,drop-offs,reassign-existing,134,35,26,279,44,0,173,119,54,119,940GZZLUEUS,0,3900,2725,1800,1793.3333333333333,4a2c0b0e2de5a8b9,269,269,0,0,173,96,5.766666666666667,45,89,8.533333333333333,7,true,925,28,103,54,37,2,1,0,0,1,1,170,124,35,6,london-link-009-a-arrival,true,359.6666666666667,117.94541511771995,387.9,254.86666666666667,602.851610904585,871.9333333333333,1096.1333333333334,828205.089732124,854187.2568858649,49.22782081106197,2.1219467862134422,1757407.128613228,1743752.5896569216,1.0066273179100256,1.166482428927728,10,0,0.9156915497066546
profile,tfl-numbat-2019-midweek,early,6.666667,8.966666666666667,1,2,off,free-flow,virtual,4,drop-offs,unassigned,61,1,4,1223,98,0,162,143,19,0,940GZZLUEUS,0,3900,3069,1800,1793.3333333333333,d22cf29e05f827ac,269,269,0,0,153,116,5.1,38,96,7.666666666666667,20,true,1269,51,118,91,52,3,2,0,0,1,2,801,592,209,8,london-link-057-b-departure,true,645.6666666666666,264.8302354399009,658.55,613.1833333333333,741.7297397769516,1210.45,1309.0333333333333,1290158.3314222135,1467742.0957614821,46.780453663430244,1.3277181743880435,1712966.6645311436,1671482.6817698611,1.0196474698950209,1.1986526523914152,36,0,4.856351746754904
profile,tfl-numbat-2019-midweek,early,6.666667,8.966666666666667,1,2,off,free-flow,virtual,4,drop-offs,reassign-existing,142,32,29,314,44,0,179,129,50,129,940GZZLUEUS,0,3900,2797,1800,1793.3333333333333,d22cf29e05f827ac,269,269,0,0,177,92,5.9,53,81,8.266666666666667,11,true,997,32,99,59,33,3,1,0,0,1,1,292,229,61,7,london-link-069-a-departure,true,391.6666666666667,125.72589838909542,418.15,309.98333333333335,591.456195786865,877.65,1062.6333333333334,744986.8066248053,935666.5597939361,44.3272135414977,2.2565410331156515,1681093.2983736247,1668932.6817698614,1.0060141474391977,1.1751777120211824,7,0,1.3229269556487524
profile,tfl-numbat-2019-midweek,early,6.666667,8.966666666666667,1,3,off,free-flow,virtual,4,drop-offs,unassigned,66,0,2,1114,87,0,144,124,20,0,940GZZLUEUS,0,3900,2910,1800,1793.3333333333333,d987e36c0704b230,269,269,0,0,162,107,5.4,42,92,8,15,true,1110,46,115,88,50,5,2,0,0,1,2,645,510,134,7,london-link-009-a-arrival,true,564.6666666666666,236.47187112763322,816.4333333333333,580.2333333333333,719.6118339529121,1189.7666666666667,1326.3166666666666,1280119.1809815522,1371071.4244189234,48.28469059802601,1.355611137119022,1735343.8186468254,1693677.2864348313,1.0197546825689074,1.2234829067304414,39,0,3.7843450152417195
profile,tfl-numbat-2019-midweek,early,6.666667,8.966666666666667,1,3,off,free-flow,virtual,4,drop-offs,reassign-existing,129,32,22,313,37,0,158,103,55,103,940GZZLUEUS,0,3900,2510,1800,1793.3333333333333,d987e36c0704b230,269,269,0,0,182,87,6.066666666666666,48,86,8.933333333333334,1,true,710,30,100,59,38,2,1,0,0,1,1,260,204,56,6,london-link-009-a-arrival,true,203.66666666666666,111.67143742255266,339.65,266.8333333333333,587.4390334572491,856.65,956.9666666666667,829120.8841000058,881243.4920319241,48.47627182080943,2.069293365086487,1715694.3444493269,1691277.2864348302,1.0118847844383025,1.2069302128827228,18,0,1.2956147811364847
profile,tfl-numbat-2019-midweek,early,6,9.966666666666667,1,1,off,free-flow,virtual,4,drop-offs,unassigned,85,4,7,1190,101,0,153,139,14,0,940GZZLUEUS,0,3900,3001,1800,1794,813f7f4fec7f70d2,299,299,0,0,178,121,5.933333333333334,46,103,8.8,18,true,1201,53,124,93,54,5,2,0,0,1,2,683,483,195,8,london-link-009-b-departure,true,574,238.04710144927537,651.05,606.3333333333334,739.858082497213,1244.75,1424.2333333333333,1401444.975809879,1399769.6822798732,50.0299029837854,1.4300236763830665,2004099.4965883743,1944770.7559318675,1.0245101780518016,1.2750275159785756,53,0,2.865684349029131
profile,tfl-numbat-2019-midweek,early,6,9.966666666666667,1,1,off,free-flow,virtual,4,drop-offs,reassign-existing,157,41,35,309,46,0,192,136,56,136,940GZZLUEUS,0,3900,2773,1800,1794,813f7f4fec7f70d2,299,299,0,0,198,101,6.6,50,99,9.866666666666667,2,true,973,30,117,59,43,2,1,0,0,1,1,215,169,45,5,940GZZLUPAC-01-arrival,true,358,119.99425863991081,417.4,296.6,605.3172798216276,896.2,1096.1333333333334,864146.3150006501,951807.4992567031,47.58635975299013,2.265485412613486,1957710.8711564008,1942895.755931867,1.0063792495232418,1.167470328609608,11,0,0.4476423667963528
profile,tfl-numbat-2019-midweek,early,6,9.966666666666667,1,2,off,free-flow,virtual,4,drop-offs,unassigned,75,3,7,1327,110,0,179,157,22,0,940GZZLUEUS,0,3900,2947,1800,1794,a6937e018b1fcc1f,299,299,0,0,168,131,5.6,42,107,8.4,24,true,1147,58,131,99,56,4,2,0,0,1,2,832,602,228,9,london-link-010-a-departure,true,567,264.7213489409142,677.6666666666666,626.5,742.5610367892976,1231.95,1329.2,1384064.9272036077,1548760.5799332245,47.19220164430443,1.3732565223243016,1900676.1886383449,1849174.415084611,1.0221460230935875,1.2907118910939726,47,0,5.285188104754134
profile,tfl-numbat-2019-midweek,early,6,9.966666666666667,1,2,off,free-flow,virtual,4,drop-offs,reassign-existing,160,52,33,385,51,0,207,146,61,146,940GZZLUEUS,0,3900,2732,1800,1794,a6937e018b1fcc1f,299,299,0,0,202,97,6.733333333333333,62,87,9.333333333333334,10,true,932,39,107,63,37,4,2,0,0,2,2,390,326,62,6,940GZZLUPAC-exit,true,365,133.41616499442586,462.28333333333336,294.35,596.9246376811594,867.0833333333334,1051.6333333333334,814782.3425878839,1012238.9148688982,44.59621579455856,2.2781010143372455,1856156.4812472947,1845949.4150846112,1.005109850141835,1.2978202053892265,8,0,2.251169849500443
profile,tfl-numbat-2019-midweek,early,6,9.966666666666667,1,3,off,free-flow,virtual,4,drop-offs,unassigned,90,8,11,1151,90,0,151,129,22,0,940GZZLUEUS,0,3900,2908,1800,1794,569e16cc1ad11ec7,299,299,0,0,188,111,6.266666666666667,48,101,9.333333333333334,10,true,1108,49,120,92,52,5,2,0,0,1,2,714,529,183,8,london-link-009-a-arrival,true,546,217.09258639910814,652.8833333333333,589.1833333333333,710.1520624303233,1198.2,1313,1332875.8463155788,1390027.6277567537,48.950536036525385,1.4761764987011439,1967560.0000715384,1899124.5306804895,1.0291741708097084,1.2602275196997421,58,0,4.779658489299829
profile,tfl-numbat-2019-midweek,early,6,9.966666666666667,1,3,off,free-flow,virtual,4,drop-offs,reassign-existing,149,61,28,423,47,0,196,132,64,132,940GZZLUEUS,0,3900,2644,1800,1794,569e16cc1ad11ec7,299,299,0,0,194,105,6.466666666666667,57,92,9.133333333333333,13,true,844,38,112,65,40,2,1,0,0,1,1,311,249,62,6,london-link-030-b-departure,true,340,127.27792642140467,387.78333333333336,282.76666666666665,604.4753065774805,867.6833333333333,1030.65,885993.0520190619,981849.5726118723,47.43403112958324,2.1667213382364285,1919700.0515004557,1897849.5306804895,1.0096588627845307,1.195971572214744,13,0,1.1049401612221397
profile,tfl-numbat-2019-midweek,early,5.4545449999999995,11,1,1,off,free-flow,virtual,4,drop-offs,unassigned,105,7,14,1326,107,0,163,147,16,0,940GZZLUEUS,0,3900,3514,1800,1798.5,20e33643790350cf,330,330,0,0,185,145,6.166666666666667,47,118,9.2,27,true,1714,60,149,103,62,5,2,0,0,2,2,904,717,187,8,london-link-009-a-arrival,true,749.5,240.53444444444446,865.2166666666667,649.75,746.6917171717172,1287.3666666666666,1831.5666666666666,1468040.719441121,1594111.3996460617,47.941469344074875,1.514772848336338,2223748.2220700057,2142222.0907105505,1.0315667165482196,1.2973325477924411,65,0,3.765141408162003
profile,tfl-numbat-2019-midweek,early,5.4545449999999995,11,1,1,off,free-flow,virtual,4,drop-offs,reassign-existing,173,54,39,411,50,0,218,158,60,158,940GZZLUEUS,0,3900,3175,1800,1798.5,20e33643790350cf,330,330,0,0,208,122,6.933333333333334,59,106,9.933333333333334,16,true,1375,37,125,71,44,3,1,0,0,1,1,764,349,237,7,london-link-069-a-departure,true,562.5,134.88414141414142,573.2833333333333,305.65,621.1576262626262,893.0333333333333,1408.9833333333333,952027.8041053877,1132811.60433828,45.6643231248241,2.2609306017700037,2152468.796240507,2140122.090710551,1.0056962329243724,1.1993633544468763,9,0,3.711458184324486
profile,tfl-numbat-2019-midweek,early,5.4545449999999995,11,1,2,off,free-flow,virtual,4,drop-offs,unassigned,84,3,7,1849,132,0,196,177,19,0,940GZZLUEUS,0,3900,3172,1800,1798.5,9a5fd55d60a95da3,330,330,0,0,181,149,6.033333333333333,46,119,9,30,true,1372,70,149,114,69,7,2,0,0,1,2,1755,1054,698,12,london-link-009-a-arrival,true,743.5,286.31217171717174,781.7833333333333,690.3666666666667,766.4000505050504,1310.6833333333334,1412.3833333333334,1532724.1173154484,1857558.899851379,45.20932646491285,1.3634611851805565,2089809.8415417685,2044536.6204109523,1.0186995422405614,1.2900010471067682,42,0,6.751959300436633
profile,tfl-numbat-2019-midweek,early,5.4545449999999995,11,1,2,off,free-flow,virtual,4,drop-offs,reassign-existing,185,44,37,388,51,0,224,167,57,167,940GZZLUEUS,0,3900,2772,1800,1798.5,9a5fd55d60a95da3,330,330,0,0,219,111,7.3,67,98,10.133333333333333,13,true,972,36,120,64,41,2,1,0,0,1,1,273,212,60,7,london-link-010-a-departure,true,363.5,120.20373737373737,449.76666666666665,295.56666666666666,585.0181818181818,869.9833333333333,1071.4,852814.8618321009,1056895.0319148859,44.656775598455816,2.4148802114584056,2059445.7340372514,2040261.6204109525,1.008036438258503,1.1993633544468763,15,0,0.8966628177165747
profile,tfl-numbat-2019-midweek,early,5.4545449999999995,11,1,3,off,free-flow,virtual,4,drop-offs,unassigned,107,5,16,1174,101,0,167,149,18,0,940GZZLUEUS,0,3900,2964,1800,1798.5,3aa6ead3ecd2761f,330,330,0,0,200,130,6.666666666666667,53,112,9.8,18,true,1164,48,136,93,53,4,2,0,0,1,2,610,463,147,7,london-link-010-a-departure,true,578.5,221.0780808080808,688.1833333333333,590.2166666666667,715.5022727272727,1241.2,1358.1333333333334,1410474.3147646463,1430225.700352394,49.65235002846765,1.5373086215992748,2168334.324659862,2083360.0067648394,1.0334150967884617,1.2863627042936565,66,0,3.4444958129381877
profile,tfl-numbat-2019-midweek,early,5.4545449999999995,11,1,3,off,free-flow,virtual,4,drop-offs,reassign-existing,176,65,34,480,50,0,228,158,70,158,940GZZLUEUS,0,3900,2747,1800,1798.5,3aa6ead3ecd2761f,330,330,0,0,218,112,7.266666666666667,64,101,10.266666666666667,11,true,947,35,124,67,43,3,1,0,0,1,1,353,278,73,6,940GZZLUPAC-exit,true,309.5,124.76575757575758,344.1333333333333,266.1166666666667,597.8364141414141,853.0333333333333,947.8833333333333,921159.3112003036,1074166.973705836,46.1658485716603,2.278998340188734,2099320.54146098,2081410.0067648396,1.0085543908721775,1.1869062441939247,11,0,1.2528784183346733
profile,tfl-numbat-2019-midweek,early,5,11.966666666666667,1,1,off,free-flow,virtual,4,drop-offs,unassigned,114,16,16,1627,123,0,187,169,18,0,940GZZLUEUS,0,3900,3389,1800,1795,5608ed1bb22ab7e5,359,359,0,0,208,151,6.933333333333334,50,129,10.533333333333333,22,true,1589,67,153,112,63,5,2,0,0,2,2,1458,1088,365,8,london-link-009-a-arrival,true,925,260.8218198700093,929.8666666666667,687.2833333333333,767.1213091922006,1314.85,1783.9166666666667,1597115.8398027467,1851197.1366314108,46.31586084898528,1.5099069672973033,2411496.3340586815,2324331.8144697566,1.030946574491134,1.2715327232353122,68,0,5.284131165765688
profile,tfl-numbat-2019-midweek,early,5,11.966666666666667,1,1,off,free-flow,virtual,4,drop-offs,reassign-existing,191,83,42,552,56,0,244,173,71,173,940GZZLUEUS,0,3900,3078,1800,1795,5608ed1bb22ab7e5,359,359,0,0,238,121,7.933333333333334,64,115,11.6,6,true,1278,40,140,71,49,3,0,0,0,1,1,861,493,218,7,london-link-068-a-arrival,true,467,133.4681522748375,485.65,298.43333333333334,619.3642989786443,887.6166666666667,1457.3666666666666,1015184.8307818562,1187747.8539874274,46.08333417542343,2.300873274310906,2335811.6458679205,2320956.814469755,1.005627091699012,1.175556071610166,9,0,4.430387528277762
profile,tfl-numbat-2019-midweek,early,5,11.966666666666667,1,2,off,free-flow,virtual,4,drop-offs,unassigned,110,2,10,1888,133,0,197,175,22,0,940GZZLUEUS,0,3900,3026,1800,1795,706d8f75a32eac66,359,359,0,0,207,152,6.9,51,128,10.4,24,true,1226,76,155,114,64,7,2,0,0,1,2,3078,1886,1192,11,london-link-009-a-arrival,true,584,278.67140204271124,837.3833333333333,737.5166666666667,758.8009285051068,1383.05,1571.9666666666667,1574077.885716068,1849025.6531187398,45.98394024189725,1.4443991563421155,2273596.7701245,2209431.4692169083,1.0242775540600482,1.3249566356672553,56,0,8.492791815824967
profile,tfl-numbat-2019-midweek,early,5,11.966666666666667,1,2,off,free-flow,virtual,4,drop-offs,reassign-existing,206,68,47,443,57,0,253,188,65,188,940GZZLUEUS,0,3900,2783,1800,1795,706d8f75a32eac66,359,359,0,0,234,125,7.8,75,104,10.6,21,true,983,44,136,69,43,2,1,0,0,1,1,435,344,91,7,london-link-033-b-departure,true,354,121.2847260909935,443.76666666666665,298.26666666666665,584.5732126276695,860.3333333333334,1077.2,886418.4092223905,1125336.7355900803,44.06194319960442,2.5056135366523207,2221021.9654666944,2204331.4692169093,1.005749699764597,1.1583985866266315,10,0,2.2434167925750055
profile,tfl-numbat-2019-midweek,early,5,11.966666666666667,1,3,off,free-flow,virtual,4,drop-offs,unassigned,116,18,20,1582,118,0,193,169,24,0,940GZZLUEUS,0,3900,3083,1800,1795,e90e4c4c349d670e,359,359,0,0,213,146,7.1,52,127,10.733333333333333,19,true,1283,64,152,106,57,6,2,0,0,1,2,1682,1220,460,8,london-link-009-a-arrival,true,658,249.9650417827298,694.65,669.7333333333333,748.8534818941505,1293.6333333333334,1475.85,1569501.294377748,1722567.0073698766,47.67523485295137,1.5121927487369862,2373388.476455148,2271462.518991435,1.0376606370708021,1.2785181235853302,76,0,5.5719265021590605
profile,tfl-numbat-2019-midweek,early,5,11.966666666666667,1,3,off,free-flow,virtual,4,drop-offs,reassign-existing,199,82,41,612,54,0,244,170,74,170,940GZZLUEUS,0,3900,2695,1800,1795,e90e4c4c349d670e,359,359,0,0,232,127,7.733333333333333,67,112,11,15,true,895,44,140,72,45,3,0,0,0,1,1,436,349,87,7,940GZZLUPAC-exit,true,329,132.86118848653666,365.21666666666664,292.23333333333335,609.8701021355618,884.2833333333333,934.9666666666667,961451.463993554,1119272.752666181,46.2075394853148,2.3898952282089234,2297768.2661688705,2269887.518991437,1.011005594910677,1.2701909142808576,18,0,2.6928727676385127
profile,tfl-numbat-2019-midweek,early,4.615385,13.033333333333333,1,1,off,free-flow,virtual,4,drop-offs,unassigned,134,28,23,1761,129,0,196,176,20,0,940GZZLUEUS,0,3900,3373,1800,1798.6,90c3c036d47733d8,391,391,0,0,219,172,7.3,50,145,11.266666666666667,27,true,1573,82,172,114,67,6,2,0,0,2,2,1454,1137,317,7,london-link-009-a-arrival,true,694.4,258.99590792838876,915.85,699.9333333333333,761.2038363171356,1314.9333333333334,1882.2,1664353.1161126508,1909277.6184670296,46.57316996990757,1.574513384333956,2620546.2575066932,2519865.504008942,1.0322531867975286,1.2863627042936563,73,0,4.2660458577254055
profile,tfl-numbat-2019-midweek,early,4.615385,13.033333333333333,1,1,off,free-flow,virtual,4,drop-offs,reassign-existing,216,79,55,616,61,0,266,192,74,192,940GZZLUEUS,0,3900,2912,1800,1798.6,90c3c036d47733d8,391,391,0,0,237,154,7.9,65,130,11.466666666666667,24,true,1112,47,157,76,50,3,2,0,0,1,2,1157,741,287,7,london-link-033-a-arrival,true,545.4,132.75831202046035,545.1333333333333,324.28333333333336,617.7751491901108,925.6166666666667,1390.5666666666666,1061227.0257886774,1222266.323231145,46.47383913967621,2.394270404822891,2540864.460898405,2516190.504008944,1.0081660737299711,1.2261850331505735,14,0,3.9711959702736737
profile,tfl-numbat-2019-midweek,early,4.615385,13.033333333333333,1,2,off,free-flow,virtual,4,drop-offs,unassigned,136,4,11,1975,140,0,201,187,14,0,940GZZLUEUS,0,3900,2857,1800,1798.6,dd76da605dc6d0b3,391,391,0,0,216,175,7.2,59,136,10.466666666666667,39,true,1057,76,175,114,78,14,2,0,0,1,2,4550,1840,2710,13,london-link-069-a-departure,true,517.4,263.88955669224214,803.7833333333333,732.9166666666666,759.2097186700768,1407.2666666666667,1579.6333333333334,1625868.308049428,1753208.693227588,48.11575194749875,1.5380073970425874,2500597.4843558213,2412374.7482605577,1.0308298156991802,1.2969810902435661,77,0,9.95332800086976
profile,tfl-numbat-2019-midweek,early,4.615385,13.033333333333333,1,2,off,free-flow,virtual,4,drop-offs,reassign-existing,228,83,53,590,65,0,276,208,68,208,940GZZLUEUS,0,3900,2814,1800,1798.6,dd76da605dc6d0b3,391,391,0,0,247,144,8.233333333333333,79,116,11.2,28,true,1014,45,146,78,45,4,2,0,0,1,2,682,543,139,6,940GZZLUPAC-01-arrival,true,443.4,135.3333759590793,471.96666666666664,296.23333333333335,601.4502131287297,881.2666666666667,1061.3166666666666,958621.23346944,1214981.4185308442,44.102873751430934,2.5319708192043477,2427200.9900413277,2410124.7482605563,1.0069368202618976,1.1873205138424665,12,0,3.2554022974177426
profile,tfl-numbat-2019-midweek,early,4.615385,13.033333333333333,1,3,off,free-flow,virtual,4,drop-offs,unassigned,135,21,25,1942,125,0,203,174,29,0,940GZZLUEUS,0,3900,3028,1800,1798.6,42c18a3a5d04a7c1,391,391,0,0,225,166,7.5,55,140,11.333333333333334,26,true,1228,83,167,114,59,12,2,0,0,1,2,3256,1669,1587,8,london-link-009-b-arrival,true,622.4,258.1286018755328,815.8666666666667,760.05,756.3512787723785,1357.4333333333334,1569.9833333333333,1635452.3675150608,1802857.9143065184,47.565584064990674,1.5760249219313138,2577513.689772597,2473628.395056712,1.034635303715282,1.2942103944131924,77,0,6.6131652227722775
profile,tfl-numbat-2019-midweek,early,4.615385,13.033333333333333,1,3,off,free-flow,virtual,4,drop-offs,reassign-existing,222,95,52,699,64,0,277,195,82,195,940GZZLUEUS,0,3900,2576,1800,1798.6,42c18a3a5d04a7c1,391,391,0,0,264,127,8.8,70,125,12.933333333333334,2,true,776,43,145,76,52,5,0,0,0,1,1,547,439,104,7,london-link-069-a-departure,true,308.4,130.08866155157713,401.5833333333333,290.3833333333333,605.6104433077578,855.05,955.6,1003554.791810827,1141313.4289186187,46.78864566651695,2.4837373418038617,2492566.511215637,2469803.3950567124,1.0092338093351072,1.2348915801954208,14,0,1.9837856980244353
profile,tfl-numbat-2019-midweek,early,4.2857140000000005,14,1,1,off,free-flow,virtual,4,drop-offs,unassigned,159,43,27,1848,143,0,207,187,20,0,940GZZLUEUS,0,3900,3192,1800,1799,c19c8f7ced0a6fad,420,420,0,0,240,180,8,49,161,12.733333333333333,19,true,1392,80,181,114,67,6,2,0,0,1,2,1272,974,298,8,london-link-069-a-departure,true,720,253.19845238095238,881.2666666666667,689.55,757.5293253968254,1301.3833333333334,1804,1706791.074029916,1940305.0930036367,46.79863090690511,1.6530422526742252,2821397.761761753,2701703.0891309218,1.035812816595164,1.302209427544702,89,0,5.092724626194013
profile,tfl-numbat-2019-midweek,early,4.2857140000000005,14,1,1,off,free-flow,virtual,4,drop-offs,reassign-existing,249,126,65,750,70,0,294,218,76,218,940GZZLUEUS,0,3900,2853,1800,1799,c19c8f7ced0a6fad,420,420,0,0,268,152,8.933333333333334,70,140,13.2,12,true,1053,55,161,84,46,5,1,0,0,1,1,1191,799,277,7,london-link-035-a-departure,true,285,135.74003968253967,492.93333333333334,290.25,622.6632142857143,873.1666666666666,1464.65,1047730.2629333147,1235289.0521220192,45.892308313997795,2.605369265434892,2729724.2257989505,2698853.089130924,1.0104715658512762,1.3238031927610092,20,0,4.002719720932983
profile,tfl-numbat-2019-midweek,early,4.2857140000000005,14,1,2,off,free-flow,virtual,4,drop-offs,unassigned,160,28,22,1974,148,0,208,194,14,0,940GZZLUEUS,0,3900,2968,1800,1799,576e1859100cd6b6,420,420,0,0,240,180,8,58,152,12.133333333333333,28,true,1168,78,188,114,74,9,2,0,0,1,2,4036,2219,1811,10,london-link-009-a-arrival,true,539,261.7915476190476,847.6,758.3666666666667,757.3044841269842,1387.5666666666666,1583.7166666666667,1648850.2101066923,1871272.4489851058,46.84070328765477,1.6345002195027813,2695046.030292467,2588258.91305951,1.0355833237207976,1.3613706775821777,87,0,10.87018331462776
profile,tfl-numbat-2019-midweek,early,4.2857140000000005,14,1,2,off,free-flow,virtual,4,drop-offs,reassign-existing,244,102,59,691,71,0,289,213,76,213,940GZZLUEUS,0,3900,2824,1800,1799,576e1859100cd6b6,420,420,0,0,282,138,9.4,81,129,13.4,9,true,1024,55,171,79,55,6,1,0,0,1,1,940,706,234,7,london-link-009-a-arrival,true,432,132.6836111111111,454.53333333333336,319.3,600.177619047619,888.6333333333333,1084.4,1033054.8943459692,1260661.6693497072,45.038472089223305,2.5239701896790834,2607399.757896486,2583833.9130595108,1.0081542471672034,1.3613706775821777,14,0,3.0847299978218508
profile,tfl-numbat-2019-midweek,early,4.2857140000000005,14,1,3,off,free-flow,virtual,4,drop-offs,unassigned,156,37,29,1921,134,0,210,181,29,0,940GZZLUEUS,0,3900,2984,1800,1799,880a3a3a981d7825,420,420,0,0,239,181,7.966666666666667,59,151,12,30,true,1184,74,181,114,66,9,2,0,0,1,2,2637,1646,991,10,london-link-009-b-departure,true,580,244.41384920634923,767.8833333333333,714.0666666666667,748.4514285714286,1339.7833333333333,1518.45,1693674.435249546,1829915.7993322557,48.06672520054138,1.6389955037424904,2775924.784092205,2657234.3232881357,1.0369498134239614,1.3212839135000576,88,0,8.567645779349737
profile,tfl-numbat-2019-midweek,early,4.2857140000000005,14,1,3,off,free-flow,virtual,4,drop-offs,reassign-existing,241,129,57,989,69,0,300,214,86,214,940GZZLUEUS,0,3900,2763,1800,1799,880a3a3a981d7825,420,420,0,0,266,154,8.866666666666667,73,137,12.866666666666667,17,true,963,55,154,84,50,8,0,0,0,1,1,1616,764,852,10,london-link-033-a-departure,true,371,147.36587301587304,395.8833333333333,321.78333333333336,622.208373015873,899.9666666666667,980.65,1060108.5210509438,1218433.3613497585,46.52574215287187,2.5248015331572256,2676563.619533486,2655509.323288135,1.0079313926915954,1.2348915801954208,14,0,3.687754416763377
profile,tfl-numbat-2019-midweek,early,4,14.966666666666667,1,1,off,free-flow,virtual,4,drop-offs,unassigned,178,74,32,2260,145,0,215,196,19,0,940GZZLUEUS,0,3900,3159,1800,1796,63c82187320d4492,449,449,0,0,255,194,8.5,56,168,13.266666666666667,26,true,1359,84,196,114,63,8,2,0,0,1,2,2799,1603,1196,8,london-link-035-b-departure,true,742,259.2909799554566,893.55,753.1166666666667,768.9229769858946,1356.7166666666667,1862.5666666666666,1781363.558196764,1940263.6237093732,47.86518023238394,1.7020718677393725,3032008.798493469,2893446.6433019787,1.0394940439711366,1.302209427544702,107,0,6.162676263747315
profile,tfl-numbat-2019-midweek,early,4,14.966666666666667,1,1,off,free-flow,virtual,4,drop-offs,reassign-existing,267,153,69,857,72,0,315,231,84,231,940GZZLUEUS,0,3900,2919,1800,1796,63c82187320d4492,449,449,0,0,302,147,10.066666666666666,82,142,14.666666666666666,5,true,1119,48,172,82,51,4,1,0,0,1,1,878,556,221,7,london-link-010-a-departure,true,472,139.441722345954,678.3666666666667,349.7,624.7115812917594,891.05,1622.6333333333334,1117768.846969882,1277769.2917243433,46.66044881168798,2.608737934342121,2915965.9931551344,2888796.6433019787,1.0082165871373523,1.2137284129644215,22,0,2.6495267693177
profile,tfl-numbat-2019-midweek,early,4,14.966666666666667,1,2,off,free-flow,virtual,4,drop-offs,unassigned,187,26,26,2101,146,0,209,196,13,0,940GZZLUEUS,0,3900,2904,1800,1796,3c1cc4bd02bc2287,449,449,0,0,260,189,8.666666666666666,59,165,13.4,24,true,1104,82,194,114,80,11,2,0,0,1,2,5205,2282,2920,11,london-link-069-b-arrival,true,573,245.20649591685228,843.9666666666667,761.25,743.6198589458055,1405.1166666666666,1671.8333333333333,1683131.2377947015,1805811.965832234,48.241864070616,1.7145999100795406,2885896.668911081,2767425.506267039,1.037948845451637,1.3046067842636164,98,0,12.673142651556036
profile,tfl-numbat-2019-midweek,early,4,14.966666666666667,1,2,off,free-flow,virtual,4,drop-offs,reassign-existing,262,110,61,798,73,0,313,228,85,228,940GZZLUEUS,0,3900,2789,1800,1796,3c1cc4bd02bc2287,449,449,0,0,289,160,9.633333333333333,82,142,13.8,18,true,989,65,182,91,65,7,2,0,0,1,2,1516,1110,406,8,london-link-069-a-departure,true,544,136.8230883444692,547.55,344.6333333333333,606.5727542687454,926.3333333333334,1056.3833333333334,1109821.7607203426,1331786.2625923369,45.45454266711408,2.5194142759361875,2796100.7879319033,2765775.5062670396,1.0094799983691116,1.2945468990890994,22,0,6.10741209486601
profile,tfl-numbat-2019-midweek,early,4,14.966666666666667,1,3,off,free-flow,virtual,4,drop-offs,unassigned,178,64,30,2392,154,0,218,188,30,0,940GZZLUEUS,0,3900,3041,1800,1796,518b208a85e38dde,449,449,0,0,261,188,8.7,62,162,13.266666666666667,26,true,1241,83,190,114,71,12,2,0,0,1,2,5217,2518,2695,12,london-link-069-b-arrival,true,624,258.78466963622867,839.65,790.7833333333333,763.1815144766147,1442.8833333333334,1607.9,1751788.489304097,1896662.3373580934,48.01458406681426,1.6823960158683589,2947201.9749508854,2828636.8712767255,1.0343286307010684,1.3039694741787458,88,0,11.329203698716222
profile,tfl-numbat-2019-midweek,early,4,14.966666666666667,1,3,off,free-flow,virtual,4,drop-offs,reassign-existing,263,143,64,1078,76,0,322,232,90,232,940GZZLUEUS,0,3900,2771,1800,1796,518b208a85e38dde,449,449,0,0,301,148,10.033333333333333,80,144,14.733333333333333,4,true,971,72,164,96,52,7,2,0,0,2,2,1182,816,366,9,london-link-069-a-departure,true,455,158.8795471417966,626.6833333333333,375.45,637.2081662954714,932.3666666666667,1061.4833333333333,1107279.1692157828,1293375.03805588,46.12405926108795,2.5729248032871155,2848946.038884044,2826011.8712767255,1.0082828105473358,1.2021632811498402,17,0,3.1069879166456205
profile,tfl-numbat-2019-midweek,night,60,0.9666666666666667,1,1,off,free-flow,virtual,4,drop-offs,unassigned,0,0,0,1,0,0,1,1,0,0,940GZZLUEUS,0,3900,2284,1800,1740,ca2265641b46fb7e,29,29,0,0,22,7,0.7333333333333333,9,5,0.8666666666666667,2,true,484,3,9,9,9,1,1,0,0,1,1,1,1,0,2,940GZZLUOVL-01-arrival,true,158,52.74367816091954,165.28333333333333,157.9,422.60057471264366,969.3666666666667,1083.95,144848.7384353437,74529.64291916759,66.02689724529915,1,144848.73843440652,144848.73843440652,1,1,0,0,0
profile,tfl-numbat-2019-midweek,night,60,0.9666666666666667,1,1,off,free-flow,virtual,4,drop-offs,reassign-existing,1,0,0,0,0,0,1,1,0,1,940GZZLUEUS,0,3900,2284,1800,1740,ca2265641b46fb7e,29,29,0,0,22,7,0.7333333333333333,9,5,0.8666666666666667,2,true,484,3,9,9,9,1,1,0,0,1,1,1,1,0,2,940GZZLUOVL-01-arrival,true,67,49.60114942528735,165.28333333333333,153.88333333333333,419.0885057471265,969.3666666666667,1083.95,143036.6110452135,74529.64291916759,65.74393245224086,1.0116202934197502,144698.73843440652,144698.73843440652,1,1,0,0,0
profile,tfl-numbat-2019-midweek,night,60,0.9666666666666667,1,2,off,free-flow,virtual,4,drop-offs,unassigned,0,0,0,0,0,0,0,0,0,0,940GZZLUEUS,0,3900,2774,1800,1740,c81386e7d7872707,29,29,0,0,21,8,0.7,9,5,0.8,3,true,974,3,9,9,8,0,0,0,0,1,1,0,0,0,2,940GZZLUOVL-01-arrival,true,67,55.54252873563219,133.9,131.65,414.5942528735632,927.75,1093.1166666666666,140371.27930934585,134676.84989844353,51.03516963145755,1,140371.27930844465,140371.27930844465,1,1,0,0,0
profile,tfl-numbat-2019-midweek,night,60,0.9666666666666667,1,2,off,free-flow,virtual,4,drop-offs,reassign-existing,0,0,0,0,0,0,0,0,0,0,940GZZLUEUS,0,3900,2774,1800,1740,c81386e7d7872707,29,29,0,0,21,8,0.7,9,5,0.8,3,true,974,3,9,9,8,0,0,0,0,1,1,0,0,0,2,940GZZLUOVL-01-arrival,true,67,55.54252873563219,133.9,131.65,414.5942528735632,927.75,1093.1166666666666,140371.27930934585,134676.84989844353,51.03516963145755,1,140371.27930844465,140371.27930844465,1,1,0,0,0
profile,tfl-numbat-2019-midweek,night,60,0.9666666666666667,1,3,off,free-flow,virtual,4,drop-offs,unassigned,0,0,0,1,0,0,1,1,0,0,940GZZLUEUS,0,3900,2834,1800,1740,59d46cdde352f10e,29,29,0,0,23,6,0.7666666666666667,8,6,1,0,true,1034,2,10,10,10,1,1,0,0,1,1,3,1,2,3,london-link-030-a-arrival,true,0,39.45287356321839,258.31666666666666,159.96666666666667,471.2298850574712,1083.95,1093.1166666666666,170110.6173579565,95863.50479099632,63.957582032243685,1,170110.61735650408,170110.61735650408,1,1,0,0,0
profile,tfl-numbat-2019-midweek,night,60,0.9666666666666667,1,3,off,free-flow,virtual,4,drop-offs,reassign-existing,1,0,0,0,0,0,1,1,0,1,940GZZLUEUS,0,3900,2834,1800,1740,59d46cdde352f10e,29,29,0,0,23,6,0.7666666666666667,8,6,1,0,true,1034,2,10,10,10,1,1,0,0,1,1,3,1,2,3,london-link-030-a-arrival,true,0,31.383333333333333,155.03333333333333,149.23333333333332,462.9758620689655,1083.95,1093.1166666666666,165303.86302879485,94417.53740267016,63.6466085406062,1.0286245840986066,170035.61735650408,170035.61735650408,1,1,0,0,0
profile,tfl-numbat-2019-midweek,night,30,1.9666666666666666,1,1,off,free-flow,virtual,4,drop-offs,unassigned,1,0,0,5,0,0,5,5,0,0,940GZZLUEUS,0,3900,2729,1800,1770,175bf1e8ac6f44d7,59,59,0,0,43,16,1.4333333333333333,16,13,1.8,3,true,929,6,18,18,16,1,1,0,0,1,1,4,2,2,3,940GZZLUOVL-01-arrival,true,33,69.01299435028248,221.83333333333334,205.78333333333333,485.01638418079096,1093.1166666666666,1193.55,319029.3234333859,216222.51903824921,59.60359182701784,1.041774708539878,332356.68043160497,332356.68043160497,1,1,0,0,0
profile,tfl-numbat-2019-midweek,night,30,1.9666666666666666,1,1,off,free-flow,virtual,4,drop-offs,reassign-existing,4,0,0,0,0,0,4,4,0,4,940GZZLUEUS,0,3900,2729,1800,1770,175bf1e8ac6f44d7,59,59,0,0,43,16,1.4333333333333333,16,13,1.8,3,true,929,6,17,16,16,1,1,0,0,1,1,5,2,3,3,940GZZLUOVL-01-arrival,true,33,61.545480225988705,191.46666666666667,180.06666666666666,477.23841807909605,1083.95,1157.8166666666666,310673.95867592376,197893.20956340575,61.08808788256696,1.0690682986465143,332131.6804316049,332131.6804316049,1,1,0,0,0
profile,tfl-numbat-2019-midweek,night,30,1.9666666666666666,1,2,off,free-flow,virtual,4,drop-offs,unassigned,1,0,0,8,0,0,8,8,0,0,940GZZLUEUS,0,3900,2968,1800,1770,332bbea8045ea8af,59,59,0,0,42,17,1.4,17,12,1.6666666666666667,5,true,1168,5,19,19,16,1,0,0,0,1,1,14,12,2,3,940GZZLUWIG-01-departure,true,226,74.9867231638418,227.18333333333334,221.83333333333334,482.2607344632769,1193.55,1198.9,320263.6284170868,252384.80833781225,55.92674455412226,1.0147725484800207,324994.73839049326,324994.73839049326,1,1,0,0,0
profile,tfl-numbat-2019-midweek,night,30,1.9666666666666666,1,2,off,free-flow,virtual,4,drop-offs,reassign-existing,6,0,0,0,0,0,5,5,0,5,940GZZLUEUS,0,3900,2939,1800,1770,332bbea8045ea8af,59,59,0,0,43,16,1.4333333333333333,17,12,1.7333333333333334,4,true,1139,5,18,17,14,1,0,0,0,1,1,8,6,2,2,940GZZLUBST-01-arrival,true,198,61.12118644067797,227.18333333333334,197.18333333333334,468.40112994350284,1129.6166666666666,1198.9,276089.2829150165,234660.73184255752,54.05565833337498,1.1779513313965488,325219.73839049326,325219.73839049326,1,1,0,0,0
profile,tfl-numbat-2019-midweek,night,30,1.9666666666666666,1,3,off,free-flow,virtual,4,drop-offs,unassigned,0,0,0,7,0,0,6,6,0,0,940GZZLUEUS,0,3900,2694,1800,1770,a1a4f419a9f155b7,59,59,0,0,42,17,1.4,14,15,1.8666666666666667,2,true,894,5,20,20,17,0,1,0,0,2,1,0,0,0,3,london-link-013-a-arrival,true,100,71.23418079096045,258.31666666666666,216.46666666666667,490.4223163841808,1103.8333333333333,1182.8166666666666,335439.61133191455,254599.66635590018,56.85038674821798,1,335439.6113278676,335439.6113278676,1,1,0,0,0
profile,tfl-numbat-2019-midweek,night,30,1.9666666666666666,1,3,off,free-flow,virtual,4,drop-offs,reassign-existing,5,0,0,0,0,0,5,5,0,5,940GZZLUEUS,0,3900,2670,1800,1770,a1a4f419a9f155b7,59,59,0,0,42,17,1.4,14,15,1.8666666666666667,2,true,870,5,19,17,15,1,1,0,0,1,1,4,3,1,3,london-link-063-a-departure,true,100,55.97118644067796,182.53333333333333,155.03333333333333,474.6776836158192,1079.1,1093.1166666666666,297175.0338384602,211886.01601545658,58.377091298526835,1.1277515711965929,335139.6113278677,335139.6113278677,1,1,0,0,0
profile,tfl-numbat-2019-midweek,night,20,2.966666666666667,1,1,off,free-flow,virtual,4,drop-offs,unassigned,1,0,0,16,0,0,13,12,1,0,940GZZLUEUS,0,3900,3196,1800,1780,8c76375d5400f0a2,89,89,0,0,63,26,2.1,25,19,2.533333333333333,7,true,1396,7,28,27,24,1,1,0,0,1,1,8,5,3,4,london-link-048-a-departure,true,449,80.78220973782771,488.76666666666665,225.51666666666668,481.48932584269664,1182.8166666666666,1455.1166666666666,480560.7408336444,346313.0864052382,58.11778351218887,1.0036147925590233,482297.86821747106,482297.86821747106,1,1,0,0,0
profile,tfl-numbat-2019-midweek,night,20,2.966666666666667,1,1,off,free-flow,virtual,4,drop-offs,reassign-existing,9,0,0,1,0,0,10,9,1,9,940GZZLUEUS,0,3900,2792,1800,1780,8c76375d5400f0a2,89,89,0,0,68,21,2.2666666666666666,25,19,2.8666666666666667,2,true,992,7,27,25,22,1,1,0,0,1,1,5,2,2,3,940GZZLUOVL-01-departure,true,83,58.22865168539326,211.46666666666667,152.48333333333332,457.73501872659176,1083.95,1177.8166666666666,427931.7840494738,282701.8870485039,60.218337725017996,1.1251159324215494,481472.86821747106,481472.86821747106,1,1,0,0,0
profile,tfl-numbat-2019-midweek,night,20,2.966666666666667,1,2,off,free-flow,virtual,4,drop-offs,unassigned,1,0,0,34,0,0,23,23,0,0,940GZZLUEUS,0,3900,3126,1800,1780,afec5a831dfb0ad9,89,89,0,0,63,26,2.1,22,22,2.7333333333333334,4,true,1326,9,30,28,24,1,1,0,0,2,1,10,8,2,3,940GZZLUCWR-01-arrival,true,374,101.25861423220974,416.55,333.68333333333334,534.9565543071161,1221.85,1382.9,510162.9346802167,411388.63024652505,55.359130633213326,1.0261237265511625,523490.29167542496,523490.29167542496,1,1,0,0,0
profile,tfl-numbat-2019-midweek,night,20,2.966666666666667,1,2,off,free-flow,virtual,4,drop-offs,reassign-existing,15,0,1,0,0,0,14,14,0,14,940GZZLUEUS,0,3900,2804,1800,1780,afec5a831dfb0ad9,89,89,0,0,65,24,2.1666666666666665,22,22,2.8666666666666667,2,true,1004,7,29,22,19,0,2,0,0,2,2,0,0,0,3,940GZZLUKBN-diverge,true,0,55.52453183520599,261.53333333333336,133.9,488.51816479400753,1089.2,1129.6166666666666,395782.8987074882,315878.0263410969,55.6139707516565,1.3215333289790991,523040.29167542484,523040.29167542484,1,1,0,0,0
profile,tfl-numbat-2019-midweek,night,20,2.966666666666667,1,3,off,free-flow,virtual,4,drop-offs,unassigned,2,0,0,11,0,0,10,10,0,0,940GZZLUEUS,0,3900,2766,1800,1780,094cd0a41dfbd30a,89,89,0,0,62,27,2.066666666666667,22,22,2.6666666666666665,5,true,966,8,28,27,23,1,1,0,0,1,1,28,22,6,3,940GZZLULSQ-01-arrival,true,163,80.67284644194756,258.31666666666666,219.38333333333333,532.8593632958801,1109.2,1212.8833333333334,527914.6670761578,417634.8059331631,55.83152253218524,1.034207170411273,545973.1340490241,545973.1340490241,1,1,0,0,0
profile,tfl-numbat-2019-midweek,night,20,2.966666666666667,1,3,off,free-flow,virtual,4,drop-offs,reassign-existing,10,0,0,0,0,0,8,8,0,8,940GZZLUEUS,0,3900,2721,1800,1780,094cd0a41dfbd30a,89,89,0,0,63,26,2.1,22,22,2.7333333333333334,4,true,921,7,28,25,22,1,2,0,0,2,2,15,12,3,4,london-link-098-a-arrival,true,118,64.39943820224718,246.45,169.86666666666667,515.7528089887641,1093.1166666666666,1219.8666666666666,468554.1670262576,335029.7445781009,58.30805722463847,1.1637888902301028,545298.1340490242,545298.1340490242,1,1,0,0,0
profile,tfl-numbat-2019-midweek,night,15,3.966666666666667,1,1,off,free-flow,virtual,4,drop-offs,unassigned,6,0,0,38,2,0,28,26,2,0,940GZZLUEUS,0,3900,3167,1800,1785,f9e1bd3d2523c995,119,119,0,0,84,35,2.8,29,30,3.6666666666666665,5,true,1367,12,35,33,29,1,1,0,0,1,1,34,25,6,4,london-link-098-a-departure,true,415,91.47871148459383,429.9166666666667,227.08333333333334,512.691456582633,1148.5333333333333,1396.2666666666667,636174.8005009238,421363.25462711556,60.156208792306785,1.0672930950587873,678984.9718449648,678984.9718449648,1,1,0,0,0
profile,tfl-numbat-2019-midweek,night,15,3.966666666666667,1,1,off,free-flow,virtual,4,drop-offs,reassign-existing,22,0,3,2,0,0,21,19,2,19,940GZZLUEUS,0,3900,2953,1800,1785,f9e1bd3d2523c995,119,119,0,0,85,34,2.8333333333333335,30,29,3.6666666666666665,5,true,1153,9,35,29,26,1,1,0,0,1,1,10,9,1,4,london-link-063-a-arrival,true,202,67.18809523809524,246.58333333333334,185.98333333333332,488.1766106442577,1083.95,1182.8166666666666,549231.9817142081,327082.83462094225,62.675190636529415,1.2354250925607646,678534.9718449648,678534.9718449648,1,1,0,0,0
profile,tfl-numbat-2019-midweek,night,15,3.966666666666667,1,2,off,free-flow,virtual,4,drop-offs,unassigned,7,0,0,37,4,0,23,23,0,0,940GZZLUEUS,0,3900,2766,1800,1785,690a196e2f9a4ff9,119,119,0,0,75,44,2.5,28,31,3.1333333333333333,13,true,966,12,44,38,32,1,2,1,0,2,2,32,23,9,4,940GZZLUWHP-01-arrival,true,202,98.45014005602242,338.1,253.78333333333333,544.7823529411764,1193.55,1309.8166666666666,649689.1336893131,492287.25995226076,56.891643059062005,1.1084838574606561,720169.9170863044,720169.9170863044,1,1,0,0,0
profile,tfl-numbat-2019-midweek,night,15,3.966666666666667,1,2,off,free-flow,virtual,4,drop-offs,reassign-existing,19,0,2,0,0,0,17,17,0,17,940GZZLUEUS,0,3900,2678,1800,1785,690a196e2f9a4ff9,119,119,0,0,79,40,2.6333333333333333,28,31,3.4,9,true,878,11,41,31,26,1,1,0,0,2,1,19,15,4,3,940GZZLUOVL-01-arrival,true,232,66.10266106442576,246.45,156.53333333333333,511.54285714285714,1073.8333333333333,1109.2,548106.5456038153,433088.35275798454,55.86112876442105,1.312965376641625,719644.9170863045,719644.9170863045,1,1,0,0,0
profile,tfl-numbat-2019-midweek,night,15,3.966666666666667,1,3,off,free-flow,virtual,4,drop-offs,unassigned,2,0,0,33,1,0,21,21,0,0,940GZZLUEUS,0,3900,3212,1800,1785,db99ebd72e363b57,119,119,0,0,80,39,2.6666666666666665,27,32,3.533333333333333,7,true,1412,11,40,39,33,1,2,0,0,1,1,33,24,9,4,london-link-063-a-departure,true,455,110.6015406162465,532.2833333333333,487.43333333333334,561.5662464985994,1223.65,1501.4833333333333,718151.5613712942,540886.2532743649,57.0397134238108,1.0131757980664786,727613.781362984,727613.781362984,1,1,0,0,0
profile,tfl-numbat-2019-midweek,night,15,3.966666666666667,1,3,off,free-flow,virtual,4,drop-offs,reassign-existing,16,1,1,1,1,0,16,16,0,16,940GZZLUEUS,0,3900,3023,1800,1785,db99ebd72e363b57,119,119,0,0,84,35,2.8,27,32,3.8,3,true,1223,8,38,32,26,1,2,0,0,1,2,14,10,4,4,london-link-022-a-arrival,true,272,69.88375350140056,346.23333333333335,205.88333333333333,519.5710084033614,1092.8833333333334,1312.5833333333333,607214.4470072058,408913.34863889695,59.75768496925229,1.1964286833578386,726488.781362984,726488.781362984,1,1,0,0,0
profile,tfl-numbat-2019-midweek,night,12,4.966666666666667,1,1,off,free-flow,virtual,4,drop-offs,unassigned,11,0,0,70,4,0,41,39,2,0,940GZZLUEUS,0,3900,2844,1800,1788,c19eeed41d417052,149,149,0,0,104,45,3.466666666666667,34,40,4.666666666666667,5,true,1044,14,50,45,35,2,1,0,0,1,1,51,42,6,5,london-link-048-a-departure,true,221,107.70659955257271,378.45,265.15,520.5958612975392,1170.5166666666667,1295.8333333333333,769545.046662507,591665.2277422315,56.53388467105359,1.0809863096202386,831867.660131153,830123.3046612646,1.002414408606341,1.1869062441939247,2,0,0
profile,tfl-numbat-2019-midweek,night,12,4.966666666666667,1,1,off,free-flow,virtual,4,drop-offs,reassign-existing,36,1,3,4,1,0,34,31,3,31,940GZZLUEUS,0,3900,2609,1800,1788,c19eeed41d417052,149,149,0,0,109,40,3.6333333333333333,35,39,4.933333333333334,1,true,809,12,49,36,32,1,1,0,0,1,1,30,25,5,4,london-link-048-a-departure,true,142,67.74116331096197,221.73333333333332,165.16666666666666,480.0019015659956,1062.8166666666666,1198.3666666666666,639502.9136299383,368296.6023772885,63.45537018747214,1.2988098136903956,830592.6601311528,828848.3046612648,1.002414408606341,1.1869062441939247,2,0,0
profile,tfl-numbat-2019-midweek,night,12,4.966666666666667,1,2,off,free-flow,virtual,4,drop-offs,unassigned,6,0,0,87,9,0,40,40,0,0,940GZZLUEUS,0,3900,2901,1800,1788,8ad3f9dbd58a4a5d,149,149,0,0,95,54,3.1666666666666665,33,41,4.133333333333334,13,true,1101,17,58,52,40,1,2,0,0,1,2,27,19,8,5,london-link-048-a-departure,true,408,125.35413870246086,479.65,317.5,552.2194630872483,1285.0833333333333,1375.35,802554.8139805503,706313.0241844635,53.18920542150099,1.0734048921647967,861466.2636177011,861466.2636177011,1,1,0,0,0
profile,tfl-numbat-2019-midweek,night,12,4.966666666666667,1,2,off,free-flow,virtual,4,drop-offs,reassign-existing,31,2,4,2,2,0,29,29,0,29,940GZZLUEUS,0,3900,2882,1800,1788,8ad3f9dbd58a4a5d,149,149,0,0,100,49,3.3333333333333335,36,38,4.266666666666667,11,true,1082,12,54,39,32,1,2,0,0,2,1,39,32,6,4,940GZZLUOVL-01-departure,true,291,78.61375838926173,362.78333333333336,165,504.97337807606266,1079.8333333333333,1117.7833333333333,641265.3673979484,505420.428937233,55.92337233507544,1.3417475936404297,860416.263617701,860416.263617701,1,1,0,0,0.344494641856695
profile,tfl-numbat-2019-midweek,night,12,4.966666666666667,1,3,off,free-flow,virtual,4,drop-offs,unassigned,9,0,0,49,1,0,31,31,0,0,940GZZLUEUS,0,3900,3091,1800,1788,f3a80d553036d591,149,149,0,0,98,51,3.2666666666666666,33,41,4.333333333333333,10,true,1291,15,52,48,41,1,2,0,0,1,1,48,34,14,5,london-link-099-b-departure,true,331,109.04597315436241,558.8333333333334,397.9,555.9285234899329,1302.0666666666666,1530.55,843358.3624387562,606227.8448286601,58.179248547663335,1.0702557259318677,902609.1164833172,901885.8484063895,1.0009227245069747,1.137485951539261,1,0,0.2589131318094626
profile,tfl-numbat-2019-midweek,night,12,4.966666666666667,1,3,off,free-flow,virtual,4,drop-offs,reassign-existing,27,0,2,0,0,0,22,22,0,22,940GZZLUEUS,0,3900,2871,1800,1788,f3a80d553036d591,149,149,0,0,101,48,3.3666666666666667,34,40,4.466666666666667,8,true,1071,10,48,38,33,1,2,0,0,1,1,64,53,11,4,london-link-030-a-arrival,true,111,67.70872483221476,324.8,166.78333333333333,514.4930648769574,1086.8666666666666,1221.1833333333334,707905.6669014065,456993.3997981585,60.76969989400635,1.2742998942037782,902084.1164833171,901360.8484063894,1.0009097543735925,1.1355534016652749,1,0,0
profile,tfl-numbat-2019-midweek,night,10,5.966666666666667,1,1,off,free-flow,virtual,4,drop-offs,unassigned,10,0,0,96,4,0,62,57,5,0,940GZZLUEUS,0,3900,2785,1800,1790,6e42c7acb2ed4782,179,179,0,0,122,57,4.066666666666666,43,46,5.266666666666667,11,true,985,18,59,56,41,3,1,0,0,1,1,146,108,38,6,london-link-048-a-departure,true,207,115.76154562383613,394.56666666666666,276.05,526.0758845437616,1148.8333333333333,1360.9166666666667,922862.7393467649,706209.0022040616,56.64960700062403,1.0737308242506556,990906.1698781917,990906.1698781917,1,1,0,0,0.27823871540872597
profile,tfl-numbat-2019-midweek,night,10,5.966666666666667,1,1,off,free-flow,virtual,4,drop-offs,reassign-existing,44,1,4,6,1,0,44,39,5,39,940GZZLUEUS,0,3900,2763,1800,1790,6e42c7acb2ed4782,179,179,0,0,128,51,4.266666666666667,47,42,5.4,9,true,963,15,56,43,34,1,1,0,0,2,1,21,13,7,4,london-link-048-a-departure,true,182,71.75689013035382,280.9,190.23333333333332,481.04869646182493,1077.25,1247.25,746699.0899649836,516817.45666801074,59.09689841061278,1.3278738782042034,991522.2165013057,990756.1698781919,1.0003063096269673,1.0548294232271564,1,0,0
profile,tfl-numbat-2019-midweek,night,10,5.966666666666667,1,2,off,free-flow,virtual,4,drop-offs,unassigned,10,0,1,92,8,0,48,46,2,0,940GZZLUEUS,0,3900,2765,1800,1790,d7ddc3217005eedc,179,179,0,0,117,62,3.9,38,51,5.266666666666667,11,true,965,21,69,62,50,2,2,0,0,1,2,126,79,47,6,london-link-063-b-arrival,true,199,122.76778398510241,468.93333333333334,291.45,553.3343575418995,1223.1166666666666,1385.1833333333334,960947.2310891245,739746.2210522869,56.50325929573946,1.0835671852901008,1041250.8865037481,1041250.8865037481,1,1,0,0,0.20412099392458774
profile,tfl-numbat-2019-midweek,night,10,5.966666666666667,1,2,off,free-flow,virtual,4,drop-offs,reassign-existing,37,2,5,3,2,0,35,34,1,34,940GZZLUEUS,0,3900,2760,1800,1790,d7ddc3217005eedc,179,179,0,0,124,55,4.133333333333334,43,46,5.4,9,true,960,14,63,46,37,1,3,0,0,2,1,28,23,5,3,940GZZLUBST-01-arrival,true,126,80.41620111731844,363.95,187.78333333333333,509.36815642458095,1069.8,1109.2,783945.580158178,574579.0089227518,57.70565998282987,1.3277399768288398,1040875.886503748,1040875.886503748,1,1,0,0,0
profile,tfl-numbat-2019-midweek,night,10,5.966666666666667,1,3,off,free-flow,virtual,4,drop-offs,unassigned,8,0,0,89,5,0,49,47,2,0,940GZZLUEUS,0,3900,3246,1800,1790,aa670b5f8d7371c6,179,179,0,0,114,65,3.8,38,51,5.066666666666666,14,true,1446,20,65,64,47,2,2,0,0,2,2,169,131,33,6,london-link-022-a-arrival,true,597,137.69869646182497,636.1333333333333,450.1166666666667,578.9024208566109,1364.15,1565.4166666666667,1029415.1134544122,854245.9695720219,54.64969907434065,1.0371580404039562,1067666.1619449875,1067666.1619449875,1,1,0,0,0.28625191621682494
profile,tfl-numbat-2019-midweek,night,10,5.966666666666667,1,3,off,free-flow,virtual,4,drop-offs,reassign-existing,35,1,3,3,1,0,33,31,2,31,940GZZLUEUS,0,3900,2743,1800,1790,aa670b5f8d7371c6,179,179,0,0,126,53,4.2,38,51,5.866666666666666,2,true,943,14,58,44,35,2,2,0,0,2,2,55,40,15,5,london-link-098-a-arrival,true,284,78.59869646182496,332.95,205.2,518.5938547486033,1094.6666666666667,1304.6666666666667,823136.2369379469,546835.6785180437,60.08416870822996,1.2963497324748192,1067072.4406242936,1066316.1619449877,1.0008850358575792,1.1584214185066632,1,0,0.2753089744740701
profile,tfl-numbat-2019-midweek,night,8.571429,7,1,1,off,free-flow,virtual,4,drop-offs,unassigned,13,0,0,136,8,0,78,74,4,0,940GZZLUEUS,0,3900,3218,1800,1799,e91f11a6d7b085ac,210,210,0,0,142,68,4.733333333333333,49,56,6.2,12,true,1418,22,71,64,50,3,1,0,0,1,1,177,134,40,6,london-link-048-a-departure,true,555,132.50761904761904,572,290.8333333333333,547.3873015873015,1190.7666666666667,1514.7,1086522.5302048451,910371.8371213193,54.41061620398557,1.0799135691545898,1173350.4236698656,1172584.3770467518,1.0002625016237365,1.0551253409846588,1,0,0.4345954367479141
profile,tfl-numbat-2019-midweek,night,8.571429,7,1,1,off,free-flow,virtual,4,drop-offs,reassign-existing,56,0,3,3,0,0,55,52,3,52,940GZZLUEUS,0,3900,2867,1800,1799,e91f11a6d7b085ac,210,210,0,0,150,60,5,55,50,6.333333333333333,10,true,1067,20,65,49,40,4,1,0,0,2,1,1274,101,579,4,london-link-048-a-departure,true,160,78.8963492063492,661.9833333333333,203.63333333333333,492.884126984127,1039.9,1312.5833333333333,863483.0809441344,609449.9872879466,58.62337532964402,1.3593971857723661,1173816.4702929796,1172284.377046752,1.0005221849831158,1.0548294232271564,1,0,0.020178858060077964
profile,tfl-numbat-2019-midweek,night,8.571429,7,1,2,off,free-flow,virtual,4,drop-offs,unassigned,12,0,0,141,11,0,64,61,3,0,940GZZLUEUS,0,3900,2764,1800,1799,2eea3e3fe02210bb,210,210,0,0,141,69,4.7,47,58,6.266666666666667,11,true,964,26,78,71,55,2,2,0,0,1,2,212,174,36,5,940GZZLUWHP-01-arrival,true,228,136.87722222222223,457.4166666666667,367.8333333333333,566.6753174603175,1325.5,1433.1,1139403.4910469016,852138.3480539729,57.212129249632554,1.0698565984810056,1218998.3433242075,1218998.3433242075,1,1,0,0,0.4469702682507147
profile,tfl-numbat-2019-midweek,night,8.571429,7,1,2,off,free-flow,virtual,4,drop-offs,reassign-existing,43,6,5,8,4,0,40,38,2,38,940GZZLUEUS,0,3900,2760,1800,1799,2eea3e3fe02210bb,210,210,0,0,148,62,4.933333333333334,53,52,6.333333333333333,10,true,960,18,72,55,43,1,3,0,0,2,1,64,51,13,4,940GZZLUOVL-01-arrival,true,171,83.33738095238095,294.0833333333333,188.03333333333333,511.7655555555555,1091.45,1159.75,930113.6650316081,661909.1784171836,58.42338687909196,1.308085194707691,1216667.9147348672,1215923.3433242077,1.0007542789839363,1.1583985866266315,1,0,0
profile,tfl-numbat-2019-midweek,night,8.571429,7,1,3,off,free-flow,virtual,4,drop-offs,unassigned,15,0,0,135,10,0,64,63,1,0,940GZZLUEUS,0,3900,3195,1800,1799,cd9753e4db035a1b,210,210,0,0,143,67,4.766666666666667,47,58,6.4,9,true,1395,28,76,70,51,2,2,0,0,2,2,100,78,22,5,london-link-022-a-arrival,true,578,146.62928571428571,594.6333333333333,454.45,584.4173809523809,1342.0666666666666,1493.55,1163034.7563108439,917282.3374646106,55.90660961210078,1.0677451501051238,1241824.7205421505,1239573.0911653417,1.0018009272752715,1.1583985866266315,3,0,0.6815161761416711
profile,tfl-numbat-2019-midweek,night,8.571429,7,1,3,off,free-flow,virtual,4,drop-offs,reassign-existing,50,1,4,5,1,0,46,42,4,42,940GZZLUEUS,0,3900,2807,1800,1799,cd9753e4db035a1b,210,210,0,0,149,61,4.966666666666667,50,55,6.6,6,true,1007,19,70,54,40,1,2,0,0,2,2,52,40,10,4,london-link-098-a-departure,true,240,85.54079365079365,454,228.95,521.0304761904762,1088.0166666666667,1221.7666666666667,921807.6405944973,667514.442413094,58.000052377683744,1.3439736078315063,1238885.1405689192,1237998.0911653414,1.0008711452260397,1.182940497468334,1,0,0.005166712593000827
profile,tfl-numbat-2019-midweek,night,7.5,7.966666666666667,1,1,off,free-flow,virtual,4,drop-offs,unassigned,27,0,0,174,16,0,87,81,6,0,940GZZLUEUS,0,3900,3158,1800,1792.5,ac698127e9c870b6,239,239,0,0,161,78,5.366666666666666,57,62,6.933333333333334,16,true,1358,24,82,74,59,2,2,0,0,2,1,177,139,38,8,london-link-048-a-departure,true,393.5,127.50536959553695,402.1166666666667,318.3333333333333,546.0979776847978,1231.0333333333333,1364.9833333333333,1215599.5243264865,944187.99620225,56.2832923503927,1.1095671175079518,1348789.2603259468,1347276.7029673345,1.0014389924432316,1.1879481766937212,2,0,0.5961006663418277
profile,tfl-numbat-2019-midweek,night,7.5,7.966666666666667,1,1,off,free-flow,virtual,4,drop-offs,reassign-existing,72,1,7,7,1,0,61,55,6,55,940GZZLUEUS,0,3900,2892,1800,1792.5,ac698127e9c870b6,239,239,0,0,175,64,5.833333333333333,63,56,7.466666666666667,8,true,1092,19,72,55,43,1,2,0,0,1,2,82,66,16,4,940GZZLUOVL-01-arrival,true,132.5,75.73075313807531,304.76666666666665,195.55,492.4615760111576,1047.1166666666666,1271.1166666666666,959143.7797697061,638736.6558851895,60.02600434722755,1.4036626088743869,1346314.2603259468,1344651.7029673345,1.0015949655123384,1.225225740210285,2,0,0.7117498609863553
profile,tfl-numbat-2019-midweek,night,7.5,7.966666666666667,1,2,off,free-flow,virtual,4,drop-offs,unassigned,22,0,0,138,12,0,72,67,5,0,940GZZLUEUS,0,3900,2692,1800,1792.5,363a18a5ce685250,239,239,0,0,159,80,5.3,51,68,7.2,12,true,892,30,88,75,57,2,2,0,0,1,1,118,85,24,5,london-link-022-a-arrival,true,301.5,141.72252440725245,488.3833333333333,392.45,569.034309623431,1152.6333333333334,1465.45,1237957.3148606238,970198.7207728905,56.06294550219396,1.1138508874153112,1378899.8538102712,1378061.7770196893,1.0007231825864054,1.1728406381508452,1,0,0
profile,tfl-numbat-2019-midweek,night,7.5,7.966666666666667,1,2,off,free-flow,virtual,4,drop-offs,reassign-existing,63,7,7,11,4,0,59,55,4,55,940GZZLUEUS,0,3900,2721,1800,1792.5,363a18a5ce685250,239,239,0,0,174,65,5.8,55,64,7.933333333333334,1,true,921,22,81,62,45,1,2,0,0,2,2,30,20,10,4,london-link-048-a-departure,true,237.5,89.65829846582984,311.6,208.98333333333332,515.5148535564854,1091.05,1191.7833333333333,1016417.8662216974,738885.8570325988,57.90552670493287,1.3552643489726768,1377514.8978916274,1376711.777019689,1.0006022873331788,1.143946672629739,1,0,0
profile,tfl-numbat-2019-midweek,night,7.5,7.966666666666667,1,3,off,free-flow,virtual,4,drop-offs,unassigned,19,0,0,150,11,0,83,77,6,0,940GZZLUEUS,0,3900,3116,1800,1792.5,d38bd377032d4c52,239,239,0,0,161,78,5.366666666666666,47,72,7.6,6,true,1316,34,85,75,52,2,2,0,0,2,1,148,113,35,5,london-link-048-a-departure,true,503.5,161.63563458856345,632.0333333333333,414.9,596.8304741980475,1328.1833333333334,1487.85,1285194.3955663983,1040446.8145241224,55.26193765358908,1.0941003236225626,1406131.6041620604,1403492.6772815129,1.0021904117093046,1.2037758651061488,3,0,0.1706836173155587
profile,tfl-numbat-2019-midweek,night,7.5,7.966666666666667,1,3,off,free-flow,virtual,4,drop-offs,reassign-existing,64,1,3,6,1,0,59,54,5,54,940GZZLUEUS,0,3900,2781,1800,1792.5,d38bd377032d4c52,239,239,0,0,167,72,5.566666666666666,54,65,7.533333333333333,7,true,981,19,78,59,44,1,2,0,0,1,2,138,88,27,5,london-link-022-a-arrival,true,273.5,91.2018131101813,367.1666666666667,227.71666666666667,525.723988842399,1101.1666666666667,1232.5166666666667,1013152.9150312911,708582.2152979464,58.84487672837063,1.3853783457299793,1403600.1095419826,1401167.6772815124,1.0021092162962693,1.1728406381508452,2,0,0.3219743530773928
profile,tfl-numbat-2019-midweek,night,6.666667,8.966666666666667,1,1,off,free-flow,virtual,4,drop-offs,unassigned,30,0,1,216,21,0,98,89,9,0,940GZZLUEUS,0,3900,2918,1800,1793.3333333333333,8ba338bafbc5514f,269,269,0,0,181,88,6.033333333333333,64,70,7.8,18,true,1118,27,90,85,62,2,1,0,0,2,1,237,188,49,6,london-link-048-a-departure,true,401.6666666666667,136.2187112763321,428.0833333333333,339.3833333333333,554.4539033457249,1254.85,1355.4333333333334,1374220.6146631814,1057946.8770050767,56.50189057171322,1.1028611219968407,1515574.4889879616,1512131.5497616618,1.0025074697710608,1.1917196223713216,4,0,0.953593645700695
profile,tfl-numbat-2019-midweek,night,6.666667,8.966666666666667,1,1,off,free-flow,virtual,4,drop-offs,reassign-existing,82,4,12,11,3,0,79,72,7,72,940GZZLUEUS,0,3900,2780,1800,1793.3333333333333,8ba338bafbc5514f,269,269,0,0,191,78,6.366666666666666,67,67,8.266666666666667,11,true,980,18,82,62,50,2,2,0,0,2,2,125,75,20,5,london-link-048-a-departure,true,221.66666666666666,80.94299876084263,354.6166666666667,206.76666666666668,497.68946716232966,1069.7833333333333,1212.8833333333334,1070526.1083973395,754244.9635629671,58.666323948641924,1.4136902470780228,1513392.3188348417,1510856.549761662,1.001784970392592,1.1702079277141308,3,0,0.008982372094764025
profile,tfl-numbat-2019-midweek,night,6.666667,8.966666666666667,1,2,off,free-flow,virtual,4,drop-offs,unassigned,17,1,1,206,14,0,102,93,9,0,940GZZLUEUS,0,3900,3052,1800,1793.3333333333333,c43a7f45f4cd834d,269,269,0,0,175,94,5.833333333333333,53,81,8.133333333333333,13,true,1252,36,100,91,66,3,2,0,0,2,2,306,251,44,7,london-link-075-a-arrival,true,556.6666666666666,179.55607187112764,639.05,497.53333333333336,605.6911400247831,1211.7666666666667,1492.3166666666666,1422764.4104179917,1240419.78825467,53.42343241324056,1.088844657632612,1549169.4273689801,1548413.148689674,1.000627148072266,1.1687028314395012,1,0,1.2332769491004152
profile,tfl-numbat-2019-midweek,night,6.666667,8.966666666666667,1,2,off,free-flow,virtual,4,drop-offs,reassign-existing,71,7,8,13,4,0,69,63,6,63,940GZZLUEUS,0,3900,2939,1800,1793.3333333333333,c43a7f45f4cd834d,269,269,0,0,189,80,6.3,59,75,8.666666666666666,5,true,1139,25,91,68,55,1,2,0,0,2,2,54,36,18,5,london-link-048-a-departure,true,443.6666666666667,100.53500619578686,496.03333333333336,263.05,525.2183395291202,1074.4833333333333,1198.0666666666666,1146107.6612638626,918043.6910647129,55.52440037746916,1.348849154522433,1545926.3500050197,1544288.148689674,1.0009730820916043,1.1687028314395012,2,0,0.0013251176041873716
profile,tfl-numbat-2019-midweek,night,6.666667,8.966666666666667,1,3,off,free-flow,virtual,4,drop-offs,unassigned,24,0,0,187,19,0,92,83,9,0,940GZZLUEUS,0,3900,3302,1800,1793.3333333333333,c77ab3603993635e,269,269,0,0,177,92,5.9,54,80,8.2,12,true,1502,38,95,87,61,2,2,0,0,2,1,315,242,70,6,london-link-048-a-departure,true,542.6666666666666,160.94064436183396,648.3833333333333,424.53333333333336,598.440644361834,1271.0666666666666,1614.7333333333333,1409959.0246236548,1179871.5813872528,54.442133062725745,1.1268623400909672,1588829.7259394147,1588073.4472601085,1.0006735825889257,1.181193716421034,1,0,0.41296379314891485
profile,tfl-numbat-2019-midweek,night,6.666667,8.966666666666667,1,3,off,free-flow,virtual,4,drop-offs,reassign-existing,75,4,6,13,2,0,74,65,9,65,940GZZLUEUS,0,3900,2858,1800,1793.3333333333333,c77ab3603993635e,269,269,0,0,187,82,6.233333333333333,60,74,8.466666666666667,8,true,1058,25,89,66,50,2,2,0,0,2,1,85,71,14,4,940GZZLUOVL-01-arrival,true,461.6666666666667,95.82342007434944,474.28333333333336,244.76666666666668,531.1405204460966,1097.1666666666667,1212.8833333333334,1119972.2163377374,816896.2813353211,57.823864536145074,1.4163563190820114,1586279.7259394145,1585373.4472601083,1.0006948187516502,1.1869062441939247,1,0,0
profile,tfl-numbat-2019-midweek,night,6,9.966666666666667,1,1,off,free-flow,virtual,4,drop-offs,unassigned,38,0,1,260,25,0,116,103,13,0,940GZZLUEUS,0,3900,3180,1800,1794,436349ce9314f077,299,299,0,0,201,98,6.7,65,84,9.066666666666666,14,true,1380,39,105,91,64,3,1,0,0,2,1,453,333,115,7,london-link-048-a-departure,true,529,157.5591415830546,588.5166666666667,380.46666666666664,572.4591415830546,1223.6166666666666,1541.3166666666666,1452379.1549086361,1250966.371304814,53.7252504655951,1.1443926119394778,1662091.974619967,1658846.7690601132,1.002404224311703,1.2021632811498402,4,0,0.9050844896622932
profile,tfl-numbat-2019-midweek,night,6,9.966666666666667,1,1,off,free-flow,virtual,4,drop-offs,reassign-existing,95,5,9,20,3,0,90,76,14,76,940GZZLUEUS,0,3900,2995,1800,1794,436349ce9314f077,299,299,0,0,213,86,7.1,72,77,9.4,9,true,1195,22,90,65,52,3,2,0,0,2,2,170,135,35,6,london-link-075-a-arrival,true,300,84.55289855072463,359.96666666666664,216.46666666666667,496.8400780379041,1059.1,1356.2666666666667,1164065.3966089562,842525.9741412736,58.012080265935374,1.4246638259914381,1658401.8617542994,1656896.7690601137,1.000873893062796,1.1879481766937212,2,0,0.010876732629518092
profile,tfl-numbat-2019-midweek,night,6,9.966666666666667,1,2,off,free-flow,virtual,4,drop-offs,unassigned,22,0,0,295,25,0,119,110,9,0,940GZZLUEUS,0,3900,3081,1800,1794,cf673c15ac76cbab,299,299,0,0,187,112,6.233333333333333,58,91,8.6,21,true,1281,45,116,104,72,3,2,0,0,2,2,439,332,107,8,london-link-099-b-departure,true,483,191.41833890746932,632.0333333333333,488.35,626.4879598662208,1370.3666666666666,1513.4666666666667,1620232.4992602705,1376727.6451851977,54.062530736793114,1.080299783915616,1750336.8188045493,1747215.0394447423,1.0019569718113182,1.2370832310183666,3,0,1.0284262665258403
profile,tfl-numbat-2019-midweek,night,6,9.966666666666667,1,2,off,free-flow,virtual,4,drop-offs,reassign-existing,88,9,12,17,6,0,82,74,8,74,940GZZLUEUS,0,3900,2944,1800,1794,cf673c15ac76cbab,299,299,0,0,213,86,7.1,63,86,10,0,true,1144,25,102,72,55,1,2,0,0,2,1,72,51,19,5,940GZZLULSQ-diverge,true,295,100.31566332218507,513.3,256.3833333333333,532.0202341137124,1077.4666666666667,1252,1257193.2514080664,977089.0025009208,56.26832729877994,1.3894911330820294,1746858.8754826605,1744590.0394447425,1.0015649265943674,1.1559710172386208,1,0,0
profile,tfl-numbat-2019-midweek,night,6,9.966666666666667,1,3,off,free-flow,virtual,4,drop-offs,unassigned,35,0,0,235,22,0,111,103,8,0,940GZZLUEUS,0,3900,2837,1800,1794,a1953c90166778c3,299,299,0,0,196,103,6.533333333333333,58,91,9.2,12,true,1037,44,108,97,64,3,2,0,0,2,1,379,314,61,6,london-link-013-a-arrival,true,583,172.99866220735785,658.1833333333333,426.76666666666665,605.3986622073579,1253.2166666666667,1436.35,1541224.1631126755,1071139.8441178778,58.99729742282639,1.1298237889525218,1741311.7235753348,1735431.1693801603,1.0034364460933705,1.2021632811498402,7,0,1.469038001899573
profile,tfl-numbat-2019-midweek,night,6,9.966666666666667,1,3,off,free-flow,virtual,4,drop-offs,reassign-existing,100,5,16,12,4,0,91,84,7,84,940GZZLUEUS,0,3900,2813,1800,1794,a1953c90166778c3,299,299,0,0,205,94,6.833333333333333,65,84,9.333333333333334,10,true,1013,31,98,72,52,2,2,0,0,2,2,162,140,22,5,940GZZLUWHP-exit,true,415,102.42151616499443,486.01666666666665,265.03333333333336,533.0405239687849,1101.2666666666667,1290.8166666666666,1164537.9685496697,811074.6960185289,58.94566224620745,1.494192511267685,1740043.9118168207,1732656.1693801605,1.0043141612756845,1.1903092773325137,8,0,0.024882843279558746
profile,tfl-numbat-2019-midweek,night,5.4545449999999995,11,1,1,off,free-flow,virtual,4,drop-offs,unassigned,43,0,0,329,33,0,142,128,14,0,940GZZLUEUS,0,3900,2954,1800,1798.5,d042e9976f1d18e7,330,330,0,0,220,110,7.333333333333333,71,94,9.933333333333334,16,true,1154,43,118,101,71,3,1,0,0,2,1,496,392,99,7,london-link-048-a-departure,true,579.5,173.4312121212121,616.5666666666667,388.3666666666667,588.534797979798,1226.4666666666667,1465.6,1615958.0668514166,1313652.369774543,55.1594862801117,1.1379731415568022,1838916.8779189656,1835005.7616491881,1.0021794629813503,1.1840592862965176,5,0,0.9833079296628128
profile,tfl-numbat-2019-midweek,night,5.4545449999999995,11,1,1,off,free-flow,virtual,4,drop-offs,reassign-existing,111,11,17,26,6,0,103,90,13,90,940GZZLUEUS,0,3900,2878,1800,1798.5,d042e9976f1d18e7,330,330,0,0,237,93,7.9,81,84,10.4,9,true,1078,24,101,69,55,2,1,0,0,1,1,164,132,32,7,london-link-063-a-departure,true,468.5,85.43580808080809,468.06666666666666,213.41666666666666,498.28737373737374,1062.2166666666667,1228.2,1242693.9806341697,903863.921580899,57.89240436290179,1.4764046479656152,1834719.1690977667,1831555.761649189,1.0021291082141244,1.1903092773325137,4,0,0.03432276107544651
profile,tfl-numbat-2019-midweek,night,5.4545449999999995,11,1,2,off,free-flow,virtual,4,drop-offs,unassigned,38,0,0,350,33,0,141,131,10,0,940GZZLUEUS,0,3900,3198,1800,1798.5,50bea3e032ab06ac,330,330,0,0,204,126,6.8,63,102,9.4,24,true,1398,46,133,114,79,3,2,0,0,2,2,424,322,101,6,london-link-048-a-departure,true,953.5,209.53035353535356,969.6166666666667,535.2666666666667,644.9391414141414,1331.2666666666667,1524.85,1734570.5528386459,1511734.1890132297,53.432154118998355,1.1174570669231594,1938308.1222721047,1934348.2859768695,1.001661648410733,1.175556071610166,4,0,1.3911454957192286
profile,tfl-numbat-2019-midweek,night,5.4545449999999995,11,1,2,off,free-flow,virtual,4,drop-offs,reassign-existing,104,14,14,24,7,0,90,84,6,84,940GZZLUEUS,0,3900,2950,1800,1798.5,50bea3e032ab06ac,330,330,0,0,228,102,7.6,72,93,10.4,9,true,1150,29,111,84,61,2,2,0,0,2,1,114,91,23,5,london-link-013-a-arrival,true,356.5,107.51742424242425,557.0166666666667,275.73333333333335,540.7752020202021,1096.7333333333333,1412.3666666666666,1376770.63706109,1066888.301081672,56.34053981802664,1.404892772757146,1934215.1177885842,1930073.2859768695,1.0025423125601178,1.2069773101380075,5,0,0.23177825427306165
profile,tfl-numbat-2019-midweek,night,5.4545449999999995,11,1,3,off,free-flow,virtual,4,drop-offs,unassigned,46,0,2,304,36,0,119,108,11,0,940GZZLUEUS,0,3900,2914,1800,1798.5,c4a341f4642e795c,330,330,0,0,207,123,6.9,63,102,9.6,21,true,1114,48,124,104,70,3,2,0,0,2,1,389,324,65,6,london-link-048-a-departure,true,480.5,181.6160606060606,632.0333333333333,457.28333333333336,621.8038888888889,1260.9833333333333,1574.0666666666666,1661888.6791316797,1232231.2224734337,57.42293808248845,1.1774500439081044,1956790.8981570674,1950524.0828854851,1.0032640123291694,1.1898426570345046,8,0,0.680894404783236
profile,tfl-numbat-2019-midweek,night,5.4545449999999995,11,1,3,off,free-flow,virtual,4,drop-offs,reassign-existing,108,8,11,21,5,0,105,93,12,93,940GZZLUEUS,0,3900,2931,1800,1798.5,c4a341f4642e795c,330,330,0,0,229,101,7.633333333333334,72,93,10.466666666666667,8,true,1131,31,107,76,55,2,2,0,0,2,2,190,158,32,6,london-link-022-b-departure,true,238.5,103.45580808080808,408.98333333333335,261.78333333333336,540.5483838383839,1109.9833333333333,1240.6666666666667,1318982.2897995696,936276.7612751952,58.48473545294038,1.479667521311095,1951655.255463079,1947599.0828854847,1.0020475072429063,1.1869062441939247,5,0,0.004846986688962805
profile,tfl-numbat-2019-midweek,night,5,11.966666666666667,1,1,off,free-flow,virtual,4,drop-offs,unassigned,52,1,2,328,35,0,139,127,12,0,940GZZLUEUS,0,3900,3680,1800,1795,2be3e529710e9875,359,359,0,0,234,125,7.8,83,96,10.066666666666666,29,true,1880,51,126,109,75,4,2,0,1,2,1,518,416,100,7,london-link-048-a-departure,true,918,180.3183844011142,997.8666666666667,462.26666666666665,601.7644846796658,1261.35,1964.2166666666667,1751572.7553476347,1438529.0522988401,54.906484525014974,1.1600452525937743,2031903.6593326444,2027037.4828660896,1.0025205685241265,1.1887282126396161,6,0,0.7707392517335224
profile,tfl-numbat-2019-midweek,night,5,11.966666666666667,1,1,off,free-flow,virtual,4,drop-offs,reassign-existing,120,13,18,30,11,0,110,96,14,96,940GZZLUEUS,0,3900,2828,1800,1795,2be3e529710e9875,359,359,0,0,258,101,8.6,83,96,11.666666666666666,5,true,1028,30,105,78,61,2,2,0,0,2,2,253,211,42,5,london-link-048-a-departure,true,262,90.53259052924791,395.31666666666666,239.16666666666666,509.0005571030641,1074.75,1215.5,1342630.2760711592,909745.5009607779,59.60951497358079,1.5090945440825347,2026156.024392702,2022837.48286609,1.0017745415480135,1.1917196223713216,4,0,0.3823929813946453
profile,tfl-numbat-2019-midweek,night,5,11.966666666666667,1,2,off,free-flow,virtual,4,drop-offs,unassigned,45,0,0,369,37,0,161,149,12,0,940GZZLUEUS,0,3900,3626,1800,1795,4211505d27680b8b,359,359,0,0,226,133,7.533333333333333,68,111,10.533333333333333,22,true,1826,66,136,114,76,3,2,0,0,2,2,565,428,135,6,london-link-048-a-departure,true,859,234.8066852367688,939.8666666666667,595.85,671.6604456824513,1356.1333333333334,1906.2166666666667,1831503.6450137305,1719522.4647615752,51.576743971888746,1.1517837813300311,2109496.1936674905,2104286.5417951196,1.0028813695898453,1.1903092773325137,5,0,1.4337675520216546
profile,tfl-numbat-2019-midweek,night,5,11.966666666666667,1,2,off,free-flow,virtual,4,drop-offs,reassign-existing,120,8,18,12,6,0,97,93,4,93,940GZZLUEUS,0,3900,3199,1800,1795,4211505d27680b8b,359,359,0,0,254,105,8.466666666666667,85,94,11.266666666666667,11,true,1399,34,117,89,65,2,3,0,0,2,2,189,145,37,6,london-link-048-a-departure,true,391,105.48356545961002,515.8833333333333,292.55,539.3486072423398,1093.1166666666666,1413.3,1426488.2798104612,1093959.119323788,56.5966296420408,1.475387326235927,2104622.729076722,2098586.5417951196,1.003272091661412,1.365398728644671,4,0,0.49436521230058705
profile,tfl-numbat-2019-midweek,night,5,11.966666666666667,1,3,off,free-flow,virtual,4,drop-offs,unassigned,60,0,0,406,47,0,140,121,19,0,940GZZLUEUS,0,3900,3132,1800,1795,e593d26bccbd6209,359,359,0,0,225,134,7.5,69,110,10.4,24,true,1332,62,144,114,74,5,3,0,0,2,2,841,652,181,7,london-link-048-a-departure,true,870,216.09809656453112,959.1333333333333,551.75,655.20547818013,1425.0666666666666,1613.6666666666667,1781863.2965479975,1513730.3146388459,54.06805288429645,1.1890871840747088,2118790.8096053624,2113844.8898687335,1.0027767730154546,1.1898426570345046,6,0,1.22988928516818
profile,tfl-numbat-2019-midweek,night,5,11.966666666666667,1,3,off,free-flow,virtual,4,drop-offs,reassign-existing,124,10,19,27,7,0,114,99,15,99,940GZZLUEUS,0,3900,2973,1800,1795,e593d26bccbd6209,359,359,0,0,244,115,8.133333333333333,85,94,10.6,21,true,1173,34,122,85,57,2,2,0,0,2,2,150,116,34,5,london-link-098-a-departure,true,326,110.49837511606314,468.93333333333334,284.55,546.7811977715878,1110.6666666666667,1231.35,1376357.149733224,944195.2810563071,59.31161612517155,1.5379020451623533,2116702.4754901603,2110244.889868733,1.0037538973580855,1.3698467416622593,5,0,0.09892769445474942
profile,tfl-numbat-2019-midweek,night,4.615385,13.033333333333333,1,1,off,free-flow,virtual,4,drop-offs,unassigned,63,0,0,463,52,0,166,148,18,0,940GZZLUEUS,0,3900,3761,1800,1798.6,86aba24f394e3624,391,391,0,0,250,141,8.333333333333334,84,111,11.066666666666666,30,true,1961,60,143,114,78,5,2,0,0,2,2,624,472,150,7,london-link-063-a-arrival,true,990.4,215.07186700767264,1008.25,593.8333333333334,641.4786445012787,1257.2833333333333,1979.9666666666667,1898997.7023767428,1627417.4543294876,53.85065620437213,1.1797641398235177,2240369.39074207,2232006.455069236,1.004177688426078,1.228183917662986,10,0,1.4630809718320201
profile,tfl-numbat-2019-midweek,night,4.615385,13.033333333333333,1,1,off,free-flow,virtual,4,drop-offs,reassign-existing,144,20,23,40,11,0,129,114,15,114,940GZZLUEUS,0,3900,3579,1800,1798.6,86aba24f394e3624,391,391,0,0,270,121,9,94,101,11.733333333333333,20,true,1779,38,121,84,65,3,2,0,0,2,2,4549,166,2207,6,london-link-063-a-departure,true,1158.4,97.59454390451833,1231.4833333333333,243.86666666666667,520.6110826939471,1076.1,1853.85,1411067.6673144784,1002113.9509621002,58.47333066966673,1.5808449999682102,2230679.2665174776,2226756.4550692365,1.001333367738562,1.1879481766937212,4,0,0.477563872789337
profile,tfl-numbat-2019-midweek,night,4.615385,13.033333333333333,1,2,off,free-flow,virtual,4,drop-offs,unassigned,73,7,5,400,38,0,170,149,21,0,940GZZLUEUS,0,3900,3576,1800,1798.6,09112042b1d9f956,391,391,0,0,234,157,7.8,70,125,10.933333333333334,32,true,1776,70,162,114,72,4,3,0,1,2,1,513,433,79,6,london-link-048-a-departure,true,896.4,247.49727195225918,1158.0333333333333,635.4833333333333,678.2852088661551,1394.3666666666666,2008.6,1869655.2147550196,1755577.5788666275,51.57338359193241,1.2140915728609578,2269932.640267916,2260763.634045649,1.0042551477165773,1.2718137438468866,10,0,0.6145360988086526
profile,tfl-numbat-2019-midweek,night,4.615385,13.033333333333333,1,2,off,free-flow,virtual,4,drop-offs,reassign-existing,135,12,19,28,10,0,132,119,13,119,940GZZLUEUS,0,3900,3083,1800,1798.6,09112042b1d9f956,391,391,0,0,276,115,9.2,83,112,12.866666666666667,3,true,1283,35,130,88,67,2,2,0,0,2,2,379,174,88,5,london-link-048-a-departure,true,585.4,109.2843989769821,644.7666666666667,310.8,537.5890878090366,1075.5,1500.1166666666666,1489554.9224441806,1122536.0247990554,57.025385123601296,1.517446506114882,2260319.912724955,2259413.634045649,1.0005170416397695,1.2021632811498402,1,0,0.37979312506530144
profile,tfl-numbat-2019-midweek,night,4.615385,13.033333333333333,1,3,off,free-flow,virtual,4,drop-offs,unassigned,86,3,6,423,44,0,146,125,21,0,940GZZLUEUS,0,3900,3399,1800,1798.6,de8c84346b576f9d,391,391,0,0,233,158,7.766666666666667,73,122,10.666666666666666,36,true,1599,78,167,114,69,3,3,0,1,2,2,531,418,110,6,london-link-022-a-arrival,true,997.4,252.7332907075874,1001.7166666666667,669.3166666666667,694.1091219096335,1410.2333333333333,1710.0833333333333,1816765.6845374538,1729149.1278277016,51.23545772171711,1.2785020304063957,2322738.616341528,2308198.3613001863,1.0072253611580457,1.221104619462378,14,0,0.8889865091384114
profile,tfl-numbat-2019-midweek,night,4.615385,13.033333333333333,1,3,off,free-flow,virtual,4,drop-offs,reassign-existing,140,23,25,46,15,0,130,110,20,110,940GZZLUEUS,0,3900,2963,1800,1798.6,de8c84346b576f9d,391,391,0,0,275,116,9.166666666666666,94,101,12.066666666666666,15,true,1163,43,132,91,60,2,2,0,0,2,2,339,280,58,6,london-link-048-a-departure,true,274.4,118.84838022165387,486.3,303.05,556.8302642796249,1117.2,1273.95,1485800.619959174,1105085.3138952306,57.347203153354606,1.5566874974674543,2312927.2488172944,2307373.361300183,1.002694164875655,1.1845091508977326,7,0,0.37287296513005785
profile,tfl-numbat-2019-midweek,night,4.2857140000000005,14,1,1,off,free-flow,virtual,4,drop-offs,unassigned,88,2,8,473,60,0,172,152,20,0,940GZZLUEUS,0,3900,3767,1800,1799,def6a6a41e8ad6fd,420,420,0,0,262,158,8.733333333333333,94,116,11.2,42,true,1967,78,159,114,75,3,2,0,0,2,1,783,625,153,6,london-link-048-a-arrival,true,992,238.02781746031744,1026.2666666666667,710.65,666.0428571428571,1352.5833333333333,2001.7,1979313.240033216,1789994.9793854458,52.51131307957842,1.2200099575414172,2414781.861775961,2401805.7205081712,1.0062645763932512,1.3847312352602879,13,0,1.0912221181355546
profile,tfl-numbat-2019-midweek,night,4.2857140000000005,14,1,1,off,free-flow,virtual,4,drop-offs,reassign-existing,160,37,27,62,17,0,154,134,20,134,940GZZLUEUS,0,3900,2884,1800,1799,def6a6a41e8ad6fd,420,420,0,0,287,133,9.566666666666666,100,110,12.466666666666667,23,true,1084,40,133,95,68,3,2,0,0,2,2,447,343,104,7,london-link-048-a-departure,true,205,101.53488095238095,386.46666666666664,278,527.0745238095237,1074.8,1350.9,1496486.4790824323,1038297.6394266001,59.03802490141331,1.6074829923091913,2405576.5633379067,2399855.72050817,1.002444446927141,1.221104619462378,5,0,0.35932582097087795
profile,tfl-numbat-2019-midweek,night,4.2857140000000005,14,1,2,off,free-flow,virtual,4,drop-offs,unassigned,83,2,7,418,49,0,176,156,20,0,940GZZLUEUS,0,3900,3674,1800,1799,5d8b702387ea3569,420,420,0,0,252,168,8.4,81,129,11.4,39,true,1874,74,168,114,74,4,2,0,0,2,2,544,342,202,6,london-link-048-a-departure,true,993,252.6395238095238,1030.9166666666667,668.85,681.439007936508,1347.3333333333333,1895.9,1938905.0318791973,1853575.2799519068,51.124986089724636,1.250684100243894,2424957.6951077715,2418577.6157660517,1.002505028499602,1.2279764331400824,8,0,0.7082377717195321
profile,tfl-numbat-2019-midweek,night,4.2857140000000005,14,1,2,off,free-flow,virtual,4,drop-offs,reassign-existing,157,17,23,31,8,0,143,131,12,131,940GZZLUEUS,0,3900,2982,1800,1799,5d8b702387ea3569,420,420,0,0,291,129,9.7,91,119,13.333333333333334,10,true,1182,41,137,95,71,2,2,1,0,2,2,156,119,35,5,london-link-048-a-arrival,true,362,109.87059523809525,726.7666666666667,284.7,536.7505555555556,1089.6666666666667,1582.1166666666666,1547943.5112572168,1122092.9576143352,57.97462054559241,1.565846577881318,2423842.0498284562,2416027.6157660545,1.0034099081857102,1.2165379926899318,5,0,0.13305494145582575
profile,tfl-numbat-2019-midweek,night,4.2857140000000005,14,1,3,off,free-flow,virtual,4,drop-offs,unassigned,95,10,11,453,48,0,155,137,18,0,940GZZLUEUS,0,3900,3425,1800,1799,543bacff6e8e87de,420,420,0,0,251,169,8.366666666666667,79,131,11.466666666666667,38,true,1625,83,179,114,74,4,2,0,0,2,1,378,299,79,7,london-link-048-a-departure,true,956,261.61281746031744,992.65,739.85,699.6146428571429,1456.0666666666666,1835.0666666666666,1959422.7007608383,1768759.4133712756,52.557054370638596,1.2653490798904863,2479353.7113672565,2462410.6916881935,1.0071711719975676,1.2700282542237022,17,0,0.9260449216239934
profile,tfl-numbat-2019-midweek,night,4.2857140000000005,14,1,3,off,free-flow,virtual,4,drop-offs,reassign-existing,150,28,25,55,17,0,150,127,23,127,940GZZLUEUS,0,3900,2948,1800,1799,543bacff6e8e87de,420,420,0,0,291,129,9.7,100,110,12.733333333333333,19,true,1148,43,142,96,65,2,2,0,0,2,2,287,233,49,5,940GZZLUECT-exit,true,331,119.17690476190477,475.76666666666665,317,554.9636111111112,1149.8833333333334,1247.4833333333333,1587877.4129699827,1061485.9757495578,59.934300433487046,1.5556317483672402,2470152.5160877807,2463985.6916881925,1.0028607512390888,1.1869062441939247,8,0,0.31313896056406215
profile,tfl-numbat-2019-midweek,night,4,14.966666666666667,1,1,off,free-flow,virtual,4,drop-offs,unassigned,113,1,9,506,65,0,179,161,18,0,940GZZLUEUS,0,3900,3482,1800,1796,496c456e64d1b538,449,449,0,0,277,172,9.233333333333333,96,128,12.066666666666666,44,true,1682,84,174,114,79,3,2,0,0,2,1,533,430,97,6,london-link-048-a-departure,true,983,239.9304380103935,1149.3166666666666,747.4,671.5366740905716,1377.05,1857.8166666666666,1999742.7498390824,1840832.1788547707,52.06883831112176,1.3010381962297537,2601741.6999976556,2583224.204825037,1.0076530654279672,1.365398728644671,17,0,0.7791015784811433
profile,tfl-numbat-2019-midweek,night,4,14.966666666666667,1,1,off,free-flow,virtual,4,drop-offs,reassign-existing,179,38,29,62,21,0,168,149,19,149,940GZZLUEUS,0,3900,2850,1800,1796,496c456e64d1b538,449,449,0,0,305,144,10.166666666666666,107,117,13.2,27,true,1050,41,148,99,67,3,2,0,0,2,2,355,307,48,5,london-link-048-a-departure,true,418,104.09996288047513,518,276.56666666666666,531.8412769116555,1069.9,1389.0833333333333,1577887.070053367,1016431.5832663222,60.820865934657,1.6403002647807643,2588208.5787592074,2580674.2048250367,1.003353841882794,1.2021632811498402,8,0,0.9459913485363908
profile,tfl-numbat-2019-midweek,night,4,14.966666666666667,1,2,off,free-flow,virtual,4,drop-offs,unassigned,108,6,9,443,55,0,174,154,20,0,940GZZLUEUS,0,3900,3740,1800,1796,916284cd6b4ace08,449,449,0,0,273,176,9.1,87,137,12.4,39,true,1940,83,179,114,78,3,2,0,1,2,2,298,234,64,7,london-link-063-b-arrival,true,1079,255.76484780994804,1090.55,815.6333333333333,679.2038975501114,1407.1333333333334,2015.6333333333334,2004550.7219526612,1945202.1695229483,50.75129449943311,1.2804678550688489,2566762.7631415115,2552902.748473809,1.0051658579723743,1.2370832310183666,16,0,0.4158299779079486
profile,tfl-numbat-2019-midweek,night,4,14.966666666666667,1,2,off,free-flow,virtual,4,drop-offs,reassign-existing,173,32,27,60,16,0,165,147,18,147,940GZZLUEUS,0,3900,3203,1800,1796,916284cd6b4ace08,449,449,0,0,304,145,10.133333333333333,94,130,14,15,true,1403,45,147,102,69,3,4,0,0,2,2,299,222,74,5,london-link-048-a-arrival,true,509,120.61317743132888,663.7333333333333,372.0833333333333,543.0267631774313,1095.6,1566.3333333333333,1626660.091586655,1210025.5009145108,57.34368644472842,1.5731943976871163,2559052.542966365,2552452.7484738105,1.0023900890633186,1.2037758651061488,5,0,0.30170775249378057
profile,tfl-numbat-2019-midweek,night,4,14.966666666666667,1,3,off,free-flow,virtual,4,drop-offs,unassigned,121,12,12,419,47,0,160,139,21,0,940GZZLUEUS,0,3900,3498,1800,1796,b5e14fc27a619533,449,449,0,0,261,188,8.7,89,135,11.466666666666667,53,true,1698,91,192,114,69,6,2,0,0,2,1,1025,613,412,7,london-link-048-a-departure,true,897,278.2533407572383,1048.6666666666667,748.7,720.6026726057906,1494.7,1791.3833333333334,1982744.2020566377,1872024.554550585,51.4361386440662,1.3407134694275602,2658291.8579507535,2637159.4824900166,1.0081821013351686,1.2232852067943651,22,0,1.5972305712123676
profile,tfl-numbat-2019-midweek,night,4,14.966666666666667,1,3,off,free-flow,virtual,4,drop-offs,reassign-existing,170,41,34,73,19,0,162,137,25,137,940GZZLUEUS,0,3900,3091,1800,1796,b5e14fc27a619533,449,449,0,0,306,143,10.2,104,120,13.466666666666667,23,true,1291,50,156,107,70,2,2,0,0,2,2,236,184,50,5,london-link-048-a-departure,true,445,127.10423162583518,523.5333333333333,341.2,563.9292501855977,1170.2833333333333,1318.9333333333334,1670191.3848087578,1190474.6320228777,58.38470394592229,1.5829356568366888,2643805.496677661,2633559.4824900134,1.004701253185986,1.1898426570345046,10,0,0.6605700757937342
profile,tfl-numbat-2019-midweek,am-peak,60,0.9666666666666667,1,1,off,free-flow,virtual,4,drop-offs,unassigned,0,0,0,0,0,0,0,0,0,0,940GZZLUEUS,0,3900,2434,1800,1740,91f17b3654b28322,29,29,0,0,23,6,0.7666666666666667,7,7,1.0666666666666667,-1,true,634,2,9,9,9,0,1,0,0,2,1,0,0,0,2,940GZZLUBNK-01-arrival,true,0,15.32183908045977,205.88333333333333,111.53333333333333,446.6649425287356,757.05,826.5333333333333,170038.47935630876,26973.178481395626,86.30884142723383,1,170038.47935483302,170038.47935483302,1,1,0,0,0
profile,tfl-numbat-2019-midweek,am-peak,60,0.9666666666666667,1,1,off,free-flow,virtual,4,drop-offs,reassign-existing,0,0,0,0,0,0,0,0,0,0,940GZZLUEUS,0,3900,2434,1800,1740,91f17b3654b28322,29,29,0,0,23,6,0.7666666666666667,7,7,1.0666666666666667,-1,true,634,2,9,9,9,0,1,0,0,2,1,0,0,0,2,940GZZLUBNK-01-arrival,true,0,15.32183908045977,205.88333333333333,111.53333333333333,446.6649425287356,757.05,826.5333333333333,170038.47935630876,26973.178481395626,86.30884142723383,1,170038.47935483302,170038.47935483302,1,1,0,0,0
profile,tfl-numbat-2019-midweek,am-peak,60,0.9666666666666667,1,2,off,free-flow,virtual,4,drop-offs,unassigned,0,0,0,0,0,0,0,0,0,0,940GZZLUEUS,0,3900,2352,1800,1740,13a4fdcb6e345e29,29,29,0,0,22,7,0.7333333333333333,9,5,0.8666666666666667,2,true,552,3,8,8,8,0,1,0,0,1,1,0,0,0,1,940GZZLUBKF-01-departure,true,0,35.66149425287357,161.31666666666666,126.98333333333333,390.50632183908044,765.3166666666667,971.75,139007.43371350633,52748.269490098595,72.49194229488401,1,139007.43371262972,139007.43371262972,1,1,0,0,0
profile,tfl-numbat-2019-midweek,am-peak,60,0.9666666666666667,1,2,off,free-flow,virtual,4,drop-offs,reassign-existing,0,0,0,0,0,0,0,0,0,0,940GZZLUEUS,0,3900,2352,1800,1740,13a4fdcb6e345e29,29,29,0,0,22,7,0.7333333333333333,9,5,0.8666666666666667,2,true,552,3,8,8,8,0,1,0,0,1,1,0,0,0,1,940GZZLUBKF-01-departure,true,0,35.66149425287357,161.31666666666666,126.98333333333333,390.50632183908044,765.3166666666667,971.75,139007.43371350633,52748.269490098595,72.49194229488401,1,139007.43371262972,139007.43371262972,1,1,0,0,0
profile,tfl-numbat-2019-midweek,am-peak,60,0.9666666666666667,1,3,off,free-flow,virtual,4,drop-offs,unassigned,0,0,0,0,0,0,0,0,0,0,940GZZLUEUS,0,3900,2652,1800,1740,2a25d7a620a8b34d,29,29,0,0,20,9,0.6666666666666666,7,7,0.8666666666666667,2,true,852,2,10,10,9,1,0,0,0,1,1,8,7,1,2,940GZZLUOXC-01-arrival,true,0,40.935057471264365,207.15,205.88333333333333,460.2614942528736,821.8833333333333,911.8333333333334,165121.07575321395,77354.64328737644,68.09798375134325,1,165121.07575183813,165121.07575183813,1,1,0,0,0
profile,tfl-numbat-2019-midweek,am-peak,60,0.9666666666666667,1,3,off,free-flow,virtual,4,drop-offs,reassign-existing,0,0,0,0,0,0,0,0,0,0,940GZZLUEUS,0,3900,2652,1800,1740,2a25d7a620a8b34d,29,29,0,0,20,9,0.6666666666666666,7,7,0.8666666666666667,2,true,852,2,10,10,9,1,0,0,0,1,1,8,7,1,2,940GZZLUOXC-01-arrival,true,0,40.935057471264365,207.15,205.88333333333333,460.2614942528736,821.8833333333333,911.8333333333334,165121.07575321395,77354.64328737644,68.09798375134325,1,165121.07575183813,165121.07575183813,1,1,0,0,0
profile,tfl-numbat-2019-midweek,am-peak,30,1.9666666666666666,1,1,off,free-flow,virtual,4,drop-offs,unassigned,0,0,0,0,0,0,0,0,0,0,940GZZLUEUS,0,3900,2416,1800,1770,b005b6d375179000,59,59,0,0,48,11,1.6,16,13,2.1333333333333333,-2,true,616,2,18,18,17,1,1,0,0,2,1,1,1,0,3,london-link-087-a-arrival,true,88,22.951412429378532,207.15,136.5,421.20593220338986,757.05,826.5333333333333,318439.65233857644,83579.30168585772,79.210109162968,1,318439.65233473416,318439.65233473416,1,1,0,0,0
profile,tfl-numbat-2019-midweek,am-peak,30,1.9666666666666666,1,1,off,free-flow,virtual,4,drop-offs,reassign-existing,0,0,0,0,0,0,0,0,0,0,940GZZLUEUS,0,3900,2416,1800,1770,b005b6d375179000,59,59,0,0,48,11,1.6,16,13,2.1333333333333333,-2,true,616,2,18,18,17,1,1,0,0,2,1,1,1,0,3,london-link-087-a-arrival,true,88,22.951412429378532,207.15,136.5,421.20593220338986,757.05,826.5333333333333,318439.65233857644,83579.30168585772,79.210109162968,1,318439.65233473416,318439.65233473416,1,1,0,0,0
profile,tfl-numbat-2019-midweek,am-peak,30,1.9666666666666666,1,2,off,free-flow,virtual,4,drop-offs,unassigned,0,0,0,1,0,0,1,1,0,0,940GZZLUEUS,0,3900,2522,1800,1770,81208d9b58d5f9ff,59,59,0,0,44,15,1.4666666666666666,19,10,1.6666666666666667,5,true,722,5,17,17,16,1,1,0,0,1,1,9,8,1,3,london-link-075-a-arrival,true,211,47.07118644067796,240.4,176.01666666666668,422.4737288135593,781.2333333333333,971.75,299285.06624609604,154044.9133985241,66.01925301316166,1,299285.0662425115,299285.0662425115,1,1,0,0,0
profile,tfl-numbat-2019-midweek,am-peak,30,1.9666666666666666,1,2,off,free-flow,virtual,4,drop-offs,reassign-existing,1,0,0,0,0,0,1,1,0,1,940GZZLUEUS,0,3900,2522,1800,1770,81208d9b58d5f9ff,59,59,0,0,44,15,1.4666666666666666,19,10,1.6666666666666667,5,true,722,5,17,17,16,1,1,0,0,1,1,9,8,1,3,london-link-075-a-arrival,true,211,45.440677966101696,240.4,176.01666666666668,421.0762711864407,781.2333333333333,971.75,296851.23368254537,141395.27554156733,67.7361319336237,1.0089567846175358,299510.0662425115,299510.0662425115,1,1,0,0,0
profile,tfl-numbat-2019-midweek,am-peak,30,1.9666666666666666,1,3,off,free-flow,virtual,4,drop-offs,unassigned,0,0,0,1,0,0,1,0,1,0,940GZZLUEUS,0,3900,2632,1800,1770,dbc46e79bcf53e4f,59,59,0,0,44,15,1.4666666666666666,15,14,1.9333333333333333,1,true,832,5,21,20,20,1,0,0,0,1,1,12,10,2,3,london-link-070-a-departure,true,103,58.93022598870057,271.8833333333333,245.75,470.46666666666664,891.7333333333333,947.7,329065.43679483025,194231.391368696,62.8831323036416,1,329065.4367908913,329065.4367908913,1,1,0,0,0
profile,tfl-numbat-2019-midweek,am-peak,30,1.9666666666666666,1,3,off,free-flow,virtual,4,drop-offs,reassign-existing,0,0,0,1,0,0,1,0,1,0,940GZZLUEUS,0,3900,2632,1800,1770,dbc46e79bcf53e4f,59,59,0,0,44,15,1.4666666666666666,15,14,1.9333333333333333,1,true,832,5,21,20,20,1,0,0,0,1,1,12,10,2,3,london-link-070-a-departure,true,103,58.93022598870057,271.8833333333333,245.75,470.46666666666664,891.7333333333333,947.7,329065.43679483025,194231.391368696,62.8831323036416,1,329065.4367908913,329065.4367908913,1,1,0,0,0
profile,tfl-numbat-2019-midweek,am-peak,20,2.966666666666667,1,1,off,free-flow,virtual,4,drop-offs,unassigned,0,0,0,1,0,0,1,1,0,0,940GZZLUEUS,0,3900,2697,1800,1780,66f80c9375c76554,89,89,0,0,68,21,2.2666666666666666,22,22,3.066666666666667,-1,true,897,6,27,27,24,1,1,0,0,2,1,8,5,3,3,london-link-070-a-departure,true,352,53.92378277153558,391.53333333333336,207.15,460.77546816479406,842.0833333333334,951.7833333333333,490565.84760020924,229479.91170061615,68.12981553791187,1,490565.8475936576,490565.8475936576,1,1,0,0,0
profile,tfl-numbat-2019-midweek,am-peak,20,2.966666666666667,1,1,off,free-flow,virtual,4,drop-offs,reassign-existing,1,0,0,0,0,0,1,1,0,1,940GZZLUEUS,0,3900,2697,1800,1780,66f80c9375c76554,89,89,0,0,68,21,2.2666666666666666,22,22,3.066666666666667,-1,true,897,6,27,27,24,1,1,0,0,2,1,8,5,3,3,london-link-070-a-departure,true,338,52.235205992509364,357.8,207.15,459.02659176029965,831.9,951.7833333333333,483120.7282804966,227773.3558873095,67.95959328400548,1.015255233088263,490490.8475936576,490490.8475936576,1,1,0,0,0
profile,tfl-numbat-2019-midweek,am-peak,20,2.966666666666667,1,2,off,free-flow,virtual,4,drop-offs,unassigned,1,0,0,2,0,0,2,1,1,0,940GZZLUEUS,0,3900,2717,1800,1780,e9fa7be6e6bf2313,89,89,0,0,65,24,2.1666666666666665,25,19,2.6666666666666665,5,true,917,8,28,27,22,1,1,0,0,2,1,14,11,3,3,london-link-049-a-departure,true,282,74.69662921348315,356.85,273.21666666666664,455.4582397003745,828.8,1036.6333333333334,454686.0888934219,235163.38475319502,65.91091336054855,1.0078800404511374,458269.03366033616,457473.89123383217,1.0009954772589245,1.0885974760442667,1,0,0
profile,tfl-numbat-2019-midweek,am-peak,20,2.966666666666667,1,2,off,free-flow,virtual,4,drop-offs,reassign-existing,2,0,0,1,0,0,2,1,1,1,940GZZLUEUS,0,3900,2717,1800,1780,e9fa7be6e6bf2313,89,89,0,0,65,24,2.1666666666666665,26,18,2.6,6,true,917,8,28,27,22,1,1,0,0,2,1,14,11,3,3,london-link-049-a-departure,true,282,73.14494382022471,356.85,273.21666666666664,454.0610486891386,828.8,1036.6333333333334,452252.25632987753,232569.33758763983,66.03942696122819,1.0138015394046924,458494.03366033616,457698.89123383217,1.0009954772589245,1.0885974760442667,1,0,0
profile,tfl-numbat-2019-midweek,am-peak,20,2.966666666666667,1,3,off,free-flow,virtual,4,drop-offs,unassigned,0,0,0,3,0,0,3,1,2,0,940GZZLUEUS,0,3900,2503,1800,1780,06bdf1662b8a1f89,89,89,0,0,66,23,2.2,21,23,3,0,true,703,8,29,29,26,1,2,0,0,1,1,10,9,1,3,london-link-070-a-departure,true,272,73.54550561797753,386.1666666666667,258.31666666666666,466.6220973782772,862.5166666666667,1038.1833333333334,473934.72717816423,235606.73304839572,66.7945079667134,1,473934.72717189684,473934.72717189684,1,1,0,0,0
profile,tfl-numbat-2019-midweek,am-peak,20,2.966666666666667,1,3,off,free-flow,virtual,4,drop-offs,reassign-existing,1,0,0,2,0,0,3,1,2,1,940GZZLUEUS,0,3900,2503,1800,1780,06bdf1662b8a1f89,89,89,0,0,66,23,2.2,21,23,3,0,true,703,8,29,29,26,1,2,0,0,1,1,12,10,2,3,london-link-070-a-departure,true,272,70.51404494382022,386.1666666666667,258.31666666666666,463.59063670411985,862.5166666666667,1038.1833333333334,470988.18790498126,231257.09898277378,67.06889981310229,1.0062560789183603,473934.72717189684,473934.72717189684,1,1,0,0,0
profile,tfl-numbat-2019-midweek,am-peak,15,3.966666666666667,1,1,off,free-flow,virtual,4,drop-offs,unassigned,0,0,0,4,0,0,4,1,3,0,940GZZLUEUS,0,3900,2528,1800,1785,a78b0f070e897eab,119,119,0,0,86,33,2.8666666666666667,26,33,4,0,true,728,12,35,35,32,1,2,0,0,2,1,27,21,6,3,940GZZLUKSX-01-arrival,true,182,66.19313725490196,433.7,256.26666666666665,462.0403361344538,885.4333333333333,997.9,637674.0092436471,298034.1403438079,68.14881429907302,1,637674.0092624289,637674.0092624289,1,1,0,0,0
profile,tfl-numbat-2019-midweek,am-peak,15,3.966666666666667,1,1,off,free-flow,virtual,4,drop-offs,reassign-existing,1,0,0,3,0,0,4,1,3,1,940GZZLUEUS,0,3900,2528,1800,1785,a78b0f070e897eab,119,119,0,0,86,33,2.8666666666666667,26,33,4,0,true,728,12,35,35,32,1,2,0,0,2,1,27,21,6,3,940GZZLUKSX-01-arrival,true,182,65.41554621848739,386.1666666666667,256.26666666666665,461.2626050420168,882,997.9,630303.8899257455,294495.0570104167,68.15577504861224,1.0116929618191959,637674.0092624289,637674.0092624289,1,1,0,0,0
profile,tfl-numbat-2019-midweek,am-peak,15,3.966666666666667,1,2,off,free-flow,virtual,4,drop-offs,unassigned,2,0,0,6,0,0,6,2,4,0,940GZZLUEUS,0,3900,2853,1800,1785,5a5f0ba061327b6a,119,119,0,0,83,36,2.7666666666666666,32,27,3.4,9,true,1053,14,38,37,29,1,1,0,0,2,1,40,34,6,4,london-link-013-a-arrival,true,219,96.43151260504202,548.5666666666667,368.55,495.18767507002804,974.75,1397.8333333333333,634517.6908457954,351067.37888148427,64.37979940395934,1.011495793766631,641811.9753792455,640089.2376034359,1.0026785523401271,1.2062491145175098,2,0,0.016649785634009963
profile,tfl-numbat-2019-midweek,am-peak,15,3.966666666666667,1,2,off,free-flow,virtual,4,drop-offs,reassign-existing,4,0,0,4,0,0,6,2,4,2,940GZZLUEUS,0,3900,2853,1800,1785,5a5f0ba061327b6a,119,119,0,0,83,36,2.7666666666666666,32,27,3.4,9,true,1053,14,38,36,29,1,1,0,0,2,1,32,25,7,4,london-link-072-a-arrival,true,219,94.41288515406161,548.5666666666667,368.55,493.3892156862745,974.75,1397.8333333333333,629249.6543289504,338518.5864312446,65.02069688034672,1.020440728007798,642111.9753792455,640389.2376034359,1.0026785523401271,1.2062491145175098,2,0,0
profile,tfl-numbat-2019-midweek,am-peak,15,3.966666666666667,1,3,off,free-flow,virtual,4,drop-offs,unassigned,0,0,0,4,0,0,4,1,3,0,940GZZLUEUS,0,3900,2762,1800,1785,c3c03c914bb6c564,119,119,0,0,89,30,2.966666666666667,27,32,4.133333333333334,-2,true,962,13,35,35,30,2,2,0,0,2,1,39,31,8,4,london-link-081-a-departure,true,312,92.78697478991597,391.53333333333336,291.23333333333335,492.78935574229695,908.8166666666667,1246.1666666666667,644545.7968098928,333229.9738274521,65.91959180884157,1,644545.7968304347,644545.7968304347,1,1,0,0,0
profile,tfl-numbat-2019-midweek,am-peak,15,3.966666666666667,1,3,off,free-flow,virtual,4,drop-offs,reassign-existing,1,0,0,3,0,0,4,1,3,1,940GZZLUEUS,0,3900,2762,1800,1785,c3c03c914bb6c564,119,119,0,0,89,30,2.966666666666667,27,32,4.133333333333334,-2,true,962,12,35,35,31,2,2,0,0,2,1,46,38,8,4,london-link-081-a-departure,true,312,88.18865546218487,391.53333333333336,290.7,488.31554621848744,908.8166666666667,1246.1666666666667,641749.2575374533,313998.05443731265,67.1463314096558,1.0045914182812237,644695.7968304347,644695.7968304347,1,1,0,0,0
profile,tfl-numbat-2019-midweek,am-peak,12,4.966666666666667,1,1,off,free-flow,virtual,4,drop-offs,unassigned,1,0,0,7,0,0,7,1,6,0,940GZZLUEUS,0,3900,2819,1800,1788,f2c28309e2ce7687,149,149,0,0,112,37,3.7333333333333334,32,42,5.333333333333333,-5,true,1019,15,45,45,38,2,2,0,0,2,1,60,51,9,4,london-link-030-a-arrival,true,279,78.98747203579418,463.68333333333334,271.8833333333333,487.265548098434,885.4333333333333,1212.25,821161.3183375427,396619.33936218213,67.43097068799241,1.0029070918390026,823548.5097655542,822790.953963216,1.0010539799070544,1.157043006151102,1,0,0.37065741146342285
profile,tfl-numbat-2019-midweek,am-peak,12,4.966666666666667,1,1,off,free-flow,virtual,4,drop-offs,reassign-existing,2,0,0,6,0,0,7,1,6,1,940GZZLUEUS,0,3900,2819,1800,1788,f2c28309e2ce7687,149,149,0,0,112,37,3.7333333333333334,32,42,5.333333333333333,-5,true,1019,15,45,44,38,2,2,0,0,2,1,58,50,8,4,london-link-030-a-arrival,true,279,77.79183445190156,416.15,271.8833333333333,486.0338926174497,874.2833333333333,1212.25,813716.1990196705,393179.8094928757,67.42222969338883,1.0119910488421633,823473.5097655542,822715.953963216,1.0010539799070544,1.157043006151102,1,0,0.37404787812840046
profile,tfl-numbat-2019-midweek,am-peak,12,4.966666666666667,1,2,off,free-flow,virtual,4,drop-offs,unassigned,1,0,0,11,0,0,12,5,7,0,940GZZLUEUS,0,3900,2596,1800,1788,4f469d7049de7204,149,149,0,0,107,42,3.566666666666667,38,36,4.6,6,true,796,15,47,47,41,1,1,0,0,2,1,31,24,7,3,940GZZLUWLO-01-arrival,true,150,101.47673378076063,533.1166666666667,295.23333333333335,500.4052572706935,894.9833333333333,1377.3833333333334,800641.0051135638,409544.401410982,66.15854073243814,1.004381420324904,804148.949942654,803353.80751615,1.000553209436041,1.0824282059701054,1,0,0
profile,tfl-numbat-2019-midweek,am-peak,12,4.966666666666667,1,2,off,free-flow,virtual,4,drop-offs,reassign-existing,6,0,0,6,0,0,12,5,7,5,940GZZLUEUS,0,3900,2558,1800,1788,4f469d7049de7204,149,149,0,0,108,41,3.6,38,36,4.666666666666667,5,true,758,15,46,44,39,1,1,0,0,2,1,23,17,6,5,london-link-075-a-arrival,true,150,93.58702460850112,533.1166666666667,295.23333333333335,492.5891498881432,860.4666666666667,1377.3833333333334,780204.2120594063,380193.194779125,67.23594929301417,1.030978732819714,804373.949942654,803578.80751615,1.000553209436041,1.0824282059701054,1,0,0
profile,tfl-numbat-2019-midweek,am-peak,12,4.966666666666667,1,3,off,free-flow,virtual,4,drop-offs,unassigned,0,0,0,9,0,0,9,2,7,0,940GZZLUEUS,0,3900,2742,1800,1788,fb7bde77c7f4ae02,149,149,0,0,102,47,3.4,34,40,4.533333333333333,7,true,942,19,48,47,37,1,2,0,0,1,2,28,20,8,4,london-link-057-b-departure,true,466,109.87885906040268,477.73333333333335,405,503.0734899328859,907.3666666666667,1323.9833333333333,792965.537800214,405558.6763519258,66.16182872543578,1,792965.5378546047,792965.5378546047,1,1,0,0,0
profile,tfl-numbat-2019-midweek,am-peak,12,4.966666666666667,1,3,off,free-flow,virtual,4,drop-offs,reassign-existing,2,0,0,7,0,0,9,2,7,2,940GZZLUEUS,0,3900,2696,1800,1788,fb7bde77c7f4ae02,149,149,0,0,102,47,3.4,34,40,4.533333333333333,7,true,896,19,48,46,37,1,2,0,0,1,2,27,19,8,4,london-link-057-b-departure,true,466,105.2993288590604,465.51666666666665,322.3,498.5200223713647,906.4666666666667,1313.4166666666667,780522.5138449623,403147.4406165926,65.94089094708988,1.0162301839249792,793190.5378546047,793190.5378546047,1,1,0,0,0
profile,tfl-numbat-2019-midweek,am-peak,10,5.966666666666667,1,1,off,free-flow,virtual,4,drop-offs,unassigned,1,0,0,12,0,0,12,1,11,0,940GZZLUEUS,0,3900,2689,1800,1790,523cd75d5a7198e9,179,179,0,0,128,51,4.266666666666667,45,44,5.533333333333333,7,true,889,16,54,54,43,1,2,0,0,2,2,87,70,17,4,london-link-017-a-arrival,true,289,95.53780260707636,450.8833333333333,299.95,502.39757914338924,918.0166666666667,1323.1666666666667,981737.2023816278,467627.90176867554,67.73567264524252,1.0030465857768345,984728.1490764457,983928.667994653,1.0009875298360693,1.1767678406564142,1,0,0
profile,tfl-numbat-2019-midweek,am-peak,10,5.966666666666667,1,1,off,free-flow,virtual,4,drop-offs,reassign-existing,2,0,0,11,0,0,12,1,11,1,940GZZLUEUS,0,3900,2689,1800,1790,523cd75d5a7198e9,179,179,0,0,129,50,4.3,45,44,5.6,6,true,889,16,54,53,42,1,2,0,0,2,2,82,66,16,4,london-link-017-a-arrival,true,289,95.04124767225326,450.8833333333333,299.95,501.8710428305401,915.9833333333333,1323.1666666666667,974292.0830637539,467664.63371481147,67.56735980538946,1.0106344556179263,984653.1490764457,983853.667994653,1.0009875298360693,1.1767678406564142,1,0,0
profile,tfl-numbat-2019-midweek,am-peak,10,5.966666666666667,1,2,off,free-flow,virtual,4,drop-offs,unassigned,0,0,0,17,1,0,15,5,10,0,940GZZLUEUS,0,3900,3042,1800,1790,1b0e7b93da5a461c,179,179,0,0,122,57,4.066666666666666,41,48,5.4,9,true,1242,20,57,57,47,1,2,0,0,2,1,76,65,11,4,london-link-072-a-arrival,true,246,112.00772811918064,541.3833333333333,392.18333333333334,523.835009310987,999.4333333333333,1441.95,996777.3200693368,509326.55710982234,66.18250807084037,1,996777.3201702276,996777.3201702276,1,1,0,0,0.2757569710273761
profile,tfl-numbat-2019-midweek,am-peak,10,5.966666666666667,1,2,off,free-flow,virtual,4,drop-offs,reassign-existing,4,0,0,12,1,0,14,4,10,4,940GZZLUEUS,0,3900,2998,1800,1790,1b0e7b93da5a461c,179,179,0,0,122,57,4.066666666666666,41,48,5.4,9,true,1198,20,58,57,47,2,1,0,0,2,1,51,40,11,4,london-link-072-a-arrival,true,315,109.15297951582868,528.1166666666667,391.53333333333336,520.7175977653632,999.4333333333333,1397.55,983905.4273079946,482436.9283327911,67.09929802703078,1.0134635833843941,997152.3201702274,997152.3201702274,1,1,0,0,0.0074567740131425645
profile,tfl-numbat-2019-midweek,am-peak,10,5.966666666666667,1,3,off,free-flow,virtual,4,drop-offs,unassigned,1,0,0,18,0,0,17,6,11,0,940GZZLUEUS,0,3900,2547,1800,1790,03cb8a2c06b5ed7f,179,179,0,0,124,55,4.133333333333334,42,47,5.466666666666667,8,true,747,19,61,60,45,4,2,0,0,2,2,1701,100,783,4,london-link-075-b-departure,true,282,113.69618249534452,488.3833333333333,375.9166666666667,502.00716945996277,889.4,1300.0166666666667,933317.4969878626,415586.9103445753,69.19078119357394,1.005098038236726,938075.5853607473,937327.5506177747,1.0004860613104136,1.0870049745640236,1,0,0.00994965474698028
profile,tfl-numbat-2019-midweek,am-peak,10,5.966666666666667,1,3,off,free-flow,virtual,4,drop-offs,reassign-existing,7,0,0,10,0,0,16,6,10,6,940GZZLUEUS,0,3900,2547,1800,1790,03cb8a2c06b5ed7f,179,179,0,0,125,54,4.166666666666667,43,46,5.466666666666667,8,true,747,19,61,58,44,3,2,0,0,2,2,1647,65,764,3,940GZZLUCHX-01-arrival,true,282,106.81089385474861,488.3833333333333,314.2,494.7135009310987,867.8666666666667,1277.9166666666667,908689.5085361629,405175.0866609168,69.16157965272362,1.032008817608665,937775.5853607473,937027.5506177747,1.0004860613104136,1.0870049745640236,1,0,0
profile,tfl-numbat-2019-midweek,am-peak,8.571429,7,1,1,off,free-flow,virtual,4,drop-offs,unassigned,2,0,0,20,0,0,19,2,17,0,940GZZLUEUS,0,3900,3025,1800,1799,1cdd19da9c40d2c2,210,210,0,0,142,68,4.733333333333333,50,55,6.133333333333334,13,true,1225,23,68,67,48,1,2,0,0,2,1,80,61,19,4,london-link-017-a-arrival,true,479,118.63436507936508,607.3,362.2,531.5479365079365,1024.2166666666667,1355.4833333333333,1158885.45381099,591182.9409811684,66.2194378950899,1.0118955031886214,1172670.9795067678,1170877.699605775,1.0008939687209382,1.1092624286679245,2,0,0.2325817353094976
profile,tfl-numbat-2019-midweek,am-peak,8.571429,7,1,1,off,free-flow,virtual,4,drop-offs,reassign-existing,4,0,0,16,0,0,18,2,16,2,940GZZLUEUS,0,3900,3025,1800,1799,1cdd19da9c40d2c2,210,210,0,0,145,65,4.833333333333333,50,55,6.333333333333333,10,true,1225,22,65,63,48,1,2,0,0,2,1,80,60,20,4,london-link-017-a-arrival,true,492,115.1595238095238,607.3,359.96666666666664,527.9302380952381,1017.3333333333334,1355.4833333333333,1148306.1305341057,581665.5771428501,66.37716243788036,1.0208915098913558,1172295.9795067678,1170502.699605775,1.0008939687209382,1.1092624286679245,2,0,0.23528854429030502
profile,tfl-numbat-2019-midweek,am-peak,8.571429,7,1,2,off,free-flow,virtual,4,drop-offs,unassigned,1,0,0,22,0,0,20,7,13,0,940GZZLUEUS,0,3900,2763,1800,1799,b57b46766d35932b,210,210,0,0,144,66,4.8,48,57,6.4,9,true,963,24,69,69,58,1,2,0,0,2,1,71,54,17,4,940GZZLUWLO-01-arrival,true,208,111.94039682539683,553.9333333333333,362.2,519.6289682539682,959.1333333333333,1408.5666666666666,1150798.9550452908,528148.7092972398,68.542872388815,1.0064043500271957,1158169.0744508996,1157418.3186499553,1.0004219028977983,1.088599608537648,1,0,0.31241355744667004
profile,tfl-numbat-2019-midweek,am-peak,8.571429,7,1,2,off,free-flow,virtual,4,drop-offs,reassign-existing,8,0,0,12,0,0,18,7,11,7,940GZZLUEUS,0,3900,2768,1800,1799,b57b46766d35932b,210,210,0,0,145,65,4.833333333333333,49,56,6.4,9,true,968,23,68,67,56,1,2,0,0,2,1,57,42,15,4,london-link-075-a-arrival,true,186,102.89214285714284,478.26666666666665,349.26666666666665,510.5257936507937,952.9166666666666,1396.6833333333334,1120050.0708006253,525341.5488987556,68.0719445383624,1.0339663418135738,1158094.0744508996,1157193.3186499553,1.0005061985297337,1.106301691244081,1,0,0.3188839063278525
profile,tfl-numbat-2019-midweek,am-peak,8.571429,7,1,3,off,free-flow,virtual,4,drop-offs,unassigned,1,0,0,21,0,0,20,6,14,0,940GZZLUEUS,0,3900,2786,1800,1799,4467f8d100e65ee9,210,210,0,0,148,62,4.933333333333334,49,56,6.6,6,true,986,23,69,69,54,2,2,0,0,2,2,92,72,20,5,940GZZLUWLO-01-arrival,true,314,119.33785714285713,511.71666666666664,356.43333333333334,509.713492063492,945.3666666666667,1246.1666666666667,1105778.0204878408,500924.15840821114,68.8228369272275,1.0020814452073137,1108079.6369464037,1107182.2862450127,1.0007608774438925,1.1597842632174205,1,0,0
profile,tfl-numbat-2019-midweek,am-peak,8.571429,7,1,3,off,free-flow,virtual,4,drop-offs,reassign-existing,7,0,0,12,0,0,18,6,12,6,940GZZLUEUS,0,3900,2786,1800,1799,4467f8d100e65ee9,210,210,0,0,149,61,4.966666666666667,50,55,6.6,6,true,986,23,69,67,54,1,2,0,0,2,2,58,45,13,4,london-link-022-a-arrival,true,318,112.67587301587302,511.71666666666664,354.6166666666667,502.85111111111115,945.3666666666667,1244.7833333333333,1081225.0320242387,476843.0912271046,69.39523477111908,1.024629104975508,1107854.6369464037,1106957.2862450127,1.0007608774438925,1.1597842632174205,1,0,0
profile,tfl-numbat-2019-midweek,am-peak,7.5,7.966666666666667,1,1,off,free-flow,virtual,4,drop-offs,unassigned,3,0,0,28,0,0,26,2,24,0,940GZZLUEUS,0,3900,2812,1800,1792.5,c5bb3efd32d68016,239,239,0,0,159,80,5.3,55,64,6.933333333333334,16,true,1012,31,80,78,56,2,3,0,0,2,2,148,107,41,5,london-link-072-a-arrival,true,317.5,130.35969316596933,601.9333333333333,395.31666666666666,544.3989539748954,994.2833333333333,1348.6666666666667,1324968.2545093738,668072.7036324472,66.47973033854187,1.0098918898828602,1338074.6946218857,1335773.5669824155,1.0023170601521247,1.3271664450883998,3,0,0.02877895025352885
profile,tfl-numbat-2019-midweek,am-peak,7.5,7.966666666666667,1,1,off,free-flow,virtual,4,drop-offs,reassign-existing,4,0,0,23,0,0,24,2,22,2,940GZZLUEUS,0,3900,2812,1800,1792.5,c5bb3efd32d68016,239,239,0,0,161,78,5.366666666666666,55,64,7.066666666666666,14,true,1012,30,78,78,55,2,3,0,0,2,2,178,137,41,5,london-link-072-a-arrival,true,311.5,127.45174337517435,601.9333333333333,373.8,540.9112273361228,983.0666666666667,1348.6666666666667,1320901.6250283516,656818.4572014874,66.78910918167256,1.0120550903778092,1336825.2135400928,1335323.5669824153,1.0019451335236795,1.3271664450883998,2,0,0.02900031762252634
profile,tfl-numbat-2019-midweek,am-peak,7.5,7.966666666666667,1,2,off,free-flow,virtual,4,drop-offs,unassigned,2,0,0,28,1,0,25,7,18,0,940GZZLUEUS,0,3900,2601,1800,1792.5,68d8ac9c4adb685f,239,239,0,0,166,73,5.533333333333333,54,65,7.466666666666667,8,true,801,26,84,80,69,2,2,0,0,2,2,107,82,25,4,940GZZLUWLO-01-arrival,true,153.5,119.2626220362622,562.3166666666667,363.06666666666666,513.8575313807531,958.3666666666667,1411.5833333333333,1268619.1041582236,595965.6718932686,68.03761998125364,1.0046452702207047,1274512.1827599262,1274512.1827599262,1,1,0,0,0
profile,tfl-numbat-2019-midweek,am-peak,7.5,7.966666666666667,1,2,off,free-flow,virtual,4,drop-offs,reassign-existing,9,0,0,19,1,0,22,6,16,6,940GZZLUEUS,0,3900,2607,1800,1792.5,68d8ac9c4adb685f,239,239,0,0,169,70,5.633333333333334,55,64,7.6,6,true,807,24,82,77,65,2,2,0,0,2,2,73,57,16,4,london-link-020-a-departure,true,190.5,108.62635983263598,548.5666666666667,352.68333333333334,502.6560669456067,962.7833333333333,1397.8333333333333,1236623.8763159434,554754.595652426,69.0319715050019,1.0303352596505817,1274137.1827599262,1274137.1827599262,1,1,0,0,0
profile,tfl-numbat-2019-midweek,am-peak,7.5,7.966666666666667,1,3,off,free-flow,virtual,4,drop-offs,unassigned,6,0,0,28,0,0,26,9,17,0,940GZZLUEUS,0,3900,2827,1800,1792.5,e058693e89b7cdb5,239,239,0,0,168,71,5.6,55,64,7.533333333333333,7,true,1027,27,76,74,58,2,3,0,0,2,2,93,72,21,4,940GZZLUWLO-diverge,true,311.5,121.47768479776848,533.4666666666667,354.6166666666667,511.7939330543933,955.1,1242.25,1240375.3437835206,600456.7999176258,67.38123016961464,1.0151318621580279,1259144.5325726792,1253669.3296993321,1.004423339007187,1.2428431128234836,6,0,0.01779069250270567
profile,tfl-numbat-2019-midweek,am-peak,7.5,7.966666666666667,1,3,off,free-flow,virtual,4,drop-offs,reassign-existing,16,0,0,14,0,0,22,9,13,9,940GZZLUEUS,0,3900,2827,1800,1792.5,e058693e89b7cdb5,239,239,0,0,170,69,5.666666666666667,57,62,7.533333333333333,7,true,1027,25,76,71,55,1,3,0,0,2,2,99,78,21,4,940GZZLUWLO-01-arrival,true,306.5,110.5718270571827,474.15,315.26666666666665,501.3117154811716,918.6,1230.65,1196216.8830376482,550483.8670688645,68.48436304642932,1.0533645269527847,1260052.4312116362,1253669.329699332,1.0049361712864606,1.2677536567834953,7,0,0.029674749131232674
profile,tfl-numbat-2019-midweek,am-peak,6.666667,8.966666666666667,1,1,off,free-flow,virtual,4,drop-offs,unassigned,4,0,0,49,0,0,40,4,36,0,940GZZLUEUS,0,3900,3047,1800,1793.3333333333333,49a37ab7a7c4d1c5,269,269,0,0,180,89,6,66,68,7.6,21,true,1247,35,93,90,61,2,4,1,0,2,2,117,88,29,5,london-link-084-a-arrival,true,497.6666666666667,145.3407063197026,637.2833333333333,428.3333333333333,548.355638166047,985.7666666666667,1392.6833333333334,1441522.9843158815,735702.6556036378,66.20916812136967,1.0164016218724437,1465166.2992348585,1462740.8914668586,1.0013212294955154,1.187096609609939,3,0,0.0037633127187425516
profile,tfl-numbat-2019-midweek,am-peak,6.666667,8.966666666666667,1,1,off,free-flow,virtual,4,drop-offs,reassign-existing,9,0,0,42,0,0,40,5,35,5,940GZZLUEUS,0,3900,3031,1800,1793.3333333333333,49a37ab7a7c4d1c5,269,269,0,0,181,88,6.033333333333333,66,68,7.666666666666667,20,true,1231,33,91,88,59,2,4,1,0,2,2,91,68,23,4,london-link-017-a-arrival,true,515.6666666666666,142.22905824039654,661.9666666666667,404.1,545.0195786864932,984.7666666666667,1377.5333333333333,1419539.3681222284,740173.2292385586,65.72816076810102,1.032247736219492,1465316.2992348587,1462740.8914668586,1.0014601947413855,1.224478260748962,3,0,0.012654463545654141
profile,tfl-numbat-2019-midweek,am-peak,6.666667,8.966666666666667,1,2,off,free-flow,virtual,4,drop-offs,unassigned,3,0,0,31,1,0,28,12,16,0,940GZZLUEUS,0,3900,2717,1800,1793.3333333333333,5298a0fc6c131c1b,269,269,0,0,190,79,6.333333333333333,56,78,8.933333333333334,1,true,917,32,92,88,71,1,2,0,1,2,2,145,119,26,4,london-link-020-a-departure,true,436.6666666666667,131.8541511771995,567.6833333333333,365.3333333333333,531.305142503098,962.45,1422.3166666666666,1438223.393576534,658250.599695554,68.60201453450017,1.009545681665416,1451952.2162666284,1449451.5292867548,1.00179195943034,1.3092587288541757,3,0,0
profile,tfl-numbat-2019-midweek,am-peak,6.666667,8.966666666666667,1,2,off,free-flow,virtual,4,drop-offs,reassign-existing,15,0,0,18,1,0,26,11,15,11,940GZZLUEUS,0,3900,2742,1800,1793.3333333333333,5298a0fc6c131c1b,269,269,0,0,192,77,6.4,57,77,9,0,true,942,31,90,82,68,1,2,0,0,2,1,104,82,22,4,london-link-020-a-departure,true,238.66666666666666,117.3219950433705,474.5,355.46666666666664,516.7390954151177,941.3833333333333,1325.6166666666666,1389619.542856227,621566.2371457176,69.09453898659144,1.0449098990484582,1452027.2162666284,1449526.5292867548,1.00179195943034,1.3092587288541757,3,0,0
profile,tfl-numbat-2019-midweek,am-peak,6.666667,8.966666666666667,1,3,off,free-flow,virtual,4,drop-offs,unassigned,3,0,0,44,0,0,36,8,28,0,940GZZLUEUS,0,3900,3103,1800,1793.3333333333333,211dd28cc9405e83,269,269,0,0,189,80,6.3,64,70,8.333333333333334,10,true,1303,32,86,85,62,3,3,0,0,1,1,213,179,34,5,940GZZLUWLO-01-arrival,true,452.6666666666667,138.17193308550185,631.9166666666666,399,530.6604708798017,992.75,1489.1333333333334,1415938.7656386683,675523.5665770731,67.70089730177409,1.006501244647541,1425144.1299761403,1422683.763646423,1.0015475683007224,1.1843623158757828,3,0,0.007822787780805486
profile,tfl-numbat-2019-midweek,am-peak,6.666667,8.966666666666667,1,3,off,free-flow,virtual,4,drop-offs,reassign-existing,11,0,0,30,0,0,33,8,25,8,940GZZLUEUS,0,3900,3109,1800,1793.3333333333333,211dd28cc9405e83,269,269,0,0,196,73,6.533333333333333,64,70,8.8,3,true,1309,32,88,82,64,2,3,0,0,2,1,184,160,21,5,london-link-020-a-departure,true,458.6666666666667,132.02571251548946,637.95,375.9166666666667,524.151239157373,961.8,1495.1666666666667,1381260.2409044572,656066.0528727355,67.79769372846053,1.0305220463148468,1423419.12997614,1420958.763646423,1.0012464142705075,1.1197904443105975,3,0,0.44454561279005933
profile,tfl-numbat-2019-midweek,am-peak,6,9.966666666666667,1,1,off,free-flow,virtual,4,drop-offs,unassigned,7,0,0,62,2,0,47,7,40,0,940GZZLUEUS,0,3900,2904,1800,1794,ec993b94e97e8c08,299,299,0,0,199,100,6.633333333333334,67,82,8.8,18,true,1104,43,103,99,67,2,3,0,0,2,2,287,236,50,6,london-link-075-a-arrival,true,291,154.9515607580825,607.3,429.06666666666666,552.7244704570792,1022.3166666666667,1354.5666666666666,1579776.6171926814,804964.595534178,66.24520131416138,1.0159593449068829,1604988.8170762847,1599432.321244175,1.0033891790887641,1.2478804537816155,7,0,0.5154344621081384
profile,tfl-numbat-2019-midweek,am-peak,6,9.966666666666667,1,1,off,free-flow,virtual,4,drop-offs,reassign-existing,14,0,0,50,2,0,47,7,40,7,940GZZLUEUS,0,3900,2904,1800,1794,ec993b94e97e8c08,299,299,0,0,199,100,6.633333333333334,67,82,8.8,18,true,1104,40,102,97,65,2,3,0,0,2,2,207,170,36,5,940GZZLUTCR-01-departure,true,286,146.0128762541806,607.3,396.6166666666667,543.6620401337793,1017.4833333333333,1360.2,1546599.7698374488,763514.8385541898,66.94904937700176,1.037607691654144,1604763.8170762847,1599057.3212441748,1.0035569093455314,1.2980318005550049,7,0,0.15703128228439192
profile,tfl-numbat-2019-midweek,am-peak,6,9.966666666666667,1,2,off,free-flow,virtual,4,drop-offs,unassigned,7,0,0,42,1,0,37,12,25,0,940GZZLUEUS,0,3900,2786,1800,1794,cff3592b57bdace5,299,299,0,0,208,91,6.933333333333334,59,90,9.933333333333334,1,true,986,35,104,101,75,2,2,0,1,2,2,237,199,38,5,940GZZLUWLO-exit,true,442,145.04554069119285,611.5166666666667,423.7,543.3542363433668,1040.7,1502.4333333333334,1584084.52993764,750955.5530518917,67.83971467888253,1.01429269707497,1606725.3702380622,1602489.5758664159,1.0023494012142147,1.1733558815581808,5,0,0.011674128380389798
profile,tfl-numbat-2019-midweek,am-peak,6,9.966666666666667,1,2,off,free-flow,virtual,4,drop-offs,reassign-existing,15,0,0,24,1,0,30,11,19,11,940GZZLUEUS,0,3900,2885,1800,1794,cff3592b57bdace5,299,299,0,0,219,80,7.3,60,89,10.6,-9,true,1085,35,100,95,73,4,3,0,0,2,2,1440,119,667,4,london-link-047-a-departure,true,667,130.85022296544037,786.6,393.5833333333333,527.6059085841695,1016.5333333333333,1469.5833333333333,1543286.7101997444,696696.684238801,68.89723888272714,1.0379778318722312,1601897.3933938185,1600239.5758664163,1.0009474884111382,1.1764069596289919,2,0,0
profile,tfl-numbat-2019-midweek,am-peak,6,9.966666666666667,1,3,off,free-flow,virtual,4,drop-offs,unassigned,3,0,0,46,0,0,40,9,31,0,940GZZLUEUS,0,3900,3043,1800,1794,44eaa9db7e5a8804,299,299,0,0,206,93,6.866666666666666,70,79,9.066666666666666,14,true,1243,36,100,96,71,3,3,0,0,1,1,257,217,39,5,940GZZLUWLO-01-arrival,true,392,151.1774247491639,733.2833333333333,410.18333333333334,542.8894648829432,1024.55,1590.5,1560245.1978297064,825955.1070613677,65.38617879779916,1.0110326862516765,1577458.893551603,1574951.620928904,1.001201476861237,1.1616140345585095,3,0,0.028529856494821832
profile,tfl-numbat-2019-midweek,am-peak,6,9.966666666666667,1,3,off,free-flow,virtual,4,drop-offs,reassign-existing,13,0,0,34,0,0,39,9,30,9,940GZZLUEUS,0,3900,2910,1800,1794,44eaa9db7e5a8804,299,299,0,0,208,91,6.933333333333334,71,78,9.133333333333333,13,true,1110,35,96,90,69,2,3,0,1,1,1,186,150,34,5,london-link-027-a-departure,true,259,137.06644370122632,600.65,358.3833333333333,528.3777591973245,995.1333333333333,1457.8666666666666,1524947.847071138,766234.6306650017,66.55724115775803,1.0348108270781466,1578032.5428665767,1574876.6209289038,1.001668956996843,1.142143303694807,4,0,0.829041428282564
profile,tfl-numbat-2019-midweek,am-peak,5.4545449999999995,11,1,1,off,free-flow,virtual,4,drop-offs,unassigned,10,0,0,78,2,0,59,10,49,0,940GZZLUEUS,0,3900,3230,1800,1798.5,d27211c532c656cc,330,330,0,0,222,108,7.4,76,89,9.733333333333333,19,true,1430,46,117,109,75,2,3,1,1,2,2,310,252,57,5,940GZZLUWLO-01-arrival,true,589.5,168.51065656565657,831.4,450.0833333333333,571.0641919191919,1047.5333333333333,1484.55,1753752.1675977316,986081.2583305973,64.00944491738629,1.0216177346196844,1791664.3164732126,1784248.4405093037,1.0038501462189346,1.1964877401340694,9,0,0.05967595953969943
profile,tfl-numbat-2019-midweek,am-peak,5.4545449999999995,11,1,1,off,free-flow,virtual,4,drop-offs,reassign-existing,19,0,0,62,2,0,57,9,48,9,940GZZLUEUS,0,3900,3242,1800,1798.5,d27211c532c656cc,330,330,0,0,226,104,7.533333333333333,76,89,10,15,true,1442,41,116,104,72,2,3,1,1,2,2,217,178,38,5,london-link-024-a-arrival,true,601.5,158.45656565656566,831.35,415.01666666666665,560.4894949494949,1047.3,1484.55,1715912.2455119705,941493.45541487,64.5709552332751,1.0435740071103092,1790681.4178342551,1784173.4405093035,1.0034891478862973,1.1964877401340694,8,0,0.061620305944819015
profile,tfl-numbat-2019-midweek,am-peak,5.4545449999999995,11,1,2,off,free-flow,virtual,4,drop-offs,unassigned,5,0,0,71,1,0,58,16,42,0,940GZZLUEUS,0,3900,3023,1800,1798.5,b1938ab1a755350f,330,330,0,0,225,105,7.5,62,103,10.866666666666667,2,true,1223,42,116,113,83,2,3,0,0,1,2,188,147,40,5,london-link-041-a-departure,true,577.5,174.62429292929292,802.0166666666667,471.4,571.5520202020201,1088.7166666666667,1526.4,1758346.2456795261,1020078.3808999596,63.285727777478826,1.005735090303,1768430.520110446,1765395.757905004,1.0023528546660125,1.2649924107744963,4,0,0.12774152975395017
profile,tfl-numbat-2019-midweek,am-peak,5.4545449999999995,11,1,2,off,free-flow,virtual,4,drop-offs,reassign-existing,25,0,0,29,1,0,44,16,28,16,940GZZLUEUS,0,3900,2654,1800,1798.5,b1938ab1a755350f,330,330,0,0,237,93,7.9,64,101,11.533333333333333,-8,true,854,40,114,107,82,2,3,0,0,2,2,202,162,40,4,london-link-017-a-arrival,true,381.5,136.4720707070707,521.0666666666667,385.55,534.3651010101011,1013.8666666666667,1326.9833333333333,1665448.5909910353,786145.4891423106,67.93329305561258,1.0637256065796938,1771580.312628092,1764870.7579050036,1.0035829612317082,1.3173556183629407,8,0,0
profile,tfl-numbat-2019-midweek,am-peak,5.4545449999999995,11,1,3,off,free-flow,virtual,4,drop-offs,unassigned,7,0,0,50,0,0,41,9,32,0,940GZZLUEUS,0,3900,2860,1800,1798.5,8d37e544ed24f656,330,330,0,0,228,102,7.6,73,92,10.333333333333334,10,true,1060,41,110,104,77,2,3,0,0,1,2,246,195,49,6,london-link-084-a-departure,true,459.5,159.99136363636362,670.0833333333334,411.18333333333334,548.5327272727272,1029.5833333333333,1393.7166666666667,1695383.4940252597,940590.3551367279,64.31715908578704,1.019194854795534,1727926.1339575765,1723588.2711538316,1.001990004830471,1.2440008390367427,5,0,0.3473227206946454
profile,tfl-numbat-2019-midweek,am-peak,5.4545449999999995,11,1,3,off,free-flow,virtual,4,drop-offs,reassign-existing,13,0,0,42,0,0,45,9,36,9,940GZZLUEUS,0,3900,2738,1800,1798.5,8d37e544ed24f656,330,330,0,0,222,108,7.4,72,93,10,15,true,938,47,112,104,76,3,3,0,0,1,2,273,221,52,5,london-link-020-a-departure,true,432.5,162.9281818181818,611.45,441.18333333333334,551.3389393939394,972.3666666666667,1416.7666666666667,1666092.8355986485,920886.160950478,64.40302908609291,1.036864958977961,1727513.279586145,1723138.2711538319,1.001790368531025,1.1945961528302254,4,0,0.29278413489133814
profile,tfl-numbat-2019-midweek,am-peak,5,11.966666666666667,1,1,off,free-flow,virtual,4,drop-offs,unassigned,16,0,0,101,3,0,70,12,58,0,940GZZLUEUS,0,3900,3477,1800,1795,03cdebea63353488,359,359,0,0,231,128,7.7,78,101,10.2,27,true,1677,61,132,114,76,3,7,1,1,2,2,311,240,65,6,london-link-031-b-departure,true,846,210.60942432683382,1015.5,576.1666666666666,609.4304085422469,1217.65,1851.9833333333333,1870370.9252763207,1271254.6758851614,59.535131257678536,1.0314219893558418,1929141.7004775824,1919488.5136882407,1.0046682223017656,1.2418167362831427,12,0,0.2024010146110947
profile,tfl-numbat-2019-midweek,am-peak,5,11.966666666666667,1,1,off,free-flow,virtual,4,drop-offs,reassign-existing,21,0,0,83,3,0,72,11,61,11,940GZZLUEUS,0,3900,3135,1800,1795,03cdebea63353488,359,359,0,0,231,128,7.7,78,101,10.2,27,true,1335,55,131,114,74,3,8,0,1,2,2,267,207,60,5,london-link-030-a-departure,true,592,195.90362116991642,911.85,550.6833333333333,593.7987465181059,1124.85,1693.8333333333333,1837886.5810447696,1172093.9776577333,61.05974923097238,1.0478948154272052,1925911.8195229247,1919413.513688241,1.0029774790759405,1.180463768331852,8,0,0.1088045552840479
profile,tfl-numbat-2019-midweek,am-peak,5,11.966666666666667,1,2,off,free-flow,virtual,4,drop-offs,unassigned,10,0,0,69,1,0,59,18,41,0,940GZZLUEUS,0,3900,2928,1800,1795,1ce863a45082331f,359,359,0,0,241,118,8.033333333333333,67,112,11.6,6,true,1128,52,129,114,82,2,3,0,0,1,2,278,222,56,4,940GZZLUBXN-01-arrival,true,589,203.95626740947077,789.4666666666667,545.6,597.9699628597957,1177.0833333333333,1676.35,1877672.6582829626,1092853.8684588433,63.21009563050327,1.0153471634516487,1906489.6073736148,1898413.4427678548,1.0043566705789884,1.258231496057529,10,0,0.12862858954157688
profile,tfl-numbat-2019-midweek,am-peak,5,11.966666666666667,1,2,off,free-flow,virtual,4,drop-offs,reassign-existing,23,0,0,43,1,0,51,15,36,15,940GZZLUEUS,0,3900,2934,1800,1795,1ce863a45082331f,359,359,0,0,247,112,8.233333333333333,72,107,11.666666666666666,5,true,1134,45,124,114,84,3,5,0,0,2,2,243,191,52,5,london-link-017-a-arrival,true,501,167.3545496750232,700.2666666666667,470.98333333333335,560.168755803157,1075.5,1607.6166666666666,1816002.4331089035,970214.9392677997,65.17806008652565,1.0473529291653012,1901995.4675965945,1896388.4427678548,1.0029371076144653,1.313454348348634,7,0,0.003915120194189961
profile,tfl-numbat-2019-midweek,am-peak,5,11.966666666666667,1,3,off,free-flow,virtual,4,drop-offs,unassigned,14,0,0,69,0,0,57,11,46,0,940GZZLUEUS,0,3900,3203,1800,1795,274627ca8e822360,359,359,0,0,236,123,7.866666666666666,77,102,10.6,21,true,1403,57,129,114,72,3,3,0,0,2,2,427,342,85,5,940GZZLUWLO-01-arrival,true,673,212.419452181987,773.3333333333334,565.3166666666667,607.2875116063138,1192.5666666666666,1502.6333333333334,1859208.2638758163,1240860.0818464414,59.97313789682452,1.025779552096222,1907137.8200708511,1895985.7907085281,1.0055079014500552,1.3327710785494125,14,0,0.2136846085526605
profile,tfl-numbat-2019-midweek,am-peak,5,11.966666666666667,1,3,off,free-flow,virtual,4,drop-offs,reassign-existing,20,0,1,64,0,0,63,11,52,11,940GZZLUEUS,0,3900,3105,1800,1795,274627ca8e822360,359,359,0,0,242,117,8.066666666666666,77,102,11,15,true,1305,53,128,114,76,3,3,0,0,1,2,412,352,57,5,940GZZLULVT-01-arrival,true,521,199.9719591457753,698.2666666666667,540.6166666666667,593.4196378830084,1139.4,1452.8,1828065.4487262932,1211051.1484236696,60.151211389540805,1.0408877841619015,1902810.9941338485,1895910.790708528,1.003882331376586,1.4683269400065286,9,0,0.15387583162484803
profile,tfl-numbat-2019-midweek,am-peak,4.615385,13.033333333333333,1,1,off,free-flow,virtual,4,drop-offs,unassigned,26,0,0,107,3,0,77,14,63,0,940GZZLUEUS,0,3900,3225,1800,1798.6,ea9a92c10a2e02f6,391,391,0,0,247,144,8.233333333333333,82,113,11,31,true,1425,79,148,114,79,3,5,0,1,2,1,351,289,62,5,london-link-009-a-arrival,true,606.4,241.41317135549872,870.3666666666667,613.9166666666666,643.1892583120205,1235.5,1696.3666666666666,2027216.3819049657,1314150.3584460355,60.67027475385753,1.0449238474447997,2118286.7412350154,2099604.6753855934,1.0094673662032219,1.3271664450883998,22,0,0.08746868089872026
profile,tfl-numbat-2019-midweek,am-peak,4.615385,13.033333333333333,1,1,off,free-flow,virtual,4,drop-offs,reassign-existing,32,2,1,85,4,0,80,12,68,12,940GZZLUEUS,0,3900,3318,1800,1798.6,ea9a92c10a2e02f6,391,391,0,0,251,140,8.366666666666667,82,113,11.266666666666667,27,true,1518,75,141,114,79,2,5,0,0,2,2,359,300,59,5,london-link-009-a-arrival,true,976.4,231.44352088661552,998.6666666666666,609.1166666666667,632.1825660699062,1269.6,1822.6333333333334,1994833.2355167104,1288763.8604102626,60.75146180361573,1.0591091981230534,2112746.228316169,2099004.6753855934,1.007136669558031,1.3271664450883998,17,0,0.08068541008151722
profile,tfl-numbat-2019-midweek,am-peak,4.615385,13.033333333333333,1,2,off,free-flow,virtual,4,drop-offs,unassigned,28,0,0,82,0,0,69,23,46,0,940GZZLUEUS,0,3900,3316,1800,1798.6,0e4f347011d2dd56,391,391,0,0,243,148,8.1,72,123,11.4,25,true,1516,78,148,114,78,2,3,0,0,1,2,373,282,87,6,london-link-017-a-departure,true,832.4,263.44305200341006,914.3333333333334,642.7666666666667,663.0997016197783,1281.6,1771.7,2016363.0447508376,1361477.1923732937,59.693854747480735,1.0447220896100038,2106539.0133796446,2082563.0081689255,1.011127397418082,1.2610911407601897,28,0,0.6275423146283672
profile,tfl-numbat-2019-midweek,am-peak,4.615385,13.033333333333333,1,2,off,free-flow,virtual,4,drop-offs,reassign-existing,38,0,0,46,0,0,64,20,44,20,940GZZLUEUS,0,3900,3326,1800,1798.6,0e4f347011d2dd56,391,391,0,0,259,132,8.633333333333333,77,118,12.133333333333333,14,true,1526,58,135,114,82,2,4,0,1,2,2,312,259,53,5,london-link-010-a-departure,true,750.4,198.26841432225063,881.8,523.0833333333334,595.6205456095481,1145.2833333333333,1678.4833333333333,1952031.6423792348,1145948.6836398458,63.00981403867095,1.0734704013132415,2095448.1903898248,2080538.008168925,1.0064031158421207,1.2610911407601897,17,0,0.011459802538787024
profile,tfl-numbat-2019-midweek,am-peak,4.615385,13.033333333333333,1,3,off,free-flow,virtual,4,drop-offs,unassigned,22,0,0,100,2,0,76,13,63,0,940GZZLUEUS,0,3900,3268,1800,1798.6,629b0a4814791cff,391,391,0,0,246,145,8.2,77,118,11.266666666666667,27,true,1468,78,147,114,74,3,3,0,1,1,1,527,443,81,6,london-link-030-a-departure,true,1041.4,260.3221653878943,1054.3666666666666,684.1,652.4583120204604,1313.8166666666666,1671.55,1978146.4648194232,1430976.7863501883,58.025079150211276,1.0417744009438386,2060782.348232345,2044386.34773021,1.0075484702934114,1.2916031263643482,18,0,0.7115503002102671
profile,tfl-numbat-2019-midweek,am-peak,4.615385,13.033333333333333,1,3,off,free-flow,virtual,4,drop-offs,reassign-existing,26,0,0,76,1,0,77,13,64,13,940GZZLUEUS,0,3900,3205,1800,1798.6,629b0a4814791cff,391,391,0,0,247,144,8.233333333333333,80,115,11.133333333333333,29,true,1405,76,144,114,75,4,3,0,1,1,2,662,538,123,7,london-link-063-b-departure,true,914.4,241.46453537936912,927.75,668.5166666666667,632.4057544757034,1278.75,1745.1,1951874.8293976022,1385053.7973383018,58.49315486579271,1.051809163567391,2052999.8315674237,2044161.3477302105,1.0046801006727735,1.4683269400065286,10,0,0.7167639495489612
profile,tfl-numbat-2019-midweek,am-peak,4.2857140000000005,14,1,1,off,free-flow,virtual,4,drop-offs,unassigned,41,0,1,91,1,0,73,10,63,0,940GZZLUEUS,0,3900,3314,1800,1799,24df56c9a0e2d1b9,420,420,0,0,260,160,8.666666666666666,87,123,11.533333333333333,37,true,1514,89,162,114,79,3,6,1,0,2,2,543,447,94,6,london-link-048-a-departure,true,866,264.8473015873016,1043.2333333333333,666.6,670.206746031746,1303.15,1882.2,2129254.1618295508,1399663.2043324208,60.33731994538921,1.0747556315937286,2288427.901339486,2258884.9966667467,1.0119720026310288,1.3787652122134353,33,0,0.4751805106452024
profile,tfl-numbat-2019-midweek,am-peak,4.2857140000000005,14,1,1,off,free-flow,virtual,4,drop-offs,reassign-existing,52,2,3,75,2,0,72,10,62,10,940GZZLUEUS,0,3900,3230,1800,1799,24df56c9a0e2d1b9,420,420,0,0,258,162,8.6,87,123,11.4,39,true,1430,83,162,114,79,3,5,0,0,2,2,433,360,73,5,london-link-048-a-departure,true,809,245.79761904761907,998.7833333333333,679.9833333333333,650.5924206349206,1323.9,1837.6166666666666,2090286.2044276774,1369339.1998204875,60.419437372062305,1.0953632521096803,2289622.6945477575,2257759.9966667467,1.0137063115640226,1.3787652122134353,33,0,0.05524818272941808
profile,tfl-numbat-2019-midweek,am-peak,4.2857140000000005,14,1,2,off,free-flow,virtual,4,drop-offs,unassigned,35,0,0,80,1,0,68,20,48,0,940GZZLUEUS,0,3900,3447,1800,1799,ad09ad1e7b111875,420,420,0,0,259,161,8.633333333333333,80,130,11.933333333333334,31,true,1647,84,164,114,82,3,5,0,1,1,2,369,296,71,6,london-link-017-a-departure,true,963,281.37583333333333,1163.8666666666666,697.3166666666667,677.9153968253969,1268.6666666666667,1849.2333333333333,2104950.068333152,1428784.8242228127,59.567288784661294,1.0662138658003328,2244326.949502507,2220712.4355341885,1.0094250583168005,1.313454348348634,28,0,0.4388879444899473
profile,tfl-numbat-2019-midweek,am-peak,4.2857140000000005,14,1,2,off,free-flow,virtual,4,drop-offs,reassign-existing,52,0,3,54,1,0,70,22,48,22,940GZZLUEUS,0,3900,3506,1800,1799,ad09ad1e7b111875,420,420,0,0,261,159,8.7,83,127,11.866666666666667,32,true,1706,82,159,114,80,3,6,0,1,1,2,401,321,77,5,london-link-063-a-arrival,true,941,256.9453571428572,1005.9,647.3833333333333,653.219007936508,1243.2,1801.1333333333334,2037686.210813675,1356651.5378248503,60.03192262263807,1.1002033735177876,2241869.2431488847,2218537.435534187,1.0110055055794178,1.313454348348634,26,0,0.2743506297594001
profile,tfl-numbat-2019-midweek,am-peak,4.2857140000000005,14,1,3,off,free-flow,virtual,4,drop-offs,unassigned,42,0,0,90,0,0,73,18,55,0,940GZZLUEUS,0,3900,3212,1800,1799,faba3276afd301f0,420,420,0,0,259,161,8.633333333333333,84,126,11.666666666666666,35,true,1412,91,162,114,76,3,4,0,0,1,2,596,481,115,7,london-link-048-a-departure,true,993,273.4579761904762,1137.95,720.6166666666667,669.6586507936508,1293.2,1710.0333333333333,2073848.370758371,1471263.2153113086,58.49881789073844,1.0772386854256917,2234029.6925224313,2204224.205050145,1.0129223340066285,1.3691964394183023,32,0,0.6110778028870544
profile,tfl-numbat-2019-midweek,am-peak,4.2857140000000005,14,1,3,off,free-flow,virtual,4,drop-offs,reassign-existing,49,0,3,76,1,0,81,20,61,20,940GZZLUEUS,0,3900,3161,1800,1799,faba3276afd301f0,420,420,0,0,259,161,8.633333333333333,83,127,11.733333333333333,34,true,1361,88,162,114,76,3,5,1,1,2,2,619,482,135,6,940GZZLUWLO-exit,true,643,265.15964285714284,989.8166666666667,664.0333333333333,659.9236904761905,1247.3333333333333,1681.9333333333334,2020674.4000691704,1439174.7439165947,58.40354061626347,1.1023201730844254,2227430.154276791,2203849.2050501443,1.0095941391241858,1.303548929849519,25,0,0.2827740210229488
profile,tfl-numbat-2019-midweek,am-peak,4,14.966666666666667,1,1,off,free-flow,virtual,4,drop-offs,unassigned,64,4,5,110,3,0,81,8,73,0,940GZZLUEUS,0,3900,3522,1800,1796,e9e681de5348b2c1,449,449,0,0,260,189,8.666666666666666,93,131,11.133333333333333,58,true,1722,108,194,114,73,3,5,0,1,2,1,586,472,111,6,london-link-048-a-departure,true,851,318.0847438752784,1187.55,786.15,720.2211952487008,1342.6666666666667,2021.0166666666667,2176505.4717507907,1524730.5579620628,58.80482774614206,1.1153462394350502,2427557.1928261546,2383468.9782817517,1.0175440724285016,1.3805432059138336,44,0,0.5187150014736222
profile,tfl-numbat-2019-midweek,am-peak,4,14.966666666666667,1,1,off,free-flow,virtual,4,drop-offs,reassign-existing,63,5,7,100,5,0,86,11,75,11,940GZZLUEUS,0,3900,3547,1800,1796,e9e681de5348b2c1,449,449,0,0,260,189,8.666666666666666,93,131,11.133333333333333,58,true,1747,112,193,114,72,3,5,0,1,2,1,430,346,78,5,london-link-010-a-arrival,true,889,323.7660356347439,1159.7833333333333,780.4,724.4321455085375,1455.9333333333334,2034.4666666666667,2177519.821358301,1560316.5721183517,58.25615656047848,1.112091852398957,2421602.0515685896,2384218.9782817517,1.014718875868322,1.3805432059138336,36,0,0.043127709187664016
profile,tfl-numbat-2019-midweek,am-peak,4,14.966666666666667,1,2,off,free-flow,virtual,4,drop-offs,unassigned,60,0,1,98,6,0,78,28,50,0,940GZZLUEUS,0,3900,3741,1800,1796,15fe1f6c8c9c1257,449,449,0,0,255,194,8.5,84,140,11.4,54,true,1941,102,194,114,77,4,2,0,0,2,1,436,348,87,7,london-link-017-a-departure,true,1125,316.7433184855234,1156.4,711.2333333333333,715.994840386043,1358.1833333333334,2020.9833333333333,2157604.3581089233,1443013.774256367,59.92316537859478,1.1169736779166999,2409987.2751707113,2368735.328527404,1.016461478439668,1.3866091236141063,44,0,0.5165825263309385
profile,tfl-numbat-2019-midweek,am-peak,4,14.966666666666667,1,2,off,free-flow,virtual,4,drop-offs,reassign-existing,71,1,3,66,3,0,84,27,57,27,940GZZLUEUS,0,3900,3597,1800,1796,15fe1f6c8c9c1257,449,449,0,0,272,177,9.066666666666666,85,139,12.466666666666667,38,true,1797,95,179,114,80,3,5,0,1,2,2,443,359,84,6,london-link-017-a-departure,true,982,283.2021529324425,1114,666.75,681.1152561247216,1242.0666666666666,1876.1333333333334,2114561.6819806076,1456805.1172711498,59.20875118242216,1.1360357472099547,2402217.660224505,2368435.3285274035,1.0137781522208018,1.3798793285083335,38,0,0.692514952895989
profile,tfl-numbat-2019-midweek,am-peak,4,14.966666666666667,1,3,off,free-flow,virtual,4,drop-offs,unassigned,59,2,3,94,5,0,77,17,60,0,940GZZLUEUS,0,3900,3314,1800,1796,57f343b118d7dc71,449,449,0,0,259,190,8.633333333333333,88,136,11.4,54,true,1514,113,190,114,75,3,4,0,1,2,2,489,377,112,6,london-link-048-a-departure,true,840,319.918856718634,1110.75,818.7166666666667,719.4120267260579,1423.4166666666667,1942.1666666666667,2185723.449918733,1530192.2812814887,58.8205871184478,1.1035156572266367,2411980.049151012,2370531.442003044,1.0165808983992195,1.3574114792562268,45,0,0.49861943367406886
profile,tfl-numbat-2019-midweek,am-peak,4,14.966666666666667,1,3,off,free-flow,virtual,4,drop-offs,reassign-existing,66,2,4,75,3,0,78,17,61,17,940GZZLUEUS,0,3900,3297,1800,1796,57f343b118d7dc71,449,449,0,0,263,186,8.766666666666667,88,136,11.666666666666666,50,true,1497,110,188,114,73,3,6,0,1,2,2,539,449,90,5,940GZZLUEUS-exit,true,977,303.22078693392723,1024.8,776.7666666666667,701.7824053452116,1364.05,1783.8,2149621.2927366365,1518839.1073944443,58.597369421238035,1.1187093243926185,2404801.383903046,2370006.442003044,1.0148354967269142,1.3672433854015433,36,0,0.574101479129329
