pattern,demand_profile,demand_band,request_every_seconds,offered_per_minute,burst_size,seed,policy,routing_policy,shared_ride_party_limit,shared_parties,focus_station,window_start_seconds,window_end_seconds,actual_end_seconds,arrival_window_seconds,arrival_end_seconds,schedule_id,scheduled,served,remaining,skipped,completed_at_arrival_end,backlog_at_arrival_end,arrival_throughput_per_minute,completed_at_arrival_midpoint,backlog_at_arrival_midpoint,late_arrival_throughput_per_minute,late_backlog_change,drained,drain_seconds,peak_pending,peak_outstanding,peak_active_vehicles,peak_passenger_vehicles,peak_stopped_vehicles,peak_focus_approaching,peak_focus_entrance_stopped,peak_focus_exit_stopped,peak_focus_occupied_berths,peak_focus_reserved_empty_berths,queue_cleared,queue_clear_seconds,wait_average_seconds,wait_maximum_seconds,passenger_distance_meters,empty_distance_meters,loaded_distance_percent,positioning_moves
profile,tfl-numbat-2019-midweek,early,60,0.9666666666666667,1,1,off,free-flow,1,0,940GZZLUEUS,0,3600,2589,1800,1740,9528258c1baa82ba,29,29,0,0,19,10,0.6333333333333333,6,8,0.8666666666666667,2,true,789,4,11,29,9,0,0,0,0,1,0,true,211,84.80804597701149,270.55,177723.30450795664,215677.02183005496,45.17619651267291,0
profile,tfl-numbat-2019-midweek,early,60,0.9666666666666667,1,2,off,free-flow,1,0,940GZZLUEUS,0,3600,2498,1800,1740,bb5eef7e7cabdb3b,29,29,0,0,20,9,0.6666666666666666,7,7,0.8666666666666667,2,true,698,4,12,32,10,0,0,0,0,1,1,true,190,104.74655172413794,274.6666666666667,189004.33974794074,217139.2529822098,46.53633422539766,0
profile,tfl-numbat-2019-midweek,early,60,0.9666666666666667,1,3,off,free-flow,1,0,940GZZLUEUS,0,3600,2568,1800,1740,47735eda4f594ac0,29,29,0,0,21,8,0.7,6,8,1,0,true,768,4,12,30,9,1,0,0,0,1,0,true,231,97.46724137931034,290.6666666666667,182824.7436933254,215546.15564682503,45.89309711029365,0
profile,tfl-numbat-2019-midweek,early,30,1.9666666666666666,1,1,off,free-flow,1,0,940GZZLUEUS,0,3600,2524,1800,1770,383a7529680b260f,59,59,0,0,35,24,1.1666666666666667,13,16,1.4666666666666666,8,true,724,10,26,51,20,2,0,0,0,1,1,true,238,150.66525423728814,370.75,368564.11631230573,407002.6376789738,47.521907613441854,0
profile,tfl-numbat-2019-midweek,early,30,1.9666666666666666,1,2,off,free-flow,1,0,940GZZLUEUS,0,3600,2487,1800,1770,d1340ee5a623df89,59,59,0,0,37,22,1.2333333333333334,11,18,1.7333333333333334,4,true,687,10,25,51,17,1,0,0,0,1,1,true,228,173.94915254237287,360.0833333333333,373709.21374175686,443614.742858346,45.7235115554803,0
profile,tfl-numbat-2019-midweek,early,30,1.9666666666666666,1,3,off,free-flow,1,0,940GZZLUEUS,0,3600,2719,1800,1770,badaff981b31ddb7,59,59,0,0,40,19,1.3333333333333333,10,19,2,0,true,919,8,23,49,18,1,0,0,0,1,1,true,374,143.3364406779661,382.95,369354.10868015693,446658.29785456555,45.26329571981089,0
profile,tfl-numbat-2019-midweek,early,20,2.966666666666667,1,1,off,free-flow,1,0,940GZZLUEUS,0,3600,2711,1800,1780,4a2d770f2630dd23,89,89,0,0,51,38,1.7,17,27,2.2666666666666666,11,true,911,16,38,62,27,2,0,0,0,1,1,true,306,197.74588014981273,430.28333333333336,556821.843185139,658883.1689985935,45.80238113725776,0
profile,tfl-numbat-2019-midweek,early,20,2.966666666666667,1,2,off,free-flow,1,0,940GZZLUEUS,0,3600,2732,1800,1780,19332ce46bf440c5,89,89,0,0,56,33,1.8666666666666667,14,30,2.8,3,true,932,15,38,62,29,2,0,0,0,1,1,true,312,191.54475655430713,418.45,549566.9819424812,649069.7471293809,45.84933605096736,0
profile,tfl-numbat-2019-midweek,early,20,2.966666666666667,1,3,off,free-flow,1,0,940GZZLUEUS,0,3600,2781,1800,1780,1023c2b2435ed2d7,89,89,0,0,55,34,1.8333333333333333,18,26,2.466666666666667,8,true,981,14,35,58,24,2,0,0,0,1,1,true,360,185.83595505617978,419.5833333333333,558468.1410296402,613687.8062972035,47.64452565405251,0
profile,tfl-numbat-2019-midweek,early,15,3.966666666666667,1,1,off,free-flow,1,0,940GZZLUEUS,0,3600,2887,1800,1785,1609c532807f9008,119,119,0,0,71,48,2.3666666666666667,23,36,3.2,12,true,1087,23,52,77,32,3,0,0,0,1,1,true,491,262.85364145658264,514.3,765192.8032126691,907566.1670625182,45.744355092998624,0
profile,tfl-numbat-2019-midweek,early,15,3.966666666666667,1,2,off,free-flow,1,0,940GZZLUEUS,0,3600,2836,1800,1785,c5ea67b17f25e70e,119,119,0,0,77,42,2.566666666666667,18,41,3.933333333333333,1,true,1036,20,49,71,35,2,0,0,0,1,1,true,426,227.86988795518207,492.98333333333335,734198.3328507344,841809.3327806486,46.585962039505596,0
profile,tfl-numbat-2019-midweek,early,15,3.966666666666667,1,3,off,free-flow,1,0,940GZZLUEUS,0,3600,2850,1800,1785,a02f25ab84cc8d7d,119,119,0,0,75,44,2.5,20,39,3.6666666666666665,5,true,1050,20,48,70,30,2,0,0,0,1,1,true,420,221.359243697479,468.5833333333333,752375.9026400192,818731.5352893556,47.88825286395471,0
profile,tfl-numbat-2019-midweek,early,12,4.966666666666667,1,1,off,free-flow,1,0,940GZZLUEUS,0,3600,2980,1800,1788,fde388a840555436,149,149,0,0,84,65,2.8,25,49,3.933333333333333,16,true,1180,34,66,86,37,4,0,0,0,1,1,true,574,299.43702460850113,573.5166666666667,960669.6467402482,1137594.7949384637,45.784012141561455,0
profile,tfl-numbat-2019-midweek,early,12,4.966666666666667,1,2,off,free-flow,1,0,940GZZLUEUS,0,3600,2883,1800,1788,0db4ec5e24e7ed35,149,149,0,0,91,58,3.033333333333333,22,52,4.6,6,true,1083,33,61,85,39,5,1,0,0,1,1,true,488,279.665548098434,587.6666666666666,921456.9167339922,1115732.7761681646,45.23176805500598,0
profile,tfl-numbat-2019-midweek,early,12,4.966666666666667,1,3,off,free-flow,1,0,940GZZLUEUS,0,3600,2852,1800,1788,8d13d145a9ef1806,149,149,0,0,88,61,2.933333333333333,25,49,4.2,12,true,1052,32,63,83,38,3,0,0,0,1,1,true,458,265.56040268456377,525.85,941586.3176982537,1092196.7609538743,46.29728349998279,0
profile,tfl-numbat-2019-midweek,early,10,5.966666666666667,1,1,off,free-flow,1,0,940GZZLUEUS,0,3600,3179,1800,1790,aadad49ab1254db9,179,179,0,0,93,86,3.1,28,61,4.333333333333333,25,true,1379,48,86,93,42,9,2,0,0,1,2,true,766,367.6443202979516,815.6666666666666,1158111.94615219,1371289.245813517,45.786012508840926,0
profile,tfl-numbat-2019-midweek,early,10,5.966666666666667,1,2,off,free-flow,1,0,940GZZLUEUS,0,3600,2982,1800,1790,2b255de325ea94d8,179,179,0,0,101,78,3.3666666666666667,22,67,5.266666666666667,11,true,1182,46,81,92,44,7,2,0,0,1,2,true,590,327.1659217877095,684.95,1106437.379070591,1319275.7166382982,45.61287074831272,0
profile,tfl-numbat-2019-midweek,early,10,5.966666666666667,1,3,off,free-flow,1,0,940GZZLUEUS,0,3600,3150,1800,1790,26744e71f4c37b72,179,179,0,0,93,86,3.1,28,61,4.333333333333333,25,true,1350,45,87,92,47,5,2,0,0,1,2,true,706,328.53072625698326,708.8,1144352.3144146223,1334244.7347123004,46.16935676647063,0
profile,tfl-numbat-2019-midweek,early,8.571429,7,1,1,off,free-flow,1,0,940GZZLUEUS,0,3600,3539,1800,1799,3563668f01b58088,210,210,0,0,105,105,3.5,28,77,5.133333333333334,28,true,1739,65,105,107,46,15,2,0,0,1,2,true,1144,459.144126984127,1143.9166666666667,1377116.5735416047,1678155.1605123738,45.07345641935214,0
profile,tfl-numbat-2019-midweek,early,8.571429,7,1,2,off,free-flow,1,0,940GZZLUEUS,0,3600,3302,1800,1799,2c5e275a02e8aba7,210,210,0,0,110,100,3.6666666666666665,29,76,5.4,24,true,1502,57,100,103,48,10,2,0,0,1,2,true,890,386.7062698412699,889.0166666666667,1308166.6998947023,1632356.9222078223,44.48754262886488,0
profile,tfl-numbat-2019-midweek,early,8.571429,7,1,3,off,free-flow,1,0,940GZZLUEUS,0,3600,3305,1800,1799,ddd650abd105cd58,210,210,0,0,105,105,3.5,32,73,4.866666666666666,32,true,1505,58,105,110,51,12,2,0,0,1,2,true,904,395.13238095238097,935.3333333333334,1337260.017675779,1654517.7200564996,44.69783970948997,0
profile,tfl-numbat-2019-midweek,early,7.5,7.966666666666667,1,1,off,free-flow,1,0,940GZZLUEUS,0,3600,3600,1800,1792.5,63b1ce4d79486c0c,239,229,10,0,114,125,3.8,29,90,5.666666666666667,35,false,0,86,125,114,50,24,0,0,0,1,1,true,1431.5,560.5110878661088,1453.1833333333334,1554985.2925507915,1866792.3505241277,45.44378550423375,0
profile,tfl-numbat-2019-midweek,early,7.5,7.966666666666667,1,2,off,free-flow,1,0,940GZZLUEUS,0,3600,3574,1800,1792.5,b14207684481cacc,239,239,0,0,116,123,3.8666666666666667,33,86,5.533333333333333,37,true,1774,73,123,114,54,16,2,0,0,1,2,true,1170.5,472.1080892608089,1169.8833333333334,1501443.1044789082,1926899.066879544,43.79501897513263,0
profile,tfl-numbat-2019-midweek,early,7.5,7.966666666666667,1,3,off,free-flow,1,0,940GZZLUEUS,0,3600,3567,1800,1792.5,93ce2d6fb7cde873,239,239,0,0,118,121,3.933333333333333,35,84,5.533333333333333,37,true,1767,74,124,114,53,16,2,0,0,1,2,true,1166.5,461.69372384937236,1165.95,1525056.68479045,1858450.827690492,45.07324659882931,0
profile,tfl-numbat-2019-midweek,early,6.666667,8.966666666666667,1,1,off,free-flow,1,0,940GZZLUEUS,0,3600,3600,1800,1793.3333333333333,4a2c0b0e2de5a8b9,269,247,22,0,121,148,4.033333333333333,32,102,5.933333333333334,46,false,0,105,149,114,52,25,0,0,0,1,1,true,1683.6666666666667,656.5925650557621,1683.6333333333334,1693439.4918352137,1973064.4389876716,46.18676329784132,0
profile,tfl-numbat-2019-midweek,early,6.666667,8.966666666666667,1,2,off,free-flow,1,0,940GZZLUEUS,0,3600,3600,1800,1793.3333333333333,d22cf29e05f827ac,269,258,11,0,132,137,4.4,37,97,6.333333333333333,40,false,0,92,140,114,53,20,0,0,0,1,1,true,1454.6666666666667,560.1160470879802,1453.8666666666666,1672638.5693861148,2058017.7250237395,44.83496836447932,0
profile,tfl-numbat-2019-midweek,early,6.666667,8.966666666666667,1,3,off,free-flow,1,0,940GZZLUEUS,0,3600,3600,1800,1793.3333333333333,d987e36c0704b230,269,259,10,0,124,145,4.133333333333334,42,92,5.466666666666667,53,false,0,96,145,114,54,19,0,0,0,1,1,true,1420.6666666666667,550.449814126394,1440.4666666666667,1701298.439596986,2039417.287832601,45.480559432032116,0
profile,tfl-numbat-2019-midweek,early,6,9.966666666666667,1,1,off,free-flow,1,0,940GZZLUEUS,0,3600,3600,1800,1794,813f7f4fec7f70d2,299,260,39,0,122,177,4.066666666666666,36,113,5.733333333333333,64,false,0,132,177,114,57,26,0,0,0,1,1,false,0,787.396265328874,1915.7,1770624.501427636,2074431.926384707,46.04937624894724,0
profile,tfl-numbat-2019-midweek,early,6,9.966666666666667,1,2,off,free-flow,1,0,940GZZLUEUS,0,3600,3600,1800,1794,a6937e018b1fcc1f,299,279,20,0,130,169,4.333333333333333,38,111,6.133333333333334,58,false,0,121,169,114,55,22,0,0,0,1,1,true,1658,668.6900222965439,1665.55,1807286.821837104,2197841.225714725,45.12432063044338,0
profile,tfl-numbat-2019-midweek,early,6,9.966666666666667,1,3,off,free-flow,1,0,940GZZLUEUS,0,3600,3600,1800,1794,569e16cc1ad11ec7,299,271,28,0,131,168,4.366666666666666,46,103,5.666666666666667,65,false,0,122,168,114,58,23,0,0,0,1,1,false,0,682.741861761427,1812,1807557.655706826,2131677.7425836027,45.88600256007244,0
profile,tfl-numbat-2019-midweek,early,5.4545449999999995,11,1,1,off,free-flow,1,0,940GZZLUEUS,0,3600,3600,1800,1798.5,20e33643790350cf,330,273,57,0,128,202,4.266666666666667,39,126,5.933333333333334,76,false,0,160,202,114,57,29,0,0,0,1,1,false,0,917.6791414141413,2052.2,1840202.8412474599,2128532.560342492,46.36748624033336,0
profile,tfl-numbat-2019-midweek,early,5.4545449999999995,11,1,2,off,free-flow,1,0,940GZZLUEUS,0,3600,3600,1800,1798.5,9a5fd55d60a95da3,330,295,35,0,138,192,4.6,40,125,6.533333333333333,67,false,0,146,193,114,57,25,0,0,0,1,1,false,0,766.554898989899,1888.7,1906239.051543598,2274216.16782229,45.59883915782611,0
profile,tfl-numbat-2019-midweek,early,5.4545449999999995,11,1,3,off,free-flow,1,0,940GZZLUEUS,0,3600,3600,1800,1798.5,3aa6ead3ecd2761f,330,287,43,0,134,196,4.466666666666667,47,118,5.8,78,false,0,150,196,114,55,25,0,0,0,1,1,false,0,802.4057070707071,1971.1666666666667,1884220.1421216107,2211727.796417456,46.00205301422044,0
profile,tfl-numbat-2019-midweek,early,5,11.966666666666667,1,1,off,free-flow,1,0,940GZZLUEUS,0,3600,3600,1800,1795,5608ed1bb22ab7e5,359,283,76,0,130,229,4.333333333333333,38,141,6.133333333333334,88,false,0,188,229,114,58,29,0,0,0,1,1,false,0,1023.1997678737232,2170,1895540.7459135414,2165923.0869941832,46.67136835135785,0
profile,tfl-numbat-2019-midweek,early,5,11.966666666666667,1,2,off,free-flow,1,0,940GZZLUEUS,0,3600,3600,1800,1795,706d8f75a32eac66,359,307,52,0,137,222,4.566666666666666,42,137,6.333333333333333,85,false,0,175,223,114,59,24,0,0,0,1,1,false,0,896.8328226555245,2030,1989908.0971148391,2281233.68559984,46.58960527060942,0
profile,tfl-numbat-2019-midweek,early,5,11.966666666666667,1,3,off,free-flow,1,0,940GZZLUEUS,0,3600,3600,1800,1795,e90e4c4c349d670e,359,296,63,0,136,223,4.533333333333333,50,129,5.733333333333333,94,false,0,178,224,114,57,26,0,0,0,1,1,false,0,924.5218662952647,2105,1937919.8103061132,2188958.4225615337,46.95849261729997,0
profile,tfl-numbat-2019-midweek,early,4.615385,13.033333333333333,1,1,off,free-flow,1,0,940GZZLUEUS,0,3600,3600,1800,1798.6,90c3c036d47733d8,391,285,106,0,129,262,4.3,42,153,5.8,109,false,0,218,262,114,59,29,0,0,0,1,1,false,0,1142.7726768968457,2284.4,1907902.868474927,2186848.2300663986,46.59386669813898,0
profile,tfl-numbat-2019-midweek,early,4.615385,13.033333333333333,1,2,off,free-flow,1,0,940GZZLUEUS,0,3600,3600,1800,1798.6,dd76da605dc6d0b3,391,311,80,0,137,254,4.566666666666666,44,151,6.2,103,false,0,205,254,114,59,22,0,0,0,1,1,false,0,1021.1954390451833,2151,2024750.1641305708,2349193.0022483543,46.29118594165021,0
profile,tfl-numbat-2019-midweek,early,4.615385,13.033333333333333,1,3,off,free-flow,1,0,940GZZLUEUS,0,3600,3600,1800,1798.6,42c18a3a5d04a7c1,391,298,93,0,138,253,4.6,51,144,5.8,109,false,0,207,253,114,58,29,0,0,0,1,1,false,0,1053.4892583120204,2219.9,1971817.441212327,2302107.426979957,46.135987459375585,0
profile,tfl-numbat-2019-midweek,early,4.2857140000000005,14,1,1,off,free-flow,1,0,940GZZLUEUS,0,3600,3600,1800,1799,c19c8f7ced0a6fad,420,286,134,0,130,290,4.333333333333333,42,168,5.866666666666666,122,false,0,243,290,114,61,28,0,0,0,1,1,false,0,1238.4571031746032,2364.983333333333,1923138.3414588461,2227999.502860118,46.32798075088629,0
profile,tfl-numbat-2019-midweek,early,4.2857140000000005,14,1,2,off,free-flow,1,0,940GZZLUEUS,0,3600,3600,1800,1799,576e1859100cd6b6,420,312,108,0,141,279,4.7,45,165,6.4,114,false,0,233,280,114,59,23,0,0,0,1,1,false,0,1122.2777380952382,2246.4666666666667,2040182.7756187092,2385154.5230009705,46.102311257834934,0
profile,tfl-numbat-2019-midweek,early,4.2857140000000005,14,1,3,off,free-flow,1,0,940GZZLUEUS,0,3600,3600,1800,1799,880a3a3a981d7825,420,303,117,0,140,280,4.666666666666667,51,159,5.933333333333334,121,false,0,232,281,114,59,26,0,0,0,1,1,false,0,1136.3863492063492,2294.1,1988073.9346900694,2326199.071874545,46.081319649104465,0
profile,tfl-numbat-2019-midweek,early,4,14.966666666666667,1,1,off,free-flow,1,0,940GZZLUEUS,0,3600,3600,1800,1796,63c82187320d4492,449,287,162,0,133,316,4.433333333333334,42,182,6.066666666666666,134,false,0,272,316,114,63,28,0,0,0,1,1,false,0,1323.406607275427,2437.1666666666665,1932311.4729514092,2234656.361109027,46.37212356565034,0
profile,tfl-numbat-2019-midweek,early,4,14.966666666666667,1,2,off,free-flow,1,0,940GZZLUEUS,0,3600,3600,1800,1796,3c1cc4bd02bc2287,449,316,133,0,144,305,4.8,47,177,6.466666666666667,128,false,0,260,305,114,59,22,0,0,0,1,1,false,0,1205.4419450631033,2320,2058990.4858259724,2393166.789353107,46.24702944132074,0
profile,tfl-numbat-2019-midweek,early,4,14.966666666666667,1,3,off,free-flow,1,0,940GZZLUEUS,0,3600,3600,1800,1796,518b208a85e38dde,449,304,145,0,140,309,4.666666666666667,55,169,5.666666666666667,140,false,0,263,309,114,60,28,0,0,0,1,1,false,0,1231.4895694135116,2372,2003079.108790671,2351360.82574703,46.00084371133557,0
profile,tfl-numbat-2019-midweek,morning,60,0.9666666666666667,1,1,off,free-flow,1,0,940GZZLUEUS,0,3600,2312,1800,1740,ec096baf2262cfae,29,29,0,0,23,6,0.7666666666666667,7,7,1.0666666666666667,-1,true,512,2,9,30,9,0,1,0,0,2,1,true,0,13.052298850574713,378.15,156395.72239722143,82973.51980421323,65.33659920501017,0
profile,tfl-numbat-2019-midweek,morning,60,0.9666666666666667,1,2,off,free-flow,1,0,940GZZLUEUS,0,3600,2153,1800,1740,eaf98c10ead9f202,29,29,0,0,24,5,0.8,8,6,1.0666666666666667,-1,true,353,2,8,27,8,1,1,0,0,1,1,true,0,11.145402298850575,133.43333333333334,139939.26851165204,46359.55171105937,75.11548830226691,0
profile,tfl-numbat-2019-midweek,morning,60,0.9666666666666667,1,3,off,free-flow,1,0,940GZZLUEUS,0,3600,2492,1800,1740,5214e5eaa55ec074,29,29,0,0,21,8,0.7,9,5,0.8,3,true,692,2,9,29,9,0,1,0,0,1,1,true,0,16.382183908045977,271.8666666666667,164840.40745351312,87768.46310053219,65.25519356939833,0
profile,tfl-numbat-2019-midweek,morning,30,1.9666666666666666,1,1,off,free-flow,1,0,940GZZLUEUS,0,3600,2679,1800,1770,97c3b096389d787f,59,59,0,0,45,14,1.5,15,14,2,0,true,879,5,16,49,15,1,1,0,0,2,1,true,267,37.6180790960452,385.56666666666666,314369.62350515457,217442.8842567573,59.112867583380584,0
profile,tfl-numbat-2019-midweek,morning,30,1.9666666666666666,1,2,off,free-flow,1,0,940GZZLUEUS,0,3600,2848,1800,1770,2eb0fa6013c87d49,59,59,0,0,43,16,1.4333333333333333,16,13,1.8,3,true,1048,4,17,48,16,1,1,0,0,1,1,true,363,46.61864406779661,362.06666666666666,312325.7885383863,183170.7833047667,63.032885853598096,0
profile,tfl-numbat-2019-midweek,morning,30,1.9666666666666666,1,3,off,free-flow,1,0,940GZZLUEUS,0,3600,2452,1800,1770,e15aaff78f8f0841,59,59,0,0,42,17,1.4,16,13,1.7333333333333334,4,true,652,4,18,48,17,1,1,0,0,1,1,true,112,36.73389830508474,328,352862.058697004,186137.0726155425,65.46616463698747,0
profile,tfl-numbat-2019-midweek,morning,20,2.966666666666667,1,1,off,free-flow,1,0,940GZZLUEUS,0,3600,2555,1800,1780,d2d7fedf7433e695,89,89,0,0,67,22,2.2333333333333334,23,21,2.933333333333333,1,true,755,8,25,64,23,1,1,0,0,2,1,true,258,71.80692883895131,433.2,466464.18661409384,322303.9737215013,59.13831339434753,0
profile,tfl-numbat-2019-midweek,morning,20,2.966666666666667,1,2,off,free-flow,1,0,940GZZLUEUS,0,3600,2675,1800,1780,102a127340b7005c,89,89,0,0,62,27,2.066666666666667,26,18,2.4,9,true,875,10,29,66,22,1,1,0,0,1,1,true,354,84.237265917603,468.1333333333333,518907.74494217406,298808.1356169361,63.45819584515992,0
profile,tfl-numbat-2019-midweek,morning,20,2.966666666666667,1,3,off,free-flow,1,0,940GZZLUEUS,0,3600,2989,1800,1780,d207b3f7842d888c,89,89,0,0,65,24,2.1666666666666665,23,21,2.8,3,true,1189,8,28,66,25,1,1,0,0,1,1,true,334,68.5741573033708,337.98333333333335,533260.158402091,337161.9168736779,61.264548952660974,0
profile,tfl-numbat-2019-midweek,morning,15,3.966666666666667,1,1,off,free-flow,1,0,940GZZLUEUS,0,3600,2862,1800,1785,9b3980983f12907c,119,119,0,0,82,37,2.7333333333333334,30,29,3.466666666666667,8,true,1062,10,37,72,29,1,2,0,0,2,1,true,347,82.71456582633053,376.96666666666664,665892.651295658,439016.34219323285,60.266741896363534,0
profile,tfl-numbat-2019-midweek,morning,15,3.966666666666667,1,2,off,free-flow,1,0,940GZZLUEUS,0,3600,2769,1800,1785,69d4d38d8565a9e6,119,119,0,0,75,44,2.5,32,27,2.8666666666666667,17,true,969,13,45,77,36,1,1,0,0,1,1,true,285,107.18249299719888,464.05,692313.6368719365,379759.58686236496,64.57708499242555,0
profile,tfl-numbat-2019-midweek,morning,15,3.966666666666667,1,3,off,free-flow,1,0,940GZZLUEUS,0,3600,2659,1800,1785,4bba75f61683de00,119,119,0,0,87,32,2.9,27,32,4,0,true,859,10,38,78,31,1,1,0,0,2,1,true,293,84.48263305322128,428.78333333333336,684733.4914522682,406682.4794908708,62.73808609017888,0
profile,tfl-numbat-2019-midweek,morning,12,4.966666666666667,1,1,off,free-flow,1,0,940GZZLUEUS,0,3600,2760,1800,1788,55e19f59b2536a66,149,149,0,0,100,49,3.3333333333333335,36,38,4.266666666666667,11,true,960,14,50,87,42,2,1,0,0,2,1,true,287,97.94686800894854,429.2,848212.81196009,493346.0665579128,63.22591021104464,0
profile,tfl-numbat-2019-midweek,morning,12,4.966666666666667,1,2,off,free-flow,1,0,940GZZLUEUS,0,3600,2605,1800,1788,04314078e25fbbdc,149,149,0,0,97,52,3.2333333333333334,39,35,3.8666666666666667,17,true,805,17,54,86,46,1,1,0,0,2,1,true,325,109.35883668903803,530.7333333333333,852842.5756990849,478031.3912983879,64.08139289275799,0
profile,tfl-numbat-2019-midweek,morning,12,4.966666666666667,1,3,off,free-flow,1,0,940GZZLUEUS,0,3600,2993,1800,1788,6cc4332fc789a716,149,149,0,0,108,41,3.6,31,43,5.133333333333334,-2,true,1193,18,47,84,39,1,2,0,0,2,1,true,540,117.69955257270693,552.9166666666666,878484.0547325483,504030.78486217704,63.54246837524506,0
profile,tfl-numbat-2019-midweek,morning,10,5.966666666666667,1,1,off,free-flow,1,0,940GZZLUEUS,0,3600,2926,1800,1790,944d0fed765eed8b,179,179,0,0,123,56,4.1,42,47,5.4,9,true,1126,16,64,93,52,2,2,0,0,2,1,true,310,106.03500931098696,416.56666666666666,1030123.7276784291,697893.6569450846,59.61304190830604,0
profile,tfl-numbat-2019-midweek,morning,10,5.966666666666667,1,2,off,free-flow,1,0,940GZZLUEUS,0,3600,2976,1800,1790,ad331b2234d47096,179,179,0,0,121,58,4.033333333333333,43,46,5.2,12,true,1176,21,64,96,52,1,2,0,0,2,1,true,318,120.74581005586592,593.3833333333333,1043886.2679163751,637096.1891169625,62.0997716870089,0
profile,tfl-numbat-2019-midweek,morning,10,5.966666666666667,1,3,off,free-flow,1,0,940GZZLUEUS,0,3600,3025,1800,1790,6a65d9c30f59177b,179,179,0,0,121,58,4.033333333333333,33,56,5.866666666666666,2,true,1225,24,59,91,46,1,2,0,0,2,1,true,262,128.56052141527002,532.1166666666667,1038524.6253654544,613648.636502327,62.85809420444213,0
profile,tfl-numbat-2019-midweek,morning,8.571429,7,1,1,off,free-flow,1,0,940GZZLUEUS,0,3600,2958,1800,1799,cda90f11c595fc68,210,210,0,0,146,64,4.866666666666666,50,55,6.4,9,true,1158,21,73,97,56,2,2,0,0,2,2,true,314,122.61325396825397,596.4833333333333,1222628.092042047,727022.2714916187,62.71012048673594,0
profile,tfl-numbat-2019-midweek,morning,8.571429,7,1,2,off,free-flow,1,0,940GZZLUEUS,0,3600,2826,1800,1799,7f2bdfec1fd345fe,210,210,0,0,142,68,4.733333333333333,47,58,6.333333333333333,10,true,1026,24,77,98,61,2,1,0,0,2,1,true,315,122.89857142857143,566.6666666666666,1214891.948888758,756512.9127362599,61.62569508362323,0
profile,tfl-numbat-2019-midweek,morning,8.571429,7,1,3,off,free-flow,1,0,940GZZLUEUS,0,3600,2876,1800,1799,7ea8c132a695c16b,210,210,0,0,137,73,4.566666666666666,43,62,6.266666666666667,11,true,1076,28,73,96,58,2,1,0,0,2,1,true,296,136.55825396825398,555.05,1217451.4195279616,748820.3880131489,61.916740852345626,0
profile,tfl-numbat-2019-midweek,morning,7.5,7.966666666666667,1,1,off,free-flow,1,0,940GZZLUEUS,0,3600,2996,1800,1792.5,4731b4d993884c61,239,239,0,0,156,83,5.2,53,66,6.866666666666666,17,true,1196,27,84,101,65,3,3,0,0,2,2,true,416.5,140.25794979079498,550.75,1385393.419649019,870047.8656812904,61.42449500502639,0
profile,tfl-numbat-2019-midweek,morning,7.5,7.966666666666667,1,2,off,free-flow,1,0,940GZZLUEUS,0,3600,3030,1800,1792.5,f9f836c87071a85e,239,239,0,0,167,72,5.566666666666666,51,68,7.733333333333333,4,true,1230,29,90,103,67,3,3,0,0,2,2,true,266.5,137.3805439330544,575.15,1364724.5902182756,877397.5974222271,60.86753869798878,0
profile,tfl-numbat-2019-midweek,morning,7.5,7.966666666666667,1,3,off,free-flow,1,0,940GZZLUEUS,0,3600,3099,1800,1792.5,15f7af9d566e1cbd,239,239,0,0,156,83,5.2,47,72,7.266666666666667,11,true,1299,35,87,103,68,3,1,0,0,2,1,true,526.5,148.5486750348675,608.35,1395992.9681313795,931939.5629900026,59.96707161693039,0
profile,tfl-numbat-2019-midweek,morning,6.666667,8.966666666666667,1,1,off,free-flow,1,0,940GZZLUEUS,0,3600,2969,1800,1793.3333333333333,34ba04f18e7fc846,269,269,0,0,178,91,5.933333333333334,59,75,7.933333333333334,16,true,1169,34,101,110,70,3,3,0,0,2,2,true,333.6666666666667,151.97329615861216,515.4833333333333,1544491.96162678,1090730.7470939788,58.609542051819126,0
profile,tfl-numbat-2019-midweek,morning,6.666667,8.966666666666667,1,2,off,free-flow,1,0,940GZZLUEUS,0,3600,3253,1800,1793.3333333333333,b3b95630ed092780,269,269,0,0,184,85,6.133333333333334,55,79,8.6,6,true,1453,32,102,113,71,3,4,0,0,2,2,true,612.6666666666666,158.50384138785628,664.1666666666666,1581443.6044614916,1122832.6667376563,58.47936548880183,0
profile,tfl-numbat-2019-midweek,morning,6.666667,8.966666666666667,1,3,off,free-flow,1,0,940GZZLUEUS,0,3600,3175,1800,1793.3333333333333,8e5746ead23083f4,269,269,0,0,177,92,5.9,54,80,8.2,12,true,1375,37,99,114,70,3,2,0,1,2,1,true,607.6666666666666,175.07137546468402,913.5833333333334,1543868.3526374905,1232141.7533285953,55.61465173773946,0
profile,tfl-numbat-2019-midweek,morning,6,9.966666666666667,1,1,off,free-flow,1,0,940GZZLUEUS,0,3600,3578,1800,1794,1c08fe1ead694371,299,299,0,0,186,113,6.2,63,86,8.2,27,true,1778,50,115,114,71,2,2,0,0,2,2,true,834,202.17447045707917,953.6833333333333,1715217.674424553,1435858.801833993,54.43275297656785,0
profile,tfl-numbat-2019-midweek,morning,6,9.966666666666667,1,2,off,free-flow,1,0,940GZZLUEUS,0,3600,3108,1800,1794,5d52463e8423e3e8,299,299,0,0,192,107,6.4,61,88,8.733333333333333,19,true,1308,50,116,114,74,2,4,0,1,2,1,true,653,216.0159420289855,803.15,1729283.394648766,1437020.295673124,54.615209524420735,0
profile,tfl-numbat-2019-midweek,morning,6,9.966666666666667,1,3,off,free-flow,1,0,940GZZLUEUS,0,3600,3098,1800,1794,c3759d12dff30a69,299,299,0,0,187,112,6.233333333333333,58,91,8.6,21,true,1298,55,112,114,75,2,1,0,0,2,1,true,549,221.4566332218506,830.7,1733437.2372553402,1521064.216396638,53.26275811953305,0
profile,tfl-numbat-2019-midweek,morning,5.4545449999999995,11,1,1,off,free-flow,1,0,940GZZLUEUS,0,3600,3587,1800,1798.5,c64244c66b891430,330,330,0,0,199,131,6.633333333333334,66,99,8.866666666666667,32,true,1787,73,133,114,70,3,3,1,1,2,2,true,879.5,271.7912626262626,1115.5166666666667,1892358.2268909228,1708560.218331653,52.552099018003574,0
profile,tfl-numbat-2019-midweek,morning,5.4545449999999995,11,1,2,off,free-flow,1,0,940GZZLUEUS,0,3600,3270,1800,1798.5,c421d6886132d7aa,330,330,0,0,202,128,6.733333333333333,62,103,9.333333333333334,25,true,1470,75,129,114,71,4,5,0,1,1,2,true,888.5,278.17040404040404,964.6333333333333,1914455.39421141,1646554.2172107003,53.761590198203955,0
profile,tfl-numbat-2019-midweek,morning,5.4545449999999995,11,1,3,off,free-flow,1,0,940GZZLUEUS,0,3600,3237,1800,1798.5,bd64ac0fbdcacbce,330,330,0,0,189,141,6.3,62,103,8.466666666666667,38,true,1437,88,141,114,63,3,2,0,0,2,1,true,1063.5,314.660202020202,1318.85,1914241.9043808249,1790555.4734126695,51.66927389483606,0
profile,tfl-numbat-2019-midweek,morning,5,11.966666666666667,1,1,off,free-flow,1,0,940GZZLUEUS,0,3600,3600,1800,1795,5960e07ad149c806,359,357,2,0,205,154,6.833333333333333,70,109,9,45,false,0,94,155,114,73,3,3,0,0,2,2,true,1148,330.2451717734448,1335.8833333333334,2060424.6380507252,1848132.2818500937,52.71573832172845,0
profile,tfl-numbat-2019-midweek,morning,5,11.966666666666667,1,2,off,free-flow,1,0,940GZZLUEUS,0,3600,3494,1800,1795,fd71a29997bbff89,359,359,0,0,205,154,6.833333333333333,68,111,9.133333333333333,43,true,1694,97,155,114,70,3,2,0,0,2,2,true,1124,358.4783658310121,1218.0333333333333,2092840.7291533842,1794734.7458852436,53.83408611848466,0
profile,tfl-numbat-2019-midweek,morning,5,11.966666666666667,1,3,off,free-flow,1,0,940GZZLUEUS,0,3600,3600,1800,1795,53029c581d4402c7,359,357,2,0,195,164,6.5,64,115,8.733333333333333,49,false,0,105,168,114,67,3,2,0,1,2,1,true,1290,402.2733983286908,1329.9833333333333,2087872.511512534,1965521.3232298503,51.50924377535178,0
profile,tfl-numbat-2019-midweek,morning,4.615385,13.033333333333333,1,1,off,free-flow,1,0,940GZZLUEUS,0,3600,3600,1800,1798.6,b9bdf89a2a5e69f2,391,388,3,0,200,191,6.666666666666667,76,119,8.266666666666667,72,false,0,128,192,114,68,3,3,0,1,2,1,true,1381.4,453.85758738277923,1440.2833333333333,2250793.9751634053,2110062.739215951,51.61357326283402,0
profile,tfl-numbat-2019-midweek,morning,4.615385,13.033333333333333,1,2,off,free-flow,1,0,940GZZLUEUS,0,3600,3600,1800,1798.6,8b758b26ca8b1088,391,388,3,0,208,183,6.933333333333334,72,123,9.066666666666666,60,false,0,130,183,114,72,3,4,0,1,2,1,true,1442.4,457.89279624893436,1442.2666666666667,2276053.1449421933,2034601.6382626975,52.8006360845716,0
profile,tfl-numbat-2019-midweek,morning,4.615385,13.033333333333333,1,3,off,free-flow,1,0,940GZZLUEUS,0,3600,3600,1800,1798.6,7433030a10576159,391,388,3,0,198,193,6.6,69,126,8.6,67,false,0,134,193,114,69,2,3,0,0,2,2,true,1275.4,490.21095481670926,1438.8,2254831.721349947,2134125.5061448854,51.37511268563854,0
profile,tfl-numbat-2019-midweek,morning,4.2857140000000005,14,1,1,off,free-flow,1,0,940GZZLUEUS,0,3600,3600,1800,1799,8f257d775b622b3f,420,404,16,0,203,217,6.766666666666667,78,132,8.333333333333334,85,false,0,159,218,114,67,4,3,0,1,2,2,true,1482,564.7368650793651,1560.0333333333333,2438793.7594012665,2285540.6152736084,51.6219548826728,0
profile,tfl-numbat-2019-midweek,morning,4.2857140000000005,14,1,2,off,free-flow,1,0,940GZZLUEUS,0,3600,3600,1800,1799,147acec647511cf7,420,417,3,0,207,213,6.9,73,137,8.933333333333334,76,false,0,156,213,114,67,4,4,0,1,2,1,true,1382,540.0072222222223,1475.2,2418235.121404399,2211818.955554498,52.22909022679795,0
profile,tfl-numbat-2019-midweek,morning,4.2857140000000005,14,1,3,off,free-flow,1,0,940GZZLUEUS,0,3600,3600,1800,1799,a415c0f5b05ea09e,420,413,7,0,198,222,6.6,72,138,8.4,84,false,0,163,222,114,68,3,4,0,0,2,1,true,1604,574.5867857142857,1770.85,2392349.565987052,2284631.880580489,51.15157272524159,0
profile,tfl-numbat-2019-midweek,morning,4,14.966666666666667,1,1,off,free-flow,1,0,940GZZLUEUS,0,3600,3600,1800,1796,770f9d7a64f87d13,449,425,24,0,204,245,6.8,79,145,8.333333333333334,100,false,0,184,247,114,69,4,3,0,1,2,2,true,1769,657.9123979213066,1992.3,2584503.8527695225,2326577.2639914555,52.625965471205426,0
profile,tfl-numbat-2019-midweek,morning,4,14.966666666666667,1,2,off,free-flow,1,0,940GZZLUEUS,0,3600,3600,1800,1796,7d616be7f0c36e85,449,437,12,0,209,240,6.966666666666667,78,146,8.733333333333333,94,false,0,190,242,114,70,3,5,1,0,2,2,true,1677,643.4845582776541,1692.7,2542335.001469704,2341279.462663128,52.05847062952252,0
profile,tfl-numbat-2019-midweek,morning,4,14.966666666666667,1,3,off,free-flow,1,0,940GZZLUEUS,0,3600,3600,1800,1796,a0ab47d20ba11e88,449,430,19,0,202,247,6.733333333333333,73,151,8.6,96,false,0,195,247,114,69,3,4,0,1,1,2,false,0,692.1551224944321,1940,2499854.406825802,2405611.846515839,50.96058718420256,0
profile,tfl-numbat-2019-midweek,am-peak,60,0.9666666666666667,1,1,off,free-flow,1,0,940GZZLUEUS,0,3600,2440,1800,1740,91f17b3654b28322,29,29,0,0,22,7,0.7333333333333333,7,7,1,0,true,640,2,9,29,9,1,1,0,0,2,1,true,0,5.038505747126437,113.05,171462.64583246942,75000.72327445853,69.56922095716402,0
profile,tfl-numbat-2019-midweek,am-peak,60,0.9666666666666667,1,2,off,free-flow,1,0,940GZZLUEUS,0,3600,2352,1800,1740,13a4fdcb6e345e29,29,29,0,0,22,7,0.7333333333333333,8,6,0.9333333333333333,1,true,552,3,8,30,8,0,1,0,0,1,1,true,0,19.505172413793105,165.1,140629.04518974555,92732.17236790677,60.26238920998211,0
profile,tfl-numbat-2019-midweek,am-peak,60,0.9666666666666667,1,3,off,free-flow,1,0,940GZZLUEUS,0,3600,2512,1800,1740,2a25d7a620a8b34d,29,29,0,0,21,8,0.7,8,6,0.8666666666666667,2,true,712,3,9,30,9,1,1,0,0,1,1,true,0,13.856896551724137,208.23333333333332,166961.65488993766,106034.08285834892,61.15907019906781,0
profile,tfl-numbat-2019-midweek,am-peak,30,1.9666666666666666,1,1,off,free-flow,1,0,940GZZLUEUS,0,3600,2368,1800,1770,b005b6d375179000,59,59,0,0,48,11,1.6,17,12,2.066666666666667,-1,true,568,4,18,50,17,1,1,0,0,2,1,true,78,25.151129943502827,150.61666666666667,321870.15707997675,168979.3415922066,65.57410325378362,0
profile,tfl-numbat-2019-midweek,am-peak,30,1.9666666666666666,1,2,off,free-flow,1,0,940GZZLUEUS,0,3600,2344,1800,1770,81208d9b58d5f9ff,59,59,0,0,44,15,1.4666666666666666,19,10,1.6666666666666667,5,true,544,4,16,48,15,1,1,0,0,1,1,true,122,27.11497175141243,285.2,303046.740667134,166789.33718212068,64.50052581197596,0
profile,tfl-numbat-2019-midweek,am-peak,30,1.9666666666666666,1,3,off,free-flow,1,0,940GZZLUEUS,0,3600,2530,1800,1770,dbc46e79bcf53e4f,59,59,0,0,43,16,1.4333333333333333,16,13,1.8,3,true,730,4,19,52,17,1,1,0,0,1,1,true,0,34.34152542372882,271.8666666666667,332389.8856261384,238957.9204313255,58.17645260944749,0
profile,tfl-numbat-2019-midweek,am-peak,20,2.966666666666667,1,1,off,free-flow,1,0,940GZZLUEUS,0,3600,2680,1800,1780,66f80c9375c76554,89,89,0,0,66,23,2.2,19,25,3.1333333333333333,-2,true,880,6,26,65,24,1,1,0,0,2,1,true,353,51.308239700374536,392.98333333333335,496210.9697985498,302850.72433511075,62.09920628676109,0
profile,tfl-numbat-2019-midweek,am-peak,20,2.966666666666667,1,2,off,free-flow,1,0,940GZZLUEUS,0,3600,2738,1800,1780,e9fa7be6e6bf2313,89,89,0,0,64,25,2.1333333333333333,26,18,2.533333333333333,7,true,938,9,27,68,22,1,2,0,0,2,1,true,246,59.36741573033708,428.1333333333333,463389.0275381651,306458.24772053846,60.192331963823,0
profile,tfl-numbat-2019-midweek,am-peak,20,2.966666666666667,1,3,off,free-flow,1,0,940GZZLUEUS,0,3600,2511,1800,1780,06bdf1662b8a1f89,89,89,0,0,67,22,2.2333333333333334,23,21,2.933333333333333,1,true,711,7,27,66,25,1,2,0,0,1,1,true,272,52.708239700374534,392.98333333333335,478043.9040037466,303659.0323032978,61.15416506712163,0
profile,tfl-numbat-2019-midweek,am-peak,15,3.966666666666667,1,1,off,free-flow,1,0,940GZZLUEUS,0,3600,2526,1800,1785,a78b0f070e897eab,119,119,0,0,87,32,2.9,27,32,4,0,true,726,10,34,73,29,1,2,0,0,2,2,true,193,61.1436974789916,435.05,644906.4916124973,362639.34352656413,64.00765792689594,0
profile,tfl-numbat-2019-midweek,am-peak,15,3.966666666666667,1,2,off,free-flow,1,0,940GZZLUEUS,0,3600,2725,1800,1785,5a5f0ba061327b6a,119,119,0,0,84,35,2.8,32,27,3.466666666666667,8,true,925,14,36,79,29,1,1,0,0,2,1,true,129,84.19523809523808,453.53333333333336,647500.13062336,406621.1850260242,61.4255798654894,0
profile,tfl-numbat-2019-midweek,am-peak,15,3.966666666666667,1,3,off,free-flow,1,0,940GZZLUEUS,0,3600,2754,1800,1785,c3c03c914bb6c564,119,119,0,0,89,30,2.966666666666667,28,31,4.066666666666666,-1,true,954,11,34,75,30,1,2,0,0,2,1,true,282,69.1564425770308,387.6166666666667,652002.4296051034,420788.9052425008,60.776258012721904,0
profile,tfl-numbat-2019-midweek,am-peak,12,4.966666666666667,1,1,off,free-flow,1,0,940GZZLUEUS,0,3600,2873,1800,1788,f2c28309e2ce7687,149,149,0,0,110,39,3.6666666666666665,34,40,5.066666666666666,-1,true,1073,13,47,90,38,2,2,0,0,2,1,true,220,80.61454138702462,499.56666666666666,831692.8348826271,486305.80810817005,63.10270798119739,0
profile,tfl-numbat-2019-midweek,am-peak,12,4.966666666666667,1,2,off,free-flow,1,0,940GZZLUEUS,0,3600,2514,1800,1788,4f469d7049de7204,149,149,0,0,103,46,3.433333333333333,38,36,4.333333333333333,10,true,714,15,50,89,43,1,1,0,0,2,1,true,163,88.91767337807606,518.7,813232.8878217071,449033.99428881233,64.42638235600191,0
profile,tfl-numbat-2019-midweek,am-peak,12,4.966666666666667,1,3,off,free-flow,1,0,940GZZLUEUS,0,3600,2779,1800,1788,fb7bde77c7f4ae02,149,149,0,0,103,46,3.433333333333333,35,39,4.533333333333333,7,true,979,14,46,84,35,1,2,0,0,1,1,true,328,94.12930648769574,506.4,803380.8406490796,482857.98302823445,62.459694565293916,0
profile,tfl-numbat-2019-midweek,am-peak,10,5.966666666666667,1,1,off,free-flow,1,0,940GZZLUEUS,0,3600,2680,1800,1790,523cd75d5a7198e9,179,179,0,0,127,52,4.233333333333333,45,44,5.466666666666667,8,true,880,18,55,95,44,2,3,0,0,2,2,true,255,91.93519553072626,508.35,993232.3427110786,552099.2677653687,64.27308779407231,0
profile,tfl-numbat-2019-midweek,am-peak,10,5.966666666666667,1,2,off,free-flow,1,0,940GZZLUEUS,0,3600,2804,1800,1790,1b0e7b93da5a461c,179,179,0,0,124,55,4.133333333333334,41,48,5.533333333333333,7,true,1004,19,57,95,46,2,1,0,0,2,1,true,222,101.82616387337059,520.7333333333333,1007376.4424631442,579098.7836037098,63.49777329713521,0
profile,tfl-numbat-2019-midweek,am-peak,10,5.966666666666667,1,3,off,free-flow,1,0,940GZZLUEUS,0,3600,2522,1800,1790,03cb8a2c06b5ed7f,179,179,0,0,126,53,4.2,43,46,5.533333333333333,7,true,722,17,58,91,44,2,2,0,1,2,1,true,196,95.24934823091249,501.05,947956.2709354742,537402.544825875,63.820018494964195,0
profile,tfl-numbat-2019-midweek,am-peak,8.571429,7,1,1,off,free-flow,1,0,940GZZLUEUS,0,3600,3027,1800,1799,1cdd19da9c40d2c2,210,210,0,0,148,62,4.933333333333334,48,57,6.666666666666667,5,true,1227,21,63,100,51,2,2,0,0,2,2,true,479,107.58230158730159,607.1166666666667,1183135.5530677678,763722.4104667573,60.77153933303806,0
profile,tfl-numbat-2019-midweek,am-peak,8.571429,7,1,2,off,free-flow,1,0,940GZZLUEUS,0,3600,2733,1800,1799,b57b46766d35932b,210,210,0,0,140,70,4.666666666666667,47,58,6.2,12,true,933,22,70,101,60,1,1,0,1,2,1,true,275,107.11904761904762,500.71666666666664,1169513.2747428399,619557.0308671286,65.36988910249137,0
profile,tfl-numbat-2019-midweek,am-peak,8.571429,7,1,3,off,free-flow,1,0,940GZZLUEUS,0,3600,2805,1800,1799,4467f8d100e65ee9,210,210,0,0,147,63,4.9,51,54,6.4,9,true,1005,23,68,96,54,3,3,0,0,2,1,true,307,111.66373015873016,484.1,1119660.0356483299,649220.815102452,63.29765145985399,0
profile,tfl-numbat-2019-midweek,am-peak,7.5,7.966666666666667,1,1,off,free-flow,1,0,940GZZLUEUS,0,3600,2819,1800,1792.5,c5bb3efd32d68016,239,239,0,0,158,81,5.266666666666667,55,64,6.866666666666666,17,true,1019,29,81,102,57,2,3,0,1,2,1,true,316.5,125.63898186889818,607.55,1349127.5621299634,742387.6378648764,64.50479356465074,0
profile,tfl-numbat-2019-midweek,am-peak,7.5,7.966666666666667,1,2,off,free-flow,1,0,940GZZLUEUS,0,3600,2616,1800,1792.5,68d8ac9c4adb685f,239,239,0,0,165,74,5.5,52,67,7.533333333333333,7,true,816,25,83,105,68,3,2,0,0,2,1,true,236.5,114.09804741980474,538.5833333333334,1290725.6210371617,721579.4467486085,64.14164739233128,0
profile,tfl-numbat-2019-midweek,am-peak,7.5,7.966666666666667,1,3,off,free-flow,1,0,940GZZLUEUS,0,3600,2739,1800,1792.5,e058693e89b7cdb5,239,239,0,0,167,72,5.566666666666666,57,62,7.333333333333333,10,true,939,28,76,100,58,3,3,0,0,1,1,true,287.5,114.47308228730823,550.9833333333333,1267225.159845352,704532.8772175239,64.26879647631644,0
profile,tfl-numbat-2019-midweek,am-peak,6.666667,8.966666666666667,1,1,off,free-flow,1,0,940GZZLUEUS,0,3600,2938,1800,1793.3333333333333,49a37ab7a7c4d1c5,269,269,0,0,183,86,6.1,63,71,8,15,true,1138,33,93,103,64,2,4,0,0,2,2,true,487.6666666666667,142.61276332094175,635.3833333333333,1477681.3553594148,886190.1824005254,62.51106846354689,0
profile,tfl-numbat-2019-midweek,am-peak,6.666667,8.966666666666667,1,2,off,free-flow,1,0,940GZZLUEUS,0,3600,2745,1800,1793.3333333333333,5298a0fc6c131c1b,269,269,0,0,185,84,6.166666666666667,61,73,8.266666666666667,11,true,945,29,94,109,75,1,2,0,0,2,1,true,310.6666666666667,123.95780669144982,544.9166666666666,1466116.4668527178,867122.4297046529,62.83610602480234,0
profile,tfl-numbat-2019-midweek,am-peak,6.666667,8.966666666666667,1,3,off,free-flow,1,0,940GZZLUEUS,0,3600,2990,1800,1793.3333333333333,211dd28cc9405e83,269,269,0,0,191,78,6.366666666666666,63,71,8.533333333333333,7,true,1190,30,86,105,66,3,3,0,0,2,1,true,404.6666666666667,124.13593556381662,519.3833333333333,1438197.0760744235,850833.6010298408,62.82996075412205,0
profile,tfl-numbat-2019-midweek,am-peak,6,9.966666666666667,1,1,off,free-flow,1,0,940GZZLUEUS,0,3600,3149,1800,1794,ec993b94e97e8c08,299,299,0,0,195,104,6.5,68,81,8.466666666666667,23,true,1349,40,106,114,66,2,5,0,1,2,2,true,798,170.81226309921962,845.3,1617838.4620120064,1188693.9393096096,57.6454581906895,0
profile,tfl-numbat-2019-midweek,am-peak,6,9.966666666666667,1,2,off,free-flow,1,0,940GZZLUEUS,0,3600,2966,1800,1794,cff3592b57bdace5,299,299,0,0,207,92,6.9,61,88,9.733333333333333,4,true,1166,34,104,114,79,3,1,0,1,2,1,true,732,158.28422519509476,824.75,1618643.645543873,1224970.4079702795,56.92205816550755,0
profile,tfl-numbat-2019-midweek,am-peak,6,9.966666666666667,1,3,off,free-flow,1,0,940GZZLUEUS,0,3600,3288,1800,1794,44eaa9db7e5a8804,299,299,0,0,207,92,6.9,66,83,9.4,9,true,1488,38,100,111,73,4,3,0,0,1,2,true,638,154.49247491638795,979.4666666666667,1591558.719945017,1109617.0558529922,58.92096079807403,0
profile,tfl-numbat-2019-midweek,am-peak,5.4545449999999995,11,1,1,off,free-flow,1,0,940GZZLUEUS,0,3600,3515,1800,1798.5,d27211c532c656cc,330,330,0,0,209,121,6.966666666666667,72,93,9.133333333333333,28,true,1715,59,121,114,70,3,6,0,1,2,2,true,872.5,226.04181818181817,934.4666666666667,1803275.474231277,1487987.325648576,54.78977474229968,0
profile,tfl-numbat-2019-midweek,am-peak,5.4545449999999995,11,1,2,off,free-flow,1,0,940GZZLUEUS,0,3600,3307,1800,1798.5,b1938ab1a755350f,330,330,0,0,212,118,7.066666666666666,64,101,9.866666666666667,17,true,1507,63,124,114,76,3,3,0,1,1,1,true,1086.5,232.3018686868687,1102.7,1786106.3231170035,1588568.4349557755,52.926769278856945,0
profile,tfl-numbat-2019-midweek,am-peak,5.4545449999999995,11,1,3,off,free-flow,1,0,940GZZLUEUS,0,3600,3123,1800,1798.5,8d37e544ed24f656,330,330,0,0,216,114,7.2,73,92,9.533333333333333,22,true,1323,65,116,114,70,2,3,0,0,1,2,true,741.5,220.21060606060607,945.5166666666667,1741920.1274930476,1551707.0610674182,52.88759254669569,0
profile,tfl-numbat-2019-midweek,am-peak,5,11.966666666666667,1,1,off,free-flow,1,0,940GZZLUEUS,0,3600,3391,1800,1795,03cdebea63353488,359,359,0,0,208,151,6.933333333333334,76,103,8.8,48,true,1591,86,153,114,70,3,5,0,1,2,2,true,962,288.53597957288764,1108.0333333333333,1940430.5108060387,1707778.1796858201,53.1885830945824,0
profile,tfl-numbat-2019-midweek,am-peak,5,11.966666666666667,1,2,off,free-flow,1,0,940GZZLUEUS,0,3600,3579,1800,1795,1ce863a45082331f,359,359,0,0,216,143,7.2,67,112,9.933333333333334,31,true,1779,92,149,114,70,3,4,0,0,1,2,true,1029,322.1555710306407,1197.5166666666667,1918160.4523816183,1710941.6356602798,52.8549598729137,0
profile,tfl-numbat-2019-midweek,am-peak,5,11.966666666666667,1,3,off,free-flow,1,0,940GZZLUEUS,0,3600,3498,1800,1795,274627ca8e822360,359,359,0,0,210,149,7,74,105,9.066666666666666,44,true,1698,91,151,114,66,2,3,0,1,2,2,true,954,314.34127205199627,1038.4666666666667,1917664.7824535293,1857441.427713568,50.797637886025136,0
profile,tfl-numbat-2019-midweek,am-peak,4.615385,13.033333333333333,1,1,off,free-flow,1,0,940GZZLUEUS,0,3600,3600,1800,1798.6,ea9a92c10a2e02f6,391,390,1,0,215,176,7.166666666666667,84,111,8.733333333333333,65,false,0,113,176,114,67,3,6,1,1,2,2,true,1079.4,380.0736146632566,1233.7,2121096.363977566,1941531.200722779,52.20996338447321,0
profile,tfl-numbat-2019-midweek,am-peak,4.615385,13.033333333333333,1,2,off,free-flow,1,0,940GZZLUEUS,0,3600,3600,1800,1798.6,0e4f347011d2dd56,391,390,1,0,217,174,7.233333333333333,74,121,9.533333333333333,53,false,0,116,177,114,67,3,6,0,1,2,2,true,1139.4,398.36930946291557,1202.9333333333334,2103689.4263072154,1914204.0563637526,52.358018832016164,0
profile,tfl-numbat-2019-midweek,am-peak,4.615385,13.033333333333333,1,3,off,free-flow,1,0,940GZZLUEUS,0,3600,3600,1800,1798.6,629b0a4814791cff,391,389,2,0,218,173,7.266666666666667,80,115,9.2,58,false,0,118,176,114,65,6,3,0,0,1,2,true,1429.4,388.44394714407497,1576.2,2062065.4589161095,2038711.0966666085,50.2847553619778,0
profile,tfl-numbat-2019-midweek,am-peak,4.2857140000000005,14,1,1,off,free-flow,1,0,940GZZLUEUS,0,3600,3600,1800,1799,24df56c9a0e2d1b9,420,418,2,0,216,204,7.2,87,123,8.6,81,false,0,139,204,114,71,4,5,0,1,2,2,true,1253,458.4344841269841,1440.85,2276362.7172747143,2089449.5787347152,52.14064561033518,0
profile,tfl-numbat-2019-midweek,am-peak,4.2857140000000005,14,1,2,off,free-flow,1,0,940GZZLUEUS,0,3600,3600,1800,1799,ad09ad1e7b111875,420,418,2,0,218,202,7.266666666666667,79,131,9.266666666666667,71,false,0,146,203,114,70,4,6,1,0,2,2,true,1534,470.0257142857143,1593.8333333333333,2235716.764188833,2074289.0900504559,51.872708293187095,0
profile,tfl-numbat-2019-midweek,am-peak,4.2857140000000005,14,1,3,off,free-flow,1,0,940GZZLUEUS,0,3600,3600,1800,1799,faba3276afd301f0,420,417,3,0,216,204,7.2,81,129,9,75,false,0,143,205,114,66,4,5,0,0,2,2,true,1331,464.15765873015874,1420.7833333333333,2225939.0454485,2181761.234537281,50.501143545442716,0
profile,tfl-numbat-2019-midweek,am-peak,4,14.966666666666667,1,1,off,free-flow,1,0,940GZZLUEUS,0,3600,3600,1800,1796,e9e681de5348b2c1,449,445,4,0,215,234,7.166666666666667,89,135,8.4,99,false,0,172,235,114,70,3,6,0,0,1,1,true,1380,560.9225686711211,1544.5166666666667,2406234.09317199,2265495.5392351598,51.506278883954955,0
profile,tfl-numbat-2019-midweek,am-peak,4,14.966666666666667,1,2,off,free-flow,1,0,940GZZLUEUS,0,3600,3600,1800,1796,15fe1f6c8c9c1257,449,443,6,0,227,222,7.566666666666666,83,141,9.6,81,false,0,165,223,114,69,4,4,0,0,2,2,true,1637,542.3980326651819,1648.4666666666667,2367580.0837892834,2207297.9896975867,51.751763560875986,0
profile,tfl-numbat-2019-midweek,am-peak,4,14.966666666666667,1,3,off,free-flow,1,0,940GZZLUEUS,0,3600,3600,1800,1796,57f343b118d7dc71,449,438,11,0,220,229,7.333333333333333,83,141,9.133333333333333,88,false,0,176,232,114,66,4,5,0,0,2,2,true,1524,578.6377876763178,1699.1,2378634.069466894,2298476.049794578,50.85691824255117,0
profile,tfl-numbat-2019-midweek,interpeak,60,0.9666666666666667,1,1,off,free-flow,1,0,940GZZLUEUS,0,3600,2269,1800,1740,2c08c203aad74678,29,29,0,0,24,5,0.8,7,7,1.1333333333333333,-2,true,469,2,9,30,9,1,1,0,0,1,1,true,0,19.501149425287355,122.68333333333334,143393.63541151033,63094.90127780037,69.44387214446922,0
profile,tfl-numbat-2019-midweek,interpeak,60,0.9666666666666667,1,2,off,free-flow,1,0,940GZZLUEUS,0,3600,2134,1800,1740,dbceb7018c3ce1a4,29,29,0,0,23,6,0.7666666666666667,8,6,1,0,true,334,2,8,28,8,1,1,0,0,2,1,true,0,23.274712643678164,116.58333333333333,134831.03566808166,53967.08869690268,71.41545294561637,0
profile,tfl-numbat-2019-midweek,interpeak,60,0.9666666666666667,1,3,off,free-flow,1,0,940GZZLUEUS,0,3600,2206,1800,1740,6e32fb4454e823d6,29,29,0,0,23,6,0.7666666666666667,7,7,1.0666666666666667,-1,true,406,1,8,34,8,0,1,0,0,2,1,true,0,4.115517241379311,118.98333333333333,136557.19319955184,95600.71261417684,58.820824008086184,0
profile,tfl-numbat-2019-midweek,interpeak,30,1.9666666666666666,1,1,off,free-flow,1,0,940GZZLUEUS,0,3600,2331,1800,1770,5c50291a262c6011,59,59,0,0,49,10,1.6333333333333333,15,14,2.2666666666666666,-4,true,531,3,16,50,16,1,1,0,0,1,1,true,72,22.346610169491523,133.86666666666667,287238.7832083897,134251.89740172384,68.14831179484386,0
profile,tfl-numbat-2019-midweek,interpeak,30,1.9666666666666666,1,2,off,free-flow,1,0,940GZZLUEUS,0,3600,2499,1800,1770,4be260785c883112,59,59,0,0,47,12,1.5666666666666667,15,14,2.1333333333333333,-2,true,699,5,16,46,16,1,1,0,0,2,1,true,0,36.54887005649718,151.28333333333333,295535.1187261575,119796.26498605293,71.15646212060352,0
profile,tfl-numbat-2019-midweek,interpeak,30,1.9666666666666666,1,3,off,free-flow,1,0,940GZZLUEUS,0,3600,2667,1800,1770,7241b35501f39f8e,59,59,0,0,44,15,1.4666666666666666,21,8,1.5333333333333334,7,true,867,4,16,48,15,1,1,0,0,2,1,true,112,26.304237288135592,148.58333333333334,302845.8139035672,186818.85671720008,61.847593276361465,0
profile,tfl-numbat-2019-midweek,interpeak,20,2.966666666666667,1,1,off,free-flow,1,0,940GZZLUEUS,0,3600,2550,1800,1780,016a76ba6d0b3cca,89,89,0,0,68,21,2.2666666666666666,27,17,2.7333333333333334,4,true,750,4,24,59,22,1,1,0,0,1,1,true,93,30.7,167.21666666666667,454604.2463196071,194556.24540608673,70.02956158208445,0
profile,tfl-numbat-2019-midweek,interpeak,20,2.966666666666667,1,2,off,free-flow,1,0,940GZZLUEUS,0,3600,2575,1800,1780,ed9a2bc8a5a94c22,89,89,0,0,65,24,2.1666666666666665,22,22,2.8666666666666667,2,true,775,9,25,63,22,1,1,0,0,2,1,true,110,52.13295880149813,306.4166666666667,458693.6280176607,213210.37236050764,68.26773285461819,0
profile,tfl-numbat-2019-midweek,interpeak,20,2.966666666666667,1,3,off,free-flow,1,0,940GZZLUEUS,0,3600,2576,1800,1780,93ff18cb310a4748,89,89,0,0,64,25,2.1333333333333333,25,19,2.6,6,true,776,6,27,59,23,1,2,0,0,2,1,true,272,40.50355805243446,271.8666666666667,464022.2571439891,246025.1846382833,65.35088077766443,0
profile,tfl-numbat-2019-midweek,interpeak,15,3.966666666666667,1,1,off,free-flow,1,0,940GZZLUEUS,0,3600,2331,1800,1785,4ea77286324758fc,119,119,0,0,93,26,3.1,34,25,3.933333333333333,1,true,531,6,30,66,29,1,1,0,0,1,1,true,134,35.652661064425764,167.33333333333334,605982.1905527732,245664.85814404074,71.15414671841394,0
profile,tfl-numbat-2019-midweek,interpeak,15,3.966666666666667,1,2,off,free-flow,1,0,940GZZLUEUS,0,3600,2557,1800,1785,b737ae9d8f011316,119,119,0,0,89,30,2.966666666666667,33,26,3.7333333333333334,4,true,757,9,35,76,30,1,2,0,0,2,1,true,252,61.16288515406163,325.6,609121.6304312934,256988.15022091378,70.32845535731119,0
profile,tfl-numbat-2019-midweek,interpeak,15,3.966666666666667,1,3,off,free-flow,1,0,940GZZLUEUS,0,3600,2325,1800,1785,54ac03234b7a10bc,119,119,0,0,89,30,2.966666666666667,32,27,3.8,3,true,525,8,35,75,29,1,2,0,0,2,1,true,105,50.582773109243696,353.51666666666665,610730.9731110162,311071.4984763605,66.25399604964345,0
profile,tfl-numbat-2019-midweek,interpeak,12,4.966666666666667,1,1,off,free-flow,1,0,940GZZLUEUS,0,3600,2603,1800,1788,b497ea2af025e0c1,149,149,0,0,111,38,3.7,44,30,4.466666666666667,8,true,803,9,39,76,34,1,1,0,0,2,1,true,151,52.170134228187926,234.31666666666666,752375.5699666424,435753.60269030614,63.32439159659263,0
profile,tfl-numbat-2019-midweek,interpeak,12,4.966666666666667,1,2,off,free-flow,1,0,940GZZLUEUS,0,3600,2509,1800,1788,430d9157d388d3e5,149,149,0,0,109,40,3.6333333333333333,43,31,4.4,9,true,709,11,45,81,38,1,2,0,0,2,1,true,123,72.11465324384788,356.75,761602.4142001545,323176.20388913684,70.20809605757411,0
profile,tfl-numbat-2019-midweek,interpeak,12,4.966666666666667,1,3,off,free-flow,1,0,940GZZLUEUS,0,3600,2829,1800,1788,5f97c3f949109a0b,149,149,0,0,113,36,3.7666666666666666,43,31,4.666666666666667,5,true,1029,10,43,85,37,1,2,0,0,2,2,true,143,59.17472035794184,353.51666666666665,785632.797673281,391547.9998374218,66.7384992462161,0
profile,tfl-numbat-2019-midweek,interpeak,10,5.966666666666667,1,1,off,free-flow,1,0,940GZZLUEUS,0,3600,2585,1800,1790,0b930e4ca4da8510,179,179,0,0,137,42,4.566666666666666,49,40,5.866666666666666,2,true,785,12,48,83,41,2,2,0,0,1,1,true,190,66.61415270018622,328.65,902147.7982800031,437140.53084465436,67.36023742323178,0
profile,tfl-numbat-2019-midweek,interpeak,10,5.966666666666667,1,2,off,free-flow,1,0,940GZZLUEUS,0,3600,2471,1800,1790,43a17175be512ece,179,179,0,0,135,44,4.5,46,43,5.933333333333334,1,true,671,11,51,89,42,2,3,0,0,2,2,true,250,74.1768156424581,530.7333333333333,905772.6671296419,381034.32725037995,70.38916256171262,0
profile,tfl-numbat-2019-midweek,interpeak,10,5.966666666666667,1,3,off,free-flow,1,0,940GZZLUEUS,0,3600,2555,1800,1790,2cca81f5af10a5a2,179,179,0,0,137,42,4.566666666666666,48,41,5.933333333333334,1,true,755,12,50,90,43,4,3,0,0,2,1,true,94,57.86014897579143,353.51666666666665,920885.0959179217,435522.2194348295,67.89148698143329,0
profile,tfl-numbat-2019-midweek,interpeak,8.571429,7,1,1,off,free-flow,1,0,940GZZLUEUS,0,3600,2540,1800,1799,377f35b408a2d0b6,210,210,0,0,156,54,5.2,55,50,6.733333333333333,4,true,740,17,57,90,47,1,4,0,0,2,1,true,429,77.24746031746032,462.8666666666667,1034269.047152048,519670.98298944626,66.55784824964401,0
profile,tfl-numbat-2019-midweek,interpeak,8.571429,7,1,2,off,free-flow,1,0,940GZZLUEUS,0,3600,2535,1800,1799,0e4e63e12088df38,210,210,0,0,158,52,5.266666666666667,50,55,7.2,-3,true,735,14,61,92,54,2,3,0,0,2,2,true,197,76.77452380952381,375.75,1063333.5059635374,471446.3339834211,69.28247806540682,0
profile,tfl-numbat-2019-midweek,interpeak,8.571429,7,1,3,off,free-flow,1,0,940GZZLUEUS,0,3600,2845,1800,1799,d32fc6ced69f7580,210,210,0,0,163,47,5.433333333333334,53,52,7.333333333333333,-5,true,1045,14,59,93,50,2,3,0,0,2,2,true,230,61.38650793650793,353.51666666666665,1073448.520761763,573407.0139197037,65.18170526532484,0
profile,tfl-numbat-2019-midweek,interpeak,7.5,7.966666666666667,1,1,off,free-flow,1,0,940GZZLUEUS,0,3600,2767,1800,1792.5,f9552f5f1b0bf1c2,239,239,0,0,173,66,5.766666666666667,59,60,7.6,6,true,967,21,69,95,57,1,4,0,0,2,1,true,509.5,87.26199442119945,606.3666666666667,1205057.4378718715,623063.6641634357,65.91781236649156,0
profile,tfl-numbat-2019-midweek,interpeak,7.5,7.966666666666667,1,2,off,free-flow,1,0,940GZZLUEUS,0,3600,2378,1800,1792.5,8b0ec28e29fb5d6c,239,239,0,0,177,62,5.9,54,65,8.2,-3,true,578,17,68,96,55,2,2,0,0,2,1,true,202.5,85.63451882845189,419.23333333333335,1185725.0938297545,538944.3665761019,68.75086044317875,0
profile,tfl-numbat-2019-midweek,interpeak,7.5,7.966666666666667,1,3,off,free-flow,1,0,940GZZLUEUS,0,3600,3111,1800,1792.5,32aa5186f5b4a850,239,239,0,0,178,61,5.933333333333334,61,58,7.8,3,true,1311,16,69,96,59,3,3,0,0,2,2,true,303.5,74.58668061366807,392.98333333333335,1244217.1126607123,591112.2337680858,67.79257984850088,0
profile,tfl-numbat-2019-midweek,interpeak,6.666667,8.966666666666667,1,1,off,free-flow,1,0,940GZZLUEUS,0,3600,2731,1800,1793.3333333333333,2ce7017da63f1ce0,269,269,0,0,200,69,6.666666666666667,62,72,9.2,-3,true,931,24,80,103,68,2,5,0,0,2,2,true,365.6666666666667,95.41933085501859,606.3666666666667,1365354.5341859257,737885.8308399351,64.91671408032994,0
profile,tfl-numbat-2019-midweek,interpeak,6.666667,8.966666666666667,1,2,off,free-flow,1,0,940GZZLUEUS,0,3600,2425,1800,1793.3333333333333,2a8809aeeb74e8bf,269,269,0,0,200,69,6.666666666666667,60,74,9.333333333333334,-5,true,625,22,78,98,63,2,2,0,1,2,2,true,172.66666666666666,92.2778810408922,385.3666666666667,1305967.4440405485,592324.515474263,68.79697495923354,0
profile,tfl-numbat-2019-midweek,interpeak,6.666667,8.966666666666667,1,3,off,free-flow,1,0,940GZZLUEUS,0,3600,2927,1800,1793.3333333333333,974cc1866ce0a089,269,269,0,0,201,68,6.7,61,73,9.333333333333334,-5,true,1127,21,78,102,67,2,3,0,1,2,2,true,410.6666666666667,89.99361833952912,463.18333333333334,1374318.3161608928,723164.5591869239,65.52226634665588,0
profile,tfl-numbat-2019-midweek,interpeak,6,9.966666666666667,1,1,off,free-flow,1,0,940GZZLUEUS,0,3600,2648,1800,1794,ee9fd27577dc17b2,299,299,0,0,216,83,7.2,71,78,9.666666666666666,5,true,848,27,89,107,68,4,3,0,1,2,2,true,313,110.96148272017837,512.4333333333333,1509935.9786963554,820790.9213934396,64.78390834370954,0
profile,tfl-numbat-2019-midweek,interpeak,6,9.966666666666667,1,2,off,free-flow,1,0,940GZZLUEUS,0,3600,2578,1800,1794,9c6d663f282f98ba,299,299,0,0,220,79,7.333333333333333,64,85,10.4,-6,true,778,32,93,108,72,3,3,0,0,1,1,true,154,121.3896321070234,595.5,1454761.267641693,904615.3419239733,61.65871365103927,0
profile,tfl-numbat-2019-midweek,interpeak,6,9.966666666666667,1,3,off,free-flow,1,0,940GZZLUEUS,0,3600,2783,1800,1794,cae5e030155a2225,299,299,0,0,220,79,7.333333333333333,67,82,10.2,-3,true,983,28,88,104,70,2,3,0,1,2,1,true,313,105.50239687848384,491.25,1507002.176701533,799206.1828280116,65.34544766843851,0
profile,tfl-numbat-2019-midweek,interpeak,5.4545449999999995,11,1,1,off,free-flow,1,0,940GZZLUEUS,0,3600,3236,1800,1798.5,df2e08305f707806,330,330,0,0,224,106,7.466666666666667,76,89,9.866666666666667,17,true,1436,50,110,114,73,3,5,0,0,2,1,true,868.5,176.48176767676767,933.3833333333333,1671527.724590216,1417926.6302852407,54.10430233262337,0
profile,tfl-numbat-2019-midweek,interpeak,5.4545449999999995,11,1,2,off,free-flow,1,0,940GZZLUEUS,0,3600,3079,1800,1798.5,aaf9361694744c1c,330,330,0,0,228,102,7.6,71,94,10.466666666666667,8,true,1279,49,108,114,69,3,3,0,1,1,1,true,681.5,187.6500505050505,890.3,1602704.732125051,1511355.6261184933,51.46672022211673,0
profile,tfl-numbat-2019-midweek,interpeak,5.4545449999999995,11,1,3,off,free-flow,1,0,940GZZLUEUS,0,3600,2735,1800,1798.5,2868a608737b17cf,330,330,0,0,236,94,7.866666666666666,73,92,10.866666666666667,2,true,935,36,99,114,72,3,3,0,1,2,1,true,326.5,130.1730808080808,656.7166666666667,1636210.7636249291,1129068.9982488202,59.169809369169776,0
profile,tfl-numbat-2019-midweek,interpeak,5,11.966666666666667,1,1,off,free-flow,1,0,940GZZLUEUS,0,3600,3442,1800,1795,63115a88eefe4876,359,359,0,0,219,140,7.3,80,99,9.266666666666667,41,true,1642,78,140,114,66,3,5,0,0,2,2,true,902,257.4381151346332,986.05,1827541.774953122,1715584.3175963524,51.57992482390332,0
profile,tfl-numbat-2019-midweek,interpeak,5,11.966666666666667,1,2,off,free-flow,1,0,940GZZLUEUS,0,3600,3234,1800,1795,a51bec993e64d97a,359,359,0,0,239,120,7.966666666666667,77,102,10.8,18,true,1434,66,126,114,71,3,3,0,0,1,1,true,825,225.71629526462397,832.8,1759548.6645791512,1550107.9096314332,53.16408591422622,0
profile,tfl-numbat-2019-midweek,interpeak,5,11.966666666666667,1,3,off,free-flow,1,0,940GZZLUEUS,0,3600,3518,1800,1795,ae2973bdc228cca9,359,359,0,0,238,121,7.933333333333334,78,101,10.666666666666666,20,true,1718,57,121,114,77,3,3,0,1,2,1,true,1000,195.16007428040854,1069.8,1792768.4142044417,1437441.8582042854,55.50005303114824,0
profile,tfl-numbat-2019-midweek,interpeak,4.615385,13.033333333333333,1,1,off,free-flow,1,0,940GZZLUEUS,0,3600,3600,1800,1798.6,05b036e7516e55eb,391,390,1,0,224,167,7.466666666666667,83,112,9.4,55,false,0,105,167,114,66,3,4,0,0,2,1,true,1264.4,340.524936061381,1346.5666666666666,1991085.8335741279,1922207.0010690659,50.880062333890514,0
profile,tfl-numbat-2019-midweek,interpeak,4.615385,13.033333333333333,1,2,off,free-flow,1,0,940GZZLUEUS,0,3600,3443,1800,1798.6,e6b2cb534b8b4e2b,391,391,0,0,236,155,7.866666666666666,83,112,10.2,43,true,1643,97,156,114,67,3,3,0,0,1,2,true,888.4,319.04096334185846,1010.7333333333333,1933955.6904880125,1829229.280226791,51.391459775113425,0
profile,tfl-numbat-2019-midweek,interpeak,4.615385,13.033333333333333,1,3,off,free-flow,1,0,940GZZLUEUS,0,3600,3410,1800,1798.6,b778aea546f63062,391,391,0,0,243,148,8.1,85,110,10.533333333333333,38,true,1610,91,150,114,72,4,4,0,1,1,2,true,959.4,278.45873827791985,1099.4166666666667,1943206.5583608125,1736847.3360332847,52.80375272006042,0
profile,tfl-numbat-2019-midweek,interpeak,4.2857140000000005,14,1,1,off,free-flow,1,0,940GZZLUEUS,0,3600,3391,1800,1799,d7e9ab1e06ba3f03,420,420,0,0,228,192,7.6,87,123,9.4,69,true,1591,137,192,114,68,4,4,0,1,2,1,true,1100,418.3895634920635,1379.5833333333333,2142707.069057764,2048554.3181543404,51.1232030432496,0
profile,tfl-numbat-2019-midweek,interpeak,4.2857140000000005,14,1,2,off,free-flow,1,0,940GZZLUEUS,0,3600,3551,1800,1799,91e7e36c6e9c5c40,420,420,0,0,230,190,7.666666666666667,85,125,9.666666666666666,65,true,1751,133,194,114,67,4,4,0,1,1,1,true,1120,430.3569444444445,1351.5833333333333,2089561.0694820024,2079085.7457130444,50.12564417463689,0
profile,tfl-numbat-2019-midweek,interpeak,4.2857140000000005,14,1,3,off,free-flow,1,0,940GZZLUEUS,0,3600,3600,1800,1799,f9d9788dd6aa402d,420,419,1,0,251,169,8.366666666666667,89,121,10.8,48,false,0,106,170,114,76,3,3,0,1,1,2,true,1065,329.4997619047619,1154.8833333333334,2088298.2908323759,1918055.470004973,52.12466036438855,0
profile,tfl-numbat-2019-midweek,interpeak,4,14.966666666666667,1,1,off,free-flow,1,0,940GZZLUEUS,0,3600,3600,1800,1796,36d46c523aa62ecf,449,447,2,0,227,222,7.566666666666666,87,137,9.333333333333334,85,false,0,168,222,114,69,3,5,0,0,2,2,true,1704,513.325426874536,1707.15,2281020.5380386184,2268862.7298043855,50.133605715998904,0
profile,tfl-numbat-2019-midweek,interpeak,4,14.966666666666667,1,2,off,free-flow,1,0,940GZZLUEUS,0,3600,3600,1800,1796,8d49fb9d3816ddc8,449,448,1,0,238,211,7.933333333333334,89,135,9.933333333333334,76,false,0,163,214,114,70,3,4,0,0,2,2,true,1443,491.1242019302153,1466.75,2226225.749768508,2155468.9946931168,50.80741310385469,0
profile,tfl-numbat-2019-midweek,interpeak,4,14.966666666666667,1,3,off,free-flow,1,0,940GZZLUEUS,0,3600,3600,1800,1796,1a5ec5d35ff01181,449,445,4,0,248,201,8.266666666666667,89,135,10.6,66,false,0,148,202,114,74,4,4,0,0,1,2,true,1300,446.7507052709725,1346.8333333333333,2232510.598342165,2126286.873050043,51.21849806040878,0
profile,tfl-numbat-2019-midweek,pm-peak,60,0.9666666666666667,1,1,off,free-flow,1,0,940GZZLUEUS,0,3600,2208,1800,1740,2c415a5861bb3fb7,29,29,0,0,22,7,0.7333333333333333,10,4,0.8,3,true,408,2,8,29,8,0,1,0,0,1,1,true,0,30.392528735632183,153.7,132804.09910917576,75026.75079526754,63.90008950559389,0
profile,tfl-numbat-2019-midweek,pm-peak,60,0.9666666666666667,1,2,off,free-flow,1,0,940GZZLUEUS,0,3600,2323,1800,1740,42d62660e617f50f,29,29,0,0,25,4,0.8333333333333334,8,6,1.1333333333333333,-2,true,523,3,8,26,8,1,1,0,0,2,1,true,0,21.005172413793105,123.9,129987.29070103617,87446.65765611945,59.78242665562044,0
profile,tfl-numbat-2019-midweek,pm-peak,60,0.9666666666666667,1,3,off,free-flow,1,0,940GZZLUEUS,0,3600,2295,1800,1740,36bbc24bd6f4e5a1,29,29,0,0,23,6,0.7666666666666667,7,7,1.0666666666666667,-1,true,495,2,10,29,9,0,1,0,0,1,1,true,0,22.045402298850572,120.1,152079.1803834764,72834.459576566,67.61669964102417,0
profile,tfl-numbat-2019-midweek,pm-peak,30,1.9666666666666666,1,1,off,free-flow,1,0,940GZZLUEUS,0,3600,2509,1800,1770,af2d0ae536676bd0,59,59,0,0,45,14,1.5,18,11,1.8,3,true,709,5,16,51,16,1,1,0,0,2,1,true,0,35.75762711864407,175.08333333333334,283153.45998053916,192910.41079953065,59.47804010343589,0
profile,tfl-numbat-2019-midweek,pm-peak,30,1.9666666666666666,1,2,off,free-flow,1,0,940GZZLUEUS,0,3600,2712,1800,1770,491be4b064701a89,59,59,0,0,43,16,1.4333333333333333,19,10,1.6,6,true,912,4,17,48,16,1,1,0,0,1,1,true,86,29.712429378531073,157.45,304653.2518909986,197884.4538334623,60.62296389318867,0
profile,tfl-numbat-2019-midweek,pm-peak,30,1.9666666666666666,1,3,off,free-flow,1,0,940GZZLUEUS,0,3600,2497,1800,1770,97a0bbc389019b5e,59,59,0,0,44,15,1.4666666666666666,16,13,1.8666666666666667,2,true,697,5,17,49,16,1,1,0,0,2,1,true,112,43.57909604519774,164.33333333333334,294637.0640884067,188102.13314145905,61.03441895316188,0
profile,tfl-numbat-2019-midweek,pm-peak,20,2.966666666666667,1,1,off,free-flow,1,0,940GZZLUEUS,0,3600,2514,1800,1780,2436c9d379b10cb9,89,89,0,0,67,22,2.2333333333333334,25,19,2.8,3,true,714,6,25,66,23,1,1,0,0,2,1,true,112,50.194569288389516,176.28333333333333,434613.7319849861,282656.2888201269,60.592764144407695,0
profile,tfl-numbat-2019-midweek,pm-peak,20,2.966666666666667,1,2,off,free-flow,1,0,940GZZLUEUS,0,3600,2223,1800,1780,fe3e8bbb848e718e,89,89,0,0,68,21,2.2666666666666666,26,18,2.8,3,true,423,5,26,59,23,1,1,0,0,1,1,true,92,33.60318352059925,209.73333333333332,437821.7531125364,237573.1036605625,64.82456132466878,0
profile,tfl-numbat-2019-midweek,pm-peak,20,2.966666666666667,1,3,off,free-flow,1,0,940GZZLUEUS,0,3600,2379,1800,1780,46810ad37025e12d,89,89,0,0,68,21,2.2666666666666666,25,19,2.8666666666666667,2,true,579,7,27,63,25,1,1,0,0,2,1,true,103,53.74288389513109,203.9,441043.94202019955,269355.60426054423,62.08392788667446,0
profile,tfl-numbat-2019-midweek,pm-peak,15,3.966666666666667,1,1,off,free-flow,1,0,940GZZLUEUS,0,3600,2485,1800,1785,0208aa8245ceb755,119,119,0,0,93,26,3.1,32,27,4.066666666666666,-1,true,685,7,35,74,32,2,1,0,0,2,1,true,197,51.22605042016807,237.13333333333333,586664.3890863014,302627.9374214856,65.96980223478454,0
profile,tfl-numbat-2019-midweek,pm-peak,15,3.966666666666667,1,2,off,free-flow,1,0,940GZZLUEUS,0,3600,2516,1800,1785,613074b0e2e84676,119,119,0,0,91,28,3.033333333333333,33,26,3.8666666666666667,2,true,716,8,34,68,31,1,1,0,0,1,1,true,146,49.5436974789916,237.88333333333333,599487.0081671587,323048.73930320196,64.98252342101453,0
profile,tfl-numbat-2019-midweek,pm-peak,15,3.966666666666667,1,3,off,free-flow,1,0,940GZZLUEUS,0,3600,2644,1800,1785,51241ebba9303aac,119,119,0,0,87,32,2.9,31,28,3.7333333333333334,4,true,844,9,35,72,32,1,1,0,0,2,1,true,175,68.1827731092437,227.6,624491.4522129584,347451.5895219476,64.25185688847044,0
profile,tfl-numbat-2019-midweek,pm-peak,12,4.966666666666667,1,1,off,free-flow,1,0,940GZZLUEUS,0,3600,2394,1800,1788,d813e5a9585edb2f,149,149,0,0,113,36,3.7666666666666666,37,37,5.066666666666666,-1,true,594,9,42,78,38,1,1,0,0,2,1,true,100,62.015548098434,235.05,725819.6130600728,367316.6659876908,66.39790728493047,0
profile,tfl-numbat-2019-midweek,pm-peak,12,4.966666666666667,1,2,off,free-flow,1,0,940GZZLUEUS,0,3600,2328,1800,1788,297a5298546de8ab,149,149,0,0,108,41,3.6,38,36,4.666666666666667,5,true,528,11,43,76,36,1,1,0,1,1,1,true,145,66.86610738255034,254.05,738023.6643223233,341604.6053845202,68.35905329921773,0
profile,tfl-numbat-2019-midweek,pm-peak,12,4.966666666666667,1,3,off,free-flow,1,0,940GZZLUEUS,0,3600,2701,1800,1788,48123429dd3fca57,149,149,0,0,109,40,3.6333333333333333,39,35,4.666666666666667,5,true,901,11,46,76,38,1,1,0,0,1,2,true,139,75.82964205816555,253.65,767268.7361272923,400854.01883520425,65.68391317331422,0
profile,tfl-numbat-2019-midweek,pm-peak,10,5.966666666666667,1,1,off,free-flow,1,0,940GZZLUEUS,0,3600,2676,1800,1790,7f3d0ffd68c0d35b,179,179,0,0,133,46,4.433333333333334,48,41,5.666666666666667,5,true,876,13,50,84,42,1,1,0,0,2,1,true,160,75.66703910614525,299.71666666666664,863528.8159772964,450802.67633088306,65.7009910384784,0
profile,tfl-numbat-2019-midweek,pm-peak,10,5.966666666666667,1,2,off,free-flow,1,0,940GZZLUEUS,0,3600,2681,1800,1790,d381100ff1da349a,179,179,0,0,131,48,4.366666666666666,42,47,5.933333333333334,1,true,881,13,51,80,41,3,1,0,0,2,1,true,199,75.29469273743017,331.35,914050.0456827919,449102.17054648855,67.05414368259002,0
profile,tfl-numbat-2019-midweek,pm-peak,10,5.966666666666667,1,3,off,free-flow,1,0,940GZZLUEUS,0,3600,2590,1800,1790,21d3f2b5bd5d97ab,179,179,0,0,130,49,4.333333333333333,46,43,5.6,6,true,790,16,55,82,44,1,2,0,0,2,2,true,223,87.1705772811918,288.98333333333335,927751.7628477468,455037.0950906242,67.09279999774886,0
profile,tfl-numbat-2019-midweek,pm-peak,8.571429,7,1,1,off,free-flow,1,0,940GZZLUEUS,0,3600,2421,1800,1799,a956252f9cc231f2,210,210,0,0,153,57,5.1,52,53,6.733333333333333,4,true,621,18,59,89,47,2,1,0,0,2,1,true,217,88.81746031746032,273.96666666666664,985007.1265539612,491968.1741835476,66.69083268096023,0
profile,tfl-numbat-2019-midweek,pm-peak,8.571429,7,1,2,off,free-flow,1,0,940GZZLUEUS,0,3600,2731,1800,1799,6d4c4c3b2c45e61e,210,210,0,0,153,57,5.1,49,56,6.933333333333334,1,true,931,19,62,86,47,2,1,0,0,2,1,true,307,94.64587301587302,349.03333333333336,1075525.0873559075,596306.0133256752,64.33216171881422,0
profile,tfl-numbat-2019-midweek,pm-peak,8.571429,7,1,3,off,free-flow,1,0,940GZZLUEUS,0,3600,2611,1800,1799,8a8893745def8e7a,210,210,0,0,149,61,4.966666666666667,49,56,6.666666666666667,5,true,811,19,63,86,48,2,2,0,0,2,1,true,234,98.82357142857144,344.51666666666665,1082228.4294959458,560416.5359933425,65.88328289026148,0
profile,tfl-numbat-2019-midweek,pm-peak,7.5,7.966666666666667,1,1,off,free-flow,1,0,940GZZLUEUS,0,3600,2583,1800,1792.5,812d6bdfeff7cdd8,239,239,0,0,182,57,6.066666666666666,59,60,8.2,-3,true,783,22,69,92,52,4,2,0,0,1,1,true,243.5,99.78040446304044,323.85,1132049.5977066974,657096.6853115759,63.27317159315449,0
profile,tfl-numbat-2019-midweek,pm-peak,7.5,7.966666666666667,1,2,off,free-flow,1,0,940GZZLUEUS,0,3600,2510,1800,1792.5,fe5cdc606d6c3375,239,239,0,0,164,75,5.466666666666667,58,61,7.066666666666666,14,true,710,27,75,92,55,2,2,0,0,2,1,true,296.5,119.74902370990236,451.6,1216572.6761820042,701580.1792211207,63.42417773198402,0
profile,tfl-numbat-2019-midweek,pm-peak,7.5,7.966666666666667,1,3,off,free-flow,1,0,940GZZLUEUS,0,3600,2808,1800,1792.5,1d267e2d1193cfce,239,239,0,0,169,70,5.633333333333334,55,64,7.6,6,true,1008,26,76,94,54,2,2,0,0,2,1,true,391.5,122.68598326359832,473.1166666666667,1222434.554480842,744599.4466138487,62.14608155225251,0
profile,tfl-numbat-2019-midweek,pm-peak,6.666667,8.966666666666667,1,1,off,free-flow,1,0,940GZZLUEUS,0,3600,2593,1800,1793.3333333333333,5a33a9c6710baada,269,269,0,0,201,68,6.7,64,70,9.133333333333333,-2,true,793,26,79,97,56,2,2,0,1,1,1,true,275.6666666666667,119.54615861214374,408.78333333333336,1284876.0026608068,774779.4219864147,62.38305627655562,0
profile,tfl-numbat-2019-midweek,pm-peak,6.666667,8.966666666666667,1,2,off,free-flow,1,0,940GZZLUEUS,0,3600,2579,1800,1793.3333333333333,6c68acf7e422f94a,269,269,0,0,190,79,6.333333333333333,69,65,8.066666666666666,14,true,779,30,89,103,69,2,2,0,0,2,1,true,365.6666666666667,125.38104089219331,581.9,1360410.750143924,816195.9428186131,62.501450286927835,0
profile,tfl-numbat-2019-midweek,pm-peak,6.666667,8.966666666666667,1,3,off,free-flow,1,0,940GZZLUEUS,0,3600,2728,1800,1793.3333333333333,43d49a40dceca89e,269,269,0,0,186,83,6.2,61,73,8.333333333333334,10,true,928,33,89,100,62,2,2,0,0,1,1,true,304.6666666666667,146.15446096654276,555.6666666666666,1396550.4043294778,886298.4636923613,61.17577137463475,0
profile,tfl-numbat-2019-midweek,pm-peak,6,9.966666666666667,1,1,off,free-flow,1,0,940GZZLUEUS,0,3600,2577,1800,1794,458ea89b24e1b419,299,299,0,0,215,84,7.166666666666667,71,78,9.6,6,true,777,32,89,106,66,3,2,0,0,1,2,true,348,128.1418060200669,392.0833333333333,1415788.4888296144,920103.4950303375,60.61018654167777,0
profile,tfl-numbat-2019-midweek,pm-peak,6,9.966666666666667,1,2,off,free-flow,1,0,940GZZLUEUS,0,3600,2921,1800,1794,09e4876ac860d23a,299,299,0,0,199,100,6.633333333333334,70,79,8.6,21,true,1121,42,102,114,72,3,5,0,1,2,2,true,683,163.51505016722408,904.5333333333333,1509106.0709697106,1248455.4751763237,54.7261065878597,0
profile,tfl-numbat-2019-midweek,pm-peak,6,9.966666666666667,1,3,off,free-flow,1,0,940GZZLUEUS,0,3600,2741,1800,1794,a1f05cb25706b91b,299,299,0,0,201,98,6.7,67,82,8.933333333333334,16,true,941,39,105,114,76,2,2,0,0,1,1,true,532,161.26978818283166,723.1833333333333,1549628.8353184015,1176124.039038354,56.85140607928717,0
profile,tfl-numbat-2019-midweek,pm-peak,5.4545449999999995,11,1,1,off,free-flow,1,0,940GZZLUEUS,0,3600,2725,1800,1798.5,e6be3aeada4a3529,330,330,0,0,232,98,7.733333333333333,75,90,10.466666666666667,8,true,925,40,101,112,73,3,2,0,0,1,1,true,331.5,144.86737373737375,514.8833333333333,1562228.8782737006,1140956.2229737134,57.792153321383466,0
profile,tfl-numbat-2019-midweek,pm-peak,5.4545449999999995,11,1,2,off,free-flow,1,0,940GZZLUEUS,0,3600,2890,1800,1798.5,c43d60b6b9d35f14,330,330,0,0,218,112,7.266666666666667,77,88,9.4,24,true,1090,48,114,114,71,3,3,1,0,2,1,true,806.5,184.4538383838384,901.3833333333333,1682964.2459235766,1482075.3866699534,53.17355993247087,0
profile,tfl-numbat-2019-midweek,pm-peak,5.4545449999999995,11,1,3,off,free-flow,1,0,940GZZLUEUS,0,3600,2861,1800,1798.5,1578ce5338dc3b09,330,330,0,0,217,113,7.233333333333333,72,93,9.666666666666666,20,true,1061,57,117,114,71,3,2,0,0,1,1,true,699.5,212.49878787878788,869.6333333333333,1716527.0906907644,1525923.0103418203,52.939198359417226,0
profile,tfl-numbat-2019-midweek,pm-peak,5,11.966666666666667,1,1,off,free-flow,1,0,940GZZLUEUS,0,3600,3229,1800,1795,d59afaee7896bf92,359,359,0,0,232,127,7.733333333333333,80,99,10.133333333333333,28,true,1429,69,129,114,65,3,2,0,0,2,1,true,862,237.17669452181988,1214.5333333333333,1715025.6038670547,1695110.8799495967,50.29199306262324,0
profile,tfl-numbat-2019-midweek,pm-peak,5,11.966666666666667,1,2,off,free-flow,1,0,940GZZLUEUS,0,3600,3122,1800,1795,230748c929bd6af8,359,359,0,0,230,129,7.666666666666667,76,103,10.266666666666667,26,true,1322,73,137,114,70,4,3,0,1,2,2,true,911,261.6426648096565,1033.05,1826922.2357723236,1686446.7292743537,51.9991567622916,0
profile,tfl-numbat-2019-midweek,pm-peak,5,11.966666666666667,1,3,off,free-flow,1,0,940GZZLUEUS,0,3600,3600,1800,1795,d94d85fd65c7879d,359,358,1,0,214,145,7.133333333333334,74,105,9.333333333333334,40,false,0,91,145,114,65,3,2,0,1,1,1,true,1046,305.90872794800373,1125.2666666666667,1863734.5792936343,1933197.633234473,49.08527397840231,0
profile,tfl-numbat-2019-midweek,pm-peak,4.615385,13.033333333333333,1,1,off,free-flow,1,0,940GZZLUEUS,0,3600,3215,1800,1798.6,b844ac8346e1443b,391,391,0,0,237,154,7.9,84,111,10.2,43,true,1415,102,155,114,66,4,2,0,0,2,1,true,862.4,307.19360613810744,905.7166666666667,1886213.1749762208,1809614.0043400025,51.03629264735249,0
profile,tfl-numbat-2019-midweek,pm-peak,4.615385,13.033333333333333,1,2,off,free-flow,1,0,940GZZLUEUS,0,3600,3403,1800,1798.6,a2527f46405d2d08,391,391,0,0,223,168,7.433333333333334,83,112,9.333333333333334,56,true,1603,116,169,114,66,7,4,0,0,2,2,true,1212.4,390.403452685422,1312.0166666666667,2005962.554726242,2024530.4083820202,49.769657783480426,0
profile,tfl-numbat-2019-midweek,pm-peak,4.615385,13.033333333333333,1,3,off,free-flow,1,0,940GZZLUEUS,0,3600,3470,1800,1798.6,6deb7e792c26e583,391,391,0,0,224,167,7.466666666666667,78,117,9.733333333333333,50,true,1670,112,167,114,72,4,2,0,1,1,2,true,977.4,368.2905797101449,1272.3666666666666,2025068.4701791443,1984447.263958651,50.506560005172645,0
profile,tfl-numbat-2019-midweek,pm-peak,4.2857140000000005,14,1,1,off,free-flow,1,0,940GZZLUEUS,0,3600,3600,1800,1799,f409929b4fc11402,420,419,1,0,242,178,8.066666666666666,90,120,10.133333333333333,58,false,0,126,179,114,72,5,3,0,1,2,1,true,1028,376.9174603174603,1182,2034801.7362056565,2061399.2464635796,49.67533929157217,0
profile,tfl-numbat-2019-midweek,pm-peak,4.2857140000000005,14,1,2,off,free-flow,1,0,940GZZLUEUS,0,3600,3566,1800,1799,d94723ccd810e119,420,420,0,0,231,189,7.7,82,128,9.933333333333334,61,true,1766,136,191,114,66,3,4,1,0,2,2,true,1327,431.81670634920636,1347.7166666666667,2153065.0310045835,2047945.395807373,51.251123236047086,0
profile,tfl-numbat-2019-midweek,pm-peak,4.2857140000000005,14,1,3,off,free-flow,1,0,940GZZLUEUS,0,3600,3600,1800,1799,353b1b896f065073,420,419,1,0,220,200,7.333333333333333,83,127,9.133333333333333,73,false,0,136,200,114,71,4,2,0,0,1,2,true,1271,444.43349206349205,1440.5166666666667,2168374.2185891136,2148548.202209907,50.22963137215166,0
profile,tfl-numbat-2019-midweek,pm-peak,4,14.966666666666667,1,1,off,free-flow,1,0,940GZZLUEUS,0,3600,3600,1800,1796,a8eb787e9f460846,449,445,4,0,237,212,7.9,88,136,9.933333333333334,76,false,0,154,214,114,68,4,3,0,1,2,2,true,1487,490.5779510022272,1527.6166666666666,2176227.8025631295,2294906.286585057,48.67283689489463,0
profile,tfl-numbat-2019-midweek,pm-peak,4,14.966666666666667,1,2,off,free-flow,1,0,940GZZLUEUS,0,3600,3600,1800,1796,58fb90118990c167,449,448,1,0,233,216,7.766666666666667,87,137,9.733333333333333,79,false,0,160,219,114,65,4,4,0,1,2,2,true,1481,508.2209725315516,1548.2833333333333,2290187.579390525,2209160.4333607596,50.90043208260543,0
profile,tfl-numbat-2019-midweek,pm-peak,4,14.966666666666667,1,3,off,free-flow,1,0,940GZZLUEUS,0,3600,3600,1800,1796,a145bdb7ecc3531e,449,446,3,0,227,222,7.566666666666666,92,132,9,90,false,0,168,223,114,68,3,2,0,1,2,1,true,1626,538.4762063845583,1693.25,2314888.5725360294,2264710.8618669277,50.54783951509116,0
profile,tfl-numbat-2019-midweek,evening,60,0.9666666666666667,1,1,off,free-flow,1,0,940GZZLUEUS,0,3600,2234,1800,1740,3eeae1ba9ba23568,29,29,0,0,22,7,0.7333333333333333,5,9,1.1333333333333333,-2,true,434,2,10,26,10,0,1,0,0,1,1,true,0,30.53793103448276,159.05,165136.236162488,50252.46251222868,76.66894186118802,0
profile,tfl-numbat-2019-midweek,evening,60,0.9666666666666667,1,2,off,free-flow,1,0,940GZZLUEUS,0,3600,2196,1800,1740,5cc10fa37241c278,29,29,0,0,23,6,0.7666666666666667,8,6,1,0,true,396,2,10,32,10,1,0,0,0,1,1,true,0,14.187356321839081,147.31666666666666,164504.04294131487,91700.53048217183,64.20808213653633,0
profile,tfl-numbat-2019-midweek,evening,60,0.9666666666666667,1,3,off,free-flow,1,0,940GZZLUEUS,0,3600,2171,1800,1740,c779019d55d17d00,29,29,0,0,22,7,0.7333333333333333,9,5,0.8666666666666667,2,true,371,2,8,28,7,1,1,0,0,1,1,true,43,21.172988505747128,114.95,141404.33027579024,60167.639535129725,70.15079051339896,0
profile,tfl-numbat-2019-midweek,evening,30,1.9666666666666666,1,1,off,free-flow,1,0,940GZZLUEUS,0,3600,2448,1800,1770,68545f5ecc1ebff5,59,59,0,0,48,11,1.6,14,15,2.2666666666666666,-4,true,648,4,19,49,18,1,1,0,0,1,1,true,77,45.503672316384176,259,304559.0266804244,141839.94291279835,68.2257458967594,0
profile,tfl-numbat-2019-midweek,evening,30,1.9666666666666666,1,2,off,free-flow,1,0,940GZZLUEUS,0,3600,2350,1800,1770,fc357df6b5d5694e,59,59,0,0,47,12,1.5666666666666667,16,13,2.066666666666667,-1,true,550,4,17,52,16,1,1,0,0,1,1,true,104,27.98983050847458,153.56666666666666,315272.4864231022,191718.12922132612,62.18507339082874,0
profile,tfl-numbat-2019-midweek,evening,30,1.9666666666666666,1,3,off,free-flow,1,0,940GZZLUEUS,0,3600,2676,1800,1770,4a24af1062605094,59,59,0,0,45,14,1.5,17,12,1.8666666666666667,2,true,876,4,17,52,16,1,1,0,0,1,1,true,148,58.62033898305084,213.58333333333334,296935.0271215302,191918.5950683062,60.74109173854531,0
profile,tfl-numbat-2019-midweek,evening,20,2.966666666666667,1,1,off,free-flow,1,0,940GZZLUEUS,0,3600,2407,1800,1780,4fbd0b1ddcda5daa,89,89,0,0,69,20,2.3,22,22,3.1333333333333333,-2,true,607,7,25,61,23,2,1,0,0,1,1,true,107,68.22378277153558,220.05,474273.82149575144,264304.3984022532,64.21443372121739,0
profile,tfl-numbat-2019-midweek,evening,20,2.966666666666667,1,2,off,free-flow,1,0,940GZZLUEUS,0,3600,2494,1800,1780,58312b729793399f,89,89,0,0,67,22,2.2333333333333334,24,20,2.8666666666666667,2,true,694,5,23,66,23,1,1,0,0,1,1,true,115,32.74756554307116,201.76666666666668,474723.8208045375,279945.7805796144,62.904855308049875,0
profile,tfl-numbat-2019-midweek,evening,20,2.966666666666667,1,3,off,free-flow,1,0,940GZZLUEUS,0,3600,2535,1800,1780,dbba58b1409deafa,89,89,0,0,69,20,2.3,23,21,3.066666666666667,-1,true,735,8,23,62,21,1,1,0,0,1,1,true,149,68.36797752808988,378.15,442909.6604784063,253475.04343130512,63.601290779619276,0
profile,tfl-numbat-2019-midweek,evening,15,3.966666666666667,1,1,off,free-flow,1,0,940GZZLUEUS,0,3600,2453,1800,1785,873015319cd46809,119,119,0,0,84,35,2.8,28,31,3.7333333333333334,4,true,653,11,36,73,28,1,1,0,0,1,1,true,249,90.89173669467786,325.46666666666664,643491.4419267493,335697.55560800555,65.71677618384489,0
profile,tfl-numbat-2019-midweek,evening,15,3.966666666666667,1,2,off,free-flow,1,0,940GZZLUEUS,0,3600,2541,1800,1785,7ee478a9b78eebf3,119,119,0,0,87,32,2.9,32,27,3.6666666666666665,5,true,741,8,35,75,29,1,2,0,0,2,1,true,206,58.36498599439776,285.2,651546.1412766466,344288.29114172625,65.42715536501123,0
profile,tfl-numbat-2019-midweek,evening,15,3.966666666666667,1,3,off,free-flow,1,0,940GZZLUEUS,0,3600,2674,1800,1785,3efe4dd7383dc66b,119,119,0,0,86,33,2.8666666666666667,30,29,3.7333333333333334,4,true,874,9,34,73,30,2,1,0,0,1,1,true,180,73.99411764705883,378.15,598277.055842489,358779.4245586306,62.512199446342,0
profile,tfl-numbat-2019-midweek,evening,12,4.966666666666667,1,1,off,free-flow,1,0,940GZZLUEUS,0,3600,2437,1800,1788,25b3fdeb13f94c9d,149,149,0,0,105,44,3.5,38,36,4.466666666666667,8,true,637,14,48,77,40,2,1,0,0,1,1,true,133,89.82897091722594,289.75,786301.3469187607,419695.095729706,65.19930897905293,0
profile,tfl-numbat-2019-midweek,evening,12,4.966666666666667,1,2,off,free-flow,1,0,940GZZLUEUS,0,3600,2578,1800,1788,735db4462c7d6518,149,149,0,0,105,44,3.5,39,35,4.4,9,true,778,15,45,79,35,1,2,0,0,2,1,true,182,75.16610738255034,247.86666666666667,815586.293566607,441535.8479399615,64.87725151266422,0
profile,tfl-numbat-2019-midweek,evening,12,4.966666666666667,1,3,off,free-flow,1,0,940GZZLUEUS,0,3600,2469,1800,1788,2fcc7c73295d9f40,149,149,0,0,110,39,3.6666666666666665,39,35,4.733333333333333,4,true,669,14,45,79,34,2,1,0,0,1,1,true,273,95.19955257270693,378.15,740240.2228050192,384055.1669664724,65.84036806870388,0
profile,tfl-numbat-2019-midweek,evening,10,5.966666666666667,1,1,off,free-flow,1,0,940GZZLUEUS,0,3600,2803,1800,1790,20f452e1bbe11c01,179,179,0,0,130,49,4.333333333333333,45,44,5.666666666666667,5,true,1003,19,57,82,48,2,3,0,0,1,1,true,192,105.98454376163873,341.71666666666664,949856.1825448113,599511.6972914074,61.306045833686646,0
profile,tfl-numbat-2019-midweek,evening,10,5.966666666666667,1,2,off,free-flow,1,0,940GZZLUEUS,0,3600,2748,1800,1790,2c882ff5d2d3fc38,179,179,0,0,125,54,4.166666666666667,45,44,5.333333333333333,10,true,948,17,58,85,47,1,1,0,0,2,2,true,231,89.61284916201117,321.6,961385.6944671385,543069.6711228931,63.90257341334238,0
profile,tfl-numbat-2019-midweek,evening,10,5.966666666666667,1,3,off,free-flow,1,0,940GZZLUEUS,0,3600,2514,1800,1790,422dc303f2c9a139,179,179,0,0,133,46,4.433333333333334,46,43,5.8,3,true,714,19,54,86,43,2,1,0,0,1,1,true,229,106.0979515828678,348.1666666666667,879509.6585110327,473309.5554537436,65.01309631265576,0
profile,tfl-numbat-2019-midweek,evening,8.571429,7,1,1,off,free-flow,1,0,940GZZLUEUS,0,3600,2716,1800,1799,8fa5bf61b989b665,210,210,0,0,146,64,4.866666666666666,49,56,6.466666666666667,8,true,916,23,69,89,52,2,3,0,0,1,1,true,327,132.68309523809523,359.5,1104820.490214075,735701.5077784475,60.02756236649792,0
profile,tfl-numbat-2019-midweek,evening,8.571429,7,1,2,off,free-flow,1,0,940GZZLUEUS,0,3600,2901,1800,1799,fa205d26eb72d298,210,210,0,0,145,65,4.833333333333333,55,50,6,15,true,1101,22,68,90,51,3,2,0,0,1,1,true,375,106.70650793650793,426.3833333333333,1186261.561651685,718022.4285021349,62.29436196414507,0
profile,tfl-numbat-2019-midweek,evening,8.571429,7,1,3,off,free-flow,1,0,940GZZLUEUS,0,3600,2671,1800,1799,17620ed2eaa95023,210,210,0,0,152,58,5.066666666666666,53,52,6.6,6,true,871,22,65,94,50,2,1,0,1,1,1,true,227,112.4054761904762,356.1,1037743.650622509,601498.8216426548,63.306293497173584,0
profile,tfl-numbat-2019-midweek,evening,7.5,7.966666666666667,1,1,off,free-flow,1,0,940GZZLUEUS,0,3600,2830,1800,1792.5,587d4087c93cef8a,239,239,0,0,160,79,5.333333333333333,55,64,7,15,true,1030,29,82,99,57,3,3,0,0,2,1,true,567.5,154.2676429567643,634.55,1273076.8952960758,888918.4216529819,58.884350271979464,0
profile,tfl-numbat-2019-midweek,evening,7.5,7.966666666666667,1,2,off,free-flow,1,0,940GZZLUEUS,0,3600,2705,1800,1792.5,2f9a395554770741,239,239,0,0,167,72,5.566666666666666,60,59,7.133333333333334,13,true,905,28,77,99,55,2,2,0,0,1,2,true,298.5,117.78284518828451,430.6333333333333,1340855.7480175288,768478.3137569517,63.567728427498665,0
profile,tfl-numbat-2019-midweek,evening,7.5,7.966666666666667,1,3,off,free-flow,1,0,940GZZLUEUS,0,3600,2485,1800,1792.5,3f9e14e4a9ea6f4c,239,239,0,0,171,68,5.7,56,63,7.666666666666667,5,true,685,30,74,99,58,2,2,0,0,2,1,true,312.5,120.44839609483961,383.95,1203863.3677996171,691520.2808203225,63.51555099022671,0
profile,tfl-numbat-2019-midweek,evening,6.666667,8.966666666666667,1,1,off,free-flow,1,0,940GZZLUEUS,0,3600,2692,1800,1793.3333333333333,6b585277ba4a284f,269,269,0,0,181,88,6.033333333333333,61,73,8,15,true,892,35,90,106,62,3,4,0,0,1,1,true,374.6666666666667,160.6941140024783,509.8666666666667,1427065.7546668851,984711.2278004716,59.17071789975093,0
profile,tfl-numbat-2019-midweek,evening,6.666667,8.966666666666667,1,2,off,free-flow,1,0,940GZZLUEUS,0,3600,2587,1800,1793.3333333333333,550d0bff2169bd1a,269,269,0,0,180,89,6,63,71,7.8,18,true,787,31,91,106,69,2,2,0,0,2,2,true,448.6666666666667,133.7817843866171,555.45,1492818.2559563702,865543.8065483818,63.2989429269774,0
profile,tfl-numbat-2019-midweek,evening,6.666667,8.966666666666667,1,3,off,free-flow,1,0,940GZZLUEUS,0,3600,2940,1800,1793.3333333333333,1a7011d452329f9f,269,269,0,0,191,78,6.366666666666666,62,72,8.6,6,true,1140,35,84,106,61,2,2,0,0,2,1,true,278.6666666666667,140.72187112763322,467.75,1387108.4455356004,988612.6396182409,58.386839019268855,0
profile,tfl-numbat-2019-midweek,evening,6,9.966666666666667,1,1,off,free-flow,1,0,940GZZLUEUS,0,3600,3125,1800,1794,dbe77387ac8e7ea1,299,299,0,0,195,104,6.5,64,85,8.733333333333333,19,true,1325,52,107,114,67,5,3,0,1,2,1,true,752,206.652508361204,895.1833333333333,1620292.2590313037,1417045.258423586,53.34580861428313,0
profile,tfl-numbat-2019-midweek,evening,6,9.966666666666667,1,2,off,free-flow,1,0,940GZZLUEUS,0,3600,2960,1800,1794,94fb12000179d5a1,299,299,0,0,194,105,6.466666666666667,68,81,8.4,24,true,1160,40,107,114,74,3,4,0,0,2,2,true,605,166.068115942029,902.6333333333333,1665614.9117104695,1297441.8732277204,56.21272329903102,0
profile,tfl-numbat-2019-midweek,evening,6,9.966666666666667,1,3,off,free-flow,1,0,940GZZLUEUS,0,3600,2945,1800,1794,644175ba2387c632,299,299,0,0,202,97,6.733333333333333,68,81,8.933333333333334,16,true,1145,39,97,113,70,2,2,0,0,1,1,true,319,153.64286510590858,494.68333333333334,1530433.3745445276,1175368.8159339444,56.56116991589463,0
profile,tfl-numbat-2019-midweek,evening,5.4545449999999995,11,1,1,off,free-flow,1,0,940GZZLUEUS,0,3600,3189,1800,1798.5,1b439c7c84b85436,330,330,0,0,204,126,6.8,68,97,9.066666666666666,29,true,1389,71,128,114,74,2,3,0,1,1,1,true,720.5,262.0139898989899,1148.4666666666667,1809347.1413908056,1660540.7982104942,52.14425286595004,0
profile,tfl-numbat-2019-midweek,evening,5.4545449999999995,11,1,2,off,free-flow,1,0,940GZZLUEUS,0,3600,3254,1800,1798.5,3445851c09ebc1ba,330,330,0,0,206,124,6.866666666666666,73,92,8.866666666666667,32,true,1454,59,124,114,78,3,2,0,0,2,1,true,753.5,222.32636363636362,894.5333333333333,1821577.4870072796,1562193.3151069104,53.83276804295234,0
profile,tfl-numbat-2019-midweek,evening,5.4545449999999995,11,1,3,off,free-flow,1,0,940GZZLUEUS,0,3600,3353,1800,1798.5,8ed279d12330b0cd,330,330,0,0,212,118,7.066666666666666,76,89,9.066666666666666,29,true,1553,62,121,114,66,3,2,0,0,1,1,true,973.5,212.39540404040406,984.0833333333334,1693031.627634114,1652022.957823189,50.61297459822048,0
profile,tfl-numbat-2019-midweek,evening,5,11.966666666666667,1,1,off,free-flow,1,0,940GZZLUEUS,0,3600,3390,1800,1795,a190a3a06673b595,359,359,0,0,211,148,7.033333333333333,77,102,8.933333333333334,46,true,1590,93,150,114,74,3,4,0,1,1,1,true,949,321.0059424326834,1114.4,1984296.9723924089,1807995.626860858,52.324469182128325,0
profile,tfl-numbat-2019-midweek,evening,5,11.966666666666667,1,2,off,free-flow,1,0,940GZZLUEUS,0,3600,3290,1800,1795,140deb2d9657264b,359,359,0,0,207,152,6.9,74,105,8.866666666666667,47,true,1490,91,153,114,68,3,4,0,1,2,1,true,944,328.52418755803154,1103.0166666666667,1981720.0159330717,1804670.8106183747,52.33796791489627,0
profile,tfl-numbat-2019-midweek,evening,5,11.966666666666667,1,3,off,free-flow,1,0,940GZZLUEUS,0,3600,3254,1800,1795,3de16aff2dc2b065,359,359,0,0,216,143,7.2,75,104,9.4,39,true,1454,84,143,114,67,4,2,0,0,1,1,true,745,281.82298050139275,993.7833333333333,1872273.21890288,1827569.15328832,50.60413473220596,0
profile,tfl-numbat-2019-midweek,evening,4.615385,13.033333333333333,1,1,off,free-flow,1,0,940GZZLUEUS,0,3600,3600,1800,1798.6,e963afde427cc29f,391,390,1,0,218,173,7.266666666666667,82,113,9.066666666666666,60,false,0,119,175,114,75,3,4,0,1,1,2,true,1525.4,397.437084398977,1542.8166666666666,2142247.1331891846,1945771.0120546108,52.40307300694303,0
profile,tfl-numbat-2019-midweek,evening,4.615385,13.033333333333333,1,2,off,free-flow,1,0,940GZZLUEUS,0,3600,3354,1800,1798.6,5c39f262c2e4a004,391,391,0,0,209,182,6.966666666666667,81,114,8.533333333333333,68,true,1554,120,183,114,66,3,4,0,0,2,2,true,1127.4,415.57220801364025,1206.0833333333333,2159829.8165629986,1972974.9108813314,52.2606307097071,0
profile,tfl-numbat-2019-midweek,evening,4.615385,13.033333333333333,1,3,off,free-flow,1,0,940GZZLUEUS,0,3600,3600,1800,1798.6,a6a90c310b40c11b,391,390,1,0,220,171,7.333333333333333,84,111,9.066666666666666,60,false,0,114,171,114,67,5,2,0,0,1,1,true,1269.4,359.88179880647914,1337.7833333333333,2034602.912758888,1959071.9864113028,50.94563188359772,0
profile,tfl-numbat-2019-midweek,evening,4.2857140000000005,14,1,1,off,free-flow,1,0,940GZZLUEUS,0,3600,3600,1800,1799,e5a5471b5e211a7c,420,419,1,0,221,199,7.366666666666666,83,127,9.2,72,false,0,140,200,114,72,3,5,0,0,2,1,true,1460,486.23650793650796,1532.2333333333333,2272922.6459906497,2161239.6413069125,51.25934728419473,0
profile,tfl-numbat-2019-midweek,evening,4.2857140000000005,14,1,2,off,free-flow,1,0,940GZZLUEUS,0,3600,3600,1800,1799,3cfb7a1e8de1cdca,420,417,3,0,212,208,7.066666666666666,83,127,8.6,81,false,0,144,209,114,65,4,5,0,1,2,2,true,1368,504.9035714285714,1476.2833333333333,2309768.0526614045,2177431.0060882093,51.474606372934915,0
profile,tfl-numbat-2019-midweek,evening,4.2857140000000005,14,1,3,off,free-flow,1,0,940GZZLUEUS,0,3600,3600,1800,1799,8d1eb005ae7b2be2,420,419,1,0,220,200,7.333333333333333,85,125,9,75,false,0,139,200,114,73,3,2,0,1,2,1,true,1288,436.7088492063492,1334.6,2179032.466156026,2142747.952276983,50.41978664307289,0
profile,tfl-numbat-2019-midweek,evening,4,14.966666666666667,1,1,off,free-flow,1,0,940GZZLUEUS,0,3600,3600,1800,1796,9acce1466eaaacf4,449,444,5,0,218,231,7.266666666666667,83,141,9,90,false,0,171,232,114,71,3,6,0,1,2,2,true,1695,576.4429472902747,1734.4,2432337.400929322,2250458.9657163643,51.9419853114736,0
profile,tfl-numbat-2019-midweek,evening,4,14.966666666666667,1,2,off,free-flow,1,0,940GZZLUEUS,0,3600,3600,1800,1796,120f96969b81f894,449,438,11,0,211,238,7.033333333333333,82,142,8.6,96,false,0,173,239,114,68,4,5,0,0,2,1,true,1635,599.340868596882,1670.9,2453154.944167057,2269575.2014534753,51.94357645951694,0
profile,tfl-numbat-2019-midweek,evening,4,14.966666666666667,1,3,off,free-flow,1,0,940GZZLUEUS,0,3600,3600,1800,1796,e59e69d0a95354cc,449,445,4,0,224,225,7.466666666666667,86,138,9.2,87,false,0,171,229,114,66,3,2,0,0,2,1,true,1525,549.3425760950261,1564.3333333333333,2328928.04351816,2351775.510612211,49.75593981941144,0
profile,tfl-numbat-2019-midweek,late,60,0.9666666666666667,1,1,off,free-flow,1,0,940GZZLUEUS,0,3600,2371,1800,1740,3f43491072734442,29,29,0,0,24,5,0.8,5,9,1.2666666666666666,-4,true,571,3,10,30,10,0,0,0,0,1,1,true,0,34.45689655172414,132.78333333333333,160686.4164555537,63015.42533009255,71.83061845754732,0
profile,tfl-numbat-2019-midweek,late,60,0.9666666666666667,1,2,off,free-flow,1,0,940GZZLUEUS,0,3600,2418,1800,1740,9611b15078e17182,29,29,0,0,24,5,0.8,8,6,1.0666666666666667,-1,true,618,3,11,31,10,0,0,0,0,1,1,true,90,34.70632183908046,165.63333333333333,167363.4435389598,80401.03925951447,67.54940887757881,0
profile,tfl-numbat-2019-midweek,late,60,0.9666666666666667,1,3,off,free-flow,1,0,940GZZLUEUS,0,3600,2128,1800,1740,f9d41282ed87e336,29,29,0,0,21,8,0.7,7,7,0.9333333333333333,1,true,328,3,10,27,9,1,1,0,1,2,1,true,63,30.351724137931036,148.31666666666666,174483.97564089455,84944.17009724939,67.25714942934968,0
profile,tfl-numbat-2019-midweek,late,30,1.9666666666666666,1,1,off,free-flow,1,0,940GZZLUEUS,0,3600,2457,1800,1770,7b78c0c6c5b6751f,59,59,0,0,45,14,1.5,14,15,2.066666666666667,-1,true,657,5,18,48,16,1,0,0,0,1,1,true,120,62.79519774011299,188.9,309026.19189218833,146803.6515924933,67.79419915330166,0
profile,tfl-numbat-2019-midweek,late,30,1.9666666666666666,1,2,off,free-flow,1,0,940GZZLUEUS,0,3600,2507,1800,1770,dcdfc76528b14094,59,59,0,0,43,16,1.4333333333333333,14,15,1.9333333333333333,1,true,707,6,19,53,17,0,1,0,0,1,1,true,84,73.11751412429379,237,327396.12723316,201364.066218295,61.91769563743039,0
profile,tfl-numbat-2019-midweek,late,30,1.9666666666666666,1,3,off,free-flow,1,0,940GZZLUEUS,0,3600,2443,1800,1770,ce3fa968a97b9b41,59,59,0,0,45,14,1.5,12,17,2.2,-3,true,643,4,19,51,17,1,1,0,0,2,1,true,121,48.5223163841808,178.15,337569.0634829761,168979.21064951437,66.64104503388023,0
profile,tfl-numbat-2019-midweek,late,20,2.966666666666667,1,1,off,free-flow,1,0,940GZZLUEUS,0,3600,2420,1800,1780,696ec036853324f3,89,89,0,0,67,22,2.2333333333333334,20,24,3.1333333333333333,-2,true,620,8,27,61,23,1,1,0,0,1,1,true,208,74.46086142322096,214.9,470917.4780462201,244061.43569666165,65.86452677058527,0
profile,tfl-numbat-2019-midweek,late,20,2.966666666666667,1,2,off,free-flow,1,0,940GZZLUEUS,0,3600,2433,1800,1780,a00e982a26c3858a,89,89,0,0,64,25,2.1333333333333333,20,24,2.933333333333333,1,true,633,9,28,65,24,1,1,0,0,1,1,true,111,82.3934456928839,278,511754.4051347901,277386.0122409763,64.84960013030317,0
profile,tfl-numbat-2019-midweek,late,20,2.966666666666667,1,3,off,free-flow,1,0,940GZZLUEUS,0,3600,2757,1800,1780,0c012ee02aa5d7cd,89,89,0,0,65,24,2.1666666666666665,20,24,3,0,true,957,10,29,64,24,1,2,0,0,2,1,true,214,85.8756554307116,333.8666666666667,479808.6708539338,302307.1322420345,61.34752282905344,0
profile,tfl-numbat-2019-midweek,late,15,3.966666666666667,1,1,off,free-flow,1,0,940GZZLUEUS,0,3600,2620,1800,1785,1908eda44fdc9049,119,119,0,0,87,32,2.9,29,30,3.8666666666666667,2,true,820,11,36,68,30,1,1,0,0,2,1,true,209,95.36624649859944,277.46666666666664,625398.3355880553,353833.1248796674,63.86624213332958,0
profile,tfl-numbat-2019-midweek,late,15,3.966666666666667,1,2,off,free-flow,1,0,940GZZLUEUS,0,3600,2653,1800,1785,c990a351ec0e59e2,119,119,0,0,80,39,2.6666666666666665,25,34,3.6666666666666665,5,true,853,11,42,76,34,1,2,0,0,1,1,true,160,96.31106442577031,271.01666666666665,688120.5338539603,368653.6414357142,65.11519205750255,0
profile,tfl-numbat-2019-midweek,late,15,3.966666666666667,1,3,off,free-flow,1,0,940GZZLUEUS,0,3600,2500,1800,1785,3252cce4e219d7d2,119,119,0,0,87,32,2.9,27,32,4,0,true,700,12,36,74,31,2,3,0,0,1,2,true,77,86.40378151260505,307.05,640953.4103093601,329682.71964990767,66.03436555944577,0
profile,tfl-numbat-2019-midweek,late,12,4.966666666666667,1,1,off,free-flow,1,0,940GZZLUEUS,0,3600,2777,1800,1788,f319e0476eefe869,149,149,0,0,107,42,3.566666666666667,37,37,4.666666666666667,5,true,977,16,46,78,37,1,2,0,0,2,1,true,240,114.27829977628635,332.06666666666666,818908.3093743415,470569.63928773074,63.50696498718872,0
profile,tfl-numbat-2019-midweek,late,12,4.966666666666667,1,2,off,free-flow,1,0,940GZZLUEUS,0,3600,2599,1800,1788,25b0287529ffabe9,149,149,0,0,101,48,3.3666666666666667,35,39,4.4,9,true,799,15,50,80,40,1,2,0,0,1,1,true,263,109.66800894854586,355.65,879522.7337399137,440496.854199581,66.62952139314982,0
profile,tfl-numbat-2019-midweek,late,12,4.966666666666667,1,3,off,free-flow,1,0,940GZZLUEUS,0,3600,2578,1800,1788,04c7ef6a02d9c80e,149,149,0,0,106,43,3.533333333333333,36,38,4.666666666666667,5,true,778,16,46,79,37,1,2,0,0,2,1,true,222,94.31140939597316,287.1333333333333,811738.7603437786,429303.96712540585,65.40780122849834,0
profile,tfl-numbat-2019-midweek,late,10,5.966666666666667,1,1,off,free-flow,1,0,940GZZLUEUS,0,3600,2586,1800,1790,6ce0ab44737101c7,179,179,0,0,117,62,3.9,44,45,4.866666666666666,17,true,786,20,62,83,45,2,2,0,0,1,1,true,318,127.3915270018622,377.8333333333333,993061.6920804753,479067.93118893553,67.45748991009452,0
profile,tfl-numbat-2019-midweek,late,10,5.966666666666667,1,2,off,free-flow,1,0,940GZZLUEUS,0,3600,2735,1800,1790,a6ba80452bf89cc8,179,179,0,0,120,59,4,41,48,5.266666666666667,11,true,935,21,61,86,46,1,2,0,1,2,1,true,300,126.87960893854749,378.85,1049508.9116766632,576952.0434187772,64.52715070649072,0
profile,tfl-numbat-2019-midweek,late,10,5.966666666666667,1,3,off,free-flow,1,0,940GZZLUEUS,0,3600,2566,1800,1790,6b141e3b4a5792f4,179,179,0,0,126,53,4.2,42,47,5.6,6,true,766,17,56,85,45,2,2,0,0,1,1,true,345,108.49627560521415,344.6,945934.4269554468,517383.6718843114,64.64311674306929,0
profile,tfl-numbat-2019-midweek,late,8.571429,7,1,1,off,free-flow,1,0,940GZZLUEUS,0,3600,2936,1800,1799,ff106fd3f52d9cd6,210,210,0,0,135,75,4.5,46,59,5.933333333333334,16,true,1136,28,78,95,54,2,2,0,0,2,1,true,398,159.11761904761903,489.96666666666664,1157640.6187644117,765144.8725403933,60.20643613130423,0
profile,tfl-numbat-2019-midweek,late,8.571429,7,1,2,off,free-flow,1,0,940GZZLUEUS,0,3600,2762,1800,1799,1a27ca72858d2a15,210,210,0,0,136,74,4.533333333333333,46,59,6,15,true,962,28,76,93,54,2,2,0,0,2,1,true,471,154.65031746031747,505.76666666666665,1229023.9747076945,727206.4073187009,62.82613673725835,0
profile,tfl-numbat-2019-midweek,late,8.571429,7,1,3,off,free-flow,1,0,940GZZLUEUS,0,3600,2622,1800,1799,a7d9d942eff35942,210,210,0,0,147,63,4.9,46,59,6.733333333333333,4,true,822,23,67,91,51,2,3,0,0,1,1,true,235,128.92563492063493,378.35,1107924.2113262839,614435.634267902,64.32594293000764,0
profile,tfl-numbat-2019-midweek,late,7.5,7.966666666666667,1,1,off,free-flow,1,0,940GZZLUEUS,0,3600,2787,1800,1792.5,4c95945b07ad4db4,239,239,0,0,156,83,5.2,51,68,7,15,true,987,35,90,103,58,2,2,0,1,2,2,true,441.5,180.82022315202232,530.5166666666667,1332250.3204379606,938512.4581509121,58.66972688648109,0
profile,tfl-numbat-2019-midweek,late,7.5,7.966666666666667,1,2,off,free-flow,1,0,940GZZLUEUS,0,3600,2735,1800,1792.5,bc66ba7eac15925a,239,239,0,0,149,90,4.966666666666667,50,69,6.6,21,true,935,35,93,106,61,2,3,0,0,2,1,true,468.5,180.86248256624825,550.7333333333333,1362902.744105059,1016514.6916018669,57.27884160435851,0
profile,tfl-numbat-2019-midweek,late,7.5,7.966666666666667,1,3,off,free-flow,1,0,940GZZLUEUS,0,3600,2729,1800,1792.5,0ae3f856fd211af2,239,239,0,0,164,75,5.466666666666667,49,70,7.666666666666667,5,true,929,30,79,97,57,1,3,0,0,1,1,true,362.5,146.44295676429567,421.76666666666665,1267723.8986365441,776573.1088604567,62.012706274452825,0
profile,tfl-numbat-2019-midweek,late,6.666667,8.966666666666667,1,1,off,free-flow,1,0,940GZZLUEUS,0,3600,3311,1800,1793.3333333333333,cde8843fbd18461c,269,269,0,0,172,97,5.733333333333333,59,75,7.533333333333333,22,true,1511,39,104,114,68,3,2,0,0,2,2,true,727.6666666666666,198.5787484510533,740.3,1513261.4357446101,1327768.577397243,53.26453535318752,0
profile,tfl-numbat-2019-midweek,late,6.666667,8.966666666666667,1,2,off,free-flow,1,0,940GZZLUEUS,0,3600,2805,1800,1793.3333333333333,83a165183527ecc2,269,269,0,0,167,102,5.566666666666666,54,80,7.533333333333333,22,true,1005,45,106,114,65,3,3,1,1,2,1,true,425.6666666666667,206.29157372986367,683.0166666666667,1524602.2297548149,1236527.000191091,55.21661982422618,0
profile,tfl-numbat-2019-midweek,late,6.666667,8.966666666666667,1,3,off,free-flow,1,0,940GZZLUEUS,0,3600,2762,1800,1793.3333333333333,83299e1e302850ba,269,269,0,0,182,87,6.066666666666666,58,76,8.266666666666667,11,true,962,36,90,106,61,2,3,0,0,2,1,true,312.6666666666667,167.15458488228006,495.6666666666667,1442608.5386990763,971448.6951168163,59.758671770128224,0
profile,tfl-numbat-2019-midweek,late,6,9.966666666666667,1,1,off,free-flow,1,0,940GZZLUEUS,0,3600,2972,1800,1794,98fed7f7e0b5d5be,299,299,0,0,179,120,5.966666666666667,62,87,7.8,33,true,1172,57,120,114,67,3,2,0,1,1,1,true,701,245.2623188405797,814.7666666666667,1666448.1532371365,1429112.0169382289,53.83349253853242,0
profile,tfl-numbat-2019-midweek,late,6,9.966666666666667,1,2,off,free-flow,1,0,940GZZLUEUS,0,3600,3344,1800,1794,37d7a79f46029bb5,299,299,0,0,180,119,6,56,93,8.266666666666667,26,true,1544,64,123,114,66,3,3,0,0,2,1,true,868,265.0530657748049,1029.2833333333333,1684663.3023961766,1661825.7664087112,50.34121635418372,0
profile,tfl-numbat-2019-midweek,late,6,9.966666666666667,1,3,off,free-flow,1,0,940GZZLUEUS,0,3600,3012,1800,1794,fc6ee2bcadca4be9,299,299,0,0,197,102,6.566666666666666,62,87,9,15,true,1212,48,109,114,65,3,2,0,0,2,1,true,693,216.13678929765885,853.6833333333333,1583249.0292707104,1452617.315964145,52.15147339262164,0
profile,tfl-numbat-2019-midweek,late,5.4545449999999995,11,1,1,off,free-flow,1,0,940GZZLUEUS,0,3600,3270,1800,1798.5,a742cd2d2261b9db,330,330,0,0,188,142,6.266666666666667,67,98,8.066666666666666,44,true,1470,80,142,114,69,2,3,0,0,2,2,true,942.5,308.77555555555557,965.5166666666667,1833212.0009976628,1757236.2475040026,51.05802602119896,0
profile,tfl-numbat-2019-midweek,late,5.4545449999999995,11,1,2,off,free-flow,1,0,940GZZLUEUS,0,3600,3374,1800,1798.5,be1a4b815253bd7f,330,330,0,0,190,140,6.333333333333333,60,105,8.666666666666666,35,true,1574,81,140,114,69,2,3,0,1,1,2,true,829.5,301.7125757575758,912.4,1863341.5776911834,1720293.647218116,51.99584948655995,0
profile,tfl-numbat-2019-midweek,late,5.4545449999999995,11,1,3,off,free-flow,1,0,940GZZLUEUS,0,3600,3164,1800,1798.5,aeaa655b97568ddc,330,330,0,0,203,127,6.766666666666667,66,99,9.133333333333333,28,true,1364,68,128,114,64,3,4,0,1,2,1,true,851.5,281.44252525252523,975.65,1751182.221772993,1688991.22261412,50.90389336706761,0
profile,tfl-numbat-2019-midweek,late,5,11.966666666666667,1,1,off,free-flow,1,0,940GZZLUEUS,0,3600,3487,1800,1795,c4d654bacd1c393f,359,359,0,0,195,164,6.5,66,113,8.6,51,true,1687,107,165,114,69,2,2,0,0,1,1,true,1160,395.41810584958216,1286.65,1999191.8998875273,2002631.4733433924,49.95702492170353,0
profile,tfl-numbat-2019-midweek,late,5,11.966666666666667,1,2,off,free-flow,1,0,940GZZLUEUS,0,3600,3557,1800,1795,9df3d2223b4cc3f6,359,359,0,0,188,171,6.266666666666667,61,118,8.466666666666667,53,true,1757,113,172,114,67,3,3,1,0,1,2,true,1239,407.29442896935933,1243.9166666666667,2012151.3402821498,1979506.2179052462,50.40891687101195,0
profile,tfl-numbat-2019-midweek,late,5,11.966666666666667,1,3,off,free-flow,1,0,940GZZLUEUS,0,3600,3276,1800,1795,fb2a73a1032500d7,359,359,0,0,207,152,6.9,68,111,9.266666666666667,41,true,1476,96,155,114,65,3,4,0,0,2,1,true,867,365.70821727019495,1043.7,1899107.1946341868,1808978.161772683,51.215304182598956,0
profile,tfl-numbat-2019-midweek,late,4.615385,13.033333333333333,1,1,off,free-flow,1,0,940GZZLUEUS,0,3600,3581,1800,1798.6,5901994003b35650,391,391,0,0,201,190,6.7,69,126,8.8,64,true,1781,137,191,114,68,2,2,0,1,1,1,true,1183.4,479.811167945439,1355.1166666666666,2172937.0597410686,2181214.284762141,49.90495019159679,0
profile,tfl-numbat-2019-midweek,late,4.615385,13.033333333333333,1,2,off,free-flow,1,0,940GZZLUEUS,0,3600,3600,1800,1798.6,fe98d1722db6b27e,391,389,2,0,193,198,6.433333333333334,67,128,8.4,70,false,0,141,199,114,68,4,4,0,0,2,2,true,1470.4,503.59650468883206,1506.9833333333333,2175976.6370460214,2214976.5096006924,49.555906528125284,0
profile,tfl-numbat-2019-midweek,late,4.615385,13.033333333333333,1,3,off,free-flow,1,0,940GZZLUEUS,0,3600,3435,1800,1798.6,882b92859d36cd3a,391,391,0,0,211,180,7.033333333333333,74,121,9.133333333333333,59,true,1635,115,180,114,72,3,3,0,0,2,2,true,1270.4,415.48043478260865,1288,2034822.1830464206,2008210.4650605698,50.32910590022456,0
profile,tfl-numbat-2019-midweek,late,4.2857140000000005,14,1,1,off,free-flow,1,0,940GZZLUEUS,0,3600,3600,1800,1799,1619796da1e5bece,420,413,7,0,204,216,6.8,73,137,8.733333333333333,79,false,0,160,216,114,70,2,3,0,0,1,2,true,1532,555.8428968253969,1561.0333333333333,2321424.50140492,2268852.613879764,50.57264394071223,0
profile,tfl-numbat-2019-midweek,late,4.2857140000000005,14,1,2,off,free-flow,1,0,940GZZLUEUS,0,3600,3600,1800,1799,c6732daafdeff25c,420,416,4,0,205,215,6.833333333333333,69,141,9.066666666666666,74,false,0,163,216,114,71,3,3,0,1,2,1,true,1320,570.4821428571429,1503.2666666666667,2363519.759427483,2247912.855616137,51.25348143908911,0
profile,tfl-numbat-2019-midweek,late,4.2857140000000005,14,1,3,off,free-flow,1,0,940GZZLUEUS,0,3600,3600,1800,1799,5d715f71ce359391,420,417,3,0,208,212,6.933333333333334,79,131,8.6,81,false,0,151,212,114,67,3,3,0,0,2,1,true,1504,512.5932142857142,1503.7666666666667,2193446.3585616043,2159988.228199643,50.384272804554215,0
profile,tfl-numbat-2019-midweek,late,4,14.966666666666667,1,1,off,free-flow,1,0,940GZZLUEUS,0,3600,3600,1800,1796,e9538827e0405203,449,438,11,0,202,247,6.733333333333333,76,148,8.4,99,false,0,194,248,114,67,4,3,0,0,1,1,true,1702,661.579138827023,1808.7,2475043.473226005,2290888.1051646867,51.93199760668304,0
profile,tfl-numbat-2019-midweek,late,4,14.966666666666667,1,2,off,free-flow,1,0,940GZZLUEUS,0,3600,3600,1800,1796,6622936b54de5f60,449,436,13,0,201,248,6.7,70,154,8.733333333333333,94,false,0,199,249,114,71,4,3,0,1,1,2,false,0,685.7392724573126,1812,2494432.0251633604,2339243.5694304104,51.60528414346342,0
profile,tfl-numbat-2019-midweek,late,4,14.966666666666667,1,3,off,free-flow,1,0,940GZZLUEUS,0,3600,3600,1800,1796,a42f9a1146943fd9,449,445,4,0,217,232,7.233333333333333,76,148,9.4,84,false,0,174,233,114,66,3,3,0,1,1,2,true,1521,590.2843726800297,1536.65,2343113.5825835844,2297506.031830593,50.491395056506356,0
profile,tfl-numbat-2019-midweek,night,60,0.9666666666666667,1,1,off,free-flow,1,0,940GZZLUEUS,0,3600,2175,1800,1740,ca2265641b46fb7e,29,29,0,0,21,8,0.7,9,5,0.8,3,true,375,2,8,26,8,0,1,0,0,2,1,true,99,25.56551724137931,145.25,146171.31758214463,93598.45332630868,60.96319691524183,0
profile,tfl-numbat-2019-midweek,night,60,0.9666666666666667,1,2,off,free-flow,1,0,940GZZLUEUS,0,3600,2650,1800,1740,c81386e7d7872707,29,29,0,0,22,7,0.7333333333333333,10,4,0.8,3,true,850,2,9,28,8,1,0,0,0,1,1,true,19,14.87471264367816,138.76666666666668,141310.63721112674,127022.55190374861,52.66237757515365,0
profile,tfl-numbat-2019-midweek,night,60,0.9666666666666667,1,3,off,free-flow,1,0,940GZZLUEUS,0,3600,2710,1800,1740,59d46cdde352f10e,29,29,0,0,23,6,0.7666666666666667,8,6,1,0,true,910,2,10,30,10,1,1,0,0,2,1,true,45,15.348275862068965,154.36666666666667,171209.01493918337,129409.78520013056,56.95219821908711,0
profile,tfl-numbat-2019-midweek,night,30,1.9666666666666666,1,1,off,free-flow,1,0,940GZZLUEUS,0,3600,2685,1800,1770,175bf1e8ac6f44d7,59,59,0,0,43,16,1.4333333333333333,16,13,1.8,3,true,885,5,17,44,16,1,1,0,0,1,1,true,0,44.14915254237288,181.9,335300.8943422757,264108.1657591538,55.93857628470572,0
profile,tfl-numbat-2019-midweek,night,30,1.9666666666666666,1,2,off,free-flow,1,0,940GZZLUEUS,0,3600,2952,1800,1770,332bbea8045ea8af,59,59,0,0,43,16,1.4333333333333333,17,12,1.7333333333333334,4,true,1152,4,18,47,18,1,0,0,0,1,1,true,212,34.79491525423729,211.9,327173.2566705079,296822.30974023486,52.43198418098172,0
profile,tfl-numbat-2019-midweek,night,30,1.9666666666666666,1,3,off,free-flow,1,0,940GZZLUEUS,0,3600,2684,1800,1770,a1a4f419a9f155b7,59,59,0,0,41,18,1.3666666666666667,14,15,1.8,3,true,884,3,18,51,16,1,2,0,0,1,1,true,108,39.9271186440678,167.66666666666666,336987.80206228973,317668.1116599014,51.475560672211905,0
profile,tfl-numbat-2019-midweek,night,20,2.966666666666667,1,1,off,free-flow,1,0,940GZZLUEUS,0,3600,2815,1800,1780,8c76375d5400f0a2,89,89,0,0,67,22,2.2333333333333334,24,20,2.8666666666666667,2,true,1015,7,26,53,25,2,1,0,0,1,1,true,95,48.28389513108615,239.65,485432.7595450977,374618.71894584456,56.442291151785994,0
profile,tfl-numbat-2019-midweek,night,20,2.966666666666667,1,2,off,free-flow,1,0,940GZZLUEUS,0,3600,3020,1800,1780,afec5a831dfb0ad9,89,89,0,0,64,25,2.1333333333333333,24,20,2.6666666666666665,5,true,1220,8,27,59,24,1,1,0,0,2,1,true,258,66.11498127340823,342.15,526667.7656381509,450176.48007047246,53.91522424909152,0
profile,tfl-numbat-2019-midweek,night,20,2.966666666666667,1,3,off,free-flow,1,0,940GZZLUEUS,0,3600,2768,1800,1780,094cd0a41dfbd30a,89,89,0,0,64,25,2.1333333333333333,22,22,2.8,3,true,968,7,29,62,27,2,2,0,0,1,2,true,106,64.6069288389513,337.76666666666665,549785.2470806082,486228.6151851403,53.06736397119583,0
profile,tfl-numbat-2019-midweek,night,15,3.966666666666667,1,1,off,free-flow,1,0,940GZZLUEUS,0,3600,3164,1800,1785,f9e1bd3d2523c995,119,119,0,0,84,35,2.8,31,28,3.533333333333333,7,true,1364,9,35,61,31,2,1,0,0,1,1,true,410,72.95658263305322,424.26666666666665,685157.4478811192,535004.1881552355,56.153006916921704,0
profile,tfl-numbat-2019-midweek,night,15,3.966666666666667,1,2,off,free-flow,1,0,940GZZLUEUS,0,3600,2812,1800,1785,690a196e2f9a4ff9,119,119,0,0,76,43,2.533333333333333,29,30,3.1333333333333333,13,true,1012,14,44,75,34,2,2,0,0,2,1,true,183,99.91008403361344,399.78333333333336,724324.3256748589,601804.7327714936,54.61944454512237,0
profile,tfl-numbat-2019-midweek,night,15,3.966666666666667,1,3,off,free-flow,1,0,940GZZLUEUS,0,3600,3241,1800,1785,db99ebd72e363b57,119,119,0,0,82,37,2.7333333333333334,30,29,3.466666666666667,8,true,1441,11,38,74,33,2,1,0,0,2,1,true,481,87.37633053221289,555.4166666666666,732596.8209535162,628447.7929077523,53.8260695860033,0
profile,tfl-numbat-2019-midweek,night,12,4.966666666666667,1,1,off,free-flow,1,0,940GZZLUEUS,0,3600,2791,1800,1788,c19eeed41d417052,149,149,0,0,103,46,3.433333333333333,37,37,4.4,9,true,991,15,49,74,37,2,1,0,0,1,1,true,260,106.948322147651,333.6666666666667,837452.0444233719,698906.7282340869,54.5088855108251,0
profile,tfl-numbat-2019-midweek,night,12,4.966666666666667,1,2,off,free-flow,1,0,940GZZLUEUS,0,3600,2920,1800,1788,8ad3f9dbd58a4a5d,149,149,0,0,95,54,3.1666666666666665,34,40,4.066666666666666,14,true,1120,19,57,85,45,1,2,0,0,1,2,true,421,122.78892617449665,492.23333333333335,866258.5446852039,826864.8683679178,51.16334332198057,0
profile,tfl-numbat-2019-midweek,night,12,4.966666666666667,1,3,off,free-flow,1,0,940GZZLUEUS,0,3600,3128,1800,1788,f3a80d553036d591,149,149,0,0,96,53,3.2,36,38,4,15,true,1328,17,53,83,44,2,2,0,0,2,1,true,350,103.93400447427294,517.9333333333333,907782.814411127,807580.1555106494,52.92074215945814,0
profile,tfl-numbat-2019-midweek,night,10,5.966666666666667,1,1,off,free-flow,1,0,940GZZLUEUS,0,3600,2789,1800,1790,6e42c7acb2ed4782,179,179,0,0,120,59,4,43,46,5.133333333333334,13,true,989,21,63,90,45,3,1,0,0,1,1,true,253,122.29273743016759,352.0833333333333,998832.4447300216,927904.9189134977,51.840612196423024,0
profile,tfl-numbat-2019-midweek,night,10,5.966666666666667,1,2,off,free-flow,1,0,940GZZLUEUS,0,3600,2735,1800,1790,d7ddc3217005eedc,179,179,0,0,115,64,3.8333333333333335,42,47,4.866666666666666,17,true,935,24,70,92,56,2,2,0,0,1,1,true,349,134.48640595903166,486.8666666666667,1047264.0174701283,902711.0687200186,53.70653322121506,0
profile,tfl-numbat-2019-midweek,night,10,5.966666666666667,1,3,off,free-flow,1,0,940GZZLUEUS,0,3600,3082,1800,1790,aa670b5f8d7371c6,179,179,0,0,119,60,3.966666666666667,39,50,5.333333333333333,10,true,1282,23,64,88,46,2,1,0,0,1,1,true,344,125.11173184357541,514.3,1074087.3584494055,945126.0220093442,53.193355830743414,0
profile,tfl-numbat-2019-midweek,night,8.571429,7,1,1,off,free-flow,1,0,940GZZLUEUS,0,3600,3248,1800,1799,e91f11a6d7b085ac,210,210,0,0,138,72,4.6,50,55,5.866666666666666,17,true,1448,25,73,96,51,3,1,0,0,1,1,true,538,138.2104761904762,555.1,1181611.0736539136,1165388.5665262067,50.34560097176798,0
profile,tfl-numbat-2019-midweek,night,8.571429,7,1,2,off,free-flow,1,0,940GZZLUEUS,0,3600,2809,1800,1799,2eea3e3fe02210bb,210,210,0,0,138,72,4.6,48,57,6,15,true,1009,29,77,103,60,4,2,0,0,1,1,true,343,141.23666666666668,515.4833333333333,1225714.572611877,1050352.0130238591,53.852316111811746,0
profile,tfl-numbat-2019-midweek,night,8.571429,7,1,3,off,free-flow,1,0,940GZZLUEUS,0,3600,3126,1800,1799,cd9753e4db035a1b,210,210,0,0,137,73,4.566666666666666,43,62,6.266666666666667,11,true,1326,27,74,96,51,2,1,0,0,2,1,true,462,155.96579365079367,560.3833333333333,1248722.5797502906,1209395.652633241,50.79993969775238,0
profile,tfl-numbat-2019-midweek,night,7.5,7.966666666666667,1,1,off,free-flow,1,0,940GZZLUEUS,0,3600,3124,1800,1792.5,ac698127e9c870b6,239,239,0,0,155,84,5.166666666666667,59,60,6.4,24,true,1324,29,85,102,63,4,1,0,0,2,1,true,356.5,145.47824267782426,446.71666666666664,1356018.7606286597,1233770.6700186578,52.36019363511431,0
profile,tfl-numbat-2019-midweek,night,7.5,7.966666666666667,1,2,off,free-flow,1,0,940GZZLUEUS,0,3600,3209,1800,1792.5,363a18a5ce685250,239,239,0,0,150,89,5,52,67,6.533333333333333,22,true,1409,34,91,109,70,4,3,0,0,1,1,true,633.5,171.89881450488144,670.0166666666667,1389195.9124351705,1419342.3026376027,49.46330817147789,0
profile,tfl-numbat-2019-midweek,night,7.5,7.966666666666667,1,3,off,free-flow,1,0,940GZZLUEUS,0,3600,3134,1800,1792.5,d38bd377032d4c52,239,239,0,0,157,82,5.233333333333333,48,71,7.266666666666667,11,true,1334,35,87,106,59,4,1,0,0,2,2,true,421.5,173.2767782426778,635.5333333333333,1411705.0529995756,1381501.2471244857,50.54066550461648,0
profile,tfl-numbat-2019-midweek,night,6.666667,8.966666666666667,1,1,off,free-flow,1,0,940GZZLUEUS,0,3600,3002,1800,1793.3333333333333,8ba338bafbc5514f,269,269,0,0,169,100,5.633333333333334,62,72,7.133333333333334,28,true,1202,36,101,113,70,6,1,0,0,2,1,true,775.6666666666666,182.70972738537793,918.5166666666667,1522971.5475593696,1537284.0606192197,49.766154941084004,0
profile,tfl-numbat-2019-midweek,night,6.666667,8.966666666666667,1,2,off,free-flow,1,0,940GZZLUEUS,0,3600,3444,1800,1793.3333333333333,c43a7f45f4cd834d,269,269,0,0,163,106,5.433333333333334,54,80,7.266666666666667,26,true,1644,42,106,114,70,5,2,0,0,2,1,true,837.6666666666666,220.11951672862455,856.6833333333333,1560068.1689959327,1824431.4137744906,46.09450026047632,0
profile,tfl-numbat-2019-midweek,night,6.666667,8.966666666666667,1,3,off,free-flow,1,0,940GZZLUEUS,0,3600,3253,1800,1793.3333333333333,c77ab3603993635e,269,269,0,0,170,99,5.666666666666667,54,80,7.733333333333333,19,true,1453,48,100,114,61,6,1,0,0,2,1,true,660.6666666666666,207.87372986369272,742.65,1597222.3454215226,1732654.9889372592,47.96640191339336,0
profile,tfl-numbat-2019-midweek,night,6,9.966666666666667,1,1,off,free-flow,1,0,940GZZLUEUS,0,3600,3429,1800,1794,436349ce9314f077,299,299,0,0,181,118,6.033333333333333,66,83,7.666666666666667,35,true,1629,58,120,114,70,10,1,0,0,2,2,true,1066,245.7133779264214,1071.3333333333333,1670934.2361020204,1964586.8024734932,45.961341397070655,0
profile,tfl-numbat-2019-midweek,night,6,9.966666666666667,1,2,off,free-flow,1,0,940GZZLUEUS,0,3600,3600,1800,1794,cf673c15ac76cbab,299,296,3,0,165,134,5.5,57,92,7.2,42,false,0,74,134,114,69,5,3,0,0,2,1,true,1048,314.7095875139354,1082.3333333333333,1754978.3387255857,2167078.528000169,44.74637666818665,0
profile,tfl-numbat-2019-midweek,night,6,9.966666666666667,1,3,off,free-flow,1,0,940GZZLUEUS,0,3600,3471,1800,1794,a1953c90166778c3,299,299,0,0,175,124,5.833333333333333,60,89,7.666666666666667,35,true,1671,71,126,114,65,4,1,0,0,2,2,true,787,278.85295429208475,1001.4666666666667,1747346.7926270002,2029659.9666432822,46.26273935937005,0
profile,tfl-numbat-2019-midweek,night,5.4545449999999995,11,1,1,off,free-flow,1,0,940GZZLUEUS,0,3600,3600,1800,1798.5,d042e9976f1d18e7,330,329,1,0,181,149,6.033333333333333,67,98,7.6,51,false,0,92,149,114,68,7,1,0,0,1,1,true,1031.5,346.8639393939394,1225.5833333333333,1845949.0930795735,2271927.92647647,44.82768874138424,0
profile,tfl-numbat-2019-midweek,night,5.4545449999999995,11,1,2,off,free-flow,1,0,940GZZLUEUS,0,3600,3600,1800,1798.5,50bea3e032ab06ac,330,324,6,0,170,160,5.666666666666667,62,103,7.2,57,false,0,101,160,114,67,4,3,0,0,2,2,true,1279.5,399.13954545454544,1373.0166666666667,1941625.954866962,2389487.6572707524,44.829716528923626,0
profile,tfl-numbat-2019-midweek,night,5.4545449999999995,11,1,3,off,free-flow,1,0,940GZZLUEUS,0,3600,3600,1800,1798.5,c4a341f4642e795c,330,326,4,0,176,154,5.866666666666666,65,100,7.4,54,false,0,107,155,114,72,6,1,0,0,1,1,true,1212.5,380.2730808080808,1217.1833333333334,1960071.2323832233,2342460.768011594,45.55622671030359,0
profile,tfl-numbat-2019-midweek,night,5,11.966666666666667,1,1,off,free-flow,1,0,940GZZLUEUS,0,3600,3600,1800,1795,2be3e529710e9875,359,351,8,0,180,179,6,68,111,7.466666666666667,68,false,0,127,179,114,65,7,1,0,0,1,1,true,1342,473.7948932219127,1401.6333333333334,2016488.395435014,2483584.014218987,44.810132190518615,0
profile,tfl-numbat-2019-midweek,night,5,11.966666666666667,1,2,off,free-flow,1,0,940GZZLUEUS,0,3600,3600,1800,1795,4211505d27680b8b,359,345,14,0,173,186,5.766666666666667,66,113,7.133333333333334,73,false,0,128,186,114,65,4,4,1,0,2,2,true,1737,515.3791550603529,1786.8,2089270.3271773376,2513392.1228273557,45.39264718782945,0
profile,tfl-numbat-2019-midweek,night,5,11.966666666666667,1,3,off,free-flow,1,0,940GZZLUEUS,0,3600,3600,1800,1795,e593d26bccbd6209,359,353,6,0,179,180,5.966666666666667,65,114,7.6,66,false,0,126,182,114,71,7,2,0,0,2,1,true,1445,464.541643454039,1534.1666666666667,2111953.2291010846,2357651.248898074,47.251456801083926,0
profile,tfl-numbat-2019-midweek,night,4.615385,13.033333333333333,1,1,off,free-flow,1,0,940GZZLUEUS,0,3600,3600,1800,1798.6,86aba24f394e3624,391,372,19,0,183,208,6.1,69,126,7.6,82,false,0,154,208,114,63,7,2,0,0,1,1,false,0,597.2325234441603,1815.2,2186739.7279279684,2605450.1044772523,45.631325227165185,0
profile,tfl-numbat-2019-midweek,night,4.615385,13.033333333333333,1,2,off,free-flow,1,0,940GZZLUEUS,0,3600,3600,1800,1798.6,09112042b1d9f956,391,375,16,0,181,210,6.033333333333333,70,125,7.4,85,false,0,159,210,114,67,5,3,0,0,1,1,true,1687.4,598.1150468883205,1782.5166666666667,2233525.9743765383,2520812.122925775,46.97869458724183,0
profile,tfl-numbat-2019-midweek,night,4.615385,13.033333333333333,1,3,off,free-flow,1,0,940GZZLUEUS,0,3600,3600,1800,1798.6,de8c84346b576f9d,391,373,18,0,177,214,5.9,69,126,7.2,88,false,0,158,214,114,68,7,2,0,1,2,1,true,1587.4,605.1073316283035,1701.5833333333333,2262940.8922535325,2532787.065875946,47.18659840613995,0
profile,tfl-numbat-2019-midweek,night,4.2857140000000005,14,1,1,off,free-flow,1,0,940GZZLUEUS,0,3600,3600,1800,1799,def6a6a41e8ad6fd,420,388,32,0,184,236,6.133333333333334,73,137,7.4,99,false,0,188,237,114,66,8,2,0,0,1,1,false,0,705.9395634920635,1899.5166666666667,2289647.8273301064,2635649.166151999,46.48750786724361,0
profile,tfl-numbat-2019-midweek,night,4.2857140000000005,14,1,2,off,free-flow,1,0,940GZZLUEUS,0,3600,3600,1800,1799,5d8b702387ea3569,420,391,29,0,180,240,6,75,135,7,105,false,0,185,240,114,62,6,3,0,0,1,1,false,0,709.2318650793651,1818.1333333333334,2321751.4993975423,2673442.1134814452,46.47970988374558,0
profile,tfl-numbat-2019-midweek,night,4.2857140000000005,14,1,3,off,free-flow,1,0,940GZZLUEUS,0,3600,3600,1800,1799,543bacff6e8e87de,420,386,34,0,182,238,6.066666666666666,72,138,7.333333333333333,100,false,0,184,238,114,67,7,3,0,0,2,1,false,0,706.1219841269842,1904.2333333333333,2357003.6289706603,2621197.398155937,47.346493565188865,0
profile,tfl-numbat-2019-midweek,night,4,14.966666666666667,1,1,off,free-flow,1,0,940GZZLUEUS,0,3600,3600,1800,1796,496c456e64d1b538,449,393,56,0,184,265,6.133333333333334,75,149,7.266666666666667,116,false,0,209,266,114,64,7,2,0,0,1,1,false,0,795.7472531551596,2027.5166666666667,2384200.4089066614,2697028.0428568358,46.92173224526439,0
profile,tfl-numbat-2019-midweek,night,4,14.966666666666667,1,2,off,free-flow,1,0,940GZZLUEUS,0,3600,3600,1800,1796,916284cd6b4ace08,449,395,54,0,183,266,6.1,75,149,7.2,117,false,0,211,266,114,65,3,3,0,0,1,1,false,0,816.2651818856718,2004,2381874.2376420144,2745968.3058992573,46.44983182336757,0
profile,tfl-numbat-2019-midweek,night,4,14.966666666666667,1,3,off,free-flow,1,0,940GZZLUEUS,0,3600,3600,1800,1796,b5e14fc27a619533,449,403,46,0,188,261,6.266666666666667,75,149,7.533333333333333,112,false,0,210,262,114,65,5,2,1,1,1,2,false,0,795.739123979213,2004,2431635.1815354093,2661842.581985013,47.74017467889668,0
