pattern,demand_profile,demand_band,request_every_seconds,offered_per_minute,burst_size,seed,policy,routing_policy,shared_ride_party_limit,sharing_mode,shared_parties,focus_station,window_start_seconds,window_end_seconds,actual_end_seconds,arrival_window_seconds,arrival_end_seconds,schedule_id,scheduled,served,remaining,skipped,completed_at_arrival_end,backlog_at_arrival_end,arrival_throughput_per_minute,completed_at_arrival_midpoint,backlog_at_arrival_midpoint,late_arrival_throughput_per_minute,late_backlog_change,drained,drain_seconds,peak_pending,peak_outstanding,peak_active_vehicles,peak_passenger_vehicles,peak_stopped_vehicles,peak_focus_approaching,peak_focus_entrance_stopped,peak_focus_exit_stopped,peak_focus_occupied_berths,peak_focus_reserved_empty_berths,stopped_pod_seconds,junction_wait_seconds,track_wait_seconds,peak_node_throughput_per_minute,peak_node,queue_cleared,queue_clear_seconds,wait_average_seconds,wait_maximum_seconds,wait_p95_seconds,journey_average_seconds,journey_p95_seconds,journey_maximum_seconds,passenger_distance_meters,empty_distance_meters,loaded_distance_percent,occupancy,rider_distance_meters,direct_distance_meters,detour_ratio_mean,detour_ratio_max,intermediate_stops,positioning_moves,coupled_time_percent
profile,tfl-numbat-2019-midweek,early,60,0.9666666666666667,1,1,off,free-flow,4,drop-offs,0,940GZZLUEUS,0,3900,2588,1800,1740,9528258c1baa82ba,29,29,0,0,19,10,0.6333333333333333,6,8,0.8666666666666667,2,true,788,4,10,10,9,1,0,0,0,1,0,3,1,2,2,940GZZLULVT-01-arrival,true,215,108.86724137931034,274.26666666666665,254.53333333333333,554.3074712643678,868.65,907.1666666666666,175363.26653690037,205991.72869473742,45.984258428392536,1,175363.2665354108,175363.2665354108,1,1,0,0,0
profile,tfl-numbat-2019-midweek,early,60,0.9666666666666667,1,2,off,free-flow,4,drop-offs,1,940GZZLUEUS,0,3900,2511,1800,1740,bb5eef7e7cabdb3b,29,29,0,0,20,9,0.6666666666666666,6,8,0.9333333333333333,1,true,711,4,13,12,9,0,0,0,0,1,1,0,0,0,3,london-link-009-a-arrival,true,185,131.95344827586206,295.9166666666667,280.31666666666666,608.4040229885057,890.6333333333333,913.75,181115.29620128524,189945.2210433735,48.81017725792337,1.0362918174495146,187688.29946667125,186992.10622258438,1.0029548948628195,1.085691951021767,1,0,0
profile,tfl-numbat-2019-midweek,early,60,0.9666666666666667,1,3,off,free-flow,4,drop-offs,1,940GZZLUEUS,0,3900,2555,1800,1740,47735eda4f594ac0,29,29,0,0,22,7,0.7333333333333333,6,8,1.0666666666666667,-1,true,755,4,12,12,10,1,0,0,0,1,0,1,0,1,3,london-link-013-a-arrival,true,220,109.19827586206897,279.6166666666667,249.18333333333334,568.4436781609195,870.0833333333334,874.3333333333334,172901.9303355624,193672.19624757537,47.1669760076067,1.045267930086737,180728.84282819697,180728.84282819697,1,1,0,0,0
profile,tfl-numbat-2019-midweek,early,30,1.9666666666666666,1,1,off,free-flow,4,drop-offs,2,940GZZLUEUS,0,3900,2514,1800,1770,383a7529680b260f,59,59,0,0,35,24,1.1666666666666667,12,17,1.5333333333333334,7,true,714,9,26,25,19,1,0,0,0,1,1,18,14,4,5,london-link-009-a-arrival,true,263,156.13870056497174,363.6666666666667,354.65,613.7398305084746,932.0666666666667,953.0166666666667,354443.1105145786,374541.85326800845,48.621456974287874,1.0323982949080177,365926.4629326151,364411.60168360017,1.0032870796832105,1.1142946344023401,2,0,0
profile,tfl-numbat-2019-midweek,early,30,1.9666666666666666,1,2,off,free-flow,4,drop-offs,1,940GZZLUEUS,0,3900,2596,1800,1770,d1340ee5a623df89,59,59,0,0,36,23,1.2,11,18,1.6666666666666667,5,true,796,10,26,26,17,1,0,0,0,1,1,16,12,4,4,london-link-010-a-departure,true,258,186.56214689265536,377.55,355.4,650.4581920903955,945.65,978.3333333333334,362302.9778726146,427570.3616660735,45.868490520798105,1.0222172380162884,370352.3493613477,369593.250302165,1.0014718535935703,1.0868393620206458,1,0,0
profile,tfl-numbat-2019-midweek,early,30,1.9666666666666666,1,3,off,free-flow,4,drop-offs,0,940GZZLUEUS,0,3900,2719,1800,1770,badaff981b31ddb7,59,59,0,0,40,19,1.3333333333333333,11,18,1.9333333333333333,1,true,919,8,22,22,16,1,0,0,0,1,1,18,14,4,4,london-link-009-a-arrival,true,372,162.00536723163842,371.68333333333334,361.48333333333335,618.55,947.1666666666666,950.1166666666667,364992.5610805288,408717.21492391557,47.17435043478528,1,364992.56107588904,364992.56107588904,1,1,0,0,0
profile,tfl-numbat-2019-midweek,early,20,2.966666666666667,1,1,off,free-flow,4,drop-offs,4,940GZZLUEUS,0,3900,2684,1800,1780,4a2d770f2630dd23,89,89,0,0,51,38,1.7,18,26,2.2,12,true,884,16,38,37,26,2,0,0,0,1,1,42,33,9,5,london-link-069-a-departure,true,285,192.61198501872659,410.25,404.28333333333336,651.4095505617977,1009.7333333333333,1043.0666666666666,529660.3234974149,593915.347642046,47.140600949490675,1.0426843874942353,552268.549979768,550876.1634915941,1.001925661820714,1.085691951021767,2,0,0
profile,tfl-numbat-2019-midweek,early,20,2.966666666666667,1,2,off,free-flow,4,drop-offs,5,940GZZLUEUS,0,3900,2690,1800,1780,19332ce46bf440c5,89,89,0,0,59,30,1.9666666666666666,14,30,3,0,true,890,14,36,35,26,1,0,0,0,1,1,38,29,9,6,london-link-069-a-departure,true,276,179.4320224719101,388.3666666666667,372.18333333333334,635.3177902621723,977.7166666666667,1010.6666666666666,512540.3264218907,566276.6930732239,47.50947724775042,1.0689289618742213,547869.1990334049,544336.9494171848,1.0051307877556817,1.1259876259352548,4,0,0
profile,tfl-numbat-2019-midweek,early,20,2.966666666666667,1,3,off,free-flow,4,drop-offs,3,940GZZLUEUS,0,3900,2707,1800,1780,1023c2b2435ed2d7,89,89,0,0,55,34,1.8333333333333333,19,25,2.4,9,true,907,14,37,35,27,1,0,0,0,1,1,48,34,14,5,940GZZLUPAC-01-arrival,true,294,175.66479400749066,389.4,365.65,634.8582397003745,965.7333333333333,1001.7666666666667,532062.4121225975,551935.9515921923,49.08332244148923,1.0391540418759355,552894.8060818585,552894.8060818585,1,1,0,0,0
profile,tfl-numbat-2019-midweek,early,15,3.966666666666667,1,1,off,free-flow,4,drop-offs,5,940GZZLUEUS,0,3900,2860,1800,1785,1609c532807f9008,119,119,0,0,73,46,2.433333333333333,20,39,3.533333333333333,7,true,1060,23,50,49,32,3,0,0,0,1,1,321,249,72,6,london-link-069-a-departure,true,490,235.34635854341738,495.96666666666664,480.8,709.70406162465,1099.5333333333333,1119.5833333333333,726292.2242058819,806156.1689863807,47.39423705439982,1.0475324135904431,760814.6466348439,757571.2214140517,1.0032260554924737,1.1058955185161006,4,0,0
profile,tfl-numbat-2019-midweek,early,15,3.966666666666667,1,2,off,free-flow,4,drop-offs,7,940GZZLUEUS,0,3900,2797,1800,1785,c5ea67b17f25e70e,119,119,0,0,76,43,2.533333333333333,18,41,3.8666666666666667,2,true,997,18,47,45,32,1,0,0,0,1,1,55,40,15,5,london-link-009-a-arrival,true,410,209.90084033613445,441.8,430.35,663.3152661064426,1028.3833333333334,1080.4333333333334,686152.355758202,759097.8776257435,47.47637052108461,1.0621765274859556,728814.9265968951,725756.8819520401,1.0031012746305672,1.096802756601761,4,0,0
profile,tfl-numbat-2019-midweek,early,15,3.966666666666667,1,3,off,free-flow,4,drop-offs,7,940GZZLUEUS,0,3900,2808,1800,1785,a02f25ab84cc8d7d,119,119,0,0,76,43,2.533333333333333,22,37,3.6,6,true,1008,18,48,45,31,1,0,0,0,1,1,62,43,19,5,940GZZLUPAC-01-arrival,true,375,186.96344537815128,415.53333333333336,403.03333333333336,652.9635854341738,1022.3,1099.6166666666666,694068.8968291228,734738.0378149505,48.57681468364518,1.0785214760021322,748568.2110890704,744407.9728173974,1.0041213875624708,1.1105222053607933,5,0,0
profile,tfl-numbat-2019-midweek,early,12,4.966666666666667,1,1,off,free-flow,4,drop-offs,14,940GZZLUEUS,0,3900,2793,1800,1788,fde388a840555436,149,149,0,0,88,61,2.933333333333333,25,49,4.2,12,true,993,27,65,60,36,2,0,0,0,1,1,178,137,41,6,london-link-069-a-departure,true,383,232.2052572706935,502.55,476,711.6185682326623,1116.3333333333333,1187.9,858110.2759306849,917952.8396194297,48.31530301021399,1.1210741421525168,962005.2415377749,950833.6494512907,1.0088855921028341,1.166482428927728,13,0,0
profile,tfl-numbat-2019-midweek,early,12,4.966666666666667,1,2,off,free-flow,4,drop-offs,14,940GZZLUEUS,0,3900,2793,1800,1788,0db4ec5e24e7ed35,149,149,0,0,96,53,3.2,22,52,4.933333333333334,1,true,993,28,58,52,36,3,0,0,0,1,1,273,193,80,6,940GZZLUPAC-01-departure,true,420,224.21979865771812,486.8333333333333,475.8333333333333,682.1699105145414,1073.2833333333333,1125.8333333333333,832979.1837157777,918169.8086360691,47.567579192508404,1.1025777887067836,918424.3464891305,911346.5062785232,1.00633961543081,1.16410454218367,8,0,0
profile,tfl-numbat-2019-midweek,early,12,4.966666666666667,1,3,off,free-flow,4,drop-offs,11,940GZZLUEUS,0,3900,2859,1800,1788,8d13d145a9ef1806,149,149,0,0,90,59,3,26,48,4.266666666666667,11,true,1059,25,61,54,36,3,0,0,0,1,1,213,158,55,6,940GZZLUPAC-01-departure,true,482,221.52102908277405,508.01666666666665,465.56666666666666,687.7177852348993,1094.35,1175.15,859408.2251599076,928925.462153963,48.056368409117425,1.0882137642115386,935219.8597702442,930942.5919286269,1.0039517208366444,1.1559109732048352,6,0,0
profile,tfl-numbat-2019-midweek,early,10,5.966666666666667,1,1,off,free-flow,4,drop-offs,24,940GZZLUEUS,0,3900,2875,1800,1790,aadad49ab1254db9,179,179,0,0,101,78,3.3666666666666667,27,62,4.933333333333334,16,true,1075,33,78,67,40,4,0,0,0,1,1,627,444,183,7,london-link-009-a-arrival,true,450,239.08491620111732,514.6833333333333,487.7,723.781843575419,1120.1833333333334,1204.6666666666667,981351.0121499603,1133062.2446750442,46.41245078190407,1.1856038790162358,1163493.5667949643,1145526.4886240074,1.0120417431941928,1.206719637386574,14,0,0
profile,tfl-numbat-2019-midweek,early,10,5.966666666666667,1,2,off,free-flow,4,drop-offs,15,940GZZLUEUS,0,3900,2908,1800,1790,2b255de325ea94d8,179,179,0,0,105,74,3.5,24,65,5.4,9,true,1108,35,75,70,43,3,2,0,0,1,2,345,246,99,7,london-link-010-a-departure,true,523,258.8717877094972,532.8833333333333,493,718.7700186219739,1113.8666666666666,1155.5666666666666,1005291.0134734397,1203635.721323886,45.51038283149203,1.0970285959944928,1102832.9891867724,1094318.1971933104,1.0066107285865669,1.1817013652118589,10,0,0
profile,tfl-numbat-2019-midweek,early,10,5.966666666666667,1,3,off,free-flow,4,drop-offs,23,940GZZLUEUS,0,3900,2891,1800,1790,26744e71f4c37b72,179,179,0,0,106,73,3.533333333333333,29,60,5.133333333333334,13,true,1091,32,76,63,37,2,0,0,0,1,1,220,163,56,6,london-link-068-a-arrival,true,468,224.4688081936685,514.25,478,701.266573556797,1104.9166666666667,1220.85,983480.263221798,1066356.5911577714,47.97846526764058,1.168174481514993,1148876.5466817482,1131604.1332244077,1.0118384513000747,1.2046466221312568,16,0,0
profile,tfl-numbat-2019-midweek,early,8.571429,7,1,1,off,free-flow,4,drop-offs,43,940GZZLUEUS,0,3900,2759,1800,1799,3563668f01b58088,210,210,0,0,117,93,3.9,29,76,5.866666666666666,17,true,959,36,94,73,46,4,2,0,0,1,2,704,513,191,8,london-link-009-a-arrival,true,440,232.3331746031746,560.5166666666667,527.5333333333333,726.7238095238096,1140.1,1260.2166666666667,1083015.1851523928,1211777.0102865782,47.19447744789034,1.2828580949852046,1389354.797395063,1362206.2027679577,1.0164396771225797,1.2747856031503002,26,0,0
profile,tfl-numbat-2019-midweek,early,8.571429,7,1,2,off,free-flow,4,drop-offs,33,940GZZLUEUS,0,3900,2981,1800,1799,2c5e275a02e8aba7,210,210,0,0,124,86,4.133333333333334,29,76,6.333333333333333,10,true,1181,43,87,78,48,3,2,0,0,1,2,425,260,165,7,london-link-068-a-arrival,true,543,255.1065873015873,570.8666666666667,551.9833333333333,720.8989682539682,1138.4666666666667,1236.4833333333333,1098895.954120184,1296117.9055792184,45.88265532033732,1.190798798902568,1308563.98240095,1293356.7027547234,1.009181721311783,1.1980423813242134,16,0,0
profile,tfl-numbat-2019-midweek,early,8.571429,7,1,3,off,free-flow,4,drop-offs,35,940GZZLUEUS,0,3900,2878,1800,1799,ddd650abd105cd58,210,210,0,0,123,87,4.1,32,73,6.066666666666666,14,true,1078,38,89,77,44,4,2,0,0,1,2,592,407,185,6,london-link-010-a-departure,true,494,233.17595238095237,596.5333333333333,552.4833333333333,710.1896825396826,1146.3833333333334,1253.4333333333334,1106905.7748445824,1168723.375974044,48.64174702834986,1.2161733341537473,1346189.2869030759,1322646.0729633425,1.0145675649102555,1.230066744571791,25,0,0
profile,tfl-numbat-2019-midweek,early,7.5,7.966666666666667,1,1,off,free-flow,4,drop-offs,50,940GZZLUEUS,0,3900,2878,1800,1792.5,63b1ce4d79486c0c,239,239,0,0,130,109,4.333333333333333,31,88,6.6,21,true,1078,45,110,82,51,4,2,0,0,1,2,748,467,281,7,london-link-069-a-departure,true,503.5,250.76464435146445,633.2833333333333,586.1166666666667,746.3393305439331,1210.8333333333333,1323.05,1222247.1088903048,1308029.4743258895,48.304881648026246,1.29719495006331,1585492.7774674937,1552283.5849713872,1.0174878758108883,1.2944558459332471,31,0,0
profile,tfl-numbat-2019-midweek,early,7.5,7.966666666666667,1,2,off,free-flow,4,drop-offs,46,940GZZLUEUS,0,3900,2989,1800,1792.5,b14207684481cacc,239,239,0,0,141,98,4.7,33,86,7.2,12,true,1189,44,99,82,51,3,2,0,0,1,2,639,432,207,6,london-link-009-a-arrival,true,597.5,259.00934449093444,616.2666666666667,570.2666666666667,730.7801255230127,1173.7333333333333,1225.9833333333333,1200544.3931188015,1379032.697455986,46.5403572355069,1.258137171432749,1510449.5270275022,1483968.68655109,1.0137724553835907,1.1980423813242134,26,0,0
profile,tfl-numbat-2019-midweek,early,7.5,7.966666666666667,1,3,off,free-flow,4,drop-offs,56,940GZZLUEUS,0,3900,2816,1800,1792.5,93ce2d6fb7cde873,239,239,0,0,145,94,4.833333333333333,38,81,7.133333333333334,13,true,1016,38,100,77,45,4,2,0,0,1,2,456,334,122,7,london-link-009-a-arrival,true,439.5,215.16408647140864,585.8333333333334,524.4333333333333,697.0733612273361,1122.0333333333333,1254.7333333333333,1146937.8369867709,1223407.6232011525,48.3869484955092,1.344560667045403,1542127.5032726945,1507923.5933517055,1.0181201270942308,1.1912004176097335,31,0,0
profile,tfl-numbat-2019-midweek,early,6.666667,8.966666666666667,1,1,off,free-flow,4,drop-offs,66,940GZZLUEUS,0,3900,3064,1800,1793.3333333333333,4a2c0b0e2de5a8b9,269,269,0,0,151,118,5.033333333333333,35,99,7.733333333333333,19,true,1264,43,119,89,53,4,2,0,0,1,2,708,443,265,6,london-link-009-a-arrival,true,676.6666666666666,243.77205700123918,676.3333333333334,595.4333333333333,739.1346964064436,1214.9,1299.8,1316935.9549031847,1368659.9344389094,49.03701112030679,1.3552795396144333,1784816.3547178046,1745177.5896569218,1.0183817051615034,1.2783866974377407,37,0,0
profile,tfl-numbat-2019-midweek,early,6.666667,8.966666666666667,1,2,off,free-flow,4,drop-offs,63,940GZZLUEUS,0,3900,3003,1800,1793.3333333333333,d22cf29e05f827ac,269,269,0,0,153,116,5.1,38,96,7.666666666666667,20,true,1203,49,118,90,52,3,2,0,0,1,2,1030,650,380,7,london-link-069-a-departure,true,582.6666666666666,260.7048327137546,664.8666666666667,608.95,739.4295539033457,1210.9833333333333,1369.8166666666666,1280197.2469346956,1430581.8959965522,47.2261729721876,1.341900979007404,1717897.9390532195,1671332.6817698607,1.022093169238932,1.2050199400722055,42,0,0
profile,tfl-numbat-2019-midweek,early,6.666667,8.966666666666667,1,3,off,free-flow,4,drop-offs,67,940GZZLUEUS,0,3900,2755,1800,1793.3333333333333,d987e36c0704b230,269,269,0,0,161,108,5.366666666666666,41,93,8,15,true,955,46,116,88,53,3,2,0,0,1,2,774,523,251,8,london-link-010-a-departure,true,399.6666666666667,234.74392812887237,819.25,586.9833333333333,721.5874225526642,1196.7666666666667,1330.9166666666667,1270756.402276368,1310418.4077374246,49.23170632792507,1.3698826962974466,1740787.206760472,1694127.2864348316,1.0218045349161442,1.2166773766309618,40,0,0
profile,tfl-numbat-2019-midweek,early,6,9.966666666666667,1,1,off,free-flow,4,drop-offs,84,940GZZLUEUS,0,3900,3149,1800,1794,813f7f4fec7f70d2,299,299,0,0,177,122,5.9,46,103,8.733333333333333,19,true,1349,54,124,94,54,6,2,0,0,1,2,1487,639,847,8,london-link-010-a-departure,true,654,245.25897435897434,826.5166666666667,645.0166666666667,751.7537346711259,1289.6,1792.8666666666666,1402243.8200302925,1460117.581143117,48.98905566066711,1.4294250753777846,2004402.4781760317,1943795.7559318678,1.0250062615432722,1.2773872093944207,53,0,0
profile,tfl-numbat-2019-midweek,early,6,9.966666666666667,1,2,off,free-flow,4,drop-offs,76,940GZZLUEUS,0,3900,2984,1800,1794,a6937e018b1fcc1f,299,299,0,0,168,131,5.6,42,107,8.4,24,true,1184,59,131,97,57,6,2,0,0,1,2,2714,1057,1657,9,london-link-069-a-departure,true,619,273.6988294314381,726.95,682.3166666666667,761.1734113712374,1316.7,1473.1,1386804.7082243748,1531882.160780716,47.51467939063647,1.3681731490403763,1897388.9647931326,1848799.415084611,1.0220071239456456,1.3922182754867969,44,0,0
profile,tfl-numbat-2019-midweek,early,6,9.966666666666667,1,3,off,free-flow,4,drop-offs,91,940GZZLUEUS,0,3900,2931,1800,1794,569e16cc1ad11ec7,299,299,0,0,183,116,6.1,47,102,9.066666666666666,14,true,1131,49,121,90,52,6,2,0,0,1,2,1054,613,441,8,london-link-010-a-departure,true,569,214.58015607580825,652.85,577.4333333333333,712.26878483835,1210.7166666666667,1339.9666666666667,1325641.9606239088,1398488.6445535107,48.66293701573722,1.485169031292928,1968802.386559712,1898974.5306804893,1.0298076375831533,1.2602275196997421,59,0,0
profile,tfl-numbat-2019-midweek,early,5.4545449999999995,11,1,1,off,free-flow,4,drop-offs,103,940GZZLUEUS,0,3900,3520,1800,1798.5,20e33643790350cf,330,330,0,0,185,145,6.166666666666667,47,118,9.2,27,true,1720,59,149,103,60,6,2,0,0,2,2,1796,977,819,8,london-link-069-a-departure,true,755.5,247.3310606060606,880.6833333333333,672.25,753.1490404040403,1293.05,1847.0333333333333,1481734.6246091444,1621528.3543220325,47.74763320637048,1.4991508618499003,2221343.739517896,2142372.090710551,1.0304126785325396,1.288840914525852,65,0,0
profile,tfl-numbat-2019-midweek,early,5.4545449999999995,11,1,2,off,free-flow,4,drop-offs,91,940GZZLUEUS,0,3900,3062,1800,1798.5,9a5fd55d60a95da3,330,330,0,0,182,148,6.066666666666666,46,119,9.066666666666666,29,true,1262,69,149,110,65,9,2,0,0,1,2,3725,1429,2296,8,london-link-069-a-departure,true,633.5,274.88282828282826,792.9666666666667,707.1833333333333,763.4009595959596,1374.1,1507.5166666666667,1494312.650259905,1731415.4181275722,46.324817795534244,1.4001298712526133,2092231.7786203423,2045061.620410952,1.0192291097652708,1.2846957432671342,44,0,0
profile,tfl-numbat-2019-midweek,early,5.4545449999999995,11,1,3,off,free-flow,4,drop-offs,107,940GZZLUEUS,0,3900,2958,1800,1798.5,3aa6ead3ecd2761f,330,330,0,0,202,128,6.733333333333333,53,112,9.933333333333334,16,true,1158,49,136,92,53,3,2,0,0,1,2,768,490,278,7,london-link-010-a-departure,true,562.5,220.67030303030302,672.4666666666667,587.2666666666667,716.4090404040404,1214.7,1388,1409036.3380652696,1440449.8036176818,49.448787184943825,1.5374263859085335,2166289.6448721066,2083060.0067648392,1.0324815083882548,1.2863627042936565,64,0,0
profile,tfl-numbat-2019-midweek,early,5,11.966666666666667,1,1,off,free-flow,4,drop-offs,118,940GZZLUEUS,0,3900,3414,1800,1795,5608ed1bb22ab7e5,359,359,0,0,210,149,7,48,131,10.8,18,true,1614,65,153,109,60,10,2,0,0,2,2,2074,1139,930,7,london-link-010-a-departure,true,859,255.52103064066853,919.3166666666667,689,762.3141597028783,1325.4333333333334,1793.2666666666667,1575761.436037922,1791345.5567432947,46.798674334264305,1.5315319801663037,2413329.032368671,2323206.8144697556,1.0321352156662351,1.2589029080118526,72,0,0
profile,tfl-numbat-2019-midweek,early,5,11.966666666666667,1,2,off,free-flow,4,drop-offs,110,940GZZLUEUS,0,3900,3058,1800,1795,706d8f75a32eac66,359,359,0,0,204,155,6.8,50,129,10.266666666666667,26,true,1258,74,158,114,64,10,2,0,0,1,2,6586,1941,4644,8,london-link-069-a-departure,true,609,284.96675951717737,828.1666666666666,768.6666666666666,784.210399257196,1463.5333333333333,1642.1333333333334,1577775.4342317455,1795585.6739753669,46.77161393700624,1.444326504037417,2278822.877053726,2208306.469216908,1.0270329404760703,1.3297819733330971,61,0,0
profile,tfl-numbat-2019-midweek,early,5,11.966666666666667,1,3,off,free-flow,4,drop-offs,116,940GZZLUEUS,0,3900,3109,1800,1795,e90e4c4c349d670e,359,359,0,0,213,146,7.1,52,127,10.733333333333333,19,true,1309,67,153,108,56,7,2,0,0,1,2,2645,1371,1274,8,london-link-069-a-departure,true,675,253.6733983286908,737.6166666666667,684.2666666666667,755.4830547818013,1292.6333333333334,1462.95,1570626.4492564811,1732237.191598828,47.553475409289135,1.5133616290041236,2376925.801765155,2272962.5189914354,1.0386790292214434,1.306346822170414,76,0,0
profile,tfl-numbat-2019-midweek,early,4.615385,13.033333333333333,1,1,off,free-flow,4,drop-offs,137,940GZZLUEUS,0,3900,3484,1800,1798.6,90c3c036d47733d8,391,391,0,0,218,173,7.266666666666667,49,146,11.266666666666667,27,true,1684,86,173,114,64,8,2,0,0,2,2,3894,1686,2208,7,london-link-009-a-arrival,true,741.4,263.7312020460358,1026.6,729.0666666666667,773.3062233589088,1353.15,1992.95,1647244.1291225879,1872090.591140061,46.80555446001038,1.592352953020361,2622994.053289147,2520765.5040089427,1.0328599336639956,1.3061491058163912,73,0,0
profile,tfl-numbat-2019-midweek,early,4.615385,13.033333333333333,1,2,off,free-flow,4,drop-offs,133,940GZZLUEUS,0,3900,3023,1800,1798.6,dd76da605dc6d0b3,391,391,0,0,222,169,7.4,59,136,10.866666666666667,33,true,1223,73,170,114,69,12,2,0,0,1,2,7191,1918,5273,8,london-link-010-a-departure,true,600.4,270.6771099744245,850.3833333333333,774.7166666666667,775.9985507246378,1460.3166666666666,1698.4666666666667,1632776.2089715628,1827283.2149295185,47.18925338948866,1.5294123912480353,2497188.166091437,2412899.748260557,1.0292334403908485,1.2907118910939726,74,0,0
profile,tfl-numbat-2019-midweek,early,4.615385,13.033333333333333,1,3,off,free-flow,4,drop-offs,135,940GZZLUEUS,0,3900,3176,1800,1798.6,42c18a3a5d04a7c1,391,391,0,0,227,164,7.566666666666666,55,140,11.466666666666667,24,true,1376,82,166,114,59,11,2,0,0,1,2,5528,1704,3824,8,london-link-010-a-departure,true,738.4,264.76223358908777,950.9,816.4,764.1801364023871,1424.6666666666667,1546.95,1644466.6181351035,1810517.798932335,47.59693299951011,1.5700200603294792,2581845.578947655,2474303.3950567143,1.0355723829423755,1.2931772684565221,81,0,0
profile,tfl-numbat-2019-midweek,early,4.2857140000000005,14,1,1,off,free-flow,4,drop-offs,161,940GZZLUEUS,0,3900,3090,1800,1799,c19c8f7ced0a6fad,420,420,0,0,244,176,8.133333333333333,49,161,13,15,true,1290,82,183,114,64,8,2,0,0,1,2,4225,1739,2486,8,london-link-010-b-arrival,true,666,261.75158730158734,818.0666666666667,724.9333333333333,776.345753968254,1336.8666666666666,1759.4666666666667,1696229.4838845772,1910081.5527888942,47.03503016337745,1.6677170709292786,2828830.8663986255,2703353.089130922,1.0378912951393633,1.3154440569018022,93,0,0
profile,tfl-numbat-2019-midweek,early,4.2857140000000005,14,1,2,off,free-flow,4,drop-offs,155,940GZZLUEUS,0,3900,3058,1800,1799,576e1859100cd6b6,420,420,0,0,241,179,8.033333333333333,57,153,12.266666666666667,26,true,1258,78,186,114,71,12,2,0,0,1,2,7682,2141,5538,9,london-link-068-b-departure,true,606,266.33515873015875,900.75,789.6,779.2665476190476,1495.4,1748.1333333333334,1666046.4534327723,1858648.1611094591,47.267824184227926,1.621588109122425,2701641.1180697517,2590658.9130595094,1.0362920183373858,1.3613706775821777,82,0,0
profile,tfl-numbat-2019-midweek,early,4.2857140000000005,14,1,3,off,free-flow,4,drop-offs,159,940GZZLUEUS,0,3900,2988,1800,1799,880a3a3a981d7825,420,420,0,0,246,174,8.2,56,154,12.666666666666666,20,true,1188,71,178,114,67,10,2,0,0,1,2,5830,2158,3672,8,london-link-010-a-departure,true,618,245.45015873015873,808.05,750.3166666666667,759.3221031746032,1412.9333333333334,1578.5833333333333,1676447.7033464792,1802212.958646109,48.192332228985066,1.6567165569161477,2777398.666861456,2657459.3232881357,1.0379624932628453,1.3249566356672555,86,0,0
profile,tfl-numbat-2019-midweek,early,4,14.966666666666667,1,1,off,free-flow,4,drop-offs,179,940GZZLUEUS,0,3900,3192,1800,1796,63c82187320d4492,449,449,0,0,257,192,8.566666666666666,55,169,13.466666666666667,23,true,1392,87,194,114,63,12,2,0,0,1,2,5129,2022,3107,8,london-link-069-a-departure,true,801,269.9379732739421,996.05,803.8,790.2043801039347,1390.1166666666666,1713.0333333333333,1775700.1961849337,1959285.0495516548,47.542361732535895,1.712268842827801,3040476.120001917,2894046.6433019787,1.0412630112771042,1.303522393988335,106,0,0
profile,tfl-numbat-2019-midweek,early,4,14.966666666666667,1,2,off,free-flow,4,drop-offs,189,940GZZLUEUS,0,3900,2979,1800,1796,3c1cc4bd02bc2287,449,449,0,0,259,190,8.633333333333333,57,167,13.466666666666667,23,true,1179,88,197,114,73,13,2,0,0,1,2,8640,2247,6390,8,london-link-010-a-departure,true,595,257.61748329621383,955.1166666666667,819.05,768.9555679287305,1481.0166666666667,1789.0833333333333,1663726.2892275716,1801354.1882791189,48.01407355550688,1.7368483373778179,2889640.239226361,2767875.506267038,1.0385993094898212,1.3347527755863426,96,0,0
profile,tfl-numbat-2019-midweek,early,4,14.966666666666667,1,3,off,free-flow,4,drop-offs,180,940GZZLUEUS,0,3900,3090,1800,1796,518b208a85e38dde,449,449,0,0,263,186,8.766666666666667,57,167,13.733333333333333,19,true,1290,86,189,114,65,11,2,0,0,1,2,7117,2337,4780,9,london-link-069-a-departure,true,705,256.60167037861913,887.8,807.6,764.8183370452858,1439.7833333333333,1586.15,1733039.8637323095,1896722.830591789,47.74526627986683,1.702613768162315,2950697.532658199,2829011.8712767246,1.0355200174873664,1.2969810902435661,92,0,0
profile,tfl-numbat-2019-midweek,morning,60,0.9666666666666667,1,1,off,free-flow,4,drop-offs,0,940GZZLUEUS,0,3900,2307,1800,1740,ec096baf2262cfae,29,29,0,0,23,6,0.7666666666666667,7,7,1.0666666666666667,-1,true,507,1,10,10,10,0,1,0,0,2,1,0,0,0,2,london-link-023-a-arrival,true,0,20.49712643678161,205.85,115.76666666666667,415.63045977011495,811.8166666666667,1048.5666666666666,155331.7207800927,41283.54053107956,79.0028809280769,1,155331.72077894528,155331.72077894528,1,1,0,0,0
profile,tfl-numbat-2019-midweek,morning,60,0.9666666666666667,1,2,off,free-flow,4,drop-offs,0,940GZZLUEUS,0,3900,2155,1800,1740,eaf98c10ead9f202,29,29,0,0,23,6,0.7666666666666667,8,6,1,0,true,355,2,9,9,8,0,0,0,0,1,1,0,0,0,2,london-link-084-a-departure,true,0,41.04080459770115,172.65,150.91666666666666,393.2201149425287,708.5166666666667,813.1833333333333,137908.053580545,30776.098725044365,81.75519258662177,1,137908.05357964188,137908.05357964188,1,1,0,0,0
profile,tfl-numbat-2019-midweek,morning,60,0.9666666666666667,1,3,off,free-flow,4,drop-offs,0,940GZZLUEUS,0,3900,2488,1800,1740,5214e5eaa55ec074,29,29,0,0,21,8,0.7,7,7,0.9333333333333333,1,true,688,3,10,10,10,1,0,0,0,1,1,5,4,1,2,940GZZLUBNK-01-arrival,true,164,53.166091954022995,343.9,327.81666666666666,468.3086206896552,859.2333333333333,891.2333333333333,163234.2424259688,85610.58622028808,65.59679914345858,1,163234.24242449424,163234.24242449424,1,1,0,0,0
profile,tfl-numbat-2019-midweek,morning,30,1.9666666666666666,1,1,off,free-flow,4,drop-offs,1,940GZZLUEUS,0,3900,2677,1800,1770,97c3b096389d787f,59,59,0,0,43,16,1.4333333333333333,15,14,1.8666666666666667,2,true,877,4,17,17,15,1,1,0,0,2,1,9,8,1,2,940GZZLUKSX-01-departure,true,267,55.52146892655367,356.85,215.46666666666667,444.5533898305085,996.4,1048.5666666666666,307048.907314655,134229.35173066444,69.58169840021985,1.0120422624022292,310746.4708232852,310746.4708232852,1,1,0,0,0
profile,tfl-numbat-2019-midweek,morning,30,1.9666666666666666,1,2,off,free-flow,4,drop-offs,0,940GZZLUEUS,0,3900,2839,1800,1770,2eb0fa6013c87d49,59,59,0,0,43,16,1.4333333333333333,16,13,1.8,3,true,1039,5,17,16,14,1,1,0,0,1,1,8,7,1,2,940GZZLUBXN-01-arrival,true,363,65.44774011299435,362.2,309.9166666666667,452.65677966101697,946.4166666666666,1068.65,309161.27625129337,122939.95968260306,71.548343430008,1,309161.2762475908,309161.2762475908,1,1,0,0,0
profile,tfl-numbat-2019-midweek,morning,30,1.9666666666666666,1,3,off,free-flow,4,drop-offs,0,940GZZLUEUS,0,3900,2499,1800,1770,e15aaff78f8f0841,59,59,0,0,41,18,1.3666666666666667,17,12,1.6,6,true,699,5,19,19,16,0,0,0,0,1,1,0,0,0,3,london-link-048-b-departure,true,112,72.12994350282487,354.6166666666667,327.81666666666666,508.30593220338983,876.85,908.4166666666666,349832.3785112889,154533.77148276402,69.36079642050004,1,349832.3785069095,349832.3785069095,1,1,0,0,0
profile,tfl-numbat-2019-midweek,morning,20,2.966666666666667,1,1,off,free-flow,4,drop-offs,1,940GZZLUEUS,0,3900,2564,1800,1780,d2d7fedf7433e695,89,89,0,0,67,22,2.2333333333333334,23,21,2.933333333333333,1,true,764,8,26,26,21,1,2,0,0,2,1,12,10,2,3,london-link-030-a-arrival,true,357,84.7876404494382,456.45,347.9,468.5239700374532,983.7833333333333,1071.05,459924.7537217557,243005.63357598966,65.42963030661271,1.0045120028872216,461999.9355324262,461324.9473413209,1.0015054204283889,1.1339824181265996,1,0,0
profile,tfl-numbat-2019-midweek,morning,20,2.966666666666667,1,2,off,free-flow,4,drop-offs,0,940GZZLUEUS,0,3900,2667,1800,1780,102a127340b7005c,89,89,0,0,61,28,2.033333333333333,24,20,2.466666666666667,8,true,867,10,30,30,23,1,1,0,0,1,1,6,5,1,3,940GZZLUVIC-01-arrival,true,343,100.98614232209738,449.5,349.26666666666665,526.0056179775281,986.3333333333334,1353.9333333333334,513840.67737405194,225782.83406831473,69.47327517644655,1,513840.6773670815,513840.6773670815,1,1,0,0,0
profile,tfl-numbat-2019-midweek,morning,20,2.966666666666667,1,3,off,free-flow,4,drop-offs,0,940GZZLUEUS,0,3900,2984,1800,1780,d207b3f7842d888c,89,89,0,0,64,25,2.1333333333333333,24,20,2.6666666666666665,5,true,1184,9,31,31,26,1,1,0,0,1,1,3,2,1,3,london-link-022-a-departure,true,334,93.39007490636705,362.0833333333333,327.81666666666666,530.3837078651685,906.9666666666667,1203.4,528508.2426451987,304526.12778363226,63.44374991071884,1,528508.2426390685,528508.2426390685,1,1,0,0,0
profile,tfl-numbat-2019-midweek,morning,15,3.966666666666667,1,1,off,free-flow,4,drop-offs,1,940GZZLUEUS,0,3900,2869,1800,1785,9b3980983f12907c,119,119,0,0,82,37,2.7333333333333334,30,29,3.466666666666667,8,true,1069,12,39,38,30,1,2,0,0,2,1,12,11,1,3,london-link-009-a-arrival,true,356,95.68361344537814,433.7,311.43333333333334,504.8648459383753,1027.0666666666666,1129.4833333333333,653639.855806039,334469.0025344797,66.15059163661337,1.0099663535512984,660154.2617271176,659451.4338500937,1.0006890925488514,1.082002013313308,1,0,0
profile,tfl-numbat-2019-midweek,morning,15,3.966666666666667,1,2,off,free-flow,4,drop-offs,0,940GZZLUEUS,0,3900,2759,1800,1785,69d4d38d8565a9e6,119,119,0,0,76,43,2.533333333333333,30,29,3.066666666666667,14,true,959,16,44,44,35,1,1,0,0,1,1,10,7,2,3,940GZZLUVIC-01-arrival,true,281,122.33557422969189,474.15,375.68333333333334,546.0449579831933,1042.8166666666666,1353.9333333333334,684506.4628764675,325239.3867880228,67.78997537884503,1,684506.4629060702,684506.4629060702,1,1,0,0,0
profile,tfl-numbat-2019-midweek,morning,15,3.966666666666667,1,3,off,free-flow,4,drop-offs,0,940GZZLUEUS,0,3900,2642,1800,1785,4bba75f61683de00,119,119,0,0,83,36,2.7666666666666666,24,35,3.933333333333333,1,true,842,13,39,39,33,1,1,0,0,2,1,29,23,6,4,london-link-048-a-arrival,true,309,113.51680672268908,466.28333333333336,359.96666666666664,534.0445378151261,924.05,1306.6666666666667,678566.6398540812,358013.70302587433,65.46204011247248,1,678566.6398821606,678566.6398821606,1,1,0,0,0
profile,tfl-numbat-2019-midweek,morning,12,4.966666666666667,1,1,off,free-flow,4,drop-offs,2,940GZZLUEUS,0,3900,2751,1800,1788,55e19f59b2536a66,149,149,0,0,100,49,3.3333333333333335,36,38,4.266666666666667,11,true,951,15,49,48,41,2,2,0,1,2,1,49,39,10,4,940GZZLULNB-01-arrival,true,284,99.12460850111856,426.8,342.85,515.97774049217,996.4,1134.85,831618.3896154872,432849.7518630573,65.7682358563083,1.0119614366335181,841565.7403501252,840025.5166271534,1.0011465125674812,1.0935917389180152,2,0,0
profile,tfl-numbat-2019-midweek,morning,12,4.966666666666667,1,2,off,free-flow,4,drop-offs,2,940GZZLUEUS,0,3900,2706,1800,1788,04314078e25fbbdc,149,149,0,0,96,53,3.2,40,34,3.7333333333333334,19,true,906,18,55,54,44,1,1,0,0,2,1,10,6,4,4,london-link-075-b-departure,true,424,118.53087248322147,533.4666666666667,379.23333333333335,536.6397091722595,1042.8166666666666,1364.6333333333334,839138.5856589454,426449.6613594925,66.3042334373638,1.0074535035517864,845393.1081530845,843886.0736728343,1.001620228572465,1.1447778931536958,2,0,0
profile,tfl-numbat-2019-midweek,morning,12,4.966666666666667,1,3,off,free-flow,4,drop-offs,2,940GZZLUEUS,0,3900,2980,1800,1788,6cc4332fc789a716,149,149,0,0,106,43,3.533333333333333,29,45,5.133333333333334,-2,true,1180,18,48,47,39,2,1,0,0,2,1,38,28,10,4,london-link-048-a-arrival,true,526,126.40425055928411,548.5666666666667,406.46666666666664,557.7885906040268,1008.8333333333334,1285.2666666666667,865072.6958235773,429807.6990907989,66.80715062341956,1.0076543125685713,871694.2327034168,870955.4199653681,1.001232478877568,1.183639352757603,1,0,0
profile,tfl-numbat-2019-midweek,morning,10,5.966666666666667,1,1,off,free-flow,4,drop-offs,3,940GZZLUEUS,0,3900,2924,1800,1790,944d0fed765eed8b,179,179,0,0,118,61,3.933333333333333,43,46,5,15,true,1124,19,65,64,50,2,2,0,0,2,1,48,38,10,4,london-link-082-a-departure,true,341,124.96508379888269,472.95,368.43333333333334,545.8216945996276,1048.5666666666666,1153.9833333333333,1007363.8276500227,537373.5789163356,65.21262600154098,1.0134458124076442,1020908.6528075779,1020167.255607713,1.0013848070043665,1.2478804537816155,1,0,0
profile,tfl-numbat-2019-midweek,morning,10,5.966666666666667,1,2,off,free-flow,4,drop-offs,5,940GZZLUEUS,0,3900,3128,1800,1790,ad331b2234d47096,179,179,0,0,123,56,4.1,44,45,5.266666666666667,11,true,1328,23,67,65,54,1,2,0,1,2,1,64,49,15,5,london-link-070-a-departure,true,387,131.2810055865922,496.65,438.76666666666665,559.2106145251397,1042.8166666666666,1487.65,1021920.4519198205,530291.0943954072,65.83641607007385,1.014573000372041,1036812.8991538639,1032969.4813110208,1.003828816718157,1.1879481766937212,5,0,0
profile,tfl-numbat-2019-midweek,morning,10,5.966666666666667,1,3,off,free-flow,4,drop-offs,2,940GZZLUEUS,0,3900,3257,1800,1790,6a65d9c30f59177b,179,179,0,0,119,60,3.966666666666667,35,54,5.6,6,true,1457,24,62,60,44,2,1,0,0,2,1,93,76,16,4,940GZZLUKSX-01-arrival,true,458,147.54031657355682,567.6833333333333,463.68333333333334,572.0724394785847,1075.0666666666666,1576.7166666666667,1022056.2461423174,578191.0117428667,63.86864536753036,1.0067323635261771,1028937.1004428826,1027351.7887624792,1.0013084433741495,1.13715011663561,2,0,0
profile,tfl-numbat-2019-midweek,morning,8.571429,7,1,1,off,free-flow,4,drop-offs,4,940GZZLUEUS,0,3900,3075,1800,1799,cda90f11c595fc68,210,210,0,0,142,68,4.733333333333333,46,59,6.4,9,true,1275,25,73,73,55,1,3,0,0,2,1,110,90,17,5,london-link-118-a-arrival,true,409,146.7934126984127,600.8,434.25,573.6897619047619,1082.1666666666667,1441.9333333333334,1201115.851855909,615627.5817772445,66.11367514090296,1.0103737877174186,1213575.9728006767,1210562.4102557492,1.0031002545481138,1.2628890892905584,4,0,0
profile,tfl-numbat-2019-midweek,morning,8.571429,7,1,2,off,free-flow,4,drop-offs,4,940GZZLUEUS,0,3900,2879,1800,1799,7f2bdfec1fd345fe,210,210,0,0,141,69,4.7,45,60,6.4,9,true,1079,26,77,76,60,3,1,0,0,2,2,61,47,14,4,940GZZLUKSX-01-arrival,true,290,137.03063492063492,504.1333333333333,433.6166666666667,560.2242063492063,1060.0666666666666,1473.7666666666667,1190423.9660385372,573467.9456563322,67.48848714288255,1.0112504853227136,1203816.8134726826,1200858.1211410828,1.0021781177830784,1.2090545336455947,4,0,0
profile,tfl-numbat-2019-midweek,morning,8.571429,7,1,3,off,free-flow,4,drop-offs,2,940GZZLUEUS,0,3900,2991,1800,1799,7ea8c132a695c16b,210,210,0,0,137,73,4.566666666666666,42,63,6.333333333333333,10,true,1191,26,74,73,55,2,2,0,0,2,2,106,85,21,5,london-link-048-a-arrival,true,373,148.19753968253968,565.3166666666667,484.8666666666667,573.1324603174603,1095.7666666666667,1491.7333333333333,1200922.5456459494,603473.9945660356,66.55535625804636,1.0057920922700179,1207878.399912715,1205993.0882323117,1.0015810338209215,1.1685658361244649,2,0,0
profile,tfl-numbat-2019-midweek,morning,7.5,7.966666666666667,1,1,off,free-flow,4,drop-offs,7,940GZZLUEUS,0,3900,2961,1800,1792.5,4731b4d993884c61,239,239,0,0,154,85,5.133333333333334,54,65,6.666666666666667,20,true,1161,29,87,84,64,2,3,0,1,2,1,131,98,31,4,london-link-022-a-departure,true,436.5,152.7260111576011,516.6,415.3666666666667,578.9180613668061,1075.15,1302.95,1345648.3764770024,685349.699397921,66.25552197519033,1.0236362896045597,1377454.5112448803,1371857.1519005888,1.0037690329172984,1.2203595586751894,7,0,0
profile,tfl-numbat-2019-midweek,morning,7.5,7.966666666666667,1,2,off,free-flow,4,drop-offs,5,940GZZLUEUS,0,3900,3188,1800,1792.5,f9f836c87071a85e,239,239,0,0,165,74,5.5,51,68,7.6,6,true,1388,32,88,84,65,1,3,0,0,1,1,92,72,20,4,940GZZLUWLO-diverge,true,354.5,147.8576011157601,561.6166666666667,430.51666666666665,567.039539748954,1042.8166666666666,1447.75,1333061.11546783,682691.1109773285,66.13219114825063,1.0168641995281955,1355542.1241411685,1351449.638245744,1.0025696217839164,1.1749741054059761,5,0,0
profile,tfl-numbat-2019-midweek,morning,7.5,7.966666666666667,1,3,off,free-flow,4,drop-offs,3,940GZZLUEUS,0,3900,3153,1800,1792.5,15f7af9d566e1cbd,239,239,0,0,157,82,5.233333333333333,45,74,7.466666666666667,8,true,1353,32,89,85,61,1,2,0,0,2,1,99,81,18,4,940GZZLULNB-01-arrival,true,528.5,169.2010460251046,612.0666666666667,496.98333333333335,596.2482566248257,1157.4833333333333,1632.1,1371217.4176208107,775845.5696748357,63.86479696843643,1.0087624017568142,1383232.5755584582,1381547.934204456,1.0009693552932442,1.1302202989262484,2,0,0
profile,tfl-numbat-2019-midweek,morning,6.666667,8.966666666666667,1,1,off,free-flow,4,drop-offs,7,940GZZLUEUS,0,3900,2924,1800,1793.3333333333333,34ba04f18e7fc846,269,269,0,0,172,97,5.733333333333333,58,76,7.6,21,true,1124,37,99,94,71,2,3,0,0,2,2,185,152,31,5,london-link-009-a-arrival,true,331.6666666666667,164.65260223048327,606.15,478.71666666666664,587.0320941759603,1111.6166666666666,1468.6833333333334,1501357.5283512052,786602.8456614082,65.61990956679604,1.0229506672372775,1535814.685383155,1530137.0275102868,1.0028892051872624,1.230182852318834,6,0,0
profile,tfl-numbat-2019-midweek,morning,6.666667,8.966666666666667,1,2,off,free-flow,4,drop-offs,8,940GZZLUEUS,0,3900,2934,1800,1793.3333333333333,b3b95630ed092780,269,269,0,0,182,87,6.066666666666666,54,80,8.533333333333333,7,true,1134,35,100,95,71,3,2,0,1,2,1,188,141,47,5,940GZZLUWLO-01-arrival,true,449.6666666666667,160.97973977695167,590.1333333333333,436.35,592.2944857496902,1125.1666666666667,1384.2833333333333,1541896.506224849,785122.2668126875,66.26059592171485,1.0181151100149253,1569828.1310499408,1564996.5068356884,1.0024502713888286,1.1749741054059761,6,0,0
profile,tfl-numbat-2019-midweek,morning,6.666667,8.966666666666667,1,3,off,free-flow,4,drop-offs,4,940GZZLUEUS,0,3900,2899,1800,1793.3333333333333,8e5746ead23083f4,269,269,0,0,178,91,5.933333333333334,54,80,8.266666666666667,11,true,1099,37,96,93,68,3,2,0,0,2,1,204,167,34,5,london-link-049-a-departure,true,473.6666666666667,174.28531598513013,602.0166666666667,473.03333333333336,595.4455390334573,1093.4333333333334,1611.05,1519175.8700251984,885151.6353817479,63.18506387373667,1.0090935254301903,1532990.5344219925,1529681.691227845,1.0023831377441437,1.2888590053008755,4,0,0
profile,tfl-numbat-2019-midweek,morning,6,9.966666666666667,1,1,off,free-flow,4,drop-offs,12,940GZZLUEUS,0,3900,3460,1800,1794,1c08fe1ead694371,299,299,0,0,191,108,6.366666666666666,65,84,8.4,24,true,1660,41,112,104,74,2,2,1,0,2,2,149,119,28,5,london-link-082-a-departure,true,712,180.25211817168338,831.05,481.3333333333333,602.8236343366779,1141.0833333333333,1785.6166666666666,1650092.0508515483,962892.60635701,63.14970301487861,1.0354651529741705,1708612.8178105692,1698321.691771871,1.0065573394895202,1.2866062756813923,10,0,0
profile,tfl-numbat-2019-midweek,morning,6,9.966666666666667,1,2,off,free-flow,4,drop-offs,11,940GZZLUEUS,0,3900,2956,1800,1794,5d52463e8423e3e8,299,299,0,0,200,99,6.666666666666667,57,92,9.533333333333333,7,true,1156,41,108,102,72,2,2,0,1,2,2,227,178,45,5,london-link-088-a-arrival,true,537,172.04743589743592,571.3333333333334,475.3833333333333,597.2454292084727,1106.8666666666666,1563.9333333333334,1682549.1304962118,892099.8451023333,65.3506224127139,1.021633741362936,1718948.963161948,1711223.1629208708,1.004415323765313,1.2126210841356782,10,0,0
profile,tfl-numbat-2019-midweek,morning,6,9.966666666666667,1,3,off,free-flow,4,drop-offs,9,940GZZLUEUS,0,3900,2945,1800,1794,c3759d12dff30a69,299,299,0,0,197,102,6.566666666666666,59,90,9.2,12,true,1145,47,111,104,73,2,2,0,0,2,1,188,147,37,5,london-link-013-b-departure,true,355,187.7418060200669,620.1666666666666,504.35,612.6329988851728,1111.75,1581.75,1677510.9246471124,997804.8909773711,62.703285901800754,1.0248416064596435,1719182.9908163918,1715342.4876762228,1.0019629731984778,1.1704546318087818,5,0,0
profile,tfl-numbat-2019-midweek,morning,5.4545449999999995,11,1,1,off,free-flow,4,drop-offs,15,940GZZLUEUS,0,3900,3327,1800,1798.5,c64244c66b891430,330,330,0,0,207,123,6.9,70,95,9.133333333333333,28,true,1527,54,124,114,78,3,2,0,0,2,2,297,236,61,5,london-link-013-a-arrival,true,645.5,207.8719696969697,856.2833333333333,544.5166666666667,630.7094949494949,1155.9666666666667,1805.4833333333333,1820857.8848731807,1196309.6702144614,60.349909364589095,1.035506047791912,1885509.351863567,1874557.5257109422,1.0047705459859602,1.2331540192339667,12,0,0
profile,tfl-numbat-2019-midweek,morning,5.4545449999999995,11,1,2,off,free-flow,4,drop-offs,12,940GZZLUEUS,0,3900,3149,1800,1798.5,c421d6886132d7aa,330,330,0,0,212,118,7.066666666666666,61,104,10.066666666666666,14,true,1349,53,130,114,75,2,3,0,1,2,2,319,243,76,5,london-link-009-a-arrival,true,566.5,215.82510101010104,768.3166666666667,581.5,642.7204040404041,1185.4666666666667,1495.9,1842934.0463665547,1203715.8676456092,60.49050919472321,1.0319783413540986,1901868.0202977422,1892441.7977947874,1.004363959699219,1.2080981893994183,12,0,0
profile,tfl-numbat-2019-midweek,morning,5.4545449999999995,11,1,3,off,free-flow,4,drop-offs,16,940GZZLUEUS,0,3900,2936,1800,1798.5,bd64ac0fbdcacbce,330,330,0,0,203,127,6.766666666666667,59,106,9.6,21,true,1136,57,131,114,78,2,2,0,1,2,1,279,215,63,5,940GZZLUVIC-01-arrival,true,736.5,222.49888888888887,806.8666666666667,536.4833333333333,649.8620202020202,1153.0333333333333,1598.5833333333333,1836661.6397583724,1158604.6387619257,61.31881004802377,1.0372354184926578,1905050.5044478702,1894368.4265613402,1.0047009518359962,1.211244016220273,13,0,0
profile,tfl-numbat-2019-midweek,morning,5,11.966666666666667,1,1,off,free-flow,4,drop-offs,28,940GZZLUEUS,0,3900,3304,1800,1795,5960e07ad149c806,359,359,0,0,212,147,7.066666666666666,74,105,9.2,42,true,1504,71,148,114,73,3,2,0,0,2,2,376,292,84,6,london-link-087-a-arrival,true,675,254.26680594243268,953.9333333333333,654.7666666666667,679.9241411327762,1233.6166666666666,1908.5,1940886.4691096505,1313845.5882137057,59.63275731845672,1.063428588048388,2063994.1572804048,2041355.8808961778,1.0096914550925205,1.3305351603595565,24,0,0
profile,tfl-numbat-2019-midweek,morning,5,11.966666666666667,1,2,off,free-flow,4,drop-offs,23,940GZZLUEUS,0,3900,3297,1800,1795,fd71a29997bbff89,359,359,0,0,223,136,7.433333333333334,69,110,10.266666666666667,26,true,1497,69,142,114,76,2,4,0,0,2,2,403,308,94,5,940GZZLUKSX-01-arrival,true,707,251.2433147632312,1057.5,677.9833333333333,682.2832404828226,1313.7666666666667,1833.3166666666666,1984483.8670191146,1346750.4354528773,59.572029068819894,1.0530920909842174,2089844.264905871,2071356.631244381,1.0076710274205318,1.2534205766754565,21,0,0
profile,tfl-numbat-2019-midweek,morning,5,11.966666666666667,1,3,off,free-flow,4,drop-offs,25,940GZZLUEUS,0,3900,3336,1800,1795,53029c581d4402c7,359,359,0,0,207,152,6.9,66,113,9.4,39,true,1536,73,152,114,82,3,2,0,1,2,2,350,267,81,6,london-link-048-a-departure,true,912,274.1933147632312,1019.8166666666667,687.25,703.4384401114206,1287.7666666666667,1710.6,1962612.006697758,1359536.5377310223,59.076587950561226,1.0616581917693326,2083623.1140421182,2068456.2037020111,1.0062897482954427,1.2784468328511587,18,0,0
profile,tfl-numbat-2019-midweek,morning,4.615385,13.033333333333333,1,1,off,free-flow,4,drop-offs,42,940GZZLUEUS,0,3900,3396,1800,1798.6,b9bdf89a2a5e69f2,391,391,0,0,243,148,8.1,80,115,10.866666666666667,33,true,1596,77,154,114,81,3,2,0,0,2,2,666,458,204,6,london-link-031-b-departure,true,771.4,251.26402387041773,891.3833333333333,614.4,680.565601023018,1255.7333333333333,1809.0166666666667,2050576.589081368,1341599.7041925173,60.45017746121616,1.1027077751505003,2261186.74815831,2230884.0814835303,1.0107877679515918,1.2474452828183515,32,0,0
profile,tfl-numbat-2019-midweek,morning,4.615385,13.033333333333333,1,2,off,free-flow,4,drop-offs,27,940GZZLUEUS,0,3900,3332,1800,1798.6,8b758b26ca8b1088,391,391,0,0,233,158,7.766666666666667,73,122,10.666666666666666,36,true,1532,92,160,114,79,3,4,0,1,2,1,434,336,98,5,940GZZLUWLO-01-arrival,true,938.4,300.0470588235294,1281.0333333333333,732.45,732.1467178175617,1364.6333333333334,2059.866666666667,2164633.8356984314,1449675.679483058,59.89066034898609,1.05379209718313,2281074.0291676726,2255720.2265195916,1.0105697661334954,1.3974876936034333,26,0,0
profile,tfl-numbat-2019-midweek,morning,4.615385,13.033333333333333,1,3,off,free-flow,4,drop-offs,48,940GZZLUEUS,0,3900,3244,1800,1798.6,7433030a10576159,391,391,0,0,217,174,7.233333333333333,72,123,9.666666666666666,51,true,1444,98,174,114,75,5,3,0,0,2,2,553,411,140,6,london-link-048-a-departure,true,994.4,315.62855924978686,1053.8833333333334,773.1666666666666,747.5358056265985,1366.8166666666666,1708.6333333333334,2067243.3732509452,1482378.2365340951,58.23841525959536,1.0997994200393935,2273553.062814219,2234636.4514375473,1.0166177170860315,1.4035981954087842,39,0,0
profile,tfl-numbat-2019-midweek,morning,4.2857140000000005,14,1,1,off,free-flow,4,drop-offs,59,940GZZLUEUS,0,3900,3528,1800,1799,8f257d775b622b3f,420,420,0,0,251,169,8.366666666666667,80,130,11.4,39,true,1728,88,175,114,79,2,2,0,1,2,2,264,203,58,5,london-link-031-b-departure,true,931,294.04099206349207,1070.25,755.25,733.0157142857142,1396.8666666666666,1886.6666666666667,2213873.8577479618,1542105.8385608373,58.942647105458356,1.1239792940451976,2488348.375521863,2446985.9951138436,1.0162145952700363,1.3011842229963575,43,0,0
profile,tfl-numbat-2019-midweek,morning,4.2857140000000005,14,1,2,off,free-flow,4,drop-offs,50,940GZZLUEUS,0,3900,3533,1800,1799,147acec647511cf7,420,420,0,0,240,180,8,74,136,11.066666666666666,44,true,1733,103,181,114,77,3,3,0,1,2,2,527,376,150,6,london-link-031-b-departure,true,832,333.81996031746036,1058.1666666666667,821.3666666666667,764.5261507936508,1394.6333333333334,1960.7833333333333,2222870.541417368,1593870.186285271,58.24001943027846,1.0971040184281748,2438720.2032235446,2396468.123522486,1.0159441483571516,1.3327710785494125,44,0,0
profile,tfl-numbat-2019-midweek,morning,4.2857140000000005,14,1,3,off,free-flow,4,drop-offs,63,940GZZLUEUS,0,3900,3501,1800,1799,a415c0f5b05ea09e,420,420,0,0,228,192,7.6,74,136,10.266666666666667,56,true,1701,95,192,114,77,5,3,0,1,1,2,472,366,104,6,london-link-031-b-departure,true,1014,326.07138888888886,1180.7833333333333,839.5333333333333,755.9389285714285,1371.4333333333334,1868.1333333333334,2141372.03570457,1603654.6052572445,57.17908685302738,1.1355313398490354,2431595.0566247404,2385095.873810968,1.0177628695483256,1.3310176896156674,48,0,0
profile,tfl-numbat-2019-midweek,morning,4,14.966666666666667,1,1,off,free-flow,4,drop-offs,72,940GZZLUEUS,0,3900,3723,1800,1796,770f9d7a64f87d13,449,449,0,0,251,198,8.366666666666667,83,141,11.2,57,true,1923,128,208,114,75,4,3,0,0,2,2,644,533,107,5,940GZZLUWLO-exit,true,1356,369.1121009651077,1419.75,891.3666666666667,812.5704899777284,1507.3333333333333,2046.4333333333334,2333639.3144217734,1725623.7145521091,57.489236291536415,1.1492919237270243,2682032.8167022867,2622973.8415156608,1.0204443832117858,1.3495142318305022,56,0,0
profile,tfl-numbat-2019-midweek,morning,4,14.966666666666667,1,2,off,free-flow,4,drop-offs,70,940GZZLUEUS,0,3900,3297,1800,1796,7d616be7f0c36e85,449,449,0,0,249,200,8.3,78,146,11.4,54,true,1497,119,203,114,80,3,3,0,1,2,2,386,295,91,7,london-link-048-a-departure,true,951,357.2102078693393,1084.75,820.7666666666667,785.862843355605,1471.05,1869.0333333333333,2272986.7933279425,1565153.1069988306,59.22105114340475,1.1406958795135604,2592786.6691043833,2538917.1185135827,1.020106134608031,1.4047150381919238,57,0,0
profile,tfl-numbat-2019-midweek,morning,4,14.966666666666667,1,3,off,free-flow,4,drop-offs,77,940GZZLUEUS,0,3900,3512,1800,1796,a0ab47d20ba11e88,449,449,0,0,243,206,8.1,76,148,11.133333333333333,58,true,1712,108,208,114,80,3,3,0,1,2,2,490,354,134,6,london-link-127-b-departure,true,1138,351.50649591685226,1189.7,848.25,784.3283964365256,1426.4166666666667,1866.8666666666666,2234263.4217482824,1632348.639451739,57.78349072481991,1.171137662642596,2616630.0412458433,2556319.076327581,1.0218551583651503,1.3884089626829597,59,0,0
profile,tfl-numbat-2019-midweek,am-peak,60,0.9666666666666667,1,1,off,free-flow,4,drop-offs,0,940GZZLUEUS,0,3900,2434,1800,1740,91f17b3654b28322,29,29,0,0,23,6,0.7666666666666667,7,7,1.0666666666666667,-1,true,634,2,9,9,9,0,1,0,0,2,1,0,0,0,2,940GZZLUBNK-01-arrival,true,0,15.32183908045977,205.88333333333333,111.53333333333333,446.6649425287356,757.05,826.5333333333333,170038.47935630876,26973.178481395626,86.30884142723383,1,170038.47935483302,170038.47935483302,1,1,0,0,0
profile,tfl-numbat-2019-midweek,am-peak,60,0.9666666666666667,1,2,off,free-flow,4,drop-offs,0,940GZZLUEUS,0,3900,2352,1800,1740,13a4fdcb6e345e29,29,29,0,0,22,7,0.7333333333333333,9,5,0.8666666666666667,2,true,552,3,8,8,8,0,1,0,0,1,1,0,0,0,1,940GZZLUBKF-01-departure,true,0,35.66149425287357,161.31666666666666,126.98333333333333,390.50632183908044,765.3166666666667,971.75,139007.43371350633,52748.269490098595,72.49194229488401,1,139007.43371262972,139007.43371262972,1,1,0,0,0
profile,tfl-numbat-2019-midweek,am-peak,60,0.9666666666666667,1,3,off,free-flow,4,drop-offs,0,940GZZLUEUS,0,3900,2652,1800,1740,2a25d7a620a8b34d,29,29,0,0,20,9,0.6666666666666666,7,7,0.8666666666666667,2,true,852,2,10,10,9,1,0,0,0,1,1,8,7,1,2,940GZZLUOXC-01-arrival,true,0,40.935057471264365,207.15,205.88333333333333,460.2614942528736,821.8833333333333,911.8333333333334,165121.07575321395,77354.64328737644,68.09798375134325,1,165121.07575183813,165121.07575183813,1,1,0,0,0
profile,tfl-numbat-2019-midweek,am-peak,30,1.9666666666666666,1,1,off,free-flow,4,drop-offs,0,940GZZLUEUS,0,3900,2416,1800,1770,b005b6d375179000,59,59,0,0,48,11,1.6,16,13,2.1333333333333333,-2,true,616,2,18,18,17,1,1,0,0,2,1,1,1,0,3,london-link-087-a-arrival,true,88,22.951412429378532,207.15,136.5,421.20593220338986,757.05,826.5333333333333,318439.65233857644,83579.30168585772,79.210109162968,1,318439.65233473416,318439.65233473416,1,1,0,0,0
profile,tfl-numbat-2019-midweek,am-peak,30,1.9666666666666666,1,2,off,free-flow,4,drop-offs,0,940GZZLUEUS,0,3900,2522,1800,1770,81208d9b58d5f9ff,59,59,0,0,44,15,1.4666666666666666,19,10,1.6666666666666667,5,true,722,5,17,17,16,1,1,0,0,1,1,9,8,1,3,london-link-075-a-arrival,true,211,47.07118644067796,240.4,176.01666666666668,422.4737288135593,781.2333333333333,971.75,299285.06624609604,154044.9133985241,66.01925301316166,1,299285.0662425115,299285.0662425115,1,1,0,0,0
profile,tfl-numbat-2019-midweek,am-peak,30,1.9666666666666666,1,3,off,free-flow,4,drop-offs,0,940GZZLUEUS,0,3900,2632,1800,1770,dbc46e79bcf53e4f,59,59,0,0,44,15,1.4666666666666666,15,14,1.9333333333333333,1,true,832,5,21,20,20,1,0,0,0,1,1,12,10,2,3,london-link-070-a-departure,true,103,58.93022598870057,271.8833333333333,245.75,470.46666666666664,891.7333333333333,947.7,329065.43679483025,194231.391368696,62.8831323036416,1,329065.4367908913,329065.4367908913,1,1,0,0,0
profile,tfl-numbat-2019-midweek,am-peak,20,2.966666666666667,1,1,off,free-flow,4,drop-offs,0,940GZZLUEUS,0,3900,2697,1800,1780,66f80c9375c76554,89,89,0,0,68,21,2.2666666666666666,22,22,3.066666666666667,-1,true,897,6,27,27,24,1,1,0,0,2,1,8,5,3,3,london-link-070-a-departure,true,352,53.92378277153558,391.53333333333336,207.15,460.77546816479406,842.0833333333334,951.7833333333333,490565.84760020924,229479.91170061615,68.12981553791187,1,490565.8475936576,490565.8475936576,1,1,0,0,0
profile,tfl-numbat-2019-midweek,am-peak,20,2.966666666666667,1,2,off,free-flow,4,drop-offs,1,940GZZLUEUS,0,3900,2717,1800,1780,e9fa7be6e6bf2313,89,89,0,0,65,24,2.1666666666666665,25,19,2.6666666666666665,5,true,917,8,28,27,22,1,1,0,0,2,1,14,11,3,3,london-link-049-a-departure,true,282,74.69662921348315,356.85,273.21666666666664,455.4582397003745,828.8,1036.6333333333334,454686.0888934219,235163.38475319502,65.91091336054855,1.0078800404511374,458269.03366033616,457473.89123383217,1.0009954772589245,1.0885974760442667,1,0,0
profile,tfl-numbat-2019-midweek,am-peak,20,2.966666666666667,1,3,off,free-flow,4,drop-offs,0,940GZZLUEUS,0,3900,2503,1800,1780,06bdf1662b8a1f89,89,89,0,0,66,23,2.2,21,23,3,0,true,703,8,29,29,26,1,2,0,0,1,1,10,9,1,3,london-link-070-a-departure,true,272,73.54550561797753,386.1666666666667,258.31666666666666,466.6220973782772,862.5166666666667,1038.1833333333334,473934.72717816423,235606.73304839572,66.7945079667134,1,473934.72717189684,473934.72717189684,1,1,0,0,0
profile,tfl-numbat-2019-midweek,am-peak,15,3.966666666666667,1,1,off,free-flow,4,drop-offs,0,940GZZLUEUS,0,3900,2528,1800,1785,a78b0f070e897eab,119,119,0,0,86,33,2.8666666666666667,26,33,4,0,true,728,12,35,35,32,1,2,0,0,2,1,27,21,6,3,940GZZLUKSX-01-arrival,true,182,66.19313725490196,433.7,256.26666666666665,462.0403361344538,885.4333333333333,997.9,637674.0092436471,298034.1403438079,68.14881429907302,1,637674.0092624289,637674.0092624289,1,1,0,0,0
profile,tfl-numbat-2019-midweek,am-peak,15,3.966666666666667,1,2,off,free-flow,4,drop-offs,2,940GZZLUEUS,0,3900,2853,1800,1785,5a5f0ba061327b6a,119,119,0,0,83,36,2.7666666666666666,32,27,3.4,9,true,1053,14,38,37,29,1,1,0,0,2,1,37,28,9,4,london-link-013-a-arrival,true,219,96.43151260504202,548.5666666666667,368.55,495.18767507002804,974.75,1397.8333333333333,634517.6908457954,351067.37888148485,64.3797994039593,1.011495793766631,641811.9753792455,640089.2376034359,1.0026785523401271,1.2062491145175098,2,0,0
profile,tfl-numbat-2019-midweek,am-peak,15,3.966666666666667,1,3,off,free-flow,4,drop-offs,0,940GZZLUEUS,0,3900,2762,1800,1785,c3c03c914bb6c564,119,119,0,0,89,30,2.966666666666667,27,32,4.133333333333334,-2,true,962,13,35,35,30,2,2,0,0,2,1,39,31,8,4,london-link-081-a-departure,true,312,92.78697478991597,391.53333333333336,291.23333333333335,492.78935574229695,908.8166666666667,1246.1666666666667,644545.7968098928,333229.9738274521,65.91959180884157,1,644545.7968304347,644545.7968304347,1,1,0,0,0
profile,tfl-numbat-2019-midweek,am-peak,12,4.966666666666667,1,1,off,free-flow,4,drop-offs,1,940GZZLUEUS,0,3900,2819,1800,1788,f2c28309e2ce7687,149,149,0,0,112,37,3.7333333333333334,32,42,5.333333333333333,-5,true,1019,15,45,45,38,2,2,0,0,2,1,72,56,16,4,london-link-030-a-arrival,true,279,78.98747203579418,463.68333333333334,271.8833333333333,487.265548098434,885.4333333333333,1212.25,821161.3183375427,396619.3393622067,67.43097068799106,1.0029070918390026,823548.5097655542,822790.953963216,1.0010539799070544,1.157043006151102,1,0,0
profile,tfl-numbat-2019-midweek,am-peak,12,4.966666666666667,1,2,off,free-flow,4,drop-offs,1,940GZZLUEUS,0,3900,2596,1800,1788,4f469d7049de7204,149,149,0,0,107,42,3.566666666666667,38,36,4.6,6,true,796,15,47,47,41,1,1,0,0,2,1,31,24,7,3,940GZZLUWLO-01-arrival,true,150,101.47673378076063,533.1166666666667,295.23333333333335,500.4052572706935,894.9833333333333,1377.3833333333334,800641.0051135638,409544.401410982,66.15854073243814,1.004381420324904,804148.949942654,803353.80751615,1.000553209436041,1.0824282059701054,1,0,0
profile,tfl-numbat-2019-midweek,am-peak,12,4.966666666666667,1,3,off,free-flow,4,drop-offs,0,940GZZLUEUS,0,3900,2742,1800,1788,fb7bde77c7f4ae02,149,149,0,0,102,47,3.4,34,40,4.533333333333333,7,true,942,19,48,47,37,1,2,0,0,1,2,28,20,8,4,london-link-057-b-departure,true,466,109.87885906040268,477.73333333333335,405,503.0734899328859,907.3666666666667,1323.9833333333333,792965.537800214,405558.6763519258,66.16182872543578,1,792965.5378546047,792965.5378546047,1,1,0,0,0
profile,tfl-numbat-2019-midweek,am-peak,10,5.966666666666667,1,1,off,free-flow,4,drop-offs,1,940GZZLUEUS,0,3900,2689,1800,1790,523cd75d5a7198e9,179,179,0,0,128,51,4.266666666666667,45,44,5.533333333333333,7,true,889,16,54,54,43,1,2,0,0,2,2,87,70,17,4,london-link-017-a-arrival,true,289,95.53780260707636,450.8833333333333,299.95,502.39757914338924,918.0166666666667,1323.1666666666667,981737.2023816278,467627.90176867554,67.73567264524252,1.0030465857768345,984728.1490764457,983928.667994653,1.0009875298360693,1.1767678406564142,1,0,0
profile,tfl-numbat-2019-midweek,am-peak,10,5.966666666666667,1,2,off,free-flow,4,drop-offs,0,940GZZLUEUS,0,3900,3042,1800,1790,1b0e7b93da5a461c,179,179,0,0,122,57,4.066666666666666,41,48,5.4,9,true,1242,20,57,57,47,1,2,0,0,2,1,69,58,11,4,london-link-072-a-arrival,true,246,112.00772811918064,541.3833333333333,392.18333333333334,523.835009310987,999.4333333333333,1441.95,996777.3200693333,509326.55710982234,66.1825080708403,1,996777.3201702276,996777.3201702276,1,1,0,0,0
profile,tfl-numbat-2019-midweek,am-peak,10,5.966666666666667,1,3,off,free-flow,4,drop-offs,1,940GZZLUEUS,0,3900,2547,1800,1790,03cb8a2c06b5ed7f,179,179,0,0,124,55,4.133333333333334,42,47,5.466666666666667,8,true,747,19,61,60,45,4,2,0,0,2,2,1698,95,785,4,london-link-075-b-departure,true,282,113.69618249534452,488.3833333333333,375.9166666666667,502.00716945996277,889.4,1300.0166666666667,933317.4969878615,415586.9103445753,69.19078119357393,1.005098038236726,938075.5853607473,937327.5506177747,1.0004860613104136,1.0870049745640236,1,0,0
profile,tfl-numbat-2019-midweek,am-peak,8.571429,7,1,1,off,free-flow,4,drop-offs,2,940GZZLUEUS,0,3900,3025,1800,1799,1cdd19da9c40d2c2,210,210,0,0,142,68,4.733333333333333,50,55,6.133333333333334,13,true,1225,23,68,67,48,1,2,0,0,2,1,81,61,20,4,london-link-017-a-arrival,true,479,118.63436507936508,607.3,362.2,531.5771428571428,1025.8666666666666,1355.4833333333333,1158885.4538110157,591182.9409811686,66.21943789509038,1.0118955031886214,1172670.9795067678,1170877.699605775,1.0008939687209382,1.1092624286679245,2,0,0
profile,tfl-numbat-2019-midweek,am-peak,8.571429,7,1,2,off,free-flow,4,drop-offs,1,940GZZLUEUS,0,3900,2763,1800,1799,b57b46766d35932b,210,210,0,0,144,66,4.8,48,57,6.4,9,true,963,24,69,69,58,2,2,0,0,2,1,85,65,20,4,940GZZLUWLO-01-arrival,true,208,111.94039682539683,553.9333333333333,362.2,519.693015873016,959.1333333333333,1408.5666666666666,1150798.9550452507,528148.7092972426,68.54287238881413,1.0064043500271957,1158169.0744508996,1157418.3186499553,1.0004219028977983,1.088599608537648,1,0,0
profile,tfl-numbat-2019-midweek,am-peak,8.571429,7,1,3,off,free-flow,4,drop-offs,1,940GZZLUEUS,0,3900,2786,1800,1799,4467f8d100e65ee9,210,210,0,0,148,62,4.933333333333334,49,56,6.6,6,true,986,23,69,69,54,2,2,0,0,2,2,92,72,20,5,940GZZLUWLO-01-arrival,true,314,119.33785714285713,511.71666666666664,356.43333333333334,509.713492063492,945.3666666666667,1246.1666666666667,1105778.0204878408,500924.1584082115,68.82283692722748,1.0020814452073137,1108079.6369464037,1107182.2862450127,1.0007608774438925,1.1597842632174205,1,0,0
profile,tfl-numbat-2019-midweek,am-peak,7.5,7.966666666666667,1,1,off,free-flow,4,drop-offs,3,940GZZLUEUS,0,3900,2812,1800,1792.5,c5bb3efd32d68016,239,239,0,0,159,80,5.3,55,64,6.933333333333334,16,true,1012,31,80,78,56,2,3,0,0,2,2,144,98,46,5,london-link-072-a-arrival,true,317.5,130.35969316596933,601.9333333333333,395.31666666666666,544.3989539748954,994.2833333333333,1348.6666666666667,1324968.2545093743,668072.7036324474,66.47973033854187,1.0098918898828602,1338074.6946218857,1335773.5669824155,1.0023170601521247,1.3271664450883998,3,0,0
profile,tfl-numbat-2019-midweek,am-peak,7.5,7.966666666666667,1,2,off,free-flow,4,drop-offs,2,940GZZLUEUS,0,3900,2601,1800,1792.5,68d8ac9c4adb685f,239,239,0,0,166,73,5.533333333333333,54,65,7.466666666666667,8,true,801,26,84,80,69,2,2,0,0,2,2,107,82,25,4,940GZZLUWLO-01-arrival,true,153.5,119.2626220362622,562.3166666666667,363.06666666666666,513.8575313807531,958.3666666666667,1411.5833333333333,1268619.1041582236,595965.6718932686,68.03761998125364,1.0046452702207047,1274512.1827599262,1274512.1827599262,1,1,0,0,0
profile,tfl-numbat-2019-midweek,am-peak,7.5,7.966666666666667,1,3,off,free-flow,4,drop-offs,6,940GZZLUEUS,0,3900,2827,1800,1792.5,e058693e89b7cdb5,239,239,0,0,168,71,5.6,55,64,7.533333333333333,7,true,1027,27,76,74,58,2,3,0,0,2,2,93,72,21,4,940GZZLUWLO-diverge,true,311.5,121.47768479776848,533.4666666666667,354.6166666666667,511.78821478382145,955.1,1242.25,1240375.3437835146,600456.7999176258,67.38123016961453,1.0151318621580279,1259144.5325726792,1253669.3296993321,1.004423339007187,1.2428431128234836,6,0,0
profile,tfl-numbat-2019-midweek,am-peak,6.666667,8.966666666666667,1,1,off,free-flow,4,drop-offs,4,940GZZLUEUS,0,3900,3047,1800,1793.3333333333333,49a37ab7a7c4d1c5,269,269,0,0,180,89,6,66,68,7.6,21,true,1247,35,93,90,61,2,4,1,0,2,2,116,87,29,5,london-link-084-a-arrival,true,497.6666666666667,145.33897149938042,637.2833333333333,428.3333333333333,548.3490086741016,985.7666666666667,1392.6833333333334,1441522.984315883,735702.6556036373,66.20916812136971,1.0164016218724437,1465166.2992348585,1462740.8914668586,1.0013212294955154,1.187096609609939,3,0,0
profile,tfl-numbat-2019-midweek,am-peak,6.666667,8.966666666666667,1,2,off,free-flow,4,drop-offs,3,940GZZLUEUS,0,3900,2717,1800,1793.3333333333333,5298a0fc6c131c1b,269,269,0,0,190,79,6.333333333333333,56,78,8.933333333333334,1,true,917,32,92,88,71,1,2,0,1,2,2,145,119,26,4,london-link-020-a-departure,true,436.6666666666667,131.8541511771995,567.6833333333333,365.3333333333333,531.3049566294919,962.45,1422.3166666666666,1438223.393576534,658250.599695554,68.60201453450017,1.009545681665416,1451952.2162666284,1449451.5292867548,1.00179195943034,1.3092587288541757,3,0,0
profile,tfl-numbat-2019-midweek,am-peak,6.666667,8.966666666666667,1,3,off,free-flow,4,drop-offs,3,940GZZLUEUS,0,3900,3103,1800,1793.3333333333333,211dd28cc9405e83,269,269,0,0,189,80,6.3,64,70,8.333333333333334,10,true,1303,32,86,85,62,3,3,0,0,1,1,212,176,36,5,940GZZLUWLO-01-arrival,true,452.6666666666667,138.17193308550185,631.9166666666666,399,530.6554522924412,992.75,1489.1333333333334,1415938.7656386655,675523.5665770731,67.70089730177405,1.006501244647541,1425144.1299761403,1422683.763646423,1.0015475683007224,1.1843623158757828,3,0,0
profile,tfl-numbat-2019-midweek,am-peak,6,9.966666666666667,1,1,off,free-flow,4,drop-offs,7,940GZZLUEUS,0,3900,2904,1800,1794,ec993b94e97e8c08,299,299,0,0,199,100,6.633333333333334,67,82,8.8,18,true,1104,41,104,99,66,2,3,0,0,2,2,254,204,49,6,london-link-048-a-departure,true,291,153.54910813823855,607.3,429.06666666666666,551.4323857302118,1017.4833333333333,1360.1666666666667,1579701.6171927908,807507.0813343662,66.17358667331531,1.0159601026138163,1604913.8170762847,1599357.321244175,1.0033891790887641,1.2478804537816155,7,0,0
profile,tfl-numbat-2019-midweek,am-peak,6,9.966666666666667,1,2,off,free-flow,4,drop-offs,7,940GZZLUEUS,0,3900,2786,1800,1794,cff3592b57bdace5,299,299,0,0,208,91,6.933333333333334,59,90,9.933333333333334,1,true,986,35,104,101,75,2,2,0,1,2,2,232,191,41,5,940GZZLUWLO-exit,true,442,145.04554069119285,611.5166666666667,423.7,543.3521181716834,1040.7,1502.4333333333334,1584084.5299376429,750955.5530518917,67.83971467888257,1.01429269707497,1606725.3702380622,1602489.5758664159,1.0023494012142147,1.1733558815581808,5,0,0
profile,tfl-numbat-2019-midweek,am-peak,6,9.966666666666667,1,3,off,free-flow,4,drop-offs,3,940GZZLUEUS,0,3900,3042,1800,1794,44eaa9db7e5a8804,299,299,0,0,205,94,6.833333333333333,70,79,9,15,true,1242,36,100,96,71,3,3,0,0,1,1,316,237,78,5,london-link-048-a-departure,true,391,151.06532887402452,732.1,417.3833333333333,542.6890746934225,1024.55,1589.3166666666666,1559645.1978294996,822615.1871550048,65.4691320755705,1.0110369305578562,1576858.893551603,1574351.620928904,1.001201476861237,1.1616140345585095,3,0,0
profile,tfl-numbat-2019-midweek,am-peak,5.4545449999999995,11,1,1,off,free-flow,4,drop-offs,10,940GZZLUEUS,0,3900,3230,1800,1798.5,d27211c532c656cc,330,330,0,0,222,108,7.4,76,89,9.733333333333333,19,true,1430,46,117,109,75,2,3,1,1,2,2,305,247,57,5,940GZZLUWLO-01-arrival,true,589.5,168.51065656565657,831.4,450.0833333333333,571.0626262626263,1047.5333333333333,1484.55,1753752.1675977567,986081.2583305973,64.00944491738662,1.0216177346196844,1791664.3164732126,1784248.4405093037,1.0038501462189346,1.1964877401340694,9,0,0
profile,tfl-numbat-2019-midweek,am-peak,5.4545449999999995,11,1,2,off,free-flow,4,drop-offs,5,940GZZLUEUS,0,3900,3023,1800,1798.5,b1938ab1a755350f,330,330,0,0,225,105,7.5,62,103,10.866666666666667,2,true,1223,42,116,113,83,2,3,0,0,1,2,195,150,44,5,london-link-041-a-departure,true,577.5,174.62429292929292,802.0166666666667,471.4,571.5968686868687,1088.7166666666667,1526.4,1758346.2456799834,1020078.380899914,63.28572777748592,1.005735090303,1768430.520110446,1765395.757905004,1.0023528546660125,1.2649924107744963,4,0,0
profile,tfl-numbat-2019-midweek,am-peak,5.4545449999999995,11,1,3,off,free-flow,4,drop-offs,8,940GZZLUEUS,0,3900,2771,1800,1798.5,8d37e544ed24f656,330,330,0,0,228,102,7.6,73,92,10.333333333333334,10,true,971,41,110,104,79,2,3,0,0,1,2,265,204,61,6,london-link-075-b-departure,true,372.5,159.33065656565657,670.0833333333334,401.1333333333333,548.0283333333333,1016.7,1393.3333333333333,1694689.0559167163,913223.0220100237,64.98259930848492,1.0201558915223894,1728847.0246345142,1723738.2711538319,1.0025332913093168,1.2440008390367427,6,0,0
profile,tfl-numbat-2019-midweek,am-peak,5,11.966666666666667,1,1,off,free-flow,4,drop-offs,16,940GZZLUEUS,0,3900,3477,1800,1795,03cdebea63353488,359,359,0,0,231,128,7.7,78,101,10.2,27,true,1677,61,132,114,76,3,7,1,1,2,2,332,239,87,6,london-link-031-b-departure,true,846,210.64586815227486,1015.5,576.1666666666666,609.4589600742804,1217.65,1851.9833333333333,1870370.9252763044,1271254.6758849956,59.53513125768146,1.0314219893558418,1929141.7004775824,1919488.5136882407,1.0046682223017656,1.2418167362831427,12,0,0
profile,tfl-numbat-2019-midweek,am-peak,5,11.966666666666667,1,2,off,free-flow,4,drop-offs,10,940GZZLUEUS,0,3900,3004,1800,1795,1ce863a45082331f,359,359,0,0,241,118,8.033333333333333,67,112,11.6,6,true,1204,52,129,114,82,2,3,0,0,1,2,293,231,62,4,940GZZLUBXN-01-arrival,true,589,203.1569173630455,789.4666666666667,545.15,597.3058031569174,1182.4333333333334,1676.35,1877972.6582827969,1109617.947232479,62.859103078445344,1.0153447117924004,1906789.6073736148,1898713.4427678548,1.0043542024285583,1.258231496057529,10,0,0
profile,tfl-numbat-2019-midweek,am-peak,5,11.966666666666667,1,3,off,free-flow,4,drop-offs,12,940GZZLUEUS,0,3900,3229,1800,1795,274627ca8e822360,359,359,0,0,236,123,7.866666666666666,77,102,10.6,21,true,1429,61,130,114,74,4,3,0,0,2,2,540,435,105,5,940GZZLUWLO-01-arrival,true,514,223.38732590529247,809.0333333333333,575.4666666666667,618.3587279480037,1211.2,1493.15,1862806.9676440437,1275737.9638176903,59.35256650209775,1.0236672998952427,1906894.5786925228,1897410.7907085281,1.0046163942543378,1.3327710785494125,12,0,0
profile,tfl-numbat-2019-midweek,am-peak,4.615385,13.033333333333333,1,1,off,free-flow,4,drop-offs,26,940GZZLUEUS,0,3900,3225,1800,1798.6,ea9a92c10a2e02f6,391,391,0,0,247,144,8.233333333333333,82,113,11,31,true,1425,79,148,114,79,3,5,0,1,2,1,351,286,65,5,london-link-009-a-arrival,true,606.4,241.40967604433078,870.3666666666667,613.9166666666666,643.1857630008525,1235.5,1696.3666666666666,2027216.3819049653,1314150.3584460402,60.67027475385744,1.0449238474447997,2118286.7412350154,2099604.6753855934,1.0094673662032219,1.3271664450883998,22,0,0
profile,tfl-numbat-2019-midweek,am-peak,4.615385,13.033333333333333,1,2,off,free-flow,4,drop-offs,31,940GZZLUEUS,0,3900,2963,1800,1798.6,0e4f347011d2dd56,391,391,0,0,244,147,8.133333333333333,72,123,11.466666666666667,24,true,1163,81,149,114,77,2,4,0,0,1,2,357,282,71,5,london-link-048-a-arrival,true,572.4,253.70055413469737,942.8333333333334,607.2666666666667,654.2354219948849,1236.9833333333333,1771.7,1998820.3928767543,1218433.958648089,62.12814327003389,1.0556910134429596,2110136.726104832,2083688.0081689253,1.0119372628344356,1.2728551483194512,30,0,0
profile,tfl-numbat-2019-midweek,am-peak,4.615385,13.033333333333333,1,3,off,free-flow,4,drop-offs,22,940GZZLUEUS,0,3900,3280,1800,1798.6,629b0a4814791cff,391,391,0,0,247,144,8.233333333333333,77,118,11.333333333333334,26,true,1480,78,148,114,72,3,3,0,1,1,1,634,492,139,6,london-link-031-b-departure,true,859.4,263.3132992327366,925.25,705.6166666666667,655.5823529411765,1334.25,1713.2,1979321.5046939494,1446173.208479663,57.78206275087696,1.040991167714423,2060456.2043188154,2044836.34773021,1.0076523402343929,1.2986531638865157,18,0,0
profile,tfl-numbat-2019-midweek,am-peak,4.2857140000000005,14,1,1,off,free-flow,4,drop-offs,42,940GZZLUEUS,0,3900,3314,1800,1799,24df56c9a0e2d1b9,420,420,0,0,260,160,8.666666666666666,87,123,11.533333333333333,37,true,1514,89,162,114,78,3,6,1,0,2,2,594,466,126,6,london-link-048-a-departure,true,858,264.7015873015873,1043.2333333333333,670.4333333333333,670.4054761904762,1296.75,1882.0666666666666,2128228.9682037476,1389114.4962096245,60.50671450587772,1.0758019573637,2289552.889530591,2259334.9966667467,1.0122503928906266,1.3787652122134353,34,0,0
profile,tfl-numbat-2019-midweek,am-peak,4.2857140000000005,14,1,2,off,free-flow,4,drop-offs,35,940GZZLUEUS,0,3900,3447,1800,1799,ad09ad1e7b111875,420,420,0,0,259,161,8.633333333333333,80,130,11.933333333333334,31,true,1647,84,164,114,82,3,5,0,1,1,2,361,275,84,6,london-link-084-b-departure,true,963,281.38694444444445,1163.8666666666666,697.3166666666667,677.9346825396825,1268.6666666666667,1849.2333333333333,2104950.0683338013,1428784.8242227945,59.56728878466903,1.0662138658003328,2244326.949502507,2220712.4355341885,1.0094250583168005,1.313454348348634,28,0,0
profile,tfl-numbat-2019-midweek,am-peak,4.2857140000000005,14,1,3,off,free-flow,4,drop-offs,43,940GZZLUEUS,0,3900,3295,1800,1799,faba3276afd301f0,420,420,0,0,257,163,8.566666666666666,84,126,11.533333333333333,37,true,1495,89,168,114,73,4,4,0,0,1,1,771,591,180,7,london-link-048-a-departure,true,736,278.5652777777778,1050.2333333333333,718,675.3690476190476,1294.45,1838.1833333333334,2063500.29783359,1499992.1101638642,57.90668427418365,1.0832676092291764,2235323.034114451,2203999.2050501443,1.0125590523445789,1.2961234353036977,33,0,0
profile,tfl-numbat-2019-midweek,am-peak,4,14.966666666666667,1,1,off,free-flow,4,drop-offs,64,940GZZLUEUS,0,3900,3522,1800,1796,e9e681de5348b2c1,449,449,0,0,260,189,8.666666666666666,93,131,11.133333333333333,58,true,1722,108,194,114,73,4,5,0,1,2,1,563,413,147,6,london-link-048-a-departure,true,851,318.1129175946548,1195.2,786.15,720.2846325167037,1342.6666666666667,2028.6666666666667,2176505.4717508573,1519166.8347953437,58.89335664029464,1.1153462394350502,2427557.192826155,2383468.9782817517,1.0175440724285016,1.3805432059138336,44,0,0
profile,tfl-numbat-2019-midweek,am-peak,4,14.966666666666667,1,2,off,free-flow,4,drop-offs,60,940GZZLUEUS,0,3900,3741,1800,1796,15fe1f6c8c9c1257,449,449,0,0,255,194,8.5,84,140,11.4,54,true,1941,102,195,114,77,3,2,0,0,2,1,467,340,126,7,london-link-017-a-departure,true,1122,316.72067557535263,1156.4,710.6666666666666,716.0835560504826,1358.1833333333334,2020.9833333333333,2157679.3581093713,1442619.8680506398,59.930556394633285,1.1169696119623163,2410062.2751707113,2368810.328527404,1.016461478439668,1.3866091236141063,44,0,0
profile,tfl-numbat-2019-midweek,am-peak,4,14.966666666666667,1,3,off,free-flow,4,drop-offs,55,940GZZLUEUS,0,3900,3563,1800,1796,57f343b118d7dc71,449,449,0,0,260,189,8.666666666666666,88,136,11.466666666666667,53,true,1763,113,191,114,74,3,6,0,1,2,2,688,542,142,6,london-link-048-a-departure,true,1107,329.49168522642907,1186.3166666666666,834.2333333333333,729.2612843355605,1436.25,1942.1666666666667,2202113.150638145,1597899.1155164486,57.95015901005404,1.0946708461627224,2410589.065750078,2371581.442003044,1.015812499155006,1.3672433854015433,41,0,0
profile,tfl-numbat-2019-midweek,interpeak,60,0.9666666666666667,1,1,off,free-flow,4,drop-offs,0,940GZZLUEUS,0,3900,2269,1800,1740,2c08c203aad74678,29,29,0,0,24,5,0.8,7,7,1.1333333333333333,-2,true,469,2,9,9,9,0,0,0,0,1,1,0,0,0,2,london-link-114-a-arrival,true,0,33.50689655172414,205.88333333333333,123.51666666666667,395.5850574712644,626,746.1666666666666,142008.84649967361,34596.459244340076,80.41029452734163,1,142008.846498793,142008.846498793,1,1,0,0,0
profile,tfl-numbat-2019-midweek,interpeak,60,0.9666666666666667,1,2,off,free-flow,4,drop-offs,0,940GZZLUEUS,0,3900,2141,1800,1740,dbceb7018c3ce1a4,29,29,0,0,23,6,0.7666666666666667,9,5,0.9333333333333333,1,true,341,2,8,8,8,0,1,0,0,2,1,0,0,0,2,940GZZLUGPK-01-arrival,true,0,33.244827586206895,122.75,116.26666666666667,372.9270114942529,654.2,710.4666666666667,132883.3756310494,44485.521463630954,74.9192095162635,1,132883.3756302048,132883.3756302048,1,1,0,0,0
profile,tfl-numbat-2019-midweek,interpeak,60,0.9666666666666667,1,3,off,free-flow,4,drop-offs,0,940GZZLUEUS,0,3900,2204,1800,1740,6e32fb4454e823d6,29,29,0,0,23,6,0.7666666666666667,7,7,1.0666666666666667,-1,true,404,2,9,9,8,0,2,0,0,2,1,0,0,0,2,940GZZLUEUS-01-arrival,true,0,22.107471264367817,149.66666666666666,125.46666666666667,368.0637931034483,690.5,731.0833333333334,135333.7822177885,60451.6033972607,69.12353636235143,1,135333.78221685975,135333.78221685975,1,1,0,0,0
profile,tfl-numbat-2019-midweek,interpeak,30,1.9666666666666666,1,1,off,free-flow,4,drop-offs,0,940GZZLUEUS,0,3900,2374,1800,1770,5c50291a262c6011,59,59,0,0,49,10,1.6333333333333333,15,14,2.2666666666666666,-4,true,574,4,16,16,15,1,0,0,0,1,1,6,5,1,3,940GZZLULVT-01-arrival,true,0,39.94406779661017,205.88333333333333,149.66666666666666,396.78757062146894,712.4,757.05,284493.14340539655,72024.60249994078,79.79775107209818,1,284493.1434021371,284493.1434021371,1,1,0,0,0
profile,tfl-numbat-2019-midweek,interpeak,30,1.9666666666666666,1,2,off,free-flow,4,drop-offs,0,940GZZLUEUS,0,3900,2498,1800,1770,4be260785c883112,59,59,0,0,48,11,1.6,15,14,2.2,-3,true,698,4,15,15,15,1,1,0,0,2,1,8,7,1,2,940GZZLUBST-01-arrival,true,114,40.13757062146893,168.25,127.43333333333334,406.7621468926554,742.1666666666666,986.3,292404.32282980904,58514.1192852463,83.32543626588274,1,292404.3228264709,292404.3228264709,1,1,0,0,0
profile,tfl-numbat-2019-midweek,interpeak,30,1.9666666666666666,1,3,off,free-flow,4,drop-offs,0,940GZZLUEUS,0,3900,2660,1800,1770,7241b35501f39f8e,59,59,0,0,45,14,1.5,21,8,1.6,6,true,860,4,17,17,16,1,2,0,1,2,1,2,1,1,2,940GZZLUBST-01-arrival,true,106,30.952542372881354,160.5,136.93333333333334,407.6062146892655,831.1666666666666,911.4166666666666,300435.89641602524,144065.56466602097,67.58940582212635,1,300435.89641252824,300435.89641252824,1,1,0,0,0
profile,tfl-numbat-2019-midweek,interpeak,20,2.966666666666667,1,1,off,free-flow,4,drop-offs,0,940GZZLUEUS,0,3900,2503,1800,1780,016a76ba6d0b3cca,89,89,0,0,68,21,2.2666666666666666,27,17,2.7333333333333334,4,true,703,5,24,24,23,1,1,0,0,1,1,5,4,1,3,london-link-082-a-arrival,true,105,44.34325842696629,266.95,161.31666666666666,417.16647940074904,709.3666666666667,788.5166666666667,448852.7228849647,145964.5769380715,75.46060328415173,1,448852.7228790486,448852.7228790486,1,1,0,0,0
profile,tfl-numbat-2019-midweek,interpeak,20,2.966666666666667,1,2,off,free-flow,4,drop-offs,0,940GZZLUEUS,0,3900,2487,1800,1780,ed9a2bc8a5a94c22,89,89,0,0,67,22,2.2333333333333334,21,23,3.066666666666667,-1,true,687,7,26,26,22,1,1,0,0,2,1,15,12,3,3,london-link-057-a-arrival,true,159,56.746629213483146,278.1333333333333,178.95,433.80898876404495,756.7833333333333,986.3,453788.0439817284,119971.4189949248,79.09029362713858,1,453788.04397575924,453788.04397575924,1,1,0,0,0
profile,tfl-numbat-2019-midweek,interpeak,20,2.966666666666667,1,3,off,free-flow,4,drop-offs,0,940GZZLUEUS,0,3900,2577,1800,1780,93ff18cb310a4748,89,89,0,0,64,25,2.1333333333333333,24,20,2.6666666666666665,5,true,777,8,26,26,23,1,2,0,0,2,1,29,23,6,3,london-link-046-a-departure,true,278,50.55018726591761,343.9,169.26666666666668,433.2679775280899,807.45,911.4166666666666,460631.3039608765,177264.8150310342,72.21102155141311,1,460631.303954819,460631.303954819,1,1,0,0,0
profile,tfl-numbat-2019-midweek,interpeak,15,3.966666666666667,1,1,off,free-flow,4,drop-offs,1,940GZZLUEUS,0,3900,2293,1800,1785,4ea77286324758fc,119,119,0,0,93,26,3.1,33,26,4,0,true,493,6,32,32,30,1,1,0,0,1,1,44,36,8,3,940GZZLUKSX-01-arrival,true,118,42.54817927170868,236.96666666666667,136.38333333333333,415.7955182072829,709.3666666666667,801.5666666666667,596869.0134450281,176875.8653131806,77.14028613707265,1.0038070294754113,599141.3113816709,598403.1913175203,1.0015135258643437,1.1801095778569033,1,0,0
profile,tfl-numbat-2019-midweek,interpeak,15,3.966666666666667,1,2,off,free-flow,4,drop-offs,0,940GZZLUEUS,0,3900,2553,1800,1785,b737ae9d8f011316,119,119,0,0,90,29,3,34,25,3.7333333333333334,4,true,753,9,35,35,29,1,1,0,0,2,1,8,7,1,4,london-link-030-a-arrival,true,250,68.08697478991597,428.3333333333333,205.85,442.2931372549019,787.9,1078.0166666666667,602265.0191910288,202965.46317167152,74.79411576966982,1,602265.0192017225,602265.0192017225,1,1,0,0,0
profile,tfl-numbat-2019-midweek,interpeak,15,3.966666666666667,1,3,off,free-flow,4,drop-offs,0,940GZZLUEUS,0,3900,2328,1800,1785,54ac03234b7a10bc,119,119,0,0,87,32,2.9,33,26,3.6,6,true,528,8,33,33,29,1,1,0,0,2,1,23,20,3,3,london-link-036-a-arrival,true,107,50.739635854341735,354.6166666666667,217.86666666666667,427.7233893557423,796.4666666666667,1012.5,606439.6271324672,193498.94952422346,75.81077408056203,1,606439.6271441431,606439.6271441431,1,1,0,0,0
profile,tfl-numbat-2019-midweek,interpeak,12,4.966666666666667,1,1,off,free-flow,4,drop-offs,0,940GZZLUEUS,0,3900,2592,1800,1788,b497ea2af025e0c1,149,149,0,0,115,34,3.8333333333333335,42,32,4.866666666666666,2,true,792,8,39,39,37,1,1,0,0,2,1,16,11,5,3,940GZZLUOXC-01-arrival,true,182,50.64675615212528,272.3,168.25,420.12975391498884,757.05,897.7833333333333,743467.8495548741,279770.67075153685,72.65831326719807,1,743467.8495975875,743467.8495975875,1,1,0,0,0
profile,tfl-numbat-2019-midweek,interpeak,12,4.966666666666667,1,2,off,free-flow,4,drop-offs,0,940GZZLUEUS,0,3900,2438,1800,1788,430d9157d388d3e5,149,149,0,0,109,40,3.6333333333333333,41,33,4.533333333333333,7,true,638,10,44,44,38,1,1,0,0,2,2,25,18,7,4,london-link-084-a-departure,true,123,74.31957494407159,428.3333333333333,206.3,448.50671140939596,789.95,1078.0166666666667,753630.4193968846,242901.0112832836,75.62535372140796,1,753630.4194421499,753630.4194421499,1,1,0,0,0
profile,tfl-numbat-2019-midweek,interpeak,12,4.966666666666667,1,3,off,free-flow,4,drop-offs,0,940GZZLUEUS,0,3900,2829,1800,1788,5f97c3f949109a0b,149,149,0,0,113,36,3.7666666666666666,43,31,4.666666666666667,5,true,1029,11,43,42,37,1,1,0,0,2,1,25,18,7,3,london-link-017-a-departure,true,116,59.88624161073825,354.6166666666667,210.81666666666666,445.76252796420584,832.35,1160.6166666666666,777603.6360982613,279609.74573900184,73.55219385767838,1,777603.6361489375,777603.6361489375,1,1,0,0,0
profile,tfl-numbat-2019-midweek,interpeak,10,5.966666666666667,1,1,off,free-flow,4,drop-offs,0,940GZZLUEUS,0,3900,2680,1800,1790,0b930e4ca4da8510,179,179,0,0,140,39,4.666666666666667,49,40,6.066666666666666,-1,true,880,11,48,48,44,1,2,0,0,1,2,62,51,11,4,940GZZLULVT-diverge,true,284,65.88836126629423,343.93333333333334,205.85,435.5312849162012,776.6833333333333,1019.3833333333333,892438.6184711724,314901.25715456076,73.91776222156535,1,892438.6185477083,892438.6185477083,1,1,0,0,0
profile,tfl-numbat-2019-midweek,interpeak,10,5.966666666666667,1,2,off,free-flow,4,drop-offs,1,940GZZLUEUS,0,3900,2491,1800,1790,43a17175be512ece,179,179,0,0,135,44,4.5,47,42,5.866666666666666,2,true,691,13,53,53,46,2,1,0,0,2,1,64,53,11,3,london-link-017-a-arrival,true,274,75.8728119180633,428.3333333333333,231,446.93873370577285,809.9333333333333,1078.0166666666667,888903.944992795,285204.95773729036,75.7088156750945,1.0086717077558067,896612.2603034206,895846.2664270903,1.000504066438669,1.0902278925217794,1,0,0
profile,tfl-numbat-2019-midweek,interpeak,10,5.966666666666667,1,3,off,free-flow,4,drop-offs,0,940GZZLUEUS,0,3900,2531,1800,1790,2cca81f5af10a5a2,179,179,0,0,135,44,4.5,48,41,5.8,3,true,731,11,51,51,42,1,2,0,0,2,1,40,31,9,4,london-link-070-a-departure,true,90,62.22811918063314,354.6166666666667,210.95,439.40335195530724,796.4666666666667,1160.6166666666666,912303.2580397819,307992.7031805837,74.76081926284722,1,912303.2581211702,912303.2581211702,1,1,0,0,0
profile,tfl-numbat-2019-midweek,interpeak,8.571429,7,1,1,off,free-flow,4,drop-offs,2,940GZZLUEUS,0,3900,2497,1800,1799,377f35b408a2d0b6,210,210,0,0,161,49,5.366666666666666,52,53,7.266666666666667,-4,true,697,14,57,56,46,1,3,0,1,1,2,47,33,12,4,940GZZLULVT-01-arrival,true,269,69.62912698412698,343.9,195.9,431.1729365079365,776.6833333333333,1050.7166666666667,1017532.1114682672,368319.5809717369,73.42287179927212,1.005809684481952,1023443.652091732,1021678.0249840997,1.0019419735350132,1.2415725477453607,2,0,0
profile,tfl-numbat-2019-midweek,interpeak,8.571429,7,1,2,off,free-flow,4,drop-offs,1,940GZZLUEUS,0,3900,2667,1800,1799,0e4e63e12088df38,210,210,0,0,153,57,5.1,48,57,7,0,true,867,16,61,61,50,1,3,0,0,2,2,71,52,17,5,london-link-088-a-arrival,true,146,85.36404761904761,350.51666666666665,234.4,456.76166666666666,831.1833333333333,983.9666666666667,1049553.623197204,410806.90673882223,71.8694871356994,1.0030271165720444,1052730.7444755472,1051872.288591594,1.000759758620363,1.1595493102762238,1,0,0
profile,tfl-numbat-2019-midweek,interpeak,8.571429,7,1,3,off,free-flow,4,drop-offs,1,940GZZLUEUS,0,3900,2852,1800,1799,d32fc6ced69f7580,210,210,0,0,162,48,5.4,53,52,7.266666666666667,-4,true,1052,12,58,57,53,1,3,0,1,2,2,75,63,12,4,london-link-081-a-departure,true,233,63.727380952380955,354.6166666666667,208.35,438.9834126984127,805.75,1163.05,1061015.0248850682,366416.9020344296,74.33034142474423,1.0027135168793528,1063894.1071737707,1063894.1071737707,1,1,0,0,0
profile,tfl-numbat-2019-midweek,interpeak,7.5,7.966666666666667,1,1,off,free-flow,4,drop-offs,1,940GZZLUEUS,0,3900,2588,1800,1792.5,f9552f5f1b0bf1c2,239,239,0,0,177,62,5.9,60,59,7.8,3,true,788,17,66,65,53,2,2,0,0,1,1,75,54,21,5,london-link-074-a-departure,true,242.5,83.2126220362622,489.03333333333336,225.56666666666666,452.9971408647141,795.8166666666667,991.95,1188447.0548161021,393503.3341797969,75.12543143470114,1.003037513654762,1192056.9790487702,1191188.7026425288,1.0006955727807842,1.16624189460741,1,0,0
profile,tfl-numbat-2019-midweek,interpeak,7.5,7.966666666666667,1,2,off,free-flow,4,drop-offs,0,940GZZLUEUS,0,3900,2478,1800,1792.5,8b0ec28e29fb5d6c,239,239,0,0,177,62,5.9,54,65,8.2,-3,true,678,19,69,68,58,2,2,0,0,2,2,88,71,17,4,london-link-020-a-arrival,true,208.5,89.85,463.68333333333334,238.41666666666666,453.48723849372385,860.5833333333334,1124.0666666666666,1172461.0807986956,391916.7588093849,74.94743604220507,1,1172461.0808787462,1172461.0808787462,1,1,0,0,0
profile,tfl-numbat-2019-midweek,interpeak,7.5,7.966666666666667,1,3,off,free-flow,4,drop-offs,2,940GZZLUEUS,0,3900,3148,1800,1792.5,32aa5186f5b4a850,239,239,0,0,178,61,5.933333333333334,57,62,8.066666666666666,-1,true,1348,16,68,68,59,1,3,1,1,2,2,91,76,13,4,london-link-070-a-departure,true,344.5,74.94665271966527,433.7,217.86666666666667,456.9436541143654,899.85,1445.0666666666666,1225450.8529590867,423781.65237700345,74.30431118681821,1.0065443450911715,1233470.626299481,1232721.2135856568,1.0004811149842894,1.1149864812451513,1,0,0
profile,tfl-numbat-2019-midweek,interpeak,6.666667,8.966666666666667,1,1,off,free-flow,4,drop-offs,3,940GZZLUEUS,0,3900,2805,1800,1793.3333333333333,2ce7017da63f1ce0,269,269,0,0,197,72,6.566666666666666,64,70,8.866666666666667,2,true,1005,23,76,73,60,2,2,0,0,2,2,131,103,27,5,940GZZLULVT-01-arrival,true,472.6666666666667,95.27812887236679,593.75,251.88333333333333,468.19814126394056,820.7666666666667,1144.2166666666667,1338829.223836811,532037.0646321069,71.56199414617086,1.0097507798778558,1351883.852928812,1350365.6088481122,1.0008995468690214,1.1247598436147177,2,0,0
profile,tfl-numbat-2019-midweek,interpeak,6.666667,8.966666666666667,1,2,off,free-flow,4,drop-offs,2,940GZZLUEUS,0,3900,2469,1800,1793.3333333333333,2a8809aeeb74e8bf,269,269,0,0,200,69,6.666666666666667,60,74,9.333333333333334,-5,true,669,23,77,75,63,2,2,0,1,2,1,79,63,16,4,london-link-048-a-arrival,true,196.66666666666666,95.57936802973977,375.53333333333336,238.43333333333334,451.9395291201983,807.6,1098.1833333333334,1284747.9886840263,462019.3133210221,73.55003652800876,1.0057091182764089,1292082.7669580572,1290557.2132641263,1.001086684771468,1.1758204095225453,2,0,0
profile,tfl-numbat-2019-midweek,interpeak,6.666667,8.966666666666667,1,3,off,free-flow,4,drop-offs,5,940GZZLUEUS,0,3900,2794,1800,1793.3333333333333,974cc1866ce0a089,269,269,0,0,201,68,6.7,61,73,9.333333333333334,-5,true,994,22,75,74,67,2,3,0,0,2,1,76,59,17,4,london-link-057-a-arrival,true,384.6666666666667,81.91623296158612,437.53333333333336,238.65,456.91654275092935,899.85,1280.4,1344871.7615637896,469058.53389258747,74.14131430146413,1.0124157452024074,1361569.346720799,1359145.5135333668,1.0021197401942117,1.2628890892905584,3,0,0
profile,tfl-numbat-2019-midweek,interpeak,6,9.966666666666667,1,1,off,free-flow,4,drop-offs,3,940GZZLUEUS,0,3900,2633,1800,1794,ee9fd27577dc17b2,299,299,0,0,216,83,7.2,69,80,9.8,3,true,833,26,88,83,67,2,3,0,0,2,2,162,122,40,4,940GZZLULVT-diverge,true,321,109.56839464882943,573,272.1666666666667,480.99576365663324,821.0333333333333,1045.5833333333333,1481839.2462643369,590452.8255195216,71.50725838509572,1.009570515648058,1496021.2119577338,1493685.9987477777,1.0011565315666509,1.154036038806401,3,0,0
profile,tfl-numbat-2019-midweek,interpeak,6,9.966666666666667,1,2,off,free-flow,4,drop-offs,6,940GZZLUEUS,0,3900,2616,1800,1794,9c6d663f282f98ba,299,299,0,0,227,72,7.566666666666666,67,82,10.666666666666666,-10,true,816,25,85,83,67,3,3,0,0,1,1,202,154,41,4,london-link-017-a-arrival,true,332,105.10752508361203,553.1166666666667,265.51666666666665,463.3216833890746,807.6,1119.5833333333333,1420761.0827018172,591628.4199186958,70.60070035406747,1.0132550347812552,1439593.3202843082,1435574.7469562532,1.002274028126823,1.1618047408065815,5,0,0
profile,tfl-numbat-2019-midweek,interpeak,6,9.966666666666667,1,3,off,free-flow,4,drop-offs,1,940GZZLUEUS,0,3900,2707,1800,1794,cae5e030155a2225,299,299,0,0,223,76,7.433333333333334,69,80,10.266666666666667,-4,true,907,24,86,84,75,3,3,0,0,2,2,200,162,38,4,940GZZLUOXC-01-arrival,true,293,97.59464882943143,466.35,271.23333333333335,467.3081939799331,907.1333333333333,1344.3333333333333,1487169.0361299482,562113.1654610094,72.57024117885699,1.001935948173763,1490048.1183075474,1490048.1183075474,1,1,0,0,0
profile,tfl-numbat-2019-midweek,interpeak,5.4545449999999995,11,1,1,off,free-flow,4,drop-offs,8,940GZZLUEUS,0,3900,3097,1800,1798.5,df2e08305f707806,330,330,0,0,228,102,7.6,74,91,10.266666666666667,11,true,1297,36,104,98,71,2,4,0,0,1,2,185,145,37,5,london-link-048-a-arrival,true,593.5,136.56530303030303,631.5833333333334,347.85,509.69020202020204,886.05,1335.9333333333334,1635752.2349843662,778797.0558258988,67.74565510880281,1.0144993589631894,1659469.593772659,1654524.8838769053,1.0030558555734457,1.3587681653163473,6,0,0
profile,tfl-numbat-2019-midweek,interpeak,5.4545449999999995,11,1,2,off,free-flow,4,drop-offs,4,940GZZLUEUS,0,3900,2762,1800,1798.5,aaf9361694744c1c,330,330,0,0,250,80,8.333333333333334,74,91,11.733333333333333,-11,true,962,33,101,97,77,3,3,0,1,2,2,313,217,94,7,london-link-063-a-departure,true,256.5,123.39414141414142,598.5333333333333,299.56666666666666,481.7568181818182,846.6666666666666,1121.6666666666667,1575865.525899115,729771.7380236838,68.34837164359261,1.0069515369176636,1586820.213254387,1584396.4254348453,1.0016563161656404,1.209828697335007,3,0,0
profile,tfl-numbat-2019-midweek,interpeak,5.4545449999999995,11,1,3,off,free-flow,4,drop-offs,4,940GZZLUEUS,0,3900,2681,1800,1798.5,2868a608737b17cf,330,330,0,0,248,82,8.266666666666667,76,89,11.466666666666667,-7,true,881,27,97,93,78,2,2,0,0,2,1,194,156,36,5,london-link-090-a-departure,true,266.5,104.69929292929292,495.98333333333335,290.43333333333334,470.01686868686875,872.1666666666666,1443.55,1612930.470802865,567598.7842507485,73.96967809832056,1.006258312752916,1623024.6941034785,1620609.4591255558,1.0024255148070933,1.4480304929766543,3,0,0
profile,tfl-numbat-2019-midweek,interpeak,5,11.966666666666667,1,1,off,free-flow,4,drop-offs,10,940GZZLUEUS,0,3900,3113,1800,1795,63115a88eefe4876,359,359,0,0,244,115,8.133333333333333,81,98,10.866666666666667,17,true,1313,40,121,114,81,2,5,0,0,2,1,233,172,60,6,london-link-081-a-arrival,true,786,161.34874651810586,850.8166666666667,442.15,536.0526926648097,945.7833333333333,1417.1833333333334,1774209.1648332404,953216.4725779761,65.05068884361086,1.0214260283068708,1812223.4205425268,1807240.094645519,1.0029099303776126,1.2536398079693678,6,0,0
profile,tfl-numbat-2019-midweek,interpeak,5,11.966666666666667,1,2,off,free-flow,4,drop-offs,7,940GZZLUEUS,0,3900,2750,1800,1795,a51bec993e64d97a,359,359,0,0,267,92,8.9,78,101,12.6,-9,true,950,37,109,104,79,2,3,0,1,1,2,398,318,80,6,london-link-048-a-arrival,true,250,134.71536675951717,598.5333333333333,303.76666666666665,496.5172237697307,864.2333333333333,1119.9833333333333,1718205.5765900519,840493.5824348349,67.15152778042321,1.01423642578806,1742666.6827075472,1737730.373954049,1.0029364180165905,1.2628890892905584,6,0,0
profile,tfl-numbat-2019-midweek,interpeak,5,11.966666666666667,1,3,off,free-flow,4,drop-offs,6,940GZZLUEUS,0,3900,2900,1800,1795,ae2973bdc228cca9,359,359,0,0,251,108,8.366666666666667,79,100,11.466666666666667,8,true,1100,40,111,105,78,2,3,0,1,2,2,383,283,100,7,london-link-048-a-departure,true,280,133.92200557103064,603.3333333333334,340.3666666666667,503.04944289693594,893.7,1453.05,1758056.6443364848,800688.1528371329,68.70777602668423,1.012150376033531,1779417.6935809962,1774520.5001916823,1.002702315110335,1.3373565010275852,6,0,0
profile,tfl-numbat-2019-midweek,interpeak,4.615385,13.033333333333333,1,1,off,free-flow,4,drop-offs,11,940GZZLUEUS,0,3900,3079,1800,1798.6,05b036e7516e55eb,391,391,0,0,265,126,8.833333333333334,88,107,11.8,19,true,1279,52,129,114,82,2,4,0,1,2,2,358,288,69,5,940GZZLUTCR-diverge,true,688.4,180.13265132139813,1074,506.26666666666665,556.5168371696504,980.2666666666667,1519.2666666666667,1929073.3938736764,1092299.6719941061,63.84757366332112,1.0254810674664088,1978228.243050654,1969720.863330688,1.003759911023065,1.289337291135541,9,0,0
profile,tfl-numbat-2019-midweek,interpeak,4.615385,13.033333333333333,1,2,off,free-flow,4,drop-offs,5,940GZZLUEUS,0,3900,2974,1800,1798.6,e6b2cb534b8b4e2b,391,391,0,0,278,113,9.266666666666667,83,112,13,1,true,1174,49,123,114,83,3,4,0,0,2,2,370,287,81,5,london-link-047-a-arrival,true,568.4,163.64228473998295,806.85,430.35,527.9012787723785,937,1403.9333333333334,1899801.578424451,1050443.1020447726,64.39471244541981,1.007019455153502,1913137.1502955137,1909085.2209372309,1.0020117972406528,1.1905537707484286,5,0,0
profile,tfl-numbat-2019-midweek,interpeak,4.615385,13.033333333333333,1,3,off,free-flow,4,drop-offs,8,940GZZLUEUS,0,3900,3018,1800,1798.6,b778aea546f63062,391,391,0,0,273,118,9.1,88,107,12.333333333333334,11,true,1218,45,121,114,83,3,2,0,1,2,2,359,274,85,5,london-link-057-b-departure,true,489.4,142.93597612958226,755.2,401.3833333333333,510.4874254049446,949.9833333333333,1566.5333333333333,1910103.8397316185,940312.7960679103,67.01139109777343,1.0110539978086572,1931218.1232780071,1924312.4740162492,1.0038117199587695,1.2561117433206577,8,0,0
profile,tfl-numbat-2019-midweek,interpeak,4.2857140000000005,14,1,1,off,free-flow,4,drop-offs,17,940GZZLUEUS,0,3900,3303,1800,1799,d7e9ab1e06ba3f03,420,420,0,0,266,154,8.866666666666667,90,120,11.733333333333333,34,true,1503,82,154,114,77,4,4,0,1,2,1,663,486,177,6,london-link-031-b-departure,true,872,241.1656746031746,918.3166666666667,659.0666666666667,619.8656746031746,1125.05,1662.9833333333333,2064123.233493789,1305693.9141589727,61.25327111388074,1.0334831105539193,2133236.4997607805,2121104.119850509,1.005353922947176,1.26379429782505,15,0,0
profile,tfl-numbat-2019-midweek,interpeak,4.2857140000000005,14,1,2,off,free-flow,4,drop-offs,17,940GZZLUEUS,0,3900,3309,1800,1799,91e7e36c6e9c5c40,420,420,0,0,284,136,9.466666666666667,89,121,13,15,true,1509,65,141,114,81,2,3,1,1,1,2,371,298,71,6,london-link-083-b-departure,true,637,213.8475396825397,837.9166666666666,564.9166666666666,582.0330555555555,1089.45,1565.6666666666667,2017864.7081084407,1305067.063437426,60.725433046424136,1.029948876706335,2078297.4893183466,2066056.033856567,1.0055111892012931,1.2116018884563424,16,0,0
profile,tfl-numbat-2019-midweek,interpeak,4.2857140000000005,14,1,3,off,free-flow,4,drop-offs,14,940GZZLUEUS,0,3900,3313,1800,1799,f9d9788dd6aa402d,420,420,0,0,277,143,9.233333333333333,93,117,12.266666666666667,26,true,1513,77,149,114,80,3,4,0,1,2,2,436,342,94,7,london-link-087-a-arrival,true,661,213.9595634920635,784.5166666666667,508.81666666666666,582.1069841269841,1014.8,1668.6666666666667,2026331.0083682346,1216178.8495178332,62.49267071432398,1.0253484999863307,2077695.4597614717,2068641.8027369091,1.0037594478026284,1.2090294090603753,11,0,0
profile,tfl-numbat-2019-midweek,interpeak,4,14.966666666666667,1,1,off,free-flow,4,drop-offs,31,940GZZLUEUS,0,3900,3516,1800,1796,36d46c523aa62ecf,449,449,0,0,273,176,9.1,93,131,12,45,true,1716,105,177,114,81,5,3,0,1,2,1,649,481,166,6,london-link-031-b-departure,true,1034,288.17208611729774,1234.4333333333334,723.3833333333333,667.4968077208612,1204.3166666666666,1935.9166666666667,2159725.920854934,1438510.7480133772,60.02178621380661,1.0575214957528605,2283956.5860516755,2264697.792482738,1.008190060734031,1.3160088043217248,21,0,0
profile,tfl-numbat-2019-midweek,interpeak,4,14.966666666666667,1,2,off,free-flow,4,drop-offs,30,940GZZLUEUS,0,3900,3170,1800,1796,8d49fb9d3816ddc8,449,449,0,0,292,157,9.733333333333333,96,128,13.066666666666666,29,true,1370,89,158,114,77,3,4,0,1,2,2,501,398,102,6,london-link-048-a-departure,true,615,249.2488864142539,862.5833333333334,622.2333333333333,618.4601336302895,1132.5166666666667,1734.8833333333334,2110068.425601089,1281646.5149112581,62.212434199506916,1.0544807373180956,2225026.5090481713,2202849.367633916,1.00924611382465,1.2798377144753803,27,0,0
profile,tfl-numbat-2019-midweek,interpeak,4,14.966666666666667,1,3,off,free-flow,4,drop-offs,31,940GZZLUEUS,0,3900,3394,1800,1796,1a5ec5d35ff01181,449,449,0,0,286,163,9.533333333333333,93,131,12.866666666666667,32,true,1594,83,167,114,83,3,4,0,1,2,2,457,370,87,5,940GZZLUVIC-01-arrival,true,875,241.30115070527097,958.3333333333334,597.1333333333333,612.8410913140312,1093.45,1748.7666666666667,2126004.8333978313,1256734.902519208,62.848607914598695,1.05259661909747,2237825.499644278,2212680.685901037,1.010465334638482,1.3972301976575856,29,0,0
profile,tfl-numbat-2019-midweek,pm-peak,60,0.9666666666666667,1,1,off,free-flow,4,drop-offs,0,940GZZLUEUS,0,3900,2204,1800,1740,2c415a5861bb3fb7,29,29,0,0,22,7,0.7333333333333333,9,5,0.8666666666666667,2,true,404,3,9,9,9,0,1,0,0,1,1,0,0,0,2,940GZZLUBNK-01-departure,true,0,42.15459770114943,192.35,168.25,377.85689655172416,703.35,943.1666666666666,131267.39955796878,37471.92254563283,77.79301109042856,1,131267.39955727046,131267.39955727046,1,1,0,0,0
profile,tfl-numbat-2019-midweek,pm-peak,60,0.9666666666666667,1,2,off,free-flow,4,drop-offs,0,940GZZLUEUS,0,3900,2320,1800,1740,42d62660e617f50f,29,29,0,0,25,4,0.8333333333333334,8,6,1.1333333333333333,-2,true,520,2,8,8,7,0,1,0,0,2,1,0,0,0,3,940GZZLUTCR-01-arrival,true,0,20.366666666666667,105.91666666666667,104.43333333333334,350.2385057471264,690.9,699.7833333333333,128802.70380285068,62852.55740678784,67.20540985408287,1,128802.70380212447,128802.70380212447,1,1,0,0,0
profile,tfl-numbat-2019-midweek,pm-peak,60,0.9666666666666667,1,3,off,free-flow,4,drop-offs,0,940GZZLUEUS,0,3900,2192,1800,1740,36bbc24bd6f4e5a1,29,29,0,0,23,6,0.7666666666666667,7,7,1.0666666666666667,-1,true,392,2,10,10,9,0,1,0,0,1,1,0,0,0,2,940GZZLUKSX-01-arrival,true,0,29.633333333333333,125.43333333333334,123.51666666666667,411.90000000000003,695.6333333333333,723.1,150107.48061761967,40639.634224577014,78.6944959779875,1,150107.48061648617,150107.48061648617,1,1,0,0,0
profile,tfl-numbat-2019-midweek,pm-peak,30,1.9666666666666666,1,1,off,free-flow,4,drop-offs,0,940GZZLUEUS,0,3900,2509,1800,1770,af2d0ae536676bd0,59,59,0,0,44,15,1.4666666666666666,18,11,1.7333333333333334,4,true,709,5,16,16,14,1,1,0,0,2,1,5,5,0,3,london-link-030-a-arrival,true,99,50.89576271186441,197.7,168.25,402.3898305084746,853.1,943.1666666666666,279945.8872068711,122185.61354115253,69.61550803310128,1,279945.8872037958,279945.8872037958,1,1,0,0,0
profile,tfl-numbat-2019-midweek,pm-peak,30,1.9666666666666666,1,2,off,free-flow,4,drop-offs,0,940GZZLUEUS,0,3900,2712,1800,1770,491be4b064701a89,59,59,0,0,43,16,1.4333333333333333,19,10,1.6,6,true,912,4,17,17,16,1,1,0,0,2,1,13,10,3,2,940GZZLUBNK-01-arrival,true,55,36.59378531073446,150.4,112.25,414.77683615819205,699.7833333333333,971.6833333333333,301663.43136114074,157622.02973436873,65.68103214972206,1,301663.43135761685,301663.43135761685,1,1,0,0,0
profile,tfl-numbat-2019-midweek,pm-peak,30,1.9666666666666666,1,3,off,free-flow,4,drop-offs,0,940GZZLUEUS,0,3900,2492,1800,1770,97a0bbc389019b5e,59,59,0,0,44,15,1.4666666666666666,16,13,1.8666666666666667,2,true,692,5,17,17,15,1,1,0,0,2,1,14,12,2,3,940GZZLUKSX-01-arrival,true,106,55.77655367231638,194.1,158.31666666666666,420.90112994350284,778.65,795.9666666666667,290771.7058823621,152413.75295452072,65.60948697312347,1,290771.7058789175,290771.7058789175,1,1,0,0,0
profile,tfl-numbat-2019-midweek,pm-peak,20,2.966666666666667,1,1,off,free-flow,4,drop-offs,0,940GZZLUEUS,0,3900,2512,1800,1780,2436c9d379b10cb9,89,89,0,0,68,21,2.2666666666666666,25,19,2.8666666666666667,2,true,712,6,25,25,23,1,1,0,0,2,1,19,16,3,4,940GZZLUKSX-01-arrival,true,226,48.466479400749066,245.53333333333333,158.31666666666666,407.223595505618,835.1833333333333,943.1666666666666,430792.38444089034,204544.41963548798,67.80535641519387,1,430792.38443536265,430792.38443536265,1,1,0,0,0
profile,tfl-numbat-2019-midweek,pm-peak,20,2.966666666666667,1,2,off,free-flow,4,drop-offs,1,940GZZLUEUS,0,3900,2225,1800,1780,fe3e8bbb848e718e,89,89,0,0,68,21,2.2666666666666666,26,18,2.8,3,true,425,6,27,27,23,1,1,0,0,2,1,10,7,3,3,london-link-030-a-arrival,true,96,37.151685393258425,159.33333333333334,148.33333333333334,398.4784644194757,690.9,966.3166666666667,431155.64566061867,169282.39239111138,71.80685072178471,1.006677593598931,434034.7278345552,434034.7278345552,1,1,0,0,0
profile,tfl-numbat-2019-midweek,pm-peak,20,2.966666666666667,1,3,off,free-flow,4,drop-offs,0,940GZZLUEUS,0,3900,2374,1800,1780,46810ad37025e12d,89,89,0,0,69,20,2.3,24,20,3,0,true,574,6,27,27,24,1,1,0,0,2,1,9,6,3,3,940GZZLUWLO-01-arrival,true,88,61.49288389513109,210.26666666666668,163.68333333333334,424.22715355805246,765.45,901.6166666666667,435441.292907866,184742.860489701,70.21161223200875,1,435441.2929021865,435441.2929021865,1,1,0,0,0
profile,tfl-numbat-2019-midweek,pm-peak,15,3.966666666666667,1,1,off,free-flow,4,drop-offs,0,940GZZLUEUS,0,3900,2417,1800,1785,0208aa8245ceb755,119,119,0,0,92,27,3.066666666666667,32,27,4,0,true,617,6,33,33,29,1,1,0,0,2,1,20,15,5,3,940GZZLUKSX-01-departure,true,172,52.63977591036414,216.5,165.28333333333333,412.9550420168067,829.8333333333334,943.1666666666666,578578.932636765,201976.84871997748,74.12396992705551,1,578578.9326420825,578578.9326420825,1,1,0,0,0
profile,tfl-numbat-2019-midweek,pm-peak,15,3.966666666666667,1,2,off,free-flow,4,drop-offs,0,940GZZLUEUS,0,3900,2512,1800,1785,613074b0e2e84676,119,119,0,0,92,27,3.066666666666667,32,27,4,0,true,712,7,36,36,33,1,1,0,0,2,1,50,43,7,4,london-link-120-a-arrival,true,150,50.42955182072829,174.75,149.23333333333332,420.47661064425773,720.3833333333333,966.3166666666667,593687.9612781269,263237.4852363733,69.28116835518443,1,593687.9612868837,593687.9612868837,1,1,0,0,0
profile,tfl-numbat-2019-midweek,pm-peak,15,3.966666666666667,1,3,off,free-flow,4,drop-offs,1,940GZZLUEUS,0,3900,2624,1800,1785,51241ebba9303aac,119,119,0,0,87,32,2.9,33,26,3.6,6,true,824,9,35,35,31,1,1,0,0,2,1,11,9,2,4,london-link-044-a-departure,true,160,68.96890756302521,218.25,172.98333333333332,452.7312324929972,795.9666666666667,939.2,615948.4382234473,257321.371836527,70.53357749549882,1.0024402573898306,617451.5109655195,616569.1479486354,1.0010455782637686,1.124423813388458,1,0,0
profile,tfl-numbat-2019-midweek,pm-peak,12,4.966666666666667,1,1,off,free-flow,4,drop-offs,0,940GZZLUEUS,0,3900,2262,1800,1788,d813e5a9585edb2f,149,149,0,0,112,37,3.7333333333333334,40,34,4.8,3,true,462,8,41,40,37,1,1,0,0,2,1,31,23,8,4,london-link-048-a-arrival,true,61,53.705033557046974,252.53333333333333,166.78333333333333,410.02852348993287,789.6666666666666,943.1666666666666,715789.9795161893,232355.14963538497,75.49371478148048,1,715789.9795526684,715789.9795526684,1,1,0,0,0
profile,tfl-numbat-2019-midweek,pm-peak,12,4.966666666666667,1,2,off,free-flow,4,drop-offs,0,940GZZLUEUS,0,3900,2268,1800,1788,297a5298546de8ab,149,149,0,0,110,39,3.6666666666666665,36,38,4.933333333333334,1,true,468,10,44,43,36,1,1,0,0,2,1,20,15,5,3,london-link-010-a-departure,true,162,68.0976510067114,219.31666666666666,184.35,430.926062639821,699.7833333333333,971.6833333333333,729968.9479192976,248746.3739439565,74.58439973429667,1,729968.9479590331,729968.9479590331,1,1,0,0,0
profile,tfl-numbat-2019-midweek,pm-peak,12,4.966666666666667,1,3,off,free-flow,4,drop-offs,0,940GZZLUEUS,0,3900,2779,1800,1788,48123429dd3fca57,149,149,0,0,108,41,3.6,39,35,4.6,6,true,979,11,47,45,37,1,1,0,0,2,1,47,41,6,3,940GZZLUKSX-01-arrival,true,227,82.9582774049217,306.5,187.9,459.77483221476507,808.3333333333334,1074.9,758196.3758365477,304762.2033821076,71.32887307743187,1,758196.3758827227,758196.3758827227,1,1,0,0,0
profile,tfl-numbat-2019-midweek,pm-peak,10,5.966666666666667,1,1,off,free-flow,4,drop-offs,0,940GZZLUEUS,0,3900,2671,1800,1790,7f3d0ffd68c0d35b,179,179,0,0,134,45,4.466666666666667,50,39,5.6,6,true,871,12,48,48,42,1,1,0,0,2,1,20,12,8,4,940GZZLUVIC-01-arrival,true,147,62.48202979515828,258.31666666666666,170.65,415.8134078212291,789.2833333333333,943.1666666666666,852443.7446752338,309455.06712931104,73.3664357011695,1,852443.7447427212,852443.7447427212,1,1,0,0,0
profile,tfl-numbat-2019-midweek,pm-peak,10,5.966666666666667,1,2,off,free-flow,4,drop-offs,0,940GZZLUEUS,0,3900,2676,1800,1790,d381100ff1da349a,179,179,0,0,134,45,4.466666666666667,40,49,6.266666666666667,-4,true,876,13,52,50,41,2,1,0,0,2,1,65,52,13,4,london-link-048-a-arrival,true,188,78.04916201117318,324.8,196.31666666666666,452.18351955307264,762.45,1025.2,904429.2589292651,382681.7627411607,70.26816208562084,1,904429.2590089331,904429.2590089331,1,1,0,0,0
profile,tfl-numbat-2019-midweek,pm-peak,10,5.966666666666667,1,3,off,free-flow,4,drop-offs,2,940GZZLUEUS,0,3900,2567,1800,1790,21d3f2b5bd5d97ab,179,179,0,0,131,48,4.366666666666666,43,46,5.866666666666666,2,true,767,17,55,53,44,2,2,0,0,2,2,68,52,16,5,london-link-081-a-arrival,true,140,89.2050279329609,304.3333333333333,225.43333333333334,469.2113594040968,801.3166666666667,1074.75,912535.2466459377,335482.4281157976,73.11877588754133,1.0059865246440338,917998.1614702048,916484.2092580349,1.0011626294151263,1.1391412272152763,2,0,0
profile,tfl-numbat-2019-midweek,pm-peak,8.571429,7,1,1,off,free-flow,4,drop-offs,2,940GZZLUEUS,0,3900,2416,1800,1799,a956252f9cc231f2,210,210,0,0,159,51,5.3,54,51,7,0,true,616,17,56,56,47,1,1,0,0,2,1,57,47,9,3,940GZZLUFPK-01-departure,true,218,77.95674603174602,369.98333333333335,178.73333333333332,422.13126984126984,770.3,943.1666666666666,967310.7059440628,330942.79852068797,74.50861504455324,1.0060304892143686,973144.062817207,972383.1295049078,1.0004850499051363,1.101860480078655,1,0,0
profile,tfl-numbat-2019-midweek,pm-peak,8.571429,7,1,2,off,free-flow,4,drop-offs,0,940GZZLUEUS,0,3900,2599,1800,1799,6d4c4c3b2c45e61e,210,210,0,0,151,59,5.033333333333333,48,57,6.866666666666666,2,true,799,21,62,60,46,2,1,0,0,2,1,103,83,20,5,london-link-048-a-arrival,true,226,98.25126984126983,440.1666666666667,247.7,474.05817460317456,806.6833333333333,1025.2,1064306.6992445902,439417.1819997481,70.77806720498923,1,1064306.6993527254,1064306.6993527254,1,1,0,0,0
profile,tfl-numbat-2019-midweek,pm-peak,8.571429,7,1,3,off,free-flow,4,drop-offs,1,940GZZLUEUS,0,3900,2638,1800,1799,8a8893745def8e7a,210,210,0,0,151,59,5.033333333333333,47,58,6.933333333333334,1,true,838,21,64,63,47,2,2,0,0,1,1,69,59,10,4,940GZZLUKSX-01-arrival,true,259,107.48428571428572,335.1333333333333,239.15,484.66309523809525,854.3166666666667,1045.3,1066495.2178539832,452529.88658391696,70.20918974532873,1.0027698972576877,1069449.3001410943,1068553.7573374284,1.0003945037708977,1.0828457918885008,1,0,0
profile,tfl-numbat-2019-midweek,pm-peak,7.5,7.966666666666667,1,1,off,free-flow,4,drop-offs,3,940GZZLUEUS,0,3900,2509,1800,1792.5,812d6bdfeff7cdd8,239,239,0,0,183,56,6.1,59,60,8.266666666666667,-4,true,709,21,67,64,51,1,2,0,0,1,1,64,52,12,3,940GZZLUBXN-01-arrival,true,241.5,98.2907949790795,428.6333333333333,236.65,446.4981171548117,814.4333333333333,943.1666666666666,1109992.172025773,484013.4888716293,69.63539711652362,1.0092763893842516,1120288.8917240323,1118501.0120411178,1.0012725872009902,1.15855558656336,2,0,0
profile,tfl-numbat-2019-midweek,pm-peak,7.5,7.966666666666667,1,2,off,free-flow,4,drop-offs,2,940GZZLUEUS,0,3900,2505,1800,1792.5,fe5cdc606d6c3375,239,239,0,0,167,72,5.566666666666666,61,58,7.066666666666666,14,true,705,22,73,71,56,1,1,0,1,2,1,144,118,26,5,london-link-048-a-arrival,true,223.5,105.28082287308229,339.55,289.2,478.7781032078103,806.5166666666667,1025.2,1197226.7420050043,500259.92747583054,70.52937519510348,1.0044700335048282,1202578.3857283194,1201682.8429246536,1.0010114655115,1.2417402572485177,1,0,0
profile,tfl-numbat-2019-midweek,pm-peak,7.5,7.966666666666667,1,3,off,free-flow,4,drop-offs,4,940GZZLUEUS,0,3900,2646,1800,1792.5,1d267e2d1193cfce,239,239,0,0,170,69,5.666666666666667,55,64,7.666666666666667,5,true,846,25,75,71,53,2,1,0,0,1,1,130,99,31,4,940GZZLUKSX-01-arrival,true,259.5,119.07203626220362,354.35,289.23333333333335,494.0112970711297,834.7333333333333,1006.7166666666667,1190734.8376027707,524716.9045387106,69.4123191198791,1.014194560844431,1207636.7957806902,1206893.8231010346,1.0011698522876065,1.2795946967379324,1,0,0
profile,tfl-numbat-2019-midweek,pm-peak,6.666667,8.966666666666667,1,1,off,free-flow,4,drop-offs,5,940GZZLUEUS,0,3900,2582,1800,1793.3333333333333,5a33a9c6710baada,269,269,0,0,202,67,6.733333333333333,65,69,9.133333333333333,-2,true,782,24,76,72,57,2,1,0,0,2,1,256,201,53,5,london-link-048-a-arrival,true,268.6666666666667,107.21047087980173,449.1,265.4,458.57453531598514,813.1166666666667,943.1666666666666,1252679.5312581484,579656.8380329568,68.36515130367604,1.013076392307381,1269060.0603040792,1266427.1604566963,1.0020870833893158,1.2426979892562182,3,0,0
profile,tfl-numbat-2019-midweek,pm-peak,6.666667,8.966666666666667,1,2,off,free-flow,4,drop-offs,1,940GZZLUEUS,0,3900,2558,1800,1793.3333333333333,6c68acf7e422f94a,269,269,0,0,187,82,6.233333333333333,68,66,7.933333333333334,16,true,758,31,87,84,67,3,2,0,0,2,2,260,224,36,6,london-link-048-a-arrival,true,395.6666666666667,122.6305452292441,450.4166666666667,307.8,494.69070631970254,830.7333333333333,1093.5666666666666,1343068.567696489,600349.1138345586,69.10859052380358,1.0021995021330572,1346022.649911549,1345277.107107883,1.0007481401012646,1.2012496872402003,1,0,0
profile,tfl-numbat-2019-midweek,pm-peak,6.666667,8.966666666666667,1,3,off,free-flow,4,drop-offs,7,940GZZLUEUS,0,3900,2788,1800,1793.3333333333333,43d49a40dceca89e,269,269,0,0,188,81,6.266666666666667,65,69,8.2,12,true,988,29,86,82,64,2,2,0,1,1,1,232,182,50,5,940GZZLUVIC-01-arrival,true,255.66666666666666,129.84857496902106,460.21666666666664,324.15,511.98562577447336,894.85,1114.7333333333333,1360869.236977835,637060.6067696643,68.11396512428408,1.0164514177894046,1383257.4653835653,1380867.4909884317,1.001629943177259,1.1594410414035916,3,0,0
profile,tfl-numbat-2019-midweek,pm-peak,6,9.966666666666667,1,1,off,free-flow,4,drop-offs,7,940GZZLUEUS,0,3900,2402,1800,1794,458ea89b24e1b419,299,299,0,0,218,81,7.266666666666667,73,76,9.666666666666666,5,true,602,30,86,83,62,3,2,0,0,1,1,170,128,40,5,940GZZLUVIC-01-arrival,true,340,118.6777591973244,415.43333333333334,328.4166666666667,467.11599777034553,796.3166666666667,946.45,1376653.1115978267,569779.1457412282,70.72699840475482,1.0158588520377416,1398485.2496287376,1394422.7816948886,1.00255992135863,1.2426979892562182,5,0,0
profile,tfl-numbat-2019-midweek,pm-peak,6,9.966666666666667,1,2,off,free-flow,4,drop-offs,3,940GZZLUEUS,0,3900,2747,1800,1794,09e4876ac860d23a,299,299,0,0,205,94,6.833333333333333,74,75,8.733333333333333,19,true,947,36,98,93,73,2,3,0,0,2,2,199,155,44,5,london-link-048-a-arrival,true,446,132.11655518394647,485.28333333333336,343.3833333333333,502.919397993311,845.2166666666667,1152.6166666666666,1484450.745837195,714122.8665505609,67.51881026285086,1.0053817423737894,1492439.6773166507,1490903.9528992388,1.0006082965650593,1.0954239967566846,2,0,0
profile,tfl-numbat-2019-midweek,pm-peak,6,9.966666666666667,1,3,off,free-flow,4,drop-offs,6,940GZZLUEUS,0,3900,2794,1800,1794,a1f05cb25706b91b,299,299,0,0,205,94,6.833333333333333,72,77,8.866666666666667,17,true,994,38,102,98,73,2,2,0,1,1,2,191,151,40,5,940GZZLUWLO-merge,true,322,159.2818283166109,453.43333333333334,358.8333333333333,540.6520066889633,947.2833333333333,1102.7166666666667,1516800.5660165774,836864.9593985454,64.44418502280841,1.01281914912086,1536244.6586489773,1533102.6020305057,1.0020750923738713,1.163705613826677,4,0,0
profile,tfl-numbat-2019-midweek,pm-peak,5.4545449999999995,11,1,1,off,free-flow,4,drop-offs,4,940GZZLUEUS,0,3900,2664,1800,1798.5,e6be3aeada4a3529,330,330,0,0,234,96,7.8,80,85,10.266666666666667,11,true,864,43,101,96,70,3,2,0,0,1,2,268,216,52,6,london-link-127-a-arrival,true,422.5,151.1658585858586,505.8666666666667,359.6333333333333,499.7515656565656,835.2166666666667,1006.2166666666667,1532413.8497919696,820177.5496011766,65.13727161407023,1.007499280661418,1543905.851327242,1542510.5807057447,1.001086993780033,1.217574039697647,2,0,0
profile,tfl-numbat-2019-midweek,pm-peak,5.4545449999999995,11,1,2,off,free-flow,4,drop-offs,2,940GZZLUEUS,0,3900,2680,1800,1798.5,c43d60b6b9d35f14,330,330,0,0,227,103,7.566666666666666,78,87,9.933333333333334,16,true,880,42,112,107,77,4,3,0,0,2,1,359,298,60,5,london-link-048-a-arrival,true,270.5,160.58434343434342,818.55,417.25,535.1570202020202,893.95,1370.7,1657267.953083569,860052.5970348623,65.83460151729982,1.004154223916836,1664152.615204584,1663255.937138634,1.000318915208272,1.1052420187298075,1,0,0
profile,tfl-numbat-2019-midweek,pm-peak,5.4545449999999995,11,1,3,off,free-flow,4,drop-offs,7,940GZZLUEUS,0,3900,2550,1800,1798.5,1578ce5338dc3b09,330,330,0,0,229,101,7.633333333333334,74,91,10.333333333333334,10,true,750,42,111,105,76,3,2,0,1,2,1,299,216,83,5,940GZZLUKSX-diverge,true,287.5,163.05444444444444,580.3166666666667,375.96666666666664,545.3269696969696,925.5333333333333,1115.9833333333333,1669809.2482292214,850435.0882901335,66.25584765861838,1.0163051500270692,1697035.7384876944,1694597.3579453093,1.0015080677274981,1.2042888434999062,3,0,0
profile,tfl-numbat-2019-midweek,pm-peak,5,11.966666666666667,1,1,off,free-flow,4,drop-offs,7,940GZZLUEUS,0,3900,2695,1800,1795,d59afaee7896bf92,359,359,0,0,250,109,8.333333333333334,81,98,11.266666666666667,11,true,895,49,113,109,73,2,3,0,0,2,2,240,190,50,5,940GZZLUPAC-diverge,true,374,160.89531104921076,692.9333333333333,375.26666666666665,513.2870937790158,839.8166666666667,1097.3666666666666,1674633.3097381669,956971.2812733919,63.63544566907968,1.0140585175712558,1698176.171496583,1693210.9800040603,1.0026960209619151,1.2669045025822703,6,0,0
profile,tfl-numbat-2019-midweek,pm-peak,5,11.966666666666667,1,2,off,free-flow,4,drop-offs,9,940GZZLUEUS,0,3900,2816,1800,1795,230748c929bd6af8,359,359,0,0,249,110,8.3,79,100,11.333333333333334,10,true,1016,49,120,112,81,3,3,0,1,2,2,273,211,62,5,london-link-017-b-arrival,true,507,163.6046425255339,673.4833333333333,431.53333333333336,538.7435004642525,937.45,1308.25,1781493.4754029047,1044101.1526974485,63.04844501352278,1.0165685536423046,1811010.2455342275,1805379.5484652687,1.0040662526637656,1.3415856305524652,6,0,0
profile,tfl-numbat-2019-midweek,pm-peak,5,11.966666666666667,1,3,off,free-flow,4,drop-offs,13,940GZZLUEUS,0,3900,3443,1800,1795,d94d85fd65c7879d,359,359,0,0,234,125,7.8,75,104,10.6,21,true,1643,52,127,114,81,3,2,0,1,2,2,286,228,58,5,940GZZLUWLO-01-arrival,true,796,196.48217270194985,910.2333333333333,441.3833333333333,580.4925255338904,966.6,1727.85,1805396.2051337832,1266893.021042595,58.76387515054016,1.0269765327572955,1854099.5349148284,1845219.2224273477,1.0036383832339009,1.1989728322400246,10,0,0
profile,tfl-numbat-2019-midweek,pm-peak,4.615385,13.033333333333333,1,1,off,free-flow,4,drop-offs,7,940GZZLUEUS,0,3900,3155,1800,1798.6,b844ac8346e1443b,391,391,0,0,271,120,9.033333333333333,86,109,12.333333333333334,11,true,1355,53,124,114,83,2,2,0,0,2,1,374,303,68,5,london-link-048-a-arrival,true,592.4,173.20652173913044,713.5333333333333,415.3666666666667,529.0183290707587,850.7666666666667,1402.3666666666666,1840553.0923067245,1160753.6851500494,61.32505700954567,1.013437084096366,1865284.758897457,1861877.0997676312,1.0013799827947918,1.222161899620633,4,0,0
profile,tfl-numbat-2019-midweek,pm-peak,4.615385,13.033333333333333,1,2,off,free-flow,4,drop-offs,19,940GZZLUEUS,0,3900,2873,1800,1798.6,a2527f46405d2d08,391,391,0,0,255,136,8.5,86,109,11.266666666666667,27,true,1073,56,138,114,82,3,3,0,1,2,1,401,331,70,5,london-link-017-a-arrival,true,828.4,210.01453537936914,832.1333333333333,555.7833333333333,588.9356351236147,1009.3666666666667,1264.0833333333333,1936906.619824941,1180662.1173749764,62.12875426652493,1.0294900513192642,1994026.0953224858,1983289.1212353783,1.005616340437578,1.3898640365974335,13,0,0
profile,tfl-numbat-2019-midweek,pm-peak,4.615385,13.033333333333333,1,3,off,free-flow,4,drop-offs,17,940GZZLUEUS,0,3900,3107,1800,1798.6,6deb7e792c26e583,391,391,0,0,241,150,8.033333333333333,80,115,10.733333333333333,35,true,1307,81,150,114,79,3,2,0,1,1,2,628,461,166,6,london-link-057-b-departure,true,697.4,263.72710997442454,825.2833333333333,637.25,647.8513213981245,1104.3166666666666,1425.3166666666666,1948864.585879587,1365691.3736769836,58.797154420054234,1.0345024055014735,2016105.1019631561,2004602.9476999117,1.0045119143971872,1.204230088181778,13,0,0
profile,tfl-numbat-2019-midweek,pm-peak,4.2857140000000005,14,1,1,off,free-flow,4,drop-offs,17,940GZZLUEUS,0,3900,3106,1800,1799,f409929b4fc11402,420,420,0,0,271,149,9.033333333333333,89,121,12.133333333333333,28,true,1306,81,149,114,74,4,2,0,0,2,2,515,360,155,6,london-link-084-a-departure,true,740,226.72706349206348,1120.5666666666666,542.8333333333334,584.0471428571428,988.9,1687.4333333333334,1946250.6488891884,1346996.601447942,59.098224364719364,1.0352736733284758,2014902.0583680267,2007384.756435736,1.0039906539746382,1.2960913444515874,9,0,0
profile,tfl-numbat-2019-midweek,pm-peak,4.2857140000000005,14,1,2,off,free-flow,4,drop-offs,27,940GZZLUEUS,0,3900,3368,1800,1799,d94723ccd810e119,420,420,0,0,274,146,9.133333333333333,90,120,12.266666666666667,26,true,1568,74,152,114,83,3,3,0,1,2,2,455,367,87,5,940GZZLUVIC-01-arrival,true,852,239.90682539682538,877.3833333333333,605.05,620.5462301587302,1109.8333333333333,1577.2333333333333,2042061.0039726198,1368060.8875071718,59.88234640746187,1.050982492212426,2146170.3630510787,2130407.0642887875,1.0077041339879211,1.3415856305524652,18,0,0
profile,tfl-numbat-2019-midweek,pm-peak,4.2857140000000005,14,1,3,off,free-flow,4,drop-offs,25,940GZZLUEUS,0,3900,3280,1800,1799,353b1b896f065073,420,420,0,0,250,170,8.333333333333334,81,129,11.266666666666667,41,true,1480,87,172,114,79,2,2,0,0,2,1,455,363,92,5,940GZZLUKSX-01-arrival,true,963,286.273253968254,1056.7,673.5666666666667,668.5989682539682,1116.4666666666667,1549.0666666666666,2064972.059937928,1428626.5993960241,59.10730628490712,1.0467209787308211,2161449.5754711702,2145574.063792848,1.0064169426633205,1.247117636481682,18,0,0
profile,tfl-numbat-2019-midweek,pm-peak,4,14.966666666666667,1,1,off,free-flow,4,drop-offs,28,940GZZLUEUS,0,3900,3707,1800,1796,a8eb787e9f460846,449,449,0,0,290,159,9.666666666666666,95,129,13,30,true,1907,89,161,114,76,4,4,0,1,2,1,496,389,106,6,london-link-013-a-arrival,true,1132,257.31373422420194,1171.2166666666667,602.2833333333333,620.1355605048254,1041.5666666666666,1950.4,2074105.652440655,1550313.2613598371,57.22588094172011,1.0530784278306171,2184195.9194645435,2166288.6833584313,1.0062316802228333,1.2191429910037301,20,0,0
profile,tfl-numbat-2019-midweek,pm-peak,4,14.966666666666667,1,2,off,free-flow,4,drop-offs,41,940GZZLUEUS,0,3900,3611,1800,1796,58fb90118990c167,449,449,0,0,280,169,9.333333333333334,93,131,12.466666666666667,38,true,1811,91,169,114,78,4,3,0,1,2,2,596,488,108,5,940GZZLUWLO-01-arrival,true,1103,281.0653303637713,1226.1333333333334,625.0833333333334,661.0837416481069,1186.9833333333333,1938.35,2122751.543699464,1447370.8758362944,59.45878864219722,1.079602800741144,2291728.5116754863,2264424.2382068904,1.0111432681330264,1.3669295705021718,30,0,0
profile,tfl-numbat-2019-midweek,pm-peak,4,14.966666666666667,1,3,off,free-flow,4,drop-offs,38,940GZZLUEUS,0,3900,3339,1800,1796,a145bdb7ecc3531e,449,449,0,0,258,191,8.6,83,141,11.666666666666666,50,true,1539,113,193,114,76,3,2,0,0,2,1,563,417,146,6,940GZZLUKSX-exit,true,1132,354.88370452858203,1151.35,814.15,739.3689309576838,1261.85,1722.6166666666666,2178171.2331645912,1572706.0658357248,58.070980720833425,1.0644596560663637,2318575.4015152096,2292860.3164760624,1.0107750185734679,1.3501244192534152,28,0,0
profile,tfl-numbat-2019-midweek,evening,60,0.9666666666666667,1,1,off,free-flow,4,drop-offs,0,940GZZLUEUS,0,3900,2233,1800,1740,3eeae1ba9ba23568,29,29,0,0,22,7,0.7333333333333333,6,8,1.0666666666666667,-1,true,433,2,10,10,10,0,0,0,0,1,1,0,0,0,2,940GZZLUVIC-01-departure,true,0,41.29367816091954,205.88333333333333,168.25,456.4810344827587,740.8,818.05,163553.32244815503,17133.765424216253,90.51743783910075,1,163553.3224467993,163553.3224467993,1,1,0,0,0
profile,tfl-numbat-2019-midweek,evening,60,0.9666666666666667,1,2,off,free-flow,4,drop-offs,0,940GZZLUEUS,0,3900,2239,1800,1740,5cc10fa37241c278,29,29,0,0,23,6,0.7666666666666667,7,7,1.0666666666666667,-1,true,439,2,11,11,11,1,0,0,0,1,0,6,6,0,2,940GZZLUWLO-01-arrival,true,0,24.96206896551724,172.7,127.63333333333334,438.90459770114944,687.8333333333334,715.9666666666667,162749.2848214683,53136.139096257866,75.38687970128636,1,162749.2848200558,162749.2848200558,1,1,0,0,0
profile,tfl-numbat-2019-midweek,evening,60,0.9666666666666667,1,3,off,free-flow,4,drop-offs,0,940GZZLUEUS,0,3900,2182,1800,1740,c779019d55d17d00,29,29,0,0,23,6,0.7666666666666667,8,6,1,0,true,382,2,9,9,8,0,0,0,0,1,1,0,0,0,2,940GZZLUBNK-01-arrival,true,38,29.93448275862069,147.28333333333333,123.01666666666667,387.71494252873566,692.6,706.9333333333333,140133.3778639682,47441.149576390104,74.7081065730129,1,140133.37786308146,140133.37786308146,1,1,0,0,0
profile,tfl-numbat-2019-midweek,evening,30,1.9666666666666666,1,1,off,free-flow,4,drop-offs,0,940GZZLUEUS,0,3900,2443,1800,1770,68545f5ecc1ebff5,59,59,0,0,47,12,1.5666666666666667,14,15,2.2,-3,true,643,5,18,18,16,1,0,0,0,1,1,4,4,0,3,london-link-082-a-arrival,true,82,52.08220338983051,255.35,173.25,429.73757062146893,740.8,1001.3166666666667,301629.250625377,79702.79941301973,79.09884589952658,1,301629.250621828,301629.250621828,1,1,0,0,0
profile,tfl-numbat-2019-midweek,evening,30,1.9666666666666666,1,2,off,free-flow,4,drop-offs,0,940GZZLUEUS,0,3900,2354,1800,1770,fc357df6b5d5694e,59,59,0,0,46,13,1.5333333333333334,15,14,2.066666666666667,-1,true,554,4,19,19,17,1,1,0,0,2,1,22,19,3,3,london-link-048-a-departure,true,77,33.82203389830509,182.31666666666666,150.4,424.4949152542373,693.0166666666667,829.6666666666666,311712.08882840234,113648.9009605219,73.28177625858036,1,311712.08882461314,311712.08882461314,1,1,0,0,0
profile,tfl-numbat-2019-midweek,evening,30,1.9666666666666666,1,3,off,free-flow,4,drop-offs,0,940GZZLUEUS,0,3900,2673,1800,1770,4a24af1062605094,59,59,0,0,46,13,1.5333333333333334,16,13,2,0,true,873,5,17,17,16,1,1,0,0,1,1,19,15,4,2,940GZZLUBNK-01-arrival,true,122,56.83474576271187,217.86666666666667,163.38333333333333,425.3581920903955,724.3166666666667,902.75,293688.5452048545,167992.68881499593,63.612840107819295,1,293688.54520146066,293688.54520146066,1,1,0,0,0
profile,tfl-numbat-2019-midweek,evening,20,2.966666666666667,1,1,off,free-flow,4,drop-offs,0,940GZZLUEUS,0,3900,2408,1800,1780,4fbd0b1ddcda5daa,89,89,0,0,67,22,2.2333333333333334,22,22,3,0,true,608,7,25,25,23,1,1,0,1,1,1,38,33,5,3,london-link-070-a-departure,true,221,74.20355805243445,240.4,200.61666666666667,464.413670411985,737.85,1001.3166666666667,469282.5120980381,163618.07229919505,74.14790310945551,1,469282.51209181396,469282.51209181396,1,1,0,0,0
profile,tfl-numbat-2019-midweek,evening,20,2.966666666666667,1,2,off,free-flow,4,drop-offs,0,940GZZLUEUS,0,3900,2362,1800,1780,58312b729793399f,89,89,0,0,67,22,2.2333333333333334,24,20,2.8666666666666667,2,true,562,6,24,24,23,1,1,0,0,1,1,14,11,3,3,london-link-087-a-arrival,true,92,47.74138576779026,217.65,159.03333333333333,437.8434456928839,687.8333333333334,1155.6833333333334,469853.8210978549,184211.3905164044,71.8359290105396,1,469853.82109156065,469853.82109156065,1,1,0,0,0
profile,tfl-numbat-2019-midweek,evening,20,2.966666666666667,1,3,off,free-flow,4,drop-offs,0,940GZZLUEUS,0,3900,2520,1800,1780,dbba58b1409deafa,89,89,0,0,68,21,2.2666666666666666,23,21,3,0,true,720,8,25,24,22,0,1,0,0,1,1,0,0,0,3,london-link-025-a-departure,true,124,69.38258426966291,224.7,207.15,433.87284644194756,724.3166666666667,899.7333333333333,438107.8985543412,226286.13846050604,65.94097390199045,1,438107.89854865626,438107.89854865626,1,1,0,0,0
profile,tfl-numbat-2019-midweek,evening,15,3.966666666666667,1,1,off,free-flow,4,drop-offs,0,940GZZLUEUS,0,3900,2452,1800,1785,873015319cd46809,119,119,0,0,82,37,2.7333333333333334,30,29,3.466666666666667,8,true,652,11,39,39,34,1,2,0,0,1,1,19,15,4,3,940GZZLUBXN-01-arrival,true,115,91.42394957983194,295.96666666666664,215.68333333333334,486.56596638655463,786.3666666666667,1001.3166666666667,636459.1852359825,268530.7888157708,70.32776091280604,1,636459.1852545666,636459.1852545666,1,1,0,0,0
profile,tfl-numbat-2019-midweek,evening,15,3.966666666666667,1,2,off,free-flow,4,drop-offs,0,940GZZLUEUS,0,3900,2583,1800,1785,7ee478a9b78eebf3,119,119,0,0,87,32,2.9,32,27,3.6666666666666665,5,true,783,10,34,34,28,1,2,0,0,2,2,21,12,9,3,940GZZLUVIC-01-arrival,true,158,64.55826330532213,287.65,199.98333333333332,464.6155462184874,757.3833333333333,1153.3333333333333,644655.6374199552,268516.5488007795,70.59518972954429,1,644655.6374404277,644655.6374404277,1,1,0,0,0
profile,tfl-numbat-2019-midweek,evening,15,3.966666666666667,1,3,off,free-flow,4,drop-offs,0,940GZZLUEUS,0,3900,2669,1800,1785,3efe4dd7383dc66b,119,119,0,0,85,34,2.8333333333333335,30,29,3.6666666666666665,5,true,869,11,34,34,29,1,1,0,0,1,1,6,2,4,4,london-link-057-a-arrival,true,154,79.40546218487394,272.15,217.86666666666667,448.13207282913163,748.9166666666666,958.35,592541.7423308144,299713.7951848749,66.4094216753903,1,592541.7423392629,592541.7423392629,1,1,0,0,0
profile,tfl-numbat-2019-midweek,evening,12,4.966666666666667,1,1,off,free-flow,4,drop-offs,0,940GZZLUEUS,0,3900,2432,1800,1788,25b3fdeb13f94c9d,149,149,0,0,105,44,3.5,36,38,4.6,6,true,632,14,48,47,39,1,1,0,0,1,1,58,47,11,4,940GZZLUVIC-01-arrival,true,122,94.3397091722595,292.81666666666666,230.8,480.26006711409394,819.8666666666667,995.9666666666667,776546.949426435,355937.01338018547,68.57023807223977,1,776546.9494768147,776546.9494768147,1,1,0,0,0
profile,tfl-numbat-2019-midweek,evening,12,4.966666666666667,1,2,off,free-flow,4,drop-offs,0,940GZZLUEUS,0,3900,2597,1800,1788,735db4462c7d6518,149,149,0,0,104,45,3.466666666666667,41,33,4.2,12,true,797,16,46,46,35,1,2,0,1,2,2,40,32,8,4,london-link-020-a-departure,true,229,84.1923937360179,278.05,237.55,483.8567114093959,787.4,1153.3333333333333,806091.2688312522,313231.36911058315,72.01598909081834,1,806091.2688884836,806091.2688884836,1,1,0,0,0
profile,tfl-numbat-2019-midweek,evening,12,4.966666666666667,1,3,off,free-flow,4,drop-offs,1,940GZZLUEUS,0,3900,2465,1800,1788,2fcc7c73295d9f40,149,149,0,0,109,40,3.6333333333333333,39,35,4.666666666666667,5,true,665,13,45,43,35,2,2,0,0,1,2,52,42,10,4,940GZZLUKSX-01-arrival,true,157,89.81163310961968,299,217.86666666666667,454.6900447427293,752.6666666666666,963.7166666666667,728290.847944433,351066.0409474243,67.4745170424721,1.0073438797976686,733639.3284290691,733639.3284290691,1,1,0,0,0
profile,tfl-numbat-2019-midweek,evening,10,5.966666666666667,1,1,off,free-flow,4,drop-offs,0,940GZZLUEUS,0,3900,2802,1800,1790,20f452e1bbe11c01,179,179,0,0,131,48,4.366666666666666,43,46,5.866666666666666,2,true,1002,18,59,58,45,1,3,0,0,1,1,52,42,10,5,london-link-072-a-arrival,true,205,116.92811918063315,361.4,273.95,504.59422718808196,838.4833333333333,1101.7,937869.1074988946,520446.419065779,64.31180978428003,1,937869.1075859802,937869.1075859802,1,1,0,0,0
profile,tfl-numbat-2019-midweek,evening,10,5.966666666666667,1,2,off,free-flow,4,drop-offs,0,940GZZLUEUS,0,3900,2616,1800,1790,2c882ff5d2d3fc38,179,179,0,0,124,55,4.133333333333334,47,42,5.133333333333334,13,true,816,19,59,58,44,2,2,0,1,2,1,60,49,11,4,london-link-009-a-departure,true,207,101.46806331471136,356.18333333333334,271.2,494.33798882681566,789.4,1158.7,951122.3183392149,401770.68477428355,70.30284849949973,1,951122.318429369,951122.318429369,1,1,0,0,0
profile,tfl-numbat-2019-midweek,evening,10,5.966666666666667,1,3,off,free-flow,4,drop-offs,1,940GZZLUEUS,0,3900,2523,1800,1790,422dc303f2c9a139,179,179,0,0,131,48,4.366666666666666,47,42,5.6,6,true,723,18,52,50,38,1,1,0,0,1,1,72,56,16,5,london-link-046-a-departure,true,267,100.79059590316574,303.73333333333335,253.48333333333332,462.0182495344506,754.1,963.7166666666667,867982.3786729467,409710.3972207067,67.93357488194735,1.003527536885678,871044.2186010272,871044.2186010272,1,1,0,0,0
profile,tfl-numbat-2019-midweek,evening,8.571429,7,1,1,off,free-flow,4,drop-offs,2,940GZZLUEUS,0,3900,2711,1800,1799,8fa5bf61b989b665,210,210,0,0,146,64,4.866666666666666,50,55,6.4,9,true,911,23,69,65,51,2,3,0,0,1,1,100,80,20,4,940GZZLULVT-01-arrival,true,327,127.6931746031746,335.51666666666665,294.7,512.9761904761905,848.4666666666667,1098.6833333333334,1084543.4928995387,590114.8660760993,64.76207443068786,1.0068918862834852,1092018.0434255488,1090213.2094150507,1.0012082905013793,1.1339878090218087,2,0,0
profile,tfl-numbat-2019-midweek,evening,8.571429,7,1,2,off,free-flow,4,drop-offs,1,940GZZLUEUS,0,3900,2920,1800,1799,fa205d26eb72d298,210,210,0,0,148,62,4.933333333333334,53,52,6.333333333333333,10,true,1120,23,71,68,52,2,2,0,0,1,2,166,141,25,4,940GZZLULNB-01-departure,true,233,118.74722222222222,344.9,301.6166666666667,532.6299206349207,917.1833333333333,1158.7,1173325.3674528757,567021.0803053284,67.41906871268498,1.0013069756216775,1174858.8751841036,1173924.6044570464,1.0004088069583819,1.0858494612602183,1,0,0
profile,tfl-numbat-2019-midweek,evening,8.571429,7,1,3,off,free-flow,4,drop-offs,0,940GZZLUEUS,0,3900,2662,1800,1799,17620ed2eaa95023,210,210,0,0,150,60,5,53,52,6.466666666666667,8,true,862,24,63,60,47,2,2,0,1,1,2,72,55,17,4,london-link-025-a-departure,true,252,118.36666666666666,376.55,298.43333333333334,481.613253968254,810.65,963.7166666666667,1029052.7718471854,485364.11062388925,67.95042922184541,1,1029052.7719549612,1029052.7719549612,1,1,0,0,0
profile,tfl-numbat-2019-midweek,evening,7.5,7.966666666666667,1,1,off,free-flow,4,drop-offs,5,940GZZLUEUS,0,3900,2667,1800,1792.5,587d4087c93cef8a,239,239,0,0,168,71,5.6,56,63,7.466666666666667,8,true,867,27,77,73,57,2,3,0,0,1,1,119,92,27,5,940GZZLUVIC-01-arrival,true,255.5,132.7765690376569,381.65,303.73333333333335,523.249790794979,900.2666666666667,1141.4166666666667,1240667.880311049,651285.5386406191,65.57602676066429,1.0150313783415306,1259316.828678969,1255321.3201056917,1.0029371034724484,1.199968063925261,5,0,0
profile,tfl-numbat-2019-midweek,evening,7.5,7.966666666666667,1,2,off,free-flow,4,drop-offs,1,940GZZLUEUS,0,3900,2768,1800,1792.5,2f9a395554770741,239,239,0,0,164,75,5.466666666666667,57,62,7.133333333333334,13,true,968,26,78,76,59,2,2,0,0,1,2,121,95,26,5,london-link-025-b-departure,true,332.5,123.93138075313807,477.48333333333335,309.81666666666666,535.270990237099,921,1185.45,1327452.4814671902,598288.0237235707,68.93205381976918,1.0010987268259917,1328910.9891583775,1327976.7184313203,1.0003592027667791,1.0858494612602183,1,0,0
profile,tfl-numbat-2019-midweek,evening,7.5,7.966666666666667,1,3,off,free-flow,4,drop-offs,2,940GZZLUEUS,0,3900,2526,1800,1792.5,3f9e14e4a9ea6f4c,239,239,0,0,170,69,5.666666666666667,57,62,7.533333333333333,7,true,726,28,74,70,52,1,2,0,1,1,1,118,96,22,5,london-link-087-a-departure,true,316.5,132.85822873082287,385.76666666666665,316.85,502.61917712691775,865.0833333333334,974.2666666666667,1186000.8255970376,559683.2017199163,67.93903175134581,1.0047741235772707,1191662.9401777866,1191662.9401777866,1,1,0,0,0
profile,tfl-numbat-2019-midweek,evening,6.666667,8.966666666666667,1,1,off,free-flow,4,drop-offs,6,940GZZLUEUS,0,3900,2691,1800,1793.3333333333333,6b585277ba4a284f,269,269,0,0,185,84,6.166666666666667,65,69,8,15,true,891,34,90,84,63,2,3,0,0,1,1,158,121,37,5,london-link-120-a-departure,true,184.66666666666666,152.06648079306072,439.8833333333333,333.01666666666665,541.4959107806691,916.9333333333333,1140.8333333333333,1394025.7998696677,733968.0228524493,65.50892135985801,1.013643875108453,1413045.7138035744,1409521.2228438798,1.0037201569345149,1.3667150609851388,4,0,0
profile,tfl-numbat-2019-midweek,evening,6.666667,8.966666666666667,1,2,off,free-flow,4,drop-offs,2,940GZZLUEUS,0,3900,2605,1800,1793.3333333333333,550d0bff2169bd1a,269,269,0,0,180,89,6,59,75,8.066666666666666,14,true,805,32,91,86,70,3,2,0,1,2,1,346,231,114,5,london-link-020-a-departure,true,391.6666666666667,134.87143742255267,472.1166666666667,328.1333333333333,542.6186493184634,940.6166666666667,1198.1333333333334,1466243.1212481067,628445.5085876604,69.99814198461881,1.0080741992482243,1478081.8603587395,1476577.7831498403,1.0008956703487686,1.1750111593634849,2,0,0
profile,tfl-numbat-2019-midweek,evening,6.666667,8.966666666666667,1,3,off,free-flow,4,drop-offs,3,940GZZLUEUS,0,3900,2735,1800,1793.3333333333333,1a7011d452329f9f,269,269,0,0,191,78,6.366666666666666,62,72,8.6,6,true,935,35,86,83,62,1,2,0,0,1,1,113,89,24,5,london-link-106-a-departure,true,306.6666666666667,145.44368029739778,475.43333333333334,352.15,523.9003717472119,909.3833333333333,1125.7166666666667,1366112.2906684629,661312.2037224418,67.38166054755501,1.0065406669615302,1375047.576223005,1373443.577535386,1.0008584831923975,1.1573558931746688,2,0,0
profile,tfl-numbat-2019-midweek,evening,6,9.966666666666667,1,1,off,free-flow,4,drop-offs,3,940GZZLUEUS,0,3900,2831,1800,1794,dbe77387ac8e7ea1,299,299,0,0,198,101,6.6,67,82,8.733333333333333,19,true,1031,44,106,103,71,2,3,0,1,1,2,247,182,61,5,london-link-057-b-departure,true,371,177.66309921962096,499.2,417.1,574.4745261984392,968.1,1126.35,1594353.3341649254,980906.8398383519,61.910379007899664,1.0040232312573778,1600767.7863045265,1600066.971745325,1.0006292698393005,1.1881516819508395,1,0,0
profile,tfl-numbat-2019-midweek,evening,6,9.966666666666667,1,2,off,free-flow,4,drop-offs,8,940GZZLUEUS,0,3900,2899,1800,1794,94fb12000179d5a1,299,299,0,0,194,105,6.466666666666667,64,85,8.666666666666666,20,true,1099,40,108,101,75,3,3,0,0,2,2,267,200,67,5,london-link-020-a-departure,true,501,168.29375696767002,597.7833333333333,391.8333333333333,577.6363991081382,994.4333333333333,1240.55,1621330.4488484503,905195.3478205048,64.17232909262432,1.0189684403801091,1652084.5587661113,1648154.402987505,1.0019222130514378,1.209797463160339,5,0,0
profile,tfl-numbat-2019-midweek,evening,6,9.966666666666667,1,3,off,free-flow,4,drop-offs,6,940GZZLUEUS,0,3900,2570,1800,1794,644175ba2387c632,299,299,0,0,204,95,6.8,69,80,9,15,true,770,39,96,93,67,2,2,0,0,1,1,248,202,46,4,940GZZLUOXC-diverge,true,402,157.5613154960981,446.31666666666666,364.5,534.5777034559643,867.8,1031.7333333333333,1500625.0948503905,734846.5793656528,67.12789574382079,1.0119017288048067,1518485.127761204,1515214.391274468,1.0022106378307793,1.2076565382457216,4,0,0
profile,tfl-numbat-2019-midweek,evening,5.4545449999999995,11,1,1,off,free-flow,4,drop-offs,5,940GZZLUEUS,0,3900,2992,1800,1798.5,1b439c7c84b85436,330,330,0,0,213,117,7.1,69,96,9.6,21,true,1192,51,119,114,80,2,4,0,1,1,2,321,256,65,5,london-link-020-a-arrival,true,645.5,195.1170202020202,894.2833333333333,440.4166666666667,597.1433838383839,1002.8333333333334,1749.35,1774048.7706814802,1122843.3390291308,61.23972531578683,1.0086759800345102,1789440.3823185952,1786253.2618923194,1.0014936104135503,1.1686735061586424,4,0,0
profile,tfl-numbat-2019-midweek,evening,5.4545449999999995,11,1,2,off,free-flow,4,drop-offs,9,940GZZLUEUS,0,3900,2885,1800,1798.5,3445851c09ebc1ba,330,330,0,0,214,116,7.133333333333334,74,91,9.333333333333334,25,true,1085,49,121,113,78,2,3,0,1,2,2,293,243,50,4,940GZZLUBND-01-arrival,true,520.5,192.55247474747475,645.85,490.95,597.8378787878788,1024.4,1315.0833333333333,1774910.9743143898,1017946.4583266173,63.55179299775365,1.017110972482563,1805281.4270767567,1799843.5742761234,1.0026623494991393,1.19087107058483,7,0,0
profile,tfl-numbat-2019-midweek,evening,5.4545449999999995,11,1,3,off,free-flow,4,drop-offs,7,940GZZLUEUS,0,3900,2874,1800,1798.5,8ed279d12330b0cd,330,330,0,0,221,109,7.366666666666666,73,92,9.866666666666667,17,true,1074,47,110,104,72,2,2,0,0,1,1,223,173,50,5,london-link-048-a-arrival,true,641.5,179.11833333333334,777.75,408.95,557.1844444444445,932.7666666666667,1290.85,1653207.0698933715,1029432.4801404899,61.62613497115198,1.0167921700902605,1680968.0041600242,1676237.6017757892,1.0026898130219677,1.1959461617706177,6,0,0
profile,tfl-numbat-2019-midweek,evening,5,11.966666666666667,1,1,off,free-flow,4,drop-offs,11,940GZZLUEUS,0,3900,2996,1800,1795,a190a3a06673b595,359,359,0,0,228,131,7.6,74,105,10.266666666666667,26,true,1196,65,134,114,77,2,4,0,0,2,2,366,298,68,6,london-link-048-a-departure,true,505,228.04275766016715,893.7666666666667,491.78333333333336,635.2949860724234,1070.5,1754.1833333333334,1932019.562062068,1182268.8852231475,62.03727094535017,1.0211491251800604,1972880.0855104183,1964607.8186560583,1.004322029458451,1.2661525241659297,10,0,0
profile,tfl-numbat-2019-midweek,evening,5,11.966666666666667,1,2,off,free-flow,4,drop-offs,8,940GZZLUEUS,0,3900,3000,1800,1795,140deb2d9657264b,359,359,0,0,218,141,7.266666666666667,75,104,9.533333333333333,37,true,1200,72,142,114,79,3,3,0,1,2,2,363,302,61,5,london-link-017-a-departure,true,706,244.71787372330547,776.0666666666667,596.7666666666667,650.611931290622,1162.75,1494.35,1940051.1875924363,1192883.4727866559,61.92440628039417,1.0131632535338417,1965588.5731220695,1960574.7675151397,1.0025184043645354,1.1996290282052704,6,0,0
profile,tfl-numbat-2019-midweek,evening,5,11.966666666666667,1,3,off,free-flow,4,drop-offs,11,940GZZLUEUS,0,3900,3155,1800,1795,3de16aff2dc2b065,359,359,0,0,236,123,7.866666666666666,78,101,10.533333333333333,22,true,1355,51,127,114,84,2,2,0,0,1,1,324,242,82,5,london-link-048-a-departure,true,724,186.2775766016713,804.0333333333333,423.06666666666666,570.8621169916435,983.7666666666667,1459.6833333333334,1822924.031022344,1203652.207489606,60.23056706209407,1.0201806854674726,1859711.8874321925,1851942.8560292465,1.0045065019219654,1.312648462716758,10,0,0
profile,tfl-numbat-2019-midweek,evening,4.615385,13.033333333333333,1,1,off,free-flow,4,drop-offs,16,940GZZLUEUS,0,3900,3332,1800,1798.6,e963afde427cc29f,391,391,0,0,232,159,7.733333333333333,78,117,10.266666666666667,42,true,1532,83,161,114,79,4,4,0,1,1,1,370,293,77,6,london-link-048-a-departure,true,759.4,283.0950554134697,937.5833333333334,619.7166666666667,687.225831202046,1174.0666666666666,1754.9833333333333,2059693.4416037288,1344072.3106970612,60.51219712201024,1.0346121334695426,2130983.8257550453,2122968.9676957848,1.0032142795688972,1.1734982720034715,9,0,0
profile,tfl-numbat-2019-midweek,evening,4.615385,13.033333333333333,1,2,off,free-flow,4,drop-offs,17,940GZZLUEUS,0,3900,3197,1800,1798.6,5c39f262c2e4a004,391,391,0,0,232,159,7.733333333333333,78,117,10.266666666666667,42,true,1397,85,161,114,82,2,4,0,0,2,1,297,231,66,5,london-link-025-a-arrival,true,904.4,266.938746803069,1051.5666666666666,634.8833333333333,674.256095481671,1192.6,1570.1,2065515.4995237929,1295564.1600820248,61.453928758297664,1.039732497604118,2147583.5890014684,2135782.0881017605,1.0048518539302311,1.2091742270902173,14,0,0
profile,tfl-numbat-2019-midweek,evening,4.615385,13.033333333333333,1,3,off,free-flow,4,drop-offs,14,940GZZLUEUS,0,3900,2864,1800,1798.6,a6a90c310b40c11b,391,391,0,0,245,146,8.166666666666666,79,116,11.066666666666666,30,true,1064,66,146,114,78,4,2,0,0,1,1,490,378,111,5,940GZZLUKSX-01-arrival,true,566.4,233.9490622335891,742.8333333333334,517.8166666666667,619.1761722080137,1026.0166666666667,1440.1166666666666,1967650.7911279905,1227666.1426505817,61.57920581609336,1.0293079329351156,2025318.5684238637,2015063.8096797979,1.004277909647158,1.2561439216383448,12,0,0
profile,tfl-numbat-2019-midweek,evening,4.2857140000000005,14,1,1,off,free-flow,4,drop-offs,35,940GZZLUEUS,0,3900,3292,1800,1799,e5a5471b5e211a7c,420,420,0,0,249,171,8.3,80,130,11.266666666666667,41,true,1492,95,173,114,78,3,4,0,1,1,2,477,374,101,5,940GZZLUHAI-diverge,true,1033,316.7713095238095,1173.7833333333333,708.3833333333333,719.5317857142857,1189.5833333333333,1818.5166666666667,2115650.755911514,1490810.0201105233,58.66279677787313,1.0761791594088146,2276819.2519215797,2252180.9448514846,1.0088473466707621,1.3545836091055683,26,0,0
profile,tfl-numbat-2019-midweek,evening,4.2857140000000005,14,1,2,off,free-flow,4,drop-offs,32,940GZZLUEUS,0,3900,3576,1800,1799,3cfb7a1e8de1cdca,420,420,0,0,245,175,8.166666666666666,81,129,10.933333333333334,46,true,1776,107,175,114,82,3,5,1,1,2,2,452,355,85,5,london-link-009-a-arrival,true,1191,306.4192063492064,1202.8666666666666,715.6666666666666,715.0569841269842,1219.75,1789.1666666666667,2167928.931680128,1483197.941789068,59.376981595280036,1.0662178459780483,2311484.515579868,2289229.61707813,1.0086296538063368,1.2608079986434975,24,0,0
profile,tfl-numbat-2019-midweek,evening,4.2857140000000005,14,1,3,off,free-flow,4,drop-offs,24,940GZZLUEUS,0,3900,3234,1800,1799,8d1eb005ae7b2be2,420,420,0,0,259,161,8.633333333333333,84,126,11.666666666666666,35,true,1434,90,167,114,76,4,3,0,0,2,2,602,486,113,5,london-link-020-a-departure,true,766,275.8415873015873,989.4833333333333,646.3166666666667,660.1526190476189,1142.2833333333333,1510.1166666666666,2077740.1299316278,1466643.2409889153,58.62063756923675,1.0443280270954207,2169842.2505462184,2156003.807128211,1.0059318295837025,1.36281384055888,17,0,0
profile,tfl-numbat-2019-midweek,evening,4,14.966666666666667,1,1,off,free-flow,4,drop-offs,49,940GZZLUEUS,0,3900,3385,1800,1796,9acce1466eaaacf4,449,449,0,0,250,199,8.333333333333334,82,142,11.2,57,true,1585,121,200,114,81,3,5,1,1,1,2,454,333,118,6,london-link-048-a-departure,true,936,356.56276911655533,1062.6833333333334,832.7333333333333,762.927988121752,1325.5,1837.35,2235416.8380935225,1534805.3330178028,59.291382222035004,1.0989218605602948,2456548.430630069,2421022.810327637,1.0121349714818964,1.2916145938266779,39,0,0
profile,tfl-numbat-2019-midweek,evening,4,14.966666666666667,1,2,off,free-flow,4,drop-offs,43,940GZZLUEUS,0,3900,3502,1800,1796,120f96969b81f894,449,449,0,0,246,203,8.2,85,139,10.733333333333333,64,true,1702,127,206,114,74,2,6,1,0,2,2,398,309,87,5,london-link-023-a-arrival,true,1203,374.5269116555308,1234.05,865.2166666666667,785.1195248700817,1394.95,1737.3333333333333,2275466.1507652993,1603595.1702845353,58.66022633922848,1.091254442938191,2483112.5465529608,2450044.3676017392,1.0118296458847302,1.3896601242885815,34,0,0
profile,tfl-numbat-2019-midweek,evening,4,14.966666666666667,1,3,off,free-flow,4,drop-offs,47,940GZZLUEUS,0,3900,3246,1800,1796,e59e69d0a95354cc,449,449,0,0,263,186,8.766666666666667,90,134,11.533333333333333,52,true,1446,111,186,114,79,3,3,0,1,2,2,425,338,87,6,london-link-081-a-arrival,true,786,312.5028953229399,1011.2166666666667,712.0833333333334,700.0103563474388,1148.5,1677.5833333333333,2161175.1297009196,1514774.0502353965,58.792301631829446,1.0821992457196636,2338822.095038062,2305892.458763163,1.0126355488124636,1.36281384055888,33,0,0
profile,tfl-numbat-2019-midweek,late,60,0.9666666666666667,1,1,off,free-flow,4,drop-offs,0,940GZZLUEUS,0,3900,2363,1800,1740,3f43491072734442,29,29,0,0,24,5,0.8,6,8,1.2,-3,true,563,2,10,10,10,1,0,0,0,1,1,2,2,0,3,london-link-030-a-arrival,true,0,40.54655172413793,150.4,123.41666666666667,444.6764367816092,786.3666666666667,881.1833333333333,159049.1878895678,41343.45237978257,79.36877705477991,1,159049.1878883184,159049.1878883184,1,1,0,0,0
profile,tfl-numbat-2019-midweek,late,60,0.9666666666666667,1,2,off,free-flow,4,drop-offs,0,940GZZLUEUS,0,3900,2390,1800,1740,9611b15078e17182,29,29,0,0,24,5,0.8,8,6,1.0666666666666667,-1,true,590,2,10,10,10,0,0,0,0,1,0,0,0,0,2,london-link-017-a-departure,true,0,47.78103448275862,162.81666666666666,141.81666666666666,469.1465517241379,729.0833333333334,769.2666666666667,165840.76108551992,38885.03164652217,81.00628595566494,1,165840.7610841979,165840.7610841979,1,1,0,0,0
profile,tfl-numbat-2019-midweek,late,60,0.9666666666666667,1,3,off,free-flow,4,drop-offs,0,940GZZLUEUS,0,3900,2171,1800,1740,f9d41282ed87e336,29,29,0,0,21,8,0.7,7,7,0.9333333333333333,1,true,371,2,10,10,9,1,1,0,1,2,1,5,4,1,3,london-link-072-a-departure,true,0,47.90862068965517,150.3,150.01666666666668,487.58563218390805,789.0333333333333,863.3833333333333,173312.5723753194,68925.49644139514,71.54638130245891,1,173312.5723738372,173312.5723738372,1,1,0,0,0
profile,tfl-numbat-2019-midweek,late,30,1.9666666666666666,1,1,off,free-flow,4,drop-offs,0,940GZZLUEUS,0,3900,2453,1800,1770,7b78c0c6c5b6751f,59,59,0,0,44,15,1.4666666666666666,14,15,2,0,true,653,6,18,18,16,1,0,0,0,1,1,10,8,2,3,940GZZLUMYB-01-arrival,true,110,70.55084745762711,187.78333333333333,151.61666666666667,453.8209039548023,847.1833333333333,881.1833333333333,305891.00811986474,119067.53698332695,71.9813759823528,1,305891.0081162517,305891.0081162517,1,1,0,0,0
profile,tfl-numbat-2019-midweek,late,30,1.9666666666666666,1,2,off,free-flow,4,drop-offs,0,940GZZLUEUS,0,3900,2387,1800,1770,dcdfc76528b14094,59,59,0,0,43,16,1.4333333333333333,13,16,2,0,true,587,7,19,19,16,1,0,0,0,1,1,9,7,2,3,london-link-020-a-arrival,true,118,77.51158192090396,249,187.78333333333333,482.61214689265535,766.9333333333333,832.2333333333333,323999.8969888468,153403.69173101734,67.86708450550984,1,323999.89698494296,323999.89698494296,1,1,0,0,0
profile,tfl-numbat-2019-midweek,late,30,1.9666666666666666,1,3,off,free-flow,4,drop-offs,0,940GZZLUEUS,0,3900,2439,1800,1770,ce3fa968a97b9b41,59,59,0,0,45,14,1.5,11,18,2.2666666666666666,-4,true,639,5,19,19,19,1,1,0,0,2,1,2,1,1,3,london-link-088-b-departure,true,143,62.12655367231638,172.98333333333332,167.66666666666666,479.4426553672316,786.5166666666667,863.3833333333333,334019.8664270274,154596.25748756103,68.36038560311921,1,334019.86642290343,334019.86642290343,1,1,0,0,0
profile,tfl-numbat-2019-midweek,late,20,2.966666666666667,1,1,off,free-flow,4,drop-offs,0,940GZZLUEUS,0,3900,2418,1800,1780,696ec036853324f3,89,89,0,0,65,24,2.1666666666666665,21,23,2.933333333333333,1,true,618,8,28,28,23,1,1,0,0,1,1,13,11,2,3,london-link-020-a-arrival,true,203,87.78501872659176,218.9,205.18333333333334,475.42790262172286,822.4,881.1833333333333,466538.29697709193,199726.45357414713,70.02295958042174,1,466538.2969709361,466538.2969709361,1,1,0,0,0
profile,tfl-numbat-2019-midweek,late,20,2.966666666666667,1,2,off,free-flow,4,drop-offs,0,940GZZLUEUS,0,3900,2431,1800,1780,a00e982a26c3858a,89,89,0,0,64,25,2.1333333333333333,20,24,2.933333333333333,1,true,631,8,28,28,22,1,0,0,0,1,1,14,13,1,4,london-link-088-b-departure,true,111,86.47116104868914,326.65,245.98333333333332,506.96367041198505,832.25,944.7333333333333,507770.77882961504,215909.09890392385,70.16510952603518,1,507770.7788227978,507770.7788227978,1,1,0,0,0
profile,tfl-numbat-2019-midweek,late,20,2.966666666666667,1,3,off,free-flow,4,drop-offs,0,940GZZLUEUS,0,3900,2739,1800,1780,0c012ee02aa5d7cd,89,89,0,0,67,22,2.2333333333333334,18,26,3.2666666666666666,-4,true,939,9,28,28,25,1,1,0,0,2,1,14,10,4,3,london-link-013-a-arrival,true,190,82.34719101123595,229.68333333333334,205.18333333333334,476.62003745318356,787.2166666666667,998.0833333333334,474800.9580344157,259401.0862615265,64.66897793641023,1,474800.95802805026,474800.95802805026,1,1,0,0,0
profile,tfl-numbat-2019-midweek,late,15,3.966666666666667,1,1,off,free-flow,4,drop-offs,0,940GZZLUEUS,0,3900,2664,1800,1785,1908eda44fdc9049,119,119,0,0,87,32,2.9,26,33,4.066666666666666,-1,true,864,11,37,36,29,1,1,0,0,1,1,20,18,2,3,940GZZLUWLO-01-departure,true,232,105.95014005602242,307.78333333333336,244.88333333333333,490.61036414565825,873.4833333333333,1028.2,619341.4070534977,321825.01685372496,65.80572694915331,1,619341.4070680974,619341.4070680974,1,1,0,0,0
profile,tfl-numbat-2019-midweek,late,15,3.966666666666667,1,2,off,free-flow,4,drop-offs,0,940GZZLUEUS,0,3900,2659,1800,1785,c990a351ec0e59e2,119,119,0,0,82,37,2.7333333333333334,24,35,3.8666666666666667,2,true,859,11,42,40,34,1,2,0,0,1,1,7,4,3,3,940GZZLUVIC-01-arrival,true,161,96.51148459383754,355.4166666666667,235.58333333333334,518.7936974789916,853.1,984.0833333333334,681885.2058577273,288596.5377357706,70.26254850841853,1,681885.2058867038,681885.2058867038,1,1,0,0,0
profile,tfl-numbat-2019-midweek,late,15,3.966666666666667,1,3,off,free-flow,4,drop-offs,0,940GZZLUEUS,0,3900,2491,1800,1785,3252cce4e219d7d2,119,119,0,0,88,31,2.933333333333333,27,32,4.066666666666666,-1,true,691,11,37,36,30,1,2,0,0,2,2,14,9,5,3,940GZZLUOXC-01-arrival,true,132,90.91218487394958,251.51666666666668,224.53333333333333,484.81484593837536,790.3833333333333,1002.3666666666667,633868.8087176972,310776.9178597162,67.10122015946598,1,633868.8087356831,633868.8087356831,1,1,0,0,0
profile,tfl-numbat-2019-midweek,late,12,4.966666666666667,1,1,off,free-flow,4,drop-offs,1,940GZZLUEUS,0,3900,2606,1800,1788,f319e0476eefe869,149,149,0,0,107,42,3.566666666666667,37,37,4.666666666666667,5,true,806,16,47,45,37,1,2,0,0,2,1,27,18,9,3,940GZZLUKSX-01-arrival,true,226,113.21610738255033,339.03333333333336,265.65,515.6902684563759,847.2833333333333,987.05,810192.7314285022,351572.01271829737,69.73810623109483,1.0027270077014012,812402.1333052835,811650.8505670988,1.0005923240056243,1.0882562768380446,1,0,0
profile,tfl-numbat-2019-midweek,late,12,4.966666666666667,1,2,off,free-flow,4,drop-offs,0,940GZZLUEUS,0,3900,2636,1800,1788,25b0287529ffabe9,149,149,0,0,98,51,3.2666666666666666,34,40,4.266666666666667,11,true,836,18,52,51,39,1,2,0,0,1,1,32,26,6,3,940GZZLUBNK-01-departure,true,311,121.24049217002238,401.18333333333334,312.46666666666664,551.8847874720358,881.5166666666667,1020.2833333333333,871223.6727990728,369932.10255378194,70.19454689733753,1,871223.672871359,871223.672871359,1,1,0,0,0
profile,tfl-numbat-2019-midweek,late,12,4.966666666666667,1,3,off,free-flow,4,drop-offs,1,940GZZLUEUS,0,3900,2569,1800,1788,04c7ef6a02d9c80e,149,149,0,0,109,40,3.6333333333333333,36,38,4.866666666666666,2,true,769,15,46,45,36,1,2,0,1,2,1,53,40,13,3,940GZZLUKSX-01-departure,true,218,95.38736017897092,271.8833333333333,232.26666666666668,494.38758389261744,802.1,1002.3666666666667,800887.7251892576,348912.21004821226,69.65452863970194,1.0035574934355607,803736.878070585,802975.9447582858,1.0010700741033798,1.1594410414035916,1,0,0
profile,tfl-numbat-2019-midweek,late,10,5.966666666666667,1,1,off,free-flow,4,drop-offs,0,940GZZLUEUS,0,3900,2565,1800,1790,6ce0ab44737101c7,179,179,0,0,116,63,3.8666666666666667,41,48,5,15,true,765,21,64,62,46,1,2,0,0,1,1,33,23,10,3,940GZZLUEUS-01-departure,true,369,135.06582867783985,408.71666666666664,316.6,540.8087523277467,886.5333333333333,1021.6333333333333,984060.4855885524,414473.7617734573,70.36370310163944,1,984060.4856865162,984060.4856865162,1,1,0,0,0
profile,tfl-numbat-2019-midweek,late,10,5.966666666666667,1,2,off,free-flow,4,drop-offs,1,940GZZLUEUS,0,3900,2713,1800,1790,a6ba80452bf89cc8,179,179,0,0,122,57,4.066666666666666,42,47,5.333333333333333,10,true,913,21,60,59,44,1,2,0,0,2,2,55,44,11,4,london-link-020-a-arrival,true,290,133.57988826815642,370.2,313.8833333333333,561.9038175046555,941.0833333333334,1025.0333333333333,1036382.2325432316,498793.71309284936,67.50901976345256,1.0027810639277426,1039264.4778955288,1038503.5445832296,1.0005722632760374,1.102435126410673,1,0,0
profile,tfl-numbat-2019-midweek,late,10,5.966666666666667,1,3,off,free-flow,4,drop-offs,0,940GZZLUEUS,0,3900,2596,1800,1790,6b141e3b4a5792f4,179,179,0,0,126,53,4.2,40,49,5.733333333333333,4,true,796,17,56,54,44,2,1,0,1,1,1,83,67,16,4,london-link-048-a-arrival,true,371,115.25437616387336,392.18333333333334,277.6,502.23938547486034,794.35,1006.9333333333333,935210.0361751531,453387.9429374028,67.3492292400454,1,935210.0362618536,935210.0362618536,1,1,0,0,0
profile,tfl-numbat-2019-midweek,late,8.571429,7,1,1,off,free-flow,4,drop-offs,1,940GZZLUEUS,0,3900,2678,1800,1799,ff106fd3f52d9cd6,210,210,0,0,137,73,4.566666666666666,46,59,6.066666666666666,14,true,878,27,77,74,50,3,2,0,0,2,2,80,65,15,4,940GZZLUPCC-01-departure,true,383,156.63801587301586,478.4,359.43333333333334,559.9696825396825,931.4333333333333,1048.2,1144627.9284606637,603580.712735654,65.47433192398493,1.0012476305116673,1146056.001276463,1145173.6382595787,1.0004476870570969,1.09401428199032,1,0,0
profile,tfl-numbat-2019-midweek,late,8.571429,7,1,2,off,free-flow,4,drop-offs,1,940GZZLUEUS,0,3900,2783,1800,1799,1a27ca72858d2a15,210,210,0,0,136,74,4.533333333333333,46,59,6,15,true,983,29,76,72,50,2,3,0,0,2,2,77,61,16,4,940GZZLUEUS-01-arrival,true,466,167.389126984127,499.5833333333333,398.4,595.3175396825396,953.75,1059.2166666666667,1212806.8042736726,665172.2956502233,64.58042074711167,1.0043232274741547,1218050.0440409782,1217139.110728679,1.0006182171051727,1.1298255920863005,1,0,0
profile,tfl-numbat-2019-midweek,late,8.571429,7,1,3,off,free-flow,4,drop-offs,2,940GZZLUEUS,0,3900,2600,1800,1799,a7d9d942eff35942,210,210,0,0,151,59,5.033333333333333,46,59,7,0,true,800,23,65,62,50,2,3,0,0,1,2,126,96,30,4,london-link-023-a-departure,true,276,122.39968253968254,343.56666666666666,308.8833333333333,509.8200793650793,805.7333333333333,1007.45,1092044.9146444134,526710.2808936418,67.46201758329681,1.0063634484232624,1098994.0862364476,1097109.6680956872,1.0013924878435523,1.1571886212783031,2,0,0
profile,tfl-numbat-2019-midweek,late,7.5,7.966666666666667,1,1,off,free-flow,4,drop-offs,3,940GZZLUEUS,0,3900,2712,1800,1792.5,4c95945b07ad4db4,239,239,0,0,154,85,5.133333333333334,53,66,6.733333333333333,19,true,912,34,91,85,59,1,2,0,1,2,2,71,54,17,4,940GZZLULSQ-01-arrival,true,323.5,174.72182705718268,475.6666666666667,378.06666666666666,583.0151324965133,907.5,1117.6833333333334,1308425.458808335,722248.308137535,64.43307044716516,1.0091455493950305,1320391.7285167493,1318822.0725842575,1.0014773259463872,1.2394379185430509,2,0,0
profile,tfl-numbat-2019-midweek,late,7.5,7.966666666666667,1,2,off,free-flow,4,drop-offs,0,940GZZLUEUS,0,3900,2731,1800,1792.5,bc66ba7eac15925a,239,239,0,0,146,93,4.866666666666666,50,69,6.4,24,true,931,40,94,91,57,2,3,0,0,1,1,153,122,31,5,london-link-063-a-departure,true,478.5,198.63598326359835,544.45,424.43333333333334,615.2951882845188,976.2,1259.75,1348432.2170605008,850252.2356895561,61.329046802232895,1,1348432.2170951061,1348432.2170951061,1,1,0,0,0
profile,tfl-numbat-2019-midweek,late,7.5,7.966666666666667,1,3,off,free-flow,4,drop-offs,6,940GZZLUEUS,0,3900,2656,1800,1792.5,0ae3f856fd211af2,239,239,0,0,168,71,5.6,51,68,7.8,3,true,856,29,77,73,57,3,2,0,0,1,2,128,105,22,4,940GZZLUTCR-01-arrival,true,318.5,137.98124128312415,395.8333333333333,340.5,527.9667364016736,839.4166666666666,1016.0166666666667,1237450.95192546,602468.2952072504,67.25572080697978,1.0177548846161706,1259421.7508594114,1254697.527378037,1.0032926639513742,1.2115303575638559,5,0,0
profile,tfl-numbat-2019-midweek,late,6.666667,8.966666666666667,1,1,off,free-flow,4,drop-offs,2,940GZZLUEUS,0,3900,2941,1800,1793.3333333333333,cde8843fbd18461c,269,269,0,0,172,97,5.733333333333333,56,78,7.733333333333333,19,true,1141,44,105,99,63,2,3,0,0,2,2,170,138,32,5,london-link-045-a-departure,true,614.6666666666666,200.96003717472118,694.45,428.15,613.1295539033457,961.3166666666667,1216.8,1487942.7078529084,979868.6038669439,60.29402251243999,1.0068290845186756,1498103.9943617138,1496438.506267687,1.0007140091006763,1.1050094331482203,2,0,0
profile,tfl-numbat-2019-midweek,late,6.666667,8.966666666666667,1,2,off,free-flow,4,drop-offs,2,940GZZLUEUS,0,3900,2800,1800,1793.3333333333333,83a165183527ecc2,269,269,0,0,163,106,5.433333333333334,54,80,7.266666666666667,26,true,1000,50,109,105,63,2,3,0,0,2,2,250,197,51,5,london-link-063-a-departure,true,492.6666666666667,213.58122676579927,601.2166666666667,491.8666666666667,629.5332713754648,998.3,1155.0166666666667,1499542.5780130879,1009333.6625062726,59.76949176666716,1.0078285326241385,1511281.7960019782,1509553.2846858806,1.0007975906103732,1.1085797700482047,2,0,0
profile,tfl-numbat-2019-midweek,late,6.666667,8.966666666666667,1,3,off,free-flow,4,drop-offs,6,940GZZLUEUS,0,3900,2742,1800,1793.3333333333333,83299e1e302850ba,269,269,0,0,183,86,6.1,57,77,8.4,9,true,942,38,92,88,67,2,2,0,1,1,1,178,139,38,4,940GZZLUPCC-01-departure,true,405.6666666666667,165.35997521685255,503.46666666666664,367.1166666666667,559.4314126394052,927.2333333333333,1140.7166666666667,1406230.6431011006,765691.2164134551,64.74591325377635,1.0176584634307775,1431062.5155071942,1426993.1127053206,1.002955645759846,1.196291553160177,4,0,0
profile,tfl-numbat-2019-midweek,late,6,9.966666666666667,1,1,off,free-flow,4,drop-offs,5,940GZZLUEUS,0,3900,3129,1800,1794,98fed7f7e0b5d5be,299,299,0,0,186,113,6.2,61,88,8.333333333333334,25,true,1329,52,117,111,76,2,2,0,1,1,1,215,165,50,5,london-link-106-a-departure,true,643,211.40401337792642,738.7166666666667,467.93333333333334,619.8774247491639,958.7333333333333,1430.5166666666667,1628764.6802066339,1143560.7004111798,58.750848352571914,1.0138955042278672,1651397.186667756,1648076.6638854921,1.0014092324756878,1.1255239289399073,4,0,0
profile,tfl-numbat-2019-midweek,late,6,9.966666666666667,1,2,off,free-flow,4,drop-offs,5,940GZZLUEUS,0,3900,2945,1800,1794,37d7a79f46029bb5,299,299,0,0,184,115,6.133333333333334,58,91,8.4,24,true,1145,54,120,114,71,3,3,0,1,2,1,370,288,82,5,london-link-048-a-departure,true,569,225.89871794871794,791,506.98333333333335,640.4459866220736,1030.1,1285.1833333333334,1649515.515626604,1174246.5348168807,58.41552815569358,1.0137026440798964,1672118.2395972912,1668163.0471118293,1.0022875825072814,1.2908187465500698,5,0,0
profile,tfl-numbat-2019-midweek,late,6,9.966666666666667,1,3,off,free-flow,4,drop-offs,8,940GZZLUEUS,0,3900,2613,1800,1794,fc6ee2bcadca4be9,299,299,0,0,206,93,6.866666666666666,62,87,9.6,6,true,813,39,100,95,64,4,2,0,0,2,2,349,282,67,5,940GZZLUPCC-01-arrival,true,385,176.94520624303232,503.5,402.1166666666667,567.5065217391304,926.8333333333334,1109.1,1533652.0419599107,812831.3614464152,65.35959469108326,1.0254180995438233,1572634.5622137687,1567781.9163514625,1.0024890426144466,1.19087107058483,6,0,0
profile,tfl-numbat-2019-midweek,late,5.4545449999999995,11,1,1,off,free-flow,4,drop-offs,10,940GZZLUEUS,0,3900,3109,1800,1798.5,a742cd2d2261b9db,330,330,0,0,200,130,6.666666666666667,67,98,8.866666666666667,32,true,1309,63,132,114,73,3,2,0,0,1,1,279,224,53,6,london-link-106-a-arrival,true,712.5,244.07434343434343,805.6166666666667,544.9166666666666,652.5433333333333,1086.7166666666667,1468.3666666666666,1785526.2104669344,1281586.7331459115,58.215209002499556,1.0197075082755438,1820714.4829553664,1812746.461207461,1.004217452975244,1.2451302768674728,10,0,0
profile,tfl-numbat-2019-midweek,late,5.4545449999999995,11,1,2,off,free-flow,4,drop-offs,10,940GZZLUEUS,0,3900,3385,1800,1798.5,be1a4b815253bd7f,330,330,0,0,204,126,6.8,60,105,9.6,21,true,1585,65,131,114,71,3,3,0,0,2,2,396,298,98,6,london-link-098-a-arrival,true,764.5,246.51797979797982,857.9666666666667,558.8,661.9283333333334,1068.0666666666666,1814.7,1813742.5292513485,1319161.0904130896,57.89333951631798,1.020137979572146,1850267.639166743,1843758.5479831481,1.0041391187867283,1.2831365793340015,8,0,0
profile,tfl-numbat-2019-midweek,late,5.4545449999999995,11,1,3,off,free-flow,4,drop-offs,9,940GZZLUEUS,0,3900,2954,1800,1798.5,aeaa655b97568ddc,330,330,0,0,216,114,7.2,68,97,9.866666666666667,17,true,1154,52,117,110,73,3,3,0,1,2,1,305,248,53,5,london-link-017-a-arrival,true,600.5,199.54828282828282,643.5833333333334,476.8833333333333,589.7236868686869,954.8333333333334,1296.8833333333334,1699215.136840144,1160750.9068673437,59.41382208291479,1.0212549024606699,1735331.788775496,1729446.4213049773,1.0027732766980944,1.240991610409692,7,0,0
profile,tfl-numbat-2019-midweek,late,5,11.966666666666667,1,1,off,free-flow,4,drop-offs,17,940GZZLUEUS,0,3900,3349,1800,1795,c4d654bacd1c393f,359,359,0,0,218,141,7.266666666666667,71,108,9.8,33,true,1549,73,146,114,82,3,2,0,1,1,2,313,235,78,5,london-link-020-a-departure,true,819,270.71550603528317,829.1166666666667,587.1333333333333,681.603296193129,1130.7666666666667,1843.3166666666666,1924165.8032715954,1436152.3990062997,57.26141655177894,1.0353425917889874,1992170.8096723203,1978639.2345721603,1.0056794448788493,1.2112839457580828,14,0,0
profile,tfl-numbat-2019-midweek,late,5,11.966666666666667,1,2,off,free-flow,4,drop-offs,15,940GZZLUEUS,0,3900,3204,1800,1795,9df3d2223b4cc3f6,359,359,0,0,207,152,6.9,62,117,9.666666666666666,35,true,1404,82,153,114,72,4,3,0,0,2,2,455,338,117,6,london-link-031-b-departure,true,871,299.02952646239555,940.3166666666667,681.7166666666667,712.1637418755803,1138.9833333333333,1763.9833333333333,1952810.2663366864,1446906.824001668,57.44037560908735,1.025308536635229,2002233.0363790798,1992622.0675805744,1.0056282983841833,1.2791415903177243,11,0,0
profile,tfl-numbat-2019-midweek,late,5,11.966666666666667,1,3,off,free-flow,4,drop-offs,16,940GZZLUEUS,0,3900,2865,1800,1795,fb2a73a1032500d7,359,359,0,0,227,132,7.566666666666666,74,105,10.2,27,true,1065,59,134,114,74,3,3,0,2,2,2,295,222,73,5,london-link-020-a-departure,true,522,232.3295728876509,684.7166666666667,514.2166666666667,622.4401578458682,979.8666666666667,1203.1666666666667,1817107.8608805914,1248943.650249788,59.26540549903115,1.0385508851361764,1887158.9772150726,1877453.1219969606,1.0048213516012419,1.270419078639102,12,0,0
profile,tfl-numbat-2019-midweek,late,4.615385,13.033333333333333,1,1,off,free-flow,4,drop-offs,22,940GZZLUEUS,0,3900,3627,1800,1798.6,5901994003b35650,391,391,0,0,226,165,7.533333333333333,71,124,10.333333333333334,41,true,1827,92,168,114,77,3,2,0,0,1,2,302,238,61,5,london-link-017-a-arrival,true,1110.4,323.07429667519176,1110.3333333333333,687.85,733.9841005967604,1190.9333333333334,1878.6833333333334,2081456.453820809,1567020.0785027416,57.05001622951986,1.0414101984177446,2167649.9784088535,2151083.118795653,1.0066336410965935,1.2875180627301377,19,0,0
profile,tfl-numbat-2019-midweek,late,4.615385,13.033333333333333,1,2,off,free-flow,4,drop-offs,28,940GZZLUEUS,0,3900,3086,1800,1798.6,fe98d1722db6b27e,391,391,0,0,230,161,7.666666666666667,67,128,10.866666666666667,33,true,1286,92,164,114,76,3,4,0,1,2,1,341,249,92,5,london-link-023-a-arrival,true,843.4,317.45562659846547,907.75,694.15,729.6377664109121,1150.8166666666666,1448.3666666666666,2056031.94254989,1477655.0478015733,58.183759573606025,1.0565758917323091,2172353.7829724117,2157878.3091643583,1.0065296134317412,1.2908187465500698,18,0,0
profile,tfl-numbat-2019-midweek,late,4.615385,13.033333333333333,1,3,off,free-flow,4,drop-offs,24,940GZZLUEUS,0,3900,3115,1800,1798.6,882b92859d36cd3a,391,391,0,0,240,151,8,80,115,10.666666666666666,36,true,1315,82,153,114,78,3,3,0,0,2,1,556,441,112,6,london-link-016-a-departure,true,857.4,274.2244671781756,897.9333333333333,610.7166666666667,660.4624467178176,1077.5666666666666,1486,1940276.0399524046,1400865.7310604693,58.072245146431065,1.045709371418872,2028964.8379938558,2012313.3200649053,1.0078359802752082,1.327207496863187,19,0,0
profile,tfl-numbat-2019-midweek,late,4.2857140000000005,14,1,1,off,free-flow,4,drop-offs,40,940GZZLUEUS,0,3900,3280,1800,1799,1619796da1e5bece,420,420,0,0,232,188,7.733333333333333,75,135,10.466666666666667,53,true,1480,108,188,114,76,3,2,0,1,2,2,399,281,115,6,london-link-112-b-departure,true,901,352.58932539682536,1149.0833333333333,788.2,765.733253968254,1297.7166666666667,1724.3166666666666,2160087.852608223,1580576.8854728485,57.746096051268395,1.0828087973353142,2338962.129630644,2312518.1217955686,1.0100889353934734,1.2974445082646968,28,0,0
profile,tfl-numbat-2019-midweek,late,4.2857140000000005,14,1,2,off,free-flow,4,drop-offs,42,940GZZLUEUS,0,3900,3900,1800,1799,c6732daafdeff25c,420,419,1,0,231,189,7.7,73,137,10.533333333333333,52,false,0,114,191,114,77,3,3,0,0,2,1,548,430,118,5,london-link-017-a-arrival,true,1247,362.64500000000004,1276.7,770.6166666666667,778.3574383452665,1260.3666666666666,1778.8,2198477.84874636,1678110.593335076,56.71166494955403,1.0806840726381057,2363033.2656718004,2340750.830257017,1.008560525506353,1.240991610409692,28,0,0
profile,tfl-numbat-2019-midweek,late,4.2857140000000005,14,1,3,off,free-flow,4,drop-offs,44,940GZZLUEUS,0,3900,3292,1800,1799,5d715f71ce359391,420,420,0,0,253,167,8.433333333333334,79,131,11.6,36,true,1492,87,170,114,77,3,2,0,0,2,1,491,393,97,6,london-link-048-a-departure,true,720,292.1201984126984,908.3333333333334,650.25,683.9190476190477,1099.7666666666667,1513.8833333333334,2027764.7605221581,1440380.9709069876,58.46826856628546,1.0897056160902396,2209666.647497194,2180748.1702578757,1.011215890095967,1.3487685625392971,33,0,0
profile,tfl-numbat-2019-midweek,late,4,14.966666666666667,1,1,off,free-flow,4,drop-offs,62,940GZZLUEUS,0,3900,3263,1800,1796,e9538827e0405203,449,449,0,0,241,208,8.033333333333333,78,146,10.866666666666667,62,true,1463,131,213,114,76,2,2,0,0,1,2,337,259,75,5,london-link-045-a-arrival,true,946,386.7234966592428,1272.8833333333334,836.5666666666667,803.5039346696362,1413.4166666666667,1908.6333333333334,2247782.1204736265,1627023.2427405766,58.01019431358124,1.1224990486134785,2523133.291498923,2476578.3216505703,1.0168293452863697,1.3256792378076248,48,0,0
profile,tfl-numbat-2019-midweek,late,4,14.966666666666667,1,2,off,free-flow,4,drop-offs,52,940GZZLUEUS,0,3900,3774,1800,1796,6622936b54de5f60,449,449,0,0,250,199,8.333333333333334,72,152,11.866666666666667,47,true,1974,130,205,114,78,4,3,0,0,2,2,468,350,116,5,london-link-048-a-arrival,true,1065,395.6810319227914,1178.1666666666667,869.0333333333333,814.7021529324425,1316.8166666666666,2121.366666666667,2307218.636511866,1693988.3590001916,57.663066147283836,1.0993746919770389,2536497.77760381,2504181.523639519,1.0118024761016546,1.2803806407647365,38,0,0
profile,tfl-numbat-2019-midweek,late,4,14.966666666666667,1,3,off,free-flow,4,drop-offs,50,940GZZLUEUS,0,3900,3541,1800,1796,a42f9a1146943fd9,449,449,0,0,257,192,8.566666666666666,81,143,11.733333333333333,49,true,1741,117,194,114,82,3,2,0,0,2,2,490,389,96,6,london-link-087-a-arrival,true,1061,359.4221974758723,1076.5,795.8833333333333,750.9174090571641,1261.6166666666666,1760.8666666666666,2167137.934147035,1653873.996629962,56.71633518575146,1.0906280708377172,2363541.464164637,2329152.7222087677,1.0134371168993974,1.3243277584414792,41,0,0
profile,tfl-numbat-2019-midweek,night,60,0.9666666666666667,1,1,off,free-flow,4,drop-offs,0,940GZZLUEUS,0,3900,2284,1800,1740,ca2265641b46fb7e,29,29,0,0,22,7,0.7333333333333333,9,5,0.8666666666666667,2,true,484,3,9,9,9,1,1,0,0,1,1,1,1,0,2,940GZZLUOVL-01-arrival,true,158,52.74367816091954,165.28333333333333,157.9,422.60057471264366,969.3666666666667,1083.95,144848.7384353437,74529.64291916759,66.02689724529915,1,144848.73843440652,144848.73843440652,1,1,0,0,0
profile,tfl-numbat-2019-midweek,night,60,0.9666666666666667,1,2,off,free-flow,4,drop-offs,0,940GZZLUEUS,0,3900,2774,1800,1740,c81386e7d7872707,29,29,0,0,21,8,0.7,9,5,0.8,3,true,974,3,9,9,8,0,0,0,0,1,1,0,0,0,2,940GZZLUOVL-01-arrival,true,67,55.54252873563219,133.9,131.65,414.5942528735632,927.75,1093.1166666666666,140371.27930934585,134676.84989844353,51.03516963145755,1,140371.27930844465,140371.27930844465,1,1,0,0,0
profile,tfl-numbat-2019-midweek,night,60,0.9666666666666667,1,3,off,free-flow,4,drop-offs,0,940GZZLUEUS,0,3900,2834,1800,1740,59d46cdde352f10e,29,29,0,0,23,6,0.7666666666666667,8,6,1,0,true,1034,2,10,10,10,1,1,0,0,1,1,3,1,2,3,london-link-030-a-arrival,true,0,39.45287356321839,258.31666666666666,159.96666666666667,471.2298850574712,1083.95,1093.1166666666666,170110.6173579565,95863.50479099632,63.957582032243685,1,170110.61735650408,170110.61735650408,1,1,0,0,0
profile,tfl-numbat-2019-midweek,night,30,1.9666666666666666,1,1,off,free-flow,4,drop-offs,1,940GZZLUEUS,0,3900,2729,1800,1770,175bf1e8ac6f44d7,59,59,0,0,43,16,1.4333333333333333,16,13,1.8,3,true,929,6,18,18,16,1,1,0,0,1,1,4,2,2,3,940GZZLUOVL-01-arrival,true,33,69.01299435028248,221.83333333333334,205.78333333333333,485.01638418079096,1093.1166666666666,1193.55,319029.3234333859,216222.51903824921,59.60359182701784,1.041774708539878,332356.68043160497,332356.68043160497,1,1,0,0,0
profile,tfl-numbat-2019-midweek,night,30,1.9666666666666666,1,2,off,free-flow,4,drop-offs,1,940GZZLUEUS,0,3900,2968,1800,1770,332bbea8045ea8af,59,59,0,0,42,17,1.4,17,12,1.6666666666666667,5,true,1168,5,19,19,16,1,0,0,0,1,1,14,12,2,3,940GZZLUWIG-01-departure,true,226,74.9867231638418,227.18333333333334,221.83333333333334,482.2607344632769,1193.55,1198.9,320263.6284170868,252384.80833781225,55.92674455412226,1.0147725484800207,324994.73839049326,324994.73839049326,1,1,0,0,0
profile,tfl-numbat-2019-midweek,night,30,1.9666666666666666,1,3,off,free-flow,4,drop-offs,0,940GZZLUEUS,0,3900,2694,1800,1770,a1a4f419a9f155b7,59,59,0,0,42,17,1.4,14,15,1.8666666666666667,2,true,894,5,20,20,17,0,1,0,0,2,1,0,0,0,3,london-link-013-a-arrival,true,100,71.23418079096045,258.31666666666666,216.46666666666667,490.4223163841808,1103.8333333333333,1182.8166666666666,335439.61133191455,254599.66635590018,56.85038674821798,1,335439.6113278676,335439.6113278676,1,1,0,0,0
profile,tfl-numbat-2019-midweek,night,20,2.966666666666667,1,1,off,free-flow,4,drop-offs,1,940GZZLUEUS,0,3900,3196,1800,1780,8c76375d5400f0a2,89,89,0,0,63,26,2.1,25,19,2.533333333333333,7,true,1396,7,28,27,24,1,1,0,0,1,1,8,5,3,4,london-link-048-a-departure,true,449,80.78220973782771,488.76666666666665,225.51666666666668,481.48932584269664,1182.8166666666666,1455.1166666666666,480560.7408336444,346313.0864052382,58.11778351218887,1.0036147925590233,482297.86821747106,482297.86821747106,1,1,0,0,0
profile,tfl-numbat-2019-midweek,night,20,2.966666666666667,1,2,off,free-flow,4,drop-offs,1,940GZZLUEUS,0,3900,3126,1800,1780,afec5a831dfb0ad9,89,89,0,0,63,26,2.1,22,22,2.7333333333333334,4,true,1326,9,30,28,24,1,1,0,0,2,1,10,8,2,3,940GZZLUCWR-01-arrival,true,374,101.25861423220974,416.55,333.68333333333334,534.9565543071161,1221.85,1382.9,510162.9346802167,411388.63024652505,55.359130633213326,1.0261237265511625,523490.29167542496,523490.29167542496,1,1,0,0,0
profile,tfl-numbat-2019-midweek,night,20,2.966666666666667,1,3,off,free-flow,4,drop-offs,2,940GZZLUEUS,0,3900,2766,1800,1780,094cd0a41dfbd30a,89,89,0,0,62,27,2.066666666666667,22,22,2.6666666666666665,5,true,966,8,28,27,23,1,1,0,0,1,1,28,22,6,3,940GZZLULSQ-01-arrival,true,163,80.67284644194756,258.31666666666666,219.38333333333333,532.8593632958801,1109.2,1212.8833333333334,527914.6670761578,417634.8059331631,55.83152253218524,1.034207170411273,545973.1340490241,545973.1340490241,1,1,0,0,0
profile,tfl-numbat-2019-midweek,night,15,3.966666666666667,1,1,off,free-flow,4,drop-offs,6,940GZZLUEUS,0,3900,3167,1800,1785,f9e1bd3d2523c995,119,119,0,0,84,35,2.8,29,30,3.6666666666666665,5,true,1367,12,35,33,29,1,1,0,0,1,1,34,25,6,4,london-link-098-a-departure,true,415,91.47871148459383,429.9166666666667,227.08333333333334,512.691456582633,1148.5333333333333,1396.2666666666667,636174.8005009238,421363.25462711556,60.156208792306785,1.0672930950587873,678984.9718449648,678984.9718449648,1,1,0,0,0
profile,tfl-numbat-2019-midweek,night,15,3.966666666666667,1,2,off,free-flow,4,drop-offs,7,940GZZLUEUS,0,3900,2766,1800,1785,690a196e2f9a4ff9,119,119,0,0,75,44,2.5,28,31,3.1333333333333333,13,true,966,12,44,38,32,1,2,1,0,2,2,32,23,9,4,940GZZLUWHP-01-arrival,true,202,98.45014005602242,338.1,253.78333333333333,544.7823529411764,1193.55,1309.8166666666666,649689.1336893131,492287.25995226076,56.891643059062005,1.1084838574606561,720169.9170863044,720169.9170863044,1,1,0,0,0
profile,tfl-numbat-2019-midweek,night,15,3.966666666666667,1,3,off,free-flow,4,drop-offs,2,940GZZLUEUS,0,3900,3212,1800,1785,db99ebd72e363b57,119,119,0,0,80,39,2.6666666666666665,27,32,3.533333333333333,7,true,1412,11,40,39,33,1,2,0,0,1,1,33,24,9,4,london-link-063-a-departure,true,455,110.6015406162465,532.2833333333333,487.43333333333334,561.5662464985994,1223.65,1501.4833333333333,718151.5613712942,540886.2532743649,57.0397134238108,1.0131757980664786,727613.781362984,727613.781362984,1,1,0,0,0
profile,tfl-numbat-2019-midweek,night,12,4.966666666666667,1,1,off,free-flow,4,drop-offs,11,940GZZLUEUS,0,3900,2844,1800,1788,c19eeed41d417052,149,149,0,0,104,45,3.466666666666667,34,40,4.666666666666667,5,true,1044,14,50,45,35,2,1,0,0,1,1,51,42,6,5,london-link-048-a-departure,true,221,107.70659955257271,378.45,265.15,520.5958612975392,1170.5166666666667,1295.8333333333333,769545.046662507,591665.2277422315,56.53388467105359,1.0809863096202386,831867.660131153,830123.3046612646,1.002414408606341,1.1869062441939247,2,0,0
profile,tfl-numbat-2019-midweek,night,12,4.966666666666667,1,2,off,free-flow,4,drop-offs,6,940GZZLUEUS,0,3900,2901,1800,1788,8ad3f9dbd58a4a5d,149,149,0,0,95,54,3.1666666666666665,33,41,4.133333333333334,13,true,1101,17,58,52,40,1,2,0,0,1,2,27,19,8,5,london-link-048-a-departure,true,408,125.35413870246086,479.65,317.5,552.2194630872483,1285.0833333333333,1375.35,802554.8139805503,706313.0241844635,53.18920542150099,1.0734048921647967,861466.2636177011,861466.2636177011,1,1,0,0,0
profile,tfl-numbat-2019-midweek,night,12,4.966666666666667,1,3,off,free-flow,4,drop-offs,9,940GZZLUEUS,0,3900,3091,1800,1788,f3a80d553036d591,149,149,0,0,98,51,3.2666666666666666,33,41,4.333333333333333,10,true,1291,15,52,48,41,1,2,0,0,1,1,48,34,14,4,london-link-028-a-arrival,true,331,109.04597315436241,558.8333333333334,397.9,555.934899328859,1302.0666666666666,1530.55,843358.3624387294,606227.8448286601,58.179248547662546,1.0702557259318677,902609.1164833172,901885.8484063895,1.0009227245069747,1.137485951539261,1,0,0
profile,tfl-numbat-2019-midweek,night,10,5.966666666666667,1,1,off,free-flow,4,drop-offs,10,940GZZLUEUS,0,3900,2785,1800,1790,6e42c7acb2ed4782,179,179,0,0,122,57,4.066666666666666,43,46,5.266666666666667,11,true,985,18,59,56,41,3,1,0,0,1,1,163,101,62,6,london-link-048-a-departure,true,207,115.76154562383613,394.56666666666666,276.05,526.2263500931099,1148.8333333333333,1360.9166666666667,922937.7393463684,705985.4243887191,56.659378409850284,1.0737248327177682,990981.1698781917,990981.1698781917,1,1,0,0,0
profile,tfl-numbat-2019-midweek,night,10,5.966666666666667,1,2,off,free-flow,4,drop-offs,10,940GZZLUEUS,0,3900,2765,1800,1790,d7ddc3217005eedc,179,179,0,0,116,63,3.8666666666666667,38,51,5.2,12,true,965,21,69,62,50,3,2,0,0,1,2,123,61,62,5,london-link-048-a-departure,true,190,122.80493482309126,468.93333333333334,291.45,553.5094972067039,1223.1166666666666,1385.1833333333334,961022.2310892113,739166.5304193726,56.52444321749854,1.0835606635482582,1041325.8865037481,1041325.8865037481,1,1,0,0,0
profile,tfl-numbat-2019-midweek,night,10,5.966666666666667,1,3,off,free-flow,4,drop-offs,8,940GZZLUEUS,0,3900,3246,1800,1790,aa670b5f8d7371c6,179,179,0,0,114,65,3.8,38,51,5.066666666666666,14,true,1446,20,65,64,47,2,2,0,0,2,2,170,127,38,6,london-link-022-a-arrival,true,597,137.8586592178771,636.1333333333333,450.1166666666667,579.0237430167598,1364.15,1565.4166666666667,1029415.113454368,854245.969571962,54.64969907434132,1.0371580404039562,1067666.1619449875,1067666.1619449875,1,1,0,0,0
profile,tfl-numbat-2019-midweek,night,8.571429,7,1,1,off,free-flow,4,drop-offs,13,940GZZLUEUS,0,3900,3218,1800,1799,e91f11a6d7b085ac,210,210,0,0,142,68,4.733333333333333,49,56,6.2,12,true,1418,22,71,64,50,3,1,0,0,1,1,180,132,45,6,london-link-048-a-departure,true,555,132.50761904761904,572,290.8333333333333,547.4623015873016,1190.7666666666667,1514.7,1086447.5302043827,910296.8371213435,54.4109475395431,1.0799190857741405,1173275.4236698656,1172509.377046752,1.0002610924915578,1.0548294232271564,1,0,0
profile,tfl-numbat-2019-midweek,night,8.571429,7,1,2,off,free-flow,4,drop-offs,12,940GZZLUEUS,0,3900,2764,1800,1799,2eea3e3fe02210bb,210,210,0,0,141,69,4.7,47,58,6.266666666666667,11,true,964,26,78,71,55,2,2,0,0,1,2,224,182,40,5,940GZZLUWHP-01-arrival,true,228,136.52960317460318,457.4166666666667,367.8333333333333,566.2834126984127,1325.5,1433.1,1139253.491046957,852185.3867863491,57.20755498589389,1.0698657961616391,1218848.3433242075,1218848.3433242075,1,1,0,0,0
profile,tfl-numbat-2019-midweek,night,8.571429,7,1,3,off,free-flow,4,drop-offs,15,940GZZLUEUS,0,3900,3195,1800,1799,cd9753e4db035a1b,210,210,0,0,143,67,4.766666666666667,47,58,6.4,9,true,1395,28,76,70,51,2,2,0,0,2,2,109,72,37,5,london-link-022-a-arrival,true,578,146.62928571428571,594.6333333333333,454.45,584.4637301587302,1342.0666666666666,1493.55,1163034.7563103228,917282.3374645724,55.90660961209076,1.0677451501051238,1241824.7205421505,1239573.0911653417,1.0018009272752715,1.1583985866266315,3,0,0
profile,tfl-numbat-2019-midweek,night,7.5,7.966666666666667,1,1,off,free-flow,4,drop-offs,27,940GZZLUEUS,0,3900,3158,1800,1792.5,ac698127e9c870b6,239,239,0,0,161,78,5.366666666666666,57,62,6.933333333333334,16,true,1358,24,82,75,60,2,2,0,0,2,1,276,149,127,7,london-link-048-a-departure,true,393.5,128.0787308228731,402.1166666666667,318.3333333333333,548.0251046025105,1244.25,1364.9833333333333,1215299.5243258653,942183.8198775802,56.3294974021948,1.1097175908123362,1348639.2603259468,1347126.7029673345,1.0014389924432316,1.1879481766937212,2,0,0
profile,tfl-numbat-2019-midweek,night,7.5,7.966666666666667,1,2,off,free-flow,4,drop-offs,22,940GZZLUEUS,0,3900,2692,1800,1792.5,363a18a5ce685250,239,239,0,0,159,80,5.3,51,68,7.2,12,true,892,30,88,75,57,2,2,0,0,1,1,118,85,24,5,london-link-022-a-arrival,true,301.5,141.72252440725245,488.3833333333333,392.45,569.034309623431,1152.6333333333334,1465.45,1237957.3148606238,970198.7207728905,56.06294550219396,1.1138508874153112,1378899.8538102712,1378061.7770196893,1.0007231825864054,1.1728406381508452,1,0,0
profile,tfl-numbat-2019-midweek,night,7.5,7.966666666666667,1,3,off,free-flow,4,drop-offs,19,940GZZLUEUS,0,3900,3116,1800,1792.5,d38bd377032d4c52,239,239,0,0,161,78,5.366666666666666,47,72,7.6,6,true,1316,34,85,75,52,2,2,0,0,2,1,166,125,41,5,london-link-048-a-departure,true,503.5,161.63563458856345,632.0333333333333,414.9,596.8873779637379,1328.1833333333334,1487.85,1285269.3955659862,1040521.9090839486,55.2615960424462,1.0940948325369617,1406206.6041620604,1403567.6772815129,1.0021904117093046,1.2037758651061488,3,0,0
profile,tfl-numbat-2019-midweek,night,6.666667,8.966666666666667,1,1,off,free-flow,4,drop-offs,30,940GZZLUEUS,0,3900,2918,1800,1793.3333333333333,8ba338bafbc5514f,269,269,0,0,181,88,6.033333333333333,64,70,7.8,18,true,1118,27,90,85,62,2,1,0,0,2,1,307,216,91,6,london-link-048-a-departure,true,401.6666666666667,136.2187112763321,428.0833333333333,339.3833333333333,554.8671003717473,1254.85,1355.4333333333334,1374070.6146627613,1057475.577004966,56.51015881875253,1.1028723507998839,1515424.4889879616,1511981.5497616618,1.0025074697710608,1.1917196223713216,4,0,0
profile,tfl-numbat-2019-midweek,night,6.666667,8.966666666666667,1,2,off,free-flow,4,drop-offs,17,940GZZLUEUS,0,3900,3052,1800,1793.3333333333333,c43a7f45f4cd834d,269,269,0,0,175,94,5.833333333333333,53,81,8.133333333333333,13,true,1252,36,100,91,66,3,2,0,0,2,1,397,285,101,5,940GZZLUECT-exit,true,556.6666666666666,179.54324659231722,639.05,497.53333333333336,605.8099132589839,1211.7666666666667,1492.3166666666666,1422839.410417742,1242140.5108852356,53.390248798650575,1.0888399744974153,1549244.4273689801,1548488.148689674,1.000627148072266,1.1687028314395012,1,0,0
profile,tfl-numbat-2019-midweek,night,6.666667,8.966666666666667,1,3,off,free-flow,4,drop-offs,26,940GZZLUEUS,0,3900,3259,1800,1793.3333333333333,c77ab3603993635e,269,269,0,0,177,92,5.9,54,80,8.2,12,true,1459,36,95,85,61,3,2,0,0,2,1,355,268,84,6,london-link-048-a-departure,true,498.6666666666667,157.96889714993804,605.2166666666667,424.53333333333336,595.723482032218,1271.0666666666666,1571.5666666666666,1400346.8046663161,1168421.9895278853,54.514318603967304,1.1344901995864594,1588679.7259394147,1587923.4472601085,1.0006735825889257,1.181193716421034,1,0,0
profile,tfl-numbat-2019-midweek,night,6,9.966666666666667,1,1,off,free-flow,4,drop-offs,38,940GZZLUEUS,0,3900,3180,1800,1794,436349ce9314f077,299,299,0,0,201,98,6.7,65,84,9.066666666666666,14,true,1380,39,105,91,64,3,1,0,0,2,1,465,331,129,7,london-link-048-a-departure,true,529,157.62664437012262,588.5166666666667,380.46666666666664,572.8196767001115,1224.6333333333334,1541.3166666666666,1452754.1549089435,1268277.2930272776,53.38983332995992,1.1444069658963756,1662541.974619967,1659146.7690601132,1.0025092729425982,1.2021632811498402,4,0,0
profile,tfl-numbat-2019-midweek,night,6,9.966666666666667,1,2,off,free-flow,4,drop-offs,22,940GZZLUEUS,0,3900,3081,1800,1794,cf673c15ac76cbab,299,299,0,0,187,112,6.233333333333333,58,91,8.6,21,true,1281,45,116,104,72,4,2,0,0,2,2,540,292,248,6,london-link-048-a-departure,true,483,191.42586399108137,632.0333333333333,488.35,627.4374581939799,1382.55,1513.4666666666667,1620307.499260177,1367957.7788784085,54.22234468652929,1.0802497795282806,1750336.8188045493,1747215.0394447423,1.001959046990227,1.2370832310183666,3,0,0
profile,tfl-numbat-2019-midweek,night,6,9.966666666666667,1,3,off,free-flow,4,drop-offs,35,940GZZLUEUS,0,3900,2837,1800,1794,a1953c90166778c3,299,299,0,0,196,103,6.533333333333333,58,91,9.2,12,true,1037,44,108,97,65,3,2,0,0,2,1,493,364,125,5,940GZZLUWHP-01-arrival,true,583,172.96722408026756,658.1833333333333,426.76666666666665,605.7246934225194,1263.9166666666667,1436.35,1541224.163112695,1069239.289423343,59.040250558398434,1.1298237889525218,1741311.7235753348,1735431.1693801603,1.0034364460933705,1.2021632811498402,7,0,0
profile,tfl-numbat-2019-midweek,night,5.4545449999999995,11,1,1,off,free-flow,4,drop-offs,41,940GZZLUEUS,0,3900,3244,1800,1798.5,d042e9976f1d18e7,330,330,0,0,217,113,7.233333333333333,71,94,9.733333333333333,19,true,1444,46,117,102,71,4,1,0,0,2,1,665,468,191,6,london-link-048-a-departure,true,487.5,177.7532323232323,851.5666666666667,396.93333333333334,593.1534343434344,1248,1755.8666666666666,1622052.7339774393,1381722.4994262226,54.00046967360623,1.1331887302167105,1838091.8779189659,1834030.7616491884,1.0022761620440954,1.1903092773325137,5,0,0
profile,tfl-numbat-2019-midweek,night,5.4545449999999995,11,1,2,off,free-flow,4,drop-offs,37,940GZZLUEUS,0,3900,3107,1800,1798.5,50bea3e032ab06ac,330,330,0,0,206,124,6.866666666666666,63,102,9.533333333333333,22,true,1307,45,132,113,77,2,2,0,1,2,1,345,238,107,6,london-link-022-b-departure,true,945.5,215.35904040404043,961.7166666666667,579.0166666666667,650.6025757575758,1321.0166666666667,1560.7666666666667,1734005.850509554,1523438.5132668556,53.23209414693708,1.11768589632804,1938073.8831906344,1934873.2859768698,1.0013831784839275,1.175556071610166,3,0,0
profile,tfl-numbat-2019-midweek,night,5.4545449999999995,11,1,3,off,free-flow,4,drop-offs,48,940GZZLUEUS,0,3900,3059,1800,1798.5,c4a341f4642e795c,330,330,0,0,210,120,7,63,102,9.8,18,true,1259,47,123,102,68,2,3,0,0,2,2,329,233,96,6,london-link-048-a-departure,true,368.5,180.94621212121214,597,462,621.1023737373737,1302.1333333333334,1582.8,1646113.4082303725,1275575.5151220702,56.3411592203857,1.188833646142987,1956955.0050194457,1949849.082885485,1.003742315563148,1.1898426570345046,8,0,0
profile,tfl-numbat-2019-midweek,night,5,11.966666666666667,1,1,off,free-flow,4,drop-offs,52,940GZZLUEUS,0,3900,3680,1800,1795,2be3e529710e9875,359,359,0,0,234,125,7.8,83,96,10.066666666666666,29,true,1880,51,126,109,75,4,2,0,1,2,1,599,356,241,7,london-link-048-a-departure,true,918,180.294243268338,997.8666666666667,462.26666666666665,602.3445682451254,1261.35,1964.2166666666667,1751572.75534786,1442892.696866539,54.83148218534253,1.1600024339327886,2031828.6593326444,2026962.4828660896,1.0025205685241265,1.1887282126396161,6,0,0
profile,tfl-numbat-2019-midweek,night,5,11.966666666666667,1,2,off,free-flow,4,drop-offs,44,940GZZLUEUS,0,3900,3624,1800,1795,4211505d27680b8b,359,359,0,0,226,133,7.533333333333333,68,111,10.533333333333333,22,true,1824,67,136,114,75,3,2,0,0,2,2,687,479,206,7,london-link-063-a-departure,true,862,239.8489322191272,991.4333333333333,632.0333333333333,676.3882079851439,1402.1666666666667,1898.2666666666667,1843656.0381175275,1764120.1001116682,51.10228482808384,1.1437036790923938,2108596.19366749,2103386.541795119,1.0028813695898453,1.1903092773325137,5,0,0
profile,tfl-numbat-2019-midweek,night,5,11.966666666666667,1,3,off,free-flow,4,drop-offs,59,940GZZLUEUS,0,3900,3005,1800,1795,e593d26bccbd6209,359,359,0,0,224,135,7.466666666666667,69,110,10.333333333333334,25,true,1205,63,143,114,73,4,2,0,0,2,1,842,510,324,7,london-link-048-a-departure,true,861,218.76573816155988,950.4333333333333,567.1666666666666,657.9341225626741,1411.8166666666666,1595.4833333333333,1786128.0413406796,1489003.7011233552,54.53606699793065,1.185632017830682,2117690.5936645907,2111894.8898687325,1.0032776034058877,1.1898426570345046,7,0,0
profile,tfl-numbat-2019-midweek,night,4.615385,13.033333333333333,1,1,off,free-flow,4,drop-offs,62,940GZZLUEUS,0,3900,3324,1800,1798.6,86aba24f394e3624,391,391,0,0,250,141,8.333333333333334,84,111,11.066666666666666,30,true,1524,60,142,114,78,5,2,0,0,2,2,958,594,362,7,london-link-048-a-departure,true,794.4,206.3069906223359,900.1666666666666,494.6333333333333,635.3271952259164,1275.7166666666667,1569.3833333333334,1908263.2206887472,1563886.488738391,54.95912850496262,1.1747858708625312,2241800.6694213757,2232531.455069236,1.0045551885778408,1.228183917662986,11,0,0
profile,tfl-numbat-2019-midweek,night,4.615385,13.033333333333333,1,2,off,free-flow,4,drop-offs,71,940GZZLUEUS,0,3900,3459,1800,1798.6,09112042b1d9f956,391,391,0,0,239,152,7.966666666666667,70,125,11.266666666666667,27,true,1659,72,156,114,72,3,3,0,0,2,1,385,297,87,6,london-link-048-a-departure,true,891.4,248.29326513213982,1153.25,746.4666666666667,678.7900255754477,1409.8333333333333,1904.2166666666667,1899735.5157807674,1775637.0101593588,51.6882439092302,1.195583285279317,2271292.0289889746,2260538.634045648,1.0044263041895358,1.2718137438468866,10,0,0
profile,tfl-numbat-2019-midweek,night,4.615385,13.033333333333333,1,3,off,free-flow,4,drop-offs,82,940GZZLUEUS,0,3900,3276,1800,1798.6,de8c84346b576f9d,391,391,0,0,234,157,7.8,73,122,10.733333333333333,35,true,1476,76,162,114,72,4,2,0,1,2,1,537,324,209,6,london-link-048-a-departure,true,758.4,248.90498721227624,858.0333333333333,669.3166666666667,690.5556692242114,1393.4666666666667,1688.6833333333334,1856680.2189985013,1720257.2768166922,51.90697967662862,1.2515949028224835,2323811.4981476944,2306998.361300185,1.0081735070387825,1.221104619462378,16,0,0
profile,tfl-numbat-2019-midweek,night,4.2857140000000005,14,1,1,off,free-flow,4,drop-offs,87,940GZZLUEUS,0,3900,3633,1800,1799,def6a6a41e8ad6fd,420,420,0,0,259,161,8.633333333333333,94,116,11,45,true,1833,92,161,114,76,5,2,0,0,2,1,934,563,366,6,london-link-048-a-departure,true,932,245.76563492063494,1017.3666666666667,736.55,672.1360317460318,1355.1666666666667,1953.8166666666666,1982238.4814488129,1795359.494751671,52.47351607919254,1.2152838027147426,2408982.3194645555,2401355.7205081712,1.0039650973827114,1.365398728644671,7,0,0
profile,tfl-numbat-2019-midweek,night,4.2857140000000005,14,1,2,off,free-flow,4,drop-offs,84,940GZZLUEUS,0,3900,3668,1800,1799,5d8b702387ea3569,420,420,0,0,252,168,8.4,81,129,11.4,39,true,1868,74,168,114,74,4,2,0,0,2,2,577,312,265,6,london-link-048-a-departure,true,933,248.84242063492061,993.2,630.0166666666667,677.7052777777778,1277.7333333333333,1889.5166666666667,1922351.7739179237,1842400.0323012902,51.061846115387425,1.2617175956951625,2425465.058124656,2418352.615766052,1.0027413650833867,1.2279764331400824,9,0,0
profile,tfl-numbat-2019-midweek,night,4.2857140000000005,14,1,3,off,free-flow,4,drop-offs,95,940GZZLUEUS,0,3900,3420,1800,1799,543bacff6e8e87de,420,420,0,0,250,170,8.333333333333334,79,131,11.4,39,true,1620,83,177,114,72,4,2,0,0,2,2,508,358,150,7,london-link-063-a-departure,true,853,264.2348015873016,992.65,760.5,703.0801587301588,1462.45,1800.2333333333333,1971613.1890445594,1774224.523458086,52.634773323569796,1.2580241425261707,2480336.9913804354,2462785.691688193,1.0072458100714914,1.2908369339043522,18,0,0
profile,tfl-numbat-2019-midweek,night,4,14.966666666666667,1,1,off,free-flow,4,drop-offs,115,940GZZLUEUS,0,3900,3742,1800,1796,496c456e64d1b538,449,449,0,0,273,176,9.1,96,128,11.8,48,true,1942,91,177,114,79,3,2,0,0,2,2,822,598,218,7,london-link-063-a-departure,true,972,241.74621380846327,991.1166666666667,707.6,674.3896436525613,1330.7666666666667,1957.1,1993395.380458317,1867326.7570435076,51.63270780601146,1.3069089539995724,2605186.271408315,2584874.2048250376,1.0084854611132703,1.3597468823447698,19,0,0
profile,tfl-numbat-2019-midweek,night,4,14.966666666666667,1,2,off,free-flow,4,drop-offs,107,940GZZLUEUS,0,3900,3566,1800,1796,916284cd6b4ace08,449,449,0,0,271,178,9.033333333333333,87,137,12.266666666666667,41,true,1766,81,181,114,78,4,2,0,1,2,2,495,268,227,6,london-link-013-a-arrival,true,1126,254.76495916852264,1173.6166666666666,830.4833333333333,679.1442464736451,1407.1333333333334,1880.2333333333333,2007672.6246454483,1884414.1685376992,51.58344947912816,1.2778011978371464,2565406.4844622053,2552752.748473809,1.0046392178241568,1.2370832310183666,15,0,0
profile,tfl-numbat-2019-midweek,night,4,14.966666666666667,1,3,off,free-flow,4,drop-offs,126,940GZZLUEUS,0,3900,3741,1800,1796,b5e14fc27a619533,449,449,0,0,254,195,8.466666666666667,89,135,11,60,true,1941,91,197,114,72,5,2,0,0,2,2,1361,662,699,8,london-link-063-a-departure,true,973,274.94402375649594,1078.5833333333333,717.6833333333333,719.2801781737194,1436.7166666666667,1980.0833333333333,1967316.794264895,1924174.2589534142,50.5543188294857,1.3522968326612268,2660396.2695533135,2636484.4824900166,1.0095002601369207,1.3968199671725126,24,0,0
