pattern,demand_profile,demand_band,request_every_seconds,offered_per_minute,burst_size,seed,policy,routing_policy,wait_rule,shared_ride_party_limit,shared_parties,focus_station,window_start_seconds,window_end_seconds,actual_end_seconds,arrival_window_seconds,arrival_end_seconds,schedule_id,scheduled,served,remaining,skipped,completed_at_arrival_end,backlog_at_arrival_end,arrival_throughput_per_minute,completed_at_arrival_midpoint,backlog_at_arrival_midpoint,late_arrival_throughput_per_minute,late_backlog_change,drained,drain_seconds,peak_pending,peak_outstanding,peak_active_vehicles,peak_passenger_vehicles,peak_stopped_vehicles,peak_focus_approaching,peak_focus_entrance_stopped,peak_focus_exit_stopped,peak_focus_occupied_berths,peak_focus_reserved_empty_berths,queue_cleared,queue_clear_seconds,wait_average_seconds,wait_maximum_seconds,passenger_distance_meters,empty_distance_meters,loaded_distance_percent,positioning_moves
profile,tfl-numbat-2019-midweek,early,60,0.9666666666666667,1,1,off,free-flow,strict,1,0,940GZZLUEUS,0,3900,2588,1800,1740,9528258c1baa82ba,29,29,0,0,19,10,0.6333333333333333,6,8,0.8666666666666667,2,true,788,4,10,10,9,1,0,0,0,1,0,true,215,108.91494252873562,274.26666666666665,175363.26653690037,206066.7286947384,45.97521661357648,0
profile,tfl-numbat-2019-midweek,early,60,0.9666666666666667,1,1,off,free-flow,none,1,0,940GZZLUEUS,0,3900,2588,1800,1740,9528258c1baa82ba,29,29,0,0,19,10,0.6333333333333333,6,8,0.8666666666666667,2,true,788,4,10,10,9,1,0,0,0,1,0,true,215,108.91494252873562,274.26666666666665,175363.26653690037,206066.7286947384,45.97521661357648,0
profile,tfl-numbat-2019-midweek,early,60,0.9666666666666667,1,2,off,free-flow,strict,1,0,940GZZLUEUS,0,3900,2502,1800,1740,bb5eef7e7cabdb3b,29,29,0,0,19,10,0.6333333333333333,6,8,0.8666666666666667,2,true,702,4,13,13,10,0,0,0,0,1,1,true,205,142.69655172413792,295.9166666666667,186917.10622428585,197944.3849706932,48.56737046980615,0
profile,tfl-numbat-2019-midweek,early,60,0.9666666666666667,1,2,off,free-flow,none,1,0,940GZZLUEUS,0,3900,2502,1800,1740,bb5eef7e7cabdb3b,29,29,0,0,19,10,0.6333333333333333,6,8,0.8666666666666667,2,true,702,4,13,13,10,0,0,0,0,1,1,true,205,142.69655172413792,295.9166666666667,186917.10622428585,197944.3849706932,48.56737046980615,0
profile,tfl-numbat-2019-midweek,early,60,0.9666666666666667,1,3,off,free-flow,strict,1,0,940GZZLUEUS,0,3900,2550,1800,1740,47735eda4f594ac0,29,29,0,0,22,7,0.7333333333333333,6,8,1.0666666666666667,-1,true,750,4,13,13,11,1,0,0,0,1,0,true,221,121.15402298850576,280.31666666666666,180728.84282990475,209967.26038299812,46.258163658064376,0
profile,tfl-numbat-2019-midweek,early,60,0.9666666666666667,1,3,off,free-flow,none,1,0,940GZZLUEUS,0,3900,2550,1800,1740,47735eda4f594ac0,29,29,0,0,22,7,0.7333333333333333,6,8,1.0666666666666667,-1,true,750,4,13,13,11,1,0,0,0,1,0,true,221,121.15402298850576,280.31666666666666,180728.84282990475,209967.26038299812,46.258163658064376,0
profile,tfl-numbat-2019-midweek,early,30,1.9666666666666666,1,1,off,free-flow,strict,1,0,940GZZLUEUS,0,3900,2524,1800,1770,383a7529680b260f,59,59,0,0,35,24,1.1666666666666667,12,17,1.5333333333333334,7,true,724,10,27,27,20,1,0,0,0,1,1,true,238,166.2189265536723,369.01666666666665,364111.601688135,396930.5629243967,47.843814524194556,0
profile,tfl-numbat-2019-midweek,early,30,1.9666666666666666,1,1,off,free-flow,none,1,0,940GZZLUEUS,0,3900,2493,1800,1770,383a7529680b260f,59,59,0,0,35,24,1.1666666666666667,12,17,1.5333333333333334,7,true,693,9,26,26,21,1,0,0,0,1,1,true,268,165.490395480226,350.05,364111.60168814,398726.85984365875,47.731154110530134,0
profile,tfl-numbat-2019-midweek,early,30,1.9666666666666666,1,2,off,free-flow,strict,1,0,940GZZLUEUS,0,3900,2547,1800,1770,d1340ee5a623df89,59,59,0,0,35,24,1.1666666666666667,11,18,1.6,6,true,747,10,26,26,17,1,0,0,0,1,1,true,215,195.8997175141243,377.55,369743.25030686636,435086.42673242086,45.940558711382806,0
profile,tfl-numbat-2019-midweek,early,30,1.9666666666666666,1,2,off,free-flow,none,1,0,940GZZLUEUS,0,3900,2547,1800,1770,d1340ee5a623df89,59,59,0,0,35,24,1.1666666666666667,11,18,1.6,6,true,747,10,26,26,17,1,0,0,0,1,1,true,215,195.8997175141243,377.55,369743.25030686636,435086.42673242086,45.940558711382806,0
profile,tfl-numbat-2019-midweek,early,30,1.9666666666666666,1,3,off,free-flow,strict,1,0,940GZZLUEUS,0,3900,2719,1800,1770,badaff981b31ddb7,59,59,0,0,40,19,1.3333333333333333,11,18,1.9333333333333333,1,true,919,8,22,22,16,1,0,0,0,1,1,true,372,162.00536723163842,371.68333333333334,364992.5610805288,408717.21492391557,47.17435043478528,0
profile,tfl-numbat-2019-midweek,early,30,1.9666666666666666,1,3,off,free-flow,none,1,0,940GZZLUEUS,0,3900,2719,1800,1770,badaff981b31ddb7,59,59,0,0,40,19,1.3333333333333333,11,18,1.9333333333333333,1,true,919,8,22,22,16,1,0,0,0,1,1,true,372,162.00536723163842,371.68333333333334,364992.5610805288,408717.21492391557,47.17435043478528,0
profile,tfl-numbat-2019-midweek,early,20,2.966666666666667,1,1,off,free-flow,strict,1,0,940GZZLUEUS,0,3900,2695,1800,1780,4a2d770f2630dd23,89,89,0,0,51,38,1.7,18,26,2.2,12,true,895,17,38,38,26,1,0,0,0,1,1,true,287,205.1513108614232,415.8,551176.1634925414,622769.4162534663,46.9507422662465,0
profile,tfl-numbat-2019-midweek,early,20,2.966666666666667,1,1,off,free-flow,none,1,0,940GZZLUEUS,0,3900,2695,1800,1780,4a2d770f2630dd23,89,89,0,0,51,38,1.7,18,26,2.2,12,true,895,17,38,38,26,1,0,0,0,1,1,true,287,205.1513108614232,415.8,551176.1634925414,622769.4162534663,46.9507422662465,0
profile,tfl-numbat-2019-midweek,early,20,2.966666666666667,1,2,off,free-flow,strict,1,0,940GZZLUEUS,0,3900,2753,1800,1780,19332ce46bf440c5,89,89,0,0,58,31,1.9333333333333333,14,30,2.933333333333333,1,true,953,15,37,37,27,1,0,0,0,1,1,true,335,204.10374531835205,403.78333333333336,543961.9494199035,604390.8087808908,47.36888952765414,0
profile,tfl-numbat-2019-midweek,early,20,2.966666666666667,1,2,off,free-flow,none,1,0,940GZZLUEUS,0,3900,2753,1800,1780,19332ce46bf440c5,89,89,0,0,58,31,1.9333333333333333,14,30,2.933333333333333,1,true,953,15,37,37,27,1,0,0,0,1,1,true,335,204.10374531835205,403.78333333333336,543961.9494199035,604390.8087808908,47.36888952765414,0
profile,tfl-numbat-2019-midweek,early,20,2.966666666666667,1,3,off,free-flow,strict,1,0,940GZZLUEUS,0,3900,2737,1800,1780,1023c2b2435ed2d7,89,89,0,0,54,35,1.8,18,26,2.4,9,true,937,14,37,37,26,1,0,0,0,1,1,true,319,188.84513108614232,390.18333333333334,552819.8060825316,587343.5936826781,48.486015793558366,0
profile,tfl-numbat-2019-midweek,early,20,2.966666666666667,1,3,off,free-flow,none,1,0,940GZZLUEUS,0,3900,2737,1800,1780,1023c2b2435ed2d7,89,89,0,0,54,35,1.8,18,26,2.4,9,true,937,14,37,37,26,1,0,0,0,1,1,true,319,188.84513108614232,390.18333333333334,552819.8060825316,587343.5936826781,48.486015793558366,0
profile,tfl-numbat-2019-midweek,early,15,3.966666666666667,1,1,off,free-flow,strict,1,0,940GZZLUEUS,0,3900,2863,1800,1785,1609c532807f9008,119,119,0,0,71,48,2.3666666666666667,22,37,3.2666666666666666,11,true,1063,24,52,52,33,2,0,0,0,1,1,true,453,254.61820728291318,482.46666666666664,757346.221368114,863907.4462689812,46.71361653552416,0
profile,tfl-numbat-2019-midweek,early,15,3.966666666666667,1,1,off,free-flow,none,1,0,940GZZLUEUS,0,3900,2863,1800,1785,1609c532807f9008,119,119,0,0,71,48,2.3666666666666667,22,37,3.2666666666666666,11,true,1063,24,52,52,33,2,0,0,0,1,1,true,453,254.61820728291318,482.46666666666664,757346.221368114,863907.4462689812,46.71361653552416,0
profile,tfl-numbat-2019-midweek,early,15,3.966666666666667,1,2,off,free-flow,strict,1,0,940GZZLUEUS,0,3900,2838,1800,1785,c5ea67b17f25e70e,119,119,0,0,77,42,2.566666666666667,17,42,4,0,true,1038,21,48,48,33,1,0,0,0,1,1,true,429,230.38683473389355,446.1,726281.8819131192,825944.7760323646,46.78967972850181,0
profile,tfl-numbat-2019-midweek,early,15,3.966666666666667,1,2,off,free-flow,none,1,0,940GZZLUEUS,0,3900,2838,1800,1785,c5ea67b17f25e70e,119,119,0,0,76,43,2.533333333333333,17,42,3.933333333333333,1,true,1038,21,48,48,33,2,0,0,0,1,1,true,429,232.91134453781513,449.46666666666664,726281.8819131753,827221.4695435056,46.751227233089594,0
profile,tfl-numbat-2019-midweek,early,15,3.966666666666667,1,3,off,free-flow,strict,1,0,940GZZLUEUS,0,3900,2873,1800,1785,a02f25ab84cc8d7d,119,119,0,0,75,44,2.5,21,38,3.6,6,true,1073,19,47,47,30,2,0,0,0,1,1,true,449,217.63263305322127,448.3666666666667,744482.9727744149,791742.670035953,48.4618243588526,0
profile,tfl-numbat-2019-midweek,early,15,3.966666666666667,1,3,off,free-flow,none,1,0,940GZZLUEUS,0,3900,2873,1800,1785,a02f25ab84cc8d7d,119,119,0,0,75,44,2.5,21,38,3.6,6,true,1073,19,47,47,30,2,0,0,0,1,1,true,449,218.11792717086834,463.5,744557.9727744771,791903.4323618006,48.459269480214374,0
profile,tfl-numbat-2019-midweek,early,12,4.966666666666667,1,1,off,free-flow,strict,1,0,940GZZLUEUS,0,3900,2892,1800,1788,fde388a840555436,149,149,0,0,86,63,2.8666666666666667,25,49,4.066666666666666,14,true,1092,34,65,65,37,3,0,0,0,1,1,true,476,287.1668903803132,525.6166666666667,950758.6493621935,1084772.1565871506,46.70814347704123,0
profile,tfl-numbat-2019-midweek,early,12,4.966666666666667,1,1,off,free-flow,none,1,0,940GZZLUEUS,0,3900,2892,1800,1788,fde388a840555436,149,149,0,0,86,63,2.8666666666666667,25,49,4.066666666666666,14,true,1092,34,65,65,37,3,0,0,0,1,1,true,476,287.1668903803132,525.6166666666667,950758.6493621935,1084772.1565871506,46.70814347704123,0
profile,tfl-numbat-2019-midweek,early,12,4.966666666666667,1,2,off,free-flow,strict,1,0,940GZZLUEUS,0,3900,2782,1800,1788,0db4ec5e24e7ed35,149,149,0,0,91,58,3.033333333333333,22,52,4.6,6,true,982,31,60,60,40,3,0,0,0,1,1,true,399,266.00111856823264,517.5833333333334,911796.5061982728,1053907.5461115555,46.38523816069125,0
profile,tfl-numbat-2019-midweek,early,12,4.966666666666667,1,2,off,free-flow,none,1,0,940GZZLUEUS,0,3900,2810,1800,1788,0db4ec5e24e7ed35,149,149,0,0,91,58,3.033333333333333,22,52,4.6,6,true,1010,31,60,60,40,4,0,0,0,1,1,true,421,267.54038031319914,525.8666666666667,911571.5061982889,1057690.541800335,46.29000529029267,0
profile,tfl-numbat-2019-midweek,early,12,4.966666666666667,1,3,off,free-flow,strict,1,0,940GZZLUEUS,0,3900,2839,1800,1788,8d13d145a9ef1806,149,149,0,0,89,60,2.966666666666667,26,48,4.2,12,true,1039,31,62,62,41,3,0,0,0,1,1,true,450,257.63791946308726,484.28333333333336,931392.5918436793,1023220.2016478351,47.65100253845866,0
profile,tfl-numbat-2019-midweek,early,12,4.966666666666667,1,3,off,free-flow,none,1,0,940GZZLUEUS,0,3900,2839,1800,1788,8d13d145a9ef1806,149,149,0,0,89,60,2.966666666666667,26,48,4.2,12,true,1039,32,62,62,41,3,0,0,0,1,1,true,450,258.8177852348993,488.75,931617.5918438772,1017504.7008086174,47.79677475116609,0
profile,tfl-numbat-2019-midweek,early,10,5.966666666666667,1,1,off,free-flow,strict,1,0,940GZZLUEUS,0,3900,2950,1800,1790,aadad49ab1254db9,179,179,0,0,96,83,3.2,27,62,4.6,21,true,1150,46,84,84,46,7,2,0,0,1,2,true,580,328.88966480446925,619.1,1144926.488538158,1305655.0103918882,46.720604437683335,0
profile,tfl-numbat-2019-midweek,early,10,5.966666666666667,1,1,off,free-flow,none,1,0,940GZZLUEUS,0,3900,3006,1800,1790,aadad49ab1254db9,179,179,0,0,96,83,3.2,27,62,4.6,21,true,1206,45,84,84,46,8,2,0,0,1,2,true,605,329.18817504655493,630.3166666666667,1145151.488538151,1334034.2923108097,46.190628285469224,0
profile,tfl-numbat-2019-midweek,early,10,5.966666666666667,1,2,off,free-flow,strict,1,0,940GZZLUEUS,0,3900,2917,1800,1790,2b255de325ea94d8,179,179,0,0,101,78,3.3666666666666667,23,66,5.2,12,true,1117,45,79,79,50,3,2,0,0,1,2,true,538,306.11620111731844,567.6,1093718.197094095,1317916.9426190292,45.351727509833765,0
profile,tfl-numbat-2019-midweek,early,10,5.966666666666667,1,2,off,free-flow,none,1,0,940GZZLUEUS,0,3900,2932,1800,1790,2b255de325ea94d8,179,179,0,0,101,78,3.3666666666666667,23,66,5.2,12,true,1132,43,79,79,50,3,2,0,0,1,2,true,551,306.11880819366854,567.6,1094093.1970939266,1317424.2677565091,45.36949091354738,0
profile,tfl-numbat-2019-midweek,early,10,5.966666666666667,1,3,off,free-flow,strict,1,0,940GZZLUEUS,0,3900,3030,1800,1790,26744e71f4c37b72,179,179,0,0,95,84,3.1666666666666665,27,62,4.533333333333333,22,true,1230,41,87,87,46,2,2,0,0,1,2,true,597,305.59888268156425,604.3666666666667,1131304.1331352894,1275568.4100303145,47.00307610170991,0
profile,tfl-numbat-2019-midweek,early,10,5.966666666666667,1,3,off,free-flow,none,1,0,940GZZLUEUS,0,3900,3030,1800,1790,26744e71f4c37b72,179,179,0,0,95,84,3.1666666666666665,27,62,4.533333333333333,22,true,1230,41,87,87,46,2,2,0,0,1,2,true,597,305.6882681564246,604.3666666666667,1131304.1331351865,1276839.2064193895,46.97827220469521,0
profile,tfl-numbat-2019-midweek,early,8.571429,7,1,1,off,free-flow,strict,1,0,940GZZLUEUS,0,3900,3169,1800,1799,3563668f01b58088,210,210,0,0,107,103,3.566666666666667,28,77,5.266666666666667,26,true,1369,60,103,103,53,12,2,0,0,1,2,true,769,388.9503174603175,768.9666666666667,1362656.2027383593,1599521.1799329964,46.00184346521093,0
profile,tfl-numbat-2019-midweek,early,8.571429,7,1,1,off,free-flow,none,1,0,940GZZLUEUS,0,3900,3148,1800,1799,3563668f01b58088,210,210,0,0,107,103,3.566666666666667,28,77,5.266666666666667,26,true,1348,60,103,103,54,10,2,0,0,1,2,true,748,381.84944444444443,747.8166666666667,1362956.2027388706,1595335.181790361,46.07241226698042,0
profile,tfl-numbat-2019-midweek,early,8.571429,7,1,2,off,free-flow,strict,1,0,940GZZLUEUS,0,3900,3085,1800,1799,2c5e275a02e8aba7,210,210,0,0,109,101,3.6333333333333333,28,77,5.4,24,true,1285,57,101,101,56,7,2,0,0,1,2,true,684,359.09944444444443,683.7,1293506.7027071123,1565495.9484629522,45.24328447816362,0
profile,tfl-numbat-2019-midweek,early,8.571429,7,1,2,off,free-flow,none,1,0,940GZZLUEUS,0,3900,3101,1800,1799,2c5e275a02e8aba7,210,210,0,0,108,102,3.6,28,77,5.333333333333333,25,true,1301,56,103,103,54,6,2,0,0,1,2,true,695,363.3174603174603,699.5833333333334,1293581.7027076473,1575337.6409986685,45.08951098766296,0
profile,tfl-numbat-2019-midweek,early,8.571429,7,1,3,off,free-flow,strict,1,0,940GZZLUEUS,0,3900,3141,1800,1799,ddd650abd105cd58,210,210,0,0,105,105,3.5,30,75,5,30,true,1341,53,105,105,55,9,2,0,0,1,2,true,748,349.6980952380953,878.9833333333333,1323096.07292357,1540794.3156502512,46.1992567244326,0
profile,tfl-numbat-2019-midweek,early,8.571429,7,1,3,off,free-flow,none,1,0,940GZZLUEUS,0,3900,3141,1800,1799,ddd650abd105cd58,210,210,0,0,105,105,3.5,30,75,5,30,true,1341,53,105,105,54,8,2,0,0,1,2,true,748,349.27706349206346,878.9833333333333,1322421.072923156,1535470.9706981482,46.27260416903237,0
profile,tfl-numbat-2019-midweek,early,7.5,7.966666666666667,1,1,off,free-flow,strict,1,0,940GZZLUEUS,0,3900,3520,1800,1792.5,63b1ce4d79486c0c,239,239,0,0,118,121,3.933333333333333,30,89,5.866666666666666,32,true,1720,77,121,114,55,15,2,0,0,1,2,true,918.5,444.76750348675034,943.45,1552283.5849899265,1900462.5502519906,44.95794142366524,0
profile,tfl-numbat-2019-midweek,early,7.5,7.966666666666667,1,1,off,free-flow,none,1,0,940GZZLUEUS,0,3900,3521,1800,1792.5,63b1ce4d79486c0c,239,239,0,0,118,121,3.933333333333333,30,89,5.866666666666666,32,true,1721,77,121,114,55,15,2,0,0,1,2,true,919.5,445.213249651325,944.4,1552283.5849896271,1905491.8278923742,44.892550835041746,0
profile,tfl-numbat-2019-midweek,early,7.5,7.966666666666667,1,2,off,free-flow,strict,1,0,940GZZLUEUS,0,3900,3231,1800,1792.5,b14207684481cacc,239,239,0,0,119,120,3.966666666666667,32,87,5.8,33,true,1431,69,122,114,56,13,2,0,0,1,2,true,834.5,421.9714086471409,834.1666666666666,1484193.686551555,1866952.478346788,44.28913611998711,0
profile,tfl-numbat-2019-midweek,early,7.5,7.966666666666667,1,2,off,free-flow,none,1,0,940GZZLUEUS,0,3900,3222,1800,1792.5,b14207684481cacc,239,239,0,0,119,120,3.966666666666667,32,87,5.8,33,true,1422,69,123,114,57,12,2,0,0,1,2,true,815.5,421.794909344491,828.75,1484118.6865519672,1867255.9124371263,44.28387942665782,0
profile,tfl-numbat-2019-midweek,early,7.5,7.966666666666667,1,3,off,free-flow,strict,1,0,940GZZLUEUS,0,3900,3169,1800,1792.5,93ce2d6fb7cde873,239,239,0,0,116,123,3.8666666666666667,36,83,5.333333333333333,40,true,1369,70,126,114,59,9,2,0,0,1,2,true,775.5,398.0566945606695,915.6666666666666,1508298.5933581758,1783529.8161332519,45.819477984005886,0
profile,tfl-numbat-2019-midweek,early,7.5,7.966666666666667,1,3,off,free-flow,none,1,0,940GZZLUEUS,0,3900,3179,1800,1792.5,93ce2d6fb7cde873,239,239,0,0,117,122,3.9,36,83,5.4,39,true,1379,69,125,114,57,8,2,0,0,1,2,true,786.5,397.21087866108786,785.75,1507773.5933585595,1796673.742132435,45.62861623378015,0
profile,tfl-numbat-2019-midweek,early,6.666667,8.966666666666667,1,1,off,free-flow,strict,1,0,940GZZLUEUS,0,3900,3871,1800,1793.3333333333333,4a2c0b0e2de5a8b9,269,269,0,0,122,147,4.066666666666666,35,99,5.8,48,true,2071,95,148,114,55,18,2,0,0,2,2,true,1121.6666666666667,527.806009913259,1397.0833333333333,1745102.589724198,2089803.2451586996,45.50574811643286,0
profile,tfl-numbat-2019-midweek,early,6.666667,8.966666666666667,1,1,off,free-flow,none,1,0,940GZZLUEUS,0,3900,3695,1800,1793.3333333333333,4a2c0b0e2de5a8b9,269,269,0,0,123,146,4.1,35,99,5.866666666666666,47,true,1895,94,147,114,56,17,2,0,0,1,2,true,1088.6666666666667,514.5314745972739,1221.2333333333333,1745402.5897246567,2052970.4280931763,45.951321303545676,0
profile,tfl-numbat-2019-midweek,early,6.666667,8.966666666666667,1,2,off,free-flow,strict,1,0,940GZZLUEUS,0,3900,3389,1800,1793.3333333333333,d22cf29e05f827ac,269,269,0,0,131,138,4.366666666666666,35,99,6.4,39,true,1589,87,140,114,60,10,2,0,0,1,2,true,972.6666666666666,478.43128872366793,973.3833333333333,1671032.6818165968,2073575.044011519,44.62503963474705,0
profile,tfl-numbat-2019-midweek,early,6.666667,8.966666666666667,1,2,off,free-flow,none,1,0,940GZZLUEUS,0,3900,3378,1800,1793.3333333333333,d22cf29e05f827ac,269,269,0,0,130,139,4.333333333333333,35,99,6.333333333333333,40,true,1578,89,140,114,58,10,2,0,0,1,2,true,968.6666666666666,482.21641883519203,967.7833333333333,1671107.6818166657,2067695.460692542,44.69632708972054,0
profile,tfl-numbat-2019-midweek,early,6.666667,8.966666666666667,1,3,off,free-flow,strict,1,0,940GZZLUEUS,0,3900,3313,1800,1793.3333333333333,d987e36c0704b230,269,269,0,0,127,142,4.233333333333333,39,95,5.866666666666666,47,true,1513,90,142,114,58,14,2,0,0,1,2,true,935.6666666666666,468.15811648079307,1000.1666666666666,1693227.2864864073,1985801.1817842585,46.0237614655456,0
profile,tfl-numbat-2019-midweek,early,6.666667,8.966666666666667,1,3,off,free-flow,none,1,0,940GZZLUEUS,0,3900,3306,1800,1793.3333333333333,d987e36c0704b230,269,269,0,0,128,141,4.266666666666667,39,95,5.933333333333334,46,true,1506,88,141,114,58,11,2,0,0,1,2,true,930.6666666666666,462.31102850061956,951.2833333333333,1692852.2864884692,1991279.2006582934,45.949833560352296,0
profile,tfl-numbat-2019-midweek,early,6,9.966666666666667,1,1,off,free-flow,strict,1,0,940GZZLUEUS,0,3900,3853,1800,1794,813f7f4fec7f70d2,299,299,0,0,125,174,4.166666666666667,41,108,5.6,66,true,2053,120,174,114,55,18,2,0,0,1,2,true,1363,629.7532887402452,1530.0166666666667,1943495.7560494887,2226737.2463295273,46.60400881535329,0
profile,tfl-numbat-2019-midweek,early,6,9.966666666666667,1,1,off,free-flow,none,1,0,940GZZLUEUS,0,3900,3875,1800,1794,813f7f4fec7f70d2,299,299,0,0,125,174,4.166666666666667,40,109,5.666666666666667,65,true,2075,122,174,114,56,18,2,0,0,1,2,true,1368,634.785005574136,1552.3333333333333,1943570.75604937,2241087.22744464,46.44515187897319,0
profile,tfl-numbat-2019-midweek,early,6,9.966666666666667,1,2,off,free-flow,strict,1,0,940GZZLUEUS,0,3900,3510,1800,1794,a6937e018b1fcc1f,299,299,0,0,132,167,4.4,40,109,6.133333333333334,58,true,1710,113,167,114,59,13,2,0,0,1,2,true,1093,562.1289855072464,1115.4666666666667,1848874.4151717327,2188324.5635377346,45.7959695551777,0
profile,tfl-numbat-2019-midweek,early,6,9.966666666666667,1,2,off,free-flow,none,1,0,940GZZLUEUS,0,3900,3537,1800,1794,a6937e018b1fcc1f,299,299,0,0,135,164,4.5,41,108,6.266666666666667,56,true,1737,114,166,114,61,15,2,0,0,1,2,true,1100,566.2609810479375,1128.85,1848199.415168818,2191783.232286868,45.74770677128486,0
profile,tfl-numbat-2019-midweek,early,6,9.966666666666667,1,3,off,free-flow,strict,1,0,940GZZLUEUS,0,3900,3631,1800,1794,569e16cc1ad11ec7,299,299,0,0,132,167,4.4,42,107,6,60,true,1831,113,168,114,58,13,2,0,0,1,2,true,1245,568.2023968784838,1244.45,1899874.530784205,2217085.407918295,46.147510762102996,0
profile,tfl-numbat-2019-midweek,early,6,9.966666666666667,1,3,off,free-flow,none,1,0,940GZZLUEUS,0,3900,3641,1800,1794,569e16cc1ad11ec7,299,299,0,0,130,169,4.333333333333333,42,107,5.866666666666666,62,true,1841,115,169,114,57,13,2,0,0,1,2,true,1258,571.9910813823858,1257.25,1899274.530786307,2212153.344196834,46.19501031120715,0
profile,tfl-numbat-2019-midweek,early,5.4545449999999995,11,1,1,off,free-flow,strict,1,0,940GZZLUEUS,0,3900,3900,1800,1798.5,20e33643790350cf,330,325,5,0,127,203,4.233333333333333,42,123,5.666666666666667,80,false,0,149,203,114,56,20,2,0,0,1,2,true,1591.5,738.3738383838385,1701.7166666666667,2133709.0549138556,2385391.9682868393,47.21534313925641,0
profile,tfl-numbat-2019-midweek,early,5.4545449999999995,11,1,1,off,free-flow,none,1,0,940GZZLUEUS,0,3900,3900,1800,1798.5,20e33643790350cf,330,325,5,0,127,203,4.233333333333333,42,123,5.666666666666667,80,false,0,150,203,114,56,21,2,0,0,1,2,true,1644.5,751.2821212121212,1755.45,2131822.0460802377,2386710.7615264277,47.17951903528175,0
profile,tfl-numbat-2019-midweek,early,5.4545449999999995,11,1,2,off,free-flow,strict,1,0,940GZZLUEUS,0,3900,3799,1800,1798.5,9a5fd55d60a95da3,330,330,0,0,138,192,4.6,40,125,6.533333333333333,67,true,1999,137,192,114,60,20,2,0,0,1,2,true,1365.5,670.1398989898989,1381.4333333333334,2045286.620546988,2404447.45632105,45.964243822556035,0
profile,tfl-numbat-2019-midweek,early,5.4545449999999995,11,1,2,off,free-flow,none,1,0,940GZZLUEUS,0,3900,3804,1800,1798.5,9a5fd55d60a95da3,330,330,0,0,137,193,4.566666666666666,40,125,6.466666666666667,68,true,2004,140,193,114,61,15,2,0,0,1,2,true,1366.5,677.4222727272728,1388.7833333333333,2045211.6205478658,2406363.9624699396,45.943544760872705,0
profile,tfl-numbat-2019-midweek,early,5.4545449999999995,11,1,3,off,free-flow,strict,1,0,940GZZLUEUS,0,3900,3900,1800,1798.5,3aa6ead3ecd2761f,330,328,2,0,134,196,4.466666666666667,47,118,5.8,78,false,0,141,196,114,58,15,2,0,0,1,2,true,1484.5,678.2762626262627,1483.55,2083554.0067694373,2447393.839084637,45.984947910533535,0
profile,tfl-numbat-2019-midweek,early,5.4545449999999995,11,1,3,off,free-flow,none,1,0,940GZZLUEUS,0,3900,3900,1800,1798.5,3aa6ead3ecd2761f,330,329,1,0,135,195,4.5,47,118,5.866666666666666,77,false,0,141,195,114,56,17,2,0,0,1,2,true,1480.5,676.9492424242424,1480.45,2083147.4067703683,2416881.2503568493,46.291869796674426,0
profile,tfl-numbat-2019-midweek,early,5,11.966666666666667,1,1,off,free-flow,strict,1,0,940GZZLUEUS,0,3900,3900,1800,1795,5608ed1bb22ab7e5,359,342,17,0,135,224,4.5,42,137,6.2,87,false,0,171,225,114,57,17,0,0,0,1,1,true,1972,833.2777623026926,1971.35,2291100.4365482484,2499110.1502516875,47.828804079338,0
profile,tfl-numbat-2019-midweek,early,5,11.966666666666667,1,1,off,free-flow,none,1,0,940GZZLUEUS,0,3900,3900,1800,1795,5608ed1bb22ab7e5,359,341,18,0,135,224,4.5,42,137,6.2,87,false,0,172,225,114,57,18,0,0,0,1,1,true,1857,824.3823119777159,1856.3166666666666,2291340.834917328,2478331.013810954,48.039800380151064,0
profile,tfl-numbat-2019-midweek,early,5,11.966666666666667,1,2,off,free-flow,strict,1,0,940GZZLUEUS,0,3900,3900,1800,1795,706d8f75a32eac66,359,357,2,0,144,215,4.8,43,136,6.733333333333333,79,false,0,162,215,114,64,16,2,0,0,1,2,true,1472,753.1073351903435,1521.4833333333333,2207200.895429572,2547351.2433482585,46.422898119631064,0
profile,tfl-numbat-2019-midweek,early,5,11.966666666666667,1,2,off,free-flow,none,1,0,940GZZLUEUS,0,3900,3900,1800,1795,706d8f75a32eac66,359,357,2,0,144,215,4.8,43,136,6.733333333333333,79,false,0,162,215,114,64,16,2,0,0,1,2,true,1472,753.2666666666667,1514.8666666666666,2207275.8954295055,2543888.3662912534,46.457579107780255,0
profile,tfl-numbat-2019-midweek,early,5,11.966666666666667,1,3,off,free-flow,strict,1,0,940GZZLUEUS,0,3900,3900,1800,1795,e90e4c4c349d670e,359,347,12,0,137,222,4.566666666666666,48,131,5.933333333333334,91,false,0,168,223,114,58,14,0,0,0,1,1,true,1766,785.7552460538533,1765.3333333333333,2249895.7530340757,2482699.1982965255,47.540424992455826,0
profile,tfl-numbat-2019-midweek,early,5,11.966666666666667,1,3,off,free-flow,none,1,0,940GZZLUEUS,0,3900,3900,1800,1795,e90e4c4c349d670e,359,348,11,0,144,215,4.8,48,131,6.4,84,false,0,166,217,114,58,16,0,0,0,1,1,true,1736,773.0929433611885,1735.65,2254446.4460868645,2510585.328317582,47.3123066712107,0
profile,tfl-numbat-2019-midweek,morning,60,0.9666666666666667,1,1,off,free-flow,strict,1,0,940GZZLUEUS,0,3900,2307,1800,1740,ec096baf2262cfae,29,29,0,0,23,6,0.7666666666666667,7,7,1.0666666666666667,-1,true,507,1,10,10,10,0,1,0,0,2,1,true,0,20.49712643678161,205.85,155331.7207800927,41283.54053107956,79.0028809280769,0
profile,tfl-numbat-2019-midweek,morning,60,0.9666666666666667,1,1,off,free-flow,none,1,0,940GZZLUEUS,0,3900,2307,1800,1740,ec096baf2262cfae,29,29,0,0,23,6,0.7666666666666667,7,7,1.0666666666666667,-1,true,507,1,10,10,10,0,1,0,0,2,1,true,0,20.49712643678161,205.85,155331.7207800927,41283.54053107956,79.0028809280769,0
profile,tfl-numbat-2019-midweek,morning,60,0.9666666666666667,1,2,off,free-flow,strict,1,0,940GZZLUEUS,0,3900,2155,1800,1740,eaf98c10ead9f202,29,29,0,0,23,6,0.7666666666666667,8,6,1,0,true,355,2,9,9,7,0,0,0,0,1,1,true,0,33.58218390804598,172.65,138133.05358054902,27143.24624945727,83.57704868914948,0
profile,tfl-numbat-2019-midweek,morning,60,0.9666666666666667,1,2,off,free-flow,none,1,0,940GZZLUEUS,0,3900,2155,1800,1740,eaf98c10ead9f202,29,29,0,0,23,6,0.7666666666666667,8,6,1,0,true,355,2,9,9,7,0,0,0,0,1,1,true,0,33.58218390804598,172.65,138133.05358054902,27143.24624945727,83.57704868914948,0
profile,tfl-numbat-2019-midweek,morning,60,0.9666666666666667,1,3,off,free-flow,strict,1,0,940GZZLUEUS,0,3900,2488,1800,1740,5214e5eaa55ec074,29,29,0,0,21,8,0.7,7,7,0.9333333333333333,1,true,688,3,10,10,10,1,0,0,0,1,1,true,164,53.166091954022995,343.9,163234.2424259688,85610.58622028808,65.59679914345858,0
profile,tfl-numbat-2019-midweek,morning,60,0.9666666666666667,1,3,off,free-flow,none,1,0,940GZZLUEUS,0,3900,2488,1800,1740,5214e5eaa55ec074,29,29,0,0,21,8,0.7,7,7,0.9333333333333333,1,true,688,3,10,10,10,1,0,0,0,1,1,true,164,53.166091954022995,343.9,163234.2424259688,85610.58622028808,65.59679914345858,0
profile,tfl-numbat-2019-midweek,morning,30,1.9666666666666666,1,1,off,free-flow,strict,1,0,940GZZLUEUS,0,3900,2677,1800,1770,97c3b096389d787f,59,59,0,0,42,17,1.4,15,14,1.8,3,true,877,5,18,18,16,1,1,0,0,2,1,true,267,61.35225988700565,360.95,310896.47082687786,139183.35556697892,69.07585112575518,0
profile,tfl-numbat-2019-midweek,morning,30,1.9666666666666666,1,1,off,free-flow,none,1,0,940GZZLUEUS,0,3900,2677,1800,1770,97c3b096389d787f,59,59,0,0,42,17,1.4,15,14,1.8,3,true,877,5,18,18,16,1,1,0,0,2,1,true,267,61.35225988700565,360.95,310896.47082687786,141250.7027147301,68.76001643262914,0
profile,tfl-numbat-2019-midweek,morning,30,1.9666666666666666,1,2,off,free-flow,strict,1,0,940GZZLUEUS,0,3900,2839,1800,1770,2eb0fa6013c87d49,59,59,0,0,43,16,1.4333333333333333,16,13,1.8,3,true,1039,5,16,16,15,1,1,0,0,1,1,true,363,62.15028248587571,362.2,309011.2762512922,124818.16836504097,71.22874670818466,0
profile,tfl-numbat-2019-midweek,morning,30,1.9666666666666666,1,2,off,free-flow,none,1,0,940GZZLUEUS,0,3900,2839,1800,1770,2eb0fa6013c87d49,59,59,0,0,43,16,1.4333333333333333,16,13,1.8,3,true,1039,5,16,16,15,1,1,0,0,1,1,true,363,62.15028248587571,362.2,308936.2762512909,136782.5717481064,69.31191661244459,0
profile,tfl-numbat-2019-midweek,morning,30,1.9666666666666666,1,3,off,free-flow,strict,1,0,940GZZLUEUS,0,3900,2502,1800,1770,e15aaff78f8f0841,59,59,0,0,41,18,1.3666666666666667,17,12,1.6,6,true,702,5,19,19,16,0,0,0,0,1,1,true,112,70.30734463276835,354.6166666666667,350132.37851129705,153029.64444771464,69.58640806240246,0
profile,tfl-numbat-2019-midweek,morning,30,1.9666666666666666,1,3,off,free-flow,none,1,0,940GZZLUEUS,0,3900,2502,1800,1770,e15aaff78f8f0841,59,59,0,0,41,18,1.3666666666666667,17,12,1.6,6,true,702,5,19,19,16,0,0,0,0,1,1,true,112,70.30734463276835,354.6166666666667,350132.37851129705,153029.64444771464,69.58640806240246,0
profile,tfl-numbat-2019-midweek,morning,20,2.966666666666667,1,1,off,free-flow,strict,1,0,940GZZLUEUS,0,3900,2550,1800,1780,d2d7fedf7433e695,89,89,0,0,67,22,2.2333333333333334,23,21,2.933333333333333,1,true,750,9,27,27,23,1,2,0,0,2,1,true,258,83.68501872659176,428.3333333333333,461549.94734734995,243752.39074320803,65.44001379562829,0
profile,tfl-numbat-2019-midweek,morning,20,2.966666666666667,1,1,off,free-flow,none,1,0,940GZZLUEUS,0,3900,2550,1800,1780,d2d7fedf7433e695,89,89,0,0,67,22,2.2333333333333334,23,21,2.933333333333333,1,true,750,9,27,27,23,1,2,0,0,2,1,true,258,83.23558052434457,428.3333333333333,461549.947347349,245694.93539679024,65.26027386108701,0
profile,tfl-numbat-2019-midweek,morning,20,2.966666666666667,1,2,off,free-flow,strict,1,0,940GZZLUEUS,0,3900,2678,1800,1780,102a127340b7005c,89,89,0,0,61,28,2.033333333333333,24,20,2.466666666666667,8,true,878,10,30,30,23,1,1,0,0,1,1,true,329,102.42640449438203,479.5,513765.6773740515,241058.55975432487,68.06427935178677,0
profile,tfl-numbat-2019-midweek,morning,20,2.966666666666667,1,2,off,free-flow,none,1,0,940GZZLUEUS,0,3900,2678,1800,1780,102a127340b7005c,89,89,0,0,61,28,2.033333333333333,24,20,2.466666666666667,8,true,878,10,30,30,23,1,1,0,0,1,1,true,329,102.42640449438203,479.5,513765.6773740515,241058.55975432487,68.06427935178677,0
profile,tfl-numbat-2019-midweek,morning,20,2.966666666666667,1,3,off,free-flow,strict,1,0,940GZZLUEUS,0,3900,2986,1800,1780,d207b3f7842d888c,89,89,0,0,63,26,2.1,24,20,2.6,6,true,1186,10,31,31,26,1,0,0,0,1,1,true,335,92.95786516853931,401.55,529108.2426450741,295740.79376272176,64.14607028570123,0
profile,tfl-numbat-2019-midweek,morning,20,2.966666666666667,1,3,off,free-flow,none,1,0,940GZZLUEUS,0,3900,2986,1800,1780,d207b3f7842d888c,89,89,0,0,64,25,2.1333333333333333,24,20,2.6666666666666665,5,true,1186,9,30,30,26,1,0,0,0,1,1,true,336,88.888202247191,401.55,529258.2426450399,279115.7880812303,65.47195017751085,0
profile,tfl-numbat-2019-midweek,morning,15,3.966666666666667,1,1,off,free-flow,strict,1,0,940GZZLUEUS,0,3900,2869,1800,1785,9b3980983f12907c,119,119,0,0,84,35,2.8,30,29,3.6,6,true,1069,11,37,37,29,1,2,0,0,2,1,true,356,102.33753501400561,433.7,659676.4338260856,356954.7328452229,64.8884723833544,0
profile,tfl-numbat-2019-midweek,morning,15,3.966666666666667,1,1,off,free-flow,none,1,0,940GZZLUEUS,0,3900,2869,1800,1785,9b3980983f12907c,119,119,0,0,85,34,2.8333333333333335,30,29,3.6666666666666665,5,true,1069,10,36,36,29,1,2,0,0,2,1,true,356,100.5421568627451,433.7,659751.4338260749,345125.3402445576,65.65495898104031,0
profile,tfl-numbat-2019-midweek,morning,15,3.966666666666667,1,2,off,free-flow,strict,1,0,940GZZLUEUS,0,3900,2748,1800,1785,69d4d38d8565a9e6,119,119,0,0,78,41,2.6,30,29,3.2,12,true,948,15,44,44,35,1,1,0,0,1,1,true,276,118.60476190476192,468.78333333333336,684656.4628764251,331888.6016951571,67.3513144412314,0
profile,tfl-numbat-2019-midweek,morning,15,3.966666666666667,1,2,off,free-flow,none,1,0,940GZZLUEUS,0,3900,2748,1800,1785,69d4d38d8565a9e6,119,119,0,0,78,41,2.6,30,29,3.2,12,true,948,15,44,44,35,1,1,0,0,1,1,true,276,118.60476190476192,468.78333333333336,684656.4628764251,333781.320218042,67.2261452040923,0
profile,tfl-numbat-2019-midweek,morning,15,3.966666666666667,1,3,off,free-flow,strict,1,0,940GZZLUEUS,0,3900,2686,1800,1785,4bba75f61683de00,119,119,0,0,85,34,2.8333333333333335,24,35,4.066666666666666,-1,true,886,11,39,39,33,1,1,0,0,2,1,true,336,108.59915966386555,480.53333333333336,678341.6398541182,358843.75180344406,65.40215908460075,0
profile,tfl-numbat-2019-midweek,morning,15,3.966666666666667,1,3,off,free-flow,none,1,0,940GZZLUEUS,0,3900,2686,1800,1785,4bba75f61683de00,119,119,0,0,85,34,2.8333333333333335,24,35,4.066666666666666,-1,true,886,11,39,39,33,1,1,0,0,2,1,true,336,108.65868347338936,480.53333333333336,678266.6398540533,359899.74307474535,65.33313455407574,0
profile,tfl-numbat-2019-midweek,morning,12,4.966666666666667,1,1,off,free-flow,strict,1,0,940GZZLUEUS,0,3900,2751,1800,1788,55e19f59b2536a66,149,149,0,0,100,49,3.3333333333333335,35,39,4.333333333333333,10,true,951,15,49,49,43,2,2,0,1,2,1,true,284,104.8831096196868,422.55,840400.5165618238,442034.50132942706,65.53162576172643,0
profile,tfl-numbat-2019-midweek,morning,12,4.966666666666667,1,1,off,free-flow,none,1,0,940GZZLUEUS,0,3900,2751,1800,1788,55e19f59b2536a66,149,149,0,0,99,50,3.3,35,39,4.266666666666667,11,true,951,15,50,50,42,2,2,0,1,2,1,true,284,106.50749440715884,433.7,840700.5165619223,442592.6327804707,65.51118245996469,0
profile,tfl-numbat-2019-midweek,morning,12,4.966666666666667,1,2,off,free-flow,strict,1,0,940GZZLUEUS,0,3900,2582,1800,1788,04314078e25fbbdc,149,149,0,0,96,53,3.2,39,35,3.8,18,true,782,19,54,54,45,1,1,0,0,2,1,true,299,122.23087248322148,475.23333333333335,843661.0736068506,434503.3455666859,66.00567665248916,0
profile,tfl-numbat-2019-midweek,morning,12,4.966666666666667,1,2,off,free-flow,none,1,0,940GZZLUEUS,0,3900,2582,1800,1788,04314078e25fbbdc,149,149,0,0,96,53,3.2,39,35,3.8,18,true,782,19,54,54,45,1,1,0,0,2,1,true,299,121.5218120805369,475.23333333333335,843811.0736067905,433268.21160020656,66.07350721141955,0
profile,tfl-numbat-2019-midweek,morning,12,4.966666666666667,1,3,off,free-flow,strict,1,0,940GZZLUEUS,0,3900,2980,1800,1788,6cc4332fc789a716,149,149,0,0,105,44,3.5,29,45,5.066666666666666,-1,true,1180,18,48,48,39,2,1,0,0,2,1,true,526,128.95178970917226,537.7,871180.419893093,458661.7821869337,65.51005965448128,0
profile,tfl-numbat-2019-midweek,morning,12,4.966666666666667,1,3,off,free-flow,none,1,0,940GZZLUEUS,0,3900,2980,1800,1788,6cc4332fc789a716,149,149,0,0,105,44,3.5,29,45,5.066666666666666,-1,true,1180,19,48,48,39,2,1,0,0,2,1,true,526,130.77102908277405,537.7,871030.4198931273,469810.4580083905,64.96150544398175,0
profile,tfl-numbat-2019-midweek,morning,10,5.966666666666667,1,1,off,free-flow,strict,1,0,940GZZLUEUS,0,3900,2913,1800,1790,944d0fed765eed8b,179,179,0,0,119,60,3.966666666666667,43,46,5.066666666666666,14,true,1113,19,64,64,49,2,2,0,0,2,1,true,334,126.27932960893854,479.51666666666665,1020167.2555014167,556353.4354899342,64.71004543936009,0
profile,tfl-numbat-2019-midweek,morning,10,5.966666666666667,1,1,off,free-flow,none,1,0,940GZZLUEUS,0,3900,2913,1800,1790,944d0fed765eed8b,179,179,0,0,119,60,3.966666666666667,43,46,5.066666666666666,14,true,1113,18,64,64,49,2,2,0,0,2,1,true,334,126.33752327746741,479.51666666666665,1020317.2555014095,539483.8927710121,65.41329044612355,0
profile,tfl-numbat-2019-midweek,morning,10,5.966666666666667,1,2,off,free-flow,strict,1,0,940GZZLUEUS,0,3900,2976,1800,1790,ad331b2234d47096,179,179,0,0,122,57,4.066666666666666,44,45,5.2,12,true,1176,23,64,64,53,1,1,0,0,2,1,true,393,132.32551210428306,481.48333333333335,1033944.4812014574,560580.3088340103,64.8434246781738,0
profile,tfl-numbat-2019-midweek,morning,10,5.966666666666667,1,2,off,free-flow,none,1,0,940GZZLUEUS,0,3900,2976,1800,1790,ad331b2234d47096,179,179,0,0,122,57,4.066666666666666,44,45,5.2,12,true,1176,23,64,64,53,1,1,0,0,2,1,true,393,132.32551210428306,481.48333333333335,1033944.4812014574,560580.3088340103,64.8434246781738,0
profile,tfl-numbat-2019-midweek,morning,10,5.966666666666667,1,3,off,free-flow,strict,1,0,940GZZLUEUS,0,3900,3219,1800,1790,6a65d9c30f59177b,179,179,0,0,118,61,3.933333333333333,34,55,5.6,6,true,1419,26,61,61,46,2,1,0,0,2,1,true,420,146.80940409683427,529.3,1028101.7886545624,583547.0025370008,63.79192503190731,0
profile,tfl-numbat-2019-midweek,morning,10,5.966666666666667,1,3,off,free-flow,none,1,0,940GZZLUEUS,0,3900,3208,1800,1790,6a65d9c30f59177b,179,179,0,0,118,61,3.933333333333333,34,55,5.6,6,true,1408,26,61,61,46,2,1,0,0,2,1,true,409,148.11601489757913,518.2333333333333,1028026.7886545869,594416.4111952583,63.36288313512173,0
profile,tfl-numbat-2019-midweek,morning,8.571429,7,1,1,off,free-flow,strict,1,0,940GZZLUEUS,0,3900,3043,1800,1799,cda90f11c595fc68,210,210,0,0,139,71,4.633333333333334,46,59,6.2,12,true,1243,25,72,72,51,2,3,0,0,2,2,true,394,146.52285714285713,570.8166666666667,1211012.410185657,661680.2971353008,64.66690479710954,0
profile,tfl-numbat-2019-midweek,morning,8.571429,7,1,1,off,free-flow,none,1,0,940GZZLUEUS,0,3900,3048,1800,1799,cda90f11c595fc68,210,210,0,0,139,71,4.633333333333334,46,59,6.2,12,true,1248,25,75,75,55,2,3,0,1,2,2,true,394,149.45380952380953,570.8166666666667,1210862.4101854512,681544.8632496686,63.98529677956054,0
profile,tfl-numbat-2019-midweek,morning,8.571429,7,1,2,off,free-flow,strict,1,0,940GZZLUEUS,0,3900,2799,1800,1799,7f2bdfec1fd345fe,210,210,0,0,143,67,4.766666666666667,45,60,6.533333333333333,7,true,999,25,77,77,61,1,2,0,0,2,1,true,357,136.0313492063492,537.65,1202208.1210684124,559114.6518339036,68.25598008293552,0
profile,tfl-numbat-2019-midweek,morning,8.571429,7,1,2,off,free-flow,none,1,0,940GZZLUEUS,0,3900,2860,1800,1799,7f2bdfec1fd345fe,210,210,0,0,143,67,4.766666666666667,45,60,6.533333333333333,7,true,1060,25,77,77,61,1,2,0,1,2,2,true,293,135.69119047619049,535.7,1202058.1210685219,604404.6502003797,66.54209210324154,0
profile,tfl-numbat-2019-midweek,morning,8.571429,7,1,3,off,free-flow,strict,1,0,940GZZLUEUS,0,3900,2961,1800,1799,7ea8c132a695c16b,210,210,0,0,136,74,4.533333333333333,42,63,6.266666666666667,11,true,1161,27,74,74,59,2,1,0,0,2,1,true,337,148.23666666666668,520.5666666666667,1206293.0881609349,635973.8592753778,65.47873476423192,0
profile,tfl-numbat-2019-midweek,morning,8.571429,7,1,3,off,free-flow,none,1,0,940GZZLUEUS,0,3900,2961,1800,1799,7ea8c132a695c16b,210,210,0,0,136,74,4.533333333333333,42,63,6.266666666666667,11,true,1161,27,74,74,58,2,1,0,0,2,1,true,337,145.85492063492063,520.5666666666667,1206143.0881609153,637825.3922087665,65.41017924119319,0
profile,tfl-numbat-2019-midweek,morning,7.5,7.966666666666667,1,1,off,free-flow,strict,1,0,940GZZLUEUS,0,3900,2811,1800,1792.5,4731b4d993884c61,239,239,0,0,156,83,5.2,55,64,6.733333333333333,19,true,1011,30,86,86,64,3,3,0,1,2,1,true,395.5,153.0507670850767,570.8166666666667,1372157.1518727427,707060.4355768501,65.9939181043508,0
profile,tfl-numbat-2019-midweek,morning,7.5,7.966666666666667,1,1,off,free-flow,none,1,0,940GZZLUEUS,0,3900,2869,1800,1792.5,4731b4d993884c61,239,239,0,0,156,83,5.2,55,64,6.733333333333333,19,true,1069,28,86,86,61,3,3,0,1,2,1,true,512.5,153.08131101813112,570.8166666666667,1372757.1518727068,729050.1963341413,65.31317692098999,0
profile,tfl-numbat-2019-midweek,morning,7.5,7.966666666666667,1,2,off,free-flow,strict,1,0,940GZZLUEUS,0,3900,3161,1800,1792.5,f9f836c87071a85e,239,239,0,0,162,77,5.4,51,68,7.4,9,true,1361,32,88,88,67,2,3,0,0,2,2,true,349.5,149.67350069735005,535.3333333333334,1352124.6382124461,737632.545458941,64.70247590377785,0
profile,tfl-numbat-2019-midweek,morning,7.5,7.966666666666667,1,2,off,free-flow,none,1,0,940GZZLUEUS,0,3900,3082,1800,1792.5,f9f836c87071a85e,239,239,0,0,162,77,5.4,51,68,7.4,9,true,1282,32,88,88,66,2,2,0,0,2,2,true,315.5,147.7626220362622,528.15,1352574.638212375,732370.7105301131,64.8733857234275,0
profile,tfl-numbat-2019-midweek,morning,7.5,7.966666666666667,1,3,off,free-flow,strict,1,0,940GZZLUEUS,0,3900,3064,1800,1792.5,15f7af9d566e1cbd,239,239,0,0,154,85,5.133333333333334,48,71,7.066666666666666,14,true,1264,32,89,89,64,2,1,0,0,2,1,true,502.5,169.7676429567643,584.8333333333334,1383122.9341791426,795321.0591175236,63.491324010861796,0
profile,tfl-numbat-2019-midweek,morning,7.5,7.966666666666667,1,3,off,free-flow,none,1,0,940GZZLUEUS,0,3900,3070,1800,1792.5,15f7af9d566e1cbd,239,239,0,0,155,84,5.166666666666667,48,71,7.133333333333334,13,true,1270,32,88,88,64,1,2,0,0,2,2,true,517.5,167.33423988842398,599.35,1383347.9341794914,785252.0516130729,63.78990792411702,0
profile,tfl-numbat-2019-midweek,morning,6.666667,8.966666666666667,1,1,off,free-flow,strict,1,0,940GZZLUEUS,0,3900,2924,1800,1793.3333333333333,34ba04f18e7fc846,269,269,0,0,175,94,5.833333333333333,60,74,7.666666666666667,20,true,1124,38,97,97,71,2,3,0,1,2,2,true,350.6666666666667,164.8768897149938,576.1666666666666,1529612.0275236082,857555.7189763577,64.0764365958909,0
profile,tfl-numbat-2019-midweek,morning,6.666667,8.966666666666667,1,1,off,free-flow,none,1,0,940GZZLUEUS,0,3900,2924,1800,1793.3333333333333,34ba04f18e7fc846,269,269,0,0,171,98,5.7,60,74,7.4,24,true,1124,39,98,98,70,3,3,0,1,2,2,true,375.6666666666667,168.5692069392813,576.1666666666666,1529312.0275230876,888845.4477737702,63.24286334310573,0
profile,tfl-numbat-2019-midweek,morning,6.666667,8.966666666666667,1,2,off,free-flow,strict,1,0,940GZZLUEUS,0,3900,3001,1800,1793.3333333333333,b3b95630ed092780,269,269,0,0,182,87,6.066666666666666,55,79,8.466666666666667,8,true,1201,36,98,98,70,2,2,0,1,2,2,true,522.6666666666666,166.90898389095415,582.2666666666667,1565971.5068577342,856988.3310441857,64.63051852372982,0
profile,tfl-numbat-2019-midweek,morning,6.666667,8.966666666666667,1,2,off,free-flow,none,1,0,940GZZLUEUS,0,3900,2999,1800,1793.3333333333333,b3b95630ed092780,269,269,0,0,179,90,5.966666666666667,55,79,8.266666666666667,11,true,1199,37,99,99,69,2,2,0,1,2,2,true,514.6666666666666,169.59014869888475,582.2666666666667,1566046.506857953,886682.7005562008,63.849140056883556,0
profile,tfl-numbat-2019-midweek,morning,6.666667,8.966666666666667,1,3,off,free-flow,strict,1,0,940GZZLUEUS,0,3900,3056,1800,1793.3333333333333,8e5746ead23083f4,269,269,0,0,175,94,5.833333333333333,54,80,8.066666666666666,14,true,1256,40,100,100,68,2,2,0,0,2,2,true,505.6666666666667,189.0091697645601,572.4,1529756.6912405142,982955.3416763266,60.88070066129787,0
profile,tfl-numbat-2019-midweek,morning,6.666667,8.966666666666667,1,3,off,free-flow,none,1,0,940GZZLUEUS,0,3900,3056,1800,1793.3333333333333,8e5746ead23083f4,269,269,0,0,178,91,5.933333333333334,54,80,8.266666666666667,11,true,1256,40,101,101,70,2,2,0,1,2,1,true,470.6666666666667,184.7675960346964,571.3666666666667,1529906.691240687,979218.1687628551,60.973716997030074,0
profile,tfl-numbat-2019-midweek,morning,6,9.966666666666667,1,1,off,free-flow,strict,1,0,940GZZLUEUS,0,3900,3305,1800,1794,1c08fe1ead694371,299,299,0,0,188,111,6.266666666666667,65,84,8.2,27,true,1505,42,113,113,72,3,2,0,1,2,2,true,622,191.05685618729098,765.8333333333334,1698471.6918280597,1101955.107855415,60.65045842369577,0
profile,tfl-numbat-2019-midweek,morning,6,9.966666666666667,1,1,off,free-flow,none,1,0,940GZZLUEUS,0,3900,3412,1800,1794,1c08fe1ead694371,299,299,0,0,187,112,6.233333333333333,65,84,8.133333333333333,28,true,1612,46,115,114,74,2,2,0,0,2,2,true,664,197.60195094760311,783.0666666666667,1698846.6918288849,1131775.9532551034,60.01671380603535,0
profile,tfl-numbat-2019-midweek,morning,6,9.966666666666667,1,2,off,free-flow,strict,1,0,940GZZLUEUS,0,3900,2949,1800,1794,5d52463e8423e3e8,299,299,0,0,198,101,6.6,57,92,9.4,9,true,1149,44,113,113,73,2,2,0,1,2,1,true,573,194.1189520624303,628.8666666666667,1712798.1629811253,1062115.4332773203,61.72437820372413,0
profile,tfl-numbat-2019-midweek,morning,6,9.966666666666667,1,2,off,free-flow,none,1,0,940GZZLUEUS,0,3900,2940,1800,1794,5d52463e8423e3e8,299,299,0,0,197,102,6.566666666666666,57,92,9.333333333333334,10,true,1140,46,113,113,72,3,3,0,1,2,1,true,559,197.89180602006687,628.8666666666667,1712948.1629810927,1053654.9978188092,61.91521022067479,0
profile,tfl-numbat-2019-midweek,morning,6,9.966666666666667,1,3,off,free-flow,strict,1,0,940GZZLUEUS,0,3900,2922,1800,1794,c3759d12dff30a69,299,299,0,0,191,108,6.366666666666666,58,91,8.866666666666667,17,true,1122,52,116,114,76,3,2,0,1,2,1,true,730,218.50641025641025,759.55,1717517.4877383236,1189610.7059974277,59.07952361506492,0
profile,tfl-numbat-2019-midweek,morning,6,9.966666666666667,1,3,off,free-flow,none,1,0,940GZZLUEUS,0,3900,2937,1800,1794,c3759d12dff30a69,299,299,0,0,188,111,6.266666666666667,58,91,8.666666666666666,20,true,1137,52,118,114,77,3,2,0,1,2,1,true,649,224.85172798216274,731.6666666666666,1717592.4877377546,1187916.6639912943,59.11502590572213,0
profile,tfl-numbat-2019-midweek,morning,5.4545449999999995,11,1,1,off,free-flow,strict,1,0,940GZZLUEUS,0,3900,3336,1800,1798.5,c64244c66b891430,330,330,0,0,203,127,6.766666666666667,67,98,9.066666666666666,29,true,1536,71,130,114,71,2,3,0,1,2,2,true,888.5,259.9256565656566,947.95,1877332.525814176,1382922.70742978,57.58237903190877,0
profile,tfl-numbat-2019-midweek,morning,5.4545449999999995,11,1,1,off,free-flow,none,1,0,940GZZLUEUS,0,3900,3448,1800,1798.5,c64244c66b891430,330,330,0,0,204,126,6.8,67,98,9.133333333333333,28,true,1648,74,130,114,69,3,3,0,1,2,2,true,771.5,271.4041414141414,971.9333333333333,1875007.525813639,1474396.8018030985,55.98032791543555,0
profile,tfl-numbat-2019-midweek,morning,5.4545449999999995,11,1,2,off,free-flow,strict,1,0,940GZZLUEUS,0,3900,3287,1800,1798.5,c421d6886132d7aa,330,330,0,0,206,124,6.866666666666666,59,106,9.8,18,true,1487,74,131,114,71,4,2,0,0,2,1,true,806.5,279.064595959596,937.25,1895066.7979023103,1489095.4437909483,55.998107140221435,0
profile,tfl-numbat-2019-midweek,morning,5.4545449999999995,11,1,2,off,free-flow,none,1,0,940GZZLUEUS,0,3900,3216,1800,1798.5,c421d6886132d7aa,330,330,0,0,208,122,6.933333333333334,60,105,9.866666666666667,17,true,1416,67,131,114,72,3,2,0,0,1,1,true,857.5,266.8269191919192,938.6666666666666,1894991.7979025093,1412771.1284340622,57.28922658919994,0
profile,tfl-numbat-2019-midweek,morning,5.4545449999999995,11,1,3,off,free-flow,strict,1,0,940GZZLUEUS,0,3900,3143,1800,1798.5,bd64ac0fbdcacbce,330,330,0,0,191,139,6.366666666666666,58,107,8.866666666666667,32,true,1343,80,139,114,73,3,2,0,1,2,1,true,700.5,293.98373737373737,1016.7666666666667,1894818.4266695413,1477894.0647739524,56.18084646932281,0
profile,tfl-numbat-2019-midweek,morning,5.4545449999999995,11,1,3,off,free-flow,none,1,0,940GZZLUEUS,0,3900,3171,1800,1798.5,bd64ac0fbdcacbce,330,330,0,0,194,136,6.466666666666667,59,106,9,30,true,1371,80,136,114,74,3,2,0,0,2,1,true,759.5,293.9287878787879,1011.4166666666666,1895718.4266695054,1465547.3385295465,56.39894489441665,0
profile,tfl-numbat-2019-midweek,morning,5,11.966666666666667,1,1,off,free-flow,strict,1,0,940GZZLUEUS,0,3900,3452,1800,1795,5960e07ad149c806,359,359,0,0,207,152,6.9,74,105,8.866666666666667,47,true,1652,93,153,114,69,3,2,0,0,2,2,true,917,322.94480037140204,1102.3166666666666,2042780.8810418549,1565411.1912474704,56.615081462272364,0
profile,tfl-numbat-2019-midweek,morning,5,11.966666666666667,1,1,off,free-flow,none,1,0,940GZZLUEUS,0,3900,3428,1800,1795,5960e07ad149c806,359,359,0,0,205,154,6.833333333333333,74,105,8.733333333333333,49,true,1628,98,155,114,70,2,3,0,1,2,2,true,942,336.30663881151344,970.5166666666667,2043605.8810424178,1587723.477434706,56.27707319557067,0
profile,tfl-numbat-2019-midweek,morning,5,11.966666666666667,1,2,off,free-flow,strict,1,0,940GZZLUEUS,0,3900,3293,1800,1795,fd71a29997bbff89,359,359,0,0,212,147,7.066666666666666,68,111,9.6,36,true,1493,87,147,114,79,3,3,0,0,2,1,true,992,313.930826369545,1040.3666666666666,2072331.631397703,1519584.2667474078,57.69432498316202,0
profile,tfl-numbat-2019-midweek,morning,5,11.966666666666667,1,2,off,free-flow,none,1,0,940GZZLUEUS,0,3900,3480,1800,1795,fd71a29997bbff89,359,359,0,0,207,152,6.9,68,111,9.266666666666667,41,true,1680,94,152,114,77,3,3,0,1,2,1,true,1030,337.8722841225627,1079.8333333333333,2073231.6313986843,1603005.280760857,56.39548486500562,0
profile,tfl-numbat-2019-midweek,morning,5,11.966666666666667,1,3,off,free-flow,strict,1,0,940GZZLUEUS,0,3900,3629,1800,1795,53029c581d4402c7,359,359,0,0,195,164,6.5,63,116,8.8,48,true,1829,107,166,114,76,4,2,0,1,2,1,true,1223,390.27864438254414,1267.9666666666667,2068906.2038546433,1739005.223144887,54.33178380109676,0
profile,tfl-numbat-2019-midweek,morning,5,11.966666666666667,1,3,off,free-flow,none,1,0,940GZZLUEUS,0,3900,3661,1800,1795,53029c581d4402c7,359,359,0,0,194,165,6.466666666666667,62,117,8.8,48,true,1861,107,165,114,67,3,2,0,1,2,1,true,1291,383.88277623026926,1290.05,2068456.2038548065,1735715.6631525576,54.3733636693445,0
profile,tfl-numbat-2019-midweek,morning,4.615385,13.033333333333333,1,1,off,free-flow,strict,1,0,940GZZLUEUS,0,3900,3900,1800,1798.6,b9bdf89a2a5e69f2,391,390,1,0,207,184,6.9,77,118,8.666666666666666,66,false,0,123,185,114,70,3,2,0,1,2,2,true,1225.4,408.0210144927536,1261.6166666666666,2232384.0816792194,1777546.1793939732,55.67139417237042,0
profile,tfl-numbat-2019-midweek,morning,4.615385,13.033333333333333,1,1,off,free-flow,none,1,0,940GZZLUEUS,0,3900,3724,1800,1798.6,b9bdf89a2a5e69f2,391,391,0,0,209,182,6.966666666666667,77,118,8.8,64,true,1924,119,184,114,69,3,3,0,1,2,2,true,1245.4,415.8585677749361,1304.9,2232459.0816787966,1777791.5600706157,55.66881676764521,0
profile,tfl-numbat-2019-midweek,morning,4.615385,13.033333333333333,1,2,off,free-flow,strict,1,0,940GZZLUEUS,0,3900,3504,1800,1798.6,8b758b26ca8b1088,391,391,0,0,216,175,7.2,74,121,9.466666666666667,54,true,1704,120,175,114,74,3,3,1,0,2,2,true,1206.4,410.2932225063939,1233.3333333333333,2256770.226721029,1742158.7645816123,56.4343660922544,0
profile,tfl-numbat-2019-midweek,morning,4.615385,13.033333333333333,1,2,off,free-flow,none,1,0,940GZZLUEUS,0,3900,3558,1800,1798.6,8b758b26ca8b1088,391,391,0,0,211,180,7.033333333333333,74,121,9.133333333333333,59,true,1758,126,180,114,74,4,3,0,0,2,1,true,1317.4,429.04718670076727,1316.75,2255945.2267208453,1820524.791331699,55.340655437926664,0
profile,tfl-numbat-2019-midweek,morning,4.615385,13.033333333333333,1,3,off,free-flow,strict,1,0,940GZZLUEUS,0,3900,3737,1800,1798.6,7433030a10576159,391,391,0,0,196,195,6.533333333333333,65,130,8.733333333333333,65,true,1937,130,195,114,75,3,2,0,1,2,1,true,1256.4,468.4012361466326,1342.6,2235611.45163379,1866934.4465062302,54.49327093811075,0
profile,tfl-numbat-2019-midweek,morning,4.615385,13.033333333333333,1,3,off,free-flow,none,1,0,940GZZLUEUS,0,3900,3644,1800,1798.6,7433030a10576159,391,391,0,0,196,195,6.533333333333333,65,130,8.733333333333333,65,true,1844,132,196,114,76,4,4,0,1,2,1,true,1206.4,454.8589940323956,1229.1333333333334,2235911.451633624,1815398.2375542666,55.18984286984553,0
profile,tfl-numbat-2019-midweek,morning,4.2857140000000005,14,1,1,off,free-flow,strict,1,0,940GZZLUEUS,0,3900,3867,1800,1799,8f257d775b622b3f,420,420,0,0,207,213,6.9,77,133,8.666666666666666,80,true,2067,142,213,114,73,3,2,0,1,1,2,true,1283,491.4101587301587,1379.9166666666667,2447735.9953651787,1959769.4024816512,55.53563239107898,0
profile,tfl-numbat-2019-midweek,morning,4.2857140000000005,14,1,1,off,free-flow,none,1,0,940GZZLUEUS,0,3900,3900,1800,1799,8f257d775b622b3f,420,417,3,0,205,215,6.833333333333333,77,133,8.533333333333333,82,false,0,145,215,114,72,3,3,0,1,2,2,true,1668,512.0256746031746,1667.45,2444273.8850561944,2021798.8190169448,54.729827457286405,0
profile,tfl-numbat-2019-midweek,morning,4.2857140000000005,14,1,2,off,free-flow,strict,1,0,940GZZLUEUS,0,3900,3757,1800,1799,147acec647511cf7,420,420,0,0,218,202,7.266666666666667,72,138,9.733333333333333,64,true,1957,144,204,114,74,3,3,0,0,2,1,true,1293,495.8080158730159,1392.2666666666667,2396543.1237604334,1975437.8949467519,54.81595444961704,0
profile,tfl-numbat-2019-midweek,morning,4.2857140000000005,14,1,2,off,free-flow,none,1,0,940GZZLUEUS,0,3900,3637,1800,1799,147acec647511cf7,420,420,0,0,220,200,7.333333333333333,72,138,9.866666666666667,62,true,1837,153,205,114,76,3,3,0,0,2,2,true,1299,488.9204761904762,1355.6333333333334,2396468.1237602876,1934351.6732444572,55.335207560880704,0
profile,tfl-numbat-2019-midweek,morning,4.2857140000000005,14,1,3,off,free-flow,strict,1,0,940GZZLUEUS,0,3900,3660,1800,1799,a415c0f5b05ea09e,420,420,0,0,205,215,6.833333333333333,68,142,9.133333333333333,73,true,1860,147,217,114,73,3,3,0,1,2,2,true,1295,525.6219047619047,1422.5166666666667,2384495.8740454186,1980173.704193562,54.63176149539123,0
profile,tfl-numbat-2019-midweek,morning,4.2857140000000005,14,1,3,off,free-flow,none,1,0,940GZZLUEUS,0,3900,3900,1800,1799,a415c0f5b05ea09e,420,419,1,0,204,216,6.8,68,142,9.066666666666666,74,false,0,149,218,114,72,3,3,0,1,2,2,true,1448,524.5556349206349,1537.6,2381075.9646726865,1993801.9128627297,54.4261127127522,0
profile,tfl-numbat-2019-midweek,morning,4,14.966666666666667,1,1,off,free-flow,none,1,0,940GZZLUEUS,0,3900,3865,1800,1796,770f9d7a64f87d13,449,449,0,0,213,236,7.1,82,142,8.733333333333333,94,true,2065,172,237,114,72,3,2,0,0,2,2,true,1450,571.8254268745361,1453.5833333333333,2624548.841813765,2066782.4310517232,55.94464959219726,0
profile,tfl-numbat-2019-midweek,morning,4,14.966666666666667,1,2,off,free-flow,none,1,0,940GZZLUEUS,0,3900,3845,1800,1796,7d616be7f0c36e85,449,449,0,0,217,232,7.233333333333333,76,148,9.4,84,true,2045,180,234,114,72,3,3,1,1,2,2,true,1509,600.57713437268,1580.0666666666666,2539667.1187887965,2141240.4097040803,54.25587032706239,0
profile,tfl-numbat-2019-midweek,morning,4,14.966666666666667,1,3,off,free-flow,none,1,0,940GZZLUEUS,0,3900,3900,1800,1796,a0ab47d20ba11e88,449,446,3,0,202,247,6.733333333333333,71,153,8.733333333333333,94,false,0,181,247,114,72,3,3,0,0,2,2,true,1695,619.3334075723831,1734.5333333333333,2545484.5123141115,2187424.7307967865,53.782660548990116,0
profile,tfl-numbat-2019-midweek,am-peak,60,0.9666666666666667,1,1,off,free-flow,strict,1,0,940GZZLUEUS,0,3900,2434,1800,1740,91f17b3654b28322,29,29,0,0,23,6,0.7666666666666667,7,7,1.0666666666666667,-1,true,634,2,9,9,9,0,1,0,0,2,1,true,0,15.32183908045977,205.88333333333333,169963.479356307,26933.321507030058,86.32109745362291,0
profile,tfl-numbat-2019-midweek,am-peak,60,0.9666666666666667,1,1,off,free-flow,none,1,0,940GZZLUEUS,0,3900,2434,1800,1740,91f17b3654b28322,29,29,0,0,23,6,0.7666666666666667,7,7,1.0666666666666667,-1,true,634,2,9,9,9,0,1,0,0,2,1,true,0,15.32183908045977,205.88333333333333,169963.479356307,26933.321507030058,86.32109745362291,0
profile,tfl-numbat-2019-midweek,am-peak,60,0.9666666666666667,1,2,off,free-flow,strict,1,0,940GZZLUEUS,0,3900,2352,1800,1740,13a4fdcb6e345e29,29,29,0,0,22,7,0.7333333333333333,9,5,0.8666666666666667,2,true,552,3,8,8,8,0,1,0,0,1,1,true,0,35.66149425287357,161.31666666666666,139007.43371350633,52748.269490098595,72.49194229488401,0
profile,tfl-numbat-2019-midweek,am-peak,60,0.9666666666666667,1,2,off,free-flow,none,1,0,940GZZLUEUS,0,3900,2352,1800,1740,13a4fdcb6e345e29,29,29,0,0,22,7,0.7333333333333333,9,5,0.8666666666666667,2,true,552,3,8,8,8,0,1,0,0,1,1,true,0,35.66149425287357,161.31666666666666,139007.43371350633,52748.269490098595,72.49194229488401,0
profile,tfl-numbat-2019-midweek,am-peak,60,0.9666666666666667,1,3,off,free-flow,strict,1,0,940GZZLUEUS,0,3900,2652,1800,1740,2a25d7a620a8b34d,29,29,0,0,20,9,0.6666666666666666,7,7,0.8666666666666667,2,true,852,2,10,10,9,1,0,0,0,1,1,true,0,40.935057471264365,207.15,165121.07575321395,77354.64328737644,68.09798375134325,0
profile,tfl-numbat-2019-midweek,am-peak,60,0.9666666666666667,1,3,off,free-flow,none,1,0,940GZZLUEUS,0,3900,2652,1800,1740,2a25d7a620a8b34d,29,29,0,0,20,9,0.6666666666666666,7,7,0.8666666666666667,2,true,852,2,10,10,9,1,0,0,0,1,1,true,0,40.935057471264365,207.15,165121.07575321395,77354.64328737644,68.09798375134325,0
profile,tfl-numbat-2019-midweek,am-peak,30,1.9666666666666666,1,1,off,free-flow,strict,1,0,940GZZLUEUS,0,3900,2416,1800,1770,b005b6d375179000,59,59,0,0,48,11,1.6,16,13,2.1333333333333333,-2,true,616,2,18,18,17,1,1,0,0,2,1,true,88,22.951412429378532,207.15,318439.65233857644,83579.30168585772,79.210109162968,0
profile,tfl-numbat-2019-midweek,am-peak,30,1.9666666666666666,1,1,off,free-flow,none,1,0,940GZZLUEUS,0,3900,2416,1800,1770,b005b6d375179000,59,59,0,0,48,11,1.6,16,13,2.1333333333333333,-2,true,616,2,18,18,17,1,1,0,0,2,1,true,88,22.951412429378532,207.15,318439.65233857644,83579.30168585772,79.210109162968,0
profile,tfl-numbat-2019-midweek,am-peak,30,1.9666666666666666,1,2,off,free-flow,strict,1,0,940GZZLUEUS,0,3900,2522,1800,1770,81208d9b58d5f9ff,59,59,0,0,44,15,1.4666666666666666,19,10,1.6666666666666667,5,true,722,5,17,17,16,1,1,0,0,1,1,true,211,47.07118644067796,240.4,299285.06624609604,154044.9133985241,66.01925301316166,0
profile,tfl-numbat-2019-midweek,am-peak,30,1.9666666666666666,1,2,off,free-flow,none,1,0,940GZZLUEUS,0,3900,2522,1800,1770,81208d9b58d5f9ff,59,59,0,0,44,15,1.4666666666666666,19,10,1.6666666666666667,5,true,722,5,17,17,16,1,1,0,0,1,1,true,211,46.20762711864407,240.4,299360.06624609674,162924.98909694434,64.75659612745972,0
profile,tfl-numbat-2019-midweek,am-peak,30,1.9666666666666666,1,3,off,free-flow,strict,1,0,940GZZLUEUS,0,3900,2632,1800,1770,dbc46e79bcf53e4f,59,59,0,0,44,15,1.4666666666666666,15,14,1.9333333333333333,1,true,832,5,21,21,20,1,0,0,0,1,1,true,103,58.93022598870057,271.8833333333333,329065.4367948307,194410.11541310104,62.86166286216961,0
profile,tfl-numbat-2019-midweek,am-peak,30,1.9666666666666666,1,3,off,free-flow,none,1,0,940GZZLUEUS,0,3900,2632,1800,1770,dbc46e79bcf53e4f,59,59,0,0,44,15,1.4666666666666666,15,14,1.9333333333333333,1,true,832,5,21,21,20,1,0,0,0,1,1,true,103,58.93022598870057,271.8833333333333,329065.4367948307,194410.11541310104,62.86166286216961,0
profile,tfl-numbat-2019-midweek,am-peak,20,2.966666666666667,1,1,off,free-flow,strict,1,0,940GZZLUEUS,0,3900,2678,1800,1780,66f80c9375c76554,89,89,0,0,68,21,2.2666666666666666,22,22,3.066666666666667,-1,true,878,6,28,28,24,1,1,0,0,2,1,true,352,54.04419475655431,391.53333333333336,491165.84760022175,224063.6248858917,68.67248435567761,0
profile,tfl-numbat-2019-midweek,am-peak,20,2.966666666666667,1,1,off,free-flow,none,1,0,940GZZLUEUS,0,3900,2678,1800,1780,66f80c9375c76554,89,89,0,0,68,21,2.2666666666666666,22,22,3.066666666666667,-1,true,878,6,28,28,24,1,1,0,0,2,1,true,352,54.04419475655431,391.53333333333336,491165.84760022175,224063.6248858917,68.67248435567761,0
profile,tfl-numbat-2019-midweek,am-peak,20,2.966666666666667,1,2,off,free-flow,strict,1,0,940GZZLUEUS,0,3900,2717,1800,1780,e9fa7be6e6bf2313,89,89,0,0,66,23,2.2,25,19,2.7333333333333334,4,true,917,8,27,27,21,1,1,0,0,2,1,true,234,77.19812734082397,420.9,457773.8912399692,250668.37172295054,64.61696530150819,0
profile,tfl-numbat-2019-midweek,am-peak,20,2.966666666666667,1,2,off,free-flow,none,1,0,940GZZLUEUS,0,3900,2717,1800,1780,e9fa7be6e6bf2313,89,89,0,0,66,23,2.2,25,19,2.7333333333333334,4,true,917,8,27,27,21,1,1,0,0,2,1,true,234,77.19812734082397,420.9,457773.89123996755,252284.97426455194,64.4698508080319,0
profile,tfl-numbat-2019-midweek,am-peak,20,2.966666666666667,1,3,off,free-flow,strict,1,0,940GZZLUEUS,0,3900,2503,1800,1780,06bdf1662b8a1f89,89,89,0,0,66,23,2.2,21,23,3,0,true,703,8,29,29,26,1,2,0,0,1,1,true,272,73.6058052434457,386.1666666666667,474084.72717816796,243811.44273442414,66.03806330877771,0
profile,tfl-numbat-2019-midweek,am-peak,20,2.966666666666667,1,3,off,free-flow,none,1,0,940GZZLUEUS,0,3900,2503,1800,1780,06bdf1662b8a1f89,89,89,0,0,66,23,2.2,21,23,3,0,true,703,8,29,29,26,1,2,0,0,1,1,true,272,73.6058052434457,386.1666666666667,474084.72717816796,243811.44273442414,66.03806330877771,0
profile,tfl-numbat-2019-midweek,am-peak,15,3.966666666666667,1,1,off,free-flow,strict,1,0,940GZZLUEUS,0,3900,2528,1800,1785,a78b0f070e897eab,119,119,0,0,86,33,2.8666666666666667,26,33,4,0,true,728,12,35,35,32,1,2,0,0,2,1,true,118,66.2266106442577,433.7,637674.0092436678,298227.39131527615,68.13474249133859,0
profile,tfl-numbat-2019-midweek,am-peak,15,3.966666666666667,1,1,off,free-flow,none,1,0,940GZZLUEUS,0,3900,2528,1800,1785,a78b0f070e897eab,119,119,0,0,86,33,2.8666666666666667,26,33,4,0,true,728,12,35,35,32,1,2,0,0,2,1,true,118,66.42128851540616,433.7,637674.0092436476,299435.4505562297,68.0469077091405,0
profile,tfl-numbat-2019-midweek,am-peak,15,3.966666666666667,1,2,off,free-flow,strict,1,0,940GZZLUEUS,0,3900,2834,1800,1785,5a5f0ba061327b6a,119,119,0,0,83,36,2.7666666666666666,33,26,3.3333333333333335,10,true,1034,14,38,38,29,1,1,0,0,2,1,true,194,99.15714285714286,523.95,640539.2375840027,356448.5042773965,64.247453673613,0
profile,tfl-numbat-2019-midweek,am-peak,15,3.966666666666667,1,2,off,free-flow,none,1,0,940GZZLUEUS,0,3900,2834,1800,1785,5a5f0ba061327b6a,119,119,0,0,83,36,2.7666666666666666,33,26,3.3333333333333335,10,true,1034,14,38,38,29,1,1,0,0,2,1,true,194,99.15714285714286,523.95,640539.2375840027,356448.5042773965,64.247453673613,0
profile,tfl-numbat-2019-midweek,am-peak,15,3.966666666666667,1,3,off,free-flow,strict,1,0,940GZZLUEUS,0,3900,2732,1800,1785,c3c03c914bb6c564,119,119,0,0,90,29,3,27,32,4.2,-3,true,932,12,35,35,30,2,2,0,0,2,1,true,301,90.95700280112045,449,644770.7968098595,339087.6409739747,65.53491559844949,0
profile,tfl-numbat-2019-midweek,am-peak,15,3.966666666666667,1,3,off,free-flow,none,1,0,940GZZLUEUS,0,3900,2732,1800,1785,c3c03c914bb6c564,119,119,0,0,90,29,3,27,32,4.2,-3,true,932,11,35,35,30,2,2,0,0,2,1,true,301,90.83095238095238,449,644770.7968098613,339087.64097397495,65.53491559844954,0
profile,tfl-numbat-2019-midweek,am-peak,12,4.966666666666667,1,1,off,free-flow,strict,1,0,940GZZLUEUS,0,3900,2850,1800,1788,f2c28309e2ce7687,149,149,0,0,111,38,3.7,32,42,5.266666666666667,-4,true,1050,14,45,45,38,2,2,0,0,2,1,true,279,78.55984340044742,433.7,822865.9539021385,401432.42835434695,67.21122610531648,0
profile,tfl-numbat-2019-midweek,am-peak,12,4.966666666666667,1,1,off,free-flow,none,1,0,940GZZLUEUS,0,3900,2850,1800,1788,f2c28309e2ce7687,149,149,0,0,111,38,3.7,32,42,5.266666666666667,-4,true,1050,15,45,45,38,2,2,0,0,2,1,true,279,78.08467561521253,433.7,822715.9539021588,395613.50043301604,67.52820027248733,0
profile,tfl-numbat-2019-midweek,am-peak,12,4.966666666666667,1,2,off,free-flow,strict,1,0,940GZZLUEUS,0,3900,2563,1800,1788,4f469d7049de7204,149,149,0,0,105,44,3.5,38,36,4.466666666666667,8,true,763,16,48,48,40,2,1,0,0,2,1,true,162,104.94463087248322,519.5166666666667,803428.8074594093,397993.6819311713,66.8731286915519,0
profile,tfl-numbat-2019-midweek,am-peak,12,4.966666666666667,1,2,off,free-flow,none,1,0,940GZZLUEUS,0,3900,2573,1800,1788,4f469d7049de7204,149,149,0,0,105,44,3.5,38,36,4.466666666666667,8,true,773,16,48,48,40,2,1,0,0,2,1,true,162,104.44843400447427,519.5166666666667,803503.8074594674,403825.30290507595,66.55217707927676,0
profile,tfl-numbat-2019-midweek,am-peak,12,4.966666666666667,1,3,off,free-flow,strict,1,0,940GZZLUEUS,0,3900,2752,1800,1788,fb7bde77c7f4ae02,149,149,0,0,102,47,3.4,34,40,4.533333333333333,7,true,952,16,48,48,38,1,2,0,0,1,1,true,435,103.10648769574944,483.0833333333333,793865.5378000658,386416.9366741887,67.26063929346114,0
profile,tfl-numbat-2019-midweek,am-peak,12,4.966666666666667,1,3,off,free-flow,none,1,0,940GZZLUEUS,0,3900,2752,1800,1788,fb7bde77c7f4ae02,149,149,0,0,102,47,3.4,34,40,4.533333333333333,7,true,952,16,48,48,38,1,2,0,0,1,1,true,435,103.65592841163311,482.3,793790.5378000858,390551.3369536189,67.02376693090939,0
profile,tfl-numbat-2019-midweek,am-peak,10,5.966666666666667,1,1,off,free-flow,strict,1,0,940GZZLUEUS,0,3900,2689,1800,1790,523cd75d5a7198e9,179,179,0,0,129,50,4.3,45,44,5.6,6,true,889,16,54,54,43,2,2,0,0,2,2,true,294,93.93128491620112,421.53333333333336,984003.6678969922,464558.115148658,67.92969961060902,0
profile,tfl-numbat-2019-midweek,am-peak,10,5.966666666666667,1,1,off,free-flow,none,1,0,940GZZLUEUS,0,3900,2689,1800,1790,523cd75d5a7198e9,179,179,0,0,129,50,4.3,46,43,5.533333333333333,7,true,889,16,54,54,43,2,2,0,0,2,2,true,294,93.33854748603352,421.53333333333336,984078.6678969717,464633.1151486594,67.92784316478328,0
profile,tfl-numbat-2019-midweek,am-peak,10,5.966666666666667,1,2,off,free-flow,strict,1,0,940GZZLUEUS,0,3900,3009,1800,1790,1b0e7b93da5a461c,179,179,0,0,122,57,4.066666666666666,41,48,5.4,9,true,1209,21,59,59,47,2,2,0,0,2,1,true,241,112.81359404096834,478.65,997527.3200693241,511588.3158602008,66.1001248890319,0
profile,tfl-numbat-2019-midweek,am-peak,10,5.966666666666667,1,2,off,free-flow,none,1,0,940GZZLUEUS,0,3900,3009,1800,1790,1b0e7b93da5a461c,179,179,0,0,122,57,4.066666666666666,41,48,5.4,9,true,1209,21,58,58,48,2,2,0,0,2,1,true,216,109.63072625698324,478.65,997902.3200691153,522127.5646518394,65.65017767741514,0
profile,tfl-numbat-2019-midweek,am-peak,10,5.966666666666667,1,3,off,free-flow,strict,1,0,940GZZLUEUS,0,3900,2507,1800,1790,03cb8a2c06b5ed7f,179,179,0,0,125,54,4.166666666666667,42,47,5.533333333333333,7,true,707,20,61,61,45,2,2,0,0,2,2,true,126,110.82150837988826,428.0833333333333,938377.5505307371,426716.5696375357,68.7408682424817,0
profile,tfl-numbat-2019-midweek,am-peak,10,5.966666666666667,1,3,off,free-flow,none,1,0,940GZZLUEUS,0,3900,2507,1800,1790,03cb8a2c06b5ed7f,179,179,0,0,125,54,4.166666666666667,42,47,5.533333333333333,7,true,707,20,61,61,45,2,2,0,0,2,2,true,105,111.38975791433892,428.0833333333333,938227.550530848,426230.71469747095,68.76190898912188,0
profile,tfl-numbat-2019-midweek,am-peak,8.571429,7,1,1,off,free-flow,strict,1,0,940GZZLUEUS,0,3900,3015,1800,1799,1cdd19da9c40d2c2,210,210,0,0,144,66,4.8,51,54,6.2,12,true,1215,23,67,67,48,2,2,0,0,2,2,true,472,118.21714285714285,600.1,1171252.6995251176,617267.8744890905,65.48723657655911,0
profile,tfl-numbat-2019-midweek,am-peak,8.571429,7,1,1,off,free-flow,none,1,0,940GZZLUEUS,0,3900,3022,1800,1799,1cdd19da9c40d2c2,210,210,0,0,145,65,4.833333333333333,51,54,6.266666666666667,11,true,1222,24,66,66,48,2,3,0,0,2,2,true,479,116.79896825396825,607.3,1170727.699524972,615380.7948008452,65.54628138459606,0
profile,tfl-numbat-2019-midweek,am-peak,8.571429,7,1,2,off,free-flow,strict,1,0,940GZZLUEUS,0,3900,2763,1800,1799,b57b46766d35932b,210,210,0,0,143,67,4.766666666666667,49,56,6.266666666666667,11,true,963,23,71,71,58,2,2,0,0,2,1,true,225,110.7434126984127,456.9,1157493.3185657337,552271.4605596024,67.69898015783623,0
profile,tfl-numbat-2019-midweek,am-peak,8.571429,7,1,2,off,free-flow,none,1,0,940GZZLUEUS,0,3900,2763,1800,1799,b57b46766d35932b,210,210,0,0,143,67,4.766666666666667,49,56,6.266666666666667,11,true,963,23,73,73,60,2,2,0,0,2,1,true,225,111.37642857142856,456.9,1157418.3185656345,553360.9339353372,67.654451436304,0
profile,tfl-numbat-2019-midweek,am-peak,8.571429,7,1,3,off,free-flow,strict,1,0,940GZZLUEUS,0,3900,2800,1800,1799,4467f8d100e65ee9,210,210,0,0,147,63,4.9,49,56,6.533333333333333,7,true,1000,22,68,68,52,2,2,0,0,2,2,true,272,120.84880952380952,474.15,1107257.2861478557,504269.58577267826,68.70858348320832,0
profile,tfl-numbat-2019-midweek,am-peak,8.571429,7,1,3,off,free-flow,none,1,0,940GZZLUEUS,0,3900,2799,1800,1799,4467f8d100e65ee9,210,210,0,0,148,62,4.933333333333334,49,56,6.6,6,true,999,22,69,69,53,1,2,0,0,2,2,true,260,117.83333333333333,474.15,1107707.286147973,503638.64146144356,68.7442260018841,0
profile,tfl-numbat-2019-midweek,am-peak,7.5,7.966666666666667,1,1,off,free-flow,strict,1,0,940GZZLUEUS,0,3900,2812,1800,1792.5,c5bb3efd32d68016,239,239,0,0,159,80,5.3,57,62,6.8,18,true,1012,29,81,81,56,1,3,0,1,2,2,true,307.5,131.37566248256624,601.9333333333333,1336598.5669452294,663883.8532321608,66.81381218169906,0
profile,tfl-numbat-2019-midweek,am-peak,7.5,7.966666666666667,1,1,off,free-flow,none,1,0,940GZZLUEUS,0,3900,2786,1800,1792.5,c5bb3efd32d68016,239,239,0,0,159,80,5.3,57,62,6.8,18,true,986,28,81,81,57,2,3,0,1,2,2,true,307.5,130.94309623430962,576.1666666666666,1336448.5669451507,677809.3212376607,66.34942699173665,0
profile,tfl-numbat-2019-midweek,am-peak,7.5,7.966666666666667,1,2,off,free-flow,strict,1,0,940GZZLUEUS,0,3900,2601,1800,1792.5,68d8ac9c4adb685f,239,239,0,0,165,74,5.5,53,66,7.466666666666667,8,true,801,25,82,82,68,2,2,0,0,2,2,true,159.5,119.86666666666666,466.65,1275262.1827061917,605578.9783066154,67.80275810316064,0
profile,tfl-numbat-2019-midweek,am-peak,7.5,7.966666666666667,1,2,off,free-flow,none,1,0,940GZZLUEUS,0,3900,2601,1800,1792.5,68d8ac9c4adb685f,239,239,0,0,166,73,5.533333333333333,53,66,7.533333333333333,7,true,801,26,82,82,68,2,2,0,0,2,2,true,193.5,121.23570432357043,537.7,1275412.1827061707,601559.9883885394,67.95051105964505,0
profile,tfl-numbat-2019-midweek,am-peak,7.5,7.966666666666667,1,3,off,free-flow,strict,1,0,940GZZLUEUS,0,3900,2827,1800,1792.5,e058693e89b7cdb5,239,239,0,0,167,72,5.566666666666666,53,66,7.6,6,true,1027,26,77,77,59,2,3,0,0,1,2,true,335.5,125.87900976290098,530.2,1254119.3296411224,614560.4086244433,67.11258777842511,0
profile,tfl-numbat-2019-midweek,am-peak,7.5,7.966666666666667,1,3,off,free-flow,none,1,0,940GZZLUEUS,0,3900,2827,1800,1792.5,e058693e89b7cdb5,239,239,0,0,166,73,5.533333333333333,53,66,7.533333333333333,7,true,1027,26,77,77,58,2,3,0,0,2,2,true,323.5,127.99616457461646,535.6166666666667,1254344.329641208,619800.3574451804,66.92889499322787,0
profile,tfl-numbat-2019-midweek,am-peak,6.666667,8.966666666666667,1,1,off,free-flow,strict,1,0,940GZZLUEUS,0,3900,2922,1800,1793.3333333333333,49a37ab7a7c4d1c5,269,269,0,0,182,87,6.066666666666666,66,68,7.733333333333333,19,true,1122,33,92,91,62,2,4,1,0,2,2,true,416.6666666666667,141.7743494423792,593.9833333333333,1463940.891462353,750113.3230228095,66.12037238676044,0
profile,tfl-numbat-2019-midweek,am-peak,6.666667,8.966666666666667,1,1,off,free-flow,none,1,0,940GZZLUEUS,0,3900,2970,1800,1793.3333333333333,49a37ab7a7c4d1c5,269,269,0,0,182,87,6.066666666666666,66,68,7.733333333333333,19,true,1170,34,92,92,63,2,3,1,0,2,2,true,532.6666666666666,145.1423172242875,619.2666666666667,1463790.8914624723,770349.5864833125,65.51919657300948,0
profile,tfl-numbat-2019-midweek,am-peak,6.666667,8.966666666666667,1,2,off,free-flow,strict,1,0,940GZZLUEUS,0,3900,2742,1800,1793.3333333333333,5298a0fc6c131c1b,269,269,0,0,186,83,6.2,56,78,8.666666666666666,5,true,942,31,96,96,79,1,2,0,1,2,2,true,451.6666666666667,135.01220570012393,520.4666666666667,1449526.5292784853,696331.9980580912,67.54995778205505,0
profile,tfl-numbat-2019-midweek,am-peak,6.666667,8.966666666666667,1,2,off,free-flow,none,1,0,940GZZLUEUS,0,3900,2742,1800,1793.3333333333333,5298a0fc6c131c1b,269,269,0,0,187,82,6.233333333333333,56,78,8.733333333333333,4,true,942,35,96,96,80,2,2,0,1,2,2,true,426.6666666666667,134.43042131350683,521.3333333333334,1449751.5292784052,697277.2821605529,67.52361782731592,0
profile,tfl-numbat-2019-midweek,am-peak,6.666667,8.966666666666667,1,3,off,free-flow,strict,1,0,940GZZLUEUS,0,3900,3010,1800,1793.3333333333333,211dd28cc9405e83,269,269,0,0,192,77,6.4,64,70,8.533333333333333,7,true,1210,33,89,89,65,2,3,0,0,2,2,true,363.6666666666667,139.9298017348203,538.9,1422908.7636324682,726717.9223471712,66.19329639481158,0
profile,tfl-numbat-2019-midweek,am-peak,6.666667,8.966666666666667,1,3,off,free-flow,none,1,0,940GZZLUEUS,0,3900,3042,1800,1793.3333333333333,211dd28cc9405e83,269,269,0,0,191,78,6.366666666666666,66,68,8.333333333333334,10,true,1242,34,90,90,67,4,3,0,0,2,2,true,391.6666666666667,143.06071871127634,570.8166666666667,1422683.7636325017,744882.6167280216,65.63507242605746,0
profile,tfl-numbat-2019-midweek,am-peak,6,9.966666666666667,1,1,off,free-flow,strict,1,0,940GZZLUEUS,0,3900,3015,1800,1794,ec993b94e97e8c08,299,299,0,0,200,99,6.666666666666667,68,81,8.8,18,true,1215,43,104,104,68,3,5,0,0,2,2,true,453,165.24292084726866,728.15,1600557.3212750475,927260.8392404068,63.317739633165445,0
profile,tfl-numbat-2019-midweek,am-peak,6,9.966666666666667,1,1,off,free-flow,none,1,0,940GZZLUEUS,0,3900,3001,1800,1794,ec993b94e97e8c08,299,299,0,0,199,100,6.633333333333334,68,81,8.733333333333333,19,true,1201,41,104,104,67,3,4,0,0,2,2,true,390,161.4109253065775,737.5666666666667,1600782.3212757339,911811.6491050636,63.710346365000895,0
profile,tfl-numbat-2019-midweek,am-peak,6,9.966666666666667,1,2,off,free-flow,strict,1,0,940GZZLUEUS,0,3900,2746,1800,1794,cff3592b57bdace5,299,299,0,0,206,93,6.866666666666666,58,91,9.866666666666667,2,true,946,35,107,107,76,3,2,0,0,2,2,true,380,147.47257525083612,546.05,1604589.5758986904,817039.1059975852,66.26076028477677,0
profile,tfl-numbat-2019-midweek,am-peak,6,9.966666666666667,1,2,off,free-flow,none,1,0,940GZZLUEUS,0,3900,2758,1800,1794,cff3592b57bdace5,299,299,0,0,207,92,6.9,58,91,9.933333333333334,1,true,958,35,108,108,78,2,2,0,0,2,2,true,418,145.5005016722408,546.05,1604214.5758984063,828496.2821759452,65.94349552779347,0
profile,tfl-numbat-2019-midweek,am-peak,6,9.966666666666667,1,3,off,free-flow,strict,1,0,940GZZLUEUS,0,3900,2928,1800,1794,44eaa9db7e5a8804,299,299,0,0,206,93,6.866666666666666,69,80,9.133333333333333,13,true,1128,37,99,99,72,2,3,0,0,1,1,true,389,151.64704570791528,618.35,1575701.6209540355,884234.2983900361,64.05457998166828,0
profile,tfl-numbat-2019-midweek,am-peak,6,9.966666666666667,1,3,off,free-flow,none,1,0,940GZZLUEUS,0,3900,2917,1800,1794,44eaa9db7e5a8804,299,299,0,0,206,93,6.866666666666666,69,80,9.133333333333333,13,true,1117,38,100,100,74,2,3,0,0,1,1,true,356,152.40819397993312,607.3,1575626.6209542837,890812.6088662795,63.88264514706542,0
profile,tfl-numbat-2019-midweek,am-peak,5.4545449999999995,11,1,1,off,free-flow,strict,1,0,940GZZLUEUS,0,3900,3785,1800,1798.5,d27211c532c656cc,330,330,0,0,211,119,7.033333333333333,75,90,9.066666666666666,29,true,1985,59,120,114,68,2,5,0,1,2,2,true,1154.5,207.30383838383838,1181.6833333333334,1784923.440587898,1246853.9635010948,58.873828869512366,0
profile,tfl-numbat-2019-midweek,am-peak,5.4545449999999995,11,1,1,off,free-flow,none,1,0,940GZZLUEUS,0,3900,3344,1800,1798.5,d27211c532c656cc,330,330,0,0,214,116,7.133333333333334,76,89,9.2,27,true,1544,57,118,114,68,3,5,0,1,2,2,true,709.5,200.9661616161616,1010.25,1785448.4405886403,1205758.9615072415,59.68989109005316,0
profile,tfl-numbat-2019-midweek,am-peak,5.4545449999999995,11,1,2,off,free-flow,strict,1,0,940GZZLUEUS,0,3900,3220,1800,1798.5,b1938ab1a755350f,330,330,0,0,223,107,7.433333333333334,62,103,10.733333333333333,4,true,1420,50,118,114,76,3,3,0,1,2,2,true,774.5,200.15737373737375,834.3333333333334,1768545.757979828,1166287.854736983,60.26051188444253,0
profile,tfl-numbat-2019-midweek,am-peak,5.4545449999999995,11,1,2,off,free-flow,none,1,0,940GZZLUEUS,0,3900,3126,1800,1798.5,b1938ab1a755350f,330,330,0,0,221,109,7.366666666666666,62,103,10.6,6,true,1326,54,119,114,77,2,3,0,1,2,2,true,680.5,204.22116161616162,935.85,1768620.7579796417,1185326.2284419823,59.87313807964196,0
profile,tfl-numbat-2019-midweek,am-peak,5.4545449999999995,11,1,3,off,free-flow,strict,1,0,940GZZLUEUS,0,3900,2816,1800,1798.5,8d37e544ed24f656,330,330,0,0,217,113,7.233333333333333,73,92,9.6,21,true,1016,52,118,114,70,5,3,0,0,1,2,true,708.5,198.07186868686867,796.05,1724938.2712181187,1146214.7468581137,60.0782424467883,0
profile,tfl-numbat-2019-midweek,am-peak,5.4545449999999995,11,1,3,off,free-flow,none,1,0,940GZZLUEUS,0,3900,3002,1800,1798.5,8d37e544ed24f656,330,330,0,0,216,114,7.2,73,92,9.533333333333333,22,true,1202,51,118,114,72,5,3,0,0,2,2,true,625.5,200.98070707070707,1000.7,1724563.2712176675,1176807.1057866747,59.439611188085365,0
profile,tfl-numbat-2019-midweek,am-peak,5,11.966666666666667,1,1,off,free-flow,strict,1,0,940GZZLUEUS,0,3900,3494,1800,1795,03cdebea63353488,359,359,0,0,219,140,7.3,76,103,9.533333333333333,37,true,1694,81,141,114,75,3,5,1,1,2,2,true,863,253.35909935004642,1032.4333333333334,1920763.5138017873,1413895.1089071736,57.60000441188866,0
profile,tfl-numbat-2019-midweek,am-peak,5,11.966666666666667,1,1,off,free-flow,none,1,0,940GZZLUEUS,0,3900,3422,1800,1795,03cdebea63353488,359,359,0,0,220,139,7.333333333333333,76,103,9.6,36,true,1622,79,141,114,75,3,5,0,1,2,2,true,795,254.427669452182,960.5,1919938.5138020844,1430029.4029082588,57.31214631116399,0
profile,tfl-numbat-2019-midweek,am-peak,5,11.966666666666667,1,2,off,free-flow,strict,1,0,940GZZLUEUS,0,3900,3167,1800,1795,1ce863a45082331f,359,359,0,0,224,135,7.466666666666667,66,113,10.533333333333333,22,true,1367,80,139,114,75,3,3,0,0,1,2,true,765,275.73941504178276,935.4,1898413.4428764482,1403081.3400501986,57.50163388698674,0
profile,tfl-numbat-2019-midweek,am-peak,5,11.966666666666667,1,2,off,free-flow,none,1,0,940GZZLUEUS,0,3900,3306,1800,1795,1ce863a45082331f,359,359,0,0,225,134,7.5,66,113,10.6,21,true,1506,75,139,114,73,2,3,0,1,1,2,true,834,271.53310120705663,993.8666666666667,1897588.4428760256,1389325.7004483084,57.73160965369281,0
profile,tfl-numbat-2019-midweek,am-peak,5,11.966666666666667,1,3,off,free-flow,strict,1,0,940GZZLUEUS,0,3900,3538,1800,1795,274627ca8e822360,359,359,0,0,225,134,7.5,76,103,9.933333333333334,31,true,1738,77,138,114,69,4,3,0,0,1,2,true,1147,257.7759517177345,1146.0333333333333,1898985.790817927,1450010.1329660318,56.70313831473117,0
profile,tfl-numbat-2019-midweek,am-peak,5,11.966666666666667,1,3,off,free-flow,none,1,0,940GZZLUEUS,0,3900,3478,1800,1795,274627ca8e822360,359,359,0,0,224,135,7.466666666666667,76,103,9.866666666666667,32,true,1678,78,140,114,70,3,3,0,0,1,2,true,942,266.2538997214485,1026.5,1897410.79081739,1488261.036457634,56.04237172462552,0
profile,tfl-numbat-2019-midweek,am-peak,4.615385,13.033333333333333,1,1,off,free-flow,strict,1,0,940GZZLUEUS,0,3900,3508,1800,1798.6,ea9a92c10a2e02f6,391,391,0,0,218,173,7.266666666666667,83,112,9,61,true,1708,109,173,114,75,2,7,1,0,2,2,true,1161.4,339.62549019607843,1183.5,2099829.6755469027,1620610.162077278,56.440361010858965,0
profile,tfl-numbat-2019-midweek,am-peak,4.615385,13.033333333333333,1,1,off,free-flow,none,1,0,940GZZLUEUS,0,3900,3706,1800,1798.6,ea9a92c10a2e02f6,391,391,0,0,219,172,7.3,80,115,9.266666666666667,57,true,1906,111,174,114,69,3,8,1,1,2,2,true,1032.4,354.8953964194373,1159.15,2101104.6755465916,1739311.9904093426,54.7103311516225,0
profile,tfl-numbat-2019-midweek,am-peak,4.615385,13.033333333333333,1,2,off,free-flow,strict,1,0,940GZZLUEUS,0,3900,3206,1800,1798.6,0e4f347011d2dd56,391,391,0,0,228,163,7.6,75,120,10.2,43,true,1406,102,164,114,71,3,5,0,0,1,2,true,891.4,331.60788576300087,1044.6666666666667,2082788.0083257735,1497523.9417597665,58.173366940163184,0
profile,tfl-numbat-2019-midweek,am-peak,4.615385,13.033333333333333,1,2,off,free-flow,none,1,0,940GZZLUEUS,0,3900,3309,1800,1798.6,0e4f347011d2dd56,391,391,0,0,227,164,7.566666666666666,75,120,10.133333333333333,44,true,1509,108,167,114,72,4,4,0,1,1,2,true,1045.4,348.82672634271097,1062.6833333333334,2083538.0083247512,1550855.8533730058,57.32834930971008,0
profile,tfl-numbat-2019-midweek,am-peak,4.615385,13.033333333333333,1,3,off,free-flow,strict,1,0,940GZZLUEUS,0,3900,3377,1800,1798.6,629b0a4814791cff,391,391,0,0,231,160,7.7,77,118,10.266666666666667,42,true,1577,101,162,114,72,4,3,0,1,1,2,true,1022.4,331.3072890025576,1045.0333333333333,2046336.3478771695,1616728.9103691785,55.86404291516309,0
profile,tfl-numbat-2019-midweek,am-peak,4.615385,13.033333333333333,1,3,off,free-flow,none,1,0,940GZZLUEUS,0,3900,3277,1800,1798.6,629b0a4814791cff,391,391,0,0,225,166,7.5,77,118,9.866666666666667,48,true,1477,103,168,114,71,3,3,0,1,1,2,true,857.4,333.95200341005966,1004.15,2046186.3478782203,1609711.650561579,55.96945945295674,0
profile,tfl-numbat-2019-midweek,am-peak,4.2857140000000005,14,1,1,off,free-flow,strict,1,0,940GZZLUEUS,0,3900,3695,1800,1799,24df56c9a0e2d1b9,420,420,0,0,220,200,7.333333333333333,86,124,8.933333333333334,76,true,1895,136,201,114,73,4,4,0,1,2,2,true,1194,436.4921031746032,1223.95,2259409.9968684292,1864152.1414650904,54.79267490271259,0
profile,tfl-numbat-2019-midweek,am-peak,4.2857140000000005,14,1,1,off,free-flow,none,1,0,940GZZLUEUS,0,3900,3514,1800,1799,24df56c9a0e2d1b9,420,420,0,0,218,202,7.266666666666667,86,124,8.8,78,true,1714,139,202,114,72,4,4,0,0,2,2,true,1182,435.9819047619048,1283.75,2258134.9968683566,1802380.6578522776,55.612025390004746,0
profile,tfl-numbat-2019-midweek,am-peak,4.2857140000000005,14,1,2,off,free-flow,strict,1,0,940GZZLUEUS,0,3900,3614,1800,1799,ad09ad1e7b111875,420,420,0,0,231,189,7.7,80,130,10.066666666666666,59,true,1814,130,189,114,71,3,4,0,1,1,2,true,1047,423.5062698412699,1186.6,2220562.435725022,1775929.7656764013,55.56278665941978,0
profile,tfl-numbat-2019-midweek,am-peak,4.2857140000000005,14,1,2,off,free-flow,none,1,0,940GZZLUEUS,0,3900,3793,1800,1799,ad09ad1e7b111875,420,420,0,0,227,193,7.566666666666666,80,130,9.8,63,true,1993,136,194,114,72,3,4,0,1,2,2,true,1272,437.25964285714286,1288.5833333333333,2220862.4357261634,1829846.069824034,54.826518192636755,0
profile,tfl-numbat-2019-midweek,am-peak,4.2857140000000005,14,1,3,off,free-flow,strict,1,0,940GZZLUEUS,0,3900,3594,1800,1799,faba3276afd301f0,420,420,0,0,227,193,7.566666666666666,78,132,9.933333333333334,61,true,1794,134,194,114,72,3,4,0,1,1,2,true,1126,421.91515873015874,1189.5,2204674.205238151,1860866.8066493087,54.228310544446174,0
profile,tfl-numbat-2019-midweek,am-peak,4.2857140000000005,14,1,3,off,free-flow,none,1,0,940GZZLUEUS,0,3900,3507,1800,1799,faba3276afd301f0,420,420,0,0,228,192,7.6,79,131,9.933333333333334,61,true,1707,128,192,114,72,4,5,0,1,2,2,true,1246,416.029126984127,1262.25,2205499.2052382617,1823819.9846065287,54.73627432636375,0
profile,tfl-numbat-2019-midweek,am-peak,4,14.966666666666667,1,1,off,free-flow,strict,1,0,940GZZLUEUS,0,3900,3900,1800,1796,e9e681de5348b2c1,449,448,1,0,217,232,7.233333333333333,90,134,8.466666666666667,98,false,0,165,233,114,70,3,6,0,1,1,2,true,1392,508.3146622123237,1562.6666666666667,2384655.917200195,2037379.1591920112,53.9266621816523,0
profile,tfl-numbat-2019-midweek,am-peak,4,14.966666666666667,1,1,off,free-flow,none,1,0,940GZZLUEUS,0,3900,3587,1800,1796,e9e681de5348b2c1,449,449,0,0,217,232,7.233333333333333,90,134,8.466666666666667,98,true,1787,163,233,114,73,4,7,0,1,2,2,true,1317,504.0196362286563,1480.1333333333334,2385193.978516353,1939728.1108929855,55.149987195309286,0
profile,tfl-numbat-2019-midweek,am-peak,4,14.966666666666667,1,2,off,free-flow,strict,1,0,940GZZLUEUS,0,3900,3895,1800,1796,15fe1f6c8c9c1257,449,449,0,0,230,219,7.666666666666667,83,141,9.8,78,true,2095,154,220,114,69,3,5,0,1,2,2,true,1271,493.7849294729028,1490.2333333333333,2369935.3287576903,1950930.9383517506,54.8486155842801,0
profile,tfl-numbat-2019-midweek,am-peak,4,14.966666666666667,1,2,off,free-flow,none,1,0,940GZZLUEUS,0,3900,3900,1800,1796,15fe1f6c8c9c1257,449,446,3,0,234,215,7.8,83,141,10.066666666666666,74,false,0,158,219,114,70,4,6,0,1,1,2,true,1500,506.6942093541203,1511.8166666666666,2365558.560261615,1991740.5584373954,54.28956093718709,0
profile,tfl-numbat-2019-midweek,am-peak,4,14.966666666666667,1,3,off,free-flow,strict,1,0,940GZZLUEUS,0,3900,3745,1800,1796,57f343b118d7dc71,449,449,0,0,225,224,7.5,82,142,9.533333333333333,82,true,1945,158,224,114,71,4,5,0,1,2,2,true,1242,498.0791017074981,1309.55,2372706.442234552,1961997.8351209925,54.73744667264959,0
profile,tfl-numbat-2019-midweek,am-peak,4,14.966666666666667,1,3,off,free-flow,none,1,0,940GZZLUEUS,0,3900,3791,1800,1796,57f343b118d7dc71,449,449,0,0,224,225,7.466666666666667,83,141,9.4,84,true,1991,161,226,114,68,3,5,1,1,2,1,true,1236,507.5238678544914,1372.4333333333334,2374206.442234609,1978787.7561289663,54.54191607071625,0
profile,tfl-numbat-2019-midweek,interpeak,60,0.9666666666666667,1,1,off,free-flow,strict,1,0,940GZZLUEUS,0,3900,2269,1800,1740,2c08c203aad74678,29,29,0,0,24,5,0.8,7,7,1.1333333333333333,-2,true,469,2,9,9,9,0,0,0,0,1,1,true,0,33.50689655172414,205.88333333333333,142008.84649967361,34596.459244340076,80.41029452734163,0
profile,tfl-numbat-2019-midweek,interpeak,60,0.9666666666666667,1,1,off,free-flow,none,1,0,940GZZLUEUS,0,3900,2269,1800,1740,2c08c203aad74678,29,29,0,0,24,5,0.8,7,7,1.1333333333333333,-2,true,469,2,9,9,9,0,0,0,0,1,1,true,0,33.50689655172414,205.88333333333333,142008.84649967361,34596.459244340076,80.41029452734163,0
profile,tfl-numbat-2019-midweek,interpeak,60,0.9666666666666667,1,2,off,free-flow,strict,1,0,940GZZLUEUS,0,3900,2141,1800,1740,dbceb7018c3ce1a4,29,29,0,0,23,6,0.7666666666666667,9,5,0.9333333333333333,1,true,341,2,8,8,8,0,1,0,0,2,1,true,0,33.244827586206895,122.75,132883.3756310494,44485.521463630954,74.9192095162635,0
profile,tfl-numbat-2019-midweek,interpeak,60,0.9666666666666667,1,2,off,free-flow,none,1,0,940GZZLUEUS,0,3900,2141,1800,1740,dbceb7018c3ce1a4,29,29,0,0,23,6,0.7666666666666667,9,5,0.9333333333333333,1,true,341,2,8,8,8,0,1,0,0,2,1,true,0,33.244827586206895,122.75,132883.3756310494,44485.521463630954,74.9192095162635,0
profile,tfl-numbat-2019-midweek,interpeak,60,0.9666666666666667,1,3,off,free-flow,strict,1,0,940GZZLUEUS,0,3900,2204,1800,1740,6e32fb4454e823d6,29,29,0,0,23,6,0.7666666666666667,7,7,1.0666666666666667,-1,true,404,2,9,9,8,0,2,0,0,2,1,true,0,22.107471264367817,149.66666666666666,135333.7822177885,60451.6033972607,69.12353636235143,0
profile,tfl-numbat-2019-midweek,interpeak,60,0.9666666666666667,1,3,off,free-flow,none,1,0,940GZZLUEUS,0,3900,2204,1800,1740,6e32fb4454e823d6,29,29,0,0,23,6,0.7666666666666667,7,7,1.0666666666666667,-1,true,404,2,9,9,8,0,2,0,0,2,1,true,0,22.107471264367817,149.66666666666666,135333.7822177885,60451.6033972607,69.12353636235143,0
profile,tfl-numbat-2019-midweek,interpeak,30,1.9666666666666666,1,1,off,free-flow,strict,1,0,940GZZLUEUS,0,3900,2374,1800,1770,5c50291a262c6011,59,59,0,0,49,10,1.6333333333333333,15,14,2.2666666666666666,-4,true,574,4,16,16,15,1,0,0,0,1,1,true,0,39.94406779661017,205.88333333333333,284493.14340539655,72024.60249994078,79.79775107209818,0
profile,tfl-numbat-2019-midweek,interpeak,30,1.9666666666666666,1,1,off,free-flow,none,1,0,940GZZLUEUS,0,3900,2374,1800,1770,5c50291a262c6011,59,59,0,0,49,10,1.6333333333333333,15,14,2.2666666666666666,-4,true,574,4,16,16,15,1,0,0,0,1,1,true,0,39.94406779661017,205.88333333333333,284493.14340539655,72024.60249994078,79.79775107209818,0
profile,tfl-numbat-2019-midweek,interpeak,30,1.9666666666666666,1,2,off,free-flow,strict,1,0,940GZZLUEUS,0,3900,2498,1800,1770,4be260785c883112,59,59,0,0,48,11,1.6,15,14,2.2,-3,true,698,4,15,15,15,1,1,0,0,2,1,true,114,40.13813559322034,168.25,292404.32282981125,60424.15973114828,82.87435320057854,0
profile,tfl-numbat-2019-midweek,interpeak,30,1.9666666666666666,1,2,off,free-flow,none,1,0,940GZZLUEUS,0,3900,2498,1800,1770,4be260785c883112,59,59,0,0,48,11,1.6,15,14,2.2,-3,true,698,4,15,15,15,1,1,0,0,2,1,true,114,40.13813559322034,168.25,292404.32282981125,60424.15973114828,82.87435320057854,0
profile,tfl-numbat-2019-midweek,interpeak,30,1.9666666666666666,1,3,off,free-flow,strict,1,0,940GZZLUEUS,0,3900,2660,1800,1770,7241b35501f39f8e,59,59,0,0,45,14,1.5,21,8,1.6,6,true,860,4,17,17,16,1,2,0,1,2,1,true,106,30.952542372881354,160.5,300435.89641602524,144065.56466602097,67.58940582212635,0
profile,tfl-numbat-2019-midweek,interpeak,30,1.9666666666666666,1,3,off,free-flow,none,1,0,940GZZLUEUS,0,3900,2660,1800,1770,7241b35501f39f8e,59,59,0,0,45,14,1.5,21,8,1.6,6,true,860,4,17,17,16,1,2,0,1,2,1,true,106,30.952542372881354,160.5,300435.89641602524,144065.56466602097,67.58940582212635,0
profile,tfl-numbat-2019-midweek,interpeak,20,2.966666666666667,1,1,off,free-flow,strict,1,0,940GZZLUEUS,0,3900,2489,1800,1780,016a76ba6d0b3cca,89,89,0,0,67,22,2.2333333333333334,27,17,2.6666666666666665,5,true,689,5,24,24,23,1,1,0,0,1,1,true,105,43.278464419475654,206.4,449077.7228849652,151510.30909728303,74.77300561630884,0
profile,tfl-numbat-2019-midweek,interpeak,20,2.966666666666667,1,1,off,free-flow,none,1,0,940GZZLUEUS,0,3900,2489,1800,1780,016a76ba6d0b3cca,89,89,0,0,67,22,2.2333333333333334,27,17,2.6666666666666665,5,true,689,5,24,24,23,1,1,0,0,1,1,true,105,43.278464419475654,206.4,449077.7228849652,151510.30909728303,74.77300561630884,0
profile,tfl-numbat-2019-midweek,interpeak,20,2.966666666666667,1,2,off,free-flow,strict,1,0,940GZZLUEUS,0,3900,2487,1800,1780,ed9a2bc8a5a94c22,89,89,0,0,66,23,2.2,21,23,3,0,true,687,7,26,26,22,1,1,0,0,2,2,true,159,57.48820224719101,278.1333333333333,453788.04398173187,121854.45517414685,78.83157422309263,0
profile,tfl-numbat-2019-midweek,interpeak,20,2.966666666666667,1,2,off,free-flow,none,1,0,940GZZLUEUS,0,3900,2487,1800,1780,ed9a2bc8a5a94c22,89,89,0,0,66,23,2.2,21,23,3,0,true,687,7,26,26,22,1,1,0,0,2,2,true,159,57.48820224719101,278.1333333333333,453788.04398173187,121854.45517414685,78.83157422309263,0
profile,tfl-numbat-2019-midweek,interpeak,20,2.966666666666667,1,3,off,free-flow,strict,1,0,940GZZLUEUS,0,3900,2577,1800,1780,93ff18cb310a4748,89,89,0,0,64,25,2.1333333333333333,24,20,2.6666666666666665,5,true,777,8,26,26,23,1,2,0,0,2,1,true,278,50.21329588014981,343.9,460631.30396087695,177684.5816977079,72.16353443649906,0
profile,tfl-numbat-2019-midweek,interpeak,20,2.966666666666667,1,3,off,free-flow,none,1,0,940GZZLUEUS,0,3900,2577,1800,1780,93ff18cb310a4748,89,89,0,0,64,25,2.1333333333333333,24,20,2.6666666666666665,5,true,777,8,26,26,23,1,2,0,0,2,1,true,278,50.21329588014981,343.9,460631.30396087695,177684.5816977079,72.16353443649906,0
profile,tfl-numbat-2019-midweek,interpeak,15,3.966666666666667,1,1,off,free-flow,strict,1,0,940GZZLUEUS,0,3900,2293,1800,1785,4ea77286324758fc,119,119,0,0,93,26,3.1,32,27,4.066666666666666,-1,true,493,6,32,32,30,1,1,0,0,1,1,true,118,42.950140056022406,206.4,598478.1913077193,180416.06005423304,76.83689926600914,0
profile,tfl-numbat-2019-midweek,interpeak,15,3.966666666666667,1,1,off,free-flow,none,1,0,940GZZLUEUS,0,3900,2293,1800,1785,4ea77286324758fc,119,119,0,0,93,26,3.1,32,27,4.066666666666666,-1,true,493,6,32,32,30,1,1,0,0,1,1,true,118,42.44593837535014,206.4,598553.1913077026,181995.88052408225,76.68360810461589,0
profile,tfl-numbat-2019-midweek,interpeak,15,3.966666666666667,1,2,off,free-flow,strict,1,0,940GZZLUEUS,0,3900,2553,1800,1785,b737ae9d8f011316,119,119,0,0,90,29,3,34,25,3.7333333333333334,4,true,753,9,36,36,30,1,1,0,0,2,1,true,250,68.2203081232493,428.3333333333333,602115.0191910416,188227.66630276004,76.18404399034117,0
profile,tfl-numbat-2019-midweek,interpeak,15,3.966666666666667,1,2,off,free-flow,none,1,0,940GZZLUEUS,0,3900,2553,1800,1785,b737ae9d8f011316,119,119,0,0,90,29,3,34,25,3.7333333333333334,4,true,753,9,36,36,30,1,1,0,0,2,1,true,250,67.67100840336134,428.3333333333333,602040.019191059,188152.66630276022,76.18901443194491,0
profile,tfl-numbat-2019-midweek,interpeak,15,3.966666666666667,1,3,off,free-flow,strict,1,0,940GZZLUEUS,0,3900,2328,1800,1785,54ac03234b7a10bc,119,119,0,0,87,32,2.9,33,26,3.6,6,true,528,8,33,33,29,1,1,0,0,2,1,true,107,50.166666666666664,354.6166666666667,606439.6271324682,194419.63049131364,75.72362076850139,0
profile,tfl-numbat-2019-midweek,interpeak,15,3.966666666666667,1,3,off,free-flow,none,1,0,940GZZLUEUS,0,3900,2328,1800,1785,54ac03234b7a10bc,119,119,0,0,87,32,2.9,33,26,3.6,6,true,528,7,33,33,29,1,1,0,0,2,1,true,107,50.6140056022409,354.6166666666667,606364.6271324814,203952.365403791,74.83054566516925,0
profile,tfl-numbat-2019-midweek,interpeak,12,4.966666666666667,1,1,off,free-flow,strict,1,0,940GZZLUEUS,0,3900,2671,1800,1788,b497ea2af025e0c1,149,149,0,0,114,35,3.8,42,32,4.8,3,true,871,9,40,40,38,1,1,0,0,2,1,true,182,53.24373601789709,242.31666666666666,743542.8495548208,303199.49116894224,71.03398999229391,0
profile,tfl-numbat-2019-midweek,interpeak,12,4.966666666666667,1,1,off,free-flow,none,1,0,940GZZLUEUS,0,3900,2671,1800,1788,b497ea2af025e0c1,149,149,0,0,114,35,3.8,42,32,4.8,3,true,871,9,40,40,38,1,1,0,0,2,1,true,182,53.75302013422819,242.31666666666666,743617.8495547808,286212.2278944149,72.20782008976286,0
profile,tfl-numbat-2019-midweek,interpeak,12,4.966666666666667,1,2,off,free-flow,strict,1,0,940GZZLUEUS,0,3900,2438,1800,1788,430d9157d388d3e5,149,149,0,0,108,41,3.6,41,33,4.466666666666667,8,true,638,10,44,44,38,1,1,0,0,2,2,true,123,70.71700223713647,428.3333333333333,753480.4193969037,223688.20260672158,77.10853607353228,0
profile,tfl-numbat-2019-midweek,interpeak,12,4.966666666666667,1,2,off,free-flow,none,1,0,940GZZLUEUS,0,3900,2438,1800,1788,430d9157d388d3e5,149,149,0,0,108,41,3.6,41,33,4.466666666666667,8,true,638,10,44,44,38,1,2,0,0,2,2,true,123,70.79910514541388,428.3333333333333,753330.4193969347,233245.01652128284,76.3581163660132,0
profile,tfl-numbat-2019-midweek,interpeak,12,4.966666666666667,1,3,off,free-flow,strict,1,0,940GZZLUEUS,0,3900,2829,1800,1788,5f97c3f949109a0b,149,149,0,0,112,37,3.7333333333333334,43,31,4.6,6,true,1029,10,42,42,36,1,1,0,0,2,1,true,116,58.786800894854586,354.6166666666667,777828.6360981694,287044.40793618653,73.04426010741187,0
profile,tfl-numbat-2019-midweek,interpeak,12,4.966666666666667,1,3,off,free-flow,none,1,0,940GZZLUEUS,0,3900,2829,1800,1788,5f97c3f949109a0b,149,149,0,0,111,38,3.7,43,31,4.533333333333333,7,true,1029,10,42,42,36,1,1,0,0,2,1,true,165,62.48680089485459,354.6166666666667,777828.6360982499,304685.71622101514,71.85388668813194,0
profile,tfl-numbat-2019-midweek,interpeak,10,5.966666666666667,1,1,off,free-flow,strict,1,0,940GZZLUEUS,0,3900,2650,1800,1790,0b930e4ca4da8510,179,179,0,0,140,39,4.666666666666667,49,40,6.066666666666666,-1,true,850,10,48,48,44,1,1,0,0,2,1,true,255,62.020949720670394,314.5833333333333,893038.6184710755,315902.8666846172,73.86946592837504,0
profile,tfl-numbat-2019-midweek,interpeak,10,5.966666666666667,1,1,off,free-flow,none,1,0,940GZZLUEUS,0,3900,2650,1800,1790,0b930e4ca4da8510,179,179,0,0,140,39,4.666666666666667,49,40,6.066666666666666,-1,true,850,10,48,48,44,1,1,0,0,2,1,true,255,63.67932960893855,314.5833333333333,893038.6184709568,324704.0934880235,73.33557488792746,0
profile,tfl-numbat-2019-midweek,interpeak,10,5.966666666666667,1,2,off,free-flow,strict,1,0,940GZZLUEUS,0,3900,2461,1800,1790,43a17175be512ece,179,179,0,0,136,43,4.533333333333333,47,42,5.933333333333334,1,true,661,13,53,53,46,1,3,0,0,2,1,true,244,77.13240223463687,428.3333333333333,896371.2663494047,296486.0892206215,75.1448831801904,0
profile,tfl-numbat-2019-midweek,interpeak,10,5.966666666666667,1,2,off,free-flow,none,1,0,940GZZLUEUS,0,3900,2461,1800,1790,43a17175be512ece,179,179,0,0,136,43,4.533333333333333,47,42,5.933333333333334,1,true,661,13,53,53,46,1,2,0,0,2,2,true,244,78.01527001862198,428.3333333333333,896446.2663494284,292338.5600798479,75.40862285751594,0
profile,tfl-numbat-2019-midweek,interpeak,10,5.966666666666667,1,3,off,free-flow,strict,1,0,940GZZLUEUS,0,3900,2531,1800,1790,2cca81f5af10a5a2,179,179,0,0,136,43,4.533333333333333,48,41,5.866666666666666,2,true,731,11,50,50,43,1,2,0,0,2,2,true,92,60.42579143389199,354.6166666666667,912528.2580397044,297842.59189967095,75.39245166763648,0
profile,tfl-numbat-2019-midweek,interpeak,10,5.966666666666667,1,3,off,free-flow,none,1,0,940GZZLUEUS,0,3900,2531,1800,1790,2cca81f5af10a5a2,179,179,0,0,135,44,4.5,48,41,5.8,3,true,731,11,50,50,43,1,2,0,0,2,2,true,92,60.99692737430168,354.6166666666667,912903.258039689,319926.43323161657,74.04942178982522,0
profile,tfl-numbat-2019-midweek,interpeak,8.571429,7,1,1,off,free-flow,strict,1,0,940GZZLUEUS,0,3900,2508,1800,1799,377f35b408a2d0b6,210,210,0,0,159,51,5.3,52,53,7.133333333333334,-2,true,708,15,57,57,48,2,4,0,1,1,1,true,399,70.42619047619047,433.06666666666666,1022203.024878,367735.954321098,73.54301449024817,0
profile,tfl-numbat-2019-midweek,interpeak,8.571429,7,1,1,off,free-flow,none,1,0,940GZZLUEUS,0,3900,2508,1800,1799,377f35b408a2d0b6,210,210,0,0,159,51,5.3,52,53,7.133333333333334,-2,true,708,16,57,57,48,2,4,0,1,1,1,true,399,70.69198412698412,433.06666666666666,1022278.0248779886,372813.9457452063,73.27674779902371,0
profile,tfl-numbat-2019-midweek,interpeak,8.571429,7,1,2,off,free-flow,strict,1,0,940GZZLUEUS,0,3900,2661,1800,1799,0e4e63e12088df38,210,210,0,0,153,57,5.1,48,57,7,0,true,861,15,62,62,49,2,2,0,0,2,2,true,149,81.60142857142857,428.3333333333333,1051722.288480086,404843.1426356075,72.2056329233691,0
profile,tfl-numbat-2019-midweek,interpeak,8.571429,7,1,2,off,free-flow,none,1,0,940GZZLUEUS,0,3900,2661,1800,1799,0e4e63e12088df38,210,210,0,0,154,56,5.133333333333334,48,57,7.066666666666666,-1,true,861,15,62,62,51,1,3,0,0,2,1,true,153,80.10738095238095,342.6333333333333,1052097.2884803263,390267.60892073886,72.94251894066853,0
profile,tfl-numbat-2019-midweek,interpeak,8.571429,7,1,3,off,free-flow,strict,1,0,940GZZLUEUS,0,3900,2852,1800,1799,d32fc6ced69f7580,210,210,0,0,161,49,5.366666666666666,53,52,7.2,-3,true,1052,13,58,58,51,2,3,0,1,2,2,true,233,65.53753968253969,354.6166666666667,1065019.1070656097,381771.3231680636,73.61253467052563,0
profile,tfl-numbat-2019-midweek,interpeak,8.571429,7,1,3,off,free-flow,none,1,0,940GZZLUEUS,0,3900,2852,1800,1799,d32fc6ced69f7580,210,210,0,0,161,49,5.366666666666666,53,52,7.2,-3,true,1052,12,58,58,51,2,3,0,1,2,2,true,233,65.52801587301587,354.6166666666667,1065094.1070656083,371588.52215361036,74.1356570618833,0
profile,tfl-numbat-2019-midweek,interpeak,7.5,7.966666666666667,1,1,off,free-flow,strict,1,0,940GZZLUEUS,0,3900,2624,1800,1792.5,f9552f5f1b0bf1c2,239,239,0,0,177,62,5.9,61,58,7.733333333333333,4,true,824,18,66,66,53,2,3,0,0,1,2,true,345.5,85.25969316596932,362.23333333333335,1191188.7025678693,419596.4859204291,73.95081051656457,0
profile,tfl-numbat-2019-midweek,interpeak,7.5,7.966666666666667,1,1,off,free-flow,none,1,0,940GZZLUEUS,0,3900,2718,1800,1792.5,f9552f5f1b0bf1c2,239,239,0,0,175,64,5.833333333333333,61,58,7.6,6,true,918,19,67,67,54,2,3,0,0,1,1,true,300.5,87.49246861924686,441.71666666666664,1190738.7025678633,467812.2728739443,71.793916508998,0
profile,tfl-numbat-2019-midweek,interpeak,7.5,7.966666666666667,1,2,off,free-flow,strict,1,0,940GZZLUEUS,0,3900,2478,1800,1792.5,8b0ec28e29fb5d6c,239,239,0,0,179,60,5.966666666666667,52,67,8.466666666666667,-7,true,678,20,69,69,56,3,2,0,0,2,2,true,236.5,89.56875871687588,433.7,1173361.0807991337,397290.01541080436,74.70539342763739,0
profile,tfl-numbat-2019-midweek,interpeak,7.5,7.966666666666667,1,2,off,free-flow,none,1,0,940GZZLUEUS,0,3900,2478,1800,1792.5,8b0ec28e29fb5d6c,239,239,0,0,177,62,5.9,52,67,8.333333333333334,-5,true,678,20,69,69,56,2,3,0,0,2,2,true,250.5,89.96945606694561,433.7,1173436.0807990672,404907.047391113,74.34606961190987,0
profile,tfl-numbat-2019-midweek,interpeak,7.5,7.966666666666667,1,3,off,free-flow,strict,1,0,940GZZLUEUS,0,3900,3141,1800,1792.5,32aa5186f5b4a850,239,239,0,0,179,60,5.966666666666667,57,62,8.133333333333333,-2,true,1341,17,68,68,59,2,3,0,0,2,2,true,337.5,75.99086471408647,426.8,1233471.2135216952,472985.68841048813,72.2825880996504,0
profile,tfl-numbat-2019-midweek,interpeak,7.5,7.966666666666667,1,3,off,free-flow,none,1,0,940GZZLUEUS,0,3900,3148,1800,1792.5,32aa5186f5b4a850,239,239,0,0,180,59,6,56,63,8.266666666666667,-4,true,1348,17,68,68,59,3,3,0,0,2,2,true,344.5,76.56192468619247,433.7,1232871.2135214987,456561.6431318354,72.9754490488449,0
profile,tfl-numbat-2019-midweek,interpeak,6.666667,8.966666666666667,1,1,off,free-flow,strict,1,0,940GZZLUEUS,0,3900,2718,1800,1793.3333333333333,2ce7017da63f1ce0,269,269,0,0,198,71,6.6,65,69,8.866666666666667,2,true,918,23,76,76,59,3,3,0,0,2,2,true,341.6666666666667,96.4002478314746,421.6,1350440.60881496,604519.3095485871,69.07766221342192,0
profile,tfl-numbat-2019-midweek,interpeak,6.666667,8.966666666666667,1,1,off,free-flow,none,1,0,940GZZLUEUS,0,3900,2670,1800,1793.3333333333333,2ce7017da63f1ce0,269,269,0,0,200,69,6.666666666666667,65,69,9,0,true,870,23,76,76,63,3,3,0,1,2,2,true,420.6666666666667,95.6783767038414,500.5,1350740.6088148342,593641.008204354,69.46890450885724,0
profile,tfl-numbat-2019-midweek,interpeak,6.666667,8.966666666666667,1,2,off,free-flow,strict,1,0,940GZZLUEUS,0,3900,2463,1800,1793.3333333333333,2a8809aeeb74e8bf,269,269,0,0,201,68,6.7,59,75,9.466666666666667,-7,true,663,23,78,78,63,2,3,0,1,2,2,true,191.66666666666666,99.37038413878562,342.53333333333336,1290857.213214715,501618.356452163,72.01533092328917,0
profile,tfl-numbat-2019-midweek,interpeak,6.666667,8.966666666666667,1,2,off,free-flow,none,1,0,940GZZLUEUS,0,3900,2463,1800,1793.3333333333333,2a8809aeeb74e8bf,269,269,0,0,202,67,6.733333333333333,59,75,9.533333333333333,-8,true,663,21,78,78,63,2,3,0,0,2,2,true,213.66666666666666,95.42057001239158,342.6333333333333,1291232.2132149995,481746.0008747331,72.82843088277501,0
profile,tfl-numbat-2019-midweek,interpeak,6.666667,8.966666666666667,1,3,off,free-flow,strict,1,0,940GZZLUEUS,0,3900,2823,1800,1793.3333333333333,974cc1866ce0a089,269,269,0,0,203,66,6.766666666666667,63,71,9.333333333333334,-5,true,1023,20,76,76,67,2,3,0,1,2,2,true,364.6666666666667,86.3954770755886,417.1333333333333,1361395.5135027084,518069.78226915485,72.4352568023134,0
profile,tfl-numbat-2019-midweek,interpeak,6.666667,8.966666666666667,1,3,off,free-flow,none,1,0,940GZZLUEUS,0,3900,2815,1800,1793.3333333333333,974cc1866ce0a089,269,269,0,0,203,66,6.766666666666667,63,71,9.333333333333334,-5,true,1015,20,76,76,68,2,2,0,1,2,2,true,364.6666666666667,87.10272614622058,417.3666666666667,1361320.5135026057,537335.375586837,71.69916999311907,0
profile,tfl-numbat-2019-midweek,interpeak,6,9.966666666666667,1,1,off,free-flow,strict,1,0,940GZZLUEUS,0,3900,2562,1800,1794,ee9fd27577dc17b2,299,299,0,0,217,82,7.233333333333333,69,80,9.866666666666667,2,true,762,30,87,87,64,2,3,0,1,1,2,true,441,115.63957636566332,521.7,1495410.99875194,647649.0016953453,69.77924082572711,0
profile,tfl-numbat-2019-midweek,interpeak,6,9.966666666666667,1,1,off,free-flow,none,1,0,940GZZLUEUS,0,3900,2665,1800,1794,ee9fd27577dc17b2,299,299,0,0,218,81,7.266666666666667,69,80,9.933333333333334,1,true,865,28,85,85,63,2,3,0,1,1,2,true,257,112.97001114827202,508.7,1495110.9987520997,655068.7592702799,69.53423280885235,0
profile,tfl-numbat-2019-midweek,interpeak,6,9.966666666666667,1,2,off,free-flow,strict,1,0,940GZZLUEUS,0,3900,2566,1800,1794,9c6d663f282f98ba,299,299,0,0,229,70,7.633333333333334,64,85,11,-15,true,766,28,91,91,72,2,2,0,1,1,2,true,214,109.59966555183946,409.46666666666664,1437899.746945058,648607.168847765,68.91420948867024,0
profile,tfl-numbat-2019-midweek,interpeak,6,9.966666666666667,1,2,off,free-flow,none,1,0,940GZZLUEUS,0,3900,2618,1800,1794,9c6d663f282f98ba,299,299,0,0,226,73,7.533333333333333,64,85,10.8,-12,true,818,28,90,90,73,2,2,0,1,1,2,true,331,114.141248606466,409.46666666666664,1438274.7469450585,679758.1892353379,67.90615586643352,0
profile,tfl-numbat-2019-midweek,interpeak,6,9.966666666666667,1,3,off,free-flow,strict,1,0,940GZZLUEUS,0,3900,2708,1800,1794,cae5e030155a2225,299,299,0,0,218,81,7.266666666666667,69,80,9.933333333333334,1,true,908,26,87,87,73,2,3,0,0,2,2,true,303,100.70055741360089,440.96666666666664,1490198.118309945,593519.0623538509,71.51633302918886,0
profile,tfl-numbat-2019-midweek,interpeak,6,9.966666666666667,1,3,off,free-flow,none,1,0,940GZZLUEUS,0,3900,2710,1800,1794,cae5e030155a2225,299,299,0,0,214,85,7.133333333333334,69,80,9.666666666666666,5,true,910,26,87,87,72,2,3,0,0,2,2,true,314,104.23639910813823,496.98333333333335,1490798.1183101742,613913.5329172722,70.83146603197432,0
profile,tfl-numbat-2019-midweek,interpeak,5.4545449999999995,11,1,1,off,free-flow,strict,1,0,940GZZLUEUS,0,3900,2963,1800,1798.5,df2e08305f707806,330,330,0,0,224,106,7.466666666666667,73,92,10.066666666666666,14,true,1163,42,108,108,73,3,5,0,1,1,2,true,681.5,154.48525252525255,713.2333333333333,1654074.883922621,931820.5556499218,63.96526551731129,0
profile,tfl-numbat-2019-midweek,interpeak,5.4545449999999995,11,1,1,off,free-flow,none,1,0,940GZZLUEUS,0,3900,3188,1800,1798.5,df2e08305f707806,330,330,0,0,224,106,7.466666666666667,74,91,10,15,true,1388,38,106,106,73,3,5,0,0,1,2,true,682.5,149.01459595959597,719.9666666666667,1654224.8839229527,937892.418524146,63.81751637401884,0
profile,tfl-numbat-2019-midweek,interpeak,5.4545449999999995,11,1,2,off,free-flow,strict,1,0,940GZZLUEUS,0,3900,2641,1800,1798.5,aaf9361694744c1c,330,330,0,0,248,82,8.266666666666667,73,92,11.666666666666666,-10,true,841,33,103,103,78,2,2,0,1,2,2,true,278.5,129.87131313131312,664.0833333333334,1585371.4254617055,789560.6506982482,66.75439021502902,0
profile,tfl-numbat-2019-midweek,interpeak,5.4545449999999995,11,1,2,off,free-flow,none,1,0,940GZZLUEUS,0,3900,2649,1800,1798.5,aaf9361694744c1c,330,330,0,0,244,86,8.133333333333333,73,92,11.4,-6,true,849,37,103,103,80,2,3,0,0,2,2,true,214.5,128.98878787878786,669.4333333333333,1585071.4254617975,803695.4312564629,66.35521675143312,0
profile,tfl-numbat-2019-midweek,interpeak,5.4545449999999995,11,1,3,off,free-flow,strict,1,0,940GZZLUEUS,0,3900,2698,1800,1798.5,2868a608737b17cf,330,330,0,0,243,87,8.1,75,90,11.2,-3,true,898,35,100,100,78,2,3,0,1,2,2,true,246.5,119.7370202020202,498.1333333333333,1621059.4591620527,680390.2868228944,70.43644824268327,0
profile,tfl-numbat-2019-midweek,interpeak,5.4545449999999995,11,1,3,off,free-flow,none,1,0,940GZZLUEUS,0,3900,2589,1800,1798.5,2868a608737b17cf,330,330,0,0,241,89,8.033333333333333,75,90,11.066666666666666,-1,true,789,34,99,99,78,2,3,0,1,2,2,true,255.5,120.0600505050505,447.2,1621359.459162125,661769.1432325288,71.0148108810676,0
profile,tfl-numbat-2019-midweek,interpeak,5,11.966666666666667,1,1,off,free-flow,strict,1,0,940GZZLUEUS,0,3900,3346,1800,1795,63115a88eefe4876,359,359,0,0,241,118,8.033333333333333,79,100,10.8,18,true,1546,48,122,114,76,4,5,0,0,2,1,true,851,176.94229340761373,915.6166666666667,1808365.0947312324,1122509.4705882054,61.700528440531805,0
profile,tfl-numbat-2019-midweek,interpeak,5,11.966666666666667,1,1,off,free-flow,none,1,0,940GZZLUEUS,0,3900,3159,1800,1795,63115a88eefe4876,359,359,0,0,239,120,7.966666666666667,79,100,10.666666666666666,20,true,1359,48,120,114,77,4,5,0,1,2,2,true,660,171.8997678737233,678.4666666666667,1809415.0947314727,1107714.0738413073,62.02725317153982,0
profile,tfl-numbat-2019-midweek,interpeak,5,11.966666666666667,1,2,off,free-flow,strict,1,0,940GZZLUEUS,0,3900,2866,1800,1795,a51bec993e64d97a,359,359,0,0,256,103,8.533333333333333,77,102,11.933333333333334,1,true,1066,52,123,114,76,4,3,0,0,1,2,true,483,181.1902042711235,719.9833333333333,1738030.3740204778,1144728.8243058757,60.290515247667166,0
profile,tfl-numbat-2019-midweek,interpeak,5,11.966666666666667,1,2,off,free-flow,none,1,0,940GZZLUEUS,0,3900,2949,1800,1795,a51bec993e64d97a,359,359,0,0,254,105,8.466666666666667,77,102,11.8,3,true,1149,46,122,114,77,3,4,0,0,1,2,true,471,176.89201485608172,771.0666666666667,1739380.3740216678,1175307.4159627429,59.676387296046244,0
profile,tfl-numbat-2019-midweek,interpeak,5,11.966666666666667,1,3,off,free-flow,strict,1,0,940GZZLUEUS,0,3900,2952,1800,1795,ae2973bdc228cca9,359,359,0,0,255,104,8.5,81,98,11.6,6,true,1152,39,107,107,78,2,3,1,0,2,2,true,242,132.33523676880222,547.6833333333333,1773620.5002679527,851243.9496813803,67.56998443489866,0
profile,tfl-numbat-2019-midweek,interpeak,5,11.966666666666667,1,3,off,free-flow,none,1,0,940GZZLUEUS,0,3900,3172,1800,1795,ae2973bdc228cca9,359,359,0,0,255,104,8.5,79,100,11.733333333333333,4,true,1372,38,107,107,79,3,2,0,0,2,2,true,434,133.0014391829155,473.73333333333335,1773845.5002675764,856429.4125049406,67.43954754135581,0
profile,tfl-numbat-2019-midweek,interpeak,4.615385,13.033333333333333,1,1,off,free-flow,strict,1,0,940GZZLUEUS,0,3900,3202,1800,1798.6,05b036e7516e55eb,391,391,0,0,241,150,8.033333333333333,89,106,10.133333333333333,44,true,1402,84,150,114,75,6,5,0,1,2,1,true,793.4,256.5438618925831,954.4666666666667,1971295.8634589124,1439444.894772064,57.7967076126111,0
profile,tfl-numbat-2019-midweek,interpeak,4.615385,13.033333333333333,1,1,off,free-flow,none,1,0,940GZZLUEUS,0,3900,3337,1800,1798.6,05b036e7516e55eb,391,391,0,0,244,147,8.133333333333333,86,109,10.533333333333333,38,true,1537,80,148,114,75,3,5,0,0,2,2,true,825.4,247.14936061381073,907.2666666666667,1970470.8634584106,1428343.2831513432,57.97524602585034,0
profile,tfl-numbat-2019-midweek,interpeak,4.615385,13.033333333333333,1,2,off,free-flow,strict,1,0,940GZZLUEUS,0,3900,3295,1800,1798.6,e6b2cb534b8b4e2b,391,391,0,0,258,133,8.6,84,111,11.6,22,true,1495,79,140,114,75,3,4,1,1,1,2,true,700.4,254.70596760443308,936.8833333333333,1910360.2210493158,1499686.908081585,56.02151960686239,0
profile,tfl-numbat-2019-midweek,interpeak,4.615385,13.033333333333333,1,2,off,free-flow,none,1,0,940GZZLUEUS,0,3900,3412,1800,1798.6,e6b2cb534b8b4e2b,391,391,0,0,254,137,8.466666666666667,84,111,11.333333333333334,26,true,1612,78,142,114,76,3,4,0,1,1,2,true,855.4,255.40703324808186,1002.5833333333334,1910960.2210485698,1501613.2911514596,55.99762801348726,0
profile,tfl-numbat-2019-midweek,interpeak,4.615385,13.033333333333333,1,3,off,free-flow,strict,1,0,940GZZLUEUS,0,3900,3086,1800,1798.6,b778aea546f63062,391,391,0,0,254,137,8.466666666666667,84,111,11.333333333333334,26,true,1286,69,138,114,78,4,3,1,1,2,2,true,732.4,218.4338022165388,932.8833333333333,1926262.4741315695,1277271.0509579896,60.129305938127125,0
profile,tfl-numbat-2019-midweek,interpeak,4.615385,13.033333333333333,1,3,off,free-flow,none,1,0,940GZZLUEUS,0,3900,3129,1800,1798.6,b778aea546f63062,391,391,0,0,249,142,8.3,84,111,11,31,true,1329,75,142,114,76,5,3,0,1,1,2,true,919.4,227.45306905370845,978.55,1928437.4741323916,1280315.7639612975,60.099276293307945,0
profile,tfl-numbat-2019-midweek,interpeak,4.2857140000000005,14,1,1,off,free-flow,strict,1,0,940GZZLUEUS,0,3900,3469,1800,1799,d7e9ab1e06ba3f03,420,420,0,0,244,176,8.133333333333333,88,122,10.4,54,true,1669,110,176,114,73,3,5,0,1,2,2,true,976,321.15761904761905,1237.2,2120729.120016941,1558141.0108985773,57.64620779068326,0
profile,tfl-numbat-2019-midweek,interpeak,4.2857140000000005,14,1,1,off,free-flow,none,1,0,940GZZLUEUS,0,3900,3480,1800,1799,d7e9ab1e06ba3f03,420,420,0,0,245,175,8.166666666666666,88,122,10.466666666666667,53,true,1680,109,175,114,72,6,4,1,2,2,2,true,1012,320.93896825396826,1272.8666666666666,2119604.120017133,1574219.5679523626,57.382384733752275,0
profile,tfl-numbat-2019-midweek,interpeak,4.2857140000000005,14,1,2,off,free-flow,strict,1,0,940GZZLUEUS,0,3900,3367,1800,1799,91e7e36c6e9c5c40,420,420,0,0,262,158,8.733333333333333,87,123,11.666666666666666,35,true,1567,105,161,114,74,4,5,0,2,1,2,true,694,308.4682142857143,895.9166666666666,2066806.034007592,1582428.9892607355,56.63669291863037,0
profile,tfl-numbat-2019-midweek,interpeak,4.2857140000000005,14,1,2,off,free-flow,none,1,0,940GZZLUEUS,0,3900,3316,1800,1799,91e7e36c6e9c5c40,420,420,0,0,256,164,8.533333333333333,87,123,11.266666666666667,41,true,1516,107,172,114,75,3,4,1,1,1,2,true,816,326.1410714285714,937.9333333333333,2067481.0340079758,1561621.250718015,56.96948919597832,0
profile,tfl-numbat-2019-midweek,interpeak,4.2857140000000005,14,1,3,off,free-flow,strict,1,0,940GZZLUEUS,0,3900,3422,1800,1799,f9d9788dd6aa402d,420,420,0,0,258,162,8.6,91,119,11.133333333333333,43,true,1622,93,162,114,79,2,3,0,0,2,2,true,724,262.94952380952384,972.0333333333333,2069391.8028896041,1403092.7097889823,59.593982214576606,0
profile,tfl-numbat-2019-midweek,interpeak,4.2857140000000005,14,1,3,off,free-flow,none,1,0,940GZZLUEUS,0,3900,3598,1800,1799,f9d9788dd6aa402d,420,420,0,0,254,166,8.466666666666667,90,120,10.933333333333334,46,true,1798,101,167,114,78,3,4,0,1,1,2,true,900,290.2296825396825,1057.2666666666667,2069241.8028892064,1494289.2142003702,58.067175309146236,0
profile,tfl-numbat-2019-midweek,interpeak,4,14.966666666666667,1,1,off,free-flow,strict,1,0,940GZZLUEUS,0,3900,3604,1800,1796,36d46c523aa62ecf,449,449,0,0,250,199,8.333333333333334,91,133,10.6,66,true,1804,137,199,114,73,4,4,0,1,2,2,true,1250,377.71213808463256,1253.7166666666667,2265972.7926878193,1716477.9984436005,56.89895271861107,0
profile,tfl-numbat-2019-midweek,interpeak,4,14.966666666666667,1,1,off,free-flow,none,1,0,940GZZLUEUS,0,3900,3665,1800,1796,36d46c523aa62ecf,449,449,0,0,250,199,8.333333333333334,91,133,10.6,66,true,1865,135,199,114,73,3,4,1,1,2,2,true,1305,384.45953971789163,1308.7166666666667,2267472.7926870366,1696005.9543366903,57.20915734415726,0
profile,tfl-numbat-2019-midweek,interpeak,4,14.966666666666667,1,2,off,free-flow,strict,1,0,940GZZLUEUS,0,3900,3634,1800,1796,8d49fb9d3816ddc8,449,449,0,0,268,181,8.933333333333334,93,131,11.666666666666666,50,true,1834,124,182,114,75,3,5,0,0,1,2,true,1185,358.04721603563473,1208.0833333333333,2201499.367820417,1665031.1833447185,56.93733280232377,0
profile,tfl-numbat-2019-midweek,interpeak,4,14.966666666666667,1,2,off,free-flow,none,1,0,940GZZLUEUS,0,3900,3666,1800,1796,8d49fb9d3816ddc8,449,449,0,0,263,186,8.766666666666667,92,132,11.4,54,true,1866,128,187,114,79,3,4,1,1,2,2,true,1116,369.0667037861915,1139.4333333333334,2201049.3678205363,1684838.7851606356,56.64211838243304,0
profile,tfl-numbat-2019-midweek,interpeak,4,14.966666666666667,1,3,off,free-flow,strict,1,0,940GZZLUEUS,0,3900,3653,1800,1796,1a5ec5d35ff01181,449,449,0,0,257,192,8.566666666666666,92,132,11,60,true,1853,126,192,114,77,4,4,0,1,2,2,true,1206,350.5578693392725,1217.5,2213055.6860902687,1573297.306592604,58.448213633726155,0
profile,tfl-numbat-2019-midweek,interpeak,4,14.966666666666667,1,3,off,free-flow,none,1,0,940GZZLUEUS,0,3900,3432,1800,1796,1a5ec5d35ff01181,449,449,0,0,259,190,8.633333333333333,92,132,11.133333333333333,58,true,1632,123,190,114,78,4,3,0,1,2,1,true,1042,352.8654046028211,1111.6833333333334,2211705.6860897955,1553872.666667949,58.73482049497229,0
profile,tfl-numbat-2019-midweek,pm-peak,60,0.9666666666666667,1,1,off,free-flow,strict,1,0,940GZZLUEUS,0,3900,2204,1800,1740,2c415a5861bb3fb7,29,29,0,0,22,7,0.7333333333333333,9,5,0.8666666666666667,2,true,404,3,9,9,9,0,1,0,0,1,1,true,0,42.15459770114943,192.35,131267.39955796878,37471.92254563283,77.79301109042856,0
profile,tfl-numbat-2019-midweek,pm-peak,60,0.9666666666666667,1,1,off,free-flow,none,1,0,940GZZLUEUS,0,3900,2204,1800,1740,2c415a5861bb3fb7,29,29,0,0,22,7,0.7333333333333333,9,5,0.8666666666666667,2,true,404,3,9,9,9,0,1,0,0,1,1,true,0,42.15459770114943,192.35,131267.39955796878,37471.92254563283,77.79301109042856,0
profile,tfl-numbat-2019-midweek,pm-peak,60,0.9666666666666667,1,2,off,free-flow,strict,1,0,940GZZLUEUS,0,3900,2320,1800,1740,42d62660e617f50f,29,29,0,0,25,4,0.8333333333333334,8,6,1.1333333333333333,-2,true,520,2,8,8,7,0,1,0,0,2,1,true,0,20.366666666666667,105.91666666666667,128802.70380285068,62852.55740678784,67.20540985408287,0
profile,tfl-numbat-2019-midweek,pm-peak,60,0.9666666666666667,1,2,off,free-flow,none,1,0,940GZZLUEUS,0,3900,2320,1800,1740,42d62660e617f50f,29,29,0,0,25,4,0.8333333333333334,8,6,1.1333333333333333,-2,true,520,2,8,8,7,0,1,0,0,2,1,true,0,20.366666666666667,105.91666666666667,128802.70380285068,62852.55740678784,67.20540985408287,0
profile,tfl-numbat-2019-midweek,pm-peak,60,0.9666666666666667,1,3,off,free-flow,strict,1,0,940GZZLUEUS,0,3900,2192,1800,1740,36bbc24bd6f4e5a1,29,29,0,0,23,6,0.7666666666666667,7,7,1.0666666666666667,-1,true,392,2,10,10,9,0,1,0,0,1,1,true,0,29.633333333333333,125.43333333333334,150107.48061761967,40639.634224577014,78.6944959779875,0
profile,tfl-numbat-2019-midweek,pm-peak,60,0.9666666666666667,1,3,off,free-flow,none,1,0,940GZZLUEUS,0,3900,2192,1800,1740,36bbc24bd6f4e5a1,29,29,0,0,23,6,0.7666666666666667,7,7,1.0666666666666667,-1,true,392,2,10,10,9,0,1,0,0,1,1,true,0,29.633333333333333,125.43333333333334,150107.48061761967,40639.634224577014,78.6944959779875,0
profile,tfl-numbat-2019-midweek,pm-peak,30,1.9666666666666666,1,1,off,free-flow,strict,1,0,940GZZLUEUS,0,3900,2509,1800,1770,af2d0ae536676bd0,59,59,0,0,45,14,1.5,18,11,1.8,3,true,709,5,16,16,15,1,1,0,0,2,1,true,99,50.420621468926555,197.7,279870.88720686635,122072.82749096744,69.62937271385442,0
profile,tfl-numbat-2019-midweek,pm-peak,30,1.9666666666666666,1,1,off,free-flow,none,1,0,940GZZLUEUS,0,3900,2509,1800,1770,af2d0ae536676bd0,59,59,0,0,45,14,1.5,18,11,1.8,3,true,709,5,16,16,15,1,1,0,0,2,1,true,99,50.420621468926555,197.7,279870.88720686635,122072.82749096744,69.62937271385442,0
profile,tfl-numbat-2019-midweek,pm-peak,30,1.9666666666666666,1,2,off,free-flow,strict,1,0,940GZZLUEUS,0,3900,2712,1800,1770,491be4b064701a89,59,59,0,0,43,16,1.4333333333333333,20,9,1.5333333333333334,7,true,912,4,17,17,16,1,1,0,0,2,1,true,55,33.469774011299435,150.4,301813.43136114365,156224.59606961312,65.89265809524295,0
profile,tfl-numbat-2019-midweek,pm-peak,30,1.9666666666666666,1,2,off,free-flow,none,1,0,940GZZLUEUS,0,3900,2712,1800,1770,491be4b064701a89,59,59,0,0,43,16,1.4333333333333333,20,9,1.5333333333333334,7,true,912,4,17,17,16,1,1,0,0,2,1,true,55,33.469774011299435,150.4,301738.43136114284,162095.11258811515,65.05317161670224,0
profile,tfl-numbat-2019-midweek,pm-peak,30,1.9666666666666666,1,3,off,free-flow,strict,1,0,940GZZLUEUS,0,3900,2492,1800,1770,97a0bbc389019b5e,59,59,0,0,44,15,1.4666666666666666,16,13,1.8666666666666667,2,true,692,5,17,17,15,1,1,0,0,2,1,true,106,55.867231638418076,194.1,290996.7058823657,152338.7529545202,65.63804001732932,0
profile,tfl-numbat-2019-midweek,pm-peak,30,1.9666666666666666,1,3,off,free-flow,none,1,0,940GZZLUEUS,0,3900,2492,1800,1770,97a0bbc389019b5e,59,59,0,0,44,15,1.4666666666666666,16,13,1.8666666666666667,2,true,692,5,17,17,15,1,1,0,0,2,1,true,106,55.867231638418076,194.1,290996.7058823657,152338.7529545202,65.63804001732932,0
profile,tfl-numbat-2019-midweek,pm-peak,20,2.966666666666667,1,1,off,free-flow,strict,1,0,940GZZLUEUS,0,3900,2512,1800,1780,2436c9d379b10cb9,89,89,0,0,68,21,2.2666666666666666,25,19,2.8666666666666667,2,true,712,6,25,25,23,1,1,0,0,2,1,true,226,48.466479400749066,245.53333333333333,430792.38444089034,204544.41963548798,67.80535641519387,0
profile,tfl-numbat-2019-midweek,pm-peak,20,2.966666666666667,1,1,off,free-flow,none,1,0,940GZZLUEUS,0,3900,2512,1800,1780,2436c9d379b10cb9,89,89,0,0,68,21,2.2666666666666666,25,19,2.8666666666666667,2,true,712,6,25,25,23,1,1,0,0,2,1,true,226,48.466479400749066,245.53333333333333,430792.38444089034,204544.41963548798,67.80535641519387,0
profile,tfl-numbat-2019-midweek,pm-peak,20,2.966666666666667,1,2,off,free-flow,strict,1,0,940GZZLUEUS,0,3900,2299,1800,1780,fe3e8bbb848e718e,89,89,0,0,68,21,2.2666666666666666,26,18,2.8,3,true,499,6,27,27,23,1,1,0,0,2,1,true,96,39.698876404494385,159.33333333333334,433884.7278402153,192967.76890033155,69.2163994075626,0
profile,tfl-numbat-2019-midweek,pm-peak,20,2.966666666666667,1,2,off,free-flow,none,1,0,940GZZLUEUS,0,3900,2299,1800,1780,fe3e8bbb848e718e,89,89,0,0,68,21,2.2666666666666666,26,18,2.8,3,true,499,6,27,27,23,1,1,0,0,2,1,true,96,39.698876404494385,159.33333333333334,433809.7278402145,190054.453494605,69.53592477645302,0
profile,tfl-numbat-2019-midweek,pm-peak,20,2.966666666666667,1,3,off,free-flow,strict,1,0,940GZZLUEUS,0,3900,2340,1800,1780,46810ad37025e12d,89,89,0,0,69,20,2.3,24,20,3,0,true,540,6,27,27,24,1,1,0,0,2,1,true,88,61.506741573033715,210.26666666666668,435516.29290786776,180820.99960388153,70.66200572303767,0
profile,tfl-numbat-2019-midweek,pm-peak,20,2.966666666666667,1,3,off,free-flow,none,1,0,940GZZLUEUS,0,3900,2340,1800,1780,46810ad37025e12d,89,89,0,0,69,20,2.3,24,20,3,0,true,540,6,27,27,24,1,1,0,0,2,1,true,88,61.506741573033715,210.26666666666668,435516.29290786776,180820.99960388153,70.66200572303767,0
profile,tfl-numbat-2019-midweek,pm-peak,15,3.966666666666667,1,1,off,free-flow,strict,1,0,940GZZLUEUS,0,3900,2417,1800,1785,0208aa8245ceb755,119,119,0,0,92,27,3.066666666666667,32,27,4,0,true,617,7,34,34,29,1,1,0,0,2,1,true,172,53.09957983193278,216.5,579403.9326365836,203565.94787544393,74.00079454623199,0
profile,tfl-numbat-2019-midweek,pm-peak,15,3.966666666666667,1,1,off,free-flow,none,1,0,940GZZLUEUS,0,3900,2417,1800,1785,0208aa8245ceb755,119,119,0,0,92,27,3.066666666666667,32,27,4,0,true,617,7,34,34,29,1,1,0,0,2,1,true,172,53.09957983193278,216.5,579403.9326365836,203565.94787544393,74.00079454623199,0
profile,tfl-numbat-2019-midweek,pm-peak,15,3.966666666666667,1,2,off,free-flow,strict,1,0,940GZZLUEUS,0,3900,2512,1800,1785,613074b0e2e84676,119,119,0,0,92,27,3.066666666666667,32,27,4,0,true,712,7,36,36,33,1,1,0,0,2,1,true,150,50.424089635854344,174.75,593612.9612781453,269736.83521000994,68.75694691685601,0
profile,tfl-numbat-2019-midweek,pm-peak,15,3.966666666666667,1,2,off,free-flow,none,1,0,940GZZLUEUS,0,3900,2512,1800,1785,613074b0e2e84676,119,119,0,0,91,28,3.033333333333333,32,27,3.933333333333333,1,true,712,8,36,36,33,1,1,0,0,2,1,true,150,51.49817927170868,174.75,593687.9612781304,274322.37215160276,68.39641631134918,0
profile,tfl-numbat-2019-midweek,pm-peak,15,3.966666666666667,1,3,off,free-flow,strict,1,0,940GZZLUEUS,0,3900,2624,1800,1785,51241ebba9303aac,119,119,0,0,87,32,2.9,33,26,3.6,6,true,824,9,36,36,32,1,1,0,0,2,1,true,160,69.54495798319327,226.63333333333333,616794.1479345477,254438.70367627594,70.79555675548232,0
profile,tfl-numbat-2019-midweek,pm-peak,15,3.966666666666667,1,3,off,free-flow,none,1,0,940GZZLUEUS,0,3900,2624,1800,1785,51241ebba9303aac,119,119,0,0,87,32,2.9,33,26,3.6,6,true,824,9,36,36,32,1,1,0,0,2,1,true,160,69.54495798319327,226.63333333333333,616794.1479345477,254438.70367627594,70.79555675548232,0
profile,tfl-numbat-2019-midweek,pm-peak,12,4.966666666666667,1,1,off,free-flow,strict,1,0,940GZZLUEUS,0,3900,2309,1800,1788,d813e5a9585edb2f,149,149,0,0,111,38,3.7,41,33,4.666666666666667,5,true,509,8,41,41,36,1,1,0,0,2,1,true,66,56.03903803131991,258.31666666666666,716014.9795161504,227362.35303744083,75.89910789757873,0
profile,tfl-numbat-2019-midweek,pm-peak,12,4.966666666666667,1,1,off,free-flow,none,1,0,940GZZLUEUS,0,3900,2309,1800,1788,d813e5a9585edb2f,149,149,0,0,112,37,3.7333333333333334,41,33,4.733333333333333,4,true,509,8,41,41,36,1,1,0,0,2,1,true,66,55.22091722595078,258.31666666666666,715939.9795161339,226729.6842713411,75.94812976579914,0
profile,tfl-numbat-2019-midweek,pm-peak,12,4.966666666666667,1,2,off,free-flow,strict,1,0,940GZZLUEUS,0,3900,2306,1800,1788,297a5298546de8ab,149,149,0,0,111,38,3.7,36,38,5,0,true,506,10,45,45,37,1,1,0,0,2,1,true,188,64.85749440715884,239.81666666666666,729893.947919262,252506.7935234549,74.29696631207415,0
profile,tfl-numbat-2019-midweek,pm-peak,12,4.966666666666667,1,2,off,free-flow,none,1,0,940GZZLUEUS,0,3900,2351,1800,1788,297a5298546de8ab,149,149,0,0,110,39,3.6666666666666665,36,38,4.933333333333334,1,true,551,12,45,45,37,1,1,0,0,2,1,true,188,65.45626398210291,203.63333333333333,730568.9479191091,276956.9700449454,72.51118158780444,0
profile,tfl-numbat-2019-midweek,pm-peak,12,4.966666666666667,1,3,off,free-flow,strict,1,0,940GZZLUEUS,0,3900,2694,1800,1788,48123429dd3fca57,149,149,0,0,108,41,3.6,38,36,4.666666666666667,5,true,894,12,45,45,37,1,1,0,0,2,1,true,138,81.93635346756152,283.6666666666667,758871.3758363556,314025.6080726817,70.73105686917417,0
profile,tfl-numbat-2019-midweek,pm-peak,12,4.966666666666667,1,3,off,free-flow,none,1,0,940GZZLUEUS,0,3900,2694,1800,1788,48123429dd3fca57,149,149,0,0,108,41,3.6,38,36,4.666666666666667,5,true,894,12,45,45,37,1,1,0,0,2,1,true,138,82.18042505592841,283.6666666666667,758946.3758363163,323746.3373540007,70.09804043106253,0
profile,tfl-numbat-2019-midweek,pm-peak,10,5.966666666666667,1,1,off,free-flow,strict,1,0,940GZZLUEUS,0,3900,2671,1800,1790,7f3d0ffd68c0d35b,179,179,0,0,134,45,4.466666666666667,50,39,5.6,6,true,871,13,49,49,42,1,1,0,0,2,1,true,138,65.20567970204841,258.31666666666666,852443.7446751158,323159.6729538704,72.51116591633983,0
profile,tfl-numbat-2019-midweek,pm-peak,10,5.966666666666667,1,1,off,free-flow,none,1,0,940GZZLUEUS,0,3900,2671,1800,1790,7f3d0ffd68c0d35b,179,179,0,0,134,45,4.466666666666667,50,39,5.6,6,true,871,12,48,48,42,1,1,0,0,2,1,true,138,66.10977653631285,258.31666666666666,852593.7446750923,329899.2717000261,72.10137674120747,0
profile,tfl-numbat-2019-midweek,pm-peak,10,5.966666666666667,1,2,off,free-flow,strict,1,0,940GZZLUEUS,0,3900,2676,1800,1790,d381100ff1da349a,179,179,0,0,133,46,4.433333333333334,40,49,6.2,-3,true,876,13,52,51,41,2,2,0,1,2,2,true,190,78.89245810055867,294.81666666666666,904279.2589294611,393637.5556689453,69.67158825269227,0
profile,tfl-numbat-2019-midweek,pm-peak,10,5.966666666666667,1,2,off,free-flow,none,1,0,940GZZLUEUS,0,3900,2676,1800,1790,d381100ff1da349a,179,179,0,0,133,46,4.433333333333334,40,49,6.2,-3,true,876,13,52,52,41,2,2,0,1,2,2,true,190,79.04189944134079,294.81666666666666,904354.258929443,395223.6381270541,69.58830717094963,0
profile,tfl-numbat-2019-midweek,pm-peak,10,5.966666666666667,1,3,off,free-flow,strict,1,0,940GZZLUEUS,0,3900,2567,1800,1790,21d3f2b5bd5d97ab,179,179,0,0,132,47,4.4,43,46,5.933333333333334,1,true,767,17,57,57,44,2,2,0,0,1,1,true,115,95.18566108007448,364.95,917534.2091754572,396490.0859654064,69.82627433666265,0
profile,tfl-numbat-2019-midweek,pm-peak,10,5.966666666666667,1,3,off,free-flow,none,1,0,940GZZLUEUS,0,3900,2567,1800,1790,21d3f2b5bd5d97ab,179,179,0,0,131,48,4.366666666666666,43,46,5.866666666666666,2,true,767,16,57,57,43,2,2,0,0,2,1,true,197,92.5864990689013,283.5833333333333,916859.2091757052,368969.7078362257,71.30491444432167,0
profile,tfl-numbat-2019-midweek,pm-peak,8.571429,7,1,1,off,free-flow,strict,1,0,940GZZLUEUS,0,3900,2416,1800,1799,a956252f9cc231f2,210,210,0,0,159,51,5.3,54,51,7,0,true,616,17,57,56,49,1,1,0,0,2,1,true,189,79.33182539682541,369.98333333333335,973058.1294101047,362562.77286184765,72.85436516865587,0
profile,tfl-numbat-2019-midweek,pm-peak,8.571429,7,1,1,off,free-flow,none,1,0,940GZZLUEUS,0,3900,2416,1800,1799,a956252f9cc231f2,210,210,0,0,160,50,5.333333333333333,54,51,7.066666666666666,-1,true,616,16,57,57,49,1,1,0,0,2,1,true,208,78.89150793650794,369.98333333333335,973283.1294100411,365813.5135951605,72.68206775769362,0
profile,tfl-numbat-2019-midweek,pm-peak,8.571429,7,1,2,off,free-flow,strict,1,0,940GZZLUEUS,0,3900,2596,1800,1799,6d4c4c3b2c45e61e,210,210,0,0,156,54,5.2,49,56,7.133333333333334,-2,true,796,19,61,61,47,2,1,0,0,1,1,true,170,91.0247619047619,455.3,1065206.69924463,461280.9988079691,69.78154495470592,0
profile,tfl-numbat-2019-midweek,pm-peak,8.571429,7,1,2,off,free-flow,none,1,0,940GZZLUEUS,0,3900,2596,1800,1799,6d4c4c3b2c45e61e,210,210,0,0,155,55,5.166666666666667,49,56,7.066666666666666,-1,true,796,19,62,62,47,2,1,0,0,2,1,true,194,93.40325396825396,483.31666666666666,1064906.69924457,477555.01611969515,69.03942500725753,0
profile,tfl-numbat-2019-midweek,pm-peak,8.571429,7,1,3,off,free-flow,strict,1,0,940GZZLUEUS,0,3900,2612,1800,1799,8a8893745def8e7a,210,210,0,0,150,60,5,46,59,6.933333333333334,1,true,812,22,66,66,51,2,1,0,0,2,1,true,183,107.26142857142857,347.28333333333336,1069528.7572307906,445163.9526734859,70.61027957930696,0
profile,tfl-numbat-2019-midweek,pm-peak,8.571429,7,1,3,off,free-flow,none,1,0,940GZZLUEUS,0,3900,2621,1800,1799,8a8893745def8e7a,210,210,0,0,150,60,5,46,59,6.933333333333334,1,true,821,21,65,65,50,1,2,0,0,2,1,true,201,109.5331746031746,331.18333333333334,1069078.7572303957,483187.43583659525,68.87212786088537,0
profile,tfl-numbat-2019-midweek,pm-peak,7.5,7.966666666666667,1,1,off,free-flow,strict,1,0,940GZZLUEUS,0,3900,2509,1800,1792.5,812d6bdfeff7cdd8,239,239,0,0,186,53,6.2,58,61,8.533333333333333,-8,true,709,20,64,64,51,2,2,0,0,1,1,true,192.5,93.40997210599721,409.6,1119176.0119475692,469975.3430043799,70.42601753823566,0
profile,tfl-numbat-2019-midweek,pm-peak,7.5,7.966666666666667,1,1,off,free-flow,none,1,0,940GZZLUEUS,0,3900,2543,1800,1792.5,812d6bdfeff7cdd8,239,239,0,0,185,54,6.166666666666667,58,61,8.466666666666667,-7,true,743,21,64,64,52,1,2,0,0,2,2,true,210.5,93.82907949790795,409.6,1119251.011947559,477657.32179855235,70.08861988477206,0
profile,tfl-numbat-2019-midweek,pm-peak,7.5,7.966666666666667,1,2,off,free-flow,strict,1,0,940GZZLUEUS,0,3900,2465,1800,1792.5,fe5cdc606d6c3375,239,239,0,0,172,67,5.733333333333333,63,56,7.266666666666667,11,true,665,23,70,70,55,2,2,0,0,2,2,true,183.5,102.33458856345887,376.46666666666664,1203632.8428531408,501752.31608008,70.57835800600353,0
profile,tfl-numbat-2019-midweek,pm-peak,7.5,7.966666666666667,1,2,off,free-flow,none,1,0,940GZZLUEUS,0,3900,2547,1800,1792.5,fe5cdc606d6c3375,239,239,0,0,170,69,5.666666666666667,63,56,7.133333333333334,13,true,747,24,72,72,54,2,1,0,0,2,1,true,340.5,103.94637377963737,410.18333333333334,1202882.8428528064,563812.2246028673,68.08661353117107,0
profile,tfl-numbat-2019-midweek,pm-peak,7.5,7.966666666666667,1,3,off,free-flow,strict,1,0,940GZZLUEUS,0,3900,2722,1800,1792.5,1d267e2d1193cfce,239,239,0,0,168,71,5.6,58,61,7.333333333333333,10,true,922,26,75,75,56,2,2,0,1,1,1,true,215.5,121.74463040446305,364.96666666666664,1208468.8230307337,567564.3974971275,68.04314294704241,0
profile,tfl-numbat-2019-midweek,pm-peak,7.5,7.966666666666667,1,3,off,free-flow,none,1,0,940GZZLUEUS,0,3900,2778,1800,1792.5,1d267e2d1193cfce,239,239,0,0,169,70,5.633333333333334,58,61,7.4,9,true,978,26,74,74,55,2,2,0,0,1,2,true,272.5,118.21101813110181,337.5833333333333,1207568.8230302732,600921.6911748649,66.77219557112358,0
profile,tfl-numbat-2019-midweek,pm-peak,6.666667,8.966666666666667,1,1,off,free-flow,strict,1,0,940GZZLUEUS,0,3900,2591,1800,1793.3333333333333,5a33a9c6710baada,269,269,0,0,200,69,6.666666666666667,63,71,9.133333333333333,-2,true,791,27,77,76,54,2,1,0,0,1,1,true,194.66666666666666,117.78835192069393,393.6666666666667,1267627.1604019976,661856.5475283221,65.69773847749825,0
profile,tfl-numbat-2019-midweek,pm-peak,6.666667,8.966666666666667,1,1,off,free-flow,none,1,0,940GZZLUEUS,0,3900,2591,1800,1793.3333333333333,5a33a9c6710baada,269,269,0,0,200,69,6.666666666666667,63,71,9.133333333333333,-2,true,791,29,77,77,57,2,1,0,0,1,1,true,238.66666666666666,115.63835192069392,393.6666666666667,1267252.1604017476,635522.4123379831,66.60022572075266,0
profile,tfl-numbat-2019-midweek,pm-peak,6.666667,8.966666666666667,1,2,off,free-flow,strict,1,0,940GZZLUEUS,0,3900,2540,1800,1793.3333333333333,6c68acf7e422f94a,269,269,0,0,186,83,6.2,68,66,7.866666666666666,17,true,740,27,84,84,66,2,2,0,0,2,2,true,344.6666666666667,113.19628252788104,410.18333333333334,1346177.1070725047,626897.1500229483,68.2273919611217,0
profile,tfl-numbat-2019-midweek,pm-peak,6.666667,8.966666666666667,1,2,off,free-flow,none,1,0,940GZZLUEUS,0,3900,2490,1800,1793.3333333333333,6c68acf7e422f94a,269,269,0,0,188,81,6.266666666666667,67,67,8.066666666666666,14,true,690,27,84,84,67,2,2,0,0,2,2,true,232.66666666666666,111.37100371747212,410.18333333333334,1345502.1070728886,621024.4226647173,68.42023673346625,0
profile,tfl-numbat-2019-midweek,pm-peak,6.666667,8.966666666666667,1,3,off,free-flow,strict,1,0,940GZZLUEUS,0,3900,2819,1800,1793.3333333333333,43d49a40dceca89e,269,269,0,0,185,84,6.166666666666667,62,72,8.2,12,true,1019,33,89,89,65,3,2,0,1,1,2,true,315.6666666666667,146.54368029739777,443.28333333333336,1380267.4909625398,735617.6125938646,65.23357476464909,0
profile,tfl-numbat-2019-midweek,pm-peak,6.666667,8.966666666666667,1,3,off,free-flow,none,1,0,940GZZLUEUS,0,3900,2754,1800,1793.3333333333333,43d49a40dceca89e,269,269,0,0,188,81,6.266666666666667,62,72,8.4,9,true,954,30,87,87,68,2,2,0,1,1,2,true,306.6666666666667,140.7591697645601,412.3333333333333,1380792.4909624902,687387.2963055705,66.76365853021089,0
profile,tfl-numbat-2019-midweek,pm-peak,6,9.966666666666667,1,1,off,free-flow,strict,1,0,940GZZLUEUS,0,3900,2390,1800,1794,458ea89b24e1b419,299,299,0,0,214,85,7.133333333333334,72,77,9.466666666666667,8,true,590,36,88,88,66,2,3,0,1,1,1,true,245,131.56215161649945,463.4166666666667,1396222.7816735127,689356.3928538391,66.94652491387359,0
profile,tfl-numbat-2019-midweek,pm-peak,6,9.966666666666667,1,1,off,free-flow,none,1,0,940GZZLUEUS,0,3900,2465,1800,1794,458ea89b24e1b419,299,299,0,0,213,86,7.1,75,74,9.2,12,true,665,35,89,89,63,3,2,0,0,2,2,true,307,131.38182831661092,431.51666666666665,1396822.7816739068,723889.2378450726,65.86574550516927,0
profile,tfl-numbat-2019-midweek,pm-peak,6,9.966666666666667,1,2,off,free-flow,strict,1,0,940GZZLUEUS,0,3900,2731,1800,1794,09e4876ac860d23a,299,299,0,0,211,88,7.033333333333333,74,75,9.133333333333333,13,true,931,34,96,95,72,2,3,0,0,2,2,true,290,131.82201783723522,447.28333333333336,1493003.9529030744,773812.8435339177,65.86345906955492,0
profile,tfl-numbat-2019-midweek,pm-peak,6,9.966666666666667,1,2,off,free-flow,none,1,0,940GZZLUEUS,0,3900,2717,1800,1794,09e4876ac860d23a,299,299,0,0,205,94,6.833333333333333,74,75,8.733333333333333,19,true,917,38,102,102,76,3,2,0,0,2,2,true,368,145.84007803790414,577.0333333333333,1493378.9529029292,820196.8960839456,64.54851927836671,0
profile,tfl-numbat-2019-midweek,pm-peak,6,9.966666666666667,1,3,off,free-flow,strict,1,0,940GZZLUEUS,0,3900,2632,1800,1794,a1f05cb25706b91b,299,299,0,0,206,93,6.866666666666666,70,79,9.066666666666666,14,true,832,40,100,100,73,2,2,0,0,2,2,true,358,161.53260869565216,608.6166666666667,1533552.6020447938,898344.9337170346,63.059918417343404,0
profile,tfl-numbat-2019-midweek,pm-peak,6,9.966666666666667,1,3,off,free-flow,none,1,0,940GZZLUEUS,0,3900,2703,1800,1794,a1f05cb25706b91b,299,299,0,0,205,94,6.833333333333333,71,78,8.933333333333334,16,true,903,39,100,100,72,3,3,1,1,1,2,true,309,160.54202898550724,596.7,1533702.60204486,912458.5242959296,62.69834744447616,0
profile,tfl-numbat-2019-midweek,pm-peak,5.4545449999999995,11,1,1,off,free-flow,strict,1,0,940GZZLUEUS,0,3900,2646,1800,1798.5,e6be3aeada4a3529,330,330,0,0,235,95,7.833333333333333,78,87,10.466666666666667,8,true,846,43,100,99,68,3,2,0,0,1,2,true,287.5,146.95398989898987,440.46666666666664,1544010.5807225422,900710.6848730888,63.15691700527503,0
profile,tfl-numbat-2019-midweek,pm-peak,5.4545449999999995,11,1,1,off,free-flow,none,1,0,940GZZLUEUS,0,3900,2712,1800,1798.5,e6be3aeada4a3529,330,330,0,0,232,98,7.733333333333333,78,87,10.266666666666667,11,true,912,44,100,100,70,2,2,0,0,1,2,true,365.5,148.94267676767677,446.71666666666664,1543560.5807227222,931299.4422135213,62.369611469637725,0
profile,tfl-numbat-2019-midweek,pm-peak,5.4545449999999995,11,1,2,off,free-flow,strict,1,0,940GZZLUEUS,0,3900,2687,1800,1798.5,c43d60b6b9d35f14,330,330,0,0,220,110,7.333333333333333,77,88,9.533333333333333,22,true,887,45,113,113,76,3,3,0,1,2,1,true,436.5,169.26469696969698,735.65,1662580.9371861797,1023351.7700975769,61.899575245409736,0
profile,tfl-numbat-2019-midweek,pm-peak,5.4545449999999995,11,1,2,off,free-flow,none,1,0,940GZZLUEUS,0,3900,2895,1800,1798.5,c43d60b6b9d35f14,330,330,0,0,220,110,7.333333333333333,77,88,9.533333333333333,22,true,1095,46,116,114,75,4,3,0,1,2,2,true,473.5,173.5340404040404,805.8,1662730.9371858912,1072335.4696557887,60.79307372671551,0
profile,tfl-numbat-2019-midweek,pm-peak,5.4545449999999995,11,1,3,off,free-flow,strict,1,0,940GZZLUEUS,0,3900,2790,1800,1798.5,1578ce5338dc3b09,330,330,0,0,216,114,7.2,72,93,9.6,21,true,990,52,116,114,73,3,3,0,0,1,2,true,576.5,201.3931313131313,895.85,1696472.3580017865,1200822.4981572253,58.55366616882156,0
profile,tfl-numbat-2019-midweek,pm-peak,5.4545449999999995,11,1,3,off,free-flow,none,1,0,940GZZLUEUS,0,3900,2761,1800,1798.5,1578ce5338dc3b09,330,330,0,0,219,111,7.3,72,93,9.8,18,true,961,50,117,114,74,3,3,0,0,2,2,true,559.5,194.48666666666668,812.2333333333333,1697072.3580019514,1140861.6846449398,59.79957012739879,0
profile,tfl-numbat-2019-midweek,pm-peak,5,11.966666666666667,1,1,off,free-flow,strict,1,0,940GZZLUEUS,0,3900,2918,1800,1795,d59afaee7896bf92,359,359,0,0,250,109,8.333333333333334,82,97,11.2,12,true,1118,48,115,114,73,2,3,0,0,2,2,true,582,168.99837511606313,820,1691935.9800592104,1175063.0097251607,59.01418124275175,0
profile,tfl-numbat-2019-midweek,pm-peak,5,11.966666666666667,1,1,off,free-flow,none,1,0,940GZZLUEUS,0,3900,2882,1800,1795,d59afaee7896bf92,359,359,0,0,248,111,8.266666666666667,81,98,11.133333333333333,13,true,1082,56,114,114,73,3,3,0,0,2,2,true,534,184.6923862581244,962.2833333333333,1692760.980059195,1232126.9910819083,57.87438687433859,0
profile,tfl-numbat-2019-midweek,pm-peak,5,11.966666666666667,1,2,off,free-flow,strict,1,0,940GZZLUEUS,0,3900,2992,1800,1795,230748c929bd6af8,359,359,0,0,238,121,7.933333333333334,76,103,10.8,18,true,1192,57,127,114,75,4,3,0,1,2,1,true,749,209.38194057567316,773.4833333333333,1806654.5485502044,1270817.5852177138,58.70579716145855,0
profile,tfl-numbat-2019-midweek,pm-peak,5,11.966666666666667,1,2,off,free-flow,none,1,0,940GZZLUEUS,0,3900,3059,1800,1795,230748c929bd6af8,359,359,0,0,246,113,8.2,76,103,11.333333333333334,10,true,1259,54,126,114,77,3,3,0,1,2,2,true,824,210.29373259052923,848.7,1807779.5485508163,1274945.338230998,58.64226017385654,0
profile,tfl-numbat-2019-midweek,pm-peak,5,11.966666666666667,1,3,off,free-flow,strict,1,0,940GZZLUEUS,0,3900,3400,1800,1795,d94d85fd65c7879d,359,359,0,0,231,128,7.7,75,104,10.4,24,true,1600,67,132,114,77,3,2,0,1,1,1,true,711,249.4774837511606,881.4166666666666,1844694.2225218606,1465662.5974421334,55.72493609743027,0
profile,tfl-numbat-2019-midweek,pm-peak,5,11.966666666666667,1,3,off,free-flow,none,1,0,940GZZLUEUS,0,3900,2960,1800,1795,d94d85fd65c7879d,359,359,0,0,230,129,7.666666666666667,75,104,10.333333333333334,25,true,1160,67,135,114,75,3,2,0,1,2,1,true,767,245.96369545032496,890.5666666666667,1846044.222521939,1346479.1769721783,57.82398408777397,0
profile,tfl-numbat-2019-midweek,pm-peak,4.615385,13.033333333333333,1,1,off,free-flow,strict,1,0,940GZZLUEUS,0,3900,3543,1800,1798.6,b844ac8346e1443b,391,391,0,0,255,136,8.5,87,108,11.2,28,true,1743,73,137,114,71,5,3,0,0,2,2,true,803.4,231.55912190963343,926.6833333333333,1863752.099866803,1464949.2514211216,55.99036690827458,0
profile,tfl-numbat-2019-midweek,pm-peak,4.615385,13.033333333333333,1,1,off,free-flow,none,1,0,940GZZLUEUS,0,3900,3217,1800,1798.6,b844ac8346e1443b,391,391,0,0,252,139,8.4,86,109,11.066666666666666,30,true,1417,82,140,114,70,4,3,0,0,2,1,true,882.4,237.51364023870417,1006.45,1865177.0998674252,1422032.5019495029,56.740437203532515,0
profile,tfl-numbat-2019-midweek,pm-peak,4.615385,13.033333333333333,1,2,off,free-flow,strict,1,0,940GZZLUEUS,0,3900,3744,1800,1798.6,a2527f46405d2d08,391,391,0,0,237,154,7.9,84,111,10.2,43,true,1944,88,159,114,74,4,2,0,0,2,2,true,999.4,296.64326513213985,1044.85,1985089.1213667393,1532845.5695819939,56.427685439248194,0
profile,tfl-numbat-2019-midweek,pm-peak,4.615385,13.033333333333333,1,2,off,free-flow,none,1,0,940GZZLUEUS,0,3900,3513,1800,1798.6,a2527f46405d2d08,391,391,0,0,233,158,7.766666666666667,85,110,9.866666666666667,48,true,1713,94,163,114,70,3,3,0,0,2,2,true,885.4,305.45123614663254,1055.3333333333333,1985464.1213662277,1541096.8244925581,56.300292320135384,0
profile,tfl-numbat-2019-midweek,pm-peak,4.615385,13.033333333333333,1,3,off,free-flow,strict,1,0,940GZZLUEUS,0,3900,3046,1800,1798.6,6deb7e792c26e583,391,391,0,0,233,158,7.766666666666667,78,117,10.333333333333334,41,true,1246,95,159,114,77,3,2,0,1,2,2,true,807.4,311.6782608695652,916.3166666666667,2003927.9478355336,1513962.1111793658,56.96391627419662,0
profile,tfl-numbat-2019-midweek,pm-peak,4.615385,13.033333333333333,1,3,off,free-flow,none,1,0,940GZZLUEUS,0,3900,3569,1800,1798.6,6deb7e792c26e583,391,391,0,0,230,161,7.666666666666667,78,117,10.133333333333333,44,true,1769,98,162,114,73,4,2,0,1,2,2,true,1065.4,320.7728473998295,1156.45,2004677.947835219,1636892.8351941896,55.0498141400271,0
profile,tfl-numbat-2019-midweek,pm-peak,4.2857140000000005,14,1,1,off,free-flow,strict,1,0,940GZZLUEUS,0,3900,3499,1800,1799,f409929b4fc11402,420,420,0,0,261,159,8.7,89,121,11.466666666666667,38,true,1699,103,162,114,73,3,4,0,0,2,1,true,959,296.42984126984123,986.4833333333333,2010309.7565735187,1595390.491078459,55.753657223243316,0
profile,tfl-numbat-2019-midweek,pm-peak,4.2857140000000005,14,1,1,off,free-flow,none,1,0,940GZZLUEUS,0,3900,3181,1800,1799,f409929b4fc11402,420,420,0,0,259,161,8.633333333333333,90,120,11.266666666666667,41,true,1381,102,161,114,76,3,3,0,0,2,2,true,872,295.9692460317461,954.7166666666667,2008434.7565730864,1629286.4747538147,55.21134327933332,0
profile,tfl-numbat-2019-midweek,pm-peak,4.2857140000000005,14,1,2,off,free-flow,strict,1,0,940GZZLUEUS,0,3900,3773,1800,1799,d94723ccd810e119,420,420,0,0,251,169,8.366666666666667,88,122,10.866666666666667,47,true,1973,108,174,114,76,3,3,0,1,2,2,true,1262,358.3193650793651,1269.9166666666667,2131157.0644576456,1700763.438292353,55.61589972777904,0
profile,tfl-numbat-2019-midweek,pm-peak,4.2857140000000005,14,1,2,off,free-flow,none,1,0,940GZZLUEUS,0,3900,3645,1800,1799,d94723ccd810e119,420,420,0,0,247,173,8.233333333333333,87,123,10.666666666666666,50,true,1845,113,177,114,75,4,3,0,1,2,2,true,1299,359.0926587301587,1315.25,2129882.0644571977,1678845.9770312002,55.921085497741906,0
profile,tfl-numbat-2019-midweek,pm-peak,4.2857140000000005,14,1,3,off,free-flow,strict,1,0,940GZZLUEUS,0,3900,3484,1800,1799,353b1b896f065073,420,420,0,0,236,184,7.866666666666666,80,130,10.4,54,true,1684,119,184,114,75,3,2,0,0,2,2,true,925,380.34825396825397,1019.05,2145649.0639655176,1732470.1688029126,55.32705250100902,0
profile,tfl-numbat-2019-midweek,pm-peak,4.2857140000000005,14,1,3,off,free-flow,none,1,0,940GZZLUEUS,0,3900,3410,1800,1799,353b1b896f065073,420,420,0,0,234,186,7.8,80,130,10.266666666666667,56,true,1610,119,187,114,77,4,2,0,0,2,2,true,905,377.4475,1016.1833333333333,2145574.0639648396,1665813.409609016,56.293779597092005,0
profile,tfl-numbat-2019-midweek,pm-peak,4,14.966666666666667,1,1,off,free-flow,strict,1,0,940GZZLUEUS,0,3900,3258,1800,1796,a8eb787e9f460846,449,449,0,0,270,179,9,95,129,11.666666666666666,50,true,1458,121,183,114,74,3,4,0,0,2,2,true,1048,343.0091685226429,1079.4166666666667,2164788.6835357314,1683533.2623704067,56.252795737078166,0
profile,tfl-numbat-2019-midweek,pm-peak,4,14.966666666666667,1,1,off,free-flow,none,1,0,940GZZLUEUS,0,3900,3824,1800,1796,a8eb787e9f460846,449,449,0,0,265,184,8.833333333333334,94,130,11.4,54,true,2024,125,187,114,73,4,3,0,1,2,2,true,1181,346.60048255382327,1296.5,2164938.6835354175,1730728.5580864297,55.57298786726221,0
profile,tfl-numbat-2019-midweek,pm-peak,4,14.966666666666667,1,2,off,free-flow,strict,1,0,940GZZLUEUS,0,3900,3599,1800,1796,58fb90118990c167,449,449,0,0,254,195,8.466666666666667,88,136,11.066666666666666,59,true,1799,132,197,114,75,3,3,0,0,2,2,true,1180,404.3896807720861,1179.1,2266974.2384111597,1732712.577116905,56.67879368979691,0
profile,tfl-numbat-2019-midweek,pm-peak,4,14.966666666666667,1,2,off,free-flow,none,1,0,940GZZLUEUS,0,3900,3844,1800,1796,58fb90118990c167,449,449,0,0,247,202,8.233333333333333,89,135,10.533333333333333,67,true,2044,131,203,114,76,3,3,0,1,2,2,true,1331,432.6157757980698,1454.1166666666666,2266824.238411519,1879255.5367023938,54.67391756467683,0
profile,tfl-numbat-2019-midweek,pm-peak,4,14.966666666666667,1,3,off,free-flow,strict,1,0,940GZZLUEUS,0,3900,3480,1800,1796,a145bdb7ecc3531e,449,449,0,0,233,216,7.766666666666667,86,138,9.8,78,true,1680,154,216,114,72,5,2,0,0,2,2,true,1173,452.66622123236823,1256.35,2294060.316685942,1765741.9339296762,56.50670094431512,0
profile,tfl-numbat-2019-midweek,pm-peak,4,14.966666666666667,1,3,off,free-flow,none,1,0,940GZZLUEUS,0,3900,3435,1800,1796,a145bdb7ecc3531e,449,449,0,0,234,215,7.8,85,139,9.933333333333334,76,true,1635,149,215,114,75,3,3,0,0,2,2,true,1296,449.4159613956942,1363.4333333333334,2295335.3166873567,1741398.7155351308,56.861197650508174,0
profile,tfl-numbat-2019-midweek,evening,60,0.9666666666666667,1,1,off,free-flow,strict,1,0,940GZZLUEUS,0,3900,2233,1800,1740,3eeae1ba9ba23568,29,29,0,0,22,7,0.7333333333333333,6,8,1.0666666666666667,-1,true,433,2,10,10,10,0,0,0,0,1,1,true,0,41.29367816091954,205.88333333333333,163553.32244815503,17133.765424216253,90.51743783910075,0
profile,tfl-numbat-2019-midweek,evening,60,0.9666666666666667,1,1,off,free-flow,none,1,0,940GZZLUEUS,0,3900,2233,1800,1740,3eeae1ba9ba23568,29,29,0,0,22,7,0.7333333333333333,6,8,1.0666666666666667,-1,true,433,2,10,10,10,0,0,0,0,1,1,true,0,41.29367816091954,205.88333333333333,163553.32244815503,17133.765424216253,90.51743783910075,0
profile,tfl-numbat-2019-midweek,evening,60,0.9666666666666667,1,2,off,free-flow,strict,1,0,940GZZLUEUS,0,3900,2239,1800,1740,5cc10fa37241c278,29,29,0,0,23,6,0.7666666666666667,7,7,1.0666666666666667,-1,true,439,2,11,11,11,1,0,0,0,1,0,true,0,24.96206896551724,172.7,162749.2848214683,53136.139096257866,75.38687970128636,0
profile,tfl-numbat-2019-midweek,evening,60,0.9666666666666667,1,2,off,free-flow,none,1,0,940GZZLUEUS,0,3900,2239,1800,1740,5cc10fa37241c278,29,29,0,0,23,6,0.7666666666666667,7,7,1.0666666666666667,-1,true,439,2,11,11,11,1,0,0,0,1,0,true,0,24.96206896551724,172.7,162749.2848214683,53136.139096257866,75.38687970128636,0
profile,tfl-numbat-2019-midweek,evening,60,0.9666666666666667,1,3,off,free-flow,strict,1,0,940GZZLUEUS,0,3900,2182,1800,1740,c779019d55d17d00,29,29,0,0,23,6,0.7666666666666667,8,6,1,0,true,382,2,9,9,8,0,0,0,0,1,1,true,38,29.93448275862069,147.28333333333333,140133.3778639682,47441.149576390104,74.7081065730129,0
profile,tfl-numbat-2019-midweek,evening,60,0.9666666666666667,1,3,off,free-flow,none,1,0,940GZZLUEUS,0,3900,2182,1800,1740,c779019d55d17d00,29,29,0,0,23,6,0.7666666666666667,8,6,1,0,true,382,2,9,9,8,0,0,0,0,1,1,true,38,29.93448275862069,147.28333333333333,140133.3778639682,47441.149576390104,74.7081065730129,0
profile,tfl-numbat-2019-midweek,evening,30,1.9666666666666666,1,1,off,free-flow,strict,1,0,940GZZLUEUS,0,3900,2443,1800,1770,68545f5ecc1ebff5,59,59,0,0,47,12,1.5666666666666667,14,15,2.2,-3,true,643,5,18,18,16,1,0,0,0,1,1,true,82,52.08220338983051,255.35,301629.250625377,79702.79941301973,79.09884589952658,0
profile,tfl-numbat-2019-midweek,evening,30,1.9666666666666666,1,1,off,free-flow,none,1,0,940GZZLUEUS,0,3900,2443,1800,1770,68545f5ecc1ebff5,59,59,0,0,47,12,1.5666666666666667,14,15,2.2,-3,true,643,5,18,18,16,1,0,0,0,1,1,true,69,48.675706214689264,255.35,301629.25062538165,81586.81137659738,78.70997083202217,0
profile,tfl-numbat-2019-midweek,evening,30,1.9666666666666666,1,2,off,free-flow,strict,1,0,940GZZLUEUS,0,3900,2354,1800,1770,fc357df6b5d5694e,59,59,0,0,46,13,1.5333333333333334,15,14,2.066666666666667,-1,true,554,4,19,19,17,1,1,0,0,2,1,true,77,33.5,172.7,311712.08882840234,113914.9009605112,73.2359780527531,0
profile,tfl-numbat-2019-midweek,evening,30,1.9666666666666666,1,2,off,free-flow,none,1,0,940GZZLUEUS,0,3900,2354,1800,1770,fc357df6b5d5694e,59,59,0,0,46,13,1.5333333333333334,15,14,2.066666666666667,-1,true,554,4,19,19,17,1,1,0,0,2,1,true,77,33.5,172.7,311712.08882840234,113914.9009605112,73.2359780527531,0
profile,tfl-numbat-2019-midweek,evening,30,1.9666666666666666,1,3,off,free-flow,strict,1,0,940GZZLUEUS,0,3900,2673,1800,1770,4a24af1062605094,59,59,0,0,46,13,1.5333333333333334,16,13,2,0,true,873,5,17,17,16,1,1,0,0,1,1,true,122,56.83474576271187,217.86666666666667,293688.5452048545,167992.68881499593,63.612840107819295,0
profile,tfl-numbat-2019-midweek,evening,30,1.9666666666666666,1,3,off,free-flow,none,1,0,940GZZLUEUS,0,3900,2673,1800,1770,4a24af1062605094,59,59,0,0,46,13,1.5333333333333334,16,13,2,0,true,873,5,17,17,16,1,1,0,0,1,1,true,122,56.83474576271187,217.86666666666667,293688.5452048545,167992.68881499593,63.612840107819295,0
profile,tfl-numbat-2019-midweek,evening,20,2.966666666666667,1,1,off,free-flow,strict,1,0,940GZZLUEUS,0,3900,2408,1800,1780,4fbd0b1ddcda5daa,89,89,0,0,67,22,2.2333333333333334,22,22,3,0,true,608,7,25,25,23,1,1,0,1,1,1,true,221,74.12883895131085,240.4,469057.51209803903,163543.0722991937,74.14749901708926,0
profile,tfl-numbat-2019-midweek,evening,20,2.966666666666667,1,1,off,free-flow,none,1,0,940GZZLUEUS,0,3900,2408,1800,1780,4fbd0b1ddcda5daa,89,89,0,0,67,22,2.2333333333333334,22,22,3,0,true,608,8,25,25,23,1,1,0,1,1,1,true,221,75.39513108614233,240.4,469057.5120980375,167516.72398193402,73.68465223891197,0
profile,tfl-numbat-2019-midweek,evening,20,2.966666666666667,1,2,off,free-flow,strict,1,0,940GZZLUEUS,0,3900,2362,1800,1780,58312b729793399f,89,89,0,0,67,22,2.2333333333333334,24,20,2.8666666666666667,2,true,562,6,24,24,23,1,1,0,0,1,1,true,92,48.25992509363296,206.4,469853.8210978549,189160.77457505278,71.29642107821539,0
profile,tfl-numbat-2019-midweek,evening,20,2.966666666666667,1,2,off,free-flow,none,1,0,940GZZLUEUS,0,3900,2362,1800,1780,58312b729793399f,89,89,0,0,67,22,2.2333333333333334,24,20,2.8666666666666667,2,true,562,6,24,24,23,1,1,0,0,1,1,true,92,47.90898876404494,206.4,469853.8210978545,190129.905132281,71.19172828422394,0
profile,tfl-numbat-2019-midweek,evening,20,2.966666666666667,1,3,off,free-flow,strict,1,0,940GZZLUEUS,0,3900,2520,1800,1780,dbba58b1409deafa,89,89,0,0,68,21,2.2666666666666666,23,21,3,0,true,720,8,25,25,22,0,1,0,0,1,1,true,124,69.3994382022472,224.7,438257.8985543418,234322.34619754582,65.16068557975763,0
profile,tfl-numbat-2019-midweek,evening,20,2.966666666666667,1,3,off,free-flow,none,1,0,940GZZLUEUS,0,3900,2520,1800,1780,dbba58b1409deafa,89,89,0,0,68,21,2.2666666666666666,23,21,3,0,true,720,8,25,25,22,0,1,0,0,1,1,true,124,69.3994382022472,224.7,438257.8985543418,234322.34619754582,65.16068557975763,0
profile,tfl-numbat-2019-midweek,evening,15,3.966666666666667,1,1,off,free-flow,strict,1,0,940GZZLUEUS,0,3900,2452,1800,1785,873015319cd46809,119,119,0,0,84,35,2.8,30,29,3.6,6,true,652,11,39,39,32,1,2,0,0,1,1,true,115,93.83165266106442,265.98333333333335,636309.1852360687,279542.0809101228,69.47734951697919,0
profile,tfl-numbat-2019-midweek,evening,15,3.966666666666667,1,1,off,free-flow,none,1,0,940GZZLUEUS,0,3900,2452,1800,1785,873015319cd46809,119,119,0,0,84,35,2.8,30,29,3.6,6,true,652,11,39,39,32,1,2,0,0,1,1,true,115,93.83165266106442,265.98333333333335,636309.1852360687,279542.0809101228,69.47734951697919,0
profile,tfl-numbat-2019-midweek,evening,15,3.966666666666667,1,2,off,free-flow,strict,1,0,940GZZLUEUS,0,3900,2583,1800,1785,7ee478a9b78eebf3,119,119,0,0,87,32,2.9,32,27,3.6666666666666665,5,true,783,10,35,34,29,1,2,0,0,2,2,true,187,66.09411764705882,257.6666666666667,644730.6374199445,268787.2665718777,70.57668323769559,0
profile,tfl-numbat-2019-midweek,evening,15,3.966666666666667,1,2,off,free-flow,none,1,0,940GZZLUEUS,0,3900,2583,1800,1785,7ee478a9b78eebf3,119,119,0,0,88,31,2.933333333333333,32,27,3.7333333333333334,4,true,783,10,34,34,28,1,2,0,0,2,2,true,158,64.52464985994398,257.6666666666667,644880.6374198891,261921.2408210443,71.11593534310558,0
profile,tfl-numbat-2019-midweek,evening,15,3.966666666666667,1,3,off,free-flow,strict,1,0,940GZZLUEUS,0,3900,2669,1800,1785,3efe4dd7383dc66b,119,119,0,0,85,34,2.8333333333333335,30,29,3.6666666666666665,5,true,869,11,34,34,29,1,1,0,0,1,1,true,180,77.75910364145658,233.78333333333333,592466.7423308474,307685.6619803984,65.8184924567496,0
profile,tfl-numbat-2019-midweek,evening,15,3.966666666666667,1,3,off,free-flow,none,1,0,940GZZLUEUS,0,3900,2669,1800,1785,3efe4dd7383dc66b,119,119,0,0,85,34,2.8333333333333335,30,29,3.6666666666666665,5,true,869,11,34,34,29,1,1,0,0,1,1,true,180,78.85868347338936,233.78333333333333,592466.742330857,309851.15057870914,65.66053349783637,0
profile,tfl-numbat-2019-midweek,evening,12,4.966666666666667,1,1,off,free-flow,strict,1,0,940GZZLUEUS,0,3900,2435,1800,1788,25b3fdeb13f94c9d,149,149,0,0,106,43,3.533333333333333,36,38,4.666666666666667,5,true,635,15,48,48,40,1,1,0,0,1,1,true,121,95.14798657718121,297.18333333333334,776696.9494264359,359012.8924013755,68.3886782363724,0
profile,tfl-numbat-2019-midweek,evening,12,4.966666666666667,1,1,off,free-flow,none,1,0,940GZZLUEUS,0,3900,2435,1800,1788,25b3fdeb13f94c9d,149,149,0,0,106,43,3.533333333333333,36,38,4.666666666666667,5,true,635,15,48,48,40,1,1,0,0,1,1,true,121,94.99530201342282,297.18333333333334,776846.9494264228,361432.91567124124,68.24744715657161,0
profile,tfl-numbat-2019-midweek,evening,12,4.966666666666667,1,2,off,free-flow,strict,1,0,940GZZLUEUS,0,3900,2627,1800,1788,735db4462c7d6518,149,149,0,0,103,46,3.433333333333333,41,33,4.133333333333334,13,true,827,15,46,46,35,1,2,0,1,2,2,true,156,82.85078299776286,257.6666666666667,806316.2688313111,335605.76629576925,70.61044835180705,0
profile,tfl-numbat-2019-midweek,evening,12,4.966666666666667,1,2,off,free-flow,none,1,0,940GZZLUEUS,0,3900,2627,1800,1788,735db4462c7d6518,149,149,0,0,103,46,3.433333333333333,41,33,4.133333333333334,13,true,827,15,46,46,35,1,2,0,1,2,2,true,156,82.84082774049217,257.6666666666667,806316.2688313111,336709.42467792507,70.54226982035865,0
profile,tfl-numbat-2019-midweek,evening,12,4.966666666666667,1,3,off,free-flow,strict,1,0,940GZZLUEUS,0,3900,2527,1800,1788,2fcc7c73295d9f40,149,149,0,0,111,38,3.7,39,35,4.8,3,true,727,13,43,43,35,2,1,0,1,1,1,true,190,89.95782997762863,251.16666666666666,733939.3283884334,364694.4581835469,66.8047294156602,0
profile,tfl-numbat-2019-midweek,evening,12,4.966666666666667,1,3,off,free-flow,none,1,0,940GZZLUEUS,0,3900,2527,1800,1788,2fcc7c73295d9f40,149,149,0,0,111,38,3.7,39,35,4.8,3,true,727,13,43,43,35,2,1,0,1,1,1,true,190,89.95782997762863,251.16666666666666,733939.3283884334,364694.45818354667,66.80472941566023,0
profile,tfl-numbat-2019-midweek,evening,10,5.966666666666667,1,1,off,free-flow,strict,1,0,940GZZLUEUS,0,3900,2802,1800,1790,20f452e1bbe11c01,179,179,0,0,132,47,4.4,44,45,5.866666666666666,2,true,1002,18,58,58,46,1,3,0,0,1,1,true,194,106.70102420856611,297.18333333333334,938319.1074988743,488881.64967305976,65.7454182800602,0
profile,tfl-numbat-2019-midweek,evening,10,5.966666666666667,1,1,off,free-flow,none,1,0,940GZZLUEUS,0,3900,2802,1800,1790,20f452e1bbe11c01,179,179,0,0,132,47,4.4,44,45,5.866666666666666,2,true,1002,18,58,58,47,1,3,0,0,1,1,true,187,108.69068901303538,297.18333333333334,938319.1074987933,493590.5094436297,65.52921332439959,0
profile,tfl-numbat-2019-midweek,evening,10,5.966666666666667,1,2,off,free-flow,strict,1,0,940GZZLUEUS,0,3900,2713,1800,1790,2c882ff5d2d3fc38,179,179,0,0,125,54,4.166666666666667,47,42,5.2,12,true,913,18,58,58,44,1,2,0,0,2,1,true,202,98.34096834264432,297.9,951797.3183389734,449281.294400041,67.93318445410239,0
profile,tfl-numbat-2019-midweek,evening,10,5.966666666666667,1,2,off,free-flow,none,1,0,940GZZLUEUS,0,3900,2713,1800,1790,2c882ff5d2d3fc38,179,179,0,0,125,54,4.166666666666667,47,42,5.2,12,true,913,18,58,58,44,1,2,0,0,2,1,true,202,99.05996275605214,293.06666666666666,951572.3183391236,443012.0188282341,68.23340066129896,0
profile,tfl-numbat-2019-midweek,evening,10,5.966666666666667,1,3,off,free-flow,strict,1,0,940GZZLUEUS,0,3900,2508,1800,1790,422dc303f2c9a139,179,179,0,0,132,47,4.4,47,42,5.666666666666667,5,true,708,18,52,52,42,1,2,0,0,1,1,true,205,101.28054003724395,299.73333333333335,871719.2185291047,410146.13187158864,68.00396143453112,0
profile,tfl-numbat-2019-midweek,evening,10,5.966666666666667,1,3,off,free-flow,none,1,0,940GZZLUEUS,0,3900,2508,1800,1790,422dc303f2c9a139,179,179,0,0,130,49,4.333333333333333,47,42,5.533333333333333,7,true,708,19,54,54,41,1,2,0,0,1,1,true,237,106.44068901303538,287.03333333333336,871269.2185292516,417912.3261676156,67.58312838973492,0
profile,tfl-numbat-2019-midweek,evening,8.571429,7,1,1,off,free-flow,strict,1,0,940GZZLUEUS,0,3900,2681,1800,1799,8fa5bf61b989b665,210,210,0,0,146,64,4.866666666666666,50,55,6.4,9,true,881,22,71,70,51,1,3,0,0,1,2,true,297,125.27238095238094,326.35,1091938.2093139102,584588.507247895,65.13097575642814,0
profile,tfl-numbat-2019-midweek,evening,8.571429,7,1,1,off,free-flow,none,1,0,940GZZLUEUS,0,3900,2681,1800,1799,8fa5bf61b989b665,210,210,0,0,147,63,4.9,50,55,6.466666666666667,8,true,881,22,70,70,54,1,3,0,0,1,2,true,297,118.24642857142858,302.53333333333336,1092013.2093139726,586744.6542208643,65.04888126120825,0
profile,tfl-numbat-2019-midweek,evening,8.571429,7,1,2,off,free-flow,strict,1,0,940GZZLUEUS,0,3900,2870,1800,1799,fa205d26eb72d298,210,210,0,0,149,61,4.966666666666667,52,53,6.466666666666667,8,true,1070,23,68,68,52,2,2,0,0,2,2,true,265,110.91420634920635,319.3333333333333,1174749.6043776562,575947.496802926,67.10181924591433,0
profile,tfl-numbat-2019-midweek,evening,8.571429,7,1,2,off,free-flow,none,1,0,940GZZLUEUS,0,3900,2885,1800,1799,fa205d26eb72d298,210,210,0,0,148,62,4.933333333333334,52,53,6.4,9,true,1085,22,68,68,51,2,1,0,0,2,1,true,231,116.41603174603173,404.1,1174449.6043775678,601258.5947987594,66.13978608210195,0
profile,tfl-numbat-2019-midweek,evening,8.571429,7,1,3,off,free-flow,strict,1,0,940GZZLUEUS,0,3900,2664,1800,1799,17620ed2eaa95023,210,210,0,0,147,63,4.9,52,53,6.333333333333333,10,true,864,22,63,63,46,1,2,0,1,1,1,true,306,116.54277777777777,358.8833333333333,1028677.7718473457,515948.42584565235,66.59719829844555,0
profile,tfl-numbat-2019-midweek,evening,8.571429,7,1,3,off,free-flow,none,1,0,940GZZLUEUS,0,3900,2662,1800,1799,17620ed2eaa95023,210,210,0,0,149,61,4.966666666666667,53,52,6.4,9,true,862,22,63,63,47,2,2,0,1,1,1,true,290,113.24984126984127,326.9166666666667,1029877.7718469827,509355.06044171413,66.908511190971,0
profile,tfl-numbat-2019-midweek,evening,7.5,7.966666666666667,1,1,off,free-flow,strict,1,0,940GZZLUEUS,0,3900,2740,1800,1792.5,587d4087c93cef8a,239,239,0,0,164,75,5.466666666666667,54,65,7.333333333333333,10,true,940,25,77,77,55,2,3,0,0,1,2,true,232.5,138.29253835425382,418.76666666666665,1256821.32004769,704022.1934135756,64.09595214608223,0
profile,tfl-numbat-2019-midweek,evening,7.5,7.966666666666667,1,1,off,free-flow,none,1,0,940GZZLUEUS,0,3900,2674,1800,1792.5,587d4087c93cef8a,239,239,0,0,165,74,5.5,53,66,7.466666666666667,8,true,874,30,78,78,57,2,3,0,0,1,2,true,192.5,140.810529986053,415.1,1257271.320047981,708622.3658185222,63.95418679488846,0
profile,tfl-numbat-2019-midweek,evening,7.5,7.966666666666667,1,2,off,free-flow,strict,1,0,940GZZLUEUS,0,3900,2761,1800,1792.5,2f9a395554770741,239,239,0,0,168,71,5.6,57,62,7.4,9,true,961,26,77,77,57,2,2,0,0,1,2,true,221.5,125.1176429567643,348.26666666666665,1328426.7183922096,653246.042981612,67.03562486630031,0
profile,tfl-numbat-2019-midweek,evening,7.5,7.966666666666667,1,2,off,free-flow,none,1,0,940GZZLUEUS,0,3900,2768,1800,1792.5,2f9a395554770741,239,239,0,0,166,73,5.533333333333333,57,62,7.266666666666667,11,true,968,25,77,77,56,2,2,0,0,1,2,true,317.5,123.02168758716876,414.78333333333336,1328876.718392203,627541.6386004202,67.923954692131,0
profile,tfl-numbat-2019-midweek,evening,7.5,7.966666666666667,1,3,off,free-flow,strict,1,0,940GZZLUEUS,0,3900,2603,1800,1792.5,3f9e14e4a9ea6f4c,239,239,0,0,168,71,5.6,57,62,7.4,9,true,803,29,74,74,56,2,2,0,0,1,1,true,270.5,133.44442119944213,423.93333333333334,1192412.9401038412,628243.6618221069,65.49356637833127,0
profile,tfl-numbat-2019-midweek,evening,7.5,7.966666666666667,1,3,off,free-flow,none,1,0,940GZZLUEUS,0,3900,2605,1800,1792.5,3f9e14e4a9ea6f4c,239,239,0,0,168,71,5.6,58,61,7.333333333333333,10,true,805,29,74,74,55,1,2,0,0,1,1,true,228.5,131.83723849372385,423.3,1192637.940103199,604886.6937487136,66.3489065820198,0
profile,tfl-numbat-2019-midweek,evening,6.666667,8.966666666666667,1,1,off,free-flow,strict,1,0,940GZZLUEUS,0,3900,3131,1800,1793.3333333333333,6b585277ba4a284f,269,269,0,0,180,89,6,65,69,7.666666666666667,20,true,1331,36,91,91,64,2,2,0,0,1,1,true,482.6666666666667,166.35960346964063,835.0666666666667,1409596.222825896,925077.0299530367,60.37659536074572,0
profile,tfl-numbat-2019-midweek,evening,6.666667,8.966666666666667,1,1,off,free-flow,none,1,0,940GZZLUEUS,0,3900,2696,1800,1793.3333333333333,6b585277ba4a284f,269,269,0,0,180,89,6,65,69,7.666666666666667,20,true,896,36,91,91,65,2,2,0,0,1,1,true,383.6666666666667,159.59491945477075,410.75,1410121.2228258303,829424.5093268757,62.96460941078383,0
profile,tfl-numbat-2019-midweek,evening,6.666667,8.966666666666667,1,2,off,free-flow,strict,1,0,940GZZLUEUS,0,3900,2613,1800,1793.3333333333333,550d0bff2169bd1a,269,269,0,0,179,90,5.966666666666667,61,73,7.866666666666666,17,true,813,34,92,92,71,2,3,0,1,2,2,true,453.6666666666667,143.34869888475836,459.68333333333334,1478302.7831498103,731451.4245384904,66.89896903494588,0
profile,tfl-numbat-2019-midweek,evening,6.666667,8.966666666666667,1,2,off,free-flow,none,1,0,940GZZLUEUS,0,3900,2602,1800,1793.3333333333333,550d0bff2169bd1a,269,269,0,0,181,88,6.033333333333333,61,73,8,15,true,802,31,91,91,69,2,2,0,1,2,2,true,414.6666666666667,138.00613382899627,420.68333333333334,1478602.7831497802,695126.4903851072,68.0214781643575,0
profile,tfl-numbat-2019-midweek,evening,6.666667,8.966666666666667,1,3,off,free-flow,strict,1,0,940GZZLUEUS,0,3900,2660,1800,1793.3333333333333,1a7011d452329f9f,269,269,0,0,189,80,6.3,62,72,8.466666666666667,8,true,860,36,85,85,63,3,3,0,0,1,2,true,209.66666666666666,140.2745972738538,428.3333333333333,1373368.5775081238,723443.0022955252,65.4979489209388,0
profile,tfl-numbat-2019-midweek,evening,6.666667,8.966666666666667,1,3,off,free-flow,none,1,0,940GZZLUEUS,0,3900,2921,1800,1793.3333333333333,1a7011d452329f9f,269,269,0,0,186,83,6.2,62,72,8.266666666666667,11,true,1121,36,86,86,62,2,2,0,0,1,2,true,375.6666666666667,151.61964064436182,418.8333333333333,1373143.5775083695,785385.4281211178,63.61478460225381,0
profile,tfl-numbat-2019-midweek,evening,6,9.966666666666667,1,1,off,free-flow,strict,1,0,940GZZLUEUS,0,3900,2707,1800,1794,dbe77387ac8e7ea1,299,299,0,0,204,95,6.8,66,83,9.2,12,true,907,42,107,107,68,4,3,0,0,1,2,true,364,182.20083612040133,609.0833333333334,1602616.97177738,1007595.814616832,61.39794349836359,0
profile,tfl-numbat-2019-midweek,evening,6,9.966666666666667,1,1,off,free-flow,none,1,0,940GZZLUEUS,0,3900,3123,1800,1794,dbe77387ac8e7ea1,299,299,0,0,199,100,6.633333333333334,66,83,8.866666666666667,17,true,1323,43,104,104,69,3,3,0,0,1,2,true,474,181.18054626532887,971.1,1602241.9717777339,1125165.2166520972,58.74597597948493,0
profile,tfl-numbat-2019-midweek,evening,6,9.966666666666667,1,2,off,free-flow,strict,1,0,940GZZLUEUS,0,3900,2828,1800,1794,94fb12000179d5a1,299,299,0,0,196,103,6.533333333333333,65,84,8.733333333333333,19,true,1028,41,105,105,73,3,3,0,0,2,2,true,570,168.4494425863991,618.2333333333333,1647854.4030311943,918433.5465318973,64.21159415535345,0
profile,tfl-numbat-2019-midweek,evening,6,9.966666666666667,1,2,off,free-flow,none,1,0,940GZZLUEUS,0,3900,2870,1800,1794,94fb12000179d5a1,299,299,0,0,194,105,6.466666666666667,65,84,8.6,21,true,1070,41,107,107,77,4,3,0,0,2,2,true,708,168.47084726867337,731.1833333333333,1647629.4030314132,947838.0003932668,63.48102853680193,0
profile,tfl-numbat-2019-midweek,evening,6,9.966666666666667,1,3,off,free-flow,strict,1,0,940GZZLUEUS,0,3900,2785,1800,1794,644175ba2387c632,299,299,0,0,205,94,6.833333333333333,68,81,9.133333333333333,13,true,985,44,97,97,67,3,2,0,0,2,2,true,414,167.25379041248607,437.2,1516114.3912841447,940767.5171739779,61.70888336410195,0
profile,tfl-numbat-2019-midweek,evening,6,9.966666666666667,1,3,off,free-flow,none,1,0,940GZZLUEUS,0,3900,2796,1800,1794,644175ba2387c632,299,299,0,0,205,94,6.833333333333333,69,80,9.066666666666666,14,true,996,44,97,97,67,2,2,0,0,1,1,true,305,163.17140468227427,393.4166666666667,1515964.3912839189,937753.9819016737,61.782330354228286,0
profile,tfl-numbat-2019-midweek,evening,5.4545449999999995,11,1,1,off,free-flow,strict,1,0,940GZZLUEUS,0,3900,3076,1800,1798.5,1b439c7c84b85436,330,330,0,0,213,117,7.1,70,95,9.533333333333333,22,true,1276,54,119,114,74,2,4,0,1,1,2,true,545.5,215.47429292929291,980.9333333333333,1789703.2619735126,1277236.1908080615,58.35469821063254,0
profile,tfl-numbat-2019-midweek,evening,5.4545449999999995,11,1,1,off,free-flow,none,1,0,940GZZLUEUS,0,3900,3102,1800,1798.5,1b439c7c84b85436,330,330,0,0,212,118,7.066666666666666,70,95,9.466666666666667,23,true,1302,55,119,114,76,3,4,0,1,2,2,true,654.5,216.24924242424242,845.9333333333333,1789403.261972892,1264281.6856891096,58.59816230691762,0
profile,tfl-numbat-2019-midweek,evening,5.4545449999999995,11,1,2,off,free-flow,strict,1,0,940GZZLUEUS,0,3900,3070,1800,1798.5,3445851c09ebc1ba,330,330,0,0,206,124,6.866666666666666,73,92,8.866666666666667,32,true,1270,56,124,114,74,3,2,0,0,2,2,true,569.5,211.48979797979797,710.55,1800368.5743592437,1164505.952667483,60.72326359674695,0
profile,tfl-numbat-2019-midweek,evening,5.4545449999999995,11,1,2,off,free-flow,none,1,0,940GZZLUEUS,0,3900,3900,1800,1798.5,3445851c09ebc1ba,330,328,2,0,205,125,6.833333333333333,73,92,8.8,33,false,0,58,125,114,79,4,2,0,0,2,1,true,587.5,210.89949494949494,734.1,1800043.574359055,1208453.7235779287,59.83198241837872,0
profile,tfl-numbat-2019-midweek,evening,5.4545449999999995,11,1,3,off,free-flow,strict,1,0,940GZZLUEUS,0,3900,2881,1800,1798.5,8ed279d12330b0cd,330,330,0,0,218,112,7.266666666666667,72,93,9.733333333333333,19,true,1081,45,114,113,75,2,2,0,0,1,1,true,701.5,179.63530303030302,728.15,1676612.6018272762,1095619.5571361221,60.47879490923302,0
profile,tfl-numbat-2019-midweek,evening,5.4545449999999995,11,1,3,off,free-flow,none,1,0,940GZZLUEUS,0,3900,3028,1800,1798.5,8ed279d12330b0cd,330,330,0,0,214,116,7.133333333333334,71,94,9.533333333333333,22,true,1228,52,116,114,78,3,2,0,0,1,2,true,513.5,192.939898989899,562.3666666666667,1678637.6018276268,1222645.892656327,57.8584479944523,0
profile,tfl-numbat-2019-midweek,evening,5,11.966666666666667,1,1,off,free-flow,strict,1,0,940GZZLUEUS,0,3900,3282,1800,1795,a190a3a06673b595,359,359,0,0,222,137,7.4,75,104,9.8,33,true,1482,71,137,114,78,3,4,0,1,2,1,true,870,257.6897400185701,975.6666666666666,1964532.8187818928,1397068.5396438448,58.440386271794516,0
profile,tfl-numbat-2019-midweek,evening,5,11.966666666666667,1,1,off,free-flow,none,1,0,940GZZLUEUS,0,3900,3247,1800,1795,a190a3a06673b595,359,359,0,0,223,136,7.433333333333334,75,104,9.866666666666667,32,true,1447,79,138,114,79,2,4,0,1,1,1,true,811,266.94257195914577,955.2666666666667,1965207.81878209,1417668.7438625114,58.09280304468948,0
profile,tfl-numbat-2019-midweek,evening,5,11.966666666666667,1,2,off,free-flow,strict,1,0,940GZZLUEUS,0,3900,3219,1800,1795,140deb2d9657264b,359,359,0,0,213,146,7.1,75,104,9.2,42,true,1419,71,147,114,77,2,2,0,0,2,2,true,1011,252.6342154131848,1010.6166666666667,1958774.767639228,1302858.8868763046,60.05502073868485,0
profile,tfl-numbat-2019-midweek,evening,5,11.966666666666667,1,2,off,free-flow,none,1,0,940GZZLUEUS,0,3900,3103,1800,1795,140deb2d9657264b,359,359,0,0,213,146,7.1,75,104,9.2,42,true,1303,74,147,114,75,4,3,0,0,2,2,true,895,255.30482822655526,894.1166666666667,1959674.7676396722,1282384.177425295,60.44537748527587,0
profile,tfl-numbat-2019-midweek,evening,5,11.966666666666667,1,3,off,free-flow,strict,1,0,940GZZLUEUS,0,3900,3176,1800,1795,3de16aff2dc2b065,359,359,0,0,229,130,7.633333333333334,77,102,10.133333333333333,28,true,1376,61,133,114,76,4,2,0,0,2,2,true,660,226.71583101207054,849.5166666666667,1853967.856126799,1374509.5016467613,57.42545635832931,0
profile,tfl-numbat-2019-midweek,evening,5,11.966666666666667,1,3,off,free-flow,none,1,0,940GZZLUEUS,0,3900,3424,1800,1795,3de16aff2dc2b065,359,359,0,0,226,133,7.533333333333333,77,102,9.933333333333334,31,true,1624,64,135,114,75,3,2,0,0,1,1,true,817,219.81833797585887,926.9833333333333,1852242.856126215,1398780.9478704373,56.97414008009282,0
profile,tfl-numbat-2019-midweek,evening,4.615385,13.033333333333333,1,1,off,free-flow,strict,1,0,940GZZLUEUS,0,3900,3466,1800,1798.6,e963afde427cc29f,391,391,0,0,230,161,7.666666666666667,77,118,10.2,43,true,1666,99,161,114,84,3,5,0,1,1,1,true,1204.4,321.52872975277063,1221.8166666666666,2124393.967863271,1528647.163033796,58.15412123053729,0
profile,tfl-numbat-2019-midweek,evening,4.615385,13.033333333333333,1,2,off,free-flow,strict,1,0,940GZZLUEUS,0,3900,3475,1800,1798.6,5c39f262c2e4a004,391,391,0,0,218,173,7.266666666666667,77,118,9.4,55,true,1675,102,173,114,73,3,4,0,1,2,2,true,1107.4,340.16193520886617,1114.3166666666666,2135332.0882723965,1508803.5190894876,58.59639482017622,0
profile,tfl-numbat-2019-midweek,evening,4.615385,13.033333333333333,1,3,off,free-flow,strict,1,0,940GZZLUEUS,0,3900,3018,1800,1798.6,a6a90c310b40c11b,391,391,0,0,239,152,7.966666666666667,82,113,10.466666666666667,39,true,1218,83,159,114,79,2,3,0,1,1,1,true,725.4,271.8820119352089,794.0333333333333,2015363.809819097,1401876.8153175814,58.976350538337904,0
profile,tfl-numbat-2019-midweek,evening,4.2857140000000005,14,1,1,off,free-flow,strict,1,0,940GZZLUEUS,0,3900,3584,1800,1799,e5a5471b5e211a7c,420,420,0,0,233,187,7.766666666666667,79,131,10.266666666666667,56,true,1784,118,187,114,77,4,4,0,0,1,1,true,1322,389.60305555555556,1462.8333333333333,2253155.9450527206,1659767.0127098265,57.58242544956981,0
profile,tfl-numbat-2019-midweek,evening,4.2857140000000005,14,1,2,off,free-flow,strict,1,0,940GZZLUEUS,0,3900,3549,1800,1799,3cfb7a1e8de1cdca,420,420,0,0,229,191,7.633333333333334,80,130,9.933333333333334,61,true,1749,123,192,114,74,3,3,0,1,2,2,true,1167,395.99448412698416,1201.6166666666666,2289079.6172876083,1664168.412176201,57.90376926079397,0
profile,tfl-numbat-2019-midweek,evening,4.2857140000000005,14,1,3,off,free-flow,strict,1,0,940GZZLUEUS,0,3900,3431,1800,1799,8d1eb005ae7b2be2,420,420,0,0,240,180,8,84,126,10.4,54,true,1631,116,180,114,79,2,3,0,0,2,1,true,925,345.50226190476195,959.15,2159678.80730478,1649393.4185359958,56.698289747658286,0
profile,tfl-numbat-2019-midweek,evening,4,14.966666666666667,1,1,off,free-flow,strict,1,0,940GZZLUEUS,0,3900,3749,1800,1796,9acce1466eaaacf4,449,449,0,0,236,213,7.866666666666666,79,145,10.466666666666667,68,true,1949,144,213,114,81,3,5,1,1,1,2,true,1236,448.7606904231626,1251.9333333333334,2420422.8105715173,1800744.1944717306,57.34013384639159,0
profile,tfl-numbat-2019-midweek,evening,4,14.966666666666667,1,2,off,free-flow,strict,1,0,940GZZLUEUS,0,3900,3685,1800,1796,120f96969b81f894,449,449,0,0,225,224,7.5,83,141,9.466666666666667,83,true,1885,154,228,114,79,3,3,0,1,1,2,true,1308,476.5480697847068,1435.1666666666667,2448319.3678529575,1787656.8059629078,57.79823274235877,0
profile,tfl-numbat-2019-midweek,evening,4,14.966666666666667,1,3,off,free-flow,strict,1,0,940GZZLUEUS,0,3900,3366,1800,1796,e59e69d0a95354cc,449,449,0,0,236,213,7.866666666666666,87,137,9.933333333333334,76,true,1566,141,214,114,77,4,3,0,1,2,2,true,1181,438.8157757980698,1298.8,2306642.458977602,1754175.3748536082,56.8024115674596,0
profile,tfl-numbat-2019-midweek,late,60,0.9666666666666667,1,1,off,free-flow,strict,1,0,940GZZLUEUS,0,3900,2363,1800,1740,3f43491072734442,29,29,0,0,24,5,0.8,6,8,1.2,-3,true,563,2,10,10,10,1,0,0,0,1,1,true,0,40.54655172413793,150.4,159049.1878895678,41343.45237978257,79.36877705477991,0
profile,tfl-numbat-2019-midweek,late,60,0.9666666666666667,1,1,off,free-flow,none,1,0,940GZZLUEUS,0,3900,2363,1800,1740,3f43491072734442,29,29,0,0,24,5,0.8,6,8,1.2,-3,true,563,2,10,10,10,1,0,0,0,1,1,true,0,40.54655172413793,150.4,159049.1878895678,41343.45237978257,79.36877705477991,0
profile,tfl-numbat-2019-midweek,late,60,0.9666666666666667,1,2,off,free-flow,strict,1,0,940GZZLUEUS,0,3900,2390,1800,1740,9611b15078e17182,29,29,0,0,24,5,0.8,8,6,1.0666666666666667,-1,true,590,2,10,10,10,0,0,0,0,1,0,true,0,47.78103448275862,162.81666666666666,165840.76108551992,38885.03164652217,81.00628595566494,0
profile,tfl-numbat-2019-midweek,late,60,0.9666666666666667,1,2,off,free-flow,none,1,0,940GZZLUEUS,0,3900,2390,1800,1740,9611b15078e17182,29,29,0,0,24,5,0.8,8,6,1.0666666666666667,-1,true,590,2,10,10,10,0,0,0,0,1,0,true,0,47.78103448275862,162.81666666666666,165840.76108551992,38885.03164652217,81.00628595566494,0
profile,tfl-numbat-2019-midweek,late,60,0.9666666666666667,1,3,off,free-flow,strict,1,0,940GZZLUEUS,0,3900,2171,1800,1740,f9d41282ed87e336,29,29,0,0,21,8,0.7,7,7,0.9333333333333333,1,true,371,2,10,10,9,1,1,0,1,2,1,true,0,47.90862068965517,150.3,173312.5723753194,68925.49644139514,71.54638130245891,0
profile,tfl-numbat-2019-midweek,late,60,0.9666666666666667,1,3,off,free-flow,none,1,0,940GZZLUEUS,0,3900,2171,1800,1740,f9d41282ed87e336,29,29,0,0,21,8,0.7,7,7,0.9333333333333333,1,true,371,2,10,10,9,1,1,0,1,2,1,true,0,47.90862068965517,150.3,173312.5723753194,68925.49644139514,71.54638130245891,0
profile,tfl-numbat-2019-midweek,late,30,1.9666666666666666,1,1,off,free-flow,strict,1,0,940GZZLUEUS,0,3900,2453,1800,1770,7b78c0c6c5b6751f,59,59,0,0,44,15,1.4666666666666666,14,15,2,0,true,653,6,18,18,16,1,0,0,0,1,1,true,110,70.55084745762711,187.78333333333333,305891.00811986474,119067.53698332695,71.9813759823528,0
profile,tfl-numbat-2019-midweek,late,30,1.9666666666666666,1,1,off,free-flow,none,1,0,940GZZLUEUS,0,3900,2453,1800,1770,7b78c0c6c5b6751f,59,59,0,0,44,15,1.4666666666666666,14,15,2,0,true,653,6,18,18,16,1,0,0,0,1,1,true,110,70.55084745762711,187.78333333333333,305816.008119863,115626.11540396871,72.56417691777544,0
profile,tfl-numbat-2019-midweek,late,30,1.9666666666666666,1,2,off,free-flow,strict,1,0,940GZZLUEUS,0,3900,2387,1800,1770,dcdfc76528b14094,59,59,0,0,43,16,1.4333333333333333,13,16,2,0,true,587,6,19,19,16,1,0,0,0,1,1,true,118,78.13248587570621,249,324299.8969888538,154551.17235428272,67.7245844796195,0
profile,tfl-numbat-2019-midweek,late,30,1.9666666666666666,1,2,off,free-flow,none,1,0,940GZZLUEUS,0,3900,2387,1800,1770,dcdfc76528b14094,59,59,0,0,43,16,1.4333333333333333,13,16,2,0,true,587,6,19,19,16,1,0,0,0,1,1,true,118,78.13248587570621,249,324299.8969888538,154551.17235428272,67.7245844796195,0
profile,tfl-numbat-2019-midweek,late,30,1.9666666666666666,1,3,off,free-flow,strict,1,0,940GZZLUEUS,0,3900,2439,1800,1770,ce3fa968a97b9b41,59,59,0,0,45,14,1.5,11,18,2.2666666666666666,-4,true,639,5,19,19,19,1,1,0,0,2,1,true,118,61.872033898305084,178.33333333333334,334019.86642702867,154366.1405517219,68.39259554001957,0
profile,tfl-numbat-2019-midweek,late,30,1.9666666666666666,1,3,off,free-flow,none,1,0,940GZZLUEUS,0,3900,2439,1800,1770,ce3fa968a97b9b41,59,59,0,0,45,14,1.5,11,18,2.2666666666666666,-4,true,639,5,19,19,19,1,1,0,0,2,1,true,113,62.25,170.31666666666666,333944.8664270246,155958.65224304178,68.1654353766594,0
profile,tfl-numbat-2019-midweek,late,20,2.966666666666667,1,1,off,free-flow,strict,1,0,940GZZLUEUS,0,3900,2418,1800,1780,696ec036853324f3,89,89,0,0,64,25,2.1333333333333333,21,23,2.8666666666666667,2,true,618,8,28,28,24,1,1,0,0,1,1,true,203,89.02059925093633,220.28333333333333,466688.2969770916,207489.38316858152,69.22333840483294,0
profile,tfl-numbat-2019-midweek,late,20,2.966666666666667,1,1,off,free-flow,none,1,0,940GZZLUEUS,0,3900,2418,1800,1780,696ec036853324f3,89,89,0,0,64,25,2.1333333333333333,21,23,2.8666666666666667,2,true,618,8,28,28,24,1,1,0,0,1,1,true,203,89.02059925093633,220.28333333333333,466688.2969770916,207489.38316858152,69.22333840483294,0
profile,tfl-numbat-2019-midweek,late,20,2.966666666666667,1,2,off,free-flow,strict,1,0,940GZZLUEUS,0,3900,2465,1800,1780,a00e982a26c3858a,89,89,0,0,64,25,2.1333333333333333,20,24,2.933333333333333,1,true,665,8,28,28,22,1,0,0,0,1,1,true,145,85.12902621722847,326.65,508070.77882961935,225370.29221053136,69.27220180199127,0
profile,tfl-numbat-2019-midweek,late,20,2.966666666666667,1,2,off,free-flow,none,1,0,940GZZLUEUS,0,3900,2465,1800,1780,a00e982a26c3858a,89,89,0,0,64,25,2.1333333333333333,20,24,2.933333333333333,1,true,665,8,28,28,22,1,0,0,0,1,1,true,145,84.27827715355805,326.65,508070.77882961946,226458.3228705153,69.16959146392473,0
profile,tfl-numbat-2019-midweek,late,20,2.966666666666667,1,3,off,free-flow,strict,1,0,940GZZLUEUS,0,3900,2739,1800,1780,0c012ee02aa5d7cd,89,89,0,0,67,22,2.2333333333333334,18,26,3.2666666666666666,-4,true,939,9,28,28,25,1,1,0,0,2,1,true,190,83.1807116104869,229.68333333333334,474800.95803441637,260373.81275352224,64.5834129380608,0
profile,tfl-numbat-2019-midweek,late,20,2.966666666666667,1,3,off,free-flow,none,1,0,940GZZLUEUS,0,3900,2739,1800,1780,0c012ee02aa5d7cd,89,89,0,0,67,22,2.2333333333333334,18,26,3.2666666666666666,-4,true,939,9,28,28,25,1,1,0,0,2,1,true,190,83.1807116104869,229.68333333333334,474800.95803441637,260373.81275352224,64.5834129380608,0
profile,tfl-numbat-2019-midweek,late,15,3.966666666666667,1,1,off,free-flow,strict,1,0,940GZZLUEUS,0,3900,2537,1800,1785,1908eda44fdc9049,119,119,0,0,87,32,2.9,26,33,4.066666666666666,-1,true,737,11,37,37,29,1,1,0,0,2,1,true,203,104.41820728291317,245.75,619116.4070535367,314123.0502981547,66.34057338407442,0
profile,tfl-numbat-2019-midweek,late,15,3.966666666666667,1,1,off,free-flow,none,1,0,940GZZLUEUS,0,3900,2531,1800,1785,1908eda44fdc9049,119,119,0,0,87,32,2.9,26,33,4.066666666666666,-1,true,731,11,37,37,29,1,1,0,0,2,1,true,203,103.41218487394958,245.75,619491.4070534685,312277.90544017643,66.48549149955974,0
profile,tfl-numbat-2019-midweek,late,15,3.966666666666667,1,2,off,free-flow,strict,1,0,940GZZLUEUS,0,3900,2659,1800,1785,c990a351ec0e59e2,119,119,0,0,82,37,2.7333333333333334,24,35,3.8666666666666667,2,true,859,10,43,42,35,1,2,0,0,1,1,true,187,96.24929971988794,355.4166666666667,682035.2058577387,296244.8740776154,69.71778530978658,0
profile,tfl-numbat-2019-midweek,late,15,3.966666666666667,1,2,off,free-flow,none,1,0,940GZZLUEUS,0,3900,2659,1800,1785,c990a351ec0e59e2,119,119,0,0,82,37,2.7333333333333334,24,35,3.8666666666666667,2,true,859,10,43,43,35,1,2,0,0,1,1,true,187,96.24929971988794,355.4166666666667,682035.2058577324,290317.7528621553,70.14276037742904,0
profile,tfl-numbat-2019-midweek,late,15,3.966666666666667,1,3,off,free-flow,strict,1,0,940GZZLUEUS,0,3900,2496,1800,1785,3252cce4e219d7d2,119,119,0,0,88,31,2.933333333333333,26,33,4.133333333333334,-2,true,696,10,37,37,31,2,2,0,0,2,2,true,101,87.69047619047619,241.9,634318.8087176203,281019.28523137124,69.29885393286916,0
profile,tfl-numbat-2019-midweek,late,15,3.966666666666667,1,3,off,free-flow,none,1,0,940GZZLUEUS,0,3900,2496,1800,1785,3252cce4e219d7d2,119,119,0,0,88,31,2.933333333333333,26,33,4.133333333333334,-2,true,696,10,37,37,31,2,2,0,0,2,2,true,82,88.33151260504202,241.9,634318.8087175821,286035.1290773891,68.92118158773938,0
profile,tfl-numbat-2019-midweek,late,12,4.966666666666667,1,1,off,free-flow,strict,1,0,940GZZLUEUS,0,3900,2720,1800,1788,f319e0476eefe869,149,149,0,0,105,44,3.5,37,37,4.533333333333333,7,true,920,15,47,47,36,2,1,0,0,1,1,true,234,114.37986577181208,288.5,811650.8505084593,338333.5950159828,70.57928945624232,0
profile,tfl-numbat-2019-midweek,late,12,4.966666666666667,1,1,off,free-flow,none,1,0,940GZZLUEUS,0,3900,2720,1800,1788,f319e0476eefe869,149,149,0,0,105,44,3.5,37,37,4.533333333333333,7,true,920,15,47,47,36,2,1,0,0,1,1,true,234,113.92986577181208,288.5,811800.8505084572,338275.6987821699,70.58667973094312,0
profile,tfl-numbat-2019-midweek,late,12,4.966666666666667,1,2,off,free-flow,strict,1,0,940GZZLUEUS,0,3900,2563,1800,1788,25b0287529ffabe9,149,149,0,0,102,47,3.4,34,40,4.533333333333333,7,true,763,15,50,50,39,1,2,0,0,1,1,true,237,112.33881431767337,355.4166666666667,871073.6727994512,335462.7598881683,72.196217967417,0
profile,tfl-numbat-2019-midweek,late,12,4.966666666666667,1,2,off,free-flow,none,1,0,940GZZLUEUS,0,3900,2579,1800,1788,25b0287529ffabe9,149,149,0,0,102,47,3.4,34,40,4.533333333333333,7,true,779,14,50,50,39,1,2,0,0,1,1,true,253,110.75570469798659,355.4166666666667,871148.6727995124,324056.3214196403,72.88696725775048,0
profile,tfl-numbat-2019-midweek,late,12,4.966666666666667,1,3,off,free-flow,strict,1,0,940GZZLUEUS,0,3900,2569,1800,1788,04c7ef6a02d9c80e,149,149,0,0,109,40,3.6333333333333333,36,38,4.866666666666666,2,true,769,14,45,45,37,2,2,0,0,2,2,true,194,91.47964205816555,259.8833333333333,803425.9447016299,364396.97586201795,68.79689810453948,0
profile,tfl-numbat-2019-midweek,late,12,4.966666666666667,1,3,off,free-flow,none,1,0,940GZZLUEUS,0,3900,2569,1800,1788,04c7ef6a02d9c80e,149,149,0,0,109,40,3.6333333333333333,36,38,4.866666666666666,2,true,769,14,45,45,37,2,2,0,0,2,2,true,194,91.47964205816555,259.8833333333333,803425.9447016299,364396.97586201795,68.79689810453948,0
profile,tfl-numbat-2019-midweek,late,10,5.966666666666667,1,1,off,free-flow,strict,1,0,940GZZLUEUS,0,3900,2582,1800,1790,6ce0ab44737101c7,179,179,0,0,118,61,3.933333333333333,41,48,5.133333333333334,13,true,782,20,61,61,45,1,1,0,1,1,1,true,264,132.84869646182494,366.8,984585.4855884219,428827.5795009862,69.66013757104616,0
profile,tfl-numbat-2019-midweek,late,10,5.966666666666667,1,1,off,free-flow,none,1,0,940GZZLUEUS,0,3900,2582,1800,1790,6ce0ab44737101c7,179,179,0,0,118,61,3.933333333333333,41,48,5.133333333333334,13,true,782,20,61,61,45,1,1,0,1,1,1,true,264,131.0409683426443,366.8,984735.4855884049,428171.9174518141,69.69568447794268,0
profile,tfl-numbat-2019-midweek,late,10,5.966666666666667,1,2,off,free-flow,strict,1,0,940GZZLUEUS,0,3900,2607,1800,1790,a6ba80452bf89cc8,179,179,0,0,123,56,4.1,41,48,5.466666666666667,8,true,807,22,60,60,45,2,2,0,0,2,1,true,276,131.6380819366853,411.76666666666665,1038953.5444728383,495216.09437832294,67.72090374900408,0
profile,tfl-numbat-2019-midweek,late,10,5.966666666666667,1,2,off,free-flow,none,1,0,940GZZLUEUS,0,3900,2597,1800,1790,a6ba80452bf89cc8,179,179,0,0,123,56,4.1,41,48,5.466666666666667,8,true,797,22,60,60,45,2,2,0,0,2,1,true,266,131.52029795158288,411.76666666666665,1038878.5444728131,492460.7336051892,67.84117401969333,0
profile,tfl-numbat-2019-midweek,late,10,5.966666666666667,1,3,off,free-flow,strict,1,0,940GZZLUEUS,0,3900,2566,1800,1790,6b141e3b4a5792f4,179,179,0,0,128,51,4.266666666666667,40,49,5.866666666666666,2,true,766,16,56,56,44,2,2,0,1,1,2,true,341,110.2256052141527,350.05,936110.0361753464,449080.9131774974,67.57985508154624,0
profile,tfl-numbat-2019-midweek,late,10,5.966666666666667,1,3,off,free-flow,none,1,0,940GZZLUEUS,0,3900,2587,1800,1790,6b141e3b4a5792f4,179,179,0,0,127,52,4.233333333333333,40,49,5.8,3,true,787,16,56,56,45,2,2,0,0,1,2,true,362,110.22877094972067,371.76666666666665,936335.0361751312,458606.75723506015,67.12359186587193,0
profile,tfl-numbat-2019-midweek,late,8.571429,7,1,1,off,free-flow,strict,1,0,940GZZLUEUS,0,3900,2946,1800,1799,ff106fd3f52d9cd6,210,210,0,0,137,73,4.566666666666666,46,59,6.066666666666666,14,true,1146,28,78,78,54,2,1,0,0,2,1,true,317,158.07817460317463,433.8833333333333,1145173.6381722547,677440.1537292545,62.8313932035766,0
profile,tfl-numbat-2019-midweek,late,8.571429,7,1,1,off,free-flow,none,1,0,940GZZLUEUS,0,3900,2959,1800,1799,ff106fd3f52d9cd6,210,210,0,0,137,73,4.566666666666666,46,59,6.066666666666666,14,true,1159,29,78,78,54,1,1,0,0,2,1,true,362,156.60714285714283,433.8833333333333,1145398.638172406,657013.4433067249,63.548100345202215,0
profile,tfl-numbat-2019-midweek,late,8.571429,7,1,2,off,free-flow,strict,1,0,940GZZLUEUS,0,3900,2753,1800,1799,1a27ca72858d2a15,210,210,0,0,135,75,4.5,46,59,5.933333333333334,16,true,953,28,75,75,51,2,2,0,1,2,2,true,369,165.40952380952382,461.1166666666667,1217214.110659803,694078.3133461633,63.68539399683214,0
profile,tfl-numbat-2019-midweek,late,8.571429,7,1,2,off,free-flow,none,1,0,940GZZLUEUS,0,3900,2710,1800,1799,1a27ca72858d2a15,210,210,0,0,134,76,4.466666666666667,46,59,5.866666666666666,17,true,910,31,76,76,50,1,2,0,0,2,2,true,349,168.33301587301588,510.1333333333333,1217664.1106599865,684281.6297360695,64.02202149081411,0
profile,tfl-numbat-2019-midweek,late,8.571429,7,1,3,off,free-flow,strict,1,0,940GZZLUEUS,0,3900,2648,1800,1799,a7d9d942eff35942,210,210,0,0,150,60,5,46,59,6.933333333333334,1,true,848,22,68,68,50,2,3,0,1,1,1,true,306,124.28365079365079,365.85,1097859.6679959793,554549.7255629752,66.43993142833766,0
profile,tfl-numbat-2019-midweek,late,8.571429,7,1,3,off,free-flow,none,1,0,940GZZLUEUS,0,3900,2648,1800,1799,a7d9d942eff35942,210,210,0,0,150,60,5,46,59,6.933333333333334,1,true,848,21,68,68,50,2,3,0,1,1,1,true,306,124.36015873015873,365.85,1098384.6679961344,551797.7630552188,66.56140844357061,0
profile,tfl-numbat-2019-midweek,late,7.5,7.966666666666667,1,1,off,free-flow,strict,1,0,940GZZLUEUS,0,3900,2643,1800,1792.5,4c95945b07ad4db4,239,239,0,0,155,84,5.166666666666667,51,68,6.933333333333334,16,true,843,37,88,88,62,2,2,0,0,2,1,true,307.5,169.49205020920502,454.01666666666665,1320172.0725430062,747628.3760731458,63.844268600798195,0
profile,tfl-numbat-2019-midweek,late,7.5,7.966666666666667,1,1,off,free-flow,none,1,0,940GZZLUEUS,0,3900,2629,1800,1792.5,4c95945b07ad4db4,239,239,0,0,153,86,5.1,51,68,6.8,18,true,829,37,88,88,61,2,2,0,0,2,1,true,236.5,169.70488145048816,456.31666666666666,1320172.0725428755,747111.179017909,63.86024128750402,0
profile,tfl-numbat-2019-midweek,late,7.5,7.966666666666667,1,2,off,free-flow,strict,1,0,940GZZLUEUS,0,3900,2596,1800,1792.5,bc66ba7eac15925a,239,239,0,0,152,87,5.066666666666666,51,68,6.733333333333333,19,true,796,41,91,91,58,2,3,0,1,1,2,true,423.5,187.70927475592745,513.15,1349107.2170606006,811443.4627836574,62.44274802930567,0
profile,tfl-numbat-2019-midweek,late,7.5,7.966666666666667,1,2,off,free-flow,none,1,0,940GZZLUEUS,0,3900,2619,1800,1792.5,bc66ba7eac15925a,239,239,0,0,150,89,5,52,67,6.533333333333333,22,true,819,39,91,91,60,3,3,0,0,1,1,true,394.5,186.0096931659693,573.5333333333333,1348507.2170599995,829343.2537962856,61.91918293315126,0
profile,tfl-numbat-2019-midweek,late,7.5,7.966666666666667,1,3,off,free-flow,strict,1,0,940GZZLUEUS,0,3900,2653,1800,1792.5,0ae3f856fd211af2,239,239,0,0,169,70,5.633333333333334,52,67,7.8,3,true,853,27,79,79,58,2,2,0,0,1,1,true,309.5,139.49595536959552,432.28333333333336,1255297.5273195868,666602.8608608561,65.31543128039213,0
profile,tfl-numbat-2019-midweek,late,7.5,7.966666666666667,1,3,off,free-flow,none,1,0,940GZZLUEUS,0,3900,2653,1800,1792.5,0ae3f856fd211af2,239,239,0,0,169,70,5.633333333333334,52,67,7.8,3,true,853,29,78,78,58,2,3,0,0,1,1,true,287.5,138.96889818688982,432.28333333333336,1254922.527319652,665370.2951522953,65.35058156933691,0
profile,tfl-numbat-2019-midweek,late,6.666667,8.966666666666667,1,1,off,free-flow,strict,1,0,940GZZLUEUS,0,3900,2929,1800,1793.3333333333333,cde8843fbd18461c,269,269,0,0,176,93,5.866666666666666,55,79,8.066666666666666,14,true,1129,43,102,102,65,2,2,0,1,2,2,true,480.6666666666667,198.62905824039655,559.8666666666667,1496813.5062720433,1042048.9159117602,58.956069978166,0
profile,tfl-numbat-2019-midweek,late,6.666667,8.966666666666667,1,1,off,free-flow,none,1,0,940GZZLUEUS,0,3900,2939,1800,1793.3333333333333,cde8843fbd18461c,269,269,0,0,179,90,5.966666666666667,55,79,8.266666666666667,11,true,1139,45,104,104,62,3,2,0,0,2,2,true,595.6666666666666,198.91226765799257,675.1666666666666,1497038.506271737,1027456.125788521,59.30052245941966,0
profile,tfl-numbat-2019-midweek,late,6.666667,8.966666666666667,1,2,off,free-flow,strict,1,0,940GZZLUEUS,0,3900,2812,1800,1793.3333333333333,83a165183527ecc2,269,269,0,0,162,107,5.4,54,80,7.2,27,true,1012,45,107,107,65,2,3,0,1,2,1,true,471.6666666666667,208.3827757125155,542.15,1510228.2846934593,1067103.3176306074,58.59658428630742,0
profile,tfl-numbat-2019-midweek,late,6.666667,8.966666666666667,1,2,off,free-flow,none,1,0,940GZZLUEUS,0,3900,2796,1800,1793.3333333333333,83a165183527ecc2,269,269,0,0,166,103,5.533333333333333,55,79,7.4,24,true,996,44,104,104,68,2,3,0,0,2,2,true,470.6666666666667,197.17732342007437,517.1166666666667,1509178.2846930819,1054149.744954478,58.87573760509238,0
profile,tfl-numbat-2019-midweek,late,6.666667,8.966666666666667,1,3,off,free-flow,strict,1,0,940GZZLUEUS,0,3900,2753,1800,1793.3333333333333,83299e1e302850ba,269,269,0,0,180,89,6,56,78,8.266666666666667,11,true,953,38,91,91,64,1,3,0,1,1,1,true,390.6666666666667,173.34907063197028,503.48333333333335,1428043.1126917826,860126.4201771845,62.40984735520294,0
profile,tfl-numbat-2019-midweek,late,6.666667,8.966666666666667,1,3,off,free-flow,none,1,0,940GZZLUEUS,0,3900,2826,1800,1793.3333333333333,83299e1e302850ba,269,269,0,0,180,89,6,57,77,8.2,12,true,1026,38,93,93,64,2,3,0,0,1,1,true,454.6666666666667,169.04473358116482,503.48333333333335,1427893.1126919133,897903.4478918855,61.3937236339148,0
profile,tfl-numbat-2019-midweek,late,6,9.966666666666667,1,1,off,free-flow,strict,1,0,940GZZLUEUS,0,3900,3235,1800,1794,98fed7f7e0b5d5be,299,299,0,0,184,115,6.133333333333334,60,89,8.266666666666667,26,true,1435,56,118,114,71,2,2,0,1,1,1,true,645,232.2418060200669,836.3,1649501.6639293705,1271119.9250721205,56.4777604240509,0
profile,tfl-numbat-2019-midweek,late,6,9.966666666666667,1,1,off,free-flow,none,1,0,940GZZLUEUS,0,3900,3173,1800,1794,98fed7f7e0b5d5be,299,299,0,0,184,115,6.133333333333334,60,89,8.266666666666667,26,true,1373,61,120,114,71,3,2,0,0,1,1,true,766,236.66845039018952,777.7666666666667,1649426.6639288198,1319620.5294452645,55.554073630415374,0
profile,tfl-numbat-2019-midweek,late,6,9.966666666666667,1,2,off,free-flow,strict,1,0,940GZZLUEUS,0,3900,3091,1800,1794,37d7a79f46029bb5,299,299,0,0,187,112,6.233333333333333,57,92,8.666666666666666,20,true,1291,58,122,114,69,2,3,0,0,1,1,true,656,230.53338907469342,716.45,1669738.047160315,1261386.6145414037,56.96578071131638,0
profile,tfl-numbat-2019-midweek,late,6,9.966666666666667,1,2,off,free-flow,none,1,0,940GZZLUEUS,0,3900,3402,1800,1794,37d7a79f46029bb5,299,299,0,0,190,109,6.333333333333333,56,93,8.933333333333334,16,true,1602,54,121,114,69,2,3,1,1,1,1,true,651,227.22051282051282,794.05,1669588.0471604706,1278778.6730554614,56.62755707126532,0
profile,tfl-numbat-2019-midweek,late,6,9.966666666666667,1,3,off,free-flow,strict,1,0,940GZZLUEUS,0,3900,2980,1800,1794,fc6ee2bcadca4be9,299,299,0,0,194,105,6.466666666666667,61,88,8.866666666666667,17,true,1180,47,107,107,70,2,3,0,0,2,1,true,431,204.0243032329989,529.2166666666667,1568156.9163741593,1190801.2197217017,56.838735458060356,0
profile,tfl-numbat-2019-midweek,late,6,9.966666666666667,1,3,off,free-flow,none,1,0,940GZZLUEUS,0,3900,2795,1800,1794,fc6ee2bcadca4be9,299,299,0,0,198,101,6.6,61,88,9.133333333333333,13,true,995,46,107,107,67,2,3,0,0,2,1,true,484,201.43639910813823,525.3833333333333,1568756.916374413,1123209.5980660475,58.27549889492171,0
profile,tfl-numbat-2019-midweek,late,5.4545449999999995,11,1,1,off,free-flow,strict,1,0,940GZZLUEUS,0,3900,3115,1800,1798.5,a742cd2d2261b9db,330,330,0,0,195,135,6.5,66,99,8.6,36,true,1315,70,136,114,70,3,2,0,0,1,1,true,701.5,273.195,871.6833333333333,1815446.4612944585,1402717.5574892452,56.41249018689239,0
profile,tfl-numbat-2019-midweek,late,5.4545449999999995,11,1,1,off,free-flow,none,1,0,940GZZLUEUS,0,3900,3165,1800,1798.5,a742cd2d2261b9db,330,330,0,0,198,132,6.6,67,98,8.733333333333333,34,true,1365,68,132,114,74,2,2,0,0,1,1,true,849.5,265.7381313131313,930.55,1813946.4612942066,1380520.1990282482,56.78401605578516,0
profile,tfl-numbat-2019-midweek,late,5.4545449999999995,11,1,2,off,free-flow,strict,1,0,940GZZLUEUS,0,3900,3306,1800,1798.5,be1a4b815253bd7f,330,330,0,0,197,133,6.566666666666666,60,105,9.133333333333333,28,true,1506,70,137,114,74,2,3,0,1,2,2,true,735.5,272.7938888888889,1073.35,1845033.5480776483,1398119.704462896,56.89011293660975,0
profile,tfl-numbat-2019-midweek,late,5.4545449999999995,11,1,2,off,free-flow,none,1,0,940GZZLUEUS,0,3900,3215,1800,1798.5,be1a4b815253bd7f,330,330,0,0,196,134,6.533333333333333,59,106,9.133333333333333,28,true,1415,73,137,114,71,4,3,0,1,2,2,true,706.5,274.0471717171717,912.85,1845933.5480777344,1444614.4685489826,56.098058400924984,0
profile,tfl-numbat-2019-midweek,late,5.4545449999999995,11,1,3,off,free-flow,strict,1,0,940GZZLUEUS,0,3900,2863,1800,1798.5,aeaa655b97568ddc,330,330,0,0,212,118,7.066666666666666,63,102,9.933333333333334,16,true,1063,58,120,114,68,3,3,0,1,2,1,true,613.5,228.49247474747474,738.0666666666667,1732896.4213700497,1275924.890690134,57.593862899871255,0
profile,tfl-numbat-2019-midweek,late,5.4545449999999995,11,1,3,off,free-flow,none,1,0,940GZZLUEUS,0,3900,2947,1800,1798.5,aeaa655b97568ddc,330,330,0,0,212,118,7.066666666666666,63,102,9.933333333333334,16,true,1147,57,121,114,71,2,3,0,0,2,1,true,596.5,228.97252525252526,738.0666666666667,1732221.421369657,1327654.5990155607,56.610836838793944,0
profile,tfl-numbat-2019-midweek,late,5,11.966666666666667,1,1,off,free-flow,strict,1,0,940GZZLUEUS,0,3900,3134,1800,1795,c4d654bacd1c393f,359,359,0,0,206,153,6.866666666666666,66,113,9.333333333333334,40,true,1334,90,157,114,77,2,3,0,1,2,2,true,787,316.88337975858866,870.1333333333333,1983364.234702774,1449737.6801048203,57.77178434896332,0
profile,tfl-numbat-2019-midweek,late,5,11.966666666666667,1,1,off,free-flow,none,1,0,940GZZLUEUS,0,3900,3254,1800,1795,c4d654bacd1c393f,359,359,0,0,203,156,6.766666666666667,66,113,9.133333333333333,43,true,1454,93,160,114,74,3,2,0,0,2,2,true,1033,330.55,1052.7333333333333,1981564.234702116,1540338.5897304248,56.26402355440888,0
profile,tfl-numbat-2019-midweek,late,5,11.966666666666667,1,2,off,free-flow,strict,1,0,940GZZLUEUS,0,3900,3333,1800,1795,9df3d2223b4cc3f6,359,359,0,0,205,154,6.833333333333333,61,118,9.6,36,true,1533,92,156,114,74,2,3,1,1,1,2,true,826,333.82827298050137,1037.0166666666667,1994572.0677133065,1588636.6548373813,55.664412043892355,0
profile,tfl-numbat-2019-midweek,late,5,11.966666666666667,1,2,off,free-flow,none,1,0,940GZZLUEUS,0,3900,3359,1800,1795,9df3d2223b4cc3f6,359,359,0,0,208,151,6.933333333333334,62,117,9.733333333333333,34,true,1559,89,153,114,75,3,3,0,1,1,2,true,966,327.7216805942433,1019,1995022.0677133144,1571801.7723915286,55.932733354576676,0
profile,tfl-numbat-2019-midweek,late,5,11.966666666666667,1,3,off,free-flow,strict,1,0,940GZZLUEUS,0,3900,2994,1800,1795,fb2a73a1032500d7,359,359,0,0,220,139,7.333333333333333,72,107,9.866666666666667,32,true,1194,75,142,114,73,3,3,0,0,2,2,true,668,268.2600278551532,807.7833333333333,1880903.1221004957,1384031.1084977142,57.609219336582825,0
profile,tfl-numbat-2019-midweek,late,5,11.966666666666667,1,3,off,free-flow,none,1,0,940GZZLUEUS,0,3900,3005,1800,1795,fb2a73a1032500d7,359,359,0,0,221,138,7.366666666666666,71,108,10,30,true,1205,74,139,114,74,3,3,0,1,2,2,true,597,265.3571959145775,829.3333333333334,1880003.122100522,1381571.3719012307,57.64096835923784,0
profile,tfl-numbat-2019-midweek,late,4.615385,13.033333333333333,1,1,off,free-flow,strict,1,0,940GZZLUEUS,0,3900,3756,1800,1798.6,5901994003b35650,391,391,0,0,214,177,7.133333333333334,68,127,9.733333333333333,50,true,1956,116,179,114,74,3,2,0,0,2,2,true,1099.4,390.1451832907076,1230.3333333333333,2151458.1189693687,1758538.6502017179,55.02454978819521,0
profile,tfl-numbat-2019-midweek,late,4.615385,13.033333333333333,1,1,off,free-flow,none,1,0,940GZZLUEUS,0,3900,3830,1800,1798.6,5901994003b35650,391,391,0,0,215,176,7.166666666666667,68,127,9.8,49,true,2030,116,178,114,75,2,2,0,0,1,2,true,1173.4,384.01577152600174,1223.45,2151458.118969296,1732790.9180953794,55.3892940035367,0
profile,tfl-numbat-2019-midweek,late,4.615385,13.033333333333333,1,2,off,free-flow,strict,1,0,940GZZLUEUS,0,3900,3900,1800,1798.6,fe98d1722db6b27e,391,390,1,0,209,182,6.966666666666667,67,128,9.466666666666667,54,false,0,120,184,114,74,4,3,0,0,2,2,true,1374.4,419.6379795396419,1387.5333333333333,2157571.3923697164,1869135.5649056206,53.58153486862209,0
profile,tfl-numbat-2019-midweek,late,4.615385,13.033333333333333,1,2,off,free-flow,none,1,0,940GZZLUEUS,0,3900,3728,1800,1798.6,fe98d1722db6b27e,391,391,0,0,207,184,6.9,67,128,9.333333333333334,56,true,1928,116,184,114,74,2,3,0,0,2,2,true,1183.4,407.496589940324,1196.3833333333334,2158478.309339784,1759342.3697843428,55.09385155990182,0
profile,tfl-numbat-2019-midweek,late,4.615385,13.033333333333333,1,3,off,free-flow,strict,1,0,940GZZLUEUS,0,3900,3149,1800,1798.6,882b92859d36cd3a,391,391,0,0,221,170,7.366666666666666,73,122,9.866666666666667,48,true,1349,106,170,114,75,4,3,0,1,1,1,true,858.4,356.37642796248934,963.3,2013063.320203445,1611014.3586382496,55.54691423851732,0
profile,tfl-numbat-2019-midweek,late,4.615385,13.033333333333333,1,3,off,free-flow,none,1,0,940GZZLUEUS,0,3900,3255,1800,1798.6,882b92859d36cd3a,391,391,0,0,220,171,7.333333333333333,73,122,9.8,49,true,1455,107,171,114,72,4,3,0,1,2,1,true,1099.4,359.33657289002554,1161.05,2014788.320203855,1612664.9758095143,55.5427776952536,0
profile,tfl-numbat-2019-midweek,late,4.2857140000000005,14,1,1,off,free-flow,strict,1,0,940GZZLUEUS,0,3900,3539,1800,1799,1619796da1e5bece,420,420,0,0,210,210,7,74,136,9.066666666666666,74,true,1739,139,212,114,73,3,2,0,1,1,1,true,1006,466.0047619047619,1214.95,2313343.122011331,1880598.1080201014,55.15916878963974,0
profile,tfl-numbat-2019-midweek,late,4.2857140000000005,14,1,1,off,free-flow,none,1,0,940GZZLUEUS,0,3900,3722,1800,1799,1619796da1e5bece,420,420,0,0,211,209,7.033333333333333,74,136,9.133333333333333,73,true,1922,139,209,114,74,2,2,0,1,1,1,true,1057,466.60305555555556,1153.8333333333333,2312743.1220116774,1940084.880190374,54.38129923933376,0
profile,tfl-numbat-2019-midweek,late,4.2857140000000005,14,1,2,off,free-flow,strict,1,0,940GZZLUEUS,0,3900,3900,1800,1799,c6732daafdeff25c,420,419,1,0,215,205,7.166666666666667,68,142,9.8,63,false,0,151,208,114,74,3,3,0,1,2,2,true,1169,480.1840873015873,1198.8333333333333,2354082.599407267,1944799.5011695772,54.760343371393816,0
profile,tfl-numbat-2019-midweek,late,4.2857140000000005,14,1,2,off,free-flow,none,1,0,940GZZLUEUS,0,3900,3900,1800,1799,c6732daafdeff25c,420,419,1,0,220,200,7.333333333333333,69,141,10.066666666666666,59,false,0,140,203,114,75,3,3,0,1,2,2,true,1409,479.9136507936508,1438.3,2350132.5138156493,1924476.0682096581,54.978893826628635,0
profile,tfl-numbat-2019-midweek,late,4.2857140000000005,14,1,3,off,free-flow,strict,1,0,940GZZLUEUS,0,3900,3722,1800,1799,5d715f71ce359391,420,420,0,0,223,197,7.433333333333334,76,134,9.8,63,true,1922,134,198,114,71,3,4,0,1,2,2,true,1164,431.84726190476187,1163.5333333333333,2181273.170439452,1796359.0421831352,54.83848314375111,0
profile,tfl-numbat-2019-midweek,late,4.2857140000000005,14,1,3,off,free-flow,none,1,0,940GZZLUEUS,0,3900,3781,1800,1799,5d715f71ce359391,420,420,0,0,225,195,7.5,76,134,9.933333333333334,61,true,1981,129,196,114,69,3,4,0,1,2,2,true,1223,428.7213492063492,1222.0166666666667,2180523.170439103,1791717.7429938617,54.89403130271397,0
profile,tfl-numbat-2019-midweek,late,4,14.966666666666667,1,1,off,free-flow,none,1,0,940GZZLUEUS,0,3900,3769,1800,1796,e9538827e0405203,449,449,0,0,212,237,7.066666666666666,75,149,9.133333333333333,88,true,1969,169,237,114,72,2,2,0,1,2,1,true,1406,557.8441722345955,1445.65,2476803.3219091934,2051822.5571751245,54.69216022786143,0
profile,tfl-numbat-2019-midweek,late,4,14.966666666666667,1,2,off,free-flow,none,1,0,940GZZLUEUS,0,3900,3900,1800,1796,6622936b54de5f60,449,448,1,0,221,228,7.366666666666666,75,149,9.733333333333333,79,false,0,169,231,114,72,3,3,0,0,2,1,true,1463,536.4231625835189,1462.8,2506023.168425527,2038023.4794079834,55.149591600701044,0
profile,tfl-numbat-2019-midweek,late,4,14.966666666666667,1,3,off,free-flow,none,1,0,940GZZLUEUS,0,3900,3900,1800,1796,a42f9a1146943fd9,449,448,1,0,229,220,7.633333333333334,82,142,9.8,78,false,0,156,225,114,76,4,3,0,0,1,1,true,1416,495.56165553080916,1431.2833333333333,2332752.722429159,1897967.320179916,55.138432676593645,0
profile,tfl-numbat-2019-midweek,night,60,0.9666666666666667,1,1,off,free-flow,strict,1,0,940GZZLUEUS,0,3900,2284,1800,1740,ca2265641b46fb7e,29,29,0,0,22,7,0.7333333333333333,9,5,0.8666666666666667,2,true,484,3,9,9,9,1,1,0,0,1,1,true,158,52.74367816091954,165.28333333333333,144848.7384353437,74529.64291916759,66.02689724529915,0
profile,tfl-numbat-2019-midweek,night,60,0.9666666666666667,1,1,off,free-flow,none,1,0,940GZZLUEUS,0,3900,2284,1800,1740,ca2265641b46fb7e,29,29,0,0,22,7,0.7333333333333333,9,5,0.8666666666666667,2,true,484,3,9,9,9,1,1,0,0,1,1,true,158,52.74367816091954,165.28333333333333,144848.7384353437,74529.64291916759,66.02689724529915,0
profile,tfl-numbat-2019-midweek,night,60,0.9666666666666667,1,2,off,free-flow,strict,1,0,940GZZLUEUS,0,3900,2774,1800,1740,c81386e7d7872707,29,29,0,0,21,8,0.7,9,5,0.8,3,true,974,3,9,9,8,0,0,0,0,1,1,true,67,55.54252873563219,133.9,140371.27930934585,134676.84989844353,51.03516963145755,0
profile,tfl-numbat-2019-midweek,night,60,0.9666666666666667,1,2,off,free-flow,none,1,0,940GZZLUEUS,0,3900,2774,1800,1740,c81386e7d7872707,29,29,0,0,21,8,0.7,9,5,0.8,3,true,974,3,9,9,8,0,0,0,0,1,1,true,67,55.54252873563219,133.9,140371.27930934585,134676.84989844353,51.03516963145755,0
profile,tfl-numbat-2019-midweek,night,60,0.9666666666666667,1,3,off,free-flow,strict,1,0,940GZZLUEUS,0,3900,2834,1800,1740,59d46cdde352f10e,29,29,0,0,23,6,0.7666666666666667,8,6,1,0,true,1034,2,10,10,10,1,1,0,0,1,1,true,0,39.63735632183908,258.31666666666666,170185.61735795529,95788.5047909962,63.985780264234684,0
profile,tfl-numbat-2019-midweek,night,60,0.9666666666666667,1,3,off,free-flow,none,1,0,940GZZLUEUS,0,3900,2834,1800,1740,59d46cdde352f10e,29,29,0,0,23,6,0.7666666666666667,8,6,1,0,true,1034,2,10,10,10,1,1,0,0,1,1,true,0,39.63735632183908,258.31666666666666,170185.61735795529,95788.5047909962,63.985780264234684,0
profile,tfl-numbat-2019-midweek,night,30,1.9666666666666666,1,1,off,free-flow,strict,1,0,940GZZLUEUS,0,3900,2729,1800,1770,175bf1e8ac6f44d7,59,59,0,0,43,16,1.4333333333333333,16,13,1.8,3,true,929,6,18,18,17,1,1,0,0,1,1,true,33,70.56525423728814,221.83333333333334,332356.6804355477,209507.40928716245,61.33580112415747,0
profile,tfl-numbat-2019-midweek,night,30,1.9666666666666666,1,1,off,free-flow,none,1,0,940GZZLUEUS,0,3900,2729,1800,1770,175bf1e8ac6f44d7,59,59,0,0,43,16,1.4333333333333333,14,15,1.9333333333333333,1,true,929,6,18,18,17,1,1,0,0,1,1,true,33,74.03050847457627,221.83333333333334,332431.680435581,213884.52148321204,60.84968362058484,0
profile,tfl-numbat-2019-midweek,night,30,1.9666666666666666,1,2,off,free-flow,strict,1,0,940GZZLUEUS,0,3900,2968,1800,1770,332bbea8045ea8af,59,59,0,0,42,17,1.4,17,12,1.6666666666666667,5,true,1168,6,19,19,16,1,0,0,0,1,1,true,226,78.74576271186442,236.9,325219.73839429277,255419.25079583016,56.010661434897834,0
profile,tfl-numbat-2019-midweek,night,30,1.9666666666666666,1,2,off,free-flow,none,1,0,940GZZLUEUS,0,3900,2968,1800,1770,332bbea8045ea8af,59,59,0,0,42,17,1.4,17,12,1.6666666666666667,5,true,1168,6,19,19,16,1,0,0,0,1,1,true,226,78.74576271186442,236.9,325219.73839429277,255419.25079583016,56.010661434897834,0
profile,tfl-numbat-2019-midweek,night,30,1.9666666666666666,1,3,off,free-flow,strict,1,0,940GZZLUEUS,0,3900,2694,1800,1770,a1a4f419a9f155b7,59,59,0,0,42,17,1.4,14,15,1.8666666666666667,2,true,894,5,20,20,16,0,1,0,0,2,1,true,100,69.29632768361581,258.31666666666666,335289.6113319135,255173.65768101974,56.784160662933544,0
profile,tfl-numbat-2019-midweek,night,30,1.9666666666666666,1,3,off,free-flow,none,1,0,940GZZLUEUS,0,3900,2694,1800,1770,a1a4f419a9f155b7,59,59,0,0,42,17,1.4,14,15,1.8666666666666667,2,true,894,5,20,20,16,1,1,0,0,2,1,true,100,68.90677966101696,258.31666666666666,335289.6113319093,255021.05768101272,56.798839819811846,0
profile,tfl-numbat-2019-midweek,night,20,2.966666666666667,1,1,off,free-flow,strict,1,0,940GZZLUEUS,0,3900,2874,1800,1780,8c76375d5400f0a2,89,89,0,0,64,25,2.1333333333333333,24,20,2.6666666666666665,5,true,1074,7,27,27,24,1,1,0,0,1,1,true,168,79.16928838951311,272.1166666666667,482372.868223786,325926.0982073084,59.67753124238433,0
profile,tfl-numbat-2019-midweek,night,20,2.966666666666667,1,1,off,free-flow,none,1,0,940GZZLUEUS,0,3900,2874,1800,1780,8c76375d5400f0a2,89,89,0,0,64,25,2.1333333333333333,24,20,2.6666666666666665,5,true,1074,7,27,27,24,1,1,0,0,1,1,true,168,79.35318352059925,272.1166666666667,482297.86822378414,325636.84772891033,59.69515342029482,0
profile,tfl-numbat-2019-midweek,night,20,2.966666666666667,1,2,off,free-flow,strict,1,0,940GZZLUEUS,0,3900,3100,1800,1780,afec5a831dfb0ad9,89,89,0,0,63,26,2.1,22,22,2.7333333333333334,4,true,1300,9,30,30,24,1,1,0,0,2,1,true,348,104.21498127340824,418.05,523490.29168238374,418914.7244388051,55.54833460426587,0
profile,tfl-numbat-2019-midweek,night,20,2.966666666666667,1,2,off,free-flow,none,1,0,940GZZLUEUS,0,3900,3100,1800,1780,afec5a831dfb0ad9,89,89,0,0,63,26,2.1,22,22,2.7333333333333334,4,true,1300,9,30,30,24,1,1,0,0,2,1,true,348,105.25674157303371,418.05,523490.29168238456,416098.4310492843,55.71483341780006,0
profile,tfl-numbat-2019-midweek,night,20,2.966666666666667,1,3,off,free-flow,strict,1,0,940GZZLUEUS,0,3900,2762,1800,1780,094cd0a41dfbd30a,89,89,0,0,61,28,2.033333333333333,22,22,2.6,6,true,962,8,29,29,25,1,1,0,0,1,1,true,173,87.00861423220974,334.78333333333336,546123.1340510803,426351.5979296276,56.15807959747733,0
profile,tfl-numbat-2019-midweek,night,20,2.966666666666667,1,3,off,free-flow,none,1,0,940GZZLUEUS,0,3900,2762,1800,1780,094cd0a41dfbd30a,89,89,0,0,61,28,2.033333333333333,22,22,2.6,6,true,962,8,29,29,25,1,2,0,0,1,1,true,138,85.9059925093633,334.78333333333336,546123.134051081,417196.980172279,56.69176071251994,0
profile,tfl-numbat-2019-midweek,night,15,3.966666666666667,1,1,off,free-flow,strict,1,0,940GZZLUEUS,0,3900,3189,1800,1785,f9e1bd3d2523c995,119,119,0,0,83,36,2.7666666666666666,29,30,3.6,6,true,1389,11,36,36,31,1,1,0,0,1,1,true,432,102.20882352941177,446.98333333333335,680559.9718163534,491520.7935895223,58.06425563008746,0
profile,tfl-numbat-2019-midweek,night,15,3.966666666666667,1,1,off,free-flow,none,1,0,940GZZLUEUS,0,3900,3101,1800,1785,f9e1bd3d2523c995,119,119,0,0,83,36,2.7666666666666666,29,30,3.6,6,true,1301,11,37,37,31,1,1,0,1,1,1,true,345,101.0124649859944,366.76666666666665,680484.9718163441,485883.29219462746,58.3422057006468,0
profile,tfl-numbat-2019-midweek,night,15,3.966666666666667,1,2,off,free-flow,strict,1,0,940GZZLUEUS,0,3900,2874,1800,1785,690a196e2f9a4ff9,119,119,0,0,75,44,2.5,28,31,3.1333333333333333,13,true,1074,15,44,44,36,1,2,0,0,2,1,true,146,122.49285714285715,462.1166666666667,720694.9170481405,564372.6842591348,56.082257175808586,0
profile,tfl-numbat-2019-midweek,night,15,3.966666666666667,1,2,off,free-flow,none,1,0,940GZZLUEUS,0,3900,2874,1800,1785,690a196e2f9a4ff9,119,119,0,0,75,44,2.5,28,31,3.1333333333333333,13,true,1074,14,44,44,36,1,2,0,0,2,1,true,146,123.25728291316527,462.1166666666667,720544.9170481669,555934.0283007744,56.44784974116412,0
profile,tfl-numbat-2019-midweek,night,15,3.966666666666667,1,3,off,free-flow,strict,1,0,940GZZLUEUS,0,3900,3212,1800,1785,db99ebd72e363b57,119,119,0,0,81,38,2.7,27,32,3.6,6,true,1412,12,40,40,32,1,2,0,0,1,2,true,455,110.23067226890755,529.7666666666667,727538.7813235495,563828.9247886019,56.338622832214824,0
profile,tfl-numbat-2019-midweek,night,15,3.966666666666667,1,3,off,free-flow,none,1,0,940GZZLUEUS,0,3900,3212,1800,1785,db99ebd72e363b57,119,119,0,0,81,38,2.7,27,32,3.6,6,true,1412,12,40,40,32,1,2,0,0,1,2,true,455,110.07857142857142,529.7666666666667,727538.7813235413,567976.5375891295,56.15825383941938,0
profile,tfl-numbat-2019-midweek,night,12,4.966666666666667,1,1,off,free-flow,strict,1,0,940GZZLUEUS,0,3900,2834,1800,1788,c19eeed41d417052,149,149,0,0,102,47,3.4,33,41,4.6,6,true,1034,14,49,49,37,1,1,0,0,1,1,true,248,118.53914988814317,394.5833333333333,829598.3045987482,665484.2896275932,55.4884598217157,0
profile,tfl-numbat-2019-midweek,night,12,4.966666666666667,1,1,off,free-flow,none,1,0,940GZZLUEUS,0,3900,2834,1800,1788,c19eeed41d417052,149,149,0,0,102,47,3.4,33,41,4.6,6,true,1034,14,49,49,37,1,1,0,0,1,1,true,264,117.54776286353467,394.5833333333333,829298.3045988514,663340.3435593364,55.55921425605238,0
profile,tfl-numbat-2019-midweek,night,12,4.966666666666667,1,2,off,free-flow,strict,1,0,940GZZLUEUS,0,3900,2892,1800,1788,8ad3f9dbd58a4a5d,149,149,0,0,93,56,3.1,33,41,4,15,true,1092,19,59,59,47,1,2,0,0,1,1,true,378,140.49809843400448,449.6666666666667,861766.2635478146,751582.8155640411,53.41474295334861,0
profile,tfl-numbat-2019-midweek,night,12,4.966666666666667,1,2,off,free-flow,none,1,0,940GZZLUEUS,0,3900,2982,1800,1788,8ad3f9dbd58a4a5d,149,149,0,0,93,56,3.1,33,41,4,15,true,1182,20,58,58,46,1,2,0,0,1,1,true,378,140.65570469798658,449.6666666666667,861916.2635477128,739671.3005629951,53.81636838734431,0
profile,tfl-numbat-2019-midweek,night,12,4.966666666666667,1,3,off,free-flow,strict,1,0,940GZZLUEUS,0,3900,3277,1800,1788,f3a80d553036d591,149,149,0,0,95,54,3.1666666666666665,33,41,4.133333333333334,13,true,1477,18,54,54,41,1,2,0,0,2,2,true,517,131.8123042505593,560.0166666666667,902035.8483271234,713121.2315533503,55.84818093320537,0
profile,tfl-numbat-2019-midweek,night,12,4.966666666666667,1,3,off,free-flow,none,1,0,940GZZLUEUS,0,3900,3277,1800,1788,f3a80d553036d591,149,149,0,0,95,54,3.1666666666666665,33,41,4.133333333333334,13,true,1477,18,54,54,41,1,2,0,0,2,2,true,517,131.81868008948544,560.0166666666667,902110.8483270895,704571.9175956403,56.14741549860345,0
profile,tfl-numbat-2019-midweek,night,10,5.966666666666667,1,1,off,free-flow,strict,1,0,940GZZLUEUS,0,3900,2884,1800,1790,6e42c7acb2ed4782,179,179,0,0,119,60,3.966666666666667,43,46,5.066666666666666,14,true,1084,22,61,61,45,2,1,0,0,1,1,true,216,134.1647113594041,412.1166666666667,992481.1697792937,825543.9075935213,54.59117050318716,0
profile,tfl-numbat-2019-midweek,night,10,5.966666666666667,1,1,off,free-flow,none,1,0,940GZZLUEUS,0,3900,2884,1800,1790,6e42c7acb2ed4782,179,179,0,0,120,59,4,43,46,5.133333333333334,13,true,1084,21,61,61,45,2,1,0,0,1,1,true,202,132.57430167597764,412.1166666666667,992406.1697791216,827581.4610681795,54.52818211281489,0
profile,tfl-numbat-2019-midweek,night,10,5.966666666666667,1,2,off,free-flow,strict,1,0,940GZZLUEUS,0,3900,2779,1800,1790,d7ddc3217005eedc,179,179,0,0,114,65,3.8,38,51,5.066666666666666,14,true,979,24,71,71,57,2,2,0,0,1,2,true,248,148.63435754189945,462.1,1042375.8863929624,860199.082966772,54.78763797380078,0
profile,tfl-numbat-2019-midweek,night,10,5.966666666666667,1,2,off,free-flow,none,1,0,940GZZLUEUS,0,3900,2782,1800,1790,d7ddc3217005eedc,179,179,0,0,114,65,3.8,38,51,5.066666666666666,14,true,982,23,71,71,57,3,2,0,0,1,2,true,248,148.336312849162,462.1,1042450.8863929827,851823.7414111287,55.03166600512497,0
profile,tfl-numbat-2019-midweek,night,10,5.966666666666667,1,3,off,free-flow,strict,1,0,940GZZLUEUS,0,3900,3111,1800,1790,aa670b5f8d7371c6,179,179,0,0,116,63,3.8666666666666667,38,51,5.2,12,true,1311,23,66,66,47,2,2,0,0,2,2,true,504,148.77085661080076,543.4,1067966.1618375797,890841.069368628,54.521248687648566,0
profile,tfl-numbat-2019-midweek,night,10,5.966666666666667,1,3,off,free-flow,none,1,0,940GZZLUEUS,0,3900,3186,1800,1790,aa670b5f8d7371c6,179,179,0,0,116,63,3.8666666666666667,37,52,5.266666666666667,11,true,1386,23,66,66,46,2,2,0,0,2,2,true,504,150.92383612662942,560.7,1068041.161837617,918665.4485935771,53.7593802844301,0
profile,tfl-numbat-2019-midweek,night,8.571429,7,1,1,off,free-flow,strict,1,0,940GZZLUEUS,0,3900,3266,1800,1799,e91f11a6d7b085ac,210,210,0,0,138,72,4.6,47,58,6.066666666666666,14,true,1466,25,73,73,53,3,1,0,1,1,1,true,545,155.97690476190476,583.8333333333334,1173784.376967988,1070775.8338780995,52.29462641706233,0
profile,tfl-numbat-2019-midweek,night,8.571429,7,1,1,off,free-flow,none,1,0,940GZZLUEUS,0,3900,3266,1800,1799,e91f11a6d7b085ac,210,210,0,0,137,73,4.566666666666666,47,58,6,15,true,1466,25,74,74,52,4,1,0,1,1,1,true,543,158.17642857142857,583.8333333333334,1173709.376968117,1087807.9065593805,51.899199953819235,0
profile,tfl-numbat-2019-midweek,night,8.571429,7,1,2,off,free-flow,strict,1,0,940GZZLUEUS,0,3900,2845,1800,1799,2eea3e3fe02210bb,210,210,0,0,136,74,4.533333333333333,46,59,6,15,true,1045,31,81,81,60,2,2,0,0,1,2,true,333,165.51325396825396,490.6166666666667,1218698.3432564687,1028511.148089187,54.23163029303056,0
profile,tfl-numbat-2019-midweek,night,8.571429,7,1,2,off,free-flow,none,1,0,940GZZLUEUS,0,3900,2789,1800,1799,2eea3e3fe02210bb,210,210,0,0,136,74,4.533333333333333,46,59,6,15,true,989,30,80,80,61,2,2,0,0,1,2,true,209,160.56190476190477,495.78333333333336,1218698.3432567995,969248.7124207248,55.70054083778617,0
profile,tfl-numbat-2019-midweek,night,8.571429,7,1,3,off,free-flow,strict,1,0,940GZZLUEUS,0,3900,3226,1800,1799,cd9753e4db035a1b,210,210,0,0,137,73,4.566666666666666,46,59,6.066666666666666,14,true,1426,28,77,77,54,3,2,0,0,2,2,true,467,168.9870634920635,608.7,1238898.0911027936,1098454.8255054546,53.00432306562283,0
profile,tfl-numbat-2019-midweek,night,8.571429,7,1,3,off,free-flow,none,1,0,940GZZLUEUS,0,3900,3238,1800,1799,cd9753e4db035a1b,210,210,0,0,138,72,4.6,46,59,6.133333333333334,13,true,1438,27,77,77,53,2,2,0,0,2,2,true,467,169.42785714285714,597.9833333333333,1239498.0911031188,1118112.5033392706,52.5743349654517,0
profile,tfl-numbat-2019-midweek,night,7.5,7.966666666666667,1,1,off,free-flow,strict,1,0,940GZZLUEUS,0,3900,3234,1800,1792.5,ac698127e9c870b6,239,239,0,0,154,85,5.133333333333334,54,65,6.666666666666667,20,true,1434,29,88,88,63,4,1,0,0,2,1,true,469.5,164.65251046025105,530.3166666666667,1347951.7029336984,1120558.5172839612,54.60587895863941,0
profile,tfl-numbat-2019-midweek,night,7.5,7.966666666666667,1,1,off,free-flow,none,1,0,940GZZLUEUS,0,3900,3223,1800,1792.5,ac698127e9c870b6,239,239,0,0,153,86,5.1,54,65,6.6,21,true,1423,29,88,88,62,4,1,0,0,2,1,true,458.5,165.81603905160392,485.8833333333333,1347876.7029337718,1136045.5645829684,54.26404523847234,0
profile,tfl-numbat-2019-midweek,night,7.5,7.966666666666667,1,2,off,free-flow,strict,1,0,940GZZLUEUS,0,3900,3148,1800,1792.5,363a18a5ce685250,239,239,0,0,147,92,4.9,51,68,6.4,24,true,1348,37,93,93,68,2,2,0,0,1,2,true,579.5,185.70062761506276,616.6333333333333,1381061.77699374,1268910.6714148268,52.11608059635234,0
profile,tfl-numbat-2019-midweek,night,7.5,7.966666666666667,1,2,off,free-flow,none,1,0,940GZZLUEUS,0,3900,3105,1800,1792.5,363a18a5ce685250,239,239,0,0,147,92,4.9,51,68,6.4,24,true,1305,35,93,93,68,3,2,0,0,1,2,true,542.5,184.83221757322175,579.1333333333333,1381061.7769938793,1248031.6938868645,52.52996107936873,0
profile,tfl-numbat-2019-midweek,night,7.5,7.966666666666667,1,3,off,free-flow,strict,1,0,940GZZLUEUS,0,3900,3073,1800,1792.5,d38bd377032d4c52,239,239,0,0,155,84,5.166666666666667,47,72,7.2,12,true,1273,38,87,86,57,2,2,0,0,2,1,true,366.5,190.08172942817293,554.8166666666667,1403042.677262403,1255023.6615560257,52.78433637160792,0
profile,tfl-numbat-2019-midweek,night,7.5,7.966666666666667,1,3,off,free-flow,none,1,0,940GZZLUEUS,0,3900,3125,1800,1792.5,d38bd377032d4c52,239,239,0,0,156,83,5.2,47,72,7.266666666666667,11,true,1325,39,87,87,58,3,2,0,0,2,1,true,598.5,188.67691771269176,672.75,1402892.6772620473,1264550.6657848507,52.59315744864472,0
profile,tfl-numbat-2019-midweek,night,6.666667,8.966666666666667,1,1,off,free-flow,strict,1,0,940GZZLUEUS,0,3900,3486,1800,1793.3333333333333,8ba338bafbc5514f,269,269,0,0,167,102,5.566666666666666,63,71,6.933333333333334,31,true,1686,41,105,105,67,5,2,0,0,2,1,true,717.6666666666666,205.91536555142503,850.7666666666667,1512656.5497711617,1401313.7274545166,51.910500309266226,0
profile,tfl-numbat-2019-midweek,night,6.666667,8.966666666666667,1,1,off,free-flow,none,1,0,940GZZLUEUS,0,3900,3509,1800,1793.3333333333333,8ba338bafbc5514f,269,269,0,0,166,103,5.533333333333333,62,72,6.933333333333334,31,true,1709,39,106,106,71,4,1,0,0,2,1,true,820.6666666666666,207.98023543990087,871.0666666666667,1511456.5497707808,1433395.768165833,51.32537684707467,0
profile,tfl-numbat-2019-midweek,night,6.666667,8.966666666666667,1,2,off,free-flow,strict,1,0,940GZZLUEUS,0,3900,2968,1800,1793.3333333333333,c43a7f45f4cd834d,269,269,0,0,165,104,5.5,52,82,7.533333333333333,22,true,1168,43,109,109,73,4,2,0,0,2,2,true,514.6666666666666,211.7567534076828,919.8833333333333,1549538.1487074988,1357983.9924053273,53.294113458218696,0
profile,tfl-numbat-2019-midweek,night,6.666667,8.966666666666667,1,2,off,free-flow,none,1,0,940GZZLUEUS,0,3900,2966,1800,1793.3333333333333,c43a7f45f4cd834d,269,269,0,0,163,106,5.433333333333334,52,82,7.4,24,true,1166,43,109,109,72,3,2,0,0,2,2,true,843.6666666666666,218.37961586121438,919.8833333333333,1549088.148707387,1388535.064941642,52.732703823617854,0
profile,tfl-numbat-2019-midweek,night,6.666667,8.966666666666667,1,3,off,free-flow,strict,1,0,940GZZLUEUS,0,3900,3330,1800,1793.3333333333333,c77ab3603993635e,269,269,0,0,167,102,5.566666666666666,54,80,7.533333333333333,22,true,1530,46,103,103,62,3,2,0,1,2,2,true,569.6666666666666,214.47007434944237,624.9166666666666,1587923.4472885695,1447928.315440043,52.3056977545356,0
profile,tfl-numbat-2019-midweek,night,6.666667,8.966666666666667,1,3,off,free-flow,none,1,0,940GZZLUEUS,0,3900,3554,1800,1793.3333333333333,c77ab3603993635e,269,269,0,0,167,102,5.566666666666666,54,80,7.533333333333333,22,true,1754,49,104,104,64,3,2,0,0,2,2,true,779.6666666666666,223.47447335811648,813.55,1587698.4472884142,1498130.6964905646,51.45127527521117,0
profile,tfl-numbat-2019-midweek,night,6,9.966666666666667,1,1,off,free-flow,strict,1,0,940GZZLUEUS,0,3900,3381,1800,1794,436349ce9314f077,299,299,0,0,184,115,6.133333333333334,66,83,7.866666666666666,32,true,1581,53,116,114,73,7,2,0,0,2,2,true,745,238.8463210702341,796.9333333333333,1660646.7691070107,1657176.6983292548,50.05229438533747,0
profile,tfl-numbat-2019-midweek,night,6,9.966666666666667,1,1,off,free-flow,none,1,0,940GZZLUEUS,0,3900,3318,1800,1794,436349ce9314f077,299,299,0,0,186,113,6.2,66,83,8,30,true,1518,53,116,114,71,4,2,0,0,2,2,true,743,240.38494983277593,748.6,1660346.7691074982,1663148.2816955172,49.957852914699814,0
profile,tfl-numbat-2019-midweek,night,6,9.966666666666667,1,2,off,free-flow,strict,1,0,940GZZLUEUS,0,3900,3726,1800,1794,cf673c15ac76cbab,299,299,0,0,178,121,5.933333333333334,58,91,8,30,true,1926,61,126,114,76,6,2,0,0,2,2,true,955,271.7076365663322,1012.4666666666667,1748340.0395138925,1809844.9447828662,49.13572642315659,0
profile,tfl-numbat-2019-midweek,night,6,9.966666666666667,1,2,off,free-flow,none,1,0,940GZZLUEUS,0,3900,3766,1800,1794,cf673c15ac76cbab,299,299,0,0,177,122,5.9,58,91,7.933333333333334,31,true,1966,58,124,114,77,3,2,0,0,2,2,true,1000,279.8443143812709,1011.9666666666667,1746540.0395135721,1854919.97517277,48.495333347902836,0
profile,tfl-numbat-2019-midweek,night,6,9.966666666666667,1,3,off,free-flow,strict,1,0,940GZZLUEUS,0,3900,3728,1800,1794,a1953c90166778c3,299,299,0,0,176,123,5.866666666666666,58,91,7.866666666666666,32,true,1928,65,125,114,67,4,2,0,0,2,1,true,1025,263.09788182831664,1027.4833333333333,1734006.1694461661,1708213.1103984392,50.37465740777693,0
profile,tfl-numbat-2019-midweek,night,6,9.966666666666667,1,3,off,free-flow,none,1,0,940GZZLUEUS,0,3900,3432,1800,1794,a1953c90166778c3,299,299,0,0,177,122,5.9,58,91,7.933333333333334,31,true,1632,65,124,114,67,4,2,0,0,2,1,true,936,262.5275362318841,935.75,1733931.1694460409,1696223.3155494912,50.54965241451216,0
profile,tfl-numbat-2019-midweek,night,5.4545449999999995,11,1,1,off,free-flow,strict,1,0,940GZZLUEUS,0,3900,3732,1800,1798.5,d042e9976f1d18e7,330,330,0,0,187,143,6.233333333333333,66,99,8.066666666666666,44,true,1932,83,143,114,70,5,2,0,0,2,2,true,1139.5,322.18767676767675,1139.1333333333334,1834630.7617411208,2035708.9353048527,47.40231879753082,0
profile,tfl-numbat-2019-midweek,night,5.4545449999999995,11,1,1,off,free-flow,none,1,0,940GZZLUEUS,0,3900,3690,1800,1798.5,d042e9976f1d18e7,330,330,0,0,195,135,6.5,67,98,8.533333333333333,37,true,1890,82,136,114,78,6,2,0,0,2,2,true,1138.5,308.89671717171717,1170.5166666666667,1835605.7617418054,1979456.7423463974,48.114696935496575,0
profile,tfl-numbat-2019-midweek,night,5.4545449999999995,11,1,2,off,free-flow,strict,1,0,940GZZLUEUS,0,3900,3777,1800,1798.5,50bea3e032ab06ac,330,330,0,0,178,152,5.933333333333334,63,102,7.666666666666667,50,true,1977,92,152,114,67,3,2,0,0,2,2,true,1291.5,374.5367676767677,1307.75,1933973.286095192,2086272.9340329345,48.105841786813635,0
profile,tfl-numbat-2019-midweek,night,5.4545449999999995,11,1,2,off,free-flow,none,1,0,940GZZLUEUS,0,3900,3758,1800,1798.5,50bea3e032ab06ac,330,330,0,0,175,155,5.833333333333333,63,102,7.466666666666667,53,true,1958,96,156,114,65,2,2,0,0,2,2,true,1258.5,398.1220707070707,1274.75,1934573.2860945438,2151336.208865469,47.34743362477432,0
profile,tfl-numbat-2019-midweek,night,5.4545449999999995,11,1,3,off,free-flow,strict,1,0,940GZZLUEUS,0,3900,3757,1800,1798.5,c4a341f4642e795c,330,330,0,0,189,141,6.3,62,103,8.466666666666667,38,true,1957,81,145,114,68,4,2,0,0,1,1,true,1104.5,322.22474747474746,1115.35,1949699.083007657,1943968.1280385433,50.07359328184051,0
profile,tfl-numbat-2019-midweek,night,5.4545449999999995,11,1,3,off,free-flow,none,1,0,940GZZLUEUS,0,3900,3659,1800,1798.5,c4a341f4642e795c,330,330,0,0,190,140,6.333333333333333,62,103,8.533333333333333,37,true,1859,81,144,114,68,3,2,0,0,2,1,true,888.5,334.3187878787879,953.2833333333333,1949699.0830075461,1980103.5075392541,49.61315582868149,0
profile,tfl-numbat-2019-midweek,night,5,11.966666666666667,1,1,off,free-flow,strict,1,0,940GZZLUEUS,0,3900,3843,1800,1795,2be3e529710e9875,359,359,0,0,195,164,6.5,68,111,8.466666666666667,53,true,2043,109,164,114,74,5,2,0,0,2,2,true,1082,401.7128597957289,1166.3833333333334,2027862.483008002,2151189.542904114,48.52446129969877,0
profile,tfl-numbat-2019-midweek,night,5,11.966666666666667,1,1,off,free-flow,none,1,0,940GZZLUEUS,0,3900,3869,1800,1795,2be3e529710e9875,359,359,0,0,191,168,6.366666666666666,70,109,8.066666666666666,59,true,2069,112,168,114,71,5,2,0,0,2,2,true,1087,403.7892757660167,1167,2028387.483008188,2141667.038041178,48.64174971260946,0
profile,tfl-numbat-2019-midweek,night,5,11.966666666666667,1,2,off,free-flow,strict,1,0,940GZZLUEUS,0,3900,3900,1800,1795,4211505d27680b8b,359,357,2,0,184,175,6.133333333333334,66,113,7.866666666666666,62,false,0,120,176,114,69,4,2,0,1,2,2,true,1182,441.41917363045496,1278.6833333333334,2103308.3016425935,2271909.6800029413,48.07322310490989,0
profile,tfl-numbat-2019-midweek,night,5,11.966666666666667,1,2,off,free-flow,none,1,0,940GZZLUEUS,0,3900,3900,1800,1795,4211505d27680b8b,359,357,2,0,180,179,6,66,113,7.6,66,false,0,118,180,114,68,5,2,0,1,2,2,true,1192,462.8144846796657,1303.6666666666667,2101559.8815752543,2291877.799695232,47.83406603294596,0
profile,tfl-numbat-2019-midweek,night,5,11.966666666666667,1,3,off,free-flow,strict,1,0,940GZZLUEUS,0,3900,3813,1800,1795,e593d26bccbd6209,359,359,0,0,192,167,6.4,65,114,8.466666666666667,53,true,2013,113,168,114,69,5,2,0,0,2,1,true,1128,405.4230269266481,1198.1833333333334,2113169.8900336255,2146616.3036732054,49.60741675616265,0
profile,tfl-numbat-2019-midweek,night,5,11.966666666666667,1,3,off,free-flow,none,1,0,940GZZLUEUS,0,3900,3900,1800,1795,e593d26bccbd6209,359,358,1,0,188,171,6.266666666666667,65,114,8.2,57,false,0,114,174,114,68,4,2,0,0,2,1,true,1296,423.1161095636026,1334.9166666666667,2112462.51636432,2187832.890158883,49.12366050852888,0
profile,tfl-numbat-2019-midweek,night,4.615385,13.033333333333333,1,1,off,free-flow,strict,1,0,940GZZLUEUS,0,3900,3900,1800,1798.6,86aba24f394e3624,391,388,3,0,198,193,6.6,71,124,8.466666666666667,69,false,0,142,193,114,70,6,2,0,0,2,1,true,1325.4,501.3633418584825,1382.15,2229378.6009241953,2350444.00808314,48.67827405671958,0
profile,tfl-numbat-2019-midweek,night,4.615385,13.033333333333333,1,1,off,free-flow,none,1,0,940GZZLUEUS,0,3900,3900,1800,1798.6,86aba24f394e3624,391,389,2,0,192,199,6.4,72,123,8,76,false,0,144,200,114,68,6,2,0,0,2,1,true,1360.4,513.6350809889174,1378.5666666666666,2230580.942201814,2351334.726440346,48.6822784074252,0
profile,tfl-numbat-2019-midweek,night,4.615385,13.033333333333333,1,2,off,free-flow,strict,1,0,940GZZLUEUS,0,3900,3900,1800,1798.6,09112042b1d9f956,391,388,3,0,189,202,6.3,70,125,7.933333333333334,77,false,0,145,202,114,71,4,2,0,0,2,1,true,1478.4,549.540494458653,1510.2666666666667,2257280.088023229,2472994.641007911,47.719851749193595,0
profile,tfl-numbat-2019-midweek,night,4.615385,13.033333333333333,1,2,off,free-flow,none,1,0,940GZZLUEUS,0,3900,3900,1800,1798.6,09112042b1d9f956,391,387,4,0,187,204,6.233333333333333,70,125,7.8,79,false,0,149,204,114,70,3,2,0,1,2,2,true,1467.4,543.1451832907076,1546.6166666666666,2257550.763593238,2420179.272101072,48.261672785016806,0
profile,tfl-numbat-2019-midweek,night,4.615385,13.033333333333333,1,3,off,free-flow,strict,1,0,940GZZLUEUS,0,3900,3900,1800,1798.6,de8c84346b576f9d,391,388,3,0,191,200,6.366666666666666,68,127,8.2,73,false,0,136,200,114,67,4,2,0,0,2,1,true,1457.4,508.75349531116797,1461.0166666666667,2306394.707175843,2318004.806001825,49.87446911979709,0
profile,tfl-numbat-2019-midweek,night,4.615385,13.033333333333333,1,3,off,free-flow,none,1,0,940GZZLUEUS,0,3900,3900,1800,1798.6,de8c84346b576f9d,391,388,3,0,194,197,6.466666666666667,66,129,8.533333333333333,68,false,0,140,197,114,68,4,2,0,0,2,2,true,1463.4,514.5219522591646,1536.75,2301982.96560722,2318132.600963553,49.82522476847565,0
