pattern,demand_profile,demand_band,request_every_seconds,offered_per_minute,burst_size,seed,policy,routing_policy,shared_ride_party_limit,sharing_mode,shared_parties,focus_station,window_start_seconds,window_end_seconds,actual_end_seconds,arrival_window_seconds,arrival_end_seconds,schedule_id,scheduled,served,remaining,skipped,completed_at_arrival_end,backlog_at_arrival_end,arrival_throughput_per_minute,completed_at_arrival_midpoint,backlog_at_arrival_midpoint,late_arrival_throughput_per_minute,late_backlog_change,drained,drain_seconds,peak_pending,peak_outstanding,peak_active_vehicles,peak_passenger_vehicles,peak_stopped_vehicles,peak_focus_approaching,peak_focus_entrance_stopped,peak_focus_exit_stopped,peak_focus_occupied_berths,peak_focus_reserved_empty_berths,stopped_pod_seconds,junction_wait_seconds,track_wait_seconds,peak_node_throughput_per_minute,peak_node,queue_cleared,queue_clear_seconds,wait_average_seconds,wait_maximum_seconds,wait_p95_seconds,journey_average_seconds,journey_p95_seconds,journey_maximum_seconds,passenger_distance_meters,empty_distance_meters,loaded_distance_percent,occupancy,rider_distance_meters,direct_distance_meters,detour_ratio_mean,detour_ratio_max,intermediate_stops,positioning_moves
profile,tfl-numbat-2019-midweek,early,60,0.9666666666666667,1,1,off,free-flow,4,destination,0,940GZZLUEUS,0,3900,2588,1800,1740,9528258c1baa82ba,29,29,0,0,19,10,0.6333333333333333,6,8,0.8666666666666667,2,true,788,4,10,10,9,1,0,0,0,1,0,3,1,2,2,940GZZLULVT-01-arrival,true,215,108.86724137931034,274.26666666666665,254.53333333333333,554.3074712643678,868.65,907.1666666666666,175363.26653690037,205991.72869473742,45.984258428392536,1,175363.2665354108,175363.2665354108,1,1,0,0
profile,tfl-numbat-2019-midweek,early,60,0.9666666666666667,1,1,off,free-flow,4,drop-offs,0,940GZZLUEUS,0,3900,2588,1800,1740,9528258c1baa82ba,29,29,0,0,19,10,0.6333333333333333,6,8,0.8666666666666667,2,true,788,4,10,10,9,1,0,0,0,1,0,3,1,2,2,940GZZLULVT-01-arrival,true,215,108.86724137931034,274.26666666666665,254.53333333333333,554.3074712643678,868.65,907.1666666666666,175363.26653690037,205991.72869473742,45.984258428392536,1,175363.2665354108,175363.2665354108,1,1,0,0
profile,tfl-numbat-2019-midweek,early,60,0.9666666666666667,1,2,off,free-flow,4,destination,0,940GZZLUEUS,0,3900,2502,1800,1740,bb5eef7e7cabdb3b,29,29,0,0,19,10,0.6333333333333333,6,8,0.8666666666666667,2,true,702,4,13,13,10,0,0,0,0,1,1,0,0,0,2,940GZZLULVT-01-arrival,true,205,142.69655172413792,295.9166666666667,291.9,616.9637931034483,881.25,934.7,186917.10622428585,197944.3849706932,48.56737046980615,1,186917.10622258438,186917.10622258438,1,1,0,0
profile,tfl-numbat-2019-midweek,early,60,0.9666666666666667,1,2,off,free-flow,4,drop-offs,1,940GZZLUEUS,0,3900,2511,1800,1740,bb5eef7e7cabdb3b,29,29,0,0,20,9,0.6666666666666666,6,8,0.9333333333333333,1,true,711,4,13,12,9,0,0,0,0,1,1,0,0,0,3,london-link-009-a-arrival,true,185,131.95344827586206,295.9166666666667,280.31666666666666,608.4040229885057,890.6333333333333,913.75,181115.29620128524,189945.2210433735,48.81017725792337,1.0362918174495146,187688.29946667125,186992.10622258438,1.0029548948628195,1.085691951021767,1,0
profile,tfl-numbat-2019-midweek,early,60,0.9666666666666667,1,3,off,free-flow,4,destination,1,940GZZLUEUS,0,3900,2555,1800,1740,47735eda4f594ac0,29,29,0,0,22,7,0.7333333333333333,6,8,1.0666666666666667,-1,true,755,4,12,12,10,1,0,0,0,1,0,1,0,1,3,london-link-013-a-arrival,true,220,109.19827586206897,279.6166666666667,249.18333333333334,568.4436781609195,870.0833333333334,874.3333333333334,172901.9303355624,193672.19624757537,47.1669760076067,1.045267930086737,180728.84282819697,180728.84282819697,1,1,0,0
profile,tfl-numbat-2019-midweek,early,60,0.9666666666666667,1,3,off,free-flow,4,drop-offs,1,940GZZLUEUS,0,3900,2555,1800,1740,47735eda4f594ac0,29,29,0,0,22,7,0.7333333333333333,6,8,1.0666666666666667,-1,true,755,4,12,12,10,1,0,0,0,1,0,1,0,1,3,london-link-013-a-arrival,true,220,109.19827586206897,279.6166666666667,249.18333333333334,568.4436781609195,870.0833333333334,874.3333333333334,172901.9303355624,193672.19624757537,47.1669760076067,1.045267930086737,180728.84282819697,180728.84282819697,1,1,0,0
profile,tfl-numbat-2019-midweek,early,30,1.9666666666666666,1,1,off,free-flow,4,destination,1,940GZZLUEUS,0,3900,2522,1800,1770,383a7529680b260f,59,59,0,0,35,24,1.1666666666666667,12,17,1.5333333333333334,7,true,722,9,26,26,20,1,0,0,0,1,1,21,16,5,4,london-link-009-a-arrival,true,263,160.8319209039548,366.85,350.05,616.3180790960453,929.6333333333333,961.5666666666667,356137.23019471014,385014.280037883,48.05187944404845,1.0228124745311327,364261.60168360017,364261.60168360017,1,1,0,0
profile,tfl-numbat-2019-midweek,early,30,1.9666666666666666,1,1,off,free-flow,4,drop-offs,2,940GZZLUEUS,0,3900,2514,1800,1770,383a7529680b260f,59,59,0,0,35,24,1.1666666666666667,12,17,1.5333333333333334,7,true,714,9,26,25,19,1,0,0,0,1,1,18,14,4,5,london-link-009-a-arrival,true,263,156.13870056497174,363.6666666666667,354.65,613.7398305084746,932.0666666666667,953.0166666666667,354443.1105145786,374541.85326800845,48.621456974287874,1.0323982949080177,365926.4629326151,364411.60168360017,1.0032870796832105,1.1142946344023401,2,0
profile,tfl-numbat-2019-midweek,early,30,1.9666666666666666,1,2,off,free-flow,4,destination,1,940GZZLUEUS,0,3900,2514,1800,1770,d1340ee5a623df89,59,59,0,0,35,24,1.1666666666666667,11,18,1.6,6,true,714,10,26,26,18,1,0,0,0,1,1,8,4,4,5,london-link-068-b-departure,true,182,188.3680790960452,369.01666666666665,355.4,651.5319209039548,940.3333333333334,994.1833333333333,361693.87881341204,414729.1087082423,46.58464324555105,1.0224620099186075,369818.250302165,369818.250302165,1,1,0,0
profile,tfl-numbat-2019-midweek,early,30,1.9666666666666666,1,2,off,free-flow,4,drop-offs,1,940GZZLUEUS,0,3900,2596,1800,1770,d1340ee5a623df89,59,59,0,0,36,23,1.2,11,18,1.6666666666666667,5,true,796,10,26,26,17,1,0,0,0,1,1,16,12,4,4,london-link-010-a-departure,true,258,186.56214689265536,377.55,355.4,650.4581920903955,945.65,978.3333333333334,362302.9778726146,427570.3616660735,45.868490520798105,1.0222172380162884,370352.3493613477,369593.250302165,1.0014718535935703,1.0868393620206458,1,0
profile,tfl-numbat-2019-midweek,early,30,1.9666666666666666,1,3,off,free-flow,4,destination,0,940GZZLUEUS,0,3900,2719,1800,1770,badaff981b31ddb7,59,59,0,0,40,19,1.3333333333333333,11,18,1.9333333333333333,1,true,919,8,22,22,16,1,0,0,0,1,1,18,14,4,4,london-link-009-a-arrival,true,372,162.00536723163842,371.68333333333334,361.48333333333335,618.55,947.1666666666666,950.1166666666667,364992.5610805288,408717.21492391557,47.17435043478528,1,364992.56107588904,364992.56107588904,1,1,0,0
profile,tfl-numbat-2019-midweek,early,30,1.9666666666666666,1,3,off,free-flow,4,drop-offs,0,940GZZLUEUS,0,3900,2719,1800,1770,badaff981b31ddb7,59,59,0,0,40,19,1.3333333333333333,11,18,1.9333333333333333,1,true,919,8,22,22,16,1,0,0,0,1,1,18,14,4,4,london-link-009-a-arrival,true,372,162.00536723163842,371.68333333333334,361.48333333333335,618.55,947.1666666666666,950.1166666666667,364992.5610805288,408717.21492391557,47.17435043478528,1,364992.56107588904,364992.56107588904,1,1,0,0
profile,tfl-numbat-2019-midweek,early,20,2.966666666666667,1,1,off,free-flow,4,destination,2,940GZZLUEUS,0,3900,2688,1800,1780,4a2d770f2630dd23,89,89,0,0,51,38,1.7,18,26,2.2,12,true,888,18,38,38,27,1,0,0,0,1,1,37,26,11,5,london-link-087-a-arrival,true,295,203.3874531835206,415.6166666666667,409.1333333333333,660.5020599250936,1004.1,1049.3666666666666,541263.9435405966,612508.3230250592,46.912545848561166,1.0176202757787975,550801.1634915941,550801.1634915941,1,1,0,0
profile,tfl-numbat-2019-midweek,early,20,2.966666666666667,1,1,off,free-flow,4,drop-offs,4,940GZZLUEUS,0,3900,2684,1800,1780,4a2d770f2630dd23,89,89,0,0,51,38,1.7,18,26,2.2,12,true,884,16,38,37,26,2,0,0,0,1,1,42,33,9,5,london-link-069-a-departure,true,285,192.61198501872659,410.25,404.28333333333336,651.4095505617977,1009.7333333333333,1043.0666666666666,529660.3234974149,593915.347642046,47.140600949490675,1.0426843874942353,552268.549979768,550876.1634915941,1.001925661820714,1.085691951021767,2,0
profile,tfl-numbat-2019-midweek,early,20,2.966666666666667,1,2,off,free-flow,4,destination,0,940GZZLUEUS,0,3900,2748,1800,1780,19332ce46bf440c5,89,89,0,0,57,32,1.9,14,30,2.8666666666666667,2,true,948,15,37,37,26,1,0,0,0,1,1,44,36,8,5,london-link-009-a-arrival,true,329,208.88426966292135,408.05,397.6333333333333,661.0485018726591,1002.7666666666667,1031.0666666666666,543886.9494199198,606459.6192818714,47.2802687657613,1,543886.9494171848,543886.9494171848,1,1,0,0
profile,tfl-numbat-2019-midweek,early,20,2.966666666666667,1,2,off,free-flow,4,drop-offs,5,940GZZLUEUS,0,3900,2690,1800,1780,19332ce46bf440c5,89,89,0,0,59,30,1.9666666666666666,14,30,3,0,true,890,14,36,35,26,1,0,0,0,1,1,38,29,9,6,london-link-069-a-departure,true,276,179.4320224719101,388.3666666666667,372.18333333333334,635.3177902621723,977.7166666666667,1010.6666666666666,512540.3264218907,566276.6930732239,47.50947724775042,1.0689289618742213,547869.1990334049,544336.9494171848,1.0051307877556817,1.1259876259352548,4,0
profile,tfl-numbat-2019-midweek,early,20,2.966666666666667,1,3,off,free-flow,4,destination,3,940GZZLUEUS,0,3900,2707,1800,1780,1023c2b2435ed2d7,89,89,0,0,55,34,1.8333333333333333,19,25,2.4,9,true,907,14,37,35,27,1,0,0,0,1,1,48,34,14,5,940GZZLUPAC-01-arrival,true,294,175.66479400749066,389.4,365.65,634.8582397003745,965.7333333333333,1001.7666666666667,532062.4121225975,551935.9515921923,49.08332244148923,1.0391540418759355,552894.8060818585,552894.8060818585,1,1,0,0
profile,tfl-numbat-2019-midweek,early,20,2.966666666666667,1,3,off,free-flow,4,drop-offs,3,940GZZLUEUS,0,3900,2707,1800,1780,1023c2b2435ed2d7,89,89,0,0,55,34,1.8333333333333333,19,25,2.4,9,true,907,14,37,35,27,1,0,0,0,1,1,48,34,14,5,940GZZLUPAC-01-arrival,true,294,175.66479400749066,389.4,365.65,634.8582397003745,965.7333333333333,1001.7666666666667,532062.4121225975,551935.9515921923,49.08332244148923,1.0391540418759355,552894.8060818585,552894.8060818585,1,1,0,0
profile,tfl-numbat-2019-midweek,early,15,3.966666666666667,1,1,off,free-flow,4,destination,2,940GZZLUEUS,0,3900,2857,1800,1785,1609c532807f9008,119,119,0,0,71,48,2.3666666666666667,22,37,3.2666666666666666,11,true,1057,23,52,50,32,2,0,0,0,1,1,154,117,37,5,london-link-009-a-arrival,true,456,250.38067226890755,490.81666666666666,472.56666666666666,721.087675070028,1099.2833333333333,1113.2333333333333,745892.1081265413,843690.1091830187,46.9237828659783,1.0152557093974843,757271.2214140513,757271.2214140513,1,1,0,0
profile,tfl-numbat-2019-midweek,early,15,3.966666666666667,1,1,off,free-flow,4,drop-offs,5,940GZZLUEUS,0,3900,2860,1800,1785,1609c532807f9008,119,119,0,0,73,46,2.433333333333333,20,39,3.533333333333333,7,true,1060,23,50,49,32,3,0,0,0,1,1,321,249,72,6,london-link-069-a-departure,true,490,235.34635854341738,495.96666666666664,480.8,709.70406162465,1099.5333333333333,1119.5833333333333,726292.2242058819,806156.1689863807,47.39423705439982,1.0475324135904431,760814.6466348439,757571.2214140517,1.0032260554924737,1.1058955185161006,4,0
profile,tfl-numbat-2019-midweek,early,15,3.966666666666667,1,2,off,free-flow,4,destination,4,940GZZLUEUS,0,3900,2823,1800,1785,c5ea67b17f25e70e,119,119,0,0,78,41,2.6,17,42,4.066666666666666,-1,true,1023,19,48,47,32,1,0,0,0,1,1,117,90,27,5,london-link-009-a-arrival,true,430,221.26974789915965,470.48333333333335,439.95,673.4042016806724,1046.1666666666667,1080.6,699990.4637631364,781871.9261810472,47.237210992952086,1.0375596804754346,726281.8819520401,726281.8819520401,1,1,0,0
profile,tfl-numbat-2019-midweek,early,15,3.966666666666667,1,2,off,free-flow,4,drop-offs,7,940GZZLUEUS,0,3900,2797,1800,1785,c5ea67b17f25e70e,119,119,0,0,76,43,2.533333333333333,18,41,3.8666666666666667,2,true,997,18,47,45,32,1,0,0,0,1,1,55,40,15,5,london-link-009-a-arrival,true,410,209.90084033613445,441.8,430.35,663.3152661064426,1028.3833333333334,1080.4333333333334,686152.355758202,759097.8776257435,47.47637052108461,1.0621765274859556,728814.9265968951,725756.8819520401,1.0031012746305672,1.096802756601761,4,0
profile,tfl-numbat-2019-midweek,early,15,3.966666666666667,1,3,off,free-flow,4,destination,2,940GZZLUEUS,0,3900,2870,1800,1785,a02f25ab84cc8d7d,119,119,0,0,76,43,2.533333333333333,21,38,3.6666666666666665,5,true,1070,19,48,46,31,2,0,0,0,1,1,112,73,39,5,940GZZLUPAC-01-arrival,true,446,210.95336134453783,445.3666666666667,429.93333333333334,673.9798319327732,1052.9166666666667,1084.15,727934.2297913468,766020.0882396131,48.725333901157576,1.0222186872437204,744107.9728173974,744107.9728173974,1,1,0,0
profile,tfl-numbat-2019-midweek,early,15,3.966666666666667,1,3,off,free-flow,4,drop-offs,7,940GZZLUEUS,0,3900,2808,1800,1785,a02f25ab84cc8d7d,119,119,0,0,76,43,2.533333333333333,22,37,3.6,6,true,1008,18,48,45,31,1,0,0,0,1,1,62,43,19,5,940GZZLUPAC-01-arrival,true,375,186.96344537815128,415.53333333333336,403.03333333333336,652.9635854341738,1022.3,1099.6166666666666,694068.8968291228,734738.0378149505,48.57681468364518,1.0785214760021322,748568.2110890704,744407.9728173974,1.0041213875624708,1.1105222053607933,5,0
profile,tfl-numbat-2019-midweek,early,12,4.966666666666667,1,1,off,free-flow,4,destination,4,940GZZLUEUS,0,3900,2793,1800,1788,fde388a840555436,149,149,0,0,89,60,2.966666666666667,25,49,4.266666666666667,11,true,993,32,65,64,37,4,0,0,0,1,1,387,274,113,7,london-link-069-a-departure,true,447,275.04876957494406,513.4166666666666,499.1,749.4154362416107,1121.45,1155,925197.4784517838,1020101.3648251921,47.56068619735729,1.0276278000203356,950758.6494512906,950758.6494512906,1,1,0,0
profile,tfl-numbat-2019-midweek,early,12,4.966666666666667,1,1,off,free-flow,4,drop-offs,14,940GZZLUEUS,0,3900,2793,1800,1788,fde388a840555436,149,149,0,0,88,61,2.933333333333333,25,49,4.2,12,true,993,27,65,60,36,2,0,0,0,1,1,178,137,41,6,london-link-069-a-departure,true,383,232.2052572706935,502.55,476,711.6185682326623,1116.3333333333333,1187.9,858110.2759306849,917952.8396194297,48.31530301021399,1.1210741421525168,962005.2415377749,950833.6494512907,1.0088855921028341,1.166482428927728,13,0
profile,tfl-numbat-2019-midweek,early,12,4.966666666666667,1,2,off,free-flow,4,destination,6,940GZZLUEUS,0,3900,2783,1800,1788,0db4ec5e24e7ed35,149,149,0,0,93,56,3.1,22,52,4.733333333333333,4,true,983,29,60,56,40,2,0,0,0,1,1,250,187,63,6,london-link-069-a-departure,true,410,251.62695749440715,511.1666666666667,495.5,705.4834451901567,1099.3666666666666,1155.1166666666666,877842.2432543108,1011253.2078227409,46.4689194372797,1.037483116358546,910746.506278523,910746.506278523,1,1,0,0
profile,tfl-numbat-2019-midweek,early,12,4.966666666666667,1,2,off,free-flow,4,drop-offs,14,940GZZLUEUS,0,3900,2793,1800,1788,0db4ec5e24e7ed35,149,149,0,0,96,53,3.2,22,52,4.933333333333334,1,true,993,28,58,52,36,3,0,0,0,1,1,273,193,80,6,940GZZLUPAC-01-departure,true,420,224.21979865771812,486.8333333333333,475.8333333333333,682.1699105145414,1073.2833333333333,1125.8333333333333,832979.1837157777,918169.8086360691,47.567579192508404,1.1025777887067836,918424.3464891305,911346.5062785232,1.00633961543081,1.16410454218367,8,0
profile,tfl-numbat-2019-midweek,early,12,4.966666666666667,1,3,off,free-flow,4,destination,9,940GZZLUEUS,0,3900,2839,1800,1788,8d13d145a9ef1806,149,149,0,0,90,59,3,26,48,4.266666666666667,11,true,1039,27,61,56,36,2,0,0,0,1,1,270,191,79,6,london-link-069-a-departure,true,450,234.47225950783,500.46666666666664,474.25,698.7759507829978,1093.15,1139.25,870215.77648541,933927.7268657198,48.234288174361765,1.0698698150619175,931017.5919286266,931017.5919286266,1,1,0,0
profile,tfl-numbat-2019-midweek,early,12,4.966666666666667,1,3,off,free-flow,4,drop-offs,11,940GZZLUEUS,0,3900,2859,1800,1788,8d13d145a9ef1806,149,149,0,0,90,59,3,26,48,4.266666666666667,11,true,1059,25,61,54,36,3,0,0,0,1,1,213,158,55,6,940GZZLUPAC-01-departure,true,482,221.52102908277405,508.01666666666665,465.56666666666666,687.7177852348993,1094.35,1175.15,859408.2251599076,928925.462153963,48.056368409117425,1.0882137642115386,935219.8597702442,930942.5919286269,1.0039517208366444,1.1559109732048352,6,0
profile,tfl-numbat-2019-midweek,early,10,5.966666666666667,1,1,off,free-flow,4,destination,13,940GZZLUEUS,0,3900,2940,1800,1790,aadad49ab1254db9,179,179,0,0,96,83,3.2,27,62,4.6,21,true,1140,39,83,74,42,3,0,0,0,1,1,611,436,175,6,london-link-069-a-departure,true,515,286.60959031657353,563.25,549.1,763.3854748603352,1166.3333333333333,1203.9166666666667,1050417.0759672883,1211376.6941184674,46.44177068042158,1.0905444272684923,1145526.488624008,1145526.488624008,1,1,0,0
profile,tfl-numbat-2019-midweek,early,10,5.966666666666667,1,1,off,free-flow,4,drop-offs,24,940GZZLUEUS,0,3900,2875,1800,1790,aadad49ab1254db9,179,179,0,0,101,78,3.3666666666666667,27,62,4.933333333333334,16,true,1075,33,78,67,40,4,0,0,0,1,1,627,444,183,7,london-link-009-a-arrival,true,450,239.08491620111732,514.6833333333333,487.7,723.781843575419,1120.1833333333334,1204.6666666666667,981351.0121499603,1133062.2446750442,46.41245078190407,1.1856038790162358,1163493.5667949643,1145526.4886240074,1.0120417431941928,1.206719637386574,14,0
profile,tfl-numbat-2019-midweek,early,10,5.966666666666667,1,2,off,free-flow,4,destination,9,940GZZLUEUS,0,3900,2863,1800,1790,2b255de325ea94d8,179,179,0,0,103,76,3.433333333333333,24,65,5.266666666666667,11,true,1063,40,79,73,47,3,2,0,0,1,2,462,261,201,8,london-link-069-a-departure,true,474,282.9864059590317,569.25,530.75,739.4657355679702,1134.2666666666667,1217.2666666666667,1037111.7782445045,1229219.5078033777,45.76170238787378,1.055014724576371,1094168.19719331,1094168.19719331,1,1,0,0
profile,tfl-numbat-2019-midweek,early,10,5.966666666666667,1,2,off,free-flow,4,drop-offs,15,940GZZLUEUS,0,3900,2908,1800,1790,2b255de325ea94d8,179,179,0,0,105,74,3.5,24,65,5.4,9,true,1108,35,75,70,43,3,2,0,0,1,2,345,246,99,7,london-link-010-a-departure,true,523,258.8717877094972,532.8833333333333,493,718.7700186219739,1113.8666666666666,1155.5666666666666,1005291.0134734397,1203635.721323886,45.51038283149203,1.0970285959944928,1102832.9891867724,1094318.1971933104,1.0066107285865669,1.1817013652118589,10,0
profile,tfl-numbat-2019-midweek,early,10,5.966666666666667,1,3,off,free-flow,4,destination,12,940GZZLUEUS,0,3900,2981,1800,1790,26744e71f4c37b72,179,179,0,0,104,75,3.466666666666667,29,60,5,15,true,1181,37,82,75,42,3,2,0,0,1,2,300,225,74,6,london-link-009-a-arrival,true,552,269.7573556797021,579.0666666666667,535.5666666666667,737.4966480446927,1135.2333333333333,1190.1,1050190.6979766907,1177756.7540220388,47.137139479413975,1.077022616257831,1131079.133224407,1131079.133224407,1,1,0,0
profile,tfl-numbat-2019-midweek,early,10,5.966666666666667,1,3,off,free-flow,4,drop-offs,23,940GZZLUEUS,0,3900,2891,1800,1790,26744e71f4c37b72,179,179,0,0,106,73,3.533333333333333,29,60,5.133333333333334,13,true,1091,32,76,63,37,2,0,0,0,1,1,220,163,56,6,london-link-068-a-arrival,true,468,224.4688081936685,514.25,478,701.266573556797,1104.9166666666667,1220.85,983480.263221798,1066356.5911577714,47.97846526764058,1.168174481514993,1148876.5466817482,1131604.1332244077,1.0118384513000747,1.2046466221312568,16,0
profile,tfl-numbat-2019-midweek,early,8.571429,7,1,1,off,free-flow,4,destination,19,940GZZLUEUS,0,3900,3032,1800,1799,3563668f01b58088,210,210,0,0,112,98,3.7333333333333334,28,77,5.6,21,true,1232,47,99,88,50,4,2,0,0,1,2,809,554,251,7,london-link-017-a-departure,true,632,315.5028571428572,631.8,610.8,797.9807936507937,1219.9666666666667,1263.6,1232645.8477251732,1369880.215241661,47.36343913190166,1.1055942833969794,1362806.202767958,1362806.202767958,1,1,0,0
profile,tfl-numbat-2019-midweek,early,8.571429,7,1,1,off,free-flow,4,drop-offs,43,940GZZLUEUS,0,3900,2759,1800,1799,3563668f01b58088,210,210,0,0,117,93,3.9,29,76,5.866666666666666,17,true,959,36,94,73,46,4,2,0,0,1,2,704,513,191,8,london-link-009-a-arrival,true,440,232.3331746031746,560.5166666666667,527.5333333333333,726.7238095238096,1140.1,1260.2166666666667,1083015.1851523928,1211777.0102865782,47.19447744789034,1.2828580949852046,1389354.797395063,1362206.2027679577,1.0164396771225797,1.2747856031503002,26,0
profile,tfl-numbat-2019-midweek,early,8.571429,7,1,2,off,free-flow,4,destination,21,940GZZLUEUS,0,3900,2969,1800,1799,2c5e275a02e8aba7,210,210,0,0,117,93,3.9,28,77,5.933333333333334,16,true,1169,47,95,87,48,4,2,0,0,1,2,904,489,415,7,london-link-017-a-departure,true,613,304.34523809523813,643.8833333333333,611.3833333333333,762.1528571428572,1198.6,1266.3833333333334,1161261.497282404,1356060.2047367187,46.13083406665767,1.113816057529416,1293431.702754723,1293431.702754723,1,1,0,0
profile,tfl-numbat-2019-midweek,early,8.571429,7,1,2,off,free-flow,4,drop-offs,33,940GZZLUEUS,0,3900,2981,1800,1799,2c5e275a02e8aba7,210,210,0,0,124,86,4.133333333333334,29,76,6.333333333333333,10,true,1181,43,87,78,48,3,2,0,0,1,2,425,260,165,7,london-link-068-a-arrival,true,543,255.1065873015873,570.8666666666667,551.9833333333333,720.8989682539682,1138.4666666666667,1236.4833333333333,1098895.954120184,1296117.9055792184,45.88265532033732,1.190798798902568,1308563.98240095,1293356.7027547234,1.009181721311783,1.1980423813242134,16,0
profile,tfl-numbat-2019-midweek,early,8.571429,7,1,3,off,free-flow,4,destination,20,940GZZLUEUS,0,3900,3026,1800,1799,ddd650abd105cd58,210,210,0,0,107,103,3.566666666666667,30,75,5.133333333333334,28,true,1226,45,103,87,54,4,1,0,0,1,1,630,471,155,7,london-link-069-a-departure,true,628,286.2049206349206,627.8166666666667,584.25,754.6992857142858,1194.85,1271.3166666666666,1175359.5872867068,1282146.9870123223,47.827322196359226,1.1249289895427543,1322196.0729633418,1322196.0729633418,1,1,0,0
profile,tfl-numbat-2019-midweek,early,8.571429,7,1,3,off,free-flow,4,drop-offs,35,940GZZLUEUS,0,3900,2878,1800,1799,ddd650abd105cd58,210,210,0,0,123,87,4.1,32,73,6.066666666666666,14,true,1078,38,89,77,44,4,2,0,0,1,2,592,407,185,6,london-link-010-a-departure,true,494,233.17595238095237,596.5333333333333,552.4833333333333,710.1896825396826,1146.3833333333334,1253.4333333333334,1106905.7748445824,1168723.375974044,48.64174702834986,1.2161733341537473,1346189.2869030759,1322646.0729633425,1.0145675649102555,1.230066744571791,25,0
profile,tfl-numbat-2019-midweek,early,7.5,7.966666666666667,1,1,off,free-flow,4,destination,33,940GZZLUEUS,0,3900,3499,1800,1792.5,63b1ce4d79486c0c,239,239,0,0,127,112,4.233333333333333,29,90,6.533333333333333,22,true,1699,54,112,93,52,7,2,0,0,2,2,1333,784,549,6,london-link-057-b-departure,true,739.5,309.0170153417015,836.9833333333333,622.1666666666666,792.0808228730823,1227.0666666666666,1803.3333333333333,1307970.4717259752,1482671.7464300024,46.8698732935484,1.1872466683974285,1552883.584971387,1552883.584971387,1,1,0,0
profile,tfl-numbat-2019-midweek,early,7.5,7.966666666666667,1,1,off,free-flow,4,drop-offs,50,940GZZLUEUS,0,3900,2878,1800,1792.5,63b1ce4d79486c0c,239,239,0,0,130,109,4.333333333333333,31,88,6.6,21,true,1078,45,110,82,51,4,2,0,0,1,2,748,467,281,7,london-link-069-a-departure,true,503.5,250.76464435146445,633.2833333333333,586.1166666666667,746.3393305439331,1210.8333333333333,1323.05,1222247.1088903048,1308029.4743258895,48.304881648026246,1.29719495006331,1585492.7774674937,1552283.5849713872,1.0174878758108883,1.2944558459332471,31,0
profile,tfl-numbat-2019-midweek,early,7.5,7.966666666666667,1,2,off,free-flow,4,destination,26,940GZZLUEUS,0,3900,3088,1800,1792.5,b14207684481cacc,239,239,0,0,126,113,4.2,33,86,6.2,27,true,1288,59,114,99,53,6,2,0,0,1,2,2176,1170,1006,7,london-link-009-a-arrival,true,701.5,338.01276150627615,700.5166666666667,664.2833333333333,803.0401673640167,1253.1333333333334,1328.4833333333333,1322123.8153101476,1562068.8654026275,45.84034291992617,1.1226964292727115,1484343.6865510906,1484343.6865510906,1,1,0,0
profile,tfl-numbat-2019-midweek,early,7.5,7.966666666666667,1,2,off,free-flow,4,drop-offs,46,940GZZLUEUS,0,3900,2989,1800,1792.5,b14207684481cacc,239,239,0,0,141,98,4.7,33,86,7.2,12,true,1189,44,99,82,51,3,2,0,0,1,2,639,432,207,6,london-link-009-a-arrival,true,597.5,259.00934449093444,616.2666666666667,570.2666666666667,730.7801255230127,1173.7333333333333,1225.9833333333333,1200544.3931188015,1379032.697455986,46.5403572355069,1.258137171432749,1510449.5270275022,1483968.68655109,1.0137724553835907,1.1980423813242134,26,0
profile,tfl-numbat-2019-midweek,early,7.5,7.966666666666667,1,3,off,free-flow,4,destination,30,940GZZLUEUS,0,3900,3006,1800,1792.5,93ce2d6fb7cde873,239,239,0,0,131,108,4.366666666666666,35,84,6.4,24,true,1206,54,110,97,50,4,2,0,0,1,2,934,608,326,7,london-link-010-a-departure,true,636.5,294.6728730822873,761.2333333333333,632.35,766.7387029288702,1227.6833333333334,1332.4333333333334,1287899.545528735,1428649.6901605974,47.409394558679026,1.1708976826102433,1507998.5933517057,1507998.5933517057,1,1,0,0
profile,tfl-numbat-2019-midweek,early,7.5,7.966666666666667,1,3,off,free-flow,4,drop-offs,56,940GZZLUEUS,0,3900,2816,1800,1792.5,93ce2d6fb7cde873,239,239,0,0,145,94,4.833333333333333,38,81,7.133333333333334,13,true,1016,38,100,77,45,4,2,0,0,1,2,456,334,122,7,london-link-009-a-arrival,true,439.5,215.16408647140864,585.8333333333334,524.4333333333333,697.0733612273361,1122.0333333333333,1254.7333333333333,1146937.8369867709,1223407.6232011525,48.3869484955092,1.344560667045403,1542127.5032726945,1507923.5933517055,1.0181201270942308,1.1912004176097335,31,0
profile,tfl-numbat-2019-midweek,early,6.666667,8.966666666666667,1,1,off,free-flow,4,destination,33,940GZZLUEUS,0,3900,3295,1800,1793.3333333333333,4a2c0b0e2de5a8b9,269,269,0,0,133,136,4.433333333333334,36,98,6.466666666666667,38,true,1495,67,137,114,56,13,2,0,0,1,2,5582,1490,4092,8,london-link-069-a-departure,true,862.6666666666666,370.7039033457249,882.0833333333334,789.3166666666667,853.6415737298637,1387.1666666666667,1638.8,1509932.3278509635,1784482.835879542,45.83309184811903,1.155103150978556,1744127.5896569218,1744127.5896569218,1,1,0,0
profile,tfl-numbat-2019-midweek,early,6.666667,8.966666666666667,1,1,off,free-flow,4,drop-offs,66,940GZZLUEUS,0,3900,3064,1800,1793.3333333333333,4a2c0b0e2de5a8b9,269,269,0,0,151,118,5.033333333333333,35,99,7.733333333333333,19,true,1264,43,119,89,53,4,2,0,0,1,2,708,443,265,6,london-link-009-a-arrival,true,676.6666666666666,243.77205700123918,676.3333333333334,595.4333333333333,739.1346964064436,1214.9,1299.8,1316935.9549031847,1368659.9344389094,49.03701112030679,1.3552795396144333,1784816.3547178046,1745177.5896569218,1.0183817051615034,1.2783866974377407,37,0
profile,tfl-numbat-2019-midweek,early,6.666667,8.966666666666667,1,2,off,free-flow,4,destination,35,940GZZLUEUS,0,3900,3119,1800,1793.3333333333333,d22cf29e05f827ac,269,269,0,0,142,127,4.733333333333333,35,99,7.133333333333334,28,true,1319,64,131,108,56,7,2,0,0,1,2,2603,1571,1032,6,london-link-009-a-departure,true,689.6666666666666,349.28556381660474,769.5,683.6,815.8654894671624,1284.2166666666667,1338.0666666666666,1443962.253190677,1735136.536806589,45.42049016324903,1.1575667425279803,1671482.6817698611,1671482.6817698611,1,1,0,0
profile,tfl-numbat-2019-midweek,early,6.666667,8.966666666666667,1,2,off,free-flow,4,drop-offs,63,940GZZLUEUS,0,3900,3003,1800,1793.3333333333333,d22cf29e05f827ac,269,269,0,0,153,116,5.1,38,96,7.666666666666667,20,true,1203,49,118,90,52,3,2,0,0,1,2,1030,650,380,7,london-link-069-a-departure,true,582.6666666666666,260.7048327137546,664.8666666666667,608.95,739.4295539033457,1210.9833333333333,1369.8166666666666,1280197.2469346956,1430581.8959965522,47.2261729721876,1.341900979007404,1717897.9390532195,1671332.6817698607,1.022093169238932,1.2050199400722055,42,0
profile,tfl-numbat-2019-midweek,early,6.666667,8.966666666666667,1,3,off,free-flow,4,destination,31,940GZZLUEUS,0,3900,3204,1800,1793.3333333333333,d987e36c0704b230,269,269,0,0,143,126,4.766666666666667,41,93,6.8,33,true,1404,67,127,114,57,8,2,0,0,1,2,2476,1423,1053,8,london-link-069-a-departure,true,877.6666666666666,343.19095415117715,896.7333333333333,683.2,820.742936802974,1295.25,1443.35,1481056.1737062796,1804205.5603285916,45.0818319393775,1.1432059880604415,1693152.2864348306,1693152.2864348306,1,1,0,0
profile,tfl-numbat-2019-midweek,early,6.666667,8.966666666666667,1,3,off,free-flow,4,drop-offs,67,940GZZLUEUS,0,3900,2755,1800,1793.3333333333333,d987e36c0704b230,269,269,0,0,161,108,5.366666666666666,41,93,8,15,true,955,46,116,88,53,3,2,0,0,1,2,774,523,251,8,london-link-010-a-departure,true,399.6666666666667,234.74392812887237,819.25,586.9833333333333,721.5874225526642,1196.7666666666667,1330.9166666666667,1270756.402276368,1310418.4077374246,49.23170632792507,1.3698826962974466,1740787.206760472,1694127.2864348316,1.0218045349161442,1.2166773766309618,40,0
profile,tfl-numbat-2019-midweek,early,6,9.966666666666667,1,1,off,free-flow,4,destination,51,940GZZLUEUS,0,3900,3700,1800,1794,813f7f4fec7f70d2,299,299,0,0,150,149,5,44,105,7.066666666666666,44,true,1900,80,150,114,55,14,2,0,0,2,2,10138,2252,7886,9,london-link-069-a-departure,true,939,387.0675585284281,1376.7833333333333,905.55,875.340078037904,1512.15,2343.133333333333,1598527.3633847428,1909202.2995775484,45.57156671061077,1.216413807173495,1944470.7559318673,1944470.7559318673,1,1,0,0
profile,tfl-numbat-2019-midweek,early,6,9.966666666666667,1,1,off,free-flow,4,drop-offs,84,940GZZLUEUS,0,3900,3149,1800,1794,813f7f4fec7f70d2,299,299,0,0,177,122,5.9,46,103,8.733333333333333,19,true,1349,54,124,94,54,6,2,0,0,1,2,1487,639,847,8,london-link-010-a-departure,true,654,245.25897435897434,826.5166666666667,645.0166666666667,751.7537346711259,1289.6,1792.8666666666666,1402243.8200302925,1460117.581143117,48.98905566066711,1.4294250753777846,2004402.4781760317,1943795.7559318678,1.0250062615432722,1.2773872093944207,53,0
profile,tfl-numbat-2019-midweek,early,6,9.966666666666667,1,2,off,free-flow,4,destination,53,940GZZLUEUS,0,3900,3041,1800,1794,a6937e018b1fcc1f,299,299,0,0,148,151,4.933333333333334,42,107,7.066666666666666,44,true,1241,78,153,114,57,10,2,0,0,1,2,6742,2040,4702,8,london-link-069-a-departure,true,653,367.1545150501672,836.3166666666667,782.65,836.9398550724637,1410,1520.9,1508334.4329877198,1827145.908389489,45.22090609489047,1.225424133179033,1848349.4150846114,1848349.4150846114,1,1,0,0
profile,tfl-numbat-2019-midweek,early,6,9.966666666666667,1,2,off,free-flow,4,drop-offs,76,940GZZLUEUS,0,3900,2984,1800,1794,a6937e018b1fcc1f,299,299,0,0,168,131,5.6,42,107,8.4,24,true,1184,59,131,97,57,6,2,0,0,1,2,2714,1057,1657,9,london-link-069-a-departure,true,619,273.6988294314381,726.95,682.3166666666667,761.1734113712374,1316.7,1473.1,1386804.7082243748,1531882.160780716,47.51467939063647,1.3681731490403763,1897388.9647931326,1848799.415084611,1.0220071239456456,1.3922182754867969,44,0
profile,tfl-numbat-2019-midweek,early,6,9.966666666666667,1,3,off,free-flow,4,destination,50,940GZZLUEUS,0,3900,3191,1800,1794,569e16cc1ad11ec7,299,299,0,0,145,154,4.833333333333333,44,105,6.733333333333333,49,true,1391,81,154,114,58,15,2,0,0,1,2,7836,2380,5456,9,london-link-069-a-departure,true,793,368.85462653288744,921.1666666666666,776.35,854.3688963210702,1403.2166666666667,1552.05,1562299.868014194,1848311.6811670477,45.807030366423376,1.215067330907081,1898299.5306804902,1898299.5306804902,1,1,0,0
profile,tfl-numbat-2019-midweek,early,6,9.966666666666667,1,3,off,free-flow,4,drop-offs,91,940GZZLUEUS,0,3900,2931,1800,1794,569e16cc1ad11ec7,299,299,0,0,183,116,6.1,47,102,9.066666666666666,14,true,1131,49,121,90,52,6,2,0,0,1,2,1054,613,441,8,london-link-010-a-departure,true,569,214.58015607580825,652.85,577.4333333333333,712.26878483835,1210.7166666666667,1339.9666666666667,1325641.9606239088,1398488.6445535107,48.66293701573722,1.485169031292928,1968802.386559712,1898974.5306804893,1.0298076375831533,1.2602275196997421,59,0
profile,tfl-numbat-2019-midweek,early,5.4545449999999995,11,1,1,off,free-flow,4,destination,75,940GZZLUEUS,0,3900,3614,1800,1798.5,20e33643790350cf,330,330,0,0,164,166,5.466666666666667,44,121,8,45,true,1814,82,168,114,57,19,2,0,0,2,2,10555,2073,8481,7,london-link-009-a-departure,true,849.5,366.7849494949495,1003.5333333333333,920.9166666666666,854.5681313131313,1530.3,1847.8333333333333,1615169.3218471701,1934015.8263975794,45.50817312661055,1.32645355615424,2142447.090710552,2142447.090710552,1,1,0,0
profile,tfl-numbat-2019-midweek,early,5.4545449999999995,11,1,1,off,free-flow,4,drop-offs,103,940GZZLUEUS,0,3900,3520,1800,1798.5,20e33643790350cf,330,330,0,0,185,145,6.166666666666667,47,118,9.2,27,true,1720,59,149,103,60,6,2,0,0,2,2,1796,977,819,8,london-link-069-a-departure,true,755.5,247.3310606060606,880.6833333333333,672.25,753.1490404040403,1293.05,1847.0333333333333,1481734.6246091444,1621528.3543220325,47.74763320637048,1.4991508618499003,2221343.739517896,2142372.090710551,1.0304126785325396,1.288840914525852,65,0
profile,tfl-numbat-2019-midweek,early,5.4545449999999995,11,1,2,off,free-flow,4,destination,72,940GZZLUEUS,0,3900,3156,1800,1798.5,9a5fd55d60a95da3,330,330,0,0,169,161,5.633333333333334,43,122,8.4,39,true,1356,81,167,114,59,12,2,0,0,1,2,8290,2102,6182,9,london-link-009-a-departure,true,716.5,357.16368686868685,905.05,816.4333333333333,827.0427777777777,1432.9333333333334,1552.6166666666666,1568670.2761935724,1915138.5065260665,45.027450529847634,1.3032130789120902,2044311.6204109525,2044311.6204109525,1,1,0,0
profile,tfl-numbat-2019-midweek,early,5.4545449999999995,11,1,2,off,free-flow,4,drop-offs,91,940GZZLUEUS,0,3900,3062,1800,1798.5,9a5fd55d60a95da3,330,330,0,0,182,148,6.066666666666666,46,119,9.066666666666666,29,true,1262,69,149,110,65,9,2,0,0,1,2,3725,1429,2296,8,london-link-069-a-departure,true,633.5,274.88282828282826,792.9666666666667,707.1833333333333,763.4009595959596,1374.1,1507.5166666666667,1494312.650259905,1731415.4181275722,46.324817795534244,1.4001298712526133,2092231.7786203423,2045061.620410952,1.0192291097652708,1.2846957432671342,44,0
profile,tfl-numbat-2019-midweek,early,5.4545449999999995,11,1,3,off,free-flow,4,destination,70,940GZZLUEUS,0,3900,3123,1800,1798.5,3aa6ead3ecd2761f,330,330,0,0,166,164,5.533333333333333,50,115,7.733333333333333,49,true,1323,82,167,114,59,15,2,0,0,1,2,6988,2385,4603,7,london-link-069-a-departure,true,680.5,345.8290909090909,966.9333333333333,788.2,822.6249494949495,1405.9166666666667,1536.5333333333333,1602689.223588102,1881696.26730141,45.99632353476938,1.2999619490419625,2083435.00676484,2083435.00676484,1,1,0,0
profile,tfl-numbat-2019-midweek,early,5.4545449999999995,11,1,3,off,free-flow,4,drop-offs,107,940GZZLUEUS,0,3900,2958,1800,1798.5,3aa6ead3ecd2761f,330,330,0,0,202,128,6.733333333333333,53,112,9.933333333333334,16,true,1158,49,136,92,53,3,2,0,0,1,2,768,490,278,7,london-link-010-a-departure,true,562.5,220.67030303030302,672.4666666666667,587.2666666666667,716.4090404040404,1214.7,1388,1409036.3380652696,1440449.8036176818,49.448787184943825,1.5374263859085335,2166289.6448721066,2083060.0067648392,1.0324815083882548,1.2863627042936565,64,0
profile,tfl-numbat-2019-midweek,early,5,11.966666666666667,1,1,off,free-flow,4,destination,89,940GZZLUEUS,0,3900,3470,1800,1795,5608ed1bb22ab7e5,359,359,0,0,188,171,6.266666666666667,45,134,9.533333333333333,37,true,1670,85,175,114,59,14,2,0,0,2,2,8414,2495,5919,7,london-link-009-a-departure,true,1000,364.6816620241411,1037,847.2833333333333,850.936861652739,1440.0166666666667,2010,1714552.321353421,2007925.2268892212,46.05944022853409,1.3548620159442326,2322981.814469756,2322981.814469756,1,1,0,0
profile,tfl-numbat-2019-midweek,early,5,11.966666666666667,1,1,off,free-flow,4,drop-offs,118,940GZZLUEUS,0,3900,3414,1800,1795,5608ed1bb22ab7e5,359,359,0,0,210,149,7,48,131,10.8,18,true,1614,65,153,109,60,10,2,0,0,2,2,2074,1139,930,7,london-link-010-a-departure,true,859,255.52103064066853,919.3166666666667,689,762.3141597028783,1325.4333333333334,1793.2666666666667,1575761.436037922,1791345.5567432947,46.798674334264305,1.5315319801663037,2413329.032368671,2323206.8144697556,1.0321352156662351,1.2589029080118526,72,0
profile,tfl-numbat-2019-midweek,early,5,11.966666666666667,1,2,off,free-flow,4,destination,96,940GZZLUEUS,0,3900,3074,1800,1795,706d8f75a32eac66,359,359,0,0,190,169,6.333333333333333,48,131,9.466666666666667,38,true,1274,90,177,114,60,12,2,0,0,1,2,8277,2530,5747,8,london-link-069-a-departure,true,684,341.57720519962857,917.4166666666666,834.1166666666667,807.8573816155988,1380.2166666666667,1579.5666666666666,1588837.6664712597,1918388.7487588867,45.301827665637006,1.3895576092145554,2207781.469216908,2207781.469216908,1,1,0,0
profile,tfl-numbat-2019-midweek,early,5,11.966666666666667,1,2,off,free-flow,4,drop-offs,110,940GZZLUEUS,0,3900,3058,1800,1795,706d8f75a32eac66,359,359,0,0,204,155,6.8,50,129,10.266666666666667,26,true,1258,74,158,114,64,10,2,0,0,1,2,6586,1941,4644,8,london-link-069-a-departure,true,609,284.96675951717737,828.1666666666666,768.6666666666666,784.210399257196,1463.5333333333333,1642.1333333333334,1577775.4342317455,1795585.6739753669,46.77161393700624,1.444326504037417,2278822.877053726,2208306.469216908,1.0270329404760703,1.3297819733330971,61,0
profile,tfl-numbat-2019-midweek,early,5,11.966666666666667,1,3,off,free-flow,4,destination,93,940GZZLUEUS,0,3900,3212,1800,1795,e90e4c4c349d670e,359,359,0,0,173,186,5.766666666666667,50,129,8.2,57,true,1412,92,190,114,62,13,2,0,0,1,2,9201,2222,6977,8,london-link-069-a-departure,true,779,357.1438254410399,964.6833333333333,848.9166666666666,851.3012070566389,1475.5,1569.4,1656024.7163336007,1926395.608567664,46.22642141746007,1.3721791085850301,2272362.518991436,2272362.518991436,1,1,0,0
profile,tfl-numbat-2019-midweek,early,5,11.966666666666667,1,3,off,free-flow,4,drop-offs,116,940GZZLUEUS,0,3900,3109,1800,1795,e90e4c4c349d670e,359,359,0,0,213,146,7.1,52,127,10.733333333333333,19,true,1309,67,153,108,56,7,2,0,0,1,2,2645,1371,1274,8,london-link-069-a-departure,true,675,253.6733983286908,737.6166666666667,684.2666666666667,755.4830547818013,1292.6333333333334,1462.95,1570626.4492564811,1732237.191598828,47.553475409289135,1.5133616290041236,2376925.801765155,2272962.5189914354,1.0386790292214434,1.306346822170414,76,0
profile,tfl-numbat-2019-midweek,early,4.615385,13.033333333333333,1,1,off,free-flow,4,destination,115,940GZZLUEUS,0,3900,3527,1800,1798.6,90c3c036d47733d8,391,391,0,0,198,193,6.6,46,149,10.133333333333333,44,true,1727,86,193,114,60,18,2,0,0,1,2,11558,2559,8999,8,london-link-009-a-departure,true,917.4,366.7306052855925,1167.7166666666667,907.95,850.17242114237,1512.6333333333334,2136.866666666667,1743567.26076547,2064314.8983968715,45.788372325813256,1.4442032497221848,2518065.504008944,2518065.504008944,1,1,0,0
profile,tfl-numbat-2019-midweek,early,4.615385,13.033333333333333,1,1,off,free-flow,4,drop-offs,137,940GZZLUEUS,0,3900,3484,1800,1798.6,90c3c036d47733d8,391,391,0,0,218,173,7.266666666666667,49,146,11.266666666666667,27,true,1684,86,173,114,64,8,2,0,0,2,2,3894,1686,2208,7,london-link-009-a-arrival,true,741.4,263.7312020460358,1026.6,729.0666666666667,773.3062233589088,1353.15,1992.95,1647244.1291225879,1872090.591140061,46.80555446001038,1.592352953020361,2622994.053289147,2520765.5040089427,1.0328599336639956,1.3061491058163912,73,0
profile,tfl-numbat-2019-midweek,early,4.615385,13.033333333333333,1,2,off,free-flow,4,destination,128,940GZZLUEUS,0,3900,3065,1800,1798.6,dd76da605dc6d0b3,391,391,0,0,201,190,6.7,53,142,9.866666666666667,48,true,1265,93,190,114,62,20,2,0,0,1,2,11578,2407,9167,8,london-link-009-a-departure,true,680.4,335.6570332480818,939.5333333333333,858.2,814.2037084398978,1521.8166666666666,1718.85,1591828.6070654003,1875288.4887658278,45.91216745980036,1.5160393132679335,2413274.7482605563,2413274.7482605563,1,1,0,0
profile,tfl-numbat-2019-midweek,early,4.615385,13.033333333333333,1,2,off,free-flow,4,drop-offs,133,940GZZLUEUS,0,3900,3023,1800,1798.6,dd76da605dc6d0b3,391,391,0,0,222,169,7.4,59,136,10.866666666666667,33,true,1223,73,170,114,69,12,2,0,0,1,2,7191,1918,5273,8,london-link-010-a-departure,true,600.4,270.6771099744245,850.3833333333333,774.7166666666667,775.9985507246378,1460.3166666666666,1698.4666666666667,1632776.2089715628,1827283.2149295185,47.18925338948866,1.5294123912480353,2497188.166091437,2412899.748260557,1.0292334403908485,1.2907118910939726,74,0
profile,tfl-numbat-2019-midweek,early,4.615385,13.033333333333333,1,3,off,free-flow,4,destination,118,940GZZLUEUS,0,3900,3142,1800,1798.6,42c18a3a5d04a7c1,391,391,0,0,194,197,6.466666666666667,51,144,9.533333333333333,53,true,1342,89,205,114,61,13,2,0,0,1,2,7181,2210,4971,8,london-link-069-a-departure,true,732.4,344.1536658141518,900.4333333333333,829.6333333333333,826.5002131287297,1440.3333333333333,1555.8,1685330.637901264,1969400.4741176055,46.1136698226286,1.4676517114848573,2473478.395056713,2473478.395056713,1,1,0,0
profile,tfl-numbat-2019-midweek,early,4.615385,13.033333333333333,1,3,off,free-flow,4,drop-offs,135,940GZZLUEUS,0,3900,3176,1800,1798.6,42c18a3a5d04a7c1,391,391,0,0,227,164,7.566666666666666,55,140,11.466666666666667,24,true,1376,82,166,114,59,11,2,0,0,1,2,5528,1704,3824,8,london-link-010-a-departure,true,738.4,264.76223358908777,950.9,816.4,764.1801364023871,1424.6666666666667,1546.95,1644466.6181351035,1810517.798932335,47.59693299951011,1.5700200603294792,2581845.578947655,2474303.3950567143,1.0355723829423755,1.2931772684565221,81,0
profile,tfl-numbat-2019-midweek,early,4.2857140000000005,14,1,1,off,free-flow,4,destination,138,940GZZLUEUS,0,3900,3409,1800,1799,c19c8f7ced0a6fad,420,420,0,0,225,195,7.5,48,162,11.8,33,true,1609,95,200,114,57,15,2,0,0,1,2,11539,2842,8697,8,london-link-069-a-departure,true,917,361.0370238095238,1220.4666666666667,897.5,843.780753968254,1492.3333333333333,2184.483333333333,1787616.1481302725,2106945.1388659654,45.90032140716443,1.5112601729823483,2701553.089130919,2701553.089130919,1,1,0,0
profile,tfl-numbat-2019-midweek,early,4.2857140000000005,14,1,1,off,free-flow,4,drop-offs,161,940GZZLUEUS,0,3900,3090,1800,1799,c19c8f7ced0a6fad,420,420,0,0,244,176,8.133333333333333,49,161,13,15,true,1290,82,183,114,64,8,2,0,0,1,2,4225,1739,2486,8,london-link-010-b-arrival,true,666,261.75158730158734,818.0666666666667,724.9333333333333,776.345753968254,1336.8666666666666,1759.4666666666667,1696229.4838845772,1910081.5527888942,47.03503016337745,1.6677170709292786,2828830.8663986255,2703353.089130922,1.0378912951393633,1.3154440569018022,93,0
profile,tfl-numbat-2019-midweek,early,4.2857140000000005,14,1,2,off,free-flow,4,destination,146,940GZZLUEUS,0,3900,3111,1800,1799,576e1859100cd6b6,420,420,0,0,233,187,7.766666666666667,58,152,11.666666666666666,35,true,1311,90,196,114,62,13,2,0,0,1,2,8619,2482,6135,8,london-link-009-a-departure,true,672,316.513373015873,878.2333333333333,831.4333333333333,787.1650793650794,1423.1833333333334,1577.9166666666667,1664936.0071216237,1972832.1565488563,45.76806251011104,1.5561011967108813,2590808.9130595103,2590808.9130595103,1,1,0,0
profile,tfl-numbat-2019-midweek,early,4.2857140000000005,14,1,2,off,free-flow,4,drop-offs,154,940GZZLUEUS,0,3900,3059,1800,1799,576e1859100cd6b6,420,420,0,0,242,178,8.066666666666666,57,153,12.333333333333334,25,true,1259,79,186,114,73,13,2,0,0,1,2,8791,2366,6424,9,london-link-069-a-departure,true,559,272.58496031746034,900.75,811.9166666666666,788.0826190476191,1515.9,1760.7833333333333,1672465.9682498602,1848519.5569834535,47.49993876044226,1.6161062543568694,2702882.711425421,2591033.913059509,1.0367259598270333,1.4746690122209005,83,0
profile,tfl-numbat-2019-midweek,early,4.2857140000000005,14,1,3,off,free-flow,4,destination,141,940GZZLUEUS,0,3900,3090,1800,1799,880a3a3a981d7825,420,420,0,0,223,197,7.433333333333334,54,156,11.266666666666667,41,true,1290,94,204,114,63,14,2,0,0,1,2,10240,2392,7845,8,london-link-069-a-departure,true,765,330.79305555555555,1005.9333333333333,856.7666666666667,826.0633730158729,1500.8833333333334,1693.45,1698199.7963654958,1938277.3181146975,46.69903708738837,1.5646034872056511,2657009.3232881366,2657009.3232881366,1,1,0,0
profile,tfl-numbat-2019-midweek,early,4.2857140000000005,14,1,3,off,free-flow,4,drop-offs,159,940GZZLUEUS,0,3900,2988,1800,1799,880a3a3a981d7825,420,420,0,0,246,174,8.2,56,154,12.666666666666666,20,true,1188,71,178,114,67,10,2,0,0,1,2,5830,2158,3672,8,london-link-010-a-departure,true,618,245.45015873015873,808.05,750.3166666666667,759.3221031746032,1412.9333333333334,1578.5833333333333,1676447.7033464792,1802212.958646109,48.192332228985066,1.6567165569161477,2777398.666861456,2657459.3232881357,1.0379624932628453,1.3249566356672555,86,0
profile,tfl-numbat-2019-midweek,early,4,14.966666666666667,1,1,off,free-flow,4,destination,158,940GZZLUEUS,0,3900,3503,1800,1796,63c82187320d4492,449,449,0,0,242,207,8.066666666666666,52,172,12.666666666666666,35,true,1703,102,214,114,62,19,2,0,0,1,2,15804,2801,13003,8,london-link-009-a-departure,true,1004,367.27613214550854,1240.1166666666666,970.1666666666666,854.3855976243505,1561.3166666666666,2206.4666666666667,1827743.0460124714,2121477.05943604,46.28111366826173,1.5820859774286542,2891646.643301975,2891646.643301975,1,1,0,0
profile,tfl-numbat-2019-midweek,early,4,14.966666666666667,1,1,off,free-flow,4,drop-offs,179,940GZZLUEUS,0,3900,3192,1800,1796,63c82187320d4492,449,449,0,0,257,192,8.566666666666666,55,169,13.466666666666667,23,true,1392,87,194,114,63,12,2,0,0,1,2,5129,2022,3107,8,london-link-069-a-departure,true,801,269.9379732739421,996.05,803.8,790.2043801039347,1390.1166666666666,1713.0333333333333,1775700.1961849337,1959285.0495516548,47.542361732535895,1.712268842827801,3040476.120001917,2894046.6433019787,1.0412630112771042,1.303522393988335,106,0
profile,tfl-numbat-2019-midweek,early,4,14.966666666666667,1,2,off,free-flow,4,destination,164,940GZZLUEUS,0,3900,3126,1800,1796,3c1cc4bd02bc2287,449,449,0,0,248,201,8.266666666666667,54,170,12.933333333333334,31,true,1326,94,214,114,62,14,2,0,0,1,2,8473,2095,6375,8,london-link-009-a-departure,true,822,326.2976243504083,903.1333333333333,815.4166666666666,799.9374907201188,1408.5833333333333,1539.6,1695682.4713856117,1994127.5313918323,45.95582076337845,1.6313346118940715,2766225.5062670386,2766225.5062670386,1,1,0,0
profile,tfl-numbat-2019-midweek,early,4,14.966666666666667,1,2,off,free-flow,4,drop-offs,189,940GZZLUEUS,0,3900,2979,1800,1796,3c1cc4bd02bc2287,449,449,0,0,259,190,8.633333333333333,57,167,13.466666666666667,23,true,1179,88,197,114,73,13,2,0,0,1,2,8640,2247,6390,8,london-link-010-a-departure,true,595,257.61748329621383,955.1166666666667,819.05,768.9555679287305,1481.0166666666667,1789.0833333333333,1663726.2892275716,1801354.1882791189,48.01407355550688,1.7368483373778179,2889640.239226361,2767875.506267038,1.0385993094898212,1.3347527755863426,96,0
profile,tfl-numbat-2019-midweek,early,4,14.966666666666667,1,3,off,free-flow,4,destination,165,940GZZLUEUS,0,3900,3319,1800,1796,518b208a85e38dde,449,449,0,0,253,196,8.433333333333334,54,170,13.266666666666667,26,true,1519,95,210,114,60,15,2,0,0,1,2,10673,2692,7981,8,london-link-069-a-departure,true,881,332.5218262806236,918,860.7833333333333,813.5651818856719,1461.3,1549.2166666666667,1759830.7410847628,2036404.0219733892,46.357268475859144,1.6078886482275894,2829611.8712767228,2829611.8712767228,1,1,0,0
profile,tfl-numbat-2019-midweek,early,4,14.966666666666667,1,3,off,free-flow,4,drop-offs,180,940GZZLUEUS,0,3900,3090,1800,1796,518b208a85e38dde,449,449,0,0,263,186,8.766666666666667,57,167,13.733333333333333,19,true,1290,86,189,114,65,11,2,0,0,1,2,7117,2337,4780,9,london-link-069-a-departure,true,705,256.60167037861913,887.8,807.6,764.8183370452858,1439.7833333333333,1586.15,1733039.8637323095,1896722.830591789,47.74526627986683,1.702613768162315,2950697.532658199,2829011.8712767246,1.0355200174873664,1.2969810902435661,92,0
profile,tfl-numbat-2019-midweek,morning,60,0.9666666666666667,1,1,off,free-flow,4,destination,0,940GZZLUEUS,0,3900,2307,1800,1740,ec096baf2262cfae,29,29,0,0,23,6,0.7666666666666667,7,7,1.0666666666666667,-1,true,507,1,10,10,10,0,1,0,0,2,1,0,0,0,2,london-link-023-a-arrival,true,0,20.49712643678161,205.85,115.76666666666667,415.63045977011495,811.8166666666667,1048.5666666666666,155331.7207800927,41283.54053107956,79.0028809280769,1,155331.72077894528,155331.72077894528,1,1,0,0
profile,tfl-numbat-2019-midweek,morning,60,0.9666666666666667,1,1,off,free-flow,4,drop-offs,0,940GZZLUEUS,0,3900,2307,1800,1740,ec096baf2262cfae,29,29,0,0,23,6,0.7666666666666667,7,7,1.0666666666666667,-1,true,507,1,10,10,10,0,1,0,0,2,1,0,0,0,2,london-link-023-a-arrival,true,0,20.49712643678161,205.85,115.76666666666667,415.63045977011495,811.8166666666667,1048.5666666666666,155331.7207800927,41283.54053107956,79.0028809280769,1,155331.72077894528,155331.72077894528,1,1,0,0
profile,tfl-numbat-2019-midweek,morning,60,0.9666666666666667,1,2,off,free-flow,4,destination,0,940GZZLUEUS,0,3900,2155,1800,1740,eaf98c10ead9f202,29,29,0,0,23,6,0.7666666666666667,8,6,1,0,true,355,2,9,9,8,0,0,0,0,1,1,0,0,0,2,london-link-084-a-departure,true,0,41.04080459770115,172.65,150.91666666666666,393.2201149425287,708.5166666666667,813.1833333333333,137908.053580545,30776.098725044365,81.75519258662177,1,137908.05357964188,137908.05357964188,1,1,0,0
profile,tfl-numbat-2019-midweek,morning,60,0.9666666666666667,1,2,off,free-flow,4,drop-offs,0,940GZZLUEUS,0,3900,2155,1800,1740,eaf98c10ead9f202,29,29,0,0,23,6,0.7666666666666667,8,6,1,0,true,355,2,9,9,8,0,0,0,0,1,1,0,0,0,2,london-link-084-a-departure,true,0,41.04080459770115,172.65,150.91666666666666,393.2201149425287,708.5166666666667,813.1833333333333,137908.053580545,30776.098725044365,81.75519258662177,1,137908.05357964188,137908.05357964188,1,1,0,0
profile,tfl-numbat-2019-midweek,morning,60,0.9666666666666667,1,3,off,free-flow,4,destination,0,940GZZLUEUS,0,3900,2488,1800,1740,5214e5eaa55ec074,29,29,0,0,21,8,0.7,7,7,0.9333333333333333,1,true,688,3,10,10,10,1,0,0,0,1,1,5,4,1,2,940GZZLUBNK-01-arrival,true,164,53.166091954022995,343.9,327.81666666666666,468.3086206896552,859.2333333333333,891.2333333333333,163234.2424259688,85610.58622028808,65.59679914345858,1,163234.24242449424,163234.24242449424,1,1,0,0
profile,tfl-numbat-2019-midweek,morning,60,0.9666666666666667,1,3,off,free-flow,4,drop-offs,0,940GZZLUEUS,0,3900,2488,1800,1740,5214e5eaa55ec074,29,29,0,0,21,8,0.7,7,7,0.9333333333333333,1,true,688,3,10,10,10,1,0,0,0,1,1,5,4,1,2,940GZZLUBNK-01-arrival,true,164,53.166091954022995,343.9,327.81666666666666,468.3086206896552,859.2333333333333,891.2333333333333,163234.2424259688,85610.58622028808,65.59679914345858,1,163234.24242449424,163234.24242449424,1,1,0,0
profile,tfl-numbat-2019-midweek,morning,30,1.9666666666666666,1,1,off,free-flow,4,destination,1,940GZZLUEUS,0,3900,2677,1800,1770,97c3b096389d787f,59,59,0,0,43,16,1.4333333333333333,15,14,1.8666666666666667,2,true,877,4,17,17,15,1,1,0,0,2,1,9,8,1,2,940GZZLUKSX-01-departure,true,267,55.52146892655367,356.85,215.46666666666667,444.5533898305085,996.4,1048.5666666666666,307048.907314655,134229.35173066444,69.58169840021985,1.0120422624022292,310746.4708232852,310746.4708232852,1,1,0,0
profile,tfl-numbat-2019-midweek,morning,30,1.9666666666666666,1,1,off,free-flow,4,drop-offs,1,940GZZLUEUS,0,3900,2677,1800,1770,97c3b096389d787f,59,59,0,0,43,16,1.4333333333333333,15,14,1.8666666666666667,2,true,877,4,17,17,15,1,1,0,0,2,1,9,8,1,2,940GZZLUKSX-01-departure,true,267,55.52146892655367,356.85,215.46666666666667,444.5533898305085,996.4,1048.5666666666666,307048.907314655,134229.35173066444,69.58169840021985,1.0120422624022292,310746.4708232852,310746.4708232852,1,1,0,0
profile,tfl-numbat-2019-midweek,morning,30,1.9666666666666666,1,2,off,free-flow,4,destination,0,940GZZLUEUS,0,3900,2839,1800,1770,2eb0fa6013c87d49,59,59,0,0,43,16,1.4333333333333333,16,13,1.8,3,true,1039,5,17,16,14,1,1,0,0,1,1,8,7,1,2,940GZZLUBXN-01-arrival,true,363,65.44774011299435,362.2,309.9166666666667,452.65677966101697,946.4166666666666,1068.65,309161.27625129337,122939.95968260306,71.548343430008,1,309161.2762475908,309161.2762475908,1,1,0,0
profile,tfl-numbat-2019-midweek,morning,30,1.9666666666666666,1,2,off,free-flow,4,drop-offs,0,940GZZLUEUS,0,3900,2839,1800,1770,2eb0fa6013c87d49,59,59,0,0,43,16,1.4333333333333333,16,13,1.8,3,true,1039,5,17,16,14,1,1,0,0,1,1,8,7,1,2,940GZZLUBXN-01-arrival,true,363,65.44774011299435,362.2,309.9166666666667,452.65677966101697,946.4166666666666,1068.65,309161.27625129337,122939.95968260306,71.548343430008,1,309161.2762475908,309161.2762475908,1,1,0,0
profile,tfl-numbat-2019-midweek,morning,30,1.9666666666666666,1,3,off,free-flow,4,destination,0,940GZZLUEUS,0,3900,2499,1800,1770,e15aaff78f8f0841,59,59,0,0,41,18,1.3666666666666667,17,12,1.6,6,true,699,5,19,19,16,0,0,0,0,1,1,0,0,0,3,london-link-048-b-departure,true,112,72.12994350282487,354.6166666666667,327.81666666666666,508.30593220338983,876.85,908.4166666666666,349832.3785112889,154533.77148276402,69.36079642050004,1,349832.3785069095,349832.3785069095,1,1,0,0
profile,tfl-numbat-2019-midweek,morning,30,1.9666666666666666,1,3,off,free-flow,4,drop-offs,0,940GZZLUEUS,0,3900,2499,1800,1770,e15aaff78f8f0841,59,59,0,0,41,18,1.3666666666666667,17,12,1.6,6,true,699,5,19,19,16,0,0,0,0,1,1,0,0,0,3,london-link-048-b-departure,true,112,72.12994350282487,354.6166666666667,327.81666666666666,508.30593220338983,876.85,908.4166666666666,349832.3785112889,154533.77148276402,69.36079642050004,1,349832.3785069095,349832.3785069095,1,1,0,0
profile,tfl-numbat-2019-midweek,morning,20,2.966666666666667,1,1,off,free-flow,4,destination,0,940GZZLUEUS,0,3900,2564,1800,1780,d2d7fedf7433e695,89,89,0,0,67,22,2.2333333333333334,23,21,2.933333333333333,1,true,764,8,27,27,22,1,2,0,0,2,1,3,2,1,3,940GZZLULNB-01-departure,true,357,88.25711610486891,456.45,347.9,471.30898876404495,983.7833333333333,1071.05,461474.9473473517,254648.25650947168,64.44071981776138,1,461474.9473413209,461474.9473413209,1,1,0,0
profile,tfl-numbat-2019-midweek,morning,20,2.966666666666667,1,1,off,free-flow,4,drop-offs,1,940GZZLUEUS,0,3900,2564,1800,1780,d2d7fedf7433e695,89,89,0,0,67,22,2.2333333333333334,23,21,2.933333333333333,1,true,764,8,26,26,21,1,2,0,0,2,1,12,10,2,3,london-link-030-a-arrival,true,357,84.7876404494382,456.45,347.9,468.5239700374532,983.7833333333333,1071.05,459924.7537217557,243005.63357598966,65.42963030661271,1.0045120028872216,461999.9355324262,461324.9473413209,1.0015054204283889,1.1339824181265996,1,0
profile,tfl-numbat-2019-midweek,morning,20,2.966666666666667,1,2,off,free-flow,4,destination,0,940GZZLUEUS,0,3900,2667,1800,1780,102a127340b7005c,89,89,0,0,61,28,2.033333333333333,24,20,2.466666666666667,8,true,867,10,30,30,23,1,1,0,0,1,1,6,5,1,3,940GZZLUVIC-01-arrival,true,343,100.98614232209738,449.5,349.26666666666665,526.0056179775281,986.3333333333334,1353.9333333333334,513840.67737405194,225782.83406831473,69.47327517644655,1,513840.6773670815,513840.6773670815,1,1,0,0
profile,tfl-numbat-2019-midweek,morning,20,2.966666666666667,1,2,off,free-flow,4,drop-offs,0,940GZZLUEUS,0,3900,2667,1800,1780,102a127340b7005c,89,89,0,0,61,28,2.033333333333333,24,20,2.466666666666667,8,true,867,10,30,30,23,1,1,0,0,1,1,6,5,1,3,940GZZLUVIC-01-arrival,true,343,100.98614232209738,449.5,349.26666666666665,526.0056179775281,986.3333333333334,1353.9333333333334,513840.67737405194,225782.83406831473,69.47327517644655,1,513840.6773670815,513840.6773670815,1,1,0,0
profile,tfl-numbat-2019-midweek,morning,20,2.966666666666667,1,3,off,free-flow,4,destination,0,940GZZLUEUS,0,3900,2984,1800,1780,d207b3f7842d888c,89,89,0,0,64,25,2.1333333333333333,24,20,2.6666666666666665,5,true,1184,9,31,31,26,1,1,0,0,1,1,3,2,1,3,london-link-022-a-departure,true,334,93.39007490636705,362.0833333333333,327.81666666666666,530.3837078651685,906.9666666666667,1203.4,528508.2426451987,304526.12778363226,63.44374991071884,1,528508.2426390685,528508.2426390685,1,1,0,0
profile,tfl-numbat-2019-midweek,morning,20,2.966666666666667,1,3,off,free-flow,4,drop-offs,0,940GZZLUEUS,0,3900,2984,1800,1780,d207b3f7842d888c,89,89,0,0,64,25,2.1333333333333333,24,20,2.6666666666666665,5,true,1184,9,31,31,26,1,1,0,0,1,1,3,2,1,3,london-link-022-a-departure,true,334,93.39007490636705,362.0833333333333,327.81666666666666,530.3837078651685,906.9666666666667,1203.4,528508.2426451987,304526.12778363226,63.44374991071884,1,528508.2426390685,528508.2426390685,1,1,0,0
profile,tfl-numbat-2019-midweek,morning,15,3.966666666666667,1,1,off,free-flow,4,destination,0,940GZZLUEUS,0,3900,2869,1800,1785,9b3980983f12907c,119,119,0,0,82,37,2.7333333333333334,30,29,3.466666666666667,8,true,1069,12,39,38,30,1,2,0,0,2,1,12,11,1,3,london-link-009-a-arrival,true,356,97.706162464986,433.7,311.43333333333334,506.2796918767507,1027.0666666666666,1129.4833333333333,659301.433826102,335770.1416811106,66.25668444905983,1,659301.4338500937,659301.4338500937,1,1,0,0
profile,tfl-numbat-2019-midweek,morning,15,3.966666666666667,1,1,off,free-flow,4,drop-offs,1,940GZZLUEUS,0,3900,2869,1800,1785,9b3980983f12907c,119,119,0,0,82,37,2.7333333333333334,30,29,3.466666666666667,8,true,1069,12,39,38,30,1,2,0,0,2,1,12,11,1,3,london-link-009-a-arrival,true,356,95.68361344537814,433.7,311.43333333333334,504.8648459383753,1027.0666666666666,1129.4833333333333,653639.855806039,334469.0025344797,66.15059163661337,1.0099663535512984,660154.2617271176,659451.4338500937,1.0006890925488514,1.082002013313308,1,0
profile,tfl-numbat-2019-midweek,morning,15,3.966666666666667,1,2,off,free-flow,4,destination,0,940GZZLUEUS,0,3900,2759,1800,1785,69d4d38d8565a9e6,119,119,0,0,76,43,2.533333333333333,30,29,3.066666666666667,14,true,959,16,44,44,35,1,1,0,0,1,1,10,7,2,3,940GZZLUVIC-01-arrival,true,281,122.33557422969189,474.15,375.68333333333334,546.0449579831933,1042.8166666666666,1353.9333333333334,684506.4628764675,325239.3867880228,67.78997537884503,1,684506.4629060702,684506.4629060702,1,1,0,0
profile,tfl-numbat-2019-midweek,morning,15,3.966666666666667,1,2,off,free-flow,4,drop-offs,0,940GZZLUEUS,0,3900,2759,1800,1785,69d4d38d8565a9e6,119,119,0,0,76,43,2.533333333333333,30,29,3.066666666666667,14,true,959,16,44,44,35,1,1,0,0,1,1,10,7,2,3,940GZZLUVIC-01-arrival,true,281,122.33557422969189,474.15,375.68333333333334,546.0449579831933,1042.8166666666666,1353.9333333333334,684506.4628764675,325239.3867880228,67.78997537884503,1,684506.4629060702,684506.4629060702,1,1,0,0
profile,tfl-numbat-2019-midweek,morning,15,3.966666666666667,1,3,off,free-flow,4,destination,0,940GZZLUEUS,0,3900,2642,1800,1785,4bba75f61683de00,119,119,0,0,83,36,2.7666666666666666,24,35,3.933333333333333,1,true,842,13,39,39,33,1,1,0,0,2,1,29,23,6,4,london-link-048-a-arrival,true,309,113.51680672268908,466.28333333333336,359.96666666666664,534.0445378151261,924.05,1306.6666666666667,678566.6398540812,358013.70302587433,65.46204011247248,1,678566.6398821606,678566.6398821606,1,1,0,0
profile,tfl-numbat-2019-midweek,morning,15,3.966666666666667,1,3,off,free-flow,4,drop-offs,0,940GZZLUEUS,0,3900,2642,1800,1785,4bba75f61683de00,119,119,0,0,83,36,2.7666666666666666,24,35,3.933333333333333,1,true,842,13,39,39,33,1,1,0,0,2,1,29,23,6,4,london-link-048-a-arrival,true,309,113.51680672268908,466.28333333333336,359.96666666666664,534.0445378151261,924.05,1306.6666666666667,678566.6398540812,358013.70302587433,65.46204011247248,1,678566.6398821606,678566.6398821606,1,1,0,0
profile,tfl-numbat-2019-midweek,morning,12,4.966666666666667,1,1,off,free-flow,4,destination,0,940GZZLUEUS,0,3900,2751,1800,1788,55e19f59b2536a66,149,149,0,0,100,49,3.3333333333333335,36,38,4.266666666666667,11,true,951,15,49,49,42,2,2,0,1,2,1,56,45,11,4,940GZZLULNB-01-arrival,true,284,104.08870246085012,426.8,344.6,520.0379194630872,1031.3,1134.85,840025.5165619276,436729.5440373335,65.79378789911755,1,840025.5166271534,840025.5166271534,1,1,0,0
profile,tfl-numbat-2019-midweek,morning,12,4.966666666666667,1,1,off,free-flow,4,drop-offs,2,940GZZLUEUS,0,3900,2751,1800,1788,55e19f59b2536a66,149,149,0,0,100,49,3.3333333333333335,36,38,4.266666666666667,11,true,951,15,49,48,41,2,2,0,1,2,1,49,39,10,4,940GZZLULNB-01-arrival,true,284,99.12460850111856,426.8,342.85,515.97774049217,996.4,1134.85,831618.3896154872,432849.7518630573,65.7682358563083,1.0119614366335181,841565.7403501252,840025.5166271534,1.0011465125674812,1.0935917389180152,2,0
profile,tfl-numbat-2019-midweek,morning,12,4.966666666666667,1,2,off,free-flow,4,destination,0,940GZZLUEUS,0,3900,2627,1800,1788,04314078e25fbbdc,149,149,0,0,96,53,3.2,39,35,3.8,18,true,827,19,55,55,45,1,1,0,0,2,1,24,17,7,4,london-link-075-b-departure,true,344,122.29485458612976,543.9833333333333,383.78333333333336,540.2313199105145,1042.8166666666666,1364.6333333333334,844336.0736067742,423453.1911422821,66.59908685801189,1,844336.0736728343,844336.0736728343,1,1,0,0
profile,tfl-numbat-2019-midweek,morning,12,4.966666666666667,1,2,off,free-flow,4,drop-offs,2,940GZZLUEUS,0,3900,2706,1800,1788,04314078e25fbbdc,149,149,0,0,96,53,3.2,40,34,3.7333333333333334,19,true,906,18,55,54,44,1,1,0,0,2,1,10,6,4,4,london-link-075-b-departure,true,424,118.53087248322147,533.4666666666667,379.23333333333335,536.6397091722595,1042.8166666666666,1364.6333333333334,839138.5856589454,426449.6613594925,66.3042334373638,1.0074535035517864,845393.1081530845,843886.0736728343,1.001620228572465,1.1447778931536958,2,0
profile,tfl-numbat-2019-midweek,morning,12,4.966666666666667,1,3,off,free-flow,4,destination,1,940GZZLUEUS,0,3900,2991,1800,1788,6cc4332fc789a716,149,149,0,0,106,43,3.533333333333333,29,45,5.133333333333334,-2,true,1191,17,48,47,39,2,1,0,0,2,1,40,29,11,4,london-link-048-a-arrival,true,537,126.46711409395974,553.9333333333333,398.18333333333334,557.7293064876958,1018.6833333333333,1285.2666666666667,865908.1753268555,431891.6172646657,66.72124469967437,1.0063485306220608,871405.4199653681,871405.4199653681,1,1,0,0
profile,tfl-numbat-2019-midweek,morning,12,4.966666666666667,1,3,off,free-flow,4,drop-offs,2,940GZZLUEUS,0,3900,2980,1800,1788,6cc4332fc789a716,149,149,0,0,106,43,3.533333333333333,29,45,5.133333333333334,-2,true,1180,18,48,47,39,2,1,0,0,2,1,38,28,10,4,london-link-048-a-arrival,true,526,126.40425055928411,548.5666666666667,406.46666666666664,557.7885906040268,1008.8333333333334,1285.2666666666667,865072.6958235773,429807.6990907989,66.80715062341956,1.0076543125685713,871694.2327034168,870955.4199653681,1.001232478877568,1.183639352757603,1,0
profile,tfl-numbat-2019-midweek,morning,10,5.966666666666667,1,1,off,free-flow,4,destination,2,940GZZLUEUS,0,3900,2924,1800,1790,944d0fed765eed8b,179,179,0,0,117,62,3.9,43,46,4.933333333333334,16,true,1124,19,65,64,50,2,2,0,0,2,1,45,36,9,4,london-link-075-a-arrival,true,341,126.118156424581,472.95,368.43333333333334,546.7052141527003,1048.5666666666666,1153.9833333333333,1008922.612266469,548998.6901727611,64.76082011888558,1.0113682091142782,1020392.255607713,1020392.255607713,1,1,0,0
profile,tfl-numbat-2019-midweek,morning,10,5.966666666666667,1,1,off,free-flow,4,drop-offs,3,940GZZLUEUS,0,3900,2924,1800,1790,944d0fed765eed8b,179,179,0,0,118,61,3.933333333333333,43,46,5,15,true,1124,19,65,64,50,2,2,0,0,2,1,48,38,10,4,london-link-082-a-departure,true,341,124.96508379888269,472.95,368.43333333333334,545.8216945996276,1048.5666666666666,1153.9833333333333,1007363.8276500227,537373.5789163356,65.21262600154098,1.0134458124076442,1020908.6528075779,1020167.255607713,1.0013848070043665,1.2478804537816155,1,0
profile,tfl-numbat-2019-midweek,morning,10,5.966666666666667,1,2,off,free-flow,4,destination,0,940GZZLUEUS,0,3900,3132,1800,1790,ad331b2234d47096,179,179,0,0,124,55,4.133333333333334,44,45,5.333333333333333,10,true,1332,23,66,65,55,2,1,0,0,2,1,88,64,24,4,london-link-015-a-arrival,true,319,136.31964618249535,532.2833333333333,446.3,562.4344506517691,1066.8,1491.8166666666666,1033944.4812015888,539006.7858707277,65.7327727085936,1,1033944.4813110209,1033944.4813110209,1,1,0,0
profile,tfl-numbat-2019-midweek,morning,10,5.966666666666667,1,2,off,free-flow,4,drop-offs,5,940GZZLUEUS,0,3900,3128,1800,1790,ad331b2234d47096,179,179,0,0,123,56,4.1,44,45,5.266666666666667,11,true,1328,23,67,65,54,1,2,0,1,2,1,64,49,15,5,london-link-070-a-departure,true,387,131.2810055865922,496.65,438.76666666666665,559.2106145251397,1042.8166666666666,1487.65,1021920.4519198205,530291.0943954072,65.83641607007385,1.014573000372041,1036812.8991538639,1032969.4813110208,1.003828816718157,1.1879481766937212,5,0
profile,tfl-numbat-2019-midweek,morning,10,5.966666666666667,1,3,off,free-flow,4,destination,0,940GZZLUEUS,0,3900,3257,1800,1790,6a65d9c30f59177b,179,179,0,0,118,61,3.933333333333333,35,54,5.533333333333333,7,true,1457,25,62,61,44,2,1,0,0,2,1,101,82,18,4,940GZZLUKSX-01-arrival,true,458,150.43026070763503,567.6833333333333,463.68333333333334,574.3192737430168,1075.0666666666666,1576.7166666666667,1027276.7886547694,585229.944897975,63.70682163859427,1,1027276.7887624792,1027276.7887624792,1,1,0,0
profile,tfl-numbat-2019-midweek,morning,10,5.966666666666667,1,3,off,free-flow,4,drop-offs,2,940GZZLUEUS,0,3900,3257,1800,1790,6a65d9c30f59177b,179,179,0,0,119,60,3.966666666666667,35,54,5.6,6,true,1457,24,62,60,44,2,1,0,0,2,1,93,76,16,4,940GZZLUKSX-01-arrival,true,458,147.54031657355682,567.6833333333333,463.68333333333334,572.0724394785847,1075.0666666666666,1576.7166666666667,1022056.2461423174,578191.0117428667,63.86864536753036,1.0067323635261771,1028937.1004428826,1027351.7887624792,1.0013084433741495,1.13715011663561,2,0
profile,tfl-numbat-2019-midweek,morning,8.571429,7,1,1,off,free-flow,4,destination,0,940GZZLUEUS,0,3900,3048,1800,1799,cda90f11c595fc68,210,210,0,0,141,69,4.7,46,59,6.333333333333333,10,true,1248,25,74,73,53,2,3,0,0,2,1,150,119,30,5,940GZZLULNB-diverge,true,424,149.5092857142857,600.8,435.93333333333334,575.3492063492063,1082.1666666666667,1452.65,1210562.4101854968,628166.1433713246,65.83692888457053,1,1210562.4102557492,1210562.4102557492,1,1,0,0
profile,tfl-numbat-2019-midweek,morning,8.571429,7,1,1,off,free-flow,4,drop-offs,4,940GZZLUEUS,0,3900,3075,1800,1799,cda90f11c595fc68,210,210,0,0,142,68,4.733333333333333,46,59,6.4,9,true,1275,25,73,73,55,1,3,0,0,2,1,110,90,17,5,london-link-118-a-arrival,true,409,146.7934126984127,600.8,434.25,573.6897619047619,1082.1666666666667,1441.9333333333334,1201115.851855909,615627.5817772445,66.11367514090296,1.0103737877174186,1213575.9728006767,1210562.4102557492,1.0031002545481138,1.2628890892905584,4,0
profile,tfl-numbat-2019-midweek,morning,8.571429,7,1,2,off,free-flow,4,destination,0,940GZZLUEUS,0,3900,2879,1800,1799,7f2bdfec1fd345fe,210,210,0,0,143,67,4.766666666666667,44,61,6.6,6,true,1079,27,78,77,61,2,1,0,1,2,1,99,80,19,4,london-link-023-a-departure,true,263,139.43603174603174,498.76666666666665,433.6166666666667,561.7104761904761,1042.8166666666666,1473.7666666666667,1201908.1210683892,591996.6158595842,66.99955110919844,1,1201908.1211410828,1201908.1211410828,1,1,0,0
profile,tfl-numbat-2019-midweek,morning,8.571429,7,1,2,off,free-flow,4,drop-offs,4,940GZZLUEUS,0,3900,2879,1800,1799,7f2bdfec1fd345fe,210,210,0,0,141,69,4.7,45,60,6.4,9,true,1079,26,77,76,60,3,1,0,0,2,2,61,47,14,4,940GZZLUKSX-01-arrival,true,290,137.03063492063492,504.1333333333333,433.6166666666667,560.2242063492063,1060.0666666666666,1473.7666666666667,1190423.9660385372,573467.9456563322,67.48848714288255,1.0112504853227136,1203816.8134726826,1200858.1211410828,1.0021781177830784,1.2090545336455947,4,0
profile,tfl-numbat-2019-midweek,morning,8.571429,7,1,3,off,free-flow,4,destination,0,940GZZLUEUS,0,3900,2991,1800,1799,7ea8c132a695c16b,210,210,0,0,137,73,4.566666666666666,42,63,6.333333333333333,10,true,1191,29,74,73,54,2,2,0,0,2,1,83,66,17,5,london-link-048-a-arrival,true,373,153.4568253968254,571.5333333333333,474.65,577.3726190476191,1065.9666666666667,1530.7833333333333,1205843.088160747,615316.5116406613,66.21292764743082,1,1205843.0882323114,1205843.0882323114,1,1,0,0
profile,tfl-numbat-2019-midweek,morning,8.571429,7,1,3,off,free-flow,4,drop-offs,2,940GZZLUEUS,0,3900,2991,1800,1799,7ea8c132a695c16b,210,210,0,0,137,73,4.566666666666666,42,63,6.333333333333333,10,true,1191,26,74,73,55,2,2,0,0,2,2,106,85,21,5,london-link-048-a-arrival,true,373,148.19753968253968,565.3166666666667,484.8666666666667,573.1324603174603,1095.7666666666667,1491.7333333333333,1200922.5456459494,603473.9945660356,66.55535625804636,1.0057920922700179,1207878.399912715,1205993.0882323117,1.0015810338209215,1.1685658361244649,2,0
profile,tfl-numbat-2019-midweek,morning,7.5,7.966666666666667,1,1,off,free-flow,4,destination,0,940GZZLUEUS,0,3900,2954,1800,1792.5,4731b4d993884c61,239,239,0,0,155,84,5.166666666666667,54,65,6.733333333333333,19,true,1154,30,85,84,65,3,3,0,1,2,1,196,124,69,5,london-link-022-a-departure,true,418.5,163.0976290097629,567.3333333333334,457.8,587.3652022315202,1098.1,1313.5833333333333,1371782.1518723064,733306.180353005,65.16506366372668,1,1371782.1519005885,1371782.1519005885,1,1,0,0
profile,tfl-numbat-2019-midweek,morning,7.5,7.966666666666667,1,1,off,free-flow,4,drop-offs,7,940GZZLUEUS,0,3900,2961,1800,1792.5,4731b4d993884c61,239,239,0,0,154,85,5.133333333333334,54,65,6.666666666666667,20,true,1161,29,87,84,64,2,3,0,1,2,1,131,98,31,4,london-link-022-a-departure,true,436.5,152.7260111576011,516.6,415.3666666666667,578.9180613668061,1075.15,1302.95,1345648.3764770024,685349.699397921,66.25552197519033,1.0236362896045597,1377454.5112448803,1371857.1519005888,1.0037690329172984,1.2203595586751894,7,0
profile,tfl-numbat-2019-midweek,morning,7.5,7.966666666666667,1,2,off,free-flow,4,destination,0,940GZZLUEUS,0,3900,3326,1800,1792.5,f9f836c87071a85e,239,239,0,0,162,77,5.4,51,68,7.4,9,true,1526,33,89,86,65,1,3,0,0,1,2,91,70,21,4,940GZZLUWLO-diverge,true,487.5,155.12670850767083,556.2666666666667,435.93333333333334,572.9594142259414,1076.3833333333334,1585.1833333333334,1351599.638212297,720771.7012034655,65.21995418993473,1,1351599.6382457442,1351599.6382457442,1,1,0,0
profile,tfl-numbat-2019-midweek,morning,7.5,7.966666666666667,1,2,off,free-flow,4,drop-offs,5,940GZZLUEUS,0,3900,3188,1800,1792.5,f9f836c87071a85e,239,239,0,0,165,74,5.5,51,68,7.6,6,true,1388,32,88,84,65,1,3,0,0,1,1,92,72,20,4,940GZZLUWLO-diverge,true,354.5,147.8576011157601,561.6166666666667,430.51666666666665,567.039539748954,1042.8166666666666,1447.75,1333061.11546783,682691.1109773285,66.13219114825063,1.0168641995281955,1355542.1241411685,1351449.638245744,1.0025696217839164,1.1749741054059761,5,0
profile,tfl-numbat-2019-midweek,morning,7.5,7.966666666666667,1,3,off,free-flow,4,destination,1,940GZZLUEUS,0,3900,3102,1800,1792.5,15f7af9d566e1cbd,239,239,0,0,156,83,5.2,45,74,7.4,9,true,1302,33,89,87,62,1,2,0,0,2,1,99,81,18,4,940GZZLULNB-01-arrival,true,530.5,171.29191073919108,612.2166666666667,496.98333333333335,597.7821478382148,1157.4833333333333,1632.1,1376125.6896099835,776171.999356928,63.937516481305835,1.0039947256335695,1381622.934204456,1381622.934204456,1,1,0,0
profile,tfl-numbat-2019-midweek,morning,7.5,7.966666666666667,1,3,off,free-flow,4,drop-offs,3,940GZZLUEUS,0,3900,3153,1800,1792.5,15f7af9d566e1cbd,239,239,0,0,157,82,5.233333333333333,45,74,7.466666666666667,8,true,1353,32,89,85,61,1,2,0,0,2,1,99,81,18,4,940GZZLULNB-01-arrival,true,528.5,169.2010460251046,612.0666666666667,496.98333333333335,596.2482566248257,1157.4833333333333,1632.1,1371217.4176208107,775845.5696748357,63.86479696843643,1.0087624017568142,1383232.5755584582,1381547.934204456,1.0009693552932442,1.1302202989262484,2,0
profile,tfl-numbat-2019-midweek,morning,6.666667,8.966666666666667,1,1,off,free-flow,4,destination,1,940GZZLUEUS,0,3900,2924,1800,1793.3333333333333,34ba04f18e7fc846,269,269,0,0,175,94,5.833333333333333,58,76,7.8,18,true,1124,39,100,96,71,2,3,0,0,2,2,174,122,52,6,london-link-082-a-departure,true,402.6666666666667,172.98971499380423,606.15,471.26666666666665,593.7965303593556,1111.6166666666666,1474.45,1527708.9330864518,830007.4823090251,64.79612743546167,1.001540276675327,1530062.0275102865,1530062.0275102865,1,1,0,0
profile,tfl-numbat-2019-midweek,morning,6.666667,8.966666666666667,1,1,off,free-flow,4,drop-offs,7,940GZZLUEUS,0,3900,2924,1800,1793.3333333333333,34ba04f18e7fc846,269,269,0,0,172,97,5.733333333333333,58,76,7.6,21,true,1124,37,99,94,71,2,3,0,0,2,2,185,152,31,5,london-link-009-a-arrival,true,331.6666666666667,164.65260223048327,606.15,478.71666666666664,587.0320941759603,1111.6166666666666,1468.6833333333334,1501357.5283512052,786602.8456614082,65.61990956679604,1.0229506672372775,1535814.685383155,1530137.0275102868,1.0028892051872624,1.230182852318834,6,0
profile,tfl-numbat-2019-midweek,morning,6.666667,8.966666666666667,1,2,off,free-flow,4,destination,1,940GZZLUEUS,0,3900,3037,1800,1793.3333333333333,b3b95630ed092780,269,269,0,0,179,90,5.966666666666667,54,80,8.333333333333334,10,true,1237,36,102,99,70,3,3,0,1,2,2,215,150,63,5,940GZZLUWLO-diverge,true,557.6666666666666,169.5063816604709,592.4333333333333,456.01666666666665,599.6657372986369,1090.4833333333333,1493.9333333333334,1562717.4246782553,841334.1600751729,65.00348971665413,1.0019383428710633,1565746.5068356884,1565746.5068356884,1,1,0,0
profile,tfl-numbat-2019-midweek,morning,6.666667,8.966666666666667,1,2,off,free-flow,4,drop-offs,8,940GZZLUEUS,0,3900,2934,1800,1793.3333333333333,b3b95630ed092780,269,269,0,0,182,87,6.066666666666666,54,80,8.533333333333333,7,true,1134,35,100,95,71,3,2,0,1,2,1,188,141,47,5,940GZZLUWLO-01-arrival,true,449.6666666666667,160.97973977695167,590.1333333333333,436.35,592.2944857496902,1125.1666666666667,1384.2833333333333,1541896.506224849,785122.2668126875,66.26059592171485,1.0181151100149253,1569828.1310499408,1564996.5068356884,1.0024502713888286,1.1749741054059761,6,0
profile,tfl-numbat-2019-midweek,morning,6.666667,8.966666666666667,1,3,off,free-flow,4,destination,1,940GZZLUEUS,0,3900,2899,1800,1793.3333333333333,8e5746ead23083f4,269,269,0,0,176,93,5.866666666666666,55,79,8.066666666666666,14,true,1099,37,96,94,67,2,2,0,1,2,1,177,141,34,5,london-link-049-a-departure,true,538.6666666666666,176.97323420074352,599.5666666666667,480.1,597.260780669145,1085.9833333333333,1608.6,1523365.9803883918,884910.1680949142,63.25545271657418,1.004293591254403,1529906.691227845,1529906.691227845,1,1,0,0
profile,tfl-numbat-2019-midweek,morning,6.666667,8.966666666666667,1,3,off,free-flow,4,drop-offs,4,940GZZLUEUS,0,3900,2899,1800,1793.3333333333333,8e5746ead23083f4,269,269,0,0,178,91,5.933333333333334,54,80,8.266666666666667,11,true,1099,37,96,93,68,3,2,0,0,2,1,204,167,34,5,london-link-049-a-departure,true,473.6666666666667,174.28531598513013,602.0166666666667,473.03333333333336,595.4455390334573,1093.4333333333334,1611.05,1519175.8700251984,885151.6353817479,63.18506387373667,1.0090935254301903,1532990.5344219925,1529681.691227845,1.0023831377441437,1.2888590053008755,4,0
profile,tfl-numbat-2019-midweek,morning,6,9.966666666666667,1,1,off,free-flow,4,destination,1,940GZZLUEUS,0,3900,3642,1800,1794,1c08fe1ead694371,299,299,0,0,189,110,6.3,65,84,8.266666666666667,26,true,1842,46,116,111,81,2,2,1,1,2,2,208,164,42,5,london-link-082-a-departure,true,894,193.36583054626533,1013.3833333333333,481.3333333333333,613.7420289855072,1120.7,1967.95,1693264.2938022662,1034494.2220327146,62.07530043340179,1.0038283438967164,1699746.6917718714,1699746.6917718714,1,1,0,0
profile,tfl-numbat-2019-midweek,morning,6,9.966666666666667,1,1,off,free-flow,4,drop-offs,12,940GZZLUEUS,0,3900,3460,1800,1794,1c08fe1ead694371,299,299,0,0,191,108,6.366666666666666,65,84,8.4,24,true,1660,41,112,104,74,2,2,1,0,2,2,149,119,28,5,london-link-082-a-departure,true,712,180.25211817168338,831.05,481.3333333333333,602.8236343366779,1141.0833333333333,1785.6166666666666,1650092.0508515483,962892.60635701,63.14970301487861,1.0354651529741705,1708612.8178105692,1698321.691771871,1.0065573394895202,1.2866062756813923,10,0
profile,tfl-numbat-2019-midweek,morning,6,9.966666666666667,1,2,off,free-flow,4,destination,1,940GZZLUEUS,0,3900,2936,1800,1794,5d52463e8423e3e8,299,299,0,0,197,102,6.566666666666666,57,92,9.333333333333334,10,true,1136,45,112,106,73,3,2,0,1,1,1,316,239,77,5,london-link-057-b-departure,true,513,193.25824972129323,598.75,484.3333333333333,617.2818283166109,1130.3666666666666,1543.2,1706138.2009060353,966771.9417865849,63.830735409134114,1.0032881053073528,1711748.162920871,1711748.162920871,1,1,0,0
profile,tfl-numbat-2019-midweek,morning,6,9.966666666666667,1,2,off,free-flow,4,drop-offs,11,940GZZLUEUS,0,3900,2956,1800,1794,5d52463e8423e3e8,299,299,0,0,200,99,6.666666666666667,57,92,9.533333333333333,7,true,1156,41,108,102,72,2,2,0,1,2,2,227,178,45,5,london-link-088-a-arrival,true,537,172.04743589743592,571.3333333333334,475.3833333333333,597.2454292084727,1106.8666666666666,1563.9333333333334,1682549.1304962118,892099.8451023333,65.3506224127139,1.021633741362936,1718948.963161948,1711223.1629208708,1.004415323765313,1.2126210841356782,10,0
profile,tfl-numbat-2019-midweek,morning,6,9.966666666666667,1,3,off,free-flow,4,destination,3,940GZZLUEUS,0,3900,2963,1800,1794,c3759d12dff30a69,299,299,0,0,193,106,6.433333333333334,59,90,8.933333333333334,16,true,1163,48,111,108,75,2,2,0,0,2,1,177,137,37,5,london-link-082-a-departure,true,382,198.50217391304346,685.9333333333333,498.51666666666665,622.4413043478261,1120.75,1637.0166666666667,1697954.2424711438,1076929.3370459976,61.1901073978248,1.010594069505555,1715942.4876762228,1715942.4876762228,1,1,0,0
profile,tfl-numbat-2019-midweek,morning,6,9.966666666666667,1,3,off,free-flow,4,drop-offs,9,940GZZLUEUS,0,3900,2945,1800,1794,c3759d12dff30a69,299,299,0,0,197,102,6.566666666666666,59,90,9.2,12,true,1145,47,111,104,73,2,2,0,0,2,1,188,147,37,5,london-link-013-b-departure,true,355,187.7418060200669,620.1666666666666,504.35,612.6329988851728,1111.75,1581.75,1677510.9246471124,997804.8909773711,62.703285901800754,1.0248416064596435,1719182.9908163918,1715342.4876762228,1.0019629731984778,1.1704546318087818,5,0
profile,tfl-numbat-2019-midweek,morning,5.4545449999999995,11,1,1,off,free-flow,4,destination,4,940GZZLUEUS,0,3900,3588,1800,1798.5,c64244c66b891430,330,330,0,0,211,119,7.033333333333333,70,95,9.4,24,true,1788,54,127,114,75,2,2,0,1,2,2,266,179,86,6,london-link-057-b-departure,true,840.5,232.77813131313133,1117.85,639.5166666666667,653.5836868686869,1248.5666666666666,2067.05,1862121.446983391,1304411.3867416363,58.8063205014312,1.0081284058310884,1877257.5257109422,1877257.5257109422,1,1,0,0
profile,tfl-numbat-2019-midweek,morning,5.4545449999999995,11,1,1,off,free-flow,4,drop-offs,15,940GZZLUEUS,0,3900,3327,1800,1798.5,c64244c66b891430,330,330,0,0,207,123,6.9,70,95,9.133333333333333,28,true,1527,54,124,114,78,3,2,0,0,2,2,297,236,61,5,london-link-013-a-arrival,true,645.5,207.8719696969697,856.2833333333333,544.5166666666667,630.7094949494949,1155.9666666666667,1805.4833333333333,1820857.8848731807,1196309.6702144614,60.349909364589095,1.035506047791912,1885509.351863567,1874557.5257109422,1.0047705459859602,1.2331540192339667,12,0
profile,tfl-numbat-2019-midweek,morning,5.4545449999999995,11,1,2,off,free-flow,4,destination,3,940GZZLUEUS,0,3900,3274,1800,1798.5,c421d6886132d7aa,330,330,0,0,208,122,6.933333333333334,59,106,9.933333333333334,16,true,1474,59,131,114,74,2,3,0,0,2,1,273,210,63,6,london-link-048-a-departure,true,856.5,243.52782828282827,937.9166666666666,661.95,667.9387373737374,1250.8666666666666,1542.25,1875639.2046506954,1300386.9165072069,59.056164310351534,1.009997974664398,1894391.7977947874,1894391.7977947874,1,1,0,0
profile,tfl-numbat-2019-midweek,morning,5.4545449999999995,11,1,2,off,free-flow,4,drop-offs,12,940GZZLUEUS,0,3900,3149,1800,1798.5,c421d6886132d7aa,330,330,0,0,212,118,7.066666666666666,61,104,10.066666666666666,14,true,1349,53,130,114,75,2,3,0,1,2,2,319,243,76,5,london-link-009-a-arrival,true,566.5,215.82510101010104,768.3166666666667,581.5,642.7204040404041,1185.4666666666667,1495.9,1842934.0463665547,1203715.8676456092,60.49050919472321,1.0319783413540986,1901868.0202977422,1892441.7977947874,1.004363959699219,1.2080981893994183,12,0
profile,tfl-numbat-2019-midweek,morning,5.4545449999999995,11,1,3,off,free-flow,4,destination,5,940GZZLUEUS,0,3900,3122,1800,1798.5,bd64ac0fbdcacbce,330,330,0,0,198,132,6.6,59,106,9.266666666666667,26,true,1322,61,132,114,79,4,2,0,0,2,2,314,249,62,5,london-link-013-b-departure,true,666.5,252.38287878787878,750.9333333333333,608.6833333333333,676.7328787878788,1180.9333333333334,1611.2666666666667,1867858.115132561,1279772.080059375,59.341726927952,1.0143535053941246,1894668.4265613402,1894668.4265613402,1,1,0,0
profile,tfl-numbat-2019-midweek,morning,5.4545449999999995,11,1,3,off,free-flow,4,drop-offs,16,940GZZLUEUS,0,3900,2936,1800,1798.5,bd64ac0fbdcacbce,330,330,0,0,203,127,6.766666666666667,59,106,9.6,21,true,1136,57,131,114,78,2,2,0,1,2,1,279,215,63,5,940GZZLUVIC-01-arrival,true,736.5,222.49888888888887,806.8666666666667,536.4833333333333,649.8620202020202,1153.0333333333333,1598.5833333333333,1836661.6397583724,1158604.6387619257,61.31881004802377,1.0372354184926578,1905050.5044478702,1894368.4265613402,1.0047009518359962,1.211244016220273,13,0
profile,tfl-numbat-2019-midweek,morning,5,11.966666666666667,1,1,off,free-flow,4,destination,7,940GZZLUEUS,0,3900,3395,1800,1795,5960e07ad149c806,359,359,0,0,208,151,6.933333333333334,73,106,9,45,true,1595,81,153,114,73,4,2,0,1,2,2,359,263,95,5,london-link-031-b-departure,true,868,301.2803621169916,1045.0333333333333,717.7166666666667,722.0708913649025,1331.3333333333333,1999.6,2009945.822505952,1467071.8818306162,57.80660305523119,1.015851202640785,2041805.8808961778,2041805.8808961778,1,1,0,0
profile,tfl-numbat-2019-midweek,morning,5,11.966666666666667,1,1,off,free-flow,4,drop-offs,28,940GZZLUEUS,0,3900,3304,1800,1795,5960e07ad149c806,359,359,0,0,212,147,7.066666666666666,74,105,9.2,42,true,1504,71,148,114,73,3,2,0,0,2,2,376,292,84,6,london-link-087-a-arrival,true,675,254.26680594243268,953.9333333333333,654.7666666666667,679.9241411327762,1233.6166666666666,1908.5,1940886.4691096505,1313845.5882137057,59.63275731845672,1.063428588048388,2063994.1572804048,2041355.8808961778,1.0096914550925205,1.3305351603595565,24,0
profile,tfl-numbat-2019-midweek,morning,5,11.966666666666667,1,2,off,free-flow,4,destination,6,940GZZLUEUS,0,3900,3322,1800,1795,fd71a29997bbff89,359,359,0,0,215,144,7.166666666666667,68,111,9.8,33,true,1522,81,149,114,74,2,3,0,0,2,2,377,289,87,5,london-link-020-b-arrival,true,987,299.32042711234914,1104.3833333333334,751.3166666666667,726.1387650882081,1330.4,1731.5166666666667,2046391.3624434173,1446453.4545284656,58.58809851785896,1.0120530556383605,2071056.6312443817,2071056.6312443817,1,1,0,0
profile,tfl-numbat-2019-midweek,morning,5,11.966666666666667,1,2,off,free-flow,4,drop-offs,23,940GZZLUEUS,0,3900,3297,1800,1795,fd71a29997bbff89,359,359,0,0,223,136,7.433333333333334,69,110,10.266666666666667,26,true,1497,69,142,114,76,2,4,0,0,2,2,403,308,94,5,940GZZLUKSX-01-arrival,true,707,251.2433147632312,1057.5,677.9833333333333,682.2832404828226,1313.7666666666667,1833.3166666666666,1984483.8670191146,1346750.4354528773,59.572029068819894,1.0530920909842174,2089844.264905871,2071356.631244381,1.0076710274205318,1.2534205766754565,21,0
profile,tfl-numbat-2019-midweek,morning,5,11.966666666666667,1,3,off,free-flow,4,destination,5,940GZZLUEUS,0,3900,3497,1800,1795,53029c581d4402c7,359,359,0,0,203,156,6.766666666666667,61,118,9.466666666666667,38,true,1697,84,157,114,79,4,2,0,1,2,1,463,356,106,5,london-link-010-b-departure,true,1095,318.955617455896,1139.25,716.95,744.9362116991642,1365.5166666666667,1746.4166666666667,2049046.3493467334,1557767.7433776737,56.810423178727966,1.0091066044018862,2067706.2037020107,2067706.2037020107,1,1,0,0
profile,tfl-numbat-2019-midweek,morning,5,11.966666666666667,1,3,off,free-flow,4,drop-offs,25,940GZZLUEUS,0,3900,3336,1800,1795,53029c581d4402c7,359,359,0,0,207,152,6.9,66,113,9.4,39,true,1536,73,152,114,82,3,2,0,1,2,2,350,267,81,6,london-link-048-a-departure,true,912,274.1933147632312,1019.8166666666667,687.25,703.4384401114206,1287.7666666666667,1710.6,1962612.006697758,1359536.5377310223,59.076587950561226,1.0616581917693326,2083623.1140421182,2068456.2037020111,1.0062897482954427,1.2784468328511587,18,0
profile,tfl-numbat-2019-midweek,morning,4.615385,13.033333333333333,1,1,off,free-flow,4,destination,13,940GZZLUEUS,0,3900,3581,1800,1798.6,b9bdf89a2a5e69f2,391,391,0,0,233,158,7.766666666666667,78,117,10.333333333333334,41,true,1781,102,162,114,75,2,2,0,0,2,2,405,331,74,7,london-link-010-a-departure,true,1006.4,323.7869565217391,1342.8833333333334,783.05,745.4054560954817,1375.8666666666666,2297.45,2169333.7464916143,1533498.070795473,58.58580280000391,1.027716037365405,2229459.0814835313,2229459.0814835313,1,1,0,0
profile,tfl-numbat-2019-midweek,morning,4.615385,13.033333333333333,1,1,off,free-flow,4,drop-offs,42,940GZZLUEUS,0,3900,3396,1800,1798.6,b9bdf89a2a5e69f2,391,391,0,0,243,148,8.1,80,115,10.866666666666667,33,true,1596,77,154,114,81,3,2,0,0,2,2,666,458,204,6,london-link-031-b-departure,true,771.4,251.26402387041773,891.3833333333333,614.4,680.565601023018,1255.7333333333333,1809.0166666666667,2050576.589081368,1341599.7041925173,60.45017746121616,1.1027077751505003,2261186.74815831,2230884.0814835303,1.0107877679515918,1.2474452828183515,32,0
profile,tfl-numbat-2019-midweek,morning,4.615385,13.033333333333333,1,2,off,free-flow,4,destination,4,940GZZLUEUS,0,3900,3654,1800,1798.6,8b758b26ca8b1088,391,391,0,0,224,167,7.466666666666667,73,122,10.066666666666666,45,true,1854,108,167,114,76,3,4,0,0,2,2,456,342,114,5,940GZZLUWLO-01-arrival,true,955.4,352.70886615515775,1073.5333333333333,818.8833333333333,779.4312020460358,1426.2,1965.1833333333334,2237804.358422337,1598824.5333244596,58.32736033542918,1.008006002949982,2255720.2265195907,2255720.2265195907,1,1,0,0
profile,tfl-numbat-2019-midweek,morning,4.615385,13.033333333333333,1,2,off,free-flow,4,drop-offs,27,940GZZLUEUS,0,3900,3332,1800,1798.6,8b758b26ca8b1088,391,391,0,0,233,158,7.766666666666667,73,122,10.666666666666666,36,true,1532,92,160,114,79,3,4,0,1,2,1,434,336,98,5,940GZZLUWLO-01-arrival,true,938.4,300.0470588235294,1281.0333333333333,732.45,732.1467178175617,1364.6333333333334,2059.866666666667,2164633.8356984314,1449675.679483058,59.89066034898609,1.05379209718313,2281074.0291676726,2255720.2265195916,1.0105697661334954,1.3974876936034333,26,0
profile,tfl-numbat-2019-midweek,morning,4.615385,13.033333333333333,1,3,off,free-flow,4,destination,13,940GZZLUEUS,0,3900,3619,1800,1798.6,7433030a10576159,391,391,0,0,212,179,7.066666666666666,67,128,9.666666666666666,51,true,1819,108,179,114,79,2,3,0,0,2,2,339,252,84,5,london-link-048-a-arrival,true,1215.4,378.11977834612105,1403.8833333333334,875.9166666666666,801.3633844842284,1449.6166666666666,2008.7,2177871.469664774,1673323.494374607,56.55053794992717,1.0263743672476537,2235311.451437548,2235311.451437548,1,1,0,0
profile,tfl-numbat-2019-midweek,morning,4.615385,13.033333333333333,1,3,off,free-flow,4,drop-offs,48,940GZZLUEUS,0,3900,3244,1800,1798.6,7433030a10576159,391,391,0,0,217,174,7.233333333333333,72,123,9.666666666666666,51,true,1444,98,174,114,75,5,3,0,0,2,2,553,411,140,6,london-link-048-a-departure,true,994.4,315.62855924978686,1053.8833333333334,773.1666666666666,747.5358056265985,1366.8166666666666,1708.6333333333334,2067243.3732509452,1482378.2365340951,58.23841525959536,1.0997994200393935,2273553.062814219,2234636.4514375473,1.0166177170860315,1.4035981954087842,39,0
profile,tfl-numbat-2019-midweek,morning,4.2857140000000005,14,1,1,off,free-flow,4,destination,23,940GZZLUEUS,0,3900,3697,1800,1799,8f257d775b622b3f,420,420,0,0,221,199,7.366666666666666,79,131,9.466666666666667,68,true,1897,128,202,114,72,3,3,0,1,1,2,537,442,95,6,london-link-084-a-departure,true,1309,433.2872222222222,1336.1166666666666,993.5333333333333,864.5148015873016,1601.4666666666667,2194.1,2323407.622798664,1797028.170211049,56.387424522918344,1.0535112183182045,2447735.9951138427,2447735.9951138427,1,1,0,0
profile,tfl-numbat-2019-midweek,morning,4.2857140000000005,14,1,1,off,free-flow,4,drop-offs,59,940GZZLUEUS,0,3900,3528,1800,1799,8f257d775b622b3f,420,420,0,0,251,169,8.366666666666667,80,130,11.4,39,true,1728,88,175,114,79,2,2,0,1,2,2,264,203,58,5,london-link-031-b-departure,true,931,294.04099206349207,1070.25,755.25,733.0157142857142,1396.8666666666666,1886.6666666666667,2213873.8577479618,1542105.8385608373,58.942647105458356,1.1239792940451976,2488348.375521863,2446985.9951138436,1.0162145952700363,1.3011842229963575,43,0
profile,tfl-numbat-2019-midweek,morning,4.2857140000000005,14,1,2,off,free-flow,4,destination,10,940GZZLUEUS,0,3900,3693,1800,1799,147acec647511cf7,420,420,0,0,224,196,7.466666666666667,76,134,9.866666666666667,62,true,1893,140,196,114,76,3,3,0,1,2,1,505,383,122,6,london-link-031-b-departure,true,1421,452.98023809523806,1497.4166666666667,988.6833333333333,875.1954365079365,1589.0166666666667,1994.1333333333334,2348723.1379429675,1875323.0509855875,55.603632936095565,1.0203599926434421,2396543.123522488,2396543.123522488,1,1,0,0
profile,tfl-numbat-2019-midweek,morning,4.2857140000000005,14,1,2,off,free-flow,4,drop-offs,50,940GZZLUEUS,0,3900,3533,1800,1799,147acec647511cf7,420,420,0,0,240,180,8,74,136,11.066666666666666,44,true,1733,103,181,114,77,3,3,0,1,2,2,527,376,150,6,london-link-031-b-departure,true,832,333.81996031746036,1058.1666666666667,821.3666666666667,764.5261507936508,1394.6333333333334,1960.7833333333333,2222870.541417368,1593870.186285271,58.24001943027846,1.0971040184281748,2438720.2032235446,2396468.123522486,1.0159441483571516,1.3327710785494125,44,0
profile,tfl-numbat-2019-midweek,morning,4.2857140000000005,14,1,3,off,free-flow,4,destination,23,940GZZLUEUS,0,3900,3824,1800,1799,a415c0f5b05ea09e,420,420,0,0,221,199,7.366666666666666,73,137,9.866666666666667,62,true,2024,130,199,114,72,5,2,0,1,2,1,596,463,132,6,london-link-031-b-departure,true,1266,437.9949603174603,1420.0166666666667,998.0666666666667,858.660357142857,1588.1666666666667,2083.8166666666666,2271118.0314763202,1819627.4593336682,55.51843879259835,1.0494922945408784,2383520.8738109707,2383520.8738109707,1,1,0,0
profile,tfl-numbat-2019-midweek,morning,4.2857140000000005,14,1,3,off,free-flow,4,drop-offs,63,940GZZLUEUS,0,3900,3501,1800,1799,a415c0f5b05ea09e,420,420,0,0,228,192,7.6,74,136,10.266666666666667,56,true,1701,95,192,114,77,5,3,0,1,1,2,472,366,104,6,london-link-031-b-departure,true,1014,326.07138888888886,1180.7833333333333,839.5333333333333,755.9389285714285,1371.4333333333334,1868.1333333333334,2141372.03570457,1603654.6052572445,57.17908685302738,1.1355313398490354,2431595.0566247404,2385095.873810968,1.0177628695483256,1.3310176896156674,48,0
profile,tfl-numbat-2019-midweek,morning,4,14.966666666666667,1,1,off,free-flow,4,destination,25,940GZZLUEUS,0,3900,3720,1800,1796,770f9d7a64f87d13,449,449,0,0,230,219,7.666666666666667,81,143,9.933333333333334,76,true,1920,155,222,114,71,3,2,0,1,2,2,603,478,122,6,london-link-082-a-departure,true,1327,483.8414625092799,1550.2333333333333,1064.9,916.4597995545657,1703.5666666666666,2187.0666666666666,2485174.6906853695,1916049.6242176765,56.46553124480126,1.0558106243498675,2623873.8415156603,2623873.8415156603,1,1,0,0
profile,tfl-numbat-2019-midweek,morning,4,14.966666666666667,1,1,off,free-flow,4,drop-offs,72,940GZZLUEUS,0,3900,3723,1800,1796,770f9d7a64f87d13,449,449,0,0,251,198,8.366666666666667,83,141,11.2,57,true,1923,128,208,114,75,4,3,0,0,2,2,644,533,107,5,940GZZLUWLO-exit,true,1356,369.1121009651077,1419.75,891.3666666666667,812.5704899777284,1507.3333333333333,2046.4333333333334,2333639.3144217734,1725623.7145521091,57.489236291536415,1.1492919237270243,2682032.8167022867,2622973.8415156608,1.0204443832117858,1.3495142318305022,56,0
profile,tfl-numbat-2019-midweek,morning,4,14.966666666666667,1,2,off,free-flow,4,destination,16,940GZZLUEUS,0,3900,3735,1800,1796,7d616be7f0c36e85,449,449,0,0,229,220,7.633333333333334,77,147,10.133333333333333,73,true,1935,155,220,114,72,4,3,0,1,2,2,578,441,134,7,london-link-048-a-departure,true,1403,502.8559391239792,1510.8666666666666,1086,922.1033407572384,1651.2833333333333,2093.6833333333334,2459886.122147473,1975368.5674408735,55.46211648052583,1.0318839949224037,2538317.1185135855,2538317.1185135855,1,1,0,0
profile,tfl-numbat-2019-midweek,morning,4,14.966666666666667,1,2,off,free-flow,4,drop-offs,70,940GZZLUEUS,0,3900,3297,1800,1796,7d616be7f0c36e85,449,449,0,0,249,200,8.3,78,146,11.4,54,true,1497,119,203,114,80,3,3,0,1,2,2,386,295,91,7,london-link-048-a-departure,true,951,357.2102078693393,1084.75,820.7666666666667,785.862843355605,1471.05,1869.0333333333333,2272986.7933279425,1565153.1069988306,59.22105114340475,1.1406958795135604,2592786.6691043833,2538917.1185135827,1.020106134608031,1.4047150381919238,57,0
profile,tfl-numbat-2019-midweek,morning,4,14.966666666666667,1,3,off,free-flow,4,destination,32,940GZZLUEUS,0,3900,3900,1800,1796,a0ab47d20ba11e88,449,448,1,0,221,228,7.366666666666666,74,150,9.8,78,false,0,149,231,114,76,3,3,0,0,1,1,595,456,138,6,london-link-031-b-departure,true,1360,486.49888641425395,1419.9,1080.2333333333333,904.5206473214286,1598.5166666666667,2066.45,2398730.98408365,1866144.948053799,56.24386318036375,1.0642521135623464,2541851.5893112356,2541851.5893112356,1,1,0,0
profile,tfl-numbat-2019-midweek,morning,4,14.966666666666667,1,3,off,free-flow,4,drop-offs,77,940GZZLUEUS,0,3900,3512,1800,1796,a0ab47d20ba11e88,449,449,0,0,243,206,8.1,76,148,11.133333333333333,58,true,1712,108,208,114,80,3,3,0,1,2,2,490,354,134,6,london-link-127-b-departure,true,1138,351.50649591685226,1189.7,848.25,784.3283964365256,1426.4166666666667,1866.8666666666666,2234263.4217482824,1632348.639451739,57.78349072481991,1.171137662642596,2616630.0412458433,2556319.076327581,1.0218551583651503,1.3884089626829597,59,0
profile,tfl-numbat-2019-midweek,am-peak,60,0.9666666666666667,1,1,off,free-flow,4,destination,0,940GZZLUEUS,0,3900,2434,1800,1740,91f17b3654b28322,29,29,0,0,23,6,0.7666666666666667,7,7,1.0666666666666667,-1,true,634,2,9,9,9,0,1,0,0,2,1,0,0,0,2,940GZZLUBNK-01-arrival,true,0,15.32183908045977,205.88333333333333,111.53333333333333,446.6649425287356,757.05,826.5333333333333,170038.47935630876,26973.178481395626,86.30884142723383,1,170038.47935483302,170038.47935483302,1,1,0,0
profile,tfl-numbat-2019-midweek,am-peak,60,0.9666666666666667,1,1,off,free-flow,4,drop-offs,0,940GZZLUEUS,0,3900,2434,1800,1740,91f17b3654b28322,29,29,0,0,23,6,0.7666666666666667,7,7,1.0666666666666667,-1,true,634,2,9,9,9,0,1,0,0,2,1,0,0,0,2,940GZZLUBNK-01-arrival,true,0,15.32183908045977,205.88333333333333,111.53333333333333,446.6649425287356,757.05,826.5333333333333,170038.47935630876,26973.178481395626,86.30884142723383,1,170038.47935483302,170038.47935483302,1,1,0,0
profile,tfl-numbat-2019-midweek,am-peak,60,0.9666666666666667,1,2,off,free-flow,4,destination,0,940GZZLUEUS,0,3900,2352,1800,1740,13a4fdcb6e345e29,29,29,0,0,22,7,0.7333333333333333,9,5,0.8666666666666667,2,true,552,3,8,8,8,0,1,0,0,1,1,0,0,0,1,940GZZLUBKF-01-departure,true,0,35.66149425287357,161.31666666666666,126.98333333333333,390.50632183908044,765.3166666666667,971.75,139007.43371350633,52748.269490098595,72.49194229488401,1,139007.43371262972,139007.43371262972,1,1,0,0
profile,tfl-numbat-2019-midweek,am-peak,60,0.9666666666666667,1,2,off,free-flow,4,drop-offs,0,940GZZLUEUS,0,3900,2352,1800,1740,13a4fdcb6e345e29,29,29,0,0,22,7,0.7333333333333333,9,5,0.8666666666666667,2,true,552,3,8,8,8,0,1,0,0,1,1,0,0,0,1,940GZZLUBKF-01-departure,true,0,35.66149425287357,161.31666666666666,126.98333333333333,390.50632183908044,765.3166666666667,971.75,139007.43371350633,52748.269490098595,72.49194229488401,1,139007.43371262972,139007.43371262972,1,1,0,0
profile,tfl-numbat-2019-midweek,am-peak,60,0.9666666666666667,1,3,off,free-flow,4,destination,0,940GZZLUEUS,0,3900,2652,1800,1740,2a25d7a620a8b34d,29,29,0,0,20,9,0.6666666666666666,7,7,0.8666666666666667,2,true,852,2,10,10,9,1,0,0,0,1,1,8,7,1,2,940GZZLUOXC-01-arrival,true,0,40.935057471264365,207.15,205.88333333333333,460.2614942528736,821.8833333333333,911.8333333333334,165121.07575321395,77354.64328737644,68.09798375134325,1,165121.07575183813,165121.07575183813,1,1,0,0
profile,tfl-numbat-2019-midweek,am-peak,60,0.9666666666666667,1,3,off,free-flow,4,drop-offs,0,940GZZLUEUS,0,3900,2652,1800,1740,2a25d7a620a8b34d,29,29,0,0,20,9,0.6666666666666666,7,7,0.8666666666666667,2,true,852,2,10,10,9,1,0,0,0,1,1,8,7,1,2,940GZZLUOXC-01-arrival,true,0,40.935057471264365,207.15,205.88333333333333,460.2614942528736,821.8833333333333,911.8333333333334,165121.07575321395,77354.64328737644,68.09798375134325,1,165121.07575183813,165121.07575183813,1,1,0,0
profile,tfl-numbat-2019-midweek,am-peak,30,1.9666666666666666,1,1,off,free-flow,4,destination,0,940GZZLUEUS,0,3900,2416,1800,1770,b005b6d375179000,59,59,0,0,48,11,1.6,16,13,2.1333333333333333,-2,true,616,2,18,18,17,1,1,0,0,2,1,1,1,0,3,london-link-087-a-arrival,true,88,22.951412429378532,207.15,136.5,421.20593220338986,757.05,826.5333333333333,318439.65233857644,83579.30168585772,79.210109162968,1,318439.65233473416,318439.65233473416,1,1,0,0
profile,tfl-numbat-2019-midweek,am-peak,30,1.9666666666666666,1,1,off,free-flow,4,drop-offs,0,940GZZLUEUS,0,3900,2416,1800,1770,b005b6d375179000,59,59,0,0,48,11,1.6,16,13,2.1333333333333333,-2,true,616,2,18,18,17,1,1,0,0,2,1,1,1,0,3,london-link-087-a-arrival,true,88,22.951412429378532,207.15,136.5,421.20593220338986,757.05,826.5333333333333,318439.65233857644,83579.30168585772,79.210109162968,1,318439.65233473416,318439.65233473416,1,1,0,0
profile,tfl-numbat-2019-midweek,am-peak,30,1.9666666666666666,1,2,off,free-flow,4,destination,0,940GZZLUEUS,0,3900,2522,1800,1770,81208d9b58d5f9ff,59,59,0,0,44,15,1.4666666666666666,19,10,1.6666666666666667,5,true,722,5,17,17,16,1,1,0,0,1,1,9,8,1,3,london-link-075-a-arrival,true,211,47.07118644067796,240.4,176.01666666666668,422.4737288135593,781.2333333333333,971.75,299285.06624609604,154044.9133985241,66.01925301316166,1,299285.0662425115,299285.0662425115,1,1,0,0
profile,tfl-numbat-2019-midweek,am-peak,30,1.9666666666666666,1,2,off,free-flow,4,drop-offs,0,940GZZLUEUS,0,3900,2522,1800,1770,81208d9b58d5f9ff,59,59,0,0,44,15,1.4666666666666666,19,10,1.6666666666666667,5,true,722,5,17,17,16,1,1,0,0,1,1,9,8,1,3,london-link-075-a-arrival,true,211,47.07118644067796,240.4,176.01666666666668,422.4737288135593,781.2333333333333,971.75,299285.06624609604,154044.9133985241,66.01925301316166,1,299285.0662425115,299285.0662425115,1,1,0,0
profile,tfl-numbat-2019-midweek,am-peak,30,1.9666666666666666,1,3,off,free-flow,4,destination,0,940GZZLUEUS,0,3900,2632,1800,1770,dbc46e79bcf53e4f,59,59,0,0,44,15,1.4666666666666666,15,14,1.9333333333333333,1,true,832,5,21,20,20,1,0,0,0,1,1,12,10,2,3,london-link-070-a-departure,true,103,58.93022598870057,271.8833333333333,245.75,470.46666666666664,891.7333333333333,947.7,329065.43679483025,194231.391368696,62.8831323036416,1,329065.4367908913,329065.4367908913,1,1,0,0
profile,tfl-numbat-2019-midweek,am-peak,30,1.9666666666666666,1,3,off,free-flow,4,drop-offs,0,940GZZLUEUS,0,3900,2632,1800,1770,dbc46e79bcf53e4f,59,59,0,0,44,15,1.4666666666666666,15,14,1.9333333333333333,1,true,832,5,21,20,20,1,0,0,0,1,1,12,10,2,3,london-link-070-a-departure,true,103,58.93022598870057,271.8833333333333,245.75,470.46666666666664,891.7333333333333,947.7,329065.43679483025,194231.391368696,62.8831323036416,1,329065.4367908913,329065.4367908913,1,1,0,0
profile,tfl-numbat-2019-midweek,am-peak,20,2.966666666666667,1,1,off,free-flow,4,destination,0,940GZZLUEUS,0,3900,2697,1800,1780,66f80c9375c76554,89,89,0,0,68,21,2.2666666666666666,22,22,3.066666666666667,-1,true,897,6,27,27,24,1,1,0,0,2,1,8,5,3,3,london-link-070-a-departure,true,352,53.92378277153558,391.53333333333336,207.15,460.77546816479406,842.0833333333334,951.7833333333333,490565.84760020924,229479.91170061615,68.12981553791187,1,490565.8475936576,490565.8475936576,1,1,0,0
profile,tfl-numbat-2019-midweek,am-peak,20,2.966666666666667,1,1,off,free-flow,4,drop-offs,0,940GZZLUEUS,0,3900,2697,1800,1780,66f80c9375c76554,89,89,0,0,68,21,2.2666666666666666,22,22,3.066666666666667,-1,true,897,6,27,27,24,1,1,0,0,2,1,8,5,3,3,london-link-070-a-departure,true,352,53.92378277153558,391.53333333333336,207.15,460.77546816479406,842.0833333333334,951.7833333333333,490565.84760020924,229479.91170061615,68.12981553791187,1,490565.8475936576,490565.8475936576,1,1,0,0
profile,tfl-numbat-2019-midweek,am-peak,20,2.966666666666667,1,2,off,free-flow,4,destination,0,940GZZLUEUS,0,3900,2810,1800,1780,e9fa7be6e6bf2313,89,89,0,0,65,24,2.1666666666666665,25,19,2.6666666666666665,5,true,1010,9,28,27,22,1,1,0,0,2,1,14,11,3,3,london-link-049-a-departure,true,322,78.11947565543072,421.1666666666667,273.21666666666664,458.20131086142317,831.4333333333333,1129.95,457548.8912399655,239083.79428280643,65.68007800216961,1,457548.89123383217,457548.89123383217,1,1,0,0
profile,tfl-numbat-2019-midweek,am-peak,20,2.966666666666667,1,2,off,free-flow,4,drop-offs,1,940GZZLUEUS,0,3900,2717,1800,1780,e9fa7be6e6bf2313,89,89,0,0,65,24,2.1666666666666665,25,19,2.6666666666666665,5,true,917,8,28,27,22,1,1,0,0,2,1,14,11,3,3,london-link-049-a-departure,true,282,74.69662921348315,356.85,273.21666666666664,455.4582397003745,828.8,1036.6333333333334,454686.0888934219,235163.38475319502,65.91091336054855,1.0078800404511374,458269.03366033616,457473.89123383217,1.0009954772589245,1.0885974760442667,1,0
profile,tfl-numbat-2019-midweek,am-peak,20,2.966666666666667,1,3,off,free-flow,4,destination,0,940GZZLUEUS,0,3900,2503,1800,1780,06bdf1662b8a1f89,89,89,0,0,66,23,2.2,21,23,3,0,true,703,8,29,29,26,1,2,0,0,1,1,10,9,1,3,london-link-070-a-departure,true,272,73.54550561797753,386.1666666666667,258.31666666666666,466.6220973782772,862.5166666666667,1038.1833333333334,473934.72717816423,235606.73304839572,66.7945079667134,1,473934.72717189684,473934.72717189684,1,1,0,0
profile,tfl-numbat-2019-midweek,am-peak,20,2.966666666666667,1,3,off,free-flow,4,drop-offs,0,940GZZLUEUS,0,3900,2503,1800,1780,06bdf1662b8a1f89,89,89,0,0,66,23,2.2,21,23,3,0,true,703,8,29,29,26,1,2,0,0,1,1,10,9,1,3,london-link-070-a-departure,true,272,73.54550561797753,386.1666666666667,258.31666666666666,466.6220973782772,862.5166666666667,1038.1833333333334,473934.72717816423,235606.73304839572,66.7945079667134,1,473934.72717189684,473934.72717189684,1,1,0,0
profile,tfl-numbat-2019-midweek,am-peak,15,3.966666666666667,1,1,off,free-flow,4,destination,0,940GZZLUEUS,0,3900,2528,1800,1785,a78b0f070e897eab,119,119,0,0,86,33,2.8666666666666667,26,33,4,0,true,728,12,35,35,32,1,2,0,0,2,1,27,21,6,3,940GZZLUKSX-01-arrival,true,182,66.19313725490196,433.7,256.26666666666665,462.0403361344538,885.4333333333333,997.9,637674.0092436471,298034.1403438079,68.14881429907302,1,637674.0092624289,637674.0092624289,1,1,0,0
profile,tfl-numbat-2019-midweek,am-peak,15,3.966666666666667,1,1,off,free-flow,4,drop-offs,0,940GZZLUEUS,0,3900,2528,1800,1785,a78b0f070e897eab,119,119,0,0,86,33,2.8666666666666667,26,33,4,0,true,728,12,35,35,32,1,2,0,0,2,1,27,21,6,3,940GZZLUKSX-01-arrival,true,182,66.19313725490196,433.7,256.26666666666665,462.0403361344538,885.4333333333333,997.9,637674.0092436471,298034.1403438079,68.14881429907302,1,637674.0092624289,637674.0092624289,1,1,0,0
profile,tfl-numbat-2019-midweek,am-peak,15,3.966666666666667,1,2,off,free-flow,4,destination,0,940GZZLUEUS,0,3900,2853,1800,1785,5a5f0ba061327b6a,119,119,0,0,83,36,2.7666666666666666,33,26,3.3333333333333335,10,true,1053,14,38,38,30,1,1,0,0,2,1,35,28,7,3,940GZZLUBNK-01-arrival,true,219,98.09677871148459,548.5666666666667,368.55,495.7219887955182,974.75,1397.8333333333333,640314.23758406,353378.23697646137,64.43786724532161,1,640314.2376034359,640314.2376034359,1,1,0,0
profile,tfl-numbat-2019-midweek,am-peak,15,3.966666666666667,1,2,off,free-flow,4,drop-offs,2,940GZZLUEUS,0,3900,2853,1800,1785,5a5f0ba061327b6a,119,119,0,0,83,36,2.7666666666666666,32,27,3.4,9,true,1053,14,38,37,29,1,1,0,0,2,1,37,28,9,4,london-link-013-a-arrival,true,219,96.43151260504202,548.5666666666667,368.55,495.18767507002804,974.75,1397.8333333333333,634517.6908457954,351067.37888148485,64.3797994039593,1.011495793766631,641811.9753792455,640089.2376034359,1.0026785523401271,1.2062491145175098,2,0
profile,tfl-numbat-2019-midweek,am-peak,15,3.966666666666667,1,3,off,free-flow,4,destination,0,940GZZLUEUS,0,3900,2762,1800,1785,c3c03c914bb6c564,119,119,0,0,89,30,2.966666666666667,27,32,4.133333333333334,-2,true,962,13,35,35,30,2,2,0,0,2,1,39,31,8,4,london-link-081-a-departure,true,312,92.78697478991597,391.53333333333336,291.23333333333335,492.78935574229695,908.8166666666667,1246.1666666666667,644545.7968098928,333229.9738274521,65.91959180884157,1,644545.7968304347,644545.7968304347,1,1,0,0
profile,tfl-numbat-2019-midweek,am-peak,15,3.966666666666667,1,3,off,free-flow,4,drop-offs,0,940GZZLUEUS,0,3900,2762,1800,1785,c3c03c914bb6c564,119,119,0,0,89,30,2.966666666666667,27,32,4.133333333333334,-2,true,962,13,35,35,30,2,2,0,0,2,1,39,31,8,4,london-link-081-a-departure,true,312,92.78697478991597,391.53333333333336,291.23333333333335,492.78935574229695,908.8166666666667,1246.1666666666667,644545.7968098928,333229.9738274521,65.91959180884157,1,644545.7968304347,644545.7968304347,1,1,0,0
profile,tfl-numbat-2019-midweek,am-peak,12,4.966666666666667,1,1,off,free-flow,4,destination,0,940GZZLUEUS,0,3900,2819,1800,1788,f2c28309e2ce7687,149,149,0,0,112,37,3.7333333333333334,32,42,5.333333333333333,-5,true,1019,15,45,45,38,2,2,0,0,2,1,72,56,16,4,london-link-030-a-arrival,true,279,80.04608501118568,463.68333333333334,271.8833333333333,487.98165548098433,885.4333333333333,1212.25,822865.9539020788,398436.6523770603,67.3760908780052,1,822865.953963216,822865.953963216,1,1,0,0
profile,tfl-numbat-2019-midweek,am-peak,12,4.966666666666667,1,1,off,free-flow,4,drop-offs,1,940GZZLUEUS,0,3900,2819,1800,1788,f2c28309e2ce7687,149,149,0,0,112,37,3.7333333333333334,32,42,5.333333333333333,-5,true,1019,15,45,45,38,2,2,0,0,2,1,72,56,16,4,london-link-030-a-arrival,true,279,78.98747203579418,463.68333333333334,271.8833333333333,487.265548098434,885.4333333333333,1212.25,821161.3183375427,396619.3393622067,67.43097068799106,1.0029070918390026,823548.5097655542,822790.953963216,1.0010539799070544,1.157043006151102,1,0
profile,tfl-numbat-2019-midweek,am-peak,12,4.966666666666667,1,2,off,free-flow,4,destination,0,940GZZLUEUS,0,3900,2596,1800,1788,4f469d7049de7204,149,149,0,0,106,43,3.533333333333333,38,36,4.533333333333333,7,true,796,15,47,47,41,1,1,0,0,2,1,33,25,8,4,london-link-082-a-departure,true,150,103.66152125279642,551.7333333333333,354.6166666666667,502.41845637583896,927.25,1411.9166666666667,803503.8074594451,418357.7656418244,65.76062502890822,1,803503.80751615,803503.80751615,1,1,0,0
profile,tfl-numbat-2019-midweek,am-peak,12,4.966666666666667,1,2,off,free-flow,4,drop-offs,1,940GZZLUEUS,0,3900,2596,1800,1788,4f469d7049de7204,149,149,0,0,107,42,3.566666666666667,38,36,4.6,6,true,796,15,47,47,41,1,1,0,0,2,1,31,24,7,3,940GZZLUWLO-01-arrival,true,150,101.47673378076063,533.1166666666667,295.23333333333335,500.4052572706935,894.9833333333333,1377.3833333333334,800641.0051135638,409544.401410982,66.15854073243814,1.004381420324904,804148.949942654,803353.80751615,1.000553209436041,1.0824282059701054,1,0
profile,tfl-numbat-2019-midweek,am-peak,12,4.966666666666667,1,3,off,free-flow,4,destination,0,940GZZLUEUS,0,3900,2742,1800,1788,fb7bde77c7f4ae02,149,149,0,0,102,47,3.4,34,40,4.533333333333333,7,true,942,19,48,47,37,1,2,0,0,1,2,28,20,8,4,london-link-057-b-departure,true,466,109.87885906040268,477.73333333333335,405,503.0734899328859,907.3666666666667,1323.9833333333333,792965.537800214,405558.6763519258,66.16182872543578,1,792965.5378546047,792965.5378546047,1,1,0,0
profile,tfl-numbat-2019-midweek,am-peak,12,4.966666666666667,1,3,off,free-flow,4,drop-offs,0,940GZZLUEUS,0,3900,2742,1800,1788,fb7bde77c7f4ae02,149,149,0,0,102,47,3.4,34,40,4.533333333333333,7,true,942,19,48,47,37,1,2,0,0,1,2,28,20,8,4,london-link-057-b-departure,true,466,109.87885906040268,477.73333333333335,405,503.0734899328859,907.3666666666667,1323.9833333333333,792965.537800214,405558.6763519258,66.16182872543578,1,792965.5378546047,792965.5378546047,1,1,0,0
profile,tfl-numbat-2019-midweek,am-peak,10,5.966666666666667,1,1,off,free-flow,4,destination,0,940GZZLUEUS,0,3900,2689,1800,1790,523cd75d5a7198e9,179,179,0,0,128,51,4.266666666666667,45,44,5.533333333333333,7,true,889,16,54,54,43,1,2,0,0,2,2,80,65,15,4,london-link-017-a-arrival,true,289,96.56266294227187,450.8833333333333,299.95,503.06173184357544,918.0166666666667,1323.1666666666667,983928.6678970043,464139.1167452707,67.94769404666165,1,983928.667994653,983928.667994653,1,1,0,0
profile,tfl-numbat-2019-midweek,am-peak,10,5.966666666666667,1,1,off,free-flow,4,drop-offs,1,940GZZLUEUS,0,3900,2689,1800,1790,523cd75d5a7198e9,179,179,0,0,128,51,4.266666666666667,45,44,5.533333333333333,7,true,889,16,54,54,43,1,2,0,0,2,2,87,70,17,4,london-link-017-a-arrival,true,289,95.53780260707636,450.8833333333333,299.95,502.39757914338924,918.0166666666667,1323.1666666666667,981737.2023816278,467627.90176867554,67.73567264524252,1.0030465857768345,984728.1490764457,983928.667994653,1.0009875298360693,1.1767678406564142,1,0
profile,tfl-numbat-2019-midweek,am-peak,10,5.966666666666667,1,2,off,free-flow,4,destination,0,940GZZLUEUS,0,3900,3042,1800,1790,1b0e7b93da5a461c,179,179,0,0,122,57,4.066666666666666,41,48,5.4,9,true,1242,20,57,57,47,1,2,0,0,2,1,69,58,11,4,london-link-072-a-arrival,true,246,112.00772811918064,541.3833333333333,392.18333333333334,523.835009310987,999.4333333333333,1441.95,996777.3200693333,509326.55710982234,66.1825080708403,1,996777.3201702276,996777.3201702276,1,1,0,0
profile,tfl-numbat-2019-midweek,am-peak,10,5.966666666666667,1,2,off,free-flow,4,drop-offs,0,940GZZLUEUS,0,3900,3042,1800,1790,1b0e7b93da5a461c,179,179,0,0,122,57,4.066666666666666,41,48,5.4,9,true,1242,20,57,57,47,1,2,0,0,2,1,69,58,11,4,london-link-072-a-arrival,true,246,112.00772811918064,541.3833333333333,392.18333333333334,523.835009310987,999.4333333333333,1441.95,996777.3200693333,509326.55710982234,66.1825080708403,1,996777.3201702276,996777.3201702276,1,1,0,0
profile,tfl-numbat-2019-midweek,am-peak,10,5.966666666666667,1,3,off,free-flow,4,destination,0,940GZZLUEUS,0,3900,2547,1800,1790,03cb8a2c06b5ed7f,179,179,0,0,124,55,4.133333333333334,42,47,5.466666666666667,8,true,747,19,61,60,45,4,2,0,0,2,2,1691,89,784,5,940GZZLUWLO-01-arrival,true,282,114.69143389199255,488.3833333333333,375.9166666666667,502.78891992551206,889.4,1300.0166666666667,937552.5505310727,416413.4009604888,69.24491339669525,1,937552.5506177747,937552.5506177747,1,1,0,0
profile,tfl-numbat-2019-midweek,am-peak,10,5.966666666666667,1,3,off,free-flow,4,drop-offs,1,940GZZLUEUS,0,3900,2547,1800,1790,03cb8a2c06b5ed7f,179,179,0,0,124,55,4.133333333333334,42,47,5.466666666666667,8,true,747,19,61,60,45,4,2,0,0,2,2,1698,95,785,4,london-link-075-b-departure,true,282,113.69618249534452,488.3833333333333,375.9166666666667,502.00716945996277,889.4,1300.0166666666667,933317.4969878615,415586.9103445753,69.19078119357393,1.005098038236726,938075.5853607473,937327.5506177747,1.0004860613104136,1.0870049745640236,1,0
profile,tfl-numbat-2019-midweek,am-peak,8.571429,7,1,1,off,free-flow,4,destination,0,940GZZLUEUS,0,3900,3025,1800,1799,1cdd19da9c40d2c2,210,210,0,0,142,68,4.733333333333333,50,55,6.133333333333334,13,true,1225,23,68,67,49,1,2,0,0,2,2,93,72,21,4,london-link-017-a-arrival,true,479,120.47190476190477,607.3,362.2,532.6484920634921,1023.15,1355.4833333333333,1170652.6995252215,603747.0484429502,65.97457539462071,1,1170652.699605775,1170652.699605775,1,1,0,0
profile,tfl-numbat-2019-midweek,am-peak,8.571429,7,1,1,off,free-flow,4,drop-offs,2,940GZZLUEUS,0,3900,3025,1800,1799,1cdd19da9c40d2c2,210,210,0,0,142,68,4.733333333333333,50,55,6.133333333333334,13,true,1225,23,68,67,48,1,2,0,0,2,1,81,61,20,4,london-link-017-a-arrival,true,479,118.63436507936508,607.3,362.2,531.5771428571428,1025.8666666666666,1355.4833333333333,1158885.4538110157,591182.9409811686,66.21943789509038,1.0118955031886214,1172670.9795067678,1170877.699605775,1.0008939687209382,1.1092624286679245,2,0
profile,tfl-numbat-2019-midweek,am-peak,8.571429,7,1,2,off,free-flow,4,destination,0,940GZZLUEUS,0,3900,2774,1800,1799,b57b46766d35932b,210,210,0,0,143,67,4.766666666666667,48,57,6.333333333333333,10,true,974,25,70,70,59,2,2,0,0,2,1,84,62,22,4,940GZZLUWLO-01-arrival,true,208,115.39150793650794,562.3166666666667,365.0833333333333,522.9496825396825,966.4,1411.5833333333333,1157418.3185656606,537516.3033354902,68.28690048631042,1,1157418.3186499553,1157418.3186499553,1,1,0,0
profile,tfl-numbat-2019-midweek,am-peak,8.571429,7,1,2,off,free-flow,4,drop-offs,1,940GZZLUEUS,0,3900,2763,1800,1799,b57b46766d35932b,210,210,0,0,144,66,4.8,48,57,6.4,9,true,963,24,69,69,58,2,2,0,0,2,1,85,65,20,4,940GZZLUWLO-01-arrival,true,208,111.94039682539683,553.9333333333333,362.2,519.693015873016,959.1333333333333,1408.5666666666666,1150798.9550452507,528148.7092972426,68.54287238881413,1.0064043500271957,1158169.0744508996,1157418.3186499553,1.0004219028977983,1.088599608537648,1,0
profile,tfl-numbat-2019-midweek,am-peak,8.571429,7,1,3,off,free-flow,4,destination,0,940GZZLUEUS,0,3900,2786,1800,1799,4467f8d100e65ee9,210,210,0,0,148,62,4.933333333333334,49,56,6.6,6,true,986,23,68,68,52,2,2,0,0,2,2,64,53,11,5,940GZZLUWLO-01-arrival,true,314,121.78095238095239,511.71666666666664,361.8,511.7239682539683,945.3666666666667,1246.1666666666667,1107182.2861482194,496390.3750735198,69.04472200870978,1,1107182.2862450127,1107182.2862450127,1,1,0,0
profile,tfl-numbat-2019-midweek,am-peak,8.571429,7,1,3,off,free-flow,4,drop-offs,1,940GZZLUEUS,0,3900,2786,1800,1799,4467f8d100e65ee9,210,210,0,0,148,62,4.933333333333334,49,56,6.6,6,true,986,23,69,69,54,2,2,0,0,2,2,92,72,20,5,940GZZLUWLO-01-arrival,true,314,119.33785714285713,511.71666666666664,356.43333333333334,509.713492063492,945.3666666666667,1246.1666666666667,1105778.0204878408,500924.1584082115,68.82283692722748,1.0020814452073137,1108079.6369464037,1107182.2862450127,1.0007608774438925,1.1597842632174205,1,0
profile,tfl-numbat-2019-midweek,am-peak,7.5,7.966666666666667,1,1,off,free-flow,4,destination,0,940GZZLUEUS,0,3900,2812,1800,1792.5,c5bb3efd32d68016,239,239,0,0,160,79,5.333333333333333,56,63,6.933333333333334,16,true,1012,31,80,78,56,1,3,0,0,2,2,99,67,30,4,london-link-017-a-arrival,true,312.5,132.46889818688982,601.9333333333333,379.4166666666667,545.4590655509065,999.2,1348.6666666666667,1335473.5669449687,666889.3186699825,66.69488215842694,1,1335473.5669824155,1335473.5669824155,1,1,0,0
profile,tfl-numbat-2019-midweek,am-peak,7.5,7.966666666666667,1,1,off,free-flow,4,drop-offs,3,940GZZLUEUS,0,3900,2812,1800,1792.5,c5bb3efd32d68016,239,239,0,0,159,80,5.3,55,64,6.933333333333334,16,true,1012,31,80,78,56,2,3,0,0,2,2,144,98,46,5,london-link-072-a-arrival,true,317.5,130.35969316596933,601.9333333333333,395.31666666666666,544.3989539748954,994.2833333333333,1348.6666666666667,1324968.2545093743,668072.7036324474,66.47973033854187,1.0098918898828602,1338074.6946218857,1335773.5669824155,1.0023170601521247,1.3271664450883998,3,0
profile,tfl-numbat-2019-midweek,am-peak,7.5,7.966666666666667,1,2,off,free-flow,4,destination,2,940GZZLUEUS,0,3900,2601,1800,1792.5,68d8ac9c4adb685f,239,239,0,0,166,73,5.533333333333333,54,65,7.466666666666667,8,true,801,26,84,80,69,2,2,0,0,2,2,107,82,25,4,940GZZLUWLO-01-arrival,true,153.5,119.2626220362622,562.3166666666667,363.06666666666666,513.8575313807531,958.3666666666667,1411.5833333333333,1268619.1041582236,595965.6718932686,68.03761998125364,1.0046452702207047,1274512.1827599262,1274512.1827599262,1,1,0,0
profile,tfl-numbat-2019-midweek,am-peak,7.5,7.966666666666667,1,2,off,free-flow,4,drop-offs,2,940GZZLUEUS,0,3900,2601,1800,1792.5,68d8ac9c4adb685f,239,239,0,0,166,73,5.533333333333333,54,65,7.466666666666667,8,true,801,26,84,80,69,2,2,0,0,2,2,107,82,25,4,940GZZLUWLO-01-arrival,true,153.5,119.2626220362622,562.3166666666667,363.06666666666666,513.8575313807531,958.3666666666667,1411.5833333333333,1268619.1041582236,595965.6718932686,68.03761998125364,1.0046452702207047,1274512.1827599262,1274512.1827599262,1,1,0,0
profile,tfl-numbat-2019-midweek,am-peak,7.5,7.966666666666667,1,3,off,free-flow,4,destination,1,940GZZLUEUS,0,3900,2827,1800,1792.5,e058693e89b7cdb5,239,239,0,0,167,72,5.566666666666666,55,64,7.466666666666667,8,true,1027,28,79,77,58,2,3,0,0,2,2,159,131,28,5,940GZZLUWLO-exit,true,311.5,128.21910739191074,533.4666666666667,356.43333333333334,517.0850767085077,955.1,1242.25,1248741.3568837876,593975.0674833396,67.76633346135515,1.0041265332705718,1253894.329699332,1253894.329699332,1,1,0,0
profile,tfl-numbat-2019-midweek,am-peak,7.5,7.966666666666667,1,3,off,free-flow,4,drop-offs,6,940GZZLUEUS,0,3900,2827,1800,1792.5,e058693e89b7cdb5,239,239,0,0,168,71,5.6,55,64,7.533333333333333,7,true,1027,27,76,74,58,2,3,0,0,2,2,93,72,21,4,940GZZLUWLO-diverge,true,311.5,121.47768479776848,533.4666666666667,354.6166666666667,511.78821478382145,955.1,1242.25,1240375.3437835146,600456.7999176258,67.38123016961453,1.0151318621580279,1259144.5325726792,1253669.3296993321,1.004423339007187,1.2428431128234836,6,0
profile,tfl-numbat-2019-midweek,am-peak,6.666667,8.966666666666667,1,1,off,free-flow,4,destination,1,940GZZLUEUS,0,3900,2970,1800,1793.3333333333333,49a37ab7a7c4d1c5,269,269,0,0,178,91,5.933333333333334,66,68,7.466666666666667,23,true,1170,34,93,90,63,2,4,1,0,2,2,93,68,25,4,940GZZLUVIC-01-arrival,true,509.6666666666667,147.57967781908303,597.8666666666667,426.4,549.597335811648,990.1333333333333,1344.6,1454869.1995747136,735095.4975322955,66.433454452331,1.0053590328863675,1462665.8914668586,1462665.8914668586,1,1,0,0
profile,tfl-numbat-2019-midweek,am-peak,6.666667,8.966666666666667,1,1,off,free-flow,4,drop-offs,4,940GZZLUEUS,0,3900,3047,1800,1793.3333333333333,49a37ab7a7c4d1c5,269,269,0,0,180,89,6,66,68,7.6,21,true,1247,35,93,90,61,2,4,1,0,2,2,116,87,29,5,london-link-084-a-arrival,true,497.6666666666667,145.33897149938042,637.2833333333333,428.3333333333333,548.3490086741016,985.7666666666667,1392.6833333333334,1441522.984315883,735702.6556036373,66.20916812136971,1.0164016218724437,1465166.2992348585,1462740.8914668586,1.0013212294955154,1.187096609609939,3,0
profile,tfl-numbat-2019-midweek,am-peak,6.666667,8.966666666666667,1,2,off,free-flow,4,destination,0,940GZZLUEUS,0,3900,2767,1800,1793.3333333333333,5298a0fc6c131c1b,269,269,0,0,187,82,6.233333333333333,56,78,8.733333333333333,4,true,967,32,93,91,72,1,2,0,1,2,2,113,89,24,4,london-link-020-a-departure,true,486.6666666666667,136.94578686493185,567.6833333333333,372.51666666666665,535.5448574969022,970.9833333333333,1429.1,1449676.529278628,673146.4017145006,68.29003531634267,1,1449676.5292867548,1449676.5292867548,1,1,0,0
profile,tfl-numbat-2019-midweek,am-peak,6.666667,8.966666666666667,1,2,off,free-flow,4,drop-offs,3,940GZZLUEUS,0,3900,2717,1800,1793.3333333333333,5298a0fc6c131c1b,269,269,0,0,190,79,6.333333333333333,56,78,8.933333333333334,1,true,917,32,92,88,71,1,2,0,1,2,2,145,119,26,4,london-link-020-a-departure,true,436.6666666666667,131.8541511771995,567.6833333333333,365.3333333333333,531.3049566294919,962.45,1422.3166666666666,1438223.393576534,658250.599695554,68.60201453450017,1.009545681665416,1451952.2162666284,1449451.5292867548,1.00179195943034,1.3092587288541757,3,0
profile,tfl-numbat-2019-midweek,am-peak,6.666667,8.966666666666667,1,3,off,free-flow,4,destination,0,940GZZLUEUS,0,3900,3077,1800,1793.3333333333333,211dd28cc9405e83,269,269,0,0,190,79,6.333333333333333,64,70,8.4,9,true,1277,33,88,87,63,2,3,0,0,1,1,258,197,58,5,940GZZLUWLO-01-arrival,true,426.6666666666667,142.56121437422553,606.15,406.8666666666667,534.4534696406444,992.75,1463.3666666666666,1422083.7636322028,697423.9491953234,67.09500300591377,1,1422083.763646423,1422083.763646423,1,1,0,0
profile,tfl-numbat-2019-midweek,am-peak,6.666667,8.966666666666667,1,3,off,free-flow,4,drop-offs,3,940GZZLUEUS,0,3900,3103,1800,1793.3333333333333,211dd28cc9405e83,269,269,0,0,189,80,6.3,64,70,8.333333333333334,10,true,1303,32,86,85,62,3,3,0,0,1,1,212,176,36,5,940GZZLUWLO-01-arrival,true,452.6666666666667,138.17193308550185,631.9166666666666,399,530.6554522924412,992.75,1489.1333333333334,1415938.7656386655,675523.5665770731,67.70089730177405,1.006501244647541,1425144.1299761403,1422683.763646423,1.0015475683007224,1.1843623158757828,3,0
profile,tfl-numbat-2019-midweek,am-peak,6,9.966666666666667,1,1,off,free-flow,4,destination,0,940GZZLUEUS,0,3900,3079,1800,1794,ec993b94e97e8c08,299,299,0,0,196,103,6.533333333333333,67,82,8.6,21,true,1279,42,104,102,70,2,4,0,1,2,2,329,267,62,6,london-link-075-a-arrival,true,466,159.52720178372354,637.2833333333333,411.18333333333334,556.3289855072463,1010.55,1392.0666666666666,1599807.3212751518,824954.9471281095,65.97790398349635,1,1599807.321244175,1599807.321244175,1,1,0,0
profile,tfl-numbat-2019-midweek,am-peak,6,9.966666666666667,1,1,off,free-flow,4,drop-offs,7,940GZZLUEUS,0,3900,2904,1800,1794,ec993b94e97e8c08,299,299,0,0,199,100,6.633333333333334,67,82,8.8,18,true,1104,41,104,99,66,2,3,0,0,2,2,254,204,49,6,london-link-048-a-departure,true,291,153.54910813823855,607.3,429.06666666666666,551.4323857302118,1017.4833333333333,1360.1666666666667,1579701.6171927908,807507.0813343662,66.17358667331531,1.0159601026138163,1604913.8170762847,1599357.321244175,1.0033891790887641,1.2478804537816155,7,0
profile,tfl-numbat-2019-midweek,am-peak,6,9.966666666666667,1,2,off,free-flow,4,destination,2,940GZZLUEUS,0,3900,2799,1800,1794,cff3592b57bdace5,299,299,0,0,210,89,7,58,91,10.133333333333333,-2,true,999,35,104,102,75,2,2,0,1,2,2,175,133,42,4,940GZZLUBNK-01-departure,true,448,146.93277591973245,567.6833333333333,413.68333333333334,543.8047380156075,1062.85,1524.4,1596294.4144134896,772305.1489291148,67.39401793018885,1.0036930289486032,1602189.5758664163,1602189.5758664163,1,1,0,0
profile,tfl-numbat-2019-midweek,am-peak,6,9.966666666666667,1,2,off,free-flow,4,drop-offs,7,940GZZLUEUS,0,3900,2786,1800,1794,cff3592b57bdace5,299,299,0,0,208,91,6.933333333333334,59,90,9.933333333333334,1,true,986,35,104,101,75,2,2,0,1,2,2,232,191,41,5,940GZZLUWLO-exit,true,442,145.04554069119285,611.5166666666667,423.7,543.3521181716834,1040.7,1502.4333333333334,1584084.5299376429,750955.5530518917,67.83971467888257,1.01429269707497,1606725.3702380622,1602489.5758664159,1.0023494012142147,1.1733558815581808,5,0
profile,tfl-numbat-2019-midweek,am-peak,6,9.966666666666667,1,3,off,free-flow,4,destination,0,940GZZLUEUS,0,3900,2910,1800,1794,44eaa9db7e5a8804,299,299,0,0,204,95,6.8,70,79,8.933333333333334,16,true,1110,39,102,99,72,2,3,0,0,1,1,239,191,45,5,940GZZLUWLO-01-arrival,true,425,160.65735785953177,600.65,421.21666666666664,551.3589186176143,1017.6,1457.8666666666666,1574501.6209536379,878542.4926170358,64.18562194797953,1,1574501.620928904,1574501.620928904,1,1,0,0
profile,tfl-numbat-2019-midweek,am-peak,6,9.966666666666667,1,3,off,free-flow,4,drop-offs,3,940GZZLUEUS,0,3900,3042,1800,1794,44eaa9db7e5a8804,299,299,0,0,205,94,6.833333333333333,70,79,9,15,true,1242,36,100,96,71,3,3,0,0,1,1,316,237,78,5,london-link-048-a-departure,true,391,151.06532887402452,732.1,417.3833333333333,542.6890746934225,1024.55,1589.3166666666666,1559645.1978294996,822615.1871550048,65.4691320755705,1.0110369305578562,1576858.893551603,1574351.620928904,1.001201476861237,1.1616140345585095,3,0
profile,tfl-numbat-2019-midweek,am-peak,5.4545449999999995,11,1,1,off,free-flow,4,destination,1,940GZZLUEUS,0,3900,3334,1800,1798.5,d27211c532c656cc,330,330,0,0,216,114,7.2,75,90,9.4,24,true,1534,51,117,114,73,3,4,0,1,2,2,282,217,65,5,london-link-017-a-arrival,true,699.5,186.6130303030303,1040.2333333333333,477.6666666666667,587.1421717171717,1114.7166666666667,1562.6333333333334,1781076.9013144367,1071300.2542762454,62.441844263950564,1.001654358254304,1784023.440509304,1784023.440509304,1,1,0,0
profile,tfl-numbat-2019-midweek,am-peak,5.4545449999999995,11,1,1,off,free-flow,4,drop-offs,10,940GZZLUEUS,0,3900,3230,1800,1798.5,d27211c532c656cc,330,330,0,0,222,108,7.4,76,89,9.733333333333333,19,true,1430,46,117,109,75,2,3,1,1,2,2,305,247,57,5,940GZZLUWLO-01-arrival,true,589.5,168.51065656565657,831.4,450.0833333333333,571.0626262626263,1047.5333333333333,1484.55,1753752.1675977567,986081.2583305973,64.00944491738662,1.0216177346196844,1791664.3164732126,1784248.4405093037,1.0038501462189346,1.1964877401340694,9,0
profile,tfl-numbat-2019-midweek,am-peak,5.4545449999999995,11,1,2,off,free-flow,4,destination,2,940GZZLUEUS,0,3900,2992,1800,1798.5,b1938ab1a755350f,330,330,0,0,225,105,7.5,62,103,10.866666666666667,2,true,1192,43,116,110,80,3,3,0,0,1,2,310,248,62,5,london-link-041-a-departure,true,546.5,170.49161616161615,678.7333333333333,476.55,566.7957575757576,1091.45,1526.4,1757135.7680749958,977289.0122195533,64.25979535943641,1.004572776929611,1765170.7579050043,1765170.7579050043,1,1,0,0
profile,tfl-numbat-2019-midweek,am-peak,5.4545449999999995,11,1,2,off,free-flow,4,drop-offs,5,940GZZLUEUS,0,3900,3023,1800,1798.5,b1938ab1a755350f,330,330,0,0,225,105,7.5,62,103,10.866666666666667,2,true,1223,42,116,113,83,2,3,0,0,1,2,195,150,44,5,london-link-041-a-departure,true,577.5,174.62429292929292,802.0166666666667,471.4,571.5968686868687,1088.7166666666667,1526.4,1758346.2456799834,1020078.380899914,63.28572777748592,1.005735090303,1768430.520110446,1765395.757905004,1.0023528546660125,1.2649924107744963,4,0
profile,tfl-numbat-2019-midweek,am-peak,5.4545449999999995,11,1,3,off,free-flow,4,destination,1,940GZZLUEUS,0,3900,2869,1800,1798.5,8d37e544ed24f656,330,330,0,0,223,107,7.433333333333334,72,93,10.066666666666666,14,true,1069,45,113,109,75,2,3,0,1,1,2,196,149,47,5,london-link-048-a-departure,true,535.5,173.79550505050506,676.7166666666667,450.48333333333335,560.7720707070707,1048.5,1393.3333333333333,1720641.7319433233,1007378.8210892674,63.072902072918055,1.0016688769195268,1723513.2711538316,1723513.2711538316,1,1,0,0
profile,tfl-numbat-2019-midweek,am-peak,5.4545449999999995,11,1,3,off,free-flow,4,drop-offs,8,940GZZLUEUS,0,3900,2771,1800,1798.5,8d37e544ed24f656,330,330,0,0,228,102,7.6,73,92,10.333333333333334,10,true,971,41,110,104,79,2,3,0,0,1,2,265,204,61,6,london-link-075-b-departure,true,372.5,159.33065656565657,670.0833333333334,401.1333333333333,548.0283333333333,1016.7,1393.3333333333333,1694689.0559167163,913223.0220100237,64.98259930848492,1.0201558915223894,1728847.0246345142,1723738.2711538319,1.0025332913093168,1.2440008390367427,6,0
profile,tfl-numbat-2019-midweek,am-peak,5,11.966666666666667,1,1,off,free-flow,4,destination,9,940GZZLUEUS,0,3900,3514,1800,1795,03cdebea63353488,359,359,0,0,222,137,7.4,77,102,9.666666666666666,35,true,1714,66,138,114,74,3,6,0,1,2,2,441,351,90,6,london-link-022-a-departure,true,880,224.61174558960073,1049.6166666666666,596.7,621.9481429897864,1187.15,1888.45,1896156.2654704389,1273002.3682003021,59.83153526379897,1.0137289572599542,1922188.513688241,1922188.513688241,1,1,0,0
profile,tfl-numbat-2019-midweek,am-peak,5,11.966666666666667,1,1,off,free-flow,4,drop-offs,16,940GZZLUEUS,0,3900,3477,1800,1795,03cdebea63353488,359,359,0,0,231,128,7.7,78,101,10.2,27,true,1677,61,132,114,76,3,7,1,1,2,2,332,239,87,6,london-link-031-b-departure,true,846,210.64586815227486,1015.5,576.1666666666666,609.4589600742804,1217.65,1851.9833333333333,1870370.9252763044,1271254.6758849956,59.53513125768146,1.0314219893558418,1929141.7004775824,1919488.5136882407,1.0046682223017656,1.2418167362831427,12,0
profile,tfl-numbat-2019-midweek,am-peak,5,11.966666666666667,1,2,off,free-flow,4,destination,1,940GZZLUEUS,0,3900,3017,1800,1795,1ce863a45082331f,359,359,0,0,236,123,7.866666666666666,67,112,11.266666666666667,11,true,1217,62,131,114,82,2,3,0,0,1,2,391,320,70,5,london-link-020-b-arrival,true,647,226.1044103992572,982.25,588.0666666666667,618.5993964716805,1220.5833333333333,1668.8166666666666,1890923.5425795552,1152546.665606729,62.13050936044569,1.0039609746911082,1898413.442767855,1898413.442767855,1,1,0,0
profile,tfl-numbat-2019-midweek,am-peak,5,11.966666666666667,1,2,off,free-flow,4,drop-offs,10,940GZZLUEUS,0,3900,3004,1800,1795,1ce863a45082331f,359,359,0,0,241,118,8.033333333333333,67,112,11.6,6,true,1204,51,129,114,82,2,3,0,0,1,2,296,235,61,4,940GZZLUBXN-01-arrival,true,604,203.05589600742806,798.1333333333333,545.15,597.1128597957288,1182.4333333333334,1668.8166666666666,1877972.6582829924,1109505.7138991386,62.861464563884795,1.0153047751087254,1906714.607373615,1898638.4427678548,1.005299059211537,1.5086687115034647,10,0
profile,tfl-numbat-2019-midweek,am-peak,5,11.966666666666667,1,3,off,free-flow,4,destination,1,940GZZLUEUS,0,3900,3179,1800,1795,274627ca8e822360,359,359,0,0,233,126,7.766666666666667,75,104,10.533333333333333,22,true,1379,66,133,114,73,5,3,0,0,1,2,770,586,183,7,london-link-048-a-departure,true,742,236.89363974001856,850.8833333333333,589.6833333333333,629.5694986072424,1236.9666666666667,1536.3166666666666,1894464.2515436208,1311343.9452020135,59.09474726113621,1.0015949307414067,1897485.7907085281,1897485.7907085281,1,1,0,0
profile,tfl-numbat-2019-midweek,am-peak,5,11.966666666666667,1,3,off,free-flow,4,drop-offs,12,940GZZLUEUS,0,3900,3229,1800,1795,274627ca8e822360,359,359,0,0,236,123,7.866666666666666,77,102,10.6,21,true,1429,61,130,114,74,4,3,0,0,2,2,540,435,105,5,940GZZLUWLO-01-arrival,true,514,223.38732590529247,809.0333333333333,575.4666666666667,618.3587279480037,1211.2,1493.15,1862806.9676440437,1275737.9638176903,59.35256650209775,1.0236672998952427,1906894.5786925228,1897410.7907085281,1.0046163942543378,1.3327710785494125,12,0
profile,tfl-numbat-2019-midweek,am-peak,4.615385,13.033333333333333,1,1,off,free-flow,4,destination,11,940GZZLUEUS,0,3900,3445,1800,1798.6,ea9a92c10a2e02f6,391,391,0,0,235,156,7.833333333333333,82,113,10.2,43,true,1645,87,162,114,75,3,6,1,1,2,2,369,280,83,6,london-link-048-a-departure,true,981.4,287.40451832907075,1089.4333333333334,737.6333333333333,685.6500000000001,1346.1166666666666,1927.2833333333333,2070351.065915569,1451452.5750650251,58.78666947312004,1.0146369425577986,2100654.6753855934,2100654.6753855934,1,1,0,0
profile,tfl-numbat-2019-midweek,am-peak,4.615385,13.033333333333333,1,1,off,free-flow,4,drop-offs,26,940GZZLUEUS,0,3900,3225,1800,1798.6,ea9a92c10a2e02f6,391,391,0,0,247,144,8.233333333333333,82,113,11,31,true,1425,79,148,114,79,3,5,0,1,2,1,351,286,65,5,london-link-009-a-arrival,true,606.4,241.40967604433078,870.3666666666667,613.9166666666666,643.1857630008525,1235.5,1696.3666666666666,2027216.3819049653,1314150.3584460402,60.67027475385744,1.0449238474447997,2118286.7412350154,2099604.6753855934,1.0094673662032219,1.3271664450883998,22,0
profile,tfl-numbat-2019-midweek,am-peak,4.615385,13.033333333333333,1,2,off,free-flow,4,destination,6,940GZZLUEUS,0,3900,3320,1800,1798.6,0e4f347011d2dd56,391,391,0,0,236,155,7.866666666666666,72,123,10.933333333333334,32,true,1520,93,156,114,78,3,6,0,2,1,2,469,344,124,7,london-link-048-a-departure,true,966.4,309.76304347826084,1095.6,736.2166666666667,704.9720375106564,1321.9,1776.1,2052647.8536944147,1416655.2530990636,59.16599935229025,1.0147931631671445,2083013.0081689258,2083013.0081689258,1,1,0,0
profile,tfl-numbat-2019-midweek,am-peak,4.615385,13.033333333333333,1,2,off,free-flow,4,drop-offs,31,940GZZLUEUS,0,3900,2963,1800,1798.6,0e4f347011d2dd56,391,391,0,0,244,147,8.133333333333333,72,123,11.466666666666667,24,true,1163,81,149,114,77,2,4,0,0,1,2,357,282,71,5,london-link-048-a-arrival,true,572.4,253.70055413469737,942.8333333333334,607.2666666666667,654.2354219948849,1236.9833333333333,1771.7,1998820.3928767543,1218433.958648089,62.12814327003389,1.0556910134429596,2110136.726104832,2083688.0081689253,1.0119372628344356,1.2728551483194512,30,0
profile,tfl-numbat-2019-midweek,am-peak,4.615385,13.033333333333333,1,3,off,free-flow,4,destination,10,940GZZLUEUS,0,3900,3439,1800,1798.6,629b0a4814791cff,391,391,0,0,242,149,8.066666666666666,77,118,11,31,true,1639,90,156,114,75,4,3,0,1,1,2,619,466,153,6,london-link-009-a-arrival,true,1006.4,293.8691815856777,1047.05,714.2333333333333,683.04305200341,1328.5833333333333,1808.7666666666667,2011154.9145933937,1480775.4384173153,57.59435931645645,1.0180898214323133,2047536.34773021,2047536.34773021,1,1,0,0
profile,tfl-numbat-2019-midweek,am-peak,4.615385,13.033333333333333,1,3,off,free-flow,4,drop-offs,22,940GZZLUEUS,0,3900,3280,1800,1798.6,629b0a4814791cff,391,391,0,0,247,144,8.233333333333333,77,118,11.333333333333334,26,true,1480,78,148,114,72,3,3,0,1,1,1,634,492,139,6,london-link-031-b-departure,true,859.4,263.3132992327366,925.25,705.6166666666667,655.5823529411765,1334.25,1713.2,1979321.5046939494,1446173.208479663,57.78206275087696,1.040991167714423,2060456.2043188154,2044836.34773021,1.0076523402343929,1.2986531638865157,18,0
profile,tfl-numbat-2019-midweek,am-peak,4.2857140000000005,14,1,1,off,free-flow,4,destination,12,940GZZLUEUS,0,3900,3777,1800,1799,24df56c9a0e2d1b9,420,420,0,0,236,184,7.866666666666666,86,124,10,60,true,1977,112,187,114,71,2,6,0,1,2,1,449,369,80,5,london-link-017-a-departure,true,1165,361.8572619047619,1288.2,832.2666666666667,760.191746031746,1497.8,2157.5333333333333,2221840.10219912,1669707.3997124794,57.09399926655685,1.016099220924253,2257609.996666747,2257609.996666747,1,1,0,0
profile,tfl-numbat-2019-midweek,am-peak,4.2857140000000005,14,1,1,off,free-flow,4,drop-offs,42,940GZZLUEUS,0,3900,3314,1800,1799,24df56c9a0e2d1b9,420,420,0,0,260,160,8.666666666666666,87,123,11.533333333333333,37,true,1514,89,162,114,78,3,6,1,0,2,2,594,466,126,6,london-link-048-a-departure,true,858,264.7015873015873,1043.2333333333333,670.4333333333333,670.4054761904762,1296.75,1882.0666666666666,2128228.9682037476,1389114.4962096245,60.50671450587772,1.0758019573637,2289552.889530591,2259334.9966667467,1.0122503928906266,1.3787652122134353,34,0
profile,tfl-numbat-2019-midweek,am-peak,4.2857140000000005,14,1,2,off,free-flow,4,destination,17,940GZZLUEUS,0,3900,3611,1800,1799,ad09ad1e7b111875,420,420,0,0,238,182,7.933333333333334,79,131,10.6,51,true,1811,115,183,114,77,4,6,0,0,1,2,425,323,100,6,london-link-048-a-arrival,true,1018,351.86126984126986,1105.9666666666667,810.6166666666667,743.6679365079365,1301.95,1906.2,2152828.818315373,1585787.7756269579,57.58356772405052,1.0305916647147066,2218687.435534188,2218687.435534188,1,1,0,0
profile,tfl-numbat-2019-midweek,am-peak,4.2857140000000005,14,1,2,off,free-flow,4,drop-offs,35,940GZZLUEUS,0,3900,3447,1800,1799,ad09ad1e7b111875,420,420,0,0,259,161,8.633333333333333,80,130,11.933333333333334,31,true,1647,84,164,114,82,3,5,0,1,1,2,361,275,84,6,london-link-084-b-departure,true,963,281.38694444444445,1163.8666666666666,697.3166666666667,677.9346825396825,1268.6666666666667,1849.2333333333333,2104950.0683338013,1428784.8242227945,59.56728878466903,1.0662138658003328,2244326.949502507,2220712.4355341885,1.0094250583168005,1.313454348348634,28,0
profile,tfl-numbat-2019-midweek,am-peak,4.2857140000000005,14,1,3,off,free-flow,4,destination,13,940GZZLUEUS,0,3900,3373,1800,1799,faba3276afd301f0,420,420,0,0,248,172,8.266666666666667,84,126,10.933333333333334,46,true,1573,107,177,114,71,5,5,1,0,1,2,626,478,147,6,london-link-048-a-arrival,true,988,347.04837301587304,1124.1333333333334,835.0333333333333,737.8963888888889,1425.8666666666666,1832.0666666666666,2160956.6769045857,1622100.2318976691,57.12197117300995,1.020890066334109,2206099.2050501443,2206099.2050501443,1,1,0,0
profile,tfl-numbat-2019-midweek,am-peak,4.2857140000000005,14,1,3,off,free-flow,4,drop-offs,43,940GZZLUEUS,0,3900,3295,1800,1799,faba3276afd301f0,420,420,0,0,257,163,8.566666666666666,84,126,11.533333333333333,37,true,1495,89,168,114,73,4,4,0,0,1,1,771,591,180,7,london-link-048-a-departure,true,736,278.5652777777778,1050.2333333333333,718,675.3690476190476,1294.45,1838.1833333333334,2063500.29783359,1499992.1101638642,57.90668427418365,1.0832676092291764,2235323.034114451,2203999.2050501443,1.0125590523445789,1.2961234353036977,33,0
profile,tfl-numbat-2019-midweek,am-peak,4,14.966666666666667,1,1,off,free-flow,4,destination,23,940GZZLUEUS,0,3900,3553,1800,1796,e9e681de5348b2c1,449,449,0,0,241,208,8.033333333333333,91,133,10,75,true,1753,142,212,114,70,3,4,0,1,2,1,544,445,98,6,london-link-048-a-departure,true,1112,427.33878990348927,1302.0166666666667,937.15,821.2969190794357,1564.95,2099.8,2313397.5538777513,1790964.4621092745,56.364364178080926,1.0301273010814012,2383093.9782817513,2383093.9782817513,1,1,0,0
profile,tfl-numbat-2019-midweek,am-peak,4,14.966666666666667,1,1,off,free-flow,4,drop-offs,64,940GZZLUEUS,0,3900,3522,1800,1796,e9e681de5348b2c1,449,449,0,0,260,189,8.666666666666666,93,131,11.133333333333333,58,true,1722,108,194,114,73,4,5,0,1,2,1,563,413,147,6,london-link-048-a-departure,true,851,318.1129175946548,1195.2,786.15,720.2846325167037,1342.6666666666667,2028.6666666666667,2176505.4717508573,1519166.8347953437,58.89335664029464,1.1153462394350502,2427557.192826155,2383468.9782817517,1.0175440724285016,1.3805432059138336,44,0
profile,tfl-numbat-2019-midweek,am-peak,4,14.966666666666667,1,2,off,free-flow,4,destination,25,940GZZLUEUS,0,3900,3877,1800,1796,15fe1f6c8c9c1257,449,449,0,0,246,203,8.2,83,141,10.866666666666667,62,true,2077,135,203,114,77,4,5,0,1,1,2,522,417,104,6,london-link-017-a-departure,true,1221,399.5634001484781,1296.8,871.65,790.8892724573125,1475.3166666666666,2156.0333333333333,2246826.0774291707,1671281.4364141156,57.344676466655976,1.054058145633607,2368285.3285274035,2368285.3285274035,1,1,0,0
profile,tfl-numbat-2019-midweek,am-peak,4,14.966666666666667,1,2,off,free-flow,4,drop-offs,60,940GZZLUEUS,0,3900,3741,1800,1796,15fe1f6c8c9c1257,449,449,0,0,255,194,8.5,84,140,11.4,54,true,1941,102,195,114,77,3,2,0,0,2,1,467,340,126,7,london-link-017-a-departure,true,1122,316.72067557535263,1156.4,710.6666666666666,716.0835560504826,1358.1833333333334,2020.9833333333333,2157679.3581093713,1442619.8680506398,59.930556394633285,1.1169696119623163,2410062.2751707113,2368810.328527404,1.016461478439668,1.3866091236141063,44,0
profile,tfl-numbat-2019-midweek,am-peak,4,14.966666666666667,1,3,off,free-flow,4,destination,19,940GZZLUEUS,0,3900,3558,1800,1796,57f343b118d7dc71,449,449,0,0,250,199,8.333333333333334,82,142,11.2,57,true,1758,134,199,114,71,5,6,1,1,2,2,615,484,130,5,940GZZLULVT-01-arrival,true,1093,404.45720118782475,1251.5666666666666,908.95,797.1348552338529,1537.35,2000.6333333333334,2309594.3408278218,1761997.047238459,56.72461012657551,1.0278780997416306,2373981.442003045,2373981.442003045,1,1,0,0
profile,tfl-numbat-2019-midweek,am-peak,4,14.966666666666667,1,3,off,free-flow,4,drop-offs,55,940GZZLUEUS,0,3900,3563,1800,1796,57f343b118d7dc71,449,449,0,0,260,189,8.666666666666666,88,136,11.466666666666667,53,true,1763,113,191,114,74,3,6,0,1,2,2,688,542,142,6,london-link-048-a-departure,true,1107,329.49168522642907,1186.3166666666666,834.2333333333333,729.2612843355605,1436.25,1942.1666666666667,2202113.150638145,1597899.1155164486,57.95015901005404,1.0946708461627224,2410589.065750078,2371581.442003044,1.015812499155006,1.3672433854015433,41,0
profile,tfl-numbat-2019-midweek,interpeak,60,0.9666666666666667,1,1,off,free-flow,4,destination,0,940GZZLUEUS,0,3900,2269,1800,1740,2c08c203aad74678,29,29,0,0,24,5,0.8,7,7,1.1333333333333333,-2,true,469,2,9,9,9,0,0,0,0,1,1,0,0,0,2,london-link-114-a-arrival,true,0,33.50689655172414,205.88333333333333,123.51666666666667,395.5850574712644,626,746.1666666666666,142008.84649967361,34596.459244340076,80.41029452734163,1,142008.846498793,142008.846498793,1,1,0,0
profile,tfl-numbat-2019-midweek,interpeak,60,0.9666666666666667,1,1,off,free-flow,4,drop-offs,0,940GZZLUEUS,0,3900,2269,1800,1740,2c08c203aad74678,29,29,0,0,24,5,0.8,7,7,1.1333333333333333,-2,true,469,2,9,9,9,0,0,0,0,1,1,0,0,0,2,london-link-114-a-arrival,true,0,33.50689655172414,205.88333333333333,123.51666666666667,395.5850574712644,626,746.1666666666666,142008.84649967361,34596.459244340076,80.41029452734163,1,142008.846498793,142008.846498793,1,1,0,0
profile,tfl-numbat-2019-midweek,interpeak,60,0.9666666666666667,1,2,off,free-flow,4,destination,0,940GZZLUEUS,0,3900,2141,1800,1740,dbceb7018c3ce1a4,29,29,0,0,23,6,0.7666666666666667,9,5,0.9333333333333333,1,true,341,2,8,8,8,0,1,0,0,2,1,0,0,0,2,940GZZLUGPK-01-arrival,true,0,33.244827586206895,122.75,116.26666666666667,372.9270114942529,654.2,710.4666666666667,132883.3756310494,44485.521463630954,74.9192095162635,1,132883.3756302048,132883.3756302048,1,1,0,0
profile,tfl-numbat-2019-midweek,interpeak,60,0.9666666666666667,1,2,off,free-flow,4,drop-offs,0,940GZZLUEUS,0,3900,2141,1800,1740,dbceb7018c3ce1a4,29,29,0,0,23,6,0.7666666666666667,9,5,0.9333333333333333,1,true,341,2,8,8,8,0,1,0,0,2,1,0,0,0,2,940GZZLUGPK-01-arrival,true,0,33.244827586206895,122.75,116.26666666666667,372.9270114942529,654.2,710.4666666666667,132883.3756310494,44485.521463630954,74.9192095162635,1,132883.3756302048,132883.3756302048,1,1,0,0
profile,tfl-numbat-2019-midweek,interpeak,60,0.9666666666666667,1,3,off,free-flow,4,destination,0,940GZZLUEUS,0,3900,2204,1800,1740,6e32fb4454e823d6,29,29,0,0,23,6,0.7666666666666667,7,7,1.0666666666666667,-1,true,404,2,9,9,8,0,2,0,0,2,1,0,0,0,2,940GZZLUEUS-01-arrival,true,0,22.107471264367817,149.66666666666666,125.46666666666667,368.0637931034483,690.5,731.0833333333334,135333.7822177885,60451.6033972607,69.12353636235143,1,135333.78221685975,135333.78221685975,1,1,0,0
profile,tfl-numbat-2019-midweek,interpeak,60,0.9666666666666667,1,3,off,free-flow,4,drop-offs,0,940GZZLUEUS,0,3900,2204,1800,1740,6e32fb4454e823d6,29,29,0,0,23,6,0.7666666666666667,7,7,1.0666666666666667,-1,true,404,2,9,9,8,0,2,0,0,2,1,0,0,0,2,940GZZLUEUS-01-arrival,true,0,22.107471264367817,149.66666666666666,125.46666666666667,368.0637931034483,690.5,731.0833333333334,135333.7822177885,60451.6033972607,69.12353636235143,1,135333.78221685975,135333.78221685975,1,1,0,0
profile,tfl-numbat-2019-midweek,interpeak,30,1.9666666666666666,1,1,off,free-flow,4,destination,0,940GZZLUEUS,0,3900,2374,1800,1770,5c50291a262c6011,59,59,0,0,49,10,1.6333333333333333,15,14,2.2666666666666666,-4,true,574,4,16,16,15,1,0,0,0,1,1,6,5,1,3,940GZZLULVT-01-arrival,true,0,39.94406779661017,205.88333333333333,149.66666666666666,396.78757062146894,712.4,757.05,284493.14340539655,72024.60249994078,79.79775107209818,1,284493.1434021371,284493.1434021371,1,1,0,0
profile,tfl-numbat-2019-midweek,interpeak,30,1.9666666666666666,1,1,off,free-flow,4,drop-offs,0,940GZZLUEUS,0,3900,2374,1800,1770,5c50291a262c6011,59,59,0,0,49,10,1.6333333333333333,15,14,2.2666666666666666,-4,true,574,4,16,16,15,1,0,0,0,1,1,6,5,1,3,940GZZLULVT-01-arrival,true,0,39.94406779661017,205.88333333333333,149.66666666666666,396.78757062146894,712.4,757.05,284493.14340539655,72024.60249994078,79.79775107209818,1,284493.1434021371,284493.1434021371,1,1,0,0
profile,tfl-numbat-2019-midweek,interpeak,30,1.9666666666666666,1,2,off,free-flow,4,destination,0,940GZZLUEUS,0,3900,2498,1800,1770,4be260785c883112,59,59,0,0,48,11,1.6,15,14,2.2,-3,true,698,4,15,15,15,1,1,0,0,2,1,8,7,1,2,940GZZLUBST-01-arrival,true,114,40.13757062146893,168.25,127.43333333333334,406.7621468926554,742.1666666666666,986.3,292404.32282980904,58514.1192852463,83.32543626588274,1,292404.3228264709,292404.3228264709,1,1,0,0
profile,tfl-numbat-2019-midweek,interpeak,30,1.9666666666666666,1,2,off,free-flow,4,drop-offs,0,940GZZLUEUS,0,3900,2498,1800,1770,4be260785c883112,59,59,0,0,48,11,1.6,15,14,2.2,-3,true,698,4,15,15,15,1,1,0,0,2,1,8,7,1,2,940GZZLUBST-01-arrival,true,114,40.13757062146893,168.25,127.43333333333334,406.7621468926554,742.1666666666666,986.3,292404.32282980904,58514.1192852463,83.32543626588274,1,292404.3228264709,292404.3228264709,1,1,0,0
profile,tfl-numbat-2019-midweek,interpeak,30,1.9666666666666666,1,3,off,free-flow,4,destination,0,940GZZLUEUS,0,3900,2660,1800,1770,7241b35501f39f8e,59,59,0,0,45,14,1.5,21,8,1.6,6,true,860,4,17,17,16,1,2,0,1,2,1,2,1,1,2,940GZZLUBST-01-arrival,true,106,30.952542372881354,160.5,136.93333333333334,407.6062146892655,831.1666666666666,911.4166666666666,300435.89641602524,144065.56466602097,67.58940582212635,1,300435.89641252824,300435.89641252824,1,1,0,0
profile,tfl-numbat-2019-midweek,interpeak,30,1.9666666666666666,1,3,off,free-flow,4,drop-offs,0,940GZZLUEUS,0,3900,2660,1800,1770,7241b35501f39f8e,59,59,0,0,45,14,1.5,21,8,1.6,6,true,860,4,17,17,16,1,2,0,1,2,1,2,1,1,2,940GZZLUBST-01-arrival,true,106,30.952542372881354,160.5,136.93333333333334,407.6062146892655,831.1666666666666,911.4166666666666,300435.89641602524,144065.56466602097,67.58940582212635,1,300435.89641252824,300435.89641252824,1,1,0,0
profile,tfl-numbat-2019-midweek,interpeak,20,2.966666666666667,1,1,off,free-flow,4,destination,0,940GZZLUEUS,0,3900,2503,1800,1780,016a76ba6d0b3cca,89,89,0,0,68,21,2.2666666666666666,27,17,2.7333333333333334,4,true,703,5,24,24,23,1,1,0,0,1,1,5,4,1,3,london-link-082-a-arrival,true,105,44.34325842696629,266.95,161.31666666666666,417.16647940074904,709.3666666666667,788.5166666666667,448852.7228849647,145964.5769380715,75.46060328415173,1,448852.7228790486,448852.7228790486,1,1,0,0
profile,tfl-numbat-2019-midweek,interpeak,20,2.966666666666667,1,1,off,free-flow,4,drop-offs,0,940GZZLUEUS,0,3900,2503,1800,1780,016a76ba6d0b3cca,89,89,0,0,68,21,2.2666666666666666,27,17,2.7333333333333334,4,true,703,5,24,24,23,1,1,0,0,1,1,5,4,1,3,london-link-082-a-arrival,true,105,44.34325842696629,266.95,161.31666666666666,417.16647940074904,709.3666666666667,788.5166666666667,448852.7228849647,145964.5769380715,75.46060328415173,1,448852.7228790486,448852.7228790486,1,1,0,0
profile,tfl-numbat-2019-midweek,interpeak,20,2.966666666666667,1,2,off,free-flow,4,destination,0,940GZZLUEUS,0,3900,2487,1800,1780,ed9a2bc8a5a94c22,89,89,0,0,67,22,2.2333333333333334,21,23,3.066666666666667,-1,true,687,7,26,26,22,1,1,0,0,2,1,15,12,3,3,london-link-057-a-arrival,true,159,56.746629213483146,278.1333333333333,178.95,433.80898876404495,756.7833333333333,986.3,453788.0439817284,119971.4189949248,79.09029362713858,1,453788.04397575924,453788.04397575924,1,1,0,0
profile,tfl-numbat-2019-midweek,interpeak,20,2.966666666666667,1,2,off,free-flow,4,drop-offs,0,940GZZLUEUS,0,3900,2487,1800,1780,ed9a2bc8a5a94c22,89,89,0,0,67,22,2.2333333333333334,21,23,3.066666666666667,-1,true,687,7,26,26,22,1,1,0,0,2,1,15,12,3,3,london-link-057-a-arrival,true,159,56.746629213483146,278.1333333333333,178.95,433.80898876404495,756.7833333333333,986.3,453788.0439817284,119971.4189949248,79.09029362713858,1,453788.04397575924,453788.04397575924,1,1,0,0
profile,tfl-numbat-2019-midweek,interpeak,20,2.966666666666667,1,3,off,free-flow,4,destination,0,940GZZLUEUS,0,3900,2577,1800,1780,93ff18cb310a4748,89,89,0,0,64,25,2.1333333333333333,24,20,2.6666666666666665,5,true,777,8,26,26,23,1,2,0,0,2,1,29,23,6,3,london-link-046-a-departure,true,278,50.55018726591761,343.9,169.26666666666668,433.2679775280899,807.45,911.4166666666666,460631.3039608765,177264.8150310342,72.21102155141311,1,460631.303954819,460631.303954819,1,1,0,0
profile,tfl-numbat-2019-midweek,interpeak,20,2.966666666666667,1,3,off,free-flow,4,drop-offs,0,940GZZLUEUS,0,3900,2577,1800,1780,93ff18cb310a4748,89,89,0,0,64,25,2.1333333333333333,24,20,2.6666666666666665,5,true,777,8,26,26,23,1,2,0,0,2,1,29,23,6,3,london-link-046-a-departure,true,278,50.55018726591761,343.9,169.26666666666668,433.2679775280899,807.45,911.4166666666666,460631.3039608765,177264.8150310342,72.21102155141311,1,460631.303954819,460631.303954819,1,1,0,0
profile,tfl-numbat-2019-midweek,interpeak,15,3.966666666666667,1,1,off,free-flow,4,destination,0,940GZZLUEUS,0,3900,2293,1800,1785,4ea77286324758fc,119,119,0,0,93,26,3.1,32,27,4.066666666666666,-1,true,493,6,32,32,30,1,1,0,0,1,1,35,30,5,3,london-link-009-a-departure,true,118,43.53263305322129,206.4,136.38333333333333,416.1393557422969,709.3666666666667,801.5666666666667,598403.1913077412,178162.4865890891,77.05764088472134,1,598403.1913175202,598403.1913175202,1,1,0,0
profile,tfl-numbat-2019-midweek,interpeak,15,3.966666666666667,1,1,off,free-flow,4,drop-offs,1,940GZZLUEUS,0,3900,2293,1800,1785,4ea77286324758fc,119,119,0,0,93,26,3.1,33,26,4,0,true,493,6,32,32,30,1,1,0,0,1,1,44,36,8,3,940GZZLUKSX-01-arrival,true,118,42.54817927170868,236.96666666666667,136.38333333333333,415.7955182072829,709.3666666666667,801.5666666666667,596869.0134450281,176875.8653131806,77.14028613707265,1.0038070294754113,599141.3113816709,598403.1913175203,1.0015135258643437,1.1801095778569033,1,0
profile,tfl-numbat-2019-midweek,interpeak,15,3.966666666666667,1,2,off,free-flow,4,destination,0,940GZZLUEUS,0,3900,2553,1800,1785,b737ae9d8f011316,119,119,0,0,90,29,3,34,25,3.7333333333333334,4,true,753,9,35,35,29,1,1,0,0,2,1,8,7,1,4,london-link-030-a-arrival,true,250,68.08697478991597,428.3333333333333,205.85,442.2931372549019,787.9,1078.0166666666667,602265.0191910288,202965.46317167152,74.79411576966982,1,602265.0192017225,602265.0192017225,1,1,0,0
profile,tfl-numbat-2019-midweek,interpeak,15,3.966666666666667,1,2,off,free-flow,4,drop-offs,0,940GZZLUEUS,0,3900,2553,1800,1785,b737ae9d8f011316,119,119,0,0,90,29,3,34,25,3.7333333333333334,4,true,753,9,35,35,29,1,1,0,0,2,1,8,7,1,4,london-link-030-a-arrival,true,250,68.08697478991597,428.3333333333333,205.85,442.2931372549019,787.9,1078.0166666666667,602265.0191910288,202965.46317167152,74.79411576966982,1,602265.0192017225,602265.0192017225,1,1,0,0
profile,tfl-numbat-2019-midweek,interpeak,15,3.966666666666667,1,3,off,free-flow,4,destination,0,940GZZLUEUS,0,3900,2328,1800,1785,54ac03234b7a10bc,119,119,0,0,87,32,2.9,33,26,3.6,6,true,528,8,33,33,29,1,1,0,0,2,1,23,20,3,3,london-link-036-a-arrival,true,107,50.739635854341735,354.6166666666667,217.86666666666667,427.7233893557423,796.4666666666667,1012.5,606439.6271324672,193498.94952422346,75.81077408056203,1,606439.6271441431,606439.6271441431,1,1,0,0
profile,tfl-numbat-2019-midweek,interpeak,15,3.966666666666667,1,3,off,free-flow,4,drop-offs,0,940GZZLUEUS,0,3900,2328,1800,1785,54ac03234b7a10bc,119,119,0,0,87,32,2.9,33,26,3.6,6,true,528,8,33,33,29,1,1,0,0,2,1,23,20,3,3,london-link-036-a-arrival,true,107,50.739635854341735,354.6166666666667,217.86666666666667,427.7233893557423,796.4666666666667,1012.5,606439.6271324672,193498.94952422346,75.81077408056203,1,606439.6271441431,606439.6271441431,1,1,0,0
profile,tfl-numbat-2019-midweek,interpeak,12,4.966666666666667,1,1,off,free-flow,4,destination,0,940GZZLUEUS,0,3900,2592,1800,1788,b497ea2af025e0c1,149,149,0,0,115,34,3.8333333333333335,42,32,4.866666666666666,2,true,792,8,39,39,37,1,1,0,0,2,1,16,11,5,3,940GZZLUOXC-01-arrival,true,182,50.64675615212528,272.3,168.25,420.12975391498884,757.05,897.7833333333333,743467.8495548741,279770.67075153685,72.65831326719807,1,743467.8495975875,743467.8495975875,1,1,0,0
profile,tfl-numbat-2019-midweek,interpeak,12,4.966666666666667,1,1,off,free-flow,4,drop-offs,0,940GZZLUEUS,0,3900,2592,1800,1788,b497ea2af025e0c1,149,149,0,0,115,34,3.8333333333333335,42,32,4.866666666666666,2,true,792,8,39,39,37,1,1,0,0,2,1,16,11,5,3,940GZZLUOXC-01-arrival,true,182,50.64675615212528,272.3,168.25,420.12975391498884,757.05,897.7833333333333,743467.8495548741,279770.67075153685,72.65831326719807,1,743467.8495975875,743467.8495975875,1,1,0,0
profile,tfl-numbat-2019-midweek,interpeak,12,4.966666666666667,1,2,off,free-flow,4,destination,0,940GZZLUEUS,0,3900,2438,1800,1788,430d9157d388d3e5,149,149,0,0,109,40,3.6333333333333333,41,33,4.533333333333333,7,true,638,10,44,44,38,1,1,0,0,2,2,25,18,7,4,london-link-084-a-departure,true,123,74.31957494407159,428.3333333333333,206.3,448.50671140939596,789.95,1078.0166666666667,753630.4193968846,242901.0112832836,75.62535372140796,1,753630.4194421499,753630.4194421499,1,1,0,0
profile,tfl-numbat-2019-midweek,interpeak,12,4.966666666666667,1,2,off,free-flow,4,drop-offs,0,940GZZLUEUS,0,3900,2438,1800,1788,430d9157d388d3e5,149,149,0,0,109,40,3.6333333333333333,41,33,4.533333333333333,7,true,638,10,44,44,38,1,1,0,0,2,2,25,18,7,4,london-link-084-a-departure,true,123,74.31957494407159,428.3333333333333,206.3,448.50671140939596,789.95,1078.0166666666667,753630.4193968846,242901.0112832836,75.62535372140796,1,753630.4194421499,753630.4194421499,1,1,0,0
profile,tfl-numbat-2019-midweek,interpeak,12,4.966666666666667,1,3,off,free-flow,4,destination,0,940GZZLUEUS,0,3900,2829,1800,1788,5f97c3f949109a0b,149,149,0,0,113,36,3.7666666666666666,43,31,4.666666666666667,5,true,1029,11,43,42,37,1,1,0,0,2,1,25,18,7,3,london-link-017-a-departure,true,116,59.88624161073825,354.6166666666667,210.81666666666666,445.76252796420584,832.35,1160.6166666666666,777603.6360982613,279609.74573900184,73.55219385767838,1,777603.6361489375,777603.6361489375,1,1,0,0
profile,tfl-numbat-2019-midweek,interpeak,12,4.966666666666667,1,3,off,free-flow,4,drop-offs,0,940GZZLUEUS,0,3900,2829,1800,1788,5f97c3f949109a0b,149,149,0,0,113,36,3.7666666666666666,43,31,4.666666666666667,5,true,1029,11,43,42,37,1,1,0,0,2,1,25,18,7,3,london-link-017-a-departure,true,116,59.88624161073825,354.6166666666667,210.81666666666666,445.76252796420584,832.35,1160.6166666666666,777603.6360982613,279609.74573900184,73.55219385767838,1,777603.6361489375,777603.6361489375,1,1,0,0
profile,tfl-numbat-2019-midweek,interpeak,10,5.966666666666667,1,1,off,free-flow,4,destination,0,940GZZLUEUS,0,3900,2680,1800,1790,0b930e4ca4da8510,179,179,0,0,140,39,4.666666666666667,49,40,6.066666666666666,-1,true,880,11,48,48,44,1,2,0,0,1,2,62,51,11,4,940GZZLULVT-diverge,true,284,65.88836126629423,343.93333333333334,205.85,435.5312849162012,776.6833333333333,1019.3833333333333,892438.6184711724,314901.25715456076,73.91776222156535,1,892438.6185477083,892438.6185477083,1,1,0,0
profile,tfl-numbat-2019-midweek,interpeak,10,5.966666666666667,1,1,off,free-flow,4,drop-offs,0,940GZZLUEUS,0,3900,2680,1800,1790,0b930e4ca4da8510,179,179,0,0,140,39,4.666666666666667,49,40,6.066666666666666,-1,true,880,11,48,48,44,1,2,0,0,1,2,62,51,11,4,940GZZLULVT-diverge,true,284,65.88836126629423,343.93333333333334,205.85,435.5312849162012,776.6833333333333,1019.3833333333333,892438.6184711724,314901.25715456076,73.91776222156535,1,892438.6185477083,892438.6185477083,1,1,0,0
profile,tfl-numbat-2019-midweek,interpeak,10,5.966666666666667,1,2,off,free-flow,4,destination,0,940GZZLUEUS,0,3900,2531,1800,1790,43a17175be512ece,179,179,0,0,135,44,4.5,47,42,5.866666666666666,2,true,731,13,53,53,46,2,1,0,0,2,1,64,53,11,3,london-link-017-a-arrival,true,274,77.68491620111732,428.3333333333333,258.5,448.3347299813781,820.2,1078.0166666666667,895696.2663495012,295240.838975129,75.20936767734253,1,895696.2664270903,895696.2664270903,1,1,0,0
profile,tfl-numbat-2019-midweek,interpeak,10,5.966666666666667,1,2,off,free-flow,4,drop-offs,1,940GZZLUEUS,0,3900,2491,1800,1790,43a17175be512ece,179,179,0,0,135,44,4.5,47,42,5.866666666666666,2,true,691,13,53,53,46,2,1,0,0,2,1,64,53,11,3,london-link-017-a-arrival,true,274,75.8728119180633,428.3333333333333,231,446.93873370577285,809.9333333333333,1078.0166666666667,888903.944992795,285204.95773729036,75.7088156750945,1.0086717077558067,896612.2603034206,895846.2664270903,1.000504066438669,1.0902278925217794,1,0
profile,tfl-numbat-2019-midweek,interpeak,10,5.966666666666667,1,3,off,free-flow,4,destination,0,940GZZLUEUS,0,3900,2531,1800,1790,2cca81f5af10a5a2,179,179,0,0,135,44,4.5,48,41,5.8,3,true,731,11,51,51,42,1,2,0,0,2,1,40,31,9,4,london-link-070-a-departure,true,90,62.22811918063314,354.6166666666667,210.95,439.40335195530724,796.4666666666667,1160.6166666666666,912303.2580397819,307992.7031805837,74.76081926284722,1,912303.2581211702,912303.2581211702,1,1,0,0
profile,tfl-numbat-2019-midweek,interpeak,10,5.966666666666667,1,3,off,free-flow,4,drop-offs,0,940GZZLUEUS,0,3900,2531,1800,1790,2cca81f5af10a5a2,179,179,0,0,135,44,4.5,48,41,5.8,3,true,731,11,51,51,42,1,2,0,0,2,1,40,31,9,4,london-link-070-a-departure,true,90,62.22811918063314,354.6166666666667,210.95,439.40335195530724,796.4666666666667,1160.6166666666666,912303.2580397819,307992.7031805837,74.76081926284722,1,912303.2581211702,912303.2581211702,1,1,0,0
profile,tfl-numbat-2019-midweek,interpeak,8.571429,7,1,1,off,free-flow,4,destination,0,940GZZLUEUS,0,3900,2497,1800,1799,377f35b408a2d0b6,210,210,0,0,161,49,5.366666666666666,52,53,7.266666666666667,-4,true,697,14,57,56,46,1,3,0,1,1,2,45,32,11,4,940GZZLULVT-01-arrival,true,269,71.08880952380952,343.9,195.9,431.8809523809524,776.6833333333333,1050.7166666666667,1021603.0248781897,370948.9147235522,73.36193328418038,1,1021603.0249840997,1021603.0249840997,1,1,0,0
profile,tfl-numbat-2019-midweek,interpeak,8.571429,7,1,1,off,free-flow,4,drop-offs,2,940GZZLUEUS,0,3900,2497,1800,1799,377f35b408a2d0b6,210,210,0,0,161,49,5.366666666666666,52,53,7.266666666666667,-4,true,697,14,57,56,46,1,3,0,1,1,2,47,33,12,4,940GZZLULVT-01-arrival,true,269,69.62912698412698,343.9,195.9,431.1729365079365,776.6833333333333,1050.7166666666667,1017532.1114682672,368319.5809717369,73.42287179927212,1.005809684481952,1023443.652091732,1021678.0249840997,1.0019419735350132,1.2415725477453607,2,0
profile,tfl-numbat-2019-midweek,interpeak,8.571429,7,1,2,off,free-flow,4,destination,0,940GZZLUEUS,0,3900,2667,1800,1799,0e4e63e12088df38,210,210,0,0,153,57,5.1,48,57,7,0,true,867,16,61,61,50,1,3,0,0,2,2,64,47,15,5,london-link-088-a-arrival,true,155,85.75007936507936,350.51666666666665,234.4,456.76912698412696,831.1833333333333,983.9666666666667,1051797.288480152,413885.2796593862,71.761601819093,1,1051797.288591594,1051797.288591594,1,1,0,0
profile,tfl-numbat-2019-midweek,interpeak,8.571429,7,1,2,off,free-flow,4,drop-offs,1,940GZZLUEUS,0,3900,2667,1800,1799,0e4e63e12088df38,210,210,0,0,153,57,5.1,48,57,7,0,true,867,16,61,61,50,1,3,0,0,2,2,71,52,17,5,london-link-088-a-arrival,true,146,85.36404761904761,350.51666666666665,234.4,456.76166666666666,831.1833333333333,983.9666666666667,1049553.623197204,410806.90673882223,71.8694871356994,1.0030271165720444,1052730.7444755472,1051872.288591594,1.000759758620363,1.1595493102762238,1,0
profile,tfl-numbat-2019-midweek,interpeak,8.571429,7,1,3,off,free-flow,4,destination,1,940GZZLUEUS,0,3900,2852,1800,1799,d32fc6ced69f7580,210,210,0,0,162,48,5.4,53,52,7.266666666666667,-4,true,1052,12,58,57,53,1,3,0,1,2,2,75,63,12,4,london-link-081-a-departure,true,233,63.727380952380955,354.6166666666667,208.35,438.9834126984127,805.75,1163.05,1061015.0248850682,366416.9020344296,74.33034142474423,1.0027135168793528,1063894.1071737707,1063894.1071737707,1,1,0,0
profile,tfl-numbat-2019-midweek,interpeak,8.571429,7,1,3,off,free-flow,4,drop-offs,1,940GZZLUEUS,0,3900,2852,1800,1799,d32fc6ced69f7580,210,210,0,0,162,48,5.4,53,52,7.266666666666667,-4,true,1052,12,58,57,53,1,3,0,1,2,2,75,63,12,4,london-link-081-a-departure,true,233,63.727380952380955,354.6166666666667,208.35,438.9834126984127,805.75,1163.05,1061015.0248850682,366416.9020344296,74.33034142474423,1.0027135168793528,1063894.1071737707,1063894.1071737707,1,1,0,0
profile,tfl-numbat-2019-midweek,interpeak,7.5,7.966666666666667,1,1,off,free-flow,4,destination,0,940GZZLUEUS,0,3900,2623,1800,1792.5,f9552f5f1b0bf1c2,239,239,0,0,176,63,5.866666666666666,60,59,7.733333333333333,4,true,823,19,66,65,53,2,2,0,0,1,1,72,52,20,5,london-link-074-a-departure,true,222.5,84.74588563458856,469.5,225.88333333333333,454.0660390516039,796.8333333333334,991.95,1190963.7025676854,399451.04965005897,74.88384403546013,1,1190963.702642529,1190963.702642529,1,1,0,0
profile,tfl-numbat-2019-midweek,interpeak,7.5,7.966666666666667,1,1,off,free-flow,4,drop-offs,1,940GZZLUEUS,0,3900,2588,1800,1792.5,f9552f5f1b0bf1c2,239,239,0,0,177,62,5.9,60,59,7.8,3,true,788,17,66,65,53,2,2,0,0,1,1,75,54,21,5,london-link-074-a-departure,true,242.5,83.2126220362622,489.03333333333336,225.56666666666666,452.9971408647141,795.8166666666667,991.95,1188447.0548161021,393503.3341797969,75.12543143470114,1.003037513654762,1192056.9790487702,1191188.7026425288,1.0006955727807842,1.16624189460741,1,0
profile,tfl-numbat-2019-midweek,interpeak,7.5,7.966666666666667,1,2,off,free-flow,4,destination,0,940GZZLUEUS,0,3900,2478,1800,1792.5,8b0ec28e29fb5d6c,239,239,0,0,177,62,5.9,54,65,8.2,-3,true,678,19,69,68,58,2,2,0,0,2,2,88,71,17,4,london-link-020-a-arrival,true,208.5,89.85,463.68333333333334,238.41666666666666,453.48723849372385,860.5833333333334,1124.0666666666666,1172461.0807986956,391916.7588093849,74.94743604220507,1,1172461.0808787462,1172461.0808787462,1,1,0,0
profile,tfl-numbat-2019-midweek,interpeak,7.5,7.966666666666667,1,2,off,free-flow,4,drop-offs,0,940GZZLUEUS,0,3900,2478,1800,1792.5,8b0ec28e29fb5d6c,239,239,0,0,177,62,5.9,54,65,8.2,-3,true,678,19,69,68,58,2,2,0,0,2,2,88,71,17,4,london-link-020-a-arrival,true,208.5,89.85,463.68333333333334,238.41666666666666,453.48723849372385,860.5833333333334,1124.0666666666666,1172461.0807986956,391916.7588093849,74.94743604220507,1,1172461.0808787462,1172461.0808787462,1,1,0,0
profile,tfl-numbat-2019-midweek,interpeak,7.5,7.966666666666667,1,3,off,free-flow,4,destination,1,940GZZLUEUS,0,3900,3148,1800,1792.5,32aa5186f5b4a850,239,239,0,0,178,61,5.933333333333334,57,62,8.066666666666666,-1,true,1348,16,68,68,59,1,3,1,1,2,2,97,82,13,5,london-link-072-a-arrival,true,344.5,75.5813110181311,433.7,217.86666666666667,457.3436541143654,899.85,1445.0666666666666,1229662.0095662414,445585.0206186266,73.40183193343998,1.0023048642084755,1232496.2135856568,1232496.2135856568,1,1,0,0
profile,tfl-numbat-2019-midweek,interpeak,7.5,7.966666666666667,1,3,off,free-flow,4,drop-offs,2,940GZZLUEUS,0,3900,3148,1800,1792.5,32aa5186f5b4a850,239,239,0,0,178,61,5.933333333333334,57,62,8.066666666666666,-1,true,1348,16,68,68,59,1,3,1,1,2,2,91,76,13,4,london-link-070-a-departure,true,344.5,74.94665271966527,433.7,217.86666666666667,456.9436541143654,899.85,1445.0666666666666,1225450.8529590867,423781.65237700345,74.30431118681821,1.0065443450911715,1233470.626299481,1232721.2135856568,1.0004811149842894,1.1149864812451513,1,0
profile,tfl-numbat-2019-midweek,interpeak,6.666667,8.966666666666667,1,1,off,free-flow,4,destination,2,940GZZLUEUS,0,3900,2762,1800,1793.3333333333333,2ce7017da63f1ce0,269,269,0,0,200,69,6.666666666666667,64,70,9.066666666666666,-1,true,962,22,76,75,61,2,2,0,0,2,2,118,91,27,4,940GZZLULVT-01-arrival,true,307.6666666666667,95.90161090458489,570,255.68333333333334,468.4422552664188,842.45,1144.2166666666667,1338799.5143200688,517004.9265413796,72.14119574466638,1.0090873161824525,1350965.6088481124,1350965.6088481124,1,1,0,0
profile,tfl-numbat-2019-midweek,interpeak,6.666667,8.966666666666667,1,1,off,free-flow,4,drop-offs,3,940GZZLUEUS,0,3900,2805,1800,1793.3333333333333,2ce7017da63f1ce0,269,269,0,0,197,72,6.566666666666666,64,70,8.866666666666667,2,true,1005,23,76,73,60,2,2,0,0,2,2,131,103,27,5,940GZZLULVT-01-arrival,true,472.6666666666667,95.27812887236679,593.75,251.88333333333333,468.19814126394056,820.7666666666667,1144.2166666666667,1338829.223836811,532037.0646321069,71.56199414617086,1.0097507798778558,1351883.852928812,1350365.6088481122,1.0008995468690214,1.1247598436147177,2,0
profile,tfl-numbat-2019-midweek,interpeak,6.666667,8.966666666666667,1,2,off,free-flow,4,destination,0,940GZZLUEUS,0,3900,2469,1800,1793.3333333333333,2a8809aeeb74e8bf,269,269,0,0,201,68,6.7,59,75,9.466666666666667,-7,true,669,23,78,76,64,1,2,0,1,2,2,65,50,15,4,london-link-048-a-arrival,true,192.66666666666666,95.78847583643122,421.8666666666667,234.88333333333333,451.6514869888476,824.4166666666666,1098.1833333333334,1290257.2132145732,461235.008608858,73.66616860401021,1,1290257.213264126,1290257.213264126,1,1,0,0
profile,tfl-numbat-2019-midweek,interpeak,6.666667,8.966666666666667,1,2,off,free-flow,4,drop-offs,2,940GZZLUEUS,0,3900,2469,1800,1793.3333333333333,2a8809aeeb74e8bf,269,269,0,0,200,69,6.666666666666667,60,74,9.333333333333334,-5,true,669,23,77,75,63,2,2,0,1,2,1,79,63,16,4,london-link-048-a-arrival,true,196.66666666666666,95.57936802973977,375.53333333333336,238.43333333333334,451.9395291201983,807.6,1098.1833333333334,1284747.9886840263,462019.3133210221,73.55003652800876,1.0057091182764089,1292082.7669580572,1290557.2132641263,1.001086684771468,1.1758204095225453,2,0
profile,tfl-numbat-2019-midweek,interpeak,6.666667,8.966666666666667,1,3,off,free-flow,4,destination,2,940GZZLUEUS,0,3900,2794,1800,1793.3333333333333,974cc1866ce0a089,269,269,0,0,201,68,6.7,61,73,9.333333333333334,-5,true,994,22,75,74,67,2,3,0,0,2,1,79,62,17,4,london-link-057-a-arrival,true,384.6666666666667,83.31852540272615,437.53333333333336,238.65,457.6446716232962,899.85,1280.4,1352438.137350073,477420.556369991,73.90943038342458,1.0051258360427662,1359370.513533367,1359370.513533367,1,1,0,0
profile,tfl-numbat-2019-midweek,interpeak,6.666667,8.966666666666667,1,3,off,free-flow,4,drop-offs,5,940GZZLUEUS,0,3900,2794,1800,1793.3333333333333,974cc1866ce0a089,269,269,0,0,201,68,6.7,61,73,9.333333333333334,-5,true,994,22,75,74,67,2,3,0,0,2,1,76,59,17,4,london-link-057-a-arrival,true,384.6666666666667,81.91623296158612,437.53333333333336,238.65,456.91654275092935,899.85,1280.4,1344871.7615637896,469058.53389258747,74.14131430146413,1.0124157452024074,1361569.346720799,1359145.5135333668,1.0021197401942117,1.2628890892905584,3,0
profile,tfl-numbat-2019-midweek,interpeak,6,9.966666666666667,1,1,off,free-flow,4,destination,1,940GZZLUEUS,0,3900,2624,1800,1794,ee9fd27577dc17b2,299,299,0,0,217,82,7.233333333333333,69,80,9.866666666666667,2,true,824,26,88,85,67,2,2,0,0,2,2,165,126,39,5,london-link-108-a-departure,true,321,109.29113712374581,573,272.1666666666667,480.08121516164994,811.3166666666667,1072.4333333333334,1485573.8694806832,607585.011113614,70.97281927585419,1.0055110886352154,1493760.9987477777,1493760.9987477777,1,1,0,0
profile,tfl-numbat-2019-midweek,interpeak,6,9.966666666666667,1,1,off,free-flow,4,drop-offs,3,940GZZLUEUS,0,3900,2633,1800,1794,ee9fd27577dc17b2,299,299,0,0,216,83,7.2,69,80,9.8,3,true,833,26,88,83,67,2,3,0,0,2,2,162,122,40,4,940GZZLULVT-diverge,true,321,109.56839464882943,573,272.1666666666667,480.99576365663324,821.0333333333333,1045.5833333333333,1481839.2462643369,590452.8255195216,71.50725838509572,1.009570515648058,1496021.2119577338,1493685.9987477777,1.0011565315666509,1.154036038806401,3,0
profile,tfl-numbat-2019-midweek,interpeak,6,9.966666666666667,1,2,off,free-flow,4,destination,2,940GZZLUEUS,0,3900,2685,1800,1794,9c6d663f282f98ba,299,299,0,0,225,74,7.5,65,84,10.666666666666666,-10,true,885,28,89,86,67,2,2,0,0,1,1,193,152,33,5,london-link-048-a-departure,true,398,111.023745819398,464.3333333333333,287.65,467.98065774804905,807.6,1109.1333333333334,1427584.2790375166,628436.5585217096,69.43432931021515,1.0059124130380925,1436024.7469562532,1436024.7469562532,1,1,0,0
profile,tfl-numbat-2019-midweek,interpeak,6,9.966666666666667,1,2,off,free-flow,4,drop-offs,6,940GZZLUEUS,0,3900,2616,1800,1794,9c6d663f282f98ba,299,299,0,0,227,72,7.566666666666666,67,82,10.666666666666666,-10,true,816,25,85,83,67,3,3,0,0,1,1,202,154,41,4,london-link-017-a-arrival,true,332,105.10752508361203,553.1166666666667,265.51666666666665,463.3216833890746,807.6,1119.5833333333333,1420761.0827018172,591628.4199186958,70.60070035406747,1.0132550347812552,1439593.3202843082,1435574.7469562532,1.002274028126823,1.1618047408065815,5,0
profile,tfl-numbat-2019-midweek,interpeak,6,9.966666666666667,1,3,off,free-flow,4,destination,1,940GZZLUEUS,0,3900,2707,1800,1794,cae5e030155a2225,299,299,0,0,223,76,7.433333333333334,69,80,10.266666666666667,-4,true,907,24,86,84,75,3,3,0,0,2,2,200,162,38,4,940GZZLUOXC-01-arrival,true,293,97.59464882943143,466.35,271.23333333333335,467.3081939799331,907.1333333333333,1344.3333333333333,1487169.0361299482,562113.1654610094,72.57024117885699,1.001935948173763,1490048.1183075474,1490048.1183075474,1,1,0,0
profile,tfl-numbat-2019-midweek,interpeak,6,9.966666666666667,1,3,off,free-flow,4,drop-offs,1,940GZZLUEUS,0,3900,2707,1800,1794,cae5e030155a2225,299,299,0,0,223,76,7.433333333333334,69,80,10.266666666666667,-4,true,907,24,86,84,75,3,3,0,0,2,2,200,162,38,4,940GZZLUOXC-01-arrival,true,293,97.59464882943143,466.35,271.23333333333335,467.3081939799331,907.1333333333333,1344.3333333333333,1487169.0361299482,562113.1654610094,72.57024117885699,1.001935948173763,1490048.1183075474,1490048.1183075474,1,1,0,0
profile,tfl-numbat-2019-midweek,interpeak,5.4545449999999995,11,1,1,off,free-flow,4,destination,5,940GZZLUEUS,0,3900,3183,1800,1798.5,df2e08305f707806,330,330,0,0,230,100,7.666666666666667,74,91,10.4,9,true,1383,36,100,97,72,2,4,0,1,1,2,185,146,35,4,940GZZLUTCR-01-arrival,true,676.5,136.0628282828283,714.3,367.1,507.6286868686869,887.0666666666667,1421.6666666666667,1631339.4915400124,804995.4982181733,66.95875150165324,1.0134768958213844,1653324.8838769053,1653324.8838769053,1,1,0,0
profile,tfl-numbat-2019-midweek,interpeak,5.4545449999999995,11,1,1,off,free-flow,4,drop-offs,8,940GZZLUEUS,0,3900,3097,1800,1798.5,df2e08305f707806,330,330,0,0,228,102,7.6,74,91,10.266666666666667,11,true,1297,36,104,98,71,2,4,0,0,1,2,185,145,37,5,london-link-048-a-arrival,true,593.5,136.56530303030303,631.5833333333334,347.85,509.69020202020204,886.05,1335.9333333333334,1635752.2349843662,778797.0558258988,67.74565510880281,1.0144993589631894,1659469.593772659,1654524.8838769053,1.0030558555734457,1.3587681653163473,6,0
profile,tfl-numbat-2019-midweek,interpeak,5.4545449999999995,11,1,2,off,free-flow,4,destination,1,940GZZLUEUS,0,3900,2723,1800,1798.5,aaf9361694744c1c,330,330,0,0,243,87,8.1,74,91,11.266666666666667,-4,true,923,36,103,98,78,3,3,0,0,2,2,186,135,47,4,940GZZLUOXC-diverge,true,217.5,126.53045454545455,672.3333333333334,297.55,483.10803030303026,854.45,1189.0166666666667,1580265.989629929,743527.0480525861,68.0037320021367,1.002139156226444,1583646.425434845,1583646.425434845,1,1,0,0
profile,tfl-numbat-2019-midweek,interpeak,5.4545449999999995,11,1,2,off,free-flow,4,drop-offs,4,940GZZLUEUS,0,3900,2762,1800,1798.5,aaf9361694744c1c,330,330,0,0,250,80,8.333333333333334,74,91,11.733333333333333,-11,true,962,33,101,97,77,3,3,0,1,2,2,313,217,94,7,london-link-063-a-departure,true,256.5,123.39414141414142,598.5333333333333,299.56666666666666,481.7568181818182,846.6666666666666,1121.6666666666667,1575865.525899115,729771.7380236838,68.34837164359261,1.0069515369176636,1586820.213254387,1584396.4254348453,1.0016563161656404,1.209828697335007,3,0
profile,tfl-numbat-2019-midweek,interpeak,5.4545449999999995,11,1,3,off,free-flow,4,destination,1,940GZZLUEUS,0,3900,2655,1800,1798.5,2868a608737b17cf,330,330,0,0,245,85,8.166666666666666,76,89,11.266666666666667,-4,true,855,28,98,94,80,2,2,0,0,2,1,178,142,36,5,london-link-090-a-departure,true,266.5,108.55277777777778,484.05,301.26666666666665,473.36671717171714,872.1666666666666,1417.1333333333334,1618100.6265974909,572819.3099428331,73.8548497190924,1.0016431812211593,1620759.4591255558,1620759.4591255558,1,1,0,0
profile,tfl-numbat-2019-midweek,interpeak,5.4545449999999995,11,1,3,off,free-flow,4,drop-offs,4,940GZZLUEUS,0,3900,2681,1800,1798.5,2868a608737b17cf,330,330,0,0,248,82,8.266666666666667,76,89,11.466666666666667,-7,true,881,27,97,93,78,2,2,0,0,2,1,194,156,36,5,london-link-090-a-departure,true,266.5,104.69929292929292,495.98333333333335,290.43333333333334,470.01686868686875,872.1666666666666,1443.55,1612930.470802865,567598.7842507485,73.96967809832056,1.006258312752916,1623024.6941034785,1620609.4591255558,1.0024255148070933,1.4480304929766543,3,0
profile,tfl-numbat-2019-midweek,interpeak,5,11.966666666666667,1,1,off,free-flow,4,destination,5,940GZZLUEUS,0,3900,3273,1800,1795,63115a88eefe4876,359,359,0,0,245,114,8.166666666666666,80,99,11,15,true,1473,44,117,112,76,2,5,0,0,2,1,274,219,53,6,london-link-081-a-arrival,true,828,162.63259052924792,827.2166666666667,425.85,536.6437790157846,946.75,1577.9666666666667,1786012.7408207993,930434.8463056315,65.74810238507553,1.0119693176971507,1807390.094645519,1807390.094645519,1,1,0,0
profile,tfl-numbat-2019-midweek,interpeak,5,11.966666666666667,1,1,off,free-flow,4,drop-offs,10,940GZZLUEUS,0,3900,3113,1800,1795,63115a88eefe4876,359,359,0,0,244,115,8.133333333333333,81,98,10.866666666666667,17,true,1313,40,121,114,81,2,5,0,0,2,1,233,172,60,6,london-link-081-a-arrival,true,786,161.34874651810586,850.8166666666667,442.15,536.0526926648097,945.7833333333333,1417.1833333333334,1774209.1648332404,953216.4725779761,65.05068884361086,1.0214260283068708,1812223.4205425268,1807240.094645519,1.0029099303776126,1.2536398079693678,6,0
profile,tfl-numbat-2019-midweek,interpeak,5,11.966666666666667,1,2,off,free-flow,4,destination,0,940GZZLUEUS,0,3900,2703,1800,1795,a51bec993e64d97a,359,359,0,0,266,93,8.866666666666667,78,101,12.533333333333333,-8,true,903,40,111,107,81,2,3,0,0,1,2,411,304,107,5,london-link-017-a-arrival,true,241,141.11248839368616,598.5333333333333,327.23333333333335,501.79563602599814,873.9833333333333,1116.85,1738405.3740210321,854831.9427326134,67.03610821848198,1,1738405.373954049,1738405.373954049,1,1,0,0
profile,tfl-numbat-2019-midweek,interpeak,5,11.966666666666667,1,2,off,free-flow,4,drop-offs,7,940GZZLUEUS,0,3900,2750,1800,1795,a51bec993e64d97a,359,359,0,0,267,92,8.9,78,101,12.6,-9,true,950,37,109,104,79,2,3,0,1,1,2,398,318,80,6,london-link-048-a-arrival,true,250,134.71536675951717,598.5333333333333,303.76666666666665,496.5172237697307,864.2333333333333,1119.9833333333333,1718205.5765900519,840493.5824348349,67.15152778042321,1.01423642578806,1742666.6827075472,1737730.373954049,1.0029364180165905,1.2628890892905584,6,0
profile,tfl-numbat-2019-midweek,interpeak,5,11.966666666666667,1,3,off,free-flow,4,destination,0,940GZZLUEUS,0,3900,2908,1800,1795,ae2973bdc228cca9,359,359,0,0,255,104,8.5,79,100,11.733333333333333,4,true,1108,41,108,105,80,3,3,0,1,1,1,330,257,72,5,london-link-075-a-arrival,true,216,135.69405756731663,702.8,343.9,502.8482358402971,910.55,1457.9666666666667,1773770.5002680519,783903.7625451832,69.35091485485128,1,1773770.5001916823,1773770.5001916823,1,1,0,0
profile,tfl-numbat-2019-midweek,interpeak,5,11.966666666666667,1,3,off,free-flow,4,drop-offs,6,940GZZLUEUS,0,3900,2900,1800,1795,ae2973bdc228cca9,359,359,0,0,251,108,8.366666666666667,79,100,11.466666666666667,8,true,1100,40,111,105,78,2,3,0,1,2,2,383,283,100,7,london-link-048-a-departure,true,280,133.92200557103064,603.3333333333334,340.3666666666667,503.04944289693594,893.7,1453.05,1758056.6443364848,800688.1528371329,68.70777602668423,1.012150376033531,1779417.6935809962,1774520.5001916823,1.002702315110335,1.3373565010275852,6,0
profile,tfl-numbat-2019-midweek,interpeak,4.615385,13.033333333333333,1,1,off,free-flow,4,destination,3,940GZZLUEUS,0,3900,3183,1800,1798.6,05b036e7516e55eb,391,391,0,0,264,127,8.8,88,107,11.733333333333333,20,true,1383,59,130,114,81,2,4,0,0,2,2,277,216,61,5,940GZZLUTCR-diverge,true,857.4,187.78350383631715,1003.8666666666667,499.2,561.8980392156863,999.9833333333333,1471.6,1960284.3590153458,1140193.834985519,63.22522644436954,1.0053877410142893,1970845.8633306883,1970845.8633306883,1,1,0,0
profile,tfl-numbat-2019-midweek,interpeak,4.615385,13.033333333333333,1,1,off,free-flow,4,drop-offs,11,940GZZLUEUS,0,3900,3079,1800,1798.6,05b036e7516e55eb,391,391,0,0,265,126,8.833333333333334,88,107,11.8,19,true,1279,52,129,114,82,2,4,0,1,2,2,358,288,69,5,940GZZLUTCR-diverge,true,688.4,180.13265132139813,1074,506.26666666666665,556.5168371696504,980.2666666666667,1519.2666666666667,1929073.3938736764,1092299.6719941061,63.84757366332112,1.0254810674664088,1978228.243050654,1969720.863330688,1.003759911023065,1.289337291135541,9,0
profile,tfl-numbat-2019-midweek,interpeak,4.615385,13.033333333333333,1,2,off,free-flow,4,destination,0,940GZZLUEUS,0,3900,3228,1800,1798.6,e6b2cb534b8b4e2b,391,391,0,0,273,118,9.1,83,112,12.666666666666666,6,true,1428,56,124,114,83,4,4,0,0,2,2,770,559,211,6,london-link-046-a-departure,true,632.4,184.46513213981245,777.5666666666667,459.1333333333333,548.5354219948849,943.5666666666667,1493.55,1910135.221048755,1192098.5152069808,61.57289822249844,1,1910135.2209372309,1910135.2209372309,1,1,0,0
profile,tfl-numbat-2019-midweek,interpeak,4.615385,13.033333333333333,1,2,off,free-flow,4,drop-offs,5,940GZZLUEUS,0,3900,2974,1800,1798.6,e6b2cb534b8b4e2b,391,391,0,0,278,113,9.266666666666667,83,112,13,1,true,1174,49,123,114,83,3,4,0,0,2,2,370,287,81,5,london-link-047-a-arrival,true,568.4,163.64228473998295,806.85,430.35,527.9012787723785,937,1403.9333333333334,1899801.578424451,1050443.1020447726,64.39471244541981,1.007019455153502,1913137.1502955137,1909085.2209372309,1.0020117972406528,1.1905537707484286,5,0
profile,tfl-numbat-2019-midweek,interpeak,4.615385,13.033333333333333,1,3,off,free-flow,4,destination,0,940GZZLUEUS,0,3900,3048,1800,1798.6,b778aea546f63062,391,391,0,0,269,122,8.966666666666667,88,107,12.066666666666666,15,true,1248,47,123,114,83,4,3,0,1,2,2,466,349,117,7,london-link-057-b-departure,true,604.4,154.7030264279625,801.25,407.53333333333336,521.0343137254902,1012.8333333333334,1568.3,1925287.4741307902,945801.9306802042,67.05773323898052,1,1925287.4740162496,1925287.4740162496,1,1,0,0
profile,tfl-numbat-2019-midweek,interpeak,4.615385,13.033333333333333,1,3,off,free-flow,4,drop-offs,8,940GZZLUEUS,0,3900,3018,1800,1798.6,b778aea546f63062,391,391,0,0,273,118,9.1,88,107,12.333333333333334,11,true,1218,45,121,114,83,3,2,0,1,2,2,359,274,85,5,london-link-057-b-departure,true,489.4,142.93597612958226,755.2,401.3833333333333,510.4874254049446,949.9833333333333,1566.5333333333333,1910103.8397316185,940312.7960679103,67.01139109777343,1.0110539978086572,1931218.1232780071,1924312.4740162492,1.0038117199587695,1.2561117433206577,8,0
profile,tfl-numbat-2019-midweek,interpeak,4.2857140000000005,14,1,1,off,free-flow,4,destination,6,940GZZLUEUS,0,3900,3312,1800,1799,d7e9ab1e06ba3f03,420,420,0,0,267,153,8.9,90,120,11.8,33,true,1512,87,155,114,80,4,4,0,1,2,2,495,382,113,6,london-link-031-b-departure,true,983,245.75869047619048,1068.5333333333333,626.3833333333333,620.7746031746032,1118.4,1675.3333333333333,2090802.1378775775,1320834.6196380744,61.28442992272413,1.0135603372602333,2119154.119850509,2119154.119850509,1,1,0,0
profile,tfl-numbat-2019-midweek,interpeak,4.2857140000000005,14,1,1,off,free-flow,4,drop-offs,17,940GZZLUEUS,0,3900,3303,1800,1799,d7e9ab1e06ba3f03,420,420,0,0,266,154,8.866666666666667,90,120,11.733333333333333,34,true,1503,82,154,114,77,4,4,0,1,2,1,663,486,177,6,london-link-031-b-departure,true,872,241.1656746031746,918.3166666666667,659.0666666666667,619.8656746031746,1125.05,1662.9833333333333,2064123.233493789,1305693.9141589727,61.25327111388074,1.0334831105539193,2133236.4997607805,2121104.119850509,1.005353922947176,1.26379429782505,15,0
profile,tfl-numbat-2019-midweek,interpeak,4.2857140000000005,14,1,2,off,free-flow,4,destination,4,940GZZLUEUS,0,3900,3247,1800,1799,91e7e36c6e9c5c40,420,420,0,0,274,146,9.133333333333333,88,122,12.4,24,true,1447,88,150,114,76,3,5,1,1,2,2,484,390,90,5,london-link-020-a-departure,true,708,265.44650793650794,963.4,638.6,631.3213492063492,1158.7,1654.1333333333334,2046324.584952226,1416048.0287883838,59.1018013725986,1.0094591294044633,2065681.0338565672,2065681.0338565672,1,1,0,0
profile,tfl-numbat-2019-midweek,interpeak,4.2857140000000005,14,1,2,off,free-flow,4,drop-offs,17,940GZZLUEUS,0,3900,3309,1800,1799,91e7e36c6e9c5c40,420,420,0,0,284,136,9.466666666666667,89,121,13,15,true,1509,65,141,114,81,2,3,1,1,1,2,371,298,71,6,london-link-083-b-departure,true,637,213.8475396825397,837.9166666666666,564.9166666666666,582.0330555555555,1089.45,1565.6666666666667,2017864.7081084407,1305067.063437426,60.725433046424136,1.029948876706335,2078297.4893183466,2066056.033856567,1.0055111892012931,1.2116018884563424,16,0
profile,tfl-numbat-2019-midweek,interpeak,4.2857140000000005,14,1,3,off,free-flow,4,destination,2,940GZZLUEUS,0,3900,3436,1800,1799,f9d9788dd6aa402d,420,420,0,0,266,154,8.866666666666667,92,118,11.6,36,true,1636,80,155,114,81,4,4,0,1,1,1,578,448,127,6,london-link-048-a-departure,true,733,240.86575396825398,895.1666666666666,637.1833333333333,607.9386111111112,1162.3166666666666,1714.7333333333333,2059923.591087875,1319297.5756941831,60.958531253800274,1.004523571572592,2069241.8027369091,2069241.8027369091,1,1,0,0
profile,tfl-numbat-2019-midweek,interpeak,4.2857140000000005,14,1,3,off,free-flow,4,drop-offs,14,940GZZLUEUS,0,3900,3313,1800,1799,f9d9788dd6aa402d,420,420,0,0,277,143,9.233333333333333,93,117,12.266666666666667,26,true,1513,77,149,114,80,3,4,0,1,2,2,436,342,94,7,london-link-087-a-arrival,true,661,213.9595634920635,784.5166666666667,508.81666666666666,582.1069841269841,1014.8,1668.6666666666667,2026331.0083682346,1216178.8495178332,62.49267071432398,1.0253484999863307,2077695.4597614717,2068641.8027369091,1.0037594478026284,1.2090294090603753,11,0
profile,tfl-numbat-2019-midweek,interpeak,4,14.966666666666667,1,1,off,free-flow,4,destination,12,940GZZLUEUS,0,3900,3508,1800,1796,36d46c523aa62ecf,449,449,0,0,265,184,8.833333333333334,92,132,11.533333333333333,52,true,1708,113,184,114,78,4,4,0,1,2,2,663,434,229,7,london-link-031-b-departure,true,1148,316.5613956941351,1151.9666666666667,754.2333333333333,691.5809205642167,1219.6,1715.3833333333334,2214922.483650194,1455089.4436113092,60.351915131320276,1.022574292959692,2264922.792482738,2264922.792482738,1,1,0,0
profile,tfl-numbat-2019-midweek,interpeak,4,14.966666666666667,1,1,off,free-flow,4,drop-offs,31,940GZZLUEUS,0,3900,3516,1800,1796,36d46c523aa62ecf,449,449,0,0,273,176,9.1,93,131,12,45,true,1716,105,177,114,81,5,3,0,1,2,1,649,481,166,6,london-link-031-b-departure,true,1034,288.17208611729774,1234.4333333333334,723.3833333333333,667.4968077208612,1204.3166666666666,1935.9166666666667,2159725.920854934,1438510.7480133772,60.02178621380661,1.0575214957528605,2283956.5860516755,2264697.792482738,1.008190060734031,1.3160088043217248,21,0
profile,tfl-numbat-2019-midweek,interpeak,4,14.966666666666667,1,2,off,free-flow,4,destination,4,940GZZLUEUS,0,3900,3553,1800,1796,8d49fb9d3816ddc8,449,449,0,0,279,170,9.3,93,131,12.4,39,true,1753,103,170,114,82,4,4,0,1,2,2,672,533,139,5,london-link-047-a-arrival,true,998,297.93006681514476,1058.8166666666666,671.1333333333333,663.1322568671121,1185.2666666666667,1764.2833333333333,2180760.9063835037,1488674.4770138294,59.430421264550354,1.0086155531209187,2199549.3676339155,2199549.3676339155,1,1,0,0
profile,tfl-numbat-2019-midweek,interpeak,4,14.966666666666667,1,2,off,free-flow,4,drop-offs,30,940GZZLUEUS,0,3900,3170,1800,1796,8d49fb9d3816ddc8,449,449,0,0,292,157,9.733333333333333,96,128,13.066666666666666,29,true,1370,89,158,114,77,3,4,0,1,2,2,501,398,102,6,london-link-048-a-departure,true,615,249.2488864142539,862.5833333333334,622.2333333333333,618.4601336302895,1132.5166666666667,1734.8833333333334,2110068.425601089,1281646.5149112581,62.212434199506916,1.0544807373180956,2225026.5090481713,2202849.367633916,1.00924611382465,1.2798377144753803,27,0
profile,tfl-numbat-2019-midweek,interpeak,4,14.966666666666667,1,3,off,free-flow,4,destination,4,940GZZLUEUS,0,3900,3659,1800,1796,1a5ec5d35ff01181,449,449,0,0,270,179,9,93,131,11.8,48,true,1859,103,179,114,83,4,4,0,0,2,2,553,428,122,6,london-link-087-a-arrival,true,1140,289.84565701559023,1223.2333333333333,694.55,656.9383444691907,1212.7666666666667,1946.2666666666667,2194997.294793206,1417468.9355298893,60.76173879131011,1.0074753583214107,2211405.6859010374,2211405.6859010374,1,1,0,0
profile,tfl-numbat-2019-midweek,interpeak,4,14.966666666666667,1,3,off,free-flow,4,drop-offs,29,940GZZLUEUS,0,3900,3168,1800,1796,1a5ec5d35ff01181,449,449,0,0,283,166,9.433333333333334,93,131,12.666666666666666,35,true,1368,83,168,114,83,4,4,0,1,2,2,576,463,113,6,london-link-048-a-departure,true,861,248.48812175204156,1056.8,602.95,619.6514476614699,1114.2833333333333,1748.7666666666667,2125736.6701569133,1234147.1872293828,63.268159269367,1.0510795142624814,2234318.2665436035,2211855.685901037,1.0101697093392836,1.560601400908839,26,0
profile,tfl-numbat-2019-midweek,pm-peak,60,0.9666666666666667,1,1,off,free-flow,4,destination,0,940GZZLUEUS,0,3900,2204,1800,1740,2c415a5861bb3fb7,29,29,0,0,22,7,0.7333333333333333,9,5,0.8666666666666667,2,true,404,3,9,9,9,0,1,0,0,1,1,0,0,0,2,940GZZLUBNK-01-departure,true,0,42.15459770114943,192.35,168.25,377.85689655172416,703.35,943.1666666666666,131267.39955796878,37471.92254563283,77.79301109042856,1,131267.39955727046,131267.39955727046,1,1,0,0
profile,tfl-numbat-2019-midweek,pm-peak,60,0.9666666666666667,1,1,off,free-flow,4,drop-offs,0,940GZZLUEUS,0,3900,2204,1800,1740,2c415a5861bb3fb7,29,29,0,0,22,7,0.7333333333333333,9,5,0.8666666666666667,2,true,404,3,9,9,9,0,1,0,0,1,1,0,0,0,2,940GZZLUBNK-01-departure,true,0,42.15459770114943,192.35,168.25,377.85689655172416,703.35,943.1666666666666,131267.39955796878,37471.92254563283,77.79301109042856,1,131267.39955727046,131267.39955727046,1,1,0,0
profile,tfl-numbat-2019-midweek,pm-peak,60,0.9666666666666667,1,2,off,free-flow,4,destination,0,940GZZLUEUS,0,3900,2320,1800,1740,42d62660e617f50f,29,29,0,0,25,4,0.8333333333333334,8,6,1.1333333333333333,-2,true,520,2,8,8,7,0,1,0,0,2,1,0,0,0,3,940GZZLUTCR-01-arrival,true,0,20.366666666666667,105.91666666666667,104.43333333333334,350.2385057471264,690.9,699.7833333333333,128802.70380285068,62852.55740678784,67.20540985408287,1,128802.70380212447,128802.70380212447,1,1,0,0
profile,tfl-numbat-2019-midweek,pm-peak,60,0.9666666666666667,1,2,off,free-flow,4,drop-offs,0,940GZZLUEUS,0,3900,2320,1800,1740,42d62660e617f50f,29,29,0,0,25,4,0.8333333333333334,8,6,1.1333333333333333,-2,true,520,2,8,8,7,0,1,0,0,2,1,0,0,0,3,940GZZLUTCR-01-arrival,true,0,20.366666666666667,105.91666666666667,104.43333333333334,350.2385057471264,690.9,699.7833333333333,128802.70380285068,62852.55740678784,67.20540985408287,1,128802.70380212447,128802.70380212447,1,1,0,0
profile,tfl-numbat-2019-midweek,pm-peak,60,0.9666666666666667,1,3,off,free-flow,4,destination,0,940GZZLUEUS,0,3900,2192,1800,1740,36bbc24bd6f4e5a1,29,29,0,0,23,6,0.7666666666666667,7,7,1.0666666666666667,-1,true,392,2,10,10,9,0,1,0,0,1,1,0,0,0,2,940GZZLUKSX-01-arrival,true,0,29.633333333333333,125.43333333333334,123.51666666666667,411.90000000000003,695.6333333333333,723.1,150107.48061761967,40639.634224577014,78.6944959779875,1,150107.48061648617,150107.48061648617,1,1,0,0
profile,tfl-numbat-2019-midweek,pm-peak,60,0.9666666666666667,1,3,off,free-flow,4,drop-offs,0,940GZZLUEUS,0,3900,2192,1800,1740,36bbc24bd6f4e5a1,29,29,0,0,23,6,0.7666666666666667,7,7,1.0666666666666667,-1,true,392,2,10,10,9,0,1,0,0,1,1,0,0,0,2,940GZZLUKSX-01-arrival,true,0,29.633333333333333,125.43333333333334,123.51666666666667,411.90000000000003,695.6333333333333,723.1,150107.48061761967,40639.634224577014,78.6944959779875,1,150107.48061648617,150107.48061648617,1,1,0,0
profile,tfl-numbat-2019-midweek,pm-peak,30,1.9666666666666666,1,1,off,free-flow,4,destination,0,940GZZLUEUS,0,3900,2509,1800,1770,af2d0ae536676bd0,59,59,0,0,44,15,1.4666666666666666,18,11,1.7333333333333334,4,true,709,5,16,16,14,1,1,0,0,2,1,5,5,0,3,london-link-030-a-arrival,true,99,50.89576271186441,197.7,168.25,402.3898305084746,853.1,943.1666666666666,279945.8872068711,122185.61354115253,69.61550803310128,1,279945.8872037958,279945.8872037958,1,1,0,0
profile,tfl-numbat-2019-midweek,pm-peak,30,1.9666666666666666,1,1,off,free-flow,4,drop-offs,0,940GZZLUEUS,0,3900,2509,1800,1770,af2d0ae536676bd0,59,59,0,0,44,15,1.4666666666666666,18,11,1.7333333333333334,4,true,709,5,16,16,14,1,1,0,0,2,1,5,5,0,3,london-link-030-a-arrival,true,99,50.89576271186441,197.7,168.25,402.3898305084746,853.1,943.1666666666666,279945.8872068711,122185.61354115253,69.61550803310128,1,279945.8872037958,279945.8872037958,1,1,0,0
profile,tfl-numbat-2019-midweek,pm-peak,30,1.9666666666666666,1,2,off,free-flow,4,destination,0,940GZZLUEUS,0,3900,2712,1800,1770,491be4b064701a89,59,59,0,0,43,16,1.4333333333333333,19,10,1.6,6,true,912,4,17,17,16,1,1,0,0,2,1,13,10,3,2,940GZZLUBNK-01-arrival,true,55,36.59378531073446,150.4,112.25,414.77683615819205,699.7833333333333,971.6833333333333,301663.43136114074,157622.02973436873,65.68103214972206,1,301663.43135761685,301663.43135761685,1,1,0,0
profile,tfl-numbat-2019-midweek,pm-peak,30,1.9666666666666666,1,2,off,free-flow,4,drop-offs,0,940GZZLUEUS,0,3900,2712,1800,1770,491be4b064701a89,59,59,0,0,43,16,1.4333333333333333,19,10,1.6,6,true,912,4,17,17,16,1,1,0,0,2,1,13,10,3,2,940GZZLUBNK-01-arrival,true,55,36.59378531073446,150.4,112.25,414.77683615819205,699.7833333333333,971.6833333333333,301663.43136114074,157622.02973436873,65.68103214972206,1,301663.43135761685,301663.43135761685,1,1,0,0
profile,tfl-numbat-2019-midweek,pm-peak,30,1.9666666666666666,1,3,off,free-flow,4,destination,0,940GZZLUEUS,0,3900,2492,1800,1770,97a0bbc389019b5e,59,59,0,0,44,15,1.4666666666666666,16,13,1.8666666666666667,2,true,692,5,17,17,15,1,1,0,0,2,1,14,12,2,3,940GZZLUKSX-01-arrival,true,106,55.77655367231638,194.1,158.31666666666666,420.90112994350284,778.65,795.9666666666667,290771.7058823621,152413.75295452072,65.60948697312347,1,290771.7058789175,290771.7058789175,1,1,0,0
profile,tfl-numbat-2019-midweek,pm-peak,30,1.9666666666666666,1,3,off,free-flow,4,drop-offs,0,940GZZLUEUS,0,3900,2492,1800,1770,97a0bbc389019b5e,59,59,0,0,44,15,1.4666666666666666,16,13,1.8666666666666667,2,true,692,5,17,17,15,1,1,0,0,2,1,14,12,2,3,940GZZLUKSX-01-arrival,true,106,55.77655367231638,194.1,158.31666666666666,420.90112994350284,778.65,795.9666666666667,290771.7058823621,152413.75295452072,65.60948697312347,1,290771.7058789175,290771.7058789175,1,1,0,0
profile,tfl-numbat-2019-midweek,pm-peak,20,2.966666666666667,1,1,off,free-flow,4,destination,0,940GZZLUEUS,0,3900,2512,1800,1780,2436c9d379b10cb9,89,89,0,0,68,21,2.2666666666666666,25,19,2.8666666666666667,2,true,712,6,25,25,23,1,1,0,0,2,1,19,16,3,4,940GZZLUKSX-01-arrival,true,226,48.466479400749066,245.53333333333333,158.31666666666666,407.223595505618,835.1833333333333,943.1666666666666,430792.38444089034,204544.41963548798,67.80535641519387,1,430792.38443536265,430792.38443536265,1,1,0,0
profile,tfl-numbat-2019-midweek,pm-peak,20,2.966666666666667,1,1,off,free-flow,4,drop-offs,0,940GZZLUEUS,0,3900,2512,1800,1780,2436c9d379b10cb9,89,89,0,0,68,21,2.2666666666666666,25,19,2.8666666666666667,2,true,712,6,25,25,23,1,1,0,0,2,1,19,16,3,4,940GZZLUKSX-01-arrival,true,226,48.466479400749066,245.53333333333333,158.31666666666666,407.223595505618,835.1833333333333,943.1666666666666,430792.38444089034,204544.41963548798,67.80535641519387,1,430792.38443536265,430792.38443536265,1,1,0,0
profile,tfl-numbat-2019-midweek,pm-peak,20,2.966666666666667,1,2,off,free-flow,4,destination,1,940GZZLUEUS,0,3900,2225,1800,1780,fe3e8bbb848e718e,89,89,0,0,68,21,2.2666666666666666,26,18,2.8,3,true,425,6,27,27,23,1,1,0,0,2,1,10,7,3,3,london-link-030-a-arrival,true,96,37.151685393258425,159.33333333333334,148.33333333333334,398.4784644194757,690.9,966.3166666666667,431155.64566061867,169282.39239111138,71.80685072178471,1.006677593598931,434034.7278345552,434034.7278345552,1,1,0,0
profile,tfl-numbat-2019-midweek,pm-peak,20,2.966666666666667,1,2,off,free-flow,4,drop-offs,1,940GZZLUEUS,0,3900,2225,1800,1780,fe3e8bbb848e718e,89,89,0,0,68,21,2.2666666666666666,26,18,2.8,3,true,425,6,27,27,23,1,1,0,0,2,1,10,7,3,3,london-link-030-a-arrival,true,96,37.151685393258425,159.33333333333334,148.33333333333334,398.4784644194757,690.9,966.3166666666667,431155.64566061867,169282.39239111138,71.80685072178471,1.006677593598931,434034.7278345552,434034.7278345552,1,1,0,0
profile,tfl-numbat-2019-midweek,pm-peak,20,2.966666666666667,1,3,off,free-flow,4,destination,0,940GZZLUEUS,0,3900,2374,1800,1780,46810ad37025e12d,89,89,0,0,69,20,2.3,24,20,3,0,true,574,6,27,27,24,1,1,0,0,2,1,9,6,3,3,940GZZLUWLO-01-arrival,true,88,61.49288389513109,210.26666666666668,163.68333333333334,424.22715355805246,765.45,901.6166666666667,435441.292907866,184742.860489701,70.21161223200875,1,435441.2929021865,435441.2929021865,1,1,0,0
profile,tfl-numbat-2019-midweek,pm-peak,20,2.966666666666667,1,3,off,free-flow,4,drop-offs,0,940GZZLUEUS,0,3900,2374,1800,1780,46810ad37025e12d,89,89,0,0,69,20,2.3,24,20,3,0,true,574,6,27,27,24,1,1,0,0,2,1,9,6,3,3,940GZZLUWLO-01-arrival,true,88,61.49288389513109,210.26666666666668,163.68333333333334,424.22715355805246,765.45,901.6166666666667,435441.292907866,184742.860489701,70.21161223200875,1,435441.2929021865,435441.2929021865,1,1,0,0
profile,tfl-numbat-2019-midweek,pm-peak,15,3.966666666666667,1,1,off,free-flow,4,destination,0,940GZZLUEUS,0,3900,2417,1800,1785,0208aa8245ceb755,119,119,0,0,92,27,3.066666666666667,32,27,4,0,true,617,6,33,33,29,1,1,0,0,2,1,20,15,5,3,940GZZLUKSX-01-departure,true,172,52.63977591036414,216.5,165.28333333333333,412.9550420168067,829.8333333333334,943.1666666666666,578578.932636765,201976.84871997748,74.12396992705551,1,578578.9326420825,578578.9326420825,1,1,0,0
profile,tfl-numbat-2019-midweek,pm-peak,15,3.966666666666667,1,1,off,free-flow,4,drop-offs,0,940GZZLUEUS,0,3900,2417,1800,1785,0208aa8245ceb755,119,119,0,0,92,27,3.066666666666667,32,27,4,0,true,617,6,33,33,29,1,1,0,0,2,1,20,15,5,3,940GZZLUKSX-01-departure,true,172,52.63977591036414,216.5,165.28333333333333,412.9550420168067,829.8333333333334,943.1666666666666,578578.932636765,201976.84871997748,74.12396992705551,1,578578.9326420825,578578.9326420825,1,1,0,0
profile,tfl-numbat-2019-midweek,pm-peak,15,3.966666666666667,1,2,off,free-flow,4,destination,0,940GZZLUEUS,0,3900,2512,1800,1785,613074b0e2e84676,119,119,0,0,92,27,3.066666666666667,32,27,4,0,true,712,7,36,36,33,1,1,0,0,2,1,50,43,7,4,london-link-120-a-arrival,true,150,50.42955182072829,174.75,149.23333333333332,420.47661064425773,720.3833333333333,966.3166666666667,593687.9612781269,263237.4852363733,69.28116835518443,1,593687.9612868837,593687.9612868837,1,1,0,0
profile,tfl-numbat-2019-midweek,pm-peak,15,3.966666666666667,1,2,off,free-flow,4,drop-offs,0,940GZZLUEUS,0,3900,2512,1800,1785,613074b0e2e84676,119,119,0,0,92,27,3.066666666666667,32,27,4,0,true,712,7,36,36,33,1,1,0,0,2,1,50,43,7,4,london-link-120-a-arrival,true,150,50.42955182072829,174.75,149.23333333333332,420.47661064425773,720.3833333333333,966.3166666666667,593687.9612781269,263237.4852363733,69.28116835518443,1,593687.9612868837,593687.9612868837,1,1,0,0
profile,tfl-numbat-2019-midweek,pm-peak,15,3.966666666666667,1,3,off,free-flow,4,destination,0,940GZZLUEUS,0,3900,2624,1800,1785,51241ebba9303aac,119,119,0,0,87,32,2.9,33,26,3.6,6,true,824,9,35,35,31,1,1,0,0,2,1,11,9,2,4,london-link-044-a-departure,true,160,70.20196078431373,218.25,172.98333333333332,453.4235294117647,795.9666666666667,939.2,616569.1479345827,253389.26554899916,70.87340479479353,1,616569.1479486354,616569.1479486354,1,1,0,0
profile,tfl-numbat-2019-midweek,pm-peak,15,3.966666666666667,1,3,off,free-flow,4,drop-offs,1,940GZZLUEUS,0,3900,2624,1800,1785,51241ebba9303aac,119,119,0,0,87,32,2.9,33,26,3.6,6,true,824,9,35,35,31,1,1,0,0,2,1,11,9,2,4,london-link-044-a-departure,true,160,68.96890756302521,218.25,172.98333333333332,452.7312324929972,795.9666666666667,939.2,615948.4382234473,257321.371836527,70.53357749549882,1.0024402573898306,617451.5109655195,616569.1479486354,1.0010455782637686,1.124423813388458,1,0
profile,tfl-numbat-2019-midweek,pm-peak,12,4.966666666666667,1,1,off,free-flow,4,destination,0,940GZZLUEUS,0,3900,2262,1800,1788,d813e5a9585edb2f,149,149,0,0,112,37,3.7333333333333334,40,34,4.8,3,true,462,8,41,40,37,1,1,0,0,2,1,31,23,8,4,london-link-048-a-arrival,true,61,53.705033557046974,252.53333333333333,166.78333333333333,410.02852348993287,789.6666666666666,943.1666666666666,715789.9795161893,232355.14963538497,75.49371478148048,1,715789.9795526684,715789.9795526684,1,1,0,0
profile,tfl-numbat-2019-midweek,pm-peak,12,4.966666666666667,1,1,off,free-flow,4,drop-offs,0,940GZZLUEUS,0,3900,2262,1800,1788,d813e5a9585edb2f,149,149,0,0,112,37,3.7333333333333334,40,34,4.8,3,true,462,8,41,40,37,1,1,0,0,2,1,31,23,8,4,london-link-048-a-arrival,true,61,53.705033557046974,252.53333333333333,166.78333333333333,410.02852348993287,789.6666666666666,943.1666666666666,715789.9795161893,232355.14963538497,75.49371478148048,1,715789.9795526684,715789.9795526684,1,1,0,0
profile,tfl-numbat-2019-midweek,pm-peak,12,4.966666666666667,1,2,off,free-flow,4,destination,0,940GZZLUEUS,0,3900,2268,1800,1788,297a5298546de8ab,149,149,0,0,110,39,3.6666666666666665,36,38,4.933333333333334,1,true,468,10,44,43,36,1,1,0,0,2,1,20,15,5,3,london-link-010-a-departure,true,162,68.0976510067114,219.31666666666666,184.35,430.926062639821,699.7833333333333,971.6833333333333,729968.9479192976,248746.3739439565,74.58439973429667,1,729968.9479590331,729968.9479590331,1,1,0,0
profile,tfl-numbat-2019-midweek,pm-peak,12,4.966666666666667,1,2,off,free-flow,4,drop-offs,0,940GZZLUEUS,0,3900,2268,1800,1788,297a5298546de8ab,149,149,0,0,110,39,3.6666666666666665,36,38,4.933333333333334,1,true,468,10,44,43,36,1,1,0,0,2,1,20,15,5,3,london-link-010-a-departure,true,162,68.0976510067114,219.31666666666666,184.35,430.926062639821,699.7833333333333,971.6833333333333,729968.9479192976,248746.3739439565,74.58439973429667,1,729968.9479590331,729968.9479590331,1,1,0,0
profile,tfl-numbat-2019-midweek,pm-peak,12,4.966666666666667,1,3,off,free-flow,4,destination,0,940GZZLUEUS,0,3900,2779,1800,1788,48123429dd3fca57,149,149,0,0,108,41,3.6,39,35,4.6,6,true,979,11,47,45,37,1,1,0,0,2,1,47,41,6,3,940GZZLUKSX-01-arrival,true,227,82.9582774049217,306.5,187.9,459.77483221476507,808.3333333333334,1074.9,758196.3758365477,304762.2033821076,71.32887307743187,1,758196.3758827227,758196.3758827227,1,1,0,0
profile,tfl-numbat-2019-midweek,pm-peak,12,4.966666666666667,1,3,off,free-flow,4,drop-offs,0,940GZZLUEUS,0,3900,2779,1800,1788,48123429dd3fca57,149,149,0,0,108,41,3.6,39,35,4.6,6,true,979,11,47,45,37,1,1,0,0,2,1,47,41,6,3,940GZZLUKSX-01-arrival,true,227,82.9582774049217,306.5,187.9,459.77483221476507,808.3333333333334,1074.9,758196.3758365477,304762.2033821076,71.32887307743187,1,758196.3758827227,758196.3758827227,1,1,0,0
profile,tfl-numbat-2019-midweek,pm-peak,10,5.966666666666667,1,1,off,free-flow,4,destination,0,940GZZLUEUS,0,3900,2671,1800,1790,7f3d0ffd68c0d35b,179,179,0,0,134,45,4.466666666666667,50,39,5.6,6,true,871,12,48,48,42,1,1,0,0,2,1,20,12,8,4,940GZZLUVIC-01-arrival,true,147,62.48202979515828,258.31666666666666,170.65,415.8134078212291,789.2833333333333,943.1666666666666,852443.7446752338,309455.06712931104,73.3664357011695,1,852443.7447427212,852443.7447427212,1,1,0,0
profile,tfl-numbat-2019-midweek,pm-peak,10,5.966666666666667,1,1,off,free-flow,4,drop-offs,0,940GZZLUEUS,0,3900,2671,1800,1790,7f3d0ffd68c0d35b,179,179,0,0,134,45,4.466666666666667,50,39,5.6,6,true,871,12,48,48,42,1,1,0,0,2,1,20,12,8,4,940GZZLUVIC-01-arrival,true,147,62.48202979515828,258.31666666666666,170.65,415.8134078212291,789.2833333333333,943.1666666666666,852443.7446752338,309455.06712931104,73.3664357011695,1,852443.7447427212,852443.7447427212,1,1,0,0
profile,tfl-numbat-2019-midweek,pm-peak,10,5.966666666666667,1,2,off,free-flow,4,destination,0,940GZZLUEUS,0,3900,2676,1800,1790,d381100ff1da349a,179,179,0,0,134,45,4.466666666666667,40,49,6.266666666666667,-4,true,876,13,52,50,41,2,1,0,0,2,1,65,52,13,4,london-link-048-a-arrival,true,188,78.04916201117318,324.8,196.31666666666666,452.18351955307264,762.45,1025.2,904429.2589292651,382681.7627411607,70.26816208562084,1,904429.2590089331,904429.2590089331,1,1,0,0
profile,tfl-numbat-2019-midweek,pm-peak,10,5.966666666666667,1,2,off,free-flow,4,drop-offs,0,940GZZLUEUS,0,3900,2676,1800,1790,d381100ff1da349a,179,179,0,0,134,45,4.466666666666667,40,49,6.266666666666667,-4,true,876,13,52,50,41,2,1,0,0,2,1,65,52,13,4,london-link-048-a-arrival,true,188,78.04916201117318,324.8,196.31666666666666,452.18351955307264,762.45,1025.2,904429.2589292651,382681.7627411607,70.26816208562084,1,904429.2590089331,904429.2590089331,1,1,0,0
profile,tfl-numbat-2019-midweek,pm-peak,10,5.966666666666667,1,3,off,free-flow,4,destination,0,940GZZLUEUS,0,3900,2567,1800,1790,21d3f2b5bd5d97ab,179,179,0,0,131,48,4.366666666666666,43,46,5.866666666666666,2,true,767,17,55,54,43,2,2,0,0,2,2,71,56,15,4,london-link-010-a-arrival,true,140,91.69487895716946,324.28333333333336,225.91666666666666,471.2810986964618,801.3166666666667,1078.3,916934.2091758649,346960.58516755333,72.54830174786849,1,916934.2092580349,916934.2092580349,1,1,0,0
profile,tfl-numbat-2019-midweek,pm-peak,10,5.966666666666667,1,3,off,free-flow,4,drop-offs,2,940GZZLUEUS,0,3900,2567,1800,1790,21d3f2b5bd5d97ab,179,179,0,0,131,48,4.366666666666666,43,46,5.866666666666666,2,true,767,17,55,53,44,2,2,0,0,2,2,68,52,16,5,london-link-081-a-arrival,true,140,89.2050279329609,304.3333333333333,225.43333333333334,469.2113594040968,801.3166666666667,1074.75,912535.2466459377,335482.4281157976,73.11877588754133,1.0059865246440338,917998.1614702048,916484.2092580349,1.0011626294151263,1.1391412272152763,2,0
profile,tfl-numbat-2019-midweek,pm-peak,8.571429,7,1,1,off,free-flow,4,destination,1,940GZZLUEUS,0,3900,2416,1800,1799,a956252f9cc231f2,210,210,0,0,159,51,5.3,54,51,7,0,true,616,16,56,56,48,2,2,0,0,2,1,58,48,10,3,940GZZLUFPK-01-departure,true,218,77.9684126984127,369.98333333333335,177.55,421.94119047619046,770.3,943.1666666666666,969473.9254565571,330801.04498390364,74.55914691091479,1.003000806806505,972383.1295049076,972383.1295049076,1,1,0,0
profile,tfl-numbat-2019-midweek,pm-peak,8.571429,7,1,1,off,free-flow,4,drop-offs,2,940GZZLUEUS,0,3900,2416,1800,1799,a956252f9cc231f2,210,210,0,0,159,51,5.3,54,51,7,0,true,616,17,56,56,47,1,1,0,0,2,1,57,47,9,3,940GZZLUFPK-01-departure,true,218,77.95674603174602,369.98333333333335,178.73333333333332,422.13126984126984,770.3,943.1666666666666,967310.7059440628,330942.79852068797,74.50861504455324,1.0060304892143686,973144.062817207,972383.1295049078,1.0004850499051363,1.101860480078655,1,0
profile,tfl-numbat-2019-midweek,pm-peak,8.571429,7,1,2,off,free-flow,4,destination,0,940GZZLUEUS,0,3900,2599,1800,1799,6d4c4c3b2c45e61e,210,210,0,0,151,59,5.033333333333333,48,57,6.866666666666666,2,true,799,21,62,60,46,2,1,0,0,2,1,103,83,20,5,london-link-048-a-arrival,true,226,98.25126984126983,440.1666666666667,247.7,474.05817460317456,806.6833333333333,1025.2,1064306.6992445902,439417.1819997481,70.77806720498923,1,1064306.6993527254,1064306.6993527254,1,1,0,0
profile,tfl-numbat-2019-midweek,pm-peak,8.571429,7,1,2,off,free-flow,4,drop-offs,0,940GZZLUEUS,0,3900,2599,1800,1799,6d4c4c3b2c45e61e,210,210,0,0,151,59,5.033333333333333,48,57,6.866666666666666,2,true,799,21,62,60,46,2,1,0,0,2,1,103,83,20,5,london-link-048-a-arrival,true,226,98.25126984126983,440.1666666666667,247.7,474.05817460317456,806.6833333333333,1025.2,1064306.6992445902,439417.1819997481,70.77806720498923,1,1064306.6993527254,1064306.6993527254,1,1,0,0
profile,tfl-numbat-2019-midweek,pm-peak,8.571429,7,1,3,off,free-flow,4,destination,0,940GZZLUEUS,0,3900,2628,1800,1799,8a8893745def8e7a,210,210,0,0,150,60,5,46,59,6.933333333333334,1,true,828,23,66,65,49,2,2,0,0,1,1,104,84,20,4,940GZZLUKSX-01-arrival,true,231,109.85349206349206,394.93333333333334,251.48333333333332,487.00150793650795,859.3,1078.3666666666666,1068853.757230541,438948.1772376395,70.88820705138161,1,1068853.7573374282,1068853.7573374282,1,1,0,0
profile,tfl-numbat-2019-midweek,pm-peak,8.571429,7,1,3,off,free-flow,4,drop-offs,1,940GZZLUEUS,0,3900,2638,1800,1799,8a8893745def8e7a,210,210,0,0,151,59,5.033333333333333,47,58,6.933333333333334,1,true,838,21,64,63,47,2,2,0,0,1,1,69,59,10,4,940GZZLUKSX-01-arrival,true,259,107.48428571428572,335.1333333333333,239.15,484.66309523809525,854.3166666666667,1045.3,1066495.2178539832,452529.88658391696,70.20918974532873,1.0027698972576877,1069449.3001410943,1068553.7573374284,1.0003945037708977,1.0828457918885008,1,0
profile,tfl-numbat-2019-midweek,pm-peak,7.5,7.966666666666667,1,1,off,free-flow,4,destination,1,940GZZLUEUS,0,3900,2501,1800,1792.5,812d6bdfeff7cdd8,239,239,0,0,182,57,6.066666666666666,59,60,8.2,-3,true,701,21,66,65,51,1,2,0,0,1,1,62,51,11,3,940GZZLUBXN-01-arrival,true,241.5,98.26882845188285,428.6333333333333,236.65,445.81352859135285,807.75,943.1666666666666,1115501.8591212549,488934.5908274032,69.52608557085267,1.0026213787104192,1118426.0120411178,1118426.0120411178,1,1,0,0
profile,tfl-numbat-2019-midweek,pm-peak,7.5,7.966666666666667,1,1,off,free-flow,4,drop-offs,3,940GZZLUEUS,0,3900,2509,1800,1792.5,812d6bdfeff7cdd8,239,239,0,0,183,56,6.1,59,60,8.266666666666667,-4,true,709,21,67,64,51,1,2,0,0,1,1,64,52,12,3,940GZZLUBXN-01-arrival,true,241.5,98.2907949790795,428.6333333333333,236.65,446.4981171548117,814.4333333333333,943.1666666666666,1109992.172025773,484013.4888716293,69.63539711652362,1.0092763893842516,1120288.8917240323,1118501.0120411178,1.0012725872009902,1.15855558656336,2,0
profile,tfl-numbat-2019-midweek,pm-peak,7.5,7.966666666666667,1,2,off,free-flow,4,destination,1,940GZZLUEUS,0,3900,2505,1800,1792.5,fe5cdc606d6c3375,239,239,0,0,169,70,5.633333333333334,62,57,7.133333333333334,13,true,705,22,71,69,55,2,1,0,1,2,1,223,166,57,4,london-link-017-a-departure,true,223.5,104.6897489539749,485.28333333333336,266.75,478.2198047419805,808.6666666666666,1025.2,1199210.281381353,494813.5253971987,70.79063922140722,1.001936742459864,1201532.8429246533,1201532.8429246533,1,1,0,0
profile,tfl-numbat-2019-midweek,pm-peak,7.5,7.966666666666667,1,2,off,free-flow,4,drop-offs,2,940GZZLUEUS,0,3900,2505,1800,1792.5,fe5cdc606d6c3375,239,239,0,0,167,72,5.566666666666666,61,58,7.066666666666666,14,true,705,22,73,71,56,1,1,0,1,2,1,144,118,26,5,london-link-048-a-arrival,true,223.5,105.28082287308229,339.55,289.2,478.7781032078103,806.5166666666667,1025.2,1197226.7420050043,500259.92747583054,70.52937519510348,1.0044700335048282,1202578.3857283194,1201682.8429246536,1.0010114655115,1.2417402572485177,1,0
profile,tfl-numbat-2019-midweek,pm-peak,7.5,7.966666666666667,1,3,off,free-flow,4,destination,3,940GZZLUEUS,0,3900,2646,1800,1792.5,1d267e2d1193cfce,239,239,0,0,170,69,5.666666666666667,55,64,7.666666666666667,5,true,846,25,75,72,53,2,1,0,0,1,1,133,101,32,4,940GZZLUKSX-01-arrival,true,259.5,120.1881450488145,354.35,289.23333333333335,494.9189679218968,834.7333333333333,1005.1,1191894.1442290356,527857.363331777,69.30618400326587,1.0125847407415285,1206893.8231010346,1206893.8231010346,1,1,0,0
profile,tfl-numbat-2019-midweek,pm-peak,7.5,7.966666666666667,1,3,off,free-flow,4,drop-offs,4,940GZZLUEUS,0,3900,2646,1800,1792.5,1d267e2d1193cfce,239,239,0,0,170,69,5.666666666666667,55,64,7.666666666666667,5,true,846,25,75,71,53,2,1,0,0,1,1,130,99,31,4,940GZZLUKSX-01-arrival,true,259.5,119.07203626220362,354.35,289.23333333333335,494.0112970711297,834.7333333333333,1006.7166666666667,1190734.8376027707,524716.9045387106,69.4123191198791,1.014194560844431,1207636.7957806902,1206893.8231010346,1.0011698522876065,1.2795946967379324,1,0
profile,tfl-numbat-2019-midweek,pm-peak,6.666667,8.966666666666667,1,1,off,free-flow,4,destination,1,940GZZLUEUS,0,3900,2591,1800,1793.3333333333333,5a33a9c6710baada,269,269,0,0,201,68,6.7,64,70,9.133333333333333,-2,true,791,28,78,77,56,2,2,0,0,2,2,247,187,58,4,london-link-020-a-arrival,true,267.6666666666667,115.9590458488228,449.1,288.03333333333336,467.2999380421314,825.8166666666667,943.1666666666666,1265453.007576007,583197.7069785212,68.45279087136505,1.0022514884456393,1268302.1604566963,1268302.1604566963,1,1,0,0
profile,tfl-numbat-2019-midweek,pm-peak,6.666667,8.966666666666667,1,1,off,free-flow,4,drop-offs,5,940GZZLUEUS,0,3900,2582,1800,1793.3333333333333,5a33a9c6710baada,269,269,0,0,202,67,6.733333333333333,65,69,9.133333333333333,-2,true,782,24,76,72,57,2,1,0,0,2,1,256,201,53,5,london-link-048-a-arrival,true,268.6666666666667,107.21047087980173,449.1,265.4,458.57453531598514,813.1166666666667,943.1666666666666,1252679.5312581484,579656.8380329568,68.36515130367604,1.013076392307381,1269060.0603040792,1266427.1604566963,1.0020870833893158,1.2426979892562182,3,0
profile,tfl-numbat-2019-midweek,pm-peak,6.666667,8.966666666666667,1,2,off,free-flow,4,destination,0,940GZZLUEUS,0,3900,2518,1800,1793.3333333333333,6c68acf7e422f94a,269,269,0,0,188,81,6.266666666666667,68,66,8,15,true,718,30,87,83,69,3,2,0,0,2,2,188,157,31,5,london-link-121-a-arrival,true,231.66666666666666,119.44368029739778,402.26666666666665,307.8,490.947521685254,830.7333333333333,1085.7833333333333,1345127.1070727287,596890.5105901626,69.26441319783252,1,1345127.1071078833,1345127.1071078833,1,1,0,0
profile,tfl-numbat-2019-midweek,pm-peak,6.666667,8.966666666666667,1,2,off,free-flow,4,drop-offs,1,940GZZLUEUS,0,3900,2558,1800,1793.3333333333333,6c68acf7e422f94a,269,269,0,0,187,82,6.233333333333333,68,66,7.933333333333334,16,true,758,31,87,84,67,3,2,0,0,2,2,260,224,36,6,london-link-048-a-arrival,true,395.6666666666667,122.6305452292441,450.4166666666667,307.8,494.69070631970254,830.7333333333333,1093.5666666666666,1343068.567696489,600349.1138345586,69.10859052380358,1.0021995021330572,1346022.649911549,1345277.107107883,1.0007481401012646,1.2012496872402003,1,0
profile,tfl-numbat-2019-midweek,pm-peak,6.666667,8.966666666666667,1,3,off,free-flow,4,destination,3,940GZZLUEUS,0,3900,2754,1800,1793.3333333333333,43d49a40dceca89e,269,269,0,0,190,79,6.333333333333333,65,69,8.333333333333334,10,true,954,31,88,83,62,2,2,0,1,1,2,209,158,51,5,940GZZLUVIC-01-arrival,true,275.6666666666667,137.65241635687732,465.56666666666666,322.3833333333333,518.5365551425032,918.7666666666667,1111.3833333333334,1369385.4578756334,647402.8713345646,67.89931486820451,1.007618039919943,1379817.490988432,1379817.490988432,1,1,0,0
profile,tfl-numbat-2019-midweek,pm-peak,6.666667,8.966666666666667,1,3,off,free-flow,4,drop-offs,7,940GZZLUEUS,0,3900,2788,1800,1793.3333333333333,43d49a40dceca89e,269,269,0,0,188,81,6.266666666666667,65,69,8.2,12,true,988,29,86,82,64,2,2,0,1,1,1,232,182,50,5,940GZZLUVIC-01-arrival,true,255.66666666666666,129.84857496902106,460.21666666666664,324.15,511.98562577447336,894.85,1114.7333333333333,1360869.236977835,637060.6067696643,68.11396512428408,1.0164514177894046,1383257.4653835653,1380867.4909884317,1.001629943177259,1.1594410414035916,3,0
profile,tfl-numbat-2019-midweek,pm-peak,6,9.966666666666667,1,1,off,free-flow,4,destination,4,940GZZLUEUS,0,3900,2402,1800,1794,458ea89b24e1b419,299,299,0,0,216,83,7.2,72,77,9.6,6,true,602,30,86,84,63,2,1,0,0,1,1,167,130,37,4,940GZZLULVT-01-arrival,true,315,115.92831661092531,415.03333333333336,310.4,463.1988294314382,790.2666666666667,951.8,1383041.311660784,568298.2137954234,70.87650783568485,1.0085004474632604,1394797.7816948886,1394797.7816948886,1,1,0,0
profile,tfl-numbat-2019-midweek,pm-peak,6,9.966666666666667,1,1,off,free-flow,4,drop-offs,7,940GZZLUEUS,0,3900,2402,1800,1794,458ea89b24e1b419,299,299,0,0,218,81,7.266666666666667,73,76,9.666666666666666,5,true,602,30,86,83,62,3,2,0,0,1,1,170,128,40,5,940GZZLUVIC-01-arrival,true,340,118.6777591973244,415.43333333333334,328.4166666666667,467.11599777034553,796.3166666666667,946.45,1376653.1115978267,569779.1457412282,70.72699840475482,1.0158588520377416,1398485.2496287376,1394422.7816948886,1.00255992135863,1.2426979892562182,5,0
profile,tfl-numbat-2019-midweek,pm-peak,6,9.966666666666667,1,2,off,free-flow,4,destination,1,940GZZLUEUS,0,3900,2638,1800,1794,09e4876ac860d23a,299,299,0,0,205,94,6.833333333333333,74,75,8.733333333333333,19,true,838,36,97,93,74,3,3,0,0,2,1,264,199,65,5,london-link-048-a-arrival,true,226,132.55183946488293,485.28333333333336,329.46666666666664,503.19431438127094,843.2333333333333,1147.3166666666666,1488024.8707216436,695284.5298100886,68.15455795496707,1.0019852371003315,1490978.9528992388,1490978.9528992388,1,1,0,0
profile,tfl-numbat-2019-midweek,pm-peak,6,9.966666666666667,1,2,off,free-flow,4,drop-offs,3,940GZZLUEUS,0,3900,2747,1800,1794,09e4876ac860d23a,299,299,0,0,205,94,6.833333333333333,74,75,8.733333333333333,19,true,947,36,98,93,73,2,3,0,0,2,2,199,155,44,5,london-link-048-a-arrival,true,446,132.11655518394647,485.28333333333336,343.3833333333333,502.919397993311,845.2166666666667,1152.6166666666666,1484450.745837195,714122.8665505609,67.51881026285086,1.0053817423737894,1492439.6773166507,1490903.9528992388,1.0006082965650593,1.0954239967566846,2,0
profile,tfl-numbat-2019-midweek,pm-peak,6,9.966666666666667,1,3,off,free-flow,4,destination,2,940GZZLUEUS,0,3900,2791,1800,1794,a1f05cb25706b91b,299,299,0,0,204,95,6.8,72,77,8.8,18,true,991,40,104,100,71,2,2,0,1,1,2,204,166,38,5,940GZZLUWLO-merge,true,325,167.24960981047937,454.55,385.9166666666667,547.6139910813824,947.2833333333333,1124.5,1526951.4113911693,888372.3639190756,63.21932599678214,1.0038810603977475,1532877.6020305061,1532877.6020305061,1,1,0,0
profile,tfl-numbat-2019-midweek,pm-peak,6,9.966666666666667,1,3,off,free-flow,4,drop-offs,6,940GZZLUEUS,0,3900,2794,1800,1794,a1f05cb25706b91b,299,299,0,0,205,94,6.833333333333333,72,77,8.866666666666667,17,true,994,38,102,98,73,2,2,0,1,1,2,191,151,40,5,940GZZLUWLO-merge,true,322,159.2818283166109,453.43333333333334,358.8333333333333,540.6520066889633,947.2833333333333,1102.7166666666667,1516800.5660165774,836864.9593985454,64.44418502280841,1.01281914912086,1536244.6586489773,1533102.6020305057,1.0020750923738713,1.163705613826677,4,0
profile,tfl-numbat-2019-midweek,pm-peak,5.4545449999999995,11,1,1,off,free-flow,4,destination,2,940GZZLUEUS,0,3900,2650,1800,1798.5,e6be3aeada4a3529,330,330,0,0,237,93,7.9,80,85,10.466666666666667,8,true,850,41,100,95,68,2,2,0,0,1,2,158,118,39,5,940GZZLUTCR-01-arrival,true,422.5,143.3070202020202,500.51666666666665,345.6,491.28555555555556,825.8166666666667,959.0666666666667,1537758.8273395027,807789.1242050882,65.56074994445785,1.0031875956713014,1542660.5807057447,1542660.5807057447,1,1,0,0
profile,tfl-numbat-2019-midweek,pm-peak,5.4545449999999995,11,1,1,off,free-flow,4,drop-offs,4,940GZZLUEUS,0,3900,2664,1800,1798.5,e6be3aeada4a3529,330,330,0,0,234,96,7.8,80,85,10.266666666666667,11,true,864,43,101,96,70,3,2,0,0,1,2,268,216,52,6,london-link-127-a-arrival,true,422.5,151.1658585858586,505.8666666666667,359.6333333333333,499.7515656565656,835.2166666666667,1006.2166666666667,1532413.8497919696,820177.5496011766,65.13727161407023,1.007499280661418,1543905.851327242,1542510.5807057447,1.001086993780033,1.217574039697647,2,0
profile,tfl-numbat-2019-midweek,pm-peak,5.4545449999999995,11,1,2,off,free-flow,4,destination,1,940GZZLUEUS,0,3900,2680,1800,1798.5,c43d60b6b9d35f14,330,330,0,0,227,103,7.566666666666666,78,87,9.933333333333334,16,true,880,42,112,107,77,4,3,0,0,2,1,360,298,61,5,london-link-048-a-arrival,true,270.5,160.92136363636365,818.55,417.25,535.2974242424242,893.95,1370.7,1660301.8550059006,865798.7721136755,65.7258795307408,1.001779244039718,1663255.937138634,1663255.937138634,1,1,0,0
profile,tfl-numbat-2019-midweek,pm-peak,5.4545449999999995,11,1,2,off,free-flow,4,drop-offs,2,940GZZLUEUS,0,3900,2680,1800,1798.5,c43d60b6b9d35f14,330,330,0,0,227,103,7.566666666666666,78,87,9.933333333333334,16,true,880,42,112,107,77,4,3,0,0,2,1,359,298,60,5,london-link-048-a-arrival,true,270.5,160.58434343434342,818.55,417.25,535.1570202020202,893.95,1370.7,1657267.953083569,860052.5970348623,65.83460151729982,1.004154223916836,1664152.615204584,1663255.937138634,1.000318915208272,1.1052420187298075,1,0
profile,tfl-numbat-2019-midweek,pm-peak,5.4545449999999995,11,1,3,off,free-flow,4,destination,2,940GZZLUEUS,0,3900,2614,1800,1798.5,1578ce5338dc3b09,330,330,0,0,224,106,7.466666666666667,74,91,10,15,true,814,43,112,107,76,3,2,0,1,2,2,340,260,80,5,940GZZLUKSX-diverge,true,433.5,169.80131313131315,580.3166666666667,375.96666666666664,551.7429797979797,926.05,1059.4,1683438.4643528594,913534.9522152627,64.82309189662438,1.0068513901103326,1694972.357945309,1694972.357945309,1,1,0,0
profile,tfl-numbat-2019-midweek,pm-peak,5.4545449999999995,11,1,3,off,free-flow,4,drop-offs,7,940GZZLUEUS,0,3900,2550,1800,1798.5,1578ce5338dc3b09,330,330,0,0,229,101,7.633333333333334,74,91,10.333333333333334,10,true,750,42,111,105,76,3,2,0,1,2,1,299,216,83,5,940GZZLUKSX-diverge,true,287.5,163.05444444444444,580.3166666666667,375.96666666666664,545.3269696969696,925.5333333333333,1115.9833333333333,1669809.2482292214,850435.0882901335,66.25584765861838,1.0163051500270692,1697035.7384876944,1694597.3579453093,1.0015080677274981,1.2042888434999062,3,0
profile,tfl-numbat-2019-midweek,pm-peak,5,11.966666666666667,1,1,off,free-flow,4,destination,1,940GZZLUEUS,0,3900,3018,1800,1795,d59afaee7896bf92,359,359,0,0,251,108,8.366666666666667,81,98,11.333333333333334,10,true,1218,50,115,110,81,2,3,0,1,2,2,380,315,65,5,london-link-050-a-departure,true,682,166.6488393686165,776.7833333333333,387.4166666666667,517.774233983287,861.05,1317.6833333333334,1688502.3645397748,1069941.250787315,61.212139887788,1.0023444536426214,1692460.980004061,1692460.980004061,1,1,0,0
profile,tfl-numbat-2019-midweek,pm-peak,5,11.966666666666667,1,1,off,free-flow,4,drop-offs,7,940GZZLUEUS,0,3900,2695,1800,1795,d59afaee7896bf92,359,359,0,0,250,109,8.333333333333334,81,98,11.266666666666667,11,true,895,49,113,109,73,2,3,0,0,2,2,240,190,50,5,940GZZLUPAC-diverge,true,374,160.89531104921076,692.9333333333333,375.26666666666665,513.2870937790158,839.8166666666667,1097.3666666666666,1674633.3097381669,956971.2812733919,63.63544566907968,1.0140585175712558,1698176.171496583,1693210.9800040603,1.0026960209619151,1.2669045025822703,6,0
profile,tfl-numbat-2019-midweek,pm-peak,5,11.966666666666667,1,2,off,free-flow,4,destination,1,940GZZLUEUS,0,3900,2898,1800,1795,230748c929bd6af8,359,359,0,0,241,118,8.033333333333333,77,102,10.933333333333334,16,true,1098,51,122,114,78,3,3,0,1,2,2,315,245,70,5,london-link-048-a-departure,true,663,184.08927576601673,697.2833333333333,425.51666666666665,557.9780872794801,971.8333333333334,1311.2166666666667,1803175.4663696748,1086655.710856251,62.39725976313333,1.001638266621747,1806129.5484652692,1806129.5484652692,1,1,0,0
profile,tfl-numbat-2019-midweek,pm-peak,5,11.966666666666667,1,2,off,free-flow,4,drop-offs,9,940GZZLUEUS,0,3900,2816,1800,1795,230748c929bd6af8,359,359,0,0,249,110,8.3,79,100,11.333333333333334,10,true,1016,49,120,112,81,3,3,0,1,2,2,273,211,62,5,london-link-017-b-arrival,true,507,163.6046425255339,673.4833333333333,431.53333333333336,538.7435004642525,937.45,1308.25,1781493.4754029047,1044101.1526974485,63.04844501352278,1.0165685536423046,1811010.2455342275,1805379.5484652687,1.0040662526637656,1.3415856305524652,6,0
profile,tfl-numbat-2019-midweek,pm-peak,5,11.966666666666667,1,3,off,free-flow,4,destination,4,940GZZLUEUS,0,3900,2898,1800,1795,d94d85fd65c7879d,359,359,0,0,232,127,7.733333333333333,74,105,10.533333333333333,22,true,1098,57,131,114,77,4,2,0,1,1,2,439,342,97,5,940GZZLUWLO-01-arrival,true,660,216.1225162488394,872.2166666666667,484.8,598.8036211699165,1024.3666666666666,1328.6666666666667,1832793.9645147761,1217119.6790865378,60.09330685017781,1.0070658558768883,1845744.2224273484,1845744.2224273484,1,1,0,0
profile,tfl-numbat-2019-midweek,pm-peak,5,11.966666666666667,1,3,off,free-flow,4,drop-offs,13,940GZZLUEUS,0,3900,3443,1800,1795,d94d85fd65c7879d,359,359,0,0,234,125,7.8,75,104,10.6,21,true,1643,52,127,114,81,3,2,0,1,2,2,286,228,58,5,940GZZLUWLO-01-arrival,true,796,196.48217270194985,910.2333333333333,441.3833333333333,580.4925255338904,966.6,1727.85,1805396.2051337832,1266893.021042595,58.76387515054016,1.0269765327572955,1854099.5349148284,1845219.2224273477,1.0036383832339009,1.1989728322400246,10,0
profile,tfl-numbat-2019-midweek,pm-peak,4.615385,13.033333333333333,1,1,off,free-flow,4,destination,6,940GZZLUEUS,0,3900,3353,1800,1798.6,b844ac8346e1443b,391,391,0,0,268,123,8.933333333333334,86,109,12.133333333333333,14,true,1553,56,129,114,82,4,2,0,0,2,1,489,381,106,5,london-link-020-a-departure,true,579.4,183.6511935208866,749.15,463.5833333333333,539.0924552429667,901.5666666666667,1600.3666666666666,1844122.8810245201,1195444.8472904528,60.67056390438898,1.0101561663981702,1862852.0997676314,1862852.0997676314,1,1,0,0
profile,tfl-numbat-2019-midweek,pm-peak,4.615385,13.033333333333333,1,1,off,free-flow,4,drop-offs,7,940GZZLUEUS,0,3900,3155,1800,1798.6,b844ac8346e1443b,391,391,0,0,271,120,9.033333333333333,86,109,12.333333333333334,11,true,1355,53,124,114,83,2,2,0,0,2,1,374,303,68,5,london-link-048-a-arrival,true,592.4,173.20652173913044,713.5333333333333,415.3666666666667,529.0183290707587,850.7666666666667,1402.3666666666666,1840553.0923067245,1160753.6851500494,61.32505700954567,1.013437084096366,1865284.758897457,1861877.0997676312,1.0013799827947918,1.222161899620633,4,0
profile,tfl-numbat-2019-midweek,pm-peak,4.615385,13.033333333333333,1,2,off,free-flow,4,destination,8,940GZZLUEUS,0,3900,3029,1800,1798.6,a2527f46405d2d08,391,391,0,0,246,145,8.2,84,111,10.8,34,true,1229,71,145,114,75,3,2,0,1,2,2,410,332,78,6,london-link-048-a-departure,true,891.4,242.35464620630862,1043.0666666666666,624.6,619.0720801364024,1102.65,1383.8666666666666,1949972.01936778,1306956.6287111074,59.87149950361912,1.0169320901343328,1982989.1212353786,1982989.1212353786,1,1,0,0
profile,tfl-numbat-2019-midweek,pm-peak,4.615385,13.033333333333333,1,2,off,free-flow,4,drop-offs,19,940GZZLUEUS,0,3900,2873,1800,1798.6,a2527f46405d2d08,391,391,0,0,255,136,8.5,86,109,11.266666666666667,27,true,1073,56,138,114,82,3,3,0,1,2,1,401,331,70,5,london-link-017-a-arrival,true,828.4,210.01453537936914,832.1333333333333,555.7833333333333,588.9356351236147,1009.3666666666667,1264.0833333333333,1936906.619824941,1180662.1173749764,62.12875426652493,1.0294900513192642,1994026.0953224858,1983289.1212353783,1.005616340437578,1.3898640365974335,13,0
profile,tfl-numbat-2019-midweek,pm-peak,4.615385,13.033333333333333,1,3,off,free-flow,4,destination,5,940GZZLUEUS,0,3900,3475,1800,1798.6,6deb7e792c26e583,391,391,0,0,239,152,7.966666666666667,80,115,10.6,37,true,1675,85,154,114,80,3,2,0,1,1,2,595,449,146,5,london-link-048-a-arrival,true,971.4,281.4764705882353,1063.25,633.9833333333333,663.0949275362319,1086.3333333333333,1768.2833333333333,1986259.4501293683,1379325.123384105,59.01677425552939,1.0092351971954325,2004602.9476999117,2004602.9476999117,1,1,0,0
profile,tfl-numbat-2019-midweek,pm-peak,4.615385,13.033333333333333,1,3,off,free-flow,4,drop-offs,17,940GZZLUEUS,0,3900,3107,1800,1798.6,6deb7e792c26e583,391,391,0,0,241,150,8.033333333333333,80,115,10.733333333333333,35,true,1307,81,150,114,79,3,2,0,1,1,2,628,461,166,6,london-link-057-b-departure,true,697.4,263.72710997442454,825.2833333333333,637.25,647.8513213981245,1104.3166666666666,1425.3166666666666,1948864.585879587,1365691.3736769836,58.797154420054234,1.0345024055014735,2016105.1019631561,2004602.9476999117,1.0045119143971872,1.204230088181778,13,0
profile,tfl-numbat-2019-midweek,pm-peak,4.2857140000000005,14,1,1,off,free-flow,4,destination,6,940GZZLUEUS,0,3900,2899,1800,1799,f409929b4fc11402,420,420,0,0,275,145,9.166666666666666,89,121,12.4,24,true,1099,75,146,114,77,5,3,0,0,2,2,545,402,142,6,london-link-084-a-departure,true,603,216.6670238095238,847.6333333333333,500.03333333333336,573.1075396825397,959.9333333333333,1266.65,1977699.9287085382,1250081.6800256986,61.27118152470315,1.0143271622994783,2006034.7564357358,2006034.7564357358,1,1,0,0
profile,tfl-numbat-2019-midweek,pm-peak,4.2857140000000005,14,1,1,off,free-flow,4,drop-offs,17,940GZZLUEUS,0,3900,3106,1800,1799,f409929b4fc11402,420,420,0,0,271,149,9.033333333333333,89,121,12.133333333333333,28,true,1306,81,149,114,74,4,2,0,0,2,2,515,360,155,6,london-link-084-a-departure,true,740,226.72706349206348,1120.5666666666666,542.8333333333334,584.0471428571428,988.9,1687.4333333333334,1946250.6488891884,1346996.601447942,59.098224364719364,1.0352736733284758,2014902.0583680267,2007384.756435736,1.0039906539746382,1.2960913444515874,9,0
profile,tfl-numbat-2019-midweek,pm-peak,4.2857140000000005,14,1,2,off,free-flow,4,destination,10,940GZZLUEUS,0,3900,3784,1800,1799,d94723ccd810e119,420,420,0,0,254,166,8.466666666666667,89,121,11,45,true,1984,100,171,114,79,3,3,0,0,2,2,521,396,125,6,london-link-074-a-arrival,true,1273,295.05880952380954,1281.1,694.8666666666667,672.317380952381,1158.5,1993.3166666666666,2083448.0521203398,1489005.1337333897,58.31981396902326,1.0220711105715505,2129432.0642887875,2129432.0642887875,1,1,0,0
profile,tfl-numbat-2019-midweek,pm-peak,4.2857140000000005,14,1,2,off,free-flow,4,drop-offs,27,940GZZLUEUS,0,3900,3368,1800,1799,d94723ccd810e119,420,420,0,0,274,146,9.133333333333333,90,120,12.266666666666667,26,true,1568,74,152,114,83,3,3,0,1,2,2,455,367,87,5,940GZZLUVIC-01-arrival,true,852,239.90682539682538,877.3833333333333,605.05,620.5462301587302,1109.8333333333333,1577.2333333333333,2042061.0039726198,1368060.8875071718,59.88234640746187,1.050982492212426,2146170.3630510787,2130407.0642887875,1.0077041339879211,1.3415856305524652,18,0
profile,tfl-numbat-2019-midweek,pm-peak,4.2857140000000005,14,1,3,off,free-flow,4,destination,9,940GZZLUEUS,0,3900,3320,1800,1799,353b1b896f065073,420,420,0,0,248,172,8.266666666666667,81,129,11.133333333333333,43,true,1520,102,174,114,77,3,2,0,0,1,1,579,450,127,6,london-link-072-a-arrival,true,1030,311.70785714285716,1029.2166666666667,685.8,691.7988492063492,1145.8666666666666,1850.3333333333333,2108153.174545875,1489923.9453702408,58.59110586809833,1.0171101843297896,2144224.0637928476,2144224.0637928476,1,1,0,0
profile,tfl-numbat-2019-midweek,pm-peak,4.2857140000000005,14,1,3,off,free-flow,4,drop-offs,25,940GZZLUEUS,0,3900,3280,1800,1799,353b1b896f065073,420,420,0,0,250,170,8.333333333333334,81,129,11.266666666666667,41,true,1480,87,172,114,79,2,2,0,0,2,1,455,363,92,5,940GZZLUKSX-01-arrival,true,963,286.273253968254,1056.7,673.5666666666667,668.5989682539682,1116.4666666666667,1549.0666666666666,2064972.059937928,1428626.5993960241,59.10730628490712,1.0467209787308211,2161449.5754711702,2145574.063792848,1.0064169426633205,1.247117636481682,18,0
profile,tfl-numbat-2019-midweek,pm-peak,4,14.966666666666667,1,1,off,free-flow,4,destination,11,940GZZLUEUS,0,3900,3303,1800,1796,a8eb787e9f460846,449,449,0,0,279,170,9.3,96,128,12.2,42,true,1503,110,172,114,73,4,4,1,0,2,2,648,498,149,5,london-link-023-a-arrival,true,990,296.94643652561246,989.95,681.9333333333333,655.6600593912398,1127.7666666666667,1723.35,2124853.15287704,1532411.4923462425,58.099518602031985,1.0176649998618337,2162388.683358431,2162388.683358431,1,1,0,0
profile,tfl-numbat-2019-midweek,pm-peak,4,14.966666666666667,1,1,off,free-flow,4,drop-offs,28,940GZZLUEUS,0,3900,3707,1800,1796,a8eb787e9f460846,449,449,0,0,290,159,9.666666666666666,95,129,13,30,true,1907,89,161,114,76,4,4,0,1,2,1,496,389,106,6,london-link-013-a-arrival,true,1132,257.31373422420194,1171.2166666666667,602.2833333333333,620.1355605048254,1041.5666666666666,1950.4,2074105.652440655,1550313.2613598371,57.22588094172011,1.0530784278306171,2184195.9194645435,2166288.6833584313,1.0062316802228333,1.2191429910037301,20,0
profile,tfl-numbat-2019-midweek,pm-peak,4,14.966666666666667,1,2,off,free-flow,4,destination,14,940GZZLUEUS,0,3900,3439,1800,1796,58fb90118990c167,449,449,0,0,272,177,9.066666666666666,89,135,12.2,42,true,1639,106,180,114,77,3,3,0,1,2,1,753,573,178,7,london-link-010-a-departure,true,850,317.3363771343727,1034.9833333333333,680.4666666666667,693.0819227913883,1201.45,1798.7,2191819.1673315,1493543.9140896145,59.473629026703975,1.0338098471673458,2265924.2382068895,2265924.2382068895,1,1,0,0
profile,tfl-numbat-2019-midweek,pm-peak,4,14.966666666666667,1,2,off,free-flow,4,drop-offs,41,940GZZLUEUS,0,3900,3611,1800,1796,58fb90118990c167,449,449,0,0,280,169,9.333333333333334,93,131,12.466666666666667,38,true,1811,91,169,114,78,4,3,0,1,2,2,596,488,108,5,940GZZLUWLO-01-arrival,true,1103,281.0653303637713,1226.1333333333334,625.0833333333334,661.0837416481069,1186.9833333333333,1938.35,2122751.543699464,1447370.8758362944,59.45878864219722,1.079602800741144,2291728.5116754863,2264424.2382068904,1.0111432681330264,1.3669295705021718,30,0
profile,tfl-numbat-2019-midweek,pm-peak,4,14.966666666666667,1,3,off,free-flow,4,destination,11,940GZZLUEUS,0,3900,3245,1800,1796,a145bdb7ecc3531e,449,449,0,0,250,199,8.333333333333334,83,141,11.133333333333333,58,true,1445,132,200,114,75,3,2,0,0,2,1,518,365,149,6,940GZZLUKSX-exit,true,1061,395.9770601336303,1156.7333333333333,842.7166666666667,775.7997030438011,1280.9333333333334,1686.7666666666667,2257998.2643488515,1612313.7653903528,58.341504431646655,1.0160040213063783,2294135.3164760633,2294135.3164760633,1,1,0,0
profile,tfl-numbat-2019-midweek,pm-peak,4,14.966666666666667,1,3,off,free-flow,4,drop-offs,38,940GZZLUEUS,0,3900,3339,1800,1796,a145bdb7ecc3531e,449,449,0,0,258,191,8.6,83,141,11.666666666666666,50,true,1539,113,193,114,76,3,2,0,0,2,1,563,417,146,6,940GZZLUKSX-exit,true,1132,354.88370452858203,1151.35,814.15,739.3689309576838,1261.85,1722.6166666666666,2178171.2331645912,1572706.0658357248,58.070980720833425,1.0644596560663637,2318575.4015152096,2292860.3164760624,1.0107750185734679,1.3501244192534152,28,0
profile,tfl-numbat-2019-midweek,evening,60,0.9666666666666667,1,1,off,free-flow,4,destination,0,940GZZLUEUS,0,3900,2233,1800,1740,3eeae1ba9ba23568,29,29,0,0,22,7,0.7333333333333333,6,8,1.0666666666666667,-1,true,433,2,10,10,10,0,0,0,0,1,1,0,0,0,2,940GZZLUVIC-01-departure,true,0,41.29367816091954,205.88333333333333,168.25,456.4810344827587,740.8,818.05,163553.32244815503,17133.765424216253,90.51743783910075,1,163553.3224467993,163553.3224467993,1,1,0,0
profile,tfl-numbat-2019-midweek,evening,60,0.9666666666666667,1,1,off,free-flow,4,drop-offs,0,940GZZLUEUS,0,3900,2233,1800,1740,3eeae1ba9ba23568,29,29,0,0,22,7,0.7333333333333333,6,8,1.0666666666666667,-1,true,433,2,10,10,10,0,0,0,0,1,1,0,0,0,2,940GZZLUVIC-01-departure,true,0,41.29367816091954,205.88333333333333,168.25,456.4810344827587,740.8,818.05,163553.32244815503,17133.765424216253,90.51743783910075,1,163553.3224467993,163553.3224467993,1,1,0,0
profile,tfl-numbat-2019-midweek,evening,60,0.9666666666666667,1,2,off,free-flow,4,destination,0,940GZZLUEUS,0,3900,2239,1800,1740,5cc10fa37241c278,29,29,0,0,23,6,0.7666666666666667,7,7,1.0666666666666667,-1,true,439,2,11,11,11,1,0,0,0,1,0,6,6,0,2,940GZZLUWLO-01-arrival,true,0,24.96206896551724,172.7,127.63333333333334,438.90459770114944,687.8333333333334,715.9666666666667,162749.2848214683,53136.139096257866,75.38687970128636,1,162749.2848200558,162749.2848200558,1,1,0,0
profile,tfl-numbat-2019-midweek,evening,60,0.9666666666666667,1,2,off,free-flow,4,drop-offs,0,940GZZLUEUS,0,3900,2239,1800,1740,5cc10fa37241c278,29,29,0,0,23,6,0.7666666666666667,7,7,1.0666666666666667,-1,true,439,2,11,11,11,1,0,0,0,1,0,6,6,0,2,940GZZLUWLO-01-arrival,true,0,24.96206896551724,172.7,127.63333333333334,438.90459770114944,687.8333333333334,715.9666666666667,162749.2848214683,53136.139096257866,75.38687970128636,1,162749.2848200558,162749.2848200558,1,1,0,0
profile,tfl-numbat-2019-midweek,evening,60,0.9666666666666667,1,3,off,free-flow,4,destination,0,940GZZLUEUS,0,3900,2182,1800,1740,c779019d55d17d00,29,29,0,0,23,6,0.7666666666666667,8,6,1,0,true,382,2,9,9,8,0,0,0,0,1,1,0,0,0,2,940GZZLUBNK-01-arrival,true,38,29.93448275862069,147.28333333333333,123.01666666666667,387.71494252873566,692.6,706.9333333333333,140133.3778639682,47441.149576390104,74.7081065730129,1,140133.37786308146,140133.37786308146,1,1,0,0
profile,tfl-numbat-2019-midweek,evening,60,0.9666666666666667,1,3,off,free-flow,4,drop-offs,0,940GZZLUEUS,0,3900,2182,1800,1740,c779019d55d17d00,29,29,0,0,23,6,0.7666666666666667,8,6,1,0,true,382,2,9,9,8,0,0,0,0,1,1,0,0,0,2,940GZZLUBNK-01-arrival,true,38,29.93448275862069,147.28333333333333,123.01666666666667,387.71494252873566,692.6,706.9333333333333,140133.3778639682,47441.149576390104,74.7081065730129,1,140133.37786308146,140133.37786308146,1,1,0,0
profile,tfl-numbat-2019-midweek,evening,30,1.9666666666666666,1,1,off,free-flow,4,destination,0,940GZZLUEUS,0,3900,2443,1800,1770,68545f5ecc1ebff5,59,59,0,0,47,12,1.5666666666666667,14,15,2.2,-3,true,643,5,18,18,16,1,0,0,0,1,1,4,4,0,3,london-link-082-a-arrival,true,82,52.08220338983051,255.35,173.25,429.73757062146893,740.8,1001.3166666666667,301629.250625377,79702.79941301973,79.09884589952658,1,301629.250621828,301629.250621828,1,1,0,0
profile,tfl-numbat-2019-midweek,evening,30,1.9666666666666666,1,1,off,free-flow,4,drop-offs,0,940GZZLUEUS,0,3900,2443,1800,1770,68545f5ecc1ebff5,59,59,0,0,47,12,1.5666666666666667,14,15,2.2,-3,true,643,5,18,18,16,1,0,0,0,1,1,4,4,0,3,london-link-082-a-arrival,true,82,52.08220338983051,255.35,173.25,429.73757062146893,740.8,1001.3166666666667,301629.250625377,79702.79941301973,79.09884589952658,1,301629.250621828,301629.250621828,1,1,0,0
profile,tfl-numbat-2019-midweek,evening,30,1.9666666666666666,1,2,off,free-flow,4,destination,0,940GZZLUEUS,0,3900,2354,1800,1770,fc357df6b5d5694e,59,59,0,0,46,13,1.5333333333333334,15,14,2.066666666666667,-1,true,554,4,19,19,17,1,1,0,0,2,1,22,19,3,3,london-link-048-a-departure,true,77,33.82203389830509,182.31666666666666,150.4,424.4949152542373,693.0166666666667,829.6666666666666,311712.08882840234,113648.9009605219,73.28177625858036,1,311712.08882461314,311712.08882461314,1,1,0,0
profile,tfl-numbat-2019-midweek,evening,30,1.9666666666666666,1,2,off,free-flow,4,drop-offs,0,940GZZLUEUS,0,3900,2354,1800,1770,fc357df6b5d5694e,59,59,0,0,46,13,1.5333333333333334,15,14,2.066666666666667,-1,true,554,4,19,19,17,1,1,0,0,2,1,22,19,3,3,london-link-048-a-departure,true,77,33.82203389830509,182.31666666666666,150.4,424.4949152542373,693.0166666666667,829.6666666666666,311712.08882840234,113648.9009605219,73.28177625858036,1,311712.08882461314,311712.08882461314,1,1,0,0
profile,tfl-numbat-2019-midweek,evening,30,1.9666666666666666,1,3,off,free-flow,4,destination,0,940GZZLUEUS,0,3900,2673,1800,1770,4a24af1062605094,59,59,0,0,46,13,1.5333333333333334,16,13,2,0,true,873,5,17,17,16,1,1,0,0,1,1,19,15,4,2,940GZZLUBNK-01-arrival,true,122,56.83474576271187,217.86666666666667,163.38333333333333,425.3581920903955,724.3166666666667,902.75,293688.5452048545,167992.68881499593,63.612840107819295,1,293688.54520146066,293688.54520146066,1,1,0,0
profile,tfl-numbat-2019-midweek,evening,30,1.9666666666666666,1,3,off,free-flow,4,drop-offs,0,940GZZLUEUS,0,3900,2673,1800,1770,4a24af1062605094,59,59,0,0,46,13,1.5333333333333334,16,13,2,0,true,873,5,17,17,16,1,1,0,0,1,1,19,15,4,2,940GZZLUBNK-01-arrival,true,122,56.83474576271187,217.86666666666667,163.38333333333333,425.3581920903955,724.3166666666667,902.75,293688.5452048545,167992.68881499593,63.612840107819295,1,293688.54520146066,293688.54520146066,1,1,0,0
profile,tfl-numbat-2019-midweek,evening,20,2.966666666666667,1,1,off,free-flow,4,destination,0,940GZZLUEUS,0,3900,2408,1800,1780,4fbd0b1ddcda5daa,89,89,0,0,67,22,2.2333333333333334,22,22,3,0,true,608,7,25,25,23,1,1,0,1,1,1,38,33,5,3,london-link-070-a-departure,true,221,74.20355805243445,240.4,200.61666666666667,464.413670411985,737.85,1001.3166666666667,469282.5120980381,163618.07229919505,74.14790310945551,1,469282.51209181396,469282.51209181396,1,1,0,0
profile,tfl-numbat-2019-midweek,evening,20,2.966666666666667,1,1,off,free-flow,4,drop-offs,0,940GZZLUEUS,0,3900,2408,1800,1780,4fbd0b1ddcda5daa,89,89,0,0,67,22,2.2333333333333334,22,22,3,0,true,608,7,25,25,23,1,1,0,1,1,1,38,33,5,3,london-link-070-a-departure,true,221,74.20355805243445,240.4,200.61666666666667,464.413670411985,737.85,1001.3166666666667,469282.5120980381,163618.07229919505,74.14790310945551,1,469282.51209181396,469282.51209181396,1,1,0,0
profile,tfl-numbat-2019-midweek,evening,20,2.966666666666667,1,2,off,free-flow,4,destination,0,940GZZLUEUS,0,3900,2362,1800,1780,58312b729793399f,89,89,0,0,67,22,2.2333333333333334,24,20,2.8666666666666667,2,true,562,6,24,24,23,1,1,0,0,1,1,14,11,3,3,london-link-087-a-arrival,true,92,47.74138576779026,217.65,159.03333333333333,437.8434456928839,687.8333333333334,1155.6833333333334,469853.8210978549,184211.3905164044,71.8359290105396,1,469853.82109156065,469853.82109156065,1,1,0,0
profile,tfl-numbat-2019-midweek,evening,20,2.966666666666667,1,2,off,free-flow,4,drop-offs,0,940GZZLUEUS,0,3900,2362,1800,1780,58312b729793399f,89,89,0,0,67,22,2.2333333333333334,24,20,2.8666666666666667,2,true,562,6,24,24,23,1,1,0,0,1,1,14,11,3,3,london-link-087-a-arrival,true,92,47.74138576779026,217.65,159.03333333333333,437.8434456928839,687.8333333333334,1155.6833333333334,469853.8210978549,184211.3905164044,71.8359290105396,1,469853.82109156065,469853.82109156065,1,1,0,0
profile,tfl-numbat-2019-midweek,evening,20,2.966666666666667,1,3,off,free-flow,4,destination,0,940GZZLUEUS,0,3900,2520,1800,1780,dbba58b1409deafa,89,89,0,0,68,21,2.2666666666666666,23,21,3,0,true,720,8,25,24,22,0,1,0,0,1,1,0,0,0,3,london-link-025-a-departure,true,124,69.38258426966291,224.7,207.15,433.87284644194756,724.3166666666667,899.7333333333333,438107.8985543412,226286.13846050604,65.94097390199045,1,438107.89854865626,438107.89854865626,1,1,0,0
profile,tfl-numbat-2019-midweek,evening,20,2.966666666666667,1,3,off,free-flow,4,drop-offs,0,940GZZLUEUS,0,3900,2520,1800,1780,dbba58b1409deafa,89,89,0,0,68,21,2.2666666666666666,23,21,3,0,true,720,8,25,24,22,0,1,0,0,1,1,0,0,0,3,london-link-025-a-departure,true,124,69.38258426966291,224.7,207.15,433.87284644194756,724.3166666666667,899.7333333333333,438107.8985543412,226286.13846050604,65.94097390199045,1,438107.89854865626,438107.89854865626,1,1,0,0
profile,tfl-numbat-2019-midweek,evening,15,3.966666666666667,1,1,off,free-flow,4,destination,0,940GZZLUEUS,0,3900,2452,1800,1785,873015319cd46809,119,119,0,0,82,37,2.7333333333333334,30,29,3.466666666666667,8,true,652,11,39,39,34,1,2,0,0,1,1,19,15,4,3,940GZZLUBXN-01-arrival,true,115,91.42394957983194,295.96666666666664,215.68333333333334,486.56596638655463,786.3666666666667,1001.3166666666667,636459.1852359825,268530.7888157708,70.32776091280604,1,636459.1852545666,636459.1852545666,1,1,0,0
profile,tfl-numbat-2019-midweek,evening,15,3.966666666666667,1,1,off,free-flow,4,drop-offs,0,940GZZLUEUS,0,3900,2452,1800,1785,873015319cd46809,119,119,0,0,82,37,2.7333333333333334,30,29,3.466666666666667,8,true,652,11,39,39,34,1,2,0,0,1,1,19,15,4,3,940GZZLUBXN-01-arrival,true,115,91.42394957983194,295.96666666666664,215.68333333333334,486.56596638655463,786.3666666666667,1001.3166666666667,636459.1852359825,268530.7888157708,70.32776091280604,1,636459.1852545666,636459.1852545666,1,1,0,0
profile,tfl-numbat-2019-midweek,evening,15,3.966666666666667,1,2,off,free-flow,4,destination,0,940GZZLUEUS,0,3900,2583,1800,1785,7ee478a9b78eebf3,119,119,0,0,87,32,2.9,32,27,3.6666666666666665,5,true,783,10,34,34,28,1,2,0,0,2,2,21,12,9,3,940GZZLUVIC-01-arrival,true,158,64.55826330532213,287.65,199.98333333333332,464.6155462184874,757.3833333333333,1153.3333333333333,644655.6374199552,268516.5488007795,70.59518972954429,1,644655.6374404277,644655.6374404277,1,1,0,0
profile,tfl-numbat-2019-midweek,evening,15,3.966666666666667,1,2,off,free-flow,4,drop-offs,0,940GZZLUEUS,0,3900,2583,1800,1785,7ee478a9b78eebf3,119,119,0,0,87,32,2.9,32,27,3.6666666666666665,5,true,783,10,34,34,28,1,2,0,0,2,2,21,12,9,3,940GZZLUVIC-01-arrival,true,158,64.55826330532213,287.65,199.98333333333332,464.6155462184874,757.3833333333333,1153.3333333333333,644655.6374199552,268516.5488007795,70.59518972954429,1,644655.6374404277,644655.6374404277,1,1,0,0
profile,tfl-numbat-2019-midweek,evening,15,3.966666666666667,1,3,off,free-flow,4,destination,0,940GZZLUEUS,0,3900,2669,1800,1785,3efe4dd7383dc66b,119,119,0,0,85,34,2.8333333333333335,30,29,3.6666666666666665,5,true,869,11,34,34,29,1,1,0,0,1,1,6,2,4,4,london-link-057-a-arrival,true,154,79.40546218487394,272.15,217.86666666666667,448.13207282913163,748.9166666666666,958.35,592541.7423308144,299713.7951848749,66.4094216753903,1,592541.7423392629,592541.7423392629,1,1,0,0
profile,tfl-numbat-2019-midweek,evening,15,3.966666666666667,1,3,off,free-flow,4,drop-offs,0,940GZZLUEUS,0,3900,2669,1800,1785,3efe4dd7383dc66b,119,119,0,0,85,34,2.8333333333333335,30,29,3.6666666666666665,5,true,869,11,34,34,29,1,1,0,0,1,1,6,2,4,4,london-link-057-a-arrival,true,154,79.40546218487394,272.15,217.86666666666667,448.13207282913163,748.9166666666666,958.35,592541.7423308144,299713.7951848749,66.4094216753903,1,592541.7423392629,592541.7423392629,1,1,0,0
profile,tfl-numbat-2019-midweek,evening,12,4.966666666666667,1,1,off,free-flow,4,destination,0,940GZZLUEUS,0,3900,2432,1800,1788,25b3fdeb13f94c9d,149,149,0,0,105,44,3.5,36,38,4.6,6,true,632,14,48,47,39,1,1,0,0,1,1,58,47,11,4,940GZZLUVIC-01-arrival,true,122,94.3397091722595,292.81666666666666,230.8,480.26006711409394,819.8666666666667,995.9666666666667,776546.949426435,355937.01338018547,68.57023807223977,1,776546.9494768147,776546.9494768147,1,1,0,0
profile,tfl-numbat-2019-midweek,evening,12,4.966666666666667,1,1,off,free-flow,4,drop-offs,0,940GZZLUEUS,0,3900,2432,1800,1788,25b3fdeb13f94c9d,149,149,0,0,105,44,3.5,36,38,4.6,6,true,632,14,48,47,39,1,1,0,0,1,1,58,47,11,4,940GZZLUVIC-01-arrival,true,122,94.3397091722595,292.81666666666666,230.8,480.26006711409394,819.8666666666667,995.9666666666667,776546.949426435,355937.01338018547,68.57023807223977,1,776546.9494768147,776546.9494768147,1,1,0,0
profile,tfl-numbat-2019-midweek,evening,12,4.966666666666667,1,2,off,free-flow,4,destination,0,940GZZLUEUS,0,3900,2597,1800,1788,735db4462c7d6518,149,149,0,0,104,45,3.466666666666667,41,33,4.2,12,true,797,16,46,46,35,1,2,0,1,2,2,40,32,8,4,london-link-020-a-departure,true,229,84.1923937360179,278.05,237.55,483.8567114093959,787.4,1153.3333333333333,806091.2688312522,313231.36911058315,72.01598909081834,1,806091.2688884836,806091.2688884836,1,1,0,0
profile,tfl-numbat-2019-midweek,evening,12,4.966666666666667,1,2,off,free-flow,4,drop-offs,0,940GZZLUEUS,0,3900,2597,1800,1788,735db4462c7d6518,149,149,0,0,104,45,3.466666666666667,41,33,4.2,12,true,797,16,46,46,35,1,2,0,1,2,2,40,32,8,4,london-link-020-a-departure,true,229,84.1923937360179,278.05,237.55,483.8567114093959,787.4,1153.3333333333333,806091.2688312522,313231.36911058315,72.01598909081834,1,806091.2688884836,806091.2688884836,1,1,0,0
profile,tfl-numbat-2019-midweek,evening,12,4.966666666666667,1,3,off,free-flow,4,destination,1,940GZZLUEUS,0,3900,2465,1800,1788,2fcc7c73295d9f40,149,149,0,0,109,40,3.6333333333333333,39,35,4.666666666666667,5,true,665,13,45,43,35,2,2,0,0,1,2,52,42,10,4,940GZZLUKSX-01-arrival,true,157,89.81163310961968,299,217.86666666666667,454.6900447427293,752.6666666666666,963.7166666666667,728290.847944433,351066.0409474243,67.4745170424721,1.0073438797976686,733639.3284290691,733639.3284290691,1,1,0,0
profile,tfl-numbat-2019-midweek,evening,12,4.966666666666667,1,3,off,free-flow,4,drop-offs,1,940GZZLUEUS,0,3900,2465,1800,1788,2fcc7c73295d9f40,149,149,0,0,109,40,3.6333333333333333,39,35,4.666666666666667,5,true,665,13,45,43,35,2,2,0,0,1,2,52,42,10,4,940GZZLUKSX-01-arrival,true,157,89.81163310961968,299,217.86666666666667,454.6900447427293,752.6666666666666,963.7166666666667,728290.847944433,351066.0409474243,67.4745170424721,1.0073438797976686,733639.3284290691,733639.3284290691,1,1,0,0
profile,tfl-numbat-2019-midweek,evening,10,5.966666666666667,1,1,off,free-flow,4,destination,0,940GZZLUEUS,0,3900,2802,1800,1790,20f452e1bbe11c01,179,179,0,0,131,48,4.366666666666666,43,46,5.866666666666666,2,true,1002,18,59,58,45,1,3,0,0,1,1,52,42,10,5,london-link-072-a-arrival,true,205,116.92811918063315,361.4,273.95,504.59422718808196,838.4833333333333,1101.7,937869.1074988946,520446.419065779,64.31180978428003,1,937869.1075859802,937869.1075859802,1,1,0,0
profile,tfl-numbat-2019-midweek,evening,10,5.966666666666667,1,1,off,free-flow,4,drop-offs,0,940GZZLUEUS,0,3900,2802,1800,1790,20f452e1bbe11c01,179,179,0,0,131,48,4.366666666666666,43,46,5.866666666666666,2,true,1002,18,59,58,45,1,3,0,0,1,1,52,42,10,5,london-link-072-a-arrival,true,205,116.92811918063315,361.4,273.95,504.59422718808196,838.4833333333333,1101.7,937869.1074988946,520446.419065779,64.31180978428003,1,937869.1075859802,937869.1075859802,1,1,0,0
profile,tfl-numbat-2019-midweek,evening,10,5.966666666666667,1,2,off,free-flow,4,destination,0,940GZZLUEUS,0,3900,2616,1800,1790,2c882ff5d2d3fc38,179,179,0,0,124,55,4.133333333333334,47,42,5.133333333333334,13,true,816,19,59,58,44,2,2,0,1,2,1,60,49,11,4,london-link-009-a-departure,true,207,101.46806331471136,356.18333333333334,271.2,494.33798882681566,789.4,1158.7,951122.3183392149,401770.68477428355,70.30284849949973,1,951122.318429369,951122.318429369,1,1,0,0
profile,tfl-numbat-2019-midweek,evening,10,5.966666666666667,1,2,off,free-flow,4,drop-offs,0,940GZZLUEUS,0,3900,2616,1800,1790,2c882ff5d2d3fc38,179,179,0,0,124,55,4.133333333333334,47,42,5.133333333333334,13,true,816,19,59,58,44,2,2,0,1,2,1,60,49,11,4,london-link-009-a-departure,true,207,101.46806331471136,356.18333333333334,271.2,494.33798882681566,789.4,1158.7,951122.3183392149,401770.68477428355,70.30284849949973,1,951122.318429369,951122.318429369,1,1,0,0
profile,tfl-numbat-2019-midweek,evening,10,5.966666666666667,1,3,off,free-flow,4,destination,1,940GZZLUEUS,0,3900,2523,1800,1790,422dc303f2c9a139,179,179,0,0,131,48,4.366666666666666,47,42,5.6,6,true,723,18,52,50,38,1,1,0,0,1,1,72,56,16,5,london-link-046-a-departure,true,267,100.79059590316574,303.73333333333335,253.48333333333332,462.0182495344506,754.1,963.7166666666667,867982.3786729467,409710.3972207067,67.93357488194735,1.003527536885678,871044.2186010272,871044.2186010272,1,1,0,0
profile,tfl-numbat-2019-midweek,evening,10,5.966666666666667,1,3,off,free-flow,4,drop-offs,1,940GZZLUEUS,0,3900,2523,1800,1790,422dc303f2c9a139,179,179,0,0,131,48,4.366666666666666,47,42,5.6,6,true,723,18,52,50,38,1,1,0,0,1,1,72,56,16,5,london-link-046-a-departure,true,267,100.79059590316574,303.73333333333335,253.48333333333332,462.0182495344506,754.1,963.7166666666667,867982.3786729467,409710.3972207067,67.93357488194735,1.003527536885678,871044.2186010272,871044.2186010272,1,1,0,0
profile,tfl-numbat-2019-midweek,evening,8.571429,7,1,1,off,free-flow,4,destination,0,940GZZLUEUS,0,3900,2711,1800,1799,8fa5bf61b989b665,210,210,0,0,146,64,4.866666666666666,50,55,6.4,9,true,911,24,69,66,52,1,3,0,0,1,1,73,59,14,4,940GZZLUVIC-01-arrival,true,327,130.3429365079365,367.46666666666664,298.6,514.683253968254,865.6,1106.7333333333333,1090588.2093136723,568046.1670751766,65.75217690158351,1,1090588.2094150507,1090588.2094150507,1,1,0,0
profile,tfl-numbat-2019-midweek,evening,8.571429,7,1,1,off,free-flow,4,drop-offs,2,940GZZLUEUS,0,3900,2711,1800,1799,8fa5bf61b989b665,210,210,0,0,146,64,4.866666666666666,50,55,6.4,9,true,911,23,69,65,51,2,3,0,0,1,1,100,80,20,4,940GZZLULVT-01-arrival,true,327,127.6931746031746,335.51666666666665,294.7,512.9761904761905,848.4666666666667,1098.6833333333334,1084543.4928995387,590114.8660760993,64.76207443068786,1.0068918862834852,1092018.0434255488,1090213.2094150507,1.0012082905013793,1.1339878090218087,2,0
profile,tfl-numbat-2019-midweek,evening,8.571429,7,1,2,off,free-flow,4,destination,0,940GZZLUEUS,0,3900,2836,1800,1799,fa205d26eb72d298,210,210,0,0,148,62,4.933333333333334,53,52,6.333333333333333,10,true,1036,23,71,68,52,2,2,0,0,1,2,167,143,24,5,london-link-048-a-arrival,true,227,118.58444444444444,344.9,306.75,532.1522222222222,921,1158.7,1173849.6043776814,550801.5073727081,68.06301844935544,1,1173849.6044570464,1173849.6044570464,1,1,0,0
profile,tfl-numbat-2019-midweek,evening,8.571429,7,1,2,off,free-flow,4,drop-offs,1,940GZZLUEUS,0,3900,2920,1800,1799,fa205d26eb72d298,210,210,0,0,148,62,4.933333333333334,53,52,6.333333333333333,10,true,1120,23,71,68,52,2,2,0,0,1,2,166,141,25,4,940GZZLULNB-01-departure,true,233,118.74722222222222,344.9,301.6166666666667,532.6299206349207,917.1833333333333,1158.7,1173325.3674528757,567021.0803053284,67.41906871268498,1.0013069756216775,1174858.8751841036,1173924.6044570464,1.0004088069583819,1.0858494612602183,1,0
profile,tfl-numbat-2019-midweek,evening,8.571429,7,1,3,off,free-flow,4,destination,0,940GZZLUEUS,0,3900,2662,1800,1799,17620ed2eaa95023,210,210,0,0,150,60,5,53,52,6.466666666666667,8,true,862,24,63,60,47,2,2,0,1,1,2,72,55,17,4,london-link-025-a-departure,true,252,118.36666666666666,376.55,298.43333333333334,481.613253968254,810.65,963.7166666666667,1029052.7718471854,485364.11062388925,67.95042922184541,1,1029052.7719549612,1029052.7719549612,1,1,0,0
profile,tfl-numbat-2019-midweek,evening,8.571429,7,1,3,off,free-flow,4,drop-offs,0,940GZZLUEUS,0,3900,2662,1800,1799,17620ed2eaa95023,210,210,0,0,150,60,5,53,52,6.466666666666667,8,true,862,24,63,60,47,2,2,0,1,1,2,72,55,17,4,london-link-025-a-departure,true,252,118.36666666666666,376.55,298.43333333333334,481.613253968254,810.65,963.7166666666667,1029052.7718471854,485364.11062388925,67.95042922184541,1,1029052.7719549612,1029052.7719549612,1,1,0,0
profile,tfl-numbat-2019-midweek,evening,7.5,7.966666666666667,1,1,off,free-flow,4,destination,1,940GZZLUEUS,0,3900,2670,1800,1792.5,587d4087c93cef8a,239,239,0,0,163,76,5.433333333333334,56,63,7.133333333333334,13,true,870,28,78,74,56,1,3,0,0,1,1,103,80,23,5,london-link-063-a-departure,true,258.5,139.26715481171547,382.78333333333336,314.71666666666664,529.0488145048814,900.2666666666667,1141.4166666666667,1254320.7854961236,645596.4684562418,66.01975864405576,1.00259146989237,1257571.320105692,1257571.320105692,1,1,0,0
profile,tfl-numbat-2019-midweek,evening,7.5,7.966666666666667,1,1,off,free-flow,4,drop-offs,5,940GZZLUEUS,0,3900,2667,1800,1792.5,587d4087c93cef8a,239,239,0,0,168,71,5.6,56,63,7.466666666666667,8,true,867,27,77,73,57,2,3,0,0,1,1,119,92,27,5,940GZZLUVIC-01-arrival,true,255.5,132.7765690376569,381.65,303.73333333333335,523.249790794979,900.2666666666667,1141.4166666666667,1240667.880311049,651285.5386406191,65.57602676066429,1.0150313783415306,1259316.828678969,1255321.3201056917,1.0029371034724484,1.199968063925261,5,0
profile,tfl-numbat-2019-midweek,evening,7.5,7.966666666666667,1,2,off,free-flow,4,destination,0,940GZZLUEUS,0,3900,2768,1800,1792.5,2f9a395554770741,239,239,0,0,164,75,5.466666666666667,57,62,7.133333333333334,13,true,968,27,78,76,59,2,2,0,0,1,2,125,101,24,5,london-link-025-b-departure,true,332.5,124.84267782426778,477.48333333333335,309.81666666666666,535.8792189679219,923.2333333333333,1185.45,1328051.718391879,598266.3131818644,68.94249530057614,1,1328051.7184313203,1328051.7184313203,1,1,0,0
profile,tfl-numbat-2019-midweek,evening,7.5,7.966666666666667,1,2,off,free-flow,4,drop-offs,1,940GZZLUEUS,0,3900,2768,1800,1792.5,2f9a395554770741,239,239,0,0,164,75,5.466666666666667,57,62,7.133333333333334,13,true,968,26,78,76,59,2,2,0,0,1,2,121,95,26,5,london-link-025-b-departure,true,332.5,123.93138075313807,477.48333333333335,309.81666666666666,535.270990237099,921,1185.45,1327452.4814671902,598288.0237235707,68.93205381976918,1.0010987268259917,1328910.9891583775,1327976.7184313203,1.0003592027667791,1.0858494612602183,1,0
profile,tfl-numbat-2019-midweek,evening,7.5,7.966666666666667,1,3,off,free-flow,4,destination,2,940GZZLUEUS,0,3900,2526,1800,1792.5,3f9e14e4a9ea6f4c,239,239,0,0,170,69,5.666666666666667,57,62,7.533333333333333,7,true,726,28,74,70,52,1,2,0,1,1,1,118,96,22,5,london-link-087-a-departure,true,316.5,132.85822873082287,385.76666666666665,316.85,502.61917712691775,865.0833333333334,974.2666666666667,1186000.8255970376,559683.2017199163,67.93903175134581,1.0047741235772707,1191662.9401777866,1191662.9401777866,1,1,0,0
profile,tfl-numbat-2019-midweek,evening,7.5,7.966666666666667,1,3,off,free-flow,4,drop-offs,2,940GZZLUEUS,0,3900,2526,1800,1792.5,3f9e14e4a9ea6f4c,239,239,0,0,170,69,5.666666666666667,57,62,7.533333333333333,7,true,726,28,74,70,52,1,2,0,1,1,1,118,96,22,5,london-link-087-a-departure,true,316.5,132.85822873082287,385.76666666666665,316.85,502.61917712691775,865.0833333333334,974.2666666666667,1186000.8255970376,559683.2017199163,67.93903175134581,1.0047741235772707,1191662.9401777866,1191662.9401777866,1,1,0,0
profile,tfl-numbat-2019-midweek,evening,6.666667,8.966666666666667,1,1,off,free-flow,4,destination,2,940GZZLUEUS,0,3900,2691,1800,1793.3333333333333,6b585277ba4a284f,269,269,0,0,185,84,6.166666666666667,65,69,8,15,true,891,33,91,87,63,2,3,0,0,1,1,165,129,36,4,940GZZLUBXN-01-arrival,true,257.6666666666667,154.9267657992565,441.6,328.8,543.1649318463445,904.0333333333333,1128.4833333333333,1403869.5791744739,772675.0638008217,64.49992118036278,1.0037586423469593,1409146.22284388,1409146.22284388,1,1,0,0
profile,tfl-numbat-2019-midweek,evening,6.666667,8.966666666666667,1,1,off,free-flow,4,drop-offs,6,940GZZLUEUS,0,3900,2691,1800,1793.3333333333333,6b585277ba4a284f,269,269,0,0,185,84,6.166666666666667,65,69,8,15,true,891,34,90,84,63,2,3,0,0,1,1,158,121,37,5,london-link-120-a-departure,true,184.66666666666666,152.06648079306072,439.8833333333333,333.01666666666665,541.4959107806691,916.9333333333333,1140.8333333333333,1394025.7998696677,733968.0228524493,65.50892135985801,1.013643875108453,1413045.7138035744,1409521.2228438798,1.0037201569345149,1.3667150609851388,4,0
profile,tfl-numbat-2019-midweek,evening,6.666667,8.966666666666667,1,2,off,free-flow,4,destination,0,940GZZLUEUS,0,3900,2605,1800,1793.3333333333333,550d0bff2169bd1a,269,269,0,0,179,90,5.966666666666667,59,75,8,15,true,805,33,91,87,71,3,2,0,1,2,1,387,260,126,5,london-link-020-a-departure,true,391.6666666666667,138.9491325898389,472.1166666666667,339.5,546.6022304832713,973.1,1198.1333333333334,1476877.7831494005,638118.1830387933,69.82886997232158,1,1476877.7831498403,1476877.7831498403,1,1,0,0
profile,tfl-numbat-2019-midweek,evening,6.666667,8.966666666666667,1,2,off,free-flow,4,drop-offs,2,940GZZLUEUS,0,3900,2605,1800,1793.3333333333333,550d0bff2169bd1a,269,269,0,0,180,89,6,59,75,8.066666666666666,14,true,805,32,91,86,70,3,2,0,1,2,1,346,231,114,5,london-link-020-a-departure,true,391.6666666666667,134.87143742255267,472.1166666666667,328.1333333333333,542.6186493184634,940.6166666666667,1198.1333333333334,1466243.1212481067,628445.5085876604,69.99814198461881,1.0080741992482243,1478081.8603587395,1476577.7831498403,1.0008956703487686,1.1750111593634849,2,0
profile,tfl-numbat-2019-midweek,evening,6.666667,8.966666666666667,1,3,off,free-flow,4,destination,0,940GZZLUEUS,0,3900,2607,1800,1793.3333333333333,1a7011d452329f9f,269,269,0,0,190,79,6.333333333333333,62,72,8.533333333333333,7,true,807,36,86,84,61,1,2,0,0,1,1,126,98,28,5,london-link-106-a-departure,true,314.6666666666667,147.5586741016109,475.43333333333334,360.1,525.7455390334572,858.4,1094.0333333333333,1373593.5775081431,652631.309438378,67.7907761550654,1,1373593.577535386,1373593.577535386,1,1,0,0
profile,tfl-numbat-2019-midweek,evening,6.666667,8.966666666666667,1,3,off,free-flow,4,drop-offs,3,940GZZLUEUS,0,3900,2735,1800,1793.3333333333333,1a7011d452329f9f,269,269,0,0,191,78,6.366666666666666,62,72,8.6,6,true,935,35,86,83,62,1,2,0,0,1,1,113,89,24,5,london-link-106-a-departure,true,306.6666666666667,145.44368029739778,475.43333333333334,352.15,523.9003717472119,909.3833333333333,1125.7166666666667,1366112.2906684629,661312.2037224418,67.38166054755501,1.0065406669615302,1375047.576223005,1373443.577535386,1.0008584831923975,1.1573558931746688,2,0
profile,tfl-numbat-2019-midweek,evening,6,9.966666666666667,1,1,off,free-flow,4,destination,2,940GZZLUEUS,0,3900,2788,1800,1794,dbe77387ac8e7ea1,299,299,0,0,197,102,6.566666666666666,67,82,8.666666666666666,20,true,988,45,107,103,71,3,3,0,1,1,2,307,235,68,5,london-link-044-a-departure,true,336,179.77474916387962,575.9333333333333,409.15,576.3928651059086,935.4333333333333,1101.7,1594995.7553859798,956846.2092048739,62.50370428568884,1.0032264765422414,1600141.971745325,1600141.971745325,1,1,0,0
profile,tfl-numbat-2019-midweek,evening,6,9.966666666666667,1,1,off,free-flow,4,drop-offs,3,940GZZLUEUS,0,3900,2831,1800,1794,dbe77387ac8e7ea1,299,299,0,0,198,101,6.6,67,82,8.733333333333333,19,true,1031,44,106,103,71,2,3,0,1,1,2,247,182,61,5,london-link-057-b-departure,true,371,177.66309921962096,499.2,417.1,574.4745261984392,968.1,1126.35,1594353.3341649254,980906.8398383519,61.910379007899664,1.0040232312573778,1600767.7863045265,1600066.971745325,1.0006292698393005,1.1881516819508395,1,0
profile,tfl-numbat-2019-midweek,evening,6,9.966666666666667,1,2,off,free-flow,4,destination,3,940GZZLUEUS,0,3900,2899,1800,1794,94fb12000179d5a1,299,299,0,0,195,104,6.5,64,85,8.733333333333333,19,true,1099,39,108,103,75,2,2,1,1,2,2,279,226,53,5,london-link-048-a-arrival,true,497,175.26984392419175,556.6166666666667,415.31666666666666,583.7880156075809,1004.1,1317.6833333333334,1634467.7828654845,907508.8208756206,64.29908837319698,1.007731336337794,1647104.4029875048,1647104.4029875048,1,1,0,0
profile,tfl-numbat-2019-midweek,evening,6,9.966666666666667,1,2,off,free-flow,4,drop-offs,8,940GZZLUEUS,0,3900,2899,1800,1794,94fb12000179d5a1,299,299,0,0,194,105,6.466666666666667,64,85,8.666666666666666,20,true,1099,40,108,101,75,3,3,0,0,2,2,267,200,67,5,london-link-020-a-departure,true,501,168.29375696767002,597.7833333333333,391.8333333333333,577.6363991081382,994.4333333333333,1240.55,1621330.4488484503,905195.3478205048,64.17232909262432,1.0189684403801091,1652084.5587661113,1648154.402987505,1.0019222130514378,1.209797463160339,5,0
profile,tfl-numbat-2019-midweek,evening,6,9.966666666666667,1,3,off,free-flow,4,destination,4,940GZZLUEUS,0,3900,2684,1800,1794,644175ba2387c632,299,299,0,0,207,92,6.9,69,80,9.2,12,true,884,42,97,93,66,2,2,0,0,2,2,177,134,43,4,940GZZLUOXC-01-arrival,true,448,157.88517279821627,495.45,334.81666666666666,533.7545150501672,879,1117.5166666666667,1501067.9485160117,774071.2110701652,65.97697297729427,1.009274358817837,1514989.3912744678,1514989.3912744678,1,1,0,0
profile,tfl-numbat-2019-midweek,evening,6,9.966666666666667,1,3,off,free-flow,4,drop-offs,6,940GZZLUEUS,0,3900,2570,1800,1794,644175ba2387c632,299,299,0,0,204,95,6.8,69,80,9,15,true,770,39,96,93,67,2,2,0,0,1,1,248,202,46,4,940GZZLUOXC-diverge,true,402,157.5613154960981,446.31666666666666,364.5,534.5777034559643,867.8,1031.7333333333333,1500625.0948503905,734846.5793656528,67.12789574382079,1.0119017288048067,1518485.127761204,1515214.391274468,1.0022106378307793,1.2076565382457216,4,0
profile,tfl-numbat-2019-midweek,evening,5.4545449999999995,11,1,1,off,free-flow,4,destination,1,940GZZLUEUS,0,3900,2995,1800,1798.5,1b439c7c84b85436,330,330,0,0,212,118,7.066666666666666,69,96,9.533333333333333,22,true,1195,49,119,114,81,4,4,1,2,2,2,398,299,99,6,london-link-057-b-departure,true,477.5,198.2893434343434,848.0833333333334,438.6333333333333,599.7878787878788,994.8,1703.15,1783705.7005013018,1114665.2503556903,61.54166360154468,1.0013020990345258,1786028.26189232,1786028.26189232,1,1,0,0
profile,tfl-numbat-2019-midweek,evening,5.4545449999999995,11,1,1,off,free-flow,4,drop-offs,5,940GZZLUEUS,0,3900,2992,1800,1798.5,1b439c7c84b85436,330,330,0,0,213,117,7.1,69,96,9.6,21,true,1192,51,119,114,80,2,4,0,1,1,2,321,256,65,5,london-link-020-a-arrival,true,645.5,195.1170202020202,894.2833333333333,440.4166666666667,597.1433838383839,1002.8333333333334,1749.35,1774048.7706814802,1122843.3390291308,61.23972531578683,1.0086759800345102,1789440.3823185952,1786253.2618923194,1.0014936104135503,1.1686735061586424,4,0
profile,tfl-numbat-2019-midweek,evening,5.4545449999999995,11,1,2,off,free-flow,4,destination,3,940GZZLUEUS,0,3900,2820,1800,1798.5,3445851c09ebc1ba,330,330,0,0,212,118,7.066666666666666,74,91,9.2,27,true,1020,52,122,114,78,3,3,0,1,2,2,451,361,90,5,london-link-063-b-departure,true,559.5,194.48479797979797,876.6833333333333,467.9166666666667,598.9763636363637,1040.1333333333334,1386.8,1786107.2824090433,1024357.1822041305,63.55203223161476,1.0073966956393925,1799318.574276123,1799318.574276123,1,1,0,0
profile,tfl-numbat-2019-midweek,evening,5.4545449999999995,11,1,2,off,free-flow,4,drop-offs,9,940GZZLUEUS,0,3900,2885,1800,1798.5,3445851c09ebc1ba,330,330,0,0,214,116,7.133333333333334,74,91,9.333333333333334,25,true,1085,49,121,113,78,2,3,0,1,2,2,293,243,50,4,940GZZLUBND-01-arrival,true,520.5,192.55247474747475,645.85,490.95,597.8378787878788,1024.4,1315.0833333333333,1774910.9743143898,1017946.4583266173,63.55179299775365,1.017110972482563,1805281.4270767567,1799843.5742761234,1.0026623494991393,1.19087107058483,7,0
profile,tfl-numbat-2019-midweek,evening,5.4545449999999995,11,1,3,off,free-flow,4,destination,2,940GZZLUEUS,0,3900,2955,1800,1798.5,8ed279d12330b0cd,330,330,0,0,219,111,7.3,73,92,9.733333333333333,19,true,1155,48,111,108,72,4,2,0,0,1,1,356,281,73,5,940GZZLUBNK-01-departure,true,710.5,189.23974747474747,798.25,452.96666666666664,566.3602525252525,946.9666666666667,1320.9166666666667,1669912.914449251,1091445.6533761392,60.47432354155772,1.0036077853667515,1675937.6017757892,1675937.6017757892,1,1,0,0
profile,tfl-numbat-2019-midweek,evening,5.4545449999999995,11,1,3,off,free-flow,4,drop-offs,7,940GZZLUEUS,0,3900,2874,1800,1798.5,8ed279d12330b0cd,330,330,0,0,221,109,7.366666666666666,73,92,9.866666666666667,17,true,1074,47,110,104,72,2,2,0,0,1,1,223,173,50,5,london-link-048-a-arrival,true,641.5,179.11833333333334,777.75,408.95,557.1844444444445,932.7666666666667,1290.85,1653207.0698933715,1029432.4801404899,61.62613497115198,1.0167921700902605,1680968.0041600242,1676237.6017757892,1.0026898130219677,1.1959461617706177,6,0
profile,tfl-numbat-2019-midweek,evening,5,11.966666666666667,1,1,off,free-flow,4,destination,6,940GZZLUEUS,0,3900,2994,1800,1795,a190a3a06673b595,359,359,0,0,228,131,7.6,74,105,10.266666666666667,26,true,1194,66,136,114,77,3,4,0,0,2,2,292,228,63,6,london-link-087-a-departure,true,659,244.194243268338,883.4333333333333,549.7666666666667,649.1270194986073,1142.5833333333333,1743.85,1936728.5988206298,1221662.044518276,61.32010943311335,1.014123930411732,1964082.8186560585,1964082.8186560585,1,1,0,0
profile,tfl-numbat-2019-midweek,evening,5,11.966666666666667,1,1,off,free-flow,4,drop-offs,11,940GZZLUEUS,0,3900,2996,1800,1795,a190a3a06673b595,359,359,0,0,228,131,7.6,74,105,10.266666666666667,26,true,1196,65,134,114,77,2,4,0,0,2,2,366,298,68,6,london-link-048-a-departure,true,505,228.04275766016715,893.7666666666667,491.78333333333336,635.2949860724234,1070.5,1754.1833333333334,1932019.562062068,1182268.8852231475,62.03727094535017,1.0211491251800604,1972880.0855104183,1964607.8186560583,1.004322029458451,1.2661525241659297,10,0
profile,tfl-numbat-2019-midweek,evening,5,11.966666666666667,1,2,off,free-flow,4,destination,2,940GZZLUEUS,0,3900,3351,1800,1795,140deb2d9657264b,359,359,0,0,217,142,7.233333333333333,75,104,9.466666666666667,38,true,1551,78,145,114,76,4,3,1,1,2,2,651,512,139,5,london-link-020-a-departure,true,849,259.8892293407614,1023.2166666666667,647.95,665.0743268337975,1187.5833333333333,1670.35,1955216.02355615,1274846.3699034639,60.53183454026045,1.0030092552496614,1961099.7675151397,1961099.7675151397,1,1,0,0
profile,tfl-numbat-2019-midweek,evening,5,11.966666666666667,1,2,off,free-flow,4,drop-offs,8,940GZZLUEUS,0,3900,3000,1800,1795,140deb2d9657264b,359,359,0,0,218,141,7.266666666666667,75,104,9.533333333333333,37,true,1200,72,142,114,79,3,3,0,1,2,2,363,302,61,5,london-link-017-a-departure,true,706,244.71787372330547,776.0666666666667,596.7666666666667,650.611931290622,1162.75,1494.35,1940051.1875924363,1192883.4727866559,61.92440628039417,1.0131632535338417,1965588.5731220695,1960574.7675151397,1.0025184043645354,1.1996290282052704,6,0
profile,tfl-numbat-2019-midweek,evening,5,11.966666666666667,1,3,off,free-flow,4,destination,3,940GZZLUEUS,0,3900,3025,1800,1795,3de16aff2dc2b065,359,359,0,0,234,125,7.8,76,103,10.533333333333333,22,true,1225,57,131,114,83,3,2,0,0,1,2,390,298,92,5,london-link-023-a-arrival,true,574,208.6363974001857,766.25,458.2,591.7589600742805,966.4333333333333,1557.15,1836687.6839120768,1242450.8198722303,59.64940133919796,1.0079382969346462,1851267.8560292467,1851267.8560292467,1,1,0,0
profile,tfl-numbat-2019-midweek,evening,5,11.966666666666667,1,3,off,free-flow,4,drop-offs,11,940GZZLUEUS,0,3900,3155,1800,1795,3de16aff2dc2b065,359,359,0,0,236,123,7.866666666666666,78,101,10.533333333333333,22,true,1355,51,127,114,84,2,2,0,0,1,1,324,242,82,5,london-link-048-a-departure,true,724,186.2775766016713,804.0333333333333,423.06666666666666,570.8621169916435,983.7666666666667,1459.6833333333334,1822924.031022344,1203652.207489606,60.23056706209407,1.0201806854674726,1859711.8874321925,1851942.8560292465,1.0045065019219654,1.312648462716758,10,0
profile,tfl-numbat-2019-midweek,evening,4.615385,13.033333333333333,1,1,off,free-flow,4,destination,6,940GZZLUEUS,0,3900,3571,1800,1798.6,e963afde427cc29f,391,391,0,0,228,163,7.6,78,117,10,46,true,1771,94,163,114,85,4,4,0,1,1,1,360,285,75,6,london-link-048-a-departure,true,970.4,304.5745950554135,970.2833333333333,662.55,706.632821824382,1269.05,1799.3166666666666,2093775.5138017244,1424951.2268202677,59.50378270725323,1.0135131268226236,2122068.967695784,2122068.967695784,1,1,0,0
profile,tfl-numbat-2019-midweek,evening,4.615385,13.033333333333333,1,1,off,free-flow,4,drop-offs,16,940GZZLUEUS,0,3900,3332,1800,1798.6,e963afde427cc29f,391,391,0,0,232,159,7.733333333333333,78,117,10.266666666666667,42,true,1532,83,161,114,79,4,4,0,1,1,1,370,293,77,6,london-link-048-a-departure,true,759.4,283.0950554134697,937.5833333333334,619.7166666666667,687.225831202046,1174.0666666666666,1754.9833333333333,2059693.4416037288,1344072.3106970612,60.51219712201024,1.0346121334695426,2130983.8257550453,2122968.9676957848,1.0032142795688972,1.1734982720034715,9,0
profile,tfl-numbat-2019-midweek,evening,4.615385,13.033333333333333,1,2,off,free-flow,4,destination,7,940GZZLUEUS,0,3900,3166,1800,1798.6,5c39f262c2e4a004,391,391,0,0,232,159,7.733333333333333,78,117,10.266666666666667,42,true,1366,87,161,114,77,3,3,0,0,2,1,387,301,86,5,london-link-020-a-departure,true,776.4,280.7466325660699,822.7833333333333,620.9666666666667,685.3811167945439,1140.8,1507.7333333333333,2092715.0648402243,1284391.95139003,61.9676857968288,1.0198627248028593,2134282.088101761,2134282.088101761,1,1,0,0
profile,tfl-numbat-2019-midweek,evening,4.615385,13.033333333333333,1,2,off,free-flow,4,drop-offs,17,940GZZLUEUS,0,3900,3197,1800,1798.6,5c39f262c2e4a004,391,391,0,0,232,159,7.733333333333333,78,117,10.266666666666667,42,true,1397,85,161,114,82,2,4,0,0,2,1,297,231,66,5,london-link-025-a-arrival,true,904.4,266.938746803069,1051.5666666666666,634.8833333333333,674.256095481671,1192.6,1570.1,2065515.4995237929,1295564.1600820248,61.453928758297664,1.039732497604118,2147583.5890014684,2135782.0881017605,1.0048518539302311,1.2091742270902173,14,0
profile,tfl-numbat-2019-midweek,evening,4.615385,13.033333333333333,1,3,off,free-flow,4,destination,4,940GZZLUEUS,0,3900,3049,1800,1798.6,a6a90c310b40c11b,391,391,0,0,244,147,8.133333333333333,79,116,11,31,true,1249,73,149,114,79,3,2,0,1,1,2,422,334,88,5,london-link-020-a-departure,true,660.4,260.4762574595055,834.8166666666667,584.5166666666667,643.5431372549019,1099.3333333333333,1446.4166666666667,2000499.5619105317,1346846.4230035774,59.76375226601691,1.007880155639872,2016263.809679798,2016263.809679798,1,1,0,0
profile,tfl-numbat-2019-midweek,evening,4.615385,13.033333333333333,1,3,off,free-flow,4,drop-offs,14,940GZZLUEUS,0,3900,2864,1800,1798.6,a6a90c310b40c11b,391,391,0,0,245,146,8.166666666666666,79,116,11.066666666666666,30,true,1064,66,146,114,78,4,2,0,0,1,1,490,378,111,5,940GZZLUKSX-01-arrival,true,566.4,233.9490622335891,742.8333333333334,517.8166666666667,619.1761722080137,1026.0166666666667,1440.1166666666666,1967650.7911279905,1227666.1426505817,61.57920581609336,1.0293079329351156,2025318.5684238637,2015063.8096797979,1.004277909647158,1.2561439216383448,12,0
profile,tfl-numbat-2019-midweek,evening,4.2857140000000005,14,1,1,off,free-flow,4,destination,12,940GZZLUEUS,0,3900,3400,1800,1799,e5a5471b5e211a7c,420,420,0,0,236,184,7.866666666666666,80,130,10.4,54,true,1600,106,184,114,78,3,4,0,0,1,2,430,329,93,6,london-link-048-a-departure,true,1138,347.87059523809523,1279.1,746.4333333333333,745.4829365079364,1288.8166666666666,1742.1833333333334,2197293.3430477837,1532720.1738806888,58.90845523951809,1.0249455095144098,2252105.9448514846,2252105.9448514846,1,1,0,0
profile,tfl-numbat-2019-midweek,evening,4.2857140000000005,14,1,1,off,free-flow,4,drop-offs,35,940GZZLUEUS,0,3900,3292,1800,1799,e5a5471b5e211a7c,420,420,0,0,249,171,8.3,80,130,11.266666666666667,41,true,1492,95,173,114,78,3,4,0,1,1,2,477,374,101,5,940GZZLUHAI-diverge,true,1033,316.7713095238095,1173.7833333333333,708.3833333333333,719.5317857142857,1189.5833333333333,1818.5166666666667,2115650.755911514,1490810.0201105233,58.66279677787313,1.0761791594088146,2276819.2519215797,2252180.9448514846,1.0088473466707621,1.3545836091055683,26,0
profile,tfl-numbat-2019-midweek,evening,4.2857140000000005,14,1,2,off,free-flow,4,destination,14,940GZZLUEUS,0,3900,3480,1800,1799,3cfb7a1e8de1cdca,420,420,0,0,233,187,7.766666666666667,81,129,10.133333333333333,58,true,1680,118,187,114,75,3,5,1,1,2,2,530,421,107,5,london-link-057-b-departure,true,1097,354.17876984126985,1210.55,774.3666666666667,758.0138492063492,1316.7,1779.6666666666667,2214155.727608423,1541344.2013705082,58.95768258502994,1.0332627415262976,2287804.617078129,2287804.617078129,1,1,0,0
profile,tfl-numbat-2019-midweek,evening,4.2857140000000005,14,1,2,off,free-flow,4,drop-offs,32,940GZZLUEUS,0,3900,3576,1800,1799,3cfb7a1e8de1cdca,420,420,0,0,245,175,8.166666666666666,81,129,10.933333333333334,46,true,1776,107,175,114,82,3,5,1,1,2,2,452,355,85,5,london-link-009-a-arrival,true,1191,306.4192063492064,1202.8666666666666,715.6666666666666,715.0569841269842,1219.75,1789.1666666666667,2167928.931680128,1483197.941789068,59.376981595280036,1.0662178459780483,2311484.515579868,2289229.61707813,1.0086296538063368,1.2608079986434975,24,0
profile,tfl-numbat-2019-midweek,evening,4.2857140000000005,14,1,3,off,free-flow,4,destination,7,940GZZLUEUS,0,3900,3223,1800,1799,8d1eb005ae7b2be2,420,420,0,0,253,167,8.433333333333334,84,126,11.266666666666667,41,true,1423,100,169,114,76,3,3,0,1,2,1,736,594,140,6,london-link-048-a-departure,true,881,297.3972619047619,1062.6,651.6166666666667,679.1448412698412,1172.4833333333333,1723.6166666666666,2124575.8796780715,1461904.100072133,59.238470357390554,1.0154279863259577,2157353.8071282106,2157353.8071282106,1,1,0,0
profile,tfl-numbat-2019-midweek,evening,4.2857140000000005,14,1,3,off,free-flow,4,drop-offs,24,940GZZLUEUS,0,3900,3234,1800,1799,8d1eb005ae7b2be2,420,420,0,0,259,161,8.633333333333333,84,126,11.666666666666666,35,true,1434,90,167,114,76,4,3,0,0,2,2,602,486,113,5,london-link-020-a-departure,true,766,275.8415873015873,989.4833333333333,646.3166666666667,660.1526190476189,1142.2833333333333,1510.1166666666666,2077740.1299316278,1466643.2409889153,58.62063756923675,1.0443280270954207,2169842.2505462184,2156003.807128211,1.0059318295837025,1.36281384055888,17,0
profile,tfl-numbat-2019-midweek,evening,4,14.966666666666667,1,1,off,free-flow,4,destination,14,940GZZLUEUS,0,3900,3420,1800,1796,9acce1466eaaacf4,449,449,0,0,243,206,8.1,82,142,10.733333333333333,64,true,1620,135,206,114,81,3,7,1,1,2,2,523,396,124,6,940GZZLUWLO-01-departure,true,1134,411.4193392724573,1165.6333333333334,910.9666666666667,811.5779510022272,1423.8666666666666,1878.7333333333333,2355353.6428029514,1603796.347290887,59.491397110396555,1.027466859575866,2420047.8103276375,2420047.8103276375,1,1,0,0
profile,tfl-numbat-2019-midweek,evening,4,14.966666666666667,1,1,off,free-flow,4,drop-offs,49,940GZZLUEUS,0,3900,3385,1800,1796,9acce1466eaaacf4,449,449,0,0,250,199,8.333333333333334,82,142,11.2,57,true,1585,121,200,114,81,3,5,1,1,1,2,454,333,118,6,london-link-048-a-departure,true,936,356.56276911655533,1062.6833333333334,832.7333333333333,762.927988121752,1325.5,1837.35,2235416.8380935225,1534805.3330178028,59.291382222035004,1.0989218605602948,2456548.430630069,2421022.810327637,1.0121349714818964,1.2916145938266779,39,0
profile,tfl-numbat-2019-midweek,evening,4,14.966666666666667,1,2,off,free-flow,4,destination,18,940GZZLUEUS,0,3900,3598,1800,1796,120f96969b81f894,449,449,0,0,242,207,8.066666666666666,84,140,10.533333333333333,67,true,1798,137,209,114,74,3,4,0,1,2,2,532,411,121,5,london-link-023-a-arrival,true,1221,411.85441722345956,1307.05,928.2,817.0521900519674,1426.0166666666667,1829.8833333333334,2359125.2966493396,1623322.5761651632,59.23807095514052,1.0388254372580774,2450719.3676017374,2450719.3676017374,1,1,0,0
profile,tfl-numbat-2019-midweek,evening,4,14.966666666666667,1,2,off,free-flow,4,drop-offs,43,940GZZLUEUS,0,3900,3502,1800,1796,120f96969b81f894,449,449,0,0,246,203,8.2,85,139,10.733333333333333,64,true,1702,127,206,114,74,2,6,1,0,2,2,398,309,87,5,london-link-023-a-arrival,true,1203,374.5269116555308,1234.05,865.2166666666667,785.1195248700817,1394.95,1737.3333333333333,2275466.1507652993,1603595.1702845353,58.66022633922848,1.091254442938191,2483112.5465529608,2450044.3676017392,1.0118296458847302,1.3896601242885815,34,0
profile,tfl-numbat-2019-midweek,evening,4,14.966666666666667,1,3,off,free-flow,4,destination,15,940GZZLUEUS,0,3900,3326,1800,1796,e59e69d0a95354cc,449,449,0,0,255,194,8.5,90,134,11,60,true,1526,122,196,114,75,4,3,0,1,2,1,751,586,165,7,london-link-087-a-departure,true,897,360.63986636971043,1112.8166666666666,750.9833333333333,742.5673348181143,1273.1166666666666,1745.7333333333333,2241810.5024322006,1567666.3464930768,58.84825112048275,1.0284176367563191,2305517.458763163,2305517.458763163,1,1,0,0
profile,tfl-numbat-2019-midweek,evening,4,14.966666666666667,1,3,off,free-flow,4,drop-offs,47,940GZZLUEUS,0,3900,3246,1800,1796,e59e69d0a95354cc,449,449,0,0,263,186,8.766666666666667,90,134,11.533333333333333,52,true,1446,111,186,114,79,3,3,0,1,2,2,425,338,87,6,london-link-081-a-arrival,true,786,312.5028953229399,1011.2166666666667,712.0833333333334,700.0103563474388,1148.5,1677.5833333333333,2161175.1297009196,1514774.0502353965,58.792301631829446,1.0821992457196636,2338822.095038062,2305892.458763163,1.0126355488124636,1.36281384055888,33,0
profile,tfl-numbat-2019-midweek,late,60,0.9666666666666667,1,1,off,free-flow,4,destination,0,940GZZLUEUS,0,3900,2363,1800,1740,3f43491072734442,29,29,0,0,24,5,0.8,6,8,1.2,-3,true,563,2,10,10,10,1,0,0,0,1,1,2,2,0,3,london-link-030-a-arrival,true,0,40.54655172413793,150.4,123.41666666666667,444.6764367816092,786.3666666666667,881.1833333333333,159049.1878895678,41343.45237978257,79.36877705477991,1,159049.1878883184,159049.1878883184,1,1,0,0
profile,tfl-numbat-2019-midweek,late,60,0.9666666666666667,1,1,off,free-flow,4,drop-offs,0,940GZZLUEUS,0,3900,2363,1800,1740,3f43491072734442,29,29,0,0,24,5,0.8,6,8,1.2,-3,true,563,2,10,10,10,1,0,0,0,1,1,2,2,0,3,london-link-030-a-arrival,true,0,40.54655172413793,150.4,123.41666666666667,444.6764367816092,786.3666666666667,881.1833333333333,159049.1878895678,41343.45237978257,79.36877705477991,1,159049.1878883184,159049.1878883184,1,1,0,0
profile,tfl-numbat-2019-midweek,late,60,0.9666666666666667,1,2,off,free-flow,4,destination,0,940GZZLUEUS,0,3900,2390,1800,1740,9611b15078e17182,29,29,0,0,24,5,0.8,8,6,1.0666666666666667,-1,true,590,2,10,10,10,0,0,0,0,1,0,0,0,0,2,london-link-017-a-departure,true,0,47.78103448275862,162.81666666666666,141.81666666666666,469.1465517241379,729.0833333333334,769.2666666666667,165840.76108551992,38885.03164652217,81.00628595566494,1,165840.7610841979,165840.7610841979,1,1,0,0
profile,tfl-numbat-2019-midweek,late,60,0.9666666666666667,1,2,off,free-flow,4,drop-offs,0,940GZZLUEUS,0,3900,2390,1800,1740,9611b15078e17182,29,29,0,0,24,5,0.8,8,6,1.0666666666666667,-1,true,590,2,10,10,10,0,0,0,0,1,0,0,0,0,2,london-link-017-a-departure,true,0,47.78103448275862,162.81666666666666,141.81666666666666,469.1465517241379,729.0833333333334,769.2666666666667,165840.76108551992,38885.03164652217,81.00628595566494,1,165840.7610841979,165840.7610841979,1,1,0,0
profile,tfl-numbat-2019-midweek,late,60,0.9666666666666667,1,3,off,free-flow,4,destination,0,940GZZLUEUS,0,3900,2171,1800,1740,f9d41282ed87e336,29,29,0,0,21,8,0.7,7,7,0.9333333333333333,1,true,371,2,10,10,9,1,1,0,1,2,1,5,4,1,3,london-link-072-a-departure,true,0,47.90862068965517,150.3,150.01666666666668,487.58563218390805,789.0333333333333,863.3833333333333,173312.5723753194,68925.49644139514,71.54638130245891,1,173312.5723738372,173312.5723738372,1,1,0,0
profile,tfl-numbat-2019-midweek,late,60,0.9666666666666667,1,3,off,free-flow,4,drop-offs,0,940GZZLUEUS,0,3900,2171,1800,1740,f9d41282ed87e336,29,29,0,0,21,8,0.7,7,7,0.9333333333333333,1,true,371,2,10,10,9,1,1,0,1,2,1,5,4,1,3,london-link-072-a-departure,true,0,47.90862068965517,150.3,150.01666666666668,487.58563218390805,789.0333333333333,863.3833333333333,173312.5723753194,68925.49644139514,71.54638130245891,1,173312.5723738372,173312.5723738372,1,1,0,0
profile,tfl-numbat-2019-midweek,late,30,1.9666666666666666,1,1,off,free-flow,4,destination,0,940GZZLUEUS,0,3900,2453,1800,1770,7b78c0c6c5b6751f,59,59,0,0,44,15,1.4666666666666666,14,15,2,0,true,653,6,18,18,16,1,0,0,0,1,1,10,8,2,3,940GZZLUMYB-01-arrival,true,110,70.55084745762711,187.78333333333333,151.61666666666667,453.8209039548023,847.1833333333333,881.1833333333333,305891.00811986474,119067.53698332695,71.9813759823528,1,305891.0081162517,305891.0081162517,1,1,0,0
profile,tfl-numbat-2019-midweek,late,30,1.9666666666666666,1,1,off,free-flow,4,drop-offs,0,940GZZLUEUS,0,3900,2453,1800,1770,7b78c0c6c5b6751f,59,59,0,0,44,15,1.4666666666666666,14,15,2,0,true,653,6,18,18,16,1,0,0,0,1,1,10,8,2,3,940GZZLUMYB-01-arrival,true,110,70.55084745762711,187.78333333333333,151.61666666666667,453.8209039548023,847.1833333333333,881.1833333333333,305891.00811986474,119067.53698332695,71.9813759823528,1,305891.0081162517,305891.0081162517,1,1,0,0
profile,tfl-numbat-2019-midweek,late,30,1.9666666666666666,1,2,off,free-flow,4,destination,0,940GZZLUEUS,0,3900,2387,1800,1770,dcdfc76528b14094,59,59,0,0,43,16,1.4333333333333333,13,16,2,0,true,587,7,19,19,16,1,0,0,0,1,1,9,7,2,3,london-link-020-a-arrival,true,118,77.51158192090396,249,187.78333333333333,482.61214689265535,766.9333333333333,832.2333333333333,323999.8969888468,153403.69173101734,67.86708450550984,1,323999.89698494296,323999.89698494296,1,1,0,0
profile,tfl-numbat-2019-midweek,late,30,1.9666666666666666,1,2,off,free-flow,4,drop-offs,0,940GZZLUEUS,0,3900,2387,1800,1770,dcdfc76528b14094,59,59,0,0,43,16,1.4333333333333333,13,16,2,0,true,587,7,19,19,16,1,0,0,0,1,1,9,7,2,3,london-link-020-a-arrival,true,118,77.51158192090396,249,187.78333333333333,482.61214689265535,766.9333333333333,832.2333333333333,323999.8969888468,153403.69173101734,67.86708450550984,1,323999.89698494296,323999.89698494296,1,1,0,0
profile,tfl-numbat-2019-midweek,late,30,1.9666666666666666,1,3,off,free-flow,4,destination,0,940GZZLUEUS,0,3900,2439,1800,1770,ce3fa968a97b9b41,59,59,0,0,45,14,1.5,11,18,2.2666666666666666,-4,true,639,5,19,19,19,1,1,0,0,2,1,2,1,1,3,london-link-088-b-departure,true,143,62.12655367231638,172.98333333333332,167.66666666666666,479.4426553672316,786.5166666666667,863.3833333333333,334019.8664270274,154596.25748756103,68.36038560311921,1,334019.86642290343,334019.86642290343,1,1,0,0
profile,tfl-numbat-2019-midweek,late,30,1.9666666666666666,1,3,off,free-flow,4,drop-offs,0,940GZZLUEUS,0,3900,2439,1800,1770,ce3fa968a97b9b41,59,59,0,0,45,14,1.5,11,18,2.2666666666666666,-4,true,639,5,19,19,19,1,1,0,0,2,1,2,1,1,3,london-link-088-b-departure,true,143,62.12655367231638,172.98333333333332,167.66666666666666,479.4426553672316,786.5166666666667,863.3833333333333,334019.8664270274,154596.25748756103,68.36038560311921,1,334019.86642290343,334019.86642290343,1,1,0,0
profile,tfl-numbat-2019-midweek,late,20,2.966666666666667,1,1,off,free-flow,4,destination,0,940GZZLUEUS,0,3900,2418,1800,1780,696ec036853324f3,89,89,0,0,65,24,2.1666666666666665,21,23,2.933333333333333,1,true,618,8,28,28,23,1,1,0,0,1,1,13,11,2,3,london-link-020-a-arrival,true,203,87.78501872659176,218.9,205.18333333333334,475.42790262172286,822.4,881.1833333333333,466538.29697709193,199726.45357414713,70.02295958042174,1,466538.2969709361,466538.2969709361,1,1,0,0
profile,tfl-numbat-2019-midweek,late,20,2.966666666666667,1,1,off,free-flow,4,drop-offs,0,940GZZLUEUS,0,3900,2418,1800,1780,696ec036853324f3,89,89,0,0,65,24,2.1666666666666665,21,23,2.933333333333333,1,true,618,8,28,28,23,1,1,0,0,1,1,13,11,2,3,london-link-020-a-arrival,true,203,87.78501872659176,218.9,205.18333333333334,475.42790262172286,822.4,881.1833333333333,466538.29697709193,199726.45357414713,70.02295958042174,1,466538.2969709361,466538.2969709361,1,1,0,0
profile,tfl-numbat-2019-midweek,late,20,2.966666666666667,1,2,off,free-flow,4,destination,0,940GZZLUEUS,0,3900,2431,1800,1780,a00e982a26c3858a,89,89,0,0,64,25,2.1333333333333333,20,24,2.933333333333333,1,true,631,8,28,28,22,1,0,0,0,1,1,14,13,1,4,london-link-088-b-departure,true,111,86.47116104868914,326.65,245.98333333333332,506.96367041198505,832.25,944.7333333333333,507770.77882961504,215909.09890392385,70.16510952603518,1,507770.7788227978,507770.7788227978,1,1,0,0
profile,tfl-numbat-2019-midweek,late,20,2.966666666666667,1,2,off,free-flow,4,drop-offs,0,940GZZLUEUS,0,3900,2431,1800,1780,a00e982a26c3858a,89,89,0,0,64,25,2.1333333333333333,20,24,2.933333333333333,1,true,631,8,28,28,22,1,0,0,0,1,1,14,13,1,4,london-link-088-b-departure,true,111,86.47116104868914,326.65,245.98333333333332,506.96367041198505,832.25,944.7333333333333,507770.77882961504,215909.09890392385,70.16510952603518,1,507770.7788227978,507770.7788227978,1,1,0,0
profile,tfl-numbat-2019-midweek,late,20,2.966666666666667,1,3,off,free-flow,4,destination,0,940GZZLUEUS,0,3900,2739,1800,1780,0c012ee02aa5d7cd,89,89,0,0,67,22,2.2333333333333334,18,26,3.2666666666666666,-4,true,939,9,28,28,25,1,1,0,0,2,1,14,10,4,3,london-link-013-a-arrival,true,190,82.34719101123595,229.68333333333334,205.18333333333334,476.62003745318356,787.2166666666667,998.0833333333334,474800.9580344157,259401.0862615265,64.66897793641023,1,474800.95802805026,474800.95802805026,1,1,0,0
profile,tfl-numbat-2019-midweek,late,20,2.966666666666667,1,3,off,free-flow,4,drop-offs,0,940GZZLUEUS,0,3900,2739,1800,1780,0c012ee02aa5d7cd,89,89,0,0,67,22,2.2333333333333334,18,26,3.2666666666666666,-4,true,939,9,28,28,25,1,1,0,0,2,1,14,10,4,3,london-link-013-a-arrival,true,190,82.34719101123595,229.68333333333334,205.18333333333334,476.62003745318356,787.2166666666667,998.0833333333334,474800.9580344157,259401.0862615265,64.66897793641023,1,474800.95802805026,474800.95802805026,1,1,0,0
profile,tfl-numbat-2019-midweek,late,15,3.966666666666667,1,1,off,free-flow,4,destination,0,940GZZLUEUS,0,3900,2664,1800,1785,1908eda44fdc9049,119,119,0,0,87,32,2.9,26,33,4.066666666666666,-1,true,864,11,37,36,29,1,1,0,0,1,1,20,18,2,3,940GZZLUWLO-01-departure,true,232,105.95014005602242,307.78333333333336,244.88333333333333,490.61036414565825,873.4833333333333,1028.2,619341.4070534977,321825.01685372496,65.80572694915331,1,619341.4070680974,619341.4070680974,1,1,0,0
profile,tfl-numbat-2019-midweek,late,15,3.966666666666667,1,1,off,free-flow,4,drop-offs,0,940GZZLUEUS,0,3900,2664,1800,1785,1908eda44fdc9049,119,119,0,0,87,32,2.9,26,33,4.066666666666666,-1,true,864,11,37,36,29,1,1,0,0,1,1,20,18,2,3,940GZZLUWLO-01-departure,true,232,105.95014005602242,307.78333333333336,244.88333333333333,490.61036414565825,873.4833333333333,1028.2,619341.4070534977,321825.01685372496,65.80572694915331,1,619341.4070680974,619341.4070680974,1,1,0,0
profile,tfl-numbat-2019-midweek,late,15,3.966666666666667,1,2,off,free-flow,4,destination,0,940GZZLUEUS,0,3900,2659,1800,1785,c990a351ec0e59e2,119,119,0,0,82,37,2.7333333333333334,24,35,3.8666666666666667,2,true,859,11,42,40,34,1,2,0,0,1,1,7,4,3,3,940GZZLUVIC-01-arrival,true,161,96.51148459383754,355.4166666666667,235.58333333333334,518.7936974789916,853.1,984.0833333333334,681885.2058577273,288596.5377357706,70.26254850841853,1,681885.2058867038,681885.2058867038,1,1,0,0
profile,tfl-numbat-2019-midweek,late,15,3.966666666666667,1,2,off,free-flow,4,drop-offs,0,940GZZLUEUS,0,3900,2659,1800,1785,c990a351ec0e59e2,119,119,0,0,82,37,2.7333333333333334,24,35,3.8666666666666667,2,true,859,11,42,40,34,1,2,0,0,1,1,7,4,3,3,940GZZLUVIC-01-arrival,true,161,96.51148459383754,355.4166666666667,235.58333333333334,518.7936974789916,853.1,984.0833333333334,681885.2058577273,288596.5377357706,70.26254850841853,1,681885.2058867038,681885.2058867038,1,1,0,0
profile,tfl-numbat-2019-midweek,late,15,3.966666666666667,1,3,off,free-flow,4,destination,0,940GZZLUEUS,0,3900,2491,1800,1785,3252cce4e219d7d2,119,119,0,0,88,31,2.933333333333333,27,32,4.066666666666666,-1,true,691,11,37,36,30,1,2,0,0,2,2,14,9,5,3,940GZZLUOXC-01-arrival,true,132,90.91218487394958,251.51666666666668,224.53333333333333,484.81484593837536,790.3833333333333,1002.3666666666667,633868.8087176972,310776.9178597162,67.10122015946598,1,633868.8087356831,633868.8087356831,1,1,0,0
profile,tfl-numbat-2019-midweek,late,15,3.966666666666667,1,3,off,free-flow,4,drop-offs,0,940GZZLUEUS,0,3900,2491,1800,1785,3252cce4e219d7d2,119,119,0,0,88,31,2.933333333333333,27,32,4.066666666666666,-1,true,691,11,37,36,30,1,2,0,0,2,2,14,9,5,3,940GZZLUOXC-01-arrival,true,132,90.91218487394958,251.51666666666668,224.53333333333333,484.81484593837536,790.3833333333333,1002.3666666666667,633868.8087176972,310776.9178597162,67.10122015946598,1,633868.8087356831,633868.8087356831,1,1,0,0
profile,tfl-numbat-2019-midweek,late,12,4.966666666666667,1,1,off,free-flow,4,destination,0,940GZZLUEUS,0,3900,2606,1800,1788,f319e0476eefe869,149,149,0,0,107,42,3.566666666666667,37,37,4.666666666666667,5,true,806,15,48,46,37,1,2,0,0,2,1,33,25,8,3,940GZZLUKSX-01-arrival,true,227,114.70257270693513,339.03333333333336,265.65,516.7365771812081,844.1666666666666,987.05,811650.8505083545,349582.4185075621,69.89559050406689,1,811650.8505670988,811650.8505670988,1,1,0,0
profile,tfl-numbat-2019-midweek,late,12,4.966666666666667,1,1,off,free-flow,4,drop-offs,1,940GZZLUEUS,0,3900,2606,1800,1788,f319e0476eefe869,149,149,0,0,107,42,3.566666666666667,37,37,4.666666666666667,5,true,806,16,47,45,37,1,2,0,0,2,1,27,18,9,3,940GZZLUKSX-01-arrival,true,226,113.21610738255033,339.03333333333336,265.65,515.6902684563759,847.2833333333333,987.05,810192.7314285022,351572.01271829737,69.73810623109483,1.0027270077014012,812402.1333052835,811650.8505670988,1.0005923240056243,1.0882562768380446,1,0
profile,tfl-numbat-2019-midweek,late,12,4.966666666666667,1,2,off,free-flow,4,destination,0,940GZZLUEUS,0,3900,2636,1800,1788,25b0287529ffabe9,149,149,0,0,98,51,3.2666666666666666,34,40,4.266666666666667,11,true,836,18,52,51,39,1,2,0,0,1,1,32,26,6,3,940GZZLUBNK-01-departure,true,311,121.24049217002238,401.18333333333334,312.46666666666664,551.8847874720358,881.5166666666667,1020.2833333333333,871223.6727990728,369932.10255378194,70.19454689733753,1,871223.672871359,871223.672871359,1,1,0,0
profile,tfl-numbat-2019-midweek,late,12,4.966666666666667,1,2,off,free-flow,4,drop-offs,0,940GZZLUEUS,0,3900,2636,1800,1788,25b0287529ffabe9,149,149,0,0,98,51,3.2666666666666666,34,40,4.266666666666667,11,true,836,18,52,51,39,1,2,0,0,1,1,32,26,6,3,940GZZLUBNK-01-departure,true,311,121.24049217002238,401.18333333333334,312.46666666666664,551.8847874720358,881.5166666666667,1020.2833333333333,871223.6727990728,369932.10255378194,70.19454689733753,1,871223.672871359,871223.672871359,1,1,0,0
profile,tfl-numbat-2019-midweek,late,12,4.966666666666667,1,3,off,free-flow,4,destination,0,940GZZLUEUS,0,3900,2569,1800,1788,04c7ef6a02d9c80e,149,149,0,0,108,41,3.6,36,38,4.8,3,true,769,15,46,45,37,1,2,0,1,2,1,50,38,12,3,940GZZLUKSX-01-departure,true,218,96.47125279642059,271.8833333333333,232.26666666666668,495.08523489932884,802.1,1002.3666666666667,803200.9447015771,341471.5970144569,70.16862163020524,1,803200.9447582858,803200.9447582858,1,1,0,0
profile,tfl-numbat-2019-midweek,late,12,4.966666666666667,1,3,off,free-flow,4,drop-offs,1,940GZZLUEUS,0,3900,2569,1800,1788,04c7ef6a02d9c80e,149,149,0,0,109,40,3.6333333333333333,36,38,4.866666666666666,2,true,769,15,46,45,36,1,2,0,1,2,1,53,40,13,3,940GZZLUKSX-01-departure,true,218,95.38736017897092,271.8833333333333,232.26666666666668,494.38758389261744,802.1,1002.3666666666667,800887.7251892576,348912.21004821226,69.65452863970194,1.0035574934355607,803736.878070585,802975.9447582858,1.0010700741033798,1.1594410414035916,1,0
profile,tfl-numbat-2019-midweek,late,10,5.966666666666667,1,1,off,free-flow,4,destination,0,940GZZLUEUS,0,3900,2565,1800,1790,6ce0ab44737101c7,179,179,0,0,116,63,3.8666666666666667,41,48,5,15,true,765,21,64,62,46,1,2,0,0,1,1,33,23,10,3,940GZZLUEUS-01-departure,true,369,135.06582867783985,408.71666666666664,316.6,540.8087523277467,886.5333333333333,1021.6333333333333,984060.4855885524,414473.7617734573,70.36370310163944,1,984060.4856865162,984060.4856865162,1,1,0,0
profile,tfl-numbat-2019-midweek,late,10,5.966666666666667,1,1,off,free-flow,4,drop-offs,0,940GZZLUEUS,0,3900,2565,1800,1790,6ce0ab44737101c7,179,179,0,0,116,63,3.8666666666666667,41,48,5,15,true,765,21,64,62,46,1,2,0,0,1,1,33,23,10,3,940GZZLUEUS-01-departure,true,369,135.06582867783985,408.71666666666664,316.6,540.8087523277467,886.5333333333333,1021.6333333333333,984060.4855885524,414473.7617734573,70.36370310163944,1,984060.4856865162,984060.4856865162,1,1,0,0
profile,tfl-numbat-2019-midweek,late,10,5.966666666666667,1,2,off,free-flow,4,destination,0,940GZZLUEUS,0,3900,2673,1800,1790,a6ba80452bf89cc8,179,179,0,0,123,56,4.1,41,48,5.466666666666667,8,true,873,20,60,58,44,1,2,0,1,2,1,39,29,10,4,london-link-063-a-departure,true,360,132.94944134078213,385.4,310.8833333333333,560.6238361266295,935.4833333333333,1032.15,1038278.5444730024,493970.69174063625,67.76172700459007,1,1038278.5445832298,1038278.5445832298,1,1,0,0
profile,tfl-numbat-2019-midweek,late,10,5.966666666666667,1,2,off,free-flow,4,drop-offs,1,940GZZLUEUS,0,3900,2713,1800,1790,a6ba80452bf89cc8,179,179,0,0,122,57,4.066666666666666,42,47,5.333333333333333,10,true,913,21,60,59,44,1,2,0,0,2,2,55,44,11,4,london-link-020-a-arrival,true,290,133.57988826815642,370.2,313.8833333333333,561.9038175046555,941.0833333333334,1025.0333333333333,1036382.2325432316,498793.71309284936,67.50901976345256,1.0027810639277426,1039264.4778955288,1038503.5445832296,1.0005722632760374,1.102435126410673,1,0
profile,tfl-numbat-2019-midweek,late,10,5.966666666666667,1,3,off,free-flow,4,destination,0,940GZZLUEUS,0,3900,2596,1800,1790,6b141e3b4a5792f4,179,179,0,0,126,53,4.2,40,49,5.733333333333333,4,true,796,17,56,54,44,2,1,0,1,1,1,83,67,16,4,london-link-048-a-arrival,true,371,115.25437616387336,392.18333333333334,277.6,502.23938547486034,794.35,1006.9333333333333,935210.0361751531,453387.9429374028,67.3492292400454,1,935210.0362618536,935210.0362618536,1,1,0,0
profile,tfl-numbat-2019-midweek,late,10,5.966666666666667,1,3,off,free-flow,4,drop-offs,0,940GZZLUEUS,0,3900,2596,1800,1790,6b141e3b4a5792f4,179,179,0,0,126,53,4.2,40,49,5.733333333333333,4,true,796,17,56,54,44,2,1,0,1,1,1,83,67,16,4,london-link-048-a-arrival,true,371,115.25437616387336,392.18333333333334,277.6,502.23938547486034,794.35,1006.9333333333333,935210.0361751531,453387.9429374028,67.3492292400454,1,935210.0362618536,935210.0362618536,1,1,0,0
profile,tfl-numbat-2019-midweek,late,8.571429,7,1,1,off,free-flow,4,destination,0,940GZZLUEUS,0,3900,2675,1800,1799,ff106fd3f52d9cd6,210,210,0,0,137,73,4.566666666666666,46,59,6.066666666666666,14,true,875,26,78,75,52,3,2,0,0,2,2,83,68,15,4,940GZZLUPCC-01-arrival,true,383,155.01944444444445,478.4,355.1,558.0673015873016,908.3833333333333,1048.2,1144873.638172107,592061.718135748,65.91342815461633,1,1144873.6382595787,1144873.6382595787,1,1,0,0
profile,tfl-numbat-2019-midweek,late,8.571429,7,1,1,off,free-flow,4,drop-offs,1,940GZZLUEUS,0,3900,2678,1800,1799,ff106fd3f52d9cd6,210,210,0,0,137,73,4.566666666666666,46,59,6.066666666666666,14,true,878,27,77,74,50,3,2,0,0,2,2,80,65,15,4,940GZZLUPCC-01-departure,true,383,156.63801587301586,478.4,359.43333333333334,559.9696825396825,931.4333333333333,1048.2,1144627.9284606637,603580.712735654,65.47433192398493,1.0012476305116673,1146056.001276463,1145173.6382595787,1.0004476870570969,1.09401428199032,1,0
profile,tfl-numbat-2019-midweek,late,8.571429,7,1,2,off,free-flow,4,destination,0,940GZZLUEUS,0,3900,2783,1800,1799,1a27ca72858d2a15,210,210,0,0,135,75,4.5,46,59,5.933333333333334,16,true,983,29,76,73,50,2,4,1,1,2,2,93,74,19,4,940GZZLUEUS-01-arrival,true,466,168.06150793650795,503.5,398.4,595.922380952381,953.75,1074.1333333333334,1217439.1106599856,670188.1897783197,64.49573548641182,1,1217439.110728679,1217439.110728679,1,1,0,0
profile,tfl-numbat-2019-midweek,late,8.571429,7,1,2,off,free-flow,4,drop-offs,1,940GZZLUEUS,0,3900,2783,1800,1799,1a27ca72858d2a15,210,210,0,0,136,74,4.533333333333333,46,59,6,15,true,983,29,76,72,50,2,3,0,0,2,2,77,61,16,4,940GZZLUEUS-01-arrival,true,466,167.389126984127,499.5833333333333,398.4,595.3175396825396,953.75,1059.2166666666667,1212806.8042736726,665172.2956502233,64.58042074711167,1.0043232274741547,1218050.0440409782,1217139.110728679,1.0006182171051727,1.1298255920863005,1,0
profile,tfl-numbat-2019-midweek,late,8.571429,7,1,3,off,free-flow,4,destination,0,940GZZLUEUS,0,3900,2601,1800,1799,a7d9d942eff35942,210,210,0,0,150,60,5,46,59,6.933333333333334,1,true,801,23,65,63,50,2,3,0,0,1,2,113,84,29,4,london-link-017-a-departure,true,276,124.51269841269841,343.56666666666666,310.2,511.2224603174603,801.7,1013.85,1097109.667995658,520318.4281438459,67.83050638320505,1,1097109.668095687,1097109.668095687,1,1,0,0
profile,tfl-numbat-2019-midweek,late,8.571429,7,1,3,off,free-flow,4,drop-offs,2,940GZZLUEUS,0,3900,2600,1800,1799,a7d9d942eff35942,210,210,0,0,151,59,5.033333333333333,46,59,7,0,true,800,23,65,62,50,2,3,0,0,1,2,126,96,30,4,london-link-023-a-departure,true,276,122.39968253968254,343.56666666666666,308.8833333333333,509.8200793650793,805.7333333333333,1007.45,1092044.9146444134,526710.2808936418,67.46201758329681,1.0063634484232624,1098994.0862364476,1097109.6680956872,1.0013924878435523,1.1571886212783031,2,0
profile,tfl-numbat-2019-midweek,late,7.5,7.966666666666667,1,1,off,free-flow,4,destination,1,940GZZLUEUS,0,3900,2976,1800,1792.5,4c95945b07ad4db4,239,239,0,0,152,87,5.066666666666666,53,66,6.6,21,true,1176,35,91,87,59,2,2,0,1,2,2,82,62,20,4,940GZZLULSQ-01-arrival,true,545.5,179.61415620641563,546.3666666666667,378.9,587.53410041841,930.4333333333333,1182.5166666666667,1314086.503220951,802616.496722047,62.08176127006665,1.0038890661362476,1319197.0725842575,1319197.0725842575,1,1,0,0
profile,tfl-numbat-2019-midweek,late,7.5,7.966666666666667,1,1,off,free-flow,4,drop-offs,3,940GZZLUEUS,0,3900,2712,1800,1792.5,4c95945b07ad4db4,239,239,0,0,154,85,5.133333333333334,53,66,6.733333333333333,19,true,912,34,91,85,59,1,2,0,1,2,2,71,54,17,4,940GZZLULSQ-01-arrival,true,323.5,174.72182705718268,475.6666666666667,378.06666666666666,583.0151324965133,907.5,1117.6833333333334,1308425.458808335,722248.308137535,64.43307044716516,1.0091455493950305,1320391.7285167493,1318822.0725842575,1.0014773259463872,1.2394379185430509,2,0
profile,tfl-numbat-2019-midweek,late,7.5,7.966666666666667,1,2,off,free-flow,4,destination,0,940GZZLUEUS,0,3900,2731,1800,1792.5,bc66ba7eac15925a,239,239,0,0,146,93,4.866666666666666,50,69,6.4,24,true,931,40,94,91,57,2,3,0,0,1,1,153,122,31,5,london-link-063-a-departure,true,478.5,198.63598326359835,544.45,424.43333333333334,615.2951882845188,976.2,1259.75,1348432.2170605008,850252.2356895561,61.329046802232895,1,1348432.2170951061,1348432.2170951061,1,1,0,0
profile,tfl-numbat-2019-midweek,late,7.5,7.966666666666667,1,2,off,free-flow,4,drop-offs,0,940GZZLUEUS,0,3900,2731,1800,1792.5,bc66ba7eac15925a,239,239,0,0,146,93,4.866666666666666,50,69,6.4,24,true,931,40,94,91,57,2,3,0,0,1,1,153,122,31,5,london-link-063-a-departure,true,478.5,198.63598326359835,544.45,424.43333333333334,615.2951882845188,976.2,1259.75,1348432.2170605008,850252.2356895561,61.329046802232895,1,1348432.2170951061,1348432.2170951061,1,1,0,0
profile,tfl-numbat-2019-midweek,late,7.5,7.966666666666667,1,3,off,free-flow,4,destination,1,940GZZLUEUS,0,3900,2662,1800,1792.5,0ae3f856fd211af2,239,239,0,0,163,76,5.433333333333334,51,68,7.466666666666667,8,true,862,29,78,76,56,3,3,0,0,1,2,133,105,28,4,london-link-013-a-arrival,true,460.5,150.68542538354254,484.81666666666666,352.1333333333333,539.6454672245467,849.5833333333334,1095.7166666666667,1252650.945242702,636096.5689833873,66.32177862883772,1.0024121500783802,1255672.527378037,1255672.527378037,1,1,0,0
profile,tfl-numbat-2019-midweek,late,7.5,7.966666666666667,1,3,off,free-flow,4,drop-offs,6,940GZZLUEUS,0,3900,2656,1800,1792.5,0ae3f856fd211af2,239,239,0,0,168,71,5.6,51,68,7.8,3,true,856,29,77,73,57,3,2,0,0,1,2,128,105,22,4,940GZZLUTCR-01-arrival,true,318.5,137.98124128312415,395.8333333333333,340.5,527.9667364016736,839.4166666666666,1016.0166666666667,1237450.95192546,602468.2952072504,67.25572080697978,1.0177548846161706,1259421.7508594114,1254697.527378037,1.0032926639513742,1.2115303575638559,5,0
profile,tfl-numbat-2019-midweek,late,6.666667,8.966666666666667,1,1,off,free-flow,4,destination,0,940GZZLUEUS,0,3900,2941,1800,1793.3333333333333,cde8843fbd18461c,269,269,0,0,173,96,5.766666666666667,56,78,7.8,18,true,1141,45,106,101,63,2,3,0,0,2,2,194,157,37,5,london-link-045-a-departure,true,537.6666666666666,203.34665427509293,650.6833333333333,432.43333333333334,615.051239157373,961.3166666666667,1216.8,1496588.5062722573,998100.3121112097,59.990989467056316,1,1496588.5062676866,1496588.5062676866,1,1,0,0
profile,tfl-numbat-2019-midweek,late,6.666667,8.966666666666667,1,1,off,free-flow,4,drop-offs,2,940GZZLUEUS,0,3900,2941,1800,1793.3333333333333,cde8843fbd18461c,269,269,0,0,172,97,5.733333333333333,56,78,7.733333333333333,19,true,1141,44,105,99,63,2,3,0,0,2,2,170,138,32,5,london-link-045-a-departure,true,614.6666666666666,200.96003717472118,694.45,428.15,613.1295539033457,961.3166666666667,1216.8,1487942.7078529084,979868.6038669439,60.29402251243999,1.0068290845186756,1498103.9943617138,1496438.506267687,1.0007140091006763,1.1050094331482203,2,0
profile,tfl-numbat-2019-midweek,late,6.666667,8.966666666666667,1,2,off,free-flow,4,destination,1,940GZZLUEUS,0,3900,2794,1800,1793.3333333333333,83a165183527ecc2,269,269,0,0,162,107,5.4,54,80,7.2,27,true,994,45,108,105,66,2,3,0,0,1,1,219,176,41,5,london-link-063-a-departure,true,495.6666666666667,208.15,562.1333333333333,476.4,623.4449814126394,997.4666666666667,1212.2166666666667,1507349.2025127546,977641.6151143293,60.65813973317299,1.0020095424302027,1510378.2846858809,1510378.2846858809,1,1,0,0
profile,tfl-numbat-2019-midweek,late,6.666667,8.966666666666667,1,2,off,free-flow,4,drop-offs,2,940GZZLUEUS,0,3900,2800,1800,1793.3333333333333,83a165183527ecc2,269,269,0,0,163,106,5.433333333333334,54,80,7.266666666666667,26,true,1000,50,109,105,63,2,3,0,0,2,2,250,197,51,5,london-link-063-a-departure,true,492.6666666666667,213.58122676579927,601.2166666666667,491.8666666666667,629.5332713754648,998.3,1155.0166666666667,1499542.5780130879,1009333.6625062726,59.76949176666716,1.0078285326241385,1511281.7960019782,1509553.2846858806,1.0007975906103732,1.1085797700482047,2,0
profile,tfl-numbat-2019-midweek,late,6.666667,8.966666666666667,1,3,off,free-flow,4,destination,1,940GZZLUEUS,0,3900,2742,1800,1793.3333333333333,83299e1e302850ba,269,269,0,0,183,86,6.1,56,78,8.466666666666667,8,true,942,37,92,87,60,2,2,0,1,2,1,226,181,43,4,940GZZLUWLO-01-arrival,true,424.6666666666667,173.9706939281289,537.7833333333333,390.6,567.0586741016109,945.1333333333333,1132,1423009.593661092,804854.8603724336,63.87325723900068,1.0026939516406503,1426843.112705321,1426843.112705321,1,1,0,0
profile,tfl-numbat-2019-midweek,late,6.666667,8.966666666666667,1,3,off,free-flow,4,drop-offs,6,940GZZLUEUS,0,3900,2742,1800,1793.3333333333333,83299e1e302850ba,269,269,0,0,183,86,6.1,57,77,8.4,9,true,942,38,92,88,67,2,2,0,1,1,1,178,139,38,4,940GZZLUPCC-01-departure,true,405.6666666666667,165.35997521685255,503.46666666666664,367.1166666666667,559.4314126394052,927.2333333333333,1140.7166666666667,1406230.6431011006,765691.2164134551,64.74591325377635,1.0176584634307775,1431062.5155071942,1426993.1127053206,1.002955645759846,1.196291553160177,4,0
profile,tfl-numbat-2019-midweek,late,6,9.966666666666667,1,1,off,free-flow,4,destination,1,940GZZLUEUS,0,3900,2974,1800,1794,98fed7f7e0b5d5be,299,299,0,0,188,111,6.266666666666667,61,88,8.466666666666667,23,true,1174,52,117,112,74,2,2,0,1,1,1,268,216,51,5,london-link-048-a-departure,true,548,220.99364548494984,701.1833333333333,503.85,629.1097547380157,1027.25,1287.5666666666666,1640089.1505384916,1157223.7095943694,58.63088015334095,1.0051445455789614,1648526.6638854921,1648526.6638854921,1,1,0,0
profile,tfl-numbat-2019-midweek,late,6,9.966666666666667,1,1,off,free-flow,4,drop-offs,5,940GZZLUEUS,0,3900,3129,1800,1794,98fed7f7e0b5d5be,299,299,0,0,186,113,6.2,61,88,8.333333333333334,25,true,1329,52,117,111,76,2,2,0,1,1,1,215,165,50,5,london-link-106-a-departure,true,643,211.40401337792642,738.7166666666667,467.93333333333334,619.8774247491639,958.7333333333333,1430.5166666666667,1628764.6802066339,1143560.7004111798,58.750848352571914,1.0138955042278672,1651397.186667756,1648076.6638854921,1.0014092324756878,1.1255239289399073,4,0
profile,tfl-numbat-2019-midweek,late,6,9.966666666666667,1,2,off,free-flow,4,destination,1,940GZZLUEUS,0,3900,3429,1800,1794,37d7a79f46029bb5,299,299,0,0,184,115,6.133333333333334,57,92,8.466666666666667,23,true,1629,55,124,114,71,2,3,0,2,1,2,260,201,59,5,london-link-031-b-departure,true,678,234.2550724637681,743.4833333333333,521.8833333333333,647.9768115942029,1020.2333333333333,1700.2166666666667,1667490.2912950527,1228677.622265499,57.5757463331965,1.0011230985121042,1669363.047111829,1669363.047111829,1,1,0,0
profile,tfl-numbat-2019-midweek,late,6,9.966666666666667,1,2,off,free-flow,4,drop-offs,5,940GZZLUEUS,0,3900,2945,1800,1794,37d7a79f46029bb5,299,299,0,0,184,115,6.133333333333334,58,91,8.4,24,true,1145,54,120,114,71,3,3,0,1,2,1,370,288,82,5,london-link-048-a-departure,true,569,225.89871794871794,791,506.98333333333335,640.4459866220736,1030.1,1285.1833333333334,1649515.515626604,1174246.5348168807,58.41552815569358,1.0137026440798964,1672118.2395972912,1668163.0471118293,1.0022875825072814,1.2908187465500698,5,0
profile,tfl-numbat-2019-midweek,late,6,9.966666666666667,1,3,off,free-flow,4,destination,3,940GZZLUEUS,0,3900,2694,1800,1794,fc6ee2bcadca4be9,299,299,0,0,200,99,6.666666666666667,62,87,9.2,12,true,894,40,102,97,64,2,2,0,0,2,2,278,226,52,5,940GZZLUPCC-merge,true,378,185.81532887402452,520.8833333333333,405.75,574.6663322185061,924.5,1173.8833333333334,1550541.949357811,912039.1092704027,62.96409792989896,1.010586599748826,1566956.9163514622,1566956.9163514622,1,1,0,0
profile,tfl-numbat-2019-midweek,late,6,9.966666666666667,1,3,off,free-flow,4,drop-offs,8,940GZZLUEUS,0,3900,2613,1800,1794,fc6ee2bcadca4be9,299,299,0,0,206,93,6.866666666666666,62,87,9.6,6,true,813,39,100,95,64,4,2,0,0,2,2,349,282,67,5,940GZZLUPCC-01-arrival,true,385,176.94520624303232,503.5,402.1166666666667,567.5065217391304,926.8333333333334,1109.1,1533652.0419599107,812831.3614464152,65.35959469108326,1.0254180995438233,1572634.5622137687,1567781.9163514625,1.0024890426144466,1.19087107058483,6,0
profile,tfl-numbat-2019-midweek,late,5.4545449999999995,11,1,1,off,free-flow,4,destination,2,940GZZLUEUS,0,3900,3144,1800,1798.5,a742cd2d2261b9db,330,330,0,0,202,128,6.733333333333333,67,98,9,30,true,1344,66,133,114,74,2,2,0,0,1,1,342,279,61,5,london-link-020-a-departure,true,773.5,255.56838383838385,816.5833333333334,549.0833333333334,662.8568181818182,1085.3333333333333,1653.7833333333333,1805054.2281363143,1297449.823674593,58.18055989589179,1.0050093969558123,1814096.461207461,1814096.461207461,1,1,0,0
profile,tfl-numbat-2019-midweek,late,5.4545449999999995,11,1,1,off,free-flow,4,drop-offs,10,940GZZLUEUS,0,3900,3109,1800,1798.5,a742cd2d2261b9db,330,330,0,0,200,130,6.666666666666667,67,98,8.866666666666667,32,true,1309,63,132,114,73,3,2,0,0,1,1,279,224,53,6,london-link-106-a-arrival,true,712.5,244.07434343434343,805.6166666666667,544.9166666666666,652.5433333333333,1086.7166666666667,1468.3666666666666,1785526.2104669344,1281586.7331459115,58.215209002499556,1.0197075082755438,1820714.4829553664,1812746.461207461,1.004217452975244,1.2451302768674728,10,0
profile,tfl-numbat-2019-midweek,late,5.4545449999999995,11,1,2,off,free-flow,4,destination,6,940GZZLUEUS,0,3900,2973,1800,1798.5,be1a4b815253bd7f,330,330,0,0,202,128,6.733333333333333,60,105,9.466666666666667,23,true,1173,65,134,114,72,3,3,0,0,2,1,333,258,74,5,940GZZLUVIC-01-arrival,true,789.5,252.66797979797983,947.0666666666667,563.7,666.161111111111,1068.9666666666667,1325.3,1820629.330433035,1292365.9482673602,58.48480859865313,1.012868746673149,1844058.5479831481,1844058.5479831481,1,1,0,0
profile,tfl-numbat-2019-midweek,late,5.4545449999999995,11,1,2,off,free-flow,4,drop-offs,10,940GZZLUEUS,0,3900,3385,1800,1798.5,be1a4b815253bd7f,330,330,0,0,204,126,6.8,60,105,9.6,21,true,1585,65,131,114,71,3,3,0,0,2,2,396,298,98,6,london-link-098-a-arrival,true,764.5,246.51797979797982,857.9666666666667,558.8,661.9283333333334,1068.0666666666666,1814.7,1813742.5292513485,1319161.0904130896,57.89333951631798,1.020137979572146,1850267.639166743,1843758.5479831481,1.0041391187867283,1.2831365793340015,8,0
profile,tfl-numbat-2019-midweek,late,5.4545449999999995,11,1,3,off,free-flow,4,destination,3,940GZZLUEUS,0,3900,2878,1800,1798.5,aeaa655b97568ddc,330,330,0,0,214,116,7.133333333333334,68,97,9.733333333333333,19,true,1078,53,118,113,75,2,3,0,1,2,1,452,367,85,6,london-link-020-a-departure,true,547.5,204.8421212121212,674.5333333333333,481.01666666666665,594.2905555555556,982.6833333333333,1220.65,1716316.3942568908,1158814.2972112724,59.69524791864216,1.008524085162164,1730946.421304977,1730946.421304977,1,1,0,0
profile,tfl-numbat-2019-midweek,late,5.4545449999999995,11,1,3,off,free-flow,4,drop-offs,9,940GZZLUEUS,0,3900,2954,1800,1798.5,aeaa655b97568ddc,330,330,0,0,216,114,7.2,68,97,9.866666666666667,17,true,1154,52,117,110,73,3,3,0,1,2,1,305,248,53,5,london-link-017-a-arrival,true,600.5,199.54828282828282,643.5833333333334,476.8833333333333,589.7236868686869,954.8333333333334,1296.8833333333334,1699215.136840144,1160750.9068673437,59.41382208291479,1.0212549024606699,1735331.788775496,1729446.4213049773,1.0027732766980944,1.240991610409692,7,0
profile,tfl-numbat-2019-midweek,late,5,11.966666666666667,1,1,off,free-flow,4,destination,3,940GZZLUEUS,0,3900,3241,1800,1795,c4d654bacd1c393f,359,359,0,0,210,149,7,71,108,9.266666666666667,41,true,1441,85,151,114,76,2,2,0,1,1,1,280,233,47,5,london-link-013-a-departure,true,744,304.58932219127206,932.1166666666667,652.9333333333333,711.7206592386258,1155,1735.7166666666667,1966335.7941870617,1400869.121677969,58.39667746154714,1.0060663293354764,1978264.2345721608,1978264.2345721608,1,1,0,0
profile,tfl-numbat-2019-midweek,late,5,11.966666666666667,1,1,off,free-flow,4,drop-offs,17,940GZZLUEUS,0,3900,3349,1800,1795,c4d654bacd1c393f,359,359,0,0,218,141,7.266666666666667,71,108,9.8,33,true,1549,73,146,114,82,3,2,0,1,1,2,313,235,78,5,london-link-020-a-departure,true,819,270.71550603528317,829.1166666666667,587.1333333333333,681.603296193129,1130.7666666666667,1843.3166666666666,1924165.8032715954,1436152.3990062997,57.26141655177894,1.0353425917889874,1992170.8096723203,1978639.2345721603,1.0056794448788493,1.2112839457580828,14,0
profile,tfl-numbat-2019-midweek,late,5,11.966666666666667,1,2,off,free-flow,4,destination,6,940GZZLUEUS,0,3900,3245,1800,1795,9df3d2223b4cc3f6,359,359,0,0,212,147,7.066666666666666,62,117,10,30,true,1445,82,150,114,73,3,3,0,0,1,1,532,421,111,6,london-link-048-a-departure,true,662,304.4300835654596,936.65,667.4333333333333,715.9831940575673,1148.25,1753.7833333333333,1974709.1969635275,1437666.5109097331,57.86904391586621,1.009337005557357,1993147.067580574,1993147.067580574,1,1,0,0
profile,tfl-numbat-2019-midweek,late,5,11.966666666666667,1,2,off,free-flow,4,drop-offs,15,940GZZLUEUS,0,3900,3204,1800,1795,9df3d2223b4cc3f6,359,359,0,0,207,152,6.9,62,117,9.666666666666666,35,true,1404,82,153,114,72,4,3,0,0,2,2,455,338,117,6,london-link-031-b-departure,true,871,299.02952646239555,940.3166666666667,681.7166666666667,712.1637418755803,1138.9833333333333,1763.9833333333333,1952810.2663366864,1446906.824001668,57.44037560908735,1.025308536635229,2002233.0363790798,1992622.0675805744,1.0056282983841833,1.2791415903177243,11,0
profile,tfl-numbat-2019-midweek,late,5,11.966666666666667,1,3,off,free-flow,4,destination,5,940GZZLUEUS,0,3900,3055,1800,1795,fb2a73a1032500d7,359,359,0,0,226,133,7.533333333333333,72,107,10.266666666666667,26,true,1255,63,138,114,78,2,3,0,2,2,2,305,241,64,5,london-link-020-a-departure,true,766,251.57000928505107,980.4666666666667,551.55,639.3899257195915,1011.6333333333333,1473.9333333333334,1850534.3380113165,1278303.5237862675,59.14446256886398,1.0144249061120383,1877228.121996961,1877228.121996961,1,1,0,0
profile,tfl-numbat-2019-midweek,late,5,11.966666666666667,1,3,off,free-flow,4,drop-offs,17,940GZZLUEUS,0,3900,3213,1800,1795,fb2a73a1032500d7,359,359,0,0,227,132,7.566666666666666,74,105,10.2,27,true,1413,59,134,114,74,3,3,0,2,2,2,314,239,75,5,london-link-020-a-departure,true,793,232.00547818012998,827.7,521.0166666666667,622.5131383472609,979.8666666666667,1452.1833333333334,1814902.9004046775,1286121.4116907248,58.525916527830255,1.0405819892896482,1888555.270380818,1877303.1219969608,1.0059726266830997,1.411256477816514,13,0
profile,tfl-numbat-2019-midweek,late,4.615385,13.033333333333333,1,1,off,free-flow,4,destination,8,940GZZLUEUS,0,3900,3279,1800,1798.6,5901994003b35650,391,391,0,0,221,170,7.366666666666666,70,125,10.066666666666666,45,true,1479,99,172,114,78,3,2,0,0,2,2,391,318,73,6,london-link-020-a-departure,true,769.4,337.22067348678604,903.95,724.3833333333333,745.3902813299233,1247.3166666666666,1608.6,2118125.512090745,1511397.0463710872,58.35824073203702,1.0170115541631006,2154158.1187956533,2154158.1187956533,1,1,0,0
profile,tfl-numbat-2019-midweek,late,4.615385,13.033333333333333,1,1,off,free-flow,4,drop-offs,22,940GZZLUEUS,0,3900,3627,1800,1798.6,5901994003b35650,391,391,0,0,226,165,7.533333333333333,71,124,10.333333333333334,41,true,1827,92,168,114,77,3,2,0,0,1,2,302,238,61,5,london-link-017-a-arrival,true,1110.4,323.07429667519176,1110.3333333333333,687.85,733.9841005967604,1190.9333333333334,1878.6833333333334,2081456.453820809,1567020.0785027416,57.05001622951986,1.0414101984177446,2167649.9784088535,2151083.118795653,1.0066336410965935,1.2875180627301377,19,0
profile,tfl-numbat-2019-midweek,late,4.615385,13.033333333333333,1,2,off,free-flow,4,destination,7,940GZZLUEUS,0,3900,3608,1800,1798.6,fe98d1722db6b27e,391,391,0,0,218,173,7.266666666666667,68,127,10,46,true,1808,108,175,114,76,3,4,0,0,2,2,514,396,117,5,london-link-031-b-departure,true,1106.4,372.3388746803069,1140.0666666666666,777.8,780.9997016197784,1248.0666666666666,1822.5666666666666,2128766.8186543994,1708821.5067536694,55.471474221457505,1.0134286622798128,2157353.309164359,2157353.309164359,1,1,0,0
profile,tfl-numbat-2019-midweek,late,4.615385,13.033333333333333,1,2,off,free-flow,4,drop-offs,28,940GZZLUEUS,0,3900,3086,1800,1798.6,fe98d1722db6b27e,391,391,0,0,230,161,7.666666666666667,67,128,10.866666666666667,33,true,1286,92,164,114,76,3,4,0,1,2,1,341,249,92,5,london-link-023-a-arrival,true,843.4,317.45562659846547,907.75,694.15,729.6377664109121,1150.8166666666666,1448.3666666666666,2056031.94254989,1477655.0478015733,58.183759573606025,1.0565758917323091,2172353.7829724117,2157878.3091643583,1.0065296134317412,1.2908187465500698,18,0
profile,tfl-numbat-2019-midweek,late,4.615385,13.033333333333333,1,3,off,free-flow,4,destination,6,940GZZLUEUS,0,3900,2958,1800,1798.6,882b92859d36cd3a,391,391,0,0,234,157,7.8,78,117,10.4,40,true,1158,92,157,114,76,3,3,0,1,2,1,767,597,167,6,london-link-044-a-arrival,true,842.4,312.8843989769821,887.6333333333333,652.25,695.9612105711849,1080.4833333333333,1547.3833333333334,1987494.802115006,1408462.4542423764,58.5253185502947,1.0126760170925215,2012688.3200649058,2012688.3200649058,1,1,0,0
profile,tfl-numbat-2019-midweek,late,4.615385,13.033333333333333,1,3,off,free-flow,4,drop-offs,25,940GZZLUEUS,0,3900,2863,1800,1798.6,882b92859d36cd3a,391,391,0,0,241,150,8.033333333333333,80,115,10.733333333333333,35,true,1063,81,153,114,78,3,3,0,0,2,1,553,443,107,6,london-link-016-a-departure,true,639.4,272.98691389599315,900.55,610.7166666666667,659.3614663256607,1077.5666666666666,1486,1938371.0794770839,1341114.2779534077,59.10595316686568,1.047573476917222,2030586.131159601,2012388.3200649053,1.008931491927719,1.4283450561318018,20,0
profile,tfl-numbat-2019-midweek,late,4.2857140000000005,14,1,1,off,free-flow,4,destination,11,940GZZLUEUS,0,3900,3353,1800,1799,1619796da1e5bece,420,420,0,0,221,199,7.366666666666666,74,136,9.8,63,true,1553,128,199,114,80,2,2,0,0,1,1,419,342,77,5,london-link-020-a-departure,true,1041,409.366626984127,1282.3666666666666,845.5,817.1095238095238,1385.35,1826.3666666666666,2254938.0714907795,1656091.0090314336,57.655875859396396,1.0261337777990625,2313868.121795569,2313868.121795569,1,1,0,0
profile,tfl-numbat-2019-midweek,late,4.2857140000000005,14,1,1,off,free-flow,4,drop-offs,40,940GZZLUEUS,0,3900,3280,1800,1799,1619796da1e5bece,420,420,0,0,232,188,7.733333333333333,75,135,10.466666666666667,53,true,1480,108,188,114,76,3,2,0,1,2,2,399,281,115,6,london-link-112-b-departure,true,901,352.58932539682536,1149.0833333333333,788.2,765.733253968254,1297.7166666666667,1724.3166666666666,2160087.852608223,1580576.8854728485,57.746096051268395,1.0828087973353142,2338962.129630644,2312518.1217955686,1.0100889353934734,1.2974445082646968,28,0
profile,tfl-numbat-2019-midweek,late,4.2857140000000005,14,1,2,off,free-flow,4,destination,16,940GZZLUEUS,0,3900,3900,1800,1799,c6732daafdeff25c,420,419,1,0,224,196,7.466666666666667,72,138,10.133333333333333,58,false,0,135,196,114,74,3,3,0,0,1,1,504,395,108,6,london-link-023-b-departure,true,1195,422.77956349206346,1224.9666666666667,885.8666666666667,834.6417263325378,1380.85,1993.2166666666667,2273835.1050527934,1778677.6155950325,56.109265085522125,1.0353606929636323,2341200.830257019,2341200.830257019,1,1,0,0
profile,tfl-numbat-2019-midweek,late,4.2857140000000005,14,1,2,off,free-flow,4,drop-offs,42,940GZZLUEUS,0,3900,3900,1800,1799,c6732daafdeff25c,420,419,1,0,231,189,7.7,73,137,10.533333333333333,52,false,0,114,191,114,77,3,3,0,0,2,1,548,430,118,5,london-link-017-a-arrival,true,1247,362.64500000000004,1276.7,770.6166666666667,778.3574383452665,1260.3666666666666,1778.8,2198477.84874636,1678110.593335076,56.71166494955403,1.0806840726381057,2363033.2656718004,2340750.830257017,1.008560525506353,1.240991610409692,28,0
profile,tfl-numbat-2019-midweek,late,4.2857140000000005,14,1,3,off,free-flow,4,destination,10,940GZZLUEUS,0,3900,3720,1800,1799,5d715f71ce359391,420,420,0,0,246,174,8.2,78,132,11.2,42,true,1920,107,174,114,75,3,2,0,1,1,1,526,392,121,6,london-link-045-a-departure,true,1159,348.2784126984127,1158.45,722.3166666666667,733.6573809523809,1206.85,1920.85,2134407.5350820883,1572873.4978910405,57.57339452009003,1.020938192268254,2179098.170257876,2179098.170257876,1,1,0,0
profile,tfl-numbat-2019-midweek,late,4.2857140000000005,14,1,3,off,free-flow,4,drop-offs,42,940GZZLUEUS,0,3900,3405,1800,1799,5d715f71ce359391,420,420,0,0,253,167,8.433333333333334,79,131,11.6,36,true,1605,87,170,114,78,3,2,0,0,1,1,508,413,94,6,london-link-020-a-departure,true,738,294.79099206349207,852.9,646.6833333333333,686.9004761904762,1086.7833333333333,1627.0833333333333,2034465.940595647,1480386.8744521746,57.881966831887574,1.0868763623395359,2211212.9406629396,2180298.1702578757,1.0123387381140685,1.419626863344263,34,0
profile,tfl-numbat-2019-midweek,late,4,14.966666666666667,1,1,off,free-flow,4,destination,20,940GZZLUEUS,0,3900,3449,1800,1796,e9538827e0405203,449,449,0,0,225,224,7.5,74,150,10.066666666666666,74,true,1649,142,225,114,79,3,2,0,0,2,2,537,431,104,5,london-link-084-a-departure,true,1087,454.4125463994061,1163.9333333333334,931,863.461135857461,1436.4333333333334,1944.3833333333334,2383020.092133298,1704846.7123924722,58.29495446121195,1.0400157053125594,2478378.3216505693,2478378.3216505693,1,1,0,0
profile,tfl-numbat-2019-midweek,late,4,14.966666666666667,1,1,off,free-flow,4,drop-offs,62,940GZZLUEUS,0,3900,3263,1800,1796,e9538827e0405203,449,449,0,0,241,208,8.033333333333333,78,146,10.866666666666667,62,true,1463,131,213,114,76,2,2,0,0,1,2,337,259,75,5,london-link-045-a-arrival,true,946,386.7234966592428,1272.8833333333334,836.5666666666667,803.5039346696362,1413.4166666666667,1908.6333333333334,2247782.1204736265,1627023.2427405766,58.01019431358124,1.1224990486134785,2523133.291498923,2476578.3216505703,1.0168293452863697,1.3256792378076248,48,0
profile,tfl-numbat-2019-midweek,late,4,14.966666666666667,1,2,off,free-flow,4,destination,19,940GZZLUEUS,0,3900,3823,1800,1796,6622936b54de5f60,449,449,0,0,239,210,7.966666666666667,72,152,11.133333333333333,58,true,2023,146,210,114,78,4,4,0,0,2,1,541,412,129,5,940GZZLUPCC-01-arrival,true,1170,448.94974016332594,1279.2666666666667,934.2333333333333,862.4949888641426,1402.1666666666667,2170.8166666666666,2400432.851775058,1749183.660132781,57.84710092816332,1.0446580590805195,2507631.5236395192,2507631.5236395192,1,1,0,0
profile,tfl-numbat-2019-midweek,late,4,14.966666666666667,1,2,off,free-flow,4,drop-offs,52,940GZZLUEUS,0,3900,3774,1800,1796,6622936b54de5f60,449,449,0,0,250,199,8.333333333333334,72,152,11.866666666666667,47,true,1974,130,205,114,78,4,3,0,0,2,2,468,350,116,5,london-link-048-a-arrival,true,1065,395.6810319227914,1178.1666666666667,869.0333333333333,814.7021529324425,1316.8166666666666,2121.366666666667,2307218.636511866,1693988.3590001916,57.663066147283836,1.0993746919770389,2536497.77760381,2504181.523639519,1.0118024761016546,1.2803806407647365,38,0
profile,tfl-numbat-2019-midweek,late,4,14.966666666666667,1,3,off,free-flow,4,destination,19,940GZZLUEUS,0,3900,3654,1800,1796,a42f9a1146943fd9,449,449,0,0,243,206,8.1,81,143,10.8,63,true,1854,139,210,114,73,5,2,0,0,1,1,643,495,145,6,london-link-057-b-departure,true,1100,409.17011878247956,1208.9666666666667,830.1833333333333,794.621714922049,1302.4333333333334,1973.7166666666667,2237877.6677258094,1713285.2060658715,56.6384565559116,1.041389686318979,2330502.722208768,2330502.722208768,1,1,0,0
profile,tfl-numbat-2019-midweek,late,4,14.966666666666667,1,3,off,free-flow,4,drop-offs,51,940GZZLUEUS,0,3900,3249,1800,1796,a42f9a1146943fd9,449,449,0,0,257,192,8.566666666666666,81,143,11.733333333333333,49,true,1449,116,194,114,82,3,2,0,0,2,2,499,390,104,5,london-link-017-a-departure,true,863,355.92921306607275,1068.7333333333333,769.9166666666666,747.5413140311804,1234.85,1544.3333333333333,2165232.973671861,1580933.3329384658,57.79863456278442,1.0925095757767869,2365537.7573303827,2329002.7222087686,1.0146594489138587,1.4603332642364277,42,0
profile,tfl-numbat-2019-midweek,night,60,0.9666666666666667,1,1,off,free-flow,4,destination,0,940GZZLUEUS,0,3900,2284,1800,1740,ca2265641b46fb7e,29,29,0,0,22,7,0.7333333333333333,9,5,0.8666666666666667,2,true,484,3,9,9,9,1,1,0,0,1,1,1,1,0,2,940GZZLUOVL-01-arrival,true,158,52.74367816091954,165.28333333333333,157.9,422.60057471264366,969.3666666666667,1083.95,144848.7384353437,74529.64291916759,66.02689724529915,1,144848.73843440652,144848.73843440652,1,1,0,0
profile,tfl-numbat-2019-midweek,night,60,0.9666666666666667,1,1,off,free-flow,4,drop-offs,0,940GZZLUEUS,0,3900,2284,1800,1740,ca2265641b46fb7e,29,29,0,0,22,7,0.7333333333333333,9,5,0.8666666666666667,2,true,484,3,9,9,9,1,1,0,0,1,1,1,1,0,2,940GZZLUOVL-01-arrival,true,158,52.74367816091954,165.28333333333333,157.9,422.60057471264366,969.3666666666667,1083.95,144848.7384353437,74529.64291916759,66.02689724529915,1,144848.73843440652,144848.73843440652,1,1,0,0
profile,tfl-numbat-2019-midweek,night,60,0.9666666666666667,1,2,off,free-flow,4,destination,0,940GZZLUEUS,0,3900,2774,1800,1740,c81386e7d7872707,29,29,0,0,21,8,0.7,9,5,0.8,3,true,974,3,9,9,8,0,0,0,0,1,1,0,0,0,2,940GZZLUOVL-01-arrival,true,67,55.54252873563219,133.9,131.65,414.5942528735632,927.75,1093.1166666666666,140371.27930934585,134676.84989844353,51.03516963145755,1,140371.27930844465,140371.27930844465,1,1,0,0
profile,tfl-numbat-2019-midweek,night,60,0.9666666666666667,1,2,off,free-flow,4,drop-offs,0,940GZZLUEUS,0,3900,2774,1800,1740,c81386e7d7872707,29,29,0,0,21,8,0.7,9,5,0.8,3,true,974,3,9,9,8,0,0,0,0,1,1,0,0,0,2,940GZZLUOVL-01-arrival,true,67,55.54252873563219,133.9,131.65,414.5942528735632,927.75,1093.1166666666666,140371.27930934585,134676.84989844353,51.03516963145755,1,140371.27930844465,140371.27930844465,1,1,0,0
profile,tfl-numbat-2019-midweek,night,60,0.9666666666666667,1,3,off,free-flow,4,destination,0,940GZZLUEUS,0,3900,2834,1800,1740,59d46cdde352f10e,29,29,0,0,23,6,0.7666666666666667,8,6,1,0,true,1034,2,10,10,10,1,1,0,0,1,1,3,1,2,3,london-link-030-a-arrival,true,0,39.45287356321839,258.31666666666666,159.96666666666667,471.2298850574712,1083.95,1093.1166666666666,170110.6173579565,95863.50479099632,63.957582032243685,1,170110.61735650408,170110.61735650408,1,1,0,0
profile,tfl-numbat-2019-midweek,night,60,0.9666666666666667,1,3,off,free-flow,4,drop-offs,0,940GZZLUEUS,0,3900,2834,1800,1740,59d46cdde352f10e,29,29,0,0,23,6,0.7666666666666667,8,6,1,0,true,1034,2,10,10,10,1,1,0,0,1,1,3,1,2,3,london-link-030-a-arrival,true,0,39.45287356321839,258.31666666666666,159.96666666666667,471.2298850574712,1083.95,1093.1166666666666,170110.6173579565,95863.50479099632,63.957582032243685,1,170110.61735650408,170110.61735650408,1,1,0,0
profile,tfl-numbat-2019-midweek,night,30,1.9666666666666666,1,1,off,free-flow,4,destination,1,940GZZLUEUS,0,3900,2729,1800,1770,175bf1e8ac6f44d7,59,59,0,0,43,16,1.4333333333333333,16,13,1.8,3,true,929,6,18,18,16,1,1,0,0,1,1,4,2,2,3,940GZZLUOVL-01-arrival,true,33,69.01299435028248,221.83333333333334,205.78333333333333,485.01638418079096,1093.1166666666666,1193.55,319029.3234333859,216222.51903824921,59.60359182701784,1.041774708539878,332356.68043160497,332356.68043160497,1,1,0,0
profile,tfl-numbat-2019-midweek,night,30,1.9666666666666666,1,1,off,free-flow,4,drop-offs,1,940GZZLUEUS,0,3900,2729,1800,1770,175bf1e8ac6f44d7,59,59,0,0,43,16,1.4333333333333333,16,13,1.8,3,true,929,6,18,18,16,1,1,0,0,1,1,4,2,2,3,940GZZLUOVL-01-arrival,true,33,69.01299435028248,221.83333333333334,205.78333333333333,485.01638418079096,1093.1166666666666,1193.55,319029.3234333859,216222.51903824921,59.60359182701784,1.041774708539878,332356.68043160497,332356.68043160497,1,1,0,0
profile,tfl-numbat-2019-midweek,night,30,1.9666666666666666,1,2,off,free-flow,4,destination,1,940GZZLUEUS,0,3900,2968,1800,1770,332bbea8045ea8af,59,59,0,0,42,17,1.4,17,12,1.6666666666666667,5,true,1168,5,19,19,16,1,0,0,0,1,1,14,12,2,3,940GZZLUWIG-01-departure,true,226,74.9867231638418,227.18333333333334,221.83333333333334,482.2607344632769,1193.55,1198.9,320263.6284170868,252384.80833781225,55.92674455412226,1.0147725484800207,324994.73839049326,324994.73839049326,1,1,0,0
profile,tfl-numbat-2019-midweek,night,30,1.9666666666666666,1,2,off,free-flow,4,drop-offs,1,940GZZLUEUS,0,3900,2968,1800,1770,332bbea8045ea8af,59,59,0,0,42,17,1.4,17,12,1.6666666666666667,5,true,1168,5,19,19,16,1,0,0,0,1,1,14,12,2,3,940GZZLUWIG-01-departure,true,226,74.9867231638418,227.18333333333334,221.83333333333334,482.2607344632769,1193.55,1198.9,320263.6284170868,252384.80833781225,55.92674455412226,1.0147725484800207,324994.73839049326,324994.73839049326,1,1,0,0
profile,tfl-numbat-2019-midweek,night,30,1.9666666666666666,1,3,off,free-flow,4,destination,0,940GZZLUEUS,0,3900,2694,1800,1770,a1a4f419a9f155b7,59,59,0,0,42,17,1.4,14,15,1.8666666666666667,2,true,894,5,20,20,17,0,1,0,0,2,1,0,0,0,3,london-link-013-a-arrival,true,100,71.23418079096045,258.31666666666666,216.46666666666667,490.4223163841808,1103.8333333333333,1182.8166666666666,335439.61133191455,254599.66635590018,56.85038674821798,1,335439.6113278676,335439.6113278676,1,1,0,0
profile,tfl-numbat-2019-midweek,night,30,1.9666666666666666,1,3,off,free-flow,4,drop-offs,0,940GZZLUEUS,0,3900,2694,1800,1770,a1a4f419a9f155b7,59,59,0,0,42,17,1.4,14,15,1.8666666666666667,2,true,894,5,20,20,17,0,1,0,0,2,1,0,0,0,3,london-link-013-a-arrival,true,100,71.23418079096045,258.31666666666666,216.46666666666667,490.4223163841808,1103.8333333333333,1182.8166666666666,335439.61133191455,254599.66635590018,56.85038674821798,1,335439.6113278676,335439.6113278676,1,1,0,0
profile,tfl-numbat-2019-midweek,night,20,2.966666666666667,1,1,off,free-flow,4,destination,1,940GZZLUEUS,0,3900,3196,1800,1780,8c76375d5400f0a2,89,89,0,0,63,26,2.1,25,19,2.533333333333333,7,true,1396,7,28,27,24,1,1,0,0,1,1,8,5,3,4,london-link-048-a-departure,true,449,80.78220973782771,488.76666666666665,225.51666666666668,481.48932584269664,1182.8166666666666,1455.1166666666666,480560.7408336444,346313.0864052382,58.11778351218887,1.0036147925590233,482297.86821747106,482297.86821747106,1,1,0,0
profile,tfl-numbat-2019-midweek,night,20,2.966666666666667,1,1,off,free-flow,4,drop-offs,1,940GZZLUEUS,0,3900,3196,1800,1780,8c76375d5400f0a2,89,89,0,0,63,26,2.1,25,19,2.533333333333333,7,true,1396,7,28,27,24,1,1,0,0,1,1,8,5,3,4,london-link-048-a-departure,true,449,80.78220973782771,488.76666666666665,225.51666666666668,481.48932584269664,1182.8166666666666,1455.1166666666666,480560.7408336444,346313.0864052382,58.11778351218887,1.0036147925590233,482297.86821747106,482297.86821747106,1,1,0,0
profile,tfl-numbat-2019-midweek,night,20,2.966666666666667,1,2,off,free-flow,4,destination,1,940GZZLUEUS,0,3900,3126,1800,1780,afec5a831dfb0ad9,89,89,0,0,63,26,2.1,22,22,2.7333333333333334,4,true,1326,9,30,28,24,1,1,0,0,2,1,10,8,2,3,940GZZLUCWR-01-arrival,true,374,101.25861423220974,416.55,333.68333333333334,534.9565543071161,1221.85,1382.9,510162.9346802167,411388.63024652505,55.359130633213326,1.0261237265511625,523490.29167542496,523490.29167542496,1,1,0,0
profile,tfl-numbat-2019-midweek,night,20,2.966666666666667,1,2,off,free-flow,4,drop-offs,1,940GZZLUEUS,0,3900,3126,1800,1780,afec5a831dfb0ad9,89,89,0,0,63,26,2.1,22,22,2.7333333333333334,4,true,1326,9,30,28,24,1,1,0,0,2,1,10,8,2,3,940GZZLUCWR-01-arrival,true,374,101.25861423220974,416.55,333.68333333333334,534.9565543071161,1221.85,1382.9,510162.9346802167,411388.63024652505,55.359130633213326,1.0261237265511625,523490.29167542496,523490.29167542496,1,1,0,0
profile,tfl-numbat-2019-midweek,night,20,2.966666666666667,1,3,off,free-flow,4,destination,2,940GZZLUEUS,0,3900,2766,1800,1780,094cd0a41dfbd30a,89,89,0,0,62,27,2.066666666666667,22,22,2.6666666666666665,5,true,966,8,28,27,23,1,1,0,0,1,1,28,22,6,3,940GZZLULSQ-01-arrival,true,163,80.67284644194756,258.31666666666666,219.38333333333333,532.8593632958801,1109.2,1212.8833333333334,527914.6670761578,417634.8059331631,55.83152253218524,1.034207170411273,545973.1340490241,545973.1340490241,1,1,0,0
profile,tfl-numbat-2019-midweek,night,20,2.966666666666667,1,3,off,free-flow,4,drop-offs,2,940GZZLUEUS,0,3900,2766,1800,1780,094cd0a41dfbd30a,89,89,0,0,62,27,2.066666666666667,22,22,2.6666666666666665,5,true,966,8,28,27,23,1,1,0,0,1,1,28,22,6,3,940GZZLULSQ-01-arrival,true,163,80.67284644194756,258.31666666666666,219.38333333333333,532.8593632958801,1109.2,1212.8833333333334,527914.6670761578,417634.8059331631,55.83152253218524,1.034207170411273,545973.1340490241,545973.1340490241,1,1,0,0
profile,tfl-numbat-2019-midweek,night,15,3.966666666666667,1,1,off,free-flow,4,destination,6,940GZZLUEUS,0,3900,3167,1800,1785,f9e1bd3d2523c995,119,119,0,0,84,35,2.8,29,30,3.6666666666666665,5,true,1367,12,35,33,29,1,1,0,0,1,1,34,25,6,4,london-link-098-a-departure,true,415,91.47871148459383,429.9166666666667,227.08333333333334,512.691456582633,1148.5333333333333,1396.2666666666667,636174.8005009238,421363.25462711556,60.156208792306785,1.0672930950587873,678984.9718449648,678984.9718449648,1,1,0,0
profile,tfl-numbat-2019-midweek,night,15,3.966666666666667,1,1,off,free-flow,4,drop-offs,6,940GZZLUEUS,0,3900,3167,1800,1785,f9e1bd3d2523c995,119,119,0,0,84,35,2.8,29,30,3.6666666666666665,5,true,1367,12,35,33,29,1,1,0,0,1,1,34,25,6,4,london-link-098-a-departure,true,415,91.47871148459383,429.9166666666667,227.08333333333334,512.691456582633,1148.5333333333333,1396.2666666666667,636174.8005009238,421363.25462711556,60.156208792306785,1.0672930950587873,678984.9718449648,678984.9718449648,1,1,0,0
profile,tfl-numbat-2019-midweek,night,15,3.966666666666667,1,2,off,free-flow,4,destination,7,940GZZLUEUS,0,3900,2766,1800,1785,690a196e2f9a4ff9,119,119,0,0,75,44,2.5,28,31,3.1333333333333333,13,true,966,12,44,38,32,1,2,1,0,2,2,32,23,9,4,940GZZLUWHP-01-arrival,true,202,98.45014005602242,338.1,253.78333333333333,544.7823529411764,1193.55,1309.8166666666666,649689.1336893131,492287.25995226076,56.891643059062005,1.1084838574606561,720169.9170863044,720169.9170863044,1,1,0,0
profile,tfl-numbat-2019-midweek,night,15,3.966666666666667,1,2,off,free-flow,4,drop-offs,7,940GZZLUEUS,0,3900,2766,1800,1785,690a196e2f9a4ff9,119,119,0,0,75,44,2.5,28,31,3.1333333333333333,13,true,966,12,44,38,32,1,2,1,0,2,2,32,23,9,4,940GZZLUWHP-01-arrival,true,202,98.45014005602242,338.1,253.78333333333333,544.7823529411764,1193.55,1309.8166666666666,649689.1336893131,492287.25995226076,56.891643059062005,1.1084838574606561,720169.9170863044,720169.9170863044,1,1,0,0
profile,tfl-numbat-2019-midweek,night,15,3.966666666666667,1,3,off,free-flow,4,destination,2,940GZZLUEUS,0,3900,3212,1800,1785,db99ebd72e363b57,119,119,0,0,80,39,2.6666666666666665,27,32,3.533333333333333,7,true,1412,11,40,39,33,1,2,0,0,1,1,33,24,9,4,london-link-063-a-departure,true,455,110.6015406162465,532.2833333333333,487.43333333333334,561.5662464985994,1223.65,1501.4833333333333,718151.5613712942,540886.2532743649,57.0397134238108,1.0131757980664786,727613.781362984,727613.781362984,1,1,0,0
profile,tfl-numbat-2019-midweek,night,15,3.966666666666667,1,3,off,free-flow,4,drop-offs,2,940GZZLUEUS,0,3900,3212,1800,1785,db99ebd72e363b57,119,119,0,0,80,39,2.6666666666666665,27,32,3.533333333333333,7,true,1412,11,40,39,33,1,2,0,0,1,1,33,24,9,4,london-link-063-a-departure,true,455,110.6015406162465,532.2833333333333,487.43333333333334,561.5662464985994,1223.65,1501.4833333333333,718151.5613712942,540886.2532743649,57.0397134238108,1.0131757980664786,727613.781362984,727613.781362984,1,1,0,0
profile,tfl-numbat-2019-midweek,night,12,4.966666666666667,1,1,off,free-flow,4,destination,7,940GZZLUEUS,0,3900,2844,1800,1788,c19eeed41d417052,149,149,0,0,103,46,3.433333333333333,33,41,4.666666666666667,5,true,1044,14,50,46,37,1,1,0,0,1,1,18,11,4,5,london-link-048-a-departure,true,255,109.32639821029082,378.45,265.15,520.8394854586129,1170.5166666666667,1295.8333333333333,785241.1341006382,598018.2365646268,56.76745451744051,1.0567751338653486,829823.3046612646,829823.3046612646,1,1,0,0
profile,tfl-numbat-2019-midweek,night,12,4.966666666666667,1,1,off,free-flow,4,drop-offs,11,940GZZLUEUS,0,3900,2844,1800,1788,c19eeed41d417052,149,149,0,0,104,45,3.466666666666667,34,40,4.666666666666667,5,true,1044,14,50,45,35,2,1,0,0,1,1,51,42,6,5,london-link-048-a-departure,true,221,107.70659955257271,378.45,265.15,520.5958612975392,1170.5166666666667,1295.8333333333333,769545.046662507,591665.2277422315,56.53388467105359,1.0809863096202386,831867.660131153,830123.3046612646,1.002414408606341,1.1869062441939247,2,0
profile,tfl-numbat-2019-midweek,night,12,4.966666666666667,1,2,off,free-flow,4,destination,6,940GZZLUEUS,0,3900,2901,1800,1788,8ad3f9dbd58a4a5d,149,149,0,0,95,54,3.1666666666666665,33,41,4.133333333333334,13,true,1101,17,58,52,40,1,2,0,0,1,2,27,19,8,5,london-link-048-a-departure,true,408,125.35413870246086,479.65,317.5,552.2194630872483,1285.0833333333333,1375.35,802554.8139805503,706313.0241844635,53.18920542150099,1.0734048921647967,861466.2636177011,861466.2636177011,1,1,0,0
profile,tfl-numbat-2019-midweek,night,12,4.966666666666667,1,2,off,free-flow,4,drop-offs,6,940GZZLUEUS,0,3900,2901,1800,1788,8ad3f9dbd58a4a5d,149,149,0,0,95,54,3.1666666666666665,33,41,4.133333333333334,13,true,1101,17,58,52,40,1,2,0,0,1,2,27,19,8,5,london-link-048-a-departure,true,408,125.35413870246086,479.65,317.5,552.2194630872483,1285.0833333333333,1375.35,802554.8139805503,706313.0241844635,53.18920542150099,1.0734048921647967,861466.2636177011,861466.2636177011,1,1,0,0
profile,tfl-numbat-2019-midweek,night,12,4.966666666666667,1,3,off,free-flow,4,destination,8,940GZZLUEUS,0,3900,3091,1800,1788,f3a80d553036d591,149,149,0,0,98,51,3.2666666666666666,33,41,4.333333333333333,10,true,1291,15,52,49,40,1,2,0,0,1,1,45,33,12,4,london-link-034-a-departure,true,331,110.22281879194631,558.8333333333334,397.9,556.7848993288591,1302.0666666666666,1530.55,844482.0935443473,636919.747893511,57.00560576627119,1.0680639118705053,901960.8484063895,901960.8484063895,1,1,0,0
profile,tfl-numbat-2019-midweek,night,12,4.966666666666667,1,3,off,free-flow,4,drop-offs,9,940GZZLUEUS,0,3900,3091,1800,1788,f3a80d553036d591,149,149,0,0,98,51,3.2666666666666666,33,41,4.333333333333333,10,true,1291,15,52,48,41,1,2,0,0,1,1,48,34,14,4,london-link-028-a-arrival,true,331,109.04597315436241,558.8333333333334,397.9,555.934899328859,1302.0666666666666,1530.55,843358.3624387294,606227.8448286601,58.179248547662546,1.0702557259318677,902609.1164833172,901885.8484063895,1.0009227245069747,1.137485951539261,1,0
profile,tfl-numbat-2019-midweek,night,10,5.966666666666667,1,1,off,free-flow,4,destination,10,940GZZLUEUS,0,3900,2785,1800,1790,6e42c7acb2ed4782,179,179,0,0,122,57,4.066666666666666,43,46,5.266666666666667,11,true,985,18,59,56,41,3,1,0,0,1,1,163,101,62,6,london-link-048-a-departure,true,207,115.76154562383613,394.56666666666666,276.05,526.2263500931099,1148.8333333333333,1360.9166666666667,922937.7393463684,705985.4243887191,56.659378409850284,1.0737248327177682,990981.1698781917,990981.1698781917,1,1,0,0
profile,tfl-numbat-2019-midweek,night,10,5.966666666666667,1,1,off,free-flow,4,drop-offs,10,940GZZLUEUS,0,3900,2785,1800,1790,6e42c7acb2ed4782,179,179,0,0,122,57,4.066666666666666,43,46,5.266666666666667,11,true,985,18,59,56,41,3,1,0,0,1,1,163,101,62,6,london-link-048-a-departure,true,207,115.76154562383613,394.56666666666666,276.05,526.2263500931099,1148.8333333333333,1360.9166666666667,922937.7393463684,705985.4243887191,56.659378409850284,1.0737248327177682,990981.1698781917,990981.1698781917,1,1,0,0
profile,tfl-numbat-2019-midweek,night,10,5.966666666666667,1,2,off,free-flow,4,destination,10,940GZZLUEUS,0,3900,2765,1800,1790,d7ddc3217005eedc,179,179,0,0,116,63,3.8666666666666667,38,51,5.2,12,true,965,21,69,62,50,3,2,0,0,1,2,123,61,62,5,london-link-048-a-departure,true,190,122.80493482309126,468.93333333333334,291.45,553.5094972067039,1223.1166666666666,1385.1833333333334,961022.2310892113,739166.5304193726,56.52444321749854,1.0835606635482582,1041325.8865037481,1041325.8865037481,1,1,0,0
profile,tfl-numbat-2019-midweek,night,10,5.966666666666667,1,2,off,free-flow,4,drop-offs,10,940GZZLUEUS,0,3900,2765,1800,1790,d7ddc3217005eedc,179,179,0,0,116,63,3.8666666666666667,38,51,5.2,12,true,965,21,69,62,50,3,2,0,0,1,2,123,61,62,5,london-link-048-a-departure,true,190,122.80493482309126,468.93333333333334,291.45,553.5094972067039,1223.1166666666666,1385.1833333333334,961022.2310892113,739166.5304193726,56.52444321749854,1.0835606635482582,1041325.8865037481,1041325.8865037481,1,1,0,0
profile,tfl-numbat-2019-midweek,night,10,5.966666666666667,1,3,off,free-flow,4,destination,8,940GZZLUEUS,0,3900,3246,1800,1790,aa670b5f8d7371c6,179,179,0,0,114,65,3.8,38,51,5.066666666666666,14,true,1446,20,65,64,47,2,2,0,0,2,2,170,127,38,6,london-link-022-a-arrival,true,597,137.8586592178771,636.1333333333333,450.1166666666667,579.0237430167598,1364.15,1565.4166666666667,1029415.113454368,854245.969571962,54.64969907434132,1.0371580404039562,1067666.1619449875,1067666.1619449875,1,1,0,0
profile,tfl-numbat-2019-midweek,night,10,5.966666666666667,1,3,off,free-flow,4,drop-offs,8,940GZZLUEUS,0,3900,3246,1800,1790,aa670b5f8d7371c6,179,179,0,0,114,65,3.8,38,51,5.066666666666666,14,true,1446,20,65,64,47,2,2,0,0,2,2,170,127,38,6,london-link-022-a-arrival,true,597,137.8586592178771,636.1333333333333,450.1166666666667,579.0237430167598,1364.15,1565.4166666666667,1029415.113454368,854245.969571962,54.64969907434132,1.0371580404039562,1067666.1619449875,1067666.1619449875,1,1,0,0
profile,tfl-numbat-2019-midweek,night,8.571429,7,1,1,off,free-flow,4,destination,11,940GZZLUEUS,0,3900,3322,1800,1799,e91f11a6d7b085ac,210,210,0,0,141,69,4.7,49,56,6.133333333333334,13,true,1522,22,71,66,51,3,1,0,0,1,1,204,141,60,6,london-link-048-a-departure,true,581,135.43190476190478,597.7,284.0833333333333,550.672619047619,1190.7666666666667,1556.6166666666666,1097929.6775862048,926215.1673691758,54.2416556958604,1.068678988185264,1173334.377046752,1173334.377046752,1,1,0,0
profile,tfl-numbat-2019-midweek,night,8.571429,7,1,1,off,free-flow,4,drop-offs,13,940GZZLUEUS,0,3900,3218,1800,1799,e91f11a6d7b085ac,210,210,0,0,142,68,4.733333333333333,49,56,6.2,12,true,1418,22,71,64,50,3,1,0,0,1,1,180,132,45,6,london-link-048-a-departure,true,555,132.50761904761904,572,290.8333333333333,547.4623015873016,1190.7666666666667,1514.7,1086447.5302043827,910296.8371213435,54.4109475395431,1.0799190857741405,1173275.4236698656,1172509.377046752,1.0002610924915578,1.0548294232271564,1,0
profile,tfl-numbat-2019-midweek,night,8.571429,7,1,2,off,free-flow,4,destination,12,940GZZLUEUS,0,3900,2764,1800,1799,2eea3e3fe02210bb,210,210,0,0,141,69,4.7,47,58,6.266666666666667,11,true,964,26,78,71,55,2,2,0,0,1,2,224,182,40,5,940GZZLUWHP-01-arrival,true,228,136.52960317460318,457.4166666666667,367.8333333333333,566.2834126984127,1325.5,1433.1,1139253.491046957,852185.3867863491,57.20755498589389,1.0698657961616391,1218848.3433242075,1218848.3433242075,1,1,0,0
profile,tfl-numbat-2019-midweek,night,8.571429,7,1,2,off,free-flow,4,drop-offs,12,940GZZLUEUS,0,3900,2764,1800,1799,2eea3e3fe02210bb,210,210,0,0,141,69,4.7,47,58,6.266666666666667,11,true,964,26,78,71,55,2,2,0,0,1,2,224,182,40,5,940GZZLUWHP-01-arrival,true,228,136.52960317460318,457.4166666666667,367.8333333333333,566.2834126984127,1325.5,1433.1,1139253.491046957,852185.3867863491,57.20755498589389,1.0698657961616391,1218848.3433242075,1218848.3433242075,1,1,0,0
profile,tfl-numbat-2019-midweek,night,8.571429,7,1,3,off,free-flow,4,destination,13,940GZZLUEUS,0,3900,3208,1800,1799,cd9753e4db035a1b,210,210,0,0,143,67,4.766666666666667,47,58,6.4,9,true,1408,27,76,71,51,2,2,0,0,2,2,187,126,60,5,london-link-022-b-departure,true,578,147.28960317460317,594.6333333333333,454.45,584.5674603174604,1342.0666666666666,1493.55,1173703.100241107,945897.1619524806,55.37379482235175,1.0560576101626507,1239498.0911653417,1239498.0911653417,1,1,0,0
profile,tfl-numbat-2019-midweek,night,8.571429,7,1,3,off,free-flow,4,drop-offs,15,940GZZLUEUS,0,3900,3195,1800,1799,cd9753e4db035a1b,210,210,0,0,143,67,4.766666666666667,47,58,6.4,9,true,1395,28,76,70,51,2,2,0,0,2,2,109,72,37,5,london-link-022-a-arrival,true,578,146.62928571428571,594.6333333333333,454.45,584.4637301587302,1342.0666666666666,1493.55,1163034.7563103228,917282.3374645724,55.90660961209076,1.0677451501051238,1241824.7205421505,1239573.0911653417,1.0018009272752715,1.1583985866266315,3,0
profile,tfl-numbat-2019-midweek,night,7.5,7.966666666666667,1,1,off,free-flow,4,destination,23,940GZZLUEUS,0,3900,3164,1800,1792.5,ac698127e9c870b6,239,239,0,0,160,79,5.333333333333333,58,61,6.8,18,true,1364,26,81,74,58,4,1,0,0,2,1,503,256,247,7,london-link-048-a-departure,true,399.5,130.21680613668062,402.1166666666667,310.25,551.7546722454672,1261.0333333333333,1370.8666666666666,1227624.1089662868,952329.982579679,56.31421843822814,1.0967947705344843,1346451.7029673345,1346451.7029673345,1,1,0,0
profile,tfl-numbat-2019-midweek,night,7.5,7.966666666666667,1,1,off,free-flow,4,drop-offs,27,940GZZLUEUS,0,3900,3158,1800,1792.5,ac698127e9c870b6,239,239,0,0,161,78,5.366666666666666,57,62,6.933333333333334,16,true,1358,24,82,75,60,2,2,0,0,2,1,276,149,127,7,london-link-048-a-departure,true,393.5,128.0787308228731,402.1166666666667,318.3333333333333,548.0251046025105,1244.25,1364.9833333333333,1215299.5243258653,942183.8198775802,56.3294974021948,1.1097175908123362,1348639.2603259468,1347126.7029673345,1.0014389924432316,1.1879481766937212,2,0
profile,tfl-numbat-2019-midweek,night,7.5,7.966666666666667,1,2,off,free-flow,4,destination,21,940GZZLUEUS,0,3900,2677,1800,1792.5,363a18a5ce685250,239,239,0,0,159,80,5.3,51,68,7.2,12,true,877,30,88,76,58,2,2,0,0,1,1,128,89,31,5,london-link-022-a-arrival,true,287.5,140.57894002789402,488.3833333333333,372.3333333333333,567.5723849372384,1152.6333333333334,1465.45,1241827.1425541798,927346.6318558049,57.24885471160358,1.1099465696296729,1378361.7770196893,1378361.7770196893,1,1,0,0
profile,tfl-numbat-2019-midweek,night,7.5,7.966666666666667,1,2,off,free-flow,4,drop-offs,22,940GZZLUEUS,0,3900,2692,1800,1792.5,363a18a5ce685250,239,239,0,0,159,80,5.3,51,68,7.2,12,true,892,30,88,75,57,2,2,0,0,1,1,118,85,24,5,london-link-022-a-arrival,true,301.5,141.72252440725245,488.3833333333333,392.45,569.034309623431,1152.6333333333334,1465.45,1237957.3148606238,970198.7207728905,56.06294550219396,1.1138508874153112,1378899.8538102712,1378061.7770196893,1.0007231825864054,1.1728406381508452,1,0
profile,tfl-numbat-2019-midweek,night,7.5,7.966666666666667,1,3,off,free-flow,4,destination,17,940GZZLUEUS,0,3900,3048,1800,1792.5,d38bd377032d4c52,239,239,0,0,160,79,5.333333333333333,47,72,7.533333333333333,7,true,1248,35,83,74,53,3,2,0,0,2,1,319,240,79,6,london-link-048-a-departure,true,333.5,160.6165969316597,483.31666666666666,386.95,596.3676429567643,1328.1833333333334,1451.9833333333333,1290081.2337884246,1050521.1530211938,55.11748774839467,1.0880847193676346,1403717.6772815129,1403717.6772815129,1,1,0,0
profile,tfl-numbat-2019-midweek,night,7.5,7.966666666666667,1,3,off,free-flow,4,drop-offs,19,940GZZLUEUS,0,3900,3116,1800,1792.5,d38bd377032d4c52,239,239,0,0,161,78,5.366666666666666,47,72,7.6,6,true,1316,34,85,75,52,2,2,0,0,2,1,166,125,41,5,london-link-048-a-departure,true,503.5,161.63563458856345,632.0333333333333,414.9,596.8873779637379,1328.1833333333334,1487.85,1285269.3955659862,1040521.9090839486,55.2615960424462,1.0940948325369617,1406206.6041620604,1403567.6772815129,1.0021904117093046,1.2037758651061488,3,0
profile,tfl-numbat-2019-midweek,night,6.666667,8.966666666666667,1,1,off,free-flow,4,destination,27,940GZZLUEUS,0,3900,3019,1800,1793.3333333333333,8ba338bafbc5514f,269,269,0,0,184,85,6.133333333333334,64,70,8,15,true,1219,28,92,84,64,2,1,0,0,2,1,360,265,95,6,london-link-048-a-departure,true,243.66666666666666,139.00068153655513,407.35,340.8,557.1481412639405,1300.5333333333333,1373.7,1390527.979124134,1109584.9684235223,55.61860637088789,1.0871277474677843,1511681.5497616618,1511681.5497616618,1,1,0,0
profile,tfl-numbat-2019-midweek,night,6.666667,8.966666666666667,1,1,off,free-flow,4,drop-offs,30,940GZZLUEUS,0,3900,2918,1800,1793.3333333333333,8ba338bafbc5514f,269,269,0,0,181,88,6.033333333333333,64,70,7.8,18,true,1118,27,90,85,62,2,1,0,0,2,1,307,216,91,6,london-link-048-a-departure,true,401.6666666666667,136.2187112763321,428.0833333333333,339.3833333333333,554.8671003717473,1254.85,1355.4333333333334,1374070.6146627613,1057475.577004966,56.51015881875253,1.1028723507998839,1515424.4889879616,1511981.5497616618,1.0025074697710608,1.1917196223713216,4,0
profile,tfl-numbat-2019-midweek,night,6.666667,8.966666666666667,1,2,off,free-flow,4,destination,16,940GZZLUEUS,0,3900,2992,1800,1793.3333333333333,c43a7f45f4cd834d,269,269,0,0,175,94,5.833333333333333,53,81,8.133333333333333,13,true,1192,36,100,92,66,3,2,0,0,2,1,418,302,105,6,london-link-048-a-departure,true,525.6666666666666,179.07794299876085,639.05,468.93333333333334,606.1729244114002,1190.5,1519.55,1425353.4502134942,1212933.144091668,54.02572462332832,1.0862836501658382,1548338.148689674,1548338.148689674,1,1,0,0
profile,tfl-numbat-2019-midweek,night,6.666667,8.966666666666667,1,2,off,free-flow,4,drop-offs,17,940GZZLUEUS,0,3900,3052,1800,1793.3333333333333,c43a7f45f4cd834d,269,269,0,0,175,94,5.833333333333333,53,81,8.133333333333333,13,true,1252,36,100,91,66,3,2,0,0,2,1,397,285,101,5,940GZZLUECT-exit,true,556.6666666666666,179.54324659231722,639.05,497.53333333333336,605.8099132589839,1211.7666666666667,1492.3166666666666,1422839.410417742,1242140.5108852356,53.390248798650575,1.0888399744974153,1549244.4273689801,1548488.148689674,1.000627148072266,1.1687028314395012,1,0
profile,tfl-numbat-2019-midweek,night,6.666667,8.966666666666667,1,3,off,free-flow,4,destination,26,940GZZLUEUS,0,3900,3286,1800,1793.3333333333333,c77ab3603993635e,269,269,0,0,175,94,5.833333333333333,54,80,8.066666666666666,14,true,1486,36,95,85,62,3,2,0,0,2,1,363,237,123,6,london-link-048-a-departure,true,511.6666666666667,158.06710037174722,618.2333333333333,424.53333333333336,595.640086741016,1271.0666666666666,1599.1666666666667,1399065.5259864049,1173705.0257066186,54.379724031967925,1.1345061526815008,1587248.447260109,1587248.447260109,1,1,0,0
profile,tfl-numbat-2019-midweek,night,6.666667,8.966666666666667,1,3,off,free-flow,4,drop-offs,26,940GZZLUEUS,0,3900,3259,1800,1793.3333333333333,c77ab3603993635e,269,269,0,0,177,92,5.9,54,80,8.2,12,true,1459,36,95,85,61,3,2,0,0,2,1,355,268,84,6,london-link-048-a-departure,true,498.6666666666667,157.96889714993804,605.2166666666667,424.53333333333336,595.723482032218,1271.0666666666666,1571.5666666666666,1400346.8046663161,1168421.9895278853,54.514318603967304,1.1344901995864594,1588679.7259394147,1587923.4472601085,1.0006735825889257,1.181193716421034,1,0
profile,tfl-numbat-2019-midweek,night,6,9.966666666666667,1,1,off,free-flow,4,destination,41,940GZZLUEUS,0,3900,3027,1800,1794,436349ce9314f077,299,299,0,0,197,102,6.566666666666666,65,84,8.8,18,true,1227,37,102,91,62,4,2,0,0,2,1,458,293,156,6,london-link-048-a-departure,true,545,146.68428093645485,604.3666666666667,359.96666666666664,559.9802118171684,1220.65,1388.4166666666667,1444338.0234924047,1152638.5403798397,55.61613622491888,1.1485169967610434,1658846.7690601137,1658846.7690601137,1,1,0,0
profile,tfl-numbat-2019-midweek,night,6,9.966666666666667,1,1,off,free-flow,4,drop-offs,38,940GZZLUEUS,0,3900,3180,1800,1794,436349ce9314f077,299,299,0,0,201,98,6.7,65,84,9.066666666666666,14,true,1380,39,105,91,64,3,1,0,0,2,1,465,331,129,7,london-link-048-a-departure,true,529,157.62664437012262,588.5166666666667,380.46666666666664,572.8196767001115,1224.6333333333334,1541.3166666666666,1452754.1549089435,1268277.2930272776,53.38983332995992,1.1444069658963756,1662541.974619967,1659146.7690601132,1.0025092729425982,1.2021632811498402,4,0
profile,tfl-numbat-2019-midweek,night,6,9.966666666666667,1,2,off,free-flow,4,destination,18,940GZZLUEUS,0,3900,2983,1800,1794,cf673c15ac76cbab,299,299,0,0,186,113,6.2,58,91,8.533333333333333,22,true,1183,45,116,105,77,4,2,0,0,2,2,545,376,169,7,london-link-075-a-arrival,true,556,194.89459308807136,627.7666666666667,491.81666666666666,629.3491081382385,1346.2666666666667,1513.1166666666666,1631115.925180791,1378293.792780782,54.200526948707704,1.0715915481562013,1747890.0394447423,1747890.0394447423,1,1,0,0
profile,tfl-numbat-2019-midweek,night,6,9.966666666666667,1,2,off,free-flow,4,drop-offs,22,940GZZLUEUS,0,3900,3081,1800,1794,cf673c15ac76cbab,299,299,0,0,187,112,6.233333333333333,58,91,8.6,21,true,1281,45,116,104,72,4,2,0,0,2,2,540,292,248,6,london-link-048-a-departure,true,483,191.42586399108137,632.0333333333333,488.35,627.4374581939799,1382.55,1513.4666666666667,1620307.499260177,1367957.7788784085,54.22234468652929,1.0802497795282806,1750336.8188045493,1747215.0394447423,1.001959046990227,1.2370832310183666,3,0
profile,tfl-numbat-2019-midweek,night,6,9.966666666666667,1,3,off,free-flow,4,destination,29,940GZZLUEUS,0,3900,2954,1800,1794,a1953c90166778c3,299,299,0,0,192,107,6.4,58,91,8.933333333333334,16,true,1154,46,110,101,62,5,2,0,0,2,1,569,372,193,5,london-link-022-a-arrival,true,611,182.13717948717948,712.9333333333333,440.68333333333334,613.6044593088071,1249.9,1441.1166666666666,1551346.573834883,1185163.7434742355,56.69068974533822,1.1184677870605535,1735131.1693801605,1735131.1693801605,1,1,0,0
profile,tfl-numbat-2019-midweek,night,6,9.966666666666667,1,3,off,free-flow,4,drop-offs,35,940GZZLUEUS,0,3900,2837,1800,1794,a1953c90166778c3,299,299,0,0,196,103,6.533333333333333,58,91,9.2,12,true,1037,44,108,97,65,3,2,0,0,2,1,493,364,125,5,940GZZLUWHP-01-arrival,true,583,172.96722408026756,658.1833333333333,426.76666666666665,605.7246934225194,1263.9166666666667,1436.35,1541224.163112695,1069239.289423343,59.040250558398434,1.1298237889525218,1741311.7235753348,1735431.1693801603,1.0034364460933705,1.2021632811498402,7,0
profile,tfl-numbat-2019-midweek,night,5.4545449999999995,11,1,1,off,free-flow,4,destination,37,940GZZLUEUS,0,3900,3160,1800,1798.5,d042e9976f1d18e7,330,330,0,0,218,112,7.266666666666667,71,94,9.8,18,true,1360,45,114,102,71,5,2,0,0,1,2,635,338,257,7,london-link-048-a-departure,true,599.5,176.00919191919192,773.2166666666667,390.73333333333335,590.4704545454546,1250.8,1671.4833333333333,1635167.5178674306,1389359.87336398,54.063571141992064,1.1211577661996843,1833280.7616491881,1833280.7616491881,1,1,0,0
profile,tfl-numbat-2019-midweek,night,5.4545449999999995,11,1,1,off,free-flow,4,drop-offs,41,940GZZLUEUS,0,3900,3244,1800,1798.5,d042e9976f1d18e7,330,330,0,0,217,113,7.233333333333333,71,94,9.733333333333333,19,true,1444,46,117,102,71,4,1,0,0,2,1,665,468,191,6,london-link-048-a-departure,true,487.5,177.7532323232323,851.5666666666667,396.93333333333334,593.1534343434344,1248,1755.8666666666666,1622052.7339774393,1381722.4994262226,54.00046967360623,1.1331887302167105,1838091.8779189659,1834030.7616491884,1.0022761620440954,1.1903092773325137,5,0
profile,tfl-numbat-2019-midweek,night,5.4545449999999995,11,1,2,off,free-flow,4,destination,31,940GZZLUEUS,0,3900,2958,1800,1798.5,50bea3e032ab06ac,330,330,0,0,202,128,6.733333333333333,63,102,9.266666666666667,26,true,1158,47,131,114,76,5,2,0,0,2,1,472,309,163,7,london-link-048-a-departure,true,902.5,214.2767171717172,918.1666666666666,554.8333333333334,649.9376767676767,1273.3333333333333,1580.4,1705352.3645329191,1461498.078884255,53.850107385960655,1.1344126447280924,1934573.2859768702,1934573.2859768702,1,1,0,0
profile,tfl-numbat-2019-midweek,night,5.4545449999999995,11,1,2,off,free-flow,4,drop-offs,37,940GZZLUEUS,0,3900,3107,1800,1798.5,50bea3e032ab06ac,330,330,0,0,206,124,6.866666666666666,63,102,9.533333333333333,22,true,1307,45,132,113,77,2,2,0,1,2,1,345,238,107,6,london-link-022-b-departure,true,945.5,215.35904040404043,961.7166666666667,579.0166666666667,650.6025757575758,1321.0166666666667,1560.7666666666667,1734005.850509554,1523438.5132668556,53.23209414693708,1.11768589632804,1938073.8831906344,1934873.2859768698,1.0013831784839275,1.175556071610166,3,0
profile,tfl-numbat-2019-midweek,night,5.4545449999999995,11,1,3,off,free-flow,4,destination,38,940GZZLUEUS,0,3900,3217,1800,1798.5,c4a341f4642e795c,330,330,0,0,210,120,7,62,103,9.866666666666667,17,true,1417,50,124,105,70,3,2,0,0,2,2,422,284,136,5,940GZZLULSQ-exit,true,650.5,195.03121212121212,809.2833333333333,480.1666666666667,633.5263131313131,1324.3166666666666,1568.7166666666667,1674108.6041802051,1386797.8722560536,54.69322950792441,1.164574435658681,1949624.0828854851,1949624.0828854851,1,1,0,0
profile,tfl-numbat-2019-midweek,night,5.4545449999999995,11,1,3,off,free-flow,4,drop-offs,48,940GZZLUEUS,0,3900,3059,1800,1798.5,c4a341f4642e795c,330,330,0,0,210,120,7,63,102,9.8,18,true,1259,47,123,102,68,2,3,0,0,2,2,329,233,96,6,london-link-048-a-departure,true,368.5,180.94621212121214,597,462,621.1023737373737,1302.1333333333334,1582.8,1646113.4082303725,1275575.5151220702,56.3411592203857,1.188833646142987,1956955.0050194457,1949849.082885485,1.003742315563148,1.1898426570345046,8,0
profile,tfl-numbat-2019-midweek,night,5,11.966666666666667,1,1,off,free-flow,4,destination,50,940GZZLUEUS,0,3900,3267,1800,1795,2be3e529710e9875,359,359,0,0,235,124,7.833333333333333,81,98,10.266666666666667,26,true,1467,48,126,108,75,4,2,0,1,2,1,516,338,177,7,london-link-048-a-departure,true,542,178.05162488393685,746.1,415.1666666666667,598.3421077065924,1272.0666666666666,1611.7,1739291.092087273,1377218.6895500342,55.80894057625929,1.1647489555722215,2025837.4828660893,2025837.4828660893,1,1,0,0
profile,tfl-numbat-2019-midweek,night,5,11.966666666666667,1,1,off,free-flow,4,drop-offs,52,940GZZLUEUS,0,3900,3680,1800,1795,2be3e529710e9875,359,359,0,0,234,125,7.8,83,96,10.066666666666666,29,true,1880,51,126,109,75,4,2,0,1,2,1,599,356,241,7,london-link-048-a-departure,true,918,180.294243268338,997.8666666666667,462.26666666666665,602.3445682451254,1261.35,1964.2166666666667,1751572.75534786,1442892.696866539,54.83148218534253,1.1600024339327886,2031828.6593326444,2026962.4828660896,1.0025205685241265,1.1887282126396161,6,0
profile,tfl-numbat-2019-midweek,night,5,11.966666666666667,1,2,off,free-flow,4,destination,50,940GZZLUEUS,0,3900,3705,1800,1795,4211505d27680b8b,359,359,0,0,231,128,7.7,67,112,10.933333333333334,16,true,1905,52,132,114,72,3,2,0,1,2,2,465,304,161,7,london-link-048-a-departure,true,960,212.17762302692665,1012.8833333333333,573.9,647.1868616527391,1351.3833333333334,1979.2333333333333,1804687.5625102962,1633127.6852366938,52.495187566958926,1.1658037577248037,2103911.541795119,2103911.541795119,1,1,0,0
profile,tfl-numbat-2019-midweek,night,5,11.966666666666667,1,2,off,free-flow,4,drop-offs,44,940GZZLUEUS,0,3900,3624,1800,1795,4211505d27680b8b,359,359,0,0,226,133,7.533333333333333,68,111,10.533333333333333,22,true,1824,67,136,114,75,3,2,0,0,2,2,687,479,206,7,london-link-063-a-departure,true,862,239.8489322191272,991.4333333333333,632.0333333333333,676.3882079851439,1402.1666666666667,1898.2666666666667,1843656.0381175275,1764120.1001116682,51.10228482808384,1.1437036790923938,2108596.19366749,2103386.541795119,1.0028813695898453,1.1903092773325137,5,0
profile,tfl-numbat-2019-midweek,night,5,11.966666666666667,1,3,off,free-flow,4,destination,51,940GZZLUEUS,0,3900,3262,1800,1795,e593d26bccbd6209,359,359,0,0,220,139,7.333333333333333,70,109,10,30,true,1462,62,144,114,75,4,2,0,0,2,1,528,346,180,6,940GZZLUWHP-diverge,true,859,220.53393686165273,948.55,539.1333333333333,657.8783194057568,1398.4,1536.6333333333334,1789268.2074183004,1556045.57864666,53.48581095356643,1.1812342505170856,2113544.889868733,2113544.889868733,1,1,0,0
profile,tfl-numbat-2019-midweek,night,5,11.966666666666667,1,3,off,free-flow,4,drop-offs,59,940GZZLUEUS,0,3900,3005,1800,1795,e593d26bccbd6209,359,359,0,0,224,135,7.466666666666667,69,110,10.333333333333334,25,true,1205,63,143,114,73,4,2,0,0,2,1,842,510,324,7,london-link-048-a-departure,true,861,218.76573816155988,950.4333333333333,567.1666666666666,657.9341225626741,1411.8166666666666,1595.4833333333333,1786128.0413406796,1489003.7011233552,54.53606699793065,1.185632017830682,2117690.5936645907,2111894.8898687325,1.0032776034058877,1.1898426570345046,7,0
profile,tfl-numbat-2019-midweek,night,4.615385,13.033333333333333,1,1,off,free-flow,4,destination,53,940GZZLUEUS,0,3900,3764,1800,1798.6,86aba24f394e3624,391,391,0,0,247,144,8.233333333333333,80,115,11.133333333333333,29,true,1964,67,145,114,82,4,2,0,0,2,2,866,525,338,7,london-link-048-a-departure,true,998.4,223.9237851662404,1016.6333333333333,586.1666666666666,650.3523017902813,1300.05,1982.9833333333333,1925818.0413777162,1701654.598341473,53.08980198198816,1.159964964086487,2233881.455069236,2233881.455069236,1,1,0,0
profile,tfl-numbat-2019-midweek,night,4.615385,13.033333333333333,1,1,off,free-flow,4,drop-offs,62,940GZZLUEUS,0,3900,3324,1800,1798.6,86aba24f394e3624,391,391,0,0,250,141,8.333333333333334,84,111,11.066666666666666,30,true,1524,60,142,114,78,5,2,0,0,2,2,958,594,362,7,london-link-048-a-departure,true,794.4,206.3069906223359,900.1666666666666,494.6333333333333,635.3271952259164,1275.7166666666667,1569.3833333333334,1908263.2206887472,1563886.488738391,54.95912850496262,1.1747858708625312,2241800.6694213757,2232531.455069236,1.0045551885778408,1.228183917662986,11,0
profile,tfl-numbat-2019-midweek,night,4.615385,13.033333333333333,1,2,off,free-flow,4,destination,62,940GZZLUEUS,0,3900,3668,1800,1798.6,09112042b1d9f956,391,391,0,0,237,154,7.9,70,125,11.133333333333333,29,true,1868,82,158,114,76,3,3,0,1,2,2,508,371,136,6,london-link-048-a-departure,true,888.4,260.170716112532,1099.2833333333333,705.0333333333333,689.2598039215686,1403.3,2080.383333333333,1903477.1718270464,1822165.2468056416,51.09124703721898,1.1873079791165255,2260013.634045648,2260013.634045648,1,1,0,0
profile,tfl-numbat-2019-midweek,night,4.615385,13.033333333333333,1,2,off,free-flow,4,drop-offs,71,940GZZLUEUS,0,3900,3459,1800,1798.6,09112042b1d9f956,391,391,0,0,239,152,7.966666666666667,70,125,11.266666666666667,27,true,1659,72,156,114,72,3,3,0,0,2,1,385,297,87,6,london-link-048-a-departure,true,891.4,248.29326513213982,1153.25,746.4666666666667,678.7900255754477,1409.8333333333333,1904.2166666666667,1899735.5157807674,1775637.0101593588,51.6882439092302,1.195583285279317,2271292.0289889746,2260538.634045648,1.0044263041895358,1.2718137438468866,10,0
profile,tfl-numbat-2019-midweek,night,4.615385,13.033333333333333,1,3,off,free-flow,4,destination,67,940GZZLUEUS,0,3900,3375,1800,1798.6,de8c84346b576f9d,391,391,0,0,235,156,7.833333333333333,73,122,10.8,34,true,1575,75,161,114,71,3,3,0,0,2,2,488,349,139,6,london-link-048-a-departure,true,860.4,257.4133418584825,1107.6666666666667,629.1,694.8337169650468,1457.9833333333333,1916.15,1895699.9480922287,1695807.382376308,52.782850587831646,1.2179925223691321,2308948.361300186,2308948.361300186,1,1,0,0
profile,tfl-numbat-2019-midweek,night,4.615385,13.033333333333333,1,3,off,free-flow,4,drop-offs,82,940GZZLUEUS,0,3900,3276,1800,1798.6,de8c84346b576f9d,391,391,0,0,234,157,7.8,73,122,10.733333333333333,35,true,1476,76,162,114,72,4,2,0,1,2,1,537,324,209,6,london-link-048-a-departure,true,758.4,248.90498721227624,858.0333333333333,669.3166666666667,690.5556692242114,1393.4666666666667,1688.6833333333334,1856680.2189985013,1720257.2768166922,51.90697967662862,1.2515949028224835,2323811.4981476944,2306998.361300185,1.0081735070387825,1.221104619462378,16,0
profile,tfl-numbat-2019-midweek,night,4.2857140000000005,14,1,1,off,free-flow,4,destination,79,940GZZLUEUS,0,3900,3623,1800,1799,def6a6a41e8ad6fd,420,420,0,0,256,164,8.533333333333333,92,118,10.933333333333334,46,true,1823,85,164,114,76,5,2,0,1,2,2,737,476,256,7,london-link-048-a-departure,true,978,242.8479761904762,1151.6166666666666,718.7,669.2533730158731,1354.45,1917.4833333333333,1998930.9666508094,1756853.7922139694,53.22272427706972,1.2016576663947365,2402030.72050817,2402030.72050817,1,1,0,0
profile,tfl-numbat-2019-midweek,night,4.2857140000000005,14,1,1,off,free-flow,4,drop-offs,87,940GZZLUEUS,0,3900,3633,1800,1799,def6a6a41e8ad6fd,420,420,0,0,259,161,8.633333333333333,94,116,11,45,true,1833,92,161,114,76,5,2,0,0,2,1,934,563,366,6,london-link-048-a-departure,true,932,245.76563492063494,1017.3666666666667,736.55,672.1360317460318,1355.1666666666667,1953.8166666666666,1982238.4814488129,1795359.494751671,52.47351607919254,1.2152838027147426,2408982.3194645555,2401355.7205081712,1.0039650973827114,1.365398728644671,7,0
profile,tfl-numbat-2019-midweek,night,4.2857140000000005,14,1,2,off,free-flow,4,destination,74,940GZZLUEUS,0,3900,3650,1800,1799,5d8b702387ea3569,420,420,0,0,255,165,8.5,81,129,11.6,36,true,1850,83,165,114,74,3,2,0,1,2,2,333,233,97,6,london-link-048-a-departure,true,1121,260.6535317460318,1180.85,704.6333333333333,686.9922619047619,1343.7333333333333,1935.6833333333334,1988457.4980702624,1788206.2360621647,52.651166162852725,1.2154409225597431,2416852.6157660517,2416852.6157660517,1,1,0,0
profile,tfl-numbat-2019-midweek,night,4.2857140000000005,14,1,2,off,free-flow,4,drop-offs,84,940GZZLUEUS,0,3900,3668,1800,1799,5d8b702387ea3569,420,420,0,0,252,168,8.4,81,129,11.4,39,true,1868,74,168,114,74,4,2,0,0,2,2,577,312,265,6,london-link-048-a-departure,true,933,248.84242063492061,993.2,630.0166666666667,677.7052777777778,1277.7333333333333,1889.5166666666667,1922351.7739179237,1842400.0323012902,51.061846115387425,1.2617175956951625,2425465.058124656,2418352.615766052,1.0027413650833867,1.2279764331400824,9,0
profile,tfl-numbat-2019-midweek,night,4.2857140000000005,14,1,3,off,free-flow,4,destination,86,940GZZLUEUS,0,3900,3488,1800,1799,543bacff6e8e87de,420,420,0,0,240,180,8,79,131,10.733333333333333,49,true,1688,94,182,114,71,4,3,0,0,2,1,509,348,158,6,london-link-048-a-departure,true,918,289.7711507936508,1074.8666666666666,716.7833333333333,724.379761904762,1448.3666666666666,1865.8166666666666,1968103.560267297,1785486.4243471776,52.43256637870206,1.2518450459546335,2463760.6916881953,2463760.6916881953,1,1,0,0
profile,tfl-numbat-2019-midweek,night,4.2857140000000005,14,1,3,off,free-flow,4,drop-offs,95,940GZZLUEUS,0,3900,3420,1800,1799,543bacff6e8e87de,420,420,0,0,250,170,8.333333333333334,79,131,11.4,39,true,1620,83,177,114,72,4,2,0,0,2,2,508,358,150,7,london-link-063-a-departure,true,853,264.2348015873016,992.65,760.5,703.0801587301588,1462.45,1800.2333333333333,1971613.1890445594,1774224.523458086,52.634773323569796,1.2580241425261707,2480336.9913804354,2462785.691688193,1.0072458100714914,1.2908369339043522,18,0
profile,tfl-numbat-2019-midweek,night,4,14.966666666666667,1,1,off,free-flow,4,destination,104,940GZZLUEUS,0,3900,3538,1800,1796,496c456e64d1b538,449,449,0,0,274,175,9.133333333333333,97,127,11.8,48,true,1738,97,182,114,81,4,2,0,0,2,1,1095,828,260,6,london-link-048-a-departure,true,940,253.27988121752043,1150.6666666666667,721.3,682.2141425389756,1355.9666666666667,1889.1333333333334,2032628.1354833394,1826896.563292001,52.665244923249475,1.2720965334830303,2585699.2048250376,2585699.2048250376,1,1,0,0
profile,tfl-numbat-2019-midweek,night,4,14.966666666666667,1,1,off,free-flow,4,drop-offs,115,940GZZLUEUS,0,3900,3742,1800,1796,496c456e64d1b538,449,449,0,0,273,176,9.1,96,128,11.8,48,true,1942,91,177,114,79,3,2,0,0,2,2,822,598,218,7,london-link-063-a-departure,true,972,241.74621380846327,991.1166666666667,707.6,674.3896436525613,1330.7666666666667,1957.1,1993395.380458317,1867326.7570435076,51.63270780601146,1.3069089539995724,2605186.271408315,2584874.2048250376,1.0084854611132703,1.3597468823447698,19,0
profile,tfl-numbat-2019-midweek,night,4,14.966666666666667,1,2,off,free-flow,4,destination,113,940GZZLUEUS,0,3900,3844,1800,1796,916284cd6b4ace08,449,449,0,0,273,176,9.1,86,138,12.466666666666667,38,true,2044,76,180,114,77,4,3,0,1,2,2,525,356,167,7,london-link-063-a-departure,true,1077,248.06369710467706,1148.2833333333333,700.55,669.9473645137342,1440.85,2120,1957000.9175679125,1801821.7312135655,52.06419936312574,1.3034244009476932,2550802.7484738096,2550802.7484738096,1,1,0,0
profile,tfl-numbat-2019-midweek,night,4,14.966666666666667,1,2,off,free-flow,4,drop-offs,107,940GZZLUEUS,0,3900,3566,1800,1796,916284cd6b4ace08,449,449,0,0,271,178,9.033333333333333,87,137,12.266666666666667,41,true,1766,81,181,114,78,4,2,0,1,2,2,495,268,227,6,london-link-013-a-arrival,true,1126,254.76495916852264,1173.6166666666666,830.4833333333333,679.1442464736451,1407.1333333333334,1880.2333333333333,2007672.6246454483,1884414.1685376992,51.58344947912816,1.2778011978371464,2565406.4844622053,2552752.748473809,1.0046392178241568,1.2370832310183666,15,0
profile,tfl-numbat-2019-midweek,night,4,14.966666666666667,1,3,off,free-flow,4,destination,108,940GZZLUEUS,0,3900,3766,1800,1796,b5e14fc27a619533,449,449,0,0,263,186,8.766666666666667,89,135,11.6,51,true,1966,97,188,114,69,4,2,0,1,2,2,681,420,259,6,london-link-048-a-departure,true,1043,278.74959168522645,1182.1333333333334,701.5166666666667,714.9616555308091,1520.3166666666666,2077.233333333333,2005964.6754199048,1828470.7149833094,52.3144732191971,1.3135373294241222,2634909.4824900166,2634909.4824900166,1,1,0,0
profile,tfl-numbat-2019-midweek,night,4,14.966666666666667,1,3,off,free-flow,4,drop-offs,126,940GZZLUEUS,0,3900,3741,1800,1796,b5e14fc27a619533,449,449,0,0,254,195,8.466666666666667,89,135,11,60,true,1941,91,197,114,72,5,2,0,0,2,2,1361,662,699,8,london-link-063-a-departure,true,973,274.94402375649594,1078.5833333333333,717.6833333333333,719.2801781737194,1436.7166666666667,1980.0833333333333,1967316.794264895,1924174.2589534142,50.5543188294857,1.3522968326612268,2660396.2695533135,2636484.4824900166,1.0095002601369207,1.3968199671725126,24,0
