name,episode,follower,leader,start_tick,end_tick,duration_seconds,outcome,start_lane,end_lane,first,through,span_start,span_end,frontier_end,requested_cell_start,requested_cell_end,resources
pilot-old,0,london-pod-036,london-pod-058,72660,73211,9.183333333333334,frontier-granted,london-link-067-ab-2,london-link-067-ab-2,269,269,7666.321602770997,7694.882139040778,7694.882139040778,7666.321602770997,7694.882139040778,"[{""ID"":""2:london-link-067-ab-2:8"",""Kind"":""track"",""Scope"":""held"",""InitialOwner"":""london-pod-058"",""InitialClass"":""predecessor"",""ReleaseAt"":7603.321602770996,""Remaining"":12,""HasRelease"":true},{""ID"":""2:london-link-067-ab-2:9"",""Kind"":""track"",""Scope"":""requested"",""InitialOwner"":""london-pod-068"",""InitialClass"":""unrelated"",""ReleaseAt"":9565.971312965676,""Remaining"":18.275680261791422,""HasRelease"":true}]"
pilot-old,1,london-pod-041,london-pod-084,76824,77051,3.783333333333333,frontier-granted,london-link-067-ab-2,london-link-067-ab-2,333,333,9525.410776695895,9553.971312965676,9640.857907647258,9525.410776695895,9553.971312965676,"[{""ID"":""2:london-link-067-ab-2:8"",""Kind"":""track"",""Scope"":""held"",""InitialOwner"":""london-pod-084"",""InitialClass"":""predecessor"",""ReleaseAt"":9537.410776695895,""Remaining"":12,""HasRelease"":true},{""ID"":""2:london-link-067-ab-2:9"",""Kind"":""track"",""Scope"":""requested"",""InitialOwner"":""london-pod-072"",""InitialClass"":""unrelated"",""ReleaseAt"":6584.539284153915,""Remaining"":12,""HasRelease"":true}]"
pilot-old,2,london-pod-013,london-pod-067,83172,83748,9.6,frontier-granted,london-link-067-ab-2,london-link-067-ab-2,213,213,6132.1437397406235,6160.704276010405,6160.704276010405,6132.1437397406235,6160.704276010405,"[{""ID"":""2:london-link-067-ab-2:8"",""Kind"":""track"",""Scope"":""held"",""InitialOwner"":""london-pod-067"",""InitialClass"":""predecessor"",""ReleaseAt"":8291.58264617871,""Remaining"":12,""HasRelease"":true},{""ID"":""2:london-link-067-ab-2:9"",""Kind"":""track"",""Scope"":""requested"",""InitialOwner"":""london-pod-039"",""InitialClass"":""unrelated"",""ReleaseAt"":6097.704276010405,""Remaining"":2.544444444444707,""HasRelease"":true}]"
pilot-old,3,london-pod-106,london-pod-063,89160,89454,4.9,frontier-granted,london-link-067-ab-2,london-link-067-ab-2,306,306,8786.185768860994,8814.746305130775,8843.306841400556,8786.185768860994,8814.746305130775,"[{""ID"":""2:london-link-067-ab-2:7"",""Kind"":""track"",""Scope"":""held"",""InitialOwner"":""london-pod-063"",""InitialClass"":""predecessor"",""ReleaseAt"":7649.761066501216,""Remaining"":12,""HasRelease"":true},{""ID"":""2:london-link-067-ab-2:8"",""Kind"":""track"",""Scope"":""requested"",""InitialOwner"":""london-pod-003"",""InitialClass"":""unrelated"",""ReleaseAt"":7217.842099313357,""Remaining"":13.729824285946961,""HasRelease"":true}]"
pilot-old,4,london-pod-107,london-pod-106,90390,91098,11.8,frontier-granted,london-link-067-ab-2,london-link-067-ab-2,310,310,8889.746305130775,8918.306841400556,8918.306841400556,8889.746305130775,8918.306841400556,"[{""ID"":""2:london-link-067-ab-2:8"",""Kind"":""track"",""Scope"":""held"",""InitialOwner"":""london-pod-063"",""InitialClass"":""ancestor"",""ReleaseAt"":7678.321602770997,""Remaining"":12,""HasRelease"":true},{""ID"":""2:london-link-067-ab-2:9"",""Kind"":""track"",""Scope"":""requested"",""InitialOwner"":""london-pod-003"",""InitialClass"":""unrelated"",""ReleaseAt"":7246.402635583138,""Remaining"":12,""HasRelease"":true}]"
pilot-old,5,london-pod-073,london-pod-107,90474,91098,10.4,frontier-granted,london-link-067-ab-2,london-link-067-ab-2,266,266,7591.321602770996,7619.8821390407775,7619.8821390407775,7591.321602770996,7619.8821390407775,"[{""ID"":""2:london-link-067-ab-2:8"",""Kind"":""track"",""Scope"":""held"",""InitialOwner"":""london-pod-063"",""InitialClass"":""ancestor"",""ReleaseAt"":7678.321602770997,""Remaining"":12,""HasRelease"":true},{""ID"":""2:london-link-067-ab-2:7"",""Kind"":""track"",""Scope"":""held"",""InitialOwner"":""london-pod-107"",""InitialClass"":""predecessor"",""ReleaseAt"":8873.185768860994,""Remaining"":7.793022044841564,""HasRelease"":true},{""ID"":""2:london-link-067-ab-2:9"",""Kind"":""track"",""Scope"":""requested"",""InitialOwner"":""london-pod-003"",""InitialClass"":""unrelated"",""ReleaseAt"":7246.402635583138,""Remaining"":12,""HasRelease"":true}]"
pilot-old,6,london-pod-108,london-pod-062,92400,92853,7.55,frontier-granted,london-link-067-ab-2,london-link-067-ab-2,312,312,8936.185768860994,8964.746305130775,8993.306841400556,8936.185768860994,8964.746305130775,"[{""ID"":""2:london-link-067-ab-2:7"",""Kind"":""track"",""Scope"":""held"",""InitialOwner"":""london-pod-062"",""InitialClass"":""predecessor"",""ReleaseAt"":10107.152867409763,""Remaining"":12,""HasRelease"":true},{""ID"":""2:london-link-067-ab-2:8"",""Kind"":""track"",""Scope"":""requested"",""InitialOwner"":""london-pod-073"",""InitialClass"":""unrelated"",""ReleaseAt"":7603.321602770996,""Remaining"":7.793022044839745,""HasRelease"":true}]"
pilot-old,7,london-pod-095,london-pod-108,92514,92853,5.65,frontier-granted,london-link-067-ab-2,london-link-067-ab-2,330,330,9383.855303577438,9412.41583984722,9440.976376117,9383.855303577438,9412.41583984722,"[{""ID"":""2:london-link-067-ab-2:7"",""Kind"":""track"",""Scope"":""held"",""InitialOwner"":""london-pod-062"",""InitialClass"":""ancestor"",""ReleaseAt"":10107.152867409763,""Remaining"":12,""HasRelease"":true},{""ID"":""2:london-link-067-ab-2:8"",""Kind"":""track"",""Scope"":""requested"",""InitialOwner"":""london-pod-073"",""InitialClass"":""unrelated"",""ReleaseAt"":7603.321602770996,""Remaining"":7.793022044839745,""HasRelease"":true}]"
pilot-old,8,london-pod-020,london-pod-095,93618,94610,16.533333333333335,frontier-granted,london-link-067-ab-2,london-link-067-ab-2,171,171,4820.196690989309,4848.7572272590905,4848.7572272590905,4820.196690989309,4848.7572272590905,"[{""ID"":""2:london-link-067-ab-2:7"",""Kind"":""track"",""Scope"":""held"",""InitialOwner"":""london-pod-095"",""InitialClass"":""predecessor"",""ReleaseAt"":9395.855303577438,""Remaining"":7.7456914735121245,""HasRelease"":true},{""ID"":""2:london-link-067-ab-2:8"",""Kind"":""track"",""Scope"":""held"",""InitialOwner"":""london-pod-062"",""InitialClass"":""ancestor"",""ReleaseAt"":10135.713403679543,""Remaining"":12,""HasRelease"":true},{""ID"":""2:london-link-067-ab-2:9"",""Kind"":""track"",""Scope"":""requested"",""InitialOwner"":""london-pod-107"",""InitialClass"":""unrelated"",""ReleaseAt"":8930.306841400556,""Remaining"":9.519444444444161,""HasRelease"":true}]"
pilot-old,9,london-pod-011,london-pod-071,94410,94970,9.333333333333334,frontier-granted,london-link-067-ab-2,london-link-067-ab-2,339,339,9756.372794072353,9784.933330342134,9842.054402881695,9756.372794072353,9784.933330342134,"[{""ID"":""2:london-link-067-ab-2:6"",""Kind"":""track"",""Scope"":""held"",""InitialOwner"":""london-pod-071"",""InitialClass"":""predecessor"",""ReleaseAt"":7621.200530231436,""Remaining"":12,""HasRelease"":true},{""ID"":""2:london-link-067-ab-2:7"",""Kind"":""track"",""Scope"":""requested"",""InitialOwner"":""london-pod-095"",""InitialClass"":""unrelated"",""ReleaseAt"":9395.855303577438,""Remaining"":7.7456914735121245,""HasRelease"":true}]"
pilot-old,10,london-pod-065,london-pod-008,95946,96715,12.816666666666666,frontier-granted,london-link-067-ab-2,london-link-067-ab-2,295,295,8319.514858804618,8348.0753950744,8492.083062295544,8319.514858804618,8348.0753950744,"[{""ID"":""2:london-link-067-ab-2:6"",""Kind"":""track"",""Scope"":""held"",""InitialOwner"":""london-pod-008"",""InitialClass"":""predecessor"",""ReleaseAt"":10279.295076319193,""Remaining"":12,""HasRelease"":true},{""ID"":""2:london-link-067-ab-2:7"",""Kind"":""track"",""Scope"":""requested"",""InitialOwner"":""london-pod-071"",""InitialClass"":""unrelated"",""ReleaseAt"":7649.761066501216,""Remaining"":12,""HasRelease"":true}]"
pilot-old,11,london-pod-082,london-pod-065,96426,96715,4.816666666666666,frontier-granted,london-link-067-ab-2,london-link-067-ab-2,303,303,8433.695381232843,8462.255917502624,8606.263584723767,8433.695381232843,8462.255917502624,"[{""ID"":""2:london-link-067-ab-2:6"",""Kind"":""track"",""Scope"":""held"",""InitialOwner"":""london-pod-008"",""InitialClass"":""ancestor"",""ReleaseAt"":10279.295076319193,""Remaining"":12,""HasRelease"":true},{""ID"":""2:london-link-067-ab-2:7"",""Kind"":""track"",""Scope"":""requested"",""InitialOwner"":""london-pod-071"",""InitialClass"":""unrelated"",""ReleaseAt"":7649.761066501216,""Remaining"":10.914999999999964,""HasRelease"":true}]"
pilot-old,12,london-pod-042,london-pod-082,97572,98120,9.133333333333333,frontier-granted,london-link-067-ab-2,london-link-067-ab-2,288,288,8176.0221099089285,8204.58264617871,8320.029777130072,8176.0221099089285,8204.58264617871,"[{""ID"":""2:london-link-067-ab-2:7"",""Kind"":""track"",""Scope"":""held"",""InitialOwner"":""london-pod-008"",""InitialClass"":""ancestor"",""ReleaseAt"":10307.855612588974,""Remaining"":12,""HasRelease"":true},{""ID"":""2:london-link-067-ab-2:6"",""Kind"":""track"",""Scope"":""held"",""InitialOwner"":""london-pod-082"",""InitialClass"":""predecessor"",""ReleaseAt"":8445.695381232843,""Remaining"":16.321198342169737,""HasRelease"":true},{""ID"":""2:london-link-067-ab-2:8"",""Kind"":""track"",""Scope"":""requested"",""InitialOwner"":""london-pod-011"",""InitialClass"":""unrelated"",""ReleaseAt"":9825.493866611914,""Remaining"":7.750867445301992,""HasRelease"":true}]"
pilot-old,13,london-pod-018,london-pod-030,99396,100044,10.8,frontier-granted,london-link-067-ab-2,london-link-067-ab-2,369,369,10425.451998517978,10454.012534787758,10626.580738278682,10425.451998517978,10454.012534787758,"[{""ID"":""2:london-link-067-ab-2:5"",""Kind"":""track"",""Scope"":""held"",""InitialOwner"":""london-pod-030"",""InitialClass"":""predecessor"",""ReleaseAt"":7592.639993961655,""Remaining"":12,""HasRelease"":true},{""ID"":""2:london-link-067-ab-2:6"",""Kind"":""track"",""Scope"":""requested"",""InitialOwner"":""london-pod-042"",""InitialClass"":""unrelated"",""ReleaseAt"":8159.461573639148,""Remaining"":4.201529378363375,""HasRelease"":true}]"
pilot-old,14,london-pod-057,london-pod-034,100422,100537,1.9166666666666667,frontier-granted,london-link-067-ab-2,london-link-067-ab-2,262,262,7477.079457691872,7505.639993961654,7619.8821390407775,7477.079457691872,7505.639993961654,"[{""ID"":""2:london-link-067-ab-2:4"",""Kind"":""track"",""Scope"":""held"",""InitialOwner"":""london-pod-034"",""InitialClass"":""predecessor"",""ReleaseAt"":7103.599954234233,""Remaining"":12,""HasRelease"":true},{""ID"":""2:london-link-067-ab-2:5"",""Kind"":""track"",""Scope"":""requested"",""InitialOwner"":""london-pod-018"",""InitialClass"":""unrelated"",""ReleaseAt"":10437.451998517978,""Remaining"":3.174194288914805,""HasRelease"":true}]"
pilot-old,15,london-pod-091,london-pod-052,101550,101570,0.3333333333333333,frontier-granted,london-link-067-ab-2,london-link-067-ab-2,259,259,7226.794568322014,7255.355104591796,7456.483844352501,7226.794568322014,7255.355104591796,"[{""ID"":""2:london-link-067-ab-2:4"",""Kind"":""track"",""Scope"":""held"",""InitialOwner"":""london-pod-052"",""InitialClass"":""predecessor"",""ReleaseAt"":8047.272117850816,""Remaining"":12,""HasRelease"":true},{""ID"":""2:london-link-067-ab-2:5"",""Kind"":""track"",""Scope"":""requested"",""InitialOwner"":""london-pod-057"",""InitialClass"":""unrelated"",""ReleaseAt"":7517.639993961654,""Remaining"":1.1610733553770842,""HasRelease"":true}]"
pilot-old,16,london-pod-087,london-pod-091,102594,102719,2.0833333333333335,frontier-granted,london-link-067-ab-2,london-link-067-ab-2,286,286,8118.901037369367,8147.461573639148,8320.029777130072,8118.901037369367,8147.461573639148,"[{""ID"":""2:london-link-067-ab-2:5"",""Kind"":""track"",""Scope"":""held"",""InitialOwner"":""london-pod-052"",""InitialClass"":""ancestor"",""ReleaseAt"":8075.832654120598,""Remaining"":12,""HasRelease"":true},{""ID"":""2:london-link-067-ab-2:6"",""Kind"":""track"",""Scope"":""requested"",""InitialOwner"":""london-pod-057"",""InitialClass"":""unrelated"",""ReleaseAt"":7546.200530231435,""Remaining"":10.336438612398524,""HasRelease"":true}]"
pilot-old,17,london-pod-017,london-pod-087,103650,103960,5.166666666666667,frontier-granted,london-link-067-ab-2,london-link-067-ab-2,267,267,7609.200530231436,7637.761066501216,7781.768733722361,7609.200530231436,7637.761066501216,"[{""ID"":""2:london-link-067-ab-2:6"",""Kind"":""track"",""Scope"":""held"",""InitialOwner"":""london-pod-052"",""InitialClass"":""ancestor"",""ReleaseAt"":8104.393190390379,""Remaining"":12,""HasRelease"":true},{""ID"":""2:london-link-067-ab-2:5"",""Kind"":""track"",""Scope"":""held"",""InitialOwner"":""london-pod-087"",""InitialClass"":""predecessor"",""ReleaseAt"":8130.901037369367,""Remaining"":16.321198342172465,""HasRelease"":true},{""ID"":""2:london-link-067-ab-2:7"",""Kind"":""track"",""Scope"":""requested"",""InitialOwner"":""london-pod-034"",""InitialClass"":""unrelated"",""ReleaseAt"":7189.281563043576,""Remaining"":11.204999999999927,""HasRelease"":true}]"
pilot-old,18,london-pod-092,london-pod-086,105990,107068,17.966666666666665,frontier-granted,london-link-067-ab-2,london-link-067-ab-2,207,207,5971.4621309312815,6000.022667201062,6172.590870691987,5971.4621309312815,6000.022667201062,"[{""ID"":""2:london-link-067-ab-2:5"",""Kind"":""track"",""Scope"":""held"",""InitialOwner"":""london-pod-086"",""InitialClass"":""predecessor"",""ReleaseAt"":4276.658606737383,""Remaining"":12,""HasRelease"":true},{""ID"":""2:london-link-067-ab-2:6"",""Kind"":""track"",""Scope"":""requested"",""InitialOwner"":""london-pod-017"",""InitialClass"":""unrelated"",""ReleaseAt"":7621.200530231436,""Remaining"":4.201529378367013,""HasRelease"":true}]"
pilot-old,19,london-pod-027,london-pod-092,108432,108887,7.583333333333333,frontier-granted,london-link-067-ab-2,london-link-067-ab-2,296,296,8348.0753950744,8376.63593134418,8492.083062295544,8348.0753950744,8376.63593134418,"[{""ID"":""2:london-link-067-ab-2:7"",""Kind"":""track"",""Scope"":""held"",""InitialOwner"":""london-pod-086"",""InitialClass"":""ancestor"",""ReleaseAt"":4333.779679276944,""Remaining"":12,""HasRelease"":true},{""ID"":""2:london-link-067-ab-2:8"",""Kind"":""track"",""Scope"":""requested"",""InitialOwner"":""london-pod-017"",""InitialClass"":""unrelated"",""ReleaseAt"":7678.321602770997,""Remaining"":16.321198342168827,""HasRelease"":true}]"
pilot-old,20,london-pod-093,london-pod-027,108522,108887,6.083333333333333,frontier-granted,london-link-067-ab-2,london-link-067-ab-2,250,250,7177.281563043576,7205.842099313357,7321.289230264721,7177.281563043576,7205.842099313357,"[{""ID"":""2:london-link-067-ab-2:6"",""Kind"":""track"",""Scope"":""held"",""InitialOwner"":""london-pod-027"",""InitialClass"":""predecessor"",""ReleaseAt"":8331.514858804618,""Remaining"":15.684979409174048,""HasRelease"":true},{""ID"":""2:london-link-067-ab-2:7"",""Kind"":""track"",""Scope"":""held"",""InitialOwner"":""london-pod-086"",""InitialClass"":""ancestor"",""ReleaseAt"":4333.779679276944,""Remaining"":12,""HasRelease"":true},{""ID"":""2:london-link-067-ab-2:8"",""Kind"":""track"",""Scope"":""requested"",""InitialOwner"":""london-pod-017"",""InitialClass"":""unrelated"",""ReleaseAt"":7678.321602770997,""Remaining"":15.704265032952208,""HasRelease"":true}]"
pilot-old,21,london-pod-110,london-pod-109,108612,109038,7.1,frontier-granted,london-link-067-ab-2,london-link-067-ab-2,393,393,11334.04762930417,11362.60816557395,11476.850310653073,11334.04762930417,11362.60816557395,"[{""ID"":""2:london-link-067-ab-2:4"",""Kind"":""track"",""Scope"":""held"",""InitialOwner"":""london-pod-109"",""InitialClass"":""predecessor"",""ReleaseAt"":11271.047629304168,""Remaining"":12,""HasRelease"":true},{""ID"":""2:london-link-067-ab-2:5"",""Kind"":""track"",""Scope"":""requested"",""InitialOwner"":""london-pod-093"",""InitialClass"":""unrelated"",""ReleaseAt"":7132.160490504015,""Remaining"":3.247200978870751,""HasRelease"":true}]"
pilot-old,22,london-pod-059,london-pod-026,110100,111003,15.05,frontier-granted,london-link-067-ab-2,london-link-067-ab-2,428,428,12108.886665402779,12137.44720167256,12338.575941433264,12108.886665402779,12137.44720167256,"[{""ID"":""2:london-link-067-ab-2:4"",""Kind"":""track"",""Scope"":""held"",""InitialOwner"":""london-pod-026"",""InitialClass"":""predecessor"",""ReleaseAt"":8349.393786265056,""Remaining"":12,""HasRelease"":true},{""ID"":""2:london-link-067-ab-2:5"",""Kind"":""track"",""Scope"":""requested"",""InitialOwner"":""london-pod-109"",""InitialClass"":""unrelated"",""ReleaseAt"":11299.608165573949,""Remaining"":12,""HasRelease"":true}]"
pilot-old,23,london-pod-031,london-pod-097,110694,111544,14.166666666666666,frontier-granted,london-link-067-ab-2,london-link-067-ab-2,249,249,7138.039417964453,7166.599954234233,7309.402635583138,7138.039417964453,7166.599954234233,"[{""ID"":""2:london-link-067-ab-2:3"",""Kind"":""track"",""Scope"":""held"",""InitialOwner"":""london-pod-097"",""InitialClass"":""predecessor"",""ReleaseAt"":5926.341058391719,""Remaining"":12,""HasRelease"":true},{""ID"":""2:london-link-067-ab-2:4"",""Kind"":""track"",""Scope"":""requested"",""InitialOwner"":""london-pod-026"",""InitialClass"":""unrelated"",""ReleaseAt"":8349.393786265056,""Remaining"":12,""HasRelease"":true}]"
pilot-old,24,london-pod-043,london-pod-037,111720,111982,4.366666666666666,frontier-granted,london-link-067-ab-2,london-link-067-ab-2,260,260,7419.958385152311,7448.518921422092,7619.8821390407775,7419.958385152311,7448.518921422092,"[{""ID"":""2:london-link-067-ab-2:2"",""Kind"":""track"",""Scope"":""held"",""InitialOwner"":""london-pod-037"",""InitialClass"":""predecessor"",""ReleaseAt"":8045.219428560024,""Remaining"":12,""HasRelease"":true},{""ID"":""2:london-link-067-ab-2:3"",""Kind"":""track"",""Scope"":""requested"",""InitialOwner"":""london-pod-097"",""InitialClass"":""unrelated"",""ReleaseAt"":5926.341058391719,""Remaining"":3.3466666666663514,""HasRelease"":true}]"
pilot-old,25,london-pod-044,london-pod-043,111774,111982,3.466666666666667,frontier-granted,london-link-067-ab-2,london-link-067-ab-2,260,260,7419.958385152311,7448.518921422092,7619.8821390407775,7419.958385152311,7448.518921422092,"[{""ID"":""2:london-link-067-ab-2:2"",""Kind"":""track"",""Scope"":""held"",""InitialOwner"":""london-pod-037"",""InitialClass"":""ancestor"",""ReleaseAt"":8045.219428560024,""Remaining"":12,""HasRelease"":true},{""ID"":""2:london-link-067-ab-2:3"",""Kind"":""track"",""Scope"":""requested"",""InitialOwner"":""london-pod-031"",""InitialClass"":""unrelated"",""ReleaseAt"":7150.039417964453,""Remaining"":14.25270702454145,""HasRelease"":true}]"
pilot-old,26,london-pod-014,london-pod-044,113412,113764,5.866666666666666,frontier-granted,london-link-067-ab-2,london-link-067-ab-2,293,293,8262.393786265056,8290.954322534837,8405.196467613961,8262.393786265056,8290.954322534837,"[{""ID"":""2:london-link-067-ab-2:3"",""Kind"":""track"",""Scope"":""held"",""InitialOwner"":""london-pod-044"",""InitialClass"":""predecessor"",""ReleaseAt"":7460.518921422092,""Remaining"":7.7456914735121245,""HasRelease"":true},{""ID"":""2:london-link-067-ab-2:4"",""Kind"":""track"",""Scope"":""held"",""InitialOwner"":""london-pod-037"",""InitialClass"":""ancestor"",""ReleaseAt"":8102.340501099586,""Remaining"":12,""HasRelease"":true},{""ID"":""2:london-link-067-ab-2:5"",""Kind"":""track"",""Scope"":""requested"",""InitialOwner"":""london-pod-097"",""InitialClass"":""unrelated"",""ReleaseAt"":5983.4621309312815,""Remaining"":9.92166666666617,""HasRelease"":true}]"
pilot-old,27,london-pod-005,london-pod-111,113916,114124,3.466666666666667,frontier-granted,london-link-067-ab-2,london-link-067-ab-2,147,147,4178.97699792804,4207.537534197821,4378.900751816506,4178.97699792804,4207.537534197821,"[{""ID"":""2:london-link-067-ab-2:2"",""Kind"":""track"",""Scope"":""held"",""InitialOwner"":""london-pod-111"",""InitialClass"":""predecessor"",""ReleaseAt"":11363.926556764607,""Remaining"":12,""HasRelease"":true},{""ID"":""2:london-link-067-ab-2:3"",""Kind"":""track"",""Scope"":""requested"",""InitialOwner"":""london-pod-044"",""InitialClass"":""unrelated"",""ReleaseAt"":7460.518921422092,""Remaining"":3.4871858780797993,""HasRelease"":true}]"
pilot-old,28,london-pod-112,london-pod-005,115068,115414,5.766666666666667,frontier-granted,london-link-067-ab-2,london-link-067-ab-2,398,398,11455.48709303439,11484.04762930417,11626.850310653073,11455.48709303439,11484.04762930417,"[{""ID"":""2:london-link-067-ab-2:3"",""Kind"":""track"",""Scope"":""held"",""InitialOwner"":""london-pod-111"",""InitialClass"":""ancestor"",""ReleaseAt"":11392.48709303439,""Remaining"":12,""HasRelease"":true},{""ID"":""2:london-link-067-ab-2:4"",""Kind"":""track"",""Scope"":""requested"",""InitialOwner"":""london-pod-044"",""InitialClass"":""unrelated"",""ReleaseAt"":7489.079457691872,""Remaining"":7.741213430215794,""HasRelease"":true}]"
pilot-old,29,london-pod-113,london-pod-112,116232,116709,7.95,frontier-granted,london-link-067-ab-2,london-link-067-ab-2,402,402,11559.047629304168,11587.608165573949,11701.850310653072,11559.047629304168,11587.608165573949,"[{""ID"":""2:london-link-067-ab-2:3"",""Kind"":""track"",""Scope"":""held"",""InitialOwner"":""london-pod-112"",""InitialClass"":""predecessor"",""ReleaseAt"":11467.48709303439,""Remaining"":7.7456914735103055,""HasRelease"":true},{""ID"":""2:london-link-067-ab-2:4"",""Kind"":""track"",""Scope"":""held"",""InitialOwner"":""london-pod-111"",""InitialClass"":""ancestor"",""ReleaseAt"":11421.04762930417,""Remaining"":12,""HasRelease"":true},{""ID"":""2:london-link-067-ab-2:5"",""Kind"":""track"",""Scope"":""requested"",""InitialOwner"":""london-pod-044"",""InitialClass"":""unrelated"",""ReleaseAt"":7517.639993961654,""Remaining"":7.745691473513034,""HasRelease"":true}]"
pilot-old,30,london-pod-033,london-pod-069,118134,118306,2.8666666666666667,frontier-granted,london-link-067-ab-2,london-link-067-ab-2,315,315,8762.180452703153,8790.740988972933,9020.430265003419,8762.180452703153,8790.740988972933,"[{""ID"":""2:london-link-067-ab-2:3"",""Kind"":""track"",""Scope"":""held"",""InitialOwner"":""london-pod-069"",""InitialClass"":""predecessor"",""ReleaseAt"":7535.518921422093,""Remaining"":12,""HasRelease"":true},{""ID"":""2:london-link-067-ab-2:4"",""Kind"":""track"",""Scope"":""requested"",""InitialOwner"":""london-pod-112"",""InitialClass"":""unrelated"",""ReleaseAt"":11496.04762930417,""Remaining"":0.7051465255972289,""HasRelease"":true}]"
pilot-old,31,london-pod-099,london-pod-033,119262,119915,10.883333333333333,frontier-granted,london-link-067-ab-2,london-link-067-ab-2,209,209,6017.9015946615,6046.4621309312815,6247.590870691987,6017.9015946615,6046.4621309312815,"[{""ID"":""2:london-link-067-ab-2:4"",""Kind"":""track"",""Scope"":""held"",""InitialOwner"":""london-pod-069"",""InitialClass"":""ancestor"",""ReleaseAt"":7564.079457691873,""Remaining"":12,""HasRelease"":true},{""ID"":""2:london-link-067-ab-2:5"",""Kind"":""track"",""Scope"":""requested"",""InitialOwner"":""london-pod-112"",""InitialClass"":""unrelated"",""ReleaseAt"":11524.60816557395,""Remaining"":7.7456914735103055,""HasRelease"":true}]"
pilot-current,0,london-pod-028,london-pod-047,75552,75855,5.05,frontier-granted,london-link-067-ab-2,london-link-067-ab-2,264,264,7547.378703690535,7575.939239960317,7575.939239960317,7547.378703690535,7575.939239960317,"[{""ID"":""2:london-link-067-ab-2:8"",""Kind"":""track"",""Scope"":""held"",""InitialOwner"":""london-pod-047"",""InitialClass"":""predecessor"",""ReleaseAt"":7642.990062505773,""Remaining"":12,""HasRelease"":true},{""ID"":""2:london-link-067-ab-2:9"",""Kind"":""track"",""Scope"":""requested"",""InitialOwner"":""london-pod-068"",""InitialClass"":""unrelated"",""ReleaseAt"":9597.127246416154,""Remaining"":12,""HasRelease"":true}]"
pilot-current,1,london-pod-013,london-pod-067,83256,83397,2.35,frontier-granted,london-link-067-ab-2,london-link-067-ab-2,209,209,5984.717077682992,6013.277613952772,6041.838150222554,5984.717077682992,6013.277613952772,"[{""ID"":""2:london-link-067-ab-2:7"",""Kind"":""track"",""Scope"":""held"",""InitialOwner"":""london-pod-067"",""InitialClass"":""predecessor"",""ReleaseAt"":8263.022109908929,""Remaining"":12,""HasRelease"":true},{""ID"":""2:london-link-067-ab-2:8"",""Kind"":""track"",""Scope"":""requested"",""InitialOwner"":""london-pod-035"",""InitialClass"":""unrelated"",""ReleaseAt"":9643.566710146373,""Remaining"":7.28447130638051,""HasRelease"":true}]"
pilot-current,2,london-pod-002,london-pod-013,83346,83397,0.85,frontier-granted,london-link-067-ab-2,london-link-067-ab-2,296,296,8416.023638058377,8444.584174328158,8473.144710597939,8416.023638058377,8444.584174328158,"[{""ID"":""2:london-link-067-ab-2:7"",""Kind"":""track"",""Scope"":""held"",""InitialOwner"":""london-pod-067"",""InitialClass"":""ancestor"",""ReleaseAt"":8263.022109908929,""Remaining"":12,""HasRelease"":true},{""ID"":""2:london-link-067-ab-2:8"",""Kind"":""track"",""Scope"":""requested"",""InitialOwner"":""london-pod-035"",""InitialClass"":""unrelated"",""ReleaseAt"":9643.566710146373,""Remaining"":3.282650029124852,""HasRelease"":true}]"
pilot-current,3,london-pod-103,london-pod-002,84354,85462,18.466666666666665,frontier-granted,london-link-067-ab-2,london-link-067-ab-2,298,298,8585.376274866294,8613.936811136075,8613.936811136075,8585.376274866294,8613.936811136075,"[{""ID"":""2:london-link-067-ab-2:7"",""Kind"":""track"",""Scope"":""held"",""InitialOwner"":""london-pod-002"",""InitialClass"":""predecessor"",""ReleaseAt"":8428.023638058377,""Remaining"":7.7456914735121245,""HasRelease"":true},{""ID"":""2:london-link-067-ab-2:8"",""Kind"":""track"",""Scope"":""held"",""InitialOwner"":""london-pod-067"",""InitialClass"":""ancestor"",""ReleaseAt"":8291.58264617871,""Remaining"":12,""HasRelease"":true},{""ID"":""2:london-link-067-ab-2:9"",""Kind"":""track"",""Scope"":""requested"",""InitialOwner"":""london-pod-085"",""InitialClass"":""unrelated"",""ReleaseAt"":8205.67655500854,""Remaining"":7.123333333332994,""HasRelease"":true}]"
pilot-current,4,london-pod-070,london-pod-088,86484,87521,17.283333333333335,frontier-granted,london-link-067-ab-2,london-link-067-ab-2,262,262,7312.476177131357,7341.036713401138,7496.691145891543,7312.476177131357,7341.036713401138,"[{""ID"":""2:london-link-067-ab-2:7"",""Kind"":""track"",""Scope"":""held"",""InitialOwner"":""london-pod-088"",""InitialClass"":""predecessor"",""ReleaseAt"":7530.818167420754,""Remaining"":12,""HasRelease"":true},{""ID"":""2:london-link-067-ab-2:8"",""Kind"":""track"",""Scope"":""requested"",""InitialOwner"":""london-pod-002"",""InitialClass"":""unrelated"",""ReleaseAt"":8456.584174328158,""Remaining"":0.2968336126541544,""HasRelease"":true}]"
pilot-current,5,london-pod-063,london-pod-070,87072,87521,7.483333333333333,frontier-granted,london-link-067-ab-2,london-link-067-ab-2,263,263,7518.818167420754,7547.378703690535,7703.03313618094,7518.818167420754,7547.378703690535,"[{""ID"":""2:london-link-067-ab-2:7"",""Kind"":""track"",""Scope"":""held"",""InitialOwner"":""london-pod-088"",""InitialClass"":""ancestor"",""ReleaseAt"":7530.818167420754,""Remaining"":12,""HasRelease"":true},{""ID"":""2:london-link-067-ab-2:8"",""Kind"":""track"",""Scope"":""requested"",""InitialOwner"":""london-pod-103"",""InitialClass"":""unrelated"",""ReleaseAt"":8597.376274866294,""Remaining"":7.7456914735103055,""HasRelease"":true}]"
pilot-current,6,london-pod-106,london-pod-003,88356,88836,8.0,frontier-granted,london-link-067-ab-2,london-link-067-ab-2,305,305,8753.25520232673,8781.815738596511,8838.936811136073,8753.25520232673,8781.815738596511,"[{""ID"":""2:london-link-067-ab-2:6"",""Kind"":""track"",""Scope"":""held"",""InitialOwner"":""london-pod-003"",""InitialClass"":""predecessor"",""ReleaseAt"":7160.7210267737955,""Remaining"":12,""HasRelease"":true},{""ID"":""2:london-link-067-ab-2:7"",""Kind"":""track"",""Scope"":""requested"",""InitialOwner"":""london-pod-063"",""InitialClass"":""unrelated"",""ReleaseAt"":7530.818167420754,""Remaining"":10.749888639537858,""HasRelease"":true}]"
pilot-current,7,london-pod-107,london-pod-106,89562,90665,18.383333333333333,frontier-granted,london-link-067-ab-2,london-link-067-ab-2,309,309,8856.815738596513,8885.376274866294,8913.936811136075,8856.815738596513,8885.376274866294,"[{""ID"":""2:london-link-067-ab-2:7"",""Kind"":""track"",""Scope"":""held"",""InitialOwner"":""london-pod-003"",""InitialClass"":""ancestor"",""ReleaseAt"":7189.281563043576,""Remaining"":12,""HasRelease"":true},{""ID"":""2:london-link-067-ab-2:8"",""Kind"":""track"",""Scope"":""requested"",""InitialOwner"":""london-pod-070"",""InitialClass"":""unrelated"",""ReleaseAt"":7353.036713401138,""Remaining"":4.053005154466518,""HasRelease"":true}]"
pilot-current,8,london-pod-073,london-pod-108,90258,90862,10.066666666666666,frontier-granted,london-link-067-ab-2,london-link-067-ab-2,264,264,7536.697094881193,7565.257631150974,7650.939239960317,7536.697094881193,7565.257631150974,"[{""ID"":""2:london-link-067-ab-2:5"",""Kind"":""track"",""Scope"":""held"",""InitialOwner"":""london-pod-108"",""InitialClass"":""predecessor"",""ReleaseAt"":8886.694666056952,""Remaining"":12,""HasRelease"":true},{""ID"":""2:london-link-067-ab-2:6"",""Kind"":""track"",""Scope"":""requested"",""InitialOwner"":""london-pod-107"",""InitialClass"":""unrelated"",""ReleaseAt"":8840.255202326733,""Remaining"":7.793022044841564,""HasRelease"":true}]"
pilot-current,9,london-pod-095,london-pod-073,91584,92553,16.15,frontier-granted,london-link-067-ab-2,london-link-067-ab-2,329,329,9347.858490027153,9376.419026296933,9433.540098836495,9347.858490027153,9376.419026296933,"[{""ID"":""2:london-link-067-ab-2:6"",""Kind"":""track"",""Scope"":""held"",""InitialOwner"":""london-pod-108"",""InitialClass"":""ancestor"",""ReleaseAt"":8915.255202326733,""Remaining"":12,""HasRelease"":true},{""ID"":""2:london-link-067-ab-2:7"",""Kind"":""track"",""Scope"":""requested"",""InitialOwner"":""london-pod-107"",""InitialClass"":""unrelated"",""ReleaseAt"":8868.815738596513,""Remaining"":7.793022044839745,""HasRelease"":true}]"
pilot-current,10,london-pod-071,london-pod-095,92298,92553,4.25,frontier-granted,london-link-067-ab-2,london-link-067-ab-2,262,262,7490.257631150974,7518.818167420754,7575.939239960317,7490.257631150974,7518.818167420754,"[{""ID"":""2:london-link-067-ab-2:6"",""Kind"":""track"",""Scope"":""held"",""InitialOwner"":""london-pod-108"",""InitialClass"":""ancestor"",""ReleaseAt"":8915.255202326733,""Remaining"":12,""HasRelease"":true},{""ID"":""2:london-link-067-ab-2:5"",""Kind"":""track"",""Scope"":""held"",""InitialOwner"":""london-pod-095"",""InitialClass"":""predecessor"",""ReleaseAt"":9331.297953757372,""Remaining"":7.793022044841564,""HasRelease"":true},{""ID"":""2:london-link-067-ab-2:7"",""Kind"":""track"",""Scope"":""requested"",""InitialOwner"":""london-pod-107"",""InitialClass"":""unrelated"",""ReleaseAt"":8868.815738596513,""Remaining"":7.793022044839745,""HasRelease"":true}]"
pilot-current,11,london-pod-078,london-pod-020,93498,94069,9.516666666666667,frontier-granted,london-link-067-ab-2,london-link-067-ab-2,293,293,8251.279764094821,8279.840300364602,8492.61580539457,8251.279764094821,8279.840300364602,"[{""ID"":""2:london-link-067-ab-2:5"",""Kind"":""track"",""Scope"":""held"",""InitialOwner"":""london-pod-020"",""InitialClass"":""predecessor"",""ReleaseAt"":4772.290599404222,""Remaining"":12,""HasRelease"":true},{""ID"":""2:london-link-067-ab-2:6"",""Kind"":""track"",""Scope"":""requested"",""InitialOwner"":""london-pod-095"",""InitialClass"":""unrelated"",""ReleaseAt"":9359.858490027153,""Remaining"":7.793022044843383,""HasRelease"":true}]"
pilot-current,12,london-pod-011,london-pod-078,94800,96132,22.2,frontier-granted,london-link-067-ab-2,london-link-067-ab-2,338,338,9721.301146846237,9749.861683116018,9934.076651876203,9721.301146846237,9749.861683116018,"[{""ID"":""2:london-link-067-ab-2:6"",""Kind"":""track"",""Scope"":""held"",""InitialOwner"":""london-pod-020"",""InitialClass"":""ancestor"",""ReleaseAt"":4800.851135674003,""Remaining"":12,""HasRelease"":true},{""ID"":""2:london-link-067-ab-2:7"",""Kind"":""track"",""Scope"":""requested"",""InitialOwner"":""london-pod-095"",""InitialClass"":""unrelated"",""ReleaseAt"":9388.419026296933,""Remaining"":7.793022044841564,""HasRelease"":true}]"
pilot-current,13,london-pod-065,london-pod-011,95310,96132,13.7,frontier-granted,london-link-067-ab-2,london-link-067-ab-2,294,294,8279.840300364602,8308.400836634384,8492.61580539457,8279.840300364602,8308.400836634384,"[{""ID"":""2:london-link-067-ab-2:5"",""Kind"":""track"",""Scope"":""held"",""InitialOwner"":""london-pod-011"",""InitialClass"":""predecessor"",""ReleaseAt"":9704.740610576457,""Remaining"":16.321198342169737,""HasRelease"":true},{""ID"":""2:london-link-067-ab-2:6"",""Kind"":""track"",""Scope"":""held"",""InitialOwner"":""london-pod-020"",""InitialClass"":""ancestor"",""ReleaseAt"":4800.851135674003,""Remaining"":12,""HasRelease"":true},{""ID"":""2:london-link-067-ab-2:7"",""Kind"":""track"",""Scope"":""requested"",""InitialOwner"":""london-pod-095"",""InitialClass"":""unrelated"",""ReleaseAt"":9388.419026296933,""Remaining"":7.793022044841564,""HasRelease"":true}]"
pilot-current,14,london-pod-066,london-pod-030,96264,96298,0.5666666666666667,frontier-granted,london-link-067-ab-2,london-link-067-ab-2,259,259,7404.576022341631,7433.136558611412,7575.939239960317,7404.576022341631,7433.136558611412,"[{""ID"":""2:london-link-067-ab-2:3"",""Kind"":""track"",""Scope"":""held"",""InitialOwner"":""london-pod-030"",""InitialClass"":""predecessor"",""ReleaseAt"":7491.576022341631,""Remaining"":12,""HasRelease"":true},{""ID"":""2:london-link-067-ab-2:4"",""Kind"":""track"",""Scope"":""requested"",""InitialOwner"":""london-pod-065"",""InitialClass"":""unrelated"",""ReleaseAt"":8234.71922782504,""Remaining"":1.9250077767192124,""HasRelease"":true}]"
pilot-current,15,london-pod-008,london-pod-062,97332,98361,17.15,frontier-granted,london-link-067-ab-2,london-link-067-ab-2,357,357,10174.06688119608,10202.627417465861,10472.523995035388,10174.06688119608,10202.627417465861,"[{""ID"":""2:london-link-067-ab-2:3"",""Kind"":""track"",""Scope"":""held"",""InitialOwner"":""london-pod-062"",""InitialClass"":""predecessor"",""ReleaseAt"":11047.793737003914,""Remaining"":12,""HasRelease"":true},{""ID"":""2:london-link-067-ab-2:4"",""Kind"":""track"",""Scope"":""requested"",""InitialOwner"":""london-pod-030"",""InitialClass"":""unrelated"",""ReleaseAt"":7520.136558611412,""Remaining"":12,""HasRelease"":true}]"
pilot-current,16,london-pod-018,london-pod-008,99114,100425,21.85,frontier-granted,london-link-067-ab-2,london-link-067-ab-2,368,368,10389.913274919385,10418.473811189166,10659.809852488912,10389.913274919385,10418.473811189166,"[{""ID"":""2:london-link-067-ab-2:4"",""Kind"":""track"",""Scope"":""held"",""InitialOwner"":""london-pod-062"",""InitialClass"":""ancestor"",""ReleaseAt"":11076.354273273695,""Remaining"":12,""HasRelease"":true},{""ID"":""2:london-link-067-ab-2:5"",""Kind"":""track"",""Scope"":""requested"",""InitialOwner"":""london-pod-030"",""InitialClass"":""unrelated"",""ReleaseAt"":7548.697094881193,""Remaining"":12,""HasRelease"":true}]"
pilot-current,17,london-pod-015,london-pod-018,99444,100425,16.35,frontier-granted,london-link-067-ab-2,london-link-067-ab-2,288,288,8219.740925938455,8248.301462208236,8489.637503507984,8219.740925938455,8248.301462208236,"[{""ID"":""2:london-link-067-ab-2:3"",""Kind"":""track"",""Scope"":""held"",""InitialOwner"":""london-pod-018"",""InitialClass"":""predecessor"",""ReleaseAt"":10373.352738649604,""Remaining"":16.321198342167918,""HasRelease"":true},{""ID"":""2:london-link-067-ab-2:4"",""Kind"":""track"",""Scope"":""held"",""InitialOwner"":""london-pod-062"",""InitialClass"":""ancestor"",""ReleaseAt"":11076.354273273695,""Remaining"":12,""HasRelease"":true},{""ID"":""2:london-link-067-ab-2:5"",""Kind"":""track"",""Scope"":""requested"",""InitialOwner"":""london-pod-030"",""InitialClass"":""unrelated"",""ReleaseAt"":7548.697094881193,""Remaining"":12,""HasRelease"":true}]"
pilot-current,18,london-pod-006,london-pod-017,102066,102716,10.833333333333334,frontier-granted,london-link-067-ab-2,london-link-067-ab-2,262,262,7479.576022341631,7508.136558611412,7778.03313618094,7479.576022341631,7508.136558611412,"[{""ID"":""2:london-link-067-ab-2:3"",""Kind"":""track"",""Scope"":""held"",""InitialOwner"":""london-pod-017"",""InitialClass"":""predecessor"",""ReleaseAt"":7416.576022341631,""Remaining"":12,""HasRelease"":true},{""ID"":""2:london-link-067-ab-2:4"",""Kind"":""track"",""Scope"":""requested"",""InitialOwner"":""london-pod-015"",""InitialClass"":""unrelated"",""ReleaseAt"":8231.740925938455,""Remaining"":4.201529378364285,""HasRelease"":true}]"
pilot-current,19,london-pod-091,london-pod-006,102594,102716,2.033333333333333,frontier-granted,london-link-067-ab-2,london-link-067-ab-2,258,258,7198.2340320522335,7226.794568322014,7496.691145891543,7198.2340320522335,7226.794568322014,"[{""ID"":""2:london-link-067-ab-2:3"",""Kind"":""track"",""Scope"":""held"",""InitialOwner"":""london-pod-017"",""InitialClass"":""ancestor"",""ReleaseAt"":7416.576022341631,""Remaining"":12,""HasRelease"":true},{""ID"":""2:london-link-067-ab-2:4"",""Kind"":""track"",""Scope"":""requested"",""InitialOwner"":""london-pod-015"",""InitialClass"":""unrelated"",""ReleaseAt"":8231.740925938455,""Remaining"":4.144056564593484,""HasRelease"":true}]"
pilot-current,20,london-pod-075,london-pod-087,103716,104468,12.533333333333333,frontier-granted,london-link-067-ab-2,london-link-067-ab-2,204,204,5841.9143963340875,5870.474932603868,6168.932046443178,5841.9143963340875,5870.474932603868,"[{""ID"":""2:london-link-067-ab-2:2"",""Kind"":""track"",""Scope"":""held"",""InitialOwner"":""london-pod-087"",""InitialClass"":""predecessor"",""ReleaseAt"":8045.219428560024,""Remaining"":12,""HasRelease"":true},{""ID"":""2:london-link-067-ab-2:3"",""Kind"":""track"",""Scope"":""requested"",""InitialOwner"":""london-pod-091"",""InitialClass"":""unrelated"",""ReleaseAt"":7210.2340320522335,""Remaining"":10.749888639538767,""HasRelease"":true}]"
pilot-current,21,london-pod-016,london-pod-075,105210,106474,21.066666666666666,frontier-granted,london-link-067-ab-2,london-link-067-ab-2,262,262,7479.576022341631,7508.136558611412,7778.03313618094,7479.576022341631,7508.136558611412,"[{""ID"":""2:london-link-067-ab-2:3"",""Kind"":""track"",""Scope"":""held"",""InitialOwner"":""london-pod-087"",""InitialClass"":""ancestor"",""ReleaseAt"":8073.779964829805,""Remaining"":12,""HasRelease"":true},{""ID"":""2:london-link-067-ab-2:4"",""Kind"":""track"",""Scope"":""requested"",""InitialOwner"":""london-pod-091"",""InitialClass"":""unrelated"",""ReleaseAt"":7238.794568322014,""Remaining"":10.749888639536948,""HasRelease"":true}]"
pilot-current,22,london-pod-086,london-pod-016,105246,106474,20.466666666666665,frontier-granted,london-link-067-ab-2,london-link-067-ab-2,146,146,4164.114851195834,4192.675387465614,4462.571965035143,4164.114851195834,4192.675387465614,"[{""ID"":""2:london-link-067-ab-2:3"",""Kind"":""track"",""Scope"":""held"",""InitialOwner"":""london-pod-087"",""InitialClass"":""ancestor"",""ReleaseAt"":8073.779964829805,""Remaining"":12,""HasRelease"":true},{""ID"":""2:london-link-067-ab-2:2"",""Kind"":""track"",""Scope"":""held"",""InitialOwner"":""london-pod-016"",""InitialClass"":""predecessor"",""ReleaseAt"":7463.01548607185,""Remaining"":13.753655275178062,""HasRelease"":true},{""ID"":""2:london-link-067-ab-2:4"",""Kind"":""track"",""Scope"":""requested"",""InitialOwner"":""london-pod-091"",""InitialClass"":""unrelated"",""ReleaseAt"":7238.794568322014,""Remaining"":10.749888639536948,""HasRelease"":true}]"
pilot-current,23,london-pod-027,london-pod-077,105690,106546,14.266666666666667,frontier-granted,london-link-067-ab-2,london-link-067-ab-2,288,288,8108.477082745917,8137.0376190156985,8492.61580539457,8108.477082745917,8137.0376190156985,"[{""ID"":""2:london-link-067-ab-2:0"",""Kind"":""track"",""Scope"":""held"",""InitialOwner"":""london-pod-077"",""InitialClass"":""predecessor"",""ReleaseAt"":9030.70732872806,""Remaining"":12,""HasRelease"":true},{""ID"":""2:london-link-067-ab-2:1"",""Kind"":""track"",""Scope"":""requested"",""InitialOwner"":""london-pod-086"",""InitialClass"":""unrelated"",""ReleaseAt"":4118.993778656272,""Remaining"":0.3502147778772269,""HasRelease"":true}]"
pilot-current,24,london-pod-059,london-pod-044,108534,109211,11.283333333333333,frontier-granted,london-link-067-ab-2,london-link-067-ab-2,388,388,11170.347628106278,11198.908164376058,11525.925814485148,11170.347628106278,11198.908164376058,"[{""ID"":""2:london-link-067-ab-2:1"",""Kind"":""track"",""Scope"":""held"",""InitialOwner"":""london-pod-044"",""InitialClass"":""predecessor"",""ReleaseAt"":7017.918345424891,""Remaining"":12,""HasRelease"":true},{""ID"":""2:london-link-067-ab-2:2"",""Kind"":""track"",""Scope"":""requested"",""InitialOwner"":""london-pod-077"",""InitialClass"":""unrelated"",""ReleaseAt"":9087.828401267621,""Remaining"":12,""HasRelease"":true}]"
pilot-current,25,london-pod-109,london-pod-059,108630,109211,9.683333333333334,frontier-granted,london-link-067-ab-2,london-link-067-ab-2,404,404,11483.817026151784,11512.377562421565,11839.395212530655,11483.817026151784,11512.377562421565,"[{""ID"":""2:london-link-067-ab-2:1"",""Kind"":""track"",""Scope"":""held"",""InitialOwner"":""london-pod-044"",""InitialClass"":""ancestor"",""ReleaseAt"":7017.918345424891,""Remaining"":12,""HasRelease"":true},{""ID"":""2:london-link-067-ab-2:2"",""Kind"":""track"",""Scope"":""requested"",""InitialOwner"":""london-pod-077"",""InitialClass"":""unrelated"",""ReleaseAt"":9087.828401267621,""Remaining"":12,""HasRelease"":true}]"
pilot-current,26,london-pod-038,london-pod-043,110274,110993,11.983333333333333,frontier-granted,london-link-067-ab-2,london-link-067-ab-2,202,202,5784.793323794525,5813.353860064307,6168.932046443178,5784.793323794525,5813.353860064307,"[{""ID"":""2:london-link-067-ab-2:0"",""Kind"":""track"",""Scope"":""held"",""InitialOwner"":""london-pod-043"",""InitialClass"":""predecessor"",""ReleaseAt"":7405.894413532288,""Remaining"":12,""HasRelease"":true},{""ID"":""2:london-link-067-ab-2:1"",""Kind"":""track"",""Scope"":""requested"",""InitialOwner"":""london-pod-109"",""InitialClass"":""unrelated"",""ReleaseAt"":11495.817026151784,""Remaining"":13.753655275175333,""HasRelease"":true}]"
pilot-current,27,london-pod-110,london-pod-038,111714,112155,7.35,frontier-granted,london-link-067-ab-2,london-link-067-ab-2,390,390,11237.004683337263,11265.565219607044,11592.582869716134,11237.004683337263,11265.565219607044,"[{""ID"":""2:london-link-067-ab-2:1"",""Kind"":""track"",""Scope"":""held"",""InitialOwner"":""london-pod-043"",""InitialClass"":""ancestor"",""ReleaseAt"":7434.45494980207,""Remaining"":12,""HasRelease"":true},{""ID"":""2:london-link-067-ab-2:2"",""Kind"":""track"",""Scope"":""requested"",""InitialOwner"":""london-pod-109"",""InitialClass"":""unrelated"",""ReleaseAt"":11524.377562421565,""Remaining"":13.75365527518079,""HasRelease"":true}]"
pilot-current,28,london-pod-079,london-pod-110,111750,112155,6.75,frontier-granted,london-link-067-ab-2,london-link-067-ab-2,308,308,8500.454956549065,8529.015492818846,8856.033142927936,8500.454956549065,8529.015492818846,"[{""ID"":""3:london-mid-067-a:0"",""Kind"":""junction"",""Scope"":""held"",""InitialOwner"":""london-pod-110"",""InitialClass"":""predecessor"",""ReleaseAt"":11208.444147067483,""Remaining"":1.7536552751789714,""HasRelease"":true},{""ID"":""2:london-link-067-ab-2:0"",""Kind"":""track"",""Scope"":""held"",""InitialOwner"":""london-pod-110"",""InitialClass"":""predecessor"",""ReleaseAt"":11220.444147067483,""Remaining"":13.753655275178971,""HasRelease"":true},{""ID"":""2:london-link-067-ab-2:1"",""Kind"":""track"",""Scope"":""held"",""InitialOwner"":""london-pod-043"",""InitialClass"":""ancestor"",""ReleaseAt"":7434.45494980207,""Remaining"":12,""HasRelease"":true},{""ID"":""2:london-link-067-ab-2:2"",""Kind"":""track"",""Scope"":""requested"",""InitialOwner"":""london-pod-109"",""InitialClass"":""unrelated"",""ReleaseAt"":11524.377562421565,""Remaining"":13.75365527518079,""HasRelease"":true}]"
pilot-current,29,london-pod-111,london-pod-026,115050,115063,0.21666666666666667,frontier-granted,london-link-067-ab-2,london-link-067-ab-2,392,392,11283.444147067483,11312.004683337263,11540.48897349551,11283.444147067483,11312.004683337263,"[{""ID"":""2:london-link-067-ab-2:0"",""Kind"":""track"",""Scope"":""held"",""InitialOwner"":""london-pod-026"",""InitialClass"":""predecessor"",""ReleaseAt"":8195.477082745918,""Remaining"":12.00000000000091,""HasRelease"":true},{""ID"":""2:london-link-067-ab-2:1"",""Kind"":""track"",""Scope"":""requested"",""InitialOwner"":""london-pod-079"",""InitialClass"":""unrelated"",""ReleaseAt"":8512.454956549065,""Remaining"":0.1692143294840207,""HasRelease"":true}]"
pilot-current,30,london-pod-093,london-pod-111,115788,116341,9.216666666666667,frontier-granted,london-link-067-ab-2,london-link-067-ab-2,257,257,7347.45494980207,7376.01548607185,7575.939239960317,7347.45494980207,7376.01548607185,"[{""ID"":""2:london-link-067-ab-2:1"",""Kind"":""track"",""Scope"":""held"",""InitialOwner"":""london-pod-026"",""InitialClass"":""ancestor"",""ReleaseAt"":8224.037619015699,""Remaining"":12,""HasRelease"":true},{""ID"":""2:london-link-067-ab-2:2"",""Kind"":""track"",""Scope"":""requested"",""InitialOwner"":""london-pod-079"",""InitialClass"":""unrelated"",""ReleaseAt"":8541.015492818846,""Remaining"":0.3502147778763174,""HasRelease"":true}]"
pilot-current,31,london-pod-023,london-pod-093,115848,116341,8.216666666666667,frontier-granted,london-link-067-ab-2,london-link-067-ab-2,282,282,8004.658892290244,8033.219428560024,8233.14318244849,8004.658892290244,8033.219428560024,"[{""ID"":""2:london-link-067-ab-2:0"",""Kind"":""track"",""Scope"":""held"",""InitialOwner"":""london-pod-093"",""InitialClass"":""predecessor"",""ReleaseAt"":7330.894413532288,""Remaining"":7.7456914735103055,""HasRelease"":true},{""ID"":""2:london-link-067-ab-2:1"",""Kind"":""track"",""Scope"":""held"",""InitialOwner"":""london-pod-026"",""InitialClass"":""ancestor"",""ReleaseAt"":8224.037619015699,""Remaining"":12,""HasRelease"":true},{""ID"":""2:london-link-067-ab-2:2"",""Kind"":""track"",""Scope"":""requested"",""InitialOwner"":""london-pod-079"",""InitialClass"":""unrelated"",""ReleaseAt"":8541.015492818846,""Remaining"":0.3502147778763174,""HasRelease"":true}]"
central-early-r10-s1-old-virtual,0,london-pod-036,london-pod-058,72660,73211,9.183333333333334,frontier-granted,london-link-067-ab-2,london-link-067-ab-2,269,269,7666.321602770997,7694.882139040778,7694.882139040778,7666.321602770997,7694.882139040778,"[{""ID"":""2:london-link-067-ab-2:8"",""Kind"":""track"",""Scope"":""held"",""InitialOwner"":""london-pod-058"",""InitialClass"":""predecessor"",""ReleaseAt"":7603.321602770996,""Remaining"":12,""HasRelease"":true},{""ID"":""2:london-link-067-ab-2:9"",""Kind"":""track"",""Scope"":""requested"",""InitialOwner"":""london-pod-068"",""InitialClass"":""unrelated"",""ReleaseAt"":9565.971312965676,""Remaining"":18.275680261791422,""HasRelease"":true}]"
central-early-r10-s1-old-virtual,1,london-pod-041,london-pod-084,76824,77051,3.783333333333333,frontier-granted,london-link-067-ab-2,london-link-067-ab-2,333,333,9525.410776695895,9553.971312965676,9640.857907647258,9525.410776695895,9553.971312965676,"[{""ID"":""2:london-link-067-ab-2:8"",""Kind"":""track"",""Scope"":""held"",""InitialOwner"":""london-pod-084"",""InitialClass"":""predecessor"",""ReleaseAt"":9537.410776695895,""Remaining"":12,""HasRelease"":true},{""ID"":""2:london-link-067-ab-2:9"",""Kind"":""track"",""Scope"":""requested"",""InitialOwner"":""london-pod-072"",""InitialClass"":""unrelated"",""ReleaseAt"":6584.539284153915,""Remaining"":12,""HasRelease"":true}]"
central-early-r10-s1-old-virtual,2,london-pod-013,london-pod-067,83172,83748,9.6,frontier-granted,london-link-067-ab-2,london-link-067-ab-2,213,213,6132.1437397406235,6160.704276010405,6160.704276010405,6132.1437397406235,6160.704276010405,"[{""ID"":""2:london-link-067-ab-2:8"",""Kind"":""track"",""Scope"":""held"",""InitialOwner"":""london-pod-067"",""InitialClass"":""predecessor"",""ReleaseAt"":8291.58264617871,""Remaining"":12,""HasRelease"":true},{""ID"":""2:london-link-067-ab-2:9"",""Kind"":""track"",""Scope"":""requested"",""InitialOwner"":""london-pod-039"",""InitialClass"":""unrelated"",""ReleaseAt"":6097.704276010405,""Remaining"":2.544444444444707,""HasRelease"":true}]"
central-early-r10-s1-old-virtual,3,london-pod-106,london-pod-063,89160,89454,4.9,frontier-granted,london-link-067-ab-2,london-link-067-ab-2,306,306,8786.185768860994,8814.746305130775,8843.306841400556,8786.185768860994,8814.746305130775,"[{""ID"":""2:london-link-067-ab-2:7"",""Kind"":""track"",""Scope"":""held"",""InitialOwner"":""london-pod-063"",""InitialClass"":""predecessor"",""ReleaseAt"":7649.761066501216,""Remaining"":12,""HasRelease"":true},{""ID"":""2:london-link-067-ab-2:8"",""Kind"":""track"",""Scope"":""requested"",""InitialOwner"":""london-pod-003"",""InitialClass"":""unrelated"",""ReleaseAt"":7217.842099313357,""Remaining"":13.729824285946961,""HasRelease"":true}]"
central-early-r10-s1-old-virtual,4,london-pod-107,london-pod-106,90390,91098,11.8,frontier-granted,london-link-067-ab-2,london-link-067-ab-2,310,310,8889.746305130775,8918.306841400556,8918.306841400556,8889.746305130775,8918.306841400556,"[{""ID"":""2:london-link-067-ab-2:8"",""Kind"":""track"",""Scope"":""held"",""InitialOwner"":""london-pod-063"",""InitialClass"":""ancestor"",""ReleaseAt"":7678.321602770997,""Remaining"":12,""HasRelease"":true},{""ID"":""2:london-link-067-ab-2:9"",""Kind"":""track"",""Scope"":""requested"",""InitialOwner"":""london-pod-003"",""InitialClass"":""unrelated"",""ReleaseAt"":7246.402635583138,""Remaining"":12,""HasRelease"":true}]"
central-early-r10-s1-old-virtual,5,london-pod-073,london-pod-107,90474,91098,10.4,frontier-granted,london-link-067-ab-2,london-link-067-ab-2,266,266,7591.321602770996,7619.8821390407775,7619.8821390407775,7591.321602770996,7619.8821390407775,"[{""ID"":""2:london-link-067-ab-2:7"",""Kind"":""track"",""Scope"":""held"",""InitialOwner"":""london-pod-107"",""InitialClass"":""predecessor"",""ReleaseAt"":8873.185768860994,""Remaining"":7.793022044841564,""HasRelease"":true},{""ID"":""2:london-link-067-ab-2:8"",""Kind"":""track"",""Scope"":""held"",""InitialOwner"":""london-pod-063"",""InitialClass"":""ancestor"",""ReleaseAt"":7678.321602770997,""Remaining"":12,""HasRelease"":true},{""ID"":""2:london-link-067-ab-2:9"",""Kind"":""track"",""Scope"":""requested"",""InitialOwner"":""london-pod-003"",""InitialClass"":""unrelated"",""ReleaseAt"":7246.402635583138,""Remaining"":12,""HasRelease"":true}]"
central-early-r10-s1-old-virtual,6,london-pod-108,london-pod-062,92400,92853,7.55,frontier-granted,london-link-067-ab-2,london-link-067-ab-2,312,312,8936.185768860994,8964.746305130775,8993.306841400556,8936.185768860994,8964.746305130775,"[{""ID"":""2:london-link-067-ab-2:7"",""Kind"":""track"",""Scope"":""held"",""InitialOwner"":""london-pod-062"",""InitialClass"":""predecessor"",""ReleaseAt"":10107.152867409763,""Remaining"":12,""HasRelease"":true},{""ID"":""2:london-link-067-ab-2:8"",""Kind"":""track"",""Scope"":""requested"",""InitialOwner"":""london-pod-073"",""InitialClass"":""unrelated"",""ReleaseAt"":7603.321602770996,""Remaining"":7.793022044839745,""HasRelease"":true}]"
central-early-r10-s1-old-virtual,7,london-pod-095,london-pod-108,92514,92853,5.65,frontier-granted,london-link-067-ab-2,london-link-067-ab-2,330,330,9383.855303577438,9412.41583984722,9440.976376117,9383.855303577438,9412.41583984722,"[{""ID"":""2:london-link-067-ab-2:7"",""Kind"":""track"",""Scope"":""held"",""InitialOwner"":""london-pod-062"",""InitialClass"":""ancestor"",""ReleaseAt"":10107.152867409763,""Remaining"":12,""HasRelease"":true},{""ID"":""2:london-link-067-ab-2:8"",""Kind"":""track"",""Scope"":""requested"",""InitialOwner"":""london-pod-073"",""InitialClass"":""unrelated"",""ReleaseAt"":7603.321602770996,""Remaining"":7.793022044839745,""HasRelease"":true}]"
central-early-r10-s1-old-virtual,8,london-pod-020,london-pod-095,93618,94610,16.533333333333335,frontier-granted,london-link-067-ab-2,london-link-067-ab-2,171,171,4820.196690989309,4848.7572272590905,4848.7572272590905,4820.196690989309,4848.7572272590905,"[{""ID"":""2:london-link-067-ab-2:7"",""Kind"":""track"",""Scope"":""held"",""InitialOwner"":""london-pod-095"",""InitialClass"":""predecessor"",""ReleaseAt"":9395.855303577438,""Remaining"":7.7456914735121245,""HasRelease"":true},{""ID"":""2:london-link-067-ab-2:8"",""Kind"":""track"",""Scope"":""held"",""InitialOwner"":""london-pod-062"",""InitialClass"":""ancestor"",""ReleaseAt"":10135.713403679543,""Remaining"":12,""HasRelease"":true},{""ID"":""2:london-link-067-ab-2:9"",""Kind"":""track"",""Scope"":""requested"",""InitialOwner"":""london-pod-107"",""InitialClass"":""unrelated"",""ReleaseAt"":8930.306841400556,""Remaining"":9.519444444444161,""HasRelease"":true}]"
central-early-r10-s1-old-virtual,9,london-pod-011,london-pod-071,94410,94970,9.333333333333334,frontier-granted,london-link-067-ab-2,london-link-067-ab-2,339,339,9756.372794072353,9784.933330342134,9842.054402881695,9756.372794072353,9784.933330342134,"[{""ID"":""2:london-link-067-ab-2:6"",""Kind"":""track"",""Scope"":""held"",""InitialOwner"":""london-pod-071"",""InitialClass"":""predecessor"",""ReleaseAt"":7621.200530231436,""Remaining"":12,""HasRelease"":true},{""ID"":""2:london-link-067-ab-2:7"",""Kind"":""track"",""Scope"":""requested"",""InitialOwner"":""london-pod-095"",""InitialClass"":""unrelated"",""ReleaseAt"":9395.855303577438,""Remaining"":7.7456914735121245,""HasRelease"":true}]"
central-early-r10-s1-old-virtual,10,london-pod-065,london-pod-008,95946,96715,12.816666666666666,frontier-granted,london-link-067-ab-2,london-link-067-ab-2,295,295,8319.514858804618,8348.0753950744,8492.083062295544,8319.514858804618,8348.0753950744,"[{""ID"":""2:london-link-067-ab-2:6"",""Kind"":""track"",""Scope"":""held"",""InitialOwner"":""london-pod-008"",""InitialClass"":""predecessor"",""ReleaseAt"":10279.295076319193,""Remaining"":12,""HasRelease"":true},{""ID"":""2:london-link-067-ab-2:7"",""Kind"":""track"",""Scope"":""requested"",""InitialOwner"":""london-pod-071"",""InitialClass"":""unrelated"",""ReleaseAt"":7649.761066501216,""Remaining"":12,""HasRelease"":true}]"
central-early-r10-s1-old-virtual,11,london-pod-082,london-pod-065,96426,96715,4.816666666666666,frontier-granted,london-link-067-ab-2,london-link-067-ab-2,303,303,8433.695381232843,8462.255917502624,8606.263584723767,8433.695381232843,8462.255917502624,"[{""ID"":""2:london-link-067-ab-2:6"",""Kind"":""track"",""Scope"":""held"",""InitialOwner"":""london-pod-008"",""InitialClass"":""ancestor"",""ReleaseAt"":10279.295076319193,""Remaining"":12,""HasRelease"":true},{""ID"":""2:london-link-067-ab-2:7"",""Kind"":""track"",""Scope"":""requested"",""InitialOwner"":""london-pod-071"",""InitialClass"":""unrelated"",""ReleaseAt"":7649.761066501216,""Remaining"":10.914999999999964,""HasRelease"":true}]"
central-early-r10-s1-old-virtual,12,london-pod-042,london-pod-082,97572,98120,9.133333333333333,frontier-granted,london-link-067-ab-2,london-link-067-ab-2,288,288,8176.0221099089285,8204.58264617871,8320.029777130072,8176.0221099089285,8204.58264617871,"[{""ID"":""2:london-link-067-ab-2:7"",""Kind"":""track"",""Scope"":""held"",""InitialOwner"":""london-pod-008"",""InitialClass"":""ancestor"",""ReleaseAt"":10307.855612588974,""Remaining"":12,""HasRelease"":true},{""ID"":""2:london-link-067-ab-2:6"",""Kind"":""track"",""Scope"":""held"",""InitialOwner"":""london-pod-082"",""InitialClass"":""predecessor"",""ReleaseAt"":8445.695381232843,""Remaining"":16.321198342169737,""HasRelease"":true},{""ID"":""2:london-link-067-ab-2:8"",""Kind"":""track"",""Scope"":""requested"",""InitialOwner"":""london-pod-011"",""InitialClass"":""unrelated"",""ReleaseAt"":9825.493866611914,""Remaining"":7.750867445301992,""HasRelease"":true}]"
central-early-r10-s1-old-virtual,13,london-pod-018,london-pod-030,99396,100044,10.8,frontier-granted,london-link-067-ab-2,london-link-067-ab-2,369,369,10425.451998517978,10454.012534787758,10626.580738278682,10425.451998517978,10454.012534787758,"[{""ID"":""2:london-link-067-ab-2:5"",""Kind"":""track"",""Scope"":""held"",""InitialOwner"":""london-pod-030"",""InitialClass"":""predecessor"",""ReleaseAt"":7592.639993961655,""Remaining"":12,""HasRelease"":true},{""ID"":""2:london-link-067-ab-2:6"",""Kind"":""track"",""Scope"":""requested"",""InitialOwner"":""london-pod-042"",""InitialClass"":""unrelated"",""ReleaseAt"":8159.461573639148,""Remaining"":4.201529378363375,""HasRelease"":true}]"
central-early-r10-s1-old-virtual,14,london-pod-057,london-pod-034,100422,100537,1.9166666666666667,frontier-granted,london-link-067-ab-2,london-link-067-ab-2,262,262,7477.079457691872,7505.639993961654,7619.8821390407775,7477.079457691872,7505.639993961654,"[{""ID"":""2:london-link-067-ab-2:4"",""Kind"":""track"",""Scope"":""held"",""InitialOwner"":""london-pod-034"",""InitialClass"":""predecessor"",""ReleaseAt"":7103.599954234233,""Remaining"":12,""HasRelease"":true},{""ID"":""2:london-link-067-ab-2:5"",""Kind"":""track"",""Scope"":""requested"",""InitialOwner"":""london-pod-018"",""InitialClass"":""unrelated"",""ReleaseAt"":10437.451998517978,""Remaining"":3.174194288914805,""HasRelease"":true}]"
central-early-r10-s1-old-virtual,15,london-pod-091,london-pod-052,101550,101570,0.3333333333333333,frontier-granted,london-link-067-ab-2,london-link-067-ab-2,259,259,7226.794568322014,7255.355104591796,7456.483844352501,7226.794568322014,7255.355104591796,"[{""ID"":""2:london-link-067-ab-2:4"",""Kind"":""track"",""Scope"":""held"",""InitialOwner"":""london-pod-052"",""InitialClass"":""predecessor"",""ReleaseAt"":8047.272117850816,""Remaining"":12,""HasRelease"":true},{""ID"":""2:london-link-067-ab-2:5"",""Kind"":""track"",""Scope"":""requested"",""InitialOwner"":""london-pod-057"",""InitialClass"":""unrelated"",""ReleaseAt"":7517.639993961654,""Remaining"":1.1610733553770842,""HasRelease"":true}]"
central-early-r10-s1-old-virtual,16,london-pod-087,london-pod-091,102594,102719,2.0833333333333335,frontier-granted,london-link-067-ab-2,london-link-067-ab-2,286,286,8118.901037369367,8147.461573639148,8320.029777130072,8118.901037369367,8147.461573639148,"[{""ID"":""2:london-link-067-ab-2:5"",""Kind"":""track"",""Scope"":""held"",""InitialOwner"":""london-pod-052"",""InitialClass"":""ancestor"",""ReleaseAt"":8075.832654120598,""Remaining"":12,""HasRelease"":true},{""ID"":""2:london-link-067-ab-2:6"",""Kind"":""track"",""Scope"":""requested"",""InitialOwner"":""london-pod-057"",""InitialClass"":""unrelated"",""ReleaseAt"":7546.200530231435,""Remaining"":10.336438612398524,""HasRelease"":true}]"
central-early-r10-s1-old-virtual,17,london-pod-017,london-pod-087,103650,103960,5.166666666666667,frontier-granted,london-link-067-ab-2,london-link-067-ab-2,267,267,7609.200530231436,7637.761066501216,7781.768733722361,7609.200530231436,7637.761066501216,"[{""ID"":""2:london-link-067-ab-2:5"",""Kind"":""track"",""Scope"":""held"",""InitialOwner"":""london-pod-087"",""InitialClass"":""predecessor"",""ReleaseAt"":8130.901037369367,""Remaining"":16.321198342172465,""HasRelease"":true},{""ID"":""2:london-link-067-ab-2:6"",""Kind"":""track"",""Scope"":""held"",""InitialOwner"":""london-pod-052"",""InitialClass"":""ancestor"",""ReleaseAt"":8104.393190390379,""Remaining"":12,""HasRelease"":true},{""ID"":""2:london-link-067-ab-2:7"",""Kind"":""track"",""Scope"":""requested"",""InitialOwner"":""london-pod-034"",""InitialClass"":""unrelated"",""ReleaseAt"":7189.281563043576,""Remaining"":11.204999999999927,""HasRelease"":true}]"
central-early-r10-s1-old-virtual,18,london-pod-092,london-pod-086,105990,107068,17.966666666666665,frontier-granted,london-link-067-ab-2,london-link-067-ab-2,207,207,5971.4621309312815,6000.022667201062,6172.590870691987,5971.4621309312815,6000.022667201062,"[{""ID"":""2:london-link-067-ab-2:5"",""Kind"":""track"",""Scope"":""held"",""InitialOwner"":""london-pod-086"",""InitialClass"":""predecessor"",""ReleaseAt"":4276.658606737383,""Remaining"":12,""HasRelease"":true},{""ID"":""2:london-link-067-ab-2:6"",""Kind"":""track"",""Scope"":""requested"",""InitialOwner"":""london-pod-017"",""InitialClass"":""unrelated"",""ReleaseAt"":7621.200530231436,""Remaining"":4.201529378367013,""HasRelease"":true}]"
central-early-r10-s1-old-virtual,19,london-pod-027,london-pod-092,108432,108887,7.583333333333333,frontier-granted,london-link-067-ab-2,london-link-067-ab-2,296,296,8348.0753950744,8376.63593134418,8492.083062295544,8348.0753950744,8376.63593134418,"[{""ID"":""2:london-link-067-ab-2:7"",""Kind"":""track"",""Scope"":""held"",""InitialOwner"":""london-pod-086"",""InitialClass"":""ancestor"",""ReleaseAt"":4333.779679276944,""Remaining"":12,""HasRelease"":true},{""ID"":""2:london-link-067-ab-2:8"",""Kind"":""track"",""Scope"":""requested"",""InitialOwner"":""london-pod-017"",""InitialClass"":""unrelated"",""ReleaseAt"":7678.321602770997,""Remaining"":16.321198342168827,""HasRelease"":true}]"
central-early-r10-s1-old-virtual,20,london-pod-093,london-pod-027,108522,108887,6.083333333333333,frontier-granted,london-link-067-ab-2,london-link-067-ab-2,250,250,7177.281563043576,7205.842099313357,7321.289230264721,7177.281563043576,7205.842099313357,"[{""ID"":""2:london-link-067-ab-2:6"",""Kind"":""track"",""Scope"":""held"",""InitialOwner"":""london-pod-027"",""InitialClass"":""predecessor"",""ReleaseAt"":8331.514858804618,""Remaining"":15.684979409174048,""HasRelease"":true},{""ID"":""2:london-link-067-ab-2:7"",""Kind"":""track"",""Scope"":""held"",""InitialOwner"":""london-pod-086"",""InitialClass"":""ancestor"",""ReleaseAt"":4333.779679276944,""Remaining"":12,""HasRelease"":true},{""ID"":""2:london-link-067-ab-2:8"",""Kind"":""track"",""Scope"":""requested"",""InitialOwner"":""london-pod-017"",""InitialClass"":""unrelated"",""ReleaseAt"":7678.321602770997,""Remaining"":15.704265032952208,""HasRelease"":true}]"
central-early-r10-s1-old-virtual,21,london-pod-110,london-pod-109,108612,109038,7.1,frontier-granted,london-link-067-ab-2,london-link-067-ab-2,393,393,11334.04762930417,11362.60816557395,11476.850310653073,11334.04762930417,11362.60816557395,"[{""ID"":""2:london-link-067-ab-2:4"",""Kind"":""track"",""Scope"":""held"",""InitialOwner"":""london-pod-109"",""InitialClass"":""predecessor"",""ReleaseAt"":11271.047629304168,""Remaining"":12,""HasRelease"":true},{""ID"":""2:london-link-067-ab-2:5"",""Kind"":""track"",""Scope"":""requested"",""InitialOwner"":""london-pod-093"",""InitialClass"":""unrelated"",""ReleaseAt"":7132.160490504015,""Remaining"":3.247200978870751,""HasRelease"":true}]"
central-early-r10-s1-old-virtual,22,london-pod-059,london-pod-026,110100,111003,15.05,frontier-granted,london-link-067-ab-2,london-link-067-ab-2,428,428,12108.886665402779,12137.44720167256,12338.575941433264,12108.886665402779,12137.44720167256,"[{""ID"":""2:london-link-067-ab-2:4"",""Kind"":""track"",""Scope"":""held"",""InitialOwner"":""london-pod-026"",""InitialClass"":""predecessor"",""ReleaseAt"":8349.393786265056,""Remaining"":12,""HasRelease"":true},{""ID"":""2:london-link-067-ab-2:5"",""Kind"":""track"",""Scope"":""requested"",""InitialOwner"":""london-pod-109"",""InitialClass"":""unrelated"",""ReleaseAt"":11299.608165573949,""Remaining"":12,""HasRelease"":true}]"
central-early-r10-s1-old-virtual,23,london-pod-031,london-pod-097,110694,111544,14.166666666666666,frontier-granted,london-link-067-ab-2,london-link-067-ab-2,249,249,7138.039417964453,7166.599954234233,7309.402635583138,7138.039417964453,7166.599954234233,"[{""ID"":""2:london-link-067-ab-2:3"",""Kind"":""track"",""Scope"":""held"",""InitialOwner"":""london-pod-097"",""InitialClass"":""predecessor"",""ReleaseAt"":5926.341058391719,""Remaining"":12,""HasRelease"":true},{""ID"":""2:london-link-067-ab-2:4"",""Kind"":""track"",""Scope"":""requested"",""InitialOwner"":""london-pod-026"",""InitialClass"":""unrelated"",""ReleaseAt"":8349.393786265056,""Remaining"":12,""HasRelease"":true}]"
central-early-r10-s1-old-virtual,24,london-pod-043,london-pod-037,111720,111982,4.366666666666666,frontier-granted,london-link-067-ab-2,london-link-067-ab-2,260,260,7419.958385152311,7448.518921422092,7619.8821390407775,7419.958385152311,7448.518921422092,"[{""ID"":""2:london-link-067-ab-2:2"",""Kind"":""track"",""Scope"":""held"",""InitialOwner"":""london-pod-037"",""InitialClass"":""predecessor"",""ReleaseAt"":8045.219428560024,""Remaining"":12,""HasRelease"":true},{""ID"":""2:london-link-067-ab-2:3"",""Kind"":""track"",""Scope"":""requested"",""InitialOwner"":""london-pod-097"",""InitialClass"":""unrelated"",""ReleaseAt"":5926.341058391719,""Remaining"":3.3466666666663514,""HasRelease"":true}]"
central-early-r10-s1-old-virtual,25,london-pod-044,london-pod-043,111774,111982,3.466666666666667,frontier-granted,london-link-067-ab-2,london-link-067-ab-2,260,260,7419.958385152311,7448.518921422092,7619.8821390407775,7419.958385152311,7448.518921422092,"[{""ID"":""2:london-link-067-ab-2:2"",""Kind"":""track"",""Scope"":""held"",""InitialOwner"":""london-pod-037"",""InitialClass"":""ancestor"",""ReleaseAt"":8045.219428560024,""Remaining"":12,""HasRelease"":true},{""ID"":""2:london-link-067-ab-2:3"",""Kind"":""track"",""Scope"":""requested"",""InitialOwner"":""london-pod-031"",""InitialClass"":""unrelated"",""ReleaseAt"":7150.039417964453,""Remaining"":14.25270702454145,""HasRelease"":true}]"
central-early-r10-s1-old-virtual,26,london-pod-014,london-pod-044,113412,113764,5.866666666666666,frontier-granted,london-link-067-ab-2,london-link-067-ab-2,293,293,8262.393786265056,8290.954322534837,8405.196467613961,8262.393786265056,8290.954322534837,"[{""ID"":""2:london-link-067-ab-2:3"",""Kind"":""track"",""Scope"":""held"",""InitialOwner"":""london-pod-044"",""InitialClass"":""predecessor"",""ReleaseAt"":7460.518921422092,""Remaining"":7.7456914735121245,""HasRelease"":true},{""ID"":""2:london-link-067-ab-2:4"",""Kind"":""track"",""Scope"":""held"",""InitialOwner"":""london-pod-037"",""InitialClass"":""ancestor"",""ReleaseAt"":8102.340501099586,""Remaining"":12,""HasRelease"":true},{""ID"":""2:london-link-067-ab-2:5"",""Kind"":""track"",""Scope"":""requested"",""InitialOwner"":""london-pod-097"",""InitialClass"":""unrelated"",""ReleaseAt"":5983.4621309312815,""Remaining"":9.92166666666617,""HasRelease"":true}]"
central-early-r10-s1-old-virtual,27,london-pod-005,london-pod-111,113916,114124,3.466666666666667,frontier-granted,london-link-067-ab-2,london-link-067-ab-2,147,147,4178.97699792804,4207.537534197821,4378.900751816506,4178.97699792804,4207.537534197821,"[{""ID"":""2:london-link-067-ab-2:2"",""Kind"":""track"",""Scope"":""held"",""InitialOwner"":""london-pod-111"",""InitialClass"":""predecessor"",""ReleaseAt"":11363.926556764607,""Remaining"":12,""HasRelease"":true},{""ID"":""2:london-link-067-ab-2:3"",""Kind"":""track"",""Scope"":""requested"",""InitialOwner"":""london-pod-044"",""InitialClass"":""unrelated"",""ReleaseAt"":7460.518921422092,""Remaining"":3.4871858780797993,""HasRelease"":true}]"
central-early-r10-s1-old-virtual,28,london-pod-112,london-pod-005,115068,115414,5.766666666666667,frontier-granted,london-link-067-ab-2,london-link-067-ab-2,398,398,11455.48709303439,11484.04762930417,11626.850310653073,11455.48709303439,11484.04762930417,"[{""ID"":""2:london-link-067-ab-2:3"",""Kind"":""track"",""Scope"":""held"",""InitialOwner"":""london-pod-111"",""InitialClass"":""ancestor"",""ReleaseAt"":11392.48709303439,""Remaining"":12,""HasRelease"":true},{""ID"":""2:london-link-067-ab-2:4"",""Kind"":""track"",""Scope"":""requested"",""InitialOwner"":""london-pod-044"",""InitialClass"":""unrelated"",""ReleaseAt"":7489.079457691872,""Remaining"":7.741213430215794,""HasRelease"":true}]"
central-early-r10-s1-old-virtual,29,london-pod-113,london-pod-112,116232,116709,7.95,frontier-granted,london-link-067-ab-2,london-link-067-ab-2,402,402,11559.047629304168,11587.608165573949,11701.850310653072,11559.047629304168,11587.608165573949,"[{""ID"":""2:london-link-067-ab-2:4"",""Kind"":""track"",""Scope"":""held"",""InitialOwner"":""london-pod-111"",""InitialClass"":""ancestor"",""ReleaseAt"":11421.04762930417,""Remaining"":12,""HasRelease"":true},{""ID"":""2:london-link-067-ab-2:3"",""Kind"":""track"",""Scope"":""held"",""InitialOwner"":""london-pod-112"",""InitialClass"":""predecessor"",""ReleaseAt"":11467.48709303439,""Remaining"":7.7456914735103055,""HasRelease"":true},{""ID"":""2:london-link-067-ab-2:5"",""Kind"":""track"",""Scope"":""requested"",""InitialOwner"":""london-pod-044"",""InitialClass"":""unrelated"",""ReleaseAt"":7517.639993961654,""Remaining"":7.745691473513034,""HasRelease"":true}]"
central-early-r10-s1-old-virtual,30,london-pod-033,london-pod-069,118134,118306,2.8666666666666667,frontier-granted,london-link-067-ab-2,london-link-067-ab-2,315,315,8762.180452703153,8790.740988972933,9020.430265003419,8762.180452703153,8790.740988972933,"[{""ID"":""2:london-link-067-ab-2:3"",""Kind"":""track"",""Scope"":""held"",""InitialOwner"":""london-pod-069"",""InitialClass"":""predecessor"",""ReleaseAt"":7535.518921422093,""Remaining"":12,""HasRelease"":true},{""ID"":""2:london-link-067-ab-2:4"",""Kind"":""track"",""Scope"":""requested"",""InitialOwner"":""london-pod-112"",""InitialClass"":""unrelated"",""ReleaseAt"":11496.04762930417,""Remaining"":0.7051465255972289,""HasRelease"":true}]"
central-early-r10-s1-old-virtual,31,london-pod-099,london-pod-033,119262,119915,10.883333333333333,frontier-granted,london-link-067-ab-2,london-link-067-ab-2,209,209,6017.9015946615,6046.4621309312815,6247.590870691987,6017.9015946615,6046.4621309312815,"[{""ID"":""2:london-link-067-ab-2:4"",""Kind"":""track"",""Scope"":""held"",""InitialOwner"":""london-pod-069"",""InitialClass"":""ancestor"",""ReleaseAt"":7564.079457691873,""Remaining"":12,""HasRelease"":true},{""ID"":""2:london-link-067-ab-2:5"",""Kind"":""track"",""Scope"":""requested"",""InitialOwner"":""london-pod-112"",""InitialClass"":""unrelated"",""ReleaseAt"":11524.60816557395,""Remaining"":7.7456914735103055,""HasRelease"":true}]"
central-early-r10-s1-current-virtual,0,london-pod-028,london-pod-047,75552,75855,5.05,frontier-granted,london-link-067-ab-2,london-link-067-ab-2,264,264,7547.378703690535,7575.939239960317,7575.939239960317,7547.378703690535,7575.939239960317,"[{""ID"":""2:london-link-067-ab-2:8"",""Kind"":""track"",""Scope"":""held"",""InitialOwner"":""london-pod-047"",""InitialClass"":""predecessor"",""ReleaseAt"":7642.990062505773,""Remaining"":12,""HasRelease"":true},{""ID"":""2:london-link-067-ab-2:9"",""Kind"":""track"",""Scope"":""requested"",""InitialOwner"":""london-pod-068"",""InitialClass"":""unrelated"",""ReleaseAt"":9597.127246416154,""Remaining"":12,""HasRelease"":true}]"
central-early-r10-s1-current-virtual,1,london-pod-013,london-pod-067,83256,83397,2.35,frontier-granted,london-link-067-ab-2,london-link-067-ab-2,209,209,5984.717077682992,6013.277613952772,6041.838150222554,5984.717077682992,6013.277613952772,"[{""ID"":""2:london-link-067-ab-2:7"",""Kind"":""track"",""Scope"":""held"",""InitialOwner"":""london-pod-067"",""InitialClass"":""predecessor"",""ReleaseAt"":8263.022109908929,""Remaining"":12,""HasRelease"":true},{""ID"":""2:london-link-067-ab-2:8"",""Kind"":""track"",""Scope"":""requested"",""InitialOwner"":""london-pod-035"",""InitialClass"":""unrelated"",""ReleaseAt"":9643.566710146373,""Remaining"":7.28447130638051,""HasRelease"":true}]"
central-early-r10-s1-current-virtual,2,london-pod-002,london-pod-013,83346,83397,0.85,frontier-granted,london-link-067-ab-2,london-link-067-ab-2,296,296,8416.023638058377,8444.584174328158,8473.144710597939,8416.023638058377,8444.584174328158,"[{""ID"":""2:london-link-067-ab-2:7"",""Kind"":""track"",""Scope"":""held"",""InitialOwner"":""london-pod-067"",""InitialClass"":""ancestor"",""ReleaseAt"":8263.022109908929,""Remaining"":12,""HasRelease"":true},{""ID"":""2:london-link-067-ab-2:8"",""Kind"":""track"",""Scope"":""requested"",""InitialOwner"":""london-pod-035"",""InitialClass"":""unrelated"",""ReleaseAt"":9643.566710146373,""Remaining"":3.282650029124852,""HasRelease"":true}]"
central-early-r10-s1-current-virtual,3,london-pod-103,london-pod-002,84354,85462,18.466666666666665,frontier-granted,london-link-067-ab-2,london-link-067-ab-2,298,298,8585.376274866294,8613.936811136075,8613.936811136075,8585.376274866294,8613.936811136075,"[{""ID"":""2:london-link-067-ab-2:7"",""Kind"":""track"",""Scope"":""held"",""InitialOwner"":""london-pod-002"",""InitialClass"":""predecessor"",""ReleaseAt"":8428.023638058377,""Remaining"":7.7456914735121245,""HasRelease"":true},{""ID"":""2:london-link-067-ab-2:8"",""Kind"":""track"",""Scope"":""held"",""InitialOwner"":""london-pod-067"",""InitialClass"":""ancestor"",""ReleaseAt"":8291.58264617871,""Remaining"":12,""HasRelease"":true},{""ID"":""2:london-link-067-ab-2:9"",""Kind"":""track"",""Scope"":""requested"",""InitialOwner"":""london-pod-085"",""InitialClass"":""unrelated"",""ReleaseAt"":8205.67655500854,""Remaining"":7.123333333332994,""HasRelease"":true}]"
central-early-r10-s1-current-virtual,4,london-pod-070,london-pod-088,86484,87521,17.283333333333335,frontier-granted,london-link-067-ab-2,london-link-067-ab-2,262,262,7312.476177131357,7341.036713401138,7496.691145891543,7312.476177131357,7341.036713401138,"[{""ID"":""2:london-link-067-ab-2:7"",""Kind"":""track"",""Scope"":""held"",""InitialOwner"":""london-pod-088"",""InitialClass"":""predecessor"",""ReleaseAt"":7530.818167420754,""Remaining"":12,""HasRelease"":true},{""ID"":""2:london-link-067-ab-2:8"",""Kind"":""track"",""Scope"":""requested"",""InitialOwner"":""london-pod-002"",""InitialClass"":""unrelated"",""ReleaseAt"":8456.584174328158,""Remaining"":0.2968336126541544,""HasRelease"":true}]"
central-early-r10-s1-current-virtual,5,london-pod-063,london-pod-070,87072,87521,7.483333333333333,frontier-granted,london-link-067-ab-2,london-link-067-ab-2,263,263,7518.818167420754,7547.378703690535,7703.03313618094,7518.818167420754,7547.378703690535,"[{""ID"":""2:london-link-067-ab-2:7"",""Kind"":""track"",""Scope"":""held"",""InitialOwner"":""london-pod-088"",""InitialClass"":""ancestor"",""ReleaseAt"":7530.818167420754,""Remaining"":12,""HasRelease"":true},{""ID"":""2:london-link-067-ab-2:8"",""Kind"":""track"",""Scope"":""requested"",""InitialOwner"":""london-pod-103"",""InitialClass"":""unrelated"",""ReleaseAt"":8597.376274866294,""Remaining"":7.7456914735103055,""HasRelease"":true}]"
central-early-r10-s1-current-virtual,6,london-pod-106,london-pod-003,88356,88836,8.0,frontier-granted,london-link-067-ab-2,london-link-067-ab-2,305,305,8753.25520232673,8781.815738596511,8838.936811136073,8753.25520232673,8781.815738596511,"[{""ID"":""2:london-link-067-ab-2:6"",""Kind"":""track"",""Scope"":""held"",""InitialOwner"":""london-pod-003"",""InitialClass"":""predecessor"",""ReleaseAt"":7160.7210267737955,""Remaining"":12,""HasRelease"":true},{""ID"":""2:london-link-067-ab-2:7"",""Kind"":""track"",""Scope"":""requested"",""InitialOwner"":""london-pod-063"",""InitialClass"":""unrelated"",""ReleaseAt"":7530.818167420754,""Remaining"":10.749888639537858,""HasRelease"":true}]"
central-early-r10-s1-current-virtual,7,london-pod-107,london-pod-106,89562,90665,18.383333333333333,frontier-granted,london-link-067-ab-2,london-link-067-ab-2,309,309,8856.815738596513,8885.376274866294,8913.936811136075,8856.815738596513,8885.376274866294,"[{""ID"":""2:london-link-067-ab-2:7"",""Kind"":""track"",""Scope"":""held"",""InitialOwner"":""london-pod-003"",""InitialClass"":""ancestor"",""ReleaseAt"":7189.281563043576,""Remaining"":12,""HasRelease"":true},{""ID"":""2:london-link-067-ab-2:8"",""Kind"":""track"",""Scope"":""requested"",""InitialOwner"":""london-pod-070"",""InitialClass"":""unrelated"",""ReleaseAt"":7353.036713401138,""Remaining"":4.053005154466518,""HasRelease"":true}]"
central-early-r10-s1-current-virtual,8,london-pod-073,london-pod-108,90258,90862,10.066666666666666,frontier-granted,london-link-067-ab-2,london-link-067-ab-2,264,264,7536.697094881193,7565.257631150974,7650.939239960317,7536.697094881193,7565.257631150974,"[{""ID"":""2:london-link-067-ab-2:5"",""Kind"":""track"",""Scope"":""held"",""InitialOwner"":""london-pod-108"",""InitialClass"":""predecessor"",""ReleaseAt"":8886.694666056952,""Remaining"":12,""HasRelease"":true},{""ID"":""2:london-link-067-ab-2:6"",""Kind"":""track"",""Scope"":""requested"",""InitialOwner"":""london-pod-107"",""InitialClass"":""unrelated"",""ReleaseAt"":8840.255202326733,""Remaining"":7.793022044841564,""HasRelease"":true}]"
central-early-r10-s1-current-virtual,9,london-pod-095,london-pod-073,91584,92553,16.15,frontier-granted,london-link-067-ab-2,london-link-067-ab-2,329,329,9347.858490027153,9376.419026296933,9433.540098836495,9347.858490027153,9376.419026296933,"[{""ID"":""2:london-link-067-ab-2:6"",""Kind"":""track"",""Scope"":""held"",""InitialOwner"":""london-pod-108"",""InitialClass"":""ancestor"",""ReleaseAt"":8915.255202326733,""Remaining"":12,""HasRelease"":true},{""ID"":""2:london-link-067-ab-2:7"",""Kind"":""track"",""Scope"":""requested"",""InitialOwner"":""london-pod-107"",""InitialClass"":""unrelated"",""ReleaseAt"":8868.815738596513,""Remaining"":7.793022044839745,""HasRelease"":true}]"
central-early-r10-s1-current-virtual,10,london-pod-071,london-pod-095,92298,92553,4.25,frontier-granted,london-link-067-ab-2,london-link-067-ab-2,262,262,7490.257631150974,7518.818167420754,7575.939239960317,7490.257631150974,7518.818167420754,"[{""ID"":""2:london-link-067-ab-2:6"",""Kind"":""track"",""Scope"":""held"",""InitialOwner"":""london-pod-108"",""InitialClass"":""ancestor"",""ReleaseAt"":8915.255202326733,""Remaining"":12,""HasRelease"":true},{""ID"":""2:london-link-067-ab-2:5"",""Kind"":""track"",""Scope"":""held"",""InitialOwner"":""london-pod-095"",""InitialClass"":""predecessor"",""ReleaseAt"":9331.297953757372,""Remaining"":7.793022044841564,""HasRelease"":true},{""ID"":""2:london-link-067-ab-2:7"",""Kind"":""track"",""Scope"":""requested"",""InitialOwner"":""london-pod-107"",""InitialClass"":""unrelated"",""ReleaseAt"":8868.815738596513,""Remaining"":7.793022044839745,""HasRelease"":true}]"
central-early-r10-s1-current-virtual,11,london-pod-078,london-pod-020,93498,94069,9.516666666666667,frontier-granted,london-link-067-ab-2,london-link-067-ab-2,293,293,8251.279764094821,8279.840300364602,8492.61580539457,8251.279764094821,8279.840300364602,"[{""ID"":""2:london-link-067-ab-2:5"",""Kind"":""track"",""Scope"":""held"",""InitialOwner"":""london-pod-020"",""InitialClass"":""predecessor"",""ReleaseAt"":4772.290599404222,""Remaining"":12,""HasRelease"":true},{""ID"":""2:london-link-067-ab-2:6"",""Kind"":""track"",""Scope"":""requested"",""InitialOwner"":""london-pod-095"",""InitialClass"":""unrelated"",""ReleaseAt"":9359.858490027153,""Remaining"":7.793022044843383,""HasRelease"":true}]"
central-early-r10-s1-current-virtual,12,london-pod-011,london-pod-078,94800,96132,22.2,frontier-granted,london-link-067-ab-2,london-link-067-ab-2,338,338,9721.301146846237,9749.861683116018,9934.076651876203,9721.301146846237,9749.861683116018,"[{""ID"":""2:london-link-067-ab-2:6"",""Kind"":""track"",""Scope"":""held"",""InitialOwner"":""london-pod-020"",""InitialClass"":""ancestor"",""ReleaseAt"":4800.851135674003,""Remaining"":12,""HasRelease"":true},{""ID"":""2:london-link-067-ab-2:7"",""Kind"":""track"",""Scope"":""requested"",""InitialOwner"":""london-pod-095"",""InitialClass"":""unrelated"",""ReleaseAt"":9388.419026296933,""Remaining"":7.793022044841564,""HasRelease"":true}]"
central-early-r10-s1-current-virtual,13,london-pod-065,london-pod-011,95310,96132,13.7,frontier-granted,london-link-067-ab-2,london-link-067-ab-2,294,294,8279.840300364602,8308.400836634384,8492.61580539457,8279.840300364602,8308.400836634384,"[{""ID"":""2:london-link-067-ab-2:5"",""Kind"":""track"",""Scope"":""held"",""InitialOwner"":""london-pod-011"",""InitialClass"":""predecessor"",""ReleaseAt"":9704.740610576457,""Remaining"":16.321198342169737,""HasRelease"":true},{""ID"":""2:london-link-067-ab-2:6"",""Kind"":""track"",""Scope"":""held"",""InitialOwner"":""london-pod-020"",""InitialClass"":""ancestor"",""ReleaseAt"":4800.851135674003,""Remaining"":12,""HasRelease"":true},{""ID"":""2:london-link-067-ab-2:7"",""Kind"":""track"",""Scope"":""requested"",""InitialOwner"":""london-pod-095"",""InitialClass"":""unrelated"",""ReleaseAt"":9388.419026296933,""Remaining"":7.793022044841564,""HasRelease"":true}]"
central-early-r10-s1-current-virtual,14,london-pod-066,london-pod-030,96264,96298,0.5666666666666667,frontier-granted,london-link-067-ab-2,london-link-067-ab-2,259,259,7404.576022341631,7433.136558611412,7575.939239960317,7404.576022341631,7433.136558611412,"[{""ID"":""2:london-link-067-ab-2:3"",""Kind"":""track"",""Scope"":""held"",""InitialOwner"":""london-pod-030"",""InitialClass"":""predecessor"",""ReleaseAt"":7491.576022341631,""Remaining"":12,""HasRelease"":true},{""ID"":""2:london-link-067-ab-2:4"",""Kind"":""track"",""Scope"":""requested"",""InitialOwner"":""london-pod-065"",""InitialClass"":""unrelated"",""ReleaseAt"":8234.71922782504,""Remaining"":1.9250077767192124,""HasRelease"":true}]"
central-early-r10-s1-current-virtual,15,london-pod-008,london-pod-062,97332,98361,17.15,frontier-granted,london-link-067-ab-2,london-link-067-ab-2,357,357,10174.06688119608,10202.627417465861,10472.523995035388,10174.06688119608,10202.627417465861,"[{""ID"":""2:london-link-067-ab-2:3"",""Kind"":""track"",""Scope"":""held"",""InitialOwner"":""london-pod-062"",""InitialClass"":""predecessor"",""ReleaseAt"":11047.793737003914,""Remaining"":12,""HasRelease"":true},{""ID"":""2:london-link-067-ab-2:4"",""Kind"":""track"",""Scope"":""requested"",""InitialOwner"":""london-pod-030"",""InitialClass"":""unrelated"",""ReleaseAt"":7520.136558611412,""Remaining"":12,""HasRelease"":true}]"
central-early-r10-s1-current-virtual,16,london-pod-018,london-pod-008,99114,100425,21.85,frontier-granted,london-link-067-ab-2,london-link-067-ab-2,368,368,10389.913274919385,10418.473811189166,10659.809852488912,10389.913274919385,10418.473811189166,"[{""ID"":""2:london-link-067-ab-2:4"",""Kind"":""track"",""Scope"":""held"",""InitialOwner"":""london-pod-062"",""InitialClass"":""ancestor"",""ReleaseAt"":11076.354273273695,""Remaining"":12,""HasRelease"":true},{""ID"":""2:london-link-067-ab-2:5"",""Kind"":""track"",""Scope"":""requested"",""InitialOwner"":""london-pod-030"",""InitialClass"":""unrelated"",""ReleaseAt"":7548.697094881193,""Remaining"":12,""HasRelease"":true}]"
central-early-r10-s1-current-virtual,17,london-pod-015,london-pod-018,99444,100425,16.35,frontier-granted,london-link-067-ab-2,london-link-067-ab-2,288,288,8219.740925938455,8248.301462208236,8489.637503507984,8219.740925938455,8248.301462208236,"[{""ID"":""2:london-link-067-ab-2:3"",""Kind"":""track"",""Scope"":""held"",""InitialOwner"":""london-pod-018"",""InitialClass"":""predecessor"",""ReleaseAt"":10373.352738649604,""Remaining"":16.321198342167918,""HasRelease"":true},{""ID"":""2:london-link-067-ab-2:4"",""Kind"":""track"",""Scope"":""held"",""InitialOwner"":""london-pod-062"",""InitialClass"":""ancestor"",""ReleaseAt"":11076.354273273695,""Remaining"":12,""HasRelease"":true},{""ID"":""2:london-link-067-ab-2:5"",""Kind"":""track"",""Scope"":""requested"",""InitialOwner"":""london-pod-030"",""InitialClass"":""unrelated"",""ReleaseAt"":7548.697094881193,""Remaining"":12,""HasRelease"":true}]"
central-early-r10-s1-current-virtual,18,london-pod-006,london-pod-017,102066,102716,10.833333333333334,frontier-granted,london-link-067-ab-2,london-link-067-ab-2,262,262,7479.576022341631,7508.136558611412,7778.03313618094,7479.576022341631,7508.136558611412,"[{""ID"":""2:london-link-067-ab-2:3"",""Kind"":""track"",""Scope"":""held"",""InitialOwner"":""london-pod-017"",""InitialClass"":""predecessor"",""ReleaseAt"":7416.576022341631,""Remaining"":12,""HasRelease"":true},{""ID"":""2:london-link-067-ab-2:4"",""Kind"":""track"",""Scope"":""requested"",""InitialOwner"":""london-pod-015"",""InitialClass"":""unrelated"",""ReleaseAt"":8231.740925938455,""Remaining"":4.201529378364285,""HasRelease"":true}]"
central-early-r10-s1-current-virtual,19,london-pod-091,london-pod-006,102594,102716,2.033333333333333,frontier-granted,london-link-067-ab-2,london-link-067-ab-2,258,258,7198.2340320522335,7226.794568322014,7496.691145891543,7198.2340320522335,7226.794568322014,"[{""ID"":""2:london-link-067-ab-2:3"",""Kind"":""track"",""Scope"":""held"",""InitialOwner"":""london-pod-017"",""InitialClass"":""ancestor"",""ReleaseAt"":7416.576022341631,""Remaining"":12,""HasRelease"":true},{""ID"":""2:london-link-067-ab-2:4"",""Kind"":""track"",""Scope"":""requested"",""InitialOwner"":""london-pod-015"",""InitialClass"":""unrelated"",""ReleaseAt"":8231.740925938455,""Remaining"":4.144056564593484,""HasRelease"":true}]"
central-early-r10-s1-current-virtual,20,london-pod-075,london-pod-087,103716,104468,12.533333333333333,frontier-granted,london-link-067-ab-2,london-link-067-ab-2,204,204,5841.9143963340875,5870.474932603868,6168.932046443178,5841.9143963340875,5870.474932603868,"[{""ID"":""2:london-link-067-ab-2:2"",""Kind"":""track"",""Scope"":""held"",""InitialOwner"":""london-pod-087"",""InitialClass"":""predecessor"",""ReleaseAt"":8045.219428560024,""Remaining"":12,""HasRelease"":true},{""ID"":""2:london-link-067-ab-2:3"",""Kind"":""track"",""Scope"":""requested"",""InitialOwner"":""london-pod-091"",""InitialClass"":""unrelated"",""ReleaseAt"":7210.2340320522335,""Remaining"":10.749888639538767,""HasRelease"":true}]"
central-early-r10-s1-current-virtual,21,london-pod-016,london-pod-075,105210,106474,21.066666666666666,frontier-granted,london-link-067-ab-2,london-link-067-ab-2,262,262,7479.576022341631,7508.136558611412,7778.03313618094,7479.576022341631,7508.136558611412,"[{""ID"":""2:london-link-067-ab-2:3"",""Kind"":""track"",""Scope"":""held"",""InitialOwner"":""london-pod-087"",""InitialClass"":""ancestor"",""ReleaseAt"":8073.779964829805,""Remaining"":12,""HasRelease"":true},{""ID"":""2:london-link-067-ab-2:4"",""Kind"":""track"",""Scope"":""requested"",""InitialOwner"":""london-pod-091"",""InitialClass"":""unrelated"",""ReleaseAt"":7238.794568322014,""Remaining"":10.749888639536948,""HasRelease"":true}]"
central-early-r10-s1-current-virtual,22,london-pod-086,london-pod-016,105246,106474,20.466666666666665,frontier-granted,london-link-067-ab-2,london-link-067-ab-2,146,146,4164.114851195834,4192.675387465614,4462.571965035143,4164.114851195834,4192.675387465614,"[{""ID"":""2:london-link-067-ab-2:3"",""Kind"":""track"",""Scope"":""held"",""InitialOwner"":""london-pod-087"",""InitialClass"":""ancestor"",""ReleaseAt"":8073.779964829805,""Remaining"":12,""HasRelease"":true},{""ID"":""2:london-link-067-ab-2:2"",""Kind"":""track"",""Scope"":""held"",""InitialOwner"":""london-pod-016"",""InitialClass"":""predecessor"",""ReleaseAt"":7463.01548607185,""Remaining"":13.753655275178062,""HasRelease"":true},{""ID"":""2:london-link-067-ab-2:4"",""Kind"":""track"",""Scope"":""requested"",""InitialOwner"":""london-pod-091"",""InitialClass"":""unrelated"",""ReleaseAt"":7238.794568322014,""Remaining"":10.749888639536948,""HasRelease"":true}]"
central-early-r10-s1-current-virtual,23,london-pod-027,london-pod-077,105690,106546,14.266666666666667,frontier-granted,london-link-067-ab-2,london-link-067-ab-2,288,288,8108.477082745917,8137.0376190156985,8492.61580539457,8108.477082745917,8137.0376190156985,"[{""ID"":""2:london-link-067-ab-2:0"",""Kind"":""track"",""Scope"":""held"",""InitialOwner"":""london-pod-077"",""InitialClass"":""predecessor"",""ReleaseAt"":9030.70732872806,""Remaining"":12,""HasRelease"":true},{""ID"":""2:london-link-067-ab-2:1"",""Kind"":""track"",""Scope"":""requested"",""InitialOwner"":""london-pod-086"",""InitialClass"":""unrelated"",""ReleaseAt"":4118.993778656272,""Remaining"":0.3502147778772269,""HasRelease"":true}]"
central-early-r10-s1-current-virtual,24,london-pod-059,london-pod-044,108534,109211,11.283333333333333,frontier-granted,london-link-067-ab-2,london-link-067-ab-2,388,388,11170.347628106278,11198.908164376058,11525.925814485148,11170.347628106278,11198.908164376058,"[{""ID"":""2:london-link-067-ab-2:1"",""Kind"":""track"",""Scope"":""held"",""InitialOwner"":""london-pod-044"",""InitialClass"":""predecessor"",""ReleaseAt"":7017.918345424891,""Remaining"":12,""HasRelease"":true},{""ID"":""2:london-link-067-ab-2:2"",""Kind"":""track"",""Scope"":""requested"",""InitialOwner"":""london-pod-077"",""InitialClass"":""unrelated"",""ReleaseAt"":9087.828401267621,""Remaining"":12,""HasRelease"":true}]"
central-early-r10-s1-current-virtual,25,london-pod-109,london-pod-059,108630,109211,9.683333333333334,frontier-granted,london-link-067-ab-2,london-link-067-ab-2,404,404,11483.817026151784,11512.377562421565,11839.395212530655,11483.817026151784,11512.377562421565,"[{""ID"":""2:london-link-067-ab-2:1"",""Kind"":""track"",""Scope"":""held"",""InitialOwner"":""london-pod-044"",""InitialClass"":""ancestor"",""ReleaseAt"":7017.918345424891,""Remaining"":12,""HasRelease"":true},{""ID"":""2:london-link-067-ab-2:2"",""Kind"":""track"",""Scope"":""requested"",""InitialOwner"":""london-pod-077"",""InitialClass"":""unrelated"",""ReleaseAt"":9087.828401267621,""Remaining"":12,""HasRelease"":true}]"
central-early-r10-s1-current-virtual,26,london-pod-038,london-pod-043,110274,110993,11.983333333333333,frontier-granted,london-link-067-ab-2,london-link-067-ab-2,202,202,5784.793323794525,5813.353860064307,6168.932046443178,5784.793323794525,5813.353860064307,"[{""ID"":""2:london-link-067-ab-2:0"",""Kind"":""track"",""Scope"":""held"",""InitialOwner"":""london-pod-043"",""InitialClass"":""predecessor"",""ReleaseAt"":7405.894413532288,""Remaining"":12,""HasRelease"":true},{""ID"":""2:london-link-067-ab-2:1"",""Kind"":""track"",""Scope"":""requested"",""InitialOwner"":""london-pod-109"",""InitialClass"":""unrelated"",""ReleaseAt"":11495.817026151784,""Remaining"":13.753655275175333,""HasRelease"":true}]"
central-early-r10-s1-current-virtual,27,london-pod-110,london-pod-038,111714,112155,7.35,frontier-granted,london-link-067-ab-2,london-link-067-ab-2,390,390,11237.004683337263,11265.565219607044,11592.582869716134,11237.004683337263,11265.565219607044,"[{""ID"":""2:london-link-067-ab-2:1"",""Kind"":""track"",""Scope"":""held"",""InitialOwner"":""london-pod-043"",""InitialClass"":""ancestor"",""ReleaseAt"":7434.45494980207,""Remaining"":12,""HasRelease"":true},{""ID"":""2:london-link-067-ab-2:2"",""Kind"":""track"",""Scope"":""requested"",""InitialOwner"":""london-pod-109"",""InitialClass"":""unrelated"",""ReleaseAt"":11524.377562421565,""Remaining"":13.75365527518079,""HasRelease"":true}]"
central-early-r10-s1-current-virtual,28,london-pod-079,london-pod-110,111750,112155,6.75,frontier-granted,london-link-067-ab-2,london-link-067-ab-2,308,308,8500.454956549065,8529.015492818846,8856.033142927936,8500.454956549065,8529.015492818846,"[{""ID"":""3:london-mid-067-a:0"",""Kind"":""junction"",""Scope"":""held"",""InitialOwner"":""london-pod-110"",""InitialClass"":""predecessor"",""ReleaseAt"":11208.444147067483,""Remaining"":1.7536552751789714,""HasRelease"":true},{""ID"":""2:london-link-067-ab-2:0"",""Kind"":""track"",""Scope"":""held"",""InitialOwner"":""london-pod-110"",""InitialClass"":""predecessor"",""ReleaseAt"":11220.444147067483,""Remaining"":13.753655275178971,""HasRelease"":true},{""ID"":""2:london-link-067-ab-2:1"",""Kind"":""track"",""Scope"":""held"",""InitialOwner"":""london-pod-043"",""InitialClass"":""ancestor"",""ReleaseAt"":7434.45494980207,""Remaining"":12,""HasRelease"":true},{""ID"":""2:london-link-067-ab-2:2"",""Kind"":""track"",""Scope"":""requested"",""InitialOwner"":""london-pod-109"",""InitialClass"":""unrelated"",""ReleaseAt"":11524.377562421565,""Remaining"":13.75365527518079,""HasRelease"":true}]"
central-early-r10-s1-current-virtual,29,london-pod-111,london-pod-026,115050,115063,0.21666666666666667,frontier-granted,london-link-067-ab-2,london-link-067-ab-2,392,392,11283.444147067483,11312.004683337263,11540.48897349551,11283.444147067483,11312.004683337263,"[{""ID"":""2:london-link-067-ab-2:0"",""Kind"":""track"",""Scope"":""held"",""InitialOwner"":""london-pod-026"",""InitialClass"":""predecessor"",""ReleaseAt"":8195.477082745918,""Remaining"":12.00000000000091,""HasRelease"":true},{""ID"":""2:london-link-067-ab-2:1"",""Kind"":""track"",""Scope"":""requested"",""InitialOwner"":""london-pod-079"",""InitialClass"":""unrelated"",""ReleaseAt"":8512.454956549065,""Remaining"":0.1692143294840207,""HasRelease"":true}]"
central-early-r10-s1-current-virtual,30,london-pod-093,london-pod-111,115788,116341,9.216666666666667,frontier-granted,london-link-067-ab-2,london-link-067-ab-2,257,257,7347.45494980207,7376.01548607185,7575.939239960317,7347.45494980207,7376.01548607185,"[{""ID"":""2:london-link-067-ab-2:1"",""Kind"":""track"",""Scope"":""held"",""InitialOwner"":""london-pod-026"",""InitialClass"":""ancestor"",""ReleaseAt"":8224.037619015699,""Remaining"":12,""HasRelease"":true},{""ID"":""2:london-link-067-ab-2:2"",""Kind"":""track"",""Scope"":""requested"",""InitialOwner"":""london-pod-079"",""InitialClass"":""unrelated"",""ReleaseAt"":8541.015492818846,""Remaining"":0.3502147778763174,""HasRelease"":true}]"
central-early-r10-s1-current-virtual,31,london-pod-023,london-pod-093,115848,116341,8.216666666666667,frontier-granted,london-link-067-ab-2,london-link-067-ab-2,282,282,8004.658892290244,8033.219428560024,8233.14318244849,8004.658892290244,8033.219428560024,"[{""ID"":""2:london-link-067-ab-2:0"",""Kind"":""track"",""Scope"":""held"",""InitialOwner"":""london-pod-093"",""InitialClass"":""predecessor"",""ReleaseAt"":7330.894413532288,""Remaining"":7.7456914735103055,""HasRelease"":true},{""ID"":""2:london-link-067-ab-2:1"",""Kind"":""track"",""Scope"":""held"",""InitialOwner"":""london-pod-026"",""InitialClass"":""ancestor"",""ReleaseAt"":8224.037619015699,""Remaining"":12,""HasRelease"":true},{""ID"":""2:london-link-067-ab-2:2"",""Kind"":""track"",""Scope"":""requested"",""InitialOwner"":""london-pod-079"",""InitialClass"":""unrelated"",""ReleaseAt"":8541.015492818846,""Remaining"":0.3502147778763174,""HasRelease"":true}]"
central-early-r10-s2-old-virtual,0,london-pod-066,london-pod-072,88086,88589,8.383333333333333,frontier-granted,london-link-067-ab-2,london-link-067-ab-2,227,227,6515.418211614353,6543.978747884134,6572.539284153915,6515.418211614353,6543.978747884134,"[{""ID"":""2:london-link-067-ab-2:7"",""Kind"":""track"",""Scope"":""held"",""InitialOwner"":""london-pod-072"",""InitialClass"":""predecessor"",""ReleaseAt"":8188.0221099089285,""Remaining"":12,""HasRelease"":true},{""ID"":""2:london-link-067-ab-2:8"",""Kind"":""track"",""Scope"":""requested"",""InitialOwner"":""london-pod-083"",""InitialClass"":""unrelated"",""ReleaseAt"":8388.63593134418,""Remaining"":16.321198342171556,""HasRelease"":true}]"
central-early-r10-s2-old-virtual,1,london-pod-107,london-pod-066,88158,88589,7.183333333333334,frontier-granted,london-link-067-ab-2,london-link-067-ab-2,309,309,8861.185768860994,8889.746305130775,8918.306841400556,8861.185768860994,8889.746305130775,"[{""ID"":""2:london-link-067-ab-2:7"",""Kind"":""track"",""Scope"":""held"",""InitialOwner"":""london-pod-072"",""InitialClass"":""ancestor"",""ReleaseAt"":8188.0221099089285,""Remaining"":12,""HasRelease"":true},{""ID"":""2:london-link-067-ab-2:8"",""Kind"":""track"",""Scope"":""requested"",""InitialOwner"":""london-pod-083"",""InitialClass"":""unrelated"",""ReleaseAt"":8388.63593134418,""Remaining"":16.319579334638547,""HasRelease"":true}]"
central-early-r10-s2-old-virtual,2,london-pod-026,london-pod-107,89406,90115,11.816666666666666,frontier-granted,london-link-067-ab-2,london-link-067-ab-2,300,300,8451.635931344179,8480.19646761396,8480.19646761396,8451.635931344179,8480.19646761396,"[{""ID"":""2:london-link-067-ab-2:8"",""Kind"":""track"",""Scope"":""held"",""InitialOwner"":""london-pod-072"",""InitialClass"":""ancestor"",""ReleaseAt"":8216.58264617871,""Remaining"":12,""HasRelease"":true},{""ID"":""2:london-link-067-ab-2:7"",""Kind"":""track"",""Scope"":""held"",""InitialOwner"":""london-pod-107"",""InitialClass"":""predecessor"",""ReleaseAt"":8873.185768860994,""Remaining"":7.7456914735121245,""HasRelease"":true},{""ID"":""2:london-link-067-ab-2:9"",""Kind"":""track"",""Scope"":""requested"",""InitialOwner"":""london-pod-083"",""InitialClass"":""unrelated"",""ReleaseAt"":8417.196467613961,""Remaining"":12,""HasRelease"":true}]"
central-early-r10-s2-old-virtual,3,london-pod-084,london-pod-034,91362,91869,8.45,frontier-granted,london-link-067-ab-2,london-link-067-ab-2,268,268,7637.761066501216,7666.321602770997,7781.768733722361,7637.761066501216,7666.321602770997,"[{""ID"":""2:london-link-067-ab-2:7"",""Kind"":""track"",""Scope"":""held"",""InitialOwner"":""london-pod-034"",""InitialClass"":""predecessor"",""ReleaseAt"":6040.583203470843,""Remaining"":12,""HasRelease"":true},{""ID"":""2:london-link-067-ab-2:8"",""Kind"":""track"",""Scope"":""requested"",""InitialOwner"":""london-pod-026"",""InitialClass"":""unrelated"",""ReleaseAt"":8463.635931344179,""Remaining"":7.7456914735121245,""HasRelease"":true}]"
central-early-r10-s2-old-virtual,4,london-pod-012,london-pod-084,92568,92749,3.0166666666666666,frontier-granted,london-link-067-ab-2,london-link-067-ab-2,297,297,8376.63593134418,8405.196467613961,8492.083062295544,8376.63593134418,8405.196467613961,"[{""ID"":""2:london-link-067-ab-2:8"",""Kind"":""track"",""Scope"":""held"",""InitialOwner"":""london-pod-034"",""InitialClass"":""ancestor"",""ReleaseAt"":6069.1437397406235,""Remaining"":12,""HasRelease"":true},{""ID"":""2:london-link-067-ab-2:9"",""Kind"":""track"",""Scope"":""requested"",""InitialOwner"":""london-pod-107"",""InitialClass"":""unrelated"",""ReleaseAt"":8930.306841400556,""Remaining"":11.790000000000873,""HasRelease"":true}]"
central-early-r10-s2-old-virtual,5,london-pod-042,london-pod-020,94548,94682,2.2333333333333334,frontier-granted,london-link-067-ab-2,london-link-067-ab-2,265,265,7562.761066501215,7591.321602770996,7706.76873372236,7562.761066501215,7591.321602770996,"[{""ID"":""2:london-link-067-ab-2:7"",""Kind"":""track"",""Scope"":""held"",""InitialOwner"":""london-pod-020"",""InitialClass"":""predecessor"",""ReleaseAt"":7189.281563043576,""Remaining"":12,""HasRelease"":true},{""ID"":""2:london-link-067-ab-2:8"",""Kind"":""track"",""Scope"":""requested"",""InitialOwner"":""london-pod-012"",""InitialClass"":""unrelated"",""ReleaseAt"":8388.63593134418,""Remaining"":4.198989761445773,""HasRelease"":true}]"
central-early-r10-s2-old-virtual,6,london-pod-076,london-pod-042,95670,95934,4.4,frontier-granted,london-link-067-ab-2,london-link-067-ab-2,228,228,6543.978747884134,6572.539284153915,6659.425878835497,6543.978747884134,6572.539284153915,"[{""ID"":""2:london-link-067-ab-2:8"",""Kind"":""track"",""Scope"":""held"",""InitialOwner"":""london-pod-020"",""InitialClass"":""ancestor"",""ReleaseAt"":7217.842099313357,""Remaining"":12,""HasRelease"":true},{""ID"":""2:london-link-067-ab-2:9"",""Kind"":""track"",""Scope"":""requested"",""InitialOwner"":""london-pod-012"",""InitialClass"":""unrelated"",""ReleaseAt"":8417.196467613961,""Remaining"":12,""HasRelease"":true}]"
central-early-r10-s2-old-virtual,7,london-pod-027,london-pod-008,98880,99446,9.433333333333334,frontier-granted,london-link-067-ab-2,london-link-067-ab-2,297,297,8376.63593134418,8405.196467613961,8492.083062295544,8376.63593134418,8405.196467613961,"[{""ID"":""2:london-link-067-ab-2:8"",""Kind"":""track"",""Scope"":""held"",""InitialOwner"":""london-pod-008"",""InitialClass"":""predecessor"",""ReleaseAt"":10336.416148858754,""Remaining"":12,""HasRelease"":true},{""ID"":""2:london-link-067-ab-2:9"",""Kind"":""track"",""Scope"":""requested"",""InitialOwner"":""london-pod-076"",""InitialClass"":""unrelated"",""ReleaseAt"":6584.539284153915,""Remaining"":1.5994444444449982,""HasRelease"":true}]"
central-early-r10-s2-old-virtual,8,london-pod-091,london-pod-087,99876,100030,2.566666666666667,frontier-granted,london-link-067-ab-2,london-link-067-ab-2,250,250,7177.281563043576,7205.842099313357,7234.402635583138,7177.281563043576,7205.842099313357,"[{""ID"":""2:london-link-067-ab-2:7"",""Kind"":""track"",""Scope"":""held"",""InitialOwner"":""london-pod-087"",""InitialClass"":""predecessor"",""ReleaseAt"":6040.583203470843,""Remaining"":12,""HasRelease"":true},{""ID"":""2:london-link-067-ab-2:8"",""Kind"":""track"",""Scope"":""requested"",""InitialOwner"":""london-pod-027"",""InitialClass"":""unrelated"",""ReleaseAt"":8388.63593134418,""Remaining"":3.0938033166712557,""HasRelease"":true}]"
central-early-r10-s2-old-virtual,9,london-pod-046,london-pod-091,101040,101202,2.7,frontier-granted,london-link-067-ab-2,london-link-067-ab-2,213,213,6132.1437397406235,6160.704276010405,6160.704276010405,6132.1437397406235,6160.704276010405,"[{""ID"":""2:london-link-067-ab-2:8"",""Kind"":""track"",""Scope"":""held"",""InitialOwner"":""london-pod-087"",""InitialClass"":""ancestor"",""ReleaseAt"":6069.1437397406235,""Remaining"":12,""HasRelease"":true},{""ID"":""2:london-link-067-ab-2:9"",""Kind"":""track"",""Scope"":""requested"",""InitialOwner"":""london-pod-027"",""InitialClass"":""unrelated"",""ReleaseAt"":8417.196467613961,""Remaining"":12,""HasRelease"":true}]"
central-early-r10-s2-old-virtual,10,london-pod-079,london-pod-031,103008,103397,6.483333333333333,frontier-granted,london-link-067-ab-2,london-link-067-ab-2,288,288,8176.0221099089285,8204.58264617871,8233.14318244849,8176.0221099089285,8204.58264617871,"[{""ID"":""2:london-link-067-ab-2:7"",""Kind"":""track"",""Scope"":""held"",""InitialOwner"":""london-pod-031"",""InitialClass"":""predecessor"",""ReleaseAt"":6602.418211614352,""Remaining"":12,""HasRelease"":true},{""ID"":""2:london-link-067-ab-2:8"",""Kind"":""track"",""Scope"":""requested"",""InitialOwner"":""london-pod-093"",""InitialClass"":""unrelated"",""ReleaseAt"":6555.978747884134,""Remaining"":13.753655275175333,""HasRelease"":true}]"
central-early-r10-s2-old-virtual,11,london-pod-113,london-pod-043,111150,111185,0.5833333333333334,frontier-granted,london-link-067-ab-2,london-link-067-ab-2,405,405,11644.72923811351,11673.289774383291,11701.850310653072,11644.72923811351,11673.289774383291,"[{""ID"":""2:london-link-067-ab-2:7"",""Kind"":""track"",""Scope"":""held"",""InitialOwner"":""london-pod-043"",""InitialClass"":""predecessor"",""ReleaseAt"":7649.761066501216,""Remaining"":12,""HasRelease"":true},{""ID"":""2:london-link-067-ab-2:8"",""Kind"":""track"",""Scope"":""requested"",""InitialOwner"":""london-pod-017"",""InitialClass"":""unrelated"",""ReleaseAt"":6515.354487274475,""Remaining"":2.139066584753891,""HasRelease"":true}]"
central-early-r10-s2-old-virtual,12,london-pod-054,london-pod-029,112260,112941,11.35,frontier-granted,london-link-067-ab-2,london-link-067-ab-2,296,296,8348.0753950744,8376.63593134418,8492.083062295544,8348.0753950744,8376.63593134418,"[{""ID"":""2:london-link-067-ab-2:7"",""Kind"":""track"",""Scope"":""held"",""InitialOwner"":""london-pod-029"",""InitialClass"":""predecessor"",""ReleaseAt"":8435.075395074398,""Remaining"":12,""HasRelease"":true},{""ID"":""2:london-link-067-ab-2:8"",""Kind"":""track"",""Scope"":""requested"",""InitialOwner"":""london-pod-113"",""InitialClass"":""unrelated"",""ReleaseAt"":11685.289774383291,""Remaining"":8.101932480407413,""HasRelease"":true}]"
central-early-r10-s2-old-virtual,13,london-pod-021,london-pod-054,113634,113821,3.1166666666666667,frontier-granted,london-link-067-ab-2,london-link-067-ab-2,204,204,5712.596136036842,5741.1566723066235,5828.043266988206,5712.596136036842,5741.1566723066235,"[{""ID"":""2:london-link-067-ab-2:8"",""Kind"":""track"",""Scope"":""held"",""InitialOwner"":""london-pod-029"",""InitialClass"":""ancestor"",""ReleaseAt"":8463.635931344179,""Remaining"":12,""HasRelease"":true},{""ID"":""2:london-link-067-ab-2:9"",""Kind"":""track"",""Scope"":""requested"",""InitialOwner"":""london-pod-043"",""InitialClass"":""unrelated"",""ReleaseAt"":7706.882139040778,""Remaining"":11.871666666666897,""HasRelease"":true}]"
central-early-r10-s2-old-virtual,14,london-pod-035,london-pod-085,117078,117562,8.066666666666666,frontier-granted,london-link-067-ab-2,london-link-067-ab-2,299,299,8423.075395074398,8451.635931344179,8567.083062295542,8423.075395074398,8451.635931344179,"[{""ID"":""2:london-link-067-ab-2:7"",""Kind"":""track"",""Scope"":""held"",""InitialOwner"":""london-pod-085"",""InitialClass"":""predecessor"",""ReleaseAt"":8360.0753950744,""Remaining"":12,""HasRelease"":true},{""ID"":""2:london-link-067-ab-2:8"",""Kind"":""track"",""Scope"":""requested"",""InitialOwner"":""london-pod-102"",""InitialClass"":""unrelated"",""ReleaseAt"":6069.1437397406235,""Remaining"":16.321198342167918,""HasRelease"":true}]"
central-early-r10-s2-old-virtual,15,london-pod-064,london-pod-035,118272,118763,8.183333333333334,frontier-granted,london-link-067-ab-2,london-link-067-ab-2,269,269,7666.321602770997,7694.882139040778,7781.768733722361,7666.321602770997,7694.882139040778,"[{""ID"":""2:london-link-067-ab-2:8"",""Kind"":""track"",""Scope"":""held"",""InitialOwner"":""london-pod-085"",""InitialClass"":""ancestor"",""ReleaseAt"":8388.63593134418,""Remaining"":12,""HasRelease"":true},{""ID"":""2:london-link-067-ab-2:9"",""Kind"":""track"",""Scope"":""requested"",""InitialOwner"":""london-pod-102"",""InitialClass"":""unrelated"",""ReleaseAt"":6097.704276010405,""Remaining"":14.228386980955293,""HasRelease"":true}]"
central-early-r10-s2-old-virtual,16,london-pod-105,london-pod-041,119712,120196,8.066666666666666,frontier-granted,london-link-067-ab-2,london-link-067-ab-2,227,227,6515.418211614353,6543.978747884134,6572.539284153915,6515.418211614353,6543.978747884134,"[{""ID"":""2:london-link-067-ab-2:7"",""Kind"":""track"",""Scope"":""held"",""InitialOwner"":""london-pod-041"",""InitialClass"":""predecessor"",""ReleaseAt"":8188.0221099089285,""Remaining"":12,""HasRelease"":true},{""ID"":""2:london-link-067-ab-2:8"",""Kind"":""track"",""Scope"":""requested"",""InitialOwner"":""london-pod-064"",""InitialClass"":""unrelated"",""ReleaseAt"":7678.321602770997,""Remaining"":16.321198342168827,""HasRelease"":true}]"
central-early-r10-s2-old-virtual,17,london-pod-022,london-pod-105,120936,121723,13.116666666666667,frontier-granted,london-link-067-ab-2,london-link-067-ab-2,297,297,8376.63593134418,8405.196467613961,8405.196467613961,8376.63593134418,8405.196467613961,"[{""ID"":""2:london-link-067-ab-2:8"",""Kind"":""track"",""Scope"":""held"",""InitialOwner"":""london-pod-041"",""InitialClass"":""ancestor"",""ReleaseAt"":8216.58264617871,""Remaining"":12,""HasRelease"":true},{""ID"":""2:london-link-067-ab-2:9"",""Kind"":""track"",""Scope"":""requested"",""InitialOwner"":""london-pod-064"",""InitialClass"":""unrelated"",""ReleaseAt"":7706.882139040778,""Remaining"":12.992312898692035,""HasRelease"":true}]"
central-early-r10-s2-old-virtual,18,london-pod-081,london-pod-022,121230,121723,8.216666666666667,frontier-granted,london-link-067-ab-2,london-link-067-ab-2,204,204,5712.596136036842,5741.1566723066235,5741.1566723066235,5712.596136036842,5741.1566723066235,"[{""ID"":""2:london-link-067-ab-2:8"",""Kind"":""track"",""Scope"":""held"",""InitialOwner"":""london-pod-041"",""InitialClass"":""ancestor"",""ReleaseAt"":8216.58264617871,""Remaining"":12,""HasRelease"":true},{""ID"":""2:london-link-067-ab-2:7"",""Kind"":""track"",""Scope"":""held"",""InitialOwner"":""london-pod-022"",""InitialClass"":""predecessor"",""ReleaseAt"":8360.0753950744,""Remaining"":13.753655275178971,""HasRelease"":true},{""ID"":""2:london-link-067-ab-2:9"",""Kind"":""track"",""Scope"":""requested"",""InitialOwner"":""london-pod-064"",""InitialClass"":""unrelated"",""ReleaseAt"":7706.882139040778,""Remaining"":12,""HasRelease"":true}]"
central-early-r10-s2-old-virtual,19,london-pod-112,london-pod-097,234534,234800,4.433333333333334,frontier-granted,london-link-067-ab-2,london-link-067-ab-2,300,300,8280.773362484637,8309.333898754418,8396.220493436,8280.773362484637,8309.333898754418,"[{""ID"":""2:london-link-067-ab-2:8"",""Kind"":""track"",""Scope"":""held"",""InitialOwner"":""london-pod-097"",""InitialClass"":""predecessor"",""ReleaseAt"":7428.036713401138,""Remaining"":12,""HasRelease"":true},{""ID"":""2:london-link-067-ab-2:9"",""Kind"":""track"",""Scope"":""requested"",""InitialOwner"":""london-pod-056"",""InitialClass"":""unrelated"",""ReleaseAt"":7631.8821390407775,""Remaining"":12,""HasRelease"":true}]"
central-early-r10-s2-old-virtual,20,london-pod-026,london-pod-088,235452,235907,7.583333333333333,frontier-granted,london-link-067-ab-2,london-link-067-ab-2,288,288,8176.0221099089285,8204.58264617871,8233.14318244849,8176.0221099089285,8204.58264617871,"[{""ID"":""2:london-link-067-ab-2:7"",""Kind"":""track"",""Scope"":""held"",""InitialOwner"":""london-pod-088"",""InitialClass"":""predecessor"",""ReleaseAt"":7649.761066501216,""Remaining"":12,""HasRelease"":true},{""ID"":""2:london-link-067-ab-2:8"",""Kind"":""track"",""Scope"":""requested"",""InitialOwner"":""london-pod-112"",""InitialClass"":""unrelated"",""ReleaseAt"":8292.773362484637,""Remaining"":16.321198342169737,""HasRelease"":true}]"
central-early-r10-s2-old-virtual,21,london-pod-096,london-pod-026,236778,237108,5.5,frontier-granted,london-link-067-ab-2,london-link-067-ab-2,251,251,7205.842099313357,7234.402635583138,7234.402635583138,7205.842099313357,7234.402635583138,"[{""ID"":""2:london-link-067-ab-2:8"",""Kind"":""track"",""Scope"":""held"",""InitialOwner"":""london-pod-088"",""InitialClass"":""ancestor"",""ReleaseAt"":7678.321602770997,""Remaining"":12,""HasRelease"":true},{""ID"":""2:london-link-067-ab-2:9"",""Kind"":""track"",""Scope"":""requested"",""InitialOwner"":""london-pod-112"",""InitialClass"":""unrelated"",""ReleaseAt"":8321.333898754418,""Remaining"":12,""HasRelease"":true}]"
central-early-r10-s2-old-virtual,22,london-pod-027,london-pod-038,238992,239302,5.166666666666667,frontier-granted,london-link-067-ab-2,london-link-067-ab-2,265,265,7562.761066501215,7591.321602770996,7619.8821390407775,7562.761066501215,7591.321602770996,"[{""ID"":""2:london-link-067-ab-2:7"",""Kind"":""track"",""Scope"":""held"",""InitialOwner"":""london-pod-038"",""InitialClass"":""predecessor"",""ReleaseAt"":7264.281563043576,""Remaining"":12,""HasRelease"":true},{""ID"":""2:london-link-067-ab-2:8"",""Kind"":""track"",""Scope"":""requested"",""InitialOwner"":""london-pod-043"",""InitialClass"":""unrelated"",""ReleaseAt"":7678.321602770997,""Remaining"":13.751202934309731,""HasRelease"":true}]"
central-early-r10-s2-old-virtual,23,london-pod-010,london-pod-098,264132,264652,8.666666666666666,frontier-granted,london-link-067-ab-2,london-link-067-ab-2,228,228,6543.978747884134,6572.539284153915,6572.539284153915,6543.978747884134,6572.539284153915,"[{""ID"":""2:london-link-067-ab-2:8"",""Kind"":""track"",""Scope"":""held"",""InitialOwner"":""london-pod-098"",""InitialClass"":""predecessor"",""ReleaseAt"":7678.321602770997,""Remaining"":12,""HasRelease"":true},{""ID"":""2:london-link-067-ab-2:9"",""Kind"":""track"",""Scope"":""requested"",""InitialOwner"":""london-pod-032"",""InitialClass"":""unrelated"",""ReleaseAt"":8492.19646761396,""Remaining"":12,""HasRelease"":true}]"
central-early-r10-s2-old-virtual,24,london-pod-058,london-pod-010,264222,264652,7.166666666666667,frontier-granted,london-link-067-ab-2,london-link-067-ab-2,266,266,7591.321602770996,7619.8821390407775,7619.8821390407775,7591.321602770996,7619.8821390407775,"[{""ID"":""2:london-link-067-ab-2:8"",""Kind"":""track"",""Scope"":""held"",""InitialOwner"":""london-pod-098"",""InitialClass"":""ancestor"",""ReleaseAt"":7678.321602770997,""Remaining"":12,""HasRelease"":true},{""ID"":""2:london-link-067-ab-2:9"",""Kind"":""track"",""Scope"":""requested"",""InitialOwner"":""london-pod-032"",""InitialClass"":""unrelated"",""ReleaseAt"":8492.19646761396,""Remaining"":12,""HasRelease"":true}]"
central-early-r10-s2-old-virtual,25,london-pod-091,london-pod-058,264264,264652,6.466666666666667,frontier-granted,london-link-067-ab-2,london-link-067-ab-2,225,225,6377.8303242778875,6406.390860547669,6406.390860547669,6377.8303242778875,6406.390860547669,"[{""ID"":""2:london-link-067-ab-2:8"",""Kind"":""track"",""Scope"":""held"",""InitialOwner"":""london-pod-098"",""InitialClass"":""ancestor"",""ReleaseAt"":7678.321602770997,""Remaining"":12,""HasRelease"":true},{""ID"":""2:london-link-067-ab-2:7"",""Kind"":""track"",""Scope"":""held"",""InitialOwner"":""london-pod-058"",""InitialClass"":""predecessor"",""ReleaseAt"":7574.761066501215,""Remaining"":7.7456914735121245,""HasRelease"":true},{""ID"":""2:london-link-067-ab-2:9"",""Kind"":""track"",""Scope"":""requested"",""InitialOwner"":""london-pod-032"",""InitialClass"":""unrelated"",""ReleaseAt"":8492.19646761396,""Remaining"":12,""HasRelease"":true}]"
central-early-r10-s2-old-virtual,26,london-pod-094,london-pod-041,268374,269040,11.1,frontier-granted,london-link-067-ab-2,london-link-067-ab-2,227,227,6515.418211614353,6543.978747884134,6572.539284153915,6515.418211614353,6543.978747884134,"[{""ID"":""2:london-link-067-ab-2:7"",""Kind"":""track"",""Scope"":""held"",""InitialOwner"":""london-pod-041"",""InitialClass"":""predecessor"",""ReleaseAt"":6115.583203470843,""Remaining"":12,""HasRelease"":true},{""ID"":""2:london-link-067-ab-2:8"",""Kind"":""track"",""Scope"":""requested"",""InitialOwner"":""london-pod-042"",""InitialClass"":""unrelated"",""ReleaseAt"":7603.321602770996,""Remaining"":7.9990559276220665,""HasRelease"":true}]"
central-early-r10-s2-old-virtual,27,london-pod-067,london-pod-094,268428,269040,10.2,frontier-granted,london-link-067-ab-2,london-link-067-ab-2,268,268,7637.761066501216,7666.321602770997,7694.882139040778,7637.761066501216,7666.321602770997,"[{""ID"":""2:london-link-067-ab-2:7"",""Kind"":""track"",""Scope"":""held"",""InitialOwner"":""london-pod-041"",""InitialClass"":""ancestor"",""ReleaseAt"":6115.583203470843,""Remaining"":12,""HasRelease"":true},{""ID"":""2:london-link-067-ab-2:8"",""Kind"":""track"",""Scope"":""requested"",""InitialOwner"":""london-pod-042"",""InitialClass"":""unrelated"",""ReleaseAt"":7603.321602770996,""Remaining"":7.806421194371978,""HasRelease"":true}]"
central-early-r10-s2-old-virtual,28,london-pod-024,london-pod-067,268512,269040,8.8,frontier-granted,london-link-067-ab-2,london-link-067-ab-2,265,265,7562.761066501215,7591.321602770996,7619.8821390407775,7562.761066501215,7591.321602770996,"[{""ID"":""2:london-link-067-ab-2:7"",""Kind"":""track"",""Scope"":""held"",""InitialOwner"":""london-pod-041"",""InitialClass"":""ancestor"",""ReleaseAt"":6115.583203470843,""Remaining"":12,""HasRelease"":true},{""ID"":""2:london-link-067-ab-2:6"",""Kind"":""track"",""Scope"":""held"",""InitialOwner"":""london-pod-067"",""InitialClass"":""predecessor"",""ReleaseAt"":7621.200530231436,""Remaining"":13.753655275178062,""HasRelease"":true},{""ID"":""2:london-link-067-ab-2:8"",""Kind"":""track"",""Scope"":""requested"",""InitialOwner"":""london-pod-042"",""InitialClass"":""unrelated"",""ReleaseAt"":7603.321602770996,""Remaining"":7.745691473509396,""HasRelease"":true}]"
central-early-r10-s2-old-virtual,29,london-pod-025,london-pod-101,269730,270872,19.033333333333335,frontier-granted,london-link-067-ab-2,london-link-067-ab-2,297,297,8365.954322534837,8394.514858804618,8567.083062295542,8365.954322534837,8394.514858804618,"[{""ID"":""2:london-link-067-ab-2:5"",""Kind"":""track"",""Scope"":""held"",""InitialOwner"":""london-pod-101"",""InitialClass"":""predecessor"",""ReleaseAt"":8528.797049310471,""Remaining"":12,""HasRelease"":true},{""ID"":""2:london-link-067-ab-2:6"",""Kind"":""track"",""Scope"":""requested"",""InitialOwner"":""london-pod-024"",""InitialClass"":""unrelated"",""ReleaseAt"":7546.200530231435,""Remaining"":0.4240644635701756,""HasRelease"":true}]"
central-early-r10-s2-old-virtual,30,london-pod-075,london-pod-025,269802,270872,17.833333333333332,frontier-granted,london-link-067-ab-2,london-link-067-ab-2,178,178,5004.13559070341,5032.696126973191,5205.264330464116,5004.13559070341,5032.696126973191,"[{""ID"":""2:london-link-067-ab-2:5"",""Kind"":""track"",""Scope"":""held"",""InitialOwner"":""london-pod-101"",""InitialClass"":""ancestor"",""ReleaseAt"":8528.797049310471,""Remaining"":12,""HasRelease"":true},{""ID"":""2:london-link-067-ab-2:6"",""Kind"":""track"",""Scope"":""requested"",""InitialOwner"":""london-pod-024"",""InitialClass"":""unrelated"",""ReleaseAt"":7546.200530231435,""Remaining"":0.355729448366219,""HasRelease"":true}]"
central-early-r10-s2-old-virtual,31,london-pod-086,london-pod-083,270522,271154,10.533333333333333,frontier-granted,london-link-067-ab-2,london-link-067-ab-2,249,249,7138.039417964453,7166.599954234233,7309.402635583138,7138.039417964453,7166.599954234233,"[{""ID"":""2:london-link-067-ab-2:3"",""Kind"":""track"",""Scope"":""held"",""InitialOwner"":""london-pod-083"",""InitialClass"":""predecessor"",""ReleaseAt"":7460.518921422092,""Remaining"":12,""HasRelease"":true},{""ID"":""2:london-link-067-ab-2:4"",""Kind"":""track"",""Scope"":""requested"",""InitialOwner"":""london-pod-075"",""InitialClass"":""unrelated"",""ReleaseAt"":4987.575054433629,""Remaining"":16.321198342167918,""HasRelease"":true}]"
central-early-r10-s2-current-virtual,0,london-pod-065,london-pod-072,86220,86900,11.333333333333334,frontier-granted,london-link-067-ab-2,london-link-067-ab-2,296,296,8336.961372904165,8365.521909173945,8492.61580539457,8336.961372904165,8365.521909173945,"[{""ID"":""2:london-link-067-ab-2:8"",""Kind"":""track"",""Scope"":""held"",""InitialOwner"":""london-pod-072"",""InitialClass"":""predecessor"",""ReleaseAt"":8177.1160187387595,""Remaining"":12,""HasRelease"":true},{""ID"":""2:london-link-067-ab-2:9"",""Kind"":""track"",""Scope"":""requested"",""InitialOwner"":""london-pod-070"",""InitialClass"":""unrelated"",""ReleaseAt"":7246.402635583138,""Remaining"":12,""HasRelease"":true}]"
central-early-r10-s2-current-virtual,1,london-pod-051,london-pod-065,86310,86900,9.833333333333334,frontier-granted,london-link-067-ab-2,london-link-067-ab-2,299,299,8411.961372904165,8440.521909173945,8567.61580539457,8411.961372904165,8440.521909173945,"[{""ID"":""2:london-link-067-ab-2:8"",""Kind"":""track"",""Scope"":""held"",""InitialOwner"":""london-pod-072"",""InitialClass"":""ancestor"",""ReleaseAt"":8177.1160187387595,""Remaining"":12,""HasRelease"":true},{""ID"":""2:london-link-067-ab-2:9"",""Kind"":""track"",""Scope"":""requested"",""InitialOwner"":""london-pod-070"",""InitialClass"":""unrelated"",""ReleaseAt"":7246.402635583138,""Remaining"":12,""HasRelease"":true}]"
central-early-r10-s2-current-virtual,2,london-pod-083,london-pod-051,86388,86900,8.533333333333333,frontier-granted,london-link-067-ab-2,london-link-067-ab-2,296,296,8336.961372904165,8365.521909173945,8492.61580539457,8336.961372904165,8365.521909173945,"[{""ID"":""2:london-link-067-ab-2:8"",""Kind"":""track"",""Scope"":""held"",""InitialOwner"":""london-pod-072"",""InitialClass"":""ancestor"",""ReleaseAt"":8177.1160187387595,""Remaining"":12,""HasRelease"":true},{""ID"":""2:london-link-067-ab-2:7"",""Kind"":""track"",""Scope"":""held"",""InitialOwner"":""london-pod-051"",""InitialClass"":""predecessor"",""ReleaseAt"":8395.400836634384,""Remaining"":16.321198342169737,""HasRelease"":true},{""ID"":""2:london-link-067-ab-2:9"",""Kind"":""track"",""Scope"":""requested"",""InitialOwner"":""london-pod-070"",""InitialClass"":""unrelated"",""ReleaseAt"":7246.402635583138,""Remaining"":12,""HasRelease"":true}]"
central-early-r10-s2-current-virtual,3,london-pod-025,london-pod-107,87690,87890,3.3333333333333335,frontier-granted,london-link-067-ab-2,london-link-067-ab-2,287,287,8147.461573639148,8176.0221099089285,8360.237078669114,8147.461573639148,8176.0221099089285,"[{""ID"":""2:london-link-067-ab-2:6"",""Kind"":""track"",""Scope"":""held"",""InitialOwner"":""london-pod-107"",""InitialClass"":""predecessor"",""ReleaseAt"":8840.255202326733,""Remaining"":12,""HasRelease"":true},{""ID"":""2:london-link-067-ab-2:7"",""Kind"":""track"",""Scope"":""requested"",""InitialOwner"":""london-pod-083"",""InitialClass"":""unrelated"",""ReleaseAt"":8320.400836634384,""Remaining"":4.201529378364285,""HasRelease"":true}]"
central-early-r10-s2-current-virtual,4,london-pod-066,london-pod-025,88620,89191,9.516666666666667,frontier-granted,london-link-067-ab-2,london-link-067-ab-2,226,226,6477.591469085851,6506.152005355631,6661.806437846037,6477.591469085851,6506.152005355631,"[{""ID"":""2:london-link-067-ab-2:7"",""Kind"":""track"",""Scope"":""held"",""InitialOwner"":""london-pod-107"",""InitialClass"":""ancestor"",""ReleaseAt"":8868.815738596513,""Remaining"":12,""HasRelease"":true},{""ID"":""2:london-link-067-ab-2:8"",""Kind"":""track"",""Scope"":""requested"",""InitialOwner"":""london-pod-083"",""InitialClass"":""unrelated"",""ReleaseAt"":8348.961372904165,""Remaining"":16.321198342167918,""HasRelease"":true}]"
central-early-r10-s2-current-virtual,5,london-pod-003,london-pod-066,88692,89191,8.316666666666666,frontier-granted,london-link-067-ab-2,london-link-067-ab-2,266,266,7593.818167420754,7622.378703690535,7778.03313618094,7593.818167420754,7622.378703690535,"[{""ID"":""2:london-link-067-ab-2:6"",""Kind"":""track"",""Scope"":""held"",""InitialOwner"":""london-pod-066"",""InitialClass"":""predecessor"",""ReleaseAt"":6461.03093281607,""Remaining"":13.753655275175333,""HasRelease"":true},{""ID"":""2:london-link-067-ab-2:7"",""Kind"":""track"",""Scope"":""held"",""InitialOwner"":""london-pod-107"",""InitialClass"":""ancestor"",""ReleaseAt"":8868.815738596513,""Remaining"":12,""HasRelease"":true},{""ID"":""2:london-link-067-ab-2:8"",""Kind"":""track"",""Scope"":""requested"",""InitialOwner"":""london-pod-083"",""InitialClass"":""unrelated"",""ReleaseAt"":8348.961372904165,""Remaining"":16.321198342167918,""HasRelease"":true}]"
central-early-r10-s2-current-virtual,6,london-pod-068,london-pod-078,90414,91097,11.383333333333333,frontier-granted,london-link-067-ab-2,london-link-067-ab-2,207,207,5927.59600514343,5956.156541413211,6041.838150222554,5927.59600514343,5956.156541413211,"[{""ID"":""2:london-link-067-ab-2:5"",""Kind"":""track"",""Scope"":""held"",""InitialOwner"":""london-pod-078"",""InitialClass"":""predecessor"",""ReleaseAt"":8338.279764094821,""Remaining"":12,""HasRelease"":true},{""ID"":""2:london-link-067-ab-2:6"",""Kind"":""track"",""Scope"":""requested"",""InitialOwner"":""london-pod-003"",""InitialClass"":""unrelated"",""ReleaseAt"":7577.257631150974,""Remaining"":0.3502147778754079,""HasRelease"":true}]"
central-early-r10-s2-current-virtual,7,london-pod-084,london-pod-068,90540,91097,9.283333333333333,frontier-granted,london-link-067-ab-2,london-link-067-ab-2,264,264,7536.697094881193,7565.257631150974,7650.939239960317,7536.697094881193,7565.257631150974,"[{""ID"":""2:london-link-067-ab-2:5"",""Kind"":""track"",""Scope"":""held"",""InitialOwner"":""london-pod-078"",""InitialClass"":""ancestor"",""ReleaseAt"":8338.279764094821,""Remaining"":12,""HasRelease"":true},{""ID"":""2:london-link-067-ab-2:6"",""Kind"":""track"",""Scope"":""requested"",""InitialOwner"":""london-pod-003"",""InitialClass"":""unrelated"",""ReleaseAt"":7577.257631150974,""Remaining"":0.3502147778754079,""HasRelease"":true}]"
central-early-r10-s2-current-virtual,8,london-pod-010,london-pod-084,91854,91921,1.1166666666666667,frontier-granted,london-link-067-ab-2,london-link-067-ab-2,372,372,10433.78951070284,10462.35004697262,10519.471119512182,10433.78951070284,10462.35004697262,"[{""ID"":""2:london-link-067-ab-2:5"",""Kind"":""track"",""Scope"":""held"",""InitialOwner"":""london-pod-084"",""InitialClass"":""predecessor"",""ReleaseAt"":7548.697094881193,""Remaining"":7.7456914735139435,""HasRelease"":true},{""ID"":""2:london-link-067-ab-2:6"",""Kind"":""track"",""Scope"":""held"",""InitialOwner"":""london-pod-078"",""InitialClass"":""ancestor"",""ReleaseAt"":8366.840300364602,""Remaining"":12,""HasRelease"":true},{""ID"":""2:london-link-067-ab-2:7"",""Kind"":""track"",""Scope"":""requested"",""InitialOwner"":""london-pod-003"",""InitialClass"":""unrelated"",""ReleaseAt"":7605.818167420754,""Remaining"":0.3488258889901772,""HasRelease"":true}]"
central-early-r10-s2-current-virtual,9,london-pod-015,london-pod-030,94668,95508,14.0,frontier-granted,london-link-067-ab-2,london-link-067-ab-2,330,330,9461.553138861937,9490.113675131717,9674.328643891902,9461.553138861937,9490.113675131717,"[{""ID"":""2:london-link-067-ab-2:6"",""Kind"":""track"",""Scope"":""held"",""InitialOwner"":""london-pod-030"",""InitialClass"":""predecessor"",""ReleaseAt"":7502.257631150974,""Remaining"":12,""HasRelease"":true},{""ID"":""2:london-link-067-ab-2:7"",""Kind"":""track"",""Scope"":""requested"",""InitialOwner"":""london-pod-084"",""InitialClass"":""unrelated"",""ReleaseAt"":7605.818167420754,""Remaining"":7.7456914735103055,""HasRelease"":true}]"
central-early-r10-s2-current-virtual,10,london-pod-076,london-pod-015,96228,97209,16.35,frontier-granted,london-link-067-ab-2,london-link-067-ab-2,226,226,6477.591469085851,6506.152005355631,6661.806437846037,6477.591469085851,6506.152005355631,"[{""ID"":""2:london-link-067-ab-2:7"",""Kind"":""track"",""Scope"":""held"",""InitialOwner"":""london-pod-030"",""InitialClass"":""ancestor"",""ReleaseAt"":7530.818167420754,""Remaining"":12,""HasRelease"":true},{""ID"":""2:london-link-067-ab-2:8"",""Kind"":""track"",""Scope"":""requested"",""InitialOwner"":""london-pod-010"",""InitialClass"":""unrelated"",""ReleaseAt"":10502.910583242401,""Remaining"":11.129338310876847,""HasRelease"":true}]"
central-early-r10-s2-current-virtual,11,london-pod-074,london-pod-076,96894,97209,5.25,frontier-granted,london-link-067-ab-2,london-link-067-ab-2,263,263,7518.818167420754,7547.378703690535,7703.03313618094,7518.818167420754,7547.378703690535,"[{""ID"":""2:london-link-067-ab-2:6"",""Kind"":""track"",""Scope"":""held"",""InitialOwner"":""london-pod-076"",""InitialClass"":""predecessor"",""ReleaseAt"":6461.03093281607,""Remaining"":10.749888639537858,""HasRelease"":true},{""ID"":""2:london-link-067-ab-2:7"",""Kind"":""track"",""Scope"":""held"",""InitialOwner"":""london-pod-030"",""InitialClass"":""ancestor"",""ReleaseAt"":7530.818167420754,""Remaining"":12,""HasRelease"":true},{""ID"":""2:london-link-067-ab-2:8"",""Kind"":""track"",""Scope"":""requested"",""InitialOwner"":""london-pod-010"",""InitialClass"":""unrelated"",""ReleaseAt"":10502.910583242401,""Remaining"":7.7456914735103055,""HasRelease"":true}]"
central-early-r10-s2-current-virtual,12,london-pod-046,london-pod-087,98862,99724,14.366666666666667,frontier-granted,london-link-067-ab-2,london-link-067-ab-2,211,211,6031.156541413211,6059.717077682992,6243.932046443178,6031.156541413211,6059.717077682992,"[{""ID"":""2:london-link-067-ab-2:6"",""Kind"":""track"",""Scope"":""held"",""InitialOwner"":""london-pod-087"",""InitialClass"":""predecessor"",""ReleaseAt"":5968.156541413211,""Remaining"":12,""HasRelease"":true},{""ID"":""2:london-link-067-ab-2:7"",""Kind"":""track"",""Scope"":""requested"",""InitialOwner"":""london-pod-076"",""InitialClass"":""unrelated"",""ReleaseAt"":6489.591469085851,""Remaining"":10.749888639536039,""HasRelease"":true}]"
central-early-r10-s2-current-virtual,13,london-pod-091,london-pod-046,100428,101384,15.933333333333334,frontier-granted,london-link-067-ab-2,london-link-067-ab-2,250,250,7177.281563043576,7205.842099313357,7361.496531803762,7177.281563043576,7205.842099313357,"[{""ID"":""2:london-link-067-ab-2:7"",""Kind"":""track"",""Scope"":""held"",""InitialOwner"":""london-pod-087"",""InitialClass"":""ancestor"",""ReleaseAt"":5996.717077682992,""Remaining"":12,""HasRelease"":true},{""ID"":""2:london-link-067-ab-2:8"",""Kind"":""track"",""Scope"":""requested"",""InitialOwner"":""london-pod-074"",""InitialClass"":""unrelated"",""ReleaseAt"":7559.378703690535,""Remaining"":12.496638534510566,""HasRelease"":true}]"
central-early-r10-s2-current-virtual,14,london-pod-040,london-pod-091,101286,101384,1.6333333333333333,frontier-granted,london-link-067-ab-2,london-link-067-ab-2,263,263,7518.818167420754,7547.378703690535,7703.03313618094,7518.818167420754,7547.378703690535,"[{""ID"":""2:london-link-067-ab-2:6"",""Kind"":""track"",""Scope"":""held"",""InitialOwner"":""london-pod-091"",""InitialClass"":""predecessor"",""ReleaseAt"":7160.7210267737955,""Remaining"":10.749888639538767,""HasRelease"":true},{""ID"":""2:london-link-067-ab-2:7"",""Kind"":""track"",""Scope"":""held"",""InitialOwner"":""london-pod-087"",""InitialClass"":""ancestor"",""ReleaseAt"":5996.717077682992,""Remaining"":12,""HasRelease"":true},{""ID"":""2:london-link-067-ab-2:8"",""Kind"":""track"",""Scope"":""requested"",""InitialOwner"":""london-pod-074"",""InitialClass"":""unrelated"",""ReleaseAt"":7559.378703690535,""Remaining"":5.934936645807284,""HasRelease"":true}]"
central-early-r10-s2-current-virtual,15,london-pod-031,london-pod-008,103326,103848,8.7,frontier-granted,london-link-067-ab-2,london-link-067-ab-2,228,228,6524.03093281607,6552.591469085851,6736.806437846037,6524.03093281607,6552.591469085851,"[{""ID"":""2:london-link-067-ab-2:6"",""Kind"":""track"",""Scope"":""held"",""InitialOwner"":""london-pod-008"",""InitialClass"":""predecessor"",""ReleaseAt"":10271.748490005422,""Remaining"":12,""HasRelease"":true},{""ID"":""2:london-link-067-ab-2:7"",""Kind"":""track"",""Scope"":""requested"",""InitialOwner"":""london-pod-091"",""InitialClass"":""unrelated"",""ReleaseAt"":7189.281563043576,""Remaining"":10.749888639538767,""HasRelease"":true}]"
central-early-r10-s2-current-virtual,16,london-pod-079,london-pod-031,104586,105507,15.35,frontier-granted,london-link-067-ab-2,london-link-067-ab-2,288,288,8176.0221099089285,8204.58264617871,8360.237078669114,8176.0221099089285,8204.58264617871,"[{""ID"":""2:london-link-067-ab-2:7"",""Kind"":""track"",""Scope"":""held"",""InitialOwner"":""london-pod-008"",""InitialClass"":""ancestor"",""ReleaseAt"":10300.309026275203,""Remaining"":12,""HasRelease"":true},{""ID"":""2:london-link-067-ab-2:8"",""Kind"":""track"",""Scope"":""requested"",""InitialOwner"":""london-pod-040"",""InitialClass"":""unrelated"",""ReleaseAt"":7559.378703690535,""Remaining"":11.801675687433999,""HasRelease"":true}]"
central-early-r10-s2-current-virtual,17,london-pod-053,london-pod-079,105366,105507,2.35,frontier-granted,london-link-067-ab-2,london-link-067-ab-2,298,298,8383.400836634384,8411.961372904165,8567.61580539457,8383.400836634384,8411.961372904165,"[{""ID"":""2:london-link-067-ab-2:7"",""Kind"":""track"",""Scope"":""held"",""InitialOwner"":""london-pod-008"",""InitialClass"":""ancestor"",""ReleaseAt"":10300.309026275203,""Remaining"":12,""HasRelease"":true},{""ID"":""2:london-link-067-ab-2:6"",""Kind"":""track"",""Scope"":""held"",""InitialOwner"":""london-pod-079"",""InitialClass"":""predecessor"",""ReleaseAt"":8159.461573639148,""Remaining"":10.749888639537858,""HasRelease"":true},{""ID"":""2:london-link-067-ab-2:8"",""Kind"":""track"",""Scope"":""requested"",""InitialOwner"":""london-pod-040"",""InitialClass"":""unrelated"",""ReleaseAt"":7559.378703690535,""Remaining"":8.560229697225623,""HasRelease"":true}]"
central-early-r10-s2-current-virtual,18,london-pod-075,london-pod-023,106548,107972,23.733333333333334,frontier-granted,london-link-067-ab-2,london-link-067-ab-2,208,208,5956.156541413211,5984.717077682992,6041.838150222554,5956.156541413211,5984.717077682992,"[{""ID"":""2:london-link-067-ab-2:6"",""Kind"":""track"",""Scope"":""held"",""InitialOwner"":""london-pod-023"",""InitialClass"":""predecessor"",""ReleaseAt"":8234.461573639148,""Remaining"":12,""HasRelease"":true},{""ID"":""2:london-link-067-ab-2:7"",""Kind"":""track"",""Scope"":""requested"",""InitialOwner"":""london-pod-079"",""InitialClass"":""unrelated"",""ReleaseAt"":8188.0221099089285,""Remaining"":10.749888639539677,""HasRelease"":true}]"
central-early-r10-s2-current-virtual,19,london-pod-092,london-pod-075,106644,107972,22.133333333333333,frontier-granted,london-link-067-ab-2,london-link-067-ab-2,262,262,7490.257631150974,7518.818167420754,7575.939239960317,7490.257631150974,7518.818167420754,"[{""ID"":""2:london-link-067-ab-2:6"",""Kind"":""track"",""Scope"":""held"",""InitialOwner"":""london-pod-023"",""InitialClass"":""ancestor"",""ReleaseAt"":8234.461573639148,""Remaining"":12,""HasRelease"":true},{""ID"":""2:london-link-067-ab-2:7"",""Kind"":""track"",""Scope"":""requested"",""InitialOwner"":""london-pod-079"",""InitialClass"":""unrelated"",""ReleaseAt"":8188.0221099089285,""Remaining"":10.749888639539677,""HasRelease"":true}]"
central-early-r10-s2-current-virtual,20,london-pod-056,london-pod-092,107550,107972,7.033333333333333,frontier-granted,london-link-067-ab-2,london-link-067-ab-2,294,294,8279.840300364602,8308.400836634384,8365.521909173945,8279.840300364602,8308.400836634384,"[{""ID"":""2:london-link-067-ab-2:5"",""Kind"":""track"",""Scope"":""held"",""InitialOwner"":""london-pod-092"",""InitialClass"":""predecessor"",""ReleaseAt"":7473.697094881193,""Remaining"":7.7456914735121245,""HasRelease"":true},{""ID"":""2:london-link-067-ab-2:6"",""Kind"":""track"",""Scope"":""held"",""InitialOwner"":""london-pod-023"",""InitialClass"":""ancestor"",""ReleaseAt"":8234.461573639148,""Remaining"":12,""HasRelease"":true},{""ID"":""2:london-link-067-ab-2:7"",""Kind"":""track"",""Scope"":""requested"",""InitialOwner"":""london-pod-079"",""InitialClass"":""unrelated"",""ReleaseAt"":8188.0221099089285,""Remaining"":10.71130658646689,""HasRelease"":true}]"
central-early-r10-s2-current-virtual,21,london-pod-043,london-pod-059,109590,109991,6.683333333333334,frontier-granted,london-link-067-ab-2,london-link-067-ab-2,261,261,7461.697094881193,7490.257631150974,7703.03313618094,7461.697094881193,7490.257631150974,"[{""ID"":""2:london-link-067-ab-2:5"",""Kind"":""track"",""Scope"":""held"",""InitialOwner"":""london-pod-059"",""InitialClass"":""predecessor"",""ReleaseAt"":11296.589773185402,""Remaining"":12,""HasRelease"":true},{""ID"":""2:london-link-067-ab-2:6"",""Kind"":""track"",""Scope"":""requested"",""InitialOwner"":""london-pod-092"",""InitialClass"":""unrelated"",""ReleaseAt"":7502.257631150974,""Remaining"":7.7456914735121245,""HasRelease"":true}]"
central-early-r10-s2-current-virtual,22,london-pod-033,london-pod-043,110760,112005,20.75,frontier-granted,london-link-067-ab-2,london-link-067-ab-2,249,249,7148.7210267737955,7177.281563043576,7361.496531803762,7148.7210267737955,7177.281563043576,"[{""ID"":""2:london-link-067-ab-2:6"",""Kind"":""track"",""Scope"":""held"",""InitialOwner"":""london-pod-059"",""InitialClass"":""ancestor"",""ReleaseAt"":11325.150309455183,""Remaining"":12,""HasRelease"":true},{""ID"":""2:london-link-067-ab-2:7"",""Kind"":""track"",""Scope"":""requested"",""InitialOwner"":""london-pod-092"",""InitialClass"":""unrelated"",""ReleaseAt"":7530.818167420754,""Remaining"":7.7456914735121245,""HasRelease"":true}]"
central-early-r10-s2-current-virtual,23,london-pod-113,london-pod-033,111654,112005,5.85,frontier-granted,london-link-067-ab-2,london-link-067-ab-2,404,404,11604.807364686169,11633.36790095595,11817.582869716134,11604.807364686169,11633.36790095595,"[{""ID"":""2:london-link-067-ab-2:6"",""Kind"":""track"",""Scope"":""held"",""InitialOwner"":""london-pod-059"",""InitialClass"":""ancestor"",""ReleaseAt"":11325.150309455183,""Remaining"":12,""HasRelease"":true},{""ID"":""2:london-link-067-ab-2:5"",""Kind"":""track"",""Scope"":""held"",""InitialOwner"":""london-pod-033"",""InitialClass"":""predecessor"",""ReleaseAt"":7132.160490504015,""Remaining"":10.749888639537858,""HasRelease"":true},{""ID"":""2:london-link-067-ab-2:7"",""Kind"":""track"",""Scope"":""requested"",""InitialOwner"":""london-pod-092"",""InitialClass"":""unrelated"",""ReleaseAt"":7530.818167420754,""Remaining"":7.743239132644703,""HasRelease"":true}]"
central-early-r10-s2-current-virtual,24,london-pod-054,london-pod-021,113106,114156,17.5,frontier-granted,london-link-067-ab-2,london-link-067-ab-2,200,200,5583.21787535866,5611.778411628441,5824.553916658408,5583.21787535866,5611.778411628441,"[{""ID"":""2:london-link-067-ab-2:5"",""Kind"":""track"",""Scope"":""held"",""InitialOwner"":""london-pod-021"",""InitialClass"":""predecessor"",""ReleaseAt"":8263.279764094821,""Remaining"":12,""HasRelease"":true},{""ID"":""2:london-link-067-ab-2:6"",""Kind"":""track"",""Scope"":""requested"",""InitialOwner"":""london-pod-033"",""InitialClass"":""unrelated"",""ReleaseAt"":7160.7210267737955,""Remaining"":10.749888639539677,""HasRelease"":true}]"
central-early-r10-s2-current-virtual,25,london-pod-114,london-pod-093,113718,114697,16.316666666666666,frontier-granted,london-link-067-ab-2,london-link-067-ab-2,405,405,11622.686292146607,11651.246828416388,11765.48897349551,11622.686292146607,11651.246828416388,"[{""ID"":""2:london-link-067-ab-2:4"",""Kind"":""track"",""Scope"":""held"",""InitialOwner"":""london-pod-093"",""InitialClass"":""predecessor"",""ReleaseAt"":8102.340501099586,""Remaining"":12,""HasRelease"":true},{""ID"":""2:london-link-067-ab-2:5"",""Kind"":""track"",""Scope"":""requested"",""InitialOwner"":""london-pod-021"",""InitialClass"":""unrelated"",""ReleaseAt"":8263.279764094821,""Remaining"":12,""HasRelease"":true}]"
central-early-r10-s2-current-virtual,26,london-pod-048,london-pod-114,113808,114697,14.816666666666666,frontier-granted,london-link-067-ab-2,london-link-067-ab-2,260,260,7433.136558611412,7461.697094881193,7575.939239960317,7433.136558611412,7461.697094881193,"[{""ID"":""2:london-link-067-ab-2:4"",""Kind"":""track"",""Scope"":""held"",""InitialOwner"":""london-pod-093"",""InitialClass"":""ancestor"",""ReleaseAt"":8102.340501099586,""Remaining"":12,""HasRelease"":true},{""ID"":""2:london-link-067-ab-2:5"",""Kind"":""track"",""Scope"":""requested"",""InitialOwner"":""london-pod-021"",""InitialClass"":""unrelated"",""ReleaseAt"":8263.279764094821,""Remaining"":12,""HasRelease"":true}]"
central-early-r10-s2-current-virtual,27,london-pod-004,london-pod-045,114666,114893,3.783333333333333,frontier-granted,london-link-067-ab-2,london-link-067-ab-2,290,290,8165.598155285479,8194.15869155526,8492.61580539457,8165.598155285479,8194.15869155526,"[{""ID"":""2:london-link-067-ab-2:2"",""Kind"":""track"",""Scope"":""held"",""InitialOwner"":""london-pod-045"",""InitialClass"":""predecessor"",""ReleaseAt"":8252.59815528548,""Remaining"":12,""HasRelease"":true},{""ID"":""2:london-link-067-ab-2:3"",""Kind"":""track"",""Scope"":""requested"",""InitialOwner"":""london-pod-048"",""InitialClass"":""unrelated"",""ReleaseAt"":7416.576022341631,""Remaining"":7.745691473509396,""HasRelease"":true}]"
central-early-r10-s2-current-virtual,28,london-pod-067,london-pod-062,119028,119157,2.15,frontier-granted,london-link-067-ab-2,london-link-067-ab-2,294,294,8269.15869155526,8297.71922782504,8567.61580539457,8269.15869155526,8297.71922782504,"[{""ID"":""2:london-link-067-ab-2:3"",""Kind"":""track"",""Scope"":""held"",""InitialOwner"":""london-pod-062"",""InitialClass"":""predecessor"",""ReleaseAt"":8203.180389668674,""Remaining"":12,""HasRelease"":true},{""ID"":""2:london-link-067-ab-2:4"",""Kind"":""track"",""Scope"":""requested"",""InitialOwner"":""london-pod-004"",""InitialClass"":""unrelated"",""ReleaseAt"":8234.71922782504,""Remaining"":2.073682987851498,""HasRelease"":true}]"
central-early-r10-s2-current-virtual,29,london-pod-022,london-pod-067,120114,120886,12.866666666666667,frontier-granted,london-link-067-ab-2,london-link-067-ab-2,292,292,8222.71922782504,8251.279764094821,8492.61580539457,8222.71922782504,8251.279764094821,"[{""ID"":""2:london-link-067-ab-2:4"",""Kind"":""track"",""Scope"":""held"",""InitialOwner"":""london-pod-062"",""InitialClass"":""ancestor"",""ReleaseAt"":8231.740925938455,""Remaining"":12,""HasRelease"":true},{""ID"":""2:london-link-067-ab-2:5"",""Kind"":""track"",""Scope"":""requested"",""InitialOwner"":""london-pod-045"",""InitialClass"":""unrelated"",""ReleaseAt"":8338.279764094821,""Remaining"":12,""HasRelease"":true}]"
central-early-r10-s2-current-virtual,30,london-pod-097,london-pod-022,121638,122369,12.183333333333334,frontier-granted,london-link-067-ab-2,london-link-067-ab-2,261,261,7461.697094881193,7490.257631150974,7703.03313618094,7461.697094881193,7490.257631150974,"[{""ID"":""2:london-link-067-ab-2:5"",""Kind"":""track"",""Scope"":""held"",""InitialOwner"":""london-pod-062"",""InitialClass"":""ancestor"",""ReleaseAt"":8260.301462208236,""Remaining"":12,""HasRelease"":true},{""ID"":""2:london-link-067-ab-2:4"",""Kind"":""track"",""Scope"":""held"",""InitialOwner"":""london-pod-022"",""InitialClass"":""predecessor"",""ReleaseAt"":8234.71922782504,""Remaining"":10.74988863953513,""HasRelease"":true},{""ID"":""2:london-link-067-ab-2:6"",""Kind"":""track"",""Scope"":""requested"",""InitialOwner"":""london-pod-045"",""InitialClass"":""unrelated"",""ReleaseAt"":8366.840300364602,""Remaining"":12,""HasRelease"":true}]"
central-early-r10-s2-current-virtual,31,london-pod-098,london-pod-060,123450,123976,8.766666666666667,frontier-granted,london-link-067-ab-2,london-link-067-ab-2,260,260,7433.136558611412,7461.697094881193,7703.03313618094,7433.136558611412,7461.697094881193,"[{""ID"":""2:london-link-067-ab-2:4"",""Kind"":""track"",""Scope"":""held"",""InitialOwner"":""london-pod-060"",""InitialClass"":""predecessor"",""ReleaseAt"":5641.657339088879,""Remaining"":12,""HasRelease"":true},{""ID"":""2:london-link-067-ab-2:5"",""Kind"":""track"",""Scope"":""requested"",""InitialOwner"":""london-pod-022"",""InitialClass"":""unrelated"",""ReleaseAt"":8263.279764094821,""Remaining"":10.749888639536948,""HasRelease"":true}]"
