project,phase,source_commit,nominal_rate,artifact,tick_checks,accounting_samples,pattern,demand_profile,demand_band,request_every_seconds,offered_per_minute,burst_size,seed,policy,shared_ride_party_limit,sharing_mode,shared_parties,full_pod_refusals,full_departures,departure_backlog,departures_demand_over_four,departures_over_four_aboard,join_eligible_assigned,join_eligible_existing_stop,join_eligible_added_stop_only,reassigned_parties,routing_policy,platoon_policy,focus_station,window_start_seconds,window_end_seconds,actual_end_seconds,arrival_window_seconds,arrival_end_seconds,schedule_id,scheduled,served,remaining,skipped,completed_at_arrival_end,backlog_at_arrival_end,arrival_throughput_per_minute,completed_at_arrival_midpoint,backlog_at_arrival_midpoint,late_arrival_throughput_per_minute,late_backlog_change,drained,drain_seconds,peak_pending,peak_outstanding,peak_active_vehicles,peak_passenger_vehicles,peak_stopped_vehicles,peak_focus_approaching,peak_focus_entrance_stopped,peak_focus_exit_stopped,peak_focus_occupied_berths,peak_focus_reserved_empty_berths,stopped_pod_seconds,junction_wait_seconds,track_wait_seconds,peak_node_throughput_per_minute,peak_node,queue_cleared,queue_clear_seconds,wait_average_seconds,wait_maximum_seconds,wait_p95_seconds,journey_average_seconds,journey_p95_seconds,journey_maximum_seconds,passenger_distance_meters,empty_distance_meters,loaded_distance_percent,occupancy,rider_distance_meters,direct_distance_meters,detour_ratio_mean,detour_ratio_max,intermediate_stops,positioning_moves,coupled_time_percent
london114.json,default-am-control,c804c000282937a9e432d728ff24f126fee595b1,13,raw/followup/london114-am-peak-r13-s1-off.json,215700,3595,profile,tfl-numbat-2019-midweek,am-peak,4.615385,13.033333333333333,1,1,off,1,destination,0,0,0,0,0,0,0,0,0,0,free-flow,off,940GZZLUEUS,0,3900,3595,1800,1798.6,ea9a92c10a2e02f6,391,391,0,0,232,159,7.733333333333333,82,113,10,46,true,1795,93,164,114,74,3,6,1,1,2,2,388,301,75,5,london-link-020-a-departure,true,1260.4,308.74744245524295,1283.3333333333333,767.9333333333333,707.0727621483376,1389.6333333333334,1818.5833333333333,2100429.6755467206,1533122.7203174771,57.806505774830256,1,2100429.6753855934,2100429.6753855934,1,1,0,0,0
london114.json,default-am-control,c804c000282937a9e432d728ff24f126fee595b1,13,raw/followup/london114-am-peak-r13-s1-virtual.json,212400,3540,profile,tfl-numbat-2019-midweek,am-peak,4.615385,13.033333333333333,1,1,off,1,destination,0,0,0,0,0,0,0,0,0,0,free-flow,virtual,940GZZLUEUS,0,3900,3540,1800,1798.6,ea9a92c10a2e02f6,391,391,0,0,232,159,7.733333333333333,82,113,10,46,true,1740,95,163,114,74,3,6,1,1,2,2,407,323,72,5,london-link-020-a-departure,true,1001.4,304.7790281329923,1024.2,758.15,703.1728047740835,1348.9166666666667,1800.9,2100879.6755468496,1508806.5179320513,58.201172150149944,1,2100879.6753855934,2100879.6753855934,1,1,0,0,0.031783629160723005
london114.json,default-am-control,c804c000282937a9e432d728ff24f126fee595b1,13,raw/followup/london114-am-peak-r13-s2-off.json,204660,3411,profile,tfl-numbat-2019-midweek,am-peak,4.615385,13.033333333333333,1,2,off,1,destination,0,0,0,0,0,0,0,0,0,0,free-flow,off,940GZZLUEUS,0,3900,3411,1800,1798.6,0e4f347011d2dd56,391,391,0,0,230,161,7.666666666666667,72,123,10.533333333333333,38,true,1611,97,162,114,74,4,5,0,1,1,2,488,383,104,6,london-link-020-a-departure,true,927.4,325.4648763853367,1090.2833333333333,769.1666666666666,720.3491048593351,1372.1166666666666,1927.9166666666667,2083163.0083247088,1471440.9382980585,58.60464455692522,1,2083163.0081689255,2083163.0081689255,1,1,0,0,0
london114.json,default-am-control,c804c000282937a9e432d728ff24f126fee595b1,13,raw/followup/london114-am-peak-r13-s2-virtual.json,212880,3548,profile,tfl-numbat-2019-midweek,am-peak,4.615385,13.033333333333333,1,2,off,1,destination,0,0,0,0,0,0,0,0,0,0,free-flow,virtual,940GZZLUEUS,0,3900,3548,1800,1798.6,0e4f347011d2dd56,391,391,0,0,230,161,7.666666666666667,72,123,10.533333333333333,38,true,1748,97,162,114,74,4,5,0,0,1,2,454,370,83,6,london-link-020-a-departure,true,950.4,327.7757885763001,1102,770.7166666666667,722.7248081841433,1363.0666666666666,1927.9166666666667,2083313.0083240627,1509839.5269724322,57.98008817769699,1,2083313.0081689255,2083313.0081689255,1,1,0,0,0.32013018120432823
london114.json,default-am-control,c804c000282937a9e432d728ff24f126fee595b1,13,raw/followup/london114-am-peak-r13-s3-off.json,203400,3390,profile,tfl-numbat-2019-midweek,am-peak,4.615385,13.033333333333333,1,3,off,1,destination,0,0,0,0,0,0,0,0,0,0,free-flow,off,940GZZLUEUS,0,3900,3390,1800,1798.6,629b0a4814791cff,391,391,0,0,234,157,7.8,77,118,10.466666666666667,39,true,1590,96,163,114,72,3,3,0,1,1,2,485,369,116,6,london-link-031-b-departure,true,1017.4,317.2375106564365,1047.25,730.0833333333334,705.4113810741687,1325.2166666666667,1878.55,2044836.3478767108,1551276.1851225628,56.86241265011948,1,2044836.3477302105,2044836.3477302105,1,1,0,0,0
london114.json,default-am-control,c804c000282937a9e432d728ff24f126fee595b1,13,raw/followup/london114-am-peak-r13-s3-virtual.json,204960,3416,profile,tfl-numbat-2019-midweek,am-peak,4.615385,13.033333333333333,1,3,off,1,destination,0,0,0,0,0,0,0,0,0,0,free-flow,virtual,940GZZLUEUS,0,3900,3416,1800,1798.6,629b0a4814791cff,391,391,0,0,237,154,7.9,77,118,10.666666666666666,36,true,1616,96,163,114,73,3,3,0,1,1,2,420,349,71,6,london-link-030-a-departure,true,865.4,317.76675191815855,1089.95,775.6833333333333,706.0934356351236,1351.7,1858.3166666666666,2045136.3478772412,1545018.4074635804,56.96513067674409,1,2045136.3477302103,2045136.3477302103,1,1,0,0,0.3281219107873405
london114.json,default-am-control,c804c000282937a9e432d728ff24f126fee595b1,12,raw/followup/london114-am-peak-r12-s1-off.json,205980,3433,profile,tfl-numbat-2019-midweek,am-peak,5,11.966666666666667,1,1,off,1,destination,0,0,0,0,0,0,0,0,0,0,free-flow,off,940GZZLUEUS,0,3900,3433,1800,1795,03cdebea63353488,359,359,0,0,222,137,7.4,77,102,9.666666666666666,35,true,1633,71,138,114,73,3,6,0,1,2,2,423,354,69,5,london-link-022-a-departure,true,868,240.81234911792015,971.1166666666667,612.65,637.4911792014856,1238.2333333333333,1807.6,1920763.5138025538,1361226.496433395,58.52435588810541,1,1920763.5136882411,1920763.5136882411,1,1,0,0,0
london114.json,default-am-control,c804c000282937a9e432d728ff24f126fee595b1,12,raw/followup/london114-am-peak-r12-s1-virtual.json,205980,3433,profile,tfl-numbat-2019-midweek,am-peak,5,11.966666666666667,1,1,off,1,destination,0,0,0,0,0,0,0,0,0,0,free-flow,virtual,940GZZLUEUS,0,3900,3433,1800,1795,03cdebea63353488,359,359,0,0,222,137,7.4,77,102,9.666666666666666,35,true,1633,75,138,114,73,3,6,0,1,2,2,412,337,75,5,london-link-022-a-departure,true,909,245.105617455896,971.1166666666667,663.3,641.7124419684308,1238.2333333333333,1807.6,1920838.5138022362,1371235.737895079,58.34736299802162,1,1920838.5136882411,1920838.5136882411,1,1,0,0,0.6137335318291333
london114.json,default-am-control,c804c000282937a9e432d728ff24f126fee595b1,12,raw/followup/london114-am-peak-r12-s2-off.json,180900,3015,profile,tfl-numbat-2019-midweek,am-peak,5,11.966666666666667,1,2,off,1,destination,0,0,0,0,0,0,0,0,0,0,free-flow,off,940GZZLUEUS,0,3900,3015,1800,1795,1ce863a45082331f,359,359,0,0,236,123,7.866666666666666,67,112,11.266666666666667,11,true,1215,63,131,114,82,3,3,0,0,1,2,387,319,68,5,london-link-020-b-arrival,true,656,230.5188486536676,982.25,588.2,623.0101207056639,1220.5833333333333,1674.1666666666667,1898188.4428760216,1181530.4835868196,61.63511957424483,1,1898188.442767855,1898188.442767855,1,1,0,0,0
london114.json,default-am-control,c804c000282937a9e432d728ff24f126fee595b1,12,raw/followup/london114-am-peak-r12-s2-virtual.json,208320,3472,profile,tfl-numbat-2019-midweek,am-peak,5,11.966666666666667,1,2,off,1,destination,0,0,0,0,0,0,0,0,0,0,free-flow,virtual,940GZZLUEUS,0,3900,3472,1800,1795,1ce863a45082331f,359,359,0,0,236,123,7.866666666666666,67,112,11.266666666666667,11,true,1672,63,131,114,82,3,3,0,0,1,2,365,307,58,5,london-link-017-a-arrival,true,878,231.44958217270195,982.25,597.9166666666666,623.858635097493,1220.5833333333333,1681.6,1897963.4428759275,1244064.4204026696,60.405684655369946,1,1897963.442767855,1897963.442767855,1,1,0,0,0.19107173875282266
london114.json,default-am-control,c804c000282937a9e432d728ff24f126fee595b1,12,raw/followup/london114-am-peak-r12-s3-off.json,190740,3179,profile,tfl-numbat-2019-midweek,am-peak,5,11.966666666666667,1,3,off,1,destination,0,0,0,0,0,0,0,0,0,0,free-flow,off,940GZZLUEUS,0,3900,3179,1800,1795,274627ca8e822360,359,359,0,0,233,126,7.766666666666667,75,104,10.533333333333333,22,true,1379,66,133,114,73,5,3,0,0,1,2,782,577,204,7,london-link-048-a-departure,true,742,237.50064995357474,850.8833333333333,589.6833333333333,630.1487465181058,1236.9666666666667,1536.3166666666666,1897410.79081745,1318387.2978676918,59.0027961485994,1,1897410.7907085281,1897410.7907085281,1,1,0,0,0
london114.json,default-am-control,c804c000282937a9e432d728ff24f126fee595b1,12,raw/followup/london114-am-peak-r12-s3-virtual.json,198000,3300,profile,tfl-numbat-2019-midweek,am-peak,5,11.966666666666667,1,3,off,1,destination,0,0,0,0,0,0,0,0,0,0,free-flow,virtual,940GZZLUEUS,0,3900,3300,1800,1795,274627ca8e822360,359,359,0,0,234,125,7.8,75,104,10.6,21,true,1500,67,131,114,75,5,3,0,0,1,2,529,440,89,7,london-link-048-a-departure,true,592,236.49990714948933,850.8833333333333,597.1166666666667,628.8872794800371,1223.3,1564.3333333333333,1897635.7908179562,1327324.846186238,58.84213807275342,1,1897635.790708528,1897635.790708528,1,1,0,0,0.2766696420639386
london198.json,historical-controls,c804c000282937a9e432d728ff24f126fee595b1,24,raw/followup/london198-am-peak-r24-s1-off.json,205320,3422,profile,tfl-numbat-2019-midweek,am-peak,2.5,23.966666666666665,1,1,off,1,destination,0,0,0,0,0,0,0,0,0,0,free-flow,off,940GZZLUEUS,0,3900,3422,1800,1797.5,e8d0fbafd6a1e8e5,719,719,0,0,423,296,14.1,157,202,17.733333333333334,94,true,1622,175,296,198,131,7,5,1,1,2,2,2358,1775,575,7,london-link-048-a-departure,true,917.5,290.49040333796944,1041.4,753.95,694.6372971719982,1279.6,2026.1,3887664.5811601877,2703524.11257709,58.98275351840729,1,3887664.5805405085,3887664.5805405085,1,1,0,0,0
london198.json,historical-controls,c804c000282937a9e432d728ff24f126fee595b1,24,raw/followup/london198-am-peak-r24-s1-virtual.json,213960,3566,profile,tfl-numbat-2019-midweek,am-peak,2.5,23.966666666666665,1,1,off,1,destination,0,0,0,0,0,0,0,0,0,0,free-flow,virtual,940GZZLUEUS,0,3900,3566,1800,1797.5,e8d0fbafd6a1e8e5,719,719,0,0,425,294,14.166666666666666,157,202,17.866666666666667,92,true,1766,173,296,198,127,6,5,0,1,2,2,2003,1628,370,8,london-link-010-a-departure,true,948.5,292.1089244320816,1079.6333333333334,774.4833333333333,695.8175475197032,1341.9833333333333,2170.3,3885189.581158542,2723298.1909673237,58.790902171991554,1,3885189.5805405094,3885189.5805405094,1,1,0,0,1.3113261334131805
london198.json,historical-controls,c804c000282937a9e432d728ff24f126fee595b1,24,raw/followup/london198-am-peak-r24-s2-off.json,212820,3547,profile,tfl-numbat-2019-midweek,am-peak,2.5,23.966666666666665,1,2,off,1,destination,0,0,0,0,0,0,0,0,0,0,free-flow,off,940GZZLUEUS,0,3900,3547,1800,1797.5,d6c3dad379d00c9b,719,719,0,0,447,272,14.9,158,201,19.266666666666666,71,true,1747,155,274,198,137,6,7,1,2,2,2,2222,1573,637,6,940GZZLUWLO-01-departure,true,945.5,249.98249884098283,962.2333333333333,674.6333333333333,648.7780018544274,1204.4833333333333,1766.4666666666667,3835096.310420352,2562904.6835271763,59.942102448066684,1,3835096.309814501,3835096.309814501,1,1,0,0,0
london198.json,historical-controls,c804c000282937a9e432d728ff24f126fee595b1,24,raw/followup/london198-am-peak-r24-s2-virtual.json,221760,3696,profile,tfl-numbat-2019-midweek,am-peak,2.5,23.966666666666665,1,2,off,1,destination,0,0,0,0,0,0,0,0,0,0,free-flow,virtual,940GZZLUEUS,0,3900,3696,1800,1797.5,d6c3dad379d00c9b,719,719,0,0,449,270,14.966666666666667,158,201,19.4,69,true,1896,155,272,198,137,9,7,1,2,2,2,2225,1674,549,8,london-link-048-a-departure,true,1073.5,257.1709086694483,1123.0333333333333,678.15,655.862076958739,1257.6,1947.9333333333334,3834571.310419337,2635198.129096913,59.2690565910808,1,3834571.3098145016,3834571.3098145016,1,1,0,0,1.5624803905573474
london198.json,historical-controls,c804c000282937a9e432d728ff24f126fee595b1,24,raw/followup/london198-am-peak-r24-s3-off.json,208980,3483,profile,tfl-numbat-2019-midweek,am-peak,2.5,23.966666666666665,1,3,off,1,destination,0,0,0,0,0,0,0,0,0,0,free-flow,off,940GZZLUEUS,0,3900,3483,1800,1797.5,469f699a38cd4978,719,719,0,0,434,285,14.466666666666667,153,206,18.733333333333334,79,true,1683,176,287,198,133,7,6,1,1,2,2,2942,1983,952,7,london-link-048-a-departure,true,999.5,292.41863699582757,1058.7833333333333,753.0666666666667,689.0739916550765,1341.7,1694.7333333333333,3795952.4668273027,2708553.3890569224,58.35881388888809,1,3795952.4662321243,3795952.4662321243,1,1,0,0,0
london198.json,historical-controls,c804c000282937a9e432d728ff24f126fee595b1,24,raw/followup/london198-am-peak-r24-s3-virtual.json,207420,3457,profile,tfl-numbat-2019-midweek,am-peak,2.5,23.966666666666665,1,3,off,1,destination,0,0,0,0,0,0,0,0,0,0,free-flow,virtual,940GZZLUEUS,0,3900,3457,1800,1797.5,469f699a38cd4978,719,719,0,0,434,285,14.466666666666667,153,206,18.733333333333334,79,true,1657,172,286,198,135,6,7,1,1,2,2,2853,2300,548,8,london-link-087-a-arrival,true,951.5,283.66267964765876,1154.6333333333334,725.8166666666667,680.0210709318499,1293.9333333333334,1783.0166666666667,3793852.466825595,2687147.5009826613,58.53807260715972,1,3793852.4662321233,3793852.4662321233,1,1,0,0,1.546973756025615
london198.json,new-seeds,c804c000282937a9e432d728ff24f126fee595b1,24,raw/followup/london198-am-peak-r24-s4-off.json,220800,3680,profile,tfl-numbat-2019-midweek,am-peak,2.5,23.966666666666665,1,4,off,1,destination,0,0,0,0,0,0,0,0,0,0,free-flow,off,940GZZLUEUS,0,3900,3680,1800,1797.5,c4ee99c741ea3de1,719,719,0,0,407,312,13.566666666666666,142,217,17.666666666666668,95,true,1880,202,313,198,131,7,4,0,1,2,2,3094,2160,923,7,london-link-125-a-departure,true,1062.5,350.6555632823366,1134.1833333333334,795.45,764.2174084376448,1412.4666666666667,1983.1666666666667,3973062.4206546536,2886490.269628389,57.92013852860593,1,3973062.420013766,3973062.420013766,1,1,0,0,0
london198.json,new-seeds,c804c000282937a9e432d728ff24f126fee595b1,24,raw/followup/london198-am-peak-r24-s4-virtual.json,225300,3755,profile,tfl-numbat-2019-midweek,am-peak,2.5,23.966666666666665,1,4,off,1,destination,0,0,0,0,0,0,0,0,0,0,free-flow,virtual,940GZZLUEUS,0,3900,3755,1800,1797.5,c4ee99c741ea3de1,719,719,0,0,403,316,13.433333333333334,142,217,17.4,99,true,1955,204,316,198,127,11,4,0,1,2,2,3320,2317,1003,7,london-link-020-a-arrival,true,1143.5,357.16641168289294,1249.9666666666667,849.0666666666667,770.0405192396847,1443.75,2041.2333333333333,3975462.420654735,2931117.1222214955,57.56051017692561,1,3975462.420013766,3975462.420013766,1,1,0,0,1.1951504322134185
london198.json,new-seeds,c804c000282937a9e432d728ff24f126fee595b1,24,raw/followup/london198-am-peak-r24-s5-off.json,208620,3477,profile,tfl-numbat-2019-midweek,am-peak,2.5,23.966666666666665,1,5,off,1,destination,0,0,0,0,0,0,0,0,0,0,free-flow,off,940GZZLUEUS,0,3900,3477,1800,1797.5,3959bca6902951e3,719,719,0,0,414,305,13.8,142,217,18.133333333333333,88,true,1677,192,305,198,127,8,5,0,2,2,2,3959,2611,1344,7,london-link-048-a-departure,true,1158.5,334.8381548446917,1185.7333333333333,793.9833333333333,745.0178025034771,1357.4,1766.8166666666666,3925762.403345588,2830858.659893916,58.102450420141764,1,3925762.4027184155,3925762.4027184155,1,1,0,0,0
london198.json,new-seeds,c804c000282937a9e432d728ff24f126fee595b1,24,raw/followup/london198-am-peak-r24-s5-virtual.json,209400,3490,profile,tfl-numbat-2019-midweek,am-peak,2.5,23.966666666666665,1,5,off,1,destination,0,0,0,0,0,0,0,0,0,0,free-flow,virtual,940GZZLUEUS,0,3900,3490,1800,1797.5,3959bca6902951e3,719,719,0,0,417,302,13.9,142,217,18.333333333333332,85,true,1690,193,306,198,127,6,5,0,1,2,2,3225,2565,651,9,london-link-048-b-arrival,true,1143.5,330.2964765878535,1170.9166666666667,783.2333333333333,739.5142327306444,1339.7833333333333,1896.75,3924187.403344223,2796610.324789123,58.38871458543565,1,3924187.4027184146,3924187.4027184146,1,1,0,0,1.7718762117732625
london198.json,new-seeds,c804c000282937a9e432d728ff24f126fee595b1,24,raw/followup/london198-am-peak-r24-s6-off.json,231180,3853,profile,tfl-numbat-2019-midweek,am-peak,2.5,23.966666666666665,1,6,off,1,destination,0,0,0,0,0,0,0,0,0,0,free-flow,off,940GZZLUEUS,0,3900,3853,1800,1797.5,418ed5ecfb2d3012,719,719,0,0,420,299,14,154,205,17.733333333333334,94,true,2053,184,301,198,138,10,6,1,1,2,2,2586,1889,687,7,london-link-084-a-arrival,true,1364.5,307.42487250811314,1406.95,789.3666666666667,718.8520398701901,1340.8,2097.733333333333,3954237.3976498055,2779965.699297169,58.71871312349493,1,3954237.3970141667,3954237.3970141667,1,1,0,0,0
london198.json,new-seeds,c804c000282937a9e432d728ff24f126fee595b1,24,raw/followup/london198-am-peak-r24-s6-virtual.json,218100,3635,profile,tfl-numbat-2019-midweek,am-peak,2.5,23.966666666666665,1,6,off,1,destination,0,0,0,0,0,0,0,0,0,0,free-flow,virtual,940GZZLUEUS,0,3900,3635,1800,1797.5,418ed5ecfb2d3012,719,719,0,0,420,299,14,155,204,17.666666666666668,95,true,1835,181,299,198,136,7,5,0,2,2,2,2477,1990,481,7,london-link-050-a-departure,true,1099.5,305.68421418636996,1191.4,755.2666666666667,716.8508808530366,1333.8,2044.5,3955062.3976489725,2788880.676542078,58.64614149524668,1,3955062.397014167,3955062.397014167,1,1,0,0,1.6030571140554153
london198.json,new-seeds,c804c000282937a9e432d728ff24f126fee595b1,24,raw/followup/london198-am-peak-r24-s7-off.json,220800,3680,profile,tfl-numbat-2019-midweek,am-peak,2.5,23.966666666666665,1,7,off,1,destination,0,0,0,0,0,0,0,0,0,0,free-flow,off,940GZZLUEUS,0,3900,3680,1800,1797.5,650a3f38ae623149,719,719,0,0,422,297,14.066666666666666,150,209,18.133333333333333,88,true,1880,186,297,198,131,8,5,0,1,2,2,2793,2001,786,8,london-link-063-a-departure,true,1008.5,315.7887343532684,1178.2666666666667,777.4333333333333,710.8282104775151,1320.2833333333333,1894.5333333333333,3792968.741517823,2807020.2031166214,57.469319620624084,1,3792968.7409244934,3792968.7409244934,1,1,0,0,0
london198.json,new-seeds,c804c000282937a9e432d728ff24f126fee595b1,24,raw/followup/london198-am-peak-r24-s7-virtual.json,217260,3621,profile,tfl-numbat-2019-midweek,am-peak,2.5,23.966666666666665,1,7,off,1,destination,0,0,0,0,0,0,0,0,0,0,free-flow,virtual,940GZZLUEUS,0,3900,3621,1800,1797.5,650a3f38ae623149,719,719,0,0,431,288,14.366666666666667,150,209,18.733333333333334,79,true,1821,168,288,198,132,7,5,1,1,2,2,1865,1523,339,7,london-link-046-a-arrival,true,1148.5,298.2575799721836,1223.1166666666666,742.35,691.951019935095,1285.8166666666666,1835.35,3790943.741518292,2737092.4516567704,58.07173289697216,1,3790943.7409244943,3790943.7409244943,1,1,0,0,0.8767811889825932
london198.json,new-seeds,c804c000282937a9e432d728ff24f126fee595b1,24,raw/followup/london198-am-peak-r24-s8-off.json,213060,3551,profile,tfl-numbat-2019-midweek,am-peak,2.5,23.966666666666665,1,8,off,1,destination,0,0,0,0,0,0,0,0,0,0,free-flow,off,940GZZLUEUS,0,3900,3551,1800,1797.5,272c17a39090a7e3,719,719,0,0,418,301,13.933333333333334,143,216,18.333333333333332,85,true,1751,185,301,198,130,6,8,1,1,2,2,2684,1871,811,7,london-link-084-a-arrival,true,1037.5,316.7213490959666,1117.4,769.4833333333333,715.8881780250348,1340.65,1756.6666666666667,3824300.9474058235,2796750.505609869,57.75972252358751,1,3824300.946804604,3824300.946804604,1,1,0,0,0
london198.json,new-seeds,c804c000282937a9e432d728ff24f126fee595b1,24,raw/followup/london198-am-peak-r24-s8-virtual.json,202080,3368,profile,tfl-numbat-2019-midweek,am-peak,2.5,23.966666666666665,1,8,off,1,destination,0,0,0,0,0,0,0,0,0,0,free-flow,virtual,940GZZLUEUS,0,3900,3368,1800,1797.5,272c17a39090a7e3,719,719,0,0,411,308,13.7,143,216,17.866666666666667,92,true,1568,185,309,198,130,6,8,1,1,2,2,2644,2057,578,8,london-link-084-b-departure,true,982.5,323.2741075567918,1122.2,780.7666666666667,722.0106861381548,1338.3166666666666,1793.75,3825350.947404558,2766999.5470042843,58.02711719665005,1,3825350.9468046054,3825350.9468046054,1,1,0,0,1.7361930096951972
london198.json,new-seeds,c804c000282937a9e432d728ff24f126fee595b1,24,raw/followup/london198-am-peak-r24-s9-off.json,207540,3459,profile,tfl-numbat-2019-midweek,am-peak,2.5,23.966666666666665,1,9,off,1,destination,0,0,0,0,0,0,0,0,0,0,free-flow,off,940GZZLUEUS,0,3900,3459,1800,1797.5,273e1964f6dac798,719,719,0,0,412,307,13.733333333333333,148,211,17.6,96,true,1659,191,308,198,127,4,5,0,1,2,2,1918,1407,506,7,london-link-048-a-departure,true,1141.5,332.33025034770515,1171.4333333333334,812.4166666666666,735.8871349095966,1366.3833333333334,1720.5166666666667,3883908.800265231,2788246.784651224,58.210704933881765,1,3883908.7996473378,3883908.7996473378,1,1,0,0,0
london198.json,new-seeds,c804c000282937a9e432d728ff24f126fee595b1,24,raw/followup/london198-am-peak-r24-s9-virtual.json,207540,3459,profile,tfl-numbat-2019-midweek,am-peak,2.5,23.966666666666665,1,9,off,1,destination,0,0,0,0,0,0,0,0,0,0,free-flow,virtual,940GZZLUEUS,0,3900,3459,1800,1797.5,273e1964f6dac798,719,719,0,0,408,311,13.6,147,212,17.4,99,true,1659,191,312,198,130,8,6,0,1,2,2,2289,1849,436,7,london-link-048-a-departure,true,1077.5,326.41555401019934,1099.8333333333333,813.8,730.0117987946221,1345.3333333333333,1737.9333333333334,3882558.800263706,2708641.2919815057,58.9051879161077,1,3882558.79964734,3882558.79964734,1,1,0,0,1.5187021551263393
london198.json,new-seeds,c804c000282937a9e432d728ff24f126fee595b1,24,raw/followup/london198-am-peak-r24-s10-off.json,198840,3314,profile,tfl-numbat-2019-midweek,am-peak,2.5,23.966666666666665,1,10,off,1,destination,0,0,0,0,0,0,0,0,0,0,free-flow,off,940GZZLUEUS,0,3900,3314,1800,1797.5,e79d79fd23fa6444,719,719,0,0,460,259,15.333333333333334,160,199,20,60,true,1514,157,263,198,135,7,7,0,1,2,2,2145,1595,550,7,london-link-046-a-arrival,true,901.5,253.43210477515066,1221.2666666666667,687.3166666666667,644.7116133518776,1225.8,1835.8166666666666,3750960.4707769267,2538775.437594364,59.636215660256994,1,3750960.470194343,3750960.470194343,1,1,0,0,0
london198.json,new-seeds,c804c000282937a9e432d728ff24f126fee595b1,24,raw/followup/london198-am-peak-r24-s10-virtual.json,195840,3264,profile,tfl-numbat-2019-midweek,am-peak,2.5,23.966666666666665,1,10,off,1,destination,0,0,0,0,0,0,0,0,0,0,free-flow,virtual,940GZZLUEUS,0,3900,3264,1800,1797.5,e79d79fd23fa6444,719,719,0,0,458,261,15.266666666666667,160,199,19.866666666666667,62,true,1464,160,261,198,137,9,7,0,1,2,2,2190,1745,443,7,london-link-009-a-arrival,true,901.5,254.71330551692165,994.9333333333333,691.1166666666667,645.7352109411219,1251.35,1841.1166666666666,3751410.470776457,2531349.5346733355,59.70959367415607,1,3751410.4701943435,3751410.4701943435,1,1,0,0,0.8287399962937265
london198.json,historical-controls,c804c000282937a9e432d728ff24f126fee595b1,20,raw/followup/london198-am-peak-r20-s1-off.json,205920,3432,profile,tfl-numbat-2019-midweek,am-peak,3,19.966666666666665,1,1,off,1,destination,0,0,0,0,0,0,0,0,0,0,free-flow,off,940GZZLUEUS,0,3900,3432,1800,1797,2f3f7099850679ab,599,599,0,0,399,200,13.3,133,166,17.733333333333334,34,true,1632,71,200,195,142,4,4,0,1,2,2,1018,795,218,7,london-link-048-a-departure,true,514,153.05370061213134,637.2833333333333,437.55,557.6169727323316,1069.55,1757.1,3253232.372418248,1884172.3174839974,63.324432642275454,1,3253232.371961611,3253232.371961611,1,1,0,0,0
london198.json,historical-controls,c804c000282937a9e432d728ff24f126fee595b1,20,raw/followup/london198-am-peak-r20-s1-virtual.json,205920,3432,profile,tfl-numbat-2019-midweek,am-peak,3,19.966666666666665,1,1,off,1,destination,0,0,0,0,0,0,0,0,0,0,free-flow,virtual,940GZZLUEUS,0,3900,3432,1800,1797,2f3f7099850679ab,599,599,0,0,402,197,13.4,133,166,17.933333333333334,31,true,1632,71,197,192,143,4,4,0,1,2,2,951,787,155,7,london-link-048-a-departure,true,562,153.11797440178074,637.2833333333333,439.05,557.570367278798,1070.5666666666666,1757.1,3253457.3724173447,1879418.7013853139,63.38468581040651,1,3253457.371961611,3253457.371961611,1,1,0,0,0.4537533813352936
london198.json,historical-controls,c804c000282937a9e432d728ff24f126fee595b1,20,raw/followup/london198-am-peak-r20-s2-off.json,188640,3144,profile,tfl-numbat-2019-midweek,am-peak,3,19.966666666666665,1,2,off,1,destination,0,0,0,0,0,0,0,0,0,0,free-flow,off,940GZZLUEUS,0,3900,3144,1800,1797,f5657c28a08d1a7b,599,599,0,0,419,180,13.966666666666667,134,165,19,15,true,1344,64,187,181,130,4,5,1,1,2,2,1244,968,272,6,940GZZLUWLO-exit,true,445,134.90678909293266,726.3666666666667,436.35,531.6143850862549,1042.2833333333333,1502.4333333333334,3183711.569880159,1670510.4978908969,65.58644259433406,1,3183711.569441486,3183711.569441486,1,1,0,0,0
london198.json,historical-controls,c804c000282937a9e432d728ff24f126fee595b1,20,raw/followup/london198-am-peak-r20-s2-virtual.json,188640,3144,profile,tfl-numbat-2019-midweek,am-peak,3,19.966666666666665,1,2,off,1,destination,0,0,0,0,0,0,0,0,0,0,free-flow,virtual,940GZZLUEUS,0,3900,3144,1800,1797,f5657c28a08d1a7b,599,599,0,0,419,180,13.966666666666667,134,165,19,15,true,1344,64,187,181,131,4,5,1,1,2,2,1304,1084,214,6,london-link-023-b-departure,true,444,134.49866444073456,725.3333333333334,436.35,531.3865887590429,1051.1833333333334,1502.4333333333334,3183861.5698796357,1668599.6865437503,65.6133331443922,1,3183861.569441486,3183861.569441486,1,1,0,0,0.5881745661933554
london198.json,historical-controls,c804c000282937a9e432d728ff24f126fee595b1,20,raw/followup/london198-am-peak-r20-s3-off.json,186060,3101,profile,tfl-numbat-2019-midweek,am-peak,3,19.966666666666665,1,3,off,1,destination,0,0,0,0,0,0,0,0,0,0,free-flow,off,940GZZLUEUS,0,3900,3101,1800,1797,037d57a4c1498b77,599,599,0,0,414,185,13.8,129,170,19,15,true,1301,63,189,184,140,5,5,0,2,2,2,1744,1169,568,7,london-link-048-a-departure,true,650,143.02429048414024,670.2166666666667,428.45,541.2946855870896,1017.25,1440.4833333333333,3187986.5300341793,1864282.6740114607,63.100092280937375,1,3187986.529594757,3187986.529594757,1,1,0,0,0
london198.json,historical-controls,c804c000282937a9e432d728ff24f126fee595b1,20,raw/followup/london198-am-peak-r20-s3-virtual.json,184620,3077,profile,tfl-numbat-2019-midweek,am-peak,3,19.966666666666665,1,3,off,1,destination,0,0,0,0,0,0,0,0,0,0,free-flow,virtual,940GZZLUEUS,0,3900,3077,1800,1797,037d57a4c1498b77,599,599,0,0,418,181,13.933333333333334,129,170,19.266666666666666,11,true,1277,62,186,182,133,6,4,1,1,2,2,1629,1319,306,7,london-link-048-a-arrival,true,633,144.47442960489704,653.0666666666667,442.8833333333333,542.5952698942682,1057.15,1478.2666666666667,3188436.530033824,1826520.457853209,63.578541904448464,1,3188436.5295947567,3188436.5295947567,1,1,0,0,0.6829186752510057
london198.json,new-seeds,c804c000282937a9e432d728ff24f126fee595b1,20,raw/followup/london198-am-peak-r20-s4-off.json,170820,2847,profile,tfl-numbat-2019-midweek,am-peak,3,19.966666666666665,1,4,off,1,destination,0,0,0,0,0,0,0,0,0,0,free-flow,off,940GZZLUEUS,0,3900,2847,1800,1797,ff1d41ee275a0ed3,599,599,0,0,389,210,12.966666666666667,124,175,17.666666666666668,35,true,1047,76,210,198,144,5,4,0,1,2,2,1185,899,280,5,940GZZLUWLO-01-arrival,true,542,163.57122982749027,674.6666666666666,420.4166666666667,571.1599332220367,1032.3166666666666,1568.9,3278056.468131264,1892294.4147885565,63.40104457823697,1,3278056.4676671294,3278056.4676671294,1,1,0,0,0
london198.json,new-seeds,c804c000282937a9e432d728ff24f126fee595b1,20,raw/followup/london198-am-peak-r20-s4-virtual.json,176280,2938,profile,tfl-numbat-2019-midweek,am-peak,3,19.966666666666665,1,4,off,1,destination,0,0,0,0,0,0,0,0,0,0,free-flow,virtual,940GZZLUEUS,0,3900,2938,1800,1797,ff1d41ee275a0ed3,599,599,0,0,389,210,12.966666666666667,124,175,17.666666666666668,35,true,1138,73,210,198,144,4,4,0,1,2,2,1153,971,175,5,940GZZLUWLO-01-arrival,true,636,163.66758486366163,680.15,431.8333333333333,571.233305509182,1043.2,1566.3,3278356.468131565,1901823.683631196,63.28653390589079,1,3278356.4676671294,3278356.4676671294,1,1,0,0,0.3699288699092207
london198.json,new-seeds,c804c000282937a9e432d728ff24f126fee595b1,20,raw/followup/london198-am-peak-r20-s5-off.json,178680,2978,profile,tfl-numbat-2019-midweek,am-peak,3,19.966666666666665,1,5,off,1,destination,0,0,0,0,0,0,0,0,0,0,free-flow,off,940GZZLUEUS,0,3900,2978,1800,1797,a78ce18b36219da4,599,599,0,0,406,193,13.533333333333333,126,173,18.666666666666668,20,true,1178,73,203,195,134,8,5,0,1,2,2,2022,1380,637,7,london-link-063-a-departure,true,479,161.87217584863663,615.9666666666667,469.55,576.0740122426266,1061.9333333333334,1632.7333333333333,3320563.060237535,1810912.4168610694,64.7097131235833,1,3320563.059764235,3320563.059764235,1,1,0,0,0
london198.json,new-seeds,c804c000282937a9e432d728ff24f126fee595b1,20,raw/followup/london198-am-peak-r20-s5-virtual.json,178680,2978,profile,tfl-numbat-2019-midweek,am-peak,3,19.966666666666665,1,5,off,1,destination,0,0,0,0,0,0,0,0,0,0,free-flow,virtual,940GZZLUEUS,0,3900,2978,1800,1797,a78ce18b36219da4,599,599,0,0,405,194,13.5,126,173,18.6,21,true,1178,73,202,194,133,6,5,0,1,2,2,1712,1306,401,7,london-link-020-a-arrival,true,476,161.36121313299947,619.1,465.1,575.293795214246,1084.2,1632.7333333333333,3321013.060236297,1808443.0305918972,64.74396118088403,1,3321013.059764235,3321013.059764235,1,1,0,0,0.9611329031169598
london198.json,new-seeds,c804c000282937a9e432d728ff24f126fee595b1,20,raw/followup/london198-am-peak-r20-s6-off.json,177780,2963,profile,tfl-numbat-2019-midweek,am-peak,3,19.966666666666665,1,6,off,1,destination,0,0,0,0,0,0,0,0,0,0,free-flow,off,940GZZLUEUS,0,3900,2963,1800,1797,dd8b6d1242ad18ea,599,599,0,0,403,196,13.433333333333334,132,167,18.066666666666666,29,true,1163,73,198,191,134,5,4,0,1,2,2,1068,750,309,7,london-link-017-a-departure,true,546,147.45172509738453,575.85,428.26666666666665,557.7545909849749,1048.0666666666666,1423.2833333333333,3296467.908139537,1774006.9294852081,65.01300201074977,1,3296467.9076724155,3296467.9076724155,1,1,0,0,0
london198.json,new-seeds,c804c000282937a9e432d728ff24f126fee595b1,20,raw/followup/london198-am-peak-r20-s6-virtual.json,183960,3066,profile,tfl-numbat-2019-midweek,am-peak,3,19.966666666666665,1,6,off,1,destination,0,0,0,0,0,0,0,0,0,0,free-flow,virtual,940GZZLUEUS,0,3900,3066,1800,1797,dd8b6d1242ad18ea,599,599,0,0,400,199,13.333333333333334,132,167,17.866666666666667,32,true,1266,72,199,191,133,4,4,0,1,2,2,1086,912,166,7,london-link-017-a-departure,true,653,147.78789649415694,713.2,428.1333333333333,557.9435169727324,1060.7166666666667,1399.6166666666666,3295792.908137792,1816542.2162664968,64.46746600012517,1,3295792.9076724155,3295792.9076724155,1,1,0,0,0.9015534418487418
london198.json,new-seeds,c804c000282937a9e432d728ff24f126fee595b1,20,raw/followup/london198-am-peak-r20-s7-off.json,187980,3133,profile,tfl-numbat-2019-midweek,am-peak,3,19.966666666666665,1,7,off,1,destination,0,0,0,0,0,0,0,0,0,0,free-flow,off,940GZZLUEUS,0,3900,3133,1800,1797,d7d2471842310ee8,599,599,0,0,403,196,13.433333333333334,135,164,17.866666666666667,32,true,1333,74,199,193,138,5,3,1,1,2,2,1572,1156,413,7,london-link-048-a-departure,true,555,158.72968836950474,708.7166666666667,437.46666666666664,549.8952420701169,1024.2,1598.05,3136157.2405984714,1870648.054694775,62.63789094308665,1,3136157.240171766,3136157.240171766,1,1,0,0,0
london198.json,new-seeds,c804c000282937a9e432d728ff24f126fee595b1,20,raw/followup/london198-am-peak-r20-s7-virtual.json,190320,3172,profile,tfl-numbat-2019-midweek,am-peak,3,19.966666666666665,1,7,off,1,destination,0,0,0,0,0,0,0,0,0,0,free-flow,virtual,940GZZLUEUS,0,3900,3172,1800,1797,d7d2471842310ee8,599,599,0,0,401,198,13.366666666666667,135,164,17.733333333333334,34,true,1372,77,200,193,139,6,3,1,0,2,2,1393,1113,279,8,london-link-048-a-departure,true,525,159.9407067334446,753.9333333333333,442.73333333333335,551.1811352253757,1010.1,1531.2,3136157.2405978823,1871498.2521819014,62.62725631025747,1,3136157.240171766,3136157.240171766,1,1,0,0,0.29999108134623026
london198.json,new-seeds,c804c000282937a9e432d728ff24f126fee595b1,20,raw/followup/london198-am-peak-r20-s8-off.json,182760,3046,profile,tfl-numbat-2019-midweek,am-peak,3,19.966666666666665,1,8,off,1,destination,0,0,0,0,0,0,0,0,0,0,free-flow,off,940GZZLUEUS,0,3900,3046,1800,1797,a44f0b39911afa93,599,599,0,0,404,195,13.466666666666667,128,171,18.4,24,true,1246,71,198,191,135,7,6,1,1,2,2,1583,1165,415,7,london-link-017-a-departure,true,465,157.58486366165832,571.7666666666667,433.7,557.5272676683361,1060,1405.6,3198395.085453163,1818351.0992270112,63.754373207483006,1,3198395.085011041,3198395.085011041,1,1,0,0,0
london198.json,new-seeds,c804c000282937a9e432d728ff24f126fee595b1,20,raw/followup/london198-am-peak-r20-s8-virtual.json,184920,3082,profile,tfl-numbat-2019-midweek,am-peak,3,19.966666666666665,1,8,off,1,destination,0,0,0,0,0,0,0,0,0,0,free-flow,virtual,940GZZLUEUS,0,3900,3082,1800,1797,a44f0b39911afa93,599,599,0,0,403,196,13.433333333333334,128,171,18.333333333333332,25,true,1282,71,198,191,134,5,6,1,1,2,2,1474,1206,264,7,london-link-017-a-departure,true,486,159.46393989983304,622.7666666666667,445.6666666666667,559.132999443517,1049.2666666666667,1431.7,3199070.0854518157,1840104.6205728785,63.48400823704521,1,3199070.085011041,3199070.085011041,1,1,0,0,1.1572607916179107
london198.json,new-seeds,c804c000282937a9e432d728ff24f126fee595b1,20,raw/followup/london198-am-peak-r20-s9-off.json,177420,2957,profile,tfl-numbat-2019-midweek,am-peak,3,19.966666666666665,1,9,off,1,destination,0,0,0,0,0,0,0,0,0,0,free-flow,off,940GZZLUEUS,0,3900,2957,1800,1797,79c74b6b73fb1b66,599,599,0,0,400,199,13.333333333333334,135,164,17.666666666666668,35,true,1157,78,204,196,135,6,6,1,2,2,1,1189,924,255,7,london-link-072-a-arrival,true,611,174.9499443516973,807.1,484.6666666666667,578.2216750139121,1102.65,1526.3666666666666,3239604.876457038,1984810.318582062,62.00894751881971,1,3239604.876004439,3239604.876004439,1,1,0,0,0
london198.json,new-seeds,c804c000282937a9e432d728ff24f126fee595b1,20,raw/followup/london198-am-peak-r20-s9-virtual.json,183360,3056,profile,tfl-numbat-2019-midweek,am-peak,3,19.966666666666665,1,9,off,1,destination,0,0,0,0,0,0,0,0,0,0,free-flow,virtual,940GZZLUEUS,0,3900,3056,1800,1797,79c74b6b73fb1b66,599,599,0,0,397,202,13.233333333333333,135,164,17.466666666666665,38,true,1256,83,203,195,132,4,6,1,2,2,1,1162,964,191,8,london-link-082-a-departure,true,628,177.48603227601558,746.5,510.95,581.0845575959934,1130.7333333333333,1529.1666666666667,3240654.876456174,2043081.6149184888,61.33263613252328,1,3240654.8760044393,3240654.8760044393,1,1,0,0,1.0295851604102928
london198.json,new-seeds,c804c000282937a9e432d728ff24f126fee595b1,20,raw/followup/london198-am-peak-r20-s10-off.json,184320,3072,profile,tfl-numbat-2019-midweek,am-peak,3,19.966666666666665,1,10,off,1,destination,0,0,0,0,0,0,0,0,0,0,free-flow,off,940GZZLUEUS,0,3900,3072,1800,1797,c80ae72a940c0bc1,599,599,0,0,426,173,14.2,136,163,19.333333333333332,10,true,1272,64,185,179,136,7,6,1,1,2,2,1714,1228,478,6,london-link-013-a-arrival,true,542,140.58174735670562,652.8833333333333,447.68333333333334,529.7178074568726,1025.6,1535.65,3109602.569882042,1801995.0774217797,63.31142722142623,1,3109602.569463309,3109602.569463309,1,1,0,0,0
london198.json,new-seeds,c804c000282937a9e432d728ff24f126fee595b1,20,raw/followup/london198-am-peak-r20-s10-virtual.json,184320,3072,profile,tfl-numbat-2019-midweek,am-peak,3,19.966666666666665,1,10,off,1,destination,0,0,0,0,0,0,0,0,0,0,free-flow,virtual,940GZZLUEUS,0,3900,3072,1800,1797,c80ae72a940c0bc1,599,599,0,0,426,173,14.2,136,163,19.333333333333332,10,true,1272,64,185,179,135,5,6,1,1,2,2,1518,1248,262,8,london-link-074-b-departure,true,542,140.2888425153033,652.8833333333333,447.68333333333334,529.1466889259877,1025.6,1527.8,3109677.5698796334,1790112.514562209,63.465526405992364,1,3109677.569463309,3109677.569463309,1,1,0,0,1.35296568201444
london198.json,historical-controls,c804c000282937a9e432d728ff24f126fee595b1,11,raw/followup/london198-early-r11-s1-off.json,211920,3532,profile,tfl-numbat-2019-midweek,early,5.4545449999999995,11,1,1,off,1,destination,0,0,0,0,0,0,0,0,0,0,free-flow,off,940GZZLUEUS,0,3900,3532,1800,1798.5,20e33643790350cf,330,330,0,0,169,161,5.633333333333334,45,120,8.266666666666667,41,true,1732,94,165,159,76,34,2,0,0,2,2,29829,4987,24820,8,london-link-069-a-departure,true,1143.5,420.9009595959596,1170.4833333333333,1040.6,952.554595959596,1668.9,1804.35,2142522.0908738608,2493336.458162411,46.21629560546579,1,2142522.090710552,2142522.090710552,1,1,0,0,0
london198.json,historical-controls,c804c000282937a9e432d728ff24f126fee595b1,11,raw/followup/london198-early-r11-s1-virtual.json,214800,3580,profile,tfl-numbat-2019-midweek,early,5.4545449999999995,11,1,1,off,1,destination,0,0,0,0,0,0,0,0,0,0,free-flow,virtual,940GZZLUEUS,0,3900,3580,1800,1798.5,20e33643790350cf,330,330,0,0,170,160,5.666666666666667,45,120,8.333333333333334,40,true,1780,91,161,157,76,32,2,0,0,2,2,19723,4701,15020,10,london-link-033-a-departure,true,998.5,403.33191919191916,1023.0166666666667,928.05,894.0869696969697,1516.05,1814.05,2142522.090875491,2563270.4173580175,45.529463679642035,1,2142522.090710552,2142522.090710552,1,1,0,0,17.012430495227317
london198.json,historical-controls,c804c000282937a9e432d728ff24f126fee595b1,11,raw/followup/london198-early-r11-s2-off.json,206880,3448,profile,tfl-numbat-2019-midweek,early,5.4545449999999995,11,1,2,off,1,destination,0,0,0,0,0,0,0,0,0,0,free-flow,off,940GZZLUEUS,0,3900,3448,1800,1798.5,9a5fd55d60a95da3,330,330,0,0,165,165,5.5,51,114,7.6,51,true,1648,88,165,161,85,33,2,0,0,2,2,26326,3648,22677,8,london-link-069-a-departure,true,990.5,373.2865151515152,1006.6666666666666,895.65,950.3075252525252,1727,1819.6666666666667,2044386.6205279913,2449623.509632621,45.49136653714945,1,2044386.620410952,2044386.620410952,1,1,0,0,0
london198.json,historical-controls,c804c000282937a9e432d728ff24f126fee595b1,11,raw/followup/london198-early-r11-s2-virtual.json,195360,3256,profile,tfl-numbat-2019-midweek,early,5.4545449999999995,11,1,2,off,1,destination,0,0,0,0,0,0,0,0,0,0,free-flow,virtual,940GZZLUEUS,0,3900,3256,1800,1798.5,9a5fd55d60a95da3,330,330,0,0,181,149,6.033333333333333,52,113,8.6,36,true,1456,86,152,148,76,19,2,0,0,2,2,9399,2916,6477,13,london-link-069-b-arrival,true,821.5,351.6759090909091,838.35,775.2333333333333,827.0211111111112,1360.2333333333333,1474.25,2044236.6205434261,2497739.1975693894,45.00765090803155,1,2044236.6204109525,2044236.6204109525,1,1,0,0,13.652778449691379
london198.json,historical-controls,c804c000282937a9e432d728ff24f126fee595b1,11,raw/followup/london198-early-r11-s3-off.json,216540,3609,profile,tfl-numbat-2019-midweek,early,5.4545449999999995,11,1,3,off,1,destination,0,0,0,0,0,0,0,0,0,0,free-flow,off,940GZZLUEUS,0,3900,3609,1800,1798.5,3aa6ead3ecd2761f,330,330,0,0,166,164,5.533333333333333,51,114,7.666666666666667,50,true,1809,87,164,162,84,36,2,0,0,2,2,29339,3725,25608,8,london-link-069-a-departure,true,1119.5,386.40247474747474,1123.9333333333334,990.7,960.036616161616,1697.9666666666667,1809.7833333333333,2083060.006894614,2500795.628946279,45.4434033787472,1,2083060.0067648403,2083060.0067648403,1,1,0,0,0
london198.json,historical-controls,c804c000282937a9e432d728ff24f126fee595b1,11,raw/followup/london198-early-r11-s3-virtual.json,201240,3354,profile,tfl-numbat-2019-midweek,early,5.4545449999999995,11,1,3,off,1,destination,0,0,0,0,0,0,0,0,0,0,free-flow,virtual,940GZZLUEUS,0,3900,3354,1800,1798.5,3aa6ead3ecd2761f,330,330,0,0,180,150,6,54,111,8.4,39,true,1554,85,151,149,77,22,2,0,0,2,2,11227,3100,8122,9,london-link-009-a-arrival,true,908.5,357.9857575757576,907.6833333333333,842.6,838.6957575757575,1411.8833333333334,1555.35,2082910.00691241,2482439.3285993356,45.624329133159954,1,2082910.0067648403,2082910.0067648403,1,1,0,0,15.394181531708965
london198.json,new-seeds,c804c000282937a9e432d728ff24f126fee595b1,11,raw/followup/london198-early-r11-s4-off.json,209100,3485,profile,tfl-numbat-2019-midweek,early,5.4545449999999995,11,1,4,off,1,destination,0,0,0,0,0,0,0,0,0,0,free-flow,off,940GZZLUEUS,0,3900,3485,1800,1798.5,45a49637d4b2c3c1,330,330,0,0,172,158,5.733333333333333,51,114,8.066666666666666,44,true,1685,89,158,156,82,35,2,0,0,2,2,27200,3813,23379,8,london-link-069-a-departure,true,1085.5,382.3156565656565,1106.45,962.1333333333333,945.9252020202019,1644.8166666666666,1740.65,2089419.3872057858,2430485.937507231,46.22706090283981,1,2089419.3870725806,2089419.3870725806,1,1,0,0,0
london198.json,new-seeds,c804c000282937a9e432d728ff24f126fee595b1,11,raw/followup/london198-early-r11-s4-virtual.json,195720,3262,profile,tfl-numbat-2019-midweek,early,5.4545449999999995,11,1,4,off,1,destination,0,0,0,0,0,0,0,0,0,0,free-flow,virtual,940GZZLUEUS,0,3900,3262,1800,1798.5,45a49637d4b2c3c1,330,330,0,0,183,147,6.1,51,114,8.8,33,true,1462,84,150,147,75,22,2,0,0,2,2,10864,3403,7452,11,london-link-069-b-arrival,true,889.5,354.0841919191919,912.5833333333334,810.8166666666667,836.9560101010101,1385.25,1512.55,2089269.3872235122,2434792.5847423915,46.181272497371054,1,2089269.3870725804,2089269.3870725804,1,1,0,0,15.241786868089367
london198.json,new-seeds,c804c000282937a9e432d728ff24f126fee595b1,11,raw/followup/london198-early-r11-s5-off.json,223680,3728,profile,tfl-numbat-2019-midweek,early,5.4545449999999995,11,1,5,off,1,destination,0,0,0,0,0,0,0,0,0,0,free-flow,off,940GZZLUEUS,0,3900,3728,1800,1798.5,746d6b2506d78958,330,330,0,0,160,170,5.333333333333333,48,117,7.466666666666667,53,true,1928,95,170,167,78,40,2,0,0,2,2,40151,6044,34090,8,london-link-069-a-departure,true,1293.5,447.3427272727273,1293.0166666666667,1121.0833333333333,998.2846464646465,1764.3166666666666,1940.2666666666667,2128883.8732701424,2532212.5056252554,45.673457491875595,1,2128883.873118236,2128883.873118236,1,1,0,0,0
london198.json,new-seeds,c804c000282937a9e432d728ff24f126fee595b1,11,raw/followup/london198-early-r11-s5-virtual.json,210540,3509,profile,tfl-numbat-2019-midweek,early,5.4545449999999995,11,1,5,off,1,destination,0,0,0,0,0,0,0,0,0,0,free-flow,virtual,940GZZLUEUS,0,3900,3509,1800,1798.5,746d6b2506d78958,330,330,0,0,170,160,5.666666666666667,51,114,7.933333333333334,46,true,1709,91,161,158,76,30,2,0,0,2,2,22389,4181,18208,11,london-link-069-b-arrival,true,1071.5,418.61555555555555,1071.0333333333333,973.8,907.8894444444444,1560.8166666666666,1721.2333333333333,2129033.8732761615,2506944.2466450655,45.92415706466573,1,2129033.873118236,2129033.873118236,1,1,0,0,20.49151662233338
london198.json,new-seeds,c804c000282937a9e432d728ff24f126fee595b1,11,raw/followup/london198-early-r11-s6-off.json,200340,3339,profile,tfl-numbat-2019-midweek,early,5.4545449999999995,11,1,6,off,1,destination,0,0,0,0,0,0,0,0,0,0,free-flow,off,940GZZLUEUS,0,3900,3339,1800,1798.5,309453d0baddba90,330,330,0,0,165,165,5.5,46,119,7.933333333333334,46,true,1539,82,166,162,89,25,2,0,0,2,2,21123,4423,16692,8,london-link-069-a-departure,true,917.5,365.6048484848485,922.5666666666667,848.0333333333333,894.6915151515152,1472.8333333333333,1600.5,2060028.0750623804,2472457.805200966,45.45029216820613,1,2060028.074920588,2060028.074920588,1,1,0,0,0
london198.json,new-seeds,c804c000282937a9e432d728ff24f126fee595b1,11,raw/followup/london198-early-r11-s6-virtual.json,188520,3142,profile,tfl-numbat-2019-midweek,early,5.4545449999999995,11,1,6,off,1,destination,0,0,0,0,0,0,0,0,0,0,free-flow,virtual,940GZZLUEUS,0,3900,3142,1800,1798.5,309453d0baddba90,330,330,0,0,172,158,5.733333333333333,46,119,8.4,39,true,1342,75,158,153,83,17,2,0,0,2,2,7566,3284,4277,9,london-link-009-a-arrival,true,741.5,339.28909090909093,760.9,708.4333333333333,817.8527777777779,1279.5333333333333,1395.25,2059953.0750610176,2479063.4208486644,45.383247161964206,1,2059953.074920588,2059953.074920588,1,1,0,0,11.841094582037554
london198.json,new-seeds,c804c000282937a9e432d728ff24f126fee595b1,11,raw/followup/london198-early-r11-s7-off.json,211620,3527,profile,tfl-numbat-2019-midweek,early,5.4545449999999995,11,1,7,off,1,destination,0,0,0,0,0,0,0,0,0,0,free-flow,off,940GZZLUEUS,0,3900,3527,1800,1798.5,9a7ea321e57e0d18,330,330,0,0,162,168,5.4,37,128,8.333333333333334,40,true,1727,89,169,165,81,36,2,0,0,2,2,33316,4794,28521,7,940GZZLUPAC-01-arrival,true,1098.5,404.14646464646466,1109.1333333333334,955.15,986.0233333333333,1702.5,1766.4,2113401.090940254,2537573.939811978,45.43995779307462,1,2113401.0907970136,2113401.0907970136,1,1,0,0,0
london198.json,new-seeds,c804c000282937a9e432d728ff24f126fee595b1,11,raw/followup/london198-early-r11-s7-virtual.json,196260,3271,profile,tfl-numbat-2019-midweek,early,5.4545449999999995,11,1,7,off,1,destination,0,0,0,0,0,0,0,0,0,0,free-flow,virtual,940GZZLUEUS,0,3900,3271,1800,1798.5,9a7ea321e57e0d18,330,330,0,0,175,155,5.833333333333333,38,127,9.133333333333333,28,true,1471,84,155,152,76,20,2,0,0,2,2,11152,3296,7855,11,london-link-009-a-arrival,true,869.5,371.53050505050504,880.2666666666667,810.4333333333333,856.5848484848485,1401.2,1502.7333333333333,2112801.0909565263,2529199.2888669837,45.514884060325215,1,2112801.0907970136,2112801.0907970136,1,1,0,0,14.7128526802172
london198.json,new-seeds,c804c000282937a9e432d728ff24f126fee595b1,11,raw/followup/london198-early-r11-s8-off.json,217920,3632,profile,tfl-numbat-2019-midweek,early,5.4545449999999995,11,1,8,off,1,destination,0,0,0,0,0,0,0,0,0,0,free-flow,off,940GZZLUEUS,0,3900,3632,1800,1798.5,7785c041f0292128,330,330,0,0,161,169,5.366666666666666,48,117,7.533333333333333,52,true,1832,89,169,167,86,36,2,0,0,2,2,31932,3922,28003,8,london-link-009-a-departure,true,1103.5,392.3431313131313,1108.4166666666667,962.7666666666667,991.2920707070708,1762.65,1876.2,2077438.3747872638,2533485.81329753,45.05470682332243,1,2077438.374663546,2077438.374663546,1,1,0,0,0
london198.json,new-seeds,c804c000282937a9e432d728ff24f126fee595b1,11,raw/followup/london198-early-r11-s8-virtual.json,195720,3262,profile,tfl-numbat-2019-midweek,early,5.4545449999999995,11,1,8,off,1,destination,0,0,0,0,0,0,0,0,0,0,free-flow,virtual,940GZZLUEUS,0,3900,3262,1800,1798.5,7785c041f0292128,330,330,0,0,177,153,5.9,49,116,8.533333333333333,37,true,1462,84,154,150,77,19,2,0,0,2,2,9896,2900,6992,10,london-link-074-a-arrival,true,869.5,359.4279292929293,882.0166666666667,798.8666666666667,839.2631818181817,1374.3666666666666,1485,2077288.374814104,2524156.5766078164,45.14426222076587,1,2077288.374663546,2077288.374663546,1,1,0,0,13.629244728621357
london198.json,new-seeds,c804c000282937a9e432d728ff24f126fee595b1,11,raw/followup/london198-early-r11-s9-off.json,211020,3517,profile,tfl-numbat-2019-midweek,early,5.4545449999999995,11,1,9,off,1,destination,0,0,0,0,0,0,0,0,0,0,free-flow,off,940GZZLUEUS,0,3900,3517,1800,1798.5,04cf31b7c557cee0,330,330,0,0,170,160,5.666666666666667,45,120,8.333333333333334,40,true,1717,94,160,155,72,34,2,0,0,2,2,27094,4074,23020,8,london-link-069-a-departure,true,1118.5,406.43641414141416,1117.7666666666667,983.0666666666667,916.6630808080807,1596.6833333333334,1717.8333333333333,2084432.3480982808,2487492.060679146,45.592012503454235,1,2084432.347948962,2084432.347948962,1,1,0,0,0
london198.json,new-seeds,c804c000282937a9e432d728ff24f126fee595b1,11,raw/followup/london198-early-r11-s9-virtual.json,198360,3306,profile,tfl-numbat-2019-midweek,early,5.4545449999999995,11,1,9,off,1,destination,0,0,0,0,0,0,0,0,0,0,free-flow,virtual,940GZZLUEUS,0,3900,3306,1800,1798.5,04cf31b7c557cee0,330,330,0,0,176,154,5.866666666666666,48,117,8.533333333333333,37,true,1506,89,156,152,74,25,2,0,0,2,2,15077,3622,11453,11,london-link-033-a-departure,true,905.5,376.87530303030303,904.7333333333333,834.1,859.9586868686868,1441.9333333333334,1538.5333333333333,2083832.3480957188,2467414.416576816,45.78596713917471,1,2083832.3479489617,2083832.3479489617,1,1,0,0,16.53519678804129
london198.json,new-seeds,c804c000282937a9e432d728ff24f126fee595b1,11,raw/followup/london198-early-r11-s10-off.json,211800,3530,profile,tfl-numbat-2019-midweek,early,5.4545449999999995,11,1,10,off,1,destination,0,0,0,0,0,0,0,0,0,0,free-flow,off,940GZZLUEUS,0,3900,3530,1800,1798.5,0e81899e8a19b74f,330,330,0,0,178,152,5.933333333333334,49,116,8.6,36,true,1730,87,152,149,81,31,2,0,0,2,2,24311,3431,20877,8,london-link-069-a-departure,true,1125.5,378.3482323232323,1125.1166666666666,1006.4666666666667,902.0898484848485,1587.65,1753.3,2051078.9487663293,2482549.9188553514,45.241439223548866,1,2051078.9486291658,2051078.9486291658,1,1,0,0,0
london198.json,new-seeds,c804c000282937a9e432d728ff24f126fee595b1,11,raw/followup/london198-early-r11-s10-virtual.json,197580,3293,profile,tfl-numbat-2019-midweek,early,5.4545449999999995,11,1,10,off,1,destination,0,0,0,0,0,0,0,0,0,0,free-flow,virtual,940GZZLUEUS,0,3900,3293,1800,1798.5,0e81899e8a19b74f,330,330,0,0,190,140,6.333333333333333,51,114,9.266666666666667,26,true,1493,81,144,139,75,20,2,0,0,2,2,9584,2776,6802,10,london-link-033-a-departure,true,886.5,347.5954545454545,886.2166666666667,823.6333333333333,818.0412121212121,1384.3666666666666,1515.45,2051228.9487759229,2462852.394293594,45.44067314881645,1,2051228.9486291653,2051228.9486291653,1,1,0,0,13.07347816969582
london198.json,historical-controls,c804c000282937a9e432d728ff24f126fee595b1,12,raw/followup/london198-early-r12-s1-off.json,227760,3796,profile,tfl-numbat-2019-midweek,early,5,11.966666666666667,1,1,off,1,destination,0,0,0,0,0,0,0,0,0,0,free-flow,off,940GZZLUEUS,0,3900,3796,1800,1795,5608ed1bb22ab7e5,359,359,0,0,176,183,5.866666666666666,47,132,8.6,51,true,1996,112,186,180,80,47,2,0,0,2,2,46766,5798,40899,9,london-link-069-a-departure,true,1414,494.70357474466107,1418.9333333333334,1280.5666666666666,1032.5185236768802,1882.9166666666667,2175.1666666666665,2322906.814677972,2763056.480615627,45.67289773458494,1,2322906.8144697566,2322906.8144697566,1,1,0,0,0
london198.json,historical-controls,c804c000282937a9e432d728ff24f126fee595b1,12,raw/followup/london198-early-r12-s1-virtual.json,212340,3539,profile,tfl-numbat-2019-midweek,early,5,11.966666666666667,1,1,off,1,destination,0,0,0,0,0,0,0,0,0,0,free-flow,virtual,940GZZLUEUS,0,3900,3539,1800,1795,5608ed1bb22ab7e5,359,359,0,0,179,180,5.966666666666667,47,132,8.8,48,true,1739,109,180,177,77,39,2,0,0,2,2,26767,5161,21596,10,london-link-033-a-departure,true,1190,456.07158774373255,1194.8333333333333,1110.5166666666667,945.8162488393685,1675.1666666666667,1775.1333333333334,2322756.8146801004,2712419.3599478668,46.1305967084999,1,2322756.8144697556,2322756.8144697556,1,1,0,0,18.522519023750863
london198.json,historical-controls,c804c000282937a9e432d728ff24f126fee595b1,12,raw/followup/london198-early-r12-s2-off.json,225480,3758,profile,tfl-numbat-2019-midweek,early,5,11.966666666666667,1,2,off,1,destination,0,0,0,0,0,0,0,0,0,0,free-flow,off,940GZZLUEUS,0,3900,3758,1800,1795,706d8f75a32eac66,359,359,0,0,177,182,5.9,56,123,8.066666666666666,59,true,1958,105,185,181,86,44,2,0,0,2,2,41861,4485,37369,8,london-link-069-a-departure,true,1105,422.55663881151344,1161.5833333333333,1047.25,1031.6554781801299,1961.65,2056.7833333333333,2207556.469363462,2722385.660820529,44.77854731493722,1,2207556.4692169083,2207556.4692169083,1,1,0,0,0
london198.json,historical-controls,c804c000282937a9e432d728ff24f126fee595b1,12,raw/followup/london198-early-r12-s2-virtual.json,197700,3295,profile,tfl-numbat-2019-midweek,early,5,11.966666666666667,1,2,off,1,destination,0,0,0,0,0,0,0,0,0,0,free-flow,virtual,940GZZLUEUS,0,3900,3295,1800,1795,706d8f75a32eac66,359,359,0,0,187,172,6.233333333333333,57,122,8.666666666666666,50,true,1495,98,172,168,81,28,2,0,0,2,2,14854,3777,11069,11,london-link-009-a-arrival,true,882,380.89168987929435,942.9333333333333,868.4333333333333,862.9807335190343,1461.2,1589.6666666666667,2206806.4693831434,2676295.463508244,45.1927176559357,1,2206806.4692169083,2206806.4692169083,1,1,0,0,18.07300071752178
london198.json,historical-controls,c804c000282937a9e432d728ff24f126fee595b1,12,raw/followup/london198-early-r12-s3-off.json,225720,3762,profile,tfl-numbat-2019-midweek,early,5,11.966666666666667,1,3,off,1,destination,0,0,0,0,0,0,0,0,0,0,free-flow,off,940GZZLUEUS,0,3900,3762,1800,1795,e90e4c4c349d670e,359,359,0,0,171,188,5.7,57,122,7.6,66,true,1962,110,189,184,83,49,2,0,0,2,2,46324,4913,41411,8,london-link-017-a-departure,true,1376,462.10352831940577,1375.3333333333333,1222.4,1037.9987929433612,1905.5,1981.5333333333333,2272812.5191667886,2743453.64476927,45.30885014648835,1,2272812.518991437,2272812.518991437,1,1,0,0,0
london198.json,historical-controls,c804c000282937a9e432d728ff24f126fee595b1,12,raw/followup/london198-early-r12-s3-virtual.json,211740,3529,profile,tfl-numbat-2019-midweek,early,5,11.966666666666667,1,3,off,1,destination,0,0,0,0,0,0,0,0,0,0,free-flow,virtual,940GZZLUEUS,0,3900,3529,1800,1795,e90e4c4c349d670e,359,359,0,0,187,172,6.233333333333333,59,120,8.533333333333333,52,true,1729,107,173,171,78,35,2,0,0,2,2,21723,4549,17173,10,london-link-069-b-arrival,true,1142,417.0240018570102,1141.0666666666666,1027.5,903.9895078922934,1596.2333333333333,1748.8666666666666,2272212.5191842304,2707097.195289674,45.63308268572532,1,2272212.5189914363,2272212.5189914363,1,1,0,0,18.44205883597462
london198.json,new-seeds,c804c000282937a9e432d728ff24f126fee595b1,12,raw/followup/london198-early-r12-s4-off.json,223020,3717,profile,tfl-numbat-2019-midweek,early,5,11.966666666666667,1,4,off,1,destination,0,0,0,0,0,0,0,0,0,0,free-flow,off,940GZZLUEUS,0,3900,3717,1800,1795,5f24739bce74c9d4,359,359,0,0,175,184,5.833333333333333,50,129,8.333333333333334,55,true,1917,109,184,181,83,47,2,0,0,2,2,44825,5036,39782,8,london-link-017-a-departure,true,1273,443.5680594243268,1276.8166666666666,1166.3333333333333,1042.1387186629527,1893.8666666666666,2004.25,2263717.073806628,2692705.779490081,45.67239601643233,1,2263717.0736396355,2263717.0736396355,1,1,0,0,0
london198.json,new-seeds,c804c000282937a9e432d728ff24f126fee595b1,12,raw/followup/london198-early-r12-s4-virtual.json,203760,3396,profile,tfl-numbat-2019-midweek,early,5,11.966666666666667,1,4,off,1,destination,0,0,0,0,0,0,0,0,0,0,free-flow,virtual,940GZZLUEUS,0,3900,3396,1800,1795,5f24739bce74c9d4,359,359,0,0,189,170,6.3,54,125,9,45,true,1596,101,171,167,81,31,2,0,0,2,2,17695,4101,13586,10,london-link-033-a-departure,true,1037,397.552878365831,1047.9666666666667,978.5166666666667,877.6510677808728,1517.8833333333334,1675.1166666666666,2264692.0738423006,2636325.0624523927,46.20861365839809,1,2264692.0736396355,2264692.0736396355,1,1,0,0,18.39915154104961
london198.json,new-seeds,c804c000282937a9e432d728ff24f126fee595b1,12,raw/followup/london198-early-r12-s5-off.json,233580,3893,profile,tfl-numbat-2019-midweek,early,5,11.966666666666667,1,5,off,1,destination,0,0,0,0,0,0,0,0,0,0,free-flow,off,940GZZLUEUS,0,3900,3893,1800,1795,a5af3a6a1abcf80a,359,359,0,0,167,192,5.566666666666666,53,126,7.6,66,true,2093,111,192,189,82,51,2,0,0,2,2,57665,6909,50667,8,london-link-069-a-departure,true,1461,497.83040854224697,1465.7166666666667,1322.4333333333334,1071.1141597028784,2014.9833333333333,2124.7,2301962.122767776,2787926.2674398716,45.22618073898207,1,2301962.122582947,2301962.122582947,1,1,0,0,0
london198.json,new-seeds,c804c000282937a9e432d728ff24f126fee595b1,12,raw/followup/london198-early-r12-s5-virtual.json,216540,3609,profile,tfl-numbat-2019-midweek,early,5,11.966666666666667,1,5,off,1,destination,0,0,0,0,0,0,0,0,0,0,free-flow,virtual,940GZZLUEUS,0,3900,3609,1800,1795,a5af3a6a1abcf80a,359,359,0,0,175,184,5.833333333333333,54,125,8.066666666666666,59,true,1809,111,184,179,77,44,2,0,0,2,2,32920,5524,27389,11,london-link-033-a-departure,true,1250,470.0303621169916,1254.1166666666666,1174.9833333333333,956.5473537604457,1741.2166666666667,1850.8,2302412.122783785,2688313.0055127065,46.133819507099936,1,2302412.1225829474,2302412.1225829474,1,1,0,0,22.633156229478836
london198.json,new-seeds,c804c000282937a9e432d728ff24f126fee595b1,12,raw/followup/london198-early-r12-s6-off.json,215880,3598,profile,tfl-numbat-2019-midweek,early,5,11.966666666666667,1,6,off,1,destination,0,0,0,0,0,0,0,0,0,0,free-flow,off,940GZZLUEUS,0,3900,3598,1800,1795,a52d4fd2343c279a,359,359,0,0,176,183,5.866666666666666,49,130,8.466666666666667,53,true,1798,95,186,180,97,36,2,0,0,2,2,34150,5432,28688,7,london-link-068-b-departure,true,1113,412.6588207985144,1117.35,992.3166666666667,969.3028319405757,1685.2333333333333,1807.85,2242415.5594332465,2733418.442423359,45.066124766150686,1,2242415.559252511,2242415.559252511,1,1,0,0,0
london198.json,new-seeds,c804c000282937a9e432d728ff24f126fee595b1,12,raw/followup/london198-early-r12-s6-virtual.json,200460,3341,profile,tfl-numbat-2019-midweek,early,5,11.966666666666667,1,6,off,1,destination,0,0,0,0,0,0,0,0,0,0,free-flow,virtual,940GZZLUEUS,0,3900,3341,1800,1795,a52d4fd2343c279a,359,359,0,0,189,170,6.3,49,130,9.333333333333334,40,true,1541,91,171,167,87,21,2,0,0,2,2,12017,4191,7820,11,london-link-009-b-departure,true,898,378.5226555246054,904.9,825.2166666666667,856.1749303621169,1421.9,1550.5833333333333,2242565.559445886,2699956.9164892454,45.37289552783652,1,2242565.5592525094,2242565.5592525094,1,1,0,0,15.153147526478778
london198.json,new-seeds,c804c000282937a9e432d728ff24f126fee595b1,12,raw/followup/london198-early-r12-s7-off.json,223620,3727,profile,tfl-numbat-2019-midweek,early,5,11.966666666666667,1,7,off,1,destination,0,0,0,0,0,0,0,0,0,0,free-flow,off,940GZZLUEUS,0,3900,3727,1800,1795,0748c99aa12b0155,359,359,0,0,170,189,5.666666666666667,40,139,8.666666666666666,50,true,1927,111,190,188,85,47,2,0,0,2,2,51326,6232,45006,8,london-link-069-a-departure,true,1266,464.7184772516249,1275.8666666666666,1140.4333333333334,1070.4894614670382,1918.9166666666667,2003.5333333333333,2277891.424823198,2798332.6200097953,44.87373694905817,1,2277891.4246479934,2277891.4246479934,1,1,0,0,0
london198.json,new-seeds,c804c000282937a9e432d728ff24f126fee595b1,12,raw/followup/london198-early-r12-s7-virtual.json,202620,3377,profile,tfl-numbat-2019-midweek,early,5,11.966666666666667,1,7,off,1,destination,0,0,0,0,0,0,0,0,0,0,free-flow,virtual,940GZZLUEUS,0,3900,3377,1800,1795,0748c99aa12b0155,359,359,0,0,190,169,6.333333333333333,44,135,9.733333333333333,34,true,1577,103,171,168,82,27,2,0,0,2,2,17260,4148,13110,11,london-link-069-a-departure,true,999,413.694382544104,1009.1,950.75,899.2893686165274,1511.6166666666666,1616.7166666666667,2277666.4248469183,2735790.1785147497,45.43105894882339,1,2277666.424647993,2277666.424647993,1,1,0,0,17.738208440696592
london198.json,new-seeds,c804c000282937a9e432d728ff24f126fee595b1,12,raw/followup/london198-early-r12-s8-off.json,233100,3885,profile,tfl-numbat-2019-midweek,early,5,11.966666666666667,1,8,off,1,destination,0,0,0,0,0,0,0,0,0,0,free-flow,off,940GZZLUEUS,0,3900,3885,1800,1795,f400da848066e775,359,359,0,0,168,191,5.6,52,127,7.733333333333333,64,true,2085,107,192,188,88,49,2,0,0,2,2,49836,5427,44408,8,london-link-069-a-departure,true,1362,457.4029712163417,1361.6166666666666,1172.9,1092.0304549675025,1988.55,2114.0333333333333,2270120.1427326575,2853147.4274061043,44.310005512188624,1,2270120.142570946,2270120.142570946,1,1,0,0,0
london198.json,new-seeds,c804c000282937a9e432d728ff24f126fee595b1,12,raw/followup/london198-early-r12-s8-virtual.json,208080,3468,profile,tfl-numbat-2019-midweek,early,5,11.966666666666667,1,8,off,1,destination,0,0,0,0,0,0,0,0,0,0,free-flow,virtual,940GZZLUEUS,0,3900,3468,1800,1795,f400da848066e775,359,359,0,0,187,172,6.233333333333333,54,125,8.866666666666667,47,true,1668,102,174,170,80,31,2,0,0,2,2,18071,3986,14081,11,london-link-069-b-arrival,true,1083,412.16773444753943,1083.5833333333333,978.1833333333333,901.2535283194057,1544.15,1694.1833333333334,2270270.1427638954,2746518.4127265057,45.25345482777622,1,2270270.1425709464,2270270.1425709464,1,1,0,0,18.10655641581604
london198.json,new-seeds,c804c000282937a9e432d728ff24f126fee595b1,12,raw/followup/london198-early-r12-s9-off.json,218700,3645,profile,tfl-numbat-2019-midweek,early,5,11.966666666666667,1,9,off,1,destination,0,0,0,0,0,0,0,0,0,0,free-flow,off,940GZZLUEUS,0,3900,3645,1800,1795,337002e119ccfe7a,359,359,0,0,177,182,5.9,47,132,8.666666666666666,50,true,1845,108,183,178,79,44,2,0,0,2,2,45735,5745,39968,8,london-link-069-a-departure,true,1293,462.49145775301764,1302.6666666666667,1151.6833333333334,1005.0192200557103,1817.7333333333333,1917.6666666666667,2255321.690890736,2673771.571675394,45.75530570741514,1,2255321.6907083457,2255321.6907083457,1,1,0,0,0
london198.json,new-seeds,c804c000282937a9e432d728ff24f126fee595b1,12,raw/followup/london198-early-r12-s9-virtual.json,201600,3360,profile,tfl-numbat-2019-midweek,early,5,11.966666666666667,1,9,off,1,destination,0,0,0,0,0,0,0,0,0,0,free-flow,virtual,940GZZLUEUS,0,3900,3360,1800,1795,337002e119ccfe7a,359,359,0,0,185,174,6.166666666666667,50,129,9,45,true,1560,104,175,171,75,28,2,0,0,2,2,19177,4051,15126,12,london-link-069-b-arrival,true,1017,413.8511142061281,1029.5333333333333,963.4,893.5851439182915,1515.8166666666666,1631.8,2255096.690894656,2684611.5556257735,45.652426790249486,1,2255096.690708346,2255096.690708346,1,1,0,0,17.9333087563189
london198.json,new-seeds,c804c000282937a9e432d728ff24f126fee595b1,12,raw/followup/london198-early-r12-s10-off.json,222660,3711,profile,tfl-numbat-2019-midweek,early,5,11.966666666666667,1,10,off,1,destination,0,0,0,0,0,0,0,0,0,0,free-flow,off,940GZZLUEUS,0,3900,3711,1800,1795,89eb79d109c9f262,359,359,0,0,182,177,6.066666666666666,53,126,8.6,51,true,1911,106,177,173,85,40,2,0,0,2,2,40375,4757,35617,8,london-link-069-a-departure,true,1344,441.4941039925719,1343.2333333333333,1190.55,975.4837511606314,1776.55,1915.7166666666667,2230977.431285477,2667610.9064146243,45.543272418211124,1,2230977.431104242,2230977.431104242,1,1,0,0,0
london198.json,new-seeds,c804c000282937a9e432d728ff24f126fee595b1,12,raw/followup/london198-early-r12-s10-virtual.json,208080,3468,profile,tfl-numbat-2019-midweek,early,5,11.966666666666667,1,10,off,1,destination,0,0,0,0,0,0,0,0,0,0,free-flow,virtual,940GZZLUEUS,0,3900,3468,1800,1795,89eb79d109c9f262,359,359,0,0,200,159,6.666666666666667,53,126,9.8,33,true,1668,100,160,157,80,30,2,0,0,2,2,18520,4018,14497,13,london-link-069-a-departure,true,1089,396.3681987000928,1088.3666666666666,984.6,867.174651810585,1567.5,1692.15,2230752.4312943043,2644438.7761174524,45.757229540102756,1,2230752.4311042414,2230752.4311042414,1,1,0,0,15.69796695626595
london198.json,historical-controls,c804c000282937a9e432d728ff24f126fee595b1,9,raw/followup/london198-early-r9-s1-off.json,190080,3168,profile,tfl-numbat-2019-midweek,early,6.666667,8.966666666666667,1,1,off,1,destination,0,0,0,0,0,0,0,0,0,0,free-flow,off,940GZZLUEUS,0,3900,3168,1800,1793.3333333333333,4a2c0b0e2de5a8b9,269,269,0,0,142,127,4.733333333333333,42,92,6.666666666666667,35,true,1368,61,129,127,71,17,2,0,0,2,2,10552,2959,7589,9,london-link-069-a-departure,true,704.6666666666666,307.601239157373,706.1666666666666,662.4,827.2338909541511,1350.6666666666667,1397.3666666666666,1743377.5897213435,2040416.9801409568,46.07484781566216,1,1743377.589656922,1743377.589656922,1,1,0,0,0
london198.json,historical-controls,c804c000282937a9e432d728ff24f126fee595b1,9,raw/followup/london198-early-r9-s1-virtual.json,182880,3048,profile,tfl-numbat-2019-midweek,early,6.666667,8.966666666666667,1,1,off,1,destination,0,0,0,0,0,0,0,0,0,0,free-flow,virtual,940GZZLUEUS,0,3900,3048,1800,1793.3333333333333,4a2c0b0e2de5a8b9,269,269,0,0,142,127,4.733333333333333,42,92,6.666666666666667,35,true,1248,61,129,126,72,12,2,0,0,2,2,5461,2376,3085,9,london-link-033-a-departure,true,641.6666666666666,302.6685873605948,646.8333333333334,625.0333333333333,792.1600371747212,1231.5,1288,1743377.5897241626,2036410.9685023779,46.12368027650063,1,1743377.5896569227,1743377.5896569227,1,1,0,0,9.949588380592049
london198.json,historical-controls,c804c000282937a9e432d728ff24f126fee595b1,9,raw/followup/london198-early-r9-s2-off.json,188340,3139,profile,tfl-numbat-2019-midweek,early,6.666667,8.966666666666667,1,2,off,1,destination,0,0,0,0,0,0,0,0,0,0,free-flow,off,940GZZLUEUS,0,3900,3139,1800,1793.3333333333333,d22cf29e05f827ac,269,269,0,0,148,121,4.933333333333334,44,90,6.933333333333334,31,true,1339,61,124,122,68,13,2,0,0,2,2,6982,2364,4618,9,london-link-069-a-departure,true,663.6666666666666,291.48413878562576,663.3333333333334,619.1666666666666,791.6993184634449,1280.4333333333334,1358.1333333333334,1670582.6818142196,2107815.8482660064,44.21404117417832,1,1670582.6817698614,1670582.6817698614,1,1,0,0,0
london198.json,historical-controls,c804c000282937a9e432d728ff24f126fee595b1,9,raw/followup/london198-early-r9-s2-virtual.json,180300,3005,profile,tfl-numbat-2019-midweek,early,6.666667,8.966666666666667,1,2,off,1,destination,0,0,0,0,0,0,0,0,0,0,free-flow,virtual,940GZZLUEUS,0,3900,3005,1800,1793.3333333333333,d22cf29e05f827ac,269,269,0,0,151,118,5.033333333333333,46,88,7,30,true,1205,58,118,118,67,6,2,0,0,2,2,2366,1619,746,9,london-link-069-a-departure,true,584.6666666666666,283.06846344485746,588.6166666666667,562.1166666666667,751.6361833952911,1146.3833333333334,1224.5166666666667,1670657.681816665,2109986.505905683,44.18976234902322,1,1670657.6817698611,1670657.6817698611,1,1,0,0,9.101800227553866
london198.json,historical-controls,c804c000282937a9e432d728ff24f126fee595b1,9,raw/followup/london198-early-r9-s3-off.json,185460,3091,profile,tfl-numbat-2019-midweek,early,6.666667,8.966666666666667,1,3,off,1,destination,0,0,0,0,0,0,0,0,0,0,free-flow,off,940GZZLUEUS,0,3900,3091,1800,1793.3333333333333,d987e36c0704b230,269,269,0,0,148,121,4.933333333333334,45,89,6.866666666666666,32,true,1291,54,123,122,71,15,2,0,0,2,2,8407,2288,6097,8,london-link-069-a-departure,true,578.6666666666666,270.802478314746,598.4833333333333,535.2,794.2922552664188,1303.5833333333333,1373.0666666666666,1692027.2864816622,1970587.5350087013,46.19724893138382,1,1692027.2864348309,1692027.2864348309,1,1,0,0,0
london198.json,historical-controls,c804c000282937a9e432d728ff24f126fee595b1,9,raw/followup/london198-early-r9-s3-virtual.json,177360,2956,profile,tfl-numbat-2019-midweek,early,6.666667,8.966666666666667,1,3,off,1,destination,0,0,0,0,0,0,0,0,0,0,free-flow,virtual,940GZZLUEUS,0,3900,2956,1800,1793.3333333333333,d987e36c0704b230,269,269,0,0,153,116,5.1,46,88,7.133333333333334,28,true,1156,54,120,116,70,10,2,0,0,2,2,2942,1701,1229,10,london-link-069-a-departure,true,569.6666666666666,269.1695786864932,589.4,550.45,747.4832094175961,1159.4333333333334,1208.6666666666667,1692402.2864830066,1963799.746716724,46.288533049195266,1,1692402.2864348309,1692402.2864348309,1,1,0,0,9.7259814256845
london198.json,new-seeds,c804c000282937a9e432d728ff24f126fee595b1,9,raw/followup/london198-early-r9-s4-off.json,188220,3137,profile,tfl-numbat-2019-midweek,early,6.666667,8.966666666666667,1,4,off,1,destination,0,0,0,0,0,0,0,0,0,0,free-flow,off,940GZZLUEUS,0,3900,3137,1800,1793.3333333333333,0a85e657299aeea2,269,269,0,0,158,111,5.266666666666667,42,92,7.733333333333333,19,true,1337,55,116,113,67,16,2,0,0,2,2,6666,1979,4683,8,london-link-069-a-departure,true,700.6666666666666,282.47769516728624,709,632.95,784.6706319702602,1242.7166666666667,1343.25,1703755.221288716,1980943.4994932476,46.238657496728706,1,1703755.2212356317,1703755.2212356317,1,1,0,0,0
london198.json,new-seeds,c804c000282937a9e432d728ff24f126fee595b1,9,raw/followup/london198-early-r9-s4-virtual.json,183120,3052,profile,tfl-numbat-2019-midweek,early,6.666667,8.966666666666667,1,4,off,1,destination,0,0,0,0,0,0,0,0,0,0,free-flow,virtual,940GZZLUEUS,0,3900,3052,1800,1793.3333333333333,0a85e657299aeea2,269,269,0,0,161,108,5.366666666666666,42,92,7.933333333333334,16,true,1252,54,114,110,67,8,2,0,0,2,2,2768,1765,999,9,london-link-069-a-departure,true,615.6666666666666,276.86536555142504,615.55,577.3333333333334,752.663073110285,1166.7333333333333,1257.7833333333333,1703530.2212950133,1963958.428813909,46.44950220212459,1,1703530.221235632,1703530.221235632,1,1,0,0,9.219183425007564
london198.json,new-seeds,c804c000282937a9e432d728ff24f126fee595b1,9,raw/followup/london198-early-r9-s5-off.json,199380,3323,profile,tfl-numbat-2019-midweek,early,6.666667,8.966666666666667,1,5,off,1,destination,0,0,0,0,0,0,0,0,0,0,free-flow,off,940GZZLUEUS,0,3900,3323,1800,1793.3333333333333,0569104fb8cd27d3,269,269,0,0,142,127,4.733333333333333,43,91,6.6,36,true,1523,65,129,128,68,21,2,0,0,2,2,16364,3192,13170,8,london-link-069-a-departure,true,757.6666666666666,326.50508054522925,770.1333333333333,720.5,857.2659851301115,1466.45,1545.6333333333334,1724154.4553269658,2059213.61983987,45.57194597702301,1,1724154.4552708333,1724154.4552708333,1,1,0,0,0
london198.json,new-seeds,c804c000282937a9e432d728ff24f126fee595b1,9,raw/followup/london198-early-r9-s5-virtual.json,186840,3114,profile,tfl-numbat-2019-midweek,early,6.666667,8.966666666666667,1,5,off,1,destination,0,0,0,0,0,0,0,0,0,0,free-flow,virtual,940GZZLUEUS,0,3900,3114,1800,1793.3333333333333,0569104fb8cd27d3,269,269,0,0,145,124,4.833333333333333,43,91,6.8,33,true,1314,65,127,125,66,18,2,0,0,2,2,8771,2823,5946,9,london-link-069-a-departure,true,682.6666666666666,320.2170384138786,695.45,670.7666666666667,808.3058859975216,1297.6833333333334,1368.1,1724454.4553299493,2037283.8918895451,45.841956461554204,1,1724454.4552708336,1724454.4552708336,1,1,0,0,12.146359734578656
london198.json,new-seeds,c804c000282937a9e432d728ff24f126fee595b1,9,raw/followup/london198-early-r9-s6-off.json,177000,2950,profile,tfl-numbat-2019-midweek,early,6.666667,8.966666666666667,1,6,off,1,destination,0,0,0,0,0,0,0,0,0,0,free-flow,off,940GZZLUEUS,0,3900,2950,1800,1793.3333333333333,e0af68d99f2d0a3b,269,269,0,0,145,124,4.833333333333333,39,95,7.066666666666666,29,true,1150,54,124,121,77,12,2,0,0,2,2,5658,2236,3412,8,london-link-069-a-departure,true,571.6666666666666,277.56226765799255,571.55,524.0166666666667,773.3745972738537,1195.1666666666667,1268.8666666666666,1673985.582837519,2043260.2776366523,45.03295304292802,1,1673985.5827893496,1673985.5827893496,1,1,0,0,0
london198.json,new-seeds,c804c000282937a9e432d728ff24f126fee595b1,9,raw/followup/london198-early-r9-s6-virtual.json,173700,2895,profile,tfl-numbat-2019-midweek,early,6.666667,8.966666666666667,1,6,off,1,destination,0,0,0,0,0,0,0,0,0,0,free-flow,virtual,940GZZLUEUS,0,3900,2895,1800,1793.3333333333333,e0af68d99f2d0a3b,269,269,0,0,150,119,5,38,96,7.466666666666667,23,true,1095,55,120,117,77,9,2,0,0,2,2,2159,1532,622,9,london-link-069-a-departure,true,524.6666666666666,274.5077447335812,541.85,524.4666666666667,743.3648079306072,1124.2666666666667,1188.5,1674510.5828351497,2045079.6249031115,45.01868456776465,1,1674510.5827893498,1674510.5827893498,1,1,0,0,8.678731692172175
london198.json,new-seeds,c804c000282937a9e432d728ff24f126fee595b1,9,raw/followup/london198-early-r9-s7-off.json,186300,3105,profile,tfl-numbat-2019-midweek,early,6.666667,8.966666666666667,1,7,off,1,destination,0,0,0,0,0,0,0,0,0,0,free-flow,off,940GZZLUEUS,0,3900,3105,1800,1793.3333333333333,6c07ca35468fff29,269,269,0,0,147,122,4.9,33,101,7.6,21,true,1305,62,122,120,67,15,2,0,0,2,2,9520,3052,6468,8,london-link-069-a-departure,true,654.6666666666666,304.17236679058243,653.7833333333333,604.6333333333333,818.3032218091698,1292.8833333333334,1366.3166666666666,1723213.2745764763,2051996.1690785368,45.645501270735515,1,1723213.274519707,1723213.274519707,1,1,0,0,0
london198.json,new-seeds,c804c000282937a9e432d728ff24f126fee595b1,9,raw/followup/london198-early-r9-s7-virtual.json,178800,2980,profile,tfl-numbat-2019-midweek,early,6.666667,8.966666666666667,1,7,off,1,destination,0,0,0,0,0,0,0,0,0,0,free-flow,virtual,940GZZLUEUS,0,3900,2980,1800,1793.3333333333333,6c07ca35468fff29,269,269,0,0,150,119,5,33,101,7.8,18,true,1180,55,121,117,69,10,2,0,0,2,2,3563,2163,1400,9,london-link-010-a-departure,true,562.6666666666666,289.6956009913259,562.9833333333333,544.0833333333334,777.4781288723668,1167.35,1220.8,1723063.2745797867,2036322.1302083905,45.833642711523815,1,1723063.274519707,1723063.274519707,1,1,0,0,9.267828798286144
london198.json,new-seeds,c804c000282937a9e432d728ff24f126fee595b1,9,raw/followup/london198-early-r9-s8-off.json,184860,3081,profile,tfl-numbat-2019-midweek,early,6.666667,8.966666666666667,1,8,off,1,destination,0,0,0,0,0,0,0,0,0,0,free-flow,off,940GZZLUEUS,0,3900,3081,1800,1793.3333333333333,59bdb17b2d78d037,269,269,0,0,143,126,4.766666666666667,42,92,6.733333333333333,34,true,1281,56,128,126,75,16,2,0,0,2,2,9001,2087,6909,7,london-link-068-a-arrival,true,611.6666666666666,281.10687732342006,630.8,566.2666666666667,816.7003097893432,1312.3833333333334,1379.9166666666667,1690816.0671099953,2030402.9582755805,45.437155286359435,1,1690816.0670639498,1690816.0670639498,1,1,0,0,0
london198.json,new-seeds,c804c000282937a9e432d728ff24f126fee595b1,9,raw/followup/london198-early-r9-s8-virtual.json,176640,2944,profile,tfl-numbat-2019-midweek,early,6.666667,8.966666666666667,1,8,off,1,destination,0,0,0,0,0,0,0,0,0,0,free-flow,virtual,940GZZLUEUS,0,3900,2944,1800,1793.3333333333333,59bdb17b2d78d037,269,269,0,0,151,118,5.033333333333333,42,92,7.266666666666667,26,true,1144,53,120,119,69,9,2,0,0,2,2,2910,1753,1154,9,london-link-068-b-departure,true,564.6666666666666,276.3193308550186,583.9666666666667,546.3,751.8192069392813,1145.7666666666667,1192.2666666666667,1690441.0671142328,2028791.577885966,45.451339791467724,1,1690441.0670639498,1690441.0670639498,1,1,0,0,10.10633336442496
london198.json,new-seeds,c804c000282937a9e432d728ff24f126fee595b1,9,raw/followup/london198-early-r9-s9-off.json,190380,3173,profile,tfl-numbat-2019-midweek,early,6.666667,8.966666666666667,1,9,off,1,destination,0,0,0,0,0,0,0,0,0,0,free-flow,off,940GZZLUEUS,0,3900,3173,1800,1793.3333333333333,741c57b6e8500cf2,269,269,0,0,149,120,4.966666666666667,40,94,7.266666666666667,26,true,1373,60,122,119,65,15,2,0,0,2,2,10489,2499,7982,8,london-link-069-a-departure,true,684.6666666666666,305.8897149938042,715.9,677.05,796.2009293680297,1343.1833333333334,1431.75,1692414.7160018275,2007502.718595936,45.74195900092615,1,1692414.715949807,1692414.715949807,1,1,0,0,0
london198.json,new-seeds,c804c000282937a9e432d728ff24f126fee595b1,9,raw/followup/london198-early-r9-s9-virtual.json,180540,3009,profile,tfl-numbat-2019-midweek,early,6.666667,8.966666666666667,1,9,off,1,destination,0,0,0,0,0,0,0,0,0,0,free-flow,virtual,940GZZLUEUS,0,3900,3009,1800,1793.3333333333333,741c57b6e8500cf2,269,269,0,0,149,120,4.966666666666667,41,93,7.2,27,true,1209,58,121,117,66,9,2,0,0,2,2,4546,1865,2674,9,london-link-033-a-departure,true,573.6666666666666,293.30030978934326,623.1666666666666,586.5166666666667,767.9102230483271,1210.75,1261.1166666666666,1692489.71599954,1995021.206004477,45.89789025166436,1,1692489.7159498073,1692489.7159498073,1,1,0,0,9.767323393935916
london198.json,new-seeds,c804c000282937a9e432d728ff24f126fee595b1,9,raw/followup/london198-early-r9-s10-off.json,180240,3004,profile,tfl-numbat-2019-midweek,early,6.666667,8.966666666666667,1,10,off,1,destination,0,0,0,0,0,0,0,0,0,0,free-flow,off,940GZZLUEUS,0,3900,3004,1800,1793.3333333333333,e0f33ee37b626539,269,269,0,0,157,112,5.233333333333333,42,92,7.666666666666667,20,true,1204,49,113,113,69,12,2,0,0,2,2,4818,1846,2971,9,london-link-069-a-departure,true,584.6666666666666,266.1928128872367,584.6666666666666,541.7166666666667,750.0767038413878,1155.5166666666667,1238.7,1662507.891698351,1957078.9867286605,45.93087408972038,1,1662507.8916518653,1662507.8916518653,1,1,0,0,0
london198.json,new-seeds,c804c000282937a9e432d728ff24f126fee595b1,9,raw/followup/london198-early-r9-s10-virtual.json,177840,2964,profile,tfl-numbat-2019-midweek,early,6.666667,8.966666666666667,1,10,off,1,destination,0,0,0,0,0,0,0,0,0,0,free-flow,virtual,940GZZLUEUS,0,3900,2964,1800,1793.3333333333333,e0f33ee37b626539,269,269,0,0,159,110,5.3,43,91,7.733333333333333,19,true,1164,49,112,112,68,7,2,0,0,2,2,2151,1394,756,12,london-mid-069-a,true,558.6666666666666,262.77193308550187,558.25,516.25,730.3714993804213,1113.7166666666667,1193.5166666666667,1662732.8916982543,1925574.9441224,46.337520853140056,1,1662732.891651865,1662732.891651865,1,1,0,0,6.932797436060259
london198.json,historical-controls,c804c000282937a9e432d728ff24f126fee595b1,10,raw/followup/london198-early-r10-s1-off.json,200160,3336,profile,tfl-numbat-2019-midweek,early,6,9.966666666666667,1,1,off,1,destination,0,0,0,0,0,0,0,0,0,0,free-flow,off,940GZZLUEUS,0,3900,3336,1800,1794,813f7f4fec7f70d2,299,299,0,0,153,146,5.1,45,104,7.2,42,true,1536,76,147,143,76,23,2,0,0,2,2,18293,4279,14007,8,london-link-069-a-departure,true,931,360.09771460423633,930.4833333333333,844.5666666666667,888.9255295429209,1492.5833333333333,1593.5166666666667,1943495.7560460472,2294087.526622726,45.863305247467835,1,1943495.7559318675,1943495.7559318675,1,1,0,0,0
london198.json,historical-controls,c804c000282937a9e432d728ff24f126fee595b1,10,raw/followup/london198-early-r10-s1-virtual.json,192780,3213,profile,tfl-numbat-2019-midweek,early,6,9.966666666666667,1,1,off,1,destination,0,0,0,0,0,0,0,0,0,0,free-flow,virtual,940GZZLUEUS,0,3900,3213,1800,1794,813f7f4fec7f70d2,299,299,0,0,160,139,5.333333333333333,45,104,7.666666666666667,35,true,1413,75,145,141,75,24,2,0,0,2,2,11056,3306,7750,10,london-link-033-a-departure,true,828,352.43166109253065,836.5666666666667,787.6166666666667,846.9923634336678,1382.8833333333334,1470.45,1944395.7560491732,2283817.1455626953,45.98623109323411,1,1944395.7559318675,1944395.7559318675,1,1,0,0,14.859178414430803
london198.json,historical-controls,c804c000282937a9e432d728ff24f126fee595b1,10,raw/followup/london198-early-r10-s2-off.json,197760,3296,profile,tfl-numbat-2019-midweek,early,6,9.966666666666667,1,2,off,1,destination,0,0,0,0,0,0,0,0,0,0,free-flow,off,940GZZLUEUS,0,3900,3296,1800,1794,a6937e018b1fcc1f,299,299,0,0,159,140,5.3,47,102,7.466666666666667,38,true,1496,72,142,139,73,21,2,0,0,2,2,15774,3246,12528,8,london-link-069-a-departure,true,773,325.9513935340022,800.8833333333333,743.3333333333334,864.2169453734671,1529.4666666666667,1602.0666666666666,1848574.415163693,2243015.7566831075,45.179852759527755,1,1848574.4150846112,1848574.4150846112,1,1,0,0,0
london198.json,historical-controls,c804c000282937a9e432d728ff24f126fee595b1,10,raw/followup/london198-early-r10-s2-virtual.json,181680,3028,profile,tfl-numbat-2019-midweek,early,6,9.966666666666667,1,2,off,1,destination,0,0,0,0,0,0,0,0,0,0,free-flow,virtual,940GZZLUEUS,0,3900,3028,1800,1794,a6937e018b1fcc1f,299,299,0,0,167,132,5.566666666666666,49,100,7.866666666666666,32,true,1228,71,136,133,72,11,2,0,0,2,2,4710,2349,2355,11,london-link-009-a-arrival,true,646,310.61276477146043,691.9166666666666,651.65,787.0400222965441,1273.0666666666666,1332.6,1848349.415171612,2245847.273200281,45.145594016554945,1,1848349.415084611,1848349.415084611,1,1,0,0,11.049263081984947
london198.json,historical-controls,c804c000282937a9e432d728ff24f126fee595b1,10,raw/followup/london198-early-r10-s3-off.json,201480,3358,profile,tfl-numbat-2019-midweek,early,6,9.966666666666667,1,3,off,1,destination,0,0,0,0,0,0,0,0,0,0,free-flow,off,940GZZLUEUS,0,3900,3358,1800,1794,569e16cc1ad11ec7,299,299,0,0,156,143,5.2,50,99,7.066666666666666,44,true,1558,72,143,139,75,24,2,0,0,2,2,18202,3098,15100,8,london-link-069-a-departure,true,900,334.83690078037904,899.3,783.35,884.7106465997771,1511.7666666666667,1581.7,1900024.53077146,2270000.4715234237,45.56386423884323,1,1900024.53068049,1900024.53068049,1,1,0,0,0
london198.json,historical-controls,c804c000282937a9e432d728ff24f126fee595b1,10,raw/followup/london198-early-r10-s3-virtual.json,190680,3178,profile,tfl-numbat-2019-midweek,early,6,9.966666666666667,1,3,off,1,destination,0,0,0,0,0,0,0,0,0,0,free-flow,virtual,940GZZLUEUS,0,3900,3178,1800,1794,569e16cc1ad11ec7,299,299,0,0,164,135,5.466666666666667,52,97,7.466666666666667,38,true,1378,70,135,132,69,16,2,0,0,2,2,7508,2579,4929,10,london-link-033-a-departure,true,780,322.4254180602007,779.3666666666667,711.85,804.0499442586398,1277.7666666666667,1401.35,1899349.5307848686,2262177.938231243,45.640682295770645,1,1899349.5306804895,1899349.5306804895,1,1,0,0,12.81526370074519
london198.json,new-seeds,c804c000282937a9e432d728ff24f126fee595b1,10,raw/followup/london198-early-r10-s4-off.json,197220,3287,profile,tfl-numbat-2019-midweek,early,6,9.966666666666667,1,4,off,1,destination,0,0,0,0,0,0,0,0,0,0,free-flow,off,940GZZLUEUS,0,3900,3287,1800,1794,da44e7e2ae4bf491,299,299,0,0,165,134,5.5,46,103,7.933333333333334,31,true,1487,70,135,132,74,23,2,0,0,2,2,14710,2919,11783,8,london-link-069-a-departure,true,847,325.1782608695652,847.15,766.5,867.2253065774805,1462,1541.6333333333334,1892713.3363776675,2208040.430497359,46.15525447215542,1,1892713.33628678,1892713.33628678,1,1,0,0,0
london198.json,new-seeds,c804c000282937a9e432d728ff24f126fee595b1,10,raw/followup/london198-early-r10-s4-virtual.json,189780,3163,profile,tfl-numbat-2019-midweek,early,6,9.966666666666667,1,4,off,1,destination,0,0,0,0,0,0,0,0,0,0,free-flow,virtual,940GZZLUEUS,0,3900,3163,1800,1794,da44e7e2ae4bf491,299,299,0,0,169,130,5.633333333333334,46,103,8.2,27,true,1363,68,133,129,72,15,2,0,0,2,2,6804,3064,3731,10,london-link-069-b-arrival,true,731,310.89520624303236,730.5666666666667,681.4333333333333,800.7145484949832,1258.7833333333333,1368.3166666666666,1892413.3363856187,2225320.3904956165,45.95764228346376,1,1892413.3362867795,1892413.3362867795,1,1,0,0,12.233116990334421
london198.json,new-seeds,c804c000282937a9e432d728ff24f126fee595b1,10,raw/followup/london198-early-r10-s5-off.json,208080,3468,profile,tfl-numbat-2019-midweek,early,6,9.966666666666667,1,5,off,1,destination,0,0,0,0,0,0,0,0,0,0,free-flow,off,940GZZLUEUS,0,3900,3468,1800,1794,3bb315370d41ea13,299,299,0,0,152,147,5.066666666666666,47,102,7,45,true,1668,78,148,144,73,29,2,0,0,2,2,24915,4500,20413,8,london-link-069-a-departure,true,959,377.3686176142698,961.55,878.8333333333334,917.4954849498329,1572.1333333333334,1679.25,1915847.3913694306,2301243.1974678095,45.43054864509512,1,1915847.391268813,1915847.391268813,1,1,0,0,0
london198.json,new-seeds,c804c000282937a9e432d728ff24f126fee595b1,10,raw/followup/london198-early-r10-s5-virtual.json,197100,3285,profile,tfl-numbat-2019-midweek,early,6,9.966666666666667,1,5,off,1,destination,0,0,0,0,0,0,0,0,0,0,free-flow,virtual,940GZZLUEUS,0,3900,3285,1800,1794,3bb315370d41ea13,299,299,0,0,156,143,5.2,48,101,7.2,42,true,1485,79,145,140,72,22,2,0,0,2,2,12984,3391,9592,11,london-link-069-b-arrival,true,850,364.3783723522854,856.5,794.9833333333333,847.8655518394648,1375.6833333333334,1496.4,1914872.3913781585,2295682.3371135625,45.477912409515035,1,1914872.3912688133,1914872.3912688133,1,1,0,0,14.93415090920075
london198.json,new-seeds,c804c000282937a9e432d728ff24f126fee595b1,10,raw/followup/london198-early-r10-s6-off.json,191400,3190,profile,tfl-numbat-2019-midweek,early,6,9.966666666666667,1,6,off,1,destination,0,0,0,0,0,0,0,0,0,0,free-flow,off,940GZZLUEUS,0,3900,3190,1800,1794,c3e85940253de5f5,299,299,0,0,159,140,5.3,39,110,8,30,true,1390,65,143,139,83,15,2,0,0,2,2,11012,3379,7629,8,london-link-009-b-departure,true,776,328.00523968784836,775.9166666666666,673.1833333333333,837.7125975473803,1320.8833333333334,1420.0166666666667,1874616.5770717084,2326917.3996534203,44.6174322867876,1,1874616.5769736716,1874616.5769736716,1,1,0,0,0
london198.json,new-seeds,c804c000282937a9e432d728ff24f126fee595b1,10,raw/followup/london198-early-r10-s6-virtual.json,181200,3020,profile,tfl-numbat-2019-midweek,early,6,9.966666666666667,1,6,off,1,destination,0,0,0,0,0,0,0,0,0,0,free-flow,virtual,940GZZLUEUS,0,3900,3020,1800,1794,c3e85940253de5f5,299,299,0,0,162,137,5.4,40,109,8.133333333333333,28,true,1220,63,138,135,77,11,2,0,0,2,2,4066,2469,1593,9,london-link-069-a-departure,true,623,308.8560758082497,622.4333333333333,572.0166666666667,787.7294314381271,1195.7333333333333,1249.8833333333334,1874691.5770724698,2303614.3084103167,44.86726506994011,1,1874691.5769736716,1874691.5769736716,1,1,0,0,11.805451894951137
london198.json,new-seeds,c804c000282937a9e432d728ff24f126fee595b1,10,raw/followup/london198-early-r10-s7-off.json,199980,3333,profile,tfl-numbat-2019-midweek,early,6,9.966666666666667,1,7,off,1,destination,0,0,0,0,0,0,0,0,0,0,free-flow,off,940GZZLUEUS,0,3900,3333,1800,1794,a9778083b94f29a5,299,299,0,0,156,143,5.2,35,114,8.066666666666666,29,true,1533,71,143,140,78,27,2,0,0,2,2,18992,3606,15386,8,london-link-069-a-departure,true,834,346.04219620958753,833.7166666666667,779.2833333333333,898.4527313266443,1489.7,1569.75,1912043.441026225,2312956.819560258,45.25546326855869,1,1912043.4409276536,1912043.4409276536,1,1,0,0,0
london198.json,new-seeds,c804c000282937a9e432d728ff24f126fee595b1,10,raw/followup/london198-early-r10-s7-virtual.json,186540,3109,profile,tfl-numbat-2019-midweek,early,6,9.966666666666667,1,7,off,1,destination,0,0,0,0,0,0,0,0,0,0,free-flow,virtual,940GZZLUEUS,0,3900,3109,1800,1794,a9778083b94f29a5,299,299,0,0,166,133,5.533333333333333,35,114,8.733333333333333,19,true,1309,67,135,131,71,16,2,0,0,2,2,5818,2416,3402,9,london-link-033-a-departure,true,684,325.93678929765883,684.8166666666667,657.4333333333333,810.9419175027871,1261.1833333333334,1320.5,1912193.4410338853,2299872.2800101996,45.39799631995989,1,1912193.4409276533,1912193.4409276533,1,1,0,0,13.199568702826872
london198.json,new-seeds,c804c000282937a9e432d728ff24f126fee595b1,10,raw/followup/london198-early-r10-s8-off.json,203220,3387,profile,tfl-numbat-2019-midweek,early,6,9.966666666666667,1,8,off,1,destination,0,0,0,0,0,0,0,0,0,0,free-flow,off,940GZZLUEUS,0,3900,3387,1800,1794,b243390152f15e31,299,299,0,0,156,143,5.2,45,104,7.4,39,true,1587,71,146,141,79,24,2,0,0,2,2,16661,2605,14056,8,london-link-069-a-departure,true,850,333.4345039018952,849.35,755.0333333333333,892.1608695652174,1509.95,1592.2833333333333,1880714.5182257877,2327277.517398806,44.69387067047128,1,1880714.5181385952,1880714.5181385952,1,1,0,0,0
london198.json,new-seeds,c804c000282937a9e432d728ff24f126fee595b1,10,raw/followup/london198-early-r10-s8-virtual.json,188340,3139,profile,tfl-numbat-2019-midweek,early,6,9.966666666666667,1,8,off,1,destination,0,0,0,0,0,0,0,0,0,0,free-flow,virtual,940GZZLUEUS,0,3900,3139,1800,1794,b243390152f15e31,299,299,0,0,167,132,5.566666666666666,45,104,8.133333333333333,28,true,1339,68,136,134,73,11,2,0,0,2,2,4893,2241,2652,10,london-link-069-b-arrival,true,700,313.34464882943143,701.7333333333333,655.5333333333333,790.8942586399108,1245.7,1344.9666666666667,1881464.5182384623,2322170.391938021,44.7580381846118,1,1881464.5181385956,1881464.5181385956,1,1,0,0,12.490097951690577
london198.json,new-seeds,c804c000282937a9e432d728ff24f126fee595b1,10,raw/followup/london198-early-r10-s9-off.json,193020,3217,profile,tfl-numbat-2019-midweek,early,6,9.966666666666667,1,9,off,1,destination,0,0,0,0,0,0,0,0,0,0,free-flow,off,940GZZLUEUS,0,3900,3217,1800,1794,52b9bced24e3fb85,299,299,0,0,163,136,5.433333333333334,44,105,7.933333333333334,31,true,1417,73,138,135,67,21,2,0,0,2,2,16125,3329,12783,8,london-link-068-a-arrival,true,826,344.58751393534004,831.5666666666667,781.6166666666667,845.1360646599777,1458.35,1527.0166666666667,1879298.4526456273,2206476.325499089,45.99613426315648,1,1879298.452548854,1879298.452548854,1,1,0,0,0
london198.json,new-seeds,c804c000282937a9e432d728ff24f126fee595b1,10,raw/followup/london198-early-r10-s9-virtual.json,184140,3069,profile,tfl-numbat-2019-midweek,early,6,9.966666666666667,1,9,off,1,destination,0,0,0,0,0,0,0,0,0,0,free-flow,virtual,940GZZLUEUS,0,3900,3069,1800,1794,52b9bced24e3fb85,299,299,0,0,163,136,5.433333333333334,44,105,7.933333333333334,31,true,1269,71,137,134,68,17,2,0,0,2,2,8585,2862,5710,10,london-link-009-a-arrival,true,721,332.8813823857302,727.0166666666667,709,809.1593088071348,1315.4166666666667,1383.6333333333334,1879673.4526460008,2221843.2779592294,45.828740344273356,1,1879673.4525488538,1879673.4525488538,1,1,0,0,12.856144168994303
london198.json,new-seeds,c804c000282937a9e432d728ff24f126fee595b1,10,raw/followup/london198-early-r10-s10-off.json,193140,3219,profile,tfl-numbat-2019-midweek,early,6,9.966666666666667,1,10,off,1,destination,0,0,0,0,0,0,0,0,0,0,free-flow,off,940GZZLUEUS,0,3900,3219,1800,1794,f317b4835e77bee6,299,299,0,0,166,133,5.533333333333333,45,104,8.066666666666666,29,true,1419,64,135,131,73,20,2,0,0,2,2,12269,3021,9241,9,london-link-069-a-departure,true,847,312.3134894091416,859.4833333333333,737.3166666666667,820.6970457079152,1344.4666666666667,1427.5833333333333,1856426.6232928343,2202112.0885463525,45.741257016409406,1,1856426.6232015141,1856426.6232015141,1,1,0,0,0
london198.json,new-seeds,c804c000282937a9e432d728ff24f126fee595b1,10,raw/followup/london198-early-r10-s10-virtual.json,185280,3088,profile,tfl-numbat-2019-midweek,early,6,9.966666666666667,1,10,off,1,destination,0,0,0,0,0,0,0,0,0,0,free-flow,virtual,940GZZLUEUS,0,3900,3088,1800,1794,f317b4835e77bee6,299,299,0,0,172,127,5.733333333333333,46,103,8.4,24,true,1288,63,129,126,73,13,2,0,0,2,2,4416,2151,2262,11,london-link-069-a-departure,true,722,298.92324414715716,726.3166666666667,655.5333333333333,768.8052396878484,1232.0166666666667,1313.3666666666666,1856051.6232989172,2199305.3657889953,45.76789733414716,1,1856051.623201514,1856051.623201514,1,1,0,0,11.056738353714945
london198.json,historical-controls,c804c000282937a9e432d728ff24f126fee595b1,24,raw/followup/london198-pm-peak-r24-s1-off.json,183780,3063,profile,tfl-numbat-2019-midweek,pm-peak,2.5,23.966666666666665,1,1,off,1,destination,0,0,0,0,0,0,0,0,0,0,free-flow,off,940GZZLUEUS,0,3900,3063,1800,1797.5,9e9106314986d589,719,719,0,0,485,234,16.166666666666668,173,186,20.8,48,true,1263,101,236,198,139,10,5,1,1,2,2,1973,1424,543,6,london-link-010-a-departure,true,556.5,162.99390356977284,799.45,416.76666666666665,533.6631896152063,939.1333333333333,1265.2,3552675.552500496,1942009.855247131,64.6565779269391,1,3552675.55197042,3552675.55197042,1,1,0,0,0
london198.json,historical-controls,c804c000282937a9e432d728ff24f126fee595b1,24,raw/followup/london198-pm-peak-r24-s1-virtual.json,196020,3267,profile,tfl-numbat-2019-midweek,pm-peak,2.5,23.966666666666665,1,1,off,1,destination,0,0,0,0,0,0,0,0,0,0,free-flow,virtual,940GZZLUEUS,0,3900,3267,1800,1797.5,9e9106314986d589,719,719,0,0,485,234,16.166666666666668,173,186,20.8,48,true,1467,103,235,198,141,6,5,1,1,2,2,1709,1357,340,7,london-link-046-a-arrival,true,678.5,162.57118683356515,749.85,416.76666666666665,532.8315948076032,935.5833333333334,1527.9,3550950.5524979657,1985778.562121049,64.1344461502034,1,3550950.551970419,3550950.551970419,1,1,0,0,1.0249395441999072
london198.json,historical-controls,c804c000282937a9e432d728ff24f126fee595b1,24,raw/followup/london198-pm-peak-r24-s2-off.json,185400,3090,profile,tfl-numbat-2019-midweek,pm-peak,2.5,23.966666666666665,1,2,off,1,destination,0,0,0,0,0,0,0,0,0,0,free-flow,off,940GZZLUEUS,0,3900,3090,1800,1797.5,3df62c248ddb8e69,719,719,0,0,477,242,15.9,165,194,20.8,48,true,1290,122,248,198,138,7,4,0,1,2,2,2055,1592,454,6,940GZZLUPAC-exit,true,669.5,190.60373203523415,871.4,494.06666666666666,570.1976819656932,1002.1833333333333,1526.4333333333334,3641052.939193783,2166651.241237969,62.693498602456415,1,3641052.9386397717,3641052.9386397717,1,1,0,0,0
london198.json,historical-controls,c804c000282937a9e432d728ff24f126fee595b1,24,raw/followup/london198-pm-peak-r24-s2-virtual.json,181440,3024,profile,tfl-numbat-2019-midweek,pm-peak,2.5,23.966666666666665,1,2,off,1,destination,0,0,0,0,0,0,0,0,0,0,free-flow,virtual,940GZZLUEUS,0,3900,3024,1800,1797.5,3df62c248ddb8e69,719,719,0,0,473,246,15.766666666666667,165,194,20.533333333333335,52,true,1224,128,249,198,136,7,4,0,1,2,2,1991,1618,363,6,940GZZLUPAC-exit,true,752.5,197.28143254520168,862.3833333333333,535.2833333333333,576.9088085303663,1015.6,1526.4833333333333,3640227.939191287,2179913.70414478,62.54534961978575,1,3640227.9386397707,3640227.9386397707,1,1,0,0,1.6230075617926074
london198.json,historical-controls,c804c000282937a9e432d728ff24f126fee595b1,24,raw/followup/london198-pm-peak-r24-s3-off.json,195540,3259,profile,tfl-numbat-2019-midweek,pm-peak,2.5,23.966666666666665,1,3,off,1,destination,0,0,0,0,0,0,0,0,0,0,free-flow,off,940GZZLUEUS,0,3900,3259,1800,1797.5,906dfc42234650e5,719,719,0,0,456,263,15.2,159,200,19.8,63,true,1459,147,268,198,141,7,4,0,1,2,2,2820,2082,735,7,london-link-020-a-departure,true,606.5,232.37605470560962,948.9666666666667,519.6,617.6335883171071,1057.05,1615.9,3686512.6477095233,2280843.619306979,61.77798815341502,1,3686512.647144286,3686512.647144286,1,1,0,0,0
london198.json,historical-controls,c804c000282937a9e432d728ff24f126fee595b1,24,raw/followup/london198-pm-peak-r24-s3-virtual.json,199260,3321,profile,tfl-numbat-2019-midweek,pm-peak,2.5,23.966666666666665,1,3,off,1,destination,0,0,0,0,0,0,0,0,0,0,free-flow,virtual,940GZZLUEUS,0,3900,3321,1800,1797.5,906dfc42234650e5,719,719,0,0,457,262,15.233333333333333,160,199,19.8,63,true,1521,139,265,198,142,7,3,0,1,2,2,1979,1593,378,7,london-link-057-a-arrival,true,773.5,222.601344459898,833.0166666666667,556.1833333333333,606.7690542420028,1039.5666666666666,1678.1333333333334,3687862.64770906,2244287.153934864,62.167389075155775,1,3687862.647144287,3687862.647144287,1,1,0,0,1.403591186678768
london198.json,new-seeds,c804c000282937a9e432d728ff24f126fee595b1,24,raw/followup/london198-pm-peak-r24-s4-off.json,197940,3299,profile,tfl-numbat-2019-midweek,pm-peak,2.5,23.966666666666665,1,4,off,1,destination,0,0,0,0,0,0,0,0,0,0,free-flow,off,940GZZLUEUS,0,3900,3299,1800,1797.5,ecac1ae12db681fc,719,719,0,0,485,234,16.166666666666668,167,192,21.2,42,true,1499,118,244,198,141,5,4,0,1,2,2,1432,1065,361,7,london-link-010-a-arrival,true,801.5,195.33076031525266,959.1166666666667,515.8,569.4912610106629,1033.65,1693.3166666666666,3590632.9727742583,2160152.9477052586,62.437256792804774,1,3590632.972233961,3590632.972233961,1,1,0,0,0
london198.json,new-seeds,c804c000282937a9e432d728ff24f126fee595b1,24,raw/followup/london198-pm-peak-r24-s4-virtual.json,188700,3145,profile,tfl-numbat-2019-midweek,pm-peak,2.5,23.966666666666665,1,4,off,1,destination,0,0,0,0,0,0,0,0,0,0,free-flow,virtual,940GZZLUEUS,0,3900,3145,1800,1797.5,ecac1ae12db681fc,719,719,0,0,480,239,16,167,192,20.866666666666667,47,true,1345,120,239,198,140,8,5,0,1,2,2,1870,1490,371,6,london-link-009-a-arrival,true,854.5,191.96323597589245,878.0333333333333,467.3,566.0420723226704,1005.1833333333333,1439.4833333333333,3592207.9727759534,2115399.4373206766,62.937194426186664,1,3592207.9722339613,3592207.9722339613,1,1,0,0,0.7218965803649826
london198.json,new-seeds,c804c000282937a9e432d728ff24f126fee595b1,24,raw/followup/london198-pm-peak-r24-s5-off.json,193260,3221,profile,tfl-numbat-2019-midweek,pm-peak,2.5,23.966666666666665,1,5,off,1,destination,0,0,0,0,0,0,0,0,0,0,free-flow,off,940GZZLUEUS,0,3900,3221,1800,1797.5,178fd19210d0f946,719,719,0,0,469,250,15.633333333333333,164,195,20.333333333333332,55,true,1421,119,252,198,141,5,4,0,1,2,2,1813,1394,414,6,london-link-020-a-departure,true,800.5,195.47324988409827,836.3833333333333,454.96666666666664,572.0724617524339,988.7166666666667,1518.2166666666667,3617922.1220173193,2163304.512504726,62.580527468223465,1,3617922.1214684607,3617922.1214684607,1,1,0,0,0
london198.json,new-seeds,c804c000282937a9e432d728ff24f126fee595b1,24,raw/followup/london198-pm-peak-r24-s5-virtual.json,197940,3299,profile,tfl-numbat-2019-midweek,pm-peak,2.5,23.966666666666665,1,5,off,1,destination,0,0,0,0,0,0,0,0,0,0,free-flow,virtual,940GZZLUEUS,0,3900,3299,1800,1797.5,178fd19210d0f946,719,719,0,0,475,244,15.833333333333334,164,195,20.733333333333334,49,true,1499,120,245,198,144,6,4,0,1,2,2,1927,1590,328,6,london-link-024-a-departure,true,713.5,196.157719054242,904.0833333333334,482.18333333333334,573.415090403338,977.6666666666666,1777.9666666666667,3617397.122014051,2178920.642474704,62.408537091877534,1,3617397.1214684616,3617397.1214684616,1,1,0,0,1.1169375738360174
london198.json,new-seeds,c804c000282937a9e432d728ff24f126fee595b1,24,raw/followup/london198-pm-peak-r24-s6-off.json,180780,3013,profile,tfl-numbat-2019-midweek,pm-peak,2.5,23.966666666666665,1,6,off,1,destination,0,0,0,0,0,0,0,0,0,0,free-flow,off,940GZZLUEUS,0,3900,3013,1800,1797.5,c91b1c2ba38bbed0,719,719,0,0,484,235,16.133333333333333,183,176,20.066666666666666,59,true,1213,109,238,198,139,6,7,1,1,2,1,1950,1410,536,6,london-link-048-a-departure,true,698.5,161.3766110338433,880.2166666666667,392.4166666666667,532.5956189151599,975.9,1341.9666666666667,3553400.8929826166,1930150.0537818552,64.80109198364016,1,3553400.892452586,3553400.892452586,1,1,0,0,0
london198.json,new-seeds,c804c000282937a9e432d728ff24f126fee595b1,24,raw/followup/london198-pm-peak-r24-s6-virtual.json,185400,3090,profile,tfl-numbat-2019-midweek,pm-peak,2.5,23.966666666666665,1,6,off,1,destination,0,0,0,0,0,0,0,0,0,0,free-flow,virtual,940GZZLUEUS,0,3900,3090,1800,1797.5,c91b1c2ba38bbed0,719,719,0,0,488,231,16.266666666666666,183,176,20.333333333333332,55,true,1290,105,238,198,140,5,6,1,1,2,2,1738,1439,295,7,london-link-048-a-departure,true,615.5,160.89197960129812,804.95,423.1,531.9646731571627,969.9166666666666,1481.8833333333334,3553850.892980921,2016511.917229906,63.79927150286312,1,3553850.8924525864,3553850.8924525864,1,1,0,0,1.2291104598125036
london198.json,new-seeds,c804c000282937a9e432d728ff24f126fee595b1,24,raw/followup/london198-pm-peak-r24-s7-off.json,195240,3254,profile,tfl-numbat-2019-midweek,pm-peak,2.5,23.966666666666665,1,7,off,1,destination,0,0,0,0,0,0,0,0,0,0,free-flow,off,940GZZLUEUS,0,3900,3254,1800,1797.5,5df02f6f64a5ff41,719,719,0,0,469,250,15.633333333333333,172,187,19.8,63,true,1454,126,251,198,135,6,4,1,2,2,2,1990,1556,432,7,london-link-048-a-departure,true,873.5,198.54758924432082,1070.5666666666666,493.8666666666667,574.1227399165508,999.75,1653.8333333333333,3601625.118868734,2202630.52630116,62.05145567400852,1,3601625.118325943,3601625.118325943,1,1,0,0,0
london198.json,new-seeds,c804c000282937a9e432d728ff24f126fee595b1,24,raw/followup/london198-pm-peak-r24-s7-virtual.json,201780,3363,profile,tfl-numbat-2019-midweek,pm-peak,2.5,23.966666666666665,1,7,off,1,destination,0,0,0,0,0,0,0,0,0,0,free-flow,virtual,940GZZLUEUS,0,3900,3363,1800,1797.5,5df02f6f64a5ff41,719,719,0,0,468,251,15.6,172,187,19.733333333333334,64,true,1563,122,255,198,136,5,4,1,1,2,2,1835,1512,317,7,london-link-048-a-departure,true,826.5,199.19149281409364,893.7833333333333,475.46666666666664,574.3554705609642,1013.3666666666667,1694.15,3601025.1188670816,2171323.3092831257,62.38405674380016,1,3601025.1183259427,3601025.1183259427,1,1,0,0,1.230176583061523
london198.json,new-seeds,c804c000282937a9e432d728ff24f126fee595b1,24,raw/followup/london198-pm-peak-r24-s8-off.json,200280,3338,profile,tfl-numbat-2019-midweek,pm-peak,2.5,23.966666666666665,1,8,off,1,destination,0,0,0,0,0,0,0,0,0,0,free-flow,off,940GZZLUEUS,0,3900,3338,1800,1797.5,bfcfd02c1bb8697b,719,719,0,0,476,243,15.866666666666667,167,192,20.6,51,true,1538,123,244,198,138,6,3,0,1,2,2,1541,1225,315,7,london-link-082-a-departure,true,802.5,187.28326379230413,829.0166666666667,511.9166666666667,564.2309921186833,1031.1166666666666,1562.2333333333333,3625904.8252448705,2237654.3095334703,61.83795101065251,1,3625904.824693466,3625904.824693466,1,1,0,0,0
london198.json,new-seeds,c804c000282937a9e432d728ff24f126fee595b1,24,raw/followup/london198-pm-peak-r24-s8-virtual.json,190620,3177,profile,tfl-numbat-2019-midweek,pm-peak,2.5,23.966666666666665,1,8,off,1,destination,0,0,0,0,0,0,0,0,0,0,free-flow,virtual,940GZZLUEUS,0,3900,3177,1800,1797.5,bfcfd02c1bb8697b,719,719,0,0,474,245,15.8,167,192,20.466666666666665,53,true,1377,116,245,198,137,4,3,0,1,2,2,1345,1104,238,7,london-link-048-a-arrival,true,725.5,180.21817338896616,866.6833333333333,455.9,556.8013908205842,962.3333333333334,1544.4833333333333,3624929.8252459564,2165936.479657108,62.5973668598905,1,3624929.8246934665,3624929.8246934665,1,1,0,0,0.5741519063344341
london198.json,new-seeds,c804c000282937a9e432d728ff24f126fee595b1,24,raw/followup/london198-pm-peak-r24-s9-off.json,175500,2925,profile,tfl-numbat-2019-midweek,pm-peak,2.5,23.966666666666665,1,9,off,1,destination,0,0,0,0,0,0,0,0,0,0,free-flow,off,940GZZLUEUS,0,3900,2925,1800,1797.5,20245d8f10aab660,719,719,0,0,485,234,16.166666666666668,166,193,21.266666666666666,41,true,1125,119,239,198,136,8,6,0,1,2,2,2627,1875,748,6,940GZZLUWLO-01-departure,true,673.5,192.85507649513212,819.1,476.55,564.3139545665276,977.35,1570.0666666666666,3558729.0396562633,2093004.9642657095,62.9670298918299,1,3558729.0391237247,3558729.0391237247,1,1,0,0,0
london198.json,new-seeds,c804c000282937a9e432d728ff24f126fee595b1,24,raw/followup/london198-pm-peak-r24-s9-virtual.json,178860,2981,profile,tfl-numbat-2019-midweek,pm-peak,2.5,23.966666666666665,1,9,off,1,destination,0,0,0,0,0,0,0,0,0,0,free-flow,virtual,940GZZLUEUS,0,3900,2981,1800,1797.5,20245d8f10aab660,719,719,0,0,479,240,15.966666666666667,166,193,20.866666666666667,47,true,1181,117,241,198,135,8,6,1,1,2,2,2662,2036,624,8,london-link-020-b-departure,true,677.5,196.93115438108484,889.2833333333333,508.98333333333335,568.5441817338897,991.2166666666667,1555.6333333333334,3557829.0396531657,2119694.8882648884,62.66515271134789,1,3557829.039123724,3557829.039123724,1,1,0,0,1.9285100402178506
london198.json,new-seeds,c804c000282937a9e432d728ff24f126fee595b1,24,raw/followup/london198-pm-peak-r24-s10-off.json,192060,3201,profile,tfl-numbat-2019-midweek,pm-peak,2.5,23.966666666666665,1,10,off,1,destination,0,0,0,0,0,0,0,0,0,0,free-flow,off,940GZZLUEUS,0,3900,3201,1800,1797.5,1062bc94e759e5e7,719,719,0,0,482,237,16.066666666666666,165,194,21.133333333333333,43,true,1401,107,237,198,141,6,4,1,1,2,2,1917,1524,381,7,london-link-020-b-arrival,true,825.5,182.2665739452944,949.55,465.73333333333335,556.6226240148354,1005.6166666666667,1491.55,3588660.375061238,2079709.037729677,63.31027697247951,1,3588660.374520077,3588660.374520077,1,1,0,0,0
london198.json,new-seeds,c804c000282937a9e432d728ff24f126fee595b1,24,raw/followup/london198-pm-peak-r24-s10-virtual.json,192180,3203,profile,tfl-numbat-2019-midweek,pm-peak,2.5,23.966666666666665,1,10,off,1,destination,0,0,0,0,0,0,0,0,0,0,free-flow,virtual,940GZZLUEUS,0,3900,3203,1800,1797.5,1062bc94e759e5e7,719,719,0,0,480,239,16,165,194,21,45,true,1403,115,241,198,139,6,4,1,1,2,2,1759,1451,296,7,london-link-020-b-arrival,true,542.5,186.7791608715809,773.4166666666666,494.9,561.4757301808066,977.95,1449.9,3591135.375059586,2096327.693471917,63.14125176353564,1,3591135.374520077,3591135.374520077,1,1,0,0,0.9688875990475262
rail-hub.json,rail-hub,c804c000282937a9e432d728ff24f126fee595b1,,raw/followup/rail-hub-s1-off.json,101580,1693,hub-burst,,,5,11.8,12,1,off,1,destination,0,0,0,0,0,0,0,0,0,0,free-flow,off,station-01,0,1800,1693,300,245,2c085e2a60a19890,59,59,0,0,3,56,0.6,0,36,1.2,20,true,1393,48,58,30,16,7,25,6,2,3,3,1543,1031,512,9,s07-exit,true,1081,535.2629943502825,1080.6833333333334,992.9166666666666,823.0050847457628,1374.6166666666666,1447.0166666666667,221959.115187077,250543.7873857242,46.975185544575254,1,221959.11518491225,221959.11518491225,1,1.0000000000000002,0,0,0
rail-hub.json,rail-hub,c804c000282937a9e432d728ff24f126fee595b1,,raw/followup/rail-hub-s1-virtual.json,101580,1693,hub-burst,,,5,11.8,12,1,off,1,destination,0,0,0,0,0,0,0,0,0,0,free-flow,virtual,station-01,0,1800,1693,300,245,2c085e2a60a19890,59,59,0,0,3,56,0.6,0,36,1.2,20,true,1393,48,58,30,16,7,25,6,2,3,3,1571,1117,454,9,s07-exit,true,1081,535.7861581920904,1080.6833333333334,992.9166666666666,824.1545197740113,1377.4166666666667,1447.0166666666667,222095.34931563798,250680.02151429455,46.976928795119164,1,222095.34931346914,222095.34931346914,1,1.0000000000000002,0,0,3.4758127825451397
rail-hub.json,rail-hub,c804c000282937a9e432d728ff24f126fee595b1,,raw/followup/rail-hub-s2-off.json,95340,1589,hub-burst,,,5,11.8,12,2,off,1,destination,0,0,0,0,0,0,0,0,0,0,free-flow,off,station-01,0,1800,1589,300,245,3c6a9450efd04c72,59,59,0,0,4,55,0.8,0,36,1.6,19,true,1289,48,56,30,18,7,25,6,1,3,3,1534,1023,511,9,s07-exit,true,1126,538.9892655367232,1125.9,1007.6333333333333,841.7050847457626,1338.2166666666667,1343.1166666666666,234129.83770280096,247624.46596269016,48.59942836449893,1,234129.83770039037,234129.83770039037,1,1.0000000000000002,0,0,0
rail-hub.json,rail-hub,c804c000282937a9e432d728ff24f126fee595b1,,raw/followup/rail-hub-s2-virtual.json,95460,1591,hub-burst,,,5,11.8,12,2,off,1,destination,0,0,0,0,0,0,0,0,0,0,free-flow,virtual,station-01,0,1800,1591,300,245,3c6a9450efd04c72,59,59,0,0,4,55,0.8,0,36,1.6,19,true,1291,48,56,30,18,7,25,6,1,3,3,1548,1095,453,9,s07-exit,true,1126,539.4231638418079,1125.9,1007.6333333333333,842.3223163841808,1338.2166666666667,1345.7333333333333,234129.83770280224,247382.96596268538,48.62380313057155,1,234129.83770039043,234129.83770039043,1,1.0000000000000002,0,0,5.86968085106383
rail-hub.json,rail-hub,c804c000282937a9e432d728ff24f126fee595b1,,raw/followup/rail-hub-s3-off.json,103860,1731,hub-burst,,,5,11.8,12,3,off,1,destination,0,0,0,0,0,0,0,0,0,0,free-flow,off,station-01,0,1800,1731,300,245,68463546a0467e76,59,59,0,0,3,56,0.6,0,36,1.2,20,true,1431,48,58,30,17,8,25,6,1,3,3,1521,1028,493,9,s07-exit,true,1122,537.9980225988701,1121.6666666666667,1014.9333333333333,839.835593220339,1334.9,1485.35,232746.89165199175,240980.74121341037,49.130951100359596,1,232746.8916496927,232746.8916496927,1,1.0000000000000002,0,0,0
rail-hub.json,rail-hub,c804c000282937a9e432d728ff24f126fee595b1,,raw/followup/rail-hub-s3-virtual.json,103860,1731,hub-burst,,,5,11.8,12,3,off,1,destination,0,0,0,0,0,0,0,0,0,0,free-flow,virtual,station-01,0,1800,1731,300,245,68463546a0467e76,59,59,0,0,3,56,0.6,0,36,1.2,20,true,1431,48,58,30,17,8,25,6,2,3,3,1545,1105,440,9,s07-exit,true,1122,538.1242937853108,1121.6666666666667,1019.7,839.6251412429378,1345.2833333333333,1485.35,232680.20079350838,241016.9503549325,49.12003380839294,1,232680.2007911956,232680.2007911956,1,1.0000000000000002,0,0,3.599826905392979
rail-hub.json,rail-hub,c804c000282937a9e432d728ff24f126fee595b1,,raw/followup/rail-hub-s4-off.json,104100,1735,hub-burst,,,5,11.8,12,4,off,1,destination,0,0,0,0,0,0,0,0,0,0,free-flow,off,station-01,0,1800,1735,300,245,f7401d76ac14b8ea,59,59,0,0,2,57,0.4,0,36,0.8,21,true,1435,48,58,30,15,7,25,6,2,3,3,1553,1055,498,9,s07-exit,true,1119,542.4437853107345,1118.6333333333334,1048.6,829.9929378531074,1422.0166666666667,1489.2,221132.08358474425,257901.06069966778,46.162167737907815,1,221132.08358258446,221132.08358258446,1,1.0000000000000002,0,0,0
rail-hub.json,rail-hub,c804c000282937a9e432d728ff24f126fee595b1,,raw/followup/rail-hub-s4-virtual.json,104100,1735,hub-burst,,,5,11.8,12,4,off,1,destination,0,0,0,0,0,0,0,0,0,0,free-flow,virtual,station-01,0,1800,1735,300,245,f7401d76ac14b8ea,59,59,0,0,2,57,0.4,0,36,0.8,21,true,1435,48,58,30,15,7,25,6,2,3,3,1544,1105,439,9,s07-exit,true,1119,542.6576271186441,1118.6333333333334,1048.6,830.1347457627118,1422.0166666666667,1489.2,221132.08358474396,257901.06069968856,46.16216773790578,1,221132.08358258446,221132.08358258446,1,1.0000000000000002,0,0,3.22943143812709
rail-hub.json,rail-hub,c804c000282937a9e432d728ff24f126fee595b1,,raw/followup/rail-hub-s5-off.json,104580,1743,hub-burst,,,5,11.8,12,5,off,1,destination,0,0,0,0,0,0,0,0,0,0,free-flow,off,station-01,0,1800,1743,300,245,d3057dca1db748b4,59,59,0,0,3,56,0.6,0,36,1.2,20,true,1443,48,56,30,19,7,25,6,2,3,3,1561,1050,511,9,s07-exit,true,1072,540.1025423728813,1071.1666666666667,1060.75,855.3282485875707,1453.45,1497.65,244178.37080492626,250255.87956210837,49.385407791564745,1,244178.37080242214,244178.37080242214,1,1.0000000000000002,0,0,0
rail-hub.json,rail-hub,c804c000282937a9e432d728ff24f126fee595b1,,raw/followup/rail-hub-s5-virtual.json,107760,1796,hub-burst,,,5,11.8,12,5,off,1,destination,0,0,0,0,0,0,0,0,0,0,free-flow,virtual,station-01,0,1800,1796,300,245,d3057dca1db748b4,59,59,0,0,3,56,0.6,0,36,1.2,20,true,1496,48,56,30,19,7,25,6,2,3,3,1563,1117,446,9,s07-exit,true,1076,539.5545197740113,1075.75,1060.75,854.3652542372882,1449.2666666666667,1550.5666666666666,243581.05156798178,251260.86032519204,49.224013915087674,1,243581.05156548863,243581.05156548863,1,1.0000000000000002,0,0,3.1765345483728997
