pattern,demand_profile,demand_band,request_every_seconds,offered_per_minute,burst_size,seed,policy,routing_policy,shared_ride_party_limit,shared_parties,focus_station,window_start_seconds,window_end_seconds,actual_end_seconds,arrival_window_seconds,arrival_end_seconds,schedule_id,scheduled,served,remaining,skipped,completed_at_arrival_end,backlog_at_arrival_end,arrival_throughput_per_minute,completed_at_arrival_midpoint,backlog_at_arrival_midpoint,late_arrival_throughput_per_minute,late_backlog_change,drained,drain_seconds,peak_pending,peak_outstanding,peak_active_vehicles,peak_passenger_vehicles,peak_stopped_vehicles,peak_focus_approaching,peak_focus_entrance_stopped,peak_focus_exit_stopped,peak_focus_occupied_berths,peak_focus_reserved_empty_berths,stopped_pod_seconds,junction_wait_seconds,track_wait_seconds,peak_node_throughput_per_minute,peak_node,queue_cleared,queue_clear_seconds,wait_average_seconds,wait_maximum_seconds,wait_p95_seconds,journey_average_seconds,journey_p95_seconds,journey_maximum_seconds,passenger_distance_meters,empty_distance_meters,loaded_distance_percent,occupancy,positioning_moves
profile,tfl-numbat-2019-midweek,early,60,0.9666666666666667,1,1,off,free-flow,1,0,940GZZLUEUS,0,3900,2588,1800,1740,9528258c1baa82ba,29,29,0,0,19,10,0.6333333333333333,6,8,0.8666666666666667,2,true,788,4,10,10,9,1,0,0,0,1,0,3,1,2,2,940GZZLULVT-01-arrival,true,215,108.86724137931034,274.26666666666665,254.53333333333333,554.3074712643678,868.65,907.1666666666666,175363.26653690037,205991.72869473742,45.984258428392536,1,0
profile,tfl-numbat-2019-midweek,early,60,0.9666666666666667,1,2,off,free-flow,1,0,940GZZLUEUS,0,3900,2502,1800,1740,bb5eef7e7cabdb3b,29,29,0,0,19,10,0.6333333333333333,6,8,0.8666666666666667,2,true,702,4,13,13,10,0,0,0,0,1,1,0,0,0,2,940GZZLULVT-01-arrival,true,205,142.69655172413792,295.9166666666667,291.9,616.9637931034483,881.25,934.7,186917.10622428585,197944.3849706932,48.56737046980615,1,0
profile,tfl-numbat-2019-midweek,early,60,0.9666666666666667,1,3,off,free-flow,1,0,940GZZLUEUS,0,3900,2550,1800,1740,47735eda4f594ac0,29,29,0,0,22,7,0.7333333333333333,6,8,1.0666666666666667,-1,true,750,4,13,13,11,1,0,0,0,1,0,10,8,2,3,london-link-069-a-departure,true,221,121.15402298850576,280.31666666666666,279.6166666666667,580.1637931034483,869.6666666666666,893.3166666666667,180728.84282990475,209967.26038299812,46.258163658064376,1,0
profile,tfl-numbat-2019-midweek,early,30,1.9666666666666666,1,1,off,free-flow,1,0,940GZZLUEUS,0,3900,2524,1800,1770,383a7529680b260f,59,59,0,0,35,24,1.1666666666666667,12,17,1.5333333333333334,7,true,724,10,27,27,20,1,0,0,0,1,1,18,14,4,4,london-link-009-a-arrival,true,238,166.2189265536723,369.01666666666665,349.3,621.5324858757061,932.5666666666667,963.7333333333333,364111.601688135,396930.5629243967,47.843814524194556,1,0
profile,tfl-numbat-2019-midweek,early,30,1.9666666666666666,1,2,off,free-flow,1,0,940GZZLUEUS,0,3900,2547,1800,1770,d1340ee5a623df89,59,59,0,0,35,24,1.1666666666666667,11,18,1.6,6,true,747,10,26,26,17,1,0,0,0,1,1,12,9,3,5,london-link-068-a-arrival,true,215,195.8997175141243,377.55,369.01666666666665,658.4064971751412,940.3333333333334,1010.2666666666667,369743.25030686636,435086.42673242086,45.940558711382806,1,0
profile,tfl-numbat-2019-midweek,early,30,1.9666666666666666,1,3,off,free-flow,1,0,940GZZLUEUS,0,3900,2719,1800,1770,badaff981b31ddb7,59,59,0,0,40,19,1.3333333333333333,11,18,1.9333333333333333,1,true,919,8,22,22,16,1,0,0,0,1,1,18,14,4,4,london-link-009-a-arrival,true,372,162.00536723163842,371.68333333333334,361.48333333333335,618.55,947.1666666666666,950.1166666666667,364992.5610805288,408717.21492391557,47.17435043478528,1,0
profile,tfl-numbat-2019-midweek,early,20,2.966666666666667,1,1,off,free-flow,1,0,940GZZLUEUS,0,3900,2695,1800,1780,4a2d770f2630dd23,89,89,0,0,51,38,1.7,18,26,2.2,12,true,895,17,38,38,26,1,0,0,0,1,1,29,19,10,4,london-link-009-a-arrival,true,287,205.42696629213484,415.8,406.9,663.2503745318352,1004.1,1054.5833333333333,551401.1634924907,622818.3162534513,46.95895213829987,1,0
profile,tfl-numbat-2019-midweek,early,20,2.966666666666667,1,2,off,free-flow,1,0,940GZZLUEUS,0,3900,2748,1800,1780,19332ce46bf440c5,89,89,0,0,57,32,1.9,14,30,2.8666666666666667,2,true,948,15,37,37,26,1,0,0,0,1,1,44,36,8,5,london-link-009-a-arrival,true,329,208.88426966292135,408.05,397.6333333333333,661.0485018726591,1002.7666666666667,1031.0666666666666,543886.9494199198,606459.6192818714,47.2802687657613,1,0
profile,tfl-numbat-2019-midweek,early,20,2.966666666666667,1,3,off,free-flow,1,0,940GZZLUEUS,0,3900,2716,1800,1780,1023c2b2435ed2d7,89,89,0,0,55,34,1.8333333333333333,18,26,2.466666666666667,8,true,916,14,37,36,26,1,0,0,0,1,1,15,9,6,5,940GZZLUPAC-01-arrival,true,303,187.93876404494384,384.1166666666667,377.55,646.4705992509363,979.6333333333333,1016.6333333333333,552594.8060825728,578328.3922279478,48.862275255127045,1,0
profile,tfl-numbat-2019-midweek,early,15,3.966666666666667,1,1,off,free-flow,1,0,940GZZLUEUS,0,3900,2860,1800,1785,1609c532807f9008,119,119,0,0,71,48,2.3666666666666667,22,37,3.2666666666666666,11,true,1060,24,52,52,33,2,0,0,0,1,1,172,125,47,5,940GZZLUPAC-01-departure,true,452,256.4612044817927,507.9166666666667,484,727.51918767507,1104.4,1126.7666666666667,757271.2213681878,873642.0163845107,46.43234255745343,1,0
profile,tfl-numbat-2019-midweek,early,15,3.966666666666667,1,2,off,free-flow,1,0,940GZZLUEUS,0,3900,2817,1800,1785,c5ea67b17f25e70e,119,119,0,0,77,42,2.566666666666667,17,42,4,0,true,1017,21,48,48,32,2,0,0,0,1,1,188,140,48,6,london-link-010-a-departure,true,408,234.4970588235294,486.21666666666664,453.7,687.0606442577031,1046.7333333333333,1092.4833333333333,726281.8819131008,819808.0837828986,46.975395871362004,1,0
profile,tfl-numbat-2019-midweek,early,15,3.966666666666667,1,3,off,free-flow,1,0,940GZZLUEUS,0,3900,2870,1800,1785,a02f25ab84cc8d7d,119,119,0,0,75,44,2.5,21,38,3.6,6,true,1070,19,48,47,31,2,0,0,0,1,1,123,79,44,5,940GZZLUPAC-01-arrival,true,446,219.17745098039217,450.5,432.5,682.2467787114846,1052.9166666666667,1084.65,744107.9727743483,783979.5358838297,48.695376970115646,1,0
profile,tfl-numbat-2019-midweek,early,12,4.966666666666667,1,1,off,free-flow,1,0,940GZZLUEUS,0,3900,2888,1800,1788,fde388a840555436,149,149,0,0,87,62,2.9,25,49,4.133333333333334,13,true,1088,35,67,65,37,2,0,0,0,1,1,284,227,57,6,london-link-069-a-departure,true,479,288.0947427293065,527.6,513.5,761.2604026845638,1141.8,1166.3833333333334,950833.6493619435,1076182.3887388364,46.90804766660013,1,0
profile,tfl-numbat-2019-midweek,early,12,4.966666666666667,1,2,off,free-flow,1,0,940GZZLUEUS,0,3900,2819,1800,1788,0db4ec5e24e7ed35,149,149,0,0,91,58,3.033333333333333,22,52,4.6,6,true,1019,32,60,59,40,5,1,0,0,1,1,692,360,332,6,london-link-010-a-departure,true,420,276.92572706935124,548.75,530.6,731.948322147651,1133.5166666666667,1182.6166666666666,911421.5061983247,1066918.2736786224,46.0700186827874,1,0
profile,tfl-numbat-2019-midweek,early,12,4.966666666666667,1,3,off,free-flow,1,0,940GZZLUEUS,0,3900,2875,1800,1788,8d13d145a9ef1806,149,149,0,0,90,59,3,26,48,4.266666666666667,11,true,1075,32,62,62,40,3,0,0,0,1,1,271,184,87,6,london-link-069-a-departure,true,492,261.2704697986577,514.2666666666667,491.9,724.7982102908278,1110.15,1141.3833333333334,931317.5918435943,1024516.3750855526,47.61741577204813,1,0
profile,tfl-numbat-2019-midweek,early,10,5.966666666666667,1,1,off,free-flow,1,0,940GZZLUEUS,0,3900,3013,1800,1790,aadad49ab1254db9,179,179,0,0,94,85,3.1333333333333333,27,62,4.466666666666667,23,true,1213,47,86,83,48,8,2,0,0,1,2,1162,623,539,6,london-link-069-a-departure,true,626,338.2185288640596,636.9,606.2833333333333,813.9243016759777,1217.9666666666667,1260.9666666666667,1145226.4885378191,1306887.652433706,46.703637053537875,1,0
profile,tfl-numbat-2019-midweek,early,10,5.966666666666667,1,2,off,free-flow,1,0,940GZZLUEUS,0,3900,2917,1800,1790,2b255de325ea94d8,179,179,0,0,101,78,3.3666666666666667,23,66,5.2,12,true,1117,45,80,79,50,3,2,0,0,1,2,585,339,246,9,london-link-069-a-departure,true,538,311.5224394785847,578.0833333333334,552.9166666666666,769.5616387337058,1147.75,1220.5,1094243.1970948596,1310348.344789385,45.506406307884106,1,0
profile,tfl-numbat-2019-midweek,early,10,5.966666666666667,1,3,off,free-flow,1,0,940GZZLUEUS,0,3900,3065,1800,1790,26744e71f4c37b72,179,179,0,0,94,85,3.1333333333333333,27,62,4.466666666666667,23,true,1265,43,87,84,45,3,2,0,0,1,2,296,178,118,6,london-link-069-a-departure,true,636,313.5416201117318,635.9833333333333,587.5,782.8340782122905,1181.6,1274.7666666666667,1131229.133134944,1287356.7820715562,46.772336100301764,1,0
profile,tfl-numbat-2019-midweek,early,8.571429,7,1,1,off,free-flow,1,0,940GZZLUEUS,0,3900,3167,1800,1799,3563668f01b58088,210,210,0,0,106,104,3.533333333333333,28,77,5.2,27,true,1367,61,104,102,52,9,2,0,0,1,2,3903,1346,2557,7,london-link-068-a-arrival,true,768,395.30357142857144,767.2833333333333,730.4833333333333,878.098492063492,1332.8166666666666,1384.8166666666666,1362431.2027384446,1579408.5915994858,46.312216095542475,1,0
profile,tfl-numbat-2019-midweek,early,8.571429,7,1,2,off,free-flow,1,0,940GZZLUEUS,0,3900,3107,1800,1799,2c5e275a02e8aba7,210,210,0,0,107,103,3.566666666666667,28,77,5.266666666666667,26,true,1307,59,103,102,53,7,2,0,0,1,2,1641,842,799,7,london-link-017-a-departure,true,727,374.27785714285716,726.7833333333333,675.75,834.5864285714285,1237.5333333333333,1333.0833333333333,1293656.7027074934,1575497.476192921,45.08843450174154,1,0
profile,tfl-numbat-2019-midweek,early,8.571429,7,1,3,off,free-flow,1,0,940GZZLUEUS,0,3900,3167,1800,1799,ddd650abd105cd58,210,210,0,0,104,106,3.466666666666667,30,75,4.933333333333334,31,true,1367,55,106,104,55,9,2,0,0,1,2,1958,945,1013,8,london-link-069-a-departure,true,814,361.4685714285714,950.3166666666667,690.3333333333334,834.3652380952382,1299.75,1367.75,1322871.0729237334,1520420.4956666697,46.526043531285225,1,0
profile,tfl-numbat-2019-midweek,early,7.5,7.966666666666667,1,1,off,free-flow,1,0,940GZZLUEUS,0,3900,3722,1800,1792.5,63b1ce4d79486c0c,239,239,0,0,115,124,3.8333333333333335,30,89,5.666666666666667,35,true,1922,78,125,114,54,15,2,0,0,2,2,10262,2132,8130,8,london-link-069-a-departure,true,962.5,469.0152719665272,1059.6666666666667,946.4,953.4970013947001,1537.75,2026.0166666666667,1552958.584990791,1922333.6614158552,44.685697630077186,1,0
profile,tfl-numbat-2019-midweek,early,7.5,7.966666666666667,1,2,off,free-flow,1,0,940GZZLUEUS,0,3900,3243,1800,1792.5,b14207684481cacc,239,239,0,0,119,120,3.966666666666667,33,86,5.733333333333333,34,true,1443,70,121,114,55,9,2,0,0,1,2,5329,1925,3404,8,london-link-069-a-departure,true,848.5,430.36834030683406,847.5833333333334,799.8833333333333,897.6761506276151,1407.6333333333334,1457.5833333333333,1484268.6865519208,1836618.3575219656,44.69494646620379,1,0
profile,tfl-numbat-2019-midweek,early,7.5,7.966666666666667,1,3,off,free-flow,1,0,940GZZLUEUS,0,3900,3203,1800,1792.5,93ce2d6fb7cde873,239,239,0,0,119,120,3.966666666666667,34,85,5.666666666666667,35,true,1403,70,126,114,57,8,2,0,0,1,2,3510,1558,1952,8,london-link-009-a-departure,true,810.5,402.1672942817294,850.7166666666667,756.65,881.4153417015342,1390.9333333333334,1462.55,1508898.5933570522,1781478.1251672276,45.857928208104596,1,0
profile,tfl-numbat-2019-midweek,early,6.666667,8.966666666666667,1,1,off,free-flow,1,0,940GZZLUEUS,0,3900,3834,1800,1793.3333333333333,4a2c0b0e2de5a8b9,269,269,0,0,122,147,4.066666666666666,34,100,5.866666666666666,47,true,2034,97,147,114,54,18,2,0,0,1,2,15085,2599,12486,7,london-link-068-a-arrival,true,1155.6666666666667,543.8758364312267,1360.75,1100.7333333333333,1028.5050805452292,1691.5,2327.1,1744652.5897237603,2069134.985265529,45.745929877299474,1,0
profile,tfl-numbat-2019-midweek,early,6.666667,8.966666666666667,1,2,off,free-flow,1,0,940GZZLUEUS,0,3900,3421,1800,1793.3333333333333,d22cf29e05f827ac,269,269,0,0,129,140,4.3,35,99,6.266666666666667,41,true,1621,90,142,114,56,12,2,0,0,1,2,8254,2325,5929,8,london-link-069-a-departure,true,1014.6666666666666,495.90105328376706,1014.5833333333334,962.1666666666666,966.7223048327137,1542.2333333333333,1640.5166666666667,1671557.6818176531,2050297.1228887734,44.91195303223289,1,0
profile,tfl-numbat-2019-midweek,early,6.666667,8.966666666666667,1,3,off,free-flow,1,0,940GZZLUEUS,0,3900,3373,1800,1793.3333333333333,d987e36c0704b230,269,269,0,0,125,144,4.166666666666667,40,94,5.666666666666667,50,true,1573,95,144,114,59,15,2,0,0,1,2,9762,2727,7035,7,london-link-009-a-departure,true,999.6666666666666,490.4541511771995,1319.2666666666667,951.5833333333334,966.7193308550186,1543.55,1613.2166666666667,1692627.2864882227,1969945.1642744571,46.21416529619111,1,0
profile,tfl-numbat-2019-midweek,early,6,9.966666666666667,1,1,off,free-flow,1,0,940GZZLUEUS,0,3900,3765,1800,1794,813f7f4fec7f70d2,299,299,0,0,123,176,4.1,40,109,5.533333333333333,67,true,1965,121,177,114,56,19,2,0,0,1,2,20434,3247,17186,8,london-link-009-a-departure,true,1388,646.6586956521738,1393.6,1313.0833333333333,1133.4403010033445,1887.8,2350.016666666667,1943570.7560502698,2191276.7872151453,47.00465339322699,1,0
profile,tfl-numbat-2019-midweek,early,6,9.966666666666667,1,2,off,free-flow,1,0,940GZZLUEUS,0,3900,3553,1800,1794,a6937e018b1fcc1f,299,299,0,0,130,169,4.333333333333333,41,108,5.933333333333334,61,true,1753,115,169,114,58,13,2,0,0,1,2,12037,3263,8774,8,london-link-010-a-departure,true,1154,567.093143812709,1153.8,1088.0333333333333,1058.6041806020069,1772.2,1866.9,1848949.4151693746,2193767.610539617,45.73531620965024,1,0
profile,tfl-numbat-2019-midweek,early,6,9.966666666666667,1,3,off,free-flow,1,0,940GZZLUEUS,0,3900,3662,1800,1794,569e16cc1ad11ec7,299,299,0,0,132,167,4.4,42,107,6,60,true,1862,117,168,114,59,14,2,0,0,1,2,14666,3389,11277,7,london-link-010-a-departure,true,1286,579.4459308807135,1285.3166666666666,1177.4333333333334,1063.8770345596433,1724.8666666666666,1885.95,1899499.5307840302,2185918.6915016184,46.494616399917234,1,0
profile,tfl-numbat-2019-midweek,early,5.4545449999999995,11,1,1,off,free-flow,1,0,940GZZLUEUS,0,3900,3900,1800,1798.5,20e33643790350cf,330,323,7,0,131,199,4.366666666666666,42,123,5.933333333333334,76,false,0,147,199,114,56,19,2,0,0,1,2,24187,3578,20608,8,london-link-009-a-departure,true,1628.5,755.5669696969696,1652.8666666666666,1521.1166666666666,1218.6391640866873,2060.1666666666665,2446.5333333333333,2133133.874565157,2366747.4654938644,47.404224986456605,1,0
profile,tfl-numbat-2019-midweek,early,5.4545449999999995,11,1,2,off,free-flow,1,0,940GZZLUEUS,0,3900,3800,1800,1798.5,9a5fd55d60a95da3,330,330,0,0,137,193,4.566666666666666,41,124,6.4,69,true,2000,140,193,114,62,16,2,0,0,1,2,15390,3487,11896,8,london-link-068-b-departure,true,1365.5,674.5430808080807,1381.6666666666667,1280.2833333333333,1165.6455555555556,1955.2333333333333,2052.2833333333333,2045061.620545877,2402824.8894139035,45.97827790719348,1,0
profile,tfl-numbat-2019-midweek,early,5.4545449999999995,11,1,3,off,free-flow,1,0,940GZZLUEUS,0,3900,3900,1800,1798.5,3aa6ead3ecd2761f,330,328,2,0,133,197,4.433333333333334,48,117,5.666666666666667,80,false,0,145,197,114,57,16,2,0,0,1,2,17452,3483,13968,7,london-link-069-a-departure,true,1491.5,682.4350505050504,1495.75,1390.05,1152.9049288617887,1957.5666666666666,2117.95,2081846.7209993573,2391915.3759225067,46.53458713040989,1,0
profile,tfl-numbat-2019-midweek,early,5,11.966666666666667,1,1,off,free-flow,1,0,940GZZLUEUS,0,3900,3900,1800,1795,5608ed1bb22ab7e5,359,339,20,0,134,225,4.466666666666667,42,137,6.133333333333334,88,false,0,173,225,114,57,18,0,0,0,1,1,23709,3611,20097,9,london-link-009-a-departure,true,1964,850.0692664809656,1963.1,1719.9166666666667,1275.8371189773845,2133.8333333333335,2530.5333333333333,2282392.5476643452,2467736.238069062,48.04906668045106,1,0
profile,tfl-numbat-2019-midweek,early,5,11.966666666666667,1,2,off,free-flow,1,0,940GZZLUEUS,0,3900,3900,1800,1795,706d8f75a32eac66,359,356,3,0,142,217,4.733333333333333,44,135,6.533333333333333,82,false,0,165,217,114,65,17,2,0,0,1,2,19211,3757,15453,9,london-link-009-a-departure,true,1534,765.6628133704736,1578.0166666666667,1467.3666666666666,1251.9964419475655,2126.983333333333,2214.1833333333334,2205342.997086665,2511315.906130132,46.756465590136365,1,0
profile,tfl-numbat-2019-midweek,early,5,11.966666666666667,1,3,off,free-flow,1,0,940GZZLUEUS,0,3900,3900,1800,1795,e90e4c4c349d670e,359,346,13,0,140,219,4.666666666666667,48,131,6.133333333333334,88,false,0,167,219,114,60,16,0,0,0,1,1,18937,3643,15294,8,london-link-009-a-departure,true,1762,783.5804549675024,1761.2333333333333,1610.0666666666666,1224.28612716763,2079.4333333333334,2245.9666666666667,2250415.2744947127,2469821.9057600787,47.67589399762405,1,0
profile,tfl-numbat-2019-midweek,morning,60,0.9666666666666667,1,1,off,free-flow,1,0,940GZZLUEUS,0,3900,2307,1800,1740,ec096baf2262cfae,29,29,0,0,23,6,0.7666666666666667,7,7,1.0666666666666667,-1,true,507,1,10,10,10,0,1,0,0,2,1,0,0,0,2,london-link-023-a-arrival,true,0,20.49712643678161,205.85,115.76666666666667,415.63045977011495,811.8166666666667,1048.5666666666666,155331.7207800927,41283.54053107956,79.0028809280769,1,0
profile,tfl-numbat-2019-midweek,morning,60,0.9666666666666667,1,2,off,free-flow,1,0,940GZZLUEUS,0,3900,2155,1800,1740,eaf98c10ead9f202,29,29,0,0,23,6,0.7666666666666667,8,6,1,0,true,355,2,9,9,8,0,0,0,0,1,1,0,0,0,2,london-link-084-a-departure,true,0,41.04080459770115,172.65,150.91666666666666,393.2201149425287,708.5166666666667,813.1833333333333,137908.053580545,30776.098725044365,81.75519258662177,1,0
profile,tfl-numbat-2019-midweek,morning,60,0.9666666666666667,1,3,off,free-flow,1,0,940GZZLUEUS,0,3900,2488,1800,1740,5214e5eaa55ec074,29,29,0,0,21,8,0.7,7,7,0.9333333333333333,1,true,688,3,10,10,10,1,0,0,0,1,1,5,4,1,2,940GZZLUBNK-01-arrival,true,164,53.166091954022995,343.9,327.81666666666666,468.3086206896552,859.2333333333333,891.2333333333333,163234.2424259688,85610.58622028808,65.59679914345858,1,0
profile,tfl-numbat-2019-midweek,morning,30,1.9666666666666666,1,1,off,free-flow,1,0,940GZZLUEUS,0,3900,2677,1800,1770,97c3b096389d787f,59,59,0,0,42,17,1.4,15,14,1.8,3,true,877,5,18,18,16,1,1,0,0,2,1,9,8,1,2,940GZZLUKSX-01-departure,true,267,61.76977401129943,385.5833333333333,223.23333333333332,450.77288135593216,996.4,1048.5666666666666,310821.4708268752,139108.3555669802,69.08221073452268,1,0
profile,tfl-numbat-2019-midweek,morning,30,1.9666666666666666,1,2,off,free-flow,1,0,940GZZLUEUS,0,3900,2839,1800,1770,2eb0fa6013c87d49,59,59,0,0,43,16,1.4333333333333333,16,13,1.8,3,true,1039,5,17,16,14,1,1,0,0,1,1,8,7,1,2,940GZZLUBXN-01-arrival,true,363,65.44774011299435,362.2,309.9166666666667,452.65677966101697,946.4166666666666,1068.65,309161.27625129337,122939.95968260306,71.548343430008,1,0
profile,tfl-numbat-2019-midweek,morning,30,1.9666666666666666,1,3,off,free-flow,1,0,940GZZLUEUS,0,3900,2499,1800,1770,e15aaff78f8f0841,59,59,0,0,41,18,1.3666666666666667,17,12,1.6,6,true,699,5,19,19,16,0,0,0,0,1,1,0,0,0,3,london-link-048-b-departure,true,112,72.12994350282487,354.6166666666667,327.81666666666666,508.30593220338983,876.85,908.4166666666666,349832.3785112889,154533.77148276402,69.36079642050004,1,0
profile,tfl-numbat-2019-midweek,morning,20,2.966666666666667,1,1,off,free-flow,1,0,940GZZLUEUS,0,3900,2564,1800,1780,d2d7fedf7433e695,89,89,0,0,67,22,2.2333333333333334,23,21,2.933333333333333,1,true,764,8,27,27,22,1,2,0,0,2,1,3,2,1,3,940GZZLULNB-01-departure,true,357,88.25711610486891,456.45,347.9,471.30898876404495,983.7833333333333,1071.05,461474.9473473517,254648.25650947168,64.44071981776138,1,0
profile,tfl-numbat-2019-midweek,morning,20,2.966666666666667,1,2,off,free-flow,1,0,940GZZLUEUS,0,3900,2667,1800,1780,102a127340b7005c,89,89,0,0,61,28,2.033333333333333,24,20,2.466666666666667,8,true,867,10,30,30,23,1,1,0,0,1,1,6,5,1,3,940GZZLUVIC-01-arrival,true,343,100.98614232209738,449.5,349.26666666666665,526.0056179775281,986.3333333333334,1353.9333333333334,513840.67737405194,225782.83406831473,69.47327517644655,1,0
profile,tfl-numbat-2019-midweek,morning,20,2.966666666666667,1,3,off,free-flow,1,0,940GZZLUEUS,0,3900,2984,1800,1780,d207b3f7842d888c,89,89,0,0,64,25,2.1333333333333333,24,20,2.6666666666666665,5,true,1184,9,31,31,26,1,1,0,0,1,1,3,2,1,3,london-link-022-a-departure,true,334,93.39007490636705,362.0833333333333,327.81666666666666,530.3837078651685,906.9666666666667,1203.4,528508.2426451987,304526.12778363226,63.44374991071884,1,0
profile,tfl-numbat-2019-midweek,morning,15,3.966666666666667,1,1,off,free-flow,1,0,940GZZLUEUS,0,3900,2869,1800,1785,9b3980983f12907c,119,119,0,0,82,37,2.7333333333333334,30,29,3.466666666666667,8,true,1069,12,39,38,30,1,2,0,0,2,1,12,11,1,3,london-link-009-a-arrival,true,356,97.706162464986,433.7,311.43333333333334,506.2796918767507,1027.0666666666666,1129.4833333333333,659301.433826102,335770.1416811106,66.25668444905983,1,0
profile,tfl-numbat-2019-midweek,morning,15,3.966666666666667,1,2,off,free-flow,1,0,940GZZLUEUS,0,3900,2759,1800,1785,69d4d38d8565a9e6,119,119,0,0,76,43,2.533333333333333,30,29,3.066666666666667,14,true,959,16,44,44,35,1,1,0,0,1,1,10,7,2,3,940GZZLUVIC-01-arrival,true,281,122.33557422969189,474.15,375.68333333333334,546.0449579831933,1042.8166666666666,1353.9333333333334,684506.4628764675,325239.3867880228,67.78997537884503,1,0
profile,tfl-numbat-2019-midweek,morning,15,3.966666666666667,1,3,off,free-flow,1,0,940GZZLUEUS,0,3900,2642,1800,1785,4bba75f61683de00,119,119,0,0,83,36,2.7666666666666666,24,35,3.933333333333333,1,true,842,13,39,39,33,1,1,0,0,2,1,29,23,6,4,london-link-048-a-arrival,true,309,113.51680672268908,466.28333333333336,359.96666666666664,534.0445378151261,924.05,1306.6666666666667,678566.6398540812,358013.70302587433,65.46204011247248,1,0
profile,tfl-numbat-2019-midweek,morning,12,4.966666666666667,1,1,off,free-flow,1,0,940GZZLUEUS,0,3900,2751,1800,1788,55e19f59b2536a66,149,149,0,0,100,49,3.3333333333333335,36,38,4.266666666666667,11,true,951,15,49,49,42,2,2,0,1,2,1,56,45,11,4,940GZZLULNB-01-arrival,true,284,104.08870246085012,426.8,344.6,520.0379194630872,1031.3,1134.85,840025.5165619276,436729.5440373335,65.79378789911755,1,0
profile,tfl-numbat-2019-midweek,morning,12,4.966666666666667,1,2,off,free-flow,1,0,940GZZLUEUS,0,3900,2627,1800,1788,04314078e25fbbdc,149,149,0,0,96,53,3.2,39,35,3.8,18,true,827,19,55,55,45,1,1,0,0,2,1,24,17,7,4,london-link-075-b-departure,true,344,122.29485458612976,543.9833333333333,383.78333333333336,540.2313199105145,1042.8166666666666,1364.6333333333334,844336.0736067742,423453.1911422821,66.59908685801189,1,0
profile,tfl-numbat-2019-midweek,morning,12,4.966666666666667,1,3,off,free-flow,1,0,940GZZLUEUS,0,3900,2971,1800,1788,6cc4332fc789a716,149,149,0,0,106,43,3.533333333333333,29,45,5.133333333333334,-2,true,1171,18,48,47,39,2,1,0,0,2,1,54,39,15,4,london-link-048-a-arrival,true,517,128.14328859060404,548.5666666666667,411.8333333333333,559.0614093959731,1008.8333333333334,1289.0666666666666,870805.419893213,419638.1942374856,67.48109025126425,1,0
profile,tfl-numbat-2019-midweek,morning,10,5.966666666666667,1,1,off,free-flow,1,0,940GZZLUEUS,0,3900,2924,1800,1790,944d0fed765eed8b,179,179,0,0,117,62,3.9,43,46,4.933333333333334,16,true,1124,21,65,64,46,2,2,0,0,2,1,38,28,10,4,london-link-082-a-departure,true,371,131.06806331471137,472.95,376.05,551.8125698324022,1060.8166666666666,1225.8,1020542.2555013087,550436.0661131223,64.96221121960096,1,0
profile,tfl-numbat-2019-midweek,morning,10,5.966666666666667,1,2,off,free-flow,1,0,940GZZLUEUS,0,3900,3132,1800,1790,ad331b2234d47096,179,179,0,0,124,55,4.133333333333334,44,45,5.333333333333333,10,true,1332,23,66,65,55,2,1,0,0,2,1,88,64,24,4,london-link-015-a-arrival,true,319,136.31964618249535,532.2833333333333,446.3,562.4344506517691,1066.8,1491.8166666666666,1033944.4812015888,539006.7858707277,65.7327727085936,1,0
profile,tfl-numbat-2019-midweek,morning,10,5.966666666666667,1,3,off,free-flow,1,0,940GZZLUEUS,0,3900,3257,1800,1790,6a65d9c30f59177b,179,179,0,0,118,61,3.933333333333333,35,54,5.533333333333333,7,true,1457,25,62,61,44,2,1,0,0,2,1,101,82,18,4,940GZZLUKSX-01-arrival,true,458,150.43026070763503,567.6833333333333,463.68333333333334,574.3192737430168,1075.0666666666666,1576.7166666666667,1027276.7886547694,585229.944897975,63.70682163859427,1,0
profile,tfl-numbat-2019-midweek,morning,8.571429,7,1,1,off,free-flow,1,0,940GZZLUEUS,0,3900,3048,1800,1799,cda90f11c595fc68,210,210,0,0,141,69,4.7,46,59,6.333333333333333,10,true,1248,25,74,73,53,2,3,0,0,2,1,150,119,30,5,940GZZLULNB-diverge,true,424,149.5092857142857,600.8,435.93333333333334,575.3492063492063,1082.1666666666667,1452.65,1210562.4101854968,628166.1433713246,65.83692888457053,1,0
profile,tfl-numbat-2019-midweek,morning,8.571429,7,1,2,off,free-flow,1,0,940GZZLUEUS,0,3900,2879,1800,1799,7f2bdfec1fd345fe,210,210,0,0,143,67,4.766666666666667,44,61,6.6,6,true,1079,27,78,77,61,2,1,0,1,2,1,99,80,19,4,london-link-023-a-departure,true,263,139.43603174603174,498.76666666666665,433.6166666666667,561.7104761904761,1042.8166666666666,1473.7666666666667,1201908.1210683892,591996.6158595842,66.99955110919844,1,0
profile,tfl-numbat-2019-midweek,morning,8.571429,7,1,3,off,free-flow,1,0,940GZZLUEUS,0,3900,2991,1800,1799,7ea8c132a695c16b,210,210,0,0,137,73,4.566666666666666,42,63,6.333333333333333,10,true,1191,29,74,73,54,2,2,0,0,2,1,83,66,17,5,london-link-048-a-arrival,true,373,153.4568253968254,571.5333333333333,474.65,577.3726190476191,1065.9666666666667,1530.7833333333333,1205843.088160747,615316.5116406613,66.21292764743082,1,0
profile,tfl-numbat-2019-midweek,morning,7.5,7.966666666666667,1,1,off,free-flow,1,0,940GZZLUEUS,0,3900,2954,1800,1792.5,4731b4d993884c61,239,239,0,0,155,84,5.166666666666667,54,65,6.733333333333333,19,true,1154,30,85,84,65,3,3,0,1,2,1,196,124,69,5,london-link-022-a-departure,true,418.5,163.0976290097629,567.3333333333334,457.8,587.3652022315202,1098.1,1313.5833333333333,1371782.1518723064,733306.180353005,65.16506366372668,1,0
profile,tfl-numbat-2019-midweek,morning,7.5,7.966666666666667,1,2,off,free-flow,1,0,940GZZLUEUS,0,3900,3326,1800,1792.5,f9f836c87071a85e,239,239,0,0,162,77,5.4,51,68,7.4,9,true,1526,33,89,86,65,1,3,0,0,1,2,91,70,21,4,940GZZLUWLO-diverge,true,487.5,155.12670850767083,556.2666666666667,435.93333333333334,572.9594142259414,1076.3833333333334,1585.1833333333334,1351599.638212297,720771.7012034655,65.21995418993473,1,0
profile,tfl-numbat-2019-midweek,morning,7.5,7.966666666666667,1,3,off,free-flow,1,0,940GZZLUEUS,0,3900,3102,1800,1792.5,15f7af9d566e1cbd,239,239,0,0,154,85,5.133333333333334,45,74,7.266666666666667,11,true,1302,35,89,87,63,2,2,0,0,2,1,143,116,27,5,940GZZLUWLO-01-arrival,true,502.5,176.36269177126917,612.9,503.1333333333333,603.1493723849372,1154.55,1585.75,1382297.9341791952,784757.0971013359,63.78693269097018,1,0
profile,tfl-numbat-2019-midweek,morning,6.666667,8.966666666666667,1,1,off,free-flow,1,0,940GZZLUEUS,0,3900,2924,1800,1793.3333333333333,34ba04f18e7fc846,269,269,0,0,174,95,5.8,58,76,7.733333333333333,19,true,1124,40,100,97,73,2,3,0,0,2,2,199,142,57,5,940GZZLULNB-01-arrival,true,402.6666666666667,175.02193308550187,606.15,480.98333333333335,596.0276332094176,1116.1666666666667,1474.45,1530287.0275234787,863410.4365024713,63.929842869520165,1,0
profile,tfl-numbat-2019-midweek,morning,6.666667,8.966666666666667,1,2,off,free-flow,1,0,940GZZLUEUS,0,3900,3031,1800,1793.3333333333333,b3b95630ed092780,269,269,0,0,179,90,5.966666666666667,54,80,8.333333333333334,10,true,1231,37,102,99,69,3,3,0,1,2,2,221,163,56,5,940GZZLUWLO-diverge,true,552.6666666666666,167.04677819083022,592.4333333333333,450.1666666666667,597.2674721189592,1086.55,1484.1,1565746.5068582734,846916.2572573721,64.89703120328933,1,0
profile,tfl-numbat-2019-midweek,morning,6.666667,8.966666666666667,1,3,off,free-flow,1,0,940GZZLUEUS,0,3900,2899,1800,1793.3333333333333,8e5746ead23083f4,269,269,0,0,175,94,5.833333333333333,55,79,8,15,true,1099,37,96,94,67,2,2,0,1,2,1,173,139,33,5,london-link-049-a-departure,true,538.6666666666666,178.48674101610905,599.5666666666667,480.1,598.8074969021065,1085.9833333333333,1613.3166666666666,1530131.6912406664,880720.2301186832,63.468505787693,1,0
profile,tfl-numbat-2019-midweek,morning,6,9.966666666666667,1,1,off,free-flow,1,0,940GZZLUEUS,0,3900,3642,1800,1794,1c08fe1ead694371,299,299,0,0,187,112,6.233333333333333,65,84,8.133333333333333,28,true,1842,48,116,112,81,3,2,1,1,2,2,184,142,40,5,london-link-082-a-departure,true,894,195.67458193979934,1013.3833333333333,494.68333333333334,615.9332775919733,1120.7,1967.95,1699821.6918285408,1058748.6530849559,61.61966088567678,1,0
profile,tfl-numbat-2019-midweek,morning,6,9.966666666666667,1,2,off,free-flow,1,0,940GZZLUEUS,0,3900,2933,1800,1794,5d52463e8423e3e8,299,299,0,0,198,101,6.6,57,92,9.4,9,true,1133,45,112,107,73,3,2,0,1,1,2,340,271,69,5,london-link-070-b-arrival,true,512,194.67892976588627,598.75,485.43333333333334,618.4817168338907,1130.3666666666666,1540.05,1711598.162981002,964770.8960420494,63.95224743801898,1,0
profile,tfl-numbat-2019-midweek,morning,6,9.966666666666667,1,3,off,free-flow,1,0,940GZZLUEUS,0,3900,3061,1800,1794,c3759d12dff30a69,299,299,0,0,190,109,6.333333333333333,58,91,8.8,18,true,1261,50,113,109,75,2,2,0,1,2,2,325,253,72,7,london-link-048-a-departure,true,499,212.77056856187292,807.1,529,637.0451505016722,1154.2333333333333,1660.3166666666666,1716542.487737041,1124479.5337462337,60.419893783183284,1,0
profile,tfl-numbat-2019-midweek,morning,5.4545449999999995,11,1,1,off,free-flow,1,0,940GZZLUEUS,0,3900,3348,1800,1798.5,c64244c66b891430,330,330,0,0,206,124,6.866666666666666,70,95,9.066666666666666,29,true,1548,55,128,114,75,3,2,0,0,2,2,285,218,67,5,london-link-022-a-departure,true,620.5,235.1910101010101,874.9333333333333,630.3166666666667,656.2873737373737,1239.7333333333333,1827.45,1878157.5258142976,1276896.9329291373,59.528529550716925,1,0
profile,tfl-numbat-2019-midweek,morning,5.4545449999999995,11,1,2,off,free-flow,1,0,940GZZLUEUS,0,3900,3473,1800,1798.5,c421d6886132d7aa,330,330,0,0,208,122,6.933333333333334,59,106,9.933333333333334,16,true,1673,60,131,114,74,3,3,0,0,2,2,329,255,74,6,london-link-048-a-departure,true,920.5,242.64964646464648,919.8333333333334,599.6833333333333,667.1138888888889,1247.1333333333334,1674.3833333333334,1894016.7979019748,1335321.006916006,58.650315091726036,1,0
profile,tfl-numbat-2019-midweek,morning,5.4545449999999995,11,1,3,off,free-flow,1,0,940GZZLUEUS,0,3900,3124,1800,1798.5,bd64ac0fbdcacbce,330,330,0,0,196,134,6.533333333333333,59,106,9.133333333333333,28,true,1324,69,134,114,79,2,3,0,0,2,1,310,260,47,5,london-link-009-a-arrival,true,673.5,279.14126262626263,837.3833333333333,652.3,703.4452525252525,1219.2333333333333,1630.45,1894743.4266696682,1377552.9338228079,57.902561930072615,1,0
profile,tfl-numbat-2019-midweek,morning,5,11.966666666666667,1,1,off,free-flow,1,0,940GZZLUEUS,0,3900,3443,1800,1795,5960e07ad149c806,359,359,0,0,205,154,6.833333333333333,73,106,8.8,48,true,1643,87,154,114,74,4,2,0,1,2,2,469,366,102,5,london-link-017-a-departure,true,1078,316.34549675023214,1182.5166666666667,728.8333333333334,737.1937325905292,1338.0666666666666,2047.4333333333334,2042555.8810417876,1499869.5465731423,57.659813107682396,1,0
profile,tfl-numbat-2019-midweek,morning,5,11.966666666666667,1,2,off,free-flow,1,0,940GZZLUEUS,0,3900,3435,1800,1795,fd71a29997bbff89,359,359,0,0,215,144,7.166666666666667,68,111,9.8,33,true,1635,93,146,114,77,3,3,0,0,2,1,362,271,90,5,london-link-048-a-departure,true,945,325.6226090993501,949.25,776.8,752.3945218198701,1371.4,1739.7166666666667,2069706.631397478,1548576.2745444905,57.20134896026487,1,0
profile,tfl-numbat-2019-midweek,morning,5,11.966666666666667,1,3,off,free-flow,1,0,940GZZLUEUS,0,3900,3524,1800,1795,53029c581d4402c7,359,359,0,0,196,163,6.533333333333333,62,117,8.933333333333334,46,true,1724,92,163,114,72,3,2,0,1,2,1,440,353,85,5,london-link-017-a-departure,true,1122,353.32901578458683,1166.1666666666667,826.45,779.168198700093,1378.3,1773.3333333333333,2067631.203854936,1612899.66221406,56.17752653337416,1,0
profile,tfl-numbat-2019-midweek,morning,4.615385,13.033333333333333,1,1,off,free-flow,1,0,940GZZLUEUS,0,3900,3722,1800,1798.6,b9bdf89a2a5e69f2,391,391,0,0,221,170,7.366666666666666,78,117,9.533333333333333,53,true,1922,109,176,114,75,2,2,0,1,2,2,412,316,96,5,london-link-009-a-arrival,true,1070.4,359.5174765558397,1129.35,862.5666666666667,781.487084398977,1558.5666666666666,2046.35,2231409.0816785507,1593242.930961112,58.34280018951313,1,0
profile,tfl-numbat-2019-midweek,morning,4.615385,13.033333333333333,1,2,off,free-flow,1,0,940GZZLUEUS,0,3900,3469,1800,1798.6,8b758b26ca8b1088,391,391,0,0,217,174,7.233333333333333,73,122,9.6,52,true,1669,114,174,114,76,2,4,0,0,2,2,409,307,102,5,940GZZLUWLO-01-arrival,true,945.4,371.38520886615515,1082.6166666666666,836.2333333333333,797.3682011935209,1454.15,1833.6166666666666,2254295.226720536,1605975.4646241136,58.39733549709429,1,0
profile,tfl-numbat-2019-midweek,morning,4.615385,13.033333333333333,1,3,off,free-flow,1,0,940GZZLUEUS,0,3900,3566,1800,1798.6,7433030a10576159,391,391,0,0,210,181,7,66,129,9.6,52,true,1766,115,181,114,71,2,4,1,1,2,2,556,436,120,6,london-link-084-a-arrival,true,1204.4,411.7580988917306,1245.75,988.55,834.8676470588235,1544.9333333333334,1815.3833333333334,2234411.4516335865,1725713.545253411,56.42275063009446,1,0
profile,tfl-numbat-2019-midweek,morning,4.2857140000000005,14,1,1,off,free-flow,1,0,940GZZLUEUS,0,3900,3900,1800,1799,8f257d775b622b3f,420,419,1,0,218,202,7.266666666666667,79,131,9.266666666666667,71,false,0,144,203,114,74,3,2,0,1,1,2,612,465,145,5,940GZZLULNB-01-departure,true,1390,480.76718253968255,1398.4333333333334,1081.1333333333334,909.3325775656324,1713.6166666666666,2200.4666666666667,2447201.4054339305,1905380.807404661,56.22412824772256,1,0
profile,tfl-numbat-2019-midweek,morning,4.2857140000000005,14,1,2,off,free-flow,1,0,940GZZLUEUS,0,3900,3900,1800,1799,147acec647511cf7,420,419,1,0,217,203,7.233333333333333,76,134,9.4,69,false,0,143,204,114,76,3,3,0,0,2,2,529,404,125,7,london-link-082-a-arrival,true,1377,472.96476190476193,1466.8833333333334,1015.4833333333333,892.1957438345266,1572.85,2027.8333333333333,2397029.5055533512,1891213.4424575348,55.897707630236305,1,0
profile,tfl-numbat-2019-midweek,morning,4.2857140000000005,14,1,3,off,free-flow,1,0,940GZZLUEUS,0,3900,3900,1800,1799,a415c0f5b05ea09e,420,419,1,0,209,211,6.966666666666667,71,139,9.2,72,false,0,146,211,114,73,4,4,0,1,2,2,537,437,100,6,london-link-048-a-departure,true,1446,505.6881349206349,1502.1666666666667,1071.9333333333334,923.4971758154335,1652.0333333333333,1994.7,2384336.7313409946,1930286.9022621016,55.261754762833405,1,0
profile,tfl-numbat-2019-midweek,morning,4,14.966666666666667,1,1,off,free-flow,1,0,940GZZLUEUS,0,3900,3900,1800,1796,770f9d7a64f87d13,449,448,1,0,222,227,7.4,81,143,9.4,84,false,0,171,227,114,72,3,3,0,1,2,2,543,412,129,6,london-link-082-a-departure,true,1373,542.4050111358575,1472.4833333333333,1195.7333333333333,972.5384672619048,1823.6166666666666,2186.0333333333333,2624525.1725440635,2011957.7098793131,56.6059497921038,1,0
profile,tfl-numbat-2019-midweek,morning,4,14.966666666666667,1,2,off,free-flow,1,0,940GZZLUEUS,0,3900,3819,1800,1796,7d616be7f0c36e85,449,449,0,0,218,231,7.266666666666667,77,147,9.4,84,true,2019,171,231,114,72,2,3,0,1,2,2,716,549,164,7,london-link-048-a-departure,true,1445,550.1278767631775,1460.0333333333333,1162.0833333333333,969.4792873051225,1722.8666666666666,2120.733333333333,2538617.1187881636,2026262.8466384846,55.61191396082847,1,0
profile,tfl-numbat-2019-midweek,morning,4,14.966666666666667,1,3,off,free-flow,1,0,940GZZLUEUS,0,3900,3900,1800,1796,a0ab47d20ba11e88,449,447,2,0,212,237,7.066666666666666,72,152,9.333333333333334,85,false,0,168,238,114,72,3,3,0,1,2,2,564,449,114,5,london-link-017-a-departure,true,1491,585.8201930215293,1542.2833333333333,1224.0666666666666,1000.7005219985086,1731.1833333333334,2091,2547174.088353303,2050702.0164261616,55.39892833792391,1,0
profile,tfl-numbat-2019-midweek,am-peak,60,0.9666666666666667,1,1,off,free-flow,1,0,940GZZLUEUS,0,3900,2434,1800,1740,91f17b3654b28322,29,29,0,0,23,6,0.7666666666666667,7,7,1.0666666666666667,-1,true,634,2,9,9,9,0,1,0,0,2,1,0,0,0,2,940GZZLUBNK-01-arrival,true,0,15.32183908045977,205.88333333333333,111.53333333333333,446.6649425287356,757.05,826.5333333333333,170038.47935630876,26973.178481395626,86.30884142723383,1,0
profile,tfl-numbat-2019-midweek,am-peak,60,0.9666666666666667,1,2,off,free-flow,1,0,940GZZLUEUS,0,3900,2352,1800,1740,13a4fdcb6e345e29,29,29,0,0,22,7,0.7333333333333333,9,5,0.8666666666666667,2,true,552,3,8,8,8,0,1,0,0,1,1,0,0,0,1,940GZZLUBKF-01-departure,true,0,35.66149425287357,161.31666666666666,126.98333333333333,390.50632183908044,765.3166666666667,971.75,139007.43371350633,52748.269490098595,72.49194229488401,1,0
profile,tfl-numbat-2019-midweek,am-peak,60,0.9666666666666667,1,3,off,free-flow,1,0,940GZZLUEUS,0,3900,2652,1800,1740,2a25d7a620a8b34d,29,29,0,0,20,9,0.6666666666666666,7,7,0.8666666666666667,2,true,852,2,10,10,9,1,0,0,0,1,1,8,7,1,2,940GZZLUOXC-01-arrival,true,0,40.935057471264365,207.15,205.88333333333333,460.2614942528736,821.8833333333333,911.8333333333334,165121.07575321395,77354.64328737644,68.09798375134325,1,0
profile,tfl-numbat-2019-midweek,am-peak,30,1.9666666666666666,1,1,off,free-flow,1,0,940GZZLUEUS,0,3900,2416,1800,1770,b005b6d375179000,59,59,0,0,48,11,1.6,16,13,2.1333333333333333,-2,true,616,2,18,18,17,1,1,0,0,2,1,1,1,0,3,london-link-087-a-arrival,true,88,22.951412429378532,207.15,136.5,421.20593220338986,757.05,826.5333333333333,318439.65233857644,83579.30168585772,79.210109162968,1,0
profile,tfl-numbat-2019-midweek,am-peak,30,1.9666666666666666,1,2,off,free-flow,1,0,940GZZLUEUS,0,3900,2522,1800,1770,81208d9b58d5f9ff,59,59,0,0,44,15,1.4666666666666666,19,10,1.6666666666666667,5,true,722,5,17,17,16,1,1,0,0,1,1,9,8,1,3,london-link-075-a-arrival,true,211,47.07118644067796,240.4,176.01666666666668,422.4737288135593,781.2333333333333,971.75,299285.06624609604,154044.9133985241,66.01925301316166,1,0
profile,tfl-numbat-2019-midweek,am-peak,30,1.9666666666666666,1,3,off,free-flow,1,0,940GZZLUEUS,0,3900,2632,1800,1770,dbc46e79bcf53e4f,59,59,0,0,44,15,1.4666666666666666,15,14,1.9333333333333333,1,true,832,5,21,20,20,1,0,0,0,1,1,12,10,2,3,london-link-070-a-departure,true,103,58.93022598870057,271.8833333333333,245.75,470.46666666666664,891.7333333333333,947.7,329065.43679483025,194231.391368696,62.8831323036416,1,0
profile,tfl-numbat-2019-midweek,am-peak,20,2.966666666666667,1,1,off,free-flow,1,0,940GZZLUEUS,0,3900,2697,1800,1780,66f80c9375c76554,89,89,0,0,68,21,2.2666666666666666,22,22,3.066666666666667,-1,true,897,6,27,27,24,1,1,0,0,2,1,8,5,3,3,london-link-070-a-departure,true,352,53.92378277153558,391.53333333333336,207.15,460.77546816479406,842.0833333333334,951.7833333333333,490565.84760020924,229479.91170061615,68.12981553791187,1,0
profile,tfl-numbat-2019-midweek,am-peak,20,2.966666666666667,1,2,off,free-flow,1,0,940GZZLUEUS,0,3900,2810,1800,1780,e9fa7be6e6bf2313,89,89,0,0,65,24,2.1666666666666665,25,19,2.6666666666666665,5,true,1010,9,28,27,22,1,1,0,0,2,1,14,11,3,3,london-link-049-a-departure,true,322,78.11947565543072,421.1666666666667,273.21666666666664,458.20131086142317,831.4333333333333,1129.95,457548.8912399655,239083.79428280643,65.68007800216961,1,0
profile,tfl-numbat-2019-midweek,am-peak,20,2.966666666666667,1,3,off,free-flow,1,0,940GZZLUEUS,0,3900,2503,1800,1780,06bdf1662b8a1f89,89,89,0,0,66,23,2.2,21,23,3,0,true,703,8,29,29,26,1,2,0,0,1,1,10,9,1,3,london-link-070-a-departure,true,272,73.54550561797753,386.1666666666667,258.31666666666666,466.6220973782772,862.5166666666667,1038.1833333333334,473934.72717816423,235606.73304839572,66.7945079667134,1,0
profile,tfl-numbat-2019-midweek,am-peak,15,3.966666666666667,1,1,off,free-flow,1,0,940GZZLUEUS,0,3900,2528,1800,1785,a78b0f070e897eab,119,119,0,0,86,33,2.8666666666666667,26,33,4,0,true,728,12,35,35,32,1,2,0,0,2,1,27,21,6,3,940GZZLUKSX-01-arrival,true,182,66.19313725490196,433.7,256.26666666666665,462.0403361344538,885.4333333333333,997.9,637674.0092436471,298034.1403438079,68.14881429907302,1,0
profile,tfl-numbat-2019-midweek,am-peak,15,3.966666666666667,1,2,off,free-flow,1,0,940GZZLUEUS,0,3900,2853,1800,1785,5a5f0ba061327b6a,119,119,0,0,83,36,2.7666666666666666,33,26,3.3333333333333335,10,true,1053,14,38,38,30,1,1,0,0,2,1,35,28,7,3,940GZZLUBNK-01-arrival,true,219,98.09677871148459,548.5666666666667,368.55,495.7219887955182,974.75,1397.8333333333333,640314.23758406,353378.23697646137,64.43786724532161,1,0
profile,tfl-numbat-2019-midweek,am-peak,15,3.966666666666667,1,3,off,free-flow,1,0,940GZZLUEUS,0,3900,2762,1800,1785,c3c03c914bb6c564,119,119,0,0,89,30,2.966666666666667,27,32,4.133333333333334,-2,true,962,13,35,35,30,2,2,0,0,2,1,39,31,8,4,london-link-081-a-departure,true,312,92.78697478991597,391.53333333333336,291.23333333333335,492.78935574229695,908.8166666666667,1246.1666666666667,644545.7968098928,333229.9738274521,65.91959180884157,1,0
profile,tfl-numbat-2019-midweek,am-peak,12,4.966666666666667,1,1,off,free-flow,1,0,940GZZLUEUS,0,3900,2819,1800,1788,f2c28309e2ce7687,149,149,0,0,112,37,3.7333333333333334,32,42,5.333333333333333,-5,true,1019,15,45,45,38,2,2,0,0,2,1,72,56,16,4,london-link-030-a-arrival,true,279,80.04608501118568,463.68333333333334,271.8833333333333,487.98165548098433,885.4333333333333,1212.25,822865.9539020788,398436.6523770603,67.3760908780052,1,0
profile,tfl-numbat-2019-midweek,am-peak,12,4.966666666666667,1,2,off,free-flow,1,0,940GZZLUEUS,0,3900,2596,1800,1788,4f469d7049de7204,149,149,0,0,106,43,3.533333333333333,38,36,4.533333333333333,7,true,796,15,47,47,41,1,1,0,0,2,1,33,25,8,4,london-link-082-a-departure,true,150,103.66152125279642,551.7333333333333,354.6166666666667,502.41845637583896,927.25,1411.9166666666667,803503.8074594451,418357.7656418244,65.76062502890822,1,0
profile,tfl-numbat-2019-midweek,am-peak,12,4.966666666666667,1,3,off,free-flow,1,0,940GZZLUEUS,0,3900,2742,1800,1788,fb7bde77c7f4ae02,149,149,0,0,102,47,3.4,34,40,4.533333333333333,7,true,942,19,48,47,37,1,2,0,0,1,2,28,20,8,4,london-link-057-b-departure,true,466,109.87885906040268,477.73333333333335,405,503.0734899328859,907.3666666666667,1323.9833333333333,792965.537800214,405558.6763519258,66.16182872543578,1,0
profile,tfl-numbat-2019-midweek,am-peak,10,5.966666666666667,1,1,off,free-flow,1,0,940GZZLUEUS,0,3900,2689,1800,1790,523cd75d5a7198e9,179,179,0,0,128,51,4.266666666666667,45,44,5.533333333333333,7,true,889,16,54,54,43,1,2,0,0,2,2,80,65,15,4,london-link-017-a-arrival,true,289,96.56266294227187,450.8833333333333,299.95,503.06173184357544,918.0166666666667,1323.1666666666667,983928.6678970043,464139.1167452707,67.94769404666165,1,0
profile,tfl-numbat-2019-midweek,am-peak,10,5.966666666666667,1,2,off,free-flow,1,0,940GZZLUEUS,0,3900,3042,1800,1790,1b0e7b93da5a461c,179,179,0,0,122,57,4.066666666666666,41,48,5.4,9,true,1242,20,57,57,47,1,2,0,0,2,1,69,58,11,4,london-link-072-a-arrival,true,246,112.00772811918064,541.3833333333333,392.18333333333334,523.835009310987,999.4333333333333,1441.95,996777.3200693333,509326.55710982234,66.1825080708403,1,0
profile,tfl-numbat-2019-midweek,am-peak,10,5.966666666666667,1,3,off,free-flow,1,0,940GZZLUEUS,0,3900,2547,1800,1790,03cb8a2c06b5ed7f,179,179,0,0,124,55,4.133333333333334,42,47,5.466666666666667,8,true,747,19,61,60,45,4,2,0,0,2,2,1691,89,784,5,940GZZLUWLO-01-arrival,true,282,114.69143389199255,488.3833333333333,375.9166666666667,502.78891992551206,889.4,1300.0166666666667,937552.5505310727,416413.4009604888,69.24491339669525,1,0
profile,tfl-numbat-2019-midweek,am-peak,8.571429,7,1,1,off,free-flow,1,0,940GZZLUEUS,0,3900,3025,1800,1799,1cdd19da9c40d2c2,210,210,0,0,142,68,4.733333333333333,50,55,6.133333333333334,13,true,1225,23,68,67,49,1,2,0,0,2,2,93,72,21,4,london-link-017-a-arrival,true,479,120.47190476190477,607.3,362.2,532.6484920634921,1023.15,1355.4833333333333,1170652.6995252215,603747.0484429502,65.97457539462071,1,0
profile,tfl-numbat-2019-midweek,am-peak,8.571429,7,1,2,off,free-flow,1,0,940GZZLUEUS,0,3900,2774,1800,1799,b57b46766d35932b,210,210,0,0,143,67,4.766666666666667,48,57,6.333333333333333,10,true,974,25,70,70,59,2,2,0,0,2,1,84,62,22,4,940GZZLUWLO-01-arrival,true,208,115.39150793650794,562.3166666666667,365.0833333333333,522.9496825396825,966.4,1411.5833333333333,1157418.3185656606,537516.3033354902,68.28690048631042,1,0
profile,tfl-numbat-2019-midweek,am-peak,8.571429,7,1,3,off,free-flow,1,0,940GZZLUEUS,0,3900,2786,1800,1799,4467f8d100e65ee9,210,210,0,0,148,62,4.933333333333334,49,56,6.6,6,true,986,23,68,68,52,2,2,0,0,2,2,64,53,11,5,940GZZLUWLO-01-arrival,true,314,121.78095238095239,511.71666666666664,361.8,511.7239682539683,945.3666666666667,1246.1666666666667,1107182.2861482194,496390.3750735198,69.04472200870978,1,0
profile,tfl-numbat-2019-midweek,am-peak,7.5,7.966666666666667,1,1,off,free-flow,1,0,940GZZLUEUS,0,3900,2812,1800,1792.5,c5bb3efd32d68016,239,239,0,0,160,79,5.333333333333333,56,63,6.933333333333334,16,true,1012,31,80,78,56,1,3,0,0,2,2,99,67,30,4,london-link-017-a-arrival,true,312.5,132.46889818688982,601.9333333333333,379.4166666666667,545.4590655509065,999.2,1348.6666666666667,1335473.5669449687,666889.3186699825,66.69488215842694,1,0
profile,tfl-numbat-2019-midweek,am-peak,7.5,7.966666666666667,1,2,off,free-flow,1,0,940GZZLUEUS,0,3900,2601,1800,1792.5,68d8ac9c4adb685f,239,239,0,0,163,76,5.433333333333334,54,65,7.266666666666667,11,true,801,26,84,82,68,2,2,0,0,2,2,149,111,38,4,940GZZLUWLO-01-arrival,true,235.5,122.8907949790795,562.3166666666667,363.06666666666666,517.5162482566249,958.3666666666667,1411.5833333333333,1274362.1827059905,592633.8438613266,68.25735912513157,1,0
profile,tfl-numbat-2019-midweek,am-peak,7.5,7.966666666666667,1,3,off,free-flow,1,0,940GZZLUEUS,0,3900,2827,1800,1792.5,e058693e89b7cdb5,239,239,0,0,167,72,5.566666666666666,55,64,7.466666666666667,8,true,1027,28,79,77,58,2,3,0,0,2,2,157,129,28,5,940GZZLUWLO-exit,true,311.5,128.70739191073918,533.4666666666667,356.43333333333334,517.5831241283124,955.1,1242.25,1253894.3296409096,602879.2417326437,67.53081522553867,1,0
profile,tfl-numbat-2019-midweek,am-peak,6.666667,8.966666666666667,1,1,off,free-flow,1,0,940GZZLUEUS,0,3900,2970,1800,1793.3333333333333,49a37ab7a7c4d1c5,269,269,0,0,178,91,5.933333333333334,66,68,7.466666666666667,23,true,1170,34,93,90,63,2,4,1,0,2,2,93,68,25,4,940GZZLUVIC-01-arrival,true,509.6666666666667,147.72038413878562,597.8666666666667,426.4,549.76697645601,990.1333333333333,1344.6,1462740.8914626888,740273.5227109229,66.39724561272959,1,0
profile,tfl-numbat-2019-midweek,am-peak,6.666667,8.966666666666667,1,2,off,free-flow,1,0,940GZZLUEUS,0,3900,2767,1800,1793.3333333333333,5298a0fc6c131c1b,269,269,0,0,187,82,6.233333333333333,56,78,8.733333333333333,4,true,967,32,93,91,72,1,2,0,1,2,2,113,89,24,4,london-link-020-a-departure,true,486.6666666666667,136.94578686493185,567.6833333333333,372.51666666666665,535.5448574969022,970.9833333333333,1429.1,1449676.529278628,673146.4017145006,68.29003531634267,1,0
profile,tfl-numbat-2019-midweek,am-peak,6.666667,8.966666666666667,1,3,off,free-flow,1,0,940GZZLUEUS,0,3900,3077,1800,1793.3333333333333,211dd28cc9405e83,269,269,0,0,190,79,6.333333333333333,64,70,8.4,9,true,1277,33,88,87,63,2,3,0,0,1,1,258,197,58,5,940GZZLUWLO-01-arrival,true,426.6666666666667,142.56121437422553,606.15,406.8666666666667,534.4534696406444,992.75,1463.3666666666666,1422083.7636322028,697423.9491953234,67.09500300591377,1,0
profile,tfl-numbat-2019-midweek,am-peak,6,9.966666666666667,1,1,off,free-flow,1,0,940GZZLUEUS,0,3900,3079,1800,1794,ec993b94e97e8c08,299,299,0,0,196,103,6.533333333333333,67,82,8.6,21,true,1279,42,104,102,70,2,4,0,1,2,2,329,267,62,6,london-link-075-a-arrival,true,466,159.52720178372354,637.2833333333333,411.18333333333334,556.3289855072463,1010.55,1392.0666666666666,1599807.3212751518,824954.9471281095,65.97790398349635,1,0
profile,tfl-numbat-2019-midweek,am-peak,6,9.966666666666667,1,2,off,free-flow,1,0,940GZZLUEUS,0,3900,2866,1800,1794,cff3592b57bdace5,299,299,0,0,211,88,7.033333333333333,58,91,10.2,-3,true,1066,36,104,102,77,2,2,0,0,1,2,229,185,44,5,london-link-050-a-arrival,true,493,148.10039018952062,567.6833333333333,413.68333333333334,545.5353400222966,1055.9,1539,1602639.5758973386,792083.7464013313,66.92378868883199,1,0
profile,tfl-numbat-2019-midweek,am-peak,6,9.966666666666667,1,3,off,free-flow,1,0,940GZZLUEUS,0,3900,2910,1800,1794,44eaa9db7e5a8804,299,299,0,0,204,95,6.8,70,79,8.933333333333334,16,true,1110,39,102,99,72,2,3,0,0,1,1,239,191,45,5,940GZZLUWLO-01-arrival,true,425,160.65735785953177,600.65,421.21666666666664,551.3589186176143,1017.6,1457.8666666666666,1574501.6209536379,878542.4926170358,64.18562194797953,1,0
profile,tfl-numbat-2019-midweek,am-peak,5.4545449999999995,11,1,1,off,free-flow,1,0,940GZZLUEUS,0,3900,3334,1800,1798.5,d27211c532c656cc,330,330,0,0,216,114,7.2,75,90,9.4,24,true,1534,52,117,114,74,3,4,0,1,2,2,257,208,49,5,london-link-017-a-arrival,true,699.5,187.30171717171717,1040.2333333333333,477.6666666666667,587.6908080808081,1114.7166666666667,1562.6333333333334,1783948.4405882966,1080908.9740348586,62.27006033467666,1,0
profile,tfl-numbat-2019-midweek,am-peak,5.4545449999999995,11,1,2,off,free-flow,1,0,940GZZLUEUS,0,3900,2998,1800,1798.5,b1938ab1a755350f,330,330,0,0,225,105,7.5,62,103,10.866666666666667,2,true,1198,43,117,112,80,3,3,0,0,1,1,280,223,57,5,london-link-041-a-departure,true,552.5,172.7090909090909,678.7333333333333,477.71666666666664,568.8313131313132,1091.45,1526.4,1765470.757979408,987711.006312087,64.12474399174785,1,0
profile,tfl-numbat-2019-midweek,am-peak,5.4545449999999995,11,1,3,off,free-flow,1,0,940GZZLUEUS,0,3900,2897,1800,1798.5,8d37e544ed24f656,330,330,0,0,223,107,7.433333333333334,72,93,10.066666666666666,14,true,1097,46,113,108,75,2,3,0,0,1,2,242,191,51,5,london-link-048-a-departure,true,471.5,176.90601010101008,665.65,448.18333333333334,564.0632828282828,1048.5,1395,1723213.2712171553,1030992.60671993,62.566610761423945,1,0
profile,tfl-numbat-2019-midweek,am-peak,5,11.966666666666667,1,1,off,free-flow,1,0,940GZZLUEUS,0,3900,3433,1800,1795,03cdebea63353488,359,359,0,0,222,137,7.4,77,102,9.666666666666666,35,true,1633,71,138,114,73,3,6,0,1,2,2,423,354,69,5,london-link-022-a-departure,true,868,240.81234911792015,971.1166666666667,612.65,637.4911792014856,1238.2333333333333,1807.6,1920763.5138025538,1361226.496433395,58.52435588810541,1,0
profile,tfl-numbat-2019-midweek,am-peak,5,11.966666666666667,1,2,off,free-flow,1,0,940GZZLUEUS,0,3900,3015,1800,1795,1ce863a45082331f,359,359,0,0,236,123,7.866666666666666,67,112,11.266666666666667,11,true,1215,63,131,114,82,3,3,0,0,1,2,387,319,68,5,london-link-020-b-arrival,true,656,230.5188486536676,982.25,588.2,623.0101207056639,1220.5833333333333,1674.1666666666667,1898188.4428760216,1181530.4835868196,61.63511957424483,1,0
profile,tfl-numbat-2019-midweek,am-peak,5,11.966666666666667,1,3,off,free-flow,1,0,940GZZLUEUS,0,3900,3179,1800,1795,274627ca8e822360,359,359,0,0,233,126,7.766666666666667,75,104,10.533333333333333,22,true,1379,66,133,114,73,5,3,0,0,1,2,782,577,204,7,london-link-048-a-departure,true,742,237.50064995357474,850.8833333333333,589.6833333333333,630.1487465181058,1236.9666666666667,1536.3166666666666,1897410.79081745,1318387.2978676918,59.0027961485994,1,0
profile,tfl-numbat-2019-midweek,am-peak,4.615385,13.033333333333333,1,1,off,free-flow,1,0,940GZZLUEUS,0,3900,3595,1800,1798.6,ea9a92c10a2e02f6,391,391,0,0,232,159,7.733333333333333,82,113,10,46,true,1795,93,164,114,74,3,6,1,1,2,2,388,301,75,5,london-link-020-a-departure,true,1260.4,308.74744245524295,1283.3333333333333,767.9333333333333,707.0727621483376,1389.6333333333334,1818.5833333333333,2100429.6755467206,1533122.7203174771,57.806505774830256,1,0
profile,tfl-numbat-2019-midweek,am-peak,4.615385,13.033333333333333,1,2,off,free-flow,1,0,940GZZLUEUS,0,3900,3411,1800,1798.6,0e4f347011d2dd56,391,391,0,0,230,161,7.666666666666667,72,123,10.533333333333333,38,true,1611,97,162,114,74,4,5,0,1,1,2,488,383,104,6,london-link-020-a-departure,true,927.4,325.4648763853367,1090.2833333333333,769.1666666666666,720.3491048593351,1372.1166666666666,1927.9166666666667,2083163.0083247088,1471440.9382980585,58.60464455692522,1,0
profile,tfl-numbat-2019-midweek,am-peak,4.615385,13.033333333333333,1,3,off,free-flow,1,0,940GZZLUEUS,0,3900,3390,1800,1798.6,629b0a4814791cff,391,391,0,0,234,157,7.8,77,118,10.466666666666667,39,true,1590,96,163,114,72,3,3,0,1,1,2,485,369,116,6,london-link-031-b-departure,true,1017.4,317.2375106564365,1047.25,730.0833333333334,705.4113810741687,1325.2166666666667,1878.55,2044836.3478767108,1551276.1851225628,56.86241265011948,1,0
profile,tfl-numbat-2019-midweek,am-peak,4.2857140000000005,14,1,1,off,free-flow,1,0,940GZZLUEUS,0,3900,3659,1800,1799,24df56c9a0e2d1b9,420,420,0,0,228,192,7.6,86,124,9.466666666666667,68,true,1859,124,193,114,71,3,6,0,1,2,2,448,349,98,5,london-link-017-a-departure,true,1177,391.3754761904762,1321.8333333333333,907.95,790.0988095238096,1510.05,2047.8,2257684.996867854,1735081.3272624083,56.54438085253191,1,0
profile,tfl-numbat-2019-midweek,am-peak,4.2857140000000005,14,1,2,off,free-flow,1,0,940GZZLUEUS,0,3900,3570,1800,1799,ad09ad1e7b111875,420,420,0,0,237,183,7.9,79,131,10.533333333333333,52,true,1770,119,183,114,77,4,5,0,0,1,2,566,460,104,7,london-link-084-b-departure,true,1135,379.345873015873,1194.3166666666666,813.35,771.4634920634921,1374.8833333333334,1864.55,2218462.4357254067,1645502.443962132,57.414145956337045,1,0
profile,tfl-numbat-2019-midweek,am-peak,4.2857140000000005,14,1,3,off,free-flow,1,0,940GZZLUEUS,0,3900,3420,1800,1799,faba3276afd301f0,420,420,0,0,241,179,8.033333333333333,84,126,10.466666666666667,53,true,1620,116,183,114,74,5,5,0,1,2,2,580,421,152,6,london-link-020-a-departure,true,1111,379.10829365079366,1190.7833333333333,900.9333333333333,769.1215873015873,1490.15,1939.35,2203774.2052379074,1660762.1713723042,57.025577985914936,1,0
profile,tfl-numbat-2019-midweek,am-peak,4,14.966666666666667,1,1,off,free-flow,1,0,940GZZLUEUS,0,3900,3850,1800,1796,e9e681de5348b2c1,449,449,0,0,231,218,7.7,91,133,9.333333333333334,85,true,2050,155,220,114,68,3,4,0,1,2,2,738,572,165,5,london-link-010-a-departure,true,1184,475.0472902746845,1467.8166666666666,1033.25,869.2847438752783,1580.45,2337.15,2384518.978515715,1857573.6735828018,56.2109122566222,1,0
profile,tfl-numbat-2019-midweek,am-peak,4,14.966666666666667,1,2,off,free-flow,1,0,940GZZLUEUS,0,3900,3900,1800,1796,15fe1f6c8c9c1257,449,446,3,0,243,206,8.1,83,141,10.666666666666666,65,false,0,156,206,114,76,3,4,0,1,1,2,604,482,122,6,london-link-017-a-departure,true,1484,458.80449146250925,1495.4,1024.55,841.1304559043349,1515.2666666666667,2075.733333333333,2366489.749457586,1813084.4808161366,56.6203545881898,1,0
profile,tfl-numbat-2019-midweek,am-peak,4,14.966666666666667,1,3,off,free-flow,1,0,940GZZLUEUS,0,3900,3597,1800,1796,57f343b118d7dc71,449,449,0,0,241,208,8.033333333333333,82,142,10.6,66,true,1797,144,210,114,71,4,4,0,1,2,2,867,643,224,6,london-link-057-b-departure,true,1313,436.5197475872309,1388.5833333333333,952.9333333333333,829.1062731997031,1542.6166666666666,1991.0833333333333,2372181.442233346,1766714.172286164,57.31435781834125,1,0
profile,tfl-numbat-2019-midweek,interpeak,60,0.9666666666666667,1,1,off,free-flow,1,0,940GZZLUEUS,0,3900,2269,1800,1740,2c08c203aad74678,29,29,0,0,24,5,0.8,7,7,1.1333333333333333,-2,true,469,2,9,9,9,0,0,0,0,1,1,0,0,0,2,london-link-114-a-arrival,true,0,33.50689655172414,205.88333333333333,123.51666666666667,395.5850574712644,626,746.1666666666666,142008.84649967361,34596.459244340076,80.41029452734163,1,0
profile,tfl-numbat-2019-midweek,interpeak,60,0.9666666666666667,1,2,off,free-flow,1,0,940GZZLUEUS,0,3900,2141,1800,1740,dbceb7018c3ce1a4,29,29,0,0,23,6,0.7666666666666667,9,5,0.9333333333333333,1,true,341,2,8,8,8,0,1,0,0,2,1,0,0,0,2,940GZZLUGPK-01-arrival,true,0,33.244827586206895,122.75,116.26666666666667,372.9270114942529,654.2,710.4666666666667,132883.3756310494,44485.521463630954,74.9192095162635,1,0
profile,tfl-numbat-2019-midweek,interpeak,60,0.9666666666666667,1,3,off,free-flow,1,0,940GZZLUEUS,0,3900,2204,1800,1740,6e32fb4454e823d6,29,29,0,0,23,6,0.7666666666666667,7,7,1.0666666666666667,-1,true,404,2,9,9,8,0,2,0,0,2,1,0,0,0,2,940GZZLUEUS-01-arrival,true,0,22.107471264367817,149.66666666666666,125.46666666666667,368.0637931034483,690.5,731.0833333333334,135333.7822177885,60451.6033972607,69.12353636235143,1,0
profile,tfl-numbat-2019-midweek,interpeak,30,1.9666666666666666,1,1,off,free-flow,1,0,940GZZLUEUS,0,3900,2374,1800,1770,5c50291a262c6011,59,59,0,0,49,10,1.6333333333333333,15,14,2.2666666666666666,-4,true,574,4,16,16,15,1,0,0,0,1,1,6,5,1,3,940GZZLULVT-01-arrival,true,0,39.94406779661017,205.88333333333333,149.66666666666666,396.78757062146894,712.4,757.05,284493.14340539655,72024.60249994078,79.79775107209818,1,0
profile,tfl-numbat-2019-midweek,interpeak,30,1.9666666666666666,1,2,off,free-flow,1,0,940GZZLUEUS,0,3900,2498,1800,1770,4be260785c883112,59,59,0,0,48,11,1.6,15,14,2.2,-3,true,698,4,15,15,15,1,1,0,0,2,1,8,7,1,2,940GZZLUBST-01-arrival,true,114,40.13757062146893,168.25,127.43333333333334,406.7621468926554,742.1666666666666,986.3,292404.32282980904,58514.1192852463,83.32543626588274,1,0
profile,tfl-numbat-2019-midweek,interpeak,30,1.9666666666666666,1,3,off,free-flow,1,0,940GZZLUEUS,0,3900,2660,1800,1770,7241b35501f39f8e,59,59,0,0,45,14,1.5,21,8,1.6,6,true,860,4,17,17,16,1,2,0,1,2,1,2,1,1,2,940GZZLUBST-01-arrival,true,106,30.952542372881354,160.5,136.93333333333334,407.6062146892655,831.1666666666666,911.4166666666666,300435.89641602524,144065.56466602097,67.58940582212635,1,0
profile,tfl-numbat-2019-midweek,interpeak,20,2.966666666666667,1,1,off,free-flow,1,0,940GZZLUEUS,0,3900,2503,1800,1780,016a76ba6d0b3cca,89,89,0,0,68,21,2.2666666666666666,27,17,2.7333333333333334,4,true,703,5,24,24,23,1,1,0,0,1,1,5,4,1,3,london-link-082-a-arrival,true,105,44.34325842696629,266.95,161.31666666666666,417.16647940074904,709.3666666666667,788.5166666666667,448852.7228849647,145964.5769380715,75.46060328415173,1,0
profile,tfl-numbat-2019-midweek,interpeak,20,2.966666666666667,1,2,off,free-flow,1,0,940GZZLUEUS,0,3900,2487,1800,1780,ed9a2bc8a5a94c22,89,89,0,0,67,22,2.2333333333333334,21,23,3.066666666666667,-1,true,687,7,26,26,22,1,1,0,0,2,1,15,12,3,3,london-link-057-a-arrival,true,159,56.746629213483146,278.1333333333333,178.95,433.80898876404495,756.7833333333333,986.3,453788.0439817284,119971.4189949248,79.09029362713858,1,0
profile,tfl-numbat-2019-midweek,interpeak,20,2.966666666666667,1,3,off,free-flow,1,0,940GZZLUEUS,0,3900,2577,1800,1780,93ff18cb310a4748,89,89,0,0,64,25,2.1333333333333333,24,20,2.6666666666666665,5,true,777,8,26,26,23,1,2,0,0,2,1,29,23,6,3,london-link-046-a-departure,true,278,50.55018726591761,343.9,169.26666666666668,433.2679775280899,807.45,911.4166666666666,460631.3039608765,177264.8150310342,72.21102155141311,1,0
profile,tfl-numbat-2019-midweek,interpeak,15,3.966666666666667,1,1,off,free-flow,1,0,940GZZLUEUS,0,3900,2293,1800,1785,4ea77286324758fc,119,119,0,0,93,26,3.1,32,27,4.066666666666666,-1,true,493,6,32,32,30,1,1,0,0,1,1,35,30,5,3,london-link-009-a-departure,true,118,43.53263305322129,206.4,136.38333333333333,416.1393557422969,709.3666666666667,801.5666666666667,598403.1913077412,178162.4865890891,77.05764088472134,1,0
profile,tfl-numbat-2019-midweek,interpeak,15,3.966666666666667,1,2,off,free-flow,1,0,940GZZLUEUS,0,3900,2553,1800,1785,b737ae9d8f011316,119,119,0,0,90,29,3,34,25,3.7333333333333334,4,true,753,9,35,35,29,1,1,0,0,2,1,8,7,1,4,london-link-030-a-arrival,true,250,68.08697478991597,428.3333333333333,205.85,442.2931372549019,787.9,1078.0166666666667,602265.0191910288,202965.46317167152,74.79411576966982,1,0
profile,tfl-numbat-2019-midweek,interpeak,15,3.966666666666667,1,3,off,free-flow,1,0,940GZZLUEUS,0,3900,2328,1800,1785,54ac03234b7a10bc,119,119,0,0,87,32,2.9,33,26,3.6,6,true,528,8,33,33,29,1,1,0,0,2,1,23,20,3,3,london-link-036-a-arrival,true,107,50.739635854341735,354.6166666666667,217.86666666666667,427.7233893557423,796.4666666666667,1012.5,606439.6271324672,193498.94952422346,75.81077408056203,1,0
profile,tfl-numbat-2019-midweek,interpeak,12,4.966666666666667,1,1,off,free-flow,1,0,940GZZLUEUS,0,3900,2592,1800,1788,b497ea2af025e0c1,149,149,0,0,115,34,3.8333333333333335,42,32,4.866666666666666,2,true,792,8,39,39,37,1,1,0,0,2,1,16,11,5,3,940GZZLUOXC-01-arrival,true,182,50.64675615212528,272.3,168.25,420.12975391498884,757.05,897.7833333333333,743467.8495548741,279770.67075153685,72.65831326719807,1,0
profile,tfl-numbat-2019-midweek,interpeak,12,4.966666666666667,1,2,off,free-flow,1,0,940GZZLUEUS,0,3900,2438,1800,1788,430d9157d388d3e5,149,149,0,0,109,40,3.6333333333333333,41,33,4.533333333333333,7,true,638,10,44,44,38,1,1,0,0,2,2,25,18,7,4,london-link-084-a-departure,true,123,74.31957494407159,428.3333333333333,206.3,448.50671140939596,789.95,1078.0166666666667,753630.4193968846,242901.0112832836,75.62535372140796,1,0
profile,tfl-numbat-2019-midweek,interpeak,12,4.966666666666667,1,3,off,free-flow,1,0,940GZZLUEUS,0,3900,2829,1800,1788,5f97c3f949109a0b,149,149,0,0,113,36,3.7666666666666666,43,31,4.666666666666667,5,true,1029,11,43,42,37,1,1,0,0,2,1,25,18,7,3,london-link-017-a-departure,true,116,59.88624161073825,354.6166666666667,210.81666666666666,445.76252796420584,832.35,1160.6166666666666,777603.6360982613,279609.74573900184,73.55219385767838,1,0
profile,tfl-numbat-2019-midweek,interpeak,10,5.966666666666667,1,1,off,free-flow,1,0,940GZZLUEUS,0,3900,2680,1800,1790,0b930e4ca4da8510,179,179,0,0,140,39,4.666666666666667,49,40,6.066666666666666,-1,true,880,11,48,48,44,1,2,0,0,1,2,62,51,11,4,940GZZLULVT-diverge,true,284,65.88836126629423,343.93333333333334,205.85,435.5312849162012,776.6833333333333,1019.3833333333333,892438.6184711724,314901.25715456076,73.91776222156535,1,0
profile,tfl-numbat-2019-midweek,interpeak,10,5.966666666666667,1,2,off,free-flow,1,0,940GZZLUEUS,0,3900,2531,1800,1790,43a17175be512ece,179,179,0,0,135,44,4.5,47,42,5.866666666666666,2,true,731,13,53,53,46,2,1,0,0,2,1,64,53,11,3,london-link-017-a-arrival,true,274,77.68491620111732,428.3333333333333,258.5,448.3347299813781,820.2,1078.0166666666667,895696.2663495012,295240.838975129,75.20936767734253,1,0
profile,tfl-numbat-2019-midweek,interpeak,10,5.966666666666667,1,3,off,free-flow,1,0,940GZZLUEUS,0,3900,2531,1800,1790,2cca81f5af10a5a2,179,179,0,0,135,44,4.5,48,41,5.8,3,true,731,11,51,51,42,1,2,0,0,2,1,40,31,9,4,london-link-070-a-departure,true,90,62.22811918063314,354.6166666666667,210.95,439.40335195530724,796.4666666666667,1160.6166666666666,912303.2580397819,307992.7031805837,74.76081926284722,1,0
profile,tfl-numbat-2019-midweek,interpeak,8.571429,7,1,1,off,free-flow,1,0,940GZZLUEUS,0,3900,2497,1800,1799,377f35b408a2d0b6,210,210,0,0,161,49,5.366666666666666,52,53,7.266666666666667,-4,true,697,14,57,56,46,1,3,0,1,1,2,45,32,11,4,940GZZLULVT-01-arrival,true,269,71.08880952380952,343.9,195.9,431.8809523809524,776.6833333333333,1050.7166666666667,1021603.0248781897,370948.9147235522,73.36193328418038,1,0
profile,tfl-numbat-2019-midweek,interpeak,8.571429,7,1,2,off,free-flow,1,0,940GZZLUEUS,0,3900,2667,1800,1799,0e4e63e12088df38,210,210,0,0,153,57,5.1,48,57,7,0,true,867,16,61,61,50,1,3,0,0,2,2,64,47,15,5,london-link-088-a-arrival,true,155,85.75007936507936,350.51666666666665,234.4,456.76912698412696,831.1833333333333,983.9666666666667,1051797.288480152,413885.2796593862,71.761601819093,1,0
profile,tfl-numbat-2019-midweek,interpeak,8.571429,7,1,3,off,free-flow,1,0,940GZZLUEUS,0,3900,2852,1800,1799,d32fc6ced69f7580,210,210,0,0,161,49,5.366666666666666,53,52,7.2,-3,true,1052,12,58,57,54,1,3,0,1,2,2,83,69,14,4,london-link-081-a-departure,true,233,64.82595238095239,354.6166666666667,208.35,440.16103174603177,805.75,1163.05,1063969.107065429,378393.6022757406,73.76571095292806,1,0
profile,tfl-numbat-2019-midweek,interpeak,7.5,7.966666666666667,1,1,off,free-flow,1,0,940GZZLUEUS,0,3900,2623,1800,1792.5,f9552f5f1b0bf1c2,239,239,0,0,176,63,5.866666666666666,60,59,7.733333333333333,4,true,823,19,66,65,53,2,2,0,0,1,1,72,52,20,5,london-link-074-a-departure,true,222.5,84.74588563458856,469.5,225.88333333333333,454.0660390516039,796.8333333333334,991.95,1190963.7025676854,399451.04965005897,74.88384403546013,1,0
profile,tfl-numbat-2019-midweek,interpeak,7.5,7.966666666666667,1,2,off,free-flow,1,0,940GZZLUEUS,0,3900,2478,1800,1792.5,8b0ec28e29fb5d6c,239,239,0,0,177,62,5.9,54,65,8.2,-3,true,678,19,69,68,58,2,2,0,0,2,2,88,71,17,4,london-link-020-a-arrival,true,208.5,89.85,463.68333333333334,238.41666666666666,453.48723849372385,860.5833333333334,1124.0666666666666,1172461.0807986956,391916.7588093849,74.94743604220507,1,0
profile,tfl-numbat-2019-midweek,interpeak,7.5,7.966666666666667,1,3,off,free-flow,1,0,940GZZLUEUS,0,3900,3148,1800,1792.5,32aa5186f5b4a850,239,239,0,0,177,62,5.9,57,62,8,0,true,1348,17,69,69,60,1,3,1,1,2,2,93,78,13,5,london-link-070-a-departure,true,344.5,77.16234309623431,433.7,217.86666666666667,459.00355648535566,908.3,1445.0666666666666,1232796.2135216072,458234.6232346464,72.90205398538828,1,0
profile,tfl-numbat-2019-midweek,interpeak,6.666667,8.966666666666667,1,1,off,free-flow,1,0,940GZZLUEUS,0,3900,2762,1800,1793.3333333333333,2ce7017da63f1ce0,269,269,0,0,200,69,6.666666666666667,64,70,9.066666666666666,-1,true,962,23,76,76,61,2,2,0,0,2,2,118,91,27,4,940GZZLULVT-01-arrival,true,340.6666666666667,98.53748451053283,570,272.1666666666667,471.11536555142504,845.8833333333333,1144.2166666666667,1351040.6088151217,534540.9478016222,71.65113617462737,1,0
profile,tfl-numbat-2019-midweek,interpeak,6.666667,8.966666666666667,1,2,off,free-flow,1,0,940GZZLUEUS,0,3900,2469,1800,1793.3333333333333,2a8809aeeb74e8bf,269,269,0,0,201,68,6.7,59,75,9.466666666666667,-7,true,669,23,78,76,64,1,2,0,1,2,2,65,50,15,4,london-link-048-a-arrival,true,192.66666666666666,95.78847583643122,421.8666666666667,234.88333333333333,451.6514869888476,824.4166666666666,1098.1833333333334,1290257.2132145732,461235.008608858,73.66616860401021,1,0
profile,tfl-numbat-2019-midweek,interpeak,6.666667,8.966666666666667,1,3,off,free-flow,1,0,940GZZLUEUS,0,3900,2845,1800,1793.3333333333333,974cc1866ce0a089,269,269,0,0,202,67,6.733333333333333,61,73,9.4,-6,true,1045,20,76,75,68,1,3,0,0,2,1,59,46,13,4,london-link-057-a-arrival,true,410.6666666666667,83.08574969021065,475.45,238.65,457.5420693928129,910.55,1331,1360045.5135022635,492110.60519690585,73.43039281469797,1,0
profile,tfl-numbat-2019-midweek,interpeak,6,9.966666666666667,1,1,off,free-flow,1,0,940GZZLUEUS,0,3900,2662,1800,1794,ee9fd27577dc17b2,299,299,0,0,217,82,7.233333333333333,69,80,9.866666666666667,2,true,862,26,88,85,67,2,2,0,0,2,2,168,129,39,5,london-link-108-a-departure,true,321,110.54314381270903,573,279.2,481.37915273132666,827.3166666666667,1072.4333333333334,1493910.998751683,617627.0615449958,70.74989680942728,1,0
profile,tfl-numbat-2019-midweek,interpeak,6,9.966666666666667,1,2,off,free-flow,1,0,940GZZLUEUS,0,3900,2546,1800,1794,9c6d663f282f98ba,299,299,0,0,223,76,7.433333333333334,65,84,10.533333333333333,-8,true,746,26,87,86,69,2,3,0,0,1,2,165,115,43,4,940GZZLUKSX-01-arrival,true,198,109.44130434782609,462.9,278.1333333333333,466.49453734671124,807.6,1106.8,1436024.7469446098,586558.0974228072,70.99955143710027,1,0
profile,tfl-numbat-2019-midweek,interpeak,6,9.966666666666667,1,3,off,free-flow,1,0,940GZZLUEUS,0,3900,2707,1800,1794,cae5e030155a2225,299,299,0,0,222,77,7.4,69,80,10.2,-3,true,907,25,86,85,75,3,3,0,0,2,2,218,176,42,4,940GZZLUOXC-01-arrival,true,327,99.29403567447046,533.4666666666667,275.45,468.85211817168334,917,1344.3333333333333,1489298.1183101307,575920.0783757252,72.11335444845834,1,0
profile,tfl-numbat-2019-midweek,interpeak,5.4545449999999995,11,1,1,off,free-flow,1,0,940GZZLUEUS,0,3900,3029,1800,1798.5,df2e08305f707806,330,330,0,0,227,103,7.566666666666666,74,91,10.2,12,true,1229,35,103,100,74,2,4,0,0,2,2,183,135,41,5,940GZZLUWLO-exit,true,523.5,140.38616161616162,591.7,375.4,512.2886363636363,908.3833333333333,1268.6166666666666,1653699.8839223688,836829.6380583246,66.39952947063232,1,0
profile,tfl-numbat-2019-midweek,interpeak,5.4545449999999995,11,1,2,off,free-flow,1,0,940GZZLUEUS,0,3900,2766,1800,1798.5,aaf9361694744c1c,330,330,0,0,243,87,8.1,73,92,11.333333333333334,-5,true,966,35,103,99,76,2,2,0,1,2,2,222,176,44,5,london-link-048-a-arrival,true,259.5,131.79141414141412,672.3333333333334,313.3,488.8503535353535,885.45,1191.9166666666667,1584321.4254613956,763311.7121891264,67.4859031444309,1,0
profile,tfl-numbat-2019-midweek,interpeak,5.4545449999999995,11,1,3,off,free-flow,1,0,940GZZLUEUS,0,3900,2632,1800,1798.5,2868a608737b17cf,330,330,0,0,245,85,8.166666666666666,76,89,11.266666666666667,-4,true,832,27,98,94,80,2,2,0,0,2,1,187,151,36,5,london-link-090-a-departure,true,243.5,108.42853535353535,484.05,297.85,473.20212121212126,872.1666666666666,1394.6166666666666,1620759.459161797,566778.2916907155,74.09058236961468,1,0
profile,tfl-numbat-2019-midweek,interpeak,5,11.966666666666667,1,1,off,free-flow,1,0,940GZZLUEUS,0,3900,3027,1800,1795,63115a88eefe4876,359,359,0,0,246,113,8.2,79,100,11.133333333333333,13,true,1227,47,121,114,78,2,5,1,0,2,2,318,249,68,6,london-link-009-a-arrival,true,740,173.99753946146706,910.4833333333333,455.95,548.3542711234911,991.4,1518.05,1808740.0947309134,1018226.5476776034,63.981656790612305,1,0
profile,tfl-numbat-2019-midweek,interpeak,5,11.966666666666667,1,2,off,free-flow,1,0,940GZZLUEUS,0,3900,2703,1800,1795,a51bec993e64d97a,359,359,0,0,266,93,8.866666666666667,78,101,12.533333333333333,-8,true,903,40,111,107,81,2,3,0,0,1,2,411,304,107,5,london-link-017-a-arrival,true,241,141.11248839368616,598.5333333333333,327.23333333333335,501.79563602599814,873.9833333333333,1116.85,1738405.3740210321,854831.9427326134,67.03610821848198,1,0
profile,tfl-numbat-2019-midweek,interpeak,5,11.966666666666667,1,3,off,free-flow,1,0,940GZZLUEUS,0,3900,2908,1800,1795,ae2973bdc228cca9,359,359,0,0,255,104,8.5,79,100,11.733333333333333,4,true,1108,41,108,105,80,3,3,0,1,1,1,330,257,72,5,london-link-075-a-arrival,true,216,135.69405756731663,702.8,343.9,502.8482358402971,910.55,1457.9666666666667,1773770.5002680519,783903.7625451832,69.35091485485128,1,0
profile,tfl-numbat-2019-midweek,interpeak,4.615385,13.033333333333333,1,1,off,free-flow,1,0,940GZZLUEUS,0,3900,3049,1800,1798.6,05b036e7516e55eb,391,391,0,0,260,131,8.666666666666666,88,107,11.466666666666667,24,true,1249,64,133,114,81,2,4,0,0,2,2,350,276,74,5,940GZZLUTCR-diverge,true,867.4,200.83260869565217,917.6333333333333,544.7666666666667,575.3999147485081,1027.5,1511.95,1970695.86345797,1175218.3963704698,62.64302522871175,1,0
profile,tfl-numbat-2019-midweek,interpeak,4.615385,13.033333333333333,1,2,off,free-flow,1,0,940GZZLUEUS,0,3900,3228,1800,1798.6,e6b2cb534b8b4e2b,391,391,0,0,273,118,9.1,83,112,12.666666666666666,6,true,1428,56,124,114,83,4,4,0,0,2,2,770,559,211,6,london-link-046-a-departure,true,632.4,184.46513213981245,777.5666666666667,459.1333333333333,548.5354219948849,943.5666666666667,1493.55,1910135.221048755,1192098.5152069808,61.57289822249844,1,0
profile,tfl-numbat-2019-midweek,interpeak,4.615385,13.033333333333333,1,3,off,free-flow,1,0,940GZZLUEUS,0,3900,3048,1800,1798.6,b778aea546f63062,391,391,0,0,269,122,8.966666666666667,88,107,12.066666666666666,15,true,1248,47,123,114,83,4,3,0,1,2,2,466,349,117,7,london-link-057-b-departure,true,604.4,154.7030264279625,801.25,407.53333333333336,521.0343137254902,1012.8333333333334,1568.3,1925287.4741307902,945801.9306802042,67.05773323898052,1,0
profile,tfl-numbat-2019-midweek,interpeak,4.2857140000000005,14,1,1,off,free-flow,1,0,940GZZLUEUS,0,3900,3179,1800,1799,d7e9ab1e06ba3f03,420,420,0,0,268,152,8.933333333333334,90,120,11.866666666666667,32,true,1379,90,155,114,81,3,4,0,1,2,2,509,367,142,6,london-link-031-b-departure,true,850,253.52146825396824,935.6333333333333,643.7,628.7319841269841,1131.2833333333333,1464.9,2120054.120016586,1336748.6379775547,61.3299128830474,1,0
profile,tfl-numbat-2019-midweek,interpeak,4.2857140000000005,14,1,2,off,free-flow,1,0,940GZZLUEUS,0,3900,3302,1800,1799,91e7e36c6e9c5c40,420,420,0,0,266,154,8.866666666666667,88,122,11.866666666666667,32,true,1502,90,155,114,76,2,4,1,0,1,2,523,422,98,7,london-link-020-a-departure,true,744,272.3379761904762,930.1666666666666,639.6,638.6569841269842,1141.9833333333333,1576.2333333333333,2066881.0340081037,1449444.0666541513,58.7795773951286,1,0
profile,tfl-numbat-2019-midweek,interpeak,4.2857140000000005,14,1,3,off,free-flow,1,0,940GZZLUEUS,0,3900,3583,1800,1799,f9d9788dd6aa402d,420,420,0,0,268,152,8.933333333333334,92,118,11.733333333333333,34,true,1783,82,157,114,81,4,4,0,1,1,1,499,382,115,6,london-link-087-a-arrival,true,885,241.48857142857145,948.45,639.7666666666667,608.0141666666667,1157.2833333333333,1847.3833333333334,2068866.8028888847,1303445.2171188574,61.348617524547294,1,0
profile,tfl-numbat-2019-midweek,interpeak,4,14.966666666666667,1,1,off,free-flow,1,0,940GZZLUEUS,0,3900,3459,1800,1796,36d46c523aa62ecf,449,449,0,0,264,185,8.8,92,132,11.466666666666667,53,true,1659,124,188,114,76,4,4,0,1,2,1,805,551,254,7,london-link-031-b-departure,true,1075,348.96633259094284,1074.25,820.8,724.7145879732739,1268.4833333333333,1768.4333333333334,2265672.7926875483,1563813.8100498954,59.163878287704954,1,0
profile,tfl-numbat-2019-midweek,interpeak,4,14.966666666666667,1,2,off,free-flow,1,0,940GZZLUEUS,0,3900,3329,1800,1796,8d49fb9d3816ddc8,449,449,0,0,276,173,9.2,93,131,12.2,42,true,1529,105,173,114,79,3,3,0,2,2,2,619,480,138,6,london-link-048-a-departure,true,883,311.09027468448403,1001.0166666666667,684.2666666666667,676.1149962880476,1194.7833333333333,1693.9666666666667,2200749.367820347,1476234.9049542937,59.852020149100845,1,0
profile,tfl-numbat-2019-midweek,interpeak,4,14.966666666666667,1,3,off,free-flow,1,0,940GZZLUEUS,0,3900,3699,1800,1796,1a5ec5d35ff01181,449,449,0,0,270,179,9,93,131,11.8,48,true,1899,103,180,114,83,3,4,0,0,1,2,438,335,103,5,940GZZLUVIC-diverge,true,1180,299.54896065330365,1263.6833333333334,738.45,666.2570155902005,1275.0666666666666,1986.7166666666667,2213505.6860901597,1387049.5719290175,61.47678698056993,1,0
profile,tfl-numbat-2019-midweek,pm-peak,60,0.9666666666666667,1,1,off,free-flow,1,0,940GZZLUEUS,0,3900,2204,1800,1740,2c415a5861bb3fb7,29,29,0,0,22,7,0.7333333333333333,9,5,0.8666666666666667,2,true,404,3,9,9,9,0,1,0,0,1,1,0,0,0,2,940GZZLUBNK-01-departure,true,0,42.15459770114943,192.35,168.25,377.85689655172416,703.35,943.1666666666666,131267.39955796878,37471.92254563283,77.79301109042856,1,0
profile,tfl-numbat-2019-midweek,pm-peak,60,0.9666666666666667,1,2,off,free-flow,1,0,940GZZLUEUS,0,3900,2320,1800,1740,42d62660e617f50f,29,29,0,0,25,4,0.8333333333333334,8,6,1.1333333333333333,-2,true,520,2,8,8,7,0,1,0,0,2,1,0,0,0,3,940GZZLUTCR-01-arrival,true,0,20.366666666666667,105.91666666666667,104.43333333333334,350.2385057471264,690.9,699.7833333333333,128802.70380285068,62852.55740678784,67.20540985408287,1,0
profile,tfl-numbat-2019-midweek,pm-peak,60,0.9666666666666667,1,3,off,free-flow,1,0,940GZZLUEUS,0,3900,2192,1800,1740,36bbc24bd6f4e5a1,29,29,0,0,23,6,0.7666666666666667,7,7,1.0666666666666667,-1,true,392,2,10,10,9,0,1,0,0,1,1,0,0,0,2,940GZZLUKSX-01-arrival,true,0,29.633333333333333,125.43333333333334,123.51666666666667,411.90000000000003,695.6333333333333,723.1,150107.48061761967,40639.634224577014,78.6944959779875,1,0
profile,tfl-numbat-2019-midweek,pm-peak,30,1.9666666666666666,1,1,off,free-flow,1,0,940GZZLUEUS,0,3900,2509,1800,1770,af2d0ae536676bd0,59,59,0,0,44,15,1.4666666666666666,18,11,1.7333333333333334,4,true,709,5,16,16,14,1,1,0,0,2,1,5,5,0,3,london-link-030-a-arrival,true,99,50.89576271186441,197.7,168.25,402.3898305084746,853.1,943.1666666666666,279945.8872068711,122185.61354115253,69.61550803310128,1,0
profile,tfl-numbat-2019-midweek,pm-peak,30,1.9666666666666666,1,2,off,free-flow,1,0,940GZZLUEUS,0,3900,2712,1800,1770,491be4b064701a89,59,59,0,0,43,16,1.4333333333333333,19,10,1.6,6,true,912,4,17,17,16,1,1,0,0,2,1,13,10,3,2,940GZZLUBNK-01-arrival,true,55,36.59378531073446,150.4,112.25,414.77683615819205,699.7833333333333,971.6833333333333,301663.43136114074,157622.02973436873,65.68103214972206,1,0
profile,tfl-numbat-2019-midweek,pm-peak,30,1.9666666666666666,1,3,off,free-flow,1,0,940GZZLUEUS,0,3900,2492,1800,1770,97a0bbc389019b5e,59,59,0,0,44,15,1.4666666666666666,16,13,1.8666666666666667,2,true,692,5,17,17,15,1,1,0,0,2,1,14,12,2,3,940GZZLUKSX-01-arrival,true,106,55.77655367231638,194.1,158.31666666666666,420.90112994350284,778.65,795.9666666666667,290771.7058823621,152413.75295452072,65.60948697312347,1,0
profile,tfl-numbat-2019-midweek,pm-peak,20,2.966666666666667,1,1,off,free-flow,1,0,940GZZLUEUS,0,3900,2512,1800,1780,2436c9d379b10cb9,89,89,0,0,68,21,2.2666666666666666,25,19,2.8666666666666667,2,true,712,6,25,25,23,1,1,0,0,2,1,19,16,3,4,940GZZLUKSX-01-arrival,true,226,48.466479400749066,245.53333333333333,158.31666666666666,407.223595505618,835.1833333333333,943.1666666666666,430792.38444089034,204544.41963548798,67.80535641519387,1,0
profile,tfl-numbat-2019-midweek,pm-peak,20,2.966666666666667,1,2,off,free-flow,1,0,940GZZLUEUS,0,3900,2225,1800,1780,fe3e8bbb848e718e,89,89,0,0,68,21,2.2666666666666666,26,18,2.8,3,true,425,6,27,27,23,1,1,0,0,2,1,10,7,3,3,940GZZLUWLO-01-departure,true,96,38.47134831460674,159.33333333333334,148.33333333333334,399.6477528089888,690.9,966.3166666666667,433809.72784021276,182870.7703724057,70.34594560677095,1,0
profile,tfl-numbat-2019-midweek,pm-peak,20,2.966666666666667,1,3,off,free-flow,1,0,940GZZLUEUS,0,3900,2374,1800,1780,46810ad37025e12d,89,89,0,0,69,20,2.3,24,20,3,0,true,574,6,27,27,24,1,1,0,0,2,1,9,6,3,3,940GZZLUWLO-01-arrival,true,88,61.49288389513109,210.26666666666668,163.68333333333334,424.22715355805246,765.45,901.6166666666667,435441.292907866,184742.860489701,70.21161223200875,1,0
profile,tfl-numbat-2019-midweek,pm-peak,15,3.966666666666667,1,1,off,free-flow,1,0,940GZZLUEUS,0,3900,2417,1800,1785,0208aa8245ceb755,119,119,0,0,92,27,3.066666666666667,32,27,4,0,true,617,6,33,33,29,1,1,0,0,2,1,20,15,5,3,940GZZLUKSX-01-departure,true,172,52.63977591036414,216.5,165.28333333333333,412.9550420168067,829.8333333333334,943.1666666666666,578578.932636765,201976.84871997748,74.12396992705551,1,0
profile,tfl-numbat-2019-midweek,pm-peak,15,3.966666666666667,1,2,off,free-flow,1,0,940GZZLUEUS,0,3900,2512,1800,1785,613074b0e2e84676,119,119,0,0,92,27,3.066666666666667,32,27,4,0,true,712,7,36,36,33,1,1,0,0,2,1,50,43,7,4,london-link-120-a-arrival,true,150,50.42955182072829,174.75,149.23333333333332,420.47661064425773,720.3833333333333,966.3166666666667,593687.9612781269,263237.4852363733,69.28116835518443,1,0
profile,tfl-numbat-2019-midweek,pm-peak,15,3.966666666666667,1,3,off,free-flow,1,0,940GZZLUEUS,0,3900,2624,1800,1785,51241ebba9303aac,119,119,0,0,87,32,2.9,33,26,3.6,6,true,824,9,35,35,31,1,1,0,0,2,1,11,9,2,4,london-link-044-a-departure,true,160,70.20196078431373,218.25,172.98333333333332,453.4235294117647,795.9666666666667,939.2,616569.1479345827,253389.26554899916,70.87340479479353,1,0
profile,tfl-numbat-2019-midweek,pm-peak,12,4.966666666666667,1,1,off,free-flow,1,0,940GZZLUEUS,0,3900,2262,1800,1788,d813e5a9585edb2f,149,149,0,0,112,37,3.7333333333333334,40,34,4.8,3,true,462,8,41,40,37,1,1,0,0,2,1,31,23,8,4,london-link-048-a-arrival,true,61,53.705033557046974,252.53333333333333,166.78333333333333,410.02852348993287,789.6666666666666,943.1666666666666,715789.9795161893,232355.14963538497,75.49371478148048,1,0
profile,tfl-numbat-2019-midweek,pm-peak,12,4.966666666666667,1,2,off,free-flow,1,0,940GZZLUEUS,0,3900,2268,1800,1788,297a5298546de8ab,149,149,0,0,110,39,3.6666666666666665,36,38,4.933333333333334,1,true,468,10,44,43,36,1,1,0,0,2,1,20,15,5,3,london-link-010-a-departure,true,162,68.0976510067114,219.31666666666666,184.35,430.926062639821,699.7833333333333,971.6833333333333,729968.9479192976,248746.3739439565,74.58439973429667,1,0
profile,tfl-numbat-2019-midweek,pm-peak,12,4.966666666666667,1,3,off,free-flow,1,0,940GZZLUEUS,0,3900,2779,1800,1788,48123429dd3fca57,149,149,0,0,108,41,3.6,39,35,4.6,6,true,979,11,47,45,37,1,1,0,0,2,1,47,41,6,3,940GZZLUKSX-01-arrival,true,227,82.9582774049217,306.5,187.9,459.77483221476507,808.3333333333334,1074.9,758196.3758365477,304762.2033821076,71.32887307743187,1,0
profile,tfl-numbat-2019-midweek,pm-peak,10,5.966666666666667,1,1,off,free-flow,1,0,940GZZLUEUS,0,3900,2671,1800,1790,7f3d0ffd68c0d35b,179,179,0,0,134,45,4.466666666666667,50,39,5.6,6,true,871,12,48,48,42,1,1,0,0,2,1,20,12,8,4,940GZZLUVIC-01-arrival,true,147,62.48202979515828,258.31666666666666,170.65,415.8134078212291,789.2833333333333,943.1666666666666,852443.7446752338,309455.06712931104,73.3664357011695,1,0
profile,tfl-numbat-2019-midweek,pm-peak,10,5.966666666666667,1,2,off,free-flow,1,0,940GZZLUEUS,0,3900,2676,1800,1790,d381100ff1da349a,179,179,0,0,134,45,4.466666666666667,40,49,6.266666666666667,-4,true,876,13,52,50,41,2,1,0,0,2,1,65,52,13,4,london-link-048-a-arrival,true,188,78.04916201117318,324.8,196.31666666666666,452.18351955307264,762.45,1025.2,904429.2589292651,382681.7627411607,70.26816208562084,1,0
profile,tfl-numbat-2019-midweek,pm-peak,10,5.966666666666667,1,3,off,free-flow,1,0,940GZZLUEUS,0,3900,2567,1800,1790,21d3f2b5bd5d97ab,179,179,0,0,131,48,4.366666666666666,43,46,5.866666666666666,2,true,767,17,55,54,43,2,2,0,0,2,2,71,56,15,4,london-link-010-a-arrival,true,140,91.69487895716946,324.28333333333336,225.91666666666666,471.2810986964618,801.3166666666667,1078.3,916934.2091758649,346960.58516755333,72.54830174786849,1,0
profile,tfl-numbat-2019-midweek,pm-peak,8.571429,7,1,1,off,free-flow,1,0,940GZZLUEUS,0,3900,2416,1800,1799,a956252f9cc231f2,210,210,0,0,161,49,5.366666666666666,54,51,7.133333333333334,-2,true,616,17,57,56,48,2,1,0,0,2,1,82,70,12,4,london-link-020-a-arrival,true,203,78.61666666666666,369.98333333333335,185.3,422.51380952380947,770.3,943.1666666666666,971633.1294106286,351812.4807111575,73.41692941360974,1,0
profile,tfl-numbat-2019-midweek,pm-peak,8.571429,7,1,2,off,free-flow,1,0,940GZZLUEUS,0,3900,2599,1800,1799,6d4c4c3b2c45e61e,210,210,0,0,151,59,5.033333333333333,48,57,6.866666666666666,2,true,799,21,62,60,46,2,1,0,0,2,1,103,83,20,5,london-link-048-a-arrival,true,226,98.25126984126983,440.1666666666667,247.7,474.05817460317456,806.6833333333333,1025.2,1064306.6992445902,439417.1819997481,70.77806720498923,1,0
profile,tfl-numbat-2019-midweek,pm-peak,8.571429,7,1,3,off,free-flow,1,0,940GZZLUEUS,0,3900,2628,1800,1799,8a8893745def8e7a,210,210,0,0,150,60,5,46,59,6.933333333333334,1,true,828,23,66,65,49,2,2,0,0,1,1,104,84,20,4,940GZZLUKSX-01-arrival,true,231,109.85349206349206,394.93333333333334,251.48333333333332,487.00150793650795,859.3,1078.3666666666666,1068853.757230541,438948.1772376395,70.88820705138161,1,0
profile,tfl-numbat-2019-midweek,pm-peak,7.5,7.966666666666667,1,1,off,free-flow,1,0,940GZZLUEUS,0,3900,2501,1800,1792.5,812d6bdfeff7cdd8,239,239,0,0,183,56,6.1,58,61,8.333333333333334,-5,true,701,20,66,64,52,1,2,0,0,1,1,125,107,18,4,940GZZLUVIC-01-arrival,true,241.5,96.7336820083682,428.6333333333333,244.16666666666666,444.22608089260814,815.25,943.1666666666666,1117901.0119470456,478693.27485490596,70.01785119663997,1,0
profile,tfl-numbat-2019-midweek,pm-peak,7.5,7.966666666666667,1,2,off,free-flow,1,0,940GZZLUEUS,0,3900,2506,1800,1792.5,fe5cdc606d6c3375,239,239,0,0,168,71,5.6,62,57,7.066666666666666,14,true,706,22,72,70,55,2,1,0,1,2,1,231,173,58,4,london-link-017-a-departure,true,201.5,105.80041841004184,485.28333333333336,268.6,479.5138075313808,808.6666666666666,1025.2,1201682.8428523575,494843.80022447277,70.83194642160046,1,0
profile,tfl-numbat-2019-midweek,pm-peak,7.5,7.966666666666667,1,3,off,free-flow,1,0,940GZZLUEUS,0,3900,2698,1800,1792.5,1d267e2d1193cfce,239,239,0,0,170,69,5.666666666666667,54,65,7.733333333333333,4,true,898,27,76,73,51,2,1,0,1,1,1,149,122,27,5,london-link-084-a-departure,true,242.5,130.28249651324964,473.26666666666665,303.6666666666667,505.0739888423989,873.05,1015.8,1207643.8230305566,552548.8578093826,68.60861519173493,1,0
profile,tfl-numbat-2019-midweek,pm-peak,6.666667,8.966666666666667,1,1,off,free-flow,1,0,940GZZLUEUS,0,3900,2591,1800,1793.3333333333333,5a33a9c6710baada,269,269,0,0,201,68,6.7,64,70,9.133333333333333,-2,true,791,28,78,76,58,2,2,0,0,2,2,206,163,41,4,940GZZLUOXC-diverge,true,260.6666666666667,115.74027261462206,449.1,303,466.5055762081784,810.55,943.1666666666666,1268152.16040202,597149.0344856401,67.986455156825,1,0
profile,tfl-numbat-2019-midweek,pm-peak,6.666667,8.966666666666667,1,2,off,free-flow,1,0,940GZZLUEUS,0,3900,2518,1800,1793.3333333333333,6c68acf7e422f94a,269,269,0,0,188,81,6.266666666666667,68,66,8,15,true,718,30,87,83,69,3,2,0,0,2,2,188,157,31,5,london-link-121-a-arrival,true,231.66666666666666,119.44368029739778,402.26666666666665,307.8,490.947521685254,830.7333333333333,1085.7833333333333,1345127.1070727287,596890.5105901626,69.26441319783252,1,0
profile,tfl-numbat-2019-midweek,pm-peak,6.666667,8.966666666666667,1,3,off,free-flow,1,0,940GZZLUEUS,0,3900,2754,1800,1793.3333333333333,43d49a40dceca89e,269,269,0,0,186,83,6.2,64,70,8.133333333333333,13,true,954,33,89,85,65,2,2,0,0,1,2,235,170,65,7,london-link-057-b-departure,true,363.6666666666667,147.28308550185875,494.05,329.46666666666664,529.0036555142503,917.2833333333333,1058.7833333333333,1381167.4909627994,676355.4127704145,67.12768487081138,1,0
profile,tfl-numbat-2019-midweek,pm-peak,6,9.966666666666667,1,1,off,free-flow,1,0,940GZZLUEUS,0,3900,2433,1800,1794,458ea89b24e1b419,299,299,0,0,214,85,7.133333333333334,72,77,9.466666666666667,8,true,633,33,87,84,66,2,1,0,0,1,1,127,99,27,4,940GZZLUWLO-01-arrival,true,320,122.19448160535117,415.03333333333336,325.95,469.2617614269788,810.7666666666667,955.8,1395172.7816731632,631178.9870049673,68.85146020738983,1,0
profile,tfl-numbat-2019-midweek,pm-peak,6,9.966666666666667,1,2,off,free-flow,1,0,940GZZLUEUS,0,3900,2638,1800,1794,09e4876ac860d23a,299,299,0,0,205,94,6.833333333333333,74,75,8.733333333333333,19,true,838,36,97,93,74,3,3,0,0,2,1,268,201,67,5,london-link-048-a-arrival,true,226,133.62251950947604,485.28333333333336,329.46666666666664,504.2264771460424,843.2333333333333,1147.3166666666666,1490978.952902105,713057.8440945414,67.64764340295056,1,0
profile,tfl-numbat-2019-midweek,pm-peak,6,9.966666666666667,1,3,off,free-flow,1,0,940GZZLUEUS,0,3900,2769,1800,1794,a1f05cb25706b91b,299,299,0,0,203,96,6.766666666666667,71,78,8.8,18,true,969,39,104,99,70,2,2,0,1,1,2,167,138,29,5,940GZZLUWLO-01-arrival,true,318,169.47040133779265,471.1,385.9166666666667,549.5154960981048,960.3166666666667,1100.6833333333334,1532727.6020445665,865246.5370476515,63.917603491120175,1,0
profile,tfl-numbat-2019-midweek,pm-peak,5.4545449999999995,11,1,1,off,free-flow,1,0,940GZZLUEUS,0,3900,2661,1800,1798.5,e6be3aeada4a3529,330,330,0,0,236,94,7.866666666666666,79,86,10.466666666666667,8,true,861,41,100,95,70,3,2,0,0,1,2,224,175,49,5,940GZZLUVIC-01-arrival,true,341.5,139.6312626262626,551.3833333333333,345.6,487.8232828282828,835.4833333333333,1004.7666666666667,1542885.5807224642,819807.605912089,65.3019862862587,1,0
profile,tfl-numbat-2019-midweek,pm-peak,5.4545449999999995,11,1,2,off,free-flow,1,0,940GZZLUEUS,0,3900,2690,1800,1798.5,c43d60b6b9d35f14,330,330,0,0,227,103,7.566666666666666,78,87,9.933333333333334,16,true,890,42,113,108,77,4,3,0,0,2,2,384,299,84,5,london-link-048-a-arrival,true,270.5,162.9739898989899,818.55,417.25,537.3613636363636,894.4833333333333,1370.7,1663405.9371863129,882602.0065709064,65.33388637945787,1,0
profile,tfl-numbat-2019-midweek,pm-peak,5.4545449999999995,11,1,3,off,free-flow,1,0,940GZZLUEUS,0,3900,2634,1800,1798.5,1578ce5338dc3b09,330,330,0,0,221,109,7.366666666666666,74,91,9.8,18,true,834,45,114,109,76,3,2,0,1,1,1,334,260,74,5,940GZZLUBNK-01-arrival,true,422.5,174.71949494949496,580.3166666666667,394.56666666666666,556.7567676767677,926.05,1119.4833333333333,1695722.3580018175,946449.4900723298,64.17910928987502,1,0
profile,tfl-numbat-2019-midweek,pm-peak,5,11.966666666666667,1,1,off,free-flow,1,0,940GZZLUEUS,0,3900,2704,1800,1795,d59afaee7896bf92,359,359,0,0,252,107,8.4,81,98,11.4,9,true,904,50,113,108,79,2,3,0,1,2,2,218,175,43,5,940GZZLUVIC-01-arrival,true,369,163.1297121634169,582.6666666666666,390.4,514.2550139275766,861.5333333333333,1035.9,1693210.980059786,971972.2464627028,63.53075327841814,1,0
profile,tfl-numbat-2019-midweek,pm-peak,5,11.966666666666667,1,2,off,free-flow,1,0,940GZZLUEUS,0,3900,2922,1800,1795,230748c929bd6af8,359,359,0,0,241,118,8.033333333333333,77,102,10.933333333333334,16,true,1122,53,124,114,81,3,3,0,1,2,1,390,307,83,5,london-link-048-a-departure,true,636,185.08226555246054,680.6,429.1166666666667,559.4591922005571,971.8333333333334,1315.9,1807104.5485499967,1114621.3218977258,61.850585191042505,1,0
profile,tfl-numbat-2019-midweek,pm-peak,5,11.966666666666667,1,3,off,free-flow,1,0,940GZZLUEUS,0,3900,3039,1800,1795,d94d85fd65c7879d,359,359,0,0,231,128,7.7,74,105,10.466666666666667,23,true,1239,63,131,114,80,3,3,0,1,2,2,349,278,71,5,940GZZLUKSX-01-arrival,true,767,218.60376044568244,805.0666666666667,495.48333333333335,600.8711699164345,973.8,1508.5,1845969.2225222765,1244858.4687287754,59.724106515141806,1,0
profile,tfl-numbat-2019-midweek,pm-peak,4.615385,13.033333333333333,1,1,off,free-flow,1,0,940GZZLUEUS,0,3900,3435,1800,1798.6,b844ac8346e1443b,391,391,0,0,266,125,8.866666666666667,86,109,12,16,true,1635,63,130,114,82,4,3,0,1,2,2,419,330,84,5,london-link-048-a-arrival,true,789.4,204.32693947144074,821.4166666666666,493.8833333333333,559.0411764705882,959.9833333333333,1682.2833333333333,1862177.0998673073,1289857.429630714,59.07857551813905,1,0
profile,tfl-numbat-2019-midweek,pm-peak,4.615385,13.033333333333333,1,2,off,free-flow,1,0,940GZZLUEUS,0,3900,3044,1800,1798.6,a2527f46405d2d08,391,391,0,0,248,143,8.266666666666667,84,111,10.933333333333334,32,true,1244,75,147,114,75,3,3,0,0,2,2,453,356,97,6,london-link-121-a-departure,true,753.4,251.64147485080989,816.05,589.6833333333333,628.930179028133,1074.8833333333334,1405.9833333333333,1984264.1213660468,1318929.423601222,60.07108255552458,1,0
profile,tfl-numbat-2019-midweek,pm-peak,4.615385,13.033333333333333,1,3,off,free-flow,1,0,940GZZLUEUS,0,3900,3509,1800,1798.6,6deb7e792c26e583,391,391,0,0,232,159,7.733333333333333,80,115,10.133333333333333,44,true,1709,92,159,114,78,2,2,0,2,1,2,551,428,123,6,london-link-084-a-departure,true,1074.4,295.48098891730604,1114.9833333333333,653.2166666666667,676.2240409207161,1129.5333333333333,1801.9166666666667,2003402.9478358878,1478033.2064181853,57.54530196935734,1,0
profile,tfl-numbat-2019-midweek,pm-peak,4.2857140000000005,14,1,1,off,free-flow,1,0,940GZZLUEUS,0,3900,3307,1800,1799,f409929b4fc11402,420,420,0,0,270,150,9,89,121,12.066666666666666,29,true,1507,83,154,114,78,3,4,0,0,2,2,469,366,103,6,london-link-084-a-departure,true,745,241.761626984127,869.0833333333334,537.7333333333333,597.9023412698413,1007.8833333333333,1674.9,2006934.7565730594,1418546.6433437595,58.58840035218973,1,0
profile,tfl-numbat-2019-midweek,pm-peak,4.2857140000000005,14,1,2,off,free-flow,1,0,940GZZLUEUS,0,3900,3621,1800,1799,d94723ccd810e119,420,420,0,0,256,164,8.533333333333333,88,122,11.2,42,true,1821,99,168,114,75,3,4,0,0,2,1,615,482,133,6,london-link-050-a-departure,true,902,313.00579365079363,1050.7,732.3666666666667,690.1030952380952,1234.2,1988.9166666666667,2128307.0644567106,1534739.1408436194,58.10210805905497,1,0
profile,tfl-numbat-2019-midweek,pm-peak,4.2857140000000005,14,1,3,off,free-flow,1,0,940GZZLUEUS,0,3900,3309,1800,1799,353b1b896f065073,420,420,0,0,247,173,8.233333333333333,80,130,11.133333333333333,43,true,1509,108,174,114,81,3,3,0,0,1,1,546,434,112,5,940GZZLUKSX-01-arrival,true,961,333.67103174603176,1033.15,729.2833333333333,713.9486904761904,1140.3166666666666,1582.3833333333334,2146174.063965391,1513976.4375330764,58.636224469096184,1,0
profile,tfl-numbat-2019-midweek,pm-peak,4,14.966666666666667,1,1,off,free-flow,1,0,940GZZLUEUS,0,3900,3307,1800,1796,a8eb787e9f460846,449,449,0,0,276,173,9.2,93,131,12.2,42,true,1507,106,174,114,75,3,5,0,0,2,2,535,408,126,6,london-link-057-b-departure,true,830,303.51436525612473,954.8333333333334,685.5833333333334,662.138010393467,1101.5,1782.85,2162988.6835355232,1541758.3766507024,58.384247248091384,1,0
profile,tfl-numbat-2019-midweek,pm-peak,4,14.966666666666667,1,2,off,free-flow,1,0,940GZZLUEUS,0,3900,3503,1800,1796,58fb90118990c167,449,449,0,0,263,186,8.766666666666667,89,135,11.6,51,true,1703,118,188,114,81,3,3,1,0,2,2,704,549,155,6,london-link-048-a-departure,true,959,361.1435040831477,1103.8666666666666,803.8833333333333,736.4240905716407,1304.5833333333333,1978.5,2266824.238410664,1595386.2193455882,58.692405895653174,1,0
profile,tfl-numbat-2019-midweek,pm-peak,4,14.966666666666667,1,3,off,free-flow,1,0,940GZZLUEUS,0,3900,3448,1800,1796,a145bdb7ecc3531e,449,449,0,0,243,206,8.1,83,141,10.666666666666666,65,true,1648,139,208,114,76,3,1,0,0,2,1,649,485,162,6,940GZZLUKSX-exit,true,1317,411.8779138827023,1384.8833333333334,872.65,791.792279138827,1361,1760.0333333333333,2293010.3166861595,1631505.746000526,58.42784893881634,1,0
profile,tfl-numbat-2019-midweek,evening,60,0.9666666666666667,1,1,off,free-flow,1,0,940GZZLUEUS,0,3900,2233,1800,1740,3eeae1ba9ba23568,29,29,0,0,22,7,0.7333333333333333,6,8,1.0666666666666667,-1,true,433,2,10,10,10,0,0,0,0,1,1,0,0,0,2,940GZZLUVIC-01-departure,true,0,41.29367816091954,205.88333333333333,168.25,456.4810344827587,740.8,818.05,163553.32244815503,17133.765424216253,90.51743783910075,1,0
profile,tfl-numbat-2019-midweek,evening,60,0.9666666666666667,1,2,off,free-flow,1,0,940GZZLUEUS,0,3900,2239,1800,1740,5cc10fa37241c278,29,29,0,0,23,6,0.7666666666666667,7,7,1.0666666666666667,-1,true,439,2,11,11,11,1,0,0,0,1,0,6,6,0,2,940GZZLUWLO-01-arrival,true,0,24.96206896551724,172.7,127.63333333333334,438.90459770114944,687.8333333333334,715.9666666666667,162749.2848214683,53136.139096257866,75.38687970128636,1,0
profile,tfl-numbat-2019-midweek,evening,60,0.9666666666666667,1,3,off,free-flow,1,0,940GZZLUEUS,0,3900,2182,1800,1740,c779019d55d17d00,29,29,0,0,23,6,0.7666666666666667,8,6,1,0,true,382,2,9,9,8,0,0,0,0,1,1,0,0,0,2,940GZZLUBNK-01-arrival,true,38,29.93448275862069,147.28333333333333,123.01666666666667,387.71494252873566,692.6,706.9333333333333,140133.3778639682,47441.149576390104,74.7081065730129,1,0
profile,tfl-numbat-2019-midweek,evening,30,1.9666666666666666,1,1,off,free-flow,1,0,940GZZLUEUS,0,3900,2443,1800,1770,68545f5ecc1ebff5,59,59,0,0,47,12,1.5666666666666667,14,15,2.2,-3,true,643,5,18,18,16,1,0,0,0,1,1,4,4,0,3,london-link-082-a-arrival,true,82,52.08220338983051,255.35,173.25,429.73757062146893,740.8,1001.3166666666667,301629.250625377,79702.79941301973,79.09884589952658,1,0
profile,tfl-numbat-2019-midweek,evening,30,1.9666666666666666,1,2,off,free-flow,1,0,940GZZLUEUS,0,3900,2354,1800,1770,fc357df6b5d5694e,59,59,0,0,46,13,1.5333333333333334,15,14,2.066666666666667,-1,true,554,4,19,19,17,1,1,0,0,2,1,22,19,3,3,london-link-048-a-departure,true,77,33.82203389830509,182.31666666666666,150.4,424.4949152542373,693.0166666666667,829.6666666666666,311712.08882840234,113648.9009605219,73.28177625858036,1,0
profile,tfl-numbat-2019-midweek,evening,30,1.9666666666666666,1,3,off,free-flow,1,0,940GZZLUEUS,0,3900,2673,1800,1770,4a24af1062605094,59,59,0,0,46,13,1.5333333333333334,16,13,2,0,true,873,5,17,17,16,1,1,0,0,1,1,19,15,4,2,940GZZLUBNK-01-arrival,true,122,56.83474576271187,217.86666666666667,163.38333333333333,425.3581920903955,724.3166666666667,902.75,293688.5452048545,167992.68881499593,63.612840107819295,1,0
profile,tfl-numbat-2019-midweek,evening,20,2.966666666666667,1,1,off,free-flow,1,0,940GZZLUEUS,0,3900,2408,1800,1780,4fbd0b1ddcda5daa,89,89,0,0,67,22,2.2333333333333334,22,22,3,0,true,608,7,25,25,23,1,1,0,1,1,1,38,33,5,3,london-link-070-a-departure,true,221,74.20355805243445,240.4,200.61666666666667,464.413670411985,737.85,1001.3166666666667,469282.5120980381,163618.07229919505,74.14790310945551,1,0
profile,tfl-numbat-2019-midweek,evening,20,2.966666666666667,1,2,off,free-flow,1,0,940GZZLUEUS,0,3900,2362,1800,1780,58312b729793399f,89,89,0,0,67,22,2.2333333333333334,24,20,2.8666666666666667,2,true,562,6,24,24,23,1,1,0,0,1,1,14,11,3,3,london-link-087-a-arrival,true,92,47.74138576779026,217.65,159.03333333333333,437.8434456928839,687.8333333333334,1155.6833333333334,469853.8210978549,184211.3905164044,71.8359290105396,1,0
profile,tfl-numbat-2019-midweek,evening,20,2.966666666666667,1,3,off,free-flow,1,0,940GZZLUEUS,0,3900,2520,1800,1780,dbba58b1409deafa,89,89,0,0,68,21,2.2666666666666666,23,21,3,0,true,720,8,25,24,22,0,1,0,0,1,1,0,0,0,3,london-link-025-a-departure,true,124,69.38258426966291,224.7,207.15,433.87284644194756,724.3166666666667,899.7333333333333,438107.8985543412,226286.13846050604,65.94097390199045,1,0
profile,tfl-numbat-2019-midweek,evening,15,3.966666666666667,1,1,off,free-flow,1,0,940GZZLUEUS,0,3900,2452,1800,1785,873015319cd46809,119,119,0,0,82,37,2.7333333333333334,30,29,3.466666666666667,8,true,652,11,39,39,34,1,2,0,0,1,1,19,15,4,3,940GZZLUBXN-01-arrival,true,115,91.42394957983194,295.96666666666664,215.68333333333334,486.56596638655463,786.3666666666667,1001.3166666666667,636459.1852359825,268530.7888157708,70.32776091280604,1,0
profile,tfl-numbat-2019-midweek,evening,15,3.966666666666667,1,2,off,free-flow,1,0,940GZZLUEUS,0,3900,2583,1800,1785,7ee478a9b78eebf3,119,119,0,0,87,32,2.9,32,27,3.6666666666666665,5,true,783,10,34,34,28,1,2,0,0,2,2,21,12,9,3,940GZZLUVIC-01-arrival,true,158,64.55826330532213,287.65,199.98333333333332,464.6155462184874,757.3833333333333,1153.3333333333333,644655.6374199552,268516.5488007795,70.59518972954429,1,0
profile,tfl-numbat-2019-midweek,evening,15,3.966666666666667,1,3,off,free-flow,1,0,940GZZLUEUS,0,3900,2669,1800,1785,3efe4dd7383dc66b,119,119,0,0,85,34,2.8333333333333335,30,29,3.6666666666666665,5,true,869,11,34,34,29,1,1,0,0,1,1,6,2,4,4,london-link-057-a-arrival,true,154,79.40546218487394,272.15,217.86666666666667,448.13207282913163,748.9166666666666,958.35,592541.7423308144,299713.7951848749,66.4094216753903,1,0
profile,tfl-numbat-2019-midweek,evening,12,4.966666666666667,1,1,off,free-flow,1,0,940GZZLUEUS,0,3900,2432,1800,1788,25b3fdeb13f94c9d,149,149,0,0,105,44,3.5,36,38,4.6,6,true,632,14,48,47,39,1,1,0,0,1,1,58,47,11,4,940GZZLUVIC-01-arrival,true,122,94.3397091722595,292.81666666666666,230.8,480.26006711409394,819.8666666666667,995.9666666666667,776546.949426435,355937.01338018547,68.57023807223977,1,0
profile,tfl-numbat-2019-midweek,evening,12,4.966666666666667,1,2,off,free-flow,1,0,940GZZLUEUS,0,3900,2597,1800,1788,735db4462c7d6518,149,149,0,0,104,45,3.466666666666667,41,33,4.2,12,true,797,16,46,46,35,1,2,0,1,2,2,40,32,8,4,london-link-020-a-departure,true,229,84.1923937360179,278.05,237.55,483.8567114093959,787.4,1153.3333333333333,806091.2688312522,313231.36911058315,72.01598909081834,1,0
profile,tfl-numbat-2019-midweek,evening,12,4.966666666666667,1,3,off,free-flow,1,0,940GZZLUEUS,0,3900,2465,1800,1788,2fcc7c73295d9f40,149,149,0,0,108,41,3.6,39,35,4.6,6,true,665,13,45,43,35,2,2,0,0,1,1,52,42,10,4,940GZZLUKSX-01-arrival,true,157,91.76118568232663,299,217.86666666666667,456.81554809843396,755.4166666666666,963.7166666666667,734014.3283884682,348208.90265214944,67.82466937830125,1,0
profile,tfl-numbat-2019-midweek,evening,10,5.966666666666667,1,1,off,free-flow,1,0,940GZZLUEUS,0,3900,2802,1800,1790,20f452e1bbe11c01,179,179,0,0,131,48,4.366666666666666,43,46,5.866666666666666,2,true,1002,18,59,58,45,1,3,0,0,1,1,52,42,10,5,london-link-072-a-arrival,true,205,116.92811918063315,361.4,273.95,504.59422718808196,838.4833333333333,1101.7,937869.1074988946,520446.419065779,64.31180978428003,1,0
profile,tfl-numbat-2019-midweek,evening,10,5.966666666666667,1,2,off,free-flow,1,0,940GZZLUEUS,0,3900,2616,1800,1790,2c882ff5d2d3fc38,179,179,0,0,124,55,4.133333333333334,47,42,5.133333333333334,13,true,816,19,59,58,44,2,2,0,1,2,1,60,49,11,4,london-link-009-a-departure,true,207,101.46806331471136,356.18333333333334,271.2,494.33798882681566,789.4,1158.7,951122.3183392149,401770.68477428355,70.30284849949973,1,0
profile,tfl-numbat-2019-midweek,evening,10,5.966666666666667,1,3,off,free-flow,1,0,940GZZLUEUS,0,3900,2523,1800,1790,422dc303f2c9a139,179,179,0,0,131,48,4.366666666666666,47,42,5.6,6,true,723,18,52,50,39,1,1,0,0,1,1,76,62,14,5,london-link-046-a-departure,true,180,102.4191806331471,331.1333333333333,242.9,463.8184357541899,754.1,963.7166666666667,871494.2185292649,408213.1872261759,68.10105299146892,1,0
profile,tfl-numbat-2019-midweek,evening,8.571429,7,1,1,off,free-flow,1,0,940GZZLUEUS,0,3900,2711,1800,1799,8fa5bf61b989b665,210,210,0,0,146,64,4.866666666666666,50,55,6.4,9,true,911,24,69,66,52,1,3,0,0,1,1,73,59,14,4,940GZZLUVIC-01-arrival,true,327,130.3429365079365,367.46666666666664,298.6,514.683253968254,865.6,1106.7333333333333,1090588.2093136723,568046.1670751766,65.75217690158351,1,0
profile,tfl-numbat-2019-midweek,evening,8.571429,7,1,2,off,free-flow,1,0,940GZZLUEUS,0,3900,2836,1800,1799,fa205d26eb72d298,210,210,0,0,148,62,4.933333333333334,53,52,6.333333333333333,10,true,1036,23,71,68,52,2,2,0,0,1,2,167,143,24,5,london-link-048-a-arrival,true,227,118.58444444444444,344.9,306.75,532.1522222222222,921,1158.7,1173849.6043776814,550801.5073727081,68.06301844935544,1,0
profile,tfl-numbat-2019-midweek,evening,8.571429,7,1,3,off,free-flow,1,0,940GZZLUEUS,0,3900,2662,1800,1799,17620ed2eaa95023,210,210,0,0,150,60,5,53,52,6.466666666666667,8,true,862,24,63,60,47,2,2,0,1,1,2,72,55,17,4,london-link-025-a-departure,true,252,118.36666666666666,376.55,298.43333333333334,481.613253968254,810.65,963.7166666666667,1029052.7718471854,485364.11062388925,67.95042922184541,1,0
profile,tfl-numbat-2019-midweek,evening,7.5,7.966666666666667,1,1,off,free-flow,1,0,940GZZLUEUS,0,3900,2692,1800,1792.5,587d4087c93cef8a,239,239,0,0,163,76,5.433333333333334,56,63,7.133333333333334,13,true,892,28,78,75,56,1,3,0,0,1,1,103,81,22,5,london-link-063-a-departure,true,252.5,141.48591352859137,382.78333333333336,319.0833333333333,531.1854253835426,909.05,1141.4166666666667,1257496.3200480486,663163.4482640285,65.47210186805586,1,0
profile,tfl-numbat-2019-midweek,evening,7.5,7.966666666666667,1,2,off,free-flow,1,0,940GZZLUEUS,0,3900,2768,1800,1792.5,2f9a395554770741,239,239,0,0,164,75,5.466666666666667,57,62,7.133333333333334,13,true,968,27,78,76,59,2,2,0,0,1,2,125,101,24,5,london-link-025-b-departure,true,332.5,124.84267782426778,477.48333333333335,309.81666666666666,535.8792189679219,923.2333333333333,1185.45,1328051.718391879,598266.3131818644,68.94249530057614,1,0
profile,tfl-numbat-2019-midweek,evening,7.5,7.966666666666667,1,3,off,free-flow,1,0,940GZZLUEUS,0,3900,2550,1800,1792.5,3f9e14e4a9ea6f4c,239,239,0,0,168,71,5.6,57,62,7.4,9,true,750,29,74,72,53,1,2,0,1,1,1,135,108,27,4,940GZZLUBNK-01-arrival,true,269.5,134.70404463040447,379.76666666666665,314.5833333333333,504.6307531380753,867.8,974.2666666666667,1192262.9401032974,558712.9292283127,68.09134043397258,1,0
profile,tfl-numbat-2019-midweek,evening,6.666667,8.966666666666667,1,1,off,free-flow,1,0,940GZZLUEUS,0,3900,2693,1800,1793.3333333333333,6b585277ba4a284f,269,269,0,0,183,86,6.1,65,69,7.866666666666666,17,true,893,37,91,89,64,3,3,0,0,1,1,195,156,39,4,940GZZLUBXN-01-arrival,true,362.6666666666667,159.95650557620817,487,338.05,548.3195786864932,904.8333333333334,1141.2166666666667,1409521.2228256548,782791.0507689962,64.2938161594341,1,0
profile,tfl-numbat-2019-midweek,evening,6.666667,8.966666666666667,1,2,off,free-flow,1,0,940GZZLUEUS,0,3900,2605,1800,1793.3333333333333,550d0bff2169bd1a,269,269,0,0,179,90,5.966666666666667,59,75,8,15,true,805,33,91,87,71,3,2,0,1,2,1,387,260,126,5,london-link-020-a-departure,true,391.6666666666667,138.9491325898389,472.1166666666667,339.5,546.6022304832713,973.1,1198.1333333333334,1476877.7831494005,638118.1830387933,69.82886997232158,1,0
profile,tfl-numbat-2019-midweek,evening,6.666667,8.966666666666667,1,3,off,free-flow,1,0,940GZZLUEUS,0,3900,2607,1800,1793.3333333333333,1a7011d452329f9f,269,269,0,0,190,79,6.333333333333333,62,72,8.533333333333333,7,true,807,36,86,84,61,1,2,0,0,1,1,126,98,28,5,london-link-106-a-departure,true,314.6666666666667,147.5586741016109,475.43333333333334,360.1,525.7455390334572,858.4,1094.0333333333333,1373593.5775081431,652631.309438378,67.7907761550654,1,0
profile,tfl-numbat-2019-midweek,evening,6,9.966666666666667,1,1,off,free-flow,1,0,940GZZLUEUS,0,3900,2702,1800,1794,dbe77387ac8e7ea1,299,299,0,0,201,98,6.7,67,82,8.933333333333334,16,true,902,40,106,102,70,3,3,0,1,1,2,214,161,49,5,940GZZLUOXC-merge,true,290,174.2263099219621,581.2833333333333,402.18333333333334,570.5397435897436,930.15,1101.7,1599616.9717767234,948006.6196813344,62.788591577660384,1,0
profile,tfl-numbat-2019-midweek,evening,6,9.966666666666667,1,2,off,free-flow,1,0,940GZZLUEUS,0,3900,2899,1800,1794,94fb12000179d5a1,299,299,0,0,196,103,6.533333333333333,64,85,8.8,18,true,1099,42,109,104,73,3,3,1,1,2,2,400,322,78,5,london-link-020-a-arrival,true,488,177.5767558528428,547.0333333333333,408.6666666666667,586.2400780379041,996.2166666666667,1336.2833333333333,1647554.4030313657,918768.0752644178,64.19904033749711,1,0
profile,tfl-numbat-2019-midweek,evening,6,9.966666666666667,1,3,off,free-flow,1,0,940GZZLUEUS,0,3900,2684,1800,1794,644175ba2387c632,299,299,0,0,201,98,6.7,68,81,8.866666666666667,17,true,884,42,102,97,71,3,2,0,0,2,2,246,179,67,5,940GZZLUVIC-01-arrival,true,516,169.91465997770348,545.1666666666666,405.35,545.919342251951,888.35,1117.5166666666667,1514989.3912839661,803475.9044532066,65.34449293114238,1,0
profile,tfl-numbat-2019-midweek,evening,5.4545449999999995,11,1,1,off,free-flow,1,0,940GZZLUEUS,0,3900,2891,1800,1798.5,1b439c7c84b85436,330,330,0,0,212,118,7.066666666666666,69,96,9.533333333333333,22,true,1091,50,120,114,82,4,4,1,2,2,2,377,285,92,5,london-link-020-a-arrival,true,316.5,196.4489898989899,848.0833333333334,436.31666666666666,597.9229292929293,994.8,1712.3,1786253.2619724725,1095154.2107757565,61.99238666750523,1,0
profile,tfl-numbat-2019-midweek,evening,5.4545449999999995,11,1,2,off,free-flow,1,0,940GZZLUEUS,0,3900,2817,1800,1798.5,3445851c09ebc1ba,330,330,0,0,209,121,6.966666666666667,74,91,9,30,true,1017,53,122,114,79,3,3,0,1,2,2,295,230,65,5,london-link-063-b-departure,true,560.5,199.1540404040404,876.6833333333333,484.78333333333336,603.2026767676767,1022.55,1386.8,1798493.5743587085,1033773.0654231628,63.500150342385155,1,0
profile,tfl-numbat-2019-midweek,evening,5.4545449999999995,11,1,3,off,free-flow,1,0,940GZZLUEUS,0,3900,2961,1800,1798.5,8ed279d12330b0cd,330,330,0,0,218,112,7.266666666666667,73,92,9.666666666666666,20,true,1161,48,112,108,72,3,2,0,0,2,2,265,201,62,5,940GZZLUOXC-01-arrival,true,710.5,190.50979797979798,803.6166666666667,452.03333333333336,567.655404040404,951.1666666666666,1325.2166666666667,1676612.6018272021,1088298.2903872484,60.63893800513704,1,0
profile,tfl-numbat-2019-midweek,evening,5,11.966666666666667,1,1,off,free-flow,1,0,940GZZLUEUS,0,3900,3048,1800,1795,a190a3a06673b595,359,359,0,0,222,137,7.4,74,105,9.866666666666667,32,true,1248,69,141,114,77,2,4,0,0,1,2,365,288,75,6,london-link-048-a-departure,true,760,257.25306406685235,872.3166666666667,598.35,662.210677808728,1139.1333333333334,1727.3833333333334,1961982.8187813284,1239637.3578786282,61.280936229860295,1,0
profile,tfl-numbat-2019-midweek,evening,5,11.966666666666667,1,2,off,free-flow,1,0,940GZZLUEUS,0,3900,3174,1800,1795,140deb2d9657264b,359,359,0,0,216,143,7.2,75,104,9.4,39,true,1374,72,145,114,76,5,3,0,1,2,2,524,435,89,5,london-link-020-a-departure,true,960,258.4930826369545,972.0333333333333,647.95,663.8632311977716,1218.2833333333333,1495.9333333333334,1961324.7676400114,1276135.481168269,60.58220385445601,1,0
profile,tfl-numbat-2019-midweek,evening,5,11.966666666666667,1,3,off,free-flow,1,0,940GZZLUEUS,0,3900,3002,1800,1795,3de16aff2dc2b065,359,359,0,0,230,129,7.666666666666667,76,103,10.266666666666667,26,true,1202,57,132,114,80,3,2,0,0,1,2,453,319,133,6,london-link-057-b-departure,true,643,216.99865366759516,692.2166666666667,492.18333333333334,600.3593314763231,1050.4666666666667,1533.7,1851342.8561261229,1246850.8460161216,59.755555465948206,1,0
profile,tfl-numbat-2019-midweek,evening,4.615385,13.033333333333333,1,1,off,free-flow,1,0,940GZZLUEUS,0,3900,3108,1800,1798.6,e963afde427cc29f,391,391,0,0,226,165,7.533333333333333,77,118,9.933333333333334,47,true,1308,91,165,114,77,3,3,0,1,1,1,484,374,108,6,940GZZLUVIC-exit,true,819.4,307.95754475703325,1056.1333333333334,659.3833333333333,710.8132992327365,1185.5666666666666,1911.2,2124018.967863466,1368049.180409008,60.824098433308585,1,0
profile,tfl-numbat-2019-midweek,evening,4.615385,13.033333333333333,1,2,off,free-flow,1,0,940GZZLUEUS,0,3900,3186,1800,1798.6,5c39f262c2e4a004,391,391,0,0,224,167,7.466666666666667,78,117,9.733333333333333,50,true,1386,99,171,114,78,3,3,0,0,2,2,491,381,109,5,london-link-020-a-departure,true,917.4,314.1127450980392,1004.05,707.4666666666667,719.069820971867,1239.9666666666667,1502.0833333333333,2135332.0882720686,1411312.1408958428,60.20711270419827,1,0
profile,tfl-numbat-2019-midweek,evening,4.615385,13.033333333333333,1,3,off,free-flow,1,0,940GZZLUEUS,0,3900,3201,1800,1798.6,a6a90c310b40c11b,391,391,0,0,239,152,7.966666666666667,79,116,10.666666666666666,36,true,1401,79,153,114,75,3,2,0,0,2,2,428,335,93,5,940GZZLUOXC-exit,true,767.4,267.6247229326513,985.75,586.2166666666667,650.8469309462915,1121.1,1641.4,2017163.8098188445,1412091.3383693097,58.82221423170021,1,0
profile,tfl-numbat-2019-midweek,evening,4.2857140000000005,14,1,1,off,free-flow,1,0,940GZZLUEUS,0,3900,3502,1800,1799,e5a5471b5e211a7c,420,420,0,0,234,186,7.8,80,130,10.266666666666667,56,true,1702,111,187,114,81,3,4,0,0,2,2,416,328,86,5,940GZZLUVIC-01-arrival,true,993,360.5882142857143,1083.9,765.9166666666666,757.9044444444444,1322.2666666666667,1852.3,2251055.9450520263,1543646.501469008,59.321013354177055,1,0
profile,tfl-numbat-2019-midweek,evening,4.2857140000000005,14,1,2,off,free-flow,1,0,940GZZLUEUS,0,3900,3437,1800,1799,3cfb7a1e8de1cdca,420,420,0,0,226,194,7.533333333333333,81,129,9.666666666666666,65,true,1637,122,194,114,79,4,4,0,1,2,2,526,433,90,5,london-link-048-a-departure,true,1061,392.5747619047619,1173.8166666666666,866.65,796.5230158730159,1378.4666666666667,1689.0333333333333,2288779.6172880125,1602142.232445999,58.82358232007349,1,0
profile,tfl-numbat-2019-midweek,evening,4.2857140000000005,14,1,3,off,free-flow,1,0,940GZZLUEUS,0,3900,3224,1800,1799,8d1eb005ae7b2be2,420,420,0,0,250,170,8.333333333333334,84,126,11.066666666666666,44,true,1424,110,173,114,78,3,3,0,1,2,1,675,499,175,6,london-link-020-a-departure,true,862,315.62853174603174,999.2666666666667,717.85,697.277142857143,1167.2,1783.2166666666667,2157878.8073043805,1468065.3701231277,59.51219052785658,1,0
profile,tfl-numbat-2019-midweek,evening,4,14.966666666666667,1,1,off,free-flow,1,0,940GZZLUEUS,0,3900,3516,1800,1796,9acce1466eaaacf4,449,449,0,0,240,209,8,81,143,10.6,66,true,1716,142,209,114,79,3,5,0,2,1,2,529,408,119,5,940GZZLUVIC-01-arrival,true,1251,438.29844097995544,1278.6166666666666,923.2,838.726577579807,1443.8666666666666,1835.2333333333333,2421772.8105718335,1662522.2784515205,59.29475607872725,1,0
profile,tfl-numbat-2019-midweek,evening,4,14.966666666666667,1,2,off,free-flow,1,0,940GZZLUEUS,0,3900,3615,1800,1796,120f96969b81f894,449,449,0,0,228,221,7.6,83,141,9.666666666666666,80,true,1815,148,221,114,75,3,6,0,1,1,2,550,421,129,5,940GZZLUBNK-01-arrival,true,1169,465.68630289532297,1253.5,992.2,870.7175575352636,1504.0333333333333,1858.45,2450944.3678539945,1771302.6511826296,58.048341482711685,1,0
profile,tfl-numbat-2019-midweek,evening,4,14.966666666666667,1,3,off,free-flow,1,0,940GZZLUEUS,0,3900,3330,1800,1796,e59e69d0a95354cc,449,449,0,0,248,201,8.266666666666667,89,135,10.6,66,true,1530,139,202,114,75,4,3,0,0,2,1,562,444,118,5,london-link-020-a-departure,true,935,396.8567928730512,1126.0833333333333,823.5666666666667,779.0064587973275,1350.1666666666667,1789.4333333333334,2306942.4589772443,1626057.809273037,58.65604631660908,1,0
profile,tfl-numbat-2019-midweek,late,60,0.9666666666666667,1,1,off,free-flow,1,0,940GZZLUEUS,0,3900,2363,1800,1740,3f43491072734442,29,29,0,0,24,5,0.8,6,8,1.2,-3,true,563,2,10,10,10,1,0,0,0,1,1,2,2,0,3,london-link-030-a-arrival,true,0,40.54655172413793,150.4,123.41666666666667,444.6764367816092,786.3666666666667,881.1833333333333,159049.1878895678,41343.45237978257,79.36877705477991,1,0
profile,tfl-numbat-2019-midweek,late,60,0.9666666666666667,1,2,off,free-flow,1,0,940GZZLUEUS,0,3900,2390,1800,1740,9611b15078e17182,29,29,0,0,24,5,0.8,8,6,1.0666666666666667,-1,true,590,2,10,10,10,0,0,0,0,1,0,0,0,0,2,london-link-017-a-departure,true,0,47.78103448275862,162.81666666666666,141.81666666666666,469.1465517241379,729.0833333333334,769.2666666666667,165840.76108551992,38885.03164652217,81.00628595566494,1,0
profile,tfl-numbat-2019-midweek,late,60,0.9666666666666667,1,3,off,free-flow,1,0,940GZZLUEUS,0,3900,2171,1800,1740,f9d41282ed87e336,29,29,0,0,21,8,0.7,7,7,0.9333333333333333,1,true,371,2,10,10,9,1,1,0,1,2,1,5,4,1,3,london-link-072-a-departure,true,0,47.90862068965517,150.3,150.01666666666668,487.58563218390805,789.0333333333333,863.3833333333333,173312.5723753194,68925.49644139514,71.54638130245891,1,0
profile,tfl-numbat-2019-midweek,late,30,1.9666666666666666,1,1,off,free-flow,1,0,940GZZLUEUS,0,3900,2453,1800,1770,7b78c0c6c5b6751f,59,59,0,0,44,15,1.4666666666666666,14,15,2,0,true,653,6,18,18,16,1,0,0,0,1,1,10,8,2,3,940GZZLUMYB-01-arrival,true,110,70.55084745762711,187.78333333333333,151.61666666666667,453.8209039548023,847.1833333333333,881.1833333333333,305891.00811986474,119067.53698332695,71.9813759823528,1,0
profile,tfl-numbat-2019-midweek,late,30,1.9666666666666666,1,2,off,free-flow,1,0,940GZZLUEUS,0,3900,2387,1800,1770,dcdfc76528b14094,59,59,0,0,43,16,1.4333333333333333,13,16,2,0,true,587,7,19,19,16,1,0,0,0,1,1,9,7,2,3,london-link-020-a-arrival,true,118,77.51158192090396,249,187.78333333333333,482.61214689265535,766.9333333333333,832.2333333333333,323999.8969888468,153403.69173101734,67.86708450550984,1,0
profile,tfl-numbat-2019-midweek,late,30,1.9666666666666666,1,3,off,free-flow,1,0,940GZZLUEUS,0,3900,2439,1800,1770,ce3fa968a97b9b41,59,59,0,0,45,14,1.5,11,18,2.2666666666666666,-4,true,639,5,19,19,19,1,1,0,0,2,1,2,1,1,3,london-link-088-b-departure,true,143,62.12655367231638,172.98333333333332,167.66666666666666,479.4426553672316,786.5166666666667,863.3833333333333,334019.8664270274,154596.25748756103,68.36038560311921,1,0
profile,tfl-numbat-2019-midweek,late,20,2.966666666666667,1,1,off,free-flow,1,0,940GZZLUEUS,0,3900,2418,1800,1780,696ec036853324f3,89,89,0,0,65,24,2.1666666666666665,21,23,2.933333333333333,1,true,618,8,28,28,23,1,1,0,0,1,1,13,11,2,3,london-link-020-a-arrival,true,203,87.78501872659176,218.9,205.18333333333334,475.42790262172286,822.4,881.1833333333333,466538.29697709193,199726.45357414713,70.02295958042174,1,0
profile,tfl-numbat-2019-midweek,late,20,2.966666666666667,1,2,off,free-flow,1,0,940GZZLUEUS,0,3900,2431,1800,1780,a00e982a26c3858a,89,89,0,0,64,25,2.1333333333333333,20,24,2.933333333333333,1,true,631,8,28,28,22,1,0,0,0,1,1,14,13,1,4,london-link-088-b-departure,true,111,86.47116104868914,326.65,245.98333333333332,506.96367041198505,832.25,944.7333333333333,507770.77882961504,215909.09890392385,70.16510952603518,1,0
profile,tfl-numbat-2019-midweek,late,20,2.966666666666667,1,3,off,free-flow,1,0,940GZZLUEUS,0,3900,2739,1800,1780,0c012ee02aa5d7cd,89,89,0,0,67,22,2.2333333333333334,18,26,3.2666666666666666,-4,true,939,9,28,28,25,1,1,0,0,2,1,14,10,4,3,london-link-013-a-arrival,true,190,82.34719101123595,229.68333333333334,205.18333333333334,476.62003745318356,787.2166666666667,998.0833333333334,474800.9580344157,259401.0862615265,64.66897793641023,1,0
profile,tfl-numbat-2019-midweek,late,15,3.966666666666667,1,1,off,free-flow,1,0,940GZZLUEUS,0,3900,2664,1800,1785,1908eda44fdc9049,119,119,0,0,87,32,2.9,26,33,4.066666666666666,-1,true,864,11,37,36,29,1,1,0,0,1,1,20,18,2,3,940GZZLUWLO-01-departure,true,232,105.95014005602242,307.78333333333336,244.88333333333333,490.61036414565825,873.4833333333333,1028.2,619341.4070534977,321825.01685372496,65.80572694915331,1,0
profile,tfl-numbat-2019-midweek,late,15,3.966666666666667,1,2,off,free-flow,1,0,940GZZLUEUS,0,3900,2659,1800,1785,c990a351ec0e59e2,119,119,0,0,82,37,2.7333333333333334,24,35,3.8666666666666667,2,true,859,11,42,40,34,1,2,0,0,1,1,7,4,3,3,940GZZLUVIC-01-arrival,true,161,96.51148459383754,355.4166666666667,235.58333333333334,518.7936974789916,853.1,984.0833333333334,681885.2058577273,288596.5377357706,70.26254850841853,1,0
profile,tfl-numbat-2019-midweek,late,15,3.966666666666667,1,3,off,free-flow,1,0,940GZZLUEUS,0,3900,2491,1800,1785,3252cce4e219d7d2,119,119,0,0,88,31,2.933333333333333,27,32,4.066666666666666,-1,true,691,11,37,36,30,1,2,0,0,2,2,14,9,5,3,940GZZLUOXC-01-arrival,true,132,90.91218487394958,251.51666666666668,224.53333333333333,484.81484593837536,790.3833333333333,1002.3666666666667,633868.8087176972,310776.9178597162,67.10122015946598,1,0
profile,tfl-numbat-2019-midweek,late,12,4.966666666666667,1,1,off,free-flow,1,0,940GZZLUEUS,0,3900,2606,1800,1788,f319e0476eefe869,149,149,0,0,107,42,3.566666666666667,37,37,4.666666666666667,5,true,806,15,48,46,37,1,2,0,0,2,1,33,25,8,3,940GZZLUKSX-01-arrival,true,227,114.70257270693513,339.03333333333336,265.65,516.7365771812081,844.1666666666666,987.05,811650.8505083545,349582.4185075621,69.89559050406689,1,0
profile,tfl-numbat-2019-midweek,late,12,4.966666666666667,1,2,off,free-flow,1,0,940GZZLUEUS,0,3900,2636,1800,1788,25b0287529ffabe9,149,149,0,0,98,51,3.2666666666666666,34,40,4.266666666666667,11,true,836,18,52,51,39,1,2,0,0,1,1,32,26,6,3,940GZZLUBNK-01-departure,true,311,121.24049217002238,401.18333333333334,312.46666666666664,551.8847874720358,881.5166666666667,1020.2833333333333,871223.6727990728,369932.10255378194,70.19454689733753,1,0
profile,tfl-numbat-2019-midweek,late,12,4.966666666666667,1,3,off,free-flow,1,0,940GZZLUEUS,0,3900,2569,1800,1788,04c7ef6a02d9c80e,149,149,0,0,108,41,3.6,36,38,4.8,3,true,769,15,46,45,37,1,2,0,1,2,1,50,38,12,3,940GZZLUKSX-01-departure,true,218,96.47125279642059,271.8833333333333,232.26666666666668,495.08523489932884,802.1,1002.3666666666667,803200.9447015771,341471.5970144569,70.16862163020524,1,0
profile,tfl-numbat-2019-midweek,late,10,5.966666666666667,1,1,off,free-flow,1,0,940GZZLUEUS,0,3900,2565,1800,1790,6ce0ab44737101c7,179,179,0,0,116,63,3.8666666666666667,41,48,5,15,true,765,21,64,62,46,1,2,0,0,1,1,33,23,10,3,940GZZLUEUS-01-departure,true,369,135.06582867783985,408.71666666666664,316.6,540.8087523277467,886.5333333333333,1021.6333333333333,984060.4855885524,414473.7617734573,70.36370310163944,1,0
profile,tfl-numbat-2019-midweek,late,10,5.966666666666667,1,2,off,free-flow,1,0,940GZZLUEUS,0,3900,2673,1800,1790,a6ba80452bf89cc8,179,179,0,0,123,56,4.1,41,48,5.466666666666667,8,true,873,20,60,58,44,1,2,0,1,2,1,39,29,10,4,london-link-063-a-departure,true,360,132.94944134078213,385.4,310.8833333333333,560.6238361266295,935.4833333333333,1032.15,1038278.5444730024,493970.69174063625,67.76172700459007,1,0
profile,tfl-numbat-2019-midweek,late,10,5.966666666666667,1,3,off,free-flow,1,0,940GZZLUEUS,0,3900,2596,1800,1790,6b141e3b4a5792f4,179,179,0,0,126,53,4.2,40,49,5.733333333333333,4,true,796,17,56,54,44,2,1,0,1,1,1,83,67,16,4,london-link-048-a-arrival,true,371,115.25437616387336,392.18333333333334,277.6,502.23938547486034,794.35,1006.9333333333333,935210.0361751531,453387.9429374028,67.3492292400454,1,0
profile,tfl-numbat-2019-midweek,late,8.571429,7,1,1,off,free-flow,1,0,940GZZLUEUS,0,3900,2675,1800,1799,ff106fd3f52d9cd6,210,210,0,0,137,73,4.566666666666666,46,59,6.066666666666666,14,true,875,26,78,75,52,3,2,0,0,2,2,83,68,15,4,940GZZLUPCC-01-arrival,true,383,155.01944444444445,478.4,355.1,558.0673015873016,908.3833333333333,1048.2,1144873.638172107,592061.718135748,65.91342815461633,1,0
profile,tfl-numbat-2019-midweek,late,8.571429,7,1,2,off,free-flow,1,0,940GZZLUEUS,0,3900,2783,1800,1799,1a27ca72858d2a15,210,210,0,0,135,75,4.5,46,59,5.933333333333334,16,true,983,29,76,73,50,2,4,1,1,2,2,93,74,19,4,940GZZLUEUS-01-arrival,true,466,168.06150793650795,503.5,398.4,595.922380952381,953.75,1074.1333333333334,1217439.1106599856,670188.1897783197,64.49573548641182,1,0
profile,tfl-numbat-2019-midweek,late,8.571429,7,1,3,off,free-flow,1,0,940GZZLUEUS,0,3900,2601,1800,1799,a7d9d942eff35942,210,210,0,0,150,60,5,46,59,6.933333333333334,1,true,801,23,65,63,50,2,3,0,0,1,2,113,84,29,4,london-link-017-a-departure,true,276,124.51269841269841,343.56666666666666,310.2,511.2224603174603,801.7,1013.85,1097109.667995658,520318.4281438459,67.83050638320505,1,0
profile,tfl-numbat-2019-midweek,late,7.5,7.966666666666667,1,1,off,free-flow,1,0,940GZZLUEUS,0,3900,2976,1800,1792.5,4c95945b07ad4db4,239,239,0,0,152,87,5.066666666666666,53,66,6.6,21,true,1176,36,91,87,59,2,2,0,1,2,2,83,62,21,4,940GZZLULSQ-01-arrival,true,545.5,180.56652719665271,546.3666666666667,386.48333333333335,588.5463040446305,930.4333333333333,1182.5166666666667,1319272.0725422648,813071.4666958745,61.869583782621866,1,0
profile,tfl-numbat-2019-midweek,late,7.5,7.966666666666667,1,2,off,free-flow,1,0,940GZZLUEUS,0,3900,2731,1800,1792.5,bc66ba7eac15925a,239,239,0,0,146,93,4.866666666666666,50,69,6.4,24,true,931,40,94,91,57,2,3,0,0,1,1,153,122,31,5,london-link-063-a-departure,true,478.5,198.63598326359835,544.45,424.43333333333334,615.2951882845188,976.2,1259.75,1348432.2170605008,850252.2356895561,61.329046802232895,1,0
profile,tfl-numbat-2019-midweek,late,7.5,7.966666666666667,1,3,off,free-flow,1,0,940GZZLUEUS,0,3900,2662,1800,1792.5,0ae3f856fd211af2,239,239,0,0,162,77,5.4,51,68,7.4,9,true,862,31,78,76,59,3,3,0,0,1,2,136,108,28,4,london-link-020-a-departure,true,431.5,151.6594839609484,490.18333333333334,363.8333333333333,540.4314504881451,864.1666666666666,1095.7166666666667,1256347.5273196113,626364.9263417234,66.73071742189714,1,0
profile,tfl-numbat-2019-midweek,late,6.666667,8.966666666666667,1,1,off,free-flow,1,0,940GZZLUEUS,0,3900,2941,1800,1793.3333333333333,cde8843fbd18461c,269,269,0,0,173,96,5.766666666666667,56,78,7.8,18,true,1141,45,106,101,63,2,3,0,0,2,2,194,157,37,5,london-link-045-a-departure,true,537.6666666666666,203.34665427509293,650.6833333333333,432.43333333333334,615.051239157373,961.3166666666667,1216.8,1496588.5062722573,998100.3121112097,59.990989467056316,1,0
profile,tfl-numbat-2019-midweek,late,6.666667,8.966666666666667,1,2,off,free-flow,1,0,940GZZLUEUS,0,3900,2794,1800,1793.3333333333333,83a165183527ecc2,269,269,0,0,162,107,5.4,54,80,7.2,27,true,994,45,108,106,67,2,3,0,0,1,1,202,161,39,5,london-link-063-a-departure,true,525.6666666666666,208.87292441140025,562.1333333333333,476.4,624.1345105328376,997.4666666666667,1212.2166666666667,1510153.2846930027,995901.1802934891,60.260194093632464,1,0
profile,tfl-numbat-2019-midweek,late,6.666667,8.966666666666667,1,3,off,free-flow,1,0,940GZZLUEUS,0,3900,2706,1800,1793.3333333333333,83299e1e302850ba,269,269,0,0,182,87,6.066666666666666,55,79,8.466666666666667,8,true,906,37,96,91,63,3,2,0,1,1,1,324,258,66,5,london-link-075-b-departure,true,360.6666666666667,177.53828996282527,488.8666666666667,385.95,571.3015489467163,921.2333333333333,1132.4166666666667,1426993.11269197,807783.6816810552,63.85394354751738,1,0
profile,tfl-numbat-2019-midweek,late,6,9.966666666666667,1,1,off,free-flow,1,0,940GZZLUEUS,0,3900,3027,1800,1794,98fed7f7e0b5d5be,299,299,0,0,183,116,6.1,61,88,8.133333333333333,28,true,1227,54,119,114,71,2,2,0,1,1,1,167,132,35,5,london-link-088-a-departure,true,777,231.4088071348941,788.0166666666667,496.46666666666664,638.7927536231883,1014.7333333333333,1340.6166666666666,1647776.663928885,1181611.8835476825,58.23790675191922,1,0
profile,tfl-numbat-2019-midweek,late,6,9.966666666666667,1,2,off,free-flow,1,0,940GZZLUEUS,0,3900,3378,1800,1794,37d7a79f46029bb5,299,299,0,0,183,116,6.1,57,92,8.4,24,true,1578,56,125,114,71,2,3,0,2,1,2,260,193,65,5,london-link-031-a-arrival,true,667,241.44264214046822,865.5833333333334,544.4333333333333,655.1440356744705,1049.8166666666666,1649.7833333333333,1669213.0471606555,1257906.304848405,57.02579384113506,1,0
profile,tfl-numbat-2019-midweek,late,6,9.966666666666667,1,3,off,free-flow,1,0,940GZZLUEUS,0,3900,2904,1800,1794,fc6ee2bcadca4be9,299,299,0,0,201,98,6.7,61,88,9.333333333333334,10,true,1104,44,104,101,65,2,2,0,0,2,1,244,200,44,5,london-link-048-a-arrival,true,381,191.4183946488294,545.6666666666666,420.1666666666667,579.8588628762542,953.4833333333333,1217.65,1567256.9163740452,1004068.3492702723,60.95132876864278,1,0
profile,tfl-numbat-2019-midweek,late,5.4545449999999995,11,1,1,off,free-flow,1,0,940GZZLUEUS,0,3900,3138,1800,1798.5,a742cd2d2261b9db,330,330,0,0,201,129,6.7,67,98,8.933333333333334,31,true,1338,66,133,114,74,2,2,0,0,1,1,319,248,68,5,london-link-020-a-departure,true,685.5,256.9981818181818,805.5166666666667,524.9,664.1265656565656,1064.8666666666666,1646.5666666666666,1814171.4612940596,1279397.7660389608,58.643312238338524,1,0
profile,tfl-numbat-2019-midweek,late,5.4545449999999995,11,1,2,off,free-flow,1,0,940GZZLUEUS,0,3900,2887,1800,1798.5,be1a4b815253bd7f,330,330,0,0,205,125,6.833333333333333,60,105,9.666666666666666,20,true,1087,66,137,114,76,3,3,0,0,1,1,309,244,65,6,london-link-023-a-arrival,true,606.5,260.8059090909091,943.7833333333333,590.4,674.0825757575758,1073.9166666666667,1415.1333333333334,1843158.548076884,1229519.1732929768,59.98541712520268,1,0
profile,tfl-numbat-2019-midweek,late,5.4545449999999995,11,1,3,off,free-flow,1,0,940GZZLUEUS,0,3900,2912,1800,1798.5,aeaa655b97568ddc,330,330,0,0,212,118,7.066666666666666,67,98,9.666666666666666,20,true,1112,52,121,114,74,3,3,0,1,2,1,356,295,60,5,940GZZLUPCC-01-departure,true,619.5,220.61525252525252,695.7833333333333,505.3833333333333,610.0690404040404,983.6,1380.0666666666666,1730796.421369768,1234967.4503096684,58.35921186772237,1,0
profile,tfl-numbat-2019-midweek,late,5,11.966666666666667,1,1,off,free-flow,1,0,940GZZLUEUS,0,3900,3554,1800,1795,c4d654bacd1c393f,359,359,0,0,210,149,7,71,108,9.266666666666667,41,true,1754,87,151,114,76,2,2,0,1,1,1,255,200,55,5,london-link-013-a-departure,true,1064,311.3104921077066,1128.9333333333334,655.9,718.7202414113278,1163.1,1823.6333333333334,1978789.2347009606,1446726.515374893,57.76616950767612,1,0
profile,tfl-numbat-2019-midweek,late,5,11.966666666666667,1,2,off,free-flow,1,0,940GZZLUEUS,0,3900,3118,1800,1795,9df3d2223b4cc3f6,359,359,0,0,211,148,7.033333333333333,62,117,9.933333333333334,31,true,1318,89,153,114,73,4,3,0,1,1,2,351,278,73,6,london-link-048-a-departure,true,876,324.1564531104921,1038.3,697.6833333333333,735.3669452181987,1211,1635.5,1993072.067713475,1457682.538054416,57.75757176074131,1,0
profile,tfl-numbat-2019-midweek,late,5,11.966666666666667,1,3,off,free-flow,1,0,940GZZLUEUS,0,3900,3046,1800,1795,fb2a73a1032500d7,359,359,0,0,225,134,7.5,71,108,10.266666666666667,26,true,1246,74,140,114,76,3,3,0,2,2,2,348,285,63,6,london-link-020-a-departure,true,703,266.2389507892293,927.8666666666667,611.95,654.4869545032498,1065.0166666666667,1435.15,1877828.1221007137,1320517.090622371,58.71249027874395,1,0
profile,tfl-numbat-2019-midweek,late,4.615385,13.033333333333333,1,1,off,free-flow,1,0,940GZZLUEUS,0,3900,3311,1800,1798.6,5901994003b35650,391,391,0,0,216,175,7.2,70,125,9.733333333333333,50,true,1511,111,175,114,76,3,2,0,1,2,2,350,282,68,6,london-link-087-a-departure,true,800.4,369.9038363171356,1089.8,770.2333333333333,777.6967178175619,1342.9166666666667,1882.8666666666666,2153483.118970352,1548551.0731115032,58.17026551446655,1,0
profile,tfl-numbat-2019-midweek,late,4.615385,13.033333333333333,1,2,off,free-flow,1,0,940GZZLUEUS,0,3900,3618,1800,1798.6,fe98d1722db6b27e,391,391,0,0,216,175,7.2,68,127,9.866666666666667,48,true,1818,112,175,114,77,5,4,0,0,2,2,696,546,150,5,940GZZLUPCC-01-arrival,true,1077.4,386.2933503836317,1090.9166666666667,793.4666666666667,794.9955669224212,1255.2666666666667,1832.3333333333333,2156828.3093390726,1690920.9542479066,56.054284247420455,1,0
profile,tfl-numbat-2019-midweek,late,4.615385,13.033333333333333,1,3,off,free-flow,1,0,940GZZLUEUS,0,3900,3121,1800,1798.6,882b92859d36cd3a,391,391,0,0,231,160,7.7,75,120,10.4,40,true,1321,91,161,114,81,3,3,0,0,2,1,466,352,113,6,london-link-048-a-arrival,true,912.4,321.6036658141518,930.4333333333333,683.25,704.1095481670928,1102.4833333333333,1638.55,2013138.3202024465,1457360.8873541933,58.007168415974675,1,0
profile,tfl-numbat-2019-midweek,late,4.2857140000000005,14,1,1,off,free-flow,1,0,940GZZLUEUS,0,3900,3501,1800,1799,1619796da1e5bece,420,420,0,0,217,203,7.233333333333333,74,136,9.533333333333333,67,true,1701,134,203,114,82,2,2,0,0,1,1,443,351,91,6,london-link-024-a-arrival,true,1171,422.95900793650793,1298.4333333333334,848.5666666666667,830.8790873015873,1379.2666666666667,1824.3833333333334,2314093.122012195,1723141.1490256286,57.31877237377477,1,0
profile,tfl-numbat-2019-midweek,late,4.2857140000000005,14,1,2,off,free-flow,1,0,940GZZLUEUS,0,3900,3856,1800,1799,c6732daafdeff25c,420,420,0,0,217,203,7.233333333333333,73,137,9.6,66,true,2056,141,204,114,75,3,3,0,1,2,2,660,518,140,5,london-link-013-a-departure,true,1184,462.50567460317455,1200.7333333333333,935.7666666666667,877.4679365079365,1440.9666666666667,2086.95,2354125.735963426,1868163.6094428175,55.75472316989981,1,0
profile,tfl-numbat-2019-midweek,late,4.2857140000000005,14,1,3,off,free-flow,1,0,940GZZLUEUS,0,3900,3807,1800,1799,5d715f71ce359391,420,420,0,0,226,194,7.533333333333333,75,135,10.066666666666666,59,true,2007,121,194,114,73,4,2,0,0,1,1,679,531,147,6,london-link-031-b-departure,true,1288,409.0444444444445,1321.8,833.6666666666666,794.8530158730159,1279.45,2041.7,2180748.170439536,1732636.7239249884,55.725368940323904,1,0
profile,tfl-numbat-2019-midweek,late,4,14.966666666666667,1,1,off,free-flow,1,0,940GZZLUEUS,0,3900,3828,1800,1796,e9538827e0405203,449,449,0,0,217,232,7.233333333333333,74,150,9.533333333333333,82,true,2028,164,232,114,77,3,2,0,0,2,2,519,388,130,5,london-link-020-a-departure,true,1437,517.9899406087602,1520.15,1030.65,926.6143652561246,1512.6666666666667,2307.1833333333334,2477778.3219090123,1881764.4539361084,56.835738271398924,1,0
profile,tfl-numbat-2019-midweek,late,4,14.966666666666667,1,2,off,free-flow,1,0,940GZZLUEUS,0,3900,3900,1800,1796,6622936b54de5f60,449,448,1,0,224,225,7.466666666666667,72,152,10.133333333333333,73,false,0,162,225,114,77,4,4,0,0,1,2,686,542,144,6,london-link-045-a-arrival,true,1426,516.1079806978471,1569.4666666666667,1060.9333333333334,925.7815476190477,1520.8,2151.133333333333,2502390.2017579437,1949785.1028285665,56.20601235490546,1,0
profile,tfl-numbat-2019-midweek,late,4,14.966666666666667,1,3,off,free-flow,1,0,940GZZLUEUS,0,3900,3596,1800,1796,a42f9a1146943fd9,449,449,0,0,235,214,7.833333333333333,81,143,10.266666666666667,71,true,1796,140,215,114,80,3,2,0,0,1,1,778,637,138,6,london-link-048-a-departure,true,1115,450.1592427616926,1227.15,874.8,836.3360801781738,1335.6666666666667,1947.05,2332077.7224289146,1729816.8760686833,57.413545966739186,1,0
profile,tfl-numbat-2019-midweek,night,60,0.9666666666666667,1,1,off,free-flow,1,0,940GZZLUEUS,0,3900,2284,1800,1740,ca2265641b46fb7e,29,29,0,0,22,7,0.7333333333333333,9,5,0.8666666666666667,2,true,484,3,9,9,9,1,1,0,0,1,1,1,1,0,2,940GZZLUOVL-01-arrival,true,158,52.74367816091954,165.28333333333333,157.9,422.60057471264366,969.3666666666667,1083.95,144848.7384353437,74529.64291916759,66.02689724529915,1,0
profile,tfl-numbat-2019-midweek,night,60,0.9666666666666667,1,2,off,free-flow,1,0,940GZZLUEUS,0,3900,2774,1800,1740,c81386e7d7872707,29,29,0,0,21,8,0.7,9,5,0.8,3,true,974,3,9,9,8,0,0,0,0,1,1,0,0,0,2,940GZZLUOVL-01-arrival,true,67,55.54252873563219,133.9,131.65,414.5942528735632,927.75,1093.1166666666666,140371.27930934585,134676.84989844353,51.03516963145755,1,0
profile,tfl-numbat-2019-midweek,night,60,0.9666666666666667,1,3,off,free-flow,1,0,940GZZLUEUS,0,3900,2834,1800,1740,59d46cdde352f10e,29,29,0,0,23,6,0.7666666666666667,8,6,1,0,true,1034,2,10,10,10,1,1,0,0,1,1,3,1,2,3,london-link-030-a-arrival,true,0,39.45287356321839,258.31666666666666,159.96666666666667,471.2298850574712,1083.95,1093.1166666666666,170110.6173579565,95863.50479099632,63.957582032243685,1,0
profile,tfl-numbat-2019-midweek,night,30,1.9666666666666666,1,1,off,free-flow,1,0,940GZZLUEUS,0,3900,2729,1800,1770,175bf1e8ac6f44d7,59,59,0,0,43,16,1.4333333333333333,16,13,1.8,3,true,929,6,18,18,17,1,1,0,0,1,1,4,2,2,3,940GZZLUOVL-01-arrival,true,33,71.4364406779661,221.83333333333334,205.78333333333333,487.4398305084746,1116.1,1193.55,332356.6804355455,222209.2409042875,59.930959989854905,1,0
profile,tfl-numbat-2019-midweek,night,30,1.9666666666666666,1,2,off,free-flow,1,0,940GZZLUEUS,0,3900,2968,1800,1770,332bbea8045ea8af,59,59,0,0,42,17,1.4,17,12,1.6666666666666667,5,true,1168,5,19,19,16,1,0,0,0,1,1,14,12,2,3,940GZZLUWIG-01-departure,true,226,77.65141242937852,227.18333333333334,221.83333333333334,485.01638418079096,1193.55,1198.9,325069.73839428986,264084.0388273846,55.1757030103839,1,0
profile,tfl-numbat-2019-midweek,night,30,1.9666666666666666,1,3,off,free-flow,1,0,940GZZLUEUS,0,3900,2694,1800,1770,a1a4f419a9f155b7,59,59,0,0,42,17,1.4,14,15,1.8666666666666667,2,true,894,5,20,20,17,0,1,0,0,2,1,0,0,0,3,london-link-013-a-arrival,true,100,71.23418079096045,258.31666666666666,216.46666666666667,490.4223163841808,1103.8333333333333,1182.8166666666666,335439.61133191455,254599.66635590018,56.85038674821798,1,0
profile,tfl-numbat-2019-midweek,night,20,2.966666666666667,1,1,off,free-flow,1,0,940GZZLUEUS,0,3900,2961,1800,1780,8c76375d5400f0a2,89,89,0,0,64,25,2.1333333333333333,24,20,2.6666666666666665,5,true,1161,7,27,27,24,1,1,0,0,1,1,6,3,3,4,london-link-048-a-departure,true,210,77.78295880149813,249.01666666666668,216.46666666666667,478.41872659176033,1152.8,1220.7333333333333,482372.86822377867,324657.298839406,59.77135526161965,1,0
profile,tfl-numbat-2019-midweek,night,20,2.966666666666667,1,2,off,free-flow,1,0,940GZZLUEUS,0,3900,3127,1800,1780,afec5a831dfb0ad9,89,89,0,0,63,26,2.1,22,22,2.7333333333333334,4,true,1327,9,30,29,24,1,1,0,0,2,1,13,11,2,3,940GZZLUCWR-01-arrival,true,373,107.11910112359551,453.3833333333333,379.05,541.2185393258427,1346.2666666666667,1425.1,523940.29168238654,420592.217408847,55.47085850824627,1,0
profile,tfl-numbat-2019-midweek,night,20,2.966666666666667,1,3,off,free-flow,1,0,940GZZLUEUS,0,3900,2762,1800,1780,094cd0a41dfbd30a,89,89,0,0,61,28,2.033333333333333,22,22,2.6,6,true,962,8,29,29,24,1,1,0,0,1,1,30,24,6,4,london-link-063-a-departure,true,173,87.80973782771535,334.78333333333336,236.23333333333332,540.2250936329588,1129.6166666666666,1301.1333333333334,546123.134051081,431641.1824621854,55.854271303187936,1,0
profile,tfl-numbat-2019-midweek,night,15,3.966666666666667,1,1,off,free-flow,1,0,940GZZLUEUS,0,3900,3236,1800,1785,f9e1bd3d2523c995,119,119,0,0,83,36,2.7666666666666666,28,31,3.6666666666666665,5,true,1436,12,36,36,31,1,1,0,0,1,1,47,38,6,4,940GZZLUOVL-01-arrival,true,480,106.94789915966386,494.1333333333333,260.75,528.4921568627451,1176.5,1465.85,678759.9718167643,473933.1855080644,58.88470557004356,1,0
profile,tfl-numbat-2019-midweek,night,15,3.966666666666667,1,2,off,free-flow,1,0,940GZZLUEUS,0,3900,2915,1800,1785,690a196e2f9a4ff9,119,119,0,0,77,42,2.566666666666667,28,31,3.2666666666666666,11,true,1115,16,44,43,34,1,2,0,0,2,1,23,16,7,4,940GZZLUWHP-01-arrival,true,202,123.50574229691877,472.35,408.03333333333336,569.8256302521008,1375.5,1444.0666666666666,720394.9170482176,565286.9549406699,56.032128378212384,1,0
profile,tfl-numbat-2019-midweek,night,15,3.966666666666667,1,3,off,free-flow,1,0,940GZZLUEUS,0,3900,3260,1800,1785,db99ebd72e363b57,119,119,0,0,80,39,2.6666666666666665,27,32,3.533333333333333,7,true,1460,11,40,40,33,1,2,0,0,1,1,32,24,8,4,london-link-022-a-arrival,true,503,115.16778711484594,577.35,507.85,566.4053221288516,1215.8333333333333,1549.0666666666666,727763.7813234847,547243.5466099369,57.079184203832845,1,0
profile,tfl-numbat-2019-midweek,night,12,4.966666666666667,1,1,off,free-flow,1,0,940GZZLUEUS,0,3900,2936,1800,1788,c19eeed41d417052,149,149,0,0,102,47,3.4,32,42,4.666666666666667,5,true,1136,16,50,50,38,1,1,0,0,1,1,24,15,6,5,london-link-048-a-departure,true,277,124.40749440715884,456.1166666666667,340.56666666666666,536.3124161073825,1202.5833333333333,1427.8333333333333,830198.3045985838,667887.2516431477,55.41728248694381,1,0
profile,tfl-numbat-2019-midweek,night,12,4.966666666666667,1,2,off,free-flow,1,0,940GZZLUEUS,0,3900,3004,1800,1788,8ad3f9dbd58a4a5d,149,149,0,0,92,57,3.066666666666667,33,41,3.933333333333333,16,true,1204,21,58,58,47,1,2,0,0,1,1,38,23,15,5,london-link-048-a-departure,true,402,147.85682326621924,493.35,420.03333333333336,575.0371364653245,1354.8166666666666,1465.0666666666666,861316.2635478278,771878.4680277288,52.73812405192545,1,0
profile,tfl-numbat-2019-midweek,night,12,4.966666666666667,1,3,off,free-flow,1,0,940GZZLUEUS,0,3900,3384,1800,1788,f3a80d553036d591,149,149,0,0,97,52,3.2333333333333334,33,41,4.266666666666667,11,true,1584,18,53,52,40,2,2,0,0,1,1,82,61,15,5,london-link-048-a-departure,true,625,134.282774049217,636.1333333333333,449.6166666666667,581.3355704697987,1397.8166666666666,1607.85,902260.8483269498,710716.8698937675,55.93758910211343,1,0
profile,tfl-numbat-2019-midweek,night,10,5.966666666666667,1,1,off,free-flow,1,0,940GZZLUEUS,0,3900,2889,1800,1790,6e42c7acb2ed4782,179,179,0,0,117,62,3.9,43,46,4.933333333333334,16,true,1089,24,63,62,46,3,1,0,0,1,1,181,100,81,6,london-link-048-a-departure,true,253,142.7887337057728,417.48333333333335,362.1166666666667,554.7192737430167,1214.6333333333334,1389.2,992181.1697793067,840486.1934483906,54.13863910534618,1,0
profile,tfl-numbat-2019-midweek,night,10,5.966666666666667,1,2,off,free-flow,1,0,940GZZLUEUS,0,3900,2774,1800,1790,d7ddc3217005eedc,179,179,0,0,114,65,3.8,38,51,5.066666666666666,14,true,974,25,70,69,56,3,2,0,0,1,2,223,145,78,6,london-link-048-a-departure,true,471,153.38156424581004,600.6833333333333,428.8,585.2905027932961,1397.0166666666667,1457.8333333333333,1041625.8863931062,813982.3493672685,56.133933139517346,1,0
profile,tfl-numbat-2019-midweek,night,10,5.966666666666667,1,3,off,free-flow,1,0,940GZZLUEUS,0,3900,3158,1800,1790,aa670b5f8d7371c6,179,179,0,0,115,64,3.8333333333333335,38,51,5.133333333333334,13,true,1358,24,66,65,47,2,2,0,0,2,2,209,149,54,6,london-link-022-a-arrival,true,574,157.5975791433892,613.5166666666667,489.78333333333336,599.4040037243948,1393.25,1510.65,1068266.1618374554,880276.1237522637,54.82386344590662,1,0
profile,tfl-numbat-2019-midweek,night,8.571429,7,1,1,off,free-flow,1,0,940GZZLUEUS,0,3900,3268,1800,1799,e91f11a6d7b085ac,210,210,0,0,137,73,4.566666666666666,48,57,5.933333333333334,16,true,1468,26,73,73,52,4,1,0,0,1,1,372,176,193,7,london-link-048-a-departure,true,546,163.90642857142856,609.6333333333333,390.3,580.5885714285714,1273.7166666666667,1547.0666666666666,1173034.376968022,1056305.7233424233,52.61800910523576,1,0
profile,tfl-numbat-2019-midweek,night,8.571429,7,1,2,off,free-flow,1,0,940GZZLUEUS,0,3900,3006,1800,1799,2eea3e3fe02210bb,210,210,0,0,135,75,4.5,46,59,5.933333333333334,16,true,1206,30,82,79,62,2,2,0,0,1,2,222,176,45,6,940GZZLUWHP-01-arrival,true,275,161.4379365079365,520.15,452.6166666666667,591.4394444444445,1403.9666666666667,1463.5666666666666,1218998.3432565215,1002508.7734778023,54.87258330499892,1,0
profile,tfl-numbat-2019-midweek,night,8.571429,7,1,3,off,free-flow,1,0,940GZZLUEUS,0,3900,3205,1800,1799,cd9753e4db035a1b,210,210,0,0,138,72,4.6,45,60,6.2,12,true,1405,29,79,78,53,2,2,0,0,2,2,166,115,51,5,london-link-022-a-arrival,true,668,175.6325396825397,684.5666666666667,459.1166666666667,612.7969047619048,1366,1571.55,1239798.0911034695,1042986.1861255502,54.31078632661737,1,0
profile,tfl-numbat-2019-midweek,night,7.5,7.966666666666667,1,1,off,free-flow,1,0,940GZZLUEUS,0,3900,3246,1800,1792.5,ac698127e9c870b6,239,239,0,0,152,87,5.066666666666666,56,63,6.4,24,true,1446,31,90,90,63,5,1,0,0,2,1,726,276,449,7,london-link-048-a-departure,true,469.5,176.3755230125523,561.2666666666667,394.6166666666667,599.5896792189678,1292.4,1522.1,1346976.7029344183,1159703.0255127246,53.73549271764581,1,0
profile,tfl-numbat-2019-midweek,night,7.5,7.966666666666667,1,2,off,free-flow,1,0,940GZZLUEUS,0,3900,3077,1800,1792.5,363a18a5ce685250,239,239,0,0,148,91,4.933333333333334,51,68,6.466666666666667,23,true,1277,35,95,92,66,2,2,0,0,1,1,239,191,45,6,london-link-048-a-departure,true,508.5,183.55404463040446,545.5333333333333,453.18333333333334,611.2510460251046,1392.2833333333333,1532.5333333333333,1379486.776993651,1204424.586881562,53.38754247842193,1,0
profile,tfl-numbat-2019-midweek,night,7.5,7.966666666666667,1,3,off,free-flow,1,0,940GZZLUEUS,0,3900,3137,1800,1792.5,d38bd377032d4c52,239,239,0,0,154,85,5.133333333333334,47,72,7.133333333333334,13,true,1337,41,89,87,58,3,2,0,0,2,1,405,268,137,7,london-link-048-a-departure,true,410.5,206.37663877266385,583.6,519.3833333333333,642.4592747559275,1428.3,1560.6666666666667,1404167.677262238,1256081.744574431,52.783309179061234,1,0
profile,tfl-numbat-2019-midweek,night,6.666667,8.966666666666667,1,1,off,free-flow,1,0,940GZZLUEUS,0,3900,3195,1800,1793.3333333333333,8ba338bafbc5514f,269,269,0,0,170,99,5.666666666666667,62,72,7.2,27,true,1395,40,103,98,68,4,1,0,0,2,1,644,319,325,7,london-link-048-a-departure,true,673.6666666666666,197.95743494423792,806.0333333333333,440.05,618.2027881040892,1315.5166666666667,1552.5166666666667,1512056.5497712668,1305587.3122483105,53.66386327786237,1,0
profile,tfl-numbat-2019-midweek,night,6.666667,8.966666666666667,1,2,off,free-flow,1,0,940GZZLUEUS,0,3900,2976,1800,1793.3333333333333,c43a7f45f4cd834d,269,269,0,0,164,105,5.466666666666667,52,82,7.466666666666667,23,true,1176,44,109,105,75,4,2,0,0,2,2,624,379,240,7,london-link-048-a-departure,true,595.6666666666666,214.2390334572491,615.0666666666667,488.35,642.7950433705081,1326.15,1534.9166666666667,1549388.1487075444,1322608.830503559,53.9481120601018,1,0
profile,tfl-numbat-2019-midweek,night,6.666667,8.966666666666667,1,3,off,free-flow,1,0,940GZZLUEUS,0,3900,3487,1800,1793.3333333333333,c77ab3603993635e,269,269,0,0,165,104,5.5,52,82,7.533333333333333,22,true,1687,50,105,104,66,2,2,0,0,2,1,368,275,92,6,london-link-022-b-departure,true,727.6666666666666,227.73760842627013,733.8333333333334,510.2,666.0281908302355,1442.7833333333333,1700.1833333333334,1587998.4472888117,1435246.301808678,52.52629472896189,1,0
profile,tfl-numbat-2019-midweek,night,6,9.966666666666667,1,1,off,free-flow,1,0,940GZZLUEUS,0,3900,3429,1800,1794,436349ce9314f077,299,299,0,0,187,112,6.233333333333333,64,85,8.2,27,true,1629,54,117,113,66,5,2,0,0,2,2,592,393,198,7,london-link-048-a-departure,true,741,242.46967670011148,905.5666666666667,549.5666666666667,656.2169453734671,1343.9833333333333,1897.3333333333333,1660571.7691068193,1593245.092681015,51.034579991524346,1,0
profile,tfl-numbat-2019-midweek,night,6,9.966666666666667,1,2,off,free-flow,1,0,940GZZLUEUS,0,3900,3787,1800,1794,cf673c15ac76cbab,299,299,0,0,173,126,5.766666666666667,58,91,7.666666666666667,35,true,1987,51,128,114,80,4,2,0,0,2,2,548,255,291,7,london-link-048-a-departure,true,1026,258.36711259754736,1037.9,554.6833333333333,694.1857302118171,1459.7,2004.25,1747140.0395133705,1675213.3194871247,51.05083713575462,1,0
profile,tfl-numbat-2019-midweek,night,6,9.966666666666667,1,3,off,free-flow,1,0,940GZZLUEUS,0,3900,3498,1800,1794,a1953c90166778c3,299,299,0,0,172,127,5.733333333333333,58,91,7.6,36,true,1698,67,129,114,70,3,2,0,0,2,1,442,288,148,6,london-link-063-a-departure,true,920,279.40005574136006,943.6666666666666,670.5833333333334,709.9671125975474,1491.6666666666667,1769.8,1734981.1694461391,1696890.8065766229,50.55495023030637,1,0
profile,tfl-numbat-2019-midweek,night,5.4545449999999995,11,1,1,off,free-flow,1,0,940GZZLUEUS,0,3900,3769,1800,1798.5,d042e9976f1d18e7,330,330,0,0,190,140,6.333333333333333,66,99,8.266666666666667,41,true,1969,82,140,114,70,7,1,0,1,1,1,1360,695,661,7,london-link-048-a-departure,true,1104.5,312.78161616161617,1104.1166666666666,790.1666666666666,730.7641919191918,1391.0666666666666,2008.4833333333333,1834405.7617404875,1982585.2378389249,48.05894910264702,1,0
profile,tfl-numbat-2019-midweek,night,5.4545449999999995,11,1,2,off,free-flow,1,0,940GZZLUEUS,0,3900,3664,1800,1798.5,50bea3e032ab06ac,330,330,0,0,185,145,6.166666666666667,61,104,8.266666666666667,41,true,1864,85,151,114,73,2,2,0,0,2,1,585,391,194,7,london-link-048-a-departure,true,1160.5,352.22939393939396,1187.4666666666667,911.5833333333334,787.5626767676767,1546.1166666666666,1990.1666666666667,1934948.2860951964,1999498.8619412056,49.17967412679282,1,0
profile,tfl-numbat-2019-midweek,night,5.4545449999999995,11,1,3,off,free-flow,1,0,940GZZLUEUS,0,3900,3739,1800,1798.5,c4a341f4642e795c,330,330,0,0,190,140,6.333333333333333,61,104,8.6,36,true,1939,76,141,114,69,3,2,0,0,2,1,453,332,116,6,london-link-048-a-departure,true,965.5,313.91565656565655,1053.25,735.8666666666667,751.5840404040404,1571.8,2032.4,1949699.083006956,1842690.9806354558,51.41082668944561,1,0
profile,tfl-numbat-2019-midweek,night,5,11.966666666666667,1,1,off,free-flow,1,0,940GZZLUEUS,0,3900,3899,1800,1795,2be3e529710e9875,359,359,0,0,201,158,6.7,69,110,8.8,48,true,2099,105,159,114,78,6,2,0,0,2,2,1445,733,706,7,london-link-048-a-departure,true,1132,381.06764159702874,1211.4166666666667,951.4666666666667,805.33356545961,1579.9166666666667,2183.133333333333,2027637.4830080643,2107791.799848198,49.03088275294152,1,0
profile,tfl-numbat-2019-midweek,night,5,11.966666666666667,1,2,off,free-flow,1,0,940GZZLUEUS,0,3900,3900,1800,1795,4211505d27680b8b,359,358,1,0,185,174,6.166666666666667,65,114,8,60,false,0,113,175,114,70,3,2,0,0,2,2,678,475,203,7,london-link-048-a-departure,true,1207,423.7712627669452,1275.6666666666667,1062.1833333333334,855.2833333333334,1641.1333333333334,2130.266666666667,2102559.4534216626,2198677.201852396,48.882673099225116,1,0
profile,tfl-numbat-2019-midweek,night,5,11.966666666666667,1,3,off,free-flow,1,0,940GZZLUEUS,0,3900,3793,1800,1795,e593d26bccbd6209,359,359,0,0,190,169,6.333333333333333,64,115,8.4,54,true,1993,110,169,114,72,6,2,0,0,2,2,947,578,366,6,london-link-048-a-departure,true,1187,399.85636025998144,1201.4333333333334,990.7333333333333,838.4484215413185,1735.5666666666666,2041.3666666666666,2113394.890033566,2112845.5773168667,50.00649883414045,1,0
profile,tfl-numbat-2019-midweek,night,4.615385,13.033333333333333,1,1,off,free-flow,1,0,940GZZLUEUS,0,3900,3900,1800,1798.6,86aba24f394e3624,391,389,2,0,200,191,6.666666666666667,73,122,8.466666666666667,69,false,0,131,192,114,72,5,2,0,1,2,1,1738,977,759,7,london-link-048-a-departure,true,1450.4,464.9415174765558,1468.4833333333333,1047.3,886.1919451585262,1652.65,2276.8,2229052.9745919355,2198979.762247098,50.339577574648935,1,0
profile,tfl-numbat-2019-midweek,night,4.615385,13.033333333333333,1,2,off,free-flow,1,0,940GZZLUEUS,0,3900,3900,1800,1798.6,09112042b1d9f956,391,389,2,0,189,202,6.3,68,127,8.066666666666666,75,false,0,141,202,114,75,5,2,0,0,2,2,1150,662,484,8,london-link-063-a-departure,true,1485.4,511.3122335890878,1548.9333333333334,1179.9333333333334,934.878620394173,1711.9333333333334,2370.05,2258012.9059710205,2323637.356264708,49.283833918592634,1,0
profile,tfl-numbat-2019-midweek,night,4.615385,13.033333333333333,1,3,off,free-flow,1,0,940GZZLUEUS,0,3900,3900,1800,1798.6,de8c84346b576f9d,391,389,2,0,194,197,6.466666666666667,67,128,8.466666666666667,69,false,0,134,197,114,69,3,2,0,0,2,1,1030,648,379,6,london-link-048-a-departure,true,1239.4,496.09126172208016,1417.6333333333334,1077.25,929.2897172236504,1801.9666666666667,2276.883333333333,2306035.581783877,2227114.4570164587,50.87048877813345,1,0
profile,tfl-numbat-2019-midweek,early,60,0.9666666666666667,1,1,off,congestion,1,0,940GZZLUEUS,0,3900,2589,1800,1740,9528258c1baa82ba,29,29,0,0,19,10,0.6333333333333333,6,8,0.8666666666666667,2,true,789,4,10,10,9,0,0,0,0,1,0,0,0,0,2,940GZZLULVT-01-arrival,true,215,108.96781609195402,274.26666666666665,256.45,558.017816091954,869.4333333333333,908.5166666666667,176828.4473681922,207457.1456983908,46.01485212003618,1,0
profile,tfl-numbat-2019-midweek,early,60,0.9666666666666667,1,2,off,congestion,1,0,940GZZLUEUS,0,3900,2502,1800,1740,bb5eef7e7cabdb3b,29,29,0,0,18,11,0.6,6,8,0.8,3,true,702,4,13,13,10,1,0,0,0,1,1,5,3,2,2,940GZZLULVT-01-arrival,true,205,142.69655172413792,295.9166666666667,291.9,625.1752873563217,881.25,935.4833333333333,190205.3000399939,197650.48280084008,49.040212484868185,1,0
profile,tfl-numbat-2019-midweek,early,60,0.9666666666666667,1,3,off,congestion,1,0,940GZZLUEUS,0,3900,2550,1800,1740,47735eda4f594ac0,29,29,0,0,22,7,0.7333333333333333,6,8,1.0666666666666667,-1,true,750,4,13,13,10,1,0,0,0,1,0,2,1,1,3,london-link-069-a-departure,true,221,115.72471264367816,280.31666666666666,279.6166666666667,581.7557471264369,869.6666666666666,917.75,183579.4617690434,209832.72391000547,46.663389811420345,1,0
profile,tfl-numbat-2019-midweek,early,30,1.9666666666666666,1,1,off,congestion,1,0,940GZZLUEUS,0,3900,2506,1800,1770,383a7529680b260f,59,59,0,0,35,24,1.1666666666666667,12,17,1.5333333333333334,7,true,706,10,27,27,21,1,0,0,0,1,1,11,10,1,3,940GZZLULVT-01-arrival,true,193,163.83841807909604,349.93333333333334,312.4,630.754802259887,954.9,989.55,373895.57545176207,394465.101419165,48.66146677032132,1,0
profile,tfl-numbat-2019-midweek,early,30,1.9666666666666666,1,2,off,congestion,1,0,940GZZLUEUS,0,3900,2675,1800,1770,d1340ee5a623df89,59,59,0,0,35,24,1.1666666666666667,10,19,1.6666666666666667,5,true,875,9,27,27,19,1,0,0,0,1,1,23,19,4,4,london-link-010-a-departure,true,262,191.14406779661016,381.73333333333335,358.2,667.5570621468927,964.7666666666667,1024.7,381377.7994954415,437334.39974612725,46.582645262735646,1,0
profile,tfl-numbat-2019-midweek,early,30,1.9666666666666666,1,3,off,congestion,1,0,940GZZLUEUS,0,3900,2720,1800,1770,badaff981b31ddb7,59,59,0,0,39,20,1.3,11,18,1.8666666666666667,2,true,920,8,23,23,17,1,0,0,0,1,1,15,12,3,3,940GZZLULVT-01-arrival,true,372,164.8005649717514,372.18333333333334,369.01666666666665,635.9822033898305,989.8,998.0666666666667,377353.85039013694,399956.9348296961,48.54607160550546,1,0
profile,tfl-numbat-2019-midweek,early,20,2.966666666666667,1,1,off,congestion,1,0,940GZZLUEUS,0,3900,2719,1800,1780,4a2d770f2630dd23,89,89,0,0,51,38,1.7,17,27,2.2666666666666666,11,true,919,17,38,38,28,2,0,0,0,1,1,43,31,12,6,london-link-013-a-arrival,true,284,206.13370786516853,425.6,404,681.3436329588015,1053.8666666666666,1093.7666666666667,571903.2312661273,619332.9836476581,48.00922135392922,1,0
profile,tfl-numbat-2019-midweek,early,20,2.966666666666667,1,2,off,congestion,1,0,940GZZLUEUS,0,3900,2806,1800,1780,19332ce46bf440c5,89,89,0,0,57,32,1.9,13,31,2.933333333333333,1,true,1006,15,38,38,27,1,0,0,0,1,1,32,25,7,4,london-link-009-a-arrival,true,334,204.8307116104869,429.1166666666667,397.6333333333333,673.5591760299626,1045.2,1085.45,565189.2767282006,609991.2961720872,48.09382402683371,1,0
profile,tfl-numbat-2019-midweek,early,20,2.966666666666667,1,3,off,congestion,1,0,940GZZLUEUS,0,3900,2713,1800,1780,1023c2b2435ed2d7,89,89,0,0,55,34,1.8333333333333333,17,27,2.533333333333333,7,true,913,14,36,36,24,1,0,0,0,1,1,57,48,9,4,940GZZLUPAC-01-arrival,true,299,192.474531835206,397.3,388.3666666666667,665.6389513108614,1028.4166666666667,1057.3666666666666,571149.4103604723,570822.9065177006,50.01429561110834,1,0
profile,tfl-numbat-2019-midweek,early,15,3.966666666666667,1,1,off,congestion,1,0,940GZZLUEUS,0,3900,2881,1800,1785,1609c532807f9008,119,119,0,0,71,48,2.3666666666666667,21,38,3.3333333333333335,10,true,1081,25,54,54,34,1,0,0,0,1,1,100,71,29,5,london-link-009-a-arrival,true,473,262.08487394957984,523.3,477.6,753.5593837535014,1121.2666666666667,1168.0333333333333,792319.222604656,888738.886989569,47.13217336644637,1,0
profile,tfl-numbat-2019-midweek,early,15,3.966666666666667,1,2,off,congestion,1,0,940GZZLUEUS,0,3900,2866,1800,1785,c5ea67b17f25e70e,119,119,0,0,75,44,2.5,15,44,4,0,true,1066,21,49,49,33,2,0,0,0,1,1,82,55,27,5,940GZZLUOVL-01-arrival,true,440,236.34481792717088,476.8833333333333,443.03333333333336,707.6556022408963,1088.35,1124.65,758776.4466832401,828738.228805727,47.79649967327269,1,0
profile,tfl-numbat-2019-midweek,early,15,3.966666666666667,1,3,off,congestion,1,0,940GZZLUEUS,0,3900,2903,1800,1785,a02f25ab84cc8d7d,119,119,0,0,74,45,2.466666666666667,21,38,3.533333333333333,7,true,1103,19,51,50,33,2,0,0,0,1,1,94,70,24,5,940GZZLUPAC-01-departure,true,452,227.76526610644257,479.43333333333334,463.31666666666666,710.084593837535,1114.6333333333334,1177.4833333333333,777564.52840783,783089.7542149923,49.822983672018744,1,0
profile,tfl-numbat-2019-midweek,early,12,4.966666666666667,1,1,off,congestion,1,0,940GZZLUEUS,0,3900,2933,1800,1788,fde388a840555436,149,149,0,0,83,66,2.7666666666666666,25,49,3.8666666666666667,17,true,1133,34,68,66,38,4,0,0,0,1,1,435,347,88,5,940GZZLULVT-01-arrival,true,546,294.87897091722596,545.6833333333333,529.4333333333333,788.2686800894855,1182.8166666666666,1252.6,993427.6574682927,1095788.961230721,47.550246756457206,1,0
profile,tfl-numbat-2019-midweek,early,12,4.966666666666667,1,2,off,congestion,1,0,940GZZLUEUS,0,3900,2860,1800,1788,0db4ec5e24e7ed35,149,149,0,0,87,62,2.9,19,55,4.533333333333333,7,true,1060,33,62,61,40,3,2,0,0,1,2,202,144,58,5,940GZZLUPAC-01-arrival,true,422,275.4891498881432,536.55,512.2833333333333,753.093288590604,1155.8166666666666,1199.4166666666667,961143.917292206,1083210.6948997912,47.01454001963234,1,0
profile,tfl-numbat-2019-midweek,early,12,4.966666666666667,1,3,off,congestion,1,0,940GZZLUEUS,0,3900,2944,1800,1788,8d13d145a9ef1806,149,149,0,0,87,62,2.9,24,50,4.2,12,true,1144,33,63,63,40,2,0,0,0,1,1,229,165,64,6,london-link-048-a-departure,true,500,266.3883668903803,534.55,518.5166666666667,751.1640939597315,1147.4833333333333,1232.95,977350.6867123295,1054386.1316773542,48.10419724966934,1,0
profile,tfl-numbat-2019-midweek,early,10,5.966666666666667,1,1,off,congestion,1,0,940GZZLUEUS,0,3900,3098,1800,1790,aadad49ab1254db9,179,179,0,0,93,86,3.1,27,62,4.4,24,true,1298,47,88,86,46,4,2,0,0,1,2,691,431,260,5,940GZZLULVT-01-arrival,true,686,344.735009310987,695.9666666666667,628.2666666666667,843.8188081936686,1298.7833333333333,1357.7,1209253.6127846884,1336174.7285547277,47.50688098916875,1,0
profile,tfl-numbat-2019-midweek,early,10,5.966666666666667,1,2,off,congestion,1,0,940GZZLUEUS,0,3900,3050,1800,1790,2b255de325ea94d8,179,179,0,0,97,82,3.2333333333333334,22,67,5,15,true,1250,46,83,82,49,4,2,0,0,2,2,482,379,103,5,940GZZLUOVL-01-arrival,true,638,318.2852886405959,647.1333333333333,567.5333333333333,797.9490689013036,1202.0333333333333,1306.4833333333333,1159422.234860858,1315366.0562910247,46.84935026588511,1,0
profile,tfl-numbat-2019-midweek,early,10,5.966666666666667,1,3,off,congestion,1,0,940GZZLUEUS,0,3900,3104,1800,1790,26744e71f4c37b72,179,179,0,0,93,86,3.1,27,62,4.4,24,true,1304,44,87,85,46,2,2,0,0,1,2,348,258,90,6,940GZZLUPAC-01-arrival,true,646,322.05037243947856,645.0166666666667,613.7666666666667,818.3840782122905,1265.2,1344.7333333333333,1198058.2776242855,1289322.1235808437,48.16546263063862,1,0
profile,tfl-numbat-2019-midweek,early,8.571429,7,1,1,off,congestion,1,0,940GZZLUEUS,0,3900,3228,1800,1799,3563668f01b58088,210,210,0,0,104,106,3.466666666666667,28,77,5.066666666666666,29,true,1428,63,106,103,56,8,2,0,0,1,2,2407,1155,1252,7,london-link-068-a-arrival,true,761,403.2480952380953,761.5,732.4666666666667,911.143253968254,1368.5666666666666,1441.95,1441511.8999407107,1636628.4101230202,46.83061052245748,1,0
profile,tfl-numbat-2019-midweek,early,8.571429,7,1,2,off,congestion,1,0,940GZZLUEUS,0,3900,3172,1800,1799,2c5e275a02e8aba7,210,210,0,0,105,105,3.5,27,78,5.2,27,true,1372,59,105,104,53,5,2,0,0,1,2,1249,767,482,7,london-link-069-a-departure,true,757,387.64214285714286,756.6333333333333,710.65,874.4369841269842,1344.5833333333333,1397.9666666666667,1377137.486148027,1609228.8856410156,46.1141505997814,1,0
profile,tfl-numbat-2019-midweek,early,8.571429,7,1,3,off,congestion,1,0,940GZZLUEUS,0,3900,3140,1800,1799,ddd650abd105cd58,210,210,0,0,103,107,3.433333333333333,30,75,4.866666666666666,32,true,1340,58,108,104,54,5,2,0,0,1,2,753,506,247,6,london-link-017-a-departure,true,721,368.5238888888889,857.1666666666666,701.05,862.8914285714286,1357.6166666666666,1415.7166666666667,1404145.647760117,1542157.1074566834,47.65788733944263,1,0
profile,tfl-numbat-2019-midweek,early,7.5,7.966666666666667,1,1,off,congestion,1,0,940GZZLUEUS,0,3900,3707,1800,1792.5,63b1ce4d79486c0c,239,239,0,0,112,127,3.7333333333333334,30,89,5.466666666666667,38,true,1907,78,127,114,59,10,2,0,0,2,2,4406,2075,2331,7,london-link-057-b-departure,true,968.5,452.6029986052999,992.1166666666667,833.9833333333333,966.1138075313808,1491.4,2011.1666666666667,1650338.047017896,1988218.845609365,45.35693946031035,1,0
profile,tfl-numbat-2019-midweek,early,7.5,7.966666666666667,1,2,off,congestion,1,0,940GZZLUEUS,0,3900,3292,1800,1792.5,b14207684481cacc,239,239,0,0,115,124,3.8333333333333335,32,87,5.533333333333333,37,true,1492,73,124,114,56,11,2,0,0,1,2,3617,1538,2077,7,london-link-017-a-departure,true,876.5,443.57900976290097,875.95,823.4833333333333,934.3488842398884,1470.45,1500.85,1578771.4002513436,1916926.8903803714,45.16326264432965,1,0
profile,tfl-numbat-2019-midweek,early,7.5,7.966666666666667,1,3,off,congestion,1,0,940GZZLUEUS,0,3900,3250,1800,1792.5,93ce2d6fb7cde873,239,239,0,0,115,124,3.8333333333333335,33,86,5.466666666666667,38,true,1450,75,127,114,59,9,2,0,0,1,2,2419,1240,1179,7,london-link-048-a-departure,true,847.5,418.7831241283124,847.35,814.75,917.4035564853557,1478.2833333333333,1571.8,1606189.3839773727,1809633.1920332902,47.022037832340814,1,0
profile,tfl-numbat-2019-midweek,early,6.666667,8.966666666666667,1,1,off,congestion,1,0,940GZZLUEUS,0,3900,3465,1800,1793.3333333333333,4a2c0b0e2de5a8b9,269,269,0,0,119,150,3.966666666666667,33,101,5.733333333333333,49,true,1665,97,151,114,61,9,2,0,0,1,2,5477,2519,2958,7,london-link-017-a-departure,true,1024.6666666666667,523.0359975216853,1024.2,967.9,1033.245229244114,1635.95,1957.35,1852202.730898536,2088056.89061361,47.007124119088374,1,0
profile,tfl-numbat-2019-midweek,early,6.666667,8.966666666666667,1,2,off,congestion,1,0,940GZZLUEUS,0,3900,3471,1800,1793.3333333333333,d22cf29e05f827ac,269,269,0,0,125,144,4.166666666666667,33,101,6.133333333333334,43,true,1671,89,146,114,63,9,2,0,0,1,2,2394,1539,854,6,london-link-010-a-departure,true,991.6666666666666,496.0745972738538,993.7833333333333,909.95,989.9711895910781,1515.45,1703.9166666666667,1786835.5016572007,2143668.7041264456,45.460719747555885,1,0
profile,tfl-numbat-2019-midweek,early,6.666667,8.966666666666667,1,3,off,congestion,1,0,940GZZLUEUS,0,3900,3376,1800,1793.3333333333333,d987e36c0704b230,269,269,0,0,123,146,4.1,37,97,5.733333333333333,49,true,1576,86,147,114,64,6,2,0,0,1,2,2741,1801,938,7,london-link-048-a-departure,true,976.6666666666666,474.1910780669145,996.5333333333333,880.05,974.7319702602231,1565.6333333333334,1626.0166666666667,1805149.6571569885,2033277.6277282713,47.028366650716656,1,0
profile,tfl-numbat-2019-midweek,early,6,9.966666666666667,1,1,off,congestion,1,0,940GZZLUEUS,0,3900,3623,1800,1794,813f7f4fec7f70d2,299,299,0,0,123,176,4.1,38,111,5.666666666666667,65,true,1823,120,176,114,61,12,2,0,0,1,2,7566,2927,4637,7,london-link-063-a-departure,true,1260,611.5272575250837,1259.4833333333333,1142.1666666666667,1126.8491081382388,1791.3833333333334,2156.866666666667,2070864.9438016282,2266385.3111954117,47.746033132760545,1,0
profile,tfl-numbat-2019-midweek,early,6,9.966666666666667,1,2,off,congestion,1,0,940GZZLUEUS,0,3900,3597,1800,1794,a6937e018b1fcc1f,299,299,0,0,127,172,4.233333333333333,36,113,6.066666666666666,59,true,1797,114,174,114,64,7,2,0,0,1,2,3721,2206,1514,7,london-link-017-a-departure,true,1179,571.7097547380157,1178.75,1064.1666666666667,1069.692586399108,1671.1333333333334,1833.3333333333333,1994024.3541401196,2317272.98192723,46.25114434716802,1,0
profile,tfl-numbat-2019-midweek,early,6,9.966666666666667,1,3,off,congestion,1,0,940GZZLUEUS,0,3900,3676,1800,1794,569e16cc1ad11ec7,299,299,0,0,131,168,4.366666666666666,41,108,6,60,true,1876,109,169,114,66,10,2,0,0,1,2,4789,2486,2300,7,london-link-017-a-departure,true,1197,570.4808249721293,1196.3833333333334,1122.4166666666667,1075.7512263099218,1719.6,1881.0166666666667,2030543.9260310081,2312564.972218981,46.753235380517275,1,0
profile,tfl-numbat-2019-midweek,early,5.4545449999999995,11,1,1,off,congestion,1,0,940GZZLUEUS,0,3900,3900,1800,1798.5,20e33643790350cf,330,328,2,0,127,203,4.233333333333333,41,124,5.733333333333333,79,false,0,146,203,114,64,17,2,0,0,1,2,10297,3091,7205,6,940GZZLUPAC-01-arrival,true,1556.5,729.0410101010101,1610.3333333333333,1356.8333333333333,1237.2233231707316,1935.4666666666667,2346.45,2277578.452335932,2512945.7408236247,47.543407787985124,1,0
profile,tfl-numbat-2019-midweek,early,5.4545449999999995,11,1,2,off,congestion,1,0,940GZZLUEUS,0,3900,3832,1800,1798.5,9a5fd55d60a95da3,330,330,0,0,137,193,4.566666666666666,38,127,6.6,66,true,2032,138,193,114,65,12,2,0,0,1,2,4480,2472,2008,7,london-link-048-a-departure,true,1340.5,661.4430808080808,1355.9833333333333,1246.0333333333333,1161.5238383838382,1909.2166666666667,2048.983333333333,2206260.753525219,2544046.136764043,46.4445940963379,1,0
profile,tfl-numbat-2019-midweek,early,5.4545449999999995,11,1,3,off,congestion,1,0,940GZZLUEUS,0,3900,3900,1800,1798.5,3aa6ead3ecd2761f,330,327,3,0,130,200,4.333333333333333,45,120,5.666666666666667,80,false,0,137,200,114,66,10,2,0,0,1,2,8063,3535,4525,7,london-link-069-a-departure,true,1475.5,671.5815656565657,1475.1833333333334,1361.15,1167.1555555555556,1902.5,2096.3166666666666,2231766.5255861357,2477622.823878118,47.389722105691355,1,0
profile,tfl-numbat-2019-midweek,early,5,11.966666666666667,1,1,off,congestion,1,0,940GZZLUEUS,0,3900,3900,1800,1795,5608ed1bb22ab7e5,359,346,13,0,129,230,4.3,43,136,5.733333333333333,94,false,0,170,230,114,63,13,0,0,0,1,1,6496,3463,3026,7,london-link-048-a-departure,true,1919,808.8993500464253,1918.2166666666667,1574.95,1289.144845857418,2091.616666666667,2222.1,2471945.705917109,2601842.9388973876,48.7199187621558,1,0
profile,tfl-numbat-2019-midweek,early,5,11.966666666666667,1,2,off,congestion,1,0,940GZZLUEUS,0,3900,3900,1800,1795,706d8f75a32eac66,359,357,2,0,137,222,4.566666666666666,41,138,6.4,84,false,0,165,223,114,64,12,2,0,0,1,2,5359,3124,2231,7,940GZZLUPAC-01-departure,true,1540,761.7418755803157,1584.1333333333334,1447.8833333333334,1251.3944911297851,2040.9666666666667,2184.766666666667,2376968.9002640424,2636206.477474042,47.41443738073486,1,0
profile,tfl-numbat-2019-midweek,early,5,11.966666666666667,1,3,off,congestion,1,0,940GZZLUEUS,0,3900,3900,1800,1795,e90e4c4c349d670e,359,348,11,0,143,216,4.766666666666667,45,134,6.533333333333333,82,false,0,162,219,114,66,10,0,0,0,1,1,6157,2941,3215,7,london-link-009-a-departure,true,1645,760.3540389972145,1644.3833333333334,1505.0166666666667,1232.65,2074.5666666666666,2223.7833333333333,2414327.4398512514,2588881.578632685,48.25557818855301,1,0
profile,tfl-numbat-2019-midweek,morning,60,0.9666666666666667,1,1,off,congestion,1,0,940GZZLUEUS,0,3900,2307,1800,1740,ec096baf2262cfae,29,29,0,0,23,6,0.7666666666666667,7,7,1.0666666666666667,-1,true,507,1,10,10,10,0,1,0,0,2,1,0,0,0,2,london-link-023-a-arrival,true,0,20.49712643678161,205.85,115.76666666666667,416.8,811.8166666666667,1048.5666666666666,155806.75673348777,41334.983353121,79.03286065398346,1,0
profile,tfl-numbat-2019-midweek,morning,60,0.9666666666666667,1,2,off,congestion,1,0,940GZZLUEUS,0,3900,2155,1800,1740,eaf98c10ead9f202,29,29,0,0,23,6,0.7666666666666667,8,6,1,0,true,355,2,9,9,8,0,0,0,0,1,1,0,0,0,2,london-link-084-a-departure,true,0,41.04080459770115,172.65,150.91666666666666,393.2201149425287,708.5166666666667,813.1833333333333,137908.053580545,30776.098725044365,81.75519258662177,1,0
profile,tfl-numbat-2019-midweek,morning,60,0.9666666666666667,1,3,off,congestion,1,0,940GZZLUEUS,0,3900,2488,1800,1740,5214e5eaa55ec074,29,29,0,0,21,8,0.7,7,7,0.9333333333333333,1,true,688,3,10,10,10,1,0,0,0,1,1,5,4,1,2,940GZZLUBNK-01-arrival,true,164,53.166091954022995,343.9,327.81666666666666,468.33563218390805,859.2333333333333,891.2333333333333,163245.23028288607,85871.42568907076,65.52963295286953,1,0
profile,tfl-numbat-2019-midweek,morning,30,1.9666666666666666,1,1,off,congestion,1,0,940GZZLUEUS,0,3900,2677,1800,1770,97c3b096389d787f,59,59,0,0,42,17,1.4,15,14,1.8,3,true,877,5,18,18,16,1,1,0,0,2,1,10,8,2,3,london-link-089-a-departure,true,267,61.76977401129943,385.5833333333333,223.23333333333332,452.0802259887006,996.4,1048.5666666666666,311755.48571173416,139803.72851379064,69.03977947752215,1,0
profile,tfl-numbat-2019-midweek,morning,30,1.9666666666666666,1,2,off,congestion,1,0,940GZZLUEUS,0,3900,2842,1800,1770,2eb0fa6013c87d49,59,59,0,0,43,16,1.4333333333333333,16,13,1.8,3,true,1042,5,17,16,14,1,1,0,0,1,1,8,7,1,2,940GZZLUBXN-01-arrival,true,363,65.44774011299435,362.2,309.9166666666667,453.00847457627117,946.4166666666666,1071.2166666666667,309451.6269904257,123222.2610844694,71.52075397183668,1,0
profile,tfl-numbat-2019-midweek,morning,30,1.9666666666666666,1,3,off,congestion,1,0,940GZZLUEUS,0,3900,2499,1800,1770,e15aaff78f8f0841,59,59,0,0,40,19,1.3333333333333333,17,12,1.5333333333333334,7,true,699,5,19,19,16,0,0,0,0,1,1,0,0,0,2,940GZZLUBNK-01-arrival,true,112,72.46497175141242,354.6166666666667,327.81666666666666,509.5584745762712,876.85,908.4166666666666,350599.03414152004,155612.90124760187,69.25933776571601,1,0
profile,tfl-numbat-2019-midweek,morning,20,2.966666666666667,1,1,off,congestion,1,0,940GZZLUEUS,0,3900,2564,1800,1780,d2d7fedf7433e695,89,89,0,0,67,22,2.2333333333333334,23,21,2.933333333333333,1,true,764,8,27,27,22,1,2,0,0,2,1,3,2,1,3,940GZZLULNB-01-departure,true,372,88.74719101123596,471.26666666666665,347.9,472.9820224719101,983.7833333333333,1087.1,462915.8163980036,255792.94195710192,64.40937459249416,1,0
profile,tfl-numbat-2019-midweek,morning,20,2.966666666666667,1,2,off,congestion,1,0,940GZZLUEUS,0,3900,2687,1800,1780,102a127340b7005c,89,89,0,0,60,29,2,24,20,2.4,9,true,887,10,30,30,24,1,1,0,0,1,1,6,5,1,3,940GZZLUVIC-01-arrival,true,343,100.98614232209738,449.5,349.26666666666665,528.6859550561799,986.3333333333334,1386.0833333333333,516940.4292545787,227399.03149338943,69.44955312930986,1,0
profile,tfl-numbat-2019-midweek,morning,20,2.966666666666667,1,3,off,congestion,1,0,940GZZLUEUS,0,3900,2984,1800,1780,d207b3f7842d888c,89,89,0,0,65,24,2.1666666666666665,24,20,2.7333333333333334,4,true,1184,9,30,30,26,0,1,0,0,1,1,0,0,0,3,london-link-022-a-departure,true,334,88.10823970037453,362.0833333333333,327.81666666666666,526.5926966292135,906.9666666666667,1203.4,530560.4105157086,278697.0780346735,65.56138411101986,1,0
profile,tfl-numbat-2019-midweek,morning,15,3.966666666666667,1,1,off,congestion,1,0,940GZZLUEUS,0,3900,2873,1800,1785,9b3980983f12907c,119,119,0,0,82,37,2.7333333333333334,29,30,3.533333333333333,7,true,1073,12,39,38,30,1,2,0,0,2,1,14,12,2,3,london-link-009-a-arrival,true,356,99.47324929971988,433.7,356.85,509.67969187675067,1062.2,1134.85,661911.5117032506,339754.0082563636,66.08109179299073,1,0
profile,tfl-numbat-2019-midweek,morning,15,3.966666666666667,1,2,off,congestion,1,0,940GZZLUEUS,0,3900,2759,1800,1785,69d4d38d8565a9e6,119,119,0,0,76,43,2.533333333333333,30,29,3.066666666666667,14,true,959,16,44,44,36,1,1,0,0,1,1,7,5,1,4,london-link-022-a-arrival,true,281,122.48711484593838,474.15,375.68333333333334,549.2809523809524,1042.8166666666666,1353.9333333333334,689823.840449865,331998.90725945914,67.50914892003343,1,0
profile,tfl-numbat-2019-midweek,morning,15,3.966666666666667,1,3,off,congestion,1,0,940GZZLUEUS,0,3900,2667,1800,1785,4bba75f61683de00,119,119,0,0,83,36,2.7666666666666666,24,35,3.933333333333333,1,true,867,13,39,39,33,1,1,0,0,2,1,28,22,6,4,london-link-048-a-arrival,true,309,113.51974789915967,466.28333333333336,359.96666666666664,535.8542016806723,932.55,1331.2166666666667,681381.3285820241,360923.53647564014,65.37255571039933,1,0
profile,tfl-numbat-2019-midweek,morning,12,4.966666666666667,1,1,off,congestion,1,0,940GZZLUEUS,0,3900,2751,1800,1788,55e19f59b2536a66,149,149,0,0,100,49,3.3333333333333335,36,38,4.266666666666667,11,true,951,14,49,49,42,1,2,0,0,2,1,23,19,4,4,940GZZLULNB-01-arrival,true,284,103.73422818791946,426.8,356.85,521.4107382550335,1036.65,1134.85,843883.3762962829,442504.6665092791,65.60099660564367,1,0
profile,tfl-numbat-2019-midweek,morning,12,4.966666666666667,1,2,off,congestion,1,0,940GZZLUEUS,0,3900,2627,1800,1788,04314078e25fbbdc,149,149,0,0,96,53,3.2,39,35,3.8,18,true,827,19,55,55,46,1,1,0,0,2,1,20,15,5,3,london-link-024-a-departure,true,344,123.23937360178971,553.9333333333333,383.78333333333336,543.9936241610739,1042.8166666666666,1364.6333333333334,850377.53794697,427151.74105107086,66.56423081073464,1,0
profile,tfl-numbat-2019-midweek,morning,12,4.966666666666667,1,3,off,congestion,1,0,940GZZLUEUS,0,3900,2980,1800,1788,6cc4332fc789a716,149,149,0,0,106,43,3.533333333333333,29,45,5.133333333333334,-2,true,1180,17,49,48,39,2,1,0,0,2,1,69,54,15,4,london-link-048-a-arrival,true,526,129.01577181208054,548.5666666666667,398.18333333333334,563.6157718120805,1031.6666666666667,1309.1,878299.5630036282,435521.64839529555,66.8507674699845,1,0
profile,tfl-numbat-2019-midweek,morning,10,5.966666666666667,1,1,off,congestion,1,0,940GZZLUEUS,0,3900,2926,1800,1790,944d0fed765eed8b,179,179,0,0,116,63,3.8666666666666667,42,47,4.933333333333334,16,true,1126,19,65,64,49,1,2,0,0,2,2,17,9,8,4,london-link-075-a-arrival,true,429,129.26806331471136,472.95,376.05,551.9904096834265,1080.2166666666667,1264.8666666666666,1026526.9113351855,548376.2373823131,65.18031995625407,1,0
profile,tfl-numbat-2019-midweek,morning,10,5.966666666666667,1,2,off,congestion,1,0,940GZZLUEUS,0,3900,3154,1800,1790,ad331b2234d47096,179,179,0,0,121,58,4.033333333333333,43,46,5.2,12,true,1354,24,66,66,55,2,2,0,0,2,1,43,31,12,4,london-link-015-a-arrival,true,335,138.28333333333333,562.3166666666667,444.1333333333333,567.5277467411545,1066.8,1513.4666666666667,1041657.1063104864,543908.6751847665,65.69624032426844,1,0
profile,tfl-numbat-2019-midweek,morning,10,5.966666666666667,1,3,off,congestion,1,0,940GZZLUEUS,0,3900,3191,1800,1790,6a65d9c30f59177b,179,179,0,0,116,63,3.8666666666666667,35,54,5.4,9,true,1391,25,63,62,44,2,1,0,0,2,1,99,81,18,4,london-link-048-a-departure,true,392,152.9308193668529,553.9333333333333,463.68333333333334,580.1042830540038,1092.4166666666667,1510.7833333333333,1035242.7857671656,588630.5652154259,63.75144866690184,1,0
profile,tfl-numbat-2019-midweek,morning,8.571429,7,1,1,off,congestion,1,0,940GZZLUEUS,0,3900,3043,1800,1799,cda90f11c595fc68,210,210,0,0,142,68,4.733333333333333,46,59,6.4,9,true,1243,24,74,73,53,2,3,0,0,2,1,86,69,16,5,940GZZLULNB-diverge,true,429,148.40150793650795,588.5333333333333,434.25,577.7829365079365,1087.7166666666667,1429.6666666666667,1221797.1818517968,611429.0110610346,66.64737753449131,1,0
profile,tfl-numbat-2019-midweek,morning,8.571429,7,1,2,off,congestion,1,0,940GZZLUEUS,0,3900,2889,1800,1799,7f2bdfec1fd345fe,210,210,0,0,142,68,4.733333333333333,44,61,6.533333333333333,7,true,1089,27,78,75,62,2,2,0,0,2,2,64,48,16,4,940GZZLUWLO-01-arrival,true,263,140.53476190476192,498.76666666666665,449.75,566.1775396825398,1042.8166666666666,1483.6333333333334,1212251.823051376,569172.933064373,68.04956644335583,1,0
profile,tfl-numbat-2019-midweek,morning,8.571429,7,1,3,off,congestion,1,0,940GZZLUEUS,0,3900,3003,1800,1799,7ea8c132a695c16b,210,210,0,0,136,74,4.533333333333333,41,64,6.333333333333333,10,true,1203,29,75,74,55,2,2,0,0,2,1,61,48,13,4,london-link-048-a-departure,true,377,156.68238095238095,630.7333333333333,483.0833333333333,583.881507936508,1068.7833333333333,1544.3,1216371.8691582023,632454.9755586273,65.79155168771386,1,0
profile,tfl-numbat-2019-midweek,morning,7.5,7.966666666666667,1,1,off,congestion,1,0,940GZZLUEUS,0,3900,2969,1800,1792.5,4731b4d993884c61,239,239,0,0,154,85,5.133333333333334,54,65,6.666666666666667,20,true,1169,31,86,84,66,2,3,0,1,2,2,182,129,49,5,940GZZLULNB-01-arrival,true,499.5,163.21046025104604,556.45,450.45,590.5426778242678,1083.4,1336.4,1383881.5836925528,756940.1756571501,64.64254100784744,1,0
profile,tfl-numbat-2019-midweek,morning,7.5,7.966666666666667,1,2,off,congestion,1,0,940GZZLUEUS,0,3900,3344,1800,1792.5,f9f836c87071a85e,239,239,0,0,157,82,5.233333333333333,51,68,7.066666666666666,14,true,1544,33,90,88,67,3,2,0,0,1,1,172,144,28,4,940GZZLUBNK-01-arrival,true,487.5,158.20990237099025,556.2666666666667,433.7,579.9677126917712,1074.0333333333333,1603.2333333333333,1363302.2294227842,745913.3183504964,64.63551014793322,1,0
profile,tfl-numbat-2019-midweek,morning,7.5,7.966666666666667,1,3,off,congestion,1,0,940GZZLUEUS,0,3900,3144,1800,1792.5,15f7af9d566e1cbd,239,239,0,0,154,85,5.133333333333334,45,74,7.266666666666667,11,true,1344,35,90,87,64,2,2,0,0,2,1,169,125,44,5,940GZZLUKSX-01-arrival,true,540.5,176.59302649930265,622.9333333333333,518.0333333333333,607.5101115760111,1183.9666666666667,1595.55,1394786.5874416465,806487.7586452544,63.3626876141582,1,0
profile,tfl-numbat-2019-midweek,morning,6.666667,8.966666666666667,1,1,off,congestion,1,0,940GZZLUEUS,0,3900,2939,1800,1793.3333333333333,34ba04f18e7fc846,269,269,0,0,171,98,5.7,58,76,7.533333333333333,22,true,1139,41,101,98,72,2,3,0,0,2,2,240,190,50,5,940GZZLULNB-01-arrival,true,423.6666666666667,175.90892193308548,606.15,487.8666666666667,601.5697645600991,1104.9,1474.45,1548468.3026150896,835048.0585119894,64.96570897809465,1,0
profile,tfl-numbat-2019-midweek,morning,6.666667,8.966666666666667,1,2,off,congestion,1,0,940GZZLUEUS,0,3900,2989,1800,1793.3333333333333,b3b95630ed092780,269,269,0,0,175,94,5.833333333333333,54,80,8.066666666666666,14,true,1189,38,102,98,69,4,3,0,1,2,2,220,158,62,5,940GZZLUWLO-diverge,true,436.6666666666667,175.11555142503096,609.1666666666666,441.3333333333333,609.1602230483271,1082.9666666666667,1524.2833333333333,1581224.7634500174,845538.3867032203,65.15777047917392,1,0
profile,tfl-numbat-2019-midweek,morning,6.666667,8.966666666666667,1,3,off,congestion,1,0,940GZZLUEUS,0,3900,2934,1800,1793.3333333333333,8e5746ead23083f4,269,269,0,0,175,94,5.833333333333333,55,79,8,15,true,1134,39,98,95,67,3,2,0,1,2,1,180,132,48,5,london-link-049-a-departure,true,457.6666666666667,184.82007434944236,607.55,487.9,608.9395291201982,1137.45,1614.0666666666666,1545274.6734240016,897086.488670071,63.26970381804991,1,0
profile,tfl-numbat-2019-midweek,morning,6,9.966666666666667,1,1,off,congestion,1,0,940GZZLUEUS,0,3900,3680,1800,1794,1c08fe1ead694371,299,299,0,0,185,114,6.166666666666667,65,84,8,30,true,1880,47,117,112,80,2,2,1,0,2,2,208,158,50,7,london-link-082-a-departure,true,920,196.60284280936455,1039.9666666666667,489.5833333333333,622.4677814938684,1151.5833333333333,2005.9,1721158.1332863937,1065203.4748911362,61.77080994207885,1,0
profile,tfl-numbat-2019-midweek,morning,6,9.966666666666667,1,2,off,congestion,1,0,940GZZLUEUS,0,3900,2976,1800,1794,5d52463e8423e3e8,299,299,0,0,195,104,6.5,57,92,9.2,12,true,1176,45,112,108,76,3,3,0,1,1,2,276,219,57,5,london-link-048-a-departure,true,614,194.6751950947603,649.05,480.3833333333333,622.5594760312151,1138.9833333333333,1483.8333333333333,1729940.3001128812,1003726.0298755778,63.282789166159304,1,0
profile,tfl-numbat-2019-midweek,morning,6,9.966666666666667,1,3,off,congestion,1,0,940GZZLUEUS,0,3900,3007,1800,1794,c3759d12dff30a69,299,299,0,0,188,111,6.266666666666667,57,92,8.733333333333333,19,true,1207,48,114,110,72,2,2,0,0,2,2,180,132,48,5,london-link-075-a-arrival,true,657,215.25139353400223,884.3833333333333,573.9833333333333,644.313099219621,1194.5833333333333,1680.25,1736322.1052203514,1128157.5505161397,60.61562007407319,1,0
profile,tfl-numbat-2019-midweek,morning,5.4545449999999995,11,1,1,off,congestion,1,0,940GZZLUEUS,0,3900,3537,1800,1798.5,c64244c66b891430,330,330,0,0,203,127,6.766666666666667,68,97,9,30,true,1737,58,130,114,75,2,2,0,0,2,2,280,215,63,6,london-link-084-a-arrival,true,1077.5,240.7618181818182,1099.1833333333334,643.5166666666667,666.8183333333333,1215.2333333333333,1876.3166666666666,1903317.9176791683,1265147.358652884,60.07065729571537,1,0
profile,tfl-numbat-2019-midweek,morning,5.4545449999999995,11,1,2,off,congestion,1,0,940GZZLUEUS,0,3900,3431,1800,1798.5,c421d6886132d7aa,330,330,0,0,208,122,6.933333333333334,59,106,9.933333333333334,16,true,1631,69,135,114,73,3,2,0,0,2,2,469,370,97,7,london-link-048-a-departure,true,777.5,260.51904040404037,866.95,650.9833333333333,690.7782323232324,1257.7,1789.0166666666667,1919259.0790167432,1369658.123828596,58.355347995879484,1,0
profile,tfl-numbat-2019-midweek,morning,5.4545449999999995,11,1,3,off,congestion,1,0,940GZZLUEUS,0,3900,3337,1800,1798.5,bd64ac0fbdcacbce,330,330,0,0,195,135,6.5,59,106,9.066666666666666,29,true,1537,67,137,114,77,3,2,0,0,2,1,395,299,96,5,940GZZLUKSX-01-arrival,true,774.5,280.5607575757576,1107.8,655.4333333333333,710.3918686868687,1219.45,2132.4666666666667,1917120.4768676995,1393290.3679016766,57.91185948707397,1,0
profile,tfl-numbat-2019-midweek,morning,5,11.966666666666667,1,1,off,congestion,1,0,940GZZLUEUS,0,3900,3353,1800,1795,5960e07ad149c806,359,359,0,0,205,154,6.833333333333333,70,109,9,45,true,1553,84,154,114,72,3,3,0,0,2,2,366,275,90,5,london-link-031-b-departure,true,952,306.9622562674095,992.1166666666667,740.8833333333333,733.8422469823583,1439.2833333333333,1957.35,2072527.161076909,1450378.4389570514,58.83005099702161,1,0
profile,tfl-numbat-2019-midweek,morning,5,11.966666666666667,1,2,off,congestion,1,0,940GZZLUEUS,0,3900,3448,1800,1795,fd71a29997bbff89,359,359,0,0,211,148,7.033333333333333,66,113,9.666666666666666,35,true,1648,89,157,114,73,3,4,1,1,2,1,376,292,83,5,940GZZLUKSX-01-departure,true,1039,324.96838440111424,1088.1666666666667,801.25,757.6147632311978,1428.4333333333334,1760.7,2100848.005987678,1482897.1330506878,58.62157950638764,1,0
profile,tfl-numbat-2019-midweek,morning,5,11.966666666666667,1,3,off,congestion,1,0,940GZZLUEUS,0,3900,3495,1800,1795,53029c581d4402c7,359,359,0,0,199,160,6.633333333333334,60,119,9.266666666666667,41,true,1695,90,164,114,76,4,2,0,1,2,1,454,348,103,5,940GZZLULNB-diverge,true,1071,354.44336118848656,1165.1166666666666,833.35,786.261792014856,1423.8666666666666,1794.7333333333333,2097081.373106291,1582667.6904329194,56.989792969450534,1,0
profile,tfl-numbat-2019-midweek,morning,4.615385,13.033333333333333,1,1,off,congestion,1,0,940GZZLUEUS,0,3900,3695,1800,1798.6,b9bdf89a2a5e69f2,391,391,0,0,208,183,6.933333333333334,78,117,8.666666666666666,66,true,1895,119,183,114,75,4,2,0,0,2,2,476,380,96,5,940GZZLUVXL-diverge,true,1217.4,394.82323103154306,1276.45,939.9833333333333,824.5877664109122,1567.1833333333334,2131.45,2270037.4179262966,1693010.2096602025,57.28009429219886,1,0
profile,tfl-numbat-2019-midweek,morning,4.615385,13.033333333333333,1,2,off,congestion,1,0,940GZZLUEUS,0,3900,3608,1800,1798.6,8b758b26ca8b1088,391,391,0,0,218,173,7.266666666666667,71,124,9.8,49,true,1808,124,173,114,75,3,3,0,0,2,2,433,320,113,5,940GZZLUWLO-01-arrival,true,1117.4,403.2087809036658,1116.75,904.3666666666667,836.0653452685422,1526.2166666666667,1919.5333333333333,2290491.809009389,1687304.9929802225,57.58192092325412,1,0
profile,tfl-numbat-2019-midweek,morning,4.615385,13.033333333333333,1,3,off,congestion,1,0,940GZZLUEUS,0,3900,3683,1800,1798.6,7433030a10576159,391,391,0,0,200,191,6.666666666666667,65,130,9,61,true,1883,123,191,114,76,3,3,0,0,2,1,433,326,103,6,london-link-031-b-departure,true,1274.4,438.219778346121,1462.1333333333334,987.6666666666666,866.4101023017902,1574.75,2072.3166666666666,2264096.269516431,1770800.9927752793,56.11286043576948,1,0
profile,tfl-numbat-2019-midweek,morning,4.2857140000000005,14,1,1,off,congestion,1,0,940GZZLUEUS,0,3900,3900,1800,1799,8f257d775b622b3f,420,419,1,0,210,210,7,78,132,8.8,78,false,0,143,212,114,78,3,2,0,0,1,2,408,332,76,5,london-link-045-a-arrival,true,1413,484.1555952380952,1446.4333333333334,1092,918.492322991249,1707.0166666666667,2148.9,2485991.5408002418,1879428.6315130317,56.947359994511,1,0
profile,tfl-numbat-2019-midweek,morning,4.2857140000000005,14,1,2,off,congestion,1,0,940GZZLUEUS,0,3900,3783,1800,1799,147acec647511cf7,420,420,0,0,220,200,7.333333333333333,73,137,9.8,63,true,1983,140,200,114,80,3,3,0,0,2,2,492,381,111,6,london-link-031-b-departure,true,1203,465.7992857142857,1291.2666666666667,1004.85,893.8469047619047,1632.2166666666667,2131.616666666667,2429051.9258111357,1857507.8507274478,56.666698994983015,1,0
profile,tfl-numbat-2019-midweek,morning,4.2857140000000005,14,1,3,off,congestion,1,0,940GZZLUEUS,0,3900,3900,1800,1799,a415c0f5b05ea09e,420,419,1,0,205,215,6.833333333333333,71,139,8.933333333333334,76,false,0,145,215,114,73,3,3,0,1,2,2,562,440,121,5,london-link-031-b-departure,true,1473,518.1525396825397,1494.1333333333334,1140.4166666666667,941.700954653938,1657.3666666666666,1906.8333333333333,2419400.3625677032,1963094.3630987452,55.20600740026637,1,0
profile,tfl-numbat-2019-midweek,morning,4,14.966666666666667,1,1,off,congestion,1,0,940GZZLUEUS,0,3900,3859,1800,1796,770f9d7a64f87d13,449,449,0,0,218,231,7.266666666666667,80,144,9.2,87,true,2059,172,233,114,75,3,2,0,1,2,2,697,559,128,6,940GZZLUCWR-01-arrival,true,1431,563.591982182628,1546.4166666666667,1221.85,1002.0282850779511,1825,2326.2,2661238.4452050203,2012653.520392895,56.93838164837806,1,0
profile,tfl-numbat-2019-midweek,morning,4,14.966666666666667,1,2,off,congestion,1,0,940GZZLUEUS,0,3900,3750,1800,1796,7d616be7f0c36e85,449,449,0,0,223,226,7.433333333333334,77,147,9.733333333333333,79,true,1950,166,226,114,76,3,3,0,1,2,1,725,581,141,6,london-link-048-a-departure,true,1356,548.9979213066073,1383.8833333333334,1168.45,973.5098366740906,1740.4333333333334,2198.6833333333334,2572663.0554677243,1993671.4591323263,56.339785165587124,1,0
profile,tfl-numbat-2019-midweek,morning,4,14.966666666666667,1,3,off,congestion,1,0,940GZZLUEUS,0,3900,3900,1800,1796,a0ab47d20ba11e88,449,446,3,0,207,242,6.9,71,153,9.066666666666666,89,false,0,178,244,114,71,3,2,0,1,2,1,661,533,128,6,london-link-063-a-departure,true,1590,599.3929101707498,1599,1211.8333333333333,1017.3431240657698,1727.65,2179.9333333333334,2581701.100961363,2081474.085126454,55.36358806899742,1,0
profile,tfl-numbat-2019-midweek,am-peak,60,0.9666666666666667,1,1,off,congestion,1,0,940GZZLUEUS,0,3900,2434,1800,1740,91f17b3654b28322,29,29,0,0,23,6,0.7666666666666667,7,7,1.0666666666666667,-1,true,634,2,9,9,9,0,1,0,0,2,1,0,0,0,2,940GZZLUBNK-01-arrival,true,0,15.32183908045977,205.88333333333333,111.53333333333333,446.9379310344828,757.05,826.5333333333333,170149.36885613162,26978.094844397383,86.3143905278557,1,0
profile,tfl-numbat-2019-midweek,am-peak,60,0.9666666666666667,1,2,off,congestion,1,0,940GZZLUEUS,0,3900,2352,1800,1740,13a4fdcb6e345e29,29,29,0,0,22,7,0.7333333333333333,9,5,0.8666666666666667,2,true,552,3,8,8,8,0,1,0,0,1,1,0,0,0,1,940GZZLUBKF-01-departure,true,0,35.66149425287357,161.31666666666666,126.98333333333333,391.06149425287356,781.3166666666667,971.75,139232.6676954943,52753.18585310053,72.52235783104311,1,0
profile,tfl-numbat-2019-midweek,am-peak,60,0.9666666666666667,1,3,off,congestion,1,0,940GZZLUEUS,0,3900,2652,1800,1740,2a25d7a620a8b34d,29,29,0,0,20,9,0.6666666666666666,7,7,0.8666666666666667,2,true,852,2,10,10,9,0,0,0,0,1,1,0,0,0,2,940GZZLUOXC-01-arrival,true,0,40.935057471264365,207.15,205.88333333333333,460.6471264367816,832.6,911.8333333333334,165277.66155851446,77551.98136516192,68.06321484006908,1,0
profile,tfl-numbat-2019-midweek,am-peak,30,1.9666666666666666,1,1,off,congestion,1,0,940GZZLUEUS,0,3900,2416,1800,1770,b005b6d375179000,59,59,0,0,48,11,1.6,16,13,2.1333333333333333,-2,true,616,2,18,18,17,1,1,0,0,2,1,11,10,1,3,london-link-087-a-arrival,true,88,22.951412429378532,207.15,136.5,422.94943502824856,757.05,826.5333333333333,319935.8777201615,83564.49161946574,79.2901077745658,1,0
profile,tfl-numbat-2019-midweek,am-peak,30,1.9666666666666666,1,2,off,congestion,1,0,940GZZLUEUS,0,3900,2522,1800,1770,81208d9b58d5f9ff,59,59,0,0,44,15,1.4666666666666666,19,10,1.6666666666666667,5,true,722,5,17,17,16,0,1,0,0,1,1,0,0,0,2,940GZZLUHBN-01-arrival,true,211,48.140960451977406,240.4,176.01666666666668,424.2618644067797,781.2333333333333,971.75,300188.21105233615,163110.82856574372,64.79361824272202,1,0
profile,tfl-numbat-2019-midweek,am-peak,30,1.9666666666666666,1,3,off,congestion,1,0,940GZZLUEUS,0,3900,2649,1800,1770,dbc46e79bcf53e4f,59,59,0,0,44,15,1.4666666666666666,14,15,2,0,true,849,5,21,20,20,1,0,0,0,1,1,12,10,2,3,london-link-070-a-departure,true,103,58.93022598870057,271.8833333333333,245.75,471.3734463276836,908.0666666666667,947.7,329814.3442397329,195294.55848271225,62.808751199950926,1,0
profile,tfl-numbat-2019-midweek,am-peak,20,2.966666666666667,1,1,off,congestion,1,0,940GZZLUEUS,0,3900,2697,1800,1780,66f80c9375c76554,89,89,0,0,68,21,2.2666666666666666,22,22,3.066666666666667,-1,true,897,6,27,27,24,1,1,0,0,2,1,19,14,5,3,london-link-087-a-arrival,true,352,53.483333333333334,391.53333333333336,207.15,461.58988764044943,842.0833333333334,951.7833333333333,492089.07449060056,227433.00259429915,68.3911015606734,1,0
profile,tfl-numbat-2019-midweek,am-peak,20,2.966666666666667,1,2,off,congestion,1,0,940GZZLUEUS,0,3900,2845,1800,1780,e9fa7be6e6bf2313,89,89,0,0,64,25,2.1333333333333333,25,19,2.6,6,true,1045,9,28,27,22,1,1,0,0,2,1,10,7,3,3,london-link-049-a-departure,true,322,78.11947565543072,421.1666666666667,273.21666666666664,460.17284644194757,854.7833333333333,1164.4,459866.9361306696,241202.07031639983,65.59510289311149,1,0
profile,tfl-numbat-2019-midweek,am-peak,20,2.966666666666667,1,3,off,congestion,1,0,940GZZLUEUS,0,3900,2503,1800,1780,06bdf1662b8a1f89,89,89,0,0,66,23,2.2,21,23,3,0,true,703,8,29,29,26,1,2,0,0,1,1,1,0,1,3,london-link-070-a-departure,true,272,73.2314606741573,386.1666666666667,258.31666666666666,468.1357677902622,862.5166666666667,1038.1833333333334,476211.6058279726,241321.24490051356,66.36791686185398,1,0
profile,tfl-numbat-2019-midweek,am-peak,15,3.966666666666667,1,1,off,congestion,1,0,940GZZLUEUS,0,3900,2528,1800,1785,a78b0f070e897eab,119,119,0,0,87,32,2.9,26,33,4.066666666666666,-1,true,728,12,35,35,32,1,2,0,0,2,1,27,22,5,3,940GZZLUKSX-01-arrival,true,182,65.77899159663865,433.7,256.26666666666665,463.62927170868346,896.6,997.9,640761.7960133033,299133.1136597919,68.17377021822223,1,0
profile,tfl-numbat-2019-midweek,am-peak,15,3.966666666666667,1,2,off,congestion,1,0,940GZZLUEUS,0,3900,2853,1800,1785,5a5f0ba061327b6a,119,119,0,0,82,37,2.7333333333333334,33,26,3.2666666666666666,11,true,1053,14,38,38,30,1,1,0,0,2,1,16,13,3,3,940GZZLUBNK-01-arrival,true,219,98.43487394957984,548.5666666666667,368.55,497.6343137254902,966.4,1397.8333333333333,643366.9806296164,355035.8175813747,64.43962114113131,1,0
profile,tfl-numbat-2019-midweek,am-peak,15,3.966666666666667,1,3,off,congestion,1,0,940GZZLUEUS,0,3900,2762,1800,1785,c3c03c914bb6c564,119,119,0,0,89,30,2.966666666666667,27,32,4.133333333333334,-2,true,962,13,35,35,30,1,2,0,0,2,1,40,32,8,3,940GZZLULVT-01-arrival,true,312,91.08487394957983,391.53333333333336,290.7,492.8763305322129,915.45,1246.1666666666667,647172.1369117746,316552.49698566936,67.15322138176705,1,0
profile,tfl-numbat-2019-midweek,am-peak,12,4.966666666666667,1,1,off,congestion,1,0,940GZZLUEUS,0,3900,2834,1800,1788,f2c28309e2ce7687,149,149,0,0,111,38,3.7,32,42,5.266666666666667,-4,true,1034,15,45,45,38,2,2,0,0,2,1,89,78,11,4,london-link-031-a-departure,true,279,82.86946308724832,504.1333333333333,271.8833333333333,492.096644295302,926.2333333333333,1227.55,825604.4933800807,422883.76023945207,66.128334887136,1,0
profile,tfl-numbat-2019-midweek,am-peak,12,4.966666666666667,1,2,off,congestion,1,0,940GZZLUEUS,0,3900,2596,1800,1788,4f469d7049de7204,149,149,0,0,105,44,3.5,37,37,4.533333333333333,7,true,796,16,47,47,39,1,1,0,0,2,1,19,14,5,3,940GZZLUBNK-01-arrival,true,150,105.3695749440716,553.9333333333333,354.6166666666667,506.53243847874717,927.25,1408.5666666666666,809441.3245101104,422327.1394386775,65.71375613199363,1,0
profile,tfl-numbat-2019-midweek,am-peak,12,4.966666666666667,1,3,off,congestion,1,0,940GZZLUEUS,0,3900,2744,1800,1788,fb7bde77c7f4ae02,149,149,0,0,102,47,3.4,34,40,4.533333333333333,7,true,944,20,48,47,37,1,2,0,0,1,2,28,21,7,4,london-link-057-b-departure,true,466,111.59798657718122,501.5833333333333,405.15,506.9800894854587,907.3666666666667,1356.2166666666667,797485.3250165506,403452.7060131371,66.40520196806361,1,0
profile,tfl-numbat-2019-midweek,am-peak,10,5.966666666666667,1,1,off,congestion,1,0,940GZZLUEUS,0,3900,2722,1800,1790,523cd75d5a7198e9,179,179,0,0,128,51,4.266666666666667,45,44,5.533333333333333,7,true,922,17,55,54,44,1,2,0,0,2,2,60,50,10,3,940GZZLUKSX-01-arrival,true,317,96.09785847299813,463.68333333333334,301.03333333333336,504.1084729981378,909.9666666666667,1327.4166666666667,989196.8419510727,455284.9881740121,68.48108583445547,1,0
profile,tfl-numbat-2019-midweek,am-peak,10,5.966666666666667,1,2,off,congestion,1,0,940GZZLUEUS,0,3900,3042,1800,1790,1b0e7b93da5a461c,179,179,0,0,122,57,4.066666666666666,41,48,5.4,9,true,1242,20,57,57,49,1,2,0,0,2,1,53,40,13,4,london-link-013-a-arrival,true,265,112.55251396648045,541.3833333333333,392.18333333333334,526.8530726256984,999.4333333333333,1441.95,1003548.4389927404,514420.3158481679,66.11127111756117,1,0
profile,tfl-numbat-2019-midweek,am-peak,10,5.966666666666667,1,3,off,congestion,1,0,940GZZLUEUS,0,3900,2518,1800,1790,03cb8a2c06b5ed7f,179,179,0,0,122,57,4.066666666666666,42,47,5.333333333333333,10,true,718,20,61,60,45,2,2,0,0,2,2,95,79,16,5,london-link-048-a-departure,true,126,117.0183426443203,488.3833333333333,375.9166666666667,507.38184357541905,901.2333333333333,1300.0166666666667,943618.6477768236,427827.7686083853,68.80463111814221,1,0
profile,tfl-numbat-2019-midweek,am-peak,8.571429,7,1,1,off,congestion,1,0,940GZZLUEUS,0,3900,3074,1800,1799,1cdd19da9c40d2c2,210,210,0,0,143,67,4.766666666666667,50,55,6.2,12,true,1274,23,67,67,49,1,2,0,0,2,2,66,56,10,4,london-link-017-a-arrival,true,493,120.17301587301587,607.3,359.96666666666664,535.4197619047619,1023.15,1402.9166666666667,1180666.640946909,608403.1949097146,65.99332330599574,1,0
profile,tfl-numbat-2019-midweek,am-peak,8.571429,7,1,2,off,congestion,1,0,940GZZLUEUS,0,3900,2774,1800,1799,b57b46766d35932b,210,210,0,0,143,67,4.766666666666667,48,57,6.333333333333333,10,true,974,24,72,72,58,2,2,0,0,2,1,84,67,17,4,940GZZLUWLO-01-arrival,true,208,116.64349206349206,562.3166666666667,365.0833333333333,527.5189682539683,966.4,1411.5833333333333,1167443.2190588987,532917.2290213143,68.6585729735714,1,0
profile,tfl-numbat-2019-midweek,am-peak,8.571429,7,1,3,off,congestion,1,0,940GZZLUEUS,0,3900,2786,1800,1799,4467f8d100e65ee9,210,210,0,0,148,62,4.933333333333334,49,56,6.6,6,true,986,23,70,69,54,1,2,0,0,2,2,54,43,11,4,940GZZLUWLO-diverge,true,306,121.12301587301587,511.71666666666664,356.43333333333334,513.7392063492064,960.9666666666667,1246.1666666666667,1115383.0309599317,502863.4467799803,68.92541070243556,1,0
profile,tfl-numbat-2019-midweek,am-peak,7.5,7.966666666666667,1,1,off,congestion,1,0,940GZZLUEUS,0,3900,2892,1800,1792.5,c5bb3efd32d68016,239,239,0,0,158,81,5.266666666666667,56,63,6.8,18,true,1092,31,82,80,59,1,3,0,0,2,2,79,60,19,4,london-link-010-a-departure,true,444.5,132.0813110181311,601.9333333333333,379.4166666666667,548.4325662482566,1011.4,1383.8166666666666,1347662.7789616776,675236.8135619465,66.62034951919834,1,0
profile,tfl-numbat-2019-midweek,am-peak,7.5,7.966666666666667,1,2,off,congestion,1,0,940GZZLUEUS,0,3900,2602,1800,1792.5,68d8ac9c4adb685f,239,239,0,0,164,75,5.466666666666667,53,66,7.4,9,true,802,28,85,83,70,2,2,0,0,2,2,97,78,19,5,london-link-075-a-arrival,true,170.5,120.76882845188285,567.6833333333333,362.2,518.9887726638773,966.4,1416.95,1286444.1050191764,593077.798332888,68.44528402275314,1,0
profile,tfl-numbat-2019-midweek,am-peak,7.5,7.966666666666667,1,3,off,congestion,1,0,940GZZLUEUS,0,3900,2836,1800,1792.5,e058693e89b7cdb5,239,239,0,0,168,71,5.6,55,64,7.533333333333333,7,true,1036,29,79,78,58,2,3,0,0,2,2,101,84,17,4,940GZZLUWLO-01-arrival,true,311.5,128.63905160390516,533.4666666666667,356.43333333333334,519.8397489539749,965.9,1244.8166666666666,1263440.2123386897,615849.005036568,67.22968453484215,1,0
profile,tfl-numbat-2019-midweek,am-peak,6.666667,8.966666666666667,1,1,off,congestion,1,0,940GZZLUEUS,0,3900,3026,1800,1793.3333333333333,49a37ab7a7c4d1c5,269,269,0,0,178,91,5.933333333333334,65,69,7.533333333333333,22,true,1226,34,94,92,62,2,3,1,1,2,2,137,105,31,4,london-link-016-a-arrival,true,478.6666666666667,149.8615241635688,611.7833333333333,432.31666666666666,555.6313506815366,998.8833333333333,1372.5,1475864.7976609662,774844.6471309842,65.57331516407224,1,0
profile,tfl-numbat-2019-midweek,am-peak,6.666667,8.966666666666667,1,2,off,congestion,1,0,940GZZLUEUS,0,3900,2742,1800,1793.3333333333333,5298a0fc6c131c1b,269,269,0,0,187,82,6.233333333333333,56,78,8.733333333333333,4,true,942,32,92,90,71,2,2,0,0,2,2,77,57,20,5,london-link-084-a-departure,true,244.66666666666666,134.31288723667907,573.55,365.3333333333333,536.8909541511772,967.9333333333333,1450.4666666666667,1465385.3657461887,634452.8498601966,69.78563180987821,1,0
profile,tfl-numbat-2019-midweek,am-peak,6.666667,8.966666666666667,1,3,off,congestion,1,0,940GZZLUEUS,0,3900,3123,1800,1793.3333333333333,211dd28cc9405e83,269,269,0,0,186,83,6.2,63,71,8.2,12,true,1323,34,89,88,65,4,3,0,0,1,1,287,221,64,5,940GZZLUWLO-01-arrival,true,472.6666666666667,145.3571871127633,651.8166666666667,405.9,540.7638785625775,1026.9666666666667,1509.0333333333333,1436537.3743395794,705305.5135956324,67.07015637941754,1,0
profile,tfl-numbat-2019-midweek,am-peak,6,9.966666666666667,1,1,off,congestion,1,0,940GZZLUEUS,0,3900,3066,1800,1794,ec993b94e97e8c08,299,299,0,0,196,103,6.533333333333333,67,82,8.6,21,true,1266,41,106,102,67,2,4,0,0,2,2,195,157,38,5,940GZZLUVIC-diverge,true,442,160.6855629877369,673.5166666666667,423.7,560.6634336677815,1052.0833333333333,1407.8833333333334,1614824.834467945,866587.3892974913,65.07684692620388,1,0
profile,tfl-numbat-2019-midweek,am-peak,6,9.966666666666667,1,2,off,congestion,1,0,940GZZLUEUS,0,3900,2742,1800,1794,cff3592b57bdace5,299,299,0,0,210,89,7,59,90,10.066666666666666,-1,true,942,36,106,104,76,3,2,0,0,2,2,267,202,65,5,940GZZLULVT-01-arrival,true,462,151.71510590858415,647.1166666666667,405.8833333333333,553.332552954292,1059.3166666666666,1578.4333333333334,1620746.407993096,803296.8479192628,66.8612824478283,1,0
profile,tfl-numbat-2019-midweek,am-peak,6,9.966666666666667,1,3,off,congestion,1,0,940GZZLUEUS,0,3900,2916,1800,1794,44eaa9db7e5a8804,299,299,0,0,203,96,6.766666666666667,70,79,8.866666666666667,17,true,1116,39,101,98,74,2,3,0,1,1,1,286,228,53,5,940GZZLUWLO-01-arrival,true,390,161.2055183946488,600.65,426.8666666666667,554.5515607580825,1038.0166666666667,1463.7833333333333,1586612.458088874,881813.6712088508,64.27627868856948,1,0
profile,tfl-numbat-2019-midweek,am-peak,5.4545449999999995,11,1,1,off,congestion,1,0,940GZZLUEUS,0,3900,3287,1800,1798.5,d27211c532c656cc,330,330,0,0,214,116,7.133333333333334,75,90,9.266666666666667,26,true,1487,51,117,113,74,3,4,0,1,2,2,199,140,59,5,london-link-057-b-departure,true,657.5,189.74767676767675,1040.2333333333333,489.5,593.0135858585859,1113.6333333333334,1515.0333333333333,1799375.7333907264,1086201.0575044248,62.357575756371816,1,0
profile,tfl-numbat-2019-midweek,am-peak,5.4545449999999995,11,1,2,off,congestion,1,0,940GZZLUEUS,0,3900,2995,1800,1798.5,b1938ab1a755350f,330,330,0,0,227,103,7.566666666666666,62,103,11,0,true,1195,44,118,114,80,2,3,0,0,1,2,256,199,57,5,london-link-020-a-departure,true,580.5,182.91661616161616,684.65,483.06666666666666,584.500505050505,1129.1,1638.0166666666667,1787917.4410241684,1020904.5746889288,63.65363953366252,1,0
profile,tfl-numbat-2019-midweek,am-peak,5.4545449999999995,11,1,3,off,congestion,1,0,940GZZLUEUS,0,3900,2893,1800,1798.5,8d37e544ed24f656,330,330,0,0,217,113,7.233333333333333,72,93,9.666666666666666,20,true,1093,49,118,114,77,2,3,0,0,1,2,313,259,54,5,london-link-084-a-departure,true,527.5,188.2521717171717,670.0833333333334,492.18333333333334,579.5482323232322,1106.85,1393.3333333333333,1742619.3300613482,1090600.983910879,61.50666510004524,1,0
profile,tfl-numbat-2019-midweek,am-peak,5,11.966666666666667,1,1,off,congestion,1,0,940GZZLUEUS,0,3900,3442,1800,1795,03cdebea63353488,359,359,0,0,223,136,7.433333333333334,77,102,9.733333333333333,34,true,1642,68,138,114,75,3,5,0,1,2,2,414,310,104,6,london-link-057-b-departure,true,810,239.01643454038998,979.25,671.1166666666667,639.150417827298,1239.7333333333333,1816.3833333333334,1940935.6535481117,1334597.9684732703,59.25555581231771,1,0
profile,tfl-numbat-2019-midweek,am-peak,5,11.966666666666667,1,2,off,congestion,1,0,940GZZLUEUS,0,3900,3369,1800,1795,1ce863a45082331f,359,359,0,0,227,132,7.566666666666666,67,112,10.666666666666666,20,true,1569,70,134,114,79,4,3,0,0,1,2,414,308,106,5,london-link-048-a-arrival,true,843,252.40956360259983,1060.6666666666667,687.3,648.9660631383473,1233.3333333333333,1751.8,1918391.6036862715,1294641.6734405842,59.70655882536415,1,0
profile,tfl-numbat-2019-midweek,am-peak,5,11.966666666666667,1,3,off,congestion,1,0,940GZZLUEUS,0,3900,3304,1800,1795,274627ca8e822360,359,359,0,0,228,131,7.6,75,104,10.2,27,true,1504,69,138,114,72,4,3,0,1,1,2,590,466,124,6,london-link-048-a-departure,true,790,243.275208913649,839.4833333333333,616.0166666666667,640.3204735376045,1269.4333333333334,1655.2833333333333,1920979.8358159198,1351415.557157984,58.70255898600818,1,0
profile,tfl-numbat-2019-midweek,am-peak,4.615385,13.033333333333333,1,1,off,congestion,1,0,940GZZLUEUS,0,3900,3480,1800,1798.6,ea9a92c10a2e02f6,391,391,0,0,221,170,7.366666666666666,82,113,9.266666666666667,57,true,1680,103,170,114,70,3,6,1,0,2,2,370,277,86,5,london-link-048-a-departure,true,1004.4,315.553410059676,1150.2333333333333,764.45,718.4719522591645,1389.8166666666666,1984.35,2125074.294092994,1520748.7843148268,58.287916017609994,1,0
profile,tfl-numbat-2019-midweek,am-peak,4.615385,13.033333333333333,1,2,off,congestion,1,0,940GZZLUEUS,0,3900,3525,1800,1798.6,0e4f347011d2dd56,391,391,0,0,234,157,7.8,71,124,10.866666666666667,33,true,1725,97,159,114,76,3,4,0,0,1,2,263,200,62,5,london-link-057-b-departure,true,915.4,324.71790281329925,1059.1333333333334,764.6833333333333,725.1658994032395,1321.7333333333333,1877.9833333333333,2115058.4232359873,1466476.3068978735,59.05452781011945,1,0
profile,tfl-numbat-2019-midweek,am-peak,4.615385,13.033333333333333,1,3,off,congestion,1,0,940GZZLUEUS,0,3900,3391,1800,1798.6,629b0a4814791cff,391,391,0,0,234,157,7.8,77,118,10.466666666666667,39,true,1591,100,162,114,76,3,3,0,1,1,2,496,386,108,6,london-link-031-b-departure,true,985.4,326.0748081841432,1026.0666666666666,816.95,717.9377237851663,1376.85,1822.3833333333334,2066053.185085969,1595211.6946270978,56.43003860588982,1,0
profile,tfl-numbat-2019-midweek,am-peak,4.2857140000000005,14,1,1,off,congestion,1,0,940GZZLUEUS,0,3900,3533,1800,1799,24df56c9a0e2d1b9,420,420,0,0,224,196,7.466666666666667,86,124,9.2,72,true,1733,129,196,114,69,3,6,0,1,2,2,580,477,103,5,london-link-023-a-arrival,true,1108,411.9545238095238,1257.15,962.1333333333333,815.1250396825396,1562.95,2028.3833333333334,2282620.837693478,1743531.4122499675,56.69484649333719,1,0
profile,tfl-numbat-2019-midweek,am-peak,4.2857140000000005,14,1,2,off,congestion,1,0,940GZZLUEUS,0,3900,3662,1800,1799,ad09ad1e7b111875,420,420,0,0,239,181,7.966666666666667,78,132,10.733333333333333,49,true,1862,123,181,114,77,4,5,0,0,1,2,429,330,99,6,london-link-048-a-departure,true,1093,392.33269841269845,1177.7666666666667,905.1833333333333,789.794246031746,1514.5333333333333,2003.8833333333334,2250957.832707845,1709587.238397581,56.8345465660761,1,0
profile,tfl-numbat-2019-midweek,am-peak,4.2857140000000005,14,1,3,off,congestion,1,0,940GZZLUEUS,0,3900,3394,1800,1799,faba3276afd301f0,420,420,0,0,238,182,7.933333333333334,84,126,10.266666666666667,56,true,1594,117,184,114,71,2,5,1,0,1,1,562,431,127,5,london-link-018-a-departure,true,996,378.75869047619045,1183.4166666666667,863.05,772.4236111111112,1493,1972.3,2226956.7318724613,1651301.8881014932,57.42156338938059,1,0
profile,tfl-numbat-2019-midweek,am-peak,4,14.966666666666667,1,1,off,congestion,1,0,940GZZLUEUS,0,3900,3823,1800,1796,e9e681de5348b2c1,449,449,0,0,226,223,7.533333333333333,91,133,9,90,true,2023,152,223,114,73,3,4,0,1,2,2,425,340,82,6,london-link-048-a-departure,true,1213,480.6278767631774,1415.1,1063.1166666666666,879.0896807720861,1563.4333333333334,2310.6666666666665,2414021.3988669026,1927560.0928372564,55.60235143529116,1,0
profile,tfl-numbat-2019-midweek,am-peak,4,14.966666666666667,1,2,off,congestion,1,0,940GZZLUEUS,0,3900,3862,1800,1796,15fe1f6c8c9c1257,449,449,0,0,236,213,7.866666666666666,82,142,10.266666666666667,71,true,2062,158,215,114,74,3,6,0,1,2,2,527,425,102,6,london-link-048-a-departure,true,1417,479.06373422420194,1518.8166666666666,1023.0666666666667,875.9716035634743,1601.65,2079.016666666667,2402922.9924554415,1816704.1732716947,56.946334310589826,1,0
profile,tfl-numbat-2019-midweek,am-peak,4,14.966666666666667,1,3,off,congestion,1,0,940GZZLUEUS,0,3900,3792,1800,1796,57f343b118d7dc71,449,449,0,0,233,216,7.766666666666667,83,141,10,75,true,1992,147,216,114,71,4,5,0,0,2,2,819,601,215,6,london-link-048-b-arrival,true,1327,458.5814031180401,1326.7166666666667,985.3333333333334,856.0628433556051,1562.55,2006.35,2406039.034919368,1829398.048389113,56.807337415101166,1,0
profile,tfl-numbat-2019-midweek,interpeak,60,0.9666666666666667,1,1,off,congestion,1,0,940GZZLUEUS,0,3900,2269,1800,1740,2c08c203aad74678,29,29,0,0,24,5,0.8,7,7,1.1333333333333333,-2,true,469,2,9,9,9,0,0,0,0,1,1,0,0,0,2,london-link-048-a-arrival,true,0,33.50689655172414,205.88333333333333,123.51666666666667,395.90747126436787,626,746.1666666666666,142101.81959170924,34596.459244340076,80.42060201591401,1,0
profile,tfl-numbat-2019-midweek,interpeak,60,0.9666666666666667,1,2,off,congestion,1,0,940GZZLUEUS,0,3900,2141,1800,1740,dbceb7018c3ce1a4,29,29,0,0,23,6,0.7666666666666667,9,5,0.9333333333333333,1,true,341,2,8,8,8,0,1,0,0,2,1,0,0,0,2,940GZZLUGPK-01-arrival,true,0,33.244827586206895,122.75,116.26666666666667,372.9270114942529,654.2,710.4666666666667,132883.3756310494,44495.354189634134,74.91505648134047,1,0
profile,tfl-numbat-2019-midweek,interpeak,60,0.9666666666666667,1,3,off,congestion,1,0,940GZZLUEUS,0,3900,2204,1800,1740,6e32fb4454e823d6,29,29,0,0,23,6,0.7666666666666667,7,7,1.0666666666666667,-1,true,404,2,9,9,8,0,2,0,0,2,1,0,0,0,2,940GZZLUEUS-01-arrival,true,0,22.107471264367817,149.66666666666666,125.46666666666667,368.32011494252873,690.5,731.0833333333334,135437.8942248209,60456.519760262396,69.13821148321975,1,0
profile,tfl-numbat-2019-midweek,interpeak,30,1.9666666666666666,1,1,off,congestion,1,0,940GZZLUEUS,0,3900,2374,1800,1770,5c50291a262c6011,59,59,0,0,48,11,1.6,15,14,2.2,-3,true,574,4,16,16,15,1,0,0,0,1,1,17,15,2,3,940GZZLULVT-01-arrival,true,0,40.04632768361582,205.88333333333333,149.66666666666666,397.6841807909604,712.4,768.8833333333333,284977.7476040171,72024.60249994055,79.82517412589377,1,0
profile,tfl-numbat-2019-midweek,interpeak,30,1.9666666666666666,1,2,off,congestion,1,0,940GZZLUEUS,0,3900,2498,1800,1770,4be260785c883112,59,59,0,0,48,11,1.6,15,14,2.2,-3,true,698,4,15,15,15,1,1,0,0,2,1,8,7,1,2,940GZZLUBST-01-arrival,true,114,40.14632768361582,168.25,127.43333333333334,407.6646892655367,742.1666666666666,986.3,293142.21656846046,58514.11928524748,83.36042513120258,1,0
profile,tfl-numbat-2019-midweek,interpeak,30,1.9666666666666666,1,3,off,congestion,1,0,940GZZLUEUS,0,3900,2660,1800,1770,7241b35501f39f8e,59,59,0,0,45,14,1.5,21,8,1.6,6,true,860,4,17,17,16,1,2,0,1,2,1,10,8,2,2,940GZZLUBST-01-arrival,true,106,30.98898305084746,160.5,136.93333333333334,408.3146892655367,831.1666666666666,941.1666666666666,300999.18353045825,145374.55900382245,67.43209890024883,1,0
profile,tfl-numbat-2019-midweek,interpeak,20,2.966666666666667,1,1,off,congestion,1,0,940GZZLUEUS,0,3900,2552,1800,1780,016a76ba6d0b3cca,89,89,0,0,68,21,2.2666666666666666,27,17,2.7333333333333334,4,true,752,5,24,24,23,1,1,0,0,1,1,5,4,1,3,london-link-082-a-arrival,true,105,44.34325842696629,266.95,161.31666666666666,418.44943820224717,709.3666666666667,831.6666666666666,450451.32593861304,148720.74299745404,75.17895931605537,1,0
profile,tfl-numbat-2019-midweek,interpeak,20,2.966666666666667,1,2,off,congestion,1,0,940GZZLUEUS,0,3900,2490,1800,1780,ed9a2bc8a5a94c22,89,89,0,0,67,22,2.2333333333333334,21,23,3.066666666666667,-1,true,690,7,26,26,22,1,1,0,0,2,1,15,12,3,3,london-link-057-a-arrival,true,159,56.746629213483146,278.1333333333333,178.95,435.40168539325845,771.7833333333333,986.3,455674.8318405265,120041.31216901582,79.14921903474949,1,0
profile,tfl-numbat-2019-midweek,interpeak,20,2.966666666666667,1,3,off,congestion,1,0,940GZZLUEUS,0,3900,2602,1800,1780,93ff18cb310a4748,89,89,0,0,64,25,2.1333333333333333,24,20,2.6666666666666665,5,true,802,7,26,26,23,1,2,0,0,2,1,19,14,5,3,london-link-046-a-departure,true,278,50.473408239700376,354.6166666666667,169.26666666666668,434.99794007490635,831.1666666666666,941.2166666666667,462970.61078176385,171850.0619111285,72.92935323259951,1,0
profile,tfl-numbat-2019-midweek,interpeak,15,3.966666666666667,1,1,off,congestion,1,0,940GZZLUEUS,0,3900,2331,1800,1785,4ea77286324758fc,119,119,0,0,93,26,3.1,31,28,4.133333333333334,-2,true,531,6,32,32,30,2,1,0,0,1,1,43,37,6,3,london-link-009-a-departure,true,118,43.78137254901961,241.75,136.38333333333333,418.6495798319328,709.3666666666667,830.2666666666667,601963.8828200329,183194.91787519303,76.66778775032752,1,0
profile,tfl-numbat-2019-midweek,interpeak,15,3.966666666666667,1,2,off,congestion,1,0,940GZZLUEUS,0,3900,2553,1800,1785,b737ae9d8f011316,119,119,0,0,90,29,3,34,25,3.7333333333333334,4,true,753,9,36,36,29,1,1,0,0,2,1,28,23,5,3,london-link-030-a-arrival,true,250,68.08697478991597,428.3333333333333,205.85,444.4718487394958,787.9,1078.0166666666667,605242.1204284481,203310.5676549965,74.85500071282746,1,0
profile,tfl-numbat-2019-midweek,interpeak,15,3.966666666666667,1,3,off,congestion,1,0,940GZZLUEUS,0,3900,2346,1800,1785,54ac03234b7a10bc,119,119,0,0,87,32,2.9,33,26,3.6,6,true,546,8,33,33,29,1,1,0,0,2,1,15,13,2,3,london-link-036-a-arrival,true,107,50.60980392156863,354.6166666666667,217.86666666666667,428.903081232493,796.4666666666667,1012.5,609085.4681500113,188153.3265835303,76.39937646957884,1,0
profile,tfl-numbat-2019-midweek,interpeak,12,4.966666666666667,1,1,off,congestion,1,0,940GZZLUEUS,0,3900,2592,1800,1788,b497ea2af025e0c1,149,149,0,0,115,34,3.8333333333333335,42,32,4.866666666666666,2,true,792,8,39,39,37,1,1,0,0,2,1,9,6,3,4,london-link-106-a-departure,true,182,50.64675615212528,272.3,168.25,421.4870246085011,757.05,897.7833333333333,746427.1131272143,279465.7675815263,72.75877697986786,1,0
profile,tfl-numbat-2019-midweek,interpeak,12,4.966666666666667,1,2,off,congestion,1,0,940GZZLUEUS,0,3900,2438,1800,1788,430d9157d388d3e5,149,149,0,0,108,41,3.6,41,33,4.466666666666667,8,true,638,11,44,44,38,1,1,0,0,2,2,24,18,6,3,london-link-048-a-departure,true,123,75.45961968680089,428.3333333333333,206.3,450.9080536912752,790.9666666666667,1078.0166666666667,756183.8454023538,237640.17981985694,76.08830398654104,1,0
profile,tfl-numbat-2019-midweek,interpeak,12,4.966666666666667,1,3,off,congestion,1,0,940GZZLUEUS,0,3900,2847,1800,1788,5f97c3f949109a0b,149,149,0,0,112,37,3.7333333333333334,43,31,4.6,6,true,1047,11,43,42,37,1,1,0,0,2,1,9,5,4,3,london-link-039-a-departure,true,116,60.73199105145414,354.6166666666667,210.81666666666666,448.13255033557044,832.35,1178.2833333333333,781149.328854473,282853.2596231583,73.41611170064321,1,0
profile,tfl-numbat-2019-midweek,interpeak,10,5.966666666666667,1,1,off,congestion,1,0,940GZZLUEUS,0,3900,2721,1800,1790,0b930e4ca4da8510,179,179,0,0,140,39,4.666666666666667,49,40,6.066666666666666,-1,true,921,11,48,48,44,1,2,0,0,1,2,57,45,12,4,940GZZLULVT-01-arrival,true,325,67.01648044692737,384.6,205.85,438.86359404096834,782.8333333333334,1019.3833333333333,898098.8798201897,311958.8527554651,74.21950669316838,1,0
profile,tfl-numbat-2019-midweek,interpeak,10,5.966666666666667,1,2,off,congestion,1,0,940GZZLUEUS,0,3900,2552,1800,1790,43a17175be512ece,179,179,0,0,135,44,4.5,47,42,5.866666666666666,2,true,752,13,53,53,46,2,1,0,0,2,1,63,52,11,3,london-link-027-a-departure,true,274,77.81983240223464,428.3333333333333,258.5,450.264990689013,820.4,1101.4,900398.3026087581,297375.3537719577,75.17265869158203,1,0
profile,tfl-numbat-2019-midweek,interpeak,10,5.966666666666667,1,3,off,congestion,1,0,940GZZLUEUS,0,3900,2569,1800,1790,2cca81f5af10a5a2,179,179,0,0,135,44,4.5,48,41,5.8,3,true,769,11,51,51,43,2,2,0,0,2,2,58,49,9,5,london-link-075-a-arrival,true,93,64.88705772811917,354.6166666666667,210.95,445.453165735568,826.5166666666667,1178.2833333333333,920221.912586277,330393.1180769823,73.58154907975482,1,0
profile,tfl-numbat-2019-midweek,interpeak,8.571429,7,1,1,off,congestion,1,0,940GZZLUEUS,0,3900,2556,1800,1799,377f35b408a2d0b6,210,210,0,0,160,50,5.333333333333333,52,53,7.2,-3,true,756,14,57,56,46,1,3,0,1,1,2,56,40,14,4,940GZZLULVT-01-arrival,true,447,74.97920634920635,481.23333333333335,205.85,437.94079365079364,786.5166666666667,1050.7166666666667,1028111.3788719306,373150.3246821129,73.37040441941106,1,0
profile,tfl-numbat-2019-midweek,interpeak,8.571429,7,1,2,off,congestion,1,0,940GZZLUEUS,0,3900,2674,1800,1799,0e4e63e12088df38,210,210,0,0,154,56,5.133333333333334,48,57,7.066666666666666,-1,true,874,16,61,61,51,1,3,0,0,2,2,78,58,20,5,london-link-013-b-departure,true,149,85.95079365079366,350.51666666666665,234.4,459.45611111111117,831.1833333333333,983.9666666666667,1058524.8625736122,391750.8675254639,72.98783538915725,1,0
profile,tfl-numbat-2019-midweek,interpeak,8.571429,7,1,3,off,congestion,1,0,940GZZLUEUS,0,3900,2852,1800,1799,d32fc6ced69f7580,210,210,0,0,162,48,5.4,53,52,7.266666666666667,-4,true,1052,13,58,58,52,2,3,1,1,2,2,76,61,13,4,london-link-072-a-arrival,true,233,64.9179365079365,354.6166666666667,208.35,442.30238095238093,805.75,1159.0166666666667,1070045.1826261883,372325.86230214266,74.18654072325454,1,0
profile,tfl-numbat-2019-midweek,interpeak,7.5,7.966666666666667,1,1,off,congestion,1,0,940GZZLUEUS,0,3900,2642,1800,1792.5,f9552f5f1b0bf1c2,239,239,0,0,176,63,5.866666666666666,60,59,7.733333333333333,4,true,842,19,66,65,53,2,2,0,0,1,1,85,68,17,5,940GZZLULVT-exit,true,242.5,84.65188284518828,489.03333333333336,218,456.30369595536956,814.9,991.95,1198843.34270454,403443.4098938625,74.82077354508456,1,0
profile,tfl-numbat-2019-midweek,interpeak,7.5,7.966666666666667,1,2,off,congestion,1,0,940GZZLUEUS,0,3900,2485,1800,1792.5,8b0ec28e29fb5d6c,239,239,0,0,178,61,5.933333333333334,54,65,8.266666666666667,-4,true,685,19,70,68,58,2,2,0,0,2,2,75,56,19,4,940GZZLUOXC-01-departure,true,236.5,91.19002789400278,463.68333333333334,237.88333333333333,456.7671548117155,838.85,1118.7166666666667,1179446.7197858917,391080.62885319185,75.0987699009459,1,0
profile,tfl-numbat-2019-midweek,interpeak,7.5,7.966666666666667,1,3,off,congestion,1,0,940GZZLUEUS,0,3900,3151,1800,1792.5,32aa5186f5b4a850,239,239,0,0,177,62,5.9,56,63,8.066666666666666,-1,true,1351,17,70,70,60,2,3,0,1,2,2,73,54,19,4,940GZZLUEUS-01-arrival,true,344.5,78.02043235704325,433.7,221.26666666666668,462.79769874476983,908.3,1447.8666666666666,1243119.2339413904,460872.6538099446,72.95335399641291,1,0
profile,tfl-numbat-2019-midweek,interpeak,6.666667,8.966666666666667,1,1,off,congestion,1,0,940GZZLUEUS,0,3900,2769,1800,1793.3333333333333,2ce7017da63f1ce0,269,269,0,0,199,70,6.633333333333334,63,71,9.066666666666666,-1,true,969,24,79,79,60,2,2,0,0,2,2,144,111,33,4,940GZZLUPCC-01-arrival,true,406.6666666666667,102.81078066914499,486.01666666666665,279.8833333333333,478.62701363073114,866.5333333333333,1159.5833333333333,1363513.974445055,558500.1680586237,70.9419324391077,1,0
profile,tfl-numbat-2019-midweek,interpeak,6.666667,8.966666666666667,1,2,off,congestion,1,0,940GZZLUEUS,0,3900,2425,1800,1793.3333333333333,2a8809aeeb74e8bf,269,269,0,0,199,70,6.633333333333334,59,75,9.333333333333334,-5,true,625,23,78,76,64,1,3,0,0,2,2,68,50,18,4,london-link-048-a-arrival,true,126.66666666666667,95.86090458488228,366.8833333333333,239.63333333333333,454.14919454770757,821.15,1101.1666666666667,1299663.069364627,450973.61369910085,74.23945139148644,1,0
profile,tfl-numbat-2019-midweek,interpeak,6.666667,8.966666666666667,1,3,off,congestion,1,0,940GZZLUEUS,0,3900,2852,1800,1793.3333333333333,974cc1866ce0a089,269,269,0,0,203,66,6.766666666666667,61,73,9.466666666666667,-7,true,1052,19,78,78,67,1,3,0,0,2,1,98,76,22,5,london-link-125-a-arrival,true,331.6666666666667,84.90068153655514,475.45,240.4,462.84721189591073,910.55,1338.4,1371605.2207535289,493203.0144550455,73.55207869940139,1,0
profile,tfl-numbat-2019-midweek,interpeak,6,9.966666666666667,1,1,off,congestion,1,0,940GZZLUEUS,0,3900,2618,1800,1794,ee9fd27577dc17b2,299,299,0,0,216,83,7.2,67,82,9.933333333333334,1,true,818,30,88,85,66,3,3,0,0,2,2,170,129,41,5,940GZZLULVT-01-arrival,true,363,111.60841694537346,614.8833333333333,283.3333333333333,486.5190078037904,836.6166666666667,1158.4333333333334,1511147.7596865,613435.8389022535,71.12677329761344,1,0
profile,tfl-numbat-2019-midweek,interpeak,6,9.966666666666667,1,2,off,congestion,1,0,940GZZLUEUS,0,3900,2546,1800,1794,9c6d663f282f98ba,299,299,0,0,225,74,7.5,65,84,10.666666666666666,-10,true,746,27,88,87,69,2,3,0,0,2,2,241,173,60,5,london-link-047-a-arrival,true,234,107.85641025641026,439.45,274.05,468.61187290969906,820.0166666666667,1117.3833333333334,1449967.2239033289,596354.5954285488,70.85724299107272,1,0
profile,tfl-numbat-2019-midweek,interpeak,6,9.966666666666667,1,3,off,congestion,1,0,940GZZLUEUS,0,3900,2743,1800,1794,cae5e030155a2225,299,299,0,0,222,77,7.4,69,80,10.2,-3,true,943,24,87,86,75,3,3,0,0,2,2,133,102,31,4,940GZZLUOXC-01-arrival,true,314,95.53383500557415,463.98333333333335,244.01666666666668,469.03350055741356,899.85,1380.7666666666667,1506302.5939118979,537047.661382348,73.71729785479131,1,0
profile,tfl-numbat-2019-midweek,interpeak,5.4545449999999995,11,1,1,off,congestion,1,0,940GZZLUEUS,0,3900,3246,1800,1798.5,df2e08305f707806,330,330,0,0,222,108,7.4,73,92,9.933333333333334,16,true,1446,39,108,104,73,3,5,0,1,1,2,198,143,53,4,940GZZLUKSX-01-arrival,true,845.5,148.17863636363637,877.85,340.9,524.5025757575758,925.3666666666667,1485.1833333333334,1674147.5778893938,851771.2982562322,66.27875478107298,1,0
profile,tfl-numbat-2019-midweek,interpeak,5.4545449999999995,11,1,2,off,congestion,1,0,940GZZLUEUS,0,3900,2772,1800,1798.5,aaf9361694744c1c,330,330,0,0,244,86,8.133333333333333,73,92,11.4,-6,true,972,39,103,99,76,2,3,0,0,2,2,168,126,40,6,london-link-063-a-departure,true,302.5,134.38833333333335,672.3333333333334,320.01666666666665,493.9382828282828,885.1666666666666,1211.8166666666666,1596440.07930429,761840.4585092011,67.69508774322708,1,0
profile,tfl-numbat-2019-midweek,interpeak,5.4545449999999995,11,1,3,off,congestion,1,0,940GZZLUEUS,0,3900,2624,1800,1798.5,2868a608737b17cf,330,330,0,0,243,87,8.1,75,90,11.2,-3,true,824,30,98,95,80,2,2,0,0,2,1,155,125,30,4,london-link-022-a-departure,true,243.5,110.97272727272727,477.18333333333334,293.25,479.91449494949495,883.2833333333333,1386.4166666666667,1640394.8376280381,562703.0588221722,74.45855403298965,1,0
profile,tfl-numbat-2019-midweek,interpeak,5,11.966666666666667,1,1,off,congestion,1,0,940GZZLUEUS,0,3900,3232,1800,1795,63115a88eefe4876,359,359,0,0,241,118,8.033333333333333,78,101,10.866666666666667,17,true,1432,52,119,114,75,3,5,0,0,2,1,388,317,71,5,940GZZLUTCR-diverge,true,655,178.375069637883,729.4333333333333,477.35,557.2478180129991,982.3333333333334,1536.2833333333333,1830962.79337794,1064685.9437654265,63.23152286710828,1,0
profile,tfl-numbat-2019-midweek,interpeak,5,11.966666666666667,1,2,off,congestion,1,0,940GZZLUEUS,0,3900,2713,1800,1795,a51bec993e64d97a,359,359,0,0,261,98,8.7,77,102,12.266666666666667,-4,true,913,42,113,108,82,2,2,0,0,1,2,284,235,49,4,london-link-017-a-arrival,true,250,145.36258124419686,599.2333333333333,358.35,508.63221912720525,884.8666666666667,1137.1166666666666,1755102.0386888564,888931.837566349,66.37971073103799,1,0
profile,tfl-numbat-2019-midweek,interpeak,5,11.966666666666667,1,3,off,congestion,1,0,940GZZLUEUS,0,3900,3008,1800,1795,ae2973bdc228cca9,359,359,0,0,254,105,8.466666666666667,78,101,11.733333333333333,4,true,1208,41,111,106,80,3,3,0,1,1,1,308,237,71,5,london-link-057-a-arrival,true,348,140.69470752089137,621.9833333333333,366.46666666666664,512.9493500464253,930.45,1477.7333333333333,1799096.419079354,794835.4918842824,69.35788913638046,1,0
profile,tfl-numbat-2019-midweek,interpeak,4.615385,13.033333333333333,1,1,off,congestion,1,0,940GZZLUEUS,0,3900,3155,1800,1798.6,05b036e7516e55eb,391,391,0,0,251,140,8.366666666666667,85,110,11.066666666666666,30,true,1355,74,142,114,76,3,5,0,1,2,2,545,418,126,5,940GZZLUTCR-01-arrival,true,972.4,219.69850809889172,999.55,595.8833333333333,600.8867007672635,1074.2333333333333,1595.5,2004719.05920419,1245068.703118686,61.68769180702623,1,0
profile,tfl-numbat-2019-midweek,interpeak,4.615385,13.033333333333333,1,2,off,congestion,1,0,940GZZLUEUS,0,3900,3131,1800,1798.6,e6b2cb534b8b4e2b,391,391,0,0,267,124,8.9,83,112,12.266666666666667,12,true,1331,58,129,114,74,4,4,0,1,1,2,390,319,68,5,london-link-057-a-arrival,true,759.4,201.43631713554987,781.7333333333333,535.8166666666667,569.0754475703325,1029.7333333333333,1437.9166666666667,1934346.4183439594,1211948.0733460158,61.48014508664,1,0
profile,tfl-numbat-2019-midweek,interpeak,4.615385,13.033333333333333,1,3,off,congestion,1,0,940GZZLUEUS,0,3900,3068,1800,1798.6,b778aea546f63062,391,391,0,0,268,123,8.933333333333334,88,107,12,16,true,1268,51,126,114,83,2,3,0,1,2,2,389,302,85,5,london-link-020-a-departure,true,759.4,161.76820119352087,868.8333333333334,466.4166666666667,532.7231031543052,1027.6333333333334,1643.4833333333333,1950708.1226416584,976188.4755526162,66.647661001934,1,0
profile,tfl-numbat-2019-midweek,interpeak,4.2857140000000005,14,1,1,off,congestion,1,0,940GZZLUEUS,0,3900,3137,1800,1799,d7e9ab1e06ba3f03,420,420,0,0,262,158,8.733333333333333,89,121,11.533333333333333,37,true,1337,92,159,114,79,4,3,0,1,2,1,632,484,146,6,london-link-031-b-departure,true,851,268.57694444444445,1019.0833333333334,670.3,649.1196428571428,1185.35,1626.4833333333333,2149931.3537639827,1330375.924170329,61.77418204981155,1,0
profile,tfl-numbat-2019-midweek,interpeak,4.2857140000000005,14,1,2,off,congestion,1,0,940GZZLUEUS,0,3900,3318,1800,1799,91e7e36c6e9c5c40,420,420,0,0,269,151,8.966666666666667,88,122,12.066666666666666,29,true,1518,88,152,114,77,3,4,1,1,1,2,410,314,93,5,london-link-024-b-departure,true,949,276.51416666666665,1038.0333333333333,652.8666666666667,646.6120238095237,1170.3166666666666,1712.1833333333334,2092248.838897419,1429967.4467458643,59.40148671237261,1,0
profile,tfl-numbat-2019-midweek,interpeak,4.2857140000000005,14,1,3,off,congestion,1,0,940GZZLUEUS,0,3900,3448,1800,1799,f9d9788dd6aa402d,420,420,0,0,272,148,9.066666666666666,90,120,12.133333333333333,28,true,1648,82,150,114,81,4,4,1,1,1,2,397,309,88,5,london-link-022-a-departure,true,744,231.93555555555557,866.2666666666667,601.1833333333333,601.5938888888888,1147.7333333333333,1713.1666666666667,2088627.3332541932,1242644.388854931,62.697597418796654,1,0
profile,tfl-numbat-2019-midweek,interpeak,4,14.966666666666667,1,1,off,congestion,1,0,940GZZLUEUS,0,3900,3890,1800,1796,36d46c523aa62ecf,449,449,0,0,254,195,8.466666666666667,89,135,11,60,true,2090,126,197,114,77,3,4,0,0,2,2,535,386,149,7,london-link-031-b-departure,true,1531,356.85697847067553,1534.2833333333333,828.6333333333333,735.5681143281365,1263.4833333333333,2097.7,2288562.350902801,1576223.759638236,59.21575697710272,1,0
profile,tfl-numbat-2019-midweek,interpeak,4,14.966666666666667,1,2,off,congestion,1,0,940GZZLUEUS,0,3900,3784,1800,1796,8d49fb9d3816ddc8,449,449,0,0,277,172,9.233333333333333,92,132,12.333333333333334,40,true,1984,106,176,114,77,2,4,0,1,2,2,579,483,96,7,london-link-048-a-departure,true,1229,313.11046770601337,1236.6,712.0166666666667,682.6844840386043,1236.2833333333333,1995.3166666666666,2230565.099481967,1512925.529031321,59.58516584741196,1,0
profile,tfl-numbat-2019-midweek,interpeak,4,14.966666666666667,1,3,off,congestion,1,0,940GZZLUEUS,0,3900,3406,1800,1796,1a5ec5d35ff01181,449,449,0,0,268,181,8.933333333333334,91,133,11.8,48,true,1606,105,182,114,83,2,4,0,1,2,2,545,415,129,5,london-link-020-a-departure,true,1042,301.32902746844843,1107.6,724.9333333333333,672.3483296213809,1256.3166666666666,1843.5,2237088.163052267,1395457.2952046585,61.58458823873142,1,0
profile,tfl-numbat-2019-midweek,pm-peak,60,0.9666666666666667,1,1,off,congestion,1,0,940GZZLUEUS,0,3900,2204,1800,1740,2c415a5861bb3fb7,29,29,0,0,22,7,0.7333333333333333,9,5,0.8666666666666667,2,true,404,3,9,9,9,0,1,0,0,1,1,0,0,0,2,940GZZLUBNK-01-departure,true,0,42.15459770114943,192.35,168.25,377.85862068965514,703.35,943.1666666666666,131268.16926496703,37471.92254563283,77.79311238748602,1,0
profile,tfl-numbat-2019-midweek,pm-peak,60,0.9666666666666667,1,2,off,congestion,1,0,940GZZLUEUS,0,3900,2320,1800,1740,42d62660e617f50f,29,29,0,0,25,4,0.8333333333333334,8,6,1.1333333333333333,-2,true,520,2,8,8,7,0,1,0,0,2,1,0,0,0,3,940GZZLUTCR-01-arrival,true,0,20.366666666666667,105.91666666666667,104.43333333333334,351.1603448275862,690.9,699.7833333333333,129177.01270266288,63549.75079428557,67.0259855760553,1,0
profile,tfl-numbat-2019-midweek,pm-peak,60,0.9666666666666667,1,3,off,congestion,1,0,940GZZLUEUS,0,3900,2192,1800,1740,36bbc24bd6f4e5a1,29,29,0,0,23,6,0.7666666666666667,7,7,1.0666666666666667,-1,true,392,2,10,10,9,0,1,0,0,1,1,0,0,0,2,940GZZLUKSX-01-arrival,true,0,29.633333333333333,125.43333333333334,123.51666666666667,411.90000000000003,695.6333333333333,723.1,150107.48061761967,40639.634224577014,78.6944959779875,1,0
profile,tfl-numbat-2019-midweek,pm-peak,30,1.9666666666666666,1,1,off,congestion,1,0,940GZZLUEUS,0,3900,2509,1800,1770,af2d0ae536676bd0,59,59,0,0,44,15,1.4666666666666666,18,11,1.7333333333333334,4,true,709,5,16,16,14,1,1,0,0,2,1,8,7,1,3,london-link-031-a-departure,true,99,50.89576271186441,197.7,168.25,402.4437853107345,853.1,943.1666666666666,279990.4319571448,122203.4146302953,69.61579206962648,1,0
profile,tfl-numbat-2019-midweek,pm-peak,30,1.9666666666666666,1,2,off,congestion,1,0,940GZZLUEUS,0,3900,2712,1800,1770,491be4b064701a89,59,59,0,0,44,15,1.4666666666666666,19,10,1.6666666666666667,5,true,912,4,17,17,16,1,1,0,0,2,1,13,10,3,2,940GZZLUBNK-01-arrival,true,55,36.59378531073446,150.4,112.25,415.4299435028248,699.7833333333333,971.6833333333333,302279.5857106796,158497.28988049686,65.60216055175405,1,0
profile,tfl-numbat-2019-midweek,pm-peak,30,1.9666666666666666,1,3,off,congestion,1,0,940GZZLUEUS,0,3900,2492,1800,1770,97a0bbc389019b5e,59,59,0,0,44,15,1.4666666666666666,16,13,1.8666666666666667,2,true,692,5,17,17,15,1,1,0,0,2,1,14,12,2,3,940GZZLUKSX-01-arrival,true,106,55.77655367231638,194.1,158.31666666666666,421.52994350282484,778.65,795.9666666666667,291186.33477646904,153269.8044586076,65.5152014049373,1,0
profile,tfl-numbat-2019-midweek,pm-peak,20,2.966666666666667,1,1,off,congestion,1,0,940GZZLUEUS,0,3900,2512,1800,1780,2436c9d379b10cb9,89,89,0,0,68,21,2.2666666666666666,25,19,2.8666666666666667,2,true,712,6,25,25,23,1,1,0,0,2,1,18,14,4,4,940GZZLUKSX-01-arrival,true,226,48.46741573033708,245.53333333333333,158.31666666666666,408.6273408239701,854.45,967.4833333333333,432425.3214971966,204093.75968575352,67.93595577583442,1,0
profile,tfl-numbat-2019-midweek,pm-peak,20,2.966666666666667,1,2,off,congestion,1,0,940GZZLUEUS,0,3900,2225,1800,1780,fe3e8bbb848e718e,89,89,0,0,68,21,2.2666666666666666,26,18,2.8,3,true,425,5,27,27,24,1,1,0,0,2,1,17,13,4,3,940GZZLUWLO-01-departure,true,96,36.40842696629213,150.4,128.76666666666668,399.44700374531834,690.9,977.5333333333333,435999.70154580614,167241.20437930236,72.27621622860153,1,0
profile,tfl-numbat-2019-midweek,pm-peak,20,2.966666666666667,1,3,off,congestion,1,0,940GZZLUEUS,0,3900,2404,1800,1780,46810ad37025e12d,89,89,0,0,69,20,2.3,24,20,3,0,true,604,6,27,27,23,1,1,0,0,2,1,15,12,3,3,940GZZLUWLO-01-arrival,true,88,62.321348314606745,210.26666666666668,163.68333333333334,425.7249063670412,778.65,903.2166666666667,436434.0550751616,202184.54292666327,68.34032964913973,1,0
profile,tfl-numbat-2019-midweek,pm-peak,15,3.966666666666667,1,1,off,congestion,1,0,940GZZLUEUS,0,3900,2417,1800,1785,0208aa8245ceb755,119,119,0,0,92,27,3.066666666666667,32,27,4,0,true,617,6,33,33,29,1,1,0,0,2,1,23,18,5,3,940GZZLUKSX-01-departure,true,144,52.26274509803922,216.5,155.05,414.02633053221285,829.8333333333334,943.1666666666666,581309.7670453353,208893.53839880982,73.5645830687334,1,0
profile,tfl-numbat-2019-midweek,pm-peak,15,3.966666666666667,1,2,off,congestion,1,0,940GZZLUEUS,0,3900,2512,1800,1785,613074b0e2e84676,119,119,0,0,91,28,3.033333333333333,32,27,3.933333333333333,1,true,712,7,36,36,34,1,1,0,0,2,1,42,36,6,4,london-link-120-a-arrival,true,150,48.23557422969188,174.75,148.85,419.9105042016807,717.7,977.5333333333333,596575.9027563267,246540.4813388345,70.7584283748176,1,0
profile,tfl-numbat-2019-midweek,pm-peak,15,3.966666666666667,1,3,off,congestion,1,0,940GZZLUEUS,0,3900,2624,1800,1785,51241ebba9303aac,119,119,0,0,87,32,2.9,33,26,3.6,6,true,824,9,35,35,31,1,1,0,0,2,1,30,24,6,4,london-link-044-a-departure,true,160,70.2266106442577,218.25,172.98333333333332,454.6546218487395,795.9666666666667,939.2,618286.1678410451,253521.06099785035,70.92005518978101,1,0
profile,tfl-numbat-2019-midweek,pm-peak,12,4.966666666666667,1,1,off,congestion,1,0,940GZZLUEUS,0,3900,2322,1800,1788,d813e5a9585edb2f,149,149,0,0,112,37,3.7333333333333334,40,34,4.8,3,true,522,8,41,40,37,1,1,0,0,2,1,22,17,5,3,940GZZLUOXC-01-arrival,true,61,54.40973154362416,252.53333333333333,165.95,412.1165548098434,792.4333333333333,967.4833333333333,719004.1689555277,239115.50834760658,75.0432525276324,1,0
profile,tfl-numbat-2019-midweek,pm-peak,12,4.966666666666667,1,2,off,congestion,1,0,940GZZLUEUS,0,3900,2407,1800,1788,297a5298546de8ab,149,149,0,0,107,42,3.566666666666667,36,38,4.733333333333333,4,true,607,11,43,43,36,1,1,0,0,2,1,39,34,5,3,940GZZLUOXC-01-arrival,true,162,68.78299776286353,219.31666666666666,184.35,434.27136465324384,711.9666666666667,982.8833333333333,735371.3775794982,266996.9471189339,73.36338943080017,1,0
profile,tfl-numbat-2019-midweek,pm-peak,12,4.966666666666667,1,3,off,congestion,1,0,940GZZLUEUS,0,3900,2704,1800,1788,48123429dd3fca57,149,149,0,0,107,42,3.566666666666667,39,35,4.533333333333333,7,true,904,11,47,45,37,1,1,0,0,2,1,40,33,7,3,940GZZLUKSX-01-arrival,true,204,82.98959731543624,227.3,187.9,461.4137583892617,815.1,999.9333333333333,761649.2563082438,289449.0542917672,72.46222818809997,1,0
profile,tfl-numbat-2019-midweek,pm-peak,10,5.966666666666667,1,1,off,congestion,1,0,940GZZLUEUS,0,3900,2672,1800,1790,7f3d0ffd68c0d35b,179,179,0,0,133,46,4.433333333333334,50,39,5.533333333333333,7,true,872,12,49,48,42,2,1,0,0,2,1,36,23,13,4,940GZZLUVIC-01-arrival,true,147,62.56545623836127,258.31666666666666,170.65,417.9018621973929,805.3,967.4833333333333,856738.5772768363,308609.4432058202,73.51783005749628,1,0
profile,tfl-numbat-2019-midweek,pm-peak,10,5.966666666666667,1,2,off,congestion,1,0,940GZZLUEUS,0,3900,2676,1800,1790,d381100ff1da349a,179,179,0,0,133,46,4.433333333333334,40,49,6.2,-3,true,876,13,52,51,43,2,1,0,0,2,1,51,42,9,3,940GZZLUBNK-diverge,true,151,79.218156424581,294.81666666666666,196.31666666666666,456.41638733705776,785.8,1025.2,912155.0679586682,369134.5177193132,71.19039116173028,1,0
profile,tfl-numbat-2019-midweek,pm-peak,10,5.966666666666667,1,3,off,congestion,1,0,940GZZLUEUS,0,3900,2593,1800,1790,21d3f2b5bd5d97ab,179,179,0,0,131,48,4.366666666666666,43,46,5.866666666666666,2,true,793,17,55,54,43,2,2,0,0,2,2,81,67,14,4,london-link-010-a-arrival,true,140,91.65055865921788,324.28333333333336,225.91666666666666,473.0792364990689,807.9666666666667,1089.0333333333333,921816.989373426,352776.2611298743,72.32244396472576,1,0
profile,tfl-numbat-2019-midweek,pm-peak,8.571429,7,1,1,off,congestion,1,0,940GZZLUEUS,0,3900,2432,1800,1799,a956252f9cc231f2,210,210,0,0,160,50,5.333333333333333,53,52,7.133333333333334,-2,true,632,16,58,56,49,2,2,0,0,2,1,54,45,9,4,london-link-070-a-departure,true,203,78.78349206349206,369.98333333333335,185.3,424.10079365079366,770.3,967.4833333333333,976300.3474382608,353245.7032982901,73.43110431544686,1,0
profile,tfl-numbat-2019-midweek,pm-peak,8.571429,7,1,2,off,congestion,1,0,940GZZLUEUS,0,3900,2612,1800,1799,6d4c4c3b2c45e61e,210,210,0,0,152,58,5.066666666666666,49,56,6.866666666666666,2,true,812,20,63,61,47,2,1,0,0,1,1,121,97,24,4,london-link-048-a-arrival,true,152,95.37992063492064,393.95,236.36666666666667,475.0676984126984,809.85,1025.2,1075109.5839518234,421701.37765171746,71.82667761866557,1,0
profile,tfl-numbat-2019-midweek,pm-peak,8.571429,7,1,3,off,congestion,1,0,940GZZLUEUS,0,3900,2628,1800,1799,8a8893745def8e7a,210,210,0,0,149,61,4.966666666666667,46,59,6.866666666666666,2,true,828,23,66,65,50,2,2,0,0,1,1,97,80,17,4,940GZZLUKSX-01-arrival,true,231,109.46055555555556,394.93333333333334,251.48333333333332,488.38952380952384,863.5666666666667,1073.55,1074344.2046810056,446956.044941501,70.62012938915852,1,0
profile,tfl-numbat-2019-midweek,pm-peak,7.5,7.966666666666667,1,1,off,congestion,1,0,940GZZLUEUS,0,3900,2508,1800,1792.5,812d6bdfeff7cdd8,239,239,0,0,185,54,6.166666666666667,58,61,8.466666666666667,-7,true,708,21,67,66,52,2,2,0,1,1,1,171,147,24,4,940GZZLUVIC-01-arrival,true,233.5,98.96206415620642,428.6333333333333,244.8,449.9169456066945,797.7166666666667,967.6666666666666,1128583.2622059067,491775.339080267,69.65021578001831,1,0
profile,tfl-numbat-2019-midweek,pm-peak,7.5,7.966666666666667,1,2,off,congestion,1,0,940GZZLUEUS,0,3900,2526,1800,1792.5,fe5cdc606d6c3375,239,239,0,0,168,71,5.6,61,58,7.133333333333334,13,true,726,23,72,70,54,1,2,0,1,2,1,112,87,25,4,london-link-012-a-departure,true,154.5,107.95048814504882,485.28333333333336,287.05,484.3950488145049,825.95,1053.0166666666667,1213825.5874580853,507953.2178812828,70.49834645971475,1,0
profile,tfl-numbat-2019-midweek,pm-peak,7.5,7.966666666666667,1,3,off,congestion,1,0,940GZZLUEUS,0,3900,2728,1800,1792.5,1d267e2d1193cfce,239,239,0,0,169,70,5.633333333333334,54,65,7.666666666666667,5,true,928,26,76,75,55,2,2,0,1,1,1,179,154,25,5,940GZZLUVIC-01-arrival,true,312.5,129.1568340306834,501.48333333333335,302.68333333333334,506.60202231520225,865.8833333333333,1105.05,1215651.4927213453,567439.8052231094,68.17662640845967,1,0
profile,tfl-numbat-2019-midweek,pm-peak,6.666667,8.966666666666667,1,1,off,congestion,1,0,940GZZLUEUS,0,3900,2668,1800,1793.3333333333333,5a33a9c6710baada,269,269,0,0,199,70,6.633333333333334,64,70,9,0,true,868,30,77,74,61,2,2,0,0,1,1,194,157,35,4,940GZZLUPAC-01-arrival,true,276.6666666666667,118.59361833952912,449.1,292.6666666666667,472.47335811648077,839.0166666666667,977.1666666666666,1278364.172201532,618847.812186529,67.38119844914767,1,0
profile,tfl-numbat-2019-midweek,pm-peak,6.666667,8.966666666666667,1,2,off,congestion,1,0,940GZZLUEUS,0,3900,2539,1800,1793.3333333333333,6c68acf7e422f94a,269,269,0,0,187,82,6.233333333333333,67,67,8,15,true,739,29,83,81,65,2,2,0,0,2,2,99,76,22,4,940GZZLUBND-01-arrival,true,291.6666666666667,116.39553903345725,513.3,315.01666666666665,490.6007434944238,832.65,1098.75,1357578.172167245,597244.1450473829,69.44765057223312,1,0
profile,tfl-numbat-2019-midweek,pm-peak,6.666667,8.966666666666667,1,3,off,congestion,1,0,940GZZLUEUS,0,3900,2825,1800,1793.3333333333333,43d49a40dceca89e,269,269,0,0,188,81,6.266666666666667,63,71,8.333333333333334,10,true,1025,32,89,86,64,2,2,0,1,1,2,192,149,41,4,940GZZLUKSX-01-arrival,true,311.6666666666667,142.3299256505576,414.6166666666667,317.75,525.5233581164807,897.0833333333334,1078.1,1389158.8960897126,692056.7307173028,66.74747576352524,1,0
profile,tfl-numbat-2019-midweek,pm-peak,6,9.966666666666667,1,1,off,congestion,1,0,940GZZLUEUS,0,3900,2473,1800,1794,458ea89b24e1b419,299,299,0,0,215,84,7.166666666666667,70,79,9.666666666666666,5,true,673,30,87,84,63,2,2,0,0,1,2,148,110,37,5,london-link-084-a-arrival,true,289,123.6943143812709,425.18333333333334,310.4,474.3598662207358,800.1666666666666,978.8333333333334,1409379.3297427245,626320.2125001893,69.23317024426326,1,0
profile,tfl-numbat-2019-midweek,pm-peak,6,9.966666666666667,1,2,off,congestion,1,0,940GZZLUEUS,0,3900,2638,1800,1794,09e4876ac860d23a,299,299,0,0,204,95,6.8,74,75,8.666666666666666,20,true,838,39,100,97,73,3,3,0,0,2,1,215,163,52,5,london-link-082-a-departure,true,370,141.35652173913044,579.7,367.68333333333334,516.4761984392419,900.6833333333333,1153.7833333333333,1510615.1492573337,723801.5776576977,67.60668818224336,1,0
profile,tfl-numbat-2019-midweek,pm-peak,6,9.966666666666667,1,3,off,congestion,1,0,940GZZLUEUS,0,3900,2788,1800,1794,a1f05cb25706b91b,299,299,0,0,204,95,6.8,69,80,9,15,true,988,39,106,102,71,2,2,0,1,1,2,188,151,37,5,940GZZLUWLO-merge,true,320,165.155629877369,523.95,359.96666666666664,548.4007246376812,977.4166666666666,1204.7833333333333,1545468.41754157,854495.9151469878,64.39547440316584,1,0
profile,tfl-numbat-2019-midweek,pm-peak,5.4545449999999995,11,1,1,off,congestion,1,0,940GZZLUEUS,0,3900,3058,1800,1798.5,e6be3aeada4a3529,330,330,0,0,229,101,7.633333333333334,79,86,10,15,true,1258,40,103,98,71,2,2,0,1,1,2,231,173,58,4,940GZZLUVIC-01-arrival,true,502.5,147.0742929292929,525.2833333333333,370.53333333333336,498.9217676767676,839.0166666666667,1264.1666666666667,1558929.2213580385,933769.2941988087,62.53982227007454,1,0
profile,tfl-numbat-2019-midweek,pm-peak,5.4545449999999995,11,1,2,off,congestion,1,0,940GZZLUEUS,0,3900,2735,1800,1798.5,c43d60b6b9d35f14,330,330,0,0,224,106,7.466666666666667,78,87,9.733333333333333,19,true,935,42,113,109,79,3,3,0,0,2,2,218,162,56,5,940GZZLUBNK-01-departure,true,446.5,160.99141414141414,592.9666666666667,412.51666666666665,538.8856565656565,903.9333333333333,1199.4833333333333,1679896.1432863376,895601.4218145107,65.226081594861,1,0
profile,tfl-numbat-2019-midweek,pm-peak,5.4545449999999995,11,1,3,off,congestion,1,0,940GZZLUEUS,0,3900,2642,1800,1798.5,1578ce5338dc3b09,330,330,0,0,220,110,7.333333333333333,73,92,9.8,18,true,842,44,115,110,78,2,2,0,0,1,1,259,196,63,5,940GZZLUKSX-diverge,true,434.5,172.87464646464647,491.26666666666665,404.48333333333335,558.8959090909091,952.05,1126.2166666666667,1716344.6986374534,933975.9209526302,64.75988927343118,1,0
profile,tfl-numbat-2019-midweek,pm-peak,5,11.966666666666667,1,1,off,congestion,1,0,940GZZLUEUS,0,3900,2836,1800,1795,d59afaee7896bf92,359,359,0,0,250,109,8.333333333333334,80,99,11.333333333333334,10,true,1036,49,112,109,77,3,3,0,1,2,2,282,223,53,5,london-link-084-a-departure,true,501,163.43064066852367,709.0666666666667,406.1,519.2749303621171,836.3,1135.9333333333334,1716673.5815895374,1037136.396460231,62.3381277311398,1,0
profile,tfl-numbat-2019-midweek,pm-peak,5,11.966666666666667,1,2,off,congestion,1,0,940GZZLUEUS,0,3900,2903,1800,1795,230748c929bd6af8,359,359,0,0,244,115,8.133333333333333,78,101,11.066666666666666,14,true,1103,50,127,114,79,3,2,0,1,2,1,421,335,86,6,london-link-084-a-arrival,true,671,187.1907149489322,700.2333333333333,450.73333333333335,565.0440111420612,966.3,1319.4166666666667,1825284.501533917,1139667.6531359334,61.562022127711664,1,0
profile,tfl-numbat-2019-midweek,pm-peak,5,11.966666666666667,1,3,off,congestion,1,0,940GZZLUEUS,0,3900,3360,1800,1795,d94d85fd65c7879d,359,359,0,0,229,130,7.633333333333334,73,106,10.4,24,true,1560,65,132,114,80,3,3,0,2,1,2,414,319,95,6,london-link-048-a-departure,true,687,228.07428040854225,828.9666666666667,590.9833333333333,614.4935468895079,1009,1644.0666666666666,1866275.607133219,1313809.343703795,58.686344421145286,1,0
profile,tfl-numbat-2019-midweek,pm-peak,4.615385,13.033333333333333,1,1,off,congestion,1,0,940GZZLUEUS,0,3900,3196,1800,1798.6,b844ac8346e1443b,391,391,0,0,261,130,8.7,86,109,11.666666666666666,21,true,1396,64,130,114,82,3,2,0,0,2,1,377,292,80,5,london-link-019-a-departure,true,788.4,200.59782608695653,951.7833333333333,501.3333333333333,559.851747655584,972.3833333333333,1526.3166666666666,1884872.8882242392,1251843.78197412,60.09063254364774,1,0
profile,tfl-numbat-2019-midweek,pm-peak,4.615385,13.033333333333333,1,2,off,congestion,1,0,940GZZLUEUS,0,3900,3214,1800,1798.6,a2527f46405d2d08,391,391,0,0,244,147,8.133333333333333,84,111,10.666666666666666,36,true,1414,81,150,114,76,4,3,0,0,2,1,605,472,133,5,940GZZLUBNK-01-arrival,true,987.4,266.85409207161126,1092.0833333333333,606.4666666666667,648.4599744245525,1120.9333333333334,1534.4333333333334,2007378.4577491214,1405978.3673280615,58.80951100691709,1,0
profile,tfl-numbat-2019-midweek,pm-peak,4.615385,13.033333333333333,1,3,off,congestion,1,0,940GZZLUEUS,0,3900,3356,1800,1798.6,6deb7e792c26e583,391,391,0,0,238,153,7.933333333333334,79,116,10.6,37,true,1556,88,155,114,79,3,2,0,1,1,2,510,383,127,6,london-link-048-a-departure,true,844.4,279.8259164535379,935.7666666666667,626.7333333333333,665.525873827792,1101.2333333333333,1648.7166666666667,2029012.4367103959,1427359.4229483136,58.703534199897845,1,0
profile,tfl-numbat-2019-midweek,pm-peak,4.2857140000000005,14,1,1,off,congestion,1,0,940GZZLUEUS,0,3900,3112,1800,1799,f409929b4fc11402,420,420,0,0,268,152,8.933333333333334,89,121,11.933333333333334,31,true,1312,87,153,114,82,4,2,0,0,2,2,453,338,115,6,london-link-057-b-departure,true,706,248.41892857142858,878.7333333333333,575.45,608.1554761904762,1059.4333333333334,1479.3166666666666,2031845.8319427227,1374121.1295974979,59.655476840676606,1,0
profile,tfl-numbat-2019-midweek,pm-peak,4.2857140000000005,14,1,2,off,congestion,1,0,940GZZLUEUS,0,3900,3656,1800,1799,d94723ccd810e119,420,420,0,0,247,173,8.233333333333333,87,123,10.666666666666666,50,true,1856,106,178,114,76,3,3,0,0,2,1,379,294,85,5,940GZZLULNB-01-departure,true,1054,329.8517063492063,1096.45,735.75,710.2014682539682,1237.1833333333334,1899.6833333333334,2152229.0448794435,1568708.0027472847,57.84104964237889,1,0
profile,tfl-numbat-2019-midweek,pm-peak,4.2857140000000005,14,1,3,off,congestion,1,0,940GZZLUEUS,0,3900,3496,1800,1799,353b1b896f065073,420,420,0,0,240,180,8,79,131,10.733333333333333,49,true,1696,113,180,114,75,3,3,0,1,1,2,769,593,176,7,london-link-048-a-arrival,true,1084,341.92849206349206,1201.6833333333334,728.4,726.8075793650794,1237.6,1906.7166666666667,2169189.8828422497,1558863.4268850249,58.18559185251931,1,0
profile,tfl-numbat-2019-midweek,pm-peak,4,14.966666666666667,1,1,off,congestion,1,0,940GZZLUEUS,0,3900,3554,1800,1796,a8eb787e9f460846,449,449,0,0,266,183,8.866666666666667,92,132,11.6,51,true,1754,112,183,114,75,3,5,0,1,2,2,599,462,135,6,london-link-021-b-departure,true,924,316.65219005196735,1048.2166666666667,671.55,681.4661841128433,1168.4,2029.4,2197542.839421039,1594428.8466223865,57.952511816193784,1,0
profile,tfl-numbat-2019-midweek,pm-peak,4,14.966666666666667,1,2,off,congestion,1,0,940GZZLUEUS,0,3900,3822,1800,1796,58fb90118990c167,449,449,0,0,258,191,8.6,90,134,11.2,57,true,2022,125,194,114,82,2,2,0,0,2,2,391,300,91,5,london-link-017-a-arrival,true,1291,375.3078693392725,1314.75,810.6,754.3438381588717,1310.0333333333333,2049.233333333333,2292035.793855788,1637851.8470877896,58.32318893741867,1,0
profile,tfl-numbat-2019-midweek,pm-peak,4,14.966666666666667,1,3,off,congestion,1,0,940GZZLUEUS,0,3900,3378,1800,1796,a145bdb7ecc3531e,449,449,0,0,245,204,8.166666666666666,83,141,10.8,63,true,1578,140,205,114,77,3,2,0,0,2,1,504,377,126,6,940GZZLUKSX-exit,true,1178,419.1933556050482,1197.5333333333333,906.0833333333334,803.4662212323682,1385.3666666666666,1744.6333333333334,2322276.863754206,1639326.6246236209,58.6196188126116,1,0
profile,tfl-numbat-2019-midweek,evening,60,0.9666666666666667,1,1,off,congestion,1,0,940GZZLUEUS,0,3900,2233,1800,1740,3eeae1ba9ba23568,29,29,0,0,22,7,0.7333333333333333,6,8,1.0666666666666667,-1,true,433,2,10,10,10,0,0,0,0,1,1,0,0,0,2,940GZZLUVIC-01-departure,true,0,41.29367816091954,205.88333333333333,168.25,456.97298850574714,740.8,818.05,163753.01827032102,17133.765424216253,90.52790642065372,1,0
profile,tfl-numbat-2019-midweek,evening,60,0.9666666666666667,1,2,off,congestion,1,0,940GZZLUEUS,0,3900,2239,1800,1740,5cc10fa37241c278,29,29,0,0,23,6,0.7666666666666667,7,7,1.0666666666666667,-1,true,439,2,11,11,11,1,0,0,0,1,0,6,6,0,2,940GZZLUWLO-01-arrival,true,0,24.96206896551724,172.7,127.63333333333334,439.42528735632186,687.8333333333334,715.9666666666667,162960.78829973756,53136.139096257866,75.41096963452588,1,0
profile,tfl-numbat-2019-midweek,evening,60,0.9666666666666667,1,3,off,congestion,1,0,940GZZLUEUS,0,3900,2182,1800,1740,c779019d55d17d00,29,29,0,0,23,6,0.7666666666666667,8,6,1,0,true,382,2,9,9,8,0,0,0,0,1,1,0,0,0,2,940GZZLUBNK-01-arrival,true,38,29.93448275862069,147.28333333333333,123.01666666666667,387.71494252873566,692.6,706.9333333333333,140133.3778639682,47446.06593939186,74.70614851106518,1,0
profile,tfl-numbat-2019-midweek,evening,30,1.9666666666666666,1,1,off,congestion,1,0,940GZZLUEUS,0,3900,2443,1800,1770,68545f5ecc1ebff5,59,59,0,0,48,11,1.6,14,15,2.2666666666666666,-4,true,643,4,18,18,16,1,0,0,0,1,1,4,4,0,2,940GZZLUHAI-01-arrival,true,82,49.739830508474576,255.35,173.25,427.27824858757066,740.8,1001.3166666666667,301532.93782006943,76324.48922518674,79.8007174764239,1,0
profile,tfl-numbat-2019-midweek,evening,30,1.9666666666666666,1,2,off,congestion,1,0,940GZZLUEUS,0,3900,2354,1800,1770,fc357df6b5d5694e,59,59,0,0,46,13,1.5333333333333334,15,14,2.066666666666667,-1,true,554,4,19,19,17,1,1,0,0,2,1,13,11,2,3,london-link-048-a-departure,true,77,33.82203389830509,182.31666666666666,150.4,425.043220338983,693.0166666666667,829.6666666666666,312384.9160193112,113775.55044873223,73.30218089169847,1,0
profile,tfl-numbat-2019-midweek,evening,30,1.9666666666666666,1,3,off,congestion,1,0,940GZZLUEUS,0,3900,2673,1800,1770,4a24af1062605094,59,59,0,0,46,13,1.5333333333333334,16,13,2,0,true,873,5,17,17,16,1,1,0,0,1,1,18,15,3,2,940GZZLUBNK-01-arrival,true,122,56.83474576271187,217.86666666666667,163.38333333333333,425.4155367231638,724.3166666666667,902.75,293736.04220578837,168341.28550874937,63.568590057994086,1,0
profile,tfl-numbat-2019-midweek,evening,20,2.966666666666667,1,1,off,congestion,1,0,940GZZLUEUS,0,3900,2408,1800,1780,4fbd0b1ddcda5daa,89,89,0,0,67,22,2.2333333333333334,22,22,3,0,true,608,7,25,25,23,1,1,0,1,1,1,37,32,5,3,london-link-070-a-departure,true,221,74.20355805243445,240.4,200.61666666666667,465.5408239700374,737.85,1002.9166666666666,470844.0894835689,163660.2310252674,74.20660100564466,1,0
profile,tfl-numbat-2019-midweek,evening,20,2.966666666666667,1,2,off,congestion,1,0,940GZZLUEUS,0,3900,2362,1800,1780,58312b729793399f,89,89,0,0,67,22,2.2333333333333334,23,21,2.933333333333333,1,true,562,6,25,25,23,1,1,0,0,1,1,19,14,5,3,london-link-022-a-departure,true,92,47.518726591760306,217.65,167.65,439.5842696629214,701.8333333333334,1155.6833333333334,472189.82650450896,174130.5455246747,73.05816850891216,1,0
profile,tfl-numbat-2019-midweek,evening,20,2.966666666666667,1,3,off,congestion,1,0,940GZZLUEUS,0,3900,2542,1800,1780,dbba58b1409deafa,89,89,0,0,69,20,2.3,23,21,3.066666666666667,-1,true,742,8,25,25,22,1,1,0,0,1,1,1,0,1,3,london-link-025-a-departure,true,124,69.21029962546817,237.53333333333333,207.15,434.60074906367043,724.3166666666667,901.4333333333333,439253.7341149361,236756.49239236861,64.97738005893757,1,0
profile,tfl-numbat-2019-midweek,evening,15,3.966666666666667,1,1,off,congestion,1,0,940GZZLUEUS,0,3900,2493,1800,1785,873015319cd46809,119,119,0,0,82,37,2.7333333333333334,30,29,3.466666666666667,8,true,693,11,40,39,34,1,2,0,0,1,1,12,8,4,3,940GZZLUBXN-01-arrival,true,115,91.65294117647059,295.96666666666664,226.16666666666666,488.2450980392157,812.7,1002.9166666666666,638895.3972853896,265108.63398865866,70.67395444962445,1,0
profile,tfl-numbat-2019-midweek,evening,15,3.966666666666667,1,2,off,congestion,1,0,940GZZLUEUS,0,3900,2583,1800,1785,7ee478a9b78eebf3,119,119,0,0,86,33,2.8666666666666667,32,27,3.6,6,true,783,10,35,34,29,2,2,0,0,2,2,40,31,9,3,940GZZLUVIC-01-arrival,true,187,65.94299719887955,257.6666666666667,199.98333333333332,469.34383753501396,758.7166666666667,1172.1833333333334,649562.3672326502,267399.93150518346,70.83850318892608,1,0
profile,tfl-numbat-2019-midweek,evening,15,3.966666666666667,1,3,off,congestion,1,0,940GZZLUEUS,0,3900,2669,1800,1785,3efe4dd7383dc66b,119,119,0,0,85,34,2.8333333333333335,30,29,3.6666666666666665,5,true,869,11,35,35,29,1,1,0,0,1,1,25,18,7,4,london-link-057-a-arrival,true,158,80.79579831932773,248.33333333333334,222.76666666666668,451.70882352941175,748.9166666666666,958.35,595758.996304009,306552.12199811975,66.02589552759181,1,0
profile,tfl-numbat-2019-midweek,evening,12,4.966666666666667,1,1,off,congestion,1,0,940GZZLUEUS,0,3900,2432,1800,1788,25b3fdeb13f94c9d,149,149,0,0,104,45,3.466666666666667,36,38,4.533333333333333,7,true,632,14,49,48,39,1,1,0,0,1,1,49,37,12,4,london-link-027-a-arrival,true,122,95.76946308724833,292.81666666666666,228.65,484.1623042505593,819.8666666666667,997.5666666666667,781618.4446032002,354649.12856821256,68.78823818069904,1,0
profile,tfl-numbat-2019-midweek,evening,12,4.966666666666667,1,2,off,congestion,1,0,940GZZLUEUS,0,3900,2573,1800,1788,735db4462c7d6518,149,149,0,0,104,45,3.466666666666667,41,33,4.2,12,true,773,15,47,46,36,1,2,0,1,2,2,54,44,10,5,london-link-046-a-arrival,true,258,84.8089485458613,305.0833333333333,237.55,487.7303131991051,784.6333333333333,1153.3333333333333,812139.2282856667,343379.11686817254,70.28354259296013,1,0
profile,tfl-numbat-2019-midweek,evening,12,4.966666666666667,1,3,off,congestion,1,0,940GZZLUEUS,0,3900,2568,1800,1788,2fcc7c73295d9f40,149,149,0,0,108,41,3.6,39,35,4.6,6,true,768,14,45,44,35,1,2,0,0,1,1,33,27,6,4,940GZZLUKSX-01-departure,true,210,92.3427293064877,257.6666666666667,209.86666666666667,457.8976510067114,752.6666666666666,963.7166666666667,735704.1231910238,359602.22083725204,67.16879959676662,1,0
profile,tfl-numbat-2019-midweek,evening,10,5.966666666666667,1,1,off,congestion,1,0,940GZZLUEUS,0,3900,2835,1800,1790,20f452e1bbe11c01,179,179,0,0,127,52,4.233333333333333,43,46,5.6,6,true,1035,18,59,59,44,1,3,0,0,1,1,43,32,11,4,940GZZLUVIC-01-arrival,true,210,117.47169459962757,360.48333333333335,266.8,508.0342644320298,854.05,1134.3,944981.0065623114,519179.8318777648,64.54079236056461,1,0
profile,tfl-numbat-2019-midweek,evening,10,5.966666666666667,1,2,off,congestion,1,0,940GZZLUEUS,0,3900,2669,1800,1790,2c882ff5d2d3fc38,179,179,0,0,124,55,4.133333333333334,46,43,5.2,12,true,869,20,60,58,46,2,1,0,0,2,1,64,56,8,4,london-link-048-a-arrival,true,199,100.36117318435754,343.95,257.6666666666667,496.8094972067039,838.8833333333333,1160.6833333333334,960014.941336244,433264.79502731294,68.90324435794001,1,0
profile,tfl-numbat-2019-midweek,evening,10,5.966666666666667,1,3,off,congestion,1,0,940GZZLUEUS,0,3900,2508,1800,1790,422dc303f2c9a139,179,179,0,0,131,48,4.366666666666666,47,42,5.6,6,true,708,17,53,52,39,1,2,0,0,1,2,46,35,11,4,london-link-044-a-arrival,true,225,103.92011173184356,305,235.7,466.7499068901304,778.1,963.7166666666667,875662.3750336731,409285.1526435563,68.14771468657466,1,0
profile,tfl-numbat-2019-midweek,evening,8.571429,7,1,1,off,congestion,1,0,940GZZLUEUS,0,3900,2711,1800,1799,8fa5bf61b989b665,210,210,0,0,146,64,4.866666666666666,49,56,6.466666666666667,8,true,911,22,70,67,54,2,3,0,0,1,2,63,52,11,4,london-link-017-a-arrival,true,327,127.25333333333333,367.46666666666664,290.6166666666667,515.8340476190476,855.5333333333333,1098.6833333333334,1102610.9848949283,576770.0939061963,65.6557941978279,1,0
profile,tfl-numbat-2019-midweek,evening,8.571429,7,1,2,off,congestion,1,0,940GZZLUEUS,0,3900,2940,1800,1799,fa205d26eb72d298,210,210,0,0,144,66,4.8,52,53,6.133333333333334,13,true,1140,24,70,67,52,2,1,0,0,1,1,110,90,20,4,london-link-009-a-departure,true,307,120.21753968253968,344.9,290.7,538.1903968253969,931.9833333333333,1158.7,1188277.9072732734,595129.2101381287,66.62964926359872,1,0
profile,tfl-numbat-2019-midweek,evening,8.571429,7,1,3,off,congestion,1,0,940GZZLUEUS,0,3900,2666,1800,1799,17620ed2eaa95023,210,210,0,0,149,61,4.966666666666667,53,52,6.4,9,true,866,24,64,61,47,2,2,0,1,1,2,81,65,16,4,london-link-025-a-departure,true,223,123.50896825396826,392.05,298.98333333333335,489.62095238095236,826.4333333333333,963.7166666666667,1037012.9962507922,510285.99123831146,67.02085405831076,1,0
profile,tfl-numbat-2019-midweek,evening,7.5,7.966666666666667,1,1,off,congestion,1,0,940GZZLUEUS,0,3900,2692,1800,1792.5,587d4087c93cef8a,239,239,0,0,162,77,5.4,56,63,7.066666666666666,14,true,892,29,79,76,56,3,3,0,0,1,1,188,123,65,6,london-link-063-a-departure,true,247.5,144.14246861924684,381.65,323.55,537.7485355648536,922.5666666666667,1128.4833333333333,1268598.979659507,670084.3911411942,65.43610982414107,1,0
profile,tfl-numbat-2019-midweek,evening,7.5,7.966666666666667,1,2,off,congestion,1,0,940GZZLUEUS,0,3900,2808,1800,1792.5,2f9a395554770741,239,239,0,0,164,75,5.466666666666667,55,64,7.266666666666667,11,true,1008,28,78,76,56,2,2,0,0,1,2,130,93,37,5,london-link-025-b-departure,true,456.5,133.0697350069735,486.35,314.73333333333335,548.6023012552301,941.3333333333334,1237.1166666666666,1343243.3737857305,632038.0590475751,68.0026325088779,1,0
profile,tfl-numbat-2019-midweek,evening,7.5,7.966666666666667,1,3,off,congestion,1,0,940GZZLUEUS,0,3900,2538,1800,1792.5,3f9e14e4a9ea6f4c,239,239,0,0,168,71,5.6,56,63,7.466666666666667,8,true,738,29,75,72,53,3,2,0,0,1,1,211,159,50,5,london-link-020-a-arrival,true,257.5,134.72580195258018,429.55,318.8,507.205439330544,868.1166666666667,985.1,1199030.7391352057,576664.0071972195,67.5245979981481,1,0
profile,tfl-numbat-2019-midweek,evening,6.666667,8.966666666666667,1,1,off,congestion,1,0,940GZZLUEUS,0,3900,2691,1800,1793.3333333333333,6b585277ba4a284f,269,269,0,0,184,85,6.133333333333334,64,70,8,15,true,891,35,92,89,62,2,3,0,0,1,1,164,130,34,5,london-link-048-a-departure,true,323.6666666666667,161.65415117719948,467.76666666666665,343.9,554.1197645600992,927.0166666666667,1154.5666666666666,1424855.3174510733,783405.171944978,64.52387860459181,1,0
profile,tfl-numbat-2019-midweek,evening,6.666667,8.966666666666667,1,2,off,congestion,1,0,940GZZLUEUS,0,3900,2638,1800,1793.3333333333333,550d0bff2169bd1a,269,269,0,0,175,94,5.833333333333333,57,77,7.866666666666666,17,true,838,34,94,91,73,2,2,0,1,1,2,191,157,34,4,940GZZLUBNK-diverge,true,505.6666666666667,141.43965303593555,511.6166666666667,355.28333333333336,552.2128252788104,956.1166666666667,1194.5666666666666,1494606.4806665247,657359.9785267462,69.45305649544477,1,0
profile,tfl-numbat-2019-midweek,evening,6.666667,8.966666666666667,1,3,off,congestion,1,0,940GZZLUEUS,0,3900,2706,1800,1793.3333333333333,1a7011d452329f9f,269,269,0,0,193,76,6.433333333333334,62,72,8.733333333333333,4,true,906,35,89,86,64,2,2,0,0,1,1,200,161,39,4,london-link-020-a-departure,true,251.66666666666666,146.03097893432465,472.1166666666667,350.1666666666667,528.249132589839,877.5666666666667,1094.0333333333333,1385887.0339869556,693927.796194815,66.63511644764225,1,0
profile,tfl-numbat-2019-midweek,evening,6,9.966666666666667,1,1,off,congestion,1,0,940GZZLUEUS,0,3900,2718,1800,1794,dbe77387ac8e7ea1,299,299,0,0,198,101,6.6,67,82,8.733333333333333,19,true,918,44,107,103,71,3,3,0,1,1,2,240,189,51,5,london-link-045-a-departure,true,305,181.06794871794872,585.05,416.8,582.6228539576366,959.05,1141.2333333333333,1619291.0503965917,911611.9989631639,63.98076176036158,1,0
profile,tfl-numbat-2019-midweek,evening,6,9.966666666666667,1,2,off,congestion,1,0,940GZZLUEUS,0,3900,3209,1800,1794,94fb12000179d5a1,299,299,0,0,194,105,6.466666666666667,63,86,8.733333333333333,19,true,1409,43,107,105,78,3,3,1,1,2,2,300,243,57,5,london-link-048-a-departure,true,755,176.21889632107022,778.9,423.21666666666664,589.3768673355629,1014.45,1462.7666666666667,1666988.9880744906,995288.3783625237,62.61515081373581,1,0
profile,tfl-numbat-2019-midweek,evening,6,9.966666666666667,1,3,off,congestion,1,0,940GZZLUEUS,0,3900,2864,1800,1794,644175ba2387c632,299,299,0,0,199,100,6.633333333333334,67,82,8.8,18,true,1064,40,100,97,67,2,2,0,0,1,1,158,114,42,4,940GZZLUBNK-01-departure,true,503,166.82452619843926,532.8833333333333,372.81666666666666,546.1617614269788,897.2,1423.3333333333333,1529645.7951345497,842811.1117997696,64.47517721664977,1,0
profile,tfl-numbat-2019-midweek,evening,5.4545449999999995,11,1,1,off,congestion,1,0,940GZZLUEUS,0,3900,3056,1800,1798.5,1b439c7c84b85436,330,330,0,0,210,120,7,69,96,9.4,24,true,1256,52,121,114,82,3,3,0,1,1,1,323,262,61,5,london-link-044-a-arrival,true,668.5,205.10484848484847,862.8666666666667,463.6166666666667,611.2284848484849,1005,1717.9333333333334,1808024.6237542257,1163968.3090551363,60.83542809925655,1,0
profile,tfl-numbat-2019-midweek,evening,5.4545449999999995,11,1,2,off,congestion,1,0,940GZZLUEUS,0,3900,2950,1800,1798.5,3445851c09ebc1ba,330,330,0,0,211,119,7.033333333333333,72,93,9.266666666666667,26,true,1150,54,123,114,77,3,2,0,0,2,2,306,234,69,6,london-link-087-a-departure,true,550.5,213.84813131313132,982.0666666666667,494.8333333333333,622.7379292929293,1153.8833333333334,1414.6,1822400.4409002764,1081529.5699509033,62.756348606559804,1,0
profile,tfl-numbat-2019-midweek,evening,5.4545449999999995,11,1,3,off,congestion,1,0,940GZZLUEUS,0,3900,2953,1800,1798.5,8ed279d12330b0cd,330,330,0,0,216,114,7.2,72,93,9.6,21,true,1153,49,114,111,75,2,2,0,0,1,1,242,198,43,5,london-link-020-a-arrival,true,564.5,192.36742424242422,582.6833333333333,444.1,573.3949494949495,963.7166666666667,1317.3333333333333,1696381.762822179,1084934.0069090966,60.992059272222775,1,0
profile,tfl-numbat-2019-midweek,evening,5,11.966666666666667,1,1,off,congestion,1,0,940GZZLUEUS,0,3900,3301,1800,1795,a190a3a06673b595,359,359,0,0,218,141,7.266666666666667,74,105,9.6,36,true,1501,71,141,114,79,3,4,0,0,1,2,283,218,65,7,london-link-087-a-departure,true,872,265.99415041782726,1146.15,584.7,675.8802692664809,1141.0666666666666,2017.25,1988425.1040403505,1320469.216246121,60.09333969506165,1,0
profile,tfl-numbat-2019-midweek,evening,5,11.966666666666667,1,2,off,congestion,1,0,940GZZLUEUS,0,3900,3230,1800,1795,140deb2d9657264b,359,359,0,0,214,145,7.133333333333334,75,104,9.266666666666667,41,true,1430,77,145,114,78,2,3,0,1,2,2,318,264,54,5,london-link-031-b-departure,true,978,255.40919220055713,977.25,574.55,666.4418291550603,1139.8833333333334,1500.4333333333334,1994575.8616777249,1271346.1100303151,61.072367281162705,1,0
profile,tfl-numbat-2019-midweek,evening,5,11.966666666666667,1,3,off,congestion,1,0,940GZZLUEUS,0,3900,3016,1800,1795,3de16aff2dc2b065,359,359,0,0,230,129,7.666666666666667,74,105,10.4,24,true,1216,58,129,114,74,2,2,0,0,1,1,213,160,53,6,london-link-048-a-departure,true,565,215.72168059424328,664.7166666666667,486.6333333333333,602.1521355617456,1047.25,1478.9166666666667,1872778.952534057,1236029.4976874853,60.241053204825064,1,0
profile,tfl-numbat-2019-midweek,evening,4.615385,13.033333333333333,1,1,off,congestion,1,0,940GZZLUEUS,0,3900,3449,1800,1798.6,e963afde427cc29f,391,391,0,0,223,168,7.433333333333334,77,118,9.733333333333333,50,true,1649,92,169,114,79,3,4,0,1,1,2,384,285,99,6,london-link-084-a-departure,true,880.4,312.48017902813297,1013.25,651.1,719.6778772378516,1248.1,1738.4333333333334,2150290.1292635775,1370694.8913081156,61.07069802059086,1,0
profile,tfl-numbat-2019-midweek,evening,4.615385,13.033333333333333,1,2,off,congestion,1,0,940GZZLUEUS,0,3900,3387,1800,1798.6,5c39f262c2e4a004,391,391,0,0,224,167,7.466666666666667,75,120,9.933333333333334,47,true,1587,94,167,114,75,3,3,0,1,2,2,420,329,91,5,london-link-022-a-departure,true,1028.4,314.9762574595055,1105.0833333333333,737.2166666666667,725.5486359761296,1332.8,1633.8,2166757.4517147425,1365378.5364444077,61.34411186257853,1,0
profile,tfl-numbat-2019-midweek,evening,4.615385,13.033333333333333,1,3,off,congestion,1,0,940GZZLUEUS,0,3900,3268,1800,1798.6,a6a90c310b40c11b,391,391,0,0,242,149,8.066666666666666,78,117,10.933333333333334,32,true,1468,78,151,114,85,4,2,0,1,1,1,565,429,136,6,london-link-031-b-departure,true,846.4,261.8622335890878,905,579.0333333333333,649.9862745098039,1104.6833333333334,1716.9666666666667,2044389.2213951086,1409952.8015594597,59.18317317190559,1,0
profile,tfl-numbat-2019-midweek,evening,4.2857140000000005,14,1,1,off,congestion,1,0,940GZZLUEUS,0,3900,3581,1800,1799,e5a5471b5e211a7c,420,420,0,0,234,186,7.8,79,131,10.333333333333334,55,true,1781,120,187,114,84,3,4,1,0,2,2,502,408,91,6,london-link-048-a-departure,true,994,379.98138888888894,1088.4833333333333,860.35,782.927619047619,1442.6833333333334,1875.45,2281747.2524607857,1592568.5313588877,58.89419912517352,1,0
profile,tfl-numbat-2019-midweek,evening,4.2857140000000005,14,1,2,off,congestion,1,0,940GZZLUEUS,0,3900,3669,1800,1799,3cfb7a1e8de1cdca,420,420,0,0,224,196,7.466666666666667,80,130,9.6,66,true,1869,123,196,114,79,3,5,0,1,2,2,455,359,94,5,london-link-022-a-departure,true,1287,381.2088888888889,1299.4833333333333,852.4,790.2905555555556,1393.35,1882.75,2318143.591176571,1564795.8029060843,59.70074100845534,1,0
profile,tfl-numbat-2019-midweek,evening,4.2857140000000005,14,1,3,off,congestion,1,0,940GZZLUEUS,0,3900,3395,1800,1799,8d1eb005ae7b2be2,420,420,0,0,236,184,7.866666666666666,82,128,10.266666666666667,56,true,1595,118,187,114,77,3,3,0,0,2,1,570,460,109,6,london-link-031-b-departure,true,1131,363.3790873015873,1233.75,761.3666666666667,749.9790476190476,1281.8333333333333,1835.35,2186439.135107512,1613659.8001451162,57.536373982909446,1,0
profile,tfl-numbat-2019-midweek,evening,4,14.966666666666667,1,1,off,congestion,1,0,940GZZLUEUS,0,3900,3435,1800,1796,9acce1466eaaacf4,449,449,0,0,239,210,7.966666666666667,83,141,10.4,69,true,1635,142,210,114,83,3,5,0,1,2,2,502,393,109,5,940GZZLUVIC-01-arrival,true,1112,439.3988864142539,1224.3,967.8833333333333,844.9904602821084,1429.95,1911.05,2457325.996830596,1629243.7669103495,60.131752029141914,1,0
profile,tfl-numbat-2019-midweek,evening,4,14.966666666666667,1,2,off,congestion,1,0,940GZZLUEUS,0,3900,3664,1800,1796,120f96969b81f894,449,449,0,0,231,218,7.7,82,142,9.933333333333334,76,true,1864,150,219,114,80,3,4,0,0,2,2,610,460,150,5,london-link-022-a-departure,true,1246,459.78763919821824,1313.0833333333333,988.95,870.9432071269488,1548.8833333333334,1936,2488722.882363737,1727497.5741541882,59.027342332547605,1,0
profile,tfl-numbat-2019-midweek,evening,4,14.966666666666667,1,3,off,congestion,1,0,940GZZLUEUS,0,3900,3285,1800,1796,e59e69d0a95354cc,449,449,0,0,248,201,8.266666666666667,88,136,10.666666666666666,65,true,1485,135,203,114,77,3,3,0,0,2,2,518,411,102,5,940GZZLUKSX-01-arrival,true,994,396.2817743132888,1147.0666666666666,823.6666666666666,782.8914996288047,1363.2166666666667,1647.4,2335853.300349728,1613048.9603494187,59.15196543598851,1,0
profile,tfl-numbat-2019-midweek,late,60,0.9666666666666667,1,1,off,congestion,1,0,940GZZLUEUS,0,3900,2379,1800,1740,3f43491072734442,29,29,0,0,24,5,0.8,6,8,1.2,-3,true,579,2,10,10,10,1,0,0,0,1,1,2,1,1,3,london-link-031-a-departure,true,0,40.54655172413793,150.4,123.41666666666667,445.4362068965517,786.3666666666667,881.1833333333333,159357.56096176564,41572.36874278798,79.31001677852782,1,0
profile,tfl-numbat-2019-midweek,late,60,0.9666666666666667,1,2,off,congestion,1,0,940GZZLUEUS,0,3900,2390,1800,1740,9611b15078e17182,29,29,0,0,24,5,0.8,8,6,1.0666666666666667,-1,true,590,2,10,10,10,0,0,0,0,1,0,0,0,0,2,london-link-017-a-departure,true,0,47.78103448275862,162.81666666666666,141.81666666666666,469.6488505747127,729.0833333333334,769.2666666666667,166044.7811485349,38885.03164652217,81.02519535046387,1,0
profile,tfl-numbat-2019-midweek,late,60,0.9666666666666667,1,3,off,congestion,1,0,940GZZLUEUS,0,3900,2171,1800,1740,f9d41282ed87e336,29,29,0,0,21,8,0.7,7,7,0.9333333333333333,1,true,371,2,10,10,9,0,1,0,0,2,1,0,0,0,2,940GZZLUEUS-01-arrival,true,0,47.90862068965517,150.3,150.01666666666668,487.7005747126437,789.0333333333333,863.3833333333333,173397.64291700986,69087.29022282745,71.50862557592976,1,0
profile,tfl-numbat-2019-midweek,late,30,1.9666666666666666,1,1,off,congestion,1,0,940GZZLUEUS,0,3900,2453,1800,1770,7b78c0c6c5b6751f,59,59,0,0,44,15,1.4666666666666666,14,15,2,0,true,653,6,18,18,16,1,0,0,0,1,1,10,8,2,3,940GZZLUMYB-01-arrival,true,110,70.55084745762711,187.78333333333333,151.61666666666667,454.2209039548022,847.1833333333333,881.1833333333333,306232.2068335983,119148.9793464067,71.99006838633728,1,0
profile,tfl-numbat-2019-midweek,late,30,1.9666666666666666,1,2,off,congestion,1,0,940GZZLUEUS,0,3900,2387,1800,1770,dcdfc76528b14094,59,59,0,0,43,16,1.4333333333333333,13,16,2,0,true,587,7,19,19,16,1,0,0,0,1,1,9,7,2,3,london-link-020-a-arrival,true,118,77.51158192090396,249,187.78333333333333,483.8172316384181,766.9333333333333,832.2333333333333,324995.2867350251,153408.62445702087,67.9332420015609,1,0
profile,tfl-numbat-2019-midweek,late,30,1.9666666666666666,1,3,off,congestion,1,0,940GZZLUEUS,0,3900,2439,1800,1770,ce3fa968a97b9b41,59,59,0,0,45,14,1.5,10,19,2.3333333333333335,-5,true,639,5,20,20,20,1,1,0,0,2,1,10,8,2,2,940GZZLUBMY-01-arrival,true,143,62.17372881355932,172.98333333333332,170.31666666666666,480.3731638418079,786.5166666666667,866.1666666666666,334537.8178635336,154820.35881224973,68.36256832082657,1,0
profile,tfl-numbat-2019-midweek,late,20,2.966666666666667,1,1,off,congestion,1,0,940GZZLUEUS,0,3900,2434,1800,1780,696ec036853324f3,89,89,0,0,64,25,2.1333333333333333,21,23,2.8666666666666667,2,true,634,8,28,28,23,1,1,0,0,1,1,8,5,3,3,london-link-020-a-arrival,true,203,88.01086142322097,218.9,205.18333333333334,476.95112359550563,822.4,901.6166666666667,468230.19681940734,201965.3828444517,69.86470979922775,1,0
profile,tfl-numbat-2019-midweek,late,20,2.966666666666667,1,2,off,congestion,1,0,940GZZLUEUS,0,3900,2441,1800,1780,a00e982a26c3858a,89,89,0,0,64,25,2.1333333333333333,20,24,2.933333333333333,1,true,641,8,28,28,23,1,0,0,0,1,1,7,6,1,3,london-link-024-a-arrival,true,108,84.11011235955057,326.65,239.51666666666668,505.9157303370786,832.25,944.7333333333333,509494.22959291766,207484.72660573266,71.06125294028215,1,0
profile,tfl-numbat-2019-midweek,late,20,2.966666666666667,1,3,off,congestion,1,0,940GZZLUEUS,0,3900,2740,1800,1780,0c012ee02aa5d7cd,89,89,0,0,66,23,2.2,18,26,3.2,-3,true,940,9,28,28,25,1,1,0,0,2,1,12,10,2,3,london-link-013-a-arrival,true,190,81.81011235955057,229.68333333333334,209.1,476.836329588015,789.0333333333333,999.2166666666667,475955.7792304787,260470.96248762993,64.63043127956729,1,0
profile,tfl-numbat-2019-midweek,late,15,3.966666666666667,1,1,off,congestion,1,0,940GZZLUEUS,0,3900,2664,1800,1785,1908eda44fdc9049,119,119,0,0,87,32,2.9,26,33,4.066666666666666,-1,true,864,11,37,36,29,1,1,0,0,2,1,11,9,2,3,940GZZLUWLO-01-departure,true,232,106.05434173669467,307.78333333333336,244.88333333333333,491.9375350140056,873.4833333333333,1028.2,621507.2791805788,322497.5108769894,65.83730143389182,1,0
profile,tfl-numbat-2019-midweek,late,15,3.966666666666667,1,2,off,congestion,1,0,940GZZLUEUS,0,3900,2692,1800,1785,c990a351ec0e59e2,119,119,0,0,82,37,2.7333333333333334,24,35,3.8666666666666667,2,true,892,11,42,40,34,1,2,0,0,1,1,6,4,2,3,940GZZLUVIC-01-arrival,true,161,96.76806722689075,355.4166666666667,235.58333333333334,520.291456582633,871.75,1011.1833333333333,684100.3538318462,287604.6601769126,70.40206070457508,1,0
profile,tfl-numbat-2019-midweek,late,15,3.966666666666667,1,3,off,congestion,1,0,940GZZLUEUS,0,3900,2491,1800,1785,3252cce4e219d7d2,119,119,0,0,90,29,3,27,32,4.2,-3,true,691,11,37,36,30,1,2,0,0,1,2,20,14,6,4,london-link-084-a-departure,true,130,88.11358543417367,241.9,219.35,482.30532212885157,789.0333333333333,1003.5,634538.0734002283,302041.70027346845,67.7505634048959,1,0
profile,tfl-numbat-2019-midweek,late,12,4.966666666666667,1,1,off,congestion,1,0,940GZZLUEUS,0,3900,2617,1800,1788,f319e0476eefe869,149,149,0,0,107,42,3.566666666666667,36,38,4.733333333333333,4,true,817,15,48,47,38,1,2,0,0,2,1,28,20,8,3,940GZZLUKSX-01-arrival,true,227,114.80592841163312,338.2,265.65,518.6640939597315,844.1666666666666,990.9333333333333,815232.395894613,365768.3605541356,69.02894781761229,1,0
profile,tfl-numbat-2019-midweek,late,12,4.966666666666667,1,2,off,congestion,1,0,940GZZLUEUS,0,3900,2611,1800,1788,25b0287529ffabe9,149,149,0,0,99,50,3.3,34,40,4.333333333333333,10,true,811,17,52,51,39,1,2,0,0,1,1,47,41,6,3,940GZZLUBNK-01-departure,true,247,120.13791946308724,401.18333333333334,303.8,553.8130872483221,905.6833333333333,1035.7666666666667,877128.0363150977,370882.0463760113,70.28212740266721,1,0
profile,tfl-numbat-2019-midweek,late,12,4.966666666666667,1,3,off,congestion,1,0,940GZZLUEUS,0,3900,2581,1800,1788,04c7ef6a02d9c80e,149,149,0,0,107,42,3.566666666666667,37,37,4.666666666666667,5,true,781,15,47,46,38,2,2,0,1,2,1,54,39,15,3,940GZZLUOXC-01-arrival,true,174,93.20223713646533,271.8833333333333,229.31666666666666,493.3699105145414,802.1,1013.0833333333334,806645.0775063098,360487.27049403434,69.11341964673848,1,0
profile,tfl-numbat-2019-midweek,late,10,5.966666666666667,1,1,off,congestion,1,0,940GZZLUEUS,0,3900,2600,1800,1790,6ce0ab44737101c7,179,179,0,0,116,63,3.8666666666666667,41,48,5,15,true,800,21,64,62,46,1,2,0,0,1,1,22,15,7,3,940GZZLUEUS-01-departure,true,398,136.6737430167598,437.93333333333334,319.1166666666667,544.8677839851024,886.5333333333333,1022.7,990792.2653255088,421389.82406432834,70.16037611364986,1,0
profile,tfl-numbat-2019-midweek,late,10,5.966666666666667,1,2,off,congestion,1,0,940GZZLUEUS,0,3900,2713,1800,1790,a6ba80452bf89cc8,179,179,0,0,122,57,4.066666666666666,41,48,5.4,9,true,913,22,61,60,45,1,2,0,1,2,1,65,54,11,4,london-link-048-a-arrival,true,282,136.4932960893855,388.98333333333335,326.1,566.7822160148976,947.1666666666666,1036.0333333333333,1044472.5471707393,496138.44810814963,67.79599460028933,1,0
profile,tfl-numbat-2019-midweek,late,10,5.966666666666667,1,3,off,congestion,1,0,940GZZLUEUS,0,3900,2510,1800,1790,6b141e3b4a5792f4,179,179,0,0,125,54,4.166666666666667,40,49,5.666666666666667,5,true,710,17,57,55,44,2,2,0,1,1,1,99,79,20,3,940GZZLUKBN-01-arrival,true,326,116.99729981378026,355.28333333333336,294.2,506.5716945996275,790.2833333333333,1019.2333333333333,941893.7684203456,429749.6496528135,68.66899633021882,1,0
profile,tfl-numbat-2019-midweek,late,8.571429,7,1,1,off,congestion,1,0,940GZZLUEUS,0,3900,2751,1800,1799,ff106fd3f52d9cd6,210,210,0,0,136,74,4.533333333333333,46,59,6,15,true,951,29,78,75,52,1,2,0,0,2,1,55,42,13,4,london-link-048-a-arrival,true,386,159.58539682539683,478.4,370.6166666666667,564.7653174603174,928.7166666666667,1064.0666666666666,1152252.1950859174,625663.1310099263,64.80917162777199,1,0
profile,tfl-numbat-2019-midweek,late,8.571429,7,1,2,off,congestion,1,0,940GZZLUEUS,0,3900,2783,1800,1799,1a27ca72858d2a15,210,210,0,0,135,75,4.5,45,60,6,15,true,983,28,76,73,50,2,3,0,0,2,2,163,135,28,4,940GZZLUOXC-01-departure,true,399,166.90952380952382,503.51666666666665,394.25,597.9911904761905,961.4166666666666,1137.7833333333333,1226020.2119050974,656983.2101980324,65.10982388633968,1,0
profile,tfl-numbat-2019-midweek,late,8.571429,7,1,3,off,congestion,1,0,940GZZLUEUS,0,3900,2602,1800,1799,a7d9d942eff35942,210,210,0,0,149,61,4.966666666666667,46,59,6.866666666666666,2,true,802,22,66,64,52,1,3,0,1,1,2,128,102,26,5,london-link-048-a-arrival,true,276,125.11873015873016,363.9166666666667,312.46666666666664,513.9250793650793,805.3,1037.4166666666667,1103035.7075447864,520839.8336759271,67.92612361878442,1,0
profile,tfl-numbat-2019-midweek,late,7.5,7.966666666666667,1,1,off,congestion,1,0,940GZZLUEUS,0,3900,2651,1800,1792.5,4c95945b07ad4db4,239,239,0,0,151,88,5.033333333333333,52,67,6.6,21,true,851,37,90,88,57,1,2,0,1,2,1,96,71,25,4,london-link-025-a-arrival,true,302.5,184.08647140864713,490.3333333333333,389.3833333333333,594.5394700139469,969.65,1128.9166666666667,1327554.6499793231,734537.9108601174,64.37900389102319,1,0
profile,tfl-numbat-2019-midweek,late,7.5,7.966666666666667,1,2,off,congestion,1,0,940GZZLUEUS,0,3900,2728,1800,1792.5,bc66ba7eac15925a,239,239,0,0,148,91,4.933333333333334,48,71,6.666666666666667,20,true,928,41,94,90,59,2,3,0,0,1,1,205,152,53,6,london-link-048-a-departure,true,477.5,194.6084379358438,551.7166666666667,410.15,615.1281032078103,996.5,1297.7166666666667,1359696.577791576,833255.2068598501,62.003031134024795,1,0
profile,tfl-numbat-2019-midweek,late,7.5,7.966666666666667,1,3,off,congestion,1,0,940GZZLUEUS,0,3900,2693,1800,1792.5,0ae3f856fd211af2,239,239,0,0,162,77,5.4,51,68,7.4,9,true,893,31,78,76,53,2,3,0,0,1,2,105,83,22,4,london-link-048-a-arrival,true,401.5,158.29191073919108,490.4166666666667,355.28333333333336,549.4008368200837,864.4333333333333,1112.0166666666667,1263246.950935819,649145.4953068972,66.05584295303636,1,0
profile,tfl-numbat-2019-midweek,late,6.666667,8.966666666666667,1,1,off,congestion,1,0,940GZZLUEUS,0,3900,2957,1800,1793.3333333333333,cde8843fbd18461c,269,269,0,0,171,98,5.7,57,77,7.6,21,true,1157,46,105,101,64,2,3,0,0,2,2,186,149,37,5,london-link-013-a-arrival,true,520.6666666666666,211.64485749690212,579.9333333333333,452.96666666666664,627.2928128872367,988.2166666666667,1254.1,1512681.4830532994,1058412.8856990307,58.83414865815896,1,0
profile,tfl-numbat-2019-midweek,late,6.666667,8.966666666666667,1,2,off,congestion,1,0,940GZZLUEUS,0,3900,2788,1800,1793.3333333333333,83a165183527ecc2,269,269,0,0,162,107,5.4,54,80,7.2,27,true,988,49,109,106,63,2,3,0,0,1,1,164,129,33,5,london-link-048-a-departure,true,595.6666666666666,215.5723667905824,621.3666666666667,467.28333333333336,634.1211895910781,1015.2833333333333,1212.2166666666667,1522885.483903136,1024423.170266749,59.784097282840385,1,0
profile,tfl-numbat-2019-midweek,late,6.666667,8.966666666666667,1,3,off,congestion,1,0,940GZZLUEUS,0,3900,2793,1800,1793.3333333333333,83299e1e302850ba,269,269,0,0,177,92,5.9,55,79,8.133333333333333,13,true,993,40,95,92,60,2,2,0,1,1,1,168,129,37,4,940GZZLUVIC-diverge,true,435.6666666666667,187.00161090458488,546.05,391.35,583.0470260223049,943.7333333333333,1132.0166666666667,1439105.613815607,834613.2915781111,63.29303109552194,1,0
profile,tfl-numbat-2019-midweek,late,6,9.966666666666667,1,1,off,congestion,1,0,940GZZLUEUS,0,3900,2862,1800,1794,98fed7f7e0b5d5be,299,299,0,0,180,119,6,61,88,7.933333333333334,31,true,1062,55,122,114,70,2,3,0,1,1,1,235,187,48,5,london-link-031-b-departure,true,690,238.19983277591973,701.2833333333333,532.3,650.8628205128206,1053.5833333333333,1259.3333333333333,1667699.7334904484,1129919.1866305794,59.61139744573582,1,0
profile,tfl-numbat-2019-midweek,late,6,9.966666666666667,1,2,off,congestion,1,0,940GZZLUEUS,0,3900,3563,1800,1794,37d7a79f46029bb5,299,299,0,0,183,116,6.1,56,93,8.466666666666667,23,true,1763,60,123,114,69,2,3,0,0,2,2,215,170,45,5,london-link-048-a-departure,true,788,232.61505016722407,853.9333333333333,548.45,649.4777591973244,1031.5166666666667,1834.5,1684674.0857847026,1255347.989098846,57.30140940698314,1,0
profile,tfl-numbat-2019-midweek,late,6,9.966666666666667,1,3,off,congestion,1,0,940GZZLUEUS,0,3900,2683,1800,1794,fc6ee2bcadca4be9,299,299,0,0,204,95,6.8,60,89,9.6,6,true,883,44,106,103,68,4,3,0,0,2,2,271,207,63,6,london-link-048-a-arrival,true,425,193.94481605351172,547.6833333333333,423.48333333333335,586.345039018952,945.5333333333333,1106,1583269.9064139735,955151.5718634169,62.372223051327296,1,0
profile,tfl-numbat-2019-midweek,late,5.4545449999999995,11,1,1,off,congestion,1,0,940GZZLUEUS,0,3900,3322,1800,1798.5,a742cd2d2261b9db,330,330,0,0,196,134,6.533333333333333,69,96,8.466666666666667,38,true,1522,72,135,114,73,3,2,0,0,1,1,281,216,61,5,london-link-048-a-arrival,true,666.5,264.87555555555554,904.5833333333334,581.75,675.9959090909091,1072.5,1682.5166666666667,1835049.778473006,1337570.992742051,57.840186735278,1,0
profile,tfl-numbat-2019-midweek,late,5.4545449999999995,11,1,2,off,congestion,1,0,940GZZLUEUS,0,3900,3192,1800,1798.5,be1a4b815253bd7f,330,330,0,0,201,129,6.7,60,105,9.4,24,true,1392,66,135,114,73,2,3,0,0,2,2,302,235,67,5,london-link-075-a-arrival,true,824.5,264.14025252525255,851.4166666666666,555.75,682.0134848484848,1061.0333333333333,1534.3666666666666,1863415.2272454577,1331151.032622575,58.330774060151604,1,0
profile,tfl-numbat-2019-midweek,late,5.4545449999999995,11,1,3,off,congestion,1,0,940GZZLUEUS,0,3900,3003,1800,1798.5,aeaa655b97568ddc,330,330,0,0,213,117,7.1,66,99,9.8,18,true,1203,52,120,114,76,3,3,0,0,2,1,278,217,61,5,940GZZLUWLO-01-arrival,true,734.5,217.34646464646463,810.1,494.4,610.7844444444445,981.8666666666667,1446.8666666666666,1750846.2811505466,1239420.6413525778,58.55150481633023,1,0
profile,tfl-numbat-2019-midweek,late,5,11.966666666666667,1,1,off,congestion,1,0,940GZZLUEUS,0,3900,3287,1800,1795,c4d654bacd1c393f,359,359,0,0,212,147,7.066666666666666,70,109,9.466666666666667,38,true,1487,89,150,114,76,3,2,0,1,1,1,283,219,63,5,940GZZLULSQ-01-departure,true,1050,314.7518570102136,1088.4,644.1333333333333,726.2583101207057,1180.4333333333334,1881.4666666666667,1999137.8805202849,1429735.2515670818,58.303057695905075,1,0
profile,tfl-numbat-2019-midweek,late,5,11.966666666666667,1,2,off,congestion,1,0,940GZZLUEUS,0,3900,3026,1800,1795,9df3d2223b4cc3f6,359,359,0,0,213,146,7.1,62,117,10.066666666666666,29,true,1226,82,156,114,78,3,3,0,0,1,2,355,266,84,5,london-link-023-a-arrival,true,917,317.96165273909,968.9833333333333,673.1166666666667,732.6787836583102,1164.25,1561.2,2010387.6483721358,1378014.8012186154,59.331430616069504,1,0
profile,tfl-numbat-2019-midweek,late,5,11.966666666666667,1,3,off,congestion,1,0,940GZZLUEUS,0,3900,3195,1800,1795,fb2a73a1032500d7,359,359,0,0,230,129,7.666666666666667,69,110,10.733333333333333,19,true,1395,70,137,114,80,2,3,0,2,2,2,323,246,77,5,london-link-048-a-arrival,true,692,254.50199628597957,922.5333333333333,525.3,646.6666202414114,1025.8,1424.7,1899119.8883613637,1325394.7339640455,58.89630256946342,1,0
profile,tfl-numbat-2019-midweek,late,4.615385,13.033333333333333,1,1,off,congestion,1,0,940GZZLUEUS,0,3900,3406,1800,1798.6,5901994003b35650,391,391,0,0,215,176,7.166666666666667,70,125,9.666666666666666,51,true,1606,113,178,114,78,4,2,0,0,2,2,377,310,67,6,london-link-087-a-departure,true,984.4,375.81278772378516,1144.65,737.1666666666666,788.3027706734869,1296.9833333333333,1768.0833333333333,2178584.062309811,1613647.1053891932,57.44860916882609,1,0
profile,tfl-numbat-2019-midweek,late,4.615385,13.033333333333333,1,2,off,congestion,1,0,940GZZLUEUS,0,3900,3703,1800,1798.6,fe98d1722db6b27e,391,391,0,0,215,176,7.166666666666667,67,128,9.866666666666667,48,true,1903,115,177,114,80,3,3,0,0,2,2,526,386,140,5,940GZZLUPCC-01-arrival,true,1281.4,400.8335464620631,1313.55,850.0666666666667,815.023273657289,1329.7666666666667,2073.3,2186170.065492398,1703370.718299341,56.20637980201866,1,0
profile,tfl-numbat-2019-midweek,late,4.615385,13.033333333333333,1,3,off,congestion,1,0,940GZZLUEUS,0,3900,3065,1800,1798.6,882b92859d36cd3a,391,391,0,0,230,161,7.666666666666667,73,122,10.466666666666667,39,true,1265,99,167,114,77,3,2,0,1,2,2,476,375,100,6,london-link-031-b-departure,true,885.4,331.7389599317988,958.4333333333333,671.4166666666666,718.2406223358909,1122.0166666666667,1694.3166666666666,2036542.4944941944,1480747.6097315731,57.90089626236508,1,0
profile,tfl-numbat-2019-midweek,late,4.2857140000000005,14,1,1,off,congestion,1,0,940GZZLUEUS,0,3900,3365,1800,1799,1619796da1e5bece,420,420,0,0,218,202,7.266666666666667,74,136,9.6,66,true,1565,137,202,114,80,3,2,0,0,2,2,446,334,109,5,940GZZLUHBN-01-arrival,true,1171,442.1278968253968,1295.0666666666666,928.65,854.0471825396825,1444.6333333333334,1839.8833333333334,2338976.755806436,1728293.788636337,57.50728234693525,1,0
profile,tfl-numbat-2019-midweek,late,4.2857140000000005,14,1,2,off,congestion,1,0,940GZZLUEUS,0,3900,3859,1800,1799,c6732daafdeff25c,420,420,0,0,215,205,7.166666666666667,73,137,9.466666666666667,68,true,2059,144,206,114,77,2,3,0,0,2,2,448,344,101,5,london-link-013-a-arrival,true,1153,478.5611904761905,1221.3166666666666,951.3666666666667,897.8144047619047,1442.0333333333333,2145.2,2380316.782912466,1898186.915095034,55.63432804840114,1,0
profile,tfl-numbat-2019-midweek,late,4.2857140000000005,14,1,3,off,congestion,1,0,940GZZLUEUS,0,3900,3755,1800,1799,5d715f71ce359391,420,420,0,0,230,190,7.666666666666667,77,133,10.2,57,true,1955,128,192,114,74,3,2,0,0,1,2,571,427,138,6,london-link-031-b-departure,true,1236,413.53559523809525,1270.1333333333334,841.1333333333333,802.7780952380953,1295.2,1990.0333333333333,2201992.5060869786,1732469.279445906,55.96680374895903,1,0
profile,tfl-numbat-2019-midweek,late,4,14.966666666666667,1,1,off,congestion,1,0,940GZZLUEUS,0,3900,3586,1800,1796,e9538827e0405203,449,449,0,0,215,234,7.166666666666667,75,149,9.333333333333334,85,true,1786,163,234,114,75,2,2,0,0,1,2,486,366,118,5,940GZZLUFPK-01-arrival,true,1191,524.7946547884187,1402.7333333333333,1076.7166666666667,938.02286562732,1608.0666666666666,2079.35,2504846.9269561516,1857156.4323444467,57.424231955607155,1,0
profile,tfl-numbat-2019-midweek,late,4,14.966666666666667,1,2,off,congestion,1,0,940GZZLUEUS,0,3900,3859,1800,1796,6622936b54de5f60,449,449,0,0,217,232,7.233333333333333,72,152,9.666666666666666,80,true,2059,165,232,114,78,4,4,0,0,1,1,467,356,111,7,london-link-048-a-departure,true,1292,530.7967706013363,1421.8,1060.05,948.9947661469934,1561.9333333333334,2206.733333333333,2535967.545100277,1935274.1449733682,56.717299597788184,1,0
profile,tfl-numbat-2019-midweek,late,4,14.966666666666667,1,3,off,congestion,1,0,940GZZLUEUS,0,3900,3811,1800,1796,a42f9a1146943fd9,449,449,0,0,233,216,7.766666666666667,81,143,10.133333333333333,73,true,2011,152,219,114,77,3,2,0,1,1,1,481,363,112,6,london-link-048-a-departure,true,1270,477.97286562731995,1365.95,967.9666666666667,867.9504454342984,1426.8,2130.7,2359981.7052715425,1824641.9666519659,56.39650994438769,1,0
profile,tfl-numbat-2019-midweek,night,60,0.9666666666666667,1,1,off,congestion,1,0,940GZZLUEUS,0,3900,2300,1800,1740,ca2265641b46fb7e,29,29,0,0,22,7,0.7333333333333333,9,5,0.8666666666666667,2,true,500,3,9,9,9,1,1,0,0,1,1,1,1,0,2,940GZZLUOVL-01-arrival,true,158,52.74367816091954,165.28333333333333,157.9,424.24885057471266,969.3666666666667,1099.25,145517.84808363413,74985.34291916208,65.99353389030493,1,0
profile,tfl-numbat-2019-midweek,night,60,0.9666666666666667,1,2,off,congestion,1,0,940GZZLUEUS,0,3900,2789,1800,1740,c81386e7d7872707,29,29,0,0,21,8,0.7,9,5,0.8,3,true,989,3,9,9,8,0,0,0,0,1,1,0,0,0,2,940GZZLUOVL-01-arrival,true,67,55.54252873563219,133.9,131.65,415.6166666666667,925.6,1108.1166666666666,140835.60381246576,135308.44223549156,51.00077507664502,1,0
profile,tfl-numbat-2019-midweek,night,60,0.9666666666666667,1,3,off,congestion,1,0,940GZZLUEUS,0,3900,2838,1800,1740,59d46cdde352f10e,29,29,0,0,23,6,0.7666666666666667,8,6,1,0,true,1038,2,10,10,10,1,1,0,0,1,1,2,1,1,3,london-link-031-a-departure,true,0,39.45287356321839,258.31666666666666,159.96666666666667,471.92241379310343,1083.95,1097.2,170391.54729251738,96763.96931402154,63.779909715832865,1,0
profile,tfl-numbat-2019-midweek,night,30,1.9666666666666666,1,1,off,congestion,1,0,940GZZLUEUS,0,3900,2774,1800,1770,175bf1e8ac6f44d7,59,59,0,0,43,16,1.4333333333333333,16,13,1.8,3,true,974,6,18,18,17,1,1,0,0,1,1,4,1,3,3,940GZZLUOVL-01-arrival,true,33,71.24830508474575,221.83333333333334,200.05,491.49265536723163,1120.1833333333334,1182.8166666666666,335946.61625087535,221582.60532359112,60.25632437743079,1,0
profile,tfl-numbat-2019-midweek,night,30,1.9666666666666666,1,2,off,congestion,1,0,940GZZLUEUS,0,3900,2968,1800,1770,332bbea8045ea8af,59,59,0,0,42,17,1.4,17,12,1.6666666666666667,5,true,1168,5,19,19,17,0,0,0,0,1,1,0,0,0,2,940GZZLUBST-01-arrival,true,222,75.14830508474576,221.83333333333334,205.3,484.06497175141243,1197.6166666666666,1220.5166666666667,326777.7691696077,253057.61952068243,56.35698950830179,1,0
profile,tfl-numbat-2019-midweek,night,30,1.9666666666666666,1,3,off,congestion,1,0,940GZZLUEUS,0,3900,2727,1800,1770,a1a4f419a9f155b7,59,59,0,0,42,17,1.4,14,15,1.8666666666666667,2,true,927,5,20,20,17,1,1,0,0,2,1,6,3,3,3,london-link-013-a-arrival,true,100,71.70338983050847,258.31666666666666,216.46666666666667,495.79011299435024,1136.6,1182.8166666666666,339442.85987959296,257890.01923202875,56.82641484333266,1,0
profile,tfl-numbat-2019-midweek,night,20,2.966666666666667,1,1,off,congestion,1,0,940GZZLUEUS,0,3900,3004,1800,1780,8c76375d5400f0a2,89,89,0,0,64,25,2.1333333333333333,23,21,2.7333333333333334,4,true,1204,7,27,27,24,1,1,0,0,1,1,16,13,3,3,940GZZLUOVL-01-arrival,true,237,79.92003745318353,276.1166666666667,216.46666666666667,486.17247191011234,1182.8166666666666,1263.1333333333334,489400.36236334406,324832.4545195905,60.10570345676783,1,0
profile,tfl-numbat-2019-midweek,night,20,2.966666666666667,1,2,off,congestion,1,0,940GZZLUEUS,0,3900,3171,1800,1780,afec5a831dfb0ad9,89,89,0,0,63,26,2.1,22,22,2.7333333333333334,4,true,1371,9,30,29,24,1,1,0,0,2,1,10,7,3,3,940GZZLUCWR-01-arrival,true,384,107.50692883895131,454.55,383.28333333333336,546.2224719101124,1371.1,1469.7666666666667,529799.7592998256,424650.0271765256,55.50839518291963,1,0
profile,tfl-numbat-2019-midweek,night,20,2.966666666666667,1,3,off,congestion,1,0,940GZZLUEUS,0,3900,2762,1800,1780,094cd0a41dfbd30a,89,89,0,0,60,29,2,22,22,2.533333333333333,7,true,962,8,29,29,24,1,1,0,0,1,1,31,25,6,4,london-link-013-a-arrival,true,162,87.25561797752809,334.78333333333336,236.23333333333332,545.1747191011236,1140.3333333333333,1301.1333333333334,552934.9787640574,429064.776001228,56.30703837560715,1,0
profile,tfl-numbat-2019-midweek,night,15,3.966666666666667,1,1,off,congestion,1,0,940GZZLUEUS,0,3900,3276,1800,1785,f9e1bd3d2523c995,119,119,0,0,83,36,2.7666666666666666,27,32,3.7333333333333334,4,true,1476,12,37,36,31,1,1,0,0,1,1,23,14,6,4,london-link-048-a-departure,true,519,106.16120448179272,533.3833333333333,260.75,533.6747899159664,1183.1166666666666,1505.1,689682.6289314056,461318.221313305,59.92025364575311,1,0
profile,tfl-numbat-2019-midweek,night,15,3.966666666666667,1,2,off,congestion,1,0,940GZZLUEUS,0,3900,2930,1800,1785,690a196e2f9a4ff9,119,119,0,0,77,42,2.566666666666667,28,31,3.2666666666666666,11,true,1130,15,44,43,34,1,2,0,0,2,1,32,22,10,4,940GZZLUWHP-01-arrival,true,202,123.9406162464986,472.35,408.03333333333336,574.7414565826331,1390.4833333333333,1459.3666666666666,728142.8397316742,570099.0377999669,56.08683962006361,1,0
profile,tfl-numbat-2019-midweek,night,15,3.966666666666667,1,3,off,congestion,1,0,940GZZLUEUS,0,3900,3281,1800,1785,db99ebd72e363b57,119,119,0,0,81,38,2.7,27,32,3.6,6,true,1481,13,40,40,33,1,2,0,0,1,1,43,35,8,5,london-link-022-a-arrival,true,514,119.10028011204481,588.15,527.7166666666667,575.5624649859944,1224.4333333333334,1570.5833333333333,737180.5300169189,556584.614910532,56.97947057139625,1,0
profile,tfl-numbat-2019-midweek,night,12,4.966666666666667,1,1,off,congestion,1,0,940GZZLUEUS,0,3900,2942,1800,1788,c19eeed41d417052,149,149,0,0,98,51,3.2666666666666666,32,42,4.4,9,true,1142,16,51,51,39,1,1,0,0,1,1,35,25,7,5,london-link-098-a-departure,true,288,123.86107382550335,418.65,312.03333333333336,544.9419463087248,1212,1405.4,849808.1609767397,660247.158441905,56.276624442070556,1,0
profile,tfl-numbat-2019-midweek,night,12,4.966666666666667,1,2,off,congestion,1,0,940GZZLUEUS,0,3900,3006,1800,1788,8ad3f9dbd58a4a5d,149,149,0,0,92,57,3.066666666666667,33,41,3.933333333333333,16,true,1206,19,58,58,45,1,2,0,0,1,1,42,32,10,4,london-link-022-a-arrival,true,402,149.24955257270693,474.28333333333336,408.1166666666667,581.8347874720358,1376.3,1460.75,873385.9523687263,767376.2562620628,53.23050151780154,1,0
profile,tfl-numbat-2019-midweek,night,12,4.966666666666667,1,3,off,congestion,1,0,940GZZLUEUS,0,3900,3418,1800,1788,f3a80d553036d591,149,149,0,0,96,53,3.2,33,41,4.2,12,true,1618,18,54,54,40,1,2,0,0,1,1,68,46,16,5,london-link-048-a-departure,true,632,135.37046979865772,643.7666666666667,449.96666666666664,588.1884787472036,1424.85,1641.1833333333334,914784.1150368582,715310.4981575684,56.11846745779959,1,0
profile,tfl-numbat-2019-midweek,night,10,5.966666666666667,1,1,off,congestion,1,0,940GZZLUEUS,0,3900,2933,1800,1790,6e42c7acb2ed4782,179,179,0,0,115,64,3.8333333333333335,42,47,4.866666666666666,17,true,1133,24,64,63,46,2,1,0,0,1,1,79,59,20,5,940GZZLUOVL-01-arrival,true,214,144.19469273743016,417.48333333333335,362.1166666666667,562.6862197392924,1212,1461.45,1013963.7389121207,836042.6616803708,54.808661126112,1,0
profile,tfl-numbat-2019-midweek,night,10,5.966666666666667,1,2,off,congestion,1,0,940GZZLUEUS,0,3900,2841,1800,1790,d7ddc3217005eedc,179,179,0,0,116,63,3.8666666666666667,37,52,5.266666666666667,11,true,1041,26,71,70,57,2,2,0,0,1,2,169,115,54,7,london-link-048-a-departure,true,481,150.47346368715083,610.6833333333333,439.28333333333336,588.0756052141527,1411.5166666666667,1506.7333333333333,1058283.8786950733,840281.5681593848,55.74123770389044,1,0
profile,tfl-numbat-2019-midweek,night,10,5.966666666666667,1,3,off,congestion,1,0,940GZZLUEUS,0,3900,3175,1800,1790,aa670b5f8d7371c6,179,179,0,0,113,66,3.7666666666666666,38,51,5,15,true,1375,24,67,66,46,1,2,0,0,2,2,98,70,23,5,london-link-063-a-departure,true,595,157.91014897579143,634.65,491.23333333333335,605.7171322160149,1410,1550.6166666666666,1086105.1937004896,869937.6092204817,55.525635332652314,1,0
profile,tfl-numbat-2019-midweek,night,8.571429,7,1,1,off,congestion,1,0,940GZZLUEUS,0,3900,3290,1800,1799,e91f11a6d7b085ac,210,210,0,0,136,74,4.533333333333333,48,57,5.866666666666666,17,true,1490,27,76,75,54,3,1,0,0,1,1,137,110,26,5,940GZZLUOVL-01-arrival,true,642,168.58722222222224,658.1833333333333,397.53333333333336,591.4915873015873,1254.4,1596.8,1199156.6925767818,1046221.1012277602,53.40556479562152,1,0
profile,tfl-numbat-2019-midweek,night,8.571429,7,1,2,off,congestion,1,0,940GZZLUEUS,0,3900,3010,1800,1799,2eea3e3fe02210bb,210,210,0,0,134,76,4.466666666666667,45,60,5.933333333333334,16,true,1210,30,82,81,63,2,2,0,0,1,2,160,126,31,6,940GZZLUWHP-diverge,true,275,163.5040476190476,518.65,469.1333333333333,600.8093650793651,1420.8,1507.3,1242826.6579941313,989718.3367565628,55.66860515314794,1,0
profile,tfl-numbat-2019-midweek,night,8.571429,7,1,3,off,congestion,1,0,940GZZLUEUS,0,3900,3227,1800,1799,cd9753e4db035a1b,210,210,0,0,140,70,4.666666666666667,44,61,6.4,9,true,1427,33,79,77,52,2,2,0,0,2,2,91,68,23,5,940GZZLUWHP-01-arrival,true,489,179.0704761904762,625.6,483.6333333333333,623.5411111111111,1396.3166666666666,1623.0166666666667,1264012.7082362294,1063695.309152466,54.3028893140233,1,0
profile,tfl-numbat-2019-midweek,night,7.5,7.966666666666667,1,1,off,congestion,1,0,940GZZLUEUS,0,3900,3272,1800,1792.5,ac698127e9c870b6,239,239,0,0,149,90,4.966666666666667,54,65,6.333333333333333,25,true,1472,31,90,90,65,2,1,0,0,2,1,253,173,75,5,940GZZLUOVL-01-arrival,true,480.5,179.8031380753138,575.8,402.65,607.1827057182705,1288.6833333333334,1547.5333333333333,1377662.2252782795,1153142.0930362241,54.435746584935174,1,0
profile,tfl-numbat-2019-midweek,night,7.5,7.966666666666667,1,2,off,congestion,1,0,940GZZLUEUS,0,3900,3136,1800,1792.5,363a18a5ce685250,239,239,0,0,147,92,4.9,51,68,6.4,24,true,1336,35,95,92,67,2,2,0,0,1,1,235,186,48,5,940GZZLUWHP-01-arrival,true,547.5,188.83612273361226,584.8333333333334,465.95,622.9253138075313,1400.9833333333333,1559.9333333333334,1402554.5935503389,1191710.902306474,54.06364906715588,1,0
profile,tfl-numbat-2019-midweek,night,7.5,7.966666666666667,1,3,off,congestion,1,0,940GZZLUEUS,0,3900,3166,1800,1792.5,d38bd377032d4c52,239,239,0,0,150,89,5,47,72,6.866666666666666,17,true,1366,43,91,89,58,2,2,0,0,2,2,221,166,54,5,940GZZLUOVL-01-arrival,true,377.5,207.61122733612274,649.4,523.3666666666667,650.18179916318,1451.4666666666667,1570.3,1430827.641833518,1273942.9310493232,52.900148211405984,1,0
profile,tfl-numbat-2019-midweek,night,6.666667,8.966666666666667,1,1,off,congestion,1,0,940GZZLUEUS,0,3900,3471,1800,1793.3333333333333,8ba338bafbc5514f,269,269,0,0,169,100,5.633333333333334,59,75,7.333333333333333,25,true,1671,40,105,102,70,3,1,0,0,2,1,415,324,89,5,940GZZLUOVL-01-arrival,true,746.6666666666666,203.81802973977696,879.8666666666667,450.2,631.773667905824,1343.7333333333333,1823.5166666666667,1552417.1218279782,1353217.1935968227,53.42782171819913,1,0
profile,tfl-numbat-2019-midweek,night,6.666667,8.966666666666667,1,2,off,congestion,1,0,940GZZLUEUS,0,3900,3039,1800,1793.3333333333333,c43a7f45f4cd834d,269,269,0,0,161,108,5.366666666666666,52,82,7.266666666666667,26,true,1239,45,108,106,75,4,2,0,0,2,2,530,338,190,6,london-link-022-a-arrival,true,523.6666666666666,221.19312267657995,801.8833333333333,499.78333333333336,656.4954770755886,1434.15,1604.0833333333333,1579558.0926418914,1360475.078569485,53.72585956202219,1,0
profile,tfl-numbat-2019-midweek,night,6.666667,8.966666666666667,1,3,off,congestion,1,0,940GZZLUEUS,0,3900,3622,1800,1793.3333333333333,c77ab3603993635e,269,269,0,0,166,103,5.533333333333333,52,82,7.6,21,true,1822,51,106,103,64,3,2,0,0,2,1,393,310,82,5,940GZZLUOVL-01-arrival,true,829.6666666666666,231.5880421313507,835.3833333333333,574.2833333333333,677.496282527881,1502.05,1834.5166666666667,1622355.1377324858,1452492.9981478576,52.76212242163296,1,0
profile,tfl-numbat-2019-midweek,night,6,9.966666666666667,1,1,off,congestion,1,0,940GZZLUEUS,0,3900,3416,1800,1794,436349ce9314f077,299,299,0,0,183,116,6.1,65,84,7.866666666666666,32,true,1616,53,118,114,70,3,1,0,0,2,1,330,266,61,6,940GZZLUOVL-01-departure,true,718,245.7913043478261,871.45,530.9,667.46254180602,1360.5833333333333,1876.2,1702397.494235814,1575350.5292359455,51.93802214340597,1,0
profile,tfl-numbat-2019-midweek,night,6,9.966666666666667,1,2,off,congestion,1,0,940GZZLUEUS,0,3900,3730,1800,1794,cf673c15ac76cbab,299,299,0,0,172,127,5.733333333333333,57,92,7.666666666666667,35,true,1930,51,129,114,82,4,2,0,1,2,2,518,355,155,7,london-link-048-a-departure,true,966,259.28104793756967,984.2,630.75,701.5387959866221,1487.7833333333333,1947.6833333333334,1785185.4758370963,1663680.5612394968,51.76151977623045,1,0
profile,tfl-numbat-2019-midweek,night,6,9.966666666666667,1,3,off,congestion,1,0,940GZZLUEUS,0,3900,3579,1800,1794,a1953c90166778c3,299,299,0,0,173,126,5.766666666666667,56,93,7.8,33,true,1779,68,128,114,69,3,2,0,0,2,1,373,286,81,6,london-link-075-a-arrival,true,1005,278.52369007803793,1004.7333333333333,687.4166666666666,717.3270903010033,1523.0333333333333,1850.8,1773290.4483163112,1675401.8648394316,51.419213060896496,1,0
profile,tfl-numbat-2019-midweek,night,5.4545449999999995,11,1,1,off,congestion,1,0,940GZZLUEUS,0,3900,3583,1800,1798.5,d042e9976f1d18e7,330,330,0,0,192,138,6.4,65,100,8.466666666666667,38,true,1783,81,138,114,74,4,2,0,0,1,2,494,370,121,6,london-link-022-b-departure,true,1090.5,314.82459595959597,1179.85,801.5833333333334,739.4140404040404,1409.5,1859.7833333333333,1889069.2769689413,1928276.4498611195,49.48646028290532,1,0
profile,tfl-numbat-2019-midweek,night,5.4545449999999995,11,1,2,off,congestion,1,0,940GZZLUEUS,0,3900,3789,1800,1798.5,50bea3e032ab06ac,330,330,0,0,176,154,5.866666666666666,60,105,7.733333333333333,49,true,1989,85,154,114,73,2,2,0,0,2,1,381,296,82,6,940GZZLUWHP-01-arrival,true,1137.5,361.1983333333334,1179.3833333333334,860.15,804.6842424242424,1595.8833333333334,2115.3,1981612.254034911,2054493.7151717218,49.09713147161078,1,0
profile,tfl-numbat-2019-midweek,night,5.4545449999999995,11,1,3,off,congestion,1,0,940GZZLUEUS,0,3900,3731,1800,1798.5,c4a341f4642e795c,330,330,0,0,183,147,6.1,58,107,8.333333333333334,40,true,1931,88,149,114,69,3,2,0,0,2,2,499,384,112,6,london-link-009-a-departure,true,1037.5,340.5730303030303,1102.1833333333334,797.2666666666667,788.0543434343434,1662.05,1969.7166666666667,1995563.3594290959,1956542.1872434358,50.49367573467913,1,0
profile,tfl-numbat-2019-midweek,night,5,11.966666666666667,1,1,off,congestion,1,0,940GZZLUEUS,0,3900,3900,1800,1795,2be3e529710e9875,359,358,1,0,195,164,6.5,68,111,8.466666666666667,53,false,0,110,165,114,79,3,2,0,1,2,1,708,519,186,6,940GZZLUOVL-01-arrival,true,1140,396.8571494893222,1245.5833333333333,920.2833333333333,823.022346368715,1516.65,2171.1666666666665,2078839.2185359183,2103571.0974423904,49.70433461762482,1,0
profile,tfl-numbat-2019-midweek,night,5,11.966666666666667,1,2,off,congestion,1,0,940GZZLUEUS,0,3900,3900,1800,1795,4211505d27680b8b,359,357,2,0,185,174,6.166666666666667,65,114,8,60,false,0,113,175,114,74,3,2,0,0,2,2,468,383,82,5,940GZZLUOVL-01-departure,true,1228,438.3465181058496,1308.8166666666666,1015.3333333333334,873.4791316526611,1690.8833333333334,2061.233333333333,2151239.8905594684,2203518.0739257117,49.3997578764125,1,0
profile,tfl-numbat-2019-midweek,night,5,11.966666666666667,1,3,off,congestion,1,0,940GZZLUEUS,0,3900,3900,1800,1795,e593d26bccbd6209,359,358,1,0,185,174,6.166666666666667,63,116,8.133333333333333,58,false,0,106,175,114,71,4,2,0,0,2,1,542,391,141,7,940GZZLUWHP-01-arrival,true,1228,418.2220984215413,1251.5333333333333,1009.0666666666667,861.9535847299815,1707.8166666666666,2096.55,2168989.932789251,2136810.9834791454,50.37366972992789,1,0
profile,tfl-numbat-2019-midweek,night,4.615385,13.033333333333333,1,1,off,congestion,1,0,940GZZLUEUS,0,3900,3900,1800,1798.6,86aba24f394e3624,391,387,4,0,197,194,6.566666666666666,72,123,8.333333333333334,71,false,0,144,195,114,70,3,2,0,0,2,1,712,519,192,7,london-link-098-a-arrival,true,1390.4,499.4874254049446,1408.3166666666666,1134.6166666666666,919.057622739018,1759.2666666666667,2324.45,2282586.698456909,2262638.917683577,50.219436640312146,1,0
profile,tfl-numbat-2019-midweek,night,4.615385,13.033333333333333,1,2,off,congestion,1,0,940GZZLUEUS,0,3900,3900,1800,1798.6,09112042b1d9f956,391,388,3,0,179,212,5.966666666666667,68,127,7.4,85,false,0,147,212,114,68,3,3,1,1,2,1,537,426,109,5,london-link-013-a-departure,true,1656.4,562.0518329070759,1665.4666666666667,1332.1666666666667,988.0851374570447,1817.1833333333334,2347,2301040.6204520063,2481576.7337216837,48.11258041465384,1,0
profile,tfl-numbat-2019-midweek,night,4.615385,13.033333333333333,1,3,off,congestion,1,0,940GZZLUEUS,0,3900,3900,1800,1798.6,de8c84346b576f9d,391,387,4,0,195,196,6.5,67,128,8.533333333333333,68,false,0,140,197,114,70,3,2,0,1,2,1,541,424,116,6,london-link-048-a-departure,true,1406.4,517.3191389599318,1443.9333333333334,1187.5333333333333,951.2795434969854,1855.65,2289.133333333333,2362444.374379561,2269488.1388966846,51.00342821507482,1,0
